Timestamp,Unique display name,League Selection,What is your goal this CM?,Consent,Select day,OPTIONAL - Operating system(s) most frequently used to play Umamusume: Pretty Derby?,OPTIONAL - Roughly how much have you spent on the game so far? (EUR/USD),OPTIONAL - Careers Completed on the Account,OPTIONAL - Weekly Independent Training Career Count,OPTIONAL - Weekly Manual Career Count,OPTIONAL - How did you find out about this survey?,"OPTIONAL - Star rating for filling this form (1=lowest, 5=highest)",OPTIONAL - Suggestions how to improve this form for future Champions Meeting data collection,Day 1 - Team Comp 1 - Uma 1 - Name,Day 1 - Team Comp 1 - Uma 1 - Running Style,Day 1 - Team Comp 1 - Uma 1 - Role,OPTIONAL - Day 1 - Team Comp 1 - Uma 1 - Cards Used to Build [Speed],OPTIONAL - Day 1 - Team Comp 1 - Uma 1 - Cards Used to Build [Stamina],OPTIONAL - Day 1 - Team Comp 1 - Uma 1 - Cards Used to Build [Power],OPTIONAL - Day 1 - Team Comp 1 - Uma 1 - Cards Used to Build [Guts],OPTIONAL - Day 1 - Team Comp 1 - Uma 1 - Cards Used to Build [Wit],OPTIONAL - Day 1 - Team Comp 1 - Uma 1 - Cards Used to Build [Pal],OPTIONAL - Day 1 - Team Comp 1 - Uma 1 - Cards Used to Build [Group],Day 1 - Team Comp 1 - Uma 2 - Name,Day 1 - Team Comp 1 - Uma 2 - Running Style,Day 1 - Team Comp 1 - Uma 2 - Role,OPTIONAL - Day 1 - Team Comp 1 - Uma 2 - Cards Used to Build [Speed],OPTIONAL - Day 1 - Team Comp 1 - Uma 2 - Cards Used to Build [Stamina],OPTIONAL - Day 1 - Team Comp 1 - Uma 2 - Cards Used to Build [Power],OPTIONAL - Day 1 - Team Comp 1 - Uma 2 - Cards Used to Build [Guts],OPTIONAL - Day 1 - Team Comp 1 - Uma 2 - Cards Used to Build [Wit],OPTIONAL - Day 1 - Team Comp 1 - Uma 2 - Cards Used to Build [Pal],OPTIONAL - Day 1 - Team Comp 1 - Uma 2 - Cards Used to Build [Group],Day 1 - Team Comp 1 - Uma 3 - Name,Day 1 - Team Comp 1 - Uma 3 - Running Style,Day 1 - Team Comp 1 - Uma 3 - Role,OPTIONAL - Day 1 - Team Comp 1 - Uma 3 - Cards Used to Build [Speed],OPTIONAL - Day 1 - Team Comp 1 - Uma 3 - Cards Used to Build [Stamina],OPTIONAL - Day 1 - Team Comp 1 - Uma 3 - Cards Used to Build [Power],OPTIONAL - Day 1 - Team Comp 1 - Uma 3 - Cards Used to Build [Guts],OPTIONAL - Day 1 - Team Comp 1 - Uma 3 - Cards Used to Build [Wit],OPTIONAL - Day 1 - Team Comp 1 - Uma 3 - Cards Used to Build [Pal],OPTIONAL - Day 1 - Team Comp 1 - Uma 3 - Cards Used to Build [Group],Day 1 - Team Comp 1 - Number of attempts/races,Day 1 - Team Comp 1 - Number of wins,"Go to Submit page, add 2nd Day 1 team, or fill in another day?",Day 1 - Team Comp 2 - Uma 1 - Name,Day 1 - Team Comp 2 - Uma 1 - Running Style,Day 1 - Team Comp 2 - Uma 1 - Role,Day 1 - Team Comp 2 - Uma 2 - Name,Day 1 - Team Comp 2 - Uma 2 - Running Style,Day 1 - Team Comp 2 - Uma 2 - Role,Day 1 - Team Comp 2 - Uma 3 - Name,Day 1 - Team Comp 2 - Uma 3 - Running Style,Day 1 - Team Comp 2 - Uma 3 - Role,Day 1 - Team Comp 2 - Number of attempts/races,Day 1 - Team Comp 2 - Number of wins,Day 1 - How many team comps total?,Go to Submit page or fill in another day?,Re-use a Team Comp from Day 1 as your Day 2 - Team Comp 1?,Day 2 - Team Comp 1 - Uma 1 - Name,Day 2 - Team Comp 1 - Uma 1 - Running Style,Day 2 - Team Comp 1 - Uma 1 - Role,Day 2 - Team Comp 1 - Uma 2 - Name,Day 2 - Team Comp 1 - Uma 2 - Running Style,Day 2 - Team Comp 1 - Uma 2 - Role,Day 2 - Team Comp 1 - Uma 3 - Name,Day 2 - Team Comp 1 - Uma 3 - Running Style,Day 2 - Team Comp 1 - Uma 3 - Role,Day 2 - Team Comp 1 - Number of attempts/races played,Day 2 - Team Comp 1 - Number of wins,"Go to Submit page, add 2nd Day 2 team, or fill in another day?",Re-use a Team Comp from Day 1 as your Day 2 - Team Comp 2?,Day 2 - Team Comp 2 - Uma 1 - Name,Day 2 - Team Comp 2 - Uma 1 - Running Style,Day 2 - Team Comp 2 - Uma 1 - Role,Day 2 - Team Comp 2 - Uma 2 - Name,Day 2 - Team Comp 2 - Uma 2 - Running Style,Day 2 - Team Comp 2 - Uma 2 - Role,Day 2 - Team Comp 2 - Uma 3 - Name,Day 2 - Team Comp 2 - Uma 3 - Running Style,Day 2 - Team Comp 2 - Uma 3 - Role,Day 2 - Team Comp 2 - Number of attempts/races,Day 2 - Team Comp 2 - Number of wins,Day 2 - How many team comps total?,Go to Submit page or fill in another day?,Re-use a Team Comp from Day 2 as your Day 3 - Team Comp 1?,A Group or B Group?,Day 3 - Team Comp 1 - Uma 1 - Name,Day 3 - Team Comp 1 - Uma 1 - Running Style,Day 3 - Team Comp 1 - Uma 1 - Role,Day 3 - Team Comp 1 - Uma 2 - Name,Day 3 - Team Comp 1 - Uma 2 - Running Style,Day 3 - Team Comp 1 - Uma 2 - Role,Day 3 - Team Comp 1 - Uma 3 - Name,Day 3 - Team Comp 1 - Uma 3 - Running Style,Day 3 - Team Comp 1 - Uma 3 - Role,Day 3 - Team Comp 1 - Number of attempts/races played,Day 3 - Team Comp 1 - Number of wins,"Go to Submit page, add 2nd Day 3 team, or fill in another day?",Re-use your Day 2 - Team Comp 2 as your Day 3 - Team Comp 2?,Day 3 - Team Comp 2 - Uma 1 - Name,Day 3 - Team Comp 2 - Uma 1 - Running Style,Day 3 - Team Comp 2 - Uma 1 - Role,Day 3 - Team Comp 2 - Uma 2 - Name,Day 3 - Team Comp 2 - Uma 2 - Running Style,Day 3 - Team Comp 2 - Uma 2 - Role,Day 3 - Team Comp 2 - Uma 3 - Name,Day 3 - Team Comp 2 - Uma 3 - Running Style,Day 3 - Team Comp 2 - Uma 3 - Role,Day 3 - Team Comp 2 - No. of attempts/races played,Day 3 - Team Comp 2 - Number of wins,Day 3 - How many team comps total?,Go to Submit page or fill in another day?,Re-use a Team Comp from Day 3 as your Day 4 - Team Comp 1?,A Group or B Group?,Day 4 - Team Comp 1 - Uma 1 - Name,Day 4 - Team Comp 1 - Uma 1 - Running Style,Day 4 - Team Comp 1 - Uma 1 - Role,Day 4 - Team Comp 1 - Uma 2 - Name,Day 4 - Team Comp 1 - Uma 2 - Running Style,Day 4 - Team Comp 1 - Uma 2 - Role,Day 4 - Team Comp 1 - Uma 3 - Name,Day 4 - Team Comp 1 - Uma 3 - Running Style,Day 4 - Team Comp 1 - Uma 3 - Role,Day 4 - Team Comp 1 - Number of attempts/races played,Day 4 - Team Comp 1 - Number of wins,"Go to Submit page, add 2nd Day 4 team, or fill in another day?",Re-use your Day 3 - Team Comp 2 as your Day 4 - Team Comp 2?,Day 4 - Team Comp 2 - Uma 1 - Name,Day 4 - Team Comp 2 - Uma 1 - Running Style,Day 4 - Team Comp 2 - Uma 1 - Role,Day 4 - Team Comp 2 - Uma 2 - Name,Day 4 - Team Comp 2 - Uma 2 - Running Style,Day 4 - Team Comp 2 - Uma 2 - Role,Day 4 - Team Comp 2 - Uma 3 - Name,Day 4 - Team Comp 2 - Uma 3 - Running Style,Day 4 - Team Comp 2 - Uma 3 - Role,Day 4 - Team Comp 2 - No. of attempts/races played,Day 4 - Team Comp 2 - Number of wins,Day 4 - How many team comps total?,Go to Submit page or fill in another day?,A or B Finals?,OPTIONAL - Lobby Denominator,Re-use a Team Comp from Day 4 as your Finals Team Comp?,Finals - Team Comp - Uma 1 - Name,Finals - Team Comp - Uma 1 - Running Style,Finals - Team Comp - Uma 1 - Role,Finals - Team Comp - Uma 2 - Name,Finals - Team Comp - Uma 2 - Running Style,Finals - Team Comp - Uma 2 - Role,Finals - Team Comp - Uma 3 - Name,Finals - Team Comp - Uma 3 - Running Style,Finals - Team Comp - Uma 3 - Role,Finals - Results List - Upload Screenshot,Finals result?,Would like to submit opponent winner uma screenshots?,Optional - Finals - Opponent Winner - Screenshot - Stat Screen (First Image),Optional - Finals - Opponent Winner - Screenshot - Stat Screen (Second Image),Optional - Finals - Opponent Winner - Screenshot - Stat Screen (Third Image),Optional - Finals - Opponent Winner - Blue Sparks Total [Speed],Optional - Finals - Opponent Winner - Blue Sparks Total [Stamina],Optional - Finals - Opponent Winner - Blue Sparks Total [Power],Optional - Finals - Opponent Winner - Blue Sparks Total [Guts],Optional - Finals - Opponent Winner - Blue Sparks Total [Wit],Optional - Finals - Opponent Winner - Screenshot - Deck,"Is the own winner uma an ""oshi"" uma?",Finals - Own Winner - Oshi Award Quote (in case you end up winning one),Optional - Finals - Own Winner - Screenshot - Stat Screen (First Image),Optional - Finals - Own Winner - Screenshot - Stat Screen (Second Image),Optional - Finals - Own Winner - Screenshot - Stat Screen (Third Image),Optional - Finals - Own Winner - Blue Sparks Total [Speed],Optional - Finals - Own Winner - Blue Sparks Total [Stamina],Optional - Finals - Own Winner - Blue Sparks Total [Power],Optional - Finals - Own Winner - Blue Sparks Total [Guts],Optional - Finals - Own Winner - Blue Sparks Total [Wit],Optional - Finals - Own Winner - Screenshot - Deck
9/25/2026 16:25:42,Clister,Graded (No Uma Restrictions),Get into B finals,I accept these terms,Finals,iOS - phone or tablet,$101-500,1500,31-45 (roughly 5-6 per day),0-5 (less than 1 per day),Discord - MooMooCord - https://discord.gg/Hc7cP9GB,5,,Gold Ship,End Closer,Ace built for this CM before CM start in Grand Concert scenario,3,1,0,0,1,1,0,Eishin Flash (Valentine),End Closer,Debuffer,,,,,,,,Agnes Tachyon,End Closer,Debuffer,,,,,,,,4 Attempts - 20 Races total,10,Day 2,,,,,,,,,,,,,,Re-use Day 1 - Team Comp 1 as Day 2 - Team Comp 1,,,,,,,,,,4 Attempts - 20 Races total,10,Go to Submit page,,,,,,,,,,,,,,,Re-use Day 2 - Team Comp 1 as Day 3 - Team Comp 1,A Group,,,,,,,,,,4 Attempts - 20 Races total,4,Day 4,,,,,,,,,,,,,,,Re-use Day 3 - Team Comp 1 as Day 4 - Team Comp 1,A Group,,,,,,,,,,4 Attempts - 20 Races total,8,Go to Submit page,,,,,,,,,,,,,,,A Finals,7045,Re-use Day 4 - Team Comp 1 as Finals Team Comp,,,,,,,,,,https://drive.google.com/open?id=1xdHK9H5gF-xFOo5l4IB3RxILYgzcD2L1,1st,,,,,,,,,,,Yes,Goldshi locked in!,https://drive.google.com/open?id=1vF8Gnr2WbFccaG72H5NCs26fy0MPadV6,https://drive.google.com/open?id=15raVQyVt49BWbB2QmhXvSEgRP4ZtN2Kw,,,,,,,https://drive.google.com/open?id=1LpFmX2kKLuR1VE-VLhr-HEGq2YDMJftR
9/25/2026 5:49:30,Eyefizz13,Graded (No Uma Restrictions),Win A finals,I accept these terms,Finals,Windows,$1001-5000,,46+ (more than 6 per day),0-5 (less than 1 per day),Discord - MooMooCord - https://discord.com/invite/moomoocows,,,Rice Shower (Halloween),Pace Chaser,Ace built for this CM before CM start in Grand Concert scenario,3,0,0,0,2,1,0,Silence Suzuka,Runaway,Blocker/Overtake target/Throwaway/Niche role,1,1,2,0,1,1,0,Mayano Top Gun (Wedding),End Closer,Debuffer,0,1,1,1,3,0,0,4 Attempts - 20 Races total,17,Go to Submit page,,,,,,,,,,,,,,Re-use Day 1 - Team Comp 1 as Day 2 - Team Comp 1,,,,,,,,,,4 Attempts - 20 Races total,15,Go to Submit page,,,,,,,,,,,,,,,Re-use Day 2 - Team Comp 1 as Day 3 - Team Comp 1,A Group,,,,,,,,,,4 Attempts - 20 Races total,14,Go to Submit page,,,,,,,,,,,,,,,Re-use Day 3 - Team Comp 1 as Day 4 - Team Comp 1,A Group,,,,,,,,,,4 Attempts - 20 Races total,10,Go to Submit page,,,,,,,,,,,,,,,A Finals,12486,Re-use Day 4 - Team Comp 1 as Finals Team Comp,,,,,,,,,,https://drive.google.com/open?id=1yV-MqVRHMqDSKQP2O7TabViBgxiVS4P1,1st,,,,,,,,,,,Yes,That's my clothes mane. That's gross mane,https://drive.google.com/open?id=1K-sU2eZzihzm-tki5Q3M1HP_S02mZBav,https://drive.google.com/open?id=1M4j0OwdQSUgBsbt4AK9d3ryeH0coIlIz,,0,14,0,0,0,https://drive.google.com/open?id=1RqD00KQJZVs5mRtiimoFauzhwZGcAvXs
9/25/2026 5:08:24,Mattipus,Graded (No Uma Restrictions),Get into A finals,I accept these terms,Finals,Android - phone or tablet,$1001-5000,2308,6-10 (roughly 1 per day),21-30 (roughly 3-4 per day),"Discord - MooMooCord - https://discord.com/invite/moomoocows, Twitch - MooMooCows - https://www.twitch.tv/moomoomoocows, YouTube - MooMooCows - https://www.youtube.com/@MooMooCows",4,,Fine Motion,Pace Chaser,Ace built for this CM before CM start in Grand Concert scenario,3,1,,,1,1,,Rice Shower,Pace Chaser,Ace built for this CM before CM start in Grand Concert scenario,3,1,,,1,1,,Yukino Bijin,Pace Chaser,Ace built for this CM before CM start in Grand Concert scenario,2,1,,,2,1,,4 Attempts - 20 Races total,15,Go to Submit page,,,,,,,,,,,,,,Re-use Day 1 - Team Comp 1 as Day 2 - Team Comp 1,,,,,,,,,,4 Attempts - 20 Races total,13,Go to Submit page,,,,,,,,,,,,,,,Re-use Day 2 - Team Comp 1 as Day 3 - Team Comp 1,A Group,,,,,,,,,,4 Attempts - 20 Races total,10,Go to Submit page,,,,,,,,,,,,,,,Re-use Day 3 - Team Comp 1 as Day 4 - Team Comp 1,A Group,,,,,,,,,,4 Attempts - 20 Races total,11,Go to Submit page,,,,,,,,,,,,,,,A Finals,13516,Re-use Day 4 - Team Comp 1 as Finals Team Comp,,,,,,,,,,https://drive.google.com/open?id=1QKHjc5-e8abTBB2jJvBV563NKpSZoxzg,3rd,No (goes to Submit page),,,,,,,,,,,,,,,,,,,,
9/25/2026 20:35:11,veee,Graded (No Uma Restrictions),Win A finals,I accept these terms,Finals,Windows,$501-1000,1337,21-30 (roughly 3-4 per day),21-30 (roughly 3-4 per day),Discord - MooMooCord - https://discord.com/invite/moomoocows,5, idk 👍,Yukino Bijin,Pace Chaser,Ace built for this CM before CM start in Grand Concert scenario,3,1,,,1,1,,Seiun Sky,Front Runner,Ace built for this CM before CM start in Grand Concert scenario,3,1,,,1,1,,Agnes Tachyon,End Closer,Debuffer,,,,,,,,4 Attempts - 20 Races total,15,Go to Submit page,,,,,,,,,,,,,,Re-use Day 1 - Team Comp 1 as Day 2 - Team Comp 1,,,,,,,,,,4 Attempts - 20 Races total,14,Go to Submit page,,,,,,,,,,,,,,,Re-use Day 2 - Team Comp 1 as Day 3 - Team Comp 1,A Group,,,,,,,,,,4 Attempts - 20 Races total,13,Go to Submit page,,,,,,,,,,,,,,,Re-use Day 3 - Team Comp 1 as Day 4 - Team Comp 1,A Group,,,,,,,,,,4 Attempts - 20 Races total,15,Go to Submit page,,,,,,,,,,,,,,,A Finals,10937,Re-use Day 4 - Team Comp 1 as Finals Team Comp,,,,,,,,,,https://drive.google.com/open?id=1pYTmkVKQgSmBat2oCTKLjRUnWT5QpvHG,1st,,,,,,,,,,,Yes,She gave it everyth'n she's got and shut out 2 xoguris by 6L to bring home the gold. Glory to Morioka!,https://drive.google.com/open?id=1HRN0PILXsZ2Yg0xRi9U8qaxwjmXB_XKI,,,,,,,,https://drive.google.com/open?id=1vYtzQIgdfh2lMbwuvoigKZIGr5V3I5iN
9/25/2026 7:02:40,Kukubara,Graded (No Uma Restrictions),Win A finals,I accept these terms,Finals,Windows,$501-1000,3920,46+ (more than 6 per day),31-45 (roughly 5-6 per day),"Discord - MooMooCord - https://discord.com/invite/moomoocows, Twitch - MooMooCows - https://www.twitch.tv/moomoomoocows",5,,Super Creek,Pace Chaser,Ace built for this CM before CM start in Grand Concert scenario,3,0,0,0,2,1,0,Grass Wonder,Late Surger,Ace built for this CM before CM start in Grand Concert scenario,2,1,0,0,2,1,0,Agnes Tachyon,End Closer,Debuffer,1,0,1,,3,1,0,4 Attempts - 20 Races total,16,Go to Submit page,,,,,,,,,,,,,,Re-use Day 1 - Team Comp 1 as Day 2 - Team Comp 1,,,,,,,,,,4 Attempts - 20 Races total,14,Go to Submit page,,,,,,,,,,,,,,,Re-use Day 2 - Team Comp 1 as Day 3 - Team Comp 1,A Group,,,,,,,,,,4 Attempts - 20 Races total,13,Go to Submit page,,,,,,,,,,,,,,,Re-use Day 3 - Team Comp 1 as Day 4 - Team Comp 1,A Group,,,,,,,,,,4 Attempts - 20 Races total,16,Go to Submit page,,,,,,,,,,,,,,,A Finals,13950,Re-use Day 4 - Team Comp 1 as Finals Team Comp,,,,,,,,,,https://drive.google.com/open?id=17vy4MIY8e1IVL4MhwteIIzOx7KDhlAsV,1st,,,,,,,,,,,No,,https://drive.google.com/open?id=15Egd-kb2Va7cLaVG1w5Yrbm0nW-biTLV,https://drive.google.com/open?id=1aCkecwXAnYuwfZhesARztn9nMW7ebU9y,,0,7,4,0,0,https://drive.google.com/open?id=1PkVgQon8eeiix2hGF8DP5j35vYokYwxH
9/25/2026 5:28:18,CesarioOshi2028,Graded (No Uma Restrictions),Collect participation rewards,I accept these terms,Go to Submit page,"Android - phone or tablet, Windows",$0,1700,31-45 (roughly 5-6 per day),0-5 (less than 1 per day),,,,Ines Fujin,Front Runner,Ace built for this CM before CM start in Grand Concert scenario,2,1,,,2,1,,Seiun Sky,Front Runner,Ace built for this CM before CM start in Grand Concert scenario,2,1,,,2,1,,Oguri Cap (Christmas),Pace Chaser,Ace built for this CM before CM start in Grand Concert scenario,3,,,,2,1,,4 Attempts - 20 Races total,10,Go to Submit page,,,,,,,,,,,,,,Re-use Day 1 - Team Comp 1 as Day 2 - Team Comp 1,,,,,,,,,,4 Attempts - 20 Races total,10,Go to Submit page,,,,,,,,,,,,,,,Re-use Day 2 - Team Comp 1 as Day 3 - Team Comp 1,B Group,,,,,,,,,,4 Attempts - 20 Races total,5,Go to Submit page,,,,,,,,,,,,,,,Re-use Day 3 - Team Comp 1 as Day 4 - Team Comp 1,A Group,,,,,,,,,,4 Attempts - 20 Races total,11,Go to Submit page,,,,,,,,,,,,,,,A Finals,8684,Re-use Day 4 - Team Comp 1 as Finals Team Comp,,,,,,,,,,https://drive.google.com/open?id=1cUKD_9NmtkpP9piNO54fbeufGzF07pUN,1st,,,,,,,,,,,No,,https://drive.google.com/open?id=1vsIXVGtG2-sM75iMGvurx7cIp_0A16cK,https://drive.google.com/open?id=1av8blyoSsU1M6bH9eRPKon-AR5K29Jwd,,3,,,,2,
9/25/2026 10:01:36,Ari Mochizuki,Graded (No Uma Restrictions),Win A finals,I accept these terms,Finals,"Android - phone or tablet, Windows",$1-100,1069,21-30 (roughly 3-4 per day),11-20 (roughly 2-3 per day),Discord - MooMooCord - https://discord.com/invite/moomoocows,5,,Daiwa Scarlet,Pace Chaser,Ace built for this CM before CM start in Grand Concert scenario,3,,,,2,1,,Agnes Tachyon,Late Surger,Debuffer,1,1,,1,2,1,,Grass Wonder,Late Surger,Debuffer,1,1,0,1,2,1,,4 Attempts - 20 Races total,14,Go to Submit page,,,,,,,,,,,,,,Re-use Day 1 - Team Comp 1 as Day 2 - Team Comp 1,,,,,,,,,,4 Attempts - 20 Races total,15,Go to Submit page,,,,,,,,,,,,,,,Re-use Day 2 - Team Comp 1 as Day 3 - Team Comp 1,A Group,,,,,,,,,,4 Attempts - 20 Races total,9,Go to Submit page,,,,,,,,,,,,,,,Re-use Day 3 - Team Comp 1 as Day 4 - Team Comp 1,A Group,,,,,,,,,,4 Attempts - 20 Races total,10,Go to Submit page,,,,,,,,,,,,,,,A Finals,11114,Re-use Day 4 - Team Comp 1 as Finals Team Comp,,,,,,,,,,https://drive.google.com/open?id=1ymMbd6h57VfcZNYC9y1Ea35wDFLOrwXI,1st,,,,,,,,,,,Yes,XOguri got nothing on Number 1,https://drive.google.com/open?id=16ex25tiTKfCxU9KJACG3YbfhxRWkqfwL,https://drive.google.com/open?id=1Al6Efda6SZ5i_46GEVO73raNfpJRg0HT,,,13,,,2,https://drive.google.com/open?id=1RqcLA4E5n-UGT_y1YPQLBARTvsPHWmq6
9/25/2026 5:07:34,Shen,Graded (No Uma Restrictions),Get into A finals,I accept these terms,Finals,Android - phone or tablet,$101-500,,31-45 (roughly 5-6 per day),11-20 (roughly 2-3 per day),"Discord - MooMooCord - https://discord.com/invite/moomoocows, Twitch - MooMooCows - https://www.twitch.tv/moomoomoocows, YouTube - MooMooCows - https://www.youtube.com/@MooMooCows",5,,Grass Wonder,Late Surger,Ace built for this CM before CM start in Grand Concert scenario,3,1,,,1,1,,Tosen Jordan,Late Surger,Ace built for this CM before CM start in Grand Concert scenario,3,1,,,1,1,,Taiki Shuttle (Camping),Pace Chaser,Ace built for this CM before CM start in Grand Concert scenario,3,,,,2,1,,4 Attempts - 20 Races total,13,Go to Submit page,,,,,,,,,,,,,,Re-use Day 1 - Team Comp 1 as Day 2 - Team Comp 1,,,,,,,,,,4 Attempts - 20 Races total,16,Go to Submit page,,,,,,,,,,,,,,,Re-use Day 2 - Team Comp 1 as Day 3 - Team Comp 1,A Group,,,,,,,,,,4 Attempts - 20 Races total,12,Go to Submit page,,,,,,,,,,,,,,,Re-use Day 3 - Team Comp 1 as Day 4 - Team Comp 1,A Group,,,,,,,,,,4 Attempts - 20 Races total,9,Go to Submit page,,,,,,,,,,,,,,,A Finals,8829,Re-use Day 4 - Team Comp 1 as Finals Team Comp,,,,,,,,,,https://drive.google.com/open?id=1jqJzBpxMs8FRXxPS5iaqHmSgVO12vk3N,3rd,No (goes to Submit page),,,,,,,,,,,,,,,,,,,,
9/25/2026 5:27:22,Senk0,Graded (No Uma Restrictions),Get into A finals,I accept these terms,Finals,Windows,$501-1000,1481,11-20 (roughly 2-3 per day),6-10 (roughly 1 per day),,,,Mejiro Dober (Camping),Late Surger,Ace built for this CM before CM start in Grand Concert scenario,2,1,0,0,2,1,0,Nice Nature (Cheerleader),Late Surger,Ace built for this CM before CM start in Grand Concert scenario,3,0,0,0,2,1,0,Nakayama Festa,Late Surger,Ace built for this CM before CM start in Grand Concert scenario,3,0,0,0,2,1,0,2 Attempts - 10 Races total,5,Day 1 - Add 2nd Team,Mejiro Dober (Camping),Late Surger,Ace built for this CM before CM start in Grand Concert scenario,Satono Diamond,Late Surger,5v5 Draft Uma,Nakayama Festa,Late Surger,Ace built for this CM before CM start in Grand Concert scenario,2 Attempts - 10 Races total,5,2 teams,Go to Submit page,Re-use Day 1 - Team Comp 2 as Day 2 - Team Comp 1,,,,,,,,,,4 Attempts - 20 Races total,14,Go to Submit page,,,,,,,,,,,,,,,Re-use Day 2 - Team Comp 1 as Day 3 - Team Comp 1,A Group,,,,,,,,,,4 Attempts - 20 Races total,8,Go to Submit page,,,,,,,,,,,,,,,Re-use Day 3 - Team Comp 1 as Day 4 - Team Comp 1,A Group,,,,,,,,,,4 Attempts - 20 Races total,5,Go to Submit page,,,,,,,,,,,,,,,A Finals,9618,Re-use Day 4 - Team Comp 1 as Finals Team Comp,,,,,,,,,,https://drive.google.com/open?id=1Qy2Q62YukKPJ7VIrMDKRccsSl6wjj6sk,2nd,No (goes to Submit page),,,,,,,,,,,,,,,,,,,,
9/25/2026 5:19:24,TheToad,Graded (No Uma Restrictions),Win A finals,I accept these terms,Finals,Windows,$1-100,1663,11-20 (roughly 2-3 per day),11-20 (roughly 2-3 per day),Discord - MooMooCord - https://discord.com/invite/moomoocows,5,,Oguri Cap (Christmas),End Closer,Ace built for this CM before CM start in Grand Concert scenario,2,0,0,0,3,1,0,Grass Wonder,End Closer,Debuffer,1,1,0,0,3,1,0,Nice Nature (Cheerleader),End Closer,Debuffer,1,1,0,0,3,1,0,4 Attempts - 20 Races total,19,Go to Submit page,,,,,,,,,,,,,,Re-use Day 1 - Team Comp 1 as Day 2 - Team Comp 1,,,,,,,,,,4 Attempts - 20 Races total,12,Go to Submit page,,,,,,,,,,,,,,,Re-use Day 2 - Team Comp 1 as Day 3 - Team Comp 1,A Group,,,,,,,,,,4 Attempts - 20 Races total,16,Go to Submit page,,,,,,,,,,,,,,,Re-use Day 3 - Team Comp 1 as Day 4 - Team Comp 1,A Group,,,,,,,,,,4 Attempts - 20 Races total,13,Go to Submit page,,,,,,,,,,,,,,,A Finals,12209,Re-use Day 4 - Team Comp 1 as Finals Team Comp,,,,,,,,,,https://drive.google.com/open?id=16cg9UYmEYjbVk5Tz7j2MGMzdr54zz6RU,1st,,,,,,,,,,,No,,https://drive.google.com/open?id=17nc7tPb__gV_QqRVb6GPpq24S85Scm4g,https://drive.google.com/open?id=1ZLBALWmtgdqvBgJbndOAiQjpKHs341Pn,,0,11,3,0,2,https://drive.google.com/open?id=1Pub8lDYPj8fZMxZ8AuPis3nYu_kib0Mw
9/25/2026 11:39:38,Soff,Graded (No Uma Restrictions),Get into A finals,I accept these terms,Finals,Windows,$0,1428,11-20 (roughly 2-3 per day),21-30 (roughly 3-4 per day),Rather not say,,,Narita Taishin,End Closer,Ace built for this CM before CM start in Grand Concert scenario,3,,,,2,1,,Fuji Kiseki,Pace Chaser,Ace built for this CM before CM start in Grand Concert scenario,3,,,,2,1,,Gold Ship,End Closer,Ace built for this CM before CM start in Grand Concert scenario,3,,,,2,1,,4 Attempts - 20 Races total,12,Go to Submit page,,,,,,,,,,,,,,Re-use Day 1 - Team Comp 1 as Day 2 - Team Comp 1,,,,,,,,,,4 Attempts - 20 Races total,11,Go to Submit page,,,,,,,,,,,,,,,Re-use Day 2 - Team Comp 1 as Day 3 - Team Comp 1,A Group,,,,,,,,,,4 Attempts - 20 Races total,11,Go to Submit page,,,,,,,,,,,,,,,Re-use Day 3 - Team Comp 1 as Day 4 - Team Comp 1,A Group,,,,,,,,,,4 Attempts - 20 Races total,6,Go to Submit page,,,,,,,,,,,,,,,A Finals,9227,Re-use Day 4 - Team Comp 1 as Finals Team Comp,,,,,,,,,,,2nd,No (goes to Submit page),,,,,,,,,,,,,,,,,,,,
9/25/2026 5:46:12,Derren,Graded (No Uma Restrictions),Collect participation rewards,I accept these terms,Day 4,,$1001-5000,2719,46+ (more than 6 per day),0-5 (less than 1 per day),YouTube - MooMooCows - https://www.youtube.com/@MooMooCows,,,Sweep Tosho,End Closer,Ace built for this CM before CM start in Grand Concert scenario,2,0,0,0,3,1,0,Nice Nature (Cheerleader),Front Runner,Debuffer,1,0,1,0,3,1,0,Grass Wonder,Front Runner,Debuffer,1,0,0,0,4,1,0,4 Attempts - 20 Races total,14,Go to Submit page,,,,,,,,,,,,,,Re-use Day 1 - Team Comp 1 as Day 2 - Team Comp 1,,,,,,,,,,4 Attempts - 20 Races total,12,Go to Submit page,,,,,,,,,,,,,,,Re-use Day 2 - Team Comp 1 as Day 3 - Team Comp 1,A Group,,,,,,,,,,4 Attempts - 20 Races total,10,Go to Submit page,,,,,,,,,,,,,,,Re-use Day 3 - Team Comp 1 as Day 4 - Team Comp 1,A Group,,,,,,,,,,4 Attempts - 20 Races total,8,Finals,,,,,,,,,,,,,,,A Finals,8930,Re-use Day 4 - Team Comp 1 as Finals Team Comp,,,,,,,,,,https://drive.google.com/open?id=1Mj1UjRCC3ceE2uEvhh46WArf0ivuhIrf,1st,,,,,,,,,,,Yes,White Demon Slayer,https://drive.google.com/open?id=1l7rQ4C6GxJOuPxdCBVw2vV9vsDsXJ8vR,https://drive.google.com/open?id=1VJKAPsFIDsBlKeDHmhUfOg3H8NYMOBiv,,0,12,8,0,0,https://drive.google.com/open?id=15PsIHR2zjG8zpiQ4M4hp9qvUdtgljVxZ
9/25/2026 5:26:53,LePetouche,Graded (No Uma Restrictions),Win A finals,I accept these terms,Finals,Windows,Rather not say,2400,46+ (more than 6 per day),11-20 (roughly 2-3 per day),Discord - MooMooCord - https://discord.com/invite/moomoocows,,,Tokai Teio (Anime Collab),Pace Chaser,Ace built for this CM before CM start in Grand Concert scenario,,,,,,,,Eishin Flash (Valentine),Late Surger,Ace built for this CM before CM start in Grand Concert scenario,,,,,,,,Rice Shower,Pace Chaser,Ace built for this CM before CM start in Grand Concert scenario,,,,,,,,4 Attempts - 20 Races total,13,Go to Submit page,,,,,,,,,,,,,,Re-use Day 1 - Team Comp 1 as Day 2 - Team Comp 1,,,,,,,,,,4 Attempts - 20 Races total,15,Go to Submit page,,,,,,,,,,,,,,,Re-use Day 2 - Team Comp 1 as Day 3 - Team Comp 1,A Group,,,,,,,,,,4 Attempts - 20 Races total,7,Go to Submit page,,,,,,,,,,,,,,,Re-use Day 3 - Team Comp 1 as Day 4 - Team Comp 1,A Group,,,,,,,,,,4 Attempts - 20 Races total,10,Go to Submit page,,,,,,,,,,,,,,,A Finals,12126,Re-use Day 4 - Team Comp 1 as Finals Team Comp,,,,,,,,,,https://drive.google.com/open?id=1F6dXpUK3aUaRXQl2-l8uqKUWdN2SlRNI,1st,,,,,,,,,,,No,,https://drive.google.com/open?id=1CjKki_0z2of--rvrzjoQSSadPhOguV27,https://drive.google.com/open?id=1EAl5qcTtYxjCmHoTSrkdxEgx6mypBGEL,,,,,,,https://drive.google.com/open?id=1qb-CVpyahUDnnOmSsHGVV6EETus3KwT1
9/25/2026 9:51:53,NelsG,Graded (No Uma Restrictions),Win A finals,I accept these terms,Finals,Windows,$0,1910,31-45 (roughly 5-6 per day),0-5 (less than 1 per day),,,credits stuck in up to cm17 smh smh,Tamamo Cross (Festival),Pace Chaser,Ace built for this CM before CM start in Grand Concert scenario,3,0,0,,2,0,0,Nice Nature,End Closer,Debuffer,,,,,,,,Super Creek (Halloween),End Closer,Debuffer,,,,,,,,4 Attempts - 20 Races total,17,Go to Submit page,,,,,,,,,,,,,,Re-use Day 1 - Team Comp 1 as Day 2 - Team Comp 1,,,,,,,,,,4 Attempts - 20 Races total,19,Go to Submit page,,,,,,,,,,,,,,,Re-use Day 2 - Team Comp 1 as Day 3 - Team Comp 1,A Group,,,,,,,,,,4 Attempts - 20 Races total,13,Go to Submit page,,,,,,,,,,,,,,,Re-use Day 3 - Team Comp 1 as Day 4 - Team Comp 1,A Group,,,,,,,,,,4 Attempts - 20 Races total,19,Go to Submit page,,,,,,,,,,,,,,,A Finals,14310,Re-use Day 4 - Team Comp 1 as Finals Team Comp,,,,,,,,,,https://drive.google.com/open?id=1fbs_Y_CK2FidfPEQqpXAfFrYPI4Wa_qr,1st,,,,,,,,,,,Yes,surely she isn't top 5 most popular. surely,https://drive.google.com/open?id=1wo9NcrOh3vriNQMbwKlKqx8y1qbhtiK1,https://drive.google.com/open?id=1tehEnWRI9pZgUWeVLvoSJYkWZOnYOW9v,,0,14,3,0,0,https://drive.google.com/open?id=1kn1ceFEFhYnCB9wy2Oj_2ZWfX-EBfC1G
9/25/2026 5:03:40,JoSE_205,Graded (No Uma Restrictions),Collect participation rewards,I accept these terms,Finals,"Android - phone or tablet, Windows",$501-1000,1655,21-30 (roughly 3-4 per day),6-10 (roughly 1 per day),Discord - MooMooCord - https://discord.com/invite/moomoocows,5,,Vodka,Late Surger,Ace built for this CM before CM start in Grand Concert scenario,2,1,0,0,2,1,0,Maruzensky (Summer),Front Runner,Ace built for this CM before CM start in Grand Concert scenario,2,1,0,0,2,1,0,Fine Motion,Pace Chaser,Ace built for this CM before CM start in Grand Concert scenario,2,1,0,0,2,1,0,4 Attempts - 20 Races total,13,Go to Submit page,,,,,,,,,,,,,,Re-use Day 1 - Team Comp 1 as Day 2 - Team Comp 1,,,,,,,,,,4 Attempts - 20 Races total,11,Go to Submit page,,,,,,,,,,,,,,,Re-use Day 2 - Team Comp 1 as Day 3 - Team Comp 1,A Group,,,,,,,,,,4 Attempts - 20 Races total,6,Go to Submit page,,,,,,,,,,,,,,,Re-use Day 3 - Team Comp 1 as Day 4 - Team Comp 1,A Group,,,,,,,,,,4 Attempts - 20 Races total,5,Go to Submit page,,,,,,,,,,,,,,,B Finals,4907,Re-use Day 4 - Team Comp 1 as Finals Team Comp,,,,,,,,,,,1st,,,,,,,,,,,No,,,,,,,,,,
9/25/2026 6:03:12,Eggy,Graded (No Uma Restrictions),Win A finals,I accept these terms,Finals,"iOS - phone or tablet, Windows",$101-500,904,31-45 (roughly 5-6 per day),11-20 (roughly 2-3 per day),"Discord - MooMooCord - https://discord.com/invite/moomoocows, Twitch - MooMooCows - https://www.twitch.tv/moomoomoocows, YouTube - MooMooCows - https://www.youtube.com/@MooMooCows",,,Meisho Doto (Halloween),Pace Chaser,Ace built for this CM before CM start in Grand Concert scenario,3,0,0,0,2,1,0,Nice Nature,Late Surger,Debuffer,,,,,,,,Super Creek (Halloween),Late Surger,Debuffer,,,,,,,,4 Attempts - 20 Races total,16,Go to Submit page,,,,,,,,,,,,,,Add new Team Comp as Day 2 - Team Comp 1,Meisho Doto (Halloween),Pace Chaser,Ace built for this CM before CM start in Grand Concert scenario,Grass Wonder,Late Surger,Debuffer,Eishin Flash (Valentine),Late Surger,Debuffer,4 Attempts - 20 Races total,17,Go to Submit page,,,,,,,,,,,,,,,Re-use Day 2 - Team Comp 1 as Day 3 - Team Comp 1,A Group,,,,,,,,,,4 Attempts - 20 Races total,13,Go to Submit page,,,,,,,,,,,,,,,Re-use Day 3 - Team Comp 1 as Day 4 - Team Comp 1,A Group,,,,,,,,,,4 Attempts - 20 Races total,11,Go to Submit page,,,,,,,,,,,,,,,A Finals,12420,Re-use Day 4 - Team Comp 1 as Finals Team Comp,,,,,,,,,,https://drive.google.com/open?id=1iKMx2K9_1MChPFKdYQqbLWHdPGUBC582,1st,,,,,,,,,,,Yes,Christmas brought the champion. Halloween steamrolled her anyway :3 ,https://drive.google.com/open?id=15bBQwnP9KTH-io4FJ7fdPXnDSLEju-3o,https://drive.google.com/open?id=1RloySkpadppN7m5VQOc0md37tVkomJh-,,0,14,3,0,0,https://drive.google.com/open?id=1XHUZGNMF8dikgFWR9cGP46a4ALV50xEw
9/25/2026 5:37:49,Robzerino,Graded (No Uma Restrictions),Win A finals,I accept these terms,Finals,iOS - phone or tablet,$1-100,1477,21-30 (roughly 3-4 per day),11-20 (roughly 2-3 per day),Discord - MooMooCord - https://discord.com/invite/moomoocows,5,,Oguri Cap (Christmas),End Closer,Ace built for this CM before CM start in Grand Concert scenario,3,,,,2,1,,Eishin Flash (Valentine),End Closer,Debuffer,1,,,,4,1,,Grass Wonder,Late Surger,Debuffer,1,,,,4,1,,4 Attempts - 20 Races total,18,Go to Submit page,,,,,,,,,,,,,,Re-use Day 1 - Team Comp 1 as Day 2 - Team Comp 1,,,,,,,,,,4 Attempts - 20 Races total,18,Go to Submit page,,,,,,,,,,,,,,,Re-use Day 2 - Team Comp 1 as Day 3 - Team Comp 1,A Group,,,,,,,,,,4 Attempts - 20 Races total,13,Go to Submit page,,,,,,,,,,,,,,,Re-use Day 3 - Team Comp 1 as Day 4 - Team Comp 1,A Group,,,,,,,,,,4 Attempts - 20 Races total,18,Go to Submit page,,,,,,,,,,,,,,,A Finals,12030,Re-use Day 4 - Team Comp 1 as Finals Team Comp,,,,,,,,,,https://drive.google.com/open?id=1rSVnlh8IHVqM1gvRIyv8ZU58zSAZf9nM,1st,,,,,,,,,,,No,,,,,,,,,,
9/25/2026 5:12:29,really_californian,Graded (No Uma Restrictions),Get into A finals,I accept these terms,Finals,Linux,$101-500,2302,21-30 (roughly 3-4 per day),11-20 (roughly 2-3 per day),,5,,Fine Motion,Pace Chaser,Ace built for this CM before CM start in Grand Concert scenario,3,,,,2,1,,Symboli Rudolf,Front Runner,Debuffer,2,,,,3,,1,Grass Wonder,Late Surger,Debuffer,2,,,,4,1,,4 Attempts - 20 Races total,15,Go to Submit page,,,,,,,,,,,,,,Re-use Day 1 - Team Comp 1 as Day 2 - Team Comp 1,,,,,,,,,,4 Attempts - 20 Races total,15,Go to Submit page,,,,,,,,,,,,,,,Re-use Day 2 - Team Comp 1 as Day 3 - Team Comp 1,A Group,,,,,,,,,,4 Attempts - 20 Races total,7,Go to Submit page,,,,,,,,,,,,,,,Re-use Day 3 - Team Comp 1 as Day 4 - Team Comp 1,A Group,,,,,,,,,,4 Attempts - 20 Races total,12,Go to Submit page,,,,,,,,,,,,,,,A Finals,12910,Re-use Day 4 - Team Comp 1 as Finals Team Comp,,,,,,,,,,https://drive.google.com/open?id=1btGa133dz0MMO8cdCaT4cSwV7cExMKFO,2nd,Yes,https://drive.google.com/open?id=1qYIeYBOk2JDdyNrCBVEOAcCEpZic4muy,https://drive.google.com/open?id=1s3fWmgrszIi-Ip_m0tjdK33dTOvSUUc4,,,8,8,,,https://drive.google.com/open?id=1Oy4_6GMr-D80D_cwzq5f4ota4DDlcIOC,,,,,,,,,,,
9/25/2026 7:56:30,Compilingjay,Graded (No Uma Restrictions),Quitting the game,I accept these terms,Finals,"iOS - phone or tablet, Linux",$0,,31-45 (roughly 5-6 per day),0-5 (less than 1 per day),Discord - MooMooCord - https://discord.com/invite/moomoocows,,,Oguri Cap (Christmas),End Closer,Ace built for this CM before CM start in Grand Concert scenario,3,0,0,0,2,1,0,Grass Wonder,End Closer,Debuffer,1,0,0,0,4,1,0,Symboli Rudolf,End Closer,Debuffer,1,0,0,0,4,1,0,4 Attempts - 20 Races total,10,Go to Submit page,,,,,,,,,,,,,,Re-use Day 1 - Team Comp 1 as Day 2 - Team Comp 1,,,,,,,,,,4 Attempts - 20 Races total,13,Go to Submit page,,,,,,,,,,,,,,,Re-use Day 2 - Team Comp 1 as Day 3 - Team Comp 1,A Group,,,,,,,,,,4 Attempts - 20 Races total,8,Go to Submit page,,,,,,,,,,,,,,,Add a new Team Comp as Day 4 - Team Comp 1,A Group,Yamanin Zephyr,Pace Chaser,Mid-CM Ace build in Grand Concert scenario,Silence Suzuka,Runaway,Blocker/Overtake target/Throwaway/Niche role,Grass Wonder,End Closer,Debuffer,4 Attempts - 20 Races total,6,Go to Submit page,,,,,,,,,,,,,,,A Finals,10433,Re-use Day 4 - Team Comp 1 as Finals Team Comp,,,,,,,,,,https://drive.google.com/open?id=1FY2oYwbdYZNuiVlvr1IW2HvvjRnEvZgw,3rd,No (goes to Submit page),,,,,,,,,,,,,,,,,,,,
9/25/2026 17:59:33,Zennr,Graded (No Uma Restrictions),Win A finals,I accept these terms,Finals,"Android - phone or tablet, Windows",$501-1000,1286,11-20 (roughly 2-3 per day),31-45 (roughly 5-6 per day),,,,T.M. Opera O (New Year),Late Surger,Ace built for this CM before CM start in Grand Concert scenario,3,,,,2,1,,Symboli Rudolf,End Closer,Debuffer,,,,,,,,Grass Wonder,Late Surger,Debuffer,,,,,,,,4 Attempts - 20 Races total,13,Go to Submit page,,,,,,,,,,,,,,Re-use Day 1 - Team Comp 1 as Day 2 - Team Comp 1,,,,,,,,,,4 Attempts - 20 Races total,13,Go to Submit page,,,,,,,,,,,,,,,Re-use Day 2 - Team Comp 1 as Day 3 - Team Comp 1,A Group,,,,,,,,,,4 Attempts - 20 Races total,13,Go to Submit page,,,,,,,,,,,,,,,Re-use Day 3 - Team Comp 1 as Day 4 - Team Comp 1,A Group,,,,,,,,,,4 Attempts - 20 Races total,9,Go to Submit page,,,,,,,,,,,,,,,A Finals,8132,Re-use Day 4 - Team Comp 1 as Finals Team Comp,,,,,,,,,,https://drive.google.com/open?id=1Za7pPnj2O1xUyY-d4v7WsOJFl4lQ9o8j,1st,,,,,,,,,,,Yes,I love Grand Live.,https://drive.google.com/open?id=1LAIn3TlPg0Ammnxb9apLb7a5oOhGpJ6_,https://drive.google.com/open?id=1fFCZVD8VtlKjGRO0Tha30rqoDcv3fvwp,,,15,,,,https://drive.google.com/open?id=1IvxxJKriFOjdjuzt26ZOlZh71h2mm2Ex
9/23/2026 8:09:51,Mayvin,Graded (No Uma Restrictions),Win A finals,I accept these terms,Day 4,"iOS - phone or tablet, Windows",Rather not say,716,0-5 (less than 1 per day),11-20 (roughly 2-3 per day),"Twitch - MooMooCows - https://www.twitch.tv/moomoomoocows, YouTube - MooMooCows - https://www.youtube.com/@MooMooCows",5,,Admire Vega,End Closer,Ace built for this CM before CM start in Grand Concert scenario,,,,,,,,Agnes Tachyon,Late Surger,Debuffer,,,,,,,,Nice Nature,Late Surger,Debuffer,,,,,,,,4 Attempts - 20 Races total,13,Go to Submit page,,,,,,,,,,,,,,Re-use Day 1 - Team Comp 1 as Day 2 - Team Comp 1,,,,,,,,,,4 Attempts - 20 Races total,11,Go to Submit page,,,,,,,,,,,,,,,Re-use Day 2 - Team Comp 1 as Day 3 - Team Comp 1,A Group,,,,,,,,,,4 Attempts - 20 Races total,6,Go to Submit page,,,,,,,,,,,,,,,Re-use Day 3 - Team Comp 1 as Day 4 - Team Comp 1,A Group,,,,,,,,,,4 Attempts - 20 Races total,14,Go to Submit page,,,,,,,,,,,,,,,,,,,,,,,,,,,,,,,,,,,,,,,,,,,,,,,,,
9/25/2026 16:50:22,explorde,Graded (No Uma Restrictions),Get into A finals,I accept these terms,Finals,"iOS - phone or tablet, Windows",$101-500,1314,11-20 (roughly 2-3 per day),11-20 (roughly 2-3 per day),Discord - MooMooCord - https://discord.com/invite/moomoocows,4,,Oguri Cap (Christmas),End Closer,Ace built for this CM before CM start in Grand Concert scenario,2,1,0,0,2,1,0,Grass Wonder,End Closer,Debuffer,,,,,,,,Symboli Rudolf,End Closer,Debuffer,,,,,,,,4 Attempts - 20 Races total,13,Go to Submit page,,,,,,,,,,,,,,Re-use Day 1 - Team Comp 1 as Day 2 - Team Comp 1,,,,,,,,,,4 Attempts - 20 Races total,15,Go to Submit page,,,,,,,,,,,,,,,Re-use Day 2 - Team Comp 1 as Day 3 - Team Comp 1,A Group,,,,,,,,,,4 Attempts - 20 Races total,14,Go to Submit page,,,,,,,,,,,,,,,Re-use Day 3 - Team Comp 1 as Day 4 - Team Comp 1,A Group,,,,,,,,,,4 Attempts - 20 Races total,12,Go to Submit page,,,,,,,,,,,,,,,A Finals,11242,Re-use Day 4 - Team Comp 1 as Finals Team Comp,,,,,,,,,,https://drive.google.com/open?id=1461SSGeuqSASVybXTOYV13uIEKxQtYYY,3rd,No (goes to Submit page),,,,,,,,,,,,,,,,,,,,
9/25/2026 5:20:36,Fabianorar,Graded (No Uma Restrictions),Win A finals,I accept these terms,Finals,Android - phone or tablet,$0,749,6-10 (roughly 1 per day),6-10 (roughly 1 per day),"Discord - MooMooCord - https://discord.com/invite/moomoocows, YouTube - MooMooCows - https://www.youtube.com/@MooMooCows",,,Rice Shower,Pace Chaser,Ace built for this CM before CM start in Grand Concert scenario,2,1,0,0,2,1,0,Oguri Cap (Christmas),Pace Chaser,Ace built for older CM,3,0,0,0,2,1,0,Special Week,Pace Chaser,Ace built for this CM before CM start in Grand Concert scenario,3,0,0,0,2,1,0,4 Attempts - 20 Races total,10,Go to Submit page,,,,,,,,,,,,,,Re-use Day 1 - Team Comp 1 as Day 2 - Team Comp 1,,,,,,,,,,4 Attempts - 20 Races total,15,Go to Submit page,,,,,,,,,,,,,,,Re-use Day 2 - Team Comp 1 as Day 3 - Team Comp 1,A Group,,,,,,,,,,4 Attempts - 20 Races total,7,Go to Submit page,,,,,,,,,,,,,,,Re-use Day 3 - Team Comp 1 as Day 4 - Team Comp 1,A Group,,,,,,,,,,4 Attempts - 20 Races total,8,Go to Submit page,,,,,,,,,,,,,,,A Finals,11308,Re-use Day 4 - Team Comp 1 as Finals Team Comp,,,,,,,,,,https://drive.google.com/open?id=185uNCi9FbkPIv3lZGkGzGQak6H_CvUkS,1st,,,,,,,,,,,Yes,LETS GO RICE!!!!,https://drive.google.com/open?id=1vT-tapsgs85JQv713dMDrU-61MYP3a0B,https://drive.google.com/open?id=1TJUdHrOJeoqMf5G_61UzXbpOGJmXumE3,,,11,4,,,https://drive.google.com/open?id=1xWLEV4psRUoSkyti4TSIqkbT80YYABup
9/25/2026 5:18:10,PeaceOut,Graded (No Uma Restrictions),Win A finals,I accept these terms,Finals,"iOS - phone or tablet, Windows",$1-100,2531,11-20 (roughly 2-3 per day),21-30 (roughly 3-4 per day),"Reddit - /r/UmamusumeGame, YouTube - MooMooCows - https://www.youtube.com/@MooMooCows",,,Rice Shower,Pace Chaser,Ace built for this CM before CM start in Grand Concert scenario,3,1,,,1,1,,Oguri Cap (Christmas),End Closer,Ace built for this CM before CM start in Grand Concert scenario,2,1,,,2,1,,Grass Wonder,End Closer,Debuffer,,,,,,,,4 Attempts - 20 Races total,19,Go to Submit page,,,,,,,,,,,,,,Re-use Day 1 - Team Comp 1 as Day 2 - Team Comp 1,,,,,,,,,,4 Attempts - 20 Races total,17,Go to Submit page,,,,,,,,,,,,,,,Re-use Day 2 - Team Comp 1 as Day 3 - Team Comp 1,A Group,,,,,,,,,,4 Attempts - 20 Races total,17,Go to Submit page,,,,,,,,,,,,,,,Re-use Day 3 - Team Comp 1 as Day 4 - Team Comp 1,A Group,,,,,,,,,,4 Attempts - 20 Races total,17,Go to Submit page,,,,,,,,,,,,,,,A Finals,11815,Re-use Day 4 - Team Comp 1 as Finals Team Comp,,,,,,,,,,https://drive.google.com/open?id=1nOgO1-5-FIXMn6BiBwOG-DoJXcLrGcAf,1st,,,,,,,,,,,Yes,I love christmas,https://drive.google.com/open?id=1V44rM9wzPWJDvISPYn53OCCYRknP-e4k,https://drive.google.com/open?id=1-OItEFfRIVzjXbbOJgJKS67NzLv9OuxB,,3,1,11,,,https://drive.google.com/open?id=16XSrFFi2GNQ8MvGuniWZQJaYUL-Vuwqk
9/25/2026 6:48:40,Wully,Graded (No Uma Restrictions),Win A finals,I accept these terms,Finals,Windows,$1001-5000,,21-30 (roughly 3-4 per day),11-20 (roughly 2-3 per day),Discord - MooMooCord - https://discord.com/invite/moomoocows,,,Oguri Cap (Christmas),End Closer,Ace built for this CM before CM start in Grand Concert scenario,,,,,,,,Symboli Rudolf,Late Surger,Debuffer,,,,,,,,Nice Nature,Late Surger,Debuffer,,,,,,,,4 Attempts - 20 Races total,18,Go to Submit page,,,,,,,,,,,,,,Re-use Day 1 - Team Comp 1 as Day 2 - Team Comp 1,,,,,,,,,,4 Attempts - 20 Races total,15,Go to Submit page,,,,,,,,,,,,,,,Re-use Day 2 - Team Comp 1 as Day 3 - Team Comp 1,A Group,,,,,,,,,,4 Attempts - 20 Races total,18,Go to Submit page,,,,,,,,,,,,,,,Re-use Day 3 - Team Comp 1 as Day 4 - Team Comp 1,A Group,,,,,,,,,,4 Attempts - 20 Races total,12,Go to Submit page,,,,,,,,,,,,,,,A Finals,9149,Re-use Day 4 - Team Comp 1 as Finals Team Comp,,,,,,,,,,https://drive.google.com/open?id=18iLR41L0U3ce8NRwZCejHlDfOoqVckQy,1st,,,,,,,,,,,No,,,,,,,,,,
9/25/2026 5:31:45,SoupEnergy,Graded (No Uma Restrictions),Collect participation rewards,I accept these terms,Finals,"iOS - phone or tablet, MacOS",$0,,11-20 (roughly 2-3 per day),0-5 (less than 1 per day),,,,Agnes Digital,Pace Chaser,Ace built for this CM before CM start in Unity Cup scenario,,,,,,,,Oguri Cap (Christmas),End Closer,Ace built for this CM before CM start in Unity Cup scenario,,,,,,,,Taiki Shuttle,End Closer,Debuffer,,,,,,,,3 Attempts - 15 Races total,9,Go to Submit page,,,,,,,,,,,,,,Re-use Day 1 - Team Comp 1 as Day 2 - Team Comp 1,,,,,,,,,,4 Attempts - 20 Races total,17,Go to Submit page,,,,,,,,,,,,,,,Re-use Day 2 - Team Comp 1 as Day 3 - Team Comp 1,A Group,,,,,,,,,,4 Attempts - 20 Races total,9,Go to Submit page,,,,,,,,,,,,,,,Re-use Day 3 - Team Comp 1 as Day 4 - Team Comp 1,A Group,,,,,,,,,,4 Attempts - 20 Races total,11,Go to Submit page,,,,,,,,,,,,,,,A Finals,10183,Re-use Day 4 - Team Comp 1 as Finals Team Comp,,,,,,,,,,,2nd,No (goes to Submit page),,,,,,,,,,,,,,,,,,,,
9/26/2026 13:29:21,robo,Graded (No Uma Restrictions),Win A finals,I accept these terms,Day 3,,$501-1000,,46+ (more than 6 per day),46+ (more than 6 per day),,,,Gold Ship,End Closer,Ace built for this CM before CM start in Grand Concert scenario,,,,,,,,Nice Nature,End Closer,Debuffer,,,,,,,,Super Creek (Halloween),End Closer,Debuffer,,,,,,,,4 Attempts - 20 Races total,17,Go to Submit page,,,,,,,,,,,,,,Re-use Day 1 - Team Comp 1 as Day 2 - Team Comp 1,,,,,,,,,,4 Attempts - 20 Races total,16,Go to Submit page,,,,,,,,,,,,,,,Re-use Day 2 - Team Comp 1 as Day 3 - Team Comp 1,A Group,,,,,,,,,,4 Attempts - 20 Races total,16,Day 4,,,,,,,,,,,,,,,Re-use Day 3 - Team Comp 1 as Day 4 - Team Comp 1,A Group,,,,,,,,,,4 Attempts - 20 Races total,15,Finals,,,,,,,,,,,,,,,A Finals,,Re-use Day 4 - Team Comp 1 as Finals Team Comp,,,,,,,,,,,3rd,No (goes to Submit page),,,,,,,,,,,,,,,,,,,,
9/25/2026 5:05:55,PrinzRohan,Graded (No Uma Restrictions),Win A finals,I accept these terms,Day 4,"Android - phone or tablet, Windows",$1001-5000,879,21-30 (roughly 3-4 per day),11-20 (roughly 2-3 per day),"Discord - MooMooCord - https://discord.com/invite/moomoocows, Reddit - /r/UmamusumeGame, Twitch - MooMooCows - https://www.twitch.tv/moomoomoocows, YouTube - MooMooCows - https://www.youtube.com/@MooMooCows",,,Agnes Tachyon,Pace Chaser,Ace built for this CM before CM start in Grand Concert scenario,,,,,,,,Oguri Cap (Christmas),Pace Chaser,Ace built for this CM before CM start in Grand Concert scenario,,,,,,,,Grass Wonder,End Closer,Debuffer,,,,,,,,4 Attempts - 20 Races total,12,Go to Submit page,,,,,,,,,,,,,,Re-use Day 1 - Team Comp 1 as Day 2 - Team Comp 1,,,,,,,,,,4 Attempts - 20 Races total,13,Go to Submit page,,,,,,,,,,,,,,,Re-use Day 2 - Team Comp 1 as Day 3 - Team Comp 1,A Group,,,,,,,,,,4 Attempts - 20 Races total,12,Go to Submit page,,,,,,,,,,,,,,,Re-use Day 3 - Team Comp 1 as Day 4 - Team Comp 1,A Group,,,,,,,,,,4 Attempts - 20 Races total,10,Go to Submit page,,,,,,,,,,,,,,,A Finals,10521,Re-use Day 4 - Team Comp 1 as Finals Team Comp,,,,,,,,,,,3rd,No (goes to Submit page),,,,,,,,,,,,,,,,,,,,
9/25/2026 5:41:59,Oscar,Graded (No Uma Restrictions),Get into A finals,I accept these terms,Day 4,"Android - phone or tablet, Windows",$1-100,1968,21-30 (roughly 3-4 per day),0-5 (less than 1 per day),Discord - MooMooCord - https://discord.com/invite/moomoocows,5,,Mejiro McQueen (Summer),Pace Chaser,Ace built for this CM before CM start in Grand Concert scenario,2,,1,,2,1,,Agnes Tachyon,Late Surger,Debuffer,,,,,,,,Grass Wonder,Late Surger,Debuffer,,,,,,,,4 Attempts - 20 Races total,16,Go to Submit page,,,,,,,,,,,,,,Re-use Day 1 - Team Comp 1 as Day 2 - Team Comp 1,,,,,,,,,,4 Attempts - 20 Races total,14,Day 3,,,,,,,,,,,,,,,Re-use Day 2 - Team Comp 1 as Day 3 - Team Comp 1,A Group,,,,,,,,,,4 Attempts - 20 Races total,13,Day 4,,,,,,,,,,,,,,,Re-use Day 3 - Team Comp 1 as Day 4 - Team Comp 1,A Group,,,,,,,,,,4 Attempts - 20 Races total,11,Finals,,,,,,,,,,,,,,,A Finals,10722,Re-use Day 4 - Team Comp 1 as Finals Team Comp,,,,,,,,,,https://drive.google.com/open?id=19yHei0JolivJE9SKk_WXBkW6Ny_3Bav5,1st,,,,,,,,,,,Yes,type shit desuwa,https://drive.google.com/open?id=1fZ8ZLW4ZjBr8kqFGCI90D_zJBcv33VFK,https://drive.google.com/open?id=17Ybet5qYyRz3-T1vKPYCasSUZjvL9BkJ,,2,14,,,,https://drive.google.com/open?id=1VCwprfOz7jU6uaXgCzKU_uXdBm4nKDmG
9/25/2026 5:32:28,hash2,Graded (No Uma Restrictions),Get into B finals,I accept these terms,Finals,"Android - phone or tablet, Windows",$1-100,1600,21-30 (roughly 3-4 per day),0-5 (less than 1 per day),Discord - MooMooCord - https://discord.com/invite/moomoocows,,,Oguri Cap (Christmas),Pace Chaser,Ace built for this CM before CM start in Grand Concert scenario,,,,,,,,Grass Wonder,End Closer,Debuffer,,,,,,,,Agnes Tachyon,End Closer,Debuffer,,,,,,,,3 Attempts - 15 Races total,6,Go to Submit page,,,,,,,,,,,,,,Re-use Day 1 - Team Comp 1 as Day 2 - Team Comp 1,,,,,,,,,,3 Attempts - 15 Races total,4,Go to Submit page,,,,,,,,,,,,,,,Re-use Day 2 - Team Comp 1 as Day 3 - Team Comp 1,B Group,,,,,,,,,,3 Attempts - 15 Races total,13,Go to Submit page,,,,,,,,,,,,,,,Re-use Day 3 - Team Comp 1 as Day 4 - Team Comp 1,B Group,,,,,,,,,,3 Attempts - 15 Races total,12,Go to Submit page,,,,,,,,,,,,,,,B Finals,4630,Re-use Day 4 - Team Comp 1 as Finals Team Comp,,,,,,,,,,https://drive.google.com/open?id=1GvFI32RnlH1HtVP4aU3WWlzp29kpAz3h,1st,,,,,,,,,,,No,,,,,0,5,8,2,0,
9/25/2026 5:39:43,enzo1029,Graded (No Uma Restrictions),Get into A finals,I accept these terms,Finals,"Android - phone or tablet, Windows",$101-500,,31-45 (roughly 5-6 per day),6-10 (roughly 1 per day),Discord - MooMooCord - https://discord.com/invite/moomoocows,,,Maruzensky (Summer),Front Runner,Ace built for this CM before CM start in Grand Concert scenario,2,1,0,0,2,1,0,Silence Suzuka,Runaway,Debuffer,,,,,,,,Agnes Tachyon,End Closer,Debuffer,,,,,,,,4 Attempts - 20 Races total,15,Go to Submit page,,,,,,,,,,,,,,Re-use Day 1 - Team Comp 1 as Day 2 - Team Comp 1,,,,,,,,,,4 Attempts - 20 Races total,15,Go to Submit page,,,,,,,,,,,,,,,Re-use Day 2 - Team Comp 1 as Day 3 - Team Comp 1,A Group,,,,,,,,,,1 Attempt - 5 Races total,2,Day 3 - Add 2nd Team,Add new Team Comp as Day 3 - Team Comp 2,Maruzensky (Summer),Front Runner,Ace built for this CM before CM start in Grand Concert scenario,Mayano Top Gun (Wedding),End Closer,Debuffer,Nice Nature,End Closer,Debuffer,3 Attempts - 15 Races total,9,2 teams,Go to Submit page,Add a new Team Comp as Day 4 - Team Comp 1,A Group,Maruzensky (Summer),Front Runner,Ace built for this CM before CM start in Grand Concert scenario,Silence Suzuka,Runaway,Debuffer,Nice Nature,End Closer,Debuffer,4 Attempts - 20 Races total,15,Go to Submit page,,,,,,,,,,,,,,,A Finals,14911,Re-use Day 4 - Team Comp 1 as Finals Team Comp,,,,,,,,,,https://drive.google.com/open?id=1yU9NFokRWa5b5zeK8aV07aJNBX6T3_AF,1st,,,,,,,,,,,Yes,Sit down you end xoguris,https://drive.google.com/open?id=1BqbQUp7Uq7hssDhDRUH1bBNJAUy6NT86,https://drive.google.com/open?id=1eCa9nt_XI70hPFTv0YIL5OzvZuAYv-VS,,0,13,3,0,0,https://drive.google.com/open?id=1naBVYg2X9zIQW18080NzREMXx3-z8hIN
9/24/2026 2:31:30,Nekoing,Graded (No Uma Restrictions),Win A finals,I accept these terms,Day 4,"iOS - phone or tablet, Windows",$1-100,1738,21-30 (roughly 3-4 per day),,,,,Seiun Sky,Front Runner,Ace built for this CM before CM start in Grand Concert scenario,3,,,,2,1,,Nice Nature,Late Surger,Debuffer,,,,,,,,Mayano Top Gun (Wedding),Late Surger,Debuffer,,,,,,,,4 Attempts - 20 Races total,17,Go to Submit page,,,,,,,,,,,,,,Re-use Day 1 - Team Comp 1 as Day 2 - Team Comp 1,,,,,,,,,,4 Attempts - 20 Races total,16,Day 3,,,,,,,,,,,,,,,Re-use Day 2 - Team Comp 1 as Day 3 - Team Comp 1,A Group,,,,,,,,,,4 Attempts - 20 Races total,11,Go to Submit page,,,,,,,,,,,,,,,Re-use Day 3 - Team Comp 1 as Day 4 - Team Comp 1,A Group,,,,,,,,,,4 Attempts - 20 Races total,14,Go to Submit page,,,,,,,,,,,,,,,,,,,,,,,,,,,,,,,,,,,,,,,,,,,,,,,,,
9/25/2026 5:08:20,Kitty,Graded (No Uma Restrictions),Get into B finals,I accept these terms,Day 1,iOS - phone or tablet,$1-100,520,,,Discord - MooMooCord - https://discord.com/invite/moomoocows,5,,Super Creek,Pace Chaser,Ace built for this CM before CM start in Grand Concert scenario,3,0,0,0,2,1,0,Tamamo Cross,End Closer,Ace built for this CM before CM start in Grand Concert scenario,3,0,0,0,2,1,0,Sweep Tosho,End Closer,Ace built for this CM before CM start in Grand Concert scenario,2,0,0,0,3,1,0,3 Attempts - 15 Races total,2,Day 2,,,,,,,,,,,,,,Re-use Day 1 - Team Comp 1 as Day 2 - Team Comp 1,,,,,,,,,,2 Attempts - 10 Races total,3,Finals,,,,,,,,,,,,,,,Re-use Day 2 - Team Comp 1 as Day 3 - Team Comp 1,B Group,,,,,,,,,,4 Attempts - 20 Races total,7,Day 4,,,,,,,,,,,,,,,Re-use Day 3 - Team Comp 1 as Day 4 - Team Comp 1,B Group,,,,,,,,,,3 Attempts - 15 Races total,8,Go to Submit page,,,,,,,,,,,,,,,B Finals,2267,Re-use Day 4 - Team Comp 1 as Finals Team Comp,,,,,,,,,,,3rd,No (goes to Submit page),,,,,,,,,,,,,,,,,,,,
9/25/2026 5:17:02,Maximu,Graded (No Uma Restrictions),Win A finals,I accept these terms,Finals,Windows,$501-1000,,21-30 (roughly 3-4 per day),11-20 (roughly 2-3 per day),Discord - MooMooCord - https://discord.com/invite/moomoocows,5,,Special Week (Summer),Late Surger,Ace built for this CM before CM start in Grand Concert scenario,,,,,,,,Grass Wonder,Late Surger,Debuffer,,,,,,,,Agnes Tachyon,Late Surger,Debuffer,,,,,,,,4 Attempts - 20 Races total,15,Day 2,,,,,,,,,,,,,,Add new Team Comp as Day 2 - Team Comp 1,Special Week (Summer),Late Surger,Ace built for this CM before CM start in Grand Concert scenario,Agnes Tachyon,Late Surger,Debuffer,Grass Wonder,Late Surger,Debuffer,4 Attempts - 20 Races total,15,Go to Submit page,,,,,,,,,,,,,,,,,,,,,,,,,,,,,,,,,,,,,,,,,,,,,,,,,,,,,,,,,,,,,,,,,,,,,,,A Finals,16785,Re-use Day 4 - Team Comp 1 as Finals Team Comp,,,,,,,,,,https://drive.google.com/open?id=11iEqbS4B-Fc7WKytk5xbcPOCVer4E6jM,1st,,,,,,,,,,,Yes,Agemasen to the devil,https://drive.google.com/open?id=1I76dR0w4RuR1uVYPv9ZDfl4M1fjgnL_s,https://drive.google.com/open?id=1pvv-MO67K9OvVcIhYOdJYyCsto21Am7w,,,,,,,https://drive.google.com/open?id=11x7-CAqC5r6OaV7cD4_EH3PlRc1U1B-i
9/25/2026 5:34:04,VHLAN,Graded (No Uma Restrictions),Win A finals,I accept these terms,Go to Submit page,"Android - phone or tablet, Windows",$101-500,2055,31-45 (roughly 5-6 per day),6-10 (roughly 1 per day),Discord - MooMooCord - https://discord.com/invite/moomoocows,5,,Oguri Cap (Christmas),Pace Chaser,Ace built for older CM,3,0,0,0,2,1,0,Rice Shower,Pace Chaser,Ace built for this CM before CM start in Grand Concert scenario,3,0,0,0,2,1,0,Grass Wonder,Late Surger,Debuffer,,,,,,,,4 Attempts - 20 Races total,17,Go to Submit page,,,,,,,,,,,,,,Re-use Day 1 - Team Comp 1 as Day 2 - Team Comp 1,,,,,,,,,,4 Attempts - 20 Races total,13,Day 3,,,,,,,,,,,,,,,Add new Team Comp as Day 3 - Team Comp 1,A Group,Gold Ship,End Closer,Ace built for this CM before CM start in Grand Concert scenario,Oguri Cap (Christmas),Pace Chaser,Ace built for older CM,Grass Wonder,Late Surger,Debuffer,4 Attempts - 20 Races total,14,Go to Submit page,,,,,,,,,,,,,,,Re-use Day 3 - Team Comp 1 as Day 4 - Team Comp 1,A Group,,,,,,,,,,4 Attempts - 20 Races total,13,Finals,,,,,,,,,,,,,,,A Finals,11096,Re-use Day 4 - Team Comp 1 as Finals Team Comp,,,,,,,,,,https://drive.google.com/open?id=1igx4_3MuO3dMWUJ9AxDji9Isz7s3lKh6,1st,,,,,,,,,,,No,,https://drive.google.com/open?id=13-WEsSFNVboOVx3m9iv-fElft7lUiX2W,https://drive.google.com/open?id=1eC2hsp74QiCVxUzPoAMSN4xq8I0e9bRj,,3,12,,,3,https://drive.google.com/open?id=1A7NhcaVMJFI3Rmy46lpKTKvHh2cJ_yKR
9/25/2026 6:10:17,wandering_pleb,Graded (No Uma Restrictions),Win A finals,I accept these terms,Finals,"Android - phone or tablet, Windows",$101-500,1772,21-30 (roughly 3-4 per day),11-20 (roughly 2-3 per day),"Discord - MooMooCord - https://discord.com/invite/moomoocows, YouTube - MooMooCows - https://www.youtube.com/@MooMooCows",4,,Oguri Cap (Christmas),Pace Chaser,Ace built for this CM before CM start in Grand Concert scenario,3,0,0,0,2,1,0,Silence Suzuka,Runaway,Blocker/Overtake target/Throwaway/Niche role,1,0,1,,3,1,,Eishin Flash (Valentine),End Closer,Debuffer,1,0,0,0,4,1,0,4 Attempts - 20 Races total,12,Go to Submit page,,,,,,,,,,,,,,Re-use Day 1 - Team Comp 1 as Day 2 - Team Comp 1,,,,,,,,,,4 Attempts - 20 Races total,16,Go to Submit page,,,,,,,,,,,,,,,Re-use Day 2 - Team Comp 1 as Day 3 - Team Comp 1,A Group,,,,,,,,,,4 Attempts - 20 Races total,14,Go to Submit page,,,,,,,,,,,,,,,Re-use Day 3 - Team Comp 1 as Day 4 - Team Comp 1,A Group,,,,,,,,,,4 Attempts - 20 Races total,18,Go to Submit page,,,,,,,,,,,,,,,A Finals,13950,Re-use Day 4 - Team Comp 1 as Finals Team Comp,,,,,,,,,,https://drive.google.com/open?id=19VoiahV9Bx_XByiDnaVX94Vrz-fBqK16,1st,,,,,,,,,,,No,,https://drive.google.com/open?id=1g1Yb2wTE1I3vrj0HxuPAtUgJipo3Z0r7,https://drive.google.com/open?id=14_6bOSLM0FDcwrVvJwOBsFRzHSLN7huD,,0,9,2,0,2,https://drive.google.com/open?id=1XPDCSoLmAM0c3sKZBeLTy_OFSWbwdWxh
9/25/2026 5:21:31,lulu ☆ミ,Graded (No Uma Restrictions),Get into A finals,I accept these terms,Finals,iOS - phone or tablet,$1-100,1351,11-20 (roughly 2-3 per day),11-20 (roughly 2-3 per day),Discord - MooMooCord - https://discord.com/invite/moomoocows,,,Matikanefukukitaru (Full Armor),Late Surger,Ace built for this CM before CM start in Grand Concert scenario,,,,,,,,Oguri Cap (Christmas),End Closer,Ace built for this CM before CM start in Grand Concert scenario,,,,,,,,Agnes Tachyon,End Closer,Debuffer,,,,,,,,4 Attempts - 20 Races total,12,Go to Submit page,,,,,,,,,,,,,,Re-use Day 1 - Team Comp 1 as Day 2 - Team Comp 1,,,,,,,,,,4 Attempts - 20 Races total,15,Go to Submit page,,,,,,,,,,,,,,,Re-use Day 2 - Team Comp 1 as Day 3 - Team Comp 1,A Group,,,,,,,,,,4 Attempts - 20 Races total,12,Go to Submit page,,,,,,,,,,,,,,,Re-use Day 3 - Team Comp 1 as Day 4 - Team Comp 1,A Group,,,,,,,,,,4 Attempts - 20 Races total,17,Go to Submit page,,,,,,,,,,,,,,,A Finals,9371,Re-use Day 4 - Team Comp 1 as Finals Team Comp,,,,,,,,,,https://drive.google.com/open?id=1rdYV41OZAYCt5ehkHris4TORR63gDdIg,1st,,,,,,,,,,,No,,https://drive.google.com/open?id=12_CVI_mKiXttVXcBoFFo1LkotZHP-iva,https://drive.google.com/open?id=19cnsNrPU3_N-GyURQ9WXRmBlHru0fE21,,,,,,,https://drive.google.com/open?id=1UsW0_aVibkTgN6_mwxO7rlfFwGUKVl7C
9/23/2026 10:33:59,MousePotato,Graded (No Uma Restrictions),Get into A finals,I accept these terms,Day 4,Windows,$101-500,1277,21-30 (roughly 3-4 per day),11-20 (roughly 2-3 per day),Discord - MooMooCord - https://discord.com/invite/moomoocows,5,,Super Creek (Halloween),Pace Chaser,Ace built for this CM before CM start in Grand Concert scenario,3,0,0,0,2,1,0,Meisho Doto (Halloween),Pace Chaser,Ace built for this CM before CM start in Grand Concert scenario,3,0,0,0,2,1,0,Oguri Cap (Christmas),End Closer,Ace built for this CM before CM start in Grand Concert scenario,3,0,0,0,2,1,0,4 Attempts - 20 Races total,13,Go to Submit page,,,,,,,,,,,,,,Re-use Day 1 - Team Comp 1 as Day 2 - Team Comp 1,,,,,,,,,,4 Attempts - 20 Races total,12,Go to Submit page,,,,,,,,,,,,,,,Re-use Day 2 - Team Comp 1 as Day 3 - Team Comp 1,A Group,,,,,,,,,,4 Attempts - 20 Races total,7,Go to Submit page,,,,,,,,,,,,,,,Re-use Day 3 - Team Comp 1 as Day 4 - Team Comp 1,A Group,,,,,,,,,,4 Attempts - 20 Races total,15,Go to Submit page,,,,,,,,,,,,,,,,,,,,,,,,,,,,,,,,,,,,,,,,,,,,,,,,,
9/20/2026 6:06:57,Neo-kun,Graded (No Uma Restrictions),Win A finals,I accept these terms,Day 1,iOS - phone or tablet,$0,,46+ (more than 6 per day),11-20 (roughly 2-3 per day),Discord - MooMooCord - https://discord.com/invite/moomoocows,5,,Silence Suzuka,Front Runner,Ace built for this CM before CM start in Grand Concert scenario,2,1,0,0,2,1,0,Mihono Bourbon (Valentine),Front Runner,Ace built for this CM before CM start in Grand Concert scenario,2,1,0,0,2,1,0,Agnes Tachyon,Late Surger,Debuffer,,,,,,,,4 Attempts - 20 Races total,13,Go to Submit page,,,,,,,,,,,,,,,,,,,,,,,,,,,,,,,,,,,,,,,,,,,,,,,,,,,,,,,,,,,,,,,,,,,,,,,,,,,,,,,,,,,,,,,,,,,,,,,,,,,,,,,,,,,,,,,,,,,,,,,,,,,,,,,,,,,
9/25/2026 5:57:58,Xyba,Graded (No Uma Restrictions),Get into A finals,I accept these terms,Finals,Windows,$1-100,1572,0-5 (less than 1 per day),21-30 (roughly 3-4 per day),Discord - MooMooCord - https://discord.com/invite/moomoocows,,,Mayano Top Gun,Front Runner,Ace built for this CM before CM start in Grand Concert scenario,3,0,0,0,2,1,0,Kitasan Black,Front Runner,Ace built for this CM before CM start in Grand Concert scenario,2,0,0,0,3,1,0,Grass Wonder,End Closer,Debuffer,2,1,0,0,3,0,0,4 Attempts - 20 Races total,13,Go to Submit page,,,,,,,,,,,,,,Add new Team Comp as Day 2 - Team Comp 1,Mayano Top Gun,Front Runner,Ace built for this CM before CM start in Grand Concert scenario,Copano Rickey,Front Runner,Mid-CM Ace build in Grand Concert scenario,Grass Wonder,End Closer,Debuffer,4 Attempts - 20 Races total,12,Go to Submit page,,,,,,,,,,,,,,,Re-use Day 2 - Team Comp 1 as Day 3 - Team Comp 1,A Group,,,,,,,,,,4 Attempts - 20 Races total,6,Day 4,,,,,,,,,,,,,,,Re-use Day 3 - Team Comp 1 as Day 4 - Team Comp 1,A Group,,,,,,,,,,4 Attempts - 20 Races total,8,Go to Submit page,,,,,,,,,,,,,,,A Finals,10410,Add new Team Comp as Finals Team Comp,Mayano Top Gun,Front Runner,Ace built for this CM before CM start in Grand Concert scenario,Agnes Tachyon,Late Surger,Debuffer,Grass Wonder,Front Runner,Debuffer,https://drive.google.com/open?id=1XH-SO528nNbLIbz149M4zyOy6GLcM4D1,1st,,,,,,,,,,,Yes,"1 run build, my beloved airplane successfully makes the landing ☆",https://drive.google.com/open?id=1oSOE_sMAgByXK8yKSnEx4QuBgyRUtZ9U,https://drive.google.com/open?id=1hf-YRaZxGVKEzoaUAHzQJyFeksovZxhs,,2,11,0,2,0,https://drive.google.com/open?id=1nKPRkGFrqafxceH2jzj_9Qd1rosR2ebJ
9/24/2026 4:48:34,SkepticalFool,Graded (No Uma Restrictions),Win A finals,I accept these terms,Day 4,Android - phone or tablet,$0,1383,21-30 (roughly 3-4 per day),6-10 (roughly 1 per day),Discord - MooMooCord - https://discord.com/invite/moomoocows,5,,Oguri Cap (Christmas),End Closer,Ace built for this CM before CM start in Grand Concert scenario,3,,,,3,1,,Agnes Tachyon,Late Surger,Debuffer,1,,,,4,1,,Grass Wonder,Late Surger,Debuffer,1,,,,4,1,,4 Attempts - 20 Races total,13,Go to Submit page,,,,,,,,,,,,,,Re-use Day 1 - Team Comp 1 as Day 2 - Team Comp 1,,,,,,,,,,4 Attempts - 20 Races total,12,Go to Submit page,,,,,,,,,,,,,,,Re-use Day 2 - Team Comp 1 as Day 3 - Team Comp 1,A Group,,,,,,,,,,4 Attempts - 20 Races total,8,Go to Submit page,,,,,,,,,,,,,,,Re-use Day 3 - Team Comp 1 as Day 4 - Team Comp 1,A Group,,,,,,,,,,4 Attempts - 20 Races total,6,Go to Submit page,,,,,,,,,,,,,,,,,,,,,,,,,,,,,,,,,,,,,,,,,,,,,,,,,
9/26/2026 3:02:55,DeathQrow,Graded (No Uma Restrictions),Win A finals,I accept these terms,Day 3,,,2230,31-45 (roughly 5-6 per day),31-45 (roughly 5-6 per day),,,,Tokai Teio (Anime Collab),Pace Chaser,Ace built for this CM before CM start in Grand Concert scenario,3,0,0,0,2,1,0,Agnes Tachyon,Pace Chaser,Ace built for this CM before CM start in Grand Concert scenario,2,1,0,0,2,1,0,Silence Suzuka,Runaway,Blocker/Overtake target/Throwaway/Niche role,1,1,1,,3,0,0,4 Attempts - 20 Races total,13,Go to Submit page,,,,,,,,,,,,,,Re-use Day 1 - Team Comp 1 as Day 2 - Team Comp 1,,,,,,,,,,4 Attempts - 20 Races total,12,Go to Submit page,,,,,,,,,,,,,,,Re-use Day 2 - Team Comp 1 as Day 3 - Team Comp 1,A Group,,,,,,,,,,4 Attempts - 20 Races total,11,Day 4,,,,,,,,,,,,,,,Re-use Day 3 - Team Comp 1 as Day 4 - Team Comp 1,A Group,,,,,,,,,,4 Attempts - 20 Races total,11,Finals,,,,,,,,,,,,,,,A Finals,9165,Re-use Day 4 - Team Comp 1 as Finals Team Comp,,,,,,,,,,https://drive.google.com/open?id=1UuXAXVcf4m-tZtLQudhXyeWTIi3f-40P,1st,,,,,,,,,,,Yes,Who needs the best speed card in the game or the best horse this cm when you have love and soul.,https://drive.google.com/open?id=1lFsGaM6MuoKaZHIzB47s1v6T1UovFowT,https://drive.google.com/open?id=16BT5-XS4iu-mCTnj-eAEU65N2oh4v6dw,,0,8,3,0,2,https://drive.google.com/open?id=1iNlicjrS0TWDwr8FgfAbga6ZlQ6HJ9QK
9/23/2026 6:08:33,Knighted,Graded (No Uma Restrictions),Win A finals,I accept these terms,Day 4,Windows,$5000+,1845,46+ (more than 6 per day),6-10 (roughly 1 per day),Discord - MooMooCord - https://discord.com/invite/moomoocows,,,Mayano Top Gun (Wedding),Late Surger,Ace built for this CM before CM start in Grand Concert scenario,2,0,1,0,2,1,0,Nice Nature,Late Surger,Debuffer,,,,,,,,Super Creek (Halloween),Late Surger,Debuffer,,,,,,,,4 Attempts - 20 Races total,15,Go to Submit page,,,,,,,,,,,,,,Re-use Day 1 - Team Comp 1 as Day 2 - Team Comp 1,,,,,,,,,,4 Attempts - 20 Races total,15,Go to Submit page,,,,,,,,,,,,,,,Re-use Day 2 - Team Comp 1 as Day 3 - Team Comp 1,A Group,,,,,,,,,,4 Attempts - 20 Races total,8,Go to Submit page,,,,,,,,,,,,,,,Re-use Day 3 - Team Comp 1 as Day 4 - Team Comp 1,A Group,,,,,,,,,,4 Attempts - 20 Races total,8,Go to Submit page,,,,,,,,,,,,,,,,,,,,,,,,,,,,,,,,,,,,,,,,,,,,,,,,,
9/25/2026 5:19:38,Enel,Graded (No Uma Restrictions),Win A finals,I accept these terms,Finals,Windows,$1-100,,11-20 (roughly 2-3 per day),0-5 (less than 1 per day),Discord - MooMooCord - https://discord.com/invite/moomoocows,,,Yukino Bijin,Pace Chaser,Ace built for this CM before CM start in Grand Concert scenario,2,1,,,2,1,,Symboli Rudolf,End Closer,Debuffer,,,,,,,,Grass Wonder,Late Surger,Debuffer,,,,,,,,4 Attempts - 20 Races total,17,Go to Submit page,,,,,,,,,,,,,,Re-use Day 1 - Team Comp 1 as Day 2 - Team Comp 1,,,,,,,,,,4 Attempts - 20 Races total,18,Go to Submit page,,,,,,,,,,,,,,,Re-use Day 2 - Team Comp 1 as Day 3 - Team Comp 1,A Group,,,,,,,,,,4 Attempts - 20 Races total,16,Go to Submit page,,,,,,,,,,,,,,,Re-use Day 3 - Team Comp 1 as Day 4 - Team Comp 1,A Group,,,,,,,,,,4 Attempts - 20 Races total,16,Go to Submit page,,,,,,,,,,,,,,,A Finals,,Re-use Day 4 - Team Comp 1 as Finals Team Comp,,,,,,,,,,,2nd,No (goes to Submit page),,,,,,,,,,,,,,,,,,,,
9/25/2026 5:32:26,Explain,Graded (No Uma Restrictions),Get into A finals,I accept these terms,Finals,"Android - phone or tablet, Windows",$1-100,1495,21-30 (roughly 3-4 per day),6-10 (roughly 1 per day),"Discord - MooMooCord - https://discord.com/invite/moomoocows, Twitch - MooMooCows - https://www.twitch.tv/moomoomoocows, YouTube - MooMooCows - https://www.youtube.com/@MooMooCows",,,Seiun Sky,Front Runner,Ace built for this CM before CM start in Grand Concert scenario,3,0,0,0,2,1,0,Mihono Bourbon (Valentine),Front Runner,Ace built for this CM before CM start in Grand Concert scenario,3,0,0,0,2,1,0,Rice Shower,Pace Chaser,Ace built for this CM before CM start in Grand Concert scenario,3,0,0,0,2,1,0,4 Attempts - 20 Races total,14,Go to Submit page,,,,,,,,,,,,,,Re-use Day 1 - Team Comp 1 as Day 2 - Team Comp 1,,,,,,,,,,4 Attempts - 20 Races total,17,Go to Submit page,,,,,,,,,,,,,,,Re-use Day 2 - Team Comp 1 as Day 3 - Team Comp 1,A Group,,,,,,,,,,4 Attempts - 20 Races total,8,Go to Submit page,,,,,,,,,,,,,,,Re-use Day 3 - Team Comp 1 as Day 4 - Team Comp 1,A Group,,,,,,,,,,4 Attempts - 20 Races total,15,Go to Submit page,,,,,,,,,,,,,,,A Finals,9370,Re-use Day 4 - Team Comp 1 as Finals Team Comp,,,,,,,,,,https://drive.google.com/open?id=1b8-3DfW9XQWamWdd4GZJucXjIfsPBCLl,1st,,,,,,,,,,,No,,https://drive.google.com/open?id=1SwJeKDHOL2ECBu4zHLeyt-ReBJ9TLvTU,https://drive.google.com/open?id=15ryFdqjd-d1JqhpH3Kw8LQWjfsVOHxui,,0,16,0,0,0,https://drive.google.com/open?id=1s9G2H-bPc2w42ekly1q1Dh0egm2JGoYw
9/25/2026 10:08:59,ParadoxSolutions,Graded (No Uma Restrictions),Get into A finals,I accept these terms,Finals,"iOS - phone or tablet, Windows",Rather not say,1887,46+ (more than 6 per day),,"Discord - MooMooCord - https://discord.com/invite/moomoocows, YouTube - MooMooCows - https://www.youtube.com/@MooMooCows",5,,Admire Vega,End Closer,Ace built for this CM before CM start in Grand Concert scenario,2,1,0,0,2,1,0,Grass Wonder,Front Runner,Debuffer,,,,,,,,Nice Nature,Late Surger,Debuffer,,,,,,,,4 Attempts - 20 Races total,16,Go to Submit page,,,,,,,,,,,,,,Re-use Day 1 - Team Comp 1 as Day 2 - Team Comp 1,,,,,,,,,,4 Attempts - 20 Races total,14,Go to Submit page,,,,,,,,,,,,,,,Add new Team Comp as Day 3 - Team Comp 1,A Group,Admire Vega,End Closer,Ace built for this CM before CM start in Grand Concert scenario,Grass Wonder,Front Runner,Debuffer,Eishin Flash (Valentine),End Closer,Debuffer,4 Attempts - 20 Races total,12,Go to Submit page,,,,,,,,,,,,,,,Re-use Day 3 - Team Comp 1 as Day 4 - Team Comp 1,A Group,,,,,,,,,,4 Attempts - 20 Races total,13,Go to Submit page,,,,,,,,,,,,,,,A Finals,9986,Re-use Day 4 - Team Comp 1 as Finals Team Comp,,,,,,,,,,https://drive.google.com/open?id=17YJCtsIJDtvENPAyUjGgEBbEjK4G2OP8,1st,,,,,,,,,,,Yes,yabs you yabs you yabs you yabs you,https://drive.google.com/open?id=1Rv4gPl_oXp44AZoH7dyeHrZX0IBYklJ7,https://drive.google.com/open?id=1et57AgGeDzpfZJL8U0PvJjznvbumQnAm,,,10,4,,,https://drive.google.com/open?id=1fyHTfgcsgRRFGCWHFqEjwVWbBDJszOK0
9/25/2026 6:20:30,quique36,Graded (No Uma Restrictions),Get into A finals,I accept these terms,Day 2,Windows,$1-100,1228,11-20 (roughly 2-3 per day),11-20 (roughly 2-3 per day),Discord - MooMooCord - https://discord.com/invite/moomoocows,5,Ask for individual uma win count instead of team win count,Meisho Doto (Halloween),Pace Chaser,Ace built for this CM before CM start in Grand Concert scenario,3,,,,2,1,,Agnes Tachyon,Late Surger,Debuffer,,,,,,,,Grass Wonder,Late Surger,Debuffer,,,,,,,,4 Attempts - 20 Races total,10,Go to Submit page,,,,,,,,,,,,,,Re-use Day 1 - Team Comp 1 as Day 2 - Team Comp 1,,,,,,,,,,4 Attempts - 20 Races total,10,Day 3,,,,,,,,,,,,,,,Re-use Day 2 - Team Comp 1 as Day 3 - Team Comp 1,A Group,,,,,,,,,,4 Attempts - 20 Races total,9,Day 4,,,,,,,,,,,,,,,Re-use Day 3 - Team Comp 1 as Day 4 - Team Comp 1,A Group,,,,,,,,,,4 Attempts - 20 Races total,7,Finals,,,,,,,,,,,,,,,A Finals,7899,Re-use Day 4 - Team Comp 1 as Finals Team Comp,,,,,,,,,,https://drive.google.com/open?id=1AIJCXoFkSG81BB-m7gMn_LTU8Uh0EdeA,1st,,,,,,,,,,,Yes,"""Make XOguris fumble and trip instead of her.""",https://drive.google.com/open?id=1_Pp0FIHVx4gp9UxqLIRz9vWH79oH0lpa,https://drive.google.com/open?id=1W5ENI_4Nvpo_NGlXsh_7zD1ECfiTO7xH,,1,9,2,,,https://drive.google.com/open?id=1AsrsZLTyANCX7G89eNJdSgDwn-6JWlPs
9/25/2026 6:51:52,Kasai Seigyo,Graded (No Uma Restrictions),Get into A finals,I accept these terms,Finals,Android - phone or tablet,$0,1420,11-20 (roughly 2-3 per day),11-20 (roughly 2-3 per day),Discord - MooMooCord - https://discord.com/invite/moomoocows,5,,Agnes Tachyon,End Closer,Debuffer,1,,,,4,1,,Grass Wonder,End Closer,Debuffer,1,,,,4,1,,Oguri Cap (Christmas),End Closer,Ace built for this CM before CM start in Grand Concert scenario,2,1,,,2,1,,1 Attempt - 5 Races total,4,Go to Submit page,,,,,,,,,,,,,,Re-use Day 1 - Team Comp 1 as Day 2 - Team Comp 1,,,,,,,,,,3 Attempts - 15 Races total,9,Go to Submit page,,,,,,,,,,,,,,,Re-use Day 2 - Team Comp 1 as Day 3 - Team Comp 1,A Group,,,,,,,,,,4 Attempts - 20 Races total,9,Go to Submit page,,,,,,,,,,,,,,,Re-use Day 3 - Team Comp 1 as Day 4 - Team Comp 1,A Group,,,,,,,,,,4 Attempts - 20 Races total,9,Go to Submit page,,,,,,,,,,,,,,,A Finals,8751,Re-use Day 4 - Team Comp 1 as Finals Team Comp,,,,,,,,,,https://drive.google.com/open?id=18c-MC_m4An6-v1Z50d7NMjHDVjq6hLCL,3rd,Yes,https://drive.google.com/open?id=1AzVmIpXxSUpk8b_Gp4icNjlHpEEXQdnM,https://drive.google.com/open?id=1QMebZAtTx1ySXWweF7sZ7AGK34nWsVH8,,,16,,,,https://drive.google.com/open?id=1ODB6I5TXqlM1UpXkcsheRLuyyK0P_j-o,,,,,,,,,,,
9/25/2026 6:11:30,bettycrockerUS,Graded (No Uma Restrictions),Win A finals,I accept these terms,Finals,"Android - phone or tablet, Windows",$1-100,1374,21-30 (roughly 3-4 per day),21-30 (roughly 3-4 per day),YouTube - MooMooCows - https://www.youtube.com/@MooMooCows,5,,Nice Nature (Cheerleader),Late Surger,Ace built for this CM before CM start in Grand Concert scenario,3,1,0,0,1,1,0,Agnes Digital,Late Surger,Ace built for this CM before CM start in Grand Concert scenario,2,1,0,0,2,1,0,Matikanetannhauser,Late Surger,Ace built for this CM before CM start in Grand Concert scenario,3,0,0,0,2,1,0,4 Attempts - 20 Races total,13,Go to Submit page,,,,,,,,,,,,,,,,,,,,,,,,,,,,,,,,,,,,,,,,,Re-use Day 2 - Team Comp 1 as Day 3 - Team Comp 1,A Group,,,,,,,,,,1 Attempt - 5 Races total,12,Go to Submit page,,,,,,,,,,,,,,,Re-use Day 3 - Team Comp 1 as Day 4 - Team Comp 1,A Group,,,,,,,,,,4 Attempts - 20 Races total,11,Go to Submit page,,,,,,,,,,,,,,,A Finals,11489,Re-use Day 4 - Team Comp 1 as Finals Team Comp,,,,,,,,,,https://drive.google.com/open?id=1_fcDZBDO9hhIf8gji3RYzlWUD31CJSGN,1st,,,,,,,,,,,Yes,Wuv You,https://drive.google.com/open?id=1iXClrj7RF598Hvf9xw3bbf7C4B59nNWT,https://drive.google.com/open?id=1w64dG3ViGcXN4LCdzN0XofCIsF4SOodB,,2,11,,,,https://drive.google.com/open?id=1uUOW7A23PIbvy8iEEwZVjrVgI32bcTb_
9/22/2026 6:18:49,Ceobe,Graded (No Uma Restrictions),Win A finals,I accept these terms,Day 2,iOS - phone or tablet,$101-500,2143,46+ (more than 6 per day),6-10 (roughly 1 per day),Discord - MooMooCord - https://discord.com/invite/moomoocows,,,Manhattan Cafe,Late Surger,Ace built for this CM before CM start in Grand Concert scenario,3,0,0,0,2,1,0,Fine Motion,Pace Chaser,Ace built for this CM before CM start in Grand Concert scenario,3,1,0,0,1,1,0,Rice Shower (Halloween),Pace Chaser,Ace built for this CM before CM start in Grand Concert scenario,3,0,0,0,2,1,0,4 Attempts - 20 Races total,16,Go to Submit page,,,,,,,,,,,,,,Re-use Day 1 - Team Comp 1 as Day 2 - Team Comp 1,,,,,,,,,,4 Attempts - 20 Races total,15,Day 3,,,,,,,,,,,,,,,Re-use Day 2 - Team Comp 1 as Day 3 - Team Comp 1,A Group,,,,,,,,,,4 Attempts - 20 Races total,11,Go to Submit page,,,,,,,,,,,,,,,,,,,,,,,,,,,,,,,,,,,,,,,,,,,,,,,,,,,,,,,,,,,,,,,,,,,,,,,,,,,,,
9/25/2026 12:07:33,Mayu,Graded (No Uma Restrictions),Get into A finals,I accept these terms,Finals,Windows,$1-100,1044,11-20 (roughly 2-3 per day),11-20 (roughly 2-3 per day),Discord - MooMooCord - https://discord.com/invite/moomoocows,4,,Meisho Doto,Pace Chaser,Ace built for this CM before CM start in Grand Concert scenario,3,0,0,0,2,1,0,Mayano Top Gun,Pace Chaser,Ace built for this CM before CM start in Grand Concert scenario,3,0,0,0,2,1,0,Grass Wonder,Late Surger,Debuffer,2,0,1,0,3,0,0,4 Attempts - 20 Races total,12,Go to Submit page,,,,,,,,,,,,,,Re-use Day 1 - Team Comp 1 as Day 2 - Team Comp 1,,,,,,,,,,4 Attempts - 20 Races total,13,Go to Submit page,,,,,,,,,,,,,,,Add new Team Comp as Day 3 - Team Comp 1,A Group,Oguri Cap (Christmas),Pace Chaser,Ace built for this CM before CM start in Grand Concert scenario,Grass Wonder,Late Surger,Debuffer,Agnes Tachyon,Late Surger,Debuffer,4 Attempts - 20 Races total,10,Day 4,,,,,,,,,,,,,,,Re-use Day 3 - Team Comp 1 as Day 4 - Team Comp 1,A Group,,,,,,,,,,4 Attempts - 20 Races total,5,Go to Submit page,,,,,,,,,,,,,,,A Finals,6650,Add new Team Comp as Finals Team Comp,Meisho Doto,Pace Chaser,Ace built for this CM before CM start in Grand Concert scenario,Mayano Top Gun,Pace Chaser,Ace built for this CM before CM start in Grand Concert scenario,Grass Wonder,Late Surger,Debuffer,https://drive.google.com/open?id=1F7e9wwCtc8zykB4hzCieRfn3KT1aGJO5,1st,,,,,,,,,,,Yes,Do you copy!?,https://drive.google.com/open?id=14xzv8cfs12S-dQOU12Y005FDzxPFY7aD,https://drive.google.com/open?id=1X8zDoaV5z9zyT_CQsPwlRJJE6UiBbGfJ,,,,,,,https://drive.google.com/open?id=1dgCaZ_TDi9hBvBoqxeO9MXE79jhVtS-2
9/25/2026 5:50:28,HarueNaoki,Graded (No Uma Restrictions),Win A finals,I accept these terms,Finals,"Android - phone or tablet, Windows",$1-100,1475,21-30 (roughly 3-4 per day),11-20 (roughly 2-3 per day),Discord - MooMooCord - https://discord.com/invite/moomoocows,4,,Oguri Cap (Christmas),End Closer,Ace built for this CM before CM start in Grand Concert scenario,3,,,,2,1,,Nice Nature,End Closer,Debuffer,,,,,,,,Mayano Top Gun (Wedding),End Closer,Debuffer,,,,,,,,4 Attempts - 20 Races total,19,Go to Submit page,,,,,,,,,,,,,,Re-use Day 1 - Team Comp 1 as Day 2 - Team Comp 1,,,,,,,,,,4 Attempts - 20 Races total,19,Go to Submit page,,,,,,,,,,,,,,,Re-use Day 2 - Team Comp 1 as Day 3 - Team Comp 1,A Group,,,,,,,,,,4 Attempts - 20 Races total,20,Go to Submit page,,,,,,,,,,,,,,,Re-use Day 3 - Team Comp 1 as Day 4 - Team Comp 1,A Group,,,,,,,,,,4 Attempts - 20 Races total,18,Go to Submit page,,,,,,,,,,,,,,,A Finals,13548,Re-use Day 4 - Team Comp 1 as Finals Team Comp,,,,,,,,,,https://drive.google.com/open?id=1JMCD6U581hudJ-Wtcwdu6NfNq-T74IjC,1st,,,,,,,,,,,Yes,"""hauupp""",https://drive.google.com/open?id=1KlncosUctnO268nnimCGO34TbdicMqGL,https://drive.google.com/open?id=1qiENMYO2PUb41dn_2L_kC7-90ffkYPp-,,,15,,,,https://drive.google.com/open?id=1pEiShNGNOFLXtP5E5qkX4ib3aXCeBE_c
9/25/2026 21:43:06,Kman,Graded (No Uma Restrictions),Get into A finals,I accept these terms,Day 4,Android - phone or tablet,$1-100,,,,Discord - MooMooCord - https://discord.com/invite/moomoocows,5,,T.M. Opera O,Pace Chaser,Ace built for this CM before CM start in Grand Concert scenario,3,1,,,1,1,,Gold Ship,End Closer,Ace built for this CM before CM start in Grand Concert scenario,3,1,,,1,1,,Tokai Teio,Pace Chaser,Ace built for this CM before CM start in Grand Concert scenario,2,1,,,2,1,,1 Attempt - 5 Races total,1,Day 1 - Add 2nd Team,T.M. Opera O,Pace Chaser,Ace built for this CM before CM start in Grand Concert scenario,Mayano Top Gun (Wedding),Late Surger,Debuffer,Nice Nature,Late Surger,Debuffer,3 Attempts - 15 Races total,12,2 teams,Go to Submit page,Re-use Day 1 - Team Comp 2 as Day 2 - Team Comp 1,,,,,,,,,,4 Attempts - 20 Races total,12,Day 3,,,,,,,,,,,,,,,Re-use Day 2 - Team Comp 1 as Day 3 - Team Comp 1,A Group,,,,,,,,,,4 Attempts - 20 Races total,11,Go to Submit page,,,,,,,,,,,,,,,Re-use Day 3 - Team Comp 1 as Day 4 - Team Comp 1,A Group,,,,,,,,,,4 Attempts - 20 Races total,10,Finals,,,,,,,,,,,,,,,A Finals,13821,Re-use Day 4 - Team Comp 1 as Finals Team Comp,,,,,,,,,,https://drive.google.com/open?id=1kpFWyLLLu5eJpJzPVQAuPvRqRx2oxprb,2nd,Yes,https://drive.google.com/open?id=1OmY7Cr4AZ7Kc6LC8MQixeWWy5yKadB1b,https://drive.google.com/open?id=1omRYyd0qCj2lpY85ooWXHekbIueXEZla,https://drive.google.com/open?id=1mu9ZSEijOeb510LowAoHnMh70MHctstQ,5,3,3,,2,https://drive.google.com/open?id=1Bw3_yfMKWGJDAy1XfjwlxS4RN6bfL1Bg,,,,,,,,,,,
9/25/2026 12:09:07,Yuki,Graded (No Uma Restrictions),Get into A finals,I accept these terms,Finals,Windows,$1-100,1248,11-20 (roughly 2-3 per day),11-20 (roughly 2-3 per day),Discord - MooMooCord - https://discord.com/invite/moomoocows,4,,Mihono Bourbon (Valentine),Front Runner,Ace built for this CM before CM start in Grand Concert scenario,2,1,0,0,2,1,0,Silence Suzuka,Runaway,Debuffer,1,0,0,1,3,1,0,Agnes Tachyon,Late Surger,Debuffer,1,0,1,0,4,0,0,4 Attempts - 20 Races total,16,Go to Submit page,,,,,,,,,,,,,,Re-use Day 1 - Team Comp 1 as Day 2 - Team Comp 1,,,,,,,,,,4 Attempts - 20 Races total,17,Go to Submit page,,,,,,,,,,,,,,,Re-use Day 2 - Team Comp 1 as Day 3 - Team Comp 1,A Group,,,,,,,,,,4 Attempts - 20 Races total,14,Day 4,,,,,,,,,,,,,,,Re-use Day 3 - Team Comp 1 as Day 4 - Team Comp 1,A Group,,,,,,,,,,4 Attempts - 20 Races total,18,Go to Submit page,,,,,,,,,,,,,,,A Finals,12361,Re-use Day 4 - Team Comp 1 as Finals Team Comp,,,,,,,,,,,2nd,No (goes to Submit page),,,,,,,,,,,,,,,,,,,,
9/25/2026 6:00:20,jet4sale,Graded (No Uma Restrictions),Get into A finals,I accept these terms,Finals,"Android - phone or tablet, Windows",$501-1000,2001,21-30 (roughly 3-4 per day),11-20 (roughly 2-3 per day),"Discord - MooMooCord - https://discord.com/invite/moomoocows, Twitch - MooMooCows - https://www.twitch.tv/moomoomoocows, YouTube - MooMooCows - https://www.youtube.com/@MooMooCows",,,Oguri Cap (Christmas),Pace Chaser,Ace built for this CM before CM start in Grand Concert scenario,2,0,1,0,2,1,0,Agnes Tachyon,End Closer,Debuffer,2,1,0,1,2,0,0,Eishin Flash (Valentine),End Closer,Debuffer,2,1,0,1,2,0,0,4 Attempts - 20 Races total,17,Go to Submit page,,,,,,,,,,,,,,Re-use Day 1 - Team Comp 1 as Day 2 - Team Comp 1,,,,,,,,,,4 Attempts - 20 Races total,12,Go to Submit page,,,,,,,,,,,,,,,Re-use Day 2 - Team Comp 1 as Day 3 - Team Comp 1,A Group,,,,,,,,,,4 Attempts - 20 Races total,18,Go to Submit page,,,,,,,,,,,,,,,Re-use Day 3 - Team Comp 1 as Day 4 - Team Comp 1,A Group,,,,,,,,,,4 Attempts - 20 Races total,14,Go to Submit page,,,,,,,,,,,,,,,A Finals,10190,Re-use Day 4 - Team Comp 1 as Finals Team Comp,,,,,,,,,,https://drive.google.com/open?id=1NLDeu9SDO0ByZb3qNUoAoza2Yq5gpqLh,1st,,,,,,,,,,,No,,https://drive.google.com/open?id=1f-_KlGI_6Fu7z1NaUza2AsjHvbJhe1cn,,,0,11,2,0,0,https://drive.google.com/open?id=1WftYH8TLGISDjXLDhVUfVj-gll-0L7z_
9/25/2026 6:12:16,ToniiiN,Graded (No Uma Restrictions),Win A finals,I accept these terms,Finals,,$101-500,1319,31-45 (roughly 5-6 per day),6-10 (roughly 1 per day),,5,,Oguri Cap (Christmas),End Closer,Ace built for this CM before CM start in Grand Concert scenario,2,1,,,2,1,,Agnes Tachyon,End Closer,Debuffer,1,,1,,3,1,,Grass Wonder,End Closer,Debuffer,1,,1,,3,1,,4 Attempts - 20 Races total,17,Go to Submit page,,,,,,,,,,,,,,Re-use Day 1 - Team Comp 1 as Day 2 - Team Comp 1,,,,,,,,,,4 Attempts - 20 Races total,18,Go to Submit page,,,,,,,,,,,,,,,Re-use Day 2 - Team Comp 1 as Day 3 - Team Comp 1,A Group,,,,,,,,,,4 Attempts - 20 Races total,15,Go to Submit page,,,,,,,,,,,,,,,Re-use Day 3 - Team Comp 1 as Day 4 - Team Comp 1,A Group,,,,,,,,,,4 Attempts - 20 Races total,15,Go to Submit page,,,,,,,,,,,,,,,A Finals,12903,Re-use Day 4 - Team Comp 1 as Finals Team Comp,,,,,,,,,,https://drive.google.com/open?id=1qZs1jrGwKboYiPiHYzNX5QfVb7B6x61J,1st,,,,,,,,,,,No,,,,,,,,,,
9/25/2026 13:00:29,KEKW,Graded (No Uma Restrictions),Win A finals,I accept these terms,Finals,Windows,$101-500,,11-20 (roughly 2-3 per day),11-20 (roughly 2-3 per day),Discord - MooMooCord - https://discord.com/invite/moomoocows,4,,Oguri Cap (Christmas),End Closer,Ace built for this CM before CM start in Grand Concert scenario,2,1,0,0,2,1,0,Grass Wonder,End Closer,Debuffer,,,,,,,,Agnes Tachyon,End Closer,Debuffer,,,,,,,,4 Attempts - 20 Races total,15,Go to Submit page,,,,,,,,,,,,,,Re-use Day 1 - Team Comp 2 as Day 2 - Team Comp 1,,,,,,,,,,4 Attempts - 20 Races total,14,Go to Submit page,,,,,,,,,,,,,,,Re-use Day 2 - Team Comp 2 as Day 3 - Team Comp 1,A Group,,,,,,,,,,4 Attempts - 20 Races total,16,Go to Submit page,,,,,,,,,,,,,,,Re-use Day 3 - Team Comp 2 as Day 4 - Team Comp 1,A Group,,,,,,,,,,4 Attempts - 20 Races total,13,Go to Submit page,,,,,,,,,,,,,,,A Finals,10584,Re-use Day 4 - Team Comp 2 as Finals Team Comp,,,,,,,,,,,1st,,,,,,,,,,,No,,,,,,,,,,
9/25/2026 6:24:58,vgolfer,Open (A+ Grade and Lower Umas Only),Win A finals,I accept these terms,Finals,"Android - phone or tablet, Windows",$101-500,1566,11-20 (roughly 2-3 per day),31-45 (roughly 5-6 per day),"Discord - MooMooCord - https://discord.com/invite/moomoocows, Discord - Pakacord! - https://discord.com/invite/umamusume, Twitch - MooMooCows - https://www.twitch.tv/moomoomoocows, YouTube - MooMooCows - https://www.youtube.com/@MooMooCows",3,"in optional opponent screenshots, could you put them back to back instead of breaking the screenshot streak with spark count. it would allow getting all the screenshots needed on mobile in one go before exporting it to the form.",Silence Suzuka,Runaway,Ace built for this CM before CM start in Unity Cup scenario,2,,1,,3,,,Mihono Bourbon (Valentine),Front Runner,Ace built for this CM before CM start in Unity Cup scenario,2,,1,,2,1,,Mejiro Dober (Camping),Late Surger,Ace built for this CM before CM start in Unity Cup scenario,2,,1,,2,1,,4 Attempts - 20 Races total,17,Go to Submit page,,,,,,,,,,,,,,Re-use Day 1 - Team Comp 1 as Day 2 - Team Comp 1,,,,,,,,,,4 Attempts - 20 Races total,19,Go to Submit page,,,,,,,,,,,,,,,Re-use Day 2 - Team Comp 1 as Day 3 - Team Comp 1,A Group,,,,,,,,,,4 Attempts - 20 Races total,16,Go to Submit page,,,,,,,,,,,,,,,Re-use Day 3 - Team Comp 1 as Day 4 - Team Comp 1,A Group,,,,,,,,,,4 Attempts - 20 Races total,15,Go to Submit page,,,,,,,,,,,,,,,A Finals,5976,Re-use Day 4 - Team Comp 1 as Finals Team Comp,,,,,,,,,,https://drive.google.com/open?id=1PARphJJe4-Ze_IO6V720Zzx4Nf3u3wf8,2nd,Yes,https://drive.google.com/open?id=1jZ4k5RHkZKboi1VGuNqyZpVzEodKCc8i,https://drive.google.com/open?id=1CVEOzupQc6CYF5exsTMpOCpJlY6nwBVd,,,3,14,,,https://drive.google.com/open?id=1HHgF3haVfYqv9SK5kVBGJ2kcfDt_fxba,,,,,,,,,,,
9/25/2026 15:04:40,Heb,Graded (No Uma Restrictions),Win A finals,I accept these terms,Finals,Windows,$1-100,904,11-20 (roughly 2-3 per day),11-20 (roughly 2-3 per day),Discord - MooMooCord - https://discord.com/invite/moomoocows,5,,Inari One (Festival),End Closer,Ace built for this CM before CM start in Grand Concert scenario,2,1,0,0,2,1,,Mayano Top Gun (Wedding),End Closer,Debuffer,,,,,,,,Super Creek (Halloween),Late Surger,Debuffer,,,,,,,,4 Attempts - 20 Races total,12,Go to Submit page,,,,,,,,,,,,,,Re-use Day 1 - Team Comp 1 as Day 2 - Team Comp 1,,,,,,,,,,4 Attempts - 20 Races total,7,Day 4,,,,,,,,,,,,,,,Re-use Day 2 - Team Comp 1 as Day 3 - Team Comp 1,A Group,,,,,,,,,,4 Attempts - 20 Races total,4,Go to Submit page,,,,,,,,,,,,,,,Re-use Day 3 - Team Comp 1 as Day 4 - Team Comp 1,A Group,,,,,,,,,,4 Attempts - 20 Races total,7,Go to Submit page,,,,,,,,,,,,,,,B Finals,3718,Re-use Day 4 - Team Comp 1 as Finals Team Comp,,,,,,,,,,https://drive.google.com/open?id=1PBPEGtw_OBLka3_VOYgP8c1JOFCDOGxp,2nd,No (goes to Submit page),,,,,,,,,,,,,,,,,,,,
9/25/2026 12:37:23,Temu Admirevega,Graded (No Uma Restrictions),Get into A finals,I accept these terms,Finals,,$1-100,1910,31-45 (roughly 5-6 per day),0-5 (less than 1 per day),Discord - MooMooCord - https://discord.com/invite/moomoocows,4,,Admire Vega,End Closer,Ace built for this CM before CM start in Grand Concert scenario,3,,,,2,0,,Sweep Tosho,End Closer,Ace built for this CM before CM start in Grand Concert scenario,3,,,,2,0,,Agnes Tachyon,End Closer,Debuffer,,,,,,,,4 Attempts - 20 Races total,15,Go to Submit page,,,,,,,,,,,,,,Re-use Day 1 - Team Comp 1 as Day 2 - Team Comp 1,,,,,,,,,,4 Attempts - 20 Races total,17,Go to Submit page,,,,,,,,,,,,,,,Re-use Day 2 - Team Comp 1 as Day 3 - Team Comp 1,A Group,,,,,,,,,,4 Attempts - 20 Races total,15,Go to Submit page,,,,,,,,,,,,,,,Re-use Day 3 - Team Comp 1 as Day 4 - Team Comp 1,A Group,,,,,,,,,,4 Attempts - 20 Races total,15,Go to Submit page,,,,,,,,,,,,,,,A Finals,11531,Re-use Day 4 - Team Comp 1 as Finals Team Comp,,,,,,,,,,https://drive.google.com/open?id=14A170lDRlbFQqxcUNGMvN3n8SD5HYqZY,1st,,,,,,,,,,,Yes,It's in my name,https://drive.google.com/open?id=1zCsYuM9ASpxb61_1cTDYJA-vbdvLYSth,https://drive.google.com/open?id=1gECH4vZRDW8HPB9qdLjhrpoW2_yCNXrr,,10,,2,3,,https://drive.google.com/open?id=1HpwyONQ6m47BhLY9P5Oy7Y-pUDjm9NmT
9/23/2026 6:23:56,MustachedMadman,Graded (No Uma Restrictions),Get into A finals,I accept these terms,Day 1,iOS - phone or tablet,$0,1253,11-20 (roughly 2-3 per day),0-5 (less than 1 per day),YouTube - MooMooCows - https://www.youtube.com/@MooMooCows,5,,Oguri Cap (Christmas),Pace Chaser,Ace built for this CM before CM start in Grand Concert scenario,2,1,,,2,1,,Mihono Bourbon (Valentine),Front Runner,Ace built for this CM before CM start in Grand Concert scenario,2,1,,,2,1,,Seiun Sky,Front Runner,Ace built for this CM before CM start in Grand Concert scenario,2,1,,,2,1,,4 Attempts - 20 Races total,14,Day 2,,,,,,,,,,,,,,Re-use Day 1 - Team Comp 1 as Day 2 - Team Comp 1,,,,,,,,,,4 Attempts - 20 Races total,16,Day 3,,,,,,,,,,,,,,,Re-use Day 2 - Team Comp 1 as Day 3 - Team Comp 1,A Group,,,,,,,,,,4 Attempts - 20 Races total,8,Day 4,,,,,,,,,,,,,,,Re-use Day 3 - Team Comp 1 as Day 4 - Team Comp 1,A Group,,,,,,,,,,4 Attempts - 20 Races total,11,Go to Submit page,,,,,,,,,,,,,,,,,,,,,,,,,,,,,,,,,,,,,,,,,,,,,,,,,
9/25/2026 10:40:50,Syphon,Graded (No Uma Restrictions),Get into A finals,I accept these terms,Finals,Android - phone or tablet,$0,1174,11-20 (roughly 2-3 per day),6-10 (roughly 1 per day),Discord - MooMooCord - https://discord.com/invite/moomoocows,5,,Manhattan Cafe,Late Surger,Ace built for this CM before CM start in Grand Concert scenario,3,0,0,0,2,1,0,Admire Vega,End Closer,Ace built for this CM before CM start in Grand Concert scenario,2,1,0,0,2,1,0,Agnes Digital,Late Surger,Ace built for this CM before CM start in Grand Concert scenario,3,0,0,0,2,1,0,4 Attempts - 20 Races total,9,Go to Submit page,,,,,,,,,,,,,,Re-use Day 1 - Team Comp 1 as Day 2 - Team Comp 1,,,,,,,,,,4 Attempts - 20 Races total,7,Go to Submit page,,,,,,,,,,,,,,,Re-use Day 2 - Team Comp 1 as Day 3 - Team Comp 1,A Group,,,,,,,,,,4 Attempts - 20 Races total,4,Go to Submit page,,,,,,,,,,,,,,,Re-use Day 3 - Team Comp 1 as Day 4 - Team Comp 1,A Group,,,,,,,,,,4 Attempts - 20 Races total,4,Go to Submit page,,,,,,,,,,,,,,,B Finals,2431,Re-use Day 4 - Team Comp 1 as Finals Team Comp,,,,,,,,,,https://drive.google.com/open?id=1ujOpdOZ25emmxFUEmgbCNRwOez6R2vn4,1st,,,,,,,,,,,No,,https://drive.google.com/open?id=1vo3kUZ-79kdkq3omZE5YltnBB4bjDQnB,https://drive.google.com/open?id=13VroDT0Typ--qlAKza8TR-O5-dhM05YO,,3,11,0,0,3,https://drive.google.com/open?id=165gYuCmTPUUTuEgDSyrcDL5X3Pi3Kn0h
9/25/2026 5:25:35,Victoria Secret,Graded (No Uma Restrictions),Win A finals,I accept these terms,Finals,Android - phone or tablet,$1-100,2326,31-45 (roughly 5-6 per day),21-30 (roughly 3-4 per day),Discord - MooMooCord - https://discord.com/invite/moomoocows,5,,Mayano Top Gun,Pace Chaser,Ace built for this CM before CM start in Grand Concert scenario,3,,,,1,,,Grass Wonder,Late Surger,Debuffer,1,,1,,3,1,,Symboli Rudolf,Late Surger,Debuffer,1,,1,,3,1,,4 Attempts - 20 Races total,14,Go to Submit page,,,,,,,,,,,,,,Re-use Day 1 - Team Comp 1 as Day 2 - Team Comp 1,,,,,,,,,,4 Attempts - 20 Races total,16,Go to Submit page,,,,,,,,,,,,,,,Re-use Day 2 - Team Comp 1 as Day 3 - Team Comp 1,A Group,,,,,,,,,,4 Attempts - 20 Races total,13,Go to Submit page,,,,,,,,,,,,,,,Re-use Day 3 - Team Comp 1 as Day 4 - Team Comp 1,A Group,,,,,,,,,,4 Attempts - 20 Races total,14,Go to Submit page,,,,,,,,,,,,,,,A Finals,15475,Re-use Day 4 - Team Comp 1 as Finals Team Comp,,,,,,,,,,https://drive.google.com/open?id=15AAqlwd32XcHI0jCiaCYHlhjiO8tZMPS,2nd,No (goes to Submit page),,,,,,,,,,,,,,,,,,,,
9/25/2026 10:14:28,ravencorp,Graded (No Uma Restrictions),Collect participation rewards,I accept these terms,Finals,Windows,$1-100,1068,6-10 (roughly 1 per day),0-5 (less than 1 per day),Discord - MooMooCord - https://discord.com/invite/moomoocows,5,,Special Week,Pace Chaser,Ace built for this CM before CM start in Grand Concert scenario,3,,,,2,1,,Nice Nature,Late Surger,Debuffer,,,1,1,4,,,Super Creek (Halloween),Late Surger,Debuffer,1,,,,4,1,,4 Attempts - 20 Races total,10,Go to Submit page,,,,,,,,,,,,,,Re-use Day 1 - Team Comp 1 as Day 2 - Team Comp 1,,,,,,,,,,4 Attempts - 20 Races total,12,Go to Submit page,,,,,,,,,,,,,,,Re-use Day 2 - Team Comp 1 as Day 3 - Team Comp 1,A Group,,,,,,,,,,4 Attempts - 20 Races total,5,Go to Submit page,,,,,,,,,,,,,,,Re-use Day 3 - Team Comp 1 as Day 4 - Team Comp 1,A Group,,,,,,,,,,1 Attempt - 5 Races total,1,Day 4 - Add 2nd team,Add new Team Comp as Day 4 - Team Comp 2,Special Week,Pace Chaser,Mid-CM Ace build in Grand Concert scenario,Eishin Flash (Valentine),Late Surger,Debuffer,Agnes Tachyon,Late Surger,Debuffer,3 Attempts - 15 Races total,5,2 teams,Go to Submit page,A Finals,11541,Re-use Day 4 - Team Comp 2 as Finals Team Comp,,,,,,,,,,https://drive.google.com/open?id=1qPcT2grQgJ3vQlot1TZXXScAWlNxZLg-,2nd,No (goes to Submit page),,,,,,,,,,,,,,,,,,,,
9/25/2026 8:08:55,Nana,Graded (No Uma Restrictions),Win A finals,I accept these terms,Finals,"Android - phone or tablet, Windows",$101-500,2062,46+ (more than 6 per day),0-5 (less than 1 per day),Discord - MooMooCord - https://discord.com/invite/moomoocows,5,,Oguri Cap (Christmas),Pace Chaser,Ace built for this CM before CM start in Grand Concert scenario,3,0,0,0,2,1,0,Symboli Rudolf,Late Surger,Debuffer,,,,,,,,Nice Nature,Late Surger,Debuffer,,,,,,,,4 Attempts - 20 Races total,18,Go to Submit page,,,,,,,,,,,,,,Re-use Day 1 - Team Comp 1 as Day 2 - Team Comp 1,,,,,,,,,,4 Attempts - 20 Races total,17,Go to Submit page,,,,,,,,,,,,,,,Re-use Day 2 - Team Comp 1 as Day 3 - Team Comp 1,A Group,,,,,,,,,,4 Attempts - 20 Races total,15,Go to Submit page,,,,,,,,,,,,,,,Re-use Day 3 - Team Comp 1 as Day 4 - Team Comp 1,A Group,,,,,,,,,,4 Attempts - 20 Races total,18,Go to Submit page,,,,,,,,,,,,,,,A Finals,11756,Re-use Day 4 - Team Comp 1 as Finals Team Comp,,,,,,,,,,https://drive.google.com/open?id=17VtEuzDmTKuOHgIzPhQYgL3Q-fY0pw0y,1st,,,,,,,,,,,Yes,"Sorry my Oshi is Oguri cap, Nice Nature, and Symboli Rudolph ",https://drive.google.com/open?id=1WI5AnI1RYrBKL6BHKCmpq-Xz1tEi-kyS,https://drive.google.com/open?id=1_N16D-e00WB8CcoyQFkyyrENJTteS2oT,,0,14,0,0,1,https://drive.google.com/open?id=1alFaC5SAL0O86GYKI0GDy33WXiYsrss7
9/25/2026 5:45:00,LeToucan,Graded (No Uma Restrictions),Win A finals,I accept these terms,Finals,Windows,$0,,31-45 (roughly 5-6 per day),6-10 (roughly 1 per day),Discord - MooMooCord - https://discord.com/invite/moomoocows,,,Gold Ship (Summer),End Closer,Ace built for this CM before CM start in Grand Concert scenario,3,,,,2,1,,Mejiro Dober,Late Surger,Ace built for this CM before CM start in Grand Concert scenario,2,1,0,,2,1,,Grass Wonder,Front Runner,Debuffer,,,,,,,,4 Attempts - 20 Races total,18,Go to Submit page,,,,,,,,,,,,,,Re-use Day 1 - Team Comp 1 as Day 2 - Team Comp 1,,,,,,,,,,4 Attempts - 20 Races total,15,Go to Submit page,,,,,,,,,,,,,,,Re-use Day 2 - Team Comp 1 as Day 3 - Team Comp 1,A Group,,,,,,,,,,4 Attempts - 20 Races total,16,Go to Submit page,,,,,,,,,,,,,,,Re-use Day 3 - Team Comp 1 as Day 4 - Team Comp 1,A Group,,,,,,,,,,4 Attempts - 20 Races total,13,Go to Submit page,,,,,,,,,,,,,,,A Finals,13048,Re-use Day 4 - Team Comp 1 as Finals Team Comp,,,,,,,,,,https://drive.google.com/open?id=1MUmiqZQX10MhNo8oglbnHXAHOgqy_x_n,1st,,,,,,,,,,,Yes,They don't want you to know this but Summer Goatship is actually OP,https://drive.google.com/open?id=1iOt7TWLq95ZJ4oeN8_fQXu6oDMR3qS4f,https://drive.google.com/open?id=1GoMiw3arIVHLIgpNVshbwX66V1pH21YT,,2,11,2,,,https://drive.google.com/open?id=1qR9CrD4FrFjviBdtdt_oLegFXOJ-p810
9/25/2026 12:01:56,Snolanda,Graded (No Uma Restrictions),Win A finals,I accept these terms,Finals,Windows,$1-100,962,6-10 (roughly 1 per day),6-10 (roughly 1 per day),Discord - MooMooCord - https://discord.com/invite/moomoocows,4,,Mejiro Palmer,Front Runner,Ace built for this CM before CM start in Grand Concert scenario,2,1,,,2,1,,Seiun Sky,Front Runner,Ace built for this CM before CM start in Grand Concert scenario,3,1,,,1,1,,Oguri Cap (Christmas),End Closer,Ace built for this CM before CM start in Grand Concert scenario,2,1,,,2,1,,4 Attempts - 20 Races total,15,Go to Submit page,,,,,,,,,,,,,,Re-use Day 1 - Team Comp 1 as Day 2 - Team Comp 1,,,,,,,,,,4 Attempts - 20 Races total,15,Go to Submit page,,,,,,,,,,,,,,,Re-use Day 2 - Team Comp 1 as Day 3 - Team Comp 1,A Group,,,,,,,,,,4 Attempts - 20 Races total,9,Day 4,,,,,,,,,,,,,,,Re-use Day 3 - Team Comp 1 as Day 4 - Team Comp 1,A Group,,,,,,,,,,4 Attempts - 20 Races total,13,Go to Submit page,,,,,,,,,,,,,,,A Finals,13355,Re-use Day 4 - Team Comp 1 as Finals Team Comp,,,,,,,,,,https://drive.google.com/open?id=1ddvoMhaYK3aG8MJTVjQ2TdMQSaSXd_y5,2nd,Yes,https://drive.google.com/open?id=1TOJ7dzk3zUU4DPtFWRv_8FHlaQPwsb88,https://drive.google.com/open?id=1iHhCQHMzCMBQtpu8uHCC4f8cYVbNbzbp,,,,2,,2,https://drive.google.com/open?id=11u-Zz88pKitERxy38fixDu5FjBPvATiL,,,,,,,,,,,
9/25/2026 5:11:52,Soren,Graded (No Uma Restrictions),Win A finals,I accept these terms,Finals,"iOS - phone or tablet, Windows",$101-500,1351,11-20 (roughly 2-3 per day),6-10 (roughly 1 per day),Rather not say,5,,Oguri Cap (Christmas),End Closer,Ace built for this CM before CM start in Grand Concert scenario,3,0,0,0,2,1,0,Agnes Tachyon,Pace Chaser,Debuffer,,,,,,,,Grass Wonder,Pace Chaser,Debuffer,,,,,,,,4 Attempts - 20 Races total,14,Go to Submit page,,,,,,,,,,,,,,Re-use Day 1 - Team Comp 1 as Day 2 - Team Comp 1,,,,,,,,,,4 Attempts - 20 Races total,15,Go to Submit page,,,,,,,,,,,,,,,Re-use Day 2 - Team Comp 1 as Day 3 - Team Comp 1,A Group,,,,,,,,,,3 Attempts - 15 Races total,12,Go to Submit page,,,,,,,,,,,,,,,Re-use Day 3 - Team Comp 1 as Day 4 - Team Comp 1,A Group,,,,,,,,,,4 Attempts - 20 Races total,12,Go to Submit page,,,,,,,,,,,,,,,A Finals,7982,Re-use Day 4 - Team Comp 1 as Finals Team Comp,,,,,,,,,,https://drive.google.com/open?id=1Bd9qTOeK1sM11VXpnU9Bl8Q_cNs7srsY,1st,,,,,,,,,,,No,,,,,,,,,,
9/25/2026 11:25:38,someone325,Graded (No Uma Restrictions),Get into A finals,I accept these terms,Finals,Android - phone or tablet,$1-100,961,21-30 (roughly 3-4 per day),0-5 (less than 1 per day),"Discord - MooMooCord - https://discord.com/invite/moomoocows, YouTube - MooMooCows - https://www.youtube.com/@MooMooCows",5,,Oguri Cap (Christmas),End Closer,Ace built for this CM before CM start in Grand Concert scenario,2,1,0,0,2,1,0,Agnes Tachyon,End Closer,Debuffer,,,,,,,,Grass Wonder,End Closer,Debuffer,,,,,,,,4 Attempts - 20 Races total,17,Go to Submit page,,,,,,,,,,,,,,Re-use Day 1 - Team Comp 1 as Day 2 - Team Comp 1,,,,,,,,,,4 Attempts - 20 Races total,18,Go to Submit page,,,,,,,,,,,,,,,Re-use Day 2 - Team Comp 1 as Day 3 - Team Comp 1,A Group,,,,,,,,,,4 Attempts - 20 Races total,16,Go to Submit page,,,,,,,,,,,,,,,Re-use Day 3 - Team Comp 1 as Day 4 - Team Comp 1,A Group,,,,,,,,,,4 Attempts - 20 Races total,14,Go to Submit page,,,,,,,,,,,,,,,A Finals,15137,Re-use Day 4 - Team Comp 1 as Finals Team Comp,,,,,,,,,,https://drive.google.com/open?id=1M8i4Ww8ZLDqRFQghhbAqsJZPIbs8ZZHF,1st,,,,,,,,,,,No,,https://drive.google.com/open?id=1ZNJCdnI8HDGmywGVOgv1OdaQBHibeE4y,https://drive.google.com/open?id=1RtpVCyQrfq0AsjO7bZCxiZaAajxLL-qI,,,,,,,https://drive.google.com/open?id=12OvWPMde8WzYoQiTMOjBaCUKoky52wWG
9/25/2026 5:14:49,Ace VX,Graded (No Uma Restrictions),Win A finals,I accept these terms,Finals,Android - phone or tablet,$1-100,1250,6-10 (roughly 1 per day),0-5 (less than 1 per day),"Discord - MooMooCord - https://discord.com/invite/moomoocows, Reddit - /r/UmamusumeGame, Twitch - MooMooCows - https://www.twitch.tv/moomoomoocows, YouTube - MooMooCows - https://www.youtube.com/@MooMooCows",5,,Oguri Cap (Christmas),End Closer,Ace built for this CM before CM start in Grand Concert scenario,2,1,0,0,2,1,0,Tamamo Cross (Festival),Pace Chaser,Ace built for this CM before CM start in Grand Concert scenario,2,1,0,0,2,1,0,Symboli Rudolf,End Closer,Debuffer,1,0,1,0,3,1,0,4 Attempts - 20 Races total,15,Go to Submit page,,,,,,,,,,,,,,Re-use Day 1 - Team Comp 1 as Day 2 - Team Comp 1,,,,,,,,,,4 Attempts - 20 Races total,19,Go to Submit page,,,,,,,,,,,,,,,Re-use Day 2 - Team Comp 1 as Day 3 - Team Comp 1,A Group,,,,,,,,,,4 Attempts - 20 Races total,15,Go to Submit page,,,,,,,,,,,,,,,Re-use Day 3 - Team Comp 1 as Day 4 - Team Comp 1,A Group,,,,,,,,,,4 Attempts - 20 Races total,16,Go to Submit page,,,,,,,,,,,,,,,A Finals,9669,Re-use Day 4 - Team Comp 1 as Finals Team Comp,,,,,,,,,,https://drive.google.com/open?id=1fbCO8OaZnkY-_oRVqJCglgXQRUQ6-Ea0,1st,,,,,,,,,,,No,,,,,,,,,,
9/25/2026 8:12:22,Maya,Graded (No Uma Restrictions),Win A finals,I accept these terms,Finals,Android - phone or tablet,$101-500,1303,11-20 (roughly 2-3 per day),6-10 (roughly 1 per day),Discord - MooMooCord - https://discord.com/invite/moomoocows,4,,Admire Vega,End Closer,Ace built for this CM before CM start in Grand Concert scenario,3,,,,2,1,,Rice Shower (Halloween),Pace Chaser,Ace built for this CM before CM start in Grand Concert scenario,3,,,,2,1,,Agnes Tachyon,Front Runner,Debuffer,,,,,,,,4 Attempts - 20 Races total,18,Go to Submit page,,,,,,,,,,,,,,Re-use Day 1 - Team Comp 1 as Day 2 - Team Comp 1,,,,,,,,,,4 Attempts - 20 Races total,17,Go to Submit page,,,,,,,,,,,,,,,Re-use Day 2 - Team Comp 1 as Day 3 - Team Comp 1,A Group,,,,,,,,,,4 Attempts - 20 Races total,16,Go to Submit page,,,,,,,,,,,,,,,Re-use Day 3 - Team Comp 1 as Day 4 - Team Comp 1,A Group,,,,,,,,,,4 Attempts - 20 Races total,18,Go to Submit page,,,,,,,,,,,,,,,A Finals,13996,Re-use Day 4 - Team Comp 1 as Finals Team Comp,,,,,,,,,,https://drive.google.com/open?id=1kxXLZASUTZSA3Dp8-siLkLS0EKV03weO,1st,,,,,,,,,,,No,,https://drive.google.com/open?id=1-YsgBGoB4_eEiKWD2CdHeF5SQmA3lTTZ,https://drive.google.com/open?id=1lvD7Q3ffN11PPlQkE5xyGf87eyAEIWNx,,,17,,,,https://drive.google.com/open?id=1Fm3VX0BeViOFgqRn3JzHST1C-5iAsran
9/25/2026 8:38:49,Rayna,Graded (No Uma Restrictions),Get into A finals,I accept these terms,Finals,Android - phone or tablet,$1-100,2001,46+ (more than 6 per day),0-5 (less than 1 per day),Discord - MooMooCord - https://discord.com/invite/moomoocows,,Career count is awkward because it's more manual careers when building aces and more independent when building parents. Might be better to ask for manual careers count during Ace building,Oguri Cap (Christmas),Pace Chaser,Ace built for this CM before CM start in Grand Concert scenario,2,1,0,0,2,1,0,Agnes Tachyon,End Closer,Debuffer,,,,,,,,Grass Wonder,End Closer,Debuffer,,,,,,,,3 Attempts - 15 Races total,9,Go to Submit page,,,,,,,,,,,,,,Re-use Day 1 - Team Comp 1 as Day 2 - Team Comp 1,,,,,,,,,,3 Attempts - 15 Races total,10,Go to Submit page,,,,,,,,,,,,,,,Re-use Day 2 - Team Comp 1 as Day 3 - Team Comp 1,A Group,,,,,,,,,,4 Attempts - 20 Races total,12,Go to Submit page,,,,,,,,,,,,,,,Re-use Day 3 - Team Comp 1 as Day 4 - Team Comp 1,A Group,,,,,,,,,,4 Attempts - 20 Races total,13,Go to Submit page,,,,,,,,,,,,,,,A Finals,11479,Re-use Day 4 - Team Comp 1 as Finals Team Comp,,,,,,,,,,https://drive.google.com/open?id=1X_t5lD2M9rPyPdzvvrPYgeuIQVbCITJX,1st,,,,,,,,,,,No,,https://drive.google.com/open?id=1CNNECCQmw-ux0rd6JmKDeOM-Xs3NWHIm,https://drive.google.com/open?id=13j_afQ9sk2sNtAIoYGI_LJ9iCJzL4SOm,,0,8,7,0,0,https://drive.google.com/open?id=1aSpH-aFUYCiQPve-nh9SlDtMbFSn0H3p
9/25/2026 6:13:06,FalKs,Graded (No Uma Restrictions),Collect participation rewards,I accept these terms,Finals,"Android - phone or tablet, Windows",$101-500,1740,21-30 (roughly 3-4 per day),0-5 (less than 1 per day),Discord - MooMooCord - https://discord.com/invite/moomoocows,5,,Oguri Cap (Christmas),Pace Chaser,Ace built for older CM,2,,,,3,1,,Super Creek (Halloween),Pace Chaser,Debuffer,2,,,,3,1,,Nice Nature,Late Surger,Debuffer,2,,,,3,1,,4 Attempts - 20 Races total,17,Go to Submit page,,,,,,,,,,,,,,Re-use Day 1 - Team Comp 1 as Day 2 - Team Comp 1,,,,,,,,,,4 Attempts - 20 Races total,14,Go to Submit page,,,,,,,,,,,,,,,Re-use Day 2 - Team Comp 1 as Day 3 - Team Comp 1,A Group,,,,,,,,,,4 Attempts - 20 Races total,13,Go to Submit page,,,,,,,,,,,,,,,Re-use Day 3 - Team Comp 1 as Day 4 - Team Comp 1,A Group,,,,,,,,,,4 Attempts - 20 Races total,12,Go to Submit page,,,,,,,,,,,,,,,A Finals,13624,Re-use Day 4 - Team Comp 1 as Finals Team Comp,,,,,,,,,,,3rd,No (goes to Submit page),,,,,,,,,,,,,,,,,,,,
9/25/2026 8:04:50,OverzealouSloth,Graded (No Uma Restrictions),Win A finals,I accept these terms,Day 4,"Android - phone or tablet, Windows",$101-500,1710,11-20 (roughly 2-3 per day),6-10 (roughly 1 per day),"Twitch - MooMooCows - https://www.twitch.tv/moomoomoocows, YouTube - MooMooCows - https://www.youtube.com/@MooMooCows",5,,Oguri Cap (Christmas),End Closer,Ace built for this CM before CM start in Grand Concert scenario,3,0,0,0,2,1,0,Agnes Tachyon,End Closer,Debuffer,2,1,2,0,1,0,0,Grass Wonder,End Closer,Debuffer,2,1,2,0,1,0,0,4 Attempts - 20 Races total,15,Go to Submit page,,,,,,,,,,,,,,Re-use Day 1 - Team Comp 1 as Day 2 - Team Comp 1,,,,,,,,,,4 Attempts - 20 Races total,13,Go to Submit page,,,,,,,,,,,,,,,Re-use Day 2 - Team Comp 1 as Day 3 - Team Comp 1,A Group,,,,,,,,,,4 Attempts - 20 Races total,15,Go to Submit page,,,,,,,,,,,,,,,Re-use Day 3 - Team Comp 1 as Day 4 - Team Comp 1,A Group,,,,,,,,,,4 Attempts - 20 Races total,12,Finals,,,,,,,,,,,,,,,A Finals,15350,Re-use Day 4 - Team Comp 1 as Finals Team Comp,,,,,,,,,,https://drive.google.com/open?id=1G1skMfJnfQ9go_V6zAr9OAIzDCL7M-b_,1st,,,,,,,,,,,No,,,,,,,,,,
9/25/2026 7:21:12,NakayamaFestaGL,Graded (No Uma Restrictions),Oshi Awards,I accept these terms,Finals,iOS - phone or tablet,$1001-5000,1400,46+ (more than 6 per day),6-10 (roughly 1 per day),Discord - MooMooCord - https://discord.com/invite/moomoocows,4,,Nakayama Festa,Late Surger,Ace built for this CM before CM start in Grand Concert scenario,2,1,,,2,1,,Symboli Rudolf,Late Surger,Debuffer,,,,,,,,Eishin Flash (Valentine),Late Surger,Debuffer,,,,,,,,4 Attempts - 20 Races total,10,Day 2,,,,,,,,,,,,,,Re-use Day 1 - Team Comp 1 as Day 2 - Team Comp 1,,,,,,,,,,4 Attempts - 20 Races total,11,Day 3,,,,,,,,,,,,,,,Re-use Day 2 - Team Comp 1 as Day 3 - Team Comp 1,A Group,,,,,,,,,,4 Attempts - 20 Races total,8,Go to Submit page,,,,,,,,,,,,,,,Re-use Day 3 - Team Comp 1 as Day 4 - Team Comp 1,A Group,,,,,,,,,,4 Attempts - 20 Races total,4,Go to Submit page,,,,,,,,,,,,,,,A Finals,9568,Re-use Day 4 - Team Comp 1 as Finals Team Comp,,,,,,,,,,https://drive.google.com/open?id=1ReG-KbGEShXyZAxbmrngnRPXE6fokB64,3rd,No (goes to Submit page),,,,,,,,,,,,,,,,,,,,
9/25/2026 5:23:51,Kaina,Graded (No Uma Restrictions),BRIGHTER TOGETHER 🔦  OUR GRAND GLUE FACTORY 🗑️ FAIL 2% TRAINING 🏥 LOSE DEBUT RACE 🏃🏻‍♀️‍➡️ NO RANDOM COIN EVENTS 🦗 NO LIGHT HELLO DATE UNTIL SENIOR YEAR 🙇🏻‍♀️ NO SP BONUS SONG 👨🏻‍💼 NO TRAINING EFFECTIVENESS SONG 🏃🏻‍♂️‍➡️ WRONG TOKEN FROM TRAINING 🪙 ONE BOND PER CLICK JUNIOR YEAR 🧍🏻‍♂️ ZERO PINK INSPIRATION 🩷 SUMMER NO RAINBOW🏖️ ENERGY DRAIN RANDOM EVENTS 😫 300 BLUE 0 RED TOKENS 🔵 CAN'T EMPTY TOKENS AFTER RUN ENDS 💰 0 SSR CHAIN EVENT FINISH ⛓️ AAAAAAAAAAAAAAAAAAAAAAAAAAAAAAAAAAAAAAAAAAAAAAAAAAAAAAAAAAAAAAAAAAAAAAAAAAAAAAAAAAAAAAAAAAAAAAAAAAAAAAAAAAAAAAAAA,I accept these terms,Finals,,,,,,,,,Mejiro Dober (Camping),Late Surger,Ace built for this CM before CM start in Grand Concert scenario,2,1,,,2,1,,Nice Nature,End Closer,Debuffer,,,,,,,,Super Creek (Halloween),End Closer,Debuffer,,,,,,,,4 Attempts - 20 Races total,17,Go to Submit page,,,,,,,,,,,,,,Add new Team Comp as Day 2 - Team Comp 1,Mejiro Dober (Camping),Late Surger,Ace built for this CM before CM start in Grand Concert scenario,Grass Wonder,End Closer,Debuffer,Symboli Rudolf,End Closer,Debuffer,4 Attempts - 20 Races total,18,Go to Submit page,,,,,,,,,,,,,,,Re-use Day 2 - Team Comp 2 as Day 3 - Team Comp 1,A Group,,,,,,,,,,4 Attempts - 20 Races total,16,Go to Submit page,,,,,,,,,,,,,,,Re-use Day 3 - Team Comp 2 as Day 4 - Team Comp 1,A Group,,,,,,,,,,4 Attempts - 20 Races total,11,Go to Submit page,,,,,,,,,,,,,,,A Finals,,Re-use Day 4 - Team Comp 1 as Finals Team Comp,,,,,,,,,,,2nd,No (goes to Submit page),,,,,,,,,,,,,,,,,,,,
9/25/2026 23:00:06,Imaginemod,Graded (No Uma Restrictions),Win A finals,I accept these terms,Finals,,$101-500,1526,21-30 (roughly 3-4 per day),6-10 (roughly 1 per day),Discord - MooMooCord - https://discord.com/invite/moomoocows,,,Meisho Doto (Halloween),Pace Chaser,Ace built for this CM before CM start in Grand Concert scenario,3,1,0,0,1,1,0,Symboli Rudolf (Festival),Pace Chaser,Ace built for this CM before CM start in Grand Concert scenario,3,1,0,0,1,1,0,Mejiro Dober (Camping),Late Surger,Ace built for this CM before CM start in Grand Concert scenario,2,0,1,0,2,1,0,4 Attempts - 20 Races total,15,Go to Submit page,,,,,,,,,,,,,,Re-use Day 1 - Team Comp 1 as Day 2 - Team Comp 1,,,,,,,,,,4 Attempts - 20 Races total,11,Go to Submit page,,,,,,,,,,,,,,,Re-use Day 2 - Team Comp 1 as Day 3 - Team Comp 1,A Group,,,,,,,,,,4 Attempts - 20 Races total,10,Go to Submit page,,,,,,,,,,,,,,,Re-use Day 3 - Team Comp 1 as Day 4 - Team Comp 1,A Group,,,,,,,,,,4 Attempts - 20 Races total,9,Go to Submit page,,,,,,,,,,,,,,,A Finals,12900,Re-use Day 4 - Team Comp 1 as Finals Team Comp,,,,,,,,,,https://drive.google.com/open?id=12QBFaqnWDqK4g9-c4q61GVh3nANxKJ0E,2nd,No (goes to Submit page),,,,,,,,,,,,,,,,,,,,
9/25/2026 8:00:32,Asiano_pies,Graded (No Uma Restrictions),Get into A finals,I accept these terms,Finals,"iOS - phone or tablet, Windows",$0,781,21-30 (roughly 3-4 per day),11-20 (roughly 2-3 per day),Discord - MooMooCord - https://discord.com/invite/moomoocows,5,burn cing,Special Week,Pace Chaser,Ace built for this CM before CM start in Grand Concert scenario,3,0,0,0,2,1,0,Oguri Cap,Pace Chaser,Ace built for this CM before CM start in Grand Concert scenario,2,1,0,0,2,1,0,Grass Wonder,End Closer,Debuffer,2,0,1,0,3,0,0,4 Attempts - 20 Races total,15,Go to Submit page,,,,,,,,,,,,,,Re-use Day 1 - Team Comp 1 as Day 2 - Team Comp 1,,,,,,,,,,4 Attempts - 20 Races total,11,Go to Submit page,,,,,,,,,,,,,,,Re-use Day 2 - Team Comp 1 as Day 3 - Team Comp 1,A Group,,,,,,,,,,4 Attempts - 20 Races total,8,Go to Submit page,,,,,,,,,,,,,,,Re-use Day 3 - Team Comp 1 as Day 4 - Team Comp 1,A Group,,,,,,,,,,4 Attempts - 20 Races total,8,Go to Submit page,,,,,,,,,,,,,,,A Finals,8978,Re-use Day 4 - Team Comp 1 as Finals Team Comp,,,,,,,,,,,2nd,No (goes to Submit page),,,,,,,,,,,,,,,,,,,,
9/25/2026 14:40:18,Weetdix,Graded (No Uma Restrictions),Collect participation rewards,I accept these terms,Day 2,Windows,$1001-5000,2355,46+ (more than 6 per day),31-45 (roughly 5-6 per day),,5,,Oguri Cap (Christmas),End Closer,Ace built for this CM before CM start in Grand Concert scenario,3,,,,2,1,,Eishin Flash (Valentine),End Closer,Debuffer,,,,,,,,Nice Nature (Cheerleader),End Closer,Debuffer,,,,,,,,4 Attempts - 20 Races total,18,Go to Submit page,,,,,,,,,,,,,,Re-use Day 1 - Team Comp 1 as Day 2 - Team Comp 1,,,,,,,,,,4 Attempts - 20 Races total,17,Day 3,,,,,,,,,,,,,,,Re-use Day 2 - Team Comp 1 as Day 3 - Team Comp 1,A Group,,,,,,,,,,4 Attempts - 20 Races total,16,Day 4,,,,,,,,,,,,,,,Re-use Day 3 - Team Comp 1 as Day 4 - Team Comp 1,A Group,,,,,,,,,,4 Attempts - 20 Races total,12,Finals,,,,,,,,,,,,,,,A Finals,12394,Re-use Day 4 - Team Comp 1 as Finals Team Comp,,,,,,,,,,https://drive.google.com/open?id=1bO7oUDL4Ie_C1vVUwrAKpqPcClrNzuR-,1st,,,,,,,,,,,No,,,,,,9,3,,,
9/25/2026 6:14:38,Kyee,Graded (No Uma Restrictions),Get into B finals,I accept these terms,Finals,"Android - phone or tablet, Linux",$101-500,1081,11-20 (roughly 2-3 per day),0-5 (less than 1 per day),Discord - MooMooCord - https://discord.com/invite/moomoocows,,,Tokai Teio,Pace Chaser,Ace built for this CM before CM start in Grand Concert scenario,2,1,0,0,2,1,0,Manhattan Cafe,Late Surger,Ace built for this CM before CM start in Grand Concert scenario,3,0,0,0,2,1,0,Nakayama Festa,Late Surger,RNG Joke unit,3,1,0,0,1,1,0,3 Attempts - 15 Races total,6,Go to Submit page,,,,,,,,,,,,,,Re-use Day 1 - Team Comp 1 as Day 2 - Team Comp 1,,,,,,,,,,4 Attempts - 20 Races total,9,Go to Submit page,,,,,,,,,,,,,,,Re-use Day 2 - Team Comp 1 as Day 3 - Team Comp 1,A Group,,,,,,,,,,4 Attempts - 20 Races total,4,Go to Submit page,,,,,,,,,,,,,,,Re-use Day 3 - Team Comp 1 as Day 4 - Team Comp 1,A Group,,,,,,,,,,4 Attempts - 20 Races total,4,Go to Submit page,,,,,,,,,,,,,,,B Finals,2193,Add new Team Comp as Finals Team Comp,Tokai Teio,Pace Chaser,Mid-CM Ace build in Grand Concert scenario,Manhattan Cafe,Late Surger,Ace built for this CM before CM start in Grand Concert scenario,Nakayama Festa,Late Surger,Joke runner,https://drive.google.com/open?id=1WhUeDa6sKBZbwsgqJG0VV8oNukj6090e,1st,,,,,,,,,,,Yes,"Eh I need this, I guess this is the thing",https://drive.google.com/open?id=1ME9jlNOwbqUB8Kin1m8tHrNRFrNYv_Ur,https://drive.google.com/open?id=1rByaWFeoi46_S-5W6ZQ3TR1Q0Wdu1jzR,,2,4,6,0,0,https://drive.google.com/open?id=1FK5h5mxwF8H84xGbmbI7Bvc8YepSm85c
9/25/2026 5:38:02,Krystalkitty,Graded (No Uma Restrictions),All debuffers must be destroyed,I accept these terms,Finals,Windows,$501-1000,2001,31-45 (roughly 5-6 per day),11-20 (roughly 2-3 per day),"Discord - MooMooCord - https://discord.com/invite/moomoocows, Twitch - MooMooCows - https://www.twitch.tv/moomoomoocows, YouTube - MooMooCows - https://www.youtube.com/@MooMooCows",5,,Oguri Cap (Christmas),Pace Chaser,Ace built for this CM before CM start in Grand Concert scenario,3,0,0,0,2,1,,Fine Motion,Pace Chaser,Ace built for this CM before CM start in Grand Concert scenario,3,1,0,0,1,1,,Mihono Bourbon (Valentine),Front Runner,Ace built for this CM before CM start in Grand Concert scenario,2,1,0,0,2,1,,4 Attempts - 20 Races total,15,Go to Submit page,,,,,,,,,,,,,,Re-use Day 1 - Team Comp 1 as Day 2 - Team Comp 1,,,,,,,,,,4 Attempts - 20 Races total,15,Go to Submit page,,,,,,,,,,,,,,,Re-use Day 2 - Team Comp 1 as Day 3 - Team Comp 1,A Group,,,,,,,,,,4 Attempts - 20 Races total,12,Go to Submit page,,,,,,,,,,,,,,,Re-use Day 3 - Team Comp 1 as Day 4 - Team Comp 1,A Group,,,,,,,,,,4 Attempts - 20 Races total,10,Go to Submit page,,,,,,,,,,,,,,,A Finals,10216,Re-use Day 4 - Team Comp 1 as Finals Team Comp,,,,,,,,,,,3rd,No (goes to Submit page),,,,,,,,,,,,,,,,,,,,
9/26/2026 0:00:33,Kiv,Graded (No Uma Restrictions),Win A finals,I accept these terms,Finals,"iOS - phone or tablet, Windows",$1-100,1656,21-30 (roughly 3-4 per day),11-20 (roughly 2-3 per day),Discord - MooMooCord - https://discord.com/invite/moomoocows,5,,Agnes Digital,Late Surger,Ace built for this CM before CM start in Grand Concert scenario,2,1,0,0,2,1,0,Grass Wonder,End Closer,Debuffer,,,,,,,,Agnes Tachyon,End Closer,Debuffer,,,,,,,,1 Attempt - 5 Races total,3,Day 1 - Add 2nd Team,Agnes Digital,End Closer,Ace built for this CM before CM start in Grand Concert scenario,Grass Wonder,End Closer,Debuffer,Agnes Tachyon,End Closer,Debuffer,3 Attempts - 15 Races total,12,2 teams,Go to Submit page,Re-use Day 1 - Team Comp 2 as Day 2 - Team Comp 1,,,,,,,,,,4 Attempts - 20 Races total,13,Go to Submit page,,,,,,,,,,,,,,,Re-use Day 2 - Team Comp 1 as Day 3 - Team Comp 1,A Group,,,,,,,,,,4 Attempts - 20 Races total,8,Day 4,,,,,,,,,,,,,,,Re-use Day 3 - Team Comp 1 as Day 4 - Team Comp 1,A Group,,,,,,,,,,1 Attempt - 5 Races total,2,Day 4 - Add 2nd team,Add new Team Comp as Day 4 - Team Comp 2,Agnes Digital,Late Surger,Ace built for older CM,Agnes Tachyon,Front Runner,Debuffer,Grass Wonder,Front Runner,Debuffer,3 Attempts - 15 Races total,13,2 teams,Go to Submit page,A Finals,10641,Re-use Day 4 - Team Comp 2 as Finals Team Comp,,,,,,,,,,https://drive.google.com/open?id=1eqhhwvxRf4IMxcwIltHRlwWZpmGzrzR4,2nd,Yes,https://drive.google.com/open?id=1skkuVhgB1ew9RdVRR9DLEeFLYq5fv-Bf,https://drive.google.com/open?id=1-Z2npebmxcZ5-oSa8PAfXrJoGZ2hVsb_,,2,9,3,0,2,https://drive.google.com/open?id=1TQoWSOIbSfhmip1SEoclMm1TZpzt-8Bh,,,,,,,,,,,
9/25/2026 5:25:55,chia,Graded (No Uma Restrictions),Win A finals,I accept these terms,Finals,,$1001-5000,6610,46+ (more than 6 per day),11-20 (roughly 2-3 per day),,5,,Mejiro Dober,Late Surger,Ace built for this CM before CM start in Grand Concert scenario,2,1,,,2,1,,Nice Nature,End Closer,Debuffer,,2,,,3,1,,Mayano Top Gun (Wedding),End Closer,Debuffer,,2,,,3,1,,4 Attempts - 20 Races total,18,Go to Submit page,,,,,,,,,,,,,,Re-use Day 1 - Team Comp 1 as Day 2 - Team Comp 1,,,,,,,,,,4 Attempts - 20 Races total,18,Go to Submit page,,,,,,,,,,,,,,,Re-use Day 2 - Team Comp 1 as Day 3 - Team Comp 1,A Group,,,,,,,,,,4 Attempts - 20 Races total,20,Go to Submit page,,,,,,,,,,,,,,,Re-use Day 3 - Team Comp 1 as Day 4 - Team Comp 1,A Group,,,,,,,,,,4 Attempts - 20 Races total,16,Go to Submit page,,,,,,,,,,,,,,,A Finals,13133,Re-use Day 4 - Team Comp 1 as Finals Team Comp,,,,,,,,,,https://drive.google.com/open?id=1mTxQ7LEGrVmmA-XGX58hNks9O8lD7GgZ,1st,,,,,,,,,,,Yes,The Queen of Kyoto,https://drive.google.com/open?id=1zGde0YMnVffivya9L4rp_ScI9FKGujnW,https://drive.google.com/open?id=1H6noHeBV5_Q44mbcYdaR7U26_5M6XKBG,,2,7,3,2,,https://drive.google.com/open?id=13qAjYe82SjzRhJaGQpEMOSqjcfIY_je7
9/25/2026 5:24:09,Geglash,Graded (No Uma Restrictions),Win A finals,I accept these terms,Finals,"Android - phone or tablet, Windows",$501-1000,427,6-10 (roughly 1 per day),6-10 (roughly 1 per day),Rather not say,5,,Yukino Bijin,Pace Chaser,Ace built for this CM before CM start in Grand Concert scenario,3,1,0,0,1,1,0,Tamamo Cross (Festival),Pace Chaser,Ace built for this CM before CM start in Grand Concert scenario,3,1,0,0,1,1,0,Nice Nature,Late Surger,Debuffer,2,1,0,0,2,1,0,4 Attempts - 20 Races total,14,Go to Submit page,,,,,,,,,,,,,,Re-use Day 1 - Team Comp 1 as Day 2 - Team Comp 1,,,,,,,,,,4 Attempts - 20 Races total,12,Go to Submit page,,,,,,,,,,,,,,,Re-use Day 2 - Team Comp 1 as Day 3 - Team Comp 1,A Group,,,,,,,,,,4 Attempts - 20 Races total,13,Go to Submit page,,,,,,,,,,,,,,,Re-use Day 3 - Team Comp 1 as Day 4 - Team Comp 1,A Group,,,,,,,,,,4 Attempts - 20 Races total,12,Go to Submit page,,,,,,,,,,,,,,,A Finals,9796,Re-use Day 4 - Team Comp 1 as Finals Team Comp,,,,,,,,,,https://drive.google.com/open?id=1NOr4Q9RBS7NCjny0R-db0H-E39RGpDBQ,1st,,,,,,,,,,,No,,https://drive.google.com/open?id=1Oq5HSaz5PGdLOau5dW7t87CRrSOoR7K1,https://drive.google.com/open?id=1XKB2zCg-_e5zBTdSzNEXbTXg6qiMdvRJ,,2,8,5,,,https://drive.google.com/open?id=1bX1bYflfB9pqb_UpsFUF7uJvGotOOr-o
9/25/2026 5:33:20,Hines,Graded (No Uma Restrictions),Win A finals,I accept these terms,Finals,Windows,$1-100,1780,21-30 (roughly 3-4 per day),11-20 (roughly 2-3 per day),Discord - MooMooCord - https://discord.com/invite/moomoocows,5,,Fine Motion,Pace Chaser,Ace built for this CM before CM start in Grand Concert scenario,3,1,,,1,1,,Oguri Cap (Christmas),End Closer,Ace built for this CM before CM start in Grand Concert scenario,2,1,,,2,1,,Symboli Rudolf,Late Surger,Debuffer,,,,,,,,4 Attempts - 20 Races total,20,Go to Submit page,,,,,,,,,,,,,,Re-use Day 1 - Team Comp 1 as Day 2 - Team Comp 1,,,,,,,,,,4 Attempts - 20 Races total,18,Go to Submit page,,,,,,,,,,,,,,,Re-use Day 2 - Team Comp 1 as Day 3 - Team Comp 1,A Group,,,,,,,,,,4 Attempts - 20 Races total,15,Go to Submit page,,,,,,,,,,,,,,,Re-use Day 3 - Team Comp 1 as Day 4 - Team Comp 1,A Group,,,,,,,,,,4 Attempts - 20 Races total,20,Go to Submit page,,,,,,,,,,,,,,,A Finals,15477,Re-use Day 4 - Team Comp 1 as Finals Team Comp,,,,,,,,,,https://drive.google.com/open?id=1kq7a6hk1ls-jHnDxmNpga_okGZkWqxWy,1st,,,,,,,,,,,Yes,you got finemo'd,https://drive.google.com/open?id=1nCK1UzMCfKs8X9_coIc3sCx1lsYQct1Q,,https://drive.google.com/open?id=1b-pBntWUThylW5Wu9aFEdXN4dtnAfYEi,3,1,0,0,1,https://drive.google.com/open?id=1CY-w4n1YCGTORnFWGQUkjMYsTw72CUOM
9/25/2026 5:15:12,ChatBox,Graded (No Uma Restrictions),Get into A finals,I accept these terms,Finals,,,,,,,,,Symboli Rudolf (Festival),Pace Chaser,Ace built for this CM before CM start in Grand Concert scenario,,,,,,,,Oguri Cap (Christmas),Pace Chaser,Ace built for this CM before CM start in Grand Concert scenario,,,,,,,,Nakayama Festa,Late Surger,Ace built for this CM before CM start in Grand Concert scenario,,,,,,,,4 Attempts - 20 Races total,9,Go to Submit page,,,,,,,,,,,,,,Add new Team Comp as Day 2 - Team Comp 1,Nakayama Festa,Late Surger,Ace built for this CM before CM start in Grand Concert scenario,Silence Suzuka,Runaway,Blocker/Overtake target/Throwaway/Niche role,Symboli Rudolf (Festival),Pace Chaser,Ace built for this CM before CM start in Grand Concert scenario,4 Attempts - 20 Races total,12,Go to Submit page,,,,,,,,,,,,,,,Add new Team Comp as Day 3 - Team Comp 1,A Group,Symboli Rudolf (Festival),Pace Chaser,Ace built for this CM before CM start in Grand Concert scenario,Agnes Tachyon,End Closer,Debuffer,Grass Wonder,End Closer,Debuffer,4 Attempts - 20 Races total,8,Go to Submit page,,,,,,,,,,,,,,,Add a new Team Comp as Day 4 - Team Comp 1,A Group,Silence Suzuka,Runaway,Blocker/Overtake target/Throwaway/Niche role,Grass Wonder,End Closer,Debuffer,Symboli Rudolf (Festival),Pace Chaser,Ace built for this CM before CM start in Grand Concert scenario,4 Attempts - 20 Races total,10,Go to Submit page,,,,,,,,,,,,,,,A Finals,,Add new Team Comp as Finals Team Comp,Silence Suzuka,Runaway,Blocker/Overtake target/Throwaway/Niche role,Symboli Rudolf (Festival),Pace Chaser,Ace built for this CM before CM start in Grand Concert scenario,Grass Wonder,End Closer,Debuffer,https://drive.google.com/open?id=1OLf3mzF6t3BsjH9xOS1a1nuPoODc43m7,3rd,No (goes to Submit page),,,,,,,,,,,,,,,,,,,,
9/25/2026 5:34:32,TsukiAva,Graded (No Uma Restrictions),Get into A finals,I accept these terms,Finals,Android - phone or tablet,$1-100,931,6-10 (roughly 1 per day),11-20 (roughly 2-3 per day),Discord - MooMooCord - https://discord.com/invite/moomoocows,5,,Agnes Tachyon,Pace Chaser,Ace built for this CM before CM start in Grand Concert scenario,3,1,0,0,1,1,0,Super Creek (Halloween),End Closer,Debuffer,,,,,,,,Nice Nature,End Closer,Debuffer,,,,,,,,1 Attempt - 5 Races total,3,Day 1 - Add 2nd Team,Agnes Tachyon,Pace Chaser,Ace built for this CM before CM start in Grand Concert scenario,Symboli Rudolf,Late Surger,Debuffer,Grass Wonder,Late Surger,Debuffer,3 Attempts - 15 Races total,12,2 teams,Go to Submit page,Re-use Day 1 - Team Comp 2 as Day 2 - Team Comp 1,,,,,,,,,,4 Attempts - 20 Races total,10,Day 3,,,,,,,,,,,,,,,Re-use Day 2 - Team Comp 1 as Day 3 - Team Comp 1,A Group,,,,,,,,,,4 Attempts - 20 Races total,10,Go to Submit page,,,,,,,,,,,,,,,Re-use Day 3 - Team Comp 1 as Day 4 - Team Comp 1,A Group,,,,,,,,,,3 Attempts - 15 Races total,7,Day 4 - Add 2nd team,Add new Team Comp as Day 4 - Team Comp 2,Agnes Tachyon,Pace Chaser,Ace built for this CM before CM start in Grand Concert scenario,Super Creek (Halloween),End Closer,Debuffer,Nice Nature,End Closer,Debuffer,1 Attempt - 5 Races total,3,2 teams,Go to Submit page,A Finals,6557,Re-use Day 4 - Team Comp 2 as Finals Team Comp,,,,,,,,,,https://drive.google.com/open?id=139IsWFEgGH28QWRz_7WEGGON8pDiofP9,1st,,,,,,,,,,,Yes,Tachyon oshi finally wins a cm with Tachyon,https://drive.google.com/open?id=1-Iz0P8iJbkM4aWYzqe9gkMTN5y-Hj36T,https://drive.google.com/open?id=1oFaibsRtO-yK8Fu4wWx4wW0leaeCGaSZ,,2,3,1,,5,https://drive.google.com/open?id=172ISdIK4a4cVXWJK2hIJnjZx5BMxlpnl
9/25/2026 8:06:41,1>EsJeruk,Graded (No Uma Restrictions),Get into A finals,I accept these terms,Finals,Android - phone or tablet,$0,672,6-10 (roughly 1 per day),0-5 (less than 1 per day),"Discord - MooMooCord - https://discord.com/invite/moomoocows, Twitch - MooMooCows - https://www.twitch.tv/moomoomoocows, YouTube - MooMooCows - https://www.youtube.com/@MooMooCows",3,,Narita Taishin,End Closer,Ace built for this CM before CM start in Grand Concert scenario,,,,,,,,Agnes Tachyon,Late Surger,Debuffer,,,,,,,,Grass Wonder,Late Surger,Debuffer,,,,,,,,4 Attempts - 20 Races total,11,Go to Submit page,,,,,,,,,,,,,,Re-use Day 1 - Team Comp 1 as Day 2 - Team Comp 1,,,,,,,,,,4 Attempts - 20 Races total,12,Go to Submit page,,,,,,,,,,,,,,,Re-use Day 2 - Team Comp 1 as Day 3 - Team Comp 1,A Group,,,,,,,,,,4 Attempts - 20 Races total,9,Go to Submit page,,,,,,,,,,,,,,,Re-use Day 3 - Team Comp 1 as Day 4 - Team Comp 1,A Group,,,,,,,,,,4 Attempts - 20 Races total,14,Go to Submit page,,,,,,,,,,,,,,,A Finals,8277,Re-use Day 4 - Team Comp 1 as Finals Team Comp,,,,,,,,,,https://drive.google.com/open?id=13AtsCbSkv7scH0FQC-yC4kBAMoO7_TBJ,1st,,,,,,,,,,,Yes,My Taishin can win,https://drive.google.com/open?id=1VFykzAEdFHNCTG2VGalBlesJgF7a5sf0,https://drive.google.com/open?id=1GGM1p5SAdSf31aQAo1u4vwiIPQJvrigQ,,,,,,,https://drive.google.com/open?id=1SM4XxtyMXPMUxWl6QmoKfHCcFvcie-U2
9/25/2026 5:31:20,Ethreall,Graded (No Uma Restrictions),Win A finals,I accept these terms,Day 2,,Rather not say,,31-45 (roughly 5-6 per day),11-20 (roughly 2-3 per day),,,,Mihono Bourbon (Valentine),Front Runner,Ace built for this CM before CM start in Grand Concert scenario,3,,,,2,0,,Copano Rickey,Front Runner,Ace built for this CM before CM start in Grand Concert scenario,3,,,,2,1,,Oguri Cap (Christmas),Front Runner,Ace built for this CM before CM start in Grand Concert scenario,3,1,,,1,1,,4 Attempts - 20 Races total,16,Go to Submit page,,,,,,,,,,,,,,Re-use Day 1 - Team Comp 1 as Day 2 - Team Comp 1,,,,,,,,,,4 Attempts - 20 Races total,14,Day 3,,,,,,,,,,,,,,,Re-use Day 2 - Team Comp 1 as Day 3 - Team Comp 1,A Group,,,,,,,,,,4 Attempts - 20 Races total,11,Day 4,,,,,,,,,,,,,,,Re-use Day 3 - Team Comp 1 as Day 4 - Team Comp 1,A Group,,,,,,,,,,4 Attempts - 20 Races total,10,Finals,,,,,,,,,,,,,,,A Finals,,Re-use Day 4 - Team Comp 1 as Finals Team Comp,,,,,,,,,,,2nd,No (goes to Submit page),,,,,,,,,,,,,,,,,,,,
9/25/2026 5:25:30,Gandelphox,Graded (No Uma Restrictions),Get into A finals,I accept these terms,Finals,"Android - phone or tablet, Windows",$101-500,838,11-20 (roughly 2-3 per day),6-10 (roughly 1 per day),Discord - MooMooCord - https://discord.com/invite/moomoocows,,,Tokai Teio (Anime Collab),Pace Chaser,Ace built for this CM before CM start in Grand Concert scenario,3,0,1,0,1,1,0,Special Week,Pace Chaser,Ace built for this CM before CM start in Grand Concert scenario,3,1,0,0,1,1,0,Kitasan Black,Front Runner,Ace built for this CM before CM start in Grand Concert scenario,3,1,0,0,1,1,0,3 Attempts - 15 Races total,5,Go to Submit page,,,,,,,,,,,,,,Re-use Day 1 - Team Comp 1 as Day 2 - Team Comp 1,,,,,,,,,,3 Attempts - 15 Races total,5,Go to Submit page,,,,,,,,,,,,,,,Re-use Day 2 - Team Comp 1 as Day 3 - Team Comp 1,A Group,,,,,,,,,,3 Attempts - 15 Races total,3,Go to Submit page,,,,,,,,,,,,,,,Re-use Day 3 - Team Comp 1 as Day 4 - Team Comp 1,A Group,,,,,,,,,,3 Attempts - 15 Races total,6,Go to Submit page,,,,,,,,,,,,,,,A Finals,11794,Re-use Day 4 - Team Comp 1 as Finals Team Comp,,,,,,,,,,https://drive.google.com/open?id=1Lgf0I_wDR0lIlV6dHFxG9CPvyj4KwoZN,3rd,No (goes to Submit page),,,,,,,,,,,,,,,,,,,,
9/25/2026 5:22:43,Raivop,Graded (No Uma Restrictions),Win A finals,I accept these terms,Finals,Windows,$101-500,2361,31-45 (roughly 5-6 per day),11-20 (roughly 2-3 per day),Manually inserted the URL link from the bit-ly link,4,,Oguri Cap (Christmas),End Closer,Ace built for this CM before CM start in Grand Concert scenario,3,,0,0,2,1,0,Eishin Flash (Valentine),End Closer,Debuffer,1,1,1,0,2,1,0,Agnes Tachyon,Front Runner,Debuffer,1,1,1,0,2,1,0,4 Attempts - 20 Races total,17,Go to Submit page,,,,,,,,,,,,,,Re-use Day 1 - Team Comp 1 as Day 2 - Team Comp 1,,,,,,,,,,4 Attempts - 20 Races total,19,Go to Submit page,,,,,,,,,,,,,,,Re-use Day 2 - Team Comp 1 as Day 3 - Team Comp 1,A Group,,,,,,,,,,4 Attempts - 20 Races total,12,Go to Submit page,,,,,,,,,,,,,,,Re-use Day 3 - Team Comp 1 as Day 4 - Team Comp 1,A Group,,,,,,,,,,4 Attempts - 20 Races total,17,Go to Submit page,,,,,,,,,,,,,,,A Finals,10989,Re-use Day 4 - Team Comp 1 as Finals Team Comp,,,,,,,,,,https://drive.google.com/open?id=1IwOyi4NTNLmbAtbPdkZ7R2pkFLNTvUgd,1st,,,,,,,,,,,No,,https://drive.google.com/open?id=1HDVgLVpwrd_BuSjutjAfTmRHlvhbGFdH,https://drive.google.com/open?id=1GtowphF5FuMAnrQmcuustJbA8xt6i8ke,,0,9,2,0,1,https://drive.google.com/open?id=14ElPCv43v3crVQ6HFOg53c6PKeJKgDUY
9/25/2026 5:58:17,Andromalious,Graded (No Uma Restrictions),Win A finals,I accept these terms,Finals,"Android - phone or tablet, Windows",$501-1000,1150,11-20 (roughly 2-3 per day),21-30 (roughly 3-4 per day),"Discord - MooMooCord - https://discord.com/invite/moomoocows, Twitch - MooMooCows - https://www.twitch.tv/moomoomoocows",5,,Kitasan Black,Front Runner,Ace built for this CM before CM start in Grand Concert scenario,2,1,0,0,2,1,0,Silence Suzuka,Runaway,Blocker/Overtake target/Throwaway/Niche role,1,0,0,0,4,1,0,Grass Wonder,End Closer,Debuffer,1,0,0,0,4,1,0,4 Attempts - 20 Races total,15,Go to Submit page,,,,,,,,,,,,,,Re-use Day 1 - Team Comp 1 as Day 2 - Team Comp 1,,,,,,,,,,4 Attempts - 20 Races total,11,Go to Submit page,,,,,,,,,,,,,,,Re-use Day 2 - Team Comp 1 as Day 3 - Team Comp 1,A Group,,,,,,,,,,4 Attempts - 20 Races total,5,Go to Submit page,,,,,,,,,,,,,,,Re-use Day 3 - Team Comp 1 as Day 4 - Team Comp 1,A Group,,,,,,,,,,4 Attempts - 20 Races total,11,Go to Submit page,,,,,,,,,,,,,,,A Finals,7894,Re-use Day 4 - Team Comp 1 as Finals Team Comp,,,,,,,,,,,3rd,No (goes to Submit page),,,,,,,,,,,,,,,,,,,,
9/25/2026 5:59:55,Artica,Graded (No Uma Restrictions),Win A finals,I accept these terms,Finals,"Android - phone or tablet, Windows",$501-1000,1057,11-20 (roughly 2-3 per day),6-10 (roughly 1 per day),Discord - MooMooCord - https://discord.com/invite/moomoocows,,,Oguri Cap (Christmas),End Closer,Ace built for this CM before CM start in Grand Concert scenario,2,1,,,2,1,,Grass Wonder,Late Surger,Debuffer,,,,,,,,Symboli Rudolf,Late Surger,Debuffer,,,,,,,,4 Attempts - 20 Races total,14,Go to Submit page,,,,,,,,,,,,,,Re-use Day 1 - Team Comp 1 as Day 2 - Team Comp 1,,,,,,,,,,3 Attempts - 15 Races total,13,Go to Submit page,,,,,,,,,,,,,,,Re-use Day 2 - Team Comp 1 as Day 3 - Team Comp 1,A Group,,,,,,,,,,4 Attempts - 20 Races total,16,Go to Submit page,,,,,,,,,,,,,,,Re-use Day 3 - Team Comp 1 as Day 4 - Team Comp 1,A Group,,,,,,,,,,1 Attempt - 5 Races total,4,Go to Submit page,,,,,,,,,,,,,,,A Finals,10478,Re-use Day 4 - Team Comp 1 as Finals Team Comp,,,,,,,,,,https://drive.google.com/open?id=1okUGZql9kohuzOVvUNQlMbnC0OxOJVbc,1st,,,,,,,,,,,No,,https://drive.google.com/open?id=1OgBq6xrdcXD4KYLKHYXSI2DMXGXEAo5A,https://drive.google.com/open?id=1dNal7eS-cu0hSQmpivK5hKGj66bLk8xA,,0,4,8,1,0,https://drive.google.com/open?id=1OnXbbS1WEt1i_CAhd0-qvOCXSqysk37z
9/25/2026 7:51:13,Sky2high,Graded (No Uma Restrictions),Get into A finals,I accept these terms,Finals,iOS - phone or tablet,$1001-5000,1477,11-20 (roughly 2-3 per day),6-10 (roughly 1 per day),Discord - MooMooCord - https://discord.com/invite/moomoocows,5,,Oguri Cap (Christmas),Pace Chaser,Ace built for this CM before CM start in Grand Concert scenario,3,0,0,0,2,1,0,Nice Nature (Cheerleader),Late Surger,Debuffer,2,0,1,1,2,0,0,Grass Wonder,Late Surger,Debuffer,2,0,1,1,2,0,0,4 Attempts - 20 Races total,15,Go to Submit page,,,,,,,,,,,,,,Re-use Day 1 - Team Comp 1 as Day 2 - Team Comp 1,,,,,,,,,,4 Attempts - 20 Races total,19,Go to Submit page,,,,,,,,,,,,,,,Re-use Day 2 - Team Comp 1 as Day 3 - Team Comp 1,A Group,,,,,,,,,,4 Attempts - 20 Races total,15,Go to Submit page,,,,,,,,,,,,,,,Re-use Day 3 - Team Comp 1 as Day 4 - Team Comp 1,A Group,,,,,,,,,,4 Attempts - 20 Races total,16,Go to Submit page,,,,,,,,,,,,,,,A Finals,12638,Re-use Day 4 - Team Comp 1 as Finals Team Comp,,,,,,,,,,https://drive.google.com/open?id=156xzyx_Vev-Q71fYGThuwWIfD3z74mSE,1st,,,,,,,,,,,No,,https://drive.google.com/open?id=1fFcbcZDz8KuC4IbRQndFUPnCvpjssVXG,https://drive.google.com/open?id=1pTGRJAwrN_skJk-eoPkuxRvtgN30qx09,,0,13,2,0,0,https://drive.google.com/open?id=1ykhwKiNsgJWLHXf1ywFbatYDbwHNSp5d
9/25/2026 9:15:08,Chunky Nut Butter,Graded (No Uma Restrictions),Win A finals,I accept these terms,Day 2,"Android - phone or tablet, Windows",$1001-5000,1073,11-20 (roughly 2-3 per day),0-5 (less than 1 per day),"Discord - MooMooCord - https://discord.com/invite/moomoocows, Twitch - MooMooCows - https://www.twitch.tv/moomoomoocows, YouTube - MooMooCows - https://www.youtube.com/@MooMooCows",,,Oguri Cap (Christmas),End Closer,Ace built for this CM before CM start in Grand Concert scenario,2,1,0,0,2,1,,Tamamo Cross (Festival),Pace Chaser,Ace built for this CM before CM start in Grand Concert scenario,2,1,0,0,2,1,0,Fine Motion,Pace Chaser,Ace built for this CM before CM start in Grand Concert scenario,3,0,0,0,1,1,0,3 Attempts - 15 Races total,11,Go to Submit page,,,,,,,,,,,,,,Re-use Day 1 - Team Comp 1 as Day 2 - Team Comp 1,,,,,,,,,,3 Attempts - 15 Races total,13,Day 3,,,,,,,,,,,,,,,Re-use Day 2 - Team Comp 1 as Day 3 - Team Comp 1,A Group,,,,,,,,,,3 Attempts - 15 Races total,7,Day 4,,,,,,,,,,,,,,,Re-use Day 3 - Team Comp 1 as Day 4 - Team Comp 1,A Group,,,,,,,,,,3 Attempts - 15 Races total,9,Finals,,,,,,,,,,,,,,,A Finals,8346,Re-use Day 4 - Team Comp 1 as Finals Team Comp,,,,,,,,,,https://drive.google.com/open?id=1lxI67N56HkrSfrtQ7Rzb1rNZaLHtTa6z,1st,,,,,,,,,,,No,,https://drive.google.com/open?id=13rU6DC_qqcwLRDe9JdCls4n0_WU2dc7L,https://drive.google.com/open?id=14GXRuDhlTBqdKCht-fnVoGHnevqdpcgU,,0,11,3,2,0,https://drive.google.com/open?id=1NOwk-qoZO-rMlFTt5XB3NXsC6hJeZSRL
9/25/2026 5:07:43,Carakuza,Graded (No Uma Restrictions),Win A finals,I accept these terms,Finals,,$1-100,,21-30 (roughly 3-4 per day),21-30 (roughly 3-4 per day),,,,Admire Vega,End Closer,Ace built for this CM before CM start in Grand Concert scenario,3,0,0,0,2,1,,Oguri Cap (Christmas),End Closer,Ace built for this CM before CM start in Grand Concert scenario,2,1,0,0,2,1,,Agnes Tachyon,Front Runner,Debuffer,,,,,,,,4 Attempts - 20 Races total,17,Go to Submit page,,,,,,,,,,,,,,Re-use Day 1 - Team Comp 1 as Day 2 - Team Comp 1,,,,,,,,,,4 Attempts - 20 Races total,15,Go to Submit page,,,,,,,,,,,,,,,Re-use Day 2 - Team Comp 1 as Day 3 - Team Comp 1,A Group,,,,,,,,,,4 Attempts - 20 Races total,10,Go to Submit page,,,,,,,,,,,,,,,Re-use Day 3 - Team Comp 1 as Day 4 - Team Comp 1,A Group,,,,,,,,,,4 Attempts - 20 Races total,18,Go to Submit page,,,,,,,,,,,,,,,A Finals,14168,Re-use Day 4 - Team Comp 1 as Finals Team Comp,,,,,,,,,,,2nd,No (goes to Submit page),,,,,,,,,,,,,,,,,,,,
9/25/2026 5:31:29,Tiypo,Graded (No Uma Restrictions),Get into A finals,I accept these terms,Finals,"Android - phone or tablet, Windows",$501-1000,899,11-20 (roughly 2-3 per day),21-30 (roughly 3-4 per day),Discord - MooMooCord - https://discord.com/invite/moomoocows,5,,Narita Taishin (Steampunk),End Closer,Ace built for this CM before CM start in Grand Concert scenario,3,1,0,0,1,1,0,Oguri Cap (Christmas),End Closer,Ace built for this CM before CM start in Grand Concert scenario,3,0,0,0,2,1,0,Nice Nature,Late Surger,Debuffer,1,3,0,0,2,0,0,4 Attempts - 20 Races total,17,Go to Submit page,,,,,,,,,,,,,,Re-use Day 1 - Team Comp 1 as Day 2 - Team Comp 1,,,,,,,,,,4 Attempts - 20 Races total,18,Go to Submit page,,,,,,,,,,,,,,,Re-use Day 2 - Team Comp 1 as Day 3 - Team Comp 1,A Group,,,,,,,,,,4 Attempts - 20 Races total,13,Go to Submit page,,,,,,,,,,,,,,,Re-use Day 3 - Team Comp 1 as Day 4 - Team Comp 1,A Group,,,,,,,,,,4 Attempts - 20 Races total,13,Go to Submit page,,,,,,,,,,,,,,,A Finals,11080,Re-use Day 4 - Team Comp 1 as Finals Team Comp,,,,,,,,,,https://drive.google.com/open?id=1qwjLshymVEQtHI0YXWW_wlVGyYOfnf4k,1st,,,,,,,,,,,No,,https://drive.google.com/open?id=1a5LLy4SwULR33xLO7jmN0Fzib4EcLp3T,https://drive.google.com/open?id=1bNinWnQSJagdCiycgQMLS--2idY38kI1,,2,11,3,0,0,https://drive.google.com/open?id=1tPNkncsDoEEWD7Awd6SycsiKGEYCyHpT
9/25/2026 5:18:13,Czerwona Latarnia,Graded (No Uma Restrictions),Get into A finals,I accept these terms,Day 4,"Android - phone or tablet, Windows",$501-1000,1025,21-30 (roughly 3-4 per day),11-20 (roughly 2-3 per day),Discord - MooMooCord - https://discord.com/invite/moomoocows,5,,Mihono Bourbon,Front Runner,Ace built for this CM before CM start in Grand Concert scenario,3,0,0,0,2,0,0,Mayano Top Gun (Wedding),End Closer,Debuffer,0,2,0,0,3,1,0,Nice Nature,End Closer,Debuffer,0,2,1,0,3,0,0,4 Attempts - 20 Races total,17,Go to Submit page,,,,,,,,,,,,,,Add new Team Comp as Day 2 - Team Comp 1,Mihono Bourbon,Front Runner,Mid-CM Ace build in Grand Concert scenario,Mayano Top Gun (Wedding),End Closer,Debuffer,Nice Nature,End Closer,Debuffer,4 Attempts - 20 Races total,13,Go to Submit page,,,,,,,,,,,,,,,Re-use Day 2 - Team Comp 1 as Day 3 - Team Comp 1,A Group,,,,,,,,,,3 Attempts - 15 Races total,9,Day 3 - Add 2nd Team,Add new Team Comp as Day 3 - Team Comp 2,Mihono Bourbon,Front Runner,Ace built for this CM before CM start in Grand Concert scenario,Mayano Top Gun (Wedding),End Closer,Debuffer,Nice Nature,End Closer,Debuffer,1 Attempt - 5 Races total,3,2 teams,Day 4,Re-use Day 3 - Team Comp 1 as Day 4 - Team Comp 1,A Group,,,,,,,,,,4 Attempts - 20 Races total,14,Finals,,,,,,,,,,,,,,,A Finals,13454,Re-use Day 4 - Team Comp 1 as Finals Team Comp,,,,,,,,,,https://drive.google.com/open?id=1quT1_K59bL-P1wZecyFzRP8tTWy_mcSy,3rd,Yes,https://drive.google.com/open?id=1o1rmWFn_zjFDWuJS2t7XKan4Q8UkQEg4,https://drive.google.com/open?id=1KpBmYgDueK-pObOVmScAURTfC8rWSfDm,https://drive.google.com/open?id=1H7xfE1AYqhc4g4ikW4rxUyJuwLlFLkoU,3,15,0,0,0,https://drive.google.com/open?id=131cs9FjCMzr1DCLikfJgcdZfzxn-3EgU,,,,,,,,,,,
9/25/2026 5:05:16,SolemnLament,Graded (No Uma Restrictions),Win A finals,I accept these terms,Finals,,$1001-5000,,31-45 (roughly 5-6 per day),21-30 (roughly 3-4 per day),,,,Fine Motion,Pace Chaser,Ace built for this CM before CM start in Grand Concert scenario,2,1,0,0,2,1,,Manhattan Cafe,Late Surger,Ace built for this CM before CM start in Grand Concert scenario,3,0,0,0,2,1,,Oguri Cap (Christmas),End Closer,Ace built for this CM before CM start in Grand Concert scenario,2,1,0,0,2,1,,4 Attempts - 20 Races total,17,Go to Submit page,,,,,,,,,,,,,,Re-use Day 1 - Team Comp 1 as Day 2 - Team Comp 1,,,,,,,,,,4 Attempts - 20 Races total,13,Go to Submit page,,,,,,,,,,,,,,,Re-use Day 2 - Team Comp 1 as Day 3 - Team Comp 1,A Group,,,,,,,,,,4 Attempts - 20 Races total,16,Go to Submit page,,,,,,,,,,,,,,,Re-use Day 3 - Team Comp 1 as Day 4 - Team Comp 1,A Group,,,,,,,,,,4 Attempts - 20 Races total,14,Go to Submit page,,,,,,,,,,,,,,,A Finals,,Re-use Day 4 - Team Comp 1 as Finals Team Comp,,,,,,,,,,,3rd,No (goes to Submit page),,,,,,,,,,,,,,,,,,,,
9/26/2026 1:44:40,Zaza,Graded (No Uma Restrictions),Get into A finals,I accept these terms,Finals,"Android - phone or tablet, Windows",$101-500,2319,46+ (more than 6 per day),0-5 (less than 1 per day),"Discord - MooMooCord - https://discord.com/invite/moomoocows, YouTube - MooMooCows - https://www.youtube.com/@MooMooCows",,,Oguri Cap (Christmas),Pace Chaser,Ace built for this CM before CM start in Grand Concert scenario,2,1,,,2,1,,Grass Wonder,Late Surger,Debuffer,,,,,,,,Agnes Tachyon,Late Surger,Debuffer,,,,,,,,4 Attempts - 20 Races total,12,Go to Submit page,,,,,,,,,,,,,,Re-use Day 1 - Team Comp 1 as Day 2 - Team Comp 1,,,,,,,,,,4 Attempts - 20 Races total,13,Go to Submit page,,,,,,,,,,,,,,,Re-use Day 2 - Team Comp 1 as Day 3 - Team Comp 1,A Group,,,,,,,,,,4 Attempts - 20 Races total,12,Go to Submit page,,,,,,,,,,,,,,,Re-use Day 3 - Team Comp 1 as Day 4 - Team Comp 1,A Group,,,,,,,,,,4 Attempts - 20 Races total,13,Go to Submit page,,,,,,,,,,,,,,,A Finals,11075,Re-use Day 4 - Team Comp 1 as Finals Team Comp,,,,,,,,,,https://drive.google.com/open?id=1kZqPJ7Qud0Su9knDZkwivsbJDtp2Yv-u,2nd,Yes,https://drive.google.com/open?id=1f3cx9lmc_yph-8OZjH18rVd4Mj70zhFN,https://drive.google.com/open?id=1m0tuGLNRCAzMYDvLOsBPWxQu1jAHJbsV,https://drive.google.com/open?id=1J8T4IetU4UA65JVpWN47JNj5ZjPq8xdL,,16,,,,https://drive.google.com/open?id=1nIMXq5Nbcja_pDKDmAIdJIWZH3i0YN5u,,,,,,,,,,,
9/25/2026 5:50:45,Sashimi Lover,Graded (No Uma Restrictions),Get into A finals,I accept these terms,Finals,Android - phone or tablet,$101-500,1417,31-45 (roughly 5-6 per day),0-5 (less than 1 per day),Discord - MooMooCord - https://discord.com/invite/moomoocows,4,,Oguri Cap (Christmas),End Closer,Ace built for this CM before CM start in Grand Concert scenario,3,0,0,0,2,1,0,Mayano Top Gun (Wedding),Late Surger,Debuffer,0,1,1,0,3,1,0,Nice Nature,Late Surger,Debuffer,0,1,1,0,3,1,0,4 Attempts - 20 Races total,20,Go to Submit page,,,,,,,,,,,,,,Re-use Day 1 - Team Comp 1 as Day 2 - Team Comp 1,,,,,,,,,,4 Attempts - 20 Races total,17,Go to Submit page,,,,,,,,,,,,,,,Re-use Day 2 - Team Comp 1 as Day 3 - Team Comp 1,A Group,,,,,,,,,,4 Attempts - 20 Races total,12,Go to Submit page,,,,,,,,,,,,,,,Re-use Day 3 - Team Comp 1 as Day 4 - Team Comp 1,A Group,,,,,,,,,,4 Attempts - 20 Races total,16,Go to Submit page,,,,,,,,,,,,,,,A Finals,14253,Re-use Day 4 - Team Comp 1 as Finals Team Comp,,,,,,,,,,https://drive.google.com/open?id=1lqGLxjphYHLYGRrtg_6c7HBtUFwbKf9c,1st,,,,,,,,,,,No,,https://drive.google.com/open?id=14MGTLIBiXIxhuqsI3mRc73ZNZmfddlFW,https://drive.google.com/open?id=1DPh-IpT66AMfjWAI1l5yi8i7XYIQkIzn,,0,11,2,0,0,https://drive.google.com/open?id=1_ZDcMCyDLueaBJLSFgsTEc-wEpezBJTN
9/22/2026 6:05:04,Fnaa27,Graded (No Uma Restrictions),Win A finals,I accept these terms,Day 2,Windows,$0,,,,YouTube - MooMooCows - https://www.youtube.com/@MooMooCows,,,Grass Wonder,Pace Chaser,Ace built for this CM before CM start in Grand Concert scenario,,,,,,,,Agnes Tachyon,End Closer,Debuffer,,,,,,,,Nice Nature,End Closer,Debuffer,,,,,,,,4 Attempts - 20 Races total,13,Go to Submit page,,,,,,,,,,,,,,Re-use Day 1 - Team Comp 1 as Day 2 - Team Comp 1,,,,,,,,,,4 Attempts - 20 Races total,14,Day 3,,,,,,,,,,,,,,,Re-use Day 2 - Team Comp 1 as Day 3 - Team Comp 1,A Group,,,,,,,,,,2 Attempts - 10 Races total,6,Day 3 - Add 2nd Team,Add new Team Comp as Day 3 - Team Comp 2,Grass Wonder,Pace Chaser,Ace built for this CM before CM start in Grand Concert scenario,Oguri Cap (Christmas),Pace Chaser,Ace built for this CM before CM start in Grand Concert scenario,Agnes Tachyon,Late Surger,Debuffer,2 Attempts - 10 Races total,7,2 teams,Go to Submit page,,,,,,,,,,,,,,,,,,,,,,,,,,,,,,,,,,,,,,,,,,,,,,,,,,,,,,,,,,,,,,,
9/26/2026 4:13:21,Pandae,Graded (No Uma Restrictions),It is what it is,I accept these terms,Finals,Android - phone or tablet,$501-1000,593,21-30 (roughly 3-4 per day),6-10 (roughly 1 per day),Discord - MooMooCord - https://discord.com/invite/moomoocows,5,,Meisho Doto (Halloween),Pace Chaser,Ace built for this CM before CM start in Grand Concert scenario,3,0,0,0,2,1,0,Oguri Cap (Christmas),Pace Chaser,Ace built for older CM,2,0,1,0,2,1,0,Mejiro Dober (Camping),Late Surger,Ace built for this CM before CM start in Grand Concert scenario,2,1,0,0,2,1,0,4 Attempts - 20 Races total,13,Go to Submit page,,,,,,,,,,,,,,Re-use Day 1 - Team Comp 1 as Day 2 - Team Comp 1,,,,,,,,,,4 Attempts - 20 Races total,9,Go to Submit page,,,,,,,,,,,,,,,Re-use Day 2 - Team Comp 1 as Day 3 - Team Comp 1,A Group,,,,,,,,,,4 Attempts - 20 Races total,4,Go to Submit page,,,,,,,,,,,,,,,Re-use Day 3 - Team Comp 1 as Day 4 - Team Comp 1,A Group,,,,,,,,,,4 Attempts - 20 Races total,14,Go to Submit page,,,,,,,,,,,,,,,A Finals,10999,Re-use Day 4 - Team Comp 1 as Finals Team Comp,,,,,,,,,,https://drive.google.com/open?id=1Zhy70UrH_CWZZFCJO38Gnmbn5QzQupjK,3rd,No (goes to Submit page),,,,,,,,,,,,,,,,,,,,
9/25/2026 6:30:51,Wumbo,Graded (No Uma Restrictions),Get into A finals,I accept these terms,Finals,Windows,$1001-5000,1280,31-45 (roughly 5-6 per day),11-20 (roughly 2-3 per day),,,,Mejiro Dober (Camping),Late Surger,Ace built for this CM before CM start in Grand Concert scenario,2,1,0,0,2,1,0,Satono Diamond,Late Surger,Ace built for this CM before CM start in Grand Concert scenario,2,1,0,0,2,1,0,Oguri Cap (Christmas),End Closer,Ace built for this CM before CM start in Grand Concert scenario,2,1,0,0,2,1,0,4 Attempts - 20 Races total,16,Go to Submit page,,,,,,,,,,,,,,Add new Team Comp as Day 2 - Team Comp 1,Yamanin Zephyr,Pace Chaser,Ace built for this CM before CM start in Grand Concert scenario,Mejiro Dober (Camping),Late Surger,Ace built for this CM before CM start in Grand Concert scenario,Oguri Cap (Christmas),End Closer,Ace built for this CM before CM start in Grand Concert scenario,4 Attempts - 20 Races total,16,Go to Submit page,,,,,,,,,,,,,,,Re-use Day 2 - Team Comp 2 as Day 3 - Team Comp 1,A Group,,,,,,,,,,4 Attempts - 20 Races total,15,Go to Submit page,,,,,,,,,,,,,,,Re-use Day 3 - Team Comp 2 as Day 4 - Team Comp 1,A Group,,,,,,,,,,4 Attempts - 20 Races total,19,Go to Submit page,,,,,,,,,,,,,,,A Finals,11757,Re-use Day 4 - Team Comp 2 as Finals Team Comp,,,,,,,,,,https://drive.google.com/open?id=18b2-KJ3wCh1Bb0bg-nsWeTsRnlixCslG,1st,,,,,,,,,,,No,,https://drive.google.com/open?id=1pfB6djF8UPMQFm3Z4fP-9QB0kzfx94CV,https://drive.google.com/open?id=1CHwQJepqbxgTl7AAw8H7BQ0ObSlbZoFc,,0,0,9,0,0,https://drive.google.com/open?id=1jvmNR0YfMlguTzWFCF25XMoNz3k5ng0p
9/25/2026 5:35:52,AntWolf,Graded (No Uma Restrictions),SIGN RACE WIN WITH NUMBER #1 OSHI SOLO ACE!!!,I accept these terms,Finals,"iOS - phone or tablet, Windows",$101-500,2418,21-30 (roughly 3-4 per day),,Discord - MooMooCord - https://discord.com/invite/moomoocows,5,,Rice Shower,Pace Chaser,Ace built for this CM before CM start in Grand Concert scenario,3,,,,2,0,,Mihono Bourbon (Valentine),Front Runner,TT Uma being used as sacrificial front for Rice to pass and get her ult,,,,,,,,Agnes Tachyon,Late Surger,Debuffer,,,,,,,,4 Attempts - 20 Races total,16,Go to Submit page,,,,,,,,,,,,,,Re-use Day 1 - Team Comp 1 as Day 2 - Team Comp 1,,,,,,,,,,4 Attempts - 20 Races total,16,Day 3,,,,,,,,,,,,,,,Re-use Day 2 - Team Comp 1 as Day 3 - Team Comp 1,A Group,,,,,,,,,,4 Attempts - 20 Races total,14,Go to Submit page,,,,,,,,,,,,,,,Re-use Day 3 - Team Comp 1 as Day 4 - Team Comp 1,A Group,,,,,,,,,,4 Attempts - 20 Races total,9,Go to Submit page,,,,,,,,,,,,,,,A Finals,12627,Re-use Day 4 - Team Comp 1 as Finals Team Comp,,,,,,,,,,https://drive.google.com/open?id=1wfMcd9CgIsfsddnwZ6S66ZV1c9iZowUj,2nd,No (goes to Submit page),,,,,,,,,,,,,,,,,,,,
9/25/2026 7:46:58,DMNGames,Graded (No Uma Restrictions),Get into A finals,I accept these terms,Finals,"Android - phone or tablet, SteamOS - Steam Deck",Rather not say,,46+ (more than 6 per day),6-10 (roughly 1 per day),Discord - MooMooCord - https://discord.com/invite/moomoocows,,,Taiki Shuttle (Camping),Pace Chaser,Ace built for this CM before CM start in Grand Concert scenario,2,1,0,0,2,1,0,Symboli Rudolf,End Closer,Debuffer,1,0,0,0,4,1,0,Grass Wonder,End Closer,Debuffer,1,0,0,0,4,1,0,4 Attempts - 20 Races total,11,Go to Submit page,,,,,,,,,,,,,,Add new Team Comp as Day 2 - Team Comp 1,Taiki Shuttle (Camping),Pace Chaser,Mid-CM Ace build in Grand Concert scenario,Grass Wonder,End Closer,Debuffer,Symboli Rudolf,End Closer,Debuffer,4 Attempts - 20 Races total,14,Go to Submit page,,,,,,,,,,,,,,,Re-use Day 2 - Team Comp 2 as Day 3 - Team Comp 1,A Group,,,,,,,,,,4 Attempts - 20 Races total,7,Go to Submit page,,,,,,,,,,,,,,,Re-use Day 3 - Team Comp 2 as Day 4 - Team Comp 1,A Group,,,,,,,,,,4 Attempts - 20 Races total,7,Go to Submit page,,,,,,,,,,,,,,,A Finals,,Re-use Day 4 - Team Comp 2 as Finals Team Comp,,,,,,,,,,,3rd,No (goes to Submit page),,,,,,,,,,,,,,,,,,,,
9/25/2026 5:37:27,mellow,Graded (No Uma Restrictions),Get into A finals,I accept these terms,Finals,,$101-500,1901,46+ (more than 6 per day),0-5 (less than 1 per day),,,,Narita Taishin (Steampunk),End Closer,Ace built for this CM before CM start in Grand Concert scenario,3,1,,,1,1,,Nice Nature,End Closer,Debuffer,,,,,,,,Mayano Top Gun (Wedding),End Closer,Debuffer,,,,,,,,4 Attempts - 20 Races total,16,Go to Submit page,,,,,,,,,,,,,,Re-use Day 1 - Team Comp 1 as Day 2 - Team Comp 1,,,,,,,,,,4 Attempts - 20 Races total,17,Go to Submit page,,,,,,,,,,,,,,,Re-use Day 2 - Team Comp 1 as Day 3 - Team Comp 1,A Group,,,,,,,,,,4 Attempts - 20 Races total,16,Go to Submit page,,,,,,,,,,,,,,,Re-use Day 3 - Team Comp 1 as Day 4 - Team Comp 1,A Group,,,,,,,,,,4 Attempts - 20 Races total,16,Go to Submit page,,,,,,,,,,,,,,,A Finals,,Re-use Day 4 - Team Comp 1 as Finals Team Comp,,,,,,,,,,https://drive.google.com/open?id=1_xtnRdRnuoTnlo-3TU47t2vzDlA35Fk1,2nd,No (goes to Submit page),,,,,,,,,,,,,,,,,,,,
9/25/2026 9:44:20,Ghant,Graded (No Uma Restrictions),Get into A finals,I accept these terms,Finals,"Android - phone or tablet, Windows",$0,702,21-30 (roughly 3-4 per day),0-5 (less than 1 per day),YouTube - MooMooCows - https://www.youtube.com/@MooMooCows,5,,Rice Shower,Pace Chaser,Ace built for this CM before CM start in Grand Concert scenario,3,1,,,1,1,,Silence Suzuka,Runaway,Blocker/Overtake target/Throwaway/Niche role,,,,,,,,Grass Wonder,Late Surger,Debuffer,,,,,,,,4 Attempts - 20 Races total,11,Go to Submit page,,,,,,,,,,,,,,Re-use Day 1 - Team Comp 1 as Day 2 - Team Comp 1,,,,,,,,,,4 Attempts - 20 Races total,10,Go to Submit page,,,,,,,,,,,,,,,Re-use Day 2 - Team Comp 1 as Day 3 - Team Comp 1,A Group,,,,,,,,,,4 Attempts - 20 Races total,11,Go to Submit page,,,,,,,,,,,,,,,Re-use Day 3 - Team Comp 1 as Day 4 - Team Comp 1,A Group,,,,,,,,,,4 Attempts - 20 Races total,11,Go to Submit page,,,,,,,,,,,,,,,A Finals,,Re-use Day 4 - Team Comp 1 as Finals Team Comp,,,,,,,,,,https://drive.google.com/open?id=13r84F1daysRXX2lRR_vYzIAY43FPSZFF,2nd,No (goes to Submit page),,,,,,,,,,,,,,,,,,,,
9/25/2026 11:14:13,FMSayaka,Graded (No Uma Restrictions),Get into A finals,I accept these terms,Day 4,iOS - phone or tablet,$0,1952,21-30 (roughly 3-4 per day),6-10 (roughly 1 per day),Discord - MooMooCord - https://discord.com/invite/moomoocows,5,,Daiwa Scarlet,Front Runner,Ace built for this CM before CM start in Grand Concert scenario,2,1,0,0,2,1,0,Mihono Bourbon (Valentine),Front Runner,Ace built for this CM before CM start in Grand Concert scenario,2,1,0,0,2,1,0,Seiun Sky,Front Runner,Ace built for this CM before CM start in Grand Concert scenario,2,1,0,0,2,1,0,4 Attempts - 20 Races total,14,Go to Submit page,,,,,,,,,,,,,,Add new Team Comp as Day 2 - Team Comp 1,Daiwa Scarlet,Front Runner,Ace built for this CM before CM start in Grand Concert scenario,Mihono Bourbon (Valentine),Front Runner,Ace built for this CM before CM start in Grand Concert scenario,Seiun Sky,Front Runner,Mid-CM Ace build in Grand Concert scenario,4 Attempts - 20 Races total,15,Go to Submit page,,,,,,,,,,,,,,,Re-use Day 2 - Team Comp 1 as Day 3 - Team Comp 1,A Group,,,,,,,,,,4 Attempts - 20 Races total,13,Go to Submit page,,,,,,,,,,,,,,,Re-use Day 3 - Team Comp 1 as Day 4 - Team Comp 1,A Group,,,,,,,,,,4 Attempts - 20 Races total,9,Finals,,,,,,,,,,,,,,,A Finals,12806,Re-use Day 4 - Team Comp 1 as Finals Team Comp,,,,,,,,,,https://drive.google.com/open?id=1SqTTb4atReMBGzZ0lJFf0tEer4a3qYJU,1st,,,,,,,,,,,No,,https://drive.google.com/open?id=13g4JlR137BjXwJI1kg0LKP4AB4DyT_qc,https://drive.google.com/open?id=1jxyeZQCE0DJ6ef2I-2DoIYKhqpUC9bUe,,,8,7,,,https://drive.google.com/open?id=1LoRfPSPQAROg_2IouzH9McvD7ukscfUn
9/24/2026 9:43:54,SMaru's 25 TEs,Graded (No Uma Restrictions),Win A finals,I accept these terms,Day 4,"Android - phone or tablet, Windows",$1001-5000,,31-45 (roughly 5-6 per day),31-45 (roughly 5-6 per day),Discord - MooMooCord - https://discord.com/invite/moomoocows,,,Mejiro Palmer,Runaway,Ace built for this CM before CM start in Grand Concert scenario,2,0,1,,2,1,,Tosen Jordan,Pace Chaser,Ace built for this CM before CM start in Grand Concert scenario,2,1,,,2,1,,Gold City,Pace Chaser,Ace built for this CM before CM start in Grand Concert scenario,2,1,,,2,1,,4 Attempts - 20 Races total,11,Go to Submit page,,,,,,,,,,,,,,Re-use Day 1 - Team Comp 1 as Day 2 - Team Comp 1,,,,,,,,,,4 Attempts - 20 Races total,10,Go to Submit page,,,,,,,,,,,,,,,Re-use Day 2 - Team Comp 1 as Day 3 - Team Comp 1,A Group,,,,,,,,,,4 Attempts - 20 Races total,9,Go to Submit page,,,,,,,,,,,,,,,Re-use Day 3 - Team Comp 1 as Day 4 - Team Comp 1,A Group,,,,,,,,,,4 Attempts - 20 Races total,9,Go to Submit page,,,,,,,,,,,,,,,,,,,,,,,,,,,,,,,,,,,,,,,,,,,,,,,,,
9/20/2026 7:09:22,Kurein,Graded (No Uma Restrictions),Win A finals,I accept these terms,Day 1,"Android - phone or tablet, Windows",$0,1888,21-30 (roughly 3-4 per day),6-10 (roughly 1 per day),"Discord - MooMooCord - https://discord.com/invite/moomoocows, Twitch - MooMooCows - https://www.twitch.tv/moomoomoocows, YouTube - MooMooCows - https://www.youtube.com/@MooMooCows",,,Silence Suzuka,Runaway,Ace built for this CM before CM start in Grand Concert scenario,2,0,1,0,2,1,0,Fine Motion,Pace Chaser,Ace built for this CM before CM start in Grand Concert scenario,3,0,0,0,2,1,0,Rice Shower,Pace Chaser,Ace built for this CM before CM start in Grand Concert scenario,3,0,0,0,2,1,0,4 Attempts - 20 Races total,14,Go to Submit page,,,,,,,,,,,,,,,,,,,,,,,,,,,,,,,,,,,,,,,,,,,,,,,,,,,,,,,,,,,,,,,,,,,,,,,,,,,,,,,,,,,,,,,,,,,,,,,,,,,,,,,,,,,,,,,,,,,,,,,,,,,,,,,,,,,
9/25/2026 11:19:10,Peachbleach,Graded (No Uma Restrictions),Get into A finals,I accept these terms,Day 4,"iOS - phone or tablet, Windows",$1-100,1379,21-30 (roughly 3-4 per day),11-20 (roughly 2-3 per day),Discord - MooMooCord - https://discord.com/invite/moomoocows,,,Silence Suzuka,Front Runner,Ace built for this CM before CM start in Grand Concert scenario,2,1,0,0,2,1,0,Mihono Bourbon (Valentine),Front Runner,Ace built for this CM before CM start in Grand Concert scenario,2,1,0,0,2,1,0,Special Week,Late Surger,Ace built for this CM before CM start in Grand Concert scenario,3,1,0,0,1,1,0,4 Attempts - 20 Races total,11,Go to Submit page,,,,,,,,,,,,,,Re-use Day 1 - Team Comp 1 as Day 2 - Team Comp 1,,,,,,,,,,4 Attempts - 20 Races total,13,Go to Submit page,,,,,,,,,,,,,,,Re-use Day 2 - Team Comp 1 as Day 3 - Team Comp 1,A Group,,,,,,,,,,4 Attempts - 20 Races total,5,Go to Submit page,,,,,,,,,,,,,,,Re-use Day 3 - Team Comp 1 as Day 4 - Team Comp 1,A Group,,,,,,,,,,4 Attempts - 20 Races total,5,Finals,,,,,,,,,,,,,,,B Finals,3116,Re-use Day 4 - Team Comp 1 as Finals Team Comp,,,,,,,,,,https://drive.google.com/open?id=1Q_93T9ZfzMjd-e-r2Q_BePJwJhHZ2U5N,1st,,,,,,,,,,,No,,https://drive.google.com/open?id=1cthphXZt_WlNx5apPx7dRKCT0i81ativ,https://drive.google.com/open?id=1mhfPQNOpraIaUPgtIjYdwYhMqlr9guBE,,0,8,3,0,1,https://drive.google.com/open?id=1R5WWCrkSMjQPaXFWiencSqqs_D8S8gUD
9/25/2026 9:12:29,Cing,Graded (No Uma Restrictions),Win A finals,I accept these terms,Day 2,,$5000+,,,,,,,Oguri Cap (Christmas),End Closer,Ace built for this CM before CM start in Grand Concert scenario,,,,,,,,Eishin Flash (Valentine),End Closer,Debuffer,,,,,,,,Nice Nature (Cheerleader),End Closer,Debuffer,,,,,,,,4 Attempts - 20 Races total,14,Go to Submit page,,,,,,,,,,,,,,Re-use Day 1 - Team Comp 1 as Day 2 - Team Comp 1,,,,,,,,,,4 Attempts - 20 Races total,15,Day 3,,,,,,,,,,,,,,,Re-use Day 2 - Team Comp 1 as Day 3 - Team Comp 1,A Group,,,,,,,,,,4 Attempts - 20 Races total,10,Day 4,,,,,,,,,,,,,,,Re-use Day 3 - Team Comp 1 as Day 4 - Team Comp 1,A Group,,,,,,,,,,4 Attempts - 20 Races total,10,Finals,,,,,,,,,,,,,,,A Finals,,Re-use Day 4 - Team Comp 1 as Finals Team Comp,,,,,,,,,,,1st,,,,,,,,,,,No,,,,,,,,,,
9/25/2026 6:23:23,Isgar,Graded (No Uma Restrictions),Win A finals,I accept these terms,Finals,Windows,$0,2421,31-45 (roughly 5-6 per day),31-45 (roughly 5-6 per day),"Discord - MooMooCord - https://discord.com/invite/moomoocows, Twitch - MooMooCows - https://www.twitch.tv/moomoomoocows",5,,Agnes Digital,End Closer,Ace built for this CM before CM start in Grand Concert scenario,2,1,0,0,2,1,0,Symboli Rudolf,Front Runner,Debuffer,,,,,,,,Grass Wonder,End Closer,Debuffer,,,,,,,,4 Attempts - 20 Races total,18,Go to Submit page,,,,,,,,,,,,,,Re-use Day 1 - Team Comp 1 as Day 2 - Team Comp 1,,,,,,,,,,4 Attempts - 20 Races total,16,Go to Submit page,,,,,,,,,,,,,,,Re-use Day 2 - Team Comp 1 as Day 3 - Team Comp 1,A Group,,,,,,,,,,4 Attempts - 20 Races total,10,Go to Submit page,,,,,,,,,,,,,,,Re-use Day 3 - Team Comp 1 as Day 4 - Team Comp 1,A Group,,,,,,,,,,4 Attempts - 20 Races total,12,Go to Submit page,,,,,,,,,,,,,,,A Finals,10484,Re-use Day 4 - Team Comp 1 as Finals Team Comp,,,,,,,,,,https://drive.google.com/open?id=1E_o3eikhQ5jrQCSn2fhdKuzwNf_KGrTs,1st,,,,,,,,,,,Yes,"My name is Agnes Digital. Just a normal, garden-variety Umamusume.",https://drive.google.com/open?id=1rYG9UkxdDMDYcDhluqfCoQGQUaDz6uVb,https://drive.google.com/open?id=1y84CYqZQ5nNRvvE644JZIdpskzqLQks8,,0,12,3,0,0,https://drive.google.com/open?id=1OGhTIk5aOg3As6FzFOMwMB_Y25dORA5z
9/25/2026 5:49:44,Rho,Graded (No Uma Restrictions),Win A finals,I accept these terms,Finals,,,,,,,,,Oguri Cap (Christmas),End Closer,Ace built for this CM before CM start in Grand Concert scenario,2,1,0,0,2,1,0,Symboli Rudolf,Front Runner,Debuffer,1,0,1,0,3,1,0,Eishin Flash (Valentine),End Closer,Debuffer,1,1,0,,3,1,0,4 Attempts - 20 Races total,20,Go to Submit page,,,,,,,,,,,,,,Re-use Day 1 - Team Comp 1 as Day 2 - Team Comp 1,,,,,,,,,,4 Attempts - 20 Races total,17,Go to Submit page,,,,,,,,,,,,,,,Re-use Day 2 - Team Comp 1 as Day 3 - Team Comp 1,A Group,,,,,,,,,,4 Attempts - 20 Races total,14,Go to Submit page,,,,,,,,,,,,,,,Re-use Day 3 - Team Comp 1 as Day 4 - Team Comp 1,A Group,,,,,,,,,,4 Attempts - 20 Races total,17,Go to Submit page,,,,,,,,,,,,,,,A Finals,16227,Re-use Day 4 - Team Comp 1 as Finals Team Comp,,,,,,,,,,https://drive.google.com/open?id=1pUD3t46-y0OLNU7LU1k4txfjsw39xDX3,1st,,,,,,,,,,,No,,,,,,,,,,
9/20/2026 7:13:07,MayorMittens,Graded (No Uma Restrictions),Win A finals,I accept these terms,Day 1,"Android - phone or tablet, Windows",$101-500,1827,11-20 (roughly 2-3 per day),11-20 (roughly 2-3 per day),Discord - MooMooCord - https://discord.com/invite/moomoocows,5,No suggestions seems fun :),Rice Shower (Halloween),Pace Chaser,Ace built for this CM before CM start in Grand Concert scenario,3,,,,2,1,,Agnes Tachyon,Late Surger,Debuffer,1,,1,,3,1,,Eishin Flash (Valentine),Late Surger,Debuffer,1,,1,,3,1,,4 Attempts - 20 Races total,19,Go to Submit page,,,,,,,,,,,,,,,,,,,,,,,,,,,,,,,,,,,,,,,,,,,,,,,,,,,,,,,,,,,,,,,,,,,,,,,,,,,,,,,,,,,,,,,,,,,,,,,,,,,,,,,,,,,,,,,,,,,,,,,,,,,,,,,,,,,
9/25/2026 15:40:44,Sion,Graded (No Uma Restrictions),Win A finals,I accept these terms,Finals,"Android - phone or tablet, Windows",$1-100,1501,21-30 (roughly 3-4 per day),6-10 (roughly 1 per day),Discord - MooMooCord - https://discord.com/invite/moomoocows,5,,Mejiro McQueen (Anime Collab),Pace Chaser,Ace built for this CM before CM start in Grand Concert scenario,3,0,0,0,2,1,0,Mayano Top Gun (Wedding),Late Surger,Debuffer,,,,,,,,Nice Nature,Late Surger,Debuffer,,,,,,,,4 Attempts - 20 Races total,14,Go to Submit page,,,,,,,,,,,,,,Re-use Day 1 - Team Comp 1 as Day 2 - Team Comp 1,,,,,,,,,,4 Attempts - 20 Races total,15,Go to Submit page,,,,,,,,,,,,,,,Re-use Day 2 - Team Comp 1 as Day 3 - Team Comp 1,A Group,,,,,,,,,,4 Attempts - 20 Races total,11,Go to Submit page,,,,,,,,,,,,,,,Re-use Day 3 - Team Comp 1 as Day 4 - Team Comp 1,A Group,,,,,,,,,,4 Attempts - 20 Races total,12,Go to Submit page,,,,,,,,,,,,,,,A Finals,9366,Re-use Day 4 - Team Comp 1 as Finals Team Comp,,,,,,,,,,https://drive.google.com/open?id=11gzYKgZGJZMoDscHOpFEu5i--PaHWbII,1st,,,,,,,,,,,Yes,"When the anime opening plays, it's time for the REAL heroine to shine.",https://drive.google.com/open?id=1fPtfTxPS1IJ67PX9Yh3vQXuHMl9cIF2u,https://drive.google.com/open?id=1Ujn43sbyY9IlLv5usZLnu5STv0Bd2XIV,,,16,,,,https://drive.google.com/open?id=1t6KF0_bRLkUswodZp4X9_YYbqAEq7USG
9/25/2026 7:24:31,hagspam,Graded (No Uma Restrictions),Win A finals,I accept these terms,Finals,Windows,$501-1000,900,11-20 (roughly 2-3 per day),6-10 (roughly 1 per day),,,,Fine Motion,Pace Chaser,Ace built for this CM before CM start in Grand Concert scenario,,,,,,,,Mejiro Dober (Camping),Late Surger,Ace built for this CM before CM start in Grand Concert scenario,,,,,,,,Sweep Tosho,End Closer,Ace built for this CM before CM start in Grand Concert scenario,,,,,,,,4 Attempts - 20 Races total,14,Go to Submit page,,,,,,,,,,,,,,Re-use Day 1 - Team Comp 1 as Day 2 - Team Comp 1,,,,,,,,,,4 Attempts - 20 Races total,13,Go to Submit page,,,,,,,,,,,,,,,Re-use Day 2 - Team Comp 1 as Day 3 - Team Comp 1,A Group,,,,,,,,,,4 Attempts - 20 Races total,6,Go to Submit page,,,,,,,,,,,,,,,Re-use Day 3 - Team Comp 1 as Day 4 - Team Comp 1,A Group,,,,,,,,,,4 Attempts - 20 Races total,9,Go to Submit page,,,,,,,,,,,,,,,A Finals,10272,Re-use Day 4 - Team Comp 1 as Finals Team Comp,,,,,,,,,,https://drive.google.com/open?id=19vp3x1DVsp3weB0tYiN9MGoCGKJGO8F-,3rd,No (goes to Submit page),,,,,,,,,,,,,,,,,,,,
9/25/2026 6:00:26,Vezra04,Graded (No Uma Restrictions),Win A finals,I accept these terms,Finals,Windows,$101-500,1456,31-45 (roughly 5-6 per day),6-10 (roughly 1 per day),Discord - MooMooCord - https://discord.com/invite/moomoocows,5,,Daiwa Scarlet,Pace Chaser,Ace built for this CM before CM start in Grand Concert scenario,2,1,,,2,1,,Oguri Cap (Christmas),Pace Chaser,Ace built for this CM before CM start in Grand Concert scenario,2,1,,,2,1,,Silence Suzuka,Runaway,Blocker/Overtake target/Throwaway/Niche role,,,,,,,,4 Attempts - 20 Races total,15,Go to Submit page,,,,,,,,,,,,,,Re-use Day 1 - Team Comp 1 as Day 2 - Team Comp 1,,,,,,,,,,4 Attempts - 20 Races total,17,Go to Submit page,,,,,,,,,,,,,,,Re-use Day 2 - Team Comp 1 as Day 3 - Team Comp 1,A Group,,,,,,,,,,4 Attempts - 20 Races total,14,Go to Submit page,,,,,,,,,,,,,,,Re-use Day 3 - Team Comp 1 as Day 4 - Team Comp 1,A Group,,,,,,,,,,4 Attempts - 20 Races total,15,Go to Submit page,,,,,,,,,,,,,,,A Finals,10872,Re-use Day 4 - Team Comp 1 as Finals Team Comp,,,,,,,,,,https://drive.google.com/open?id=1aVz3zbacNcBG9KwmybTtkuw0AA3FQnZF,1st,,,,,,,,,,,Yes,"The first to make me win the URA Finale. Now, I have finally repaid you, in the most appropriate way. To the QEII Cup Winner, the one and only...",https://drive.google.com/open?id=146SWLn_5zYkPCZKHZ_yqSarFGcq8i1Ir,https://drive.google.com/open?id=1PNfxVMG8pMgbJ48RMrGLwlcV2aIKpB2h,,2,8,6,,,https://drive.google.com/open?id=1fWTICZ1c14YvpRsyVRNbc3l-4C_DNION
9/25/2026 6:48:03,Caesar_SPQR,Graded (No Uma Restrictions),Win A finals,I accept these terms,Finals,"iOS - phone or tablet, Windows",$101-500,1312,21-30 (roughly 3-4 per day),21-30 (roughly 3-4 per day),Discord - MooMooCord - https://discord.com/invite/moomoocows,,,Mejiro Palmer,Front Runner,Ace built for this CM before CM start in Grand Concert scenario,2,1,,,2,1,,Mihono Bourbon,Front Runner,Ace built for this CM before CM start in Grand Concert scenario,3,1,,,1,1,,Oguri Cap (Christmas),End Closer,Ace built for this CM before CM start in Grand Concert scenario,3,,,,2,1,,4 Attempts - 20 Races total,12,Go to Submit page,,,,,,,,,,,,,,Re-use Day 1 - Team Comp 1 as Day 2 - Team Comp 1,,,,,,,,,,4 Attempts - 20 Races total,13,Go to Submit page,,,,,,,,,,,,,,,Re-use Day 2 - Team Comp 1 as Day 3 - Team Comp 1,A Group,,,,,,,,,,4 Attempts - 20 Races total,9,Go to Submit page,,,,,,,,,,,,,,,Re-use Day 3 - Team Comp 1 as Day 4 - Team Comp 1,A Group,,,,,,,,,,4 Attempts - 20 Races total,12,Go to Submit page,,,,,,,,,,,,,,,A Finals,9736,Re-use Day 4 - Team Comp 1 as Finals Team Comp,,,,,,,,,,https://drive.google.com/open?id=1M3FLbs0uxll10ABP5rTtc9-tnAK4OywZ,1st,,,,,,,,,,,No,,https://drive.google.com/open?id=1MGrBYvTtYYIx_jV0VGZ4ZWgsHt9ZgaLb,https://drive.google.com/open?id=1jFIiwL9WIvuwIDqdnFvnooDz3vx30-wP,,1,,9,,2,https://drive.google.com/open?id=12wyAZUZr7cU6d86IbXD0RMS8QABwob8Q
9/25/2026 5:50:47,DillFlavored,Graded (No Uma Restrictions),Get into A finals,I accept these terms,Day 4,Linux,$1001-5000,2454,46+ (more than 6 per day),6-10 (roughly 1 per day),Discord - MooMooCord - https://discord.com/invite/moomoocows,,,Tamamo Cross (Festival),Pace Chaser,Ace built for this CM before CM start in Grand Concert scenario,3,0,0,0,2,1,0,Mejiro Palmer,Runaway,Ace built for this CM before CM start in Grand Concert scenario,3,0,0,0,2,1,0,Kitasan Black,Front Runner,Ace built for this CM before CM start in Grand Concert scenario,3,0,0,0,2,1,0,4 Attempts - 20 Races total,14,Go to Submit page,,,,,,,,,,,,,,Re-use Day 1 - Team Comp 1 as Day 2 - Team Comp 1,,,,,,,,,,4 Attempts - 20 Races total,12,Go to Submit page,,,,,,,,,,,,,,,Re-use Day 2 - Team Comp 1 as Day 3 - Team Comp 1,A Group,,,,,,,,,,4 Attempts - 20 Races total,13,Go to Submit page,,,,,,,,,,,,,,,Re-use Day 3 - Team Comp 1 as Day 4 - Team Comp 1,A Group,,,,,,,,,,4 Attempts - 20 Races total,7,Finals,,,,,,,,,,,,,,,A Finals,,Re-use Day 4 - Team Comp 1 as Finals Team Comp,,,,,,,,,,https://drive.google.com/open?id=1-SgMvoAIAY2dXllA-PBIX1fM6sISiJZC,2nd,Yes,https://drive.google.com/open?id=1GSRQwn5UVDQLkNeRV2vdBc1Rj4ZZSAXg,https://drive.google.com/open?id=1LRYama602wlT17SOqezHl9L17FxLnkwH,,3,18,,,,https://drive.google.com/open?id=1y4gf3eLBlqlD8UIhJrgdPzQP0kBg1I0G,,,,,,,,,,,
9/26/2026 9:59:22,C#,Graded (No Uma Restrictions),Get into A finals,I accept these terms,Finals,Android - phone or tablet,$1-100,876,21-30 (roughly 3-4 per day),11-20 (roughly 2-3 per day),"Discord - MooMooCord - https://discord.com/invite/moomoocows, YouTube - MooMooCows - https://www.youtube.com/@MooMooCows",,,Oguri Cap (Christmas),End Closer,Ace built for this CM before CM start in Grand Concert scenario,3,,,,2,1,,Eishin Flash (Valentine),End Closer,Debuffer,,,,,,,,Grass Wonder,End Closer,Debuffer,,,,,,,,4 Attempts - 20 Races total,18,Go to Submit page,,,,,,,,,,,,,,Re-use Day 1 - Team Comp 1 as Day 2 - Team Comp 1,,,,,,,,,,4 Attempts - 20 Races total,19,Go to Submit page,,,,,,,,,,,,,,,Re-use Day 2 - Team Comp 1 as Day 3 - Team Comp 1,A Group,,,,,,,,,,4 Attempts - 20 Races total,16,Go to Submit page,,,,,,,,,,,,,,,Re-use Day 3 - Team Comp 1 as Day 4 - Team Comp 1,A Group,,,,,,,,,,4 Attempts - 20 Races total,17,Go to Submit page,,,,,,,,,,,,,,,A Finals,16169,Re-use Day 4 - Team Comp 1 as Finals Team Comp,,,,,,,,,,https://drive.google.com/open?id=1AijZvSY_tmzPgN9SbTaOFToc6hHtNnSt,2nd,Yes,https://drive.google.com/open?id=1H8unlN7Vs2jOHVbJqizlxidmIslWALQH,https://drive.google.com/open?id=1d9ovLrFdt4S6MOOOp3hWPb2Tt1Zgm3sx,,,,,,,https://drive.google.com/open?id=1EYjj6kFi0IsfGKDSCfxBbBez2cPuauJo,,,,,,,,,,,
9/25/2026 5:18:26,Yama,Graded (No Uma Restrictions),Win A finals,I accept these terms,Finals,"iOS - phone or tablet, Windows",$101-500,,31-45 (roughly 5-6 per day),21-30 (roughly 3-4 per day),Discord - MooMooCord - https://discord.com/invite/moomoocows,,,Daiwa Scarlet,Pace Chaser,Ace built for this CM before CM start in Grand Concert scenario,3,0,0,,2,1,0,Sweep Tosho,End Closer,Ace built for this CM before CM start in Grand Concert scenario,3,0,0,0,2,1,0,Symboli Rudolf,Late Surger,Debuffer,,,,,,,,4 Attempts - 20 Races total,13,Go to Submit page,,,,,,,,,,,,,,Re-use Day 1 - Team Comp 1 as Day 2 - Team Comp 1,,,,,,,,,,4 Attempts - 20 Races total,15,Go to Submit page,,,,,,,,,,,,,,,Re-use Day 2 - Team Comp 1 as Day 3 - Team Comp 1,A Group,,,,,,,,,,4 Attempts - 20 Races total,9,Go to Submit page,,,,,,,,,,,,,,,Re-use Day 3 - Team Comp 1 as Day 4 - Team Comp 1,A Group,,,,,,,,,,4 Attempts - 20 Races total,10,Go to Submit page,,,,,,,,,,,,,,,A Finals,,Re-use Day 4 - Team Comp 1 as Finals Team Comp,,,,,,,,,,,3rd,No (goes to Submit page),,,,,,,,,,,,,,,,,,,,
9/25/2026 7:52:38,Dexil,Graded (No Uma Restrictions),Get into A finals,I accept these terms,Finals,"iOS - phone or tablet, Windows",,,46+ (more than 6 per day),46+ (more than 6 per day),,,,Oguri Cap,Late Surger,Ace built for this CM before CM start in Grand Concert scenario,,,,,,,,Grass Wonder,End Closer,Debuffer,,,,,,,,Nice Nature (Cheerleader),End Closer,Debuffer,,,,,,,,4 Attempts - 20 Races total,10,Go to Submit page,,,,,,,,,,,,,,Add new Team Comp as Day 2 - Team Comp 1,Oguri Cap,Late Surger,Ace built for this CM before CM start in Grand Concert scenario,Mejiro Ardan,Pace Chaser,Ace built for this CM before CM start in Grand Concert scenario,Grass Wonder,End Closer,Debuffer,4 Attempts - 20 Races total,12,Go to Submit page,,,,,,,,,,,,,,,Re-use Day 2 - Team Comp 1 as Day 3 - Team Comp 1,A Group,,,,,,,,,,4 Attempts - 20 Races total,6,Go to Submit page,,,,,,,,,,,,,,,Re-use Day 3 - Team Comp 1 as Day 4 - Team Comp 1,A Group,,,,,,,,,,4 Attempts - 20 Races total,11,Go to Submit page,,,,,,,,,,,,,,,A Finals,8757,Re-use Day 4 - Team Comp 1 as Finals Team Comp,,,,,,,,,,,2nd,No (goes to Submit page),,,,,,,,,,,,,,,,,,,,
9/25/2026 6:54:42,DanFPS,Graded (No Uma Restrictions),Win A finals,I accept these terms,Finals,Windows,Rather not say,2258,31-45 (roughly 5-6 per day),0-5 (less than 1 per day),Discord - MooMooCord - https://discord.com/invite/moomoocows,5,,Mihono Bourbon (Valentine),Front Runner,Ace built for this CM before CM start in Grand Concert scenario,,,,,,,,Kitasan Black,Front Runner,Ace built for this CM before CM start in Grand Concert scenario,,,,,,,,Oguri Cap (Christmas),Pace Chaser,Ace built for this CM before CM start in Grand Concert scenario,,,,,,,,4 Attempts - 20 Races total,11,Go to Submit page,,,,,,,,,,,,,,Re-use Day 1 - Team Comp 1 as Day 2 - Team Comp 1,,,,,,,,,,4 Attempts - 20 Races total,16,Go to Submit page,,,,,,,,,,,,,,,Re-use Day 2 - Team Comp 1 as Day 3 - Team Comp 1,A Group,,,,,,,,,,4 Attempts - 20 Races total,15,Go to Submit page,,,,,,,,,,,,,,,Re-use Day 3 - Team Comp 1 as Day 4 - Team Comp 1,A Group,,,,,,,,,,4 Attempts - 20 Races total,15,Go to Submit page,,,,,,,,,,,,,,,A Finals,8155,Re-use Day 4 - Team Comp 1 as Finals Team Comp,,,,,,,,,,,1st,,,,,,,,,,,No,,https://drive.google.com/open?id=1BuRgczKKwywly5AdyTtC8iURd8e1oKoX,https://drive.google.com/open?id=17GAMM8jNI3lk2YaW1dPLVIM_wsK3vU63,,,12,5,,,https://drive.google.com/open?id=1Od5wB26btUVjR57JC8wqhumco8PNkLLy
9/25/2026 5:28:35,Omega,Graded (No Uma Restrictions),Win A finals,I accept these terms,Finals,"Android - phone or tablet, Windows",$101-500,,11-20 (roughly 2-3 per day),11-20 (roughly 2-3 per day),Discord - MooMooCord - https://discord.com/invite/moomoocows,4,,King Halo (Cheerleader),Late Surger,Ace built for this CM before CM start in Grand Concert scenario,2,1,0,0,2,1,0,Rice Shower,Pace Chaser,Ace built for this CM before CM start in Grand Concert scenario,3,1,0,0,1,1,0,Oguri Cap (Christmas),Pace Chaser,Ace built for this CM before CM start in Grand Concert scenario,3,0,0,0,2,1,0,4 Attempts - 20 Races total,12,Go to Submit page,,,,,,,,,,,,,,Re-use Day 1 - Team Comp 1 as Day 2 - Team Comp 1,,,,,,,,,,4 Attempts - 20 Races total,12,Go to Submit page,,,,,,,,,,,,,,,Re-use Day 2 - Team Comp 1 as Day 3 - Team Comp 1,A Group,,,,,,,,,,4 Attempts - 20 Races total,6,Go to Submit page,,,,,,,,,,,,,,,Add a new Team Comp as Day 4 - Team Comp 1,A Group,King Halo (Cheerleader),Late Surger,Ace built for this CM before CM start in Grand Concert scenario,Rice Shower,Pace Chaser,Mid-CM Ace build in Grand Concert scenario,Oguri Cap (Christmas),End Closer,Mid-CM Ace build in Grand Concert scenario,4 Attempts - 20 Races total,9,Go to Submit page,,,,,,,,,,,,,,,A Finals,8322,Re-use Day 4 - Team Comp 1 as Finals Team Comp,,,,,,,,,,https://drive.google.com/open?id=189TqurfCyIqsaa8W8i8uSJBk1BfpVBUd,1st,,,,,,,,,,,No,,https://drive.google.com/open?id=14AKJ7vuXmQzF-P5k9WqL4YRW9XtKX87s,https://drive.google.com/open?id=1dSDSAoNysCMOEWaXu2kqKCr5W6e8EVNJ,,3,7,5,0,0,https://drive.google.com/open?id=1oUWaPGRG-5rXRaJmsiL_FkFegp2drvL-
9/25/2026 5:47:30,Grafted Scion,Graded (No Uma Restrictions),Get into A finals,I accept these terms,Finals,"iOS - phone or tablet, Windows",$101-500,,31-45 (roughly 5-6 per day),0-5 (less than 1 per day),"Discord - MooMooCord - https://discord.com/invite/moomoocows, Twitch - MooMooCows - https://www.twitch.tv/moomoomoocows",5,,Oguri Cap (Christmas),End Closer,Ace built for this CM before CM start in Grand Concert scenario,3,,,,2,1,,Grass Wonder,Late Surger,Debuffer,1,0,,1,4,,,Symboli Rudolf,Front Runner,Debuffer,1,,,1,4,,,4 Attempts - 20 Races total,13,Go to Submit page,,,,,,,,,,,,,,Re-use Day 1 - Team Comp 1 as Day 2 - Team Comp 1,,,,,,,,,,4 Attempts - 20 Races total,16,Go to Submit page,,,,,,,,,,,,,,,Re-use Day 2 - Team Comp 1 as Day 3 - Team Comp 1,A Group,,,,,,,,,,4 Attempts - 20 Races total,12,Go to Submit page,,,,,,,,,,,,,,,Re-use Day 3 - Team Comp 1 as Day 4 - Team Comp 1,A Group,,,,,,,,,,4 Attempts - 20 Races total,13,Go to Submit page,,,,,,,,,,,,,,,A Finals,8324,Re-use Day 4 - Team Comp 1 as Finals Team Comp,,,,,,,,,,https://drive.google.com/open?id=1mvn3wGWBdBGoNaHCqCyPGzSCjyDb0hmR,1st,,,,,,,,,,,No,,https://drive.google.com/open?id=12bRxhLGieXy4rkrjXbTBwfvjvuHOqSAs,https://drive.google.com/open?id=1aLYoIkbX6FY53ivd9SVaGN2zkL0_mGk7,,,,,,,https://drive.google.com/open?id=1kPZkqHXnBeiDhg1ZpnnSRnT9a78V-nvr
9/25/2026 10:25:30,Snootbooping,Graded (No Uma Restrictions),Win A finals,I accept these terms,Finals,"Android - phone or tablet, Windows",$501-1000,2003,46+ (more than 6 per day),6-10 (roughly 1 per day),Discord - MooMooCord - https://discord.com/invite/moomoocows,,,Vodka,Late Surger,Ace built for this CM before CM start in Grand Concert scenario,3,0,0,0,2,1,0,Tamamo Cross (Festival),Pace Chaser,Ace built for this CM before CM start in Grand Concert scenario,3,0,0,0,2,1,0,Satono Diamond,Late Surger,Ace built for this CM before CM start in Grand Concert scenario,3,0,0,0,2,1,0,4 Attempts - 20 Races total,16,Go to Submit page,,,,,,,,,,,,,,Re-use Day 1 - Team Comp 1 as Day 2 - Team Comp 1,,,,,,,,,,4 Attempts - 20 Races total,19,Go to Submit page,,,,,,,,,,,,,,,Re-use Day 2 - Team Comp 1 as Day 3 - Team Comp 1,A Group,,,,,,,,,,4 Attempts - 20 Races total,11,Go to Submit page,,,,,,,,,,,,,,,Re-use Day 3 - Team Comp 1 as Day 4 - Team Comp 1,A Group,,,,,,,,,,4 Attempts - 20 Races total,12,Go to Submit page,,,,,,,,,,,,,,,A Finals,17418,Re-use Day 4 - Team Comp 1 as Finals Team Comp,,,,,,,,,,https://drive.google.com/open?id=1Zqv2J5506BSPLIgstHMfC8EArmR5UF5t,1st,,,,,,,,,,,Yes,F*** your xoguris.  F*** your debuffers.  The best don't need a crutch.,https://drive.google.com/open?id=1-fsarJ9Gmvyf4uCiqYPZeAQNOdePAs9i,https://drive.google.com/open?id=1JlVAak6hwz6Yms8j31hQmnofzyy_KyUx,,0,13,0,1,0,https://drive.google.com/open?id=1YONqQnT0HsX2Rw4vgHXMNYw_pVa-InWS
9/25/2026 5:51:11,Sc0undrel,Graded (No Uma Restrictions),Win A finals,I accept these terms,Finals,iOS - phone or tablet,$101-500,2214,46+ (more than 6 per day),6-10 (roughly 1 per day),Discord - MooMooCord - https://discord.com/invite/moomoocows,5,,Mejiro Dober (Camping),Late Surger,Ace built for this CM before CM start in Grand Concert scenario,3,0,0,0,2,1,0,Nice Nature,Late Surger,Debuffer,,,,,,,,Super Creek (Halloween),Late Surger,Debuffer,,,,,,,,4 Attempts - 20 Races total,15,Go to Submit page,,,,,,,,,,,,,,Re-use Day 1 - Team Comp 1 as Day 2 - Team Comp 1,,,,,,,,,,4 Attempts - 20 Races total,17,Go to Submit page,,,,,,,,,,,,,,,Re-use Day 2 - Team Comp 1 as Day 3 - Team Comp 1,A Group,,,,,,,,,,4 Attempts - 20 Races total,12,Go to Submit page,,,,,,,,,,,,,,,Re-use Day 3 - Team Comp 1 as Day 4 - Team Comp 1,A Group,,,,,,,,,,4 Attempts - 20 Races total,11,Go to Submit page,,,,,,,,,,,,,,,A Finals,7472,Add new Team Comp as Finals Team Comp,Mejiro Dober (Camping),Late Surger,Ace built for this CM before CM start in Grand Concert scenario,Grass Wonder,End Closer,Debuffer,Symboli Rudolf,Front Runner,Debuffer,https://drive.google.com/open?id=1AKc12_NX1grTBXBnVrElT7x1Jba6n-BV,1st,,,,,,,,,,,Yes,Xoguri Killer,https://drive.google.com/open?id=1a8hW4JA5W729L7PlFhwnElrqgj17gAn5,https://drive.google.com/open?id=1zbDC0958nv9QTaoe-vyoXkvuvMrOZ-j-,,3,12,3,,,https://drive.google.com/open?id=1vJPAU9q7cETC4s4iBx23DkvKBbDkaY0-
9/25/2026 13:40:43,TPK,Graded (No Uma Restrictions),Collect participation rewards,I accept these terms,Day 1,"Android - phone or tablet, Windows",$501-1000,,,,,,,Nakayama Festa,Late Surger,Ace built for this CM before CM start in Grand Concert scenario,,,,,,,,Symboli Rudolf,Late Surger,Debuffer,,,,,,,,Nice Nature (Cheerleader),Late Surger,Debuffer,,,,,,,,4 Attempts - 20 Races total,9,Day 2,,,,,,,,,,,,,,Add new Team Comp as Day 2 - Team Comp 1,Air Shakur,End Closer,Mid-CM Ace build in Grand Concert scenario,Symboli Rudolf,Late Surger,Debuffer,Nice Nature,Late Surger,Debuffer,4 Attempts - 20 Races total,12,Day 3,,,,,,,,,,,,,,,Re-use Day 2 - Team Comp 1 as Day 3 - Team Comp 1,A Group,,,,,,,,,,4 Attempts - 20 Races total,11,Day 4,,,,,,,,,,,,,,,Re-use Day 3 - Team Comp 1 as Day 4 - Team Comp 1,A Group,,,,,,,,,,4 Attempts - 20 Races total,11,Finals,,,,,,,,,,,,,,,A Finals,5825,Re-use Day 4 - Team Comp 1 as Finals Team Comp,,,,,,,,,,https://drive.google.com/open?id=1zGDhZExvhpqCSIriKmVWIRJWmmueLRqu,2nd,No (goes to Submit page),,,,,,,,,,,,,,,,,,,,
9/25/2026 10:26:04,Haleem,Graded (No Uma Restrictions),Win A finals,I accept these terms,Finals,Android - phone or tablet,$1-100,805,11-20 (roughly 2-3 per day),11-20 (roughly 2-3 per day),"Discord - MooMooCord - https://discord.com/invite/moomoocows, Twitch - MooMooCows - https://www.twitch.tv/moomoomoocows, YouTube - MooMooCows - https://www.youtube.com/@MooMooCows",5,,Mayano Top Gun,Pace Chaser,Ace built for this CM before CM start in Grand Concert scenario,3,0,0,0,2,1,0,Agnes Tachyon,Late Surger,Debuffer,,,,,,,,Grass Wonder,Late Surger,Debuffer,,,,,,,,4 Attempts - 20 Races total,18,Go to Submit page,,,,,,,,,,,,,,Re-use Day 1 - Team Comp 1 as Day 2 - Team Comp 1,,,,,,,,,,4 Attempts - 20 Races total,15,Go to Submit page,,,,,,,,,,,,,,,Re-use Day 2 - Team Comp 1 as Day 3 - Team Comp 1,A Group,,,,,,,,,,4 Attempts - 20 Races total,11,Day 4,,,,,,,,,,,,,,,Re-use Day 3 - Team Comp 1 as Day 4 - Team Comp 1,A Group,,,,,,,,,,4 Attempts - 20 Races total,13,Go to Submit page,,,,,,,,,,,,,,,A Finals,12533,Re-use Day 4 - Team Comp 1 as Finals Team Comp,,,,,,,,,,https://drive.google.com/open?id=138baCOeeZfdNhYeer2KKigY2Ru4dMfKa,2nd,Yes,https://drive.google.com/open?id=1JB1N919EeCzoJd2MQGCSGNdsEfwZKqYH,https://drive.google.com/open?id=1PTfpSw20R1iHIq5JVqacCABbbwnAJl4e,,7,3,5,0,0,https://drive.google.com/open?id=1scfb4aGj6vFPjns3HvEtoQ5n2k6ToRuH,,,,,,,,,,,
9/25/2026 5:31:03,Fokx,Graded (No Uma Restrictions),Win A finals,I accept these terms,Finals,"iOS - phone or tablet, Windows",$501-1000,2540,31-45 (roughly 5-6 per day),6-10 (roughly 1 per day),Discord - MooMooCord - https://discord.com/invite/moomoocows,4,,Tamamo Cross (Festival),Pace Chaser,Ace built for this CM before CM start in Grand Concert scenario,3,1,0,0,1,1,0,Manhattan Cafe,Late Surger,Ace built for this CM before CM start in Grand Concert scenario,3,1,0,0,1,1,0,Agnes Digital,Late Surger,Ace built for this CM before CM start in Grand Concert scenario,3,1,0,0,1,1,0,4 Attempts - 20 Races total,16,Go to Submit page,,,,,,,,,,,,,,Re-use Day 1 - Team Comp 1 as Day 2 - Team Comp 1,,,,,,,,,,4 Attempts - 20 Races total,13,Go to Submit page,,,,,,,,,,,,,,,Re-use Day 2 - Team Comp 1 as Day 3 - Team Comp 1,A Group,,,,,,,,,,4 Attempts - 20 Races total,12,Day 1,,,,,,,,,,,,,,,Re-use Day 3 - Team Comp 1 as Day 4 - Team Comp 1,A Group,,,,,,,,,,4 Attempts - 20 Races total,12,Go to Submit page,,,,,,,,,,,,,,,A Finals,11458,Re-use Day 4 - Team Comp 1 as Finals Team Comp,,,,,,,,,,https://drive.google.com/open?id=1p0jQuJfZ3R3xh5llfZeepBDJxr2SfjHU,2nd,No (goes to Submit page),,,,,,,,,,,,,,,,,,,,
9/25/2026 21:05:02,Haunt,Graded (No Uma Restrictions),Win A finals,I accept these terms,Finals,Android - phone or tablet,$0,1520,11-20 (roughly 2-3 per day),11-20 (roughly 2-3 per day),YouTube - MooMooCows - https://www.youtube.com/@MooMooCows,5,,Oguri Cap (Christmas),End Closer,Ace built for this CM before CM start in Grand Concert scenario,2,1,,,2,1,,Fine Motion,Pace Chaser,Ace built for this CM before CM start in Grand Concert scenario,3,0,,,1,1,,Symboli Rudolf,End Closer,Debuffer,1,,2,,,3,,4 Attempts - 20 Races total,14,Go to Submit page,,,,,,,,,,,,,,Add new Team Comp as Day 2 - Team Comp 1,Oguri Cap (Christmas),End Closer,Ace built for this CM before CM start in Grand Concert scenario,Fine Motion,Pace Chaser,Ace built for this CM before CM start in Grand Concert scenario,Rice Shower,Pace Chaser,Ace built for this CM before CM start in Grand Concert scenario,2 Attempts - 10 Races total,5,Day 2 - Add 2nd Team,Re-use Day 1 - Team Comp 1 as Day 2 - Team Comp 2,,,,,,,,,,2 Attempts - 10 Races total,8,2 teams,Go to Submit page,Re-use Day 2 - Team Comp 2 as Day 3 - Team Comp 1,A Group,,,,,,,,,,4 Attempts - 20 Races total,13,Go to Submit page,,,,,,,,,,,,,,,Add a new Team Comp as Day 4 - Team Comp 1,A Group,Oguri Cap (Christmas),End Closer,Mid-CM Ace build in Grand Concert scenario,Fine Motion,Pace Chaser,Ace built for this CM before CM start in Grand Concert scenario,Symboli Rudolf,End Closer,Debuffer,4 Attempts - 20 Races total,12,Go to Submit page,,,,,,,,,,,,,,,A Finals,,Re-use Day 4 - Team Comp 1 as Finals Team Comp,,,,,,,,,,,2nd,No (goes to Submit page),,,,,,,,,,,,,,,,,,,,
9/22/2026 5:49:07,Evir,Graded (No Uma Restrictions),Win A finals,I accept these terms,Day 3,"Android - phone or tablet, Windows",$1-100,1200,31-45 (roughly 5-6 per day),0-5 (less than 1 per day),Discord - MooMooCord - https://discord.com/invite/moomoocows,,,Eishin Flash,Late Surger,Ace built for this CM before CM start in Grand Concert scenario,3,,,,2,1,,Mejiro Dober (Camping),Late Surger,Ace built for this CM before CM start in Grand Concert scenario,3,,,,2,1,,Symboli Rudolf,Front Runner,Debuffer,,,,,,,,4 Attempts - 20 Races total,13,Go to Submit page,,,,,,,,,,,,,,Re-use Day 1 - Team Comp 1 as Day 2 - Team Comp 1,,,,,,,,,,4 Attempts - 20 Races total,17,Go to Submit page,,,,,,,,,,,,,,,Re-use Day 2 - Team Comp 1 as Day 3 - Team Comp 1,A Group,,,,,,,,,,4 Attempts - 20 Races total,10,Go to Submit page,,,,,,,,,,,,,,,,,,,,,,,,,,,,,,,,,,,,,,,,,,,,,,,,,,,,,,,,,,,,,,,,,,,,,,,,,,,,,
9/25/2026 6:48:30,_Alex_,Graded (No Uma Restrictions),Wiggle into A finals if lucky,I accept these terms,Finals,"Android - phone or tablet, Linux",$1-100,781,21-30 (roughly 3-4 per day),0-5 (less than 1 per day),"Discord - MooMooCord - https://discord.com/invite/moomoocows, Reddit - /r/UmamusumeGame, Twitch - MooMooCows - https://www.twitch.tv/moomoomoocows, YouTube - MooMooCows - https://www.youtube.com/@MooMooCows",5,,Oguri Cap,Late Surger,Ace built for older CM,2,1,,,2,1,,Grass Wonder,End Closer,Debuffer,,,,,,,,Agnes Tachyon,End Closer,Debuffer,,,,,,,,3 Attempts - 15 Races total,6,Go to Submit page,,,,,,,,,,,,,,Re-use Day 1 - Team Comp 1 as Day 2 - Team Comp 1,,,,,,,,,,3 Attempts - 15 Races total,6,Go to Submit page,,,,,,,,,,,,,,,Re-use Day 2 - Team Comp 1 as Day 3 - Team Comp 1,A Group,,,,,,,,,,4 Attempts - 20 Races total,6,Go to Submit page,,,,,,,,,,,,,,,Re-use Day 3 - Team Comp 1 as Day 4 - Team Comp 1,A Group,,,,,,,,,,4 Attempts - 20 Races total,9,Go to Submit page,,,,,,,,,,,,,,,A Finals,7345,Re-use Day 4 - Team Comp 1 as Finals Team Comp,,,,,,,,,,,2nd,No (goes to Submit page),,,,,,,,,,,,,,,,,,,,
9/25/2026 7:53:11,Aero,Graded (No Uma Restrictions),Get into A finals,I accept these terms,Finals,iOS - phone or tablet,$101-500,1604,11-20 (roughly 2-3 per day),6-10 (roughly 1 per day),Discord - MooMooCord - https://discord.com/invite/moomoocows,5,,Winning Ticket (Steampunk),Late Surger,Ace built for this CM before CM start in Grand Concert scenario,3,1,0,0,1,1,0,Nakayama Festa,Late Surger,Ace built for this CM before CM start in Grand Concert scenario,3,1,0,0,1,1,0,Gold Ship,End Closer,Ace built for this CM before CM start in Grand Concert scenario,3,0,1,0,1,1,0,4 Attempts - 20 Races total,11,Day 2,,,,,,,,,,,,,,Re-use Day 1 - Team Comp 1 as Day 2 - Team Comp 1,,,,,,,,,,4 Attempts - 20 Races total,8,Day 3,,,,,,,,,,,,,,,Re-use Day 2 - Team Comp 1 as Day 3 - Team Comp 1,A Group,,,,,,,,,,4 Attempts - 20 Races total,6,Go to Submit page,,,,,,,,,,,,,,,Re-use Day 3 - Team Comp 1 as Day 4 - Team Comp 1,A Group,,,,,,,,,,4 Attempts - 20 Races total,9,Go to Submit page,,,,,,,,,,,,,,,A Finals,9502,Add new Team Comp as Finals Team Comp,Winning Ticket,Late Surger,Ace built for this CM before CM start in Grand Concert scenario,Nakayama Festa,Late Surger,Ace built for this CM before CM start in Grand Concert scenario,Grass Wonder,Front Runner,Debuffer,https://drive.google.com/open?id=1Y2-2Ka-9PYvQAgeOls1F3biOvmf-t0wB,2nd,No (goes to Submit page),,,,,,,,,,,,,,,,,,,,
9/25/2026 21:55:22,LuseLunam,Graded (No Uma Restrictions),Get into A finals,I accept these terms,Day 1,"Android - phone or tablet, Windows",$0,1118,11-20 (roughly 2-3 per day),21-30 (roughly 3-4 per day),Discord - MooMooCord - https://discord.com/invite/moomoocows,5,,Seiun Sky,Front Runner,Blocker/Overtake target/Throwaway/Niche role,3,0,0,0,2,1,0,Agnes Tachyon,Pace Chaser,Ace built for this CM before CM start in Grand Concert scenario,2,0,0,0,3,1,0,Rice Shower,Pace Chaser,Ace built for this CM before CM start in Grand Concert scenario,2,1,0,0,2,1,0,1 Attempt - 5 Races total,0,Day 1 - Add 2nd Team,Oguri Cap (Christmas),End Closer,Ace built for this CM before CM start in Grand Concert scenario,Grass Wonder,Late Surger,Debuffer,Nice Nature,Late Surger,Debuffer,3 Attempts - 15 Races total,11,2 teams,Day 2,Re-use Day 1 - Team Comp 2 as Day 2 - Team Comp 1,,,,,,,,,,1 Attempt - 5 Races total,5,Day 2 - Add 2nd Team,Add new Team Comp as Day 2 - Team Comp 2,Air Shakur,End Closer,Ace built for this CM before CM start in Grand Concert scenario,Agnes Tachyon,Pace Chaser,Ace built for this CM before CM start in Grand Concert scenario,Nice Nature,Late Surger,Debuffer,3 Attempts - 15 Races total,13,2 teams,Day 3,Re-use Day 2 - Team Comp 2 as Day 3 - Team Comp 1,A Group,,,,,,,,,,4 Attempts - 20 Races total,9,Day 4,,,,,,,,,,,,,,,Re-use Day 3 - Team Comp 1 as Day 4 - Team Comp 1,A Group,,,,,,,,,,4 Attempts - 20 Races total,11,Finals,,,,,,,,,,,,,,,A Finals,9814,Add new Team Comp as Finals Team Comp,Air Shakur,End Closer,Mid-CM Ace build in Grand Concert scenario,Agnes Tachyon,Pace Chaser,Ace built for this CM before CM start in Grand Concert scenario,Nice Nature,Late Surger,Debuffer,https://drive.google.com/open?id=1X44sSQLCUdsUQBo8QQqNTii0qwnUeAtv,1st,,,,,,,,,,,Yes,airShakurWin = true  // IN OSHIS WE TRUST!! <3,https://drive.google.com/open?id=1fhoah9UgQQeqJRMsQ-yUWPMAT0aA7C0D,https://drive.google.com/open?id=19exl9VsMgV_KqTlcOBI26aaCjJoBxXWl,,2,7,,,6,https://drive.google.com/open?id=1PXLS4ZYDb2MVm3i9nF34nMJdkYjzH0yr
9/25/2026 6:16:29,yoximura,Graded (No Uma Restrictions),Win A finals,I accept these terms,Finals,"iOS - phone or tablet, Windows",$101-500,,31-45 (roughly 5-6 per day),,Discord - MooMooCord - https://discord.com/invite/moomoocows,5,,Tamamo Cross (Festival),Pace Chaser,Ace built for this CM before CM start in Grand Concert scenario,2,1,0,0,2,1,,Oguri Cap (Christmas),End Closer,Ace built for this CM before CM start in Grand Concert scenario,2,1,0,0,2,1,,Symboli Rudolf,Pace Chaser,Debuffer,,1,,,4,1,,4 Attempts - 20 Races total,19,Go to Submit page,,,,,,,,,,,,,,Re-use Day 1 - Team Comp 1 as Day 2 - Team Comp 1,,,,,,,,,,4 Attempts - 20 Races total,16,Day 3,,,,,,,,,,,,,,,Re-use Day 2 - Team Comp 1 as Day 3 - Team Comp 1,A Group,,,,,,,,,,4 Attempts - 20 Races total,16,Day 4,,,,,,,,,,,,,,,Re-use Day 3 - Team Comp 1 as Day 4 - Team Comp 1,A Group,,,,,,,,,,4 Attempts - 20 Races total,17,Go to Submit page,,,,,,,,,,,,,,,A Finals,13804,Add new Team Comp as Finals Team Comp,Tamamo Cross (Festival),Pace Chaser,Ace built for this CM before CM start in Grand Concert scenario,Oguri Cap (Christmas),End Closer,Ace built for this CM before CM start in Grand Concert scenario,Grass Wonder,Late Surger,Debuffer,https://drive.google.com/open?id=1Mes7J5A0-FPSY-9EfKfKzSyk2nOBO5GO,1st,,,,,,,,,,,Yes,Tama goat,https://drive.google.com/open?id=18hA-k8e7zEB0UvzO-dkvk8tjxEo3DZom,https://drive.google.com/open?id=1L5NzvzOu7iYI6J4H99-XqvHPJRPzpGnL,,0,10,4,0,0,https://drive.google.com/open?id=1Xifev4nJPUN6YL7LLOq1K2qjzOOCkCGp
9/25/2026 5:37:14,kammie,Graded (No Uma Restrictions),Win A finals,I accept these terms,Finals,Android - phone or tablet,$1001-5000,1650,46+ (more than 6 per day),31-45 (roughly 5-6 per day),Discord - MooMooCord - https://discord.com/invite/moomoocows,4,,Biwa Hayahide (Christmas),Pace Chaser,Ace built for this CM before CM start in Grand Concert scenario,3,1,,,1,0,,Nice Nature,End Closer,Debuffer,,,,,,,,Super Creek (Halloween),End Closer,Debuffer,,,,,,,,4 Attempts - 20 Races total,16,Go to Submit page,,,,,,,,,,,,,,Re-use Day 1 - Team Comp 1 as Day 2 - Team Comp 1,,,,,,,,,,4 Attempts - 20 Races total,17,Go to Submit page,,,,,,,,,,,,,,,Add new Team Comp as Day 3 - Team Comp 1,A Group,Biwa Hayahide (Christmas),Pace Chaser,Ace built for this CM before CM start in Grand Concert scenario,Grass Wonder,End Closer,Debuffer,Symboli Rudolf,End Closer,Debuffer,4 Attempts - 20 Races total,12,Go to Submit page,,,,,,,,,,,,,,,Re-use Day 3 - Team Comp 1 as Day 4 - Team Comp 1,A Group,,,,,,,,,,4 Attempts - 20 Races total,15,Go to Submit page,,,,,,,,,,,,,,,A Finals,,Re-use Day 4 - Team Comp 1 as Finals Team Comp,,,,,,,,,,https://drive.google.com/open?id=1PLDMKCbHOdQ6zAgXoogfZg2PHg3UWpNP,1st,,,,,,,,,,,Yes,BACK TO BACK BIWA WINS LETS GO,https://drive.google.com/open?id=1vhwyRmP200eZo2RBaP1koxL1J-7ad-wn,https://drive.google.com/open?id=1RE7psImQcbnFc7wCoswYQB2VygRPY2dr,,4,11,,,,https://drive.google.com/open?id=1Heonn9mJLe0f3aQ-gbFnL1zhGKUGUtWV
9/25/2026 7:18:16,The F Master,Open (A+ Grade and Lower Umas Only),Win A finals,I accept these terms,Finals,Linux,$0,,6-10 (roughly 1 per day),6-10 (roughly 1 per day),Discord - MooMooCord - https://discord.com/invite/moomoocows,4,,Nakayama Festa,Late Surger,Ace built for this CM using another scenario (URA or Trackblazer),3,1,,,2,,,Gold City,Late Surger,Ace built for this CM using another scenario (URA or Trackblazer),3,1,,,2,,,Matikanefukukitaru,Late Surger,Ace built for this CM before CM start in Unity Cup scenario,3,1,,,2,,,3 Attempts - 15 Races total,9,Go to Submit page,,,,,,,,,,,,,,Re-use Day 1 - Team Comp 1 as Day 2 - Team Comp 1,,,,,,,,,,3 Attempts - 15 Races total,12,Go to Submit page,,,,,,,,,,,,,,,Re-use Day 2 - Team Comp 1 as Day 3 - Team Comp 1,A Group,,,,,,,,,,3 Attempts - 15 Races total,10,Go to Submit page,,,,,,,,,,,,,,,Re-use Day 3 - Team Comp 1 as Day 4 - Team Comp 1,A Group,,,,,,,,,,3 Attempts - 15 Races total,10,Go to Submit page,,,,,,,,,,,,,,,A Finals,,Re-use Day 4 - Team Comp 1 as Finals Team Comp,,,,,,,,,,,2nd,No (goes to Submit page),,,,,,,,,,,,,,,,,,,,
9/25/2026 7:16:35,Arkem,Graded (No Uma Restrictions),Get into A finals,I accept these terms,Finals,Windows,$101-500,1052,11-20 (roughly 2-3 per day),6-10 (roughly 1 per day),,,,Oguri Cap (Christmas),End Closer,Ace built for this CM before CM start in Grand Concert scenario,3,0,0,0,2,1,0,Symboli Rudolf,End Closer,Debuffer,1,1,0,0,3,1,0,Agnes Tachyon,End Closer,Debuffer,1,1,0,0,3,1,0,4 Attempts - 20 Races total,15,Go to Submit page,,,,,,,,,,,,,,Re-use Day 1 - Team Comp 1 as Day 2 - Team Comp 1,,,,,,,,,,4 Attempts - 20 Races total,18,Go to Submit page,,,,,,,,,,,,,,,Re-use Day 2 - Team Comp 1 as Day 3 - Team Comp 1,A Group,,,,,,,,,,4 Attempts - 20 Races total,16,Go to Submit page,,,,,,,,,,,,,,,Re-use Day 3 - Team Comp 1 as Day 4 - Team Comp 1,A Group,,,,,,,,,,4 Attempts - 20 Races total,11,Go to Submit page,,,,,,,,,,,,,,,A Finals,10930,Re-use Day 4 - Team Comp 1 as Finals Team Comp,,,,,,,,,,https://drive.google.com/open?id=1EJn_rLNilBpb1VfQ3nqTJAmlO5GUMJ7_,1st,,,,,,,,,,,No,,https://drive.google.com/open?id=1wQ9X_gQJjDPcE4uoghl6WNF562WZMYYm,https://drive.google.com/open?id=1_MRYyJ1z0gr0VDVi6Nui0Gvb-L8hmvHI,,,5,8,,2,https://drive.google.com/open?id=1lf41VWoRBQs1VVoPT6ULjHtdreTvJ6W7
9/25/2026 7:07:03,Big Slic3,Graded (No Uma Restrictions),Get into A finals,I accept these terms,Day 3,iOS - phone or tablet,$101-500,,21-30 (roughly 3-4 per day),6-10 (roughly 1 per day),"Discord - MooMooCord - https://discord.com/invite/moomoocows, Twitch - MooMooCows - https://www.twitch.tv/moomoomoocows, YouTube - MooMooCows - https://www.youtube.com/@MooMooCows",5,,Gold Ship,End Closer,Ace built for this CM before CM start in Grand Concert scenario,3,,,,2,1,,Agnes Tachyon,End Closer,Debuffer,,,,,,,,Symboli Rudolf,End Closer,Debuffer,,,,,,,,4 Attempts - 20 Races total,9,Day 3,,,,,,,,,,,,,,Re-use Day 1 - Team Comp 1 as Day 2 - Team Comp 1,,,,,,,,,,4 Attempts - 20 Races total,13,Day 1,,,,,,,,,,,,,,,Re-use Day 2 - Team Comp 1 as Day 3 - Team Comp 1,A Group,,,,,,,,,,4 Attempts - 20 Races total,8,Finals,,,,,,,,,,,,,,,Re-use Day 3 - Team Comp 1 as Day 4 - Team Comp 1,A Group,,,,,,,,,,4 Attempts - 20 Races total,12,Go to Submit page,,,,,,,,,,,,,,,A Finals,6358,Re-use Day 4 - Team Comp 1 as Finals Team Comp,,,,,,,,,,https://drive.google.com/open?id=1oNy4blz1h49eV92eEyUwZ1iwZ3FoqSTL,1st,,,,,,,,,,,Yes,This 97 year old trainer still wins medium CMs the old fashioned way ,https://drive.google.com/open?id=1LjlUzkRwa8IuRC8LcAdHr8NoWs2R43fB,,,,,,,,
9/23/2026 7:10:25,TheVP,Graded (No Uma Restrictions),Get into A finals,I accept these terms,Day 4,Android - phone or tablet,$101-500,1346,11-20 (roughly 2-3 per day),11-20 (roughly 2-3 per day),Discord - MooMooCord - https://discord.com/invite/moomoocows,,,Sweep Tosho,End Closer,Ace built for this CM before CM start in Grand Concert scenario,3,0,0,0,2,1,0,Gold Ship,End Closer,Ace built for this CM before CM start in Grand Concert scenario,3,0,0,0,2,1,0,Admire Vega,End Closer,Ace built for this CM before CM start in Grand Concert scenario,2,1,0,0,2,1,0,4 Attempts - 20 Races total,14,Go to Submit page,,,,,,,,,,,,,,Re-use Day 1 - Team Comp 1 as Day 2 - Team Comp 1,,,,,,,,,,4 Attempts - 20 Races total,14,Go to Submit page,,,,,,,,,,,,,,,Re-use Day 2 - Team Comp 1 as Day 3 - Team Comp 1,A Group,,,,,,,,,,4 Attempts - 20 Races total,10,Go to Submit page,,,,,,,,,,,,,,,Re-use Day 3 - Team Comp 1 as Day 4 - Team Comp 1,A Group,,,,,,,,,,4 Attempts - 20 Races total,12,Go to Submit page,,,,,,,,,,,,,,,,,,,,,,,,,,,,,,,,,,,,,,,,,,,,,,,,,
9/25/2026 9:44:50,Aurus,Graded (No Uma Restrictions),Win A finals,I accept these terms,Finals,iOS - phone or tablet,$101-500,1876,11-20 (roughly 2-3 per day),11-20 (roughly 2-3 per day),Discord - MooMooCord - https://discord.com/invite/moomoocows,5,,Narita Taishin (Steampunk),End Closer,Ace built for this CM before CM start in Grand Concert scenario,3,1,,,1,1,,Mejiro Dober,Late Surger,Ace built for this CM before CM start in Grand Concert scenario,3,1,,,1,1,,Symboli Rudolf,Front Runner,Debuffer,1,,,,5,,,4 Attempts - 20 Races total,17,Go to Submit page,,,,,,,,,,,,,,Re-use Day 1 - Team Comp 1 as Day 2 - Team Comp 1,,,,,,,,,,4 Attempts - 20 Races total,16,Go to Submit page,,,,,,,,,,,,,,,Re-use Day 2 - Team Comp 1 as Day 3 - Team Comp 1,A Group,,,,,,,,,,4 Attempts - 20 Races total,13,Go to Submit page,,,,,,,,,,,,,,,Re-use Day 3 - Team Comp 1 as Day 4 - Team Comp 1,A Group,,,,,,,,,,4 Attempts - 20 Races total,12,Go to Submit page,,,,,,,,,,,,,,,A Finals,13453,Add new Team Comp as Finals Team Comp,Narita Taishin (Steampunk),End Closer,Ace built for this CM before CM start in Grand Concert scenario,Mejiro Dober,Late Surger,Ace built for this CM before CM start in Grand Concert scenario,Grass Wonder,End Closer,Debuffer,https://drive.google.com/open?id=1wVpE_FJPAt4hDbUZy4ic9xDEJKBnHOIZ,1st,,,,,,,,,,,Yes,"Even though I walk through the meta of death, I fear no XOguri, for my Oshi is with me",https://drive.google.com/open?id=1pNoWAAQ_SimmHLxRgSTHGaR4l5fZkzqy,https://drive.google.com/open?id=1RjtQpNUmq211x78QD732uRj34Ss5mDXX,,,16,,,,https://drive.google.com/open?id=1bYIfuMVFhn7JkCINTBLpln-Y0iszesBJ
9/25/2026 11:42:35,P3 Renegade,Graded (No Uma Restrictions),Win A finals,I accept these terms,Finals,,$101-500,1363,11-20 (roughly 2-3 per day),31-45 (roughly 5-6 per day),,,,Tamamo Cross (Festival),Pace Chaser,Ace built for this CM before CM start in Grand Concert scenario,3,,,,2,1,,Oguri Cap (Christmas),End Closer,Ace built for this CM before CM start in Grand Concert scenario,3,,,,2,1,,Nice Nature,Late Surger,Debuffer,1,1,,1,3,,,4 Attempts - 20 Races total,13,Go to Submit page,,,,,,,,,,,,,,Re-use Day 1 - Team Comp 1 as Day 2 - Team Comp 1,,,,,,,,,,4 Attempts - 20 Races total,19,Go to Submit page,,,,,,,,,,,,,,,Re-use Day 2 - Team Comp 1 as Day 3 - Team Comp 1,A Group,,,,,,,,,,4 Attempts - 20 Races total,9,Go to Submit page,,,,,,,,,,,,,,,Re-use Day 3 - Team Comp 1 as Day 4 - Team Comp 1,A Group,,,,,,,,,,4 Attempts - 20 Races total,12,Go to Submit page,,,,,,,,,,,,,,,A Finals,7612,Re-use Day 4 - Team Comp 1 as Finals Team Comp,,,,,,,,,,,3rd,No (goes to Submit page),,,,,,,,,,,,,,,,,,,,
9/25/2026 7:40:25,Ess,Graded (No Uma Restrictions),Get into A finals,I accept these terms,Finals,Windows,$101-500,1115,11-20 (roughly 2-3 per day),0-5 (less than 1 per day),Twitch - MooMooCows - https://www.twitch.tv/moomoomoocows,,,Oguri Cap (Christmas),End Closer,Ace built for this CM before CM start in Grand Concert scenario,2,1,,,2,1,,Grass Wonder,Late Surger,Debuffer,,,,,,,,Eishin Flash,Late Surger,Debuffer,,,,,,,,4 Attempts - 20 Races total,18,Go to Submit page,,,,,,,,,,,,,,Re-use Day 1 - Team Comp 1 as Day 2 - Team Comp 1,,,,,,,,,,4 Attempts - 20 Races total,19,Go to Submit page,,,,,,,,,,,,,,,Re-use Day 2 - Team Comp 1 as Day 3 - Team Comp 1,A Group,,,,,,,,,,4 Attempts - 20 Races total,15,Go to Submit page,,,,,,,,,,,,,,,Re-use Day 3 - Team Comp 1 as Day 4 - Team Comp 1,A Group,,,,,,,,,,4 Attempts - 20 Races total,14,Go to Submit page,,,,,,,,,,,,,,,A Finals,16842,Re-use Day 4 - Team Comp 1 as Finals Team Comp,,,,,,,,,,https://drive.google.com/open?id=16rTs4Zf5q3SG9bLzJ2EsoOEwmJG8aKpy,1st,,,,,,,,,,,No,,https://drive.google.com/open?id=1VmYYQ0L6ItcPhBGgR7OqFkCwJGLnGMmH,https://drive.google.com/open?id=1LgRvyJSgcMPtcUOri9TU5QDMbIvFhK-W,,5,2,6,,2,https://drive.google.com/open?id=1vm6Mhc1Tkvp9Rll5ZlunAPaAK6qCaobf
9/25/2026 7:44:13,Azshre,Graded (No Uma Restrictions),Win A finals,I accept these terms,Finals,Android - phone or tablet,$501-1000,,21-30 (roughly 3-4 per day),0-5 (less than 1 per day),YouTube - MooMooCows - https://www.youtube.com/@MooMooCows,5,,Oguri Cap (Christmas),End Closer,Ace built for this CM before CM start in Grand Concert scenario,3,,,,2,1,,Grass Wonder,Late Surger,Debuffer,,,,,,,,Symboli Rudolf,Front Runner,Debuffer,,,,,,,,4 Attempts - 20 Races total,17,Go to Submit page,,,,,,,,,,,,,,Re-use Day 1 - Team Comp 1 as Day 2 - Team Comp 1,,,,,,,,,,4 Attempts - 20 Races total,15,Go to Submit page,,,,,,,,,,,,,,,Re-use Day 2 - Team Comp 1 as Day 3 - Team Comp 1,A Group,,,,,,,,,,4 Attempts - 20 Races total,15,Go to Submit page,,,,,,,,,,,,,,,Re-use Day 3 - Team Comp 1 as Day 4 - Team Comp 1,A Group,,,,,,,,,,4 Attempts - 20 Races total,17,Go to Submit page,,,,,,,,,,,,,,,A Finals,12941,Re-use Day 4 - Team Comp 1 as Finals Team Comp,,,,,,,,,,https://drive.google.com/open?id=1rPlIEcKC2lktti1bKtUw-Ru3lS8SMRNT,1st,,,,,,,,,,,No,,https://drive.google.com/open?id=1gR89HxKo16d1Ryk9isNXijZkSj3SQnC_,https://drive.google.com/open?id=129kMz3sa9k0n1Ij-Z-ibv_c0tJ0XZGSn,,,,,,,https://drive.google.com/open?id=1cLXNW4GKXyK3Px2H4OFfKXCbQ0kQgXHr
9/25/2026 5:15:38,JaydeSun,Graded (No Uma Restrictions),Win A finals,I accept these terms,Finals,"Android - phone or tablet, Windows",$1-100,,6-10 (roughly 1 per day),0-5 (less than 1 per day),,,,Oguri Cap (Christmas),Pace Chaser,Ace built for this CM before CM start in Grand Concert scenario,2,0,0,0,3,1,0,Grass Wonder,End Closer,Debuffer,,,,,,,,Eishin Flash (Valentine),End Closer,Debuffer,,,,,,,,4 Attempts - 20 Races total,17,Go to Submit page,,,,,,,,,,,,,,Re-use Day 1 - Team Comp 1 as Day 2 - Team Comp 1,,,,,,,,,,4 Attempts - 20 Races total,17,Go to Submit page,,,,,,,,,,,,,,,Re-use Day 2 - Team Comp 1 as Day 3 - Team Comp 1,A Group,,,,,,,,,,4 Attempts - 20 Races total,17,Go to Submit page,,,,,,,,,,,,,,,Re-use Day 3 - Team Comp 1 as Day 4 - Team Comp 1,A Group,,,,,,,,,,4 Attempts - 20 Races total,17,Go to Submit page,,,,,,,,,,,,,,,A Finals,13557,Re-use Day 4 - Team Comp 1 as Finals Team Comp,,,,,,,,,,,2nd,No (goes to Submit page),,,,,,,,,,,,,,,,,,,,
9/25/2026 5:41:19,DarnedBen,Graded (No Uma Restrictions),Get into A finals,I accept these terms,Finals,Windows,$1-100,,11-20 (roughly 2-3 per day),6-10 (roughly 1 per day),Discord - MooMooCord - https://discord.com/invite/moomoocows,,,Mihono Bourbon (Valentine),Front Runner,Ace built for this CM before CM start in Grand Concert scenario,3,0,,,2,1,,Maruzensky (Summer),Front Runner,Ace built for this CM before CM start in Grand Concert scenario,2,,1,,2,1,,Oguri Cap (Christmas),Pace Chaser,Ace built for this CM before CM start in Grand Concert scenario,3,,,,2,1,,4 Attempts - 20 Races total,12,Go to Submit page,,,,,,,,,,,,,,Re-use Day 1 - Team Comp 1 as Day 2 - Team Comp 1,,,,,,,,,,4 Attempts - 20 Races total,10,Go to Submit page,,,,,,,,,,,,,,,Re-use Day 2 - Team Comp 1 as Day 3 - Team Comp 1,A Group,,,,,,,,,,4 Attempts - 20 Races total,11,Go to Submit page,,,,,,,,,,,,,,,Re-use Day 3 - Team Comp 1 as Day 4 - Team Comp 1,A Group,,,,,,,,,,4 Attempts - 20 Races total,10,Go to Submit page,,,,,,,,,,,,,,,A Finals,8285,Re-use Day 4 - Team Comp 1 as Finals Team Comp,,,,,,,,,,https://drive.google.com/open?id=1d4MQ7ITVb39-ii-ByFZn_Qmp1aSs01Yt,1st,,,,,,,,,,,No,,https://drive.google.com/open?id=1YORYOZlKgqNRCvK1LcOEXWwCeFeqxP5J,https://drive.google.com/open?id=15T-NEVjbJPYxROBy67Sfl1YxiP055g9T,,,,,,,https://drive.google.com/open?id=1IbnIN2aXxTHxnte4wNksFvCBcDLvkZl_
9/25/2026 9:16:56,abstractshrimp,Graded (No Uma Restrictions),Win A finals,I accept these terms,Day 1,"iOS - phone or tablet, Windows",$1-100,,21-30 (roughly 3-4 per day),0-5 (less than 1 per day),"Discord - MooMooCord - https://discord.com/invite/moomoocows, Twitch - MooMooCows - https://www.twitch.tv/moomoomoocows, YouTube - MooMooCows - https://www.youtube.com/@MooMooCows",,,Gold Ship,End Closer,Ace built for this CM before CM start in Grand Concert scenario,3,,,,2,0,,Symboli Rudolf,End Closer,Debuffer,,,,,,,,Grass Wonder,End Closer,Debuffer,,,,,,,,4 Attempts - 20 Races total,17,Day 2,,,,,,,,,,,,,,Re-use Day 1 - Team Comp 1 as Day 2 - Team Comp 1,,,,,,,,,,4 Attempts - 20 Races total,13,Day 4,,,,,,,,,,,,,,,Add new Team Comp as Day 3 - Team Comp 1,A Group,Gold Ship,End Closer,Ace built for this CM before CM start in Grand Concert scenario,Symboli Rudolf,Late Surger,Debuffer,Grass Wonder,Late Surger,Debuffer,4 Attempts - 20 Races total,14,Go to Submit page,,,,,,,,,,,,,,,Re-use Day 3 - Team Comp 1 as Day 4 - Team Comp 1,A Group,,,,,,,,,,4 Attempts - 20 Races total,13,Finals,,,,,,,,,,,,,,,A Finals,8634,Re-use Day 4 - Team Comp 1 as Finals Team Comp,,,,,,,,,,https://drive.google.com/open?id=1mzhYos9xYZ_49V-gzq1zxQjQ3DaJSDsg,2nd,No (goes to Submit page),,,,,,,,,,,,,,,,,,,,
9/25/2026 6:31:55,Kenny,Graded (No Uma Restrictions),Get into A finals,I accept these terms,Finals,iOS - phone or tablet,$0,,6-10 (roughly 1 per day),0-5 (less than 1 per day),Discord - MooMooCord - https://discord.com/invite/moomoocows,5,,Oguri Cap (Christmas),End Closer,Ace built for this CM before CM start in Grand Concert scenario,3,,,,2,1,,Grass Wonder,Late Surger,Debuffer,,,,,,,,Symboli Rudolf,Late Surger,Debuffer,,,,,,,,4 Attempts - 20 Races total,6,Go to Submit page,,,,,,,,,,,,,,Re-use Day 1 - Team Comp 1 as Day 2 - Team Comp 1,,,,,,,,,,4 Attempts - 20 Races total,12,Go to Submit page,,,,,,,,,,,,,,,Re-use Day 2 - Team Comp 1 as Day 3 - Team Comp 1,A Group,,,,,,,,,,4 Attempts - 20 Races total,6,Go to Submit page,,,,,,,,,,,,,,,Re-use Day 3 - Team Comp 1 as Day 4 - Team Comp 1,A Group,,,,,,,,,,4 Attempts - 20 Races total,7,Go to Submit page,,,,,,,,,,,,,,,A Finals,8513,Re-use Day 4 - Team Comp 1 as Finals Team Comp,,,,,,,,,,,3rd,No (goes to Submit page),,,,,,,,,,,,,,,,,,,,
9/25/2026 5:43:06,Chair,Graded (No Uma Restrictions),Get into A finals,I accept these terms,Finals,Windows,$501-1000,2053,21-30 (roughly 3-4 per day),6-10 (roughly 1 per day),Discord - MooMooCord - https://discord.com/invite/moomoocows,,,Silence Suzuka,Runaway,Ace built for this CM before CM start in Grand Concert scenario,3,2,,,2,2,,Mihono Bourbon (Valentine),Front Runner,Ace built for this CM before CM start in Grand Concert scenario,3,1,,,1,1,,Yaeno Muteki,Pace Chaser,Ace built for this CM before CM start in Grand Concert scenario,3,1,,,1,1,,4 Attempts - 20 Races total,16,Go to Submit page,,,,,,,,,,,,,,Re-use Day 1 - Team Comp 1 as Day 2 - Team Comp 1,,,,,,,,,,4 Attempts - 20 Races total,12,Go to Submit page,,,,,,,,,,,,,,,Re-use Day 2 - Team Comp 1 as Day 3 - Team Comp 1,A Group,,,,,,,,,,2 Attempts - 10 Races total,2,Day 3 - Add 2nd Team,Add new Team Comp as Day 3 - Team Comp 2,Yaeno Muteki,Pace Chaser,Ace built for this CM before CM start in Grand Concert scenario,Nice Nature (Cheerleader),End Closer,Debuffer,Eishin Flash (Valentine),End Closer,Debuffer,2 Attempts - 10 Races total,5,2 teams,Go to Submit page,Re-use Day 3 - Team Comp 2 as Day 4 - Team Comp 1,A Group,,,,,,,,,,2 Attempts - 10 Races total,4,Day 4 - Add 2nd team,Add new Team Comp as Day 4 - Team Comp 2,Silence Suzuka,Runaway,Ace built for this CM before CM start in Grand Concert scenario,Mihono Bourbon (Valentine),Front Runner,Ace built for this CM before CM start in Grand Concert scenario,Nice Nature (Cheerleader),End Closer,Debuffer,2 Attempts - 10 Races total,9,2 teams,Go to Submit page,A Finals,9368,Re-use Day 4 - Team Comp 2 as Finals Team Comp,,,,,,,,,,https://drive.google.com/open?id=1WVUQgf93HtUDtrx0_AV-vuZn8JxV2w_z,3rd,No (goes to Submit page),,,,,,,,,,,,,,,,,,,,
9/25/2026 5:50:15,J,Graded (No Uma Restrictions),Get into A finals,I accept these terms,Finals,"Android - phone or tablet, Windows",$1001-5000,2114,46+ (more than 6 per day),6-10 (roughly 1 per day),Discord - MooMooCord - https://discord.com/invite/moomoocows,5,,Oguri Cap (Christmas),Pace Chaser,Ace built for this CM before CM start in Grand Concert scenario,2,1,,,2,1,,Silence Suzuka,Runaway,Blocker/Overtake target/Throwaway/Niche role,,,,,,,,Symboli Rudolf,End Closer,Debuffer,,,,,,,,4 Attempts - 20 Races total,18,Go to Submit page,,,,,,,,,,,,,,Re-use Day 1 - Team Comp 1 as Day 2 - Team Comp 1,,,,,,,,,,4 Attempts - 20 Races total,19,Go to Submit page,,,,,,,,,,,,,,,Re-use Day 2 - Team Comp 1 as Day 3 - Team Comp 1,A Group,,,,,,,,,,4 Attempts - 20 Races total,17,Go to Submit page,,,,,,,,,,,,,,,Re-use Day 3 - Team Comp 1 as Day 4 - Team Comp 1,A Group,,,,,,,,,,4 Attempts - 20 Races total,16,Go to Submit page,,,,,,,,,,,,,,,A Finals,12261,Re-use Day 4 - Team Comp 1 as Finals Team Comp,,,,,,,,,,https://drive.google.com/open?id=1W5wMVD-mgF4VzWCmacqI_dycoSnikfgg,1st,,,,,,,,,,,No,,https://drive.google.com/open?id=11NrOOIiChmVpcViAlSuKnPqf3VgBfa1m,https://drive.google.com/open?id=1IcC1rnJV7HJQAraLgARun8Aph75MHYGW,,,,,,,https://drive.google.com/open?id=1GMiRGLUko7HZqyCwhEhBJY7ZF3ovlt2y
9/25/2026 7:50:43,GameFanBR,Graded (No Uma Restrictions),Get into A finals,I accept these terms,Day 1,"Android - phone or tablet, Windows",$1-100,1349,21-30 (roughly 3-4 per day),6-10 (roughly 1 per day),Discord - MooMooCord - https://discord.com/invite/moomoocows,5,,Silence Suzuka,Front Runner,Ace built for this CM before CM start in Grand Concert scenario,2,0,1,0,2,1,0,Seiun Sky,Front Runner,Ace built for this CM before CM start in Grand Concert scenario,2,0,1,0,2,1,0,Symboli Rudolf,End Closer,Debuffer,,,,,,,,4 Attempts - 20 Races total,11,Day 2,,,,,,,,,,,,,,Re-use Day 1 - Team Comp 1 as Day 2 - Team Comp 1,,,,,,,,,,4 Attempts - 20 Races total,11,Day 3,,,,,,,,,,,,,,,Re-use Day 2 - Team Comp 1 as Day 3 - Team Comp 1,A Group,,,,,,,,,,4 Attempts - 20 Races total,9,Day 4,,,,,,,,,,,,,,,Add a new Team Comp as Day 4 - Team Comp 1,A Group,Silence Suzuka,Front Runner,Ace built for this CM before CM start in Grand Concert scenario,Seiun Sky,Front Runner,Mid-CM Ace build in Grand Concert scenario,Symboli Rudolf,End Closer,Debuffer,4 Attempts - 20 Races total,8,Finals,,,,,,,,,,,,,,,A Finals,6623,Re-use Day 4 - Team Comp 1 as Finals Team Comp,,,,,,,,,,https://drive.google.com/open?id=109F8EMKQX1Hteuo2MJOHMiTWdDlU8wif,2nd,Yes,https://drive.google.com/open?id=1znVZciMpzVnf4rz7Q3fEM1uRv2cgepAW,https://drive.google.com/open?id=1SvyYhuptn60uWcHPdKzyAfkYlbwVdbyK,https://drive.google.com/open?id=1D_6x_NcR_rErq3UgEejc65LvugCoYn0N,0,17,0,0,0,https://drive.google.com/open?id=1Blk8jt_qV6OclhgoRbBV3vSn9AFbakkb,,,,,,,,,,,
9/21/2026 8:42:53,mochatwo,Graded (No Uma Restrictions),Win A finals,I accept these terms,Day 2,"iOS - phone or tablet, Windows",$101-500,1864,31-45 (roughly 5-6 per day),31-45 (roughly 5-6 per day),"Discord - MooMooCord - https://discord.com/invite/moomoocows, Reddit - /r/UmamusumeGame",5,,Symboli Rudolf (Festival),Pace Chaser,Ace built for this CM before CM start in Grand Concert scenario,3,,,,2,,1,Rice Shower (Halloween),Pace Chaser,Ace built for this CM before CM start in Grand Concert scenario,3,,,,2,1,,Grass Wonder,Late Surger,Debuffer,1,,1,,3,1,,4 Attempts - 20 Races total,15,Go to Submit page,,,,,,,,,,,,,,Re-use Day 1 - Team Comp 1 as Day 2 - Team Comp 1,,,,,,,,,,4 Attempts - 20 Races total,17,Go to Submit page,,,,,,,,,,,,,,,,,,,,,,,,,,,,,,,,,,,,,,,,,,,,,,,,,,,,,,,,,,,,,,,,,,,,,,,,,,,,,,,,,,,,,,,,,,,,,,,,,,,,,,,,,
9/25/2026 9:39:23,PD,Graded (No Uma Restrictions),Win A finals,I accept these terms,Finals,iOS - phone or tablet,$501-1000,1097,11-20 (roughly 2-3 per day),21-30 (roughly 3-4 per day),"Discord - MooMooCord - https://discord.com/invite/moomoocows, YouTube - MooMooCows - https://www.youtube.com/@MooMooCows",5,,Narita Brian,Pace Chaser,Ace built for this CM before CM start in Grand Concert scenario,2,1,,,2,0,,Silence Suzuka,Runaway,Blocker/Overtake target/Throwaway/Niche role,1,,,,4,1,,Eishin Flash (Valentine),Late Surger,Debuffer,1,1,,,4,,,4 Attempts - 20 Races total,15,Go to Submit page,,,,,,,,,,,,,,Re-use Day 1 - Team Comp 1 as Day 2 - Team Comp 1,,,,,,,,,,4 Attempts - 20 Races total,16,Go to Submit page,,,,,,,,,,,,,,,Re-use Day 2 - Team Comp 1 as Day 3 - Team Comp 1,A Group,,,,,,,,,,4 Attempts - 20 Races total,13,Go to Submit page,,,,,,,,,,,,,,,Re-use Day 3 - Team Comp 1 as Day 4 - Team Comp 1,A Group,,,,,,,,,,4 Attempts - 20 Races total,11,Go to Submit page,,,,,,,,,,,,,,,A Finals,,Re-use Day 4 - Team Comp 1 as Finals Team Comp,,,,,,,,,,https://drive.google.com/open?id=19YSrMGYIKVuXxkTAv62yxM80i4gGXkkz,2nd,Yes,https://drive.google.com/open?id=1D5QSveUFi2A-6CBeQHEp7yrUPJjARHk0,,,,,,,,,,,,,,,,,,,
9/25/2026 6:56:03,Kithric,Graded (No Uma Restrictions),Win A finals,I accept these terms,Finals,iOS - phone or tablet,$1001-5000,1580,31-45 (roughly 5-6 per day),0-5 (less than 1 per day),,,,Oguri Cap (Christmas),End Closer,Ace built for this CM before CM start in Grand Concert scenario,2,1,0,0,2,1,0,Symboli Rudolf,End Closer,Debuffer,1,0,1,0,3,1,,Nice Nature (Cheerleader),End Closer,Debuffer,1,0,1,0,3,1,0,4 Attempts - 20 Races total,18,Go to Submit page,,,,,,,,,,,,,,Re-use Day 1 - Team Comp 1 as Day 2 - Team Comp 1,,,,,,,,,,4 Attempts - 20 Races total,18,Go to Submit page,,,,,,,,,,,,,,,Re-use Day 2 - Team Comp 1 as Day 3 - Team Comp 1,A Group,,,,,,,,,,4 Attempts - 20 Races total,15,Go to Submit page,,,,,,,,,,,,,,,Re-use Day 3 - Team Comp 1 as Day 4 - Team Comp 1,A Group,,,,,,,,,,4 Attempts - 20 Races total,16,Go to Submit page,,,,,,,,,,,,,,,A Finals,10614,Re-use Day 4 - Team Comp 1 as Finals Team Comp,,,,,,,,,,https://drive.google.com/open?id=1rhWiYDQ7M0_OVaN4S9D8YLxYj-Oy6vCk,1st,,,,,,,,,,,No,,https://drive.google.com/open?id=1IKIRQ-amP4naQGwKM3vOBqSLBiYd_Q-Q,https://drive.google.com/open?id=1ltMTiDFmzg86RVEKAQhS8BKrUGw6zrWm,,0,6,5,0,3,https://drive.google.com/open?id=1tq95VyFP3xf6k-KELrfDE2mlnVu0lSvL
9/25/2026 5:19:30,indigo,Graded (No Uma Restrictions),Win A finals,I accept these terms,Day 4,,$1-100,,,,,,,Fine Motion,Pace Chaser,Ace built for this CM before CM start in Grand Concert scenario,,,,,,,,Oguri Cap (Christmas),End Closer,Ace built for this CM before CM start in Grand Concert scenario,,,,,,,,Rice Shower,Pace Chaser,Ace built for this CM before CM start in Grand Concert scenario,,,,,,,,4 Attempts - 20 Races total,18,Go to Submit page,,,,,,,,,,,,,,Add new Team Comp as Day 2 - Team Comp 1,Fine Motion,Pace Chaser,Ace built for this CM before CM start in Grand Concert scenario,Oguri Cap (Christmas),End Closer,Ace built for this CM before CM start in Grand Concert scenario,Symboli Rudolf,End Closer,Debuffer,4 Attempts - 20 Races total,16,Go to Submit page,,,,,,,,,,,,,,,Re-use Day 2 - Team Comp 2 as Day 3 - Team Comp 1,A Group,,,,,,,,,,4 Attempts - 20 Races total,10,Day 4,,,,,,,,,,,,,,,Re-use Day 3 - Team Comp 1 as Day 4 - Team Comp 1,A Group,,,,,,,,,,4 Attempts - 20 Races total,13,Finals,,,,,,,,,,,,,,,A Finals,10115,Re-use Day 4 - Team Comp 1 as Finals Team Comp,,,,,,,,,,,1st,,,,,,,,,,,No,,,,,,,,,,
9/25/2026 7:38:12,SeanyB,Graded (No Uma Restrictions),Win A finals,I accept these terms,Finals,iOS - phone or tablet,$1-100,1697,21-30 (roughly 3-4 per day),6-10 (roughly 1 per day),YouTube - MooMooCows - https://www.youtube.com/@MooMooCows,5,,Meisho Doto (Halloween),Pace Chaser,Ace built for this CM before CM start in Grand Concert scenario,3,0,0,0,2,1,0,Agnes Tachyon,End Closer,Debuffer,2,0,0,0,3,1,0,Grass Wonder,End Closer,Debuffer,2,0,0,0,3,1,0,4 Attempts - 20 Races total,16,Go to Submit page,,,,,,,,,,,,,,Re-use Day 1 - Team Comp 1 as Day 2 - Team Comp 1,,,,,,,,,,4 Attempts - 20 Races total,17,Go to Submit page,,,,,,,,,,,,,,,Re-use Day 2 - Team Comp 1 as Day 3 - Team Comp 1,A Group,,,,,,,,,,4 Attempts - 20 Races total,17,Go to Submit page,,,,,,,,,,,,,,,Re-use Day 3 - Team Comp 1 as Day 4 - Team Comp 1,A Group,,,,,,,,,,4 Attempts - 20 Races total,16,Go to Submit page,,,,,,,,,,,,,,,A Finals,9989,Re-use Day 4 - Team Comp 1 as Finals Team Comp,,,,,,,,,,https://drive.google.com/open?id=1oOOGG9fBzqmIxInYAnmBiFpmqJOvN85q,1st,,,,,,,,,,,Yes,Absolute Doto,https://drive.google.com/open?id=1sCQq3vCnkc7SJiBXwSZW4EIi9unQ6-Ph,https://drive.google.com/open?id=1nQhpyxuuankOXX2E8uwKDaWtpPYuLaP6,,,,,,2,https://drive.google.com/open?id=1q9vH2D2Nf2FsqXTFg610c-89ditqbfG_
9/21/2026 12:36:40,Iemon,Graded (No Uma Restrictions),Win A finals,I accept these terms,Day 2,iOS - phone or tablet,$501-1000,808,21-30 (roughly 3-4 per day),11-20 (roughly 2-3 per day),Discord - MooMooCord - https://discord.com/invite/moomoocows,5,,Winning Ticket (Steampunk),Late Surger,Ace built for this CM before CM start in Grand Concert scenario,2,1,0,0,2,1,0,Manhattan Cafe,Late Surger,Ace built for this CM before CM start in Grand Concert scenario,3,0,0,0,2,1,0,Satono Diamond,Late Surger,Ace built for this CM before CM start in Grand Concert scenario,2,1,0,0,2,1,0,4 Attempts - 20 Races total,13,Go to Submit page,,,,,,,,,,,,,,Re-use Day 1 - Team Comp 1 as Day 2 - Team Comp 1,,,,,,,,,,4 Attempts - 20 Races total,17,Go to Submit page,,,,,,,,,,,,,,,,,,,,,,,,,,,,,,,,,,,,,,,,,,,,,,,,,,,,,,,,,,,,,,,,,,,,,,,,,,,,,,,,,,,,,,,,,,,,,,,,,,,,,,,,,
9/25/2026 7:43:01,Clan Ping,Graded (No Uma Restrictions),Win A finals,I accept these terms,Finals,"iOS - phone or tablet, Windows",$0,1233,11-20 (roughly 2-3 per day),11-20 (roughly 2-3 per day),Discord - MooMooCord - https://discord.com/invite/moomoocows,,,Narita Taishin (Steampunk),End Closer,Ace built for this CM before CM start in Grand Concert scenario,3,1,0,0,1,1,0,Sweep Tosho,End Closer,Ace built for this CM before CM start in Grand Concert scenario,2,1,0,0,2,1,0,Nice Nature,Late Surger,Debuffer,0,2,0,1,3,0,0,4 Attempts - 20 Races total,15,Go to Submit page,,,,,,,,,,,,,,Re-use Day 1 - Team Comp 1 as Day 2 - Team Comp 1,,,,,,,,,,4 Attempts - 20 Races total,18,Go to Submit page,,,,,,,,,,,,,,,Re-use Day 2 - Team Comp 1 as Day 3 - Team Comp 1,A Group,,,,,,,,,,4 Attempts - 20 Races total,16,Go to Submit page,,,,,,,,,,,,,,,Re-use Day 3 - Team Comp 1 as Day 4 - Team Comp 1,A Group,,,,,,,,,,4 Attempts - 20 Races total,15,Go to Submit page,,,,,,,,,,,,,,,A Finals,12909,Re-use Day 4 - Team Comp 1 as Finals Team Comp,,,,,,,,,,https://drive.google.com/open?id=1fTtQJ3oppDc_cxMp9tiA9Fu6cScM6hoO,1st,,,,,,,,,,,Yes,Absolute Sweep,https://drive.google.com/open?id=1gYNAJX4OcH7TMcFR9JxyV2-fBKHtoVC6,https://drive.google.com/open?id=1IqpWB5SfaVmxOJdlJHNw8QEEzYv6ds8Z,,0,14,3,0,0,https://drive.google.com/open?id=14x3BCQ9ZBbSsCQMKnkrYq91ajloyQJt3
9/25/2026 7:06:17,MINENEMA,Graded (No Uma Restrictions),Win A finals,I accept these terms,Finals,"Android - phone or tablet, Windows",$1-100,1831,11-20 (roughly 2-3 per day),11-20 (roughly 2-3 per day),"Discord - MooMooCord - https://discord.com/invite/moomoocows, YouTube - MooMooCows - https://www.youtube.com/@MooMooCows",5,,Tosen Jordan,Late Surger,Ace built for this CM before CM start in Grand Concert scenario,3,1,0,0,1,1,0,Tamamo Cross (Festival),Pace Chaser,Ace built for this CM before CM start in Grand Concert scenario,3,0,0,0,2,1,0,Nice Nature (Cheerleader),Front Runner,Debuffer,1,0,1,0,3,1,0,4 Attempts - 20 Races total,16,Go to Submit page,,,,,,,,,,,,,,Re-use Day 1 - Team Comp 1 as Day 2 - Team Comp 1,,,,,,,,,,4 Attempts - 20 Races total,16,Go to Submit page,,,,,,,,,,,,,,,Re-use Day 2 - Team Comp 1 as Day 3 - Team Comp 1,A Group,,,,,,,,,,4 Attempts - 20 Races total,10,Go to Submit page,,,,,,,,,,,,,,,Re-use Day 3 - Team Comp 1 as Day 4 - Team Comp 1,A Group,,,,,,,,,,4 Attempts - 20 Races total,16,Go to Submit page,,,,,,,,,,,,,,,A Finals,8908,Re-use Day 4 - Team Comp 1 as Finals Team Comp,,,,,,,,,,https://drive.google.com/open?id=1dlvwGkD9yfeHuUsz-31w1wabja-xzg8e,2nd,No (goes to Submit page),,,,,,,,,,,,,,,,,,,,
9/23/2026 7:40:44,moxanna,Graded (No Uma Restrictions),Win A finals,I accept these terms,Day 4,"Android - phone or tablet, Windows",$1001-5000,1488,11-20 (roughly 2-3 per day),6-10 (roughly 1 per day),YouTube - MooMooCows - https://www.youtube.com/@MooMooCows,5,Please fix Bamboo Memory's name in the Uma select to have both words capitalized!! (currently in as Bamboo memory)!!,Admire Vega,End Closer,Ace built for this CM before CM start in Grand Concert scenario,2,,,,3,0,,Tamamo Cross (Festival),Pace Chaser,Ace built for this CM before CM start in Grand Concert scenario,2,1,,,2,0,,Super Creek (Halloween),End Closer,Debuffer,,1,2,,3,,,4 Attempts - 20 Races total,18,Go to Submit page,,,,,,,,,,,,,,Re-use Day 1 - Team Comp 1 as Day 2 - Team Comp 1,,,,,,,,,,4 Attempts - 20 Races total,16,Go to Submit page,,,,,,,,,,,,,,,Re-use Day 2 - Team Comp 1 as Day 3 - Team Comp 1,A Group,,,,,,,,,,4 Attempts - 20 Races total,15,Go to Submit page,,,,,,,,,,,,,,,Re-use Day 3 - Team Comp 1 as Day 4 - Team Comp 1,A Group,,,,,,,,,,4 Attempts - 20 Races total,16,Go to Submit page,,,,,,,,,,,,,,,,,,,,,,,,,,,,,,,,,,,,,,,,,,,,,,,,,
9/25/2026 7:56:13,Lem0nteaGG,Graded (No Uma Restrictions),Get into A finals,I accept these terms,Finals,,$501-1000,,31-45 (roughly 5-6 per day),,,,,Nakayama Festa,Late Surger,Ace built for this CM before CM start in Grand Concert scenario,2,1,0,0,2,1,0,Air Shakur,End Closer,Ace built for this CM before CM start in Grand Concert scenario,3,1,0,0,1,1,0,Oguri Cap (Christmas),Late Surger,Ace built for this CM before CM start in Grand Concert scenario,2,1,0,0,2,1,0,4 Attempts - 20 Races total,14,Go to Submit page,,,,,,,,,,,,,,Re-use Day 1 - Team Comp 1 as Day 2 - Team Comp 1,,,,,,,,,,4 Attempts - 20 Races total,13,Go to Submit page,,,,,,,,,,,,,,,Add new Team Comp as Day 3 - Team Comp 1,A Group,Nakayama Festa,Late Surger,Ace built for this CM before CM start in Grand Concert scenario,Oguri Cap (Christmas),Late Surger,Ace built for this CM before CM start in Grand Concert scenario,Grass Wonder,Late Surger,Debuffer,4 Attempts - 20 Races total,7,Go to Submit page,,,,,,,,,,,,,,,Re-use Day 3 - Team Comp 2 as Day 4 - Team Comp 1,A Group,,,,,,,,,,4 Attempts - 20 Races total,17,Go to Submit page,,,,,,,,,,,,,,,A Finals,12930,Re-use Day 4 - Team Comp 2 as Finals Team Comp,,,,,,,,,,https://drive.google.com/open?id=1JZ6kWZLh4vty3jOTL3Cqs7DiwULnfNhm,1st,,,,,,,,,,,No,,,,,,,,,,
9/25/2026 11:20:18,Zellak,Graded (No Uma Restrictions),Get into A finals,I accept these terms,Finals,"iOS - phone or tablet, Windows",$101-500,604,11-20 (roughly 2-3 per day),0-5 (less than 1 per day),"Twitch - MooMooCows - https://www.twitch.tv/moomoomoocows, YouTube - MooMooCows - https://www.youtube.com/@MooMooCows",5,,Oguri Cap (Christmas),End Closer,Ace built for this CM before CM start in Grand Concert scenario,2,1,0,0,2,1,0,Grass Wonder,Late Surger,Debuffer,,,,,,,,Agnes Tachyon,Late Surger,Debuffer,,,,,,,,4 Attempts - 20 Races total,17,Go to Submit page,,,,,,,,,,,,,,Re-use Day 1 - Team Comp 1 as Day 2 - Team Comp 1,,,,,,,,,,4 Attempts - 20 Races total,16,Go to Submit page,,,,,,,,,,,,,,,Re-use Day 2 - Team Comp 1 as Day 3 - Team Comp 1,A Group,,,,,,,,,,4 Attempts - 20 Races total,14,Go to Submit page,,,,,,,,,,,,,,,Re-use Day 3 - Team Comp 1 as Day 4 - Team Comp 1,A Group,,,,,,,,,,4 Attempts - 20 Races total,14,Go to Submit page,,,,,,,,,,,,,,,A Finals,10442,Re-use Day 4 - Team Comp 1 as Finals Team Comp,,,,,,,,,,https://drive.google.com/open?id=1LNyCOQC8_M65EROpDj8N_e6Ip1naAH7F,1st,,,,,,,,,,,No,,https://drive.google.com/open?id=1XcmWlBpZaok0HHiAAzwFFd8cY8YkO4Ns,https://drive.google.com/open?id=1NOeRxaCMCmzKf4efHaFKEE5FP-I2Yamu,,2,9,1,0,2,https://drive.google.com/open?id=1hSZtd5QX97S6jnoEcDM4Gyn0nFjfy3s0
9/25/2026 8:59:08,Xearomis,Graded (No Uma Restrictions),Win A finals,I accept these terms,Finals,Android - phone or tablet,$1-100,,46+ (more than 6 per day),31-45 (roughly 5-6 per day),"Discord - MooMooCord - https://discord.com/invite/moomoocows, Twitch - MooMooCows - https://www.twitch.tv/moomoomoocows, YouTube - MooMooCows - https://www.youtube.com/@MooMooCows",,,Oguri Cap (Christmas),End Closer,Ace built for this CM before CM start in Grand Concert scenario,,,,,,,,Grass Wonder,End Closer,Debuffer,,,,,,,,Symboli Rudolf,End Closer,Debuffer,,,,,,,,4 Attempts - 20 Races total,15,Go to Submit page,,,,,,,,,,,,,,Re-use Day 1 - Team Comp 1 as Day 2 - Team Comp 1,,,,,,,,,,4 Attempts - 20 Races total,18,Go to Submit page,,,,,,,,,,,,,,,Re-use Day 2 - Team Comp 1 as Day 3 - Team Comp 1,A Group,,,,,,,,,,4 Attempts - 20 Races total,15,Go to Submit page,,,,,,,,,,,,,,,Re-use Day 3 - Team Comp 1 as Day 4 - Team Comp 1,A Group,,,,,,,,,,4 Attempts - 20 Races total,14,Go to Submit page,,,,,,,,,,,,,,,A Finals,15109,Re-use Day 4 - Team Comp 1 as Finals Team Comp,,,,,,,,,,https://drive.google.com/open?id=1KlVxAN8urH46BEG6X8QV4MNB4gVsSaaA,1st,,,,,,,,,,,No,,,,,,,,,,
9/22/2026 9:56:11,Jay1047 ッ,Graded (No Uma Restrictions),Win A finals,I accept these terms,Day 3,iOS - phone or tablet,$101-500,1470,21-30 (roughly 3-4 per day),11-20 (roughly 2-3 per day),Discord - MooMooCord - https://discord.com/invite/moomoocows,5,,Mejiro McQueen (Anime Collab),Pace Chaser,Ace built for this CM before CM start in Grand Concert scenario,3,1,,,1,1,,Agnes Tachyon,Late Surger,Debuffer,,,,,,,,Grass Wonder,Late Surger,Debuffer,,,,,,,,4 Attempts - 20 Races total,12,Go to Submit page,,,,,,,,,,,,,,Re-use Day 1 - Team Comp 1 as Day 2 - Team Comp 1,,,,,,,,,,4 Attempts - 20 Races total,12,Go to Submit page,,,,,,,,,,,,,,,Re-use Day 2 - Team Comp 1 as Day 3 - Team Comp 1,A Group,,,,,,,,,,4 Attempts - 20 Races total,9,Go to Submit page,,,,,,,,,,,,,,,,,,,,,,,,,,,,,,,,,,,,,,,,,,,,,,,,,,,,,,,,,,,,,,,,,,,,,,,,,,,,,
9/25/2026 5:11:08,SweeperZero,Graded (No Uma Restrictions),Get into A finals,I accept these terms,Finals,,$101-500,,21-30 (roughly 3-4 per day),11-20 (roughly 2-3 per day),"Twitch - MooMooCows - https://www.twitch.tv/moomoomoocows, YouTube - MooMooCows - https://www.youtube.com/@MooMooCows",,,Oguri Cap (Christmas),Pace Chaser,Ace built for this CM before CM start in Grand Concert scenario,3,0,,,2,1,,T.M. Opera O (New Year),Pace Chaser,Ace built for this CM before CM start in Grand Concert scenario,3,,,,2,1,,Nishino Flower,Pace Chaser,Ace built for this CM before CM start in Grand Concert scenario,3,,,,2,1,,4 Attempts - 20 Races total,18,Go to Submit page,,,,,,,,,,,,,,Re-use Day 1 - Team Comp 1 as Day 2 - Team Comp 1,,,,,,,,,,4 Attempts - 20 Races total,13,Go to Submit page,,,,,,,,,,,,,,,Re-use Day 2 - Team Comp 1 as Day 3 - Team Comp 1,A Group,,,,,,,,,,4 Attempts - 20 Races total,17,Go to Submit page,,,,,,,,,,,,,,,Re-use Day 3 - Team Comp 1 as Day 4 - Team Comp 1,A Group,,,,,,,,,,4 Attempts - 20 Races total,13,Go to Submit page,,,,,,,,,,,,,,,A Finals,12579,Re-use Day 4 - Team Comp 1 as Finals Team Comp,,,,,,,,,,https://drive.google.com/open?id=1SdXdEiK-Pcq0-Txacec-iOsoaJIdGNR2,1st,,,,,,,,,,,No,,https://drive.google.com/open?id=1OJ9OzAFaK_an9AfzvWBRp0XFsQ06-aZi,https://drive.google.com/open?id=1bFcot6_g5CSiuk_KjdrJM8O3TlQ6tUYj,,,17,,,,https://drive.google.com/open?id=1ICWNRb9WSek98VJ-exQTKTXya5kES4oc
9/25/2026 7:06:32,Toffee,Graded (No Uma Restrictions),Win A finals,I accept these terms,Finals,"Android - phone or tablet, Windows",$101-500,1461,11-20 (roughly 2-3 per day),11-20 (roughly 2-3 per day),Discord - MooMooCord - https://discord.com/invite/moomoocows,,,Manhattan Cafe,Late Surger,Ace built for this CM before CM start in Grand Concert scenario,3,0,0,0,2,1,0,Nakayama Festa,Late Surger,Ace built for this CM before CM start in Grand Concert scenario,3,1,0,0,1,1,0,Oguri Cap (Christmas),End Closer,Ace built for this CM before CM start in Grand Concert scenario,2,1,0,0,2,1,0,4 Attempts - 20 Races total,17,Go to Submit page,,,,,,,,,,,,,,Re-use Day 1 - Team Comp 1 as Day 2 - Team Comp 1,,,,,,,,,,4 Attempts - 20 Races total,12,Go to Submit page,,,,,,,,,,,,,,,Re-use Day 2 - Team Comp 1 as Day 3 - Team Comp 1,A Group,,,,,,,,,,4 Attempts - 20 Races total,8,Go to Submit page,,,,,,,,,,,,,,,Re-use Day 3 - Team Comp 1 as Day 4 - Team Comp 1,A Group,,,,,,,,,,4 Attempts - 20 Races total,10,Go to Submit page,,,,,,,,,,,,,,,A Finals,7788,Re-use Day 4 - Team Comp 1 as Finals Team Comp,,,,,,,,,,https://drive.google.com/open?id=1iV8kdfbjjPy_oJi17bMo-LcpJ3WoEg8-,1st,,,,,,,,,,,No,,,,,,,,,,
9/25/2026 9:52:59,bowotan,Graded (No Uma Restrictions),Win A finals,I accept these terms,Finals,"Android - phone or tablet, Windows",$1001-5000,2321,46+ (more than 6 per day),21-30 (roughly 3-4 per day),Discord - MooMooCord - https://discord.com/invite/moomoocows,,,Admire Vega,End Closer,Ace built for this CM before CM start in Grand Concert scenario,2,1,,,2,1,,Rice Shower,Pace Chaser,Ace built for this CM before CM start in Grand Concert scenario,3,1,,,1,1,,Nice Nature (Cheerleader),End Closer,Debuffer,,,,,,,,4 Attempts - 20 Races total,14,Go to Submit page,,,,,,,,,,,,,,Re-use Day 1 - Team Comp 1 as Day 2 - Team Comp 1,,,,,,,,,,4 Attempts - 20 Races total,18,Go to Submit page,,,,,,,,,,,,,,,Re-use Day 2 - Team Comp 1 as Day 3 - Team Comp 1,A Group,,,,,,,,,,4 Attempts - 20 Races total,15,Go to Submit page,,,,,,,,,,,,,,,Re-use Day 3 - Team Comp 1 as Day 4 - Team Comp 1,A Group,,,,,,,,,,4 Attempts - 20 Races total,10,Go to Submit page,,,,,,,,,,,,,,,A Finals,12163,Re-use Day 4 - Team Comp 1 as Finals Team Comp,,,,,,,,,,https://drive.google.com/open?id=1sUB_z1GOov-mawfoq7FcjThUqpSBaXe9,1st,,,,,,,,,,,Yes,AYABEEEEEEE,https://drive.google.com/open?id=1MbywFVdgPnGb1Qr92AD3RP1ABhB5OrkV,https://drive.google.com/open?id=10bPlX7Cn1UEVLzjdoMjUNp4b4CDIqq_k,,,10,6,,,https://drive.google.com/open?id=1E34AgEUju68l4R4ijsOpx3olirgkTm0t
9/25/2026 20:53:19,FriedNomeler,Graded (No Uma Restrictions),Win A finals,I accept these terms,Finals,iOS - phone or tablet,$0,709,11-20 (roughly 2-3 per day),6-10 (roughly 1 per day),Discord - MooMooCord - https://discord.com/invite/moomoocows,5,,Rice Shower (Halloween),Pace Chaser,Ace built for this CM before CM start in Unity Cup scenario,3,1,0,0,1,1,0,Grass Wonder,End Closer,Debuffer,2,0,0,0,3,1,0,Agnes Tachyon,End Closer,Debuffer,2,0,0,0,3,1,0,4 Attempts - 20 Races total,15,Go to Submit page,,,,,,,,,,,,,,Re-use Day 1 - Team Comp 1 as Day 2 - Team Comp 1,,,,,,,,,,4 Attempts - 20 Races total,12,Go to Submit page,,,,,,,,,,,,,,,Re-use Day 2 - Team Comp 1 as Day 3 - Team Comp 1,A Group,,,,,,,,,,4 Attempts - 20 Races total,13,Go to Submit page,,,,,,,,,,,,,,,Re-use Day 3 - Team Comp 1 as Day 4 - Team Comp 1,A Group,,,,,,,,,,4 Attempts - 20 Races total,16,Go to Submit page,,,,,,,,,,,,,,,A Finals,13543,Re-use Day 4 - Team Comp 1 as Finals Team Comp,,,,,,,,,,https://drive.google.com/open?id=1lAB_tLQixPST1axNdJGfwEN433fiJye1,2nd,No (goes to Submit page),,,,,,,,,,,,,,,,,,,,
9/25/2026 5:21:27,Leya,Graded (No Uma Restrictions),Get into A finals,I accept these terms,Day 4,"iOS - phone or tablet, Windows",$0,"1,783",46+ (more than 6 per day),0-5 (less than 1 per day),"Discord - MooMooCord - https://discord.com/invite/moomoocows, YouTube - MooMooCows - https://www.youtube.com/@MooMooCows",5,,Oguri Cap (Christmas),End Closer,Ace built for this CM before CM start in Grand Concert scenario,3,0,0,0,2,1,0,Grass Wonder,Late Surger,Debuffer,,,,,,,,Symboli Rudolf,Late Surger,Debuffer,,,,,,,,4 Attempts - 20 Races total,15,Go to Submit page,,,,,,,,,,,,,,Re-use Day 1 - Team Comp 1 as Day 2 - Team Comp 1,,,,,,,,,,4 Attempts - 20 Races total,19,Go to Submit page,,,,,,,,,,,,,,,Re-use Day 2 - Team Comp 1 as Day 3 - Team Comp 1,A Group,,,,,,,,,,4 Attempts - 20 Races total,17,Go to Submit page,,,,,,,,,,,,,,,Re-use Day 3 - Team Comp 1 as Day 4 - Team Comp 1,A Group,,,,,,,,,,4 Attempts - 20 Races total,14,Finals,,,,,,,,,,,,,,,A Finals,13076,Add new Team Comp as Finals Team Comp,Oguri Cap (Christmas),End Closer,Ace built for this CM before CM start in Grand Concert scenario,Mayano Top Gun (Wedding),Late Surger,Debuffer,Nice Nature,Late Surger,Debuffer,https://drive.google.com/open?id=1z2BzBbKTtQsPRiqjDgERp70Gx7JZu_-k,2nd,No (goes to Submit page),,,,,,,,,,,,,,,,,,,,
9/25/2026 6:16:18,SynBlaue,Graded (No Uma Restrictions),Win A finals,I accept these terms,Finals,Android - phone or tablet,$101-500,809,21-30 (roughly 3-4 per day),6-10 (roughly 1 per day),Discord - MooMooCord - https://discord.com/invite/moomoocows,4,,Super Creek,Pace Chaser,Ace built for this CM before CM start in Grand Concert scenario,3,,,,2,1,,Grass Wonder,Late Surger,Hybrid (ace + debuffer),2,1,,,2,1,,Nakayama Festa,Late Surger,Ace built for this CM before CM start in Grand Concert scenario,3,,1,,1,1,,4 Attempts - 20 Races total,14,Go to Submit page,,,,,,,,,,,,,,Add new Team Comp as Day 2 - Team Comp 1,Super Creek,Pace Chaser,Ace built for this CM before CM start in Grand Concert scenario,Agnes Tachyon,Late Surger,Debuffer,Symboli Rudolf,Late Surger,Debuffer,4 Attempts - 20 Races total,9,Go to Submit page,,,,,,,,,,,,,,,Add new Team Comp as Day 3 - Team Comp 1,A Group,Super Creek,Pace Chaser,Ace built for this CM before CM start in Grand Concert scenario,Nakayama Festa,Late Surger,Ace built for this CM before CM start in Grand Concert scenario,Grass Wonder,Late Surger,Hybrid (ace + debuffer),1 Attempt - 5 Races total,1,Day 3 - Add 2nd Team,Re-use Day 2 - Team Comp 2 as Day 3 - Team Comp 2,,,,,,,,,,3 Attempts - 15 Races total,6,3 teams,Go to Submit page,Re-use Day 3 - Team Comp 2 as Day 4 - Team Comp 1,A Group,,,,,,,,,,4 Attempts - 20 Races total,14,Go to Submit page,,,,,,,,,,,,,,,A Finals,9706,Re-use Day 4 - Team Comp 1 as Finals Team Comp,,,,,,,,,,https://drive.google.com/open?id=1ob3_LW3jIS5UB5rdV6MYTaT9tgoUGyvn,3rd,Yes,https://drive.google.com/open?id=1dE_l6Z695yE93GQ-vYpgZawtxSoOufoe,https://drive.google.com/open?id=1QmZQKfcpBUDMDb6y44gU7T0MGjTUIpWi,https://drive.google.com/open?id=1zd3mdPreATR6Q3okzyVgBZiIhwqocaBg,0,8,3,3,0,https://drive.google.com/open?id=1iBASy40-7tyKiM5r-pjnyov2ZXS-Fc9N,,,,,,,,,,,
9/25/2026 5:56:27,kadobin79,Graded (No Uma Restrictions),Get into A finals,I accept these terms,Finals,Windows,$0,1553,21-30 (roughly 3-4 per day),6-10 (roughly 1 per day),"Discord - MooMooCord - https://discord.com/invite/moomoocows, Twitch - MooMooCows - https://www.twitch.tv/moomoomoocows",5,"Not about the form, but about the public sheet. Could you make a top leaderboard of highest winrate player without using debuffer? Also thank you so much for the hard work creating CM form and public sheet.",Matikanetannhauser,Pace Chaser,Ace built for this CM before CM start in Grand Concert scenario,3,1,,,1,1,,Silence Suzuka,Runaway,Blocker/Overtake target/Throwaway/Niche role,2,,1,,2,1,,Oguri Cap (Christmas),Pace Chaser,Ace built for this CM before CM start in Grand Concert scenario,2,,1,,2,1,,4 Attempts - 20 Races total,13,Go to Submit page,,,,,,,,,,,,,,Re-use Day 1 - Team Comp 1 as Day 2 - Team Comp 1,,,,,,,,,,4 Attempts - 20 Races total,14,Go to Submit page,,,,,,,,,,,,,,,Re-use Day 2 - Team Comp 1 as Day 3 - Team Comp 1,A Group,,,,,,,,,,4 Attempts - 20 Races total,10,Go to Submit page,,,,,,,,,,,,,,,Re-use Day 3 - Team Comp 1 as Day 4 - Team Comp 1,A Group,,,,,,,,,,4 Attempts - 20 Races total,14,Go to Submit page,,,,,,,,,,,,,,,A Finals,12034,Re-use Day 4 - Team Comp 1 as Finals Team Comp,,,,,,,,,,,2nd,No (goes to Submit page),,,,,,,,,,,,,,,,,,,,
9/25/2026 21:28:10,Rime,Graded (No Uma Restrictions),Win A finals,I accept these terms,Finals,Android - phone or tablet,$1001-5000,1565,31-45 (roughly 5-6 per day),6-10 (roughly 1 per day),Discord - MooMooCord - https://discord.com/invite/moomoocows,4,,Symboli Rudolf (Festival),Pace Chaser,Ace built for this CM before CM start in Grand Concert scenario,3,1,0,0,1,1,0,Grass Wonder,Late Surger,Debuffer,1,1,1,0,3,0,0,Eishin Flash (Valentine),End Closer,Debuffer,1,1,1,0,3,0,0,4 Attempts - 20 Races total,18,Go to Submit page,,,,,,,,,,,,,,Re-use Day 1 - Team Comp 1 as Day 2 - Team Comp 1,,,,,,,,,,4 Attempts - 20 Races total,18,Go to Submit page,,,,,,,,,,,,,,,Re-use Day 2 - Team Comp 1 as Day 3 - Team Comp 1,A Group,,,,,,,,,,4 Attempts - 20 Races total,11,Go to Submit page,,,,,,,,,,,,,,,Re-use Day 3 - Team Comp 1 as Day 4 - Team Comp 1,A Group,,,,,,,,,,4 Attempts - 20 Races total,11,Go to Submit page,,,,,,,,,,,,,,,A Finals,12582,Re-use Day 4 - Team Comp 1 as Finals Team Comp,,,,,,,,,,https://drive.google.com/open?id=1PHO43Gn9meCTb1xyQCvpRlxykpGt4BCg,1st,,,,,,,,,,,Yes,"Hi, ""a loser"", I'm dad",https://drive.google.com/open?id=1tlngy7LoiQrfk5-J8bjmVSagtgZVGCqB,https://drive.google.com/open?id=1oYndCrn2Gawo7eBPO6RxrEl00y8sttus,,2,6,2,0,4,https://drive.google.com/open?id=1KGfRAXDnXjqVcr2v9KcDxdTq50RhEv83
9/25/2026 7:59:44,Mike,Graded (No Uma Restrictions),Win A finals,I accept these terms,Finals,,$1-100,1800,31-45 (roughly 5-6 per day),0-5 (less than 1 per day),YouTube - MooMooCows - https://www.youtube.com/@MooMooCows,1,,Oguri Cap (Christmas),End Closer,Ace built for this CM before CM start in Grand Concert scenario,3,0,0,0,2,1,,T.M. Opera O (New Year),Pace Chaser,Ace built for this CM before CM start in Grand Concert scenario,3,,,,2,1,,Grass Wonder,End Closer,Debuffer,,,,,,,,4 Attempts - 20 Races total,19,Go to Submit page,,,,,,,,,,,,,,Re-use Day 1 - Team Comp 1 as Day 2 - Team Comp 1,,,,,,,,,,4 Attempts - 20 Races total,17,Go to Submit page,,,,,,,,,,,,,,,Re-use Day 2 - Team Comp 1 as Day 3 - Team Comp 1,A Group,,,,,,,,,,4 Attempts - 20 Races total,16,Go to Submit page,,,,,,,,,,,,,,,Re-use Day 3 - Team Comp 1 as Day 4 - Team Comp 1,A Group,,,,,,,,,,4 Attempts - 20 Races total,15,Go to Submit page,,,,,,,,,,,,,,,A Finals,12104,Re-use Day 4 - Team Comp 1 as Finals Team Comp,,,,,,,,,,https://drive.google.com/open?id=1P33t85dczc-R_YtPcjdDItGEYblzuNEp,1st,,,,,,,,,,,Yes,The best 1-run Oguri around,https://drive.google.com/open?id=1dVor0qgDysyfLmFQ5WnHtcQuSu0SIkvJ,https://drive.google.com/open?id=1inyV28VRgM8tq3xGpM6kQG9tALiE27_Y,,3,7,4,,,https://drive.google.com/open?id=10F5oGbXBBBFVKzZ_Y90Q3dwUgHFI89d9
9/25/2026 7:55:57,4Queen,Graded (No Uma Restrictions),Win A finals,I accept these terms,Finals,Windows,$1-100,888,11-20 (roughly 2-3 per day),11-20 (roughly 2-3 per day),Discord - MooMooCord - https://discord.com/invite/moomoocows,,,Mejiro Palmer,Runaway,Blocker/Overtake target/Throwaway/Niche role,3,,,,2,1,,Rice Shower (Halloween),Pace Chaser,Ace built for this CM before CM start in Grand Concert scenario,3,,,,2,1,,Kitasan Black,Front Runner,Ace built for this CM before CM start in Grand Concert scenario,3,,,,2,1,,4 Attempts - 20 Races total,11,Go to Submit page,,,,,,,,,,,,,,Re-use Day 1 - Team Comp 1 as Day 2 - Team Comp 1,,,,,,,,,,4 Attempts - 20 Races total,12,Go to Submit page,,,,,,,,,,,,,,,Re-use Day 2 - Team Comp 1 as Day 3 - Team Comp 1,A Group,,,,,,,,,,4 Attempts - 20 Races total,7,Go to Submit page,,,,,,,,,,,,,,,Re-use Day 3 - Team Comp 1 as Day 4 - Team Comp 1,A Group,,,,,,,,,,4 Attempts - 20 Races total,9,Go to Submit page,,,,,,,,,,,,,,,A Finals,7142,Re-use Day 4 - Team Comp 1 as Finals Team Comp,,,,,,,,,,https://drive.google.com/open?id=19V4fbeZU4MuMh_HgyMTWuzSU0VDHfwNl,1st,,,,,,,,,,,No,,https://drive.google.com/open?id=1oXpwR4htGG2Mt_vfUQJ4mPBnEbj3F7_a,https://drive.google.com/open?id=145EbryCA5IwU3fH1qaZY3VorDFdEI7ZH,,,13,,,2,https://drive.google.com/open?id=1Wbf62VwYNVcT11Oza7w9GtyIKRVtvI5u
9/25/2026 7:58:58,Furcas,Graded (No Uma Restrictions),Win A finals,I accept these terms,Finals,Android - phone or tablet,$1-100,1000,11-20 (roughly 2-3 per day),11-20 (roughly 2-3 per day),Discord - MooMooCord - https://discord.com/invite/moomoocows,,,Mayano Top Gun,Pace Chaser,Ace built for this CM before CM start in Grand Concert scenario,3,,,,2,1,,Fine Motion,Pace Chaser,Ace built for this CM before CM start in Grand Concert scenario,3,,,,2,1,,Mejiro McQueen,Pace Chaser,Ace built for this CM before CM start in Grand Concert scenario,3,,,,2,1,,4 Attempts - 20 Races total,12,Go to Submit page,,,,,,,,,,,,,,Add new Team Comp as Day 2 - Team Comp 1,Silence Suzuka,Runaway,Blocker/Overtake target/Throwaway/Niche role,Fine Motion,Pace Chaser,Ace built for this CM before CM start in Grand Concert scenario,Mayano Top Gun,Pace Chaser,Ace built for this CM before CM start in Grand Concert scenario,4 Attempts - 20 Races total,10,Go to Submit page,,,,,,,,,,,,,,,Re-use Day 2 - Team Comp 1 as Day 3 - Team Comp 1,A Group,,,,,,,,,,4 Attempts - 20 Races total,12,Go to Submit page,,,,,,,,,,,,,,,Add a new Team Comp as Day 4 - Team Comp 1,A Group,Fine Motion,Pace Chaser,Ace built for this CM before CM start in Grand Concert scenario,Mayano Top Gun,Pace Chaser,Ace built for this CM before CM start in Grand Concert scenario,Mejiro McQueen,Pace Chaser,Ace built for this CM before CM start in Grand Concert scenario,4 Attempts - 20 Races total,13,Go to Submit page,,,,,,,,,,,,,,,A Finals,12445,Re-use Day 4 - Team Comp 1 as Finals Team Comp,,,,,,,,,,https://drive.google.com/open?id=17GH0ni6csZO5rs6oFuH7_UzNPt7OQNmQ,3rd,No (goes to Submit page),,,,,,,,,,,,,,,,,,,,
9/25/2026 6:16:30,Midnight,Graded (No Uma Restrictions),Get into A finals,I accept these terms,Finals,"Android - phone or tablet, Windows",$101-500,2282,31-45 (roughly 5-6 per day),6-10 (roughly 1 per day),Discord - MooMooCord - https://discord.com/invite/moomoocows,,,Nakayama Festa,Pace Chaser,Ace built for this CM before CM start in Grand Concert scenario,2,1,0,0,2,1,0,Eishin Flash (Valentine),End Closer,Debuffer,,,,,,,,Nice Nature (Cheerleader),Late Surger,Hybrid (ace + debuffer),,,,,,,,4 Attempts - 20 Races total,9,Go to Submit page,,,,,,,,,,,,,,Re-use Day 1 - Team Comp 1 as Day 2 - Team Comp 1,,,,,,,,,,4 Attempts - 20 Races total,11,Go to Submit page,,,,,,,,,,,,,,,Re-use Day 2 - Team Comp 1 as Day 3 - Team Comp 1,A Group,,,,,,,,,,4 Attempts - 20 Races total,10,Go to Submit page,,,,,,,,,,,,,,,Re-use Day 3 - Team Comp 1 as Day 4 - Team Comp 1,A Group,,,,,,,,,,4 Attempts - 20 Races total,9,Go to Submit page,,,,,,,,,,,,,,,A Finals,10359,Re-use Day 4 - Team Comp 1 as Finals Team Comp,,,,,,,,,,https://drive.google.com/open?id=1UItq3DpPhjCfpQD7LVasl1LGmmdxnwkl,3rd,No (goes to Submit page),,,,,,,,,,,,,,,,,,,,
9/25/2026 8:29:58,Phantom,Graded (No Uma Restrictions),Win A finals,I accept these terms,Finals,,,,,,,,,Kitasan Black,Front Runner,Ace built for this CM before CM start in Grand Concert scenario,2,1,,,2,1,,Mihono Bourbon (Valentine),Front Runner,Ace built for this CM before CM start in Grand Concert scenario,3,,,,2,1,,Grass Wonder,Late Surger,Debuffer,,,,,,,,4 Attempts - 20 Races total,14,Go to Submit page,,,,,,,,,,,,,,Re-use Day 1 - Team Comp 1 as Day 2 - Team Comp 1,,,,,,,,,,4 Attempts - 20 Races total,16,Go to Submit page,,,,,,,,,,,,,,,Re-use Day 2 - Team Comp 1 as Day 3 - Team Comp 1,A Group,,,,,,,,,,4 Attempts - 20 Races total,10,Go to Submit page,,,,,,,,,,,,,,,Re-use Day 3 - Team Comp 1 as Day 4 - Team Comp 1,A Group,,,,,,,,,,4 Attempts - 20 Races total,11,Go to Submit page,,,,,,,,,,,,,,,A Finals,10519,Re-use Day 4 - Team Comp 1 as Finals Team Comp,,,,,,,,,,,1st,,,,,,,,,,,No,,,,,,,,,,
9/25/2026 8:43:33,Yagoo,Graded (No Uma Restrictions),Collect participation rewards,I accept these terms,Finals,,$1-100,,,,,,,Seiun Sky,Front Runner,Ace built for this CM before CM start in Grand Concert scenario,2,1,0,0,2,1,0,Mihono Bourbon (Valentine),Front Runner,Ace built for this CM before CM start in Grand Concert scenario,2,1,0,0,2,1,0,Symboli Rudolf,Late Surger,Debuffer,1,1,0,0,3,1,0,4 Attempts - 20 Races total,17,Go to Submit page,,,,,,,,,,,,,,Re-use Day 1 - Team Comp 1 as Day 2 - Team Comp 1,,,,,,,,,,4 Attempts - 20 Races total,12,Day 3,,,,,,,,,,,,,,,Re-use Day 2 - Team Comp 1 as Day 3 - Team Comp 1,A Group,,,,,,,,,,4 Attempts - 20 Races total,8,Day 4,,,,,,,,,,,,,,,Re-use Day 3 - Team Comp 1 as Day 4 - Team Comp 1,A Group,,,,,,,,,,4 Attempts - 20 Races total,11,Go to Submit page,,,,,,,,,,,,,,,A Finals,12118,Re-use Day 4 - Team Comp 1 as Finals Team Comp,,,,,,,,,,https://drive.google.com/open?id=1mJgSJ71RMZHj_C5fdpx9v3uDHUsHsYep,1st,,,,,,,,,,,No,,https://drive.google.com/open?id=1zAiPbuy78hcj8Aus0bBoGGto18KDp_Mv,https://drive.google.com/open?id=1nMkl6KsOG3uBCIpkLihFujcdKp4EGaZ2,,,,,,,https://drive.google.com/open?id=1vBlJ-sKXN4bJrglD9Ih_KBYYizVlAWc7
9/25/2026 7:28:00,SuperFightRobot,Graded (No Uma Restrictions),Get into A finals,I accept these terms,Finals,Android - phone or tablet,$0,,11-20 (roughly 2-3 per day),11-20 (roughly 2-3 per day),Discord - MooMooCord - https://discord.com/invite/moomoocows,5,,Agnes Tachyon,Late Surger,Debuffer,,,,,,,,Grass Wonder,Late Surger,Debuffer,,,,,,,,Oguri Cap,Pace Chaser,Ace built for this CM before CM start in Grand Concert scenario,2,1,,,2,1,,4 Attempts - 20 Races total,13,Go to Submit page,,,,,,,,,,,,,,Re-use Day 1 - Team Comp 1 as Day 2 - Team Comp 1,,,,,,,,,,4 Attempts - 20 Races total,10,Go to Submit page,,,,,,,,,,,,,,,Re-use Day 2 - Team Comp 1 as Day 3 - Team Comp 1,A Group,,,,,,,,,,4 Attempts - 20 Races total,7,Go to Submit page,,,,,,,,,,,,,,,Re-use Day 3 - Team Comp 1 as Day 4 - Team Comp 1,A Group,,,,,,,,,,4 Attempts - 20 Races total,12,Go to Submit page,,,,,,,,,,,,,,,A Finals,12470,Re-use Day 4 - Team Comp 1 as Finals Team Comp,,,,,,,,,,https://drive.google.com/open?id=1F4i36k4LJ4LZ47pXeoA91AhAumFE309Z,2nd,Yes,https://drive.google.com/open?id=1XWmWqrCFTRfGB6IYET6whM-PTZ9WW9SB,https://drive.google.com/open?id=1LMjZbCNpJE_DpAYtvJ8MvOl8YJazxPNw,,2,5,,,,https://drive.google.com/open?id=14WdDSoApEu23D9CWYVuNMyopAP8HiIaC,,,,,,,,,,,
9/25/2026 6:10:44,Beri (Waif Motion),Graded (No Uma Restrictions),Get into A finals,I accept these terms,Day 4,Android - phone or tablet,$101-500,,46+ (more than 6 per day),11-20 (roughly 2-3 per day),Discord - MooMooCord - https://discord.com/invite/moomoocows,,,Fine Motion,Pace Chaser,Ace built for this CM before CM start in Grand Concert scenario,3,1,0,0,1,1,0,Symboli Rudolf,Late Surger,Debuffer,,,,,,,,Grass Wonder,Late Surger,Debuffer,,,,,,,,4 Attempts - 20 Races total,18,Go to Submit page,,,,,,,,,,,,,,Re-use Day 1 - Team Comp 1 as Day 2 - Team Comp 1,,,,,,,,,,4 Attempts - 20 Races total,17,Go to Submit page,,,,,,,,,,,,,,,Re-use Day 2 - Team Comp 1 as Day 3 - Team Comp 1,A Group,,,,,,,,,,4 Attempts - 20 Races total,14,Go to Submit page,,,,,,,,,,,,,,,Re-use Day 3 - Team Comp 1 as Day 4 - Team Comp 1,A Group,,,,,,,,,,4 Attempts - 20 Races total,14,Finals,,,,,,,,,,,,,,,A Finals,9431,Re-use Day 4 - Team Comp 1 as Finals Team Comp,,,,,,,,,,https://drive.google.com/open?id=1Azcemq-wm_Pnz3M02bO_JxKPDGmRaVjJ,1st,,,,,,,,,,,Yes,"Not expecting this with all the other Finemos this CM, but Waif Motion",https://drive.google.com/open?id=1-ABhtjG0nK5rGyR6uSoDLY2Ims5osM2p,https://drive.google.com/open?id=1iD4yEQgWxiKdWVSpZPfcRH261q5w0NZp,,2,0,8,0,1,https://drive.google.com/open?id=1fIYsC3emfK8uCmqeQqLMUXyOJgnE-Tii
9/25/2026 7:06:01,Muu,Graded (No Uma Restrictions),Win A finals,I accept these terms,Finals,"iOS - phone or tablet, Windows",$1001-5000,1633,31-45 (roughly 5-6 per day),0-5 (less than 1 per day),Discord - MooMooCord - https://discord.com/invite/moomoocows,5,,Meisho Doto (Halloween),Pace Chaser,Ace built for this CM before CM start in Grand Concert scenario,3,,,,2,1,,Oguri Cap (Christmas),Pace Chaser,Ace built for this CM before CM start in Grand Concert scenario,3,,,,2,1,,Nice Nature (Cheerleader),Late Surger,Debuffer,1,,,,4,1,,4 Attempts - 20 Races total,20,Go to Submit page,,,,,,,,,,,,,,Re-use Day 1 - Team Comp 1 as Day 2 - Team Comp 1,,,,,,,,,,4 Attempts - 20 Races total,14,Go to Submit page,,,,,,,,,,,,,,,Re-use Day 2 - Team Comp 1 as Day 3 - Team Comp 1,A Group,,,,,,,,,,4 Attempts - 20 Races total,13,Go to Submit page,,,,,,,,,,,,,,,Re-use Day 3 - Team Comp 1 as Day 4 - Team Comp 1,A Group,,,,,,,,,,4 Attempts - 20 Races total,14,Go to Submit page,,,,,,,,,,,,,,,A Finals,15059,Re-use Day 4 - Team Comp 1 as Finals Team Comp,,,,,,,,,,,2nd,No (goes to Submit page),,,,,,,,,,,,,,,,,,,,
9/25/2026 7:32:49,DT46,Graded (No Uma Restrictions),Collect participation rewards,I accept these terms,Finals,"Android - phone or tablet, Windows",$101-500,,11-20 (roughly 2-3 per day),6-10 (roughly 1 per day),,,,Symboli Rudolf (Festival),Pace Chaser,Ace built for this CM before CM start in Grand Concert scenario,,,,,,,,Silence Suzuka,Front Runner,Ace built for this CM before CM start in Grand Concert scenario,,,,,,,,Kitasan Black,Front Runner,Ace built for this CM before CM start in Grand Concert scenario,,,,,,,,4 Attempts - 20 Races total,7,Go to Submit page,,,,,,,,,,,,,,Re-use Day 1 - Team Comp 1 as Day 2 - Team Comp 1,,,,,,,,,,4 Attempts - 20 Races total,5,Go to Submit page,,,,,,,,,,,,,,,Re-use Day 2 - Team Comp 1 as Day 3 - Team Comp 1,A Group,,,,,,,,,,4 Attempts - 20 Races total,4,Go to Submit page,,,,,,,,,,,,,,,Re-use Day 3 - Team Comp 1 as Day 4 - Team Comp 1,A Group,,,,,,,,,,3 Attempts - 15 Races total,5,Day 4 - Add 2nd team,Add new Team Comp as Day 4 - Team Comp 2,Mejiro Dober,Late Surger,Mid-CM Ace build in Grand Concert scenario,Silence Suzuka,Front Runner,Mid-CM Ace build in Grand Concert scenario,Kitasan Black,Front Runner,Mid-CM Ace build in Grand Concert scenario,1 Attempt - 5 Races total,0,2 teams,Go to Submit page,A Finals,6218,Re-use Day 4 - Team Comp 1 as Finals Team Comp,,,,,,,,,,https://drive.google.com/open?id=119ZG_CffeEaD9VzWk0oVJUGJ9nn-EoDP,3rd,No (goes to Submit page),,,,,,,,,,,,,,,,,,,,
9/25/2026 5:32:41,Luxter,Graded (No Uma Restrictions),Win A finals,I accept these terms,Finals,"Android - phone or tablet, Windows",$101-500,1840,11-20 (roughly 2-3 per day),21-30 (roughly 3-4 per day),Discord - MooMooCord - https://discord.com/invite/moomoocows,5,,Tamamo Cross (Festival),Pace Chaser,Ace built for this CM before CM start in Grand Concert scenario,2,1,0,0,2,1,0,Super Creek (Halloween),Late Surger,Debuffer,,,,,,,,Nice Nature,Late Surger,Debuffer,,,,,,,,4 Attempts - 20 Races total,19,Go to Submit page,,,,,,,,,,,,,,Re-use Day 1 - Team Comp 1 as Day 2 - Team Comp 1,,,,,,,,,,4 Attempts - 20 Races total,18,Go to Submit page,,,,,,,,,,,,,,,Re-use Day 2 - Team Comp 1 as Day 3 - Team Comp 1,A Group,,,,,,,,,,4 Attempts - 20 Races total,19,Go to Submit page,,,,,,,,,,,,,,,Re-use Day 3 - Team Comp 1 as Day 4 - Team Comp 1,A Group,,,,,,,,,,4 Attempts - 20 Races total,15,Go to Submit page,,,,,,,,,,,,,,,A Finals,15209,Re-use Day 4 - Team Comp 1 as Finals Team Comp,,,,,,,,,,https://drive.google.com/open?id=1CEtFvY4odDTCgZTxx6tcnuQA4PHhQpzG,1st,,,,,,,,,,,Yes,Showing every Xoguri who truly is lightning fast!,https://drive.google.com/open?id=1W974XsoeSOuF7apUS24kCzR6Dahb0_tg,https://drive.google.com/open?id=1phRry-ZGbGn5hDZzj9VoMdo0U6eo02UA,,0,11,3,0,0,https://drive.google.com/open?id=15dEihLZrZ2Vkgwl6sGncPkKUag8SZBtF
9/25/2026 9:01:31,trillkun,Graded (No Uma Restrictions),Win A finals,I accept these terms,Finals,"iOS - phone or tablet, Windows",$1001-5000,1876,31-45 (roughly 5-6 per day),6-10 (roughly 1 per day),Discord - MooMooCord - https://discord.com/invite/moomoocows,5,,Oguri Cap (Christmas),End Closer,Ace built for this CM before CM start in Grand Concert scenario,2,1,0,0,2,1,0,Agnes Tachyon,Late Surger,Debuffer,1,0,0,0,4,1,0,Grass Wonder,Late Surger,Debuffer,1,0,0,0,4,1,0,4 Attempts - 20 Races total,19,Go to Submit page,,,,,,,,,,,,,,Re-use Day 1 - Team Comp 1 as Day 2 - Team Comp 1,,,,,,,,,,4 Attempts - 20 Races total,18,Go to Submit page,,,,,,,,,,,,,,,Re-use Day 2 - Team Comp 1 as Day 3 - Team Comp 1,A Group,,,,,,,,,,4 Attempts - 20 Races total,17,Go to Submit page,,,,,,,,,,,,,,,Re-use Day 3 - Team Comp 1 as Day 4 - Team Comp 1,A Group,,,,,,,,,,4 Attempts - 20 Races total,16,Go to Submit page,,,,,,,,,,,,,,,A Finals,12303,Re-use Day 4 - Team Comp 1 as Finals Team Comp,,,,,,,,,,https://drive.google.com/open?id=1f7s-6j1RmEI8IXiUmPu4LSMSWKyjG88q,1st,,,,,,,,,,,No,,https://drive.google.com/open?id=1dILCd-7Itt29kuHjJS3xaZVj0YYFli_U,https://drive.google.com/open?id=1qt_s_68tvdSTanLp07krbWQHHwK7wn0n,,0,9,8,0,0,https://drive.google.com/open?id=14zQmUkHs6j34qxm9uDFjW6en3UQwn-D4
9/20/2026 9:07:00,TomatoFi,Graded (No Uma Restrictions),Get into A finals,I accept these terms,Day 1,Android - phone or tablet,Rather not say,1322,11-20 (roughly 2-3 per day),6-10 (roughly 1 per day),Discord - MooMooCord - https://discord.com/invite/moomoocows,4,,Yamanin Zephyr,Pace Chaser,Ace built for this CM before CM start in Grand Concert scenario,2,1,0,0,2,1,0,Sweep Tosho,End Closer,Ace built for this CM before CM start in Grand Concert scenario,2,1,0,0,2,1,0,Hishi Amazon,End Closer,Ace built for this CM before CM start in Grand Concert scenario,3,0,0,0,2,1,0,4 Attempts - 20 Races total,15,Go to Submit page,,,,,,,,,,,,,,,,,,,,,,,,,,,,,,,,,,,,,,,,,,,,,,,,,,,,,,,,,,,,,,,,,,,,,,,,,,,,,,,,,,,,,,,,,,,,,,,,,,,,,,,,,,,,,,,,,,,,,,,,,,,,,,,,,,,
9/25/2026 7:18:50,Bunkeronii,Graded (No Uma Restrictions),Get into A finals,I accept these terms,Finals,Windows,$0,1200,11-20 (roughly 2-3 per day),6-10 (roughly 1 per day),Discord - MooMooCord - https://discord.com/invite/moomoocows,,,Daiwa Scarlet,Pace Chaser,Ace built for this CM before CM start in Grand Concert scenario,2,1,0,0,2,1,0,Silence Suzuka,Runaway,Blocker/Overtake target/Throwaway/Niche role,2,0,0,1,2,1,0,Oguri Cap (Christmas),Pace Chaser,Ace built for this CM before CM start in Grand Concert scenario,3,0,0,0,2,1,0,4 Attempts - 20 Races total,6,Go to Submit page,,,,,,,,,,,,,,Re-use Day 1 - Team Comp 1 as Day 2 - Team Comp 1,,,,,,,,,,4 Attempts - 20 Races total,17,Go to Submit page,,,,,,,,,,,,,,,Re-use Day 2 - Team Comp 1 as Day 3 - Team Comp 1,A Group,,,,,,,,,,4 Attempts - 20 Races total,12,Go to Submit page,,,,,,,,,,,,,,,,,,,,,,,,,,,,,,,,,,,,,,,,,,,A Finals,5052,Re-use Day 4 - Team Comp 1 as Finals Team Comp,,,,,,,,,,,3rd,No (goes to Submit page),,,,,,,,,,,,,,,,,,,,
9/25/2026 5:27:53,Zimpel,Graded (No Uma Restrictions),Win A finals,I accept these terms,Finals,Windows,$1-100,1701,11-20 (roughly 2-3 per day),6-10 (roughly 1 per day),Twitch - MooMooCows - https://www.twitch.tv/moomoomoocows,,,Meisho Doto (Halloween),Pace Chaser,Ace built for this CM before CM start in Grand Concert scenario,3,,,,2,1,,Agnes Tachyon,Late Surger,Debuffer,,,,,,,,Grass Wonder,Late Surger,Debuffer,,,,,,,,4 Attempts - 20 Races total,15,Go to Submit page,,,,,,,,,,,,,,Re-use Day 1 - Team Comp 1 as Day 2 - Team Comp 1,,,,,,,,,,4 Attempts - 20 Races total,17,Go to Submit page,,,,,,,,,,,,,,,Re-use Day 2 - Team Comp 1 as Day 3 - Team Comp 1,A Group,,,,,,,,,,4 Attempts - 20 Races total,15,Go to Submit page,,,,,,,,,,,,,,,Re-use Day 3 - Team Comp 1 as Day 4 - Team Comp 1,A Group,,,,,,,,,,4 Attempts - 20 Races total,10,Go to Submit page,,,,,,,,,,,,,,,A Finals,9348,Re-use Day 4 - Team Comp 1 as Finals Team Comp,,,,,,,,,,https://drive.google.com/open?id=1nCAxtq5IYFUZQAxG_DBVsrgtwSb_zEPQ,1st,,,,,,,,,,,Yes,:3,https://drive.google.com/open?id=1xb0Vji2X7HVjUurXuXYzRo1XJtIVKoFP,https://drive.google.com/open?id=1vct4c5bP9SB2rwJpcr2kzlVTTy0bOngP,,,15,,2,,https://drive.google.com/open?id=1XaTFq2N8xZlHKZFo7LxGrosbDQMecoWb
9/25/2026 5:25:30,aaron.l__,Graded (No Uma Restrictions),Win A finals,I accept these terms,Finals,iOS - phone or tablet,$501-1000,,21-30 (roughly 3-4 per day),6-10 (roughly 1 per day),Discord - MooMooCord - https://discord.com/invite/moomoocows,5,,Agnes Digital,End Closer,Ace built for this CM before CM start in Grand Concert scenario,2,1,,,2,1,,Nice Nature,End Closer,Debuffer,,,,,,,,Mayano Top Gun (Wedding),End Closer,Debuffer,,,,,,,,4 Attempts - 20 Races total,16,Go to Submit page,,,,,,,,,,,,,,Re-use Day 1 - Team Comp 1 as Day 2 - Team Comp 1,,,,,,,,,,4 Attempts - 20 Races total,18,Go to Submit page,,,,,,,,,,,,,,,Add new Team Comp as Day 3 - Team Comp 1,A Group,Agnes Digital,End Closer,Ace built for this CM before CM start in Grand Concert scenario,Eishin Flash (Valentine),End Closer,Debuffer,Grass Wonder,End Closer,Debuffer,4 Attempts - 20 Races total,11,Go to Submit page,,,,,,,,,,,,,,,Add a new Team Comp as Day 4 - Team Comp 1,A Group,Agnes Digital,End Closer,Ace built for this CM before CM start in Grand Concert scenario,Nice Nature,End Closer,Debuffer,Mayano Top Gun (Wedding),End Closer,Debuffer,4 Attempts - 20 Races total,13,Go to Submit page,,,,,,,,,,,,,,,A Finals,10100,Re-use Day 4 - Team Comp 1 as Finals Team Comp,,,,,,,,,,https://drive.google.com/open?id=1ozQv1waQCQquAa8wzxpX6Z7QZR2EpE_1,1st,,,,,,,,,,,Yes,FUCK XMAS FATTY,https://drive.google.com/open?id=17cLAFSuQf3WLFOFlyP87QQDG76_jl8YJ,https://drive.google.com/open?id=1hznlMBrgCuF1RX29Hvv9Yu5qJZuyTQdj,,3,9,6,,,https://drive.google.com/open?id=1kr8VCP3KJRJ-iBh4DAoBTJ080dd5cstZ
9/25/2026 6:19:40,JyeroTea,Graded (No Uma Restrictions),Get into B finals,I accept these terms,Finals,"Android - phone or tablet, Windows",$1-100,749,11-20 (roughly 2-3 per day),11-20 (roughly 2-3 per day),"Friend sent me the link, Discord - MooMooCord - https://discord.com/invite/moomoocows, YouTube - MooMooCows - https://www.youtube.com/@MooMooCows",4,,Narita Taishin (Steampunk),End Closer,Ace built for this CM before CM start in Grand Concert scenario,3,1,0,0,1,1,0,Nakayama Festa,Late Surger,Ace built for this CM before CM start in Grand Concert scenario,3,1,0,0,1,1,0,Gold City (Festival),Late Surger,Debuffer,0,0,1,0,3,2,0,4 Attempts - 20 Races total,11,Go to Submit page,,,,,,,,,,,,,,Re-use Day 1 - Team Comp 1 as Day 2 - Team Comp 1,,,,,,,,,,4 Attempts - 20 Races total,8,Go to Submit page,,,,,,,,,,,,,,,Re-use Day 2 - Team Comp 1 as Day 3 - Team Comp 1,A Group,,,,,,,,,,4 Attempts - 20 Races total,9,Go to Submit page,,,,,,,,,,,,,,,Re-use Day 3 - Team Comp 1 as Day 4 - Team Comp 1,A Group,,,,,,,,,,4 Attempts - 20 Races total,3,Go to Submit page,,,,,,,,,,,,,,,A Finals,4822,Re-use Day 4 - Team Comp 1 as Finals Team Comp,,,,,,,,,,https://drive.google.com/open?id=1LEBfLShqQkm-9vP0ionvEPLyj3f5qDfV,2nd,Yes,https://drive.google.com/open?id=15h6sJL8STqhb6fZQqgM1OnwfTrRHEuZO,https://drive.google.com/open?id=1LU1epdAbo9NUhUdk1Ro4SRslum1Tud4A,https://drive.google.com/open?id=1CJ3hlmpry_tMHoJwN0DrY7_VRPgu_Zu2,3,0,0,0,2,https://drive.google.com/open?id=182zx5AeZHHYVl_rwvmHbZwitRnizfbjJ,,,,,,,,,,,
9/25/2026 6:58:00,kasteai,Graded (No Uma Restrictions),Win A finals,I accept these terms,Finals,,$1-100,,11-20 (roughly 2-3 per day),11-20 (roughly 2-3 per day),,,,Manhattan Cafe,Late Surger,Ace built for this CM before CM start in Grand Concert scenario,,,,,,,,Oguri Cap (Christmas),Pace Chaser,Ace built for older CM,,,,,,,,Nakayama Festa,Late Surger,Ace built for this CM before CM start in Grand Concert scenario,,,,,,,,4 Attempts - 20 Races total,15,Go to Submit page,,,,,,,,,,,,,,Re-use Day 1 - Team Comp 1 as Day 2 - Team Comp 1,,,,,,,,,,4 Attempts - 20 Races total,15,Go to Submit page,,,,,,,,,,,,,,,Re-use Day 2 - Team Comp 1 as Day 3 - Team Comp 1,A Group,,,,,,,,,,4 Attempts - 20 Races total,9,Go to Submit page,,,,,,,,,,,,,,,Add a new Team Comp as Day 4 - Team Comp 1,A Group,Manhattan Cafe,Late Surger,Ace built for this CM before CM start in Grand Concert scenario,Grass Wonder,Late Surger,Debuffer,Agnes Tachyon,Late Surger,Debuffer,4 Attempts - 20 Races total,13,Go to Submit page,,,,,,,,,,,,,,,A Finals,14982,Add new Team Comp as Finals Team Comp,Manhattan Cafe,Late Surger,Ace built for this CM before CM start in Grand Concert scenario,Grass Wonder,Late Surger,Debuffer,Nakayama Festa,Late Surger,Ace built for this CM before CM start in Grand Concert scenario,https://drive.google.com/open?id=11rRu8tvcL6P-3P2cL5TXUOZy0RnrHrba,3rd,No (goes to Submit page),,,,,,,,,,,,,,,,,,,,
9/25/2026 5:18:42,Cedric,Graded (No Uma Restrictions),Get into A finals,I accept these terms,Finals,"Android - phone or tablet, Windows",$0,1360,6-10 (roughly 1 per day),11-20 (roughly 2-3 per day),Discord - MooMooCord - https://discord.com/invite/moomoocows,,,Special Week,Pace Chaser,Ace built for this CM before CM start in Grand Concert scenario,3,0,0,0,2,1,0,Grass Wonder,Late Surger,Debuffer,1,0,0,1,3,1,0,Agnes Tachyon,Late Surger,Debuffer,1,0,0,1,3,1,0,4 Attempts - 20 Races total,12,Go to Submit page,,,,,,,,,,,,,,Re-use Day 1 - Team Comp 1 as Day 2 - Team Comp 1,,,,,,,,,,4 Attempts - 20 Races total,10,Go to Submit page,,,,,,,,,,,,,,,Re-use Day 2 - Team Comp 1 as Day 3 - Team Comp 1,A Group,,,,,,,,,,4 Attempts - 20 Races total,10,Go to Submit page,,,,,,,,,,,,,,,Re-use Day 3 - Team Comp 1 as Day 4 - Team Comp 1,A Group,,,,,,,,,,4 Attempts - 20 Races total,4,Go to Submit page,,,,,,,,,,,,,,,A Finals,13972,Re-use Day 4 - Team Comp 1 as Finals Team Comp,,,,,,,,,,https://drive.google.com/open?id=1vLc2au5sO8-ioHnfVbhsAg3zoNeLGV10,3rd,Yes,https://drive.google.com/open?id=1qcaQBsk_yZdI99xFTnb2MuaxBsvNlSq6,https://drive.google.com/open?id=1mrUoJk3GRoXX3HUTnNcs9ftjMjZE9pgU,,6,12,0,0,0,https://drive.google.com/open?id=1orGRcLKJq_-6amdwMqRhRvR8_qJse10q,,,,,,,,,,,
9/25/2026 6:06:13,Fake Life,Graded (No Uma Restrictions),Win A finals,I accept these terms,Finals,"Android - phone or tablet, Windows",$1-100,2750,,31-45 (roughly 5-6 per day),Discord - MooMooCord - https://discord.com/invite/moomoocows,,,Mayano Top Gun (Wedding),Late Surger,Hybrid (ace + debuffer),3,1,0,0,1,1,0,Super Creek (Halloween),End Closer,Debuffer,,,,,,,,Nice Nature,End Closer,Debuffer,,,,,,,,4 Attempts - 20 Races total,17,Go to Submit page,,,,,,,,,,,,,,Re-use Day 1 - Team Comp 1 as Day 2 - Team Comp 1,,,,,,,,,,4 Attempts - 20 Races total,17,Go to Submit page,,,,,,,,,,,,,,,Re-use Day 2 - Team Comp 1 as Day 3 - Team Comp 1,A Group,,,,,,,,,,4 Attempts - 20 Races total,16,Go to Submit page,,,,,,,,,,,,,,,Re-use Day 3 - Team Comp 1 as Day 4 - Team Comp 1,A Group,,,,,,,,,,4 Attempts - 20 Races total,15,Go to Submit page,,,,,,,,,,,,,,,A Finals,10625,Re-use Day 4 - Team Comp 1 as Finals Team Comp,,,,,,,,,,,3rd,No (goes to Submit page),,,,,,,,,,,,,,,,,,,,
9/25/2026 6:31:34,theBobbles117,Graded (No Uma Restrictions),Win A finals,I accept these terms,Finals,iOS - phone or tablet,$501-1000,1280,11-20 (roughly 2-3 per day),0-5 (less than 1 per day),Discord - MooMooCord - https://discord.com/invite/moomoocows,5,,Gold Ship,End Closer,Ace built for this CM before CM start in Grand Concert scenario,3,,,,2,0,,Oguri Cap (Christmas),End Closer,Ace built for this CM before CM start in Grand Concert scenario,3,,,,2,0,,Grass Wonder,Late Surger,Debuffer,,,,,3,,,4 Attempts - 20 Races total,14,Go to Submit page,,,,,,,,,,,,,,Re-use Day 1 - Team Comp 1 as Day 2 - Team Comp 1,,,,,,,,,,4 Attempts - 20 Races total,14,Go to Submit page,,,,,,,,,,,,,,,Add new Team Comp as Day 3 - Team Comp 1,A Group,Oguri Cap (Christmas),End Closer,Mid-CM Ace build in Grand Concert scenario,Grass Wonder,Late Surger,Debuffer,Agnes Tachyon,Late Surger,Debuffer,4 Attempts - 20 Races total,8,Go to Submit page,,,,,,,,,,,,,,,Re-use Day 3 - Team Comp 2 as Day 4 - Team Comp 1,A Group,,,,,,,,,,4 Attempts - 20 Races total,15,Go to Submit page,,,,,,,,,,,,,,,A Finals,8386,Add new Team Comp as Finals Team Comp,Gold Ship,End Closer,Mid-CM Ace build in Grand Concert scenario,Oguri Cap (Christmas),End Closer,Mid-CM Ace build in Grand Concert scenario,Grass Wonder,End Closer,Debuffer,https://drive.google.com/open?id=1IFyT-AM5_xzS4Ywgka3l5I6apSKrPOFf,1st,,,,,,,,,,,No,,https://drive.google.com/open?id=1XY7RoXB5kymoZ3A16-CB0Ecaah9qjn7c,https://drive.google.com/open?id=1WwT9rEtWWAJpd-4s4GxFo-SHc5xX0EMm,,,,,1,,https://drive.google.com/open?id=1NUbdhljlEerqRuM_mPavn3EMqCQJxjhF
9/25/2026 7:31:10,TokyoGabagool,Graded (No Uma Restrictions),Win A finals,I accept these terms,Finals,Windows,$101-500,2112,31-45 (roughly 5-6 per day),21-30 (roughly 3-4 per day),Discord - MooMooCord - https://discord.com/invite/moomoocows,5,,Oguri Cap (Christmas),End Closer,Ace built for this CM before CM start in Grand Concert scenario,3,0,0,0,2,1,0,Meisho Doto,Pace Chaser,Ace built for this CM before CM start in Grand Concert scenario,3,1,,,1,1,,Eishin Flash (Valentine),End Closer,Debuffer,1,1,1,0,2,1,0,4 Attempts - 20 Races total,15,Go to Submit page,,,,,,,,,,,,,,Re-use Day 1 - Team Comp 1 as Day 2 - Team Comp 1,,,,,,,,,,4 Attempts - 20 Races total,15,Go to Submit page,,,,,,,,,,,,,,,Re-use Day 2 - Team Comp 1 as Day 3 - Team Comp 1,A Group,,,,,,,,,,4 Attempts - 20 Races total,15,Go to Submit page,,,,,,,,,,,,,,,Re-use Day 3 - Team Comp 1 as Day 4 - Team Comp 1,A Group,,,,,,,,,,4 Attempts - 20 Races total,13,Go to Submit page,,,,,,,,,,,,,,,A Finals,9403,Re-use Day 4 - Team Comp 1 as Finals Team Comp,,,,,,,,,,https://drive.google.com/open?id=1URRZtPJWA7tEtusGtJM2mS657NiUrtiB,1st,,,,,,,,,,,No,,https://drive.google.com/open?id=1WpmriGdP-1zFIpx0H8Y2E8TEMLY1KPMv,https://drive.google.com/open?id=1DASYotIpYC_xYklyvgRNqbzlL9I7xrhg,,0,11,2,0,0,https://drive.google.com/open?id=17DMee0D0djXBiqi-J7fOxgwMlNMwv0KL
9/25/2026 7:48:58,Zorem,Graded (No Uma Restrictions),Get into A finals,I accept these terms,Finals,Windows,$501-1000,1527,11-20 (roughly 2-3 per day),11-20 (roughly 2-3 per day),Discord - MooMooCord - https://discord.com/invite/moomoocows,,,Yukino Bijin,Pace Chaser,Ace built for this CM before CM start in Grand Concert scenario,2,1,,,2,0,,Tamamo Cross (Festival),Pace Chaser,Ace built for this CM before CM start in Grand Concert scenario,3,1,,,1,1,,Oguri Cap (Christmas),End Closer,Ace built for this CM before CM start in Grand Concert scenario,3,,,,2,1,,4 Attempts - 20 Races total,13,Go to Submit page,,,,,,,,,,,,,,Re-use Day 1 - Team Comp 1 as Day 2 - Team Comp 1,,,,,,,,,,4 Attempts - 20 Races total,16,Go to Submit page,,,,,,,,,,,,,,,Re-use Day 2 - Team Comp 1 as Day 3 - Team Comp 1,A Group,,,,,,,,,,4 Attempts - 20 Races total,9,Go to Submit page,,,,,,,,,,,,,,,Re-use Day 3 - Team Comp 1 as Day 4 - Team Comp 1,A Group,,,,,,,,,,4 Attempts - 20 Races total,6,Go to Submit page,,,,,,,,,,,,,,,A Finals,8621,Add new Team Comp as Finals Team Comp,Yukino Bijin,Pace Chaser,Ace built for this CM before CM start in Grand Concert scenario,Oguri Cap (Christmas),End Closer,Ace built for this CM before CM start in Grand Concert scenario,Nice Nature,Late Surger,Debuffer,https://drive.google.com/open?id=1-e4h5QqATtqDRvkT_YEh0AH7tfrxFcJb,1st,,,,,,,,,,,Yes,i'll use her even when new meta arrives,https://drive.google.com/open?id=1WUnrRKiiGAPHKRHv0yoqH1EPyfHdf1jN,https://drive.google.com/open?id=16lL8sGX3YJd2Zkq25tmgKdiGhQQQ8y5b,,2,10,1,,,https://drive.google.com/open?id=1-6_o_b2rOH_3nd423q0V3-H6DTtwCgLn
9/25/2026 6:41:24,Trux,Graded (No Uma Restrictions),Get into A finals,I accept these terms,Finals,iOS - phone or tablet,Rather not say,,11-20 (roughly 2-3 per day),6-10 (roughly 1 per day),,,,Tamamo Cross (Festival),Pace Chaser,Ace built for this CM before CM start in Grand Concert scenario,2,0,1,0,2,1,0,Oguri Cap (Christmas),Pace Chaser,Ace built for this CM before CM start in Grand Concert scenario,2,0,1,0,2,1,0,Grass Wonder,Late Surger,Debuffer,2,0,0,1,3,0,0,4 Attempts - 20 Races total,13,Go to Submit page,,,,,,,,,,,,,,Re-use Day 1 - Team Comp 1 as Day 2 - Team Comp 1,,,,,,,,,,4 Attempts - 20 Races total,12,Go to Submit page,,,,,,,,,,,,,,,Re-use Day 2 - Team Comp 1 as Day 3 - Team Comp 1,A Group,,,,,,,,,,2 Attempts - 10 Races total,2,Day 3 - Add 2nd Team,Add new Team Comp as Day 3 - Team Comp 2,Oguri Cap (Christmas),Pace Chaser,Ace built for this CM before CM start in Grand Concert scenario,Grass Wonder,Late Surger,Debuffer,Symboli Rudolf,Late Surger,Debuffer,2 Attempts - 10 Races total,4,2 teams,Go to Submit page,Add a new Team Comp as Day 4 - Team Comp 1,A Group,Oguri Cap (Christmas),Pace Chaser,Ace built for this CM before CM start in Grand Concert scenario,Symboli Rudolf,End Closer,Debuffer,Grass Wonder,End Closer,Ace built for this CM before CM start in Grand Concert scenario,1 Attempt - 5 Races total,3,Day 4 - Add 2nd team,Add new Team Comp as Day 4 - Team Comp 2,Oguri Cap (Christmas),End Closer,Mid-CM Ace build in Grand Concert scenario,Symboli Rudolf,End Closer,Debuffer,Grass Wonder,End Closer,Debuffer,3 Attempts - 15 Races total,10,2 teams,Go to Submit page,A Finals,10119,Add new Team Comp as Finals Team Comp,Oguri Cap (Christmas),End Closer,Mid-CM Ace build in Grand Concert scenario,Grass Wonder,End Closer,Debuffer,Symboli Rudolf,End Closer,Debuffer,,1st,,,,,,,,,,,No,,,,,0,9,8,0,0,
9/25/2026 5:25:57,Excelt,Graded (No Uma Restrictions),Get into A finals,I accept these terms,Finals,,$0,,,31-45 (roughly 5-6 per day),,,,T.M. Opera O,Pace Chaser,Ace built for this CM before CM start in Grand Concert scenario,3,0,2,0,1,1,0,Nice Nature,End Closer,Debuffer,,,,,,,,Mayano Top Gun (Wedding),End Closer,Debuffer,,,,,,,,4 Attempts - 20 Races total,9,Go to Submit page,,,,,,,,,,,,,,Re-use Day 1 - Team Comp 1 as Day 2 - Team Comp 1,,,,,,,,,,4 Attempts - 20 Races total,11,Go to Submit page,,,,,,,,,,,,,,,Re-use Day 2 - Team Comp 1 as Day 3 - Team Comp 1,A Group,,,,,,,,,,4 Attempts - 20 Races total,13,Go to Submit page,,,,,,,,,,,,,,,Re-use Day 3 - Team Comp 1 as Day 4 - Team Comp 1,A Group,,,,,,,,,,4 Attempts - 20 Races total,15,Go to Submit page,,,,,,,,,,,,,,,A Finals,12164,Re-use Day 4 - Team Comp 1 as Finals Team Comp,,,,,,,,,,https://drive.google.com/open?id=1HiM_4g14e4701n65oSF74mt11p3vWrkF,1st,,,,,,,,,,,Yes,The Overlord Alone Shall Stand Above All As No Equal,https://drive.google.com/open?id=1klkJGnCa6hzQczWEakR3YPy8r5isq4vH,https://drive.google.com/open?id=1zcOc3wauKATdbUOjHYyEO4bPuEl8qkNL,,,16,,,,https://drive.google.com/open?id=199jiOfJ6TqTLo8tMmgVGEtxdcZUHdJAV
9/25/2026 6:46:47,th33beat,Graded (No Uma Restrictions),Get into A finals,I accept these terms,Finals,"Android - phone or tablet, Windows",$501-1000,2040,31-45 (roughly 5-6 per day),6-10 (roughly 1 per day),Discord - MooMooCord - https://discord.com/invite/moomoocows,,,Nice Nature (Cheerleader),Late Surger,Ace built for this CM before CM start in Grand Concert scenario,2,1,0,0,2,1,,Oguri Cap (Christmas),Pace Chaser,Ace built for this CM before CM start in Grand Concert scenario,3,0,0,0,2,1,0,Silence Suzuka,Runaway,Blocker/Overtake target/Throwaway/Niche role,,,,,,,,4 Attempts - 20 Races total,14,Go to Submit page,,,,,,,,,,,,,,Re-use Day 1 - Team Comp 1 as Day 2 - Team Comp 1,,,,,,,,,,4 Attempts - 20 Races total,17,Go to Submit page,,,,,,,,,,,,,,,Re-use Day 2 - Team Comp 1 as Day 3 - Team Comp 1,A Group,,,,,,,,,,4 Attempts - 20 Races total,13,Go to Submit page,,,,,,,,,,,,,,,Re-use Day 3 - Team Comp 1 as Day 4 - Team Comp 1,A Group,,,,,,,,,,4 Attempts - 20 Races total,11,Go to Submit page,,,,,,,,,,,,,,,A Finals,9520,Re-use Day 4 - Team Comp 1 as Finals Team Comp,,,,,,,,,,https://drive.google.com/open?id=148kHMPLI-cx793xgJRW0MKrmqT_tzZ2X,1st,,,,,,,,,,,No,,,https://drive.google.com/open?id=1RIUNSVwzvxuF-OyJEs3dbfMs6Jl9VBu-,https://drive.google.com/open?id=1UVfeTS7uvY5N6gWXMeIddi07551ASCJ5,0,14,0,0,0,https://drive.google.com/open?id=1MITejEvawRyxpWUW5tfttn86uqOaV0Vj
9/25/2026 8:11:41,ShogunShin,Graded (No Uma Restrictions),Win A finals,I accept these terms,Finals,"iOS - phone or tablet, Android - phone or tablet, Windows",$501-1000,1228,11-20 (roughly 2-3 per day),11-20 (roughly 2-3 per day),,,,Matikanetannhauser,Late Surger,Ace built for this CM before CM start in Grand Concert scenario,,,,,,,,Satono Diamond,Late Surger,Ace built for this CM before CM start in Grand Concert scenario,,,,,,,,Oguri Cap (Christmas),Pace Chaser,Ace built for this CM before CM start in Grand Concert scenario,,,,,,,,4 Attempts - 20 Races total,9,Go to Submit page,,,,,,,,,,,,,,Re-use Day 1 - Team Comp 1 as Day 2 - Team Comp 1,,,,,,,,,,4 Attempts - 20 Races total,15,Go to Submit page,,,,,,,,,,,,,,,Re-use Day 2 - Team Comp 1 as Day 3 - Team Comp 1,A Group,,,,,,,,,,4 Attempts - 20 Races total,7,Go to Submit page,,,,,,,,,,,,,,,Re-use Day 3 - Team Comp 1 as Day 4 - Team Comp 1,A Group,,,,,,,,,,4 Attempts - 20 Races total,7,Go to Submit page,,,,,,,,,,,,,,,A Finals,10519,Re-use Day 4 - Team Comp 1 as Finals Team Comp,,,,,,,,,,,3rd,No (goes to Submit page),,,,,,,,,,,,,,,,,,,,
9/20/2026 9:43:50,Yerim,Graded (No Uma Restrictions),Get into A finals,I accept these terms,Day 1,,Rather not say,,,,,,,Oguri Cap (Christmas),End Closer,Ace built for this CM before CM start in Grand Concert scenario,3,0,0,0,2,1,0,Tamamo Cross (Festival),Pace Chaser,Ace built for this CM before CM start in Grand Concert scenario,3,0,0,0,2,1,0,Nice Nature,End Closer,Debuffer,,,,,,,,4 Attempts - 20 Races total,19,Go to Submit page,,,,,,,,,,,,,,,,,,,,,,,,,,,,,,,,,,,,,,,,,,,,,,,,,,,,,,,,,,,,,,,,,,,,,,,,,,,,,,,,,,,,,,,,,,,,,,,,,,,,,,,,,,,,,,,,,,,,,,,,,,,,,,,,,,,
9/25/2026 6:01:05,CellistiaCat,Graded (No Uma Restrictions),Get into A finals,I accept these terms,Finals,"iOS - phone or tablet, Windows",$1-100,1354,21-30 (roughly 3-4 per day),6-10 (roughly 1 per day),"Discord - MooMooCord - https://discord.com/invite/moomoocows, YouTube - MooMooCows - https://www.youtube.com/@MooMooCows",5,When I clicked I got 2nd the form about sending pictures about the finals winner mentioned oshi finals winner submission details even though I couldn't even qualify for it since I did not win. It's a small thing though so not a big deal.,Meisho Doto (Halloween),Pace Chaser,Ace built for this CM before CM start in Grand Concert scenario,3,0,0,0,2,1,0,Kitasan Black,Front Runner,Ace built for this CM before CM start in Grand Concert scenario,3,0,0,0,2,1,0,Symboli Rudolf (Festival),Front Runner,Ace built for this CM before CM start in Grand Concert scenario,3,0,0,0,2,1,0,4 Attempts - 20 Races total,12,Go to Submit page,,,,,,,,,,,,,,Re-use Day 1 - Team Comp 1 as Day 2 - Team Comp 1,,,,,,,,,,4 Attempts - 20 Races total,14,Go to Submit page,,,,,,,,,,,,,,,Re-use Day 2 - Team Comp 1 as Day 3 - Team Comp 1,A Group,,,,,,,,,,4 Attempts - 20 Races total,12,Go to Submit page,,,,,,,,,,,,,,,Re-use Day 3 - Team Comp 1 as Day 4 - Team Comp 1,A Group,,,,,,,,,,4 Attempts - 20 Races total,12,Go to Submit page,,,,,,,,,,,,,,,A Finals,9145,Re-use Day 4 - Team Comp 1 as Finals Team Comp,,,,,,,,,,https://drive.google.com/open?id=1jc8sQUAoGv5N5UFAVAsy5MfQz7JKr39j,2nd,Yes,https://drive.google.com/open?id=1nYoRVzR9j7pXN3r0aCEOQYEQdzJv4i0D,https://drive.google.com/open?id=1s68sr9Y3Pw76-3kw528Yvr-fO2ITB2Am,,3,4,5,,3,https://drive.google.com/open?id=1A_H1yGMEYS7do7kCIHExFijidh_EjKRf,,,,,,,,,,,
9/23/2026 21:36:48,Ketsura,Graded (No Uma Restrictions),Get into A finals,I accept these terms,Day 4,Windows,$101-500,,,,Discord - MooMooCord - https://discord.com/invite/moomoocows,,,Meisho Doto (Halloween),Pace Chaser,Ace built for this CM before CM start in Grand Concert scenario,3,0,0,0,2,1,0,Oguri Cap (Christmas),Pace Chaser,Ace built for this CM before CM start in Grand Concert scenario,3,0,0,0,2,1,0,Nice Nature (Cheerleader),Late Surger,Ace built for this CM before CM start in Grand Concert scenario,3,0,0,0,2,1,0,3 Attempts - 15 Races total,14,Go to Submit page,,,,,,,,,,,,,,Re-use Day 1 - Team Comp 1 as Day 2 - Team Comp 1,,,,,,,,,,3 Attempts - 15 Races total,11,Day 3,,,,,,,,,,,,,,,Re-use Day 2 - Team Comp 1 as Day 3 - Team Comp 1,A Group,,,,,,,,,,4 Attempts - 20 Races total,13,Go to Submit page,,,,,,,,,,,,,,,Re-use Day 3 - Team Comp 1 as Day 4 - Team Comp 1,A Group,,,,,,,,,,4 Attempts - 20 Races total,17,Go to Submit page,,,,,,,,,,,,,,,,,,,,,,,,,,,,,,,,,,,,,,,,,,,,,,,,,
9/25/2026 18:39:35,UnKn0wN2,Graded (No Uma Restrictions),Get into A finals,I accept these terms,Finals,Windows,$0,1664,46+ (more than 6 per day),6-10 (roughly 1 per day),Discord - MooMooCord - https://discord.com/invite/moomoocows,5,,Oguri Cap (Christmas),Pace Chaser,Ace built for this CM before CM start in Grand Concert scenario,2,1,,,2,1,,Grass Wonder,Late Surger,Debuffer,1,1,,,4,,,Agnes Tachyon,Late Surger,Debuffer,1,1,,,4,,,4 Attempts - 20 Races total,16,Go to Submit page,,,,,,,,,,,,,,Re-use Day 1 - Team Comp 1 as Day 2 - Team Comp 1,,,,,,,,,,4 Attempts - 20 Races total,15,Go to Submit page,,,,,,,,,,,,,,,Re-use Day 2 - Team Comp 1 as Day 3 - Team Comp 1,A Group,,,,,,,,,,4 Attempts - 20 Races total,14,Go to Submit page,,,,,,,,,,,,,,,Re-use Day 3 - Team Comp 1 as Day 4 - Team Comp 1,A Group,,,,,,,,,,4 Attempts - 20 Races total,16,Go to Submit page,,,,,,,,,,,,,,,A Finals,10502,Re-use Day 4 - Team Comp 1 as Finals Team Comp,,,,,,,,,,https://drive.google.com/open?id=1x35AxgQRq2MQPf75irsHHY-YxJP-8UD6,2nd,No (goes to Submit page),,,,,,,,,,,,,,,,,,,,
9/25/2026 5:17:30,Z3RO111,Graded (No Uma Restrictions),Get into A finals,I accept these terms,Finals,Windows,$101-500,1605,0-5 (less than 1 per day),31-45 (roughly 5-6 per day),"Discord - MooMooCord - https://discord.com/invite/moomoocows, YouTube - MooMooCows - https://www.youtube.com/@MooMooCows",5,,Mihono Bourbon (Valentine),Front Runner,Ace built for this CM before CM start in Grand Concert scenario,3,1,0,0,1,1,0,Seiun Sky,Front Runner,Ace built for this CM before CM start in Grand Concert scenario,2,1,0,0,2,1,0,Oguri Cap,Pace Chaser,Ace built for this CM before CM start in Grand Concert scenario,2,1,0,0,2,1,0,4 Attempts - 20 Races total,16,Go to Submit page,,,,,,,,,,,,,,Re-use Day 1 - Team Comp 1 as Day 2 - Team Comp 1,,,,,,,,,,4 Attempts - 20 Races total,14,Go to Submit page,,,,,,,,,,,,,,,Re-use Day 2 - Team Comp 1 as Day 3 - Team Comp 1,A Group,,,,,,,,,,4 Attempts - 20 Races total,13,Go to Submit page,,,,,,,,,,,,,,,Re-use Day 3 - Team Comp 1 as Day 4 - Team Comp 1,A Group,,,,,,,,,,4 Attempts - 20 Races total,11,Go to Submit page,,,,,,,,,,,,,,,A Finals,13311,Re-use Day 4 - Team Comp 1 as Finals Team Comp,,,,,,,,,,,3rd,No (goes to Submit page),,,,,,,,,,,,,,,,,,,,
9/25/2026 9:46:06,Drat,Graded (No Uma Restrictions),Win A finals,I accept these terms,Finals,,$101-500,2565,,,,,,Oguri Cap (Christmas),End Closer,Ace built for this CM before CM start in Grand Concert scenario,2,1,0,0,2,1,0,Agnes Tachyon,End Closer,Debuffer,1,1,0,0,3,1,0,Grass Wonder,End Closer,Debuffer,1,1,0,0,3,1,0,4 Attempts - 20 Races total,20,Go to Submit page,,,,,,,,,,,,,,Re-use Day 1 - Team Comp 1 as Day 2 - Team Comp 1,,,,,,,,,,4 Attempts - 20 Races total,17,Go to Submit page,,,,,,,,,,,,,,,Re-use Day 2 - Team Comp 1 as Day 3 - Team Comp 1,A Group,,,,,,,,,,4 Attempts - 20 Races total,17,Go to Submit page,,,,,,,,,,,,,,,Add a new Team Comp as Day 4 - Team Comp 1,A Group,Oguri Cap (Christmas),End Closer,Ace built for this CM before CM start in Grand Concert scenario,Nice Nature,Late Surger,Debuffer,Grass Wonder,End Closer,Debuffer,4 Attempts - 20 Races total,19,Go to Submit page,,,,,,,,,,,,,,,A Finals,11621,Re-use Day 4 - Team Comp 1 as Finals Team Comp,,,,,,,,,,https://drive.google.com/open?id=1aBQ-BtOPVkhw7WI9KuZ5ISBMTOpfi_mn,1st,,,,,,,,,,,No,,,,,,,,,,
9/23/2026 10:19:51,Chavita80085,Graded (No Uma Restrictions),Get into A finals,I accept these terms,Day 4,"Android - phone or tablet, Windows",$1-100,893,11-20 (roughly 2-3 per day),11-20 (roughly 2-3 per day),Discord - MooMooCord - https://discord.com/invite/moomoocows,5,,Sweep Tosho,End Closer,Ace built for this CM before CM start in Grand Concert scenario,3,,,,2,1,,Meisho Doto (Halloween),Pace Chaser,Ace built for this CM before CM start in Grand Concert scenario,3,,,,2,1,,Grass Wonder,Late Surger,Debuffer,2,,,,3,1,,3 Attempts - 15 Races total,4,Go to Submit page,,,,,,,,,,,,,,Re-use Day 1 - Team Comp 1 as Day 2 - Team Comp 1,,,,,,,,,,3 Attempts - 15 Races total,5,Go to Submit page,,,,,,,,,,,,,,,Re-use Day 2 - Team Comp 1 as Day 3 - Team Comp 1,A Group,,,,,,,,,,4 Attempts - 20 Races total,9,Go to Submit page,,,,,,,,,,,,,,,Re-use Day 3 - Team Comp 1 as Day 4 - Team Comp 1,A Group,,,,,,,,,,4 Attempts - 20 Races total,9,Go to Submit page,,,,,,,,,,,,,,,,,,,,,,,,,,,,,,,,,,,,,,,,,,,,,,,,,
9/25/2026 8:19:56,pugdog,Graded (No Uma Restrictions),Doto,I accept these terms,Day 4,Windows,$1001-5000,2956,46+ (more than 6 per day),0-5 (less than 1 per day),Twitch - MooMooCows - https://www.twitch.tv/moomoomoocows,5,,Meisho Doto,End Closer,Ace built for this CM before CM start in Grand Concert scenario,3,,,,2,1,,T.M. Opera O (New Year),Late Surger,Ace built for this CM before CM start in Grand Concert scenario,2,1,,,2,1,,Symboli Rudolf,Front Runner,Debuffer,,,,,,,,4 Attempts - 20 Races total,17,Go to Submit page,,,,,,,,,,,,,,Re-use Day 1 - Team Comp 1 as Day 2 - Team Comp 1,,,,,,,,,,4 Attempts - 20 Races total,18,Go to Submit page,,,,,,,,,,,,,,,Re-use Day 2 - Team Comp 1 as Day 3 - Team Comp 1,A Group,,,,,,,,,,4 Attempts - 20 Races total,14,Go to Submit page,,,,,,,,,,,,,,,Re-use Day 3 - Team Comp 1 as Day 4 - Team Comp 1,A Group,,,,,,,,,,4 Attempts - 20 Races total,10,Go to Submit page,,,,,,,,,,,,,,,A Finals,9256,Re-use Day 4 - Team Comp 1 as Finals Team Comp,,,,,,,,,,https://drive.google.com/open?id=1Em98psxceupMP2FCxy2-2IiytcZkJ98E,1st,,,,,,,,,,,Yes,Awawa survived debuff hell,https://drive.google.com/open?id=1a_I9JNpaI0ztPumv3e8YOZKF2exxR3Ff,https://drive.google.com/open?id=1Bmjeke84hjNbXpYrjG-dCPiuCwhq2oKn,,3,,,,2,https://drive.google.com/open?id=1Vh_zJHyWw7A71T2Q3Heo8vwYKaSjfVKA
9/23/2026 6:09:40,Marz2023,Graded (No Uma Restrictions),Win A finals,I accept these terms,Day 4,iOS - phone or tablet,,,11-20 (roughly 2-3 per day),6-10 (roughly 1 per day),,5,N/A,Manhattan Cafe,Late Surger,Ace built for this CM before CM start in Grand Concert scenario,3,0,0,0,2,1,0,Rice Shower (Halloween),Pace Chaser,Ace built for this CM before CM start in Grand Concert scenario,3,0,0,0,2,1,0,Agnes Tachyon,Pace Chaser,Debuffer,2,0,0,0,3,1,0,3 Attempts - 15 Races total,8,Go to Submit page,,,,,,,,,,,,,,Re-use Day 1 - Team Comp 1 as Day 2 - Team Comp 1,,,,,,,,,,3 Attempts - 15 Races total,8,Go to Submit page,,,,,,,,,,,,,,,Re-use Day 2 - Team Comp 1 as Day 3 - Team Comp 1,A Group,,,,,,,,,,4 Attempts - 20 Races total,6,Go to Submit page,,,,,,,,,,,,,,,Re-use Day 3 - Team Comp 1 as Day 4 - Team Comp 1,A Group,,,,,,,,,,4 Attempts - 20 Races total,4,Go to Submit page,,,,,,,,,,,,,,,,,,,,,,,,,,,,,,,,,,,,,,,,,,,,,,,,,
9/25/2026 7:47:03,H8R,Graded (No Uma Restrictions),Win A finals,I accept these terms,Finals,Windows,$101-500,3360,46+ (more than 6 per day),11-20 (roughly 2-3 per day),,,,Copano Rickey,Pace Chaser,Ace built for this CM before CM start in Grand Concert scenario,3,1,0,0,1,1,0,Oguri Cap (Christmas),End Closer,Ace built for this CM before CM start in Grand Concert scenario,2,0,1,0,2,1,0,Symboli Rudolf,Late Surger,Debuffer,,,,,,,,4 Attempts - 20 Races total,20,Go to Submit page,,,,,,,,,,,,,,Re-use Day 1 - Team Comp 1 as Day 2 - Team Comp 1,,,,,,,,,,4 Attempts - 20 Races total,19,Go to Submit page,,,,,,,,,,,,,,,Re-use Day 2 - Team Comp 1 as Day 3 - Team Comp 1,A Group,,,,,,,,,,4 Attempts - 20 Races total,16,Go to Submit page,,,,,,,,,,,,,,,Re-use Day 3 - Team Comp 1 as Day 4 - Team Comp 1,A Group,,,,,,,,,,4 Attempts - 20 Races total,18,Go to Submit page,,,,,,,,,,,,,,,A Finals,12608,Re-use Day 4 - Team Comp 1 as Finals Team Comp,,,,,,,,,,,1st,,,,,,,,,,,No,,,,,,,,,,
9/25/2026 8:26:02,Dion,Graded (No Uma Restrictions),Win A finals,I accept these terms,Finals,"iOS - phone or tablet, Windows",$0,1700,31-45 (roughly 5-6 per day),0-5 (less than 1 per day),Discord - MooMooCord - https://discord.com/invite/moomoocows,,,Oguri Cap (Christmas),End Closer,Ace built for this CM before CM start in Grand Concert scenario,3,,,,2,1,,Grass Wonder,End Closer,Debuffer,,,,,,,,Eishin Flash (Valentine),End Closer,Debuffer,,,,,,,,4 Attempts - 20 Races total,19,Go to Submit page,,,,,,,,,,,,,,Re-use Day 1 - Team Comp 1 as Day 2 - Team Comp 1,,,,,,,,,,4 Attempts - 20 Races total,17,Go to Submit page,,,,,,,,,,,,,,,Add new Team Comp as Day 3 - Team Comp 1,A Group,Oguri Cap (Christmas),End Closer,Ace built for this CM before CM start in Grand Concert scenario,Grass Wonder,Front Runner,Debuffer,Eishin Flash (Valentine),Late Surger,Debuffer,4 Attempts - 20 Races total,16,Go to Submit page,,,,,,,,,,,,,,,Re-use Day 3 - Team Comp 1 as Day 4 - Team Comp 1,A Group,,,,,,,,,,4 Attempts - 20 Races total,18,Go to Submit page,,,,,,,,,,,,,,,A Finals,14894,Re-use Day 4 - Team Comp 1 as Finals Team Comp,,,,,,,,,,https://drive.google.com/open?id=12FsM_0EeGqSt9U-SBoVyWRH8fs531UoS,1st,,,,,,,,,,,No,,,https://drive.google.com/open?id=13ljNoagembNRY1DCpjID_wDcbJrNOl-2,https://drive.google.com/open?id=1EO0aICtVgeG3jUdPg-8NFllXG6shrQRf,2,13,,,,https://drive.google.com/open?id=1gWDv9X1olnpSdfgr2wYrW4YfEb8OBgm2
9/25/2026 9:23:19,Linh124,Graded (No Uma Restrictions),Win A finals,I accept these terms,Finals,Windows,$1-100,2449,31-45 (roughly 5-6 per day),21-30 (roughly 3-4 per day),Discord - MooMooCord - https://discord.com/invite/moomoocows,,,Kawakami Princess,Late Surger,Ace built for this CM before CM start in Grand Concert scenario,3,0,0,0,2,1,0,Oguri Cap (Christmas),Late Surger,Ace built for this CM before CM start in Grand Concert scenario,3,0,0,0,2,1,0,Mejiro Dober (Camping),Late Surger,Ace built for this CM before CM start in Grand Concert scenario,2,1,0,0,2,1,0,4 Attempts - 20 Races total,16,Go to Submit page,,,,,,,,,,,,,,Re-use Day 1 - Team Comp 1 as Day 2 - Team Comp 1,,,,,,,,,,4 Attempts - 20 Races total,14,Go to Submit page,,,,,,,,,,,,,,,Re-use Day 2 - Team Comp 1 as Day 3 - Team Comp 1,A Group,,,,,,,,,,4 Attempts - 20 Races total,9,Go to Submit page,,,,,,,,,,,,,,,Re-use Day 3 - Team Comp 1 as Day 4 - Team Comp 1,A Group,,,,,,,,,,4 Attempts - 20 Races total,10,Go to Submit page,,,,,,,,,,,,,,,A Finals,8316,Re-use Day 4 - Team Comp 1 as Finals Team Comp,,,,,,,,,,https://drive.google.com/open?id=1aSBJONFhXmrIP0Yrc9S08cUcCpiMxOjR,1st,,,,,,,,,,,Yes,Believe in Princess magic (brute force),https://drive.google.com/open?id=1O59guEQJd6HlIe_lR7-dz4pTJ0n5BDtv,https://drive.google.com/open?id=1vUBaiUW0Q6PKfLztyL2iZHQM0-5ElVqt,,0,12,2,0,0,https://drive.google.com/open?id=1LFbdBii1m2uCpDJWCekQK0vchQI-hgi2
9/25/2026 7:27:47,lp,Graded (No Uma Restrictions),Get into A finals,I accept these terms,Finals,"iOS - phone or tablet, Windows",$0,1600,46+ (more than 6 per day),0-5 (less than 1 per day),,,,Oguri Cap,Pace Chaser,Ace built for this CM before CM start in Grand Concert scenario,2,1,0,0,2,1,0,T.M. Opera O (New Year),Pace Chaser,Ace built for this CM before CM start in Grand Concert scenario,2,1,0,0,2,1,0,Grass Wonder,End Closer,Debuffer,1,0,1,0,4,0,0,4 Attempts - 20 Races total,13,Go to Submit page,,,,,,,,,,,,,,Re-use Day 1 - Team Comp 1 as Day 2 - Team Comp 1,,,,,,,,,,4 Attempts - 20 Races total,15,Go to Submit page,,,,,,,,,,,,,,,Add new Team Comp as Day 3 - Team Comp 1,A Group,Oguri Cap,Pace Chaser,Ace built for this CM before CM start in Grand Concert scenario,Grass Wonder,End Closer,Debuffer,Nice Nature,Late Surger,Debuffer,4 Attempts - 20 Races total,10,Go to Submit page,,,,,,,,,,,,,,,Re-use Day 3 - Team Comp 1 as Day 4 - Team Comp 1,A Group,,,,,,,,,,4 Attempts - 20 Races total,7,Go to Submit page,,,,,,,,,,,,,,,A Finals,12000,Re-use Day 4 - Team Comp 1 as Finals Team Comp,,,,,,,,,,,3rd,No (goes to Submit page),,,,,,,,,,,,,,,,,,,,
9/25/2026 20:22:09,Flymm,Graded (No Uma Restrictions),Win A finals,I accept these terms,Finals,"Android - phone or tablet, Windows, Linux",$101-500,667,11-20 (roughly 2-3 per day),,"Discord - MooMooCord - https://discord.com/invite/moomoocows, Reddit - /r/UmamusumeGame",5,,Yukino Bijin,Pace Chaser,Ace built for this CM before CM start in Grand Concert scenario,3,0,0,0,2,1,0,Agnes Tachyon,Late Surger,Debuffer,,,,,,,,Grass Wonder,Late Surger,Debuffer,,,,,,,,4 Attempts - 20 Races total,10,Day 2,,,,,,,,,,,,,,Re-use Day 1 - Team Comp 1 as Day 2 - Team Comp 1,,,,,,,,,,4 Attempts - 20 Races total,17,Go to Submit page,,,,,,,,,,,,,,,Re-use Day 2 - Team Comp 1 as Day 3 - Team Comp 1,A Group,,,,,,,,,,4 Attempts - 20 Races total,12,Go to Submit page,,,,,,,,,,,,,,,Re-use Day 3 - Team Comp 1 as Day 4 - Team Comp 1,A Group,,,,,,,,,,4 Attempts - 20 Races total,11,Go to Submit page,,,,,,,,,,,,,,,A Finals,8355,Re-use Day 4 - Team Comp 1 as Finals Team Comp,,,,,,,,,,https://drive.google.com/open?id=1QcpQd7ZwuXs_MvSe_WcawIr7xrUjBoTJ,1st,,,,,,,,,,,Yes,B2B Yeppers Win,https://drive.google.com/open?id=1pUchVMR6Db0cB4UKipc0VHdYMpQ25XjI,https://drive.google.com/open?id=1AR7b7-0x9PBxXifsVgl07QenL005v39i,,,18,,,,https://drive.google.com/open?id=1u-yIio_7-u21B73a8yn4w7UoSi4XJOhC
9/25/2026 5:22:16,StormieSkies,Graded (No Uma Restrictions),Win A finals,I accept these terms,Finals,iOS - phone or tablet,$0,830,21-30 (roughly 3-4 per day),6-10 (roughly 1 per day),Discord - MooMooCord - https://discord.com/invite/moomoocows,,,Rice Shower (Halloween),Pace Chaser,Ace built for this CM before CM start in Grand Concert scenario,3,0,0,0,2,1,0,Symboli Rudolf (Festival),Pace Chaser,Ace built for this CM before CM start in Grand Concert scenario,3,0,0,0,2,1,0,Fine Motion,Pace Chaser,Ace built for this CM before CM start in Grand Concert scenario,3,0,0,0,2,1,0,4 Attempts - 20 Races total,12,Go to Submit page,,,,,,,,,,,,,,Re-use Day 1 - Team Comp 1 as Day 2 - Team Comp 1,,,,,,,,,,4 Attempts - 20 Races total,12,Go to Submit page,,,,,,,,,,,,,,,Re-use Day 2 - Team Comp 1 as Day 3 - Team Comp 1,A Group,,,,,,,,,,4 Attempts - 20 Races total,6,Day 4,,,,,,,,,,,,,,,Re-use Day 3 - Team Comp 1 as Day 4 - Team Comp 1,A Group,,,,,,,,,,4 Attempts - 20 Races total,5,Go to Submit page,,,,,,,,,,,,,,,A Finals,9223,Re-use Day 4 - Team Comp 1 as Finals Team Comp,,,,,,,,,,https://drive.google.com/open?id=1jFX8N-Bf1s5GDNCebwUR29pu02Trg-wz,3rd,Yes,https://drive.google.com/open?id=1nGOGRE8ENEBbMKhrYD_f2LtYvVsAd8_X,https://drive.google.com/open?id=1AMeAlxXJBUQ3Tk3W-e9nDQeUCn35_J1j,,3,0,12,0,3,https://drive.google.com/open?id=1gHf3j2fyij9NAe3UVI1CkHPDOScSTKiA,,,,,,,,,,,
9/25/2026 9:09:02,Mintylicious,Graded (No Uma Restrictions),Get into A finals,I accept these terms,Finals,"Android - phone or tablet, Windows",$1-100,2032,21-30 (roughly 3-4 per day),11-20 (roughly 2-3 per day),Discord - MooMooCord - https://discord.com/invite/moomoocows,5,,Silence Suzuka,Runaway,Blocker/Overtake target/Throwaway/Niche role,,,,,,,,Oguri Cap (Christmas),Pace Chaser,Ace built for this CM before CM start in Grand Concert scenario,,,,,,,,Eishin Flash (Valentine),End Closer,Debuffer,,,,,,,,4 Attempts - 20 Races total,14,Go to Submit page,,,,,,,,,,,,,,Re-use Day 1 - Team Comp 1 as Day 2 - Team Comp 1,,,,,,,,,,4 Attempts - 20 Races total,17,Go to Submit page,,,,,,,,,,,,,,,Add new Team Comp as Day 3 - Team Comp 1,A Group,Eishin Flash (Valentine),End Closer,Debuffer,Symboli Rudolf,End Closer,Debuffer,Oguri Cap (Christmas),Pace Chaser,Ace built for this CM before CM start in Grand Concert scenario,4 Attempts - 20 Races total,11,Go to Submit page,,,,,,,,,,,,,,,Re-use Day 3 - Team Comp 2 as Day 4 - Team Comp 1,A Group,,,,,,,,,,4 Attempts - 20 Races total,14,Go to Submit page,,,,,,,,,,,,,,,A Finals,10887,Re-use Day 4 - Team Comp 1 as Finals Team Comp,,,,,,,,,,https://drive.google.com/open?id=1a948fZoM7nHQNws_-cZKlZQnVcecKwi1,1st,,,,,,,,,,,No,,,,,,,,,,
9/25/2026 9:38:55,Deetdee,Graded (No Uma Restrictions),Get into A finals,I accept these terms,Finals,"Android - phone or tablet, Windows",$1-100,1181,11-20 (roughly 2-3 per day),6-10 (roughly 1 per day),"Discord - MooMooCord - https://discord.com/invite/moomoocows, YouTube - MooMooCows - https://www.youtube.com/@MooMooCows",,,Rice Shower,Pace Chaser,Ace built for this CM before CM start in Grand Concert scenario,3,,,,2,1,,Tokai Teio (Anime Collab),Pace Chaser,Ace built for this CM before CM start in Grand Concert scenario,3,,,,2,1,,Tosen Jordan,Late Surger,Ace built for this CM before CM start in Grand Concert scenario,3,1,,,1,1,,4 Attempts - 20 Races total,14,Go to Submit page,,,,,,,,,,,,,,Re-use Day 1 - Team Comp 1 as Day 2 - Team Comp 1,,,,,,,,,,4 Attempts - 20 Races total,8,Go to Submit page,,,,,,,,,,,,,,,Re-use Day 2 - Team Comp 1 as Day 3 - Team Comp 1,A Group,,,,,,,,,,4 Attempts - 20 Races total,7,Go to Submit page,,,,,,,,,,,,,,,Re-use Day 3 - Team Comp 1 as Day 4 - Team Comp 1,A Group,,,,,,,,,,4 Attempts - 20 Races total,11,Go to Submit page,,,,,,,,,,,,,,,A Finals,12092,Re-use Day 4 - Team Comp 1 as Finals Team Comp,,,,,,,,,,https://drive.google.com/open?id=1YffGzWlNMCNPy7T9xIqut4joqHiX6lma,3rd,Yes,https://drive.google.com/open?id=1D7s1VwFj5jOVteeMh5FqrT3J9Ku8DLd3,https://drive.google.com/open?id=1G3FM6w_24BC-_BhNx8hwO8VKsJxzvO2R,,,4,4,,4,https://drive.google.com/open?id=1mO8G0i9jbJJ13VyKB4zraYolfSPETgBB,,,,,,,,,,,
9/25/2026 8:51:26,Psssking,Graded (No Uma Restrictions),Win A finals,I accept these terms,Finals,Windows,$1001-5000,1529,21-30 (roughly 3-4 per day),21-30 (roughly 3-4 per day),Discord - MooMooCord - https://discord.com/invite/moomoocows,5,,Oguri Cap (Christmas),End Closer,Ace built for this CM before CM start in Grand Concert scenario,2,1,0,0,2,1,0,Eishin Flash (Valentine),End Closer,Debuffer,1,,2,0,2,1,0,Nice Nature (Cheerleader),Front Runner,Debuffer,1,0,2,0,2,1,0,4 Attempts - 20 Races total,16,Go to Submit page,,,,,,,,,,,,,,Re-use Day 1 - Team Comp 1 as Day 2 - Team Comp 1,,,,,,,,,,4 Attempts - 20 Races total,19,Go to Submit page,,,,,,,,,,,,,,,Re-use Day 2 - Team Comp 1 as Day 3 - Team Comp 1,A Group,,,,,,,,,,4 Attempts - 20 Races total,17,Go to Submit page,,,,,,,,,,,,,,,Re-use Day 3 - Team Comp 1 as Day 4 - Team Comp 1,A Group,,,,,,,,,,4 Attempts - 20 Races total,17,Go to Submit page,,,,,,,,,,,,,,,A Finals,13297,Re-use Day 4 - Team Comp 1 as Finals Team Comp,,,,,,,,,,https://drive.google.com/open?id=1ngAbm64q2s-9CnkrQm1PP8zQdyArUfzN,1st,,,,,,,,,,,No,,,,,,,,,,
9/25/2026 18:49:11,MercuryEpsilon,Graded (No Uma Restrictions),Get into A finals,I accept these terms,Finals,iOS - phone or tablet,$0,509,6-10 (roughly 1 per day),6-10 (roughly 1 per day),Discord - MooMooCord - https://discord.com/invite/moomoocows,4,Data trends about Borrowed Cards throughout the whole meet and not just the finals might be nice to see again,Winning Ticket (Steampunk),Late Surger,Ace built for this CM before CM start in Grand Concert scenario,3,1,0,0,1,,0,Tamamo Cross (Festival),Pace Chaser,Ace built for this CM before CM start in Grand Concert scenario,3,1,0,0,1,1,0,Rice Shower,Pace Chaser,Ace built for this CM before CM start in Grand Concert scenario,3,1,0,0,1,1,0,4 Attempts - 20 Races total,11,Go to Submit page,,,,,,,,,,,,,,Re-use Day 1 - Team Comp 1 as Day 2 - Team Comp 1,,,,,,,,,,2 Attempts - 10 Races total,2,Day 2 - Add 2nd Team,Add new Team Comp as Day 2 - Team Comp 2,Winning Ticket (Steampunk),Late Surger,Ace built for this CM before CM start in Grand Concert scenario,Tamamo Cross (Festival),Pace Chaser,Ace built for this CM before CM start in Grand Concert scenario,Super Creek,Pace Chaser,Ace built for this CM before CM start in Grand Concert scenario,2 Attempts - 10 Races total,5,2 teams,Go to Submit page,Re-use Day 2 - Team Comp 2 as Day 3 - Team Comp 1,A Group,,,,,,,,,,2 Attempts - 10 Races total,2,Day 3 - Add 2nd Team,Add new Team Comp as Day 3 - Team Comp 2,Winning Ticket (Steampunk),Late Surger,Ace built for this CM before CM start in Grand Concert scenario,Tamamo Cross (Festival),Pace Chaser,Ace built for this CM before CM start in Grand Concert scenario,Rice Shower,Pace Chaser,Mid-CM Ace build in Grand Concert scenario,2 Attempts - 10 Races total,5,3 teams,Go to Submit page,Re-use Day 3 - Team Comp 2 as Day 4 - Team Comp 1,A Group,,,,,,,,,,4 Attempts - 20 Races total,8,Go to Submit page,,,,,,,,,,,,,,,A Finals,10016,Re-use Day 4 - Team Comp 1 as Finals Team Comp,,,,,,,,,,https://drive.google.com/open?id=1Kogn1uaW3WOthiqktRo7JC5IALiPPyYy,3rd,Yes,https://drive.google.com/open?id=1uOEQB-2xfxfBWVAbrPCeAMCcRb9H98nG,https://drive.google.com/open?id=102EGJhXT5kbRwDDfkRfmM0fIN5n5_VRW,,3,9,6,0,0,https://drive.google.com/open?id=1g9eLxAcYFlAOusfqpszJbZGwPzOWfPBw,,,,,,,,,,,
9/25/2026 11:03:04,rdofff_ALT,Graded (No Uma Restrictions),I have fun. Others are not allowed to have fun.,I accept these terms,Day 4,"iOS - phone or tablet, Android - phone or tablet",$0,62,21-30 (roughly 3-4 per day),0-5 (less than 1 per day),Discord - MooMooCord - https://discord.com/invite/moomoocows,4,,Mayano Top Gun (Wedding),Late Surger,Hybrid (ace + debuffer),3,1,0,0,1,1,,Nice Nature,Late Surger,Debuffer,3,1,0,0,1,1,,Super Creek (Halloween),Late Surger,Debuffer,3,1,0,0,1,1,,4 Attempts - 20 Races total,8,Go to Submit page,,,,,,,,,,,,,,Re-use Day 1 - Team Comp 1 as Day 2 - Team Comp 1,,,,,,,,,,4 Attempts - 20 Races total,7,Go to Submit page,,,,,,,,,,,,,,,Re-use Day 2 - Team Comp 1 as Day 3 - Team Comp 1,A Group,,,,,,,,,,4 Attempts - 20 Races total,5,Go to Submit page,,,,,,,,,,,,,,,Re-use Day 3 - Team Comp 1 as Day 4 - Team Comp 1,A Group,,,,,,,,,,4 Attempts - 20 Races total,2,Finals,,,,,,,,,,,,,,,B Finals,2438,Re-use Day 4 - Team Comp 1 as Finals Team Comp,,,,,,,,,,https://drive.google.com/open?id=1_U9Byr5OVaP6zHQN0YvAhWN2XtHHifFO,3rd,No (goes to Submit page),,,,,,,,,,,,,,,,,,,,
9/25/2026 7:50:43,Zeoxys,Graded (No Uma Restrictions),Win with Zephyr,I accept these terms,Finals,Android - phone or tablet,$101-500,1825,31-45 (roughly 5-6 per day),6-10 (roughly 1 per day),"Discord - MooMooCord - https://discord.com/invite/moomoocows, Twitch - MooMooCows - https://www.twitch.tv/moomoomoocows, YouTube - MooMooCows - https://www.youtube.com/@MooMooCows",5,,Yamanin Zephyr,Pace Chaser,Ace built for this CM before CM start in Grand Concert scenario,3,0,0,0,2,1,0,Grass Wonder,End Closer,Debuffer,1,0,1,0,3,1,0,Symboli Rudolf,End Closer,Debuffer,1,0,1,0,3,1,0,4 Attempts - 20 Races total,13,Go to Submit page,,,,,,,,,,,,,,Re-use Day 1 - Team Comp 1 as Day 2 - Team Comp 1,,,,,,,,,,4 Attempts - 20 Races total,13,Go to Submit page,,,,,,,,,,,,,,,Re-use Day 2 - Team Comp 1 as Day 3 - Team Comp 1,A Group,,,,,,,,,,4 Attempts - 20 Races total,11,Go to Submit page,,,,,,,,,,,,,,,Re-use Day 3 - Team Comp 1 as Day 4 - Team Comp 1,A Group,,,,,,,,,,4 Attempts - 20 Races total,5,Go to Submit page,,,,,,,,,,,,,,,A Finals,12961,Re-use Day 4 - Team Comp 1 as Finals Team Comp,,,,,,,,,,,3rd,No (goes to Submit page),,,,,,,,,,,,,,,,,,,,
9/25/2026 5:58:30,Wave,Graded (No Uma Restrictions),Win A finals,I accept these terms,Finals,iOS - phone or tablet,$101-500,630,11-20 (roughly 2-3 per day),6-10 (roughly 1 per day),"Discord - MooMooCord - https://discord.com/invite/moomoocows, YouTube - MooMooCows - https://www.youtube.com/@MooMooCows",5,,Nakayama Festa,Late Surger,Ace built for this CM before CM start in Grand Concert scenario,2,1,0,0,2,1,,Nice Nature,Late Surger,Debuffer,,,,,,,,Mayano Top Gun (Wedding),Late Surger,Debuffer,,,,,,,,4 Attempts - 20 Races total,18,Go to Submit page,,,,,,,,,,,,,,Re-use Day 1 - Team Comp 1 as Day 2 - Team Comp 1,,,,,,,,,,4 Attempts - 20 Races total,14,Go to Submit page,,,,,,,,,,,,,,,Re-use Day 2 - Team Comp 1 as Day 3 - Team Comp 1,A Group,,,,,,,,,,4 Attempts - 20 Races total,12,Go to Submit page,,,,,,,,,,,,,,,Re-use Day 3 - Team Comp 1 as Day 4 - Team Comp 1,A Group,,,,,,,,,,4 Attempts - 20 Races total,13,Go to Submit page,,,,,,,,,,,,,,,A Finals,11024,Re-use Day 4 - Team Comp 1 as Finals Team Comp,,,,,,,,,,https://drive.google.com/open?id=1OOMnIsqeYriURF93Iajsi3DRxX9WfWZv,1st,,,,,,,,,,,Yes,The Ultimate Gamble,https://drive.google.com/open?id=1pBl8gurqZ86CisvC0fWLK4qaQMKvtDb7,https://drive.google.com/open?id=1tbq0ZcTGonj_nLQQ8dw0X_CDyxSaLy8s,,,10,,6,,https://drive.google.com/open?id=1T-MCaBONmerrTabmYX5Mdq44i4HGEkLU
9/23/2026 7:37:44,puhico,Graded (No Uma Restrictions),Win A finals,I accept these terms,Day 4,,,,,,,,,Oguri Cap (Christmas),End Closer,Ace built for this CM before CM start in Grand Concert scenario,,,,,,,,Eishin Flash (Valentine),End Closer,Debuffer,,,,,,,,Grass Wonder,End Closer,Debuffer,,,,,,,,4 Attempts - 20 Races total,19,Go to Submit page,,,,,,,,,,,,,,Re-use Day 1 - Team Comp 1 as Day 2 - Team Comp 1,,,,,,,,,,4 Attempts - 20 Races total,19,Go to Submit page,,,,,,,,,,,,,,,Re-use Day 2 - Team Comp 1 as Day 3 - Team Comp 1,A Group,,,,,,,,,,4 Attempts - 20 Races total,18,Go to Submit page,,,,,,,,,,,,,,,Re-use Day 3 - Team Comp 1 as Day 4 - Team Comp 1,A Group,,,,,,,,,,4 Attempts - 20 Races total,16,Go to Submit page,,,,,,,,,,,,,,,,,,,,,,,,,,,,,,,,,,,,,,,,,,,,,,,,,
9/23/2026 15:54:25,thecrecarc,Graded (No Uma Restrictions),Win A finals,I accept these terms,Day 4,,$1-100,,,,,,,Oguri Cap (Christmas),End Closer,Ace built for this CM before CM start in Grand Concert scenario,,,,,,,,Mayano Top Gun (Wedding),Late Surger,Debuffer,,,,,,,,Nice Nature,Late Surger,Debuffer,,,,,,,,4 Attempts - 20 Races total,19,Go to Submit page,,,,,,,,,,,,,,Re-use Day 1 - Team Comp 1 as Day 2 - Team Comp 1,,,,,,,,,,4 Attempts - 20 Races total,17,Go to Submit page,,,,,,,,,,,,,,,Re-use Day 2 - Team Comp 1 as Day 3 - Team Comp 1,A Group,,,,,,,,,,4 Attempts - 20 Races total,16,Go to Submit page,,,,,,,,,,,,,,,Re-use Day 3 - Team Comp 1 as Day 4 - Team Comp 1,A Group,,,,,,,,,,4 Attempts - 20 Races total,18,Go to Submit page,,,,,,,,,,,,,,,,,,,,,,,,,,,,,,,,,,,,,,,,,,,,,,,,,
9/25/2026 11:11:43,rdofff_main,Graded (No Uma Restrictions),Win A finals,I accept these terms,Finals,"iOS - phone or tablet, Android - phone or tablet",$5000+,2476,46+ (more than 6 per day),6-10 (roughly 1 per day),Discord - MooMooCord - https://discord.com/invite/moomoocows,4,,Oguri Cap (Christmas),End Closer,Ace built for this CM before CM start in Grand Concert scenario,2,1,0,0,2,1,,Symboli Rudolf,Late Surger,Debuffer,1,0,1,0,2,2,,Nice Nature (Cheerleader),Late Surger,Debuffer,1,0,1,0,2,2,,4 Attempts - 20 Races total,17,Go to Submit page,,,,,,,,,,,,,,Re-use Day 1 - Team Comp 1 as Day 2 - Team Comp 1,,,,,,,,,,4 Attempts - 20 Races total,17,Go to Submit page,,,,,,,,,,,,,,,Re-use Day 2 - Team Comp 1 as Day 3 - Team Comp 1,A Group,,,,,,,,,,4 Attempts - 20 Races total,14,Day 4,,,,,,,,,,,,,,,Re-use Day 3 - Team Comp 1 as Day 4 - Team Comp 1,A Group,,,,,,,,,,4 Attempts - 20 Races total,18,Go to Submit page,,,,,,,,,,,,,,,A Finals,12821,Re-use Day 4 - Team Comp 1 as Finals Team Comp,,,,,,,,,,https://drive.google.com/open?id=1KlDpZkQDzRaRJlmhPDT4pOs7xe-KOtV_,1st,,,,,,,,,,,Yes,oguri really is my oshi though...,https://drive.google.com/open?id=1wDQnyc1EAwce1M9tQGAl2A5HLGHgq77N,https://drive.google.com/open?id=1DYtC58jAYgwmY2QZiEhwY3XN2yXnp0-v,,0,8,7,0,0,https://drive.google.com/open?id=1DjK_KRcsBNNf5pAkOIjFudwV5TaTE4i0
9/25/2026 8:20:54,Southern Tiger,Graded (No Uma Restrictions),Win A finals,I accept these terms,Finals,"iOS - phone or tablet, Windows",$101-500,1275,21-30 (roughly 3-4 per day),6-10 (roughly 1 per day),Discord - MooMooCord - https://discord.com/invite/moomoocows,5,,Tamamo Cross (Festival),Pace Chaser,Ace built for this CM before CM start in Grand Concert scenario,2,1,0,0,2,1,0,Admire Vega,End Closer,Ace built for this CM before CM start in Grand Concert scenario,2,1,0,0,2,1,0,Oguri Cap (Christmas),End Closer,Ace built for this CM before CM start in Grand Concert scenario,2,1,0,0,2,1,0,4 Attempts - 20 Races total,17,Go to Submit page,,,,,,,,,,,,,,Re-use Day 1 - Team Comp 1 as Day 2 - Team Comp 1,,,,,,,,,,4 Attempts - 20 Races total,17,Go to Submit page,,,,,,,,,,,,,,,Re-use Day 2 - Team Comp 1 as Day 3 - Team Comp 1,A Group,,,,,,,,,,4 Attempts - 20 Races total,17,Go to Submit page,,,,,,,,,,,,,,,Re-use Day 3 - Team Comp 1 as Day 4 - Team Comp 1,A Group,,,,,,,,,,4 Attempts - 20 Races total,16,Go to Submit page,,,,,,,,,,,,,,,A Finals,12516,Re-use Day 4 - Team Comp 1 as Finals Team Comp,,,,,,,,,,https://drive.google.com/open?id=1B2m7CgJ_GOxm8X1q7rcm3f9Ny8p5VWun,1st,,,,,,,,,,,No,,https://drive.google.com/open?id=1DXOeBHQpvRIH3bMFTtcUeK7QGuaVKpVm,https://drive.google.com/open?id=1_Fpk-vytbCgObqTk7vNl5N2-vp1vL7m9,,,,12,,2,https://drive.google.com/open?id=1hUkbhW56TqMV3257PG65HMI2MRr1cINf
9/25/2026 13:28:13,SyuuSy_,Graded (No Uma Restrictions),Get to A finals while bringing everyone else down ୧(๑•̀ᗝ•́)૭,I accept these terms,Finals,"Android - phone or tablet, Windows",$0,1263,11-20 (roughly 2-3 per day),11-20 (roughly 2-3 per day),"Discord - MooMooCord - https://discord.com/invite/moomoocows, Twitch - MooMooCows - https://www.twitch.tv/moomoomoocows, YouTube - MooMooCows - https://www.youtube.com/@MooMooCows",5,,Mejiro Dober,Late Surger,Hybrid (ace + debuffer),2,1,0,0,2,1,0,Mayano Top Gun (Wedding),End Closer,Debuffer,,,,,,,,Nice Nature,Late Surger,Debuffer,,,,,,,,4 Attempts - 20 Races total,12,Go to Submit page,,,,,,,,,,,,,,Re-use Day 1 - Team Comp 1 as Day 2 - Team Comp 1,,,,,,,,,,4 Attempts - 20 Races total,9,Go to Submit page,,,,,,,,,,,,,,,Re-use Day 2 - Team Comp 1 as Day 3 - Team Comp 1,A Group,,,,,,,,,,4 Attempts - 20 Races total,6,Go to Submit page,,,,,,,,,,,,,,,Re-use Day 3 - Team Comp 1 as Day 4 - Team Comp 1,A Group,,,,,,,,,,4 Attempts - 20 Races total,9,Go to Submit page,,,,,,,,,,,,,,,A Finals,11022,Re-use Day 4 - Team Comp 1 as Finals Team Comp,,,,,,,,,,https://drive.google.com/open?id=1DI8K64eKizBNVZndr4GSAj6zYL1C30Lw,3rd,No (goes to Submit page),,,,,,,,,,,,,,,,,,,,
9/25/2026 7:51:08,Nogamy,Graded (No Uma Restrictions),Get into A finals,I accept these terms,Finals,"Android - phone or tablet, Windows",$501-1000,1689,31-45 (roughly 5-6 per day),11-20 (roughly 2-3 per day),Discord - MooMooCord - https://discord.com/invite/moomoocows,,,Mayano Top Gun,Pace Chaser,Ace built for this CM before CM start in Grand Concert scenario,3,0,0,0,2,1,0,Oguri Cap (Christmas),End Closer,Ace built for this CM before CM start in Grand Concert scenario,2,1,0,0,2,1,0,Grass Wonder,Late Surger,Debuffer,,,,,,,,4 Attempts - 20 Races total,17,Go to Submit page,,,,,,,,,,,,,,Re-use Day 1 - Team Comp 1 as Day 2 - Team Comp 1,,,,,,,,,,4 Attempts - 20 Races total,19,Go to Submit page,,,,,,,,,,,,,,,Re-use Day 2 - Team Comp 1 as Day 3 - Team Comp 1,A Group,,,,,,,,,,4 Attempts - 20 Races total,19,Go to Submit page,,,,,,,,,,,,,,,Re-use Day 3 - Team Comp 1 as Day 4 - Team Comp 1,A Group,,,,,,,,,,4 Attempts - 20 Races total,18,Go to Submit page,,,,,,,,,,,,,,,A Finals,10815,Re-use Day 4 - Team Comp 1 as Finals Team Comp,,,,,,,,,,https://drive.google.com/open?id=1B9e-6SsjSEiln9czumD7dFGUuesDmOOi,1st,,,,,,,,,,,No,,https://drive.google.com/open?id=1Ko1C5yCetmQYtUk8i4nWtzY_AeY_ympH,https://drive.google.com/open?id=1w_4WeiHeZyFQXM4n20rDERe2saK8q7s9,,2,5,5,,2,https://drive.google.com/open?id=10Jtjp9_nXCK3U1BZn45U65MqG_ur2NJt
9/25/2026 6:43:02,SusPyro,Graded (No Uma Restrictions),Win A finals,I accept these terms,Finals,"Android - phone or tablet, Windows",$1-100,1521,6-10 (roughly 1 per day),21-30 (roughly 3-4 per day),Discord - MooMooCord - https://discord.com/invite/moomoocows,4,,Admire Vega,End Closer,Ace built for this CM before CM start in Grand Concert scenario,2,1,0,0,2,1,0,Rice Shower,Pace Chaser,Ace built for this CM before CM start in Grand Concert scenario,3,0,0,0,2,1,0,Grass Wonder,Late Surger,Debuffer,1,0,1,,4,0,0,4 Attempts - 20 Races total,19,Go to Submit page,,,,,,,,,,,,,,Re-use Day 1 - Team Comp 1 as Day 2 - Team Comp 1,,,,,,,,,,4 Attempts - 20 Races total,14,Go to Submit page,,,,,,,,,,,,,,,Re-use Day 2 - Team Comp 1 as Day 3 - Team Comp 1,A Group,,,,,,,,,,4 Attempts - 20 Races total,14,Go to Submit page,,,,,,,,,,,,,,,Re-use Day 3 - Team Comp 1 as Day 4 - Team Comp 1,A Group,,,,,,,,,,4 Attempts - 20 Races total,11,Go to Submit page,,,,,,,,,,,,,,,A Finals,12220,Re-use Day 4 - Team Comp 1 as Finals Team Comp,,,,,,,,,,https://drive.google.com/open?id=1TCxcc1oUIQxdn_yI0OoJQr_wMh6CQavy,1st,,,,,,,,,,,No,,https://drive.google.com/open?id=1U6o0lmyS3zL4G80Ez6Zmz7SRrT1ZDfzH,,,3,8,,,3,https://drive.google.com/open?id=1jYHZXqQnFZgsVcRWPr0mSn87XoLHVQIN
9/25/2026 6:40:31,Ulvida,Graded (No Uma Restrictions),Win A finals,I accept these terms,Day 4,Windows,$0,749,11-20 (roughly 2-3 per day),6-10 (roughly 1 per day),Discord - MooMooCord - https://discord.com/invite/moomoocows,5,-,Oguri Cap (Christmas),End Closer,Ace built for this CM before CM start in Grand Concert scenario,2,1,0,0,2,1,0,Symboli Rudolf,Front Runner,Debuffer,1,1,0,0,3,1,0,Grass Wonder,Late Surger,Debuffer,2,0,0,0,3,1,0,4 Attempts - 20 Races total,15,Go to Submit page,,,,,,,,,,,,,,Re-use Day 1 - Team Comp 1 as Day 2 - Team Comp 1,,,,,,,,,,4 Attempts - 20 Races total,20,Go to Submit page,,,,,,,,,,,,,,,Re-use Day 2 - Team Comp 1 as Day 3 - Team Comp 1,A Group,,,,,,,,,,4 Attempts - 20 Races total,13,Go to Submit page,,,,,,,,,,,,,,,Re-use Day 3 - Team Comp 1 as Day 4 - Team Comp 1,A Group,,,,,,,,,,4 Attempts - 20 Races total,11,Finals,,,,,,,,,,,,,,,A Finals,13210,Re-use Day 4 - Team Comp 1 as Finals Team Comp,,,,,,,,,,https://drive.google.com/open?id=18iywe5Qrli3fllsYD6X1ERZyJCSXW9gN,1st,,,,,,,,,,,No,,https://drive.google.com/open?id=1QLGXM4xJ2TLrVfyctfheBM3QTYZp18W_,https://drive.google.com/open?id=1lfx8wVZNlqAnw0dLFX2OVzc9Spe6aRKI,,3,5,6,0,2,https://drive.google.com/open?id=1i5EnfACDXQxkV1_0BCGzJCR9Lc5KfNl5
9/25/2026 7:07:42,MIHO,Graded (No Uma Restrictions),Win A finals,I accept these terms,Finals,"Android - phone or tablet, Windows",$1-100,1286,21-30 (roughly 3-4 per day),11-20 (roughly 2-3 per day),Discord - MooMooCord - https://discord.com/invite/moomoocows,5,,Oguri Cap (Christmas),End Closer,Ace built for this CM before CM start in Grand Concert scenario,2,,,,3,1,,Grass Wonder,Late Surger,Debuffer,,,,,,,,Symboli Rudolf,Late Surger,Debuffer,,,,,,,,4 Attempts - 20 Races total,15,Go to Submit page,,,,,,,,,,,,,,Re-use Day 1 - Team Comp 1 as Day 2 - Team Comp 1,,,,,,,,,,4 Attempts - 20 Races total,14,Go to Submit page,,,,,,,,,,,,,,,Re-use Day 2 - Team Comp 1 as Day 3 - Team Comp 1,A Group,,,,,,,,,,4 Attempts - 20 Races total,11,Go to Submit page,,,,,,,,,,,,,,,Re-use Day 3 - Team Comp 1 as Day 4 - Team Comp 1,A Group,,,,,,,,,,4 Attempts - 20 Races total,11,Go to Submit page,,,,,,,,,,,,,,,A Finals,11994,Re-use Day 4 - Team Comp 1 as Finals Team Comp,,,,,,,,,,https://drive.google.com/open?id=16XmUlwlPb_Lq6FzG_0rCg5wp8y7jW6gw,1st,,,,,,,,,,,No,,https://drive.google.com/open?id=1Lut3MWYrojtj4xBeD6TDxybA-FjQNJfO,https://drive.google.com/open?id=1RgDDT2_SweMmK738r6kdMjC70KBQmQeP,,,2,5,,,https://drive.google.com/open?id=1uaCRiokVX26ByMDJDKyO7sODcPD4UHud
9/25/2026 7:47:50,qwoot,Graded (No Uma Restrictions),Win A finals,I accept these terms,Finals,"iOS - phone or tablet, Windows",$0,1392,0-5 (less than 1 per day),21-30 (roughly 3-4 per day),"Discord - MooMooCord - https://discord.com/invite/moomoocows, YouTube - MooMooCows - https://www.youtube.com/@MooMooCows",,,Oguri Cap (Christmas),End Closer,Ace built for this CM before CM start in Grand Concert scenario,3,0,0,0,2,1,0,Grass Wonder,Late Surger,Debuffer,,,,,,,,Agnes Tachyon,Late Surger,Debuffer,,,,,,,,4 Attempts - 20 Races total,17,Go to Submit page,,,,,,,,,,,,,,Re-use Day 1 - Team Comp 1 as Day 2 - Team Comp 1,,,,,,,,,,4 Attempts - 20 Races total,19,Go to Submit page,,,,,,,,,,,,,,,Re-use Day 2 - Team Comp 1 as Day 3 - Team Comp 1,A Group,,,,,,,,,,4 Attempts - 20 Races total,16,Go to Submit page,,,,,,,,,,,,,,,Re-use Day 3 - Team Comp 1 as Day 4 - Team Comp 1,A Group,,,,,,,,,,4 Attempts - 20 Races total,15,Go to Submit page,,,,,,,,,,,,,,,A Finals,17418,Re-use Day 4 - Team Comp 1 as Finals Team Comp,,,,,,,,,,,2nd,No (goes to Submit page),,,,,,,,,,,,,,,,,,,,
9/25/2026 8:39:32,Zeruul,Graded (No Uma Restrictions),Win A finals,I accept these terms,Finals,iOS - phone or tablet,$101-500,,31-45 (roughly 5-6 per day),0-5 (less than 1 per day),,4,,Oguri Cap (Christmas),End Closer,Ace built for this CM before CM start in Grand Concert scenario,2,1,,,2,1,,Mayano Top Gun (Wedding),End Closer,Debuffer,,,,,,,,Nice Nature,Late Surger,Debuffer,,,,,,,,4 Attempts - 20 Races total,17,Go to Submit page,,,,,,,,,,,,,,Re-use Day 1 - Team Comp 1 as Day 2 - Team Comp 1,,,,,,,,,,4 Attempts - 20 Races total,20,Go to Submit page,,,,,,,,,,,,,,,Re-use Day 2 - Team Comp 1 as Day 3 - Team Comp 1,A Group,,,,,,,,,,4 Attempts - 20 Races total,14,Go to Submit page,,,,,,,,,,,,,,,Re-use Day 3 - Team Comp 1 as Day 4 - Team Comp 1,A Group,,,,,,,,,,4 Attempts - 20 Races total,14,Go to Submit page,,,,,,,,,,,,,,,A Finals,13176,Re-use Day 4 - Team Comp 1 as Finals Team Comp,,,,,,,,,,https://drive.google.com/open?id=1pLHT-j6miKB3TLSf3977quOgw8ifIYDS,1st,,,,,,,,,,,No,,https://drive.google.com/open?id=1z6gAP9KFGybd8U5AoAHycZvOSbY3wnTf,,,,,,,,
9/25/2026 7:17:40,Wasobi,Graded (No Uma Restrictions),Win A finals,I accept these terms,Finals,"Android - phone or tablet, Windows",$101-500,932,11-20 (roughly 2-3 per day),0-5 (less than 1 per day),"Discord - MooMooCord - https://discord.com/invite/moomoocows, YouTube - MooMooCows - https://www.youtube.com/@MooMooCows",4,,Fine Motion,Pace Chaser,Ace built for this CM before CM start in Grand Concert scenario,3,0,0,0,2,1,0,Oguri Cap (Christmas),End Closer,Ace built for this CM before CM start in Grand Concert scenario,2,1,0,0,2,1,0,Grass Wonder,Late Surger,Debuffer,,,,,,,,4 Attempts - 20 Races total,19,Go to Submit page,,,,,,,,,,,,,,Re-use Day 1 - Team Comp 1 as Day 2 - Team Comp 1,,,,,,,,,,4 Attempts - 20 Races total,16,Go to Submit page,,,,,,,,,,,,,,,Re-use Day 2 - Team Comp 1 as Day 3 - Team Comp 1,A Group,,,,,,,,,,4 Attempts - 20 Races total,17,Go to Submit page,,,,,,,,,,,,,,,Re-use Day 3 - Team Comp 1 as Day 4 - Team Comp 1,A Group,,,,,,,,,,4 Attempts - 20 Races total,17,Go to Submit page,,,,,,,,,,,,,,,A Finals,12385,Re-use Day 4 - Team Comp 1 as Finals Team Comp,,,,,,,,,,https://drive.google.com/open?id=10q9v5lUfOk-AcWpnqMKXvib3LjG9VAIm,2nd,Yes,https://drive.google.com/open?id=14VeqtdsdQ2nI2VfLp0B97M9sYbCv7ynQ,https://drive.google.com/open?id=1M1IXtRQ_iGFztN95480cj448V4x5f_sq,,0,14,0,0,0,https://drive.google.com/open?id=1fQPzy0siw_chOR4A_aSL7dCfMkXQQXcv,,,,,,,,,,,
9/25/2026 9:16:26,Pokedude,Graded (No Uma Restrictions),Get into A finals,I accept these terms,Finals,"Android - phone or tablet, Windows",$0,2036,0-5 (less than 1 per day),21-30 (roughly 3-4 per day),"Friend sent me the link, Discord - MooMooCord - https://discord.com/invite/moomoocows",5,,Eishin Flash,Late Surger,Ace built for this CM before CM start in Grand Concert scenario,3,0,0,0,2,1,0,Satono Diamond,Late Surger,Ace built for this CM before CM start in Grand Concert scenario,3,1,0,0,1,1,0,Mihono Bourbon,Pace Chaser,Ace built for this CM before CM start in Grand Concert scenario,3,0,0,0,2,1,0,4 Attempts - 20 Races total,11,Go to Submit page,,,,,,,,,,,,,,Re-use Day 1 - Team Comp 1 as Day 2 - Team Comp 1,,,,,,,,,,4 Attempts - 20 Races total,13,Go to Submit page,,,,,,,,,,,,,,,Re-use Day 2 - Team Comp 1 as Day 3 - Team Comp 1,A Group,,,,,,,,,,4 Attempts - 20 Races total,4,Go to Submit page,,,,,,,,,,,,,,,Re-use Day 3 - Team Comp 1 as Day 4 - Team Comp 1,A Group,,,,,,,,,,2 Attempts - 10 Races total,3,Day 4 - Add 2nd team,Add new Team Comp as Day 4 - Team Comp 2,Eishin Flash,Late Surger,Mid-CM Ace build in Grand Concert scenario,Satono Diamond,Late Surger,Ace built for this CM before CM start in Grand Concert scenario,Mihono Bourbon,Pace Chaser,Ace built for this CM before CM start in Grand Concert scenario,2 Attempts - 10 Races total,3,2 teams,Go to Submit page,A Finals,7474,Re-use Day 4 - Team Comp 2 as Finals Team Comp,,,,,,,,,,https://drive.google.com/open?id=1jHhNk2sVxWCtacp9kSxxHTczKT5x5uom,2nd,Yes,https://drive.google.com/open?id=1gxyZcuSS_F_CHjA5G_g7YJkeXoZMOLST,https://drive.google.com/open?id=16iiKxi9jUFodJKkJwSYa7_rW5p2TjACT,,0,9,4,0,0,https://drive.google.com/open?id=1nFvAHxjvmdU5kJpGV98P5IWJNpfjCg90,,,,,,,,,,,
9/25/2026 6:42:48,Vin,Graded (No Uma Restrictions),Get into A finals,I accept these terms,Finals,Android - phone or tablet,$101-500,2659,46+ (more than 6 per day),11-20 (roughly 2-3 per day),,,,Grass Wonder,Late Surger,Debuffer,1,0,0,0,4,1,0,Oguri Cap (Christmas),End Closer,Ace built for this CM before CM start in Grand Concert scenario,3,0,0,0,2,1,0,Symboli Rudolf,End Closer,Debuffer,1,0,0,0,4,1,0,4 Attempts - 20 Races total,17,Go to Submit page,,,,,,,,,,,,,,Re-use Day 1 - Team Comp 1 as Day 2 - Team Comp 1,,,,,,,,,,4 Attempts - 20 Races total,18,Go to Submit page,,,,,,,,,,,,,,,Re-use Day 2 - Team Comp 1 as Day 3 - Team Comp 1,A Group,,,,,,,,,,4 Attempts - 20 Races total,15,Go to Submit page,,,,,,,,,,,,,,,Re-use Day 3 - Team Comp 1 as Day 4 - Team Comp 1,A Group,,,,,,,,,,4 Attempts - 20 Races total,17,Go to Submit page,,,,,,,,,,,,,,,A Finals,11479,Re-use Day 4 - Team Comp 1 as Finals Team Comp,,,,,,,,,,https://drive.google.com/open?id=1qyu2rxx_A4MJp0No1uIWOUadZyUoi_DO,1st,,,,,,,,,,,No,,https://drive.google.com/open?id=1d5PrbdKcdzDZ3E2GhyMojL6A0kmY69Yo,https://drive.google.com/open?id=1tVDXK09oXnIWX11tmOBomScSH3FQ0N1L,,0,10,0,1,2,https://drive.google.com/open?id=1PovzizMlMjezjHYTaRT7YVoK-5tWKdtm
9/25/2026 5:53:33,Patch,Graded (No Uma Restrictions),Win A finals,I accept these terms,Finals,,$1001-5000,1842,21-30 (roughly 3-4 per day),11-20 (roughly 2-3 per day),"Discord - MooMooCord - https://discord.com/invite/moomoocows, YouTube - MooMooCows - https://www.youtube.com/@MooMooCows",5,,Rice Shower,Pace Chaser,Ace built for this CM before CM start in Grand Concert scenario,3,0,0,0,2,1,,Oguri Cap (Christmas),Pace Chaser,Ace built for this CM before CM start in Grand Concert scenario,3,0,0,0,2,1,0,Silence Suzuka,Runaway,Blocker/Overtake target/Throwaway/Niche role,2,0,1,0,2,1,0,4 Attempts - 20 Races total,15,Go to Submit page,,,,,,,,,,,,,,Add new Team Comp as Day 2 - Team Comp 1,Rice Shower,Pace Chaser,Ace built for this CM before CM start in Grand Concert scenario,Silence Suzuka,Runaway,Blocker/Overtake target/Throwaway/Niche role,Nice Nature (Cheerleader),End Closer,Debuffer,4 Attempts - 20 Races total,14,Go to Submit page,,,,,,,,,,,,,,,Re-use Day 2 - Team Comp 1 as Day 3 - Team Comp 1,A Group,,,,,,,,,,3 Attempts - 15 Races total,4,Day 3 - Add 2nd Team,Add new Team Comp as Day 3 - Team Comp 2,Rice Shower,Pace Chaser,Ace built for this CM before CM start in Grand Concert scenario,Oguri Cap (Christmas),Pace Chaser,Ace built for this CM before CM start in Grand Concert scenario,Silence Suzuka,Runaway,Blocker/Overtake target/Throwaway/Niche role,1 Attempt - 5 Races total,4,2 teams,Go to Submit page,Re-use Day 3 - Team Comp 1 as Day 4 - Team Comp 1,A Group,,,,,,,,,,4 Attempts - 20 Races total,11,Finals,,,,,,,,,,,,,,,A Finals,12637,Add new Team Comp as Finals Team Comp,Rice Shower,Pace Chaser,Ace built for this CM before CM start in Grand Concert scenario,Oguri Cap (Christmas),Pace Chaser,Ace built for this CM before CM start in Grand Concert scenario,Silence Suzuka,Runaway,Blocker/Overtake target/Throwaway/Niche role,https://drive.google.com/open?id=1Ue08MKnz0ZzN5D0a_0i4l7q8DuodMwoI,2nd,Yes,https://drive.google.com/open?id=1zLe9VmoqmdLjLSVCEwbpva_BmoNmeFhE,https://drive.google.com/open?id=1RyBMrvyrRIIewMIS8dFI4gTHtD-qd-Fh,,0,0,18,0,0,https://drive.google.com/open?id=1clKkMfQeLqC9TQPL6JTNsYPhD2Xi_YxZ,,,,,,,,,,,
9/25/2026 7:10:17,lordsavor,Graded (No Uma Restrictions),Win A finals,I accept these terms,Finals,Android - phone or tablet,$1-100,1198,21-30 (roughly 3-4 per day),0-5 (less than 1 per day),Discord - MooMooCord - https://discord.com/invite/moomoocows,,,Oguri Cap (Christmas),Pace Chaser,Ace built for this CM before CM start in Grand Concert scenario,3,,,,2,1,,Nice Nature,End Closer,Debuffer,1,1,,1,3,,,Mayano Top Gun (Wedding),End Closer,Debuffer,1,1,,1,3,,,4 Attempts - 20 Races total,19,Go to Submit page,,,,,,,,,,,,,,Re-use Day 1 - Team Comp 1 as Day 2 - Team Comp 1,,,,,,,,,,4 Attempts - 20 Races total,18,Go to Submit page,,,,,,,,,,,,,,,Add new Team Comp as Day 3 - Team Comp 1,A Group,Oguri Cap (Christmas),Pace Chaser,Ace built for this CM before CM start in Grand Concert scenario,Grass Wonder,End Closer,Debuffer,Eishin Flash (Valentine),End Closer,Debuffer,4 Attempts - 20 Races total,14,Go to Submit page,,,,,,,,,,,,,,,Re-use Day 3 - Team Comp 1 as Day 4 - Team Comp 1,A Group,,,,,,,,,,4 Attempts - 20 Races total,16,Go to Submit page,,,,,,,,,,,,,,,A Finals,15030,Re-use Day 4 - Team Comp 1 as Finals Team Comp,,,,,,,,,,https://drive.google.com/open?id=1dUyTeSjgVSS6IgomniDnql0K7eltn5Hd,2nd,No (goes to Submit page),,,,,,,,,,,,,,,,,,,,
9/25/2026 8:33:28,TOXINA,Graded (No Uma Restrictions),Get into A finals,I accept these terms,Finals,Windows,$101-500,2400,21-30 (roughly 3-4 per day),11-20 (roughly 2-3 per day),Discord - MooMooCord - https://discord.com/invite/moomoocows,4,,Rice Shower (Halloween),Pace Chaser,Ace built for this CM before CM start in Grand Concert scenario,3,,,,2,1,,Silence Suzuka,Runaway,Blocker/Overtake target/Throwaway/Niche role,1,1,1,1,1,1,1,Grass Wonder,End Closer,Debuffer,,,,,4,1,,4 Attempts - 20 Races total,19,Go to Submit page,,,,,,,,,,,,,,Re-use Day 1 - Team Comp 1 as Day 2 - Team Comp 1,,,,,,,,,,4 Attempts - 20 Races total,16,Go to Submit page,,,,,,,,,,,,,,,Re-use Day 2 - Team Comp 1 as Day 3 - Team Comp 1,A Group,,,,,,,,,,4 Attempts - 20 Races total,15,Go to Submit page,,,,,,,,,,,,,,,Re-use Day 3 - Team Comp 1 as Day 4 - Team Comp 1,A Group,,,,,,,,,,4 Attempts - 20 Races total,15,Go to Submit page,,,,,,,,,,,,,,,A Finals,10675,Re-use Day 4 - Team Comp 1 as Finals Team Comp,,,,,,,,,,https://drive.google.com/open?id=1gLezAjBh0pUOWiyR3v9xAPZbAadgEFn1,1st,,,,,,,,,,,Yes,"when the track is perfect for your oshi, its her time to shine bright",,,https://drive.google.com/open?id=1SmV2CotA0X6317WciCrBsS5KaJvXfQyq,1,7,5,,,https://drive.google.com/open?id=1DUtNMnxHB0h54RLbQPts_Rb0iWr0ayf-
9/25/2026 9:54:12,DenZX,Graded (No Uma Restrictions),Collect participation rewards,I accept these terms,Finals,Android - phone or tablet,$101-500,1607,6-10 (roughly 1 per day),11-20 (roughly 2-3 per day),Discord - MooMooCord - https://discord.com/invite/moomoocows,5,,Oguri Cap (Christmas),Pace Chaser,Ace built for this CM before CM start in Grand Concert scenario,3,0,0,0,2,1,0,Nice Nature,Late Surger,Debuffer,1,0,0,0,5,0,0,Grass Wonder,Late Surger,Debuffer,1,0,0,1,4,0,0,4 Attempts - 20 Races total,18,Go to Submit page,,,,,,,,,,,,,,Re-use Day 1 - Team Comp 1 as Day 2 - Team Comp 1,,,,,,,,,,4 Attempts - 20 Races total,15,Go to Submit page,,,,,,,,,,,,,,,Re-use Day 2 - Team Comp 1 as Day 3 - Team Comp 1,A Group,,,,,,,,,,4 Attempts - 20 Races total,14,Go to Submit page,,,,,,,,,,,,,,,Re-use Day 3 - Team Comp 1 as Day 4 - Team Comp 1,A Group,,,,,,,,,,4 Attempts - 20 Races total,17,Go to Submit page,,,,,,,,,,,,,,,A Finals,13490,Re-use Day 4 - Team Comp 1 as Finals Team Comp,,,,,,,,,,https://drive.google.com/open?id=1Iia7st0LiIbrgm2o2M0zsdldJeEoM836,1st,,,,,,,,,,,No,,https://drive.google.com/open?id=135JoArmcej6_thzOT9jNlxRFeXoEOa-f,https://drive.google.com/open?id=10947sNEh84Mq8Vk61WJyhyQYHSh0nMvF,,0,15,3,0,0,https://drive.google.com/open?id=1Lgog3lHWmF-VaXhokuVL-RurxEgCwqvi
9/25/2026 21:37:52,Rin,Graded (No Uma Restrictions),Win A finals,I accept these terms,Finals,Android - phone or tablet,$501-1000,1649,11-20 (roughly 2-3 per day),11-20 (roughly 2-3 per day),Discord - MooMooCord - https://discord.com/invite/moomoocows,5,,Oguri Cap (Christmas),End Closer,Ace built for this CM before CM start in Grand Concert scenario,3,0,0,0,2,1,0,Eishin Flash (Valentine),Late Surger,Debuffer,3,1,0,0,1,1,0,Grass Wonder,Late Surger,Debuffer,2,1,0,0,2,1,0,4 Attempts - 20 Races total,10,Go to Submit page,,,,,,,,,,,,,,Re-use Day 1 - Team Comp 1 as Day 2 - Team Comp 1,,,,,,,,,,4 Attempts - 20 Races total,11,Go to Submit page,,,,,,,,,,,,,,,Re-use Day 2 - Team Comp 1 as Day 3 - Team Comp 1,A Group,,,,,,,,,,4 Attempts - 20 Races total,14,Go to Submit page,,,,,,,,,,,,,,,Re-use Day 3 - Team Comp 1 as Day 4 - Team Comp 1,A Group,,,,,,,,,,4 Attempts - 20 Races total,9,Go to Submit page,,,,,,,,,,,,,,,A Finals,9044,Re-use Day 4 - Team Comp 1 as Finals Team Comp,,,,,,,,,,https://drive.google.com/open?id=1OXZNe8-mt9jsWnhBzhz3vVpkvGwDhHYb,1st,,,,,,,,,,,Yes,Oguri? Oguri!,https://drive.google.com/open?id=1kRUPdt6BkoKzkUWXH7Y2B2iSDLtp86OY,https://drive.google.com/open?id=1-P2FbW9V5a2Tf8-mv9ibbvbcDP28qjDf,,0,11,2,0,0,https://drive.google.com/open?id=1no6oIsdaQSWJ0v63BAabLUbjouqnnSSN
9/25/2026 9:14:34,Prearo,Graded (No Uma Restrictions),Win A finals,I accept these terms,Finals,Windows,$501-1000,1943,,,,,,Seiun Sky,Front Runner,Ace built for this CM before CM start in Grand Concert scenario,2,1,,,2,1,0,Mihono Bourbon (Valentine),Front Runner,Ace built for this CM before CM start in Grand Concert scenario,2,1,2,,2,1,0,Grass Wonder,Late Surger,Debuffer,1,1,0,1,3,0,0,4 Attempts - 20 Races total,19,Go to Submit page,,,,,,,,,,,,,,Re-use Day 1 - Team Comp 1 as Day 2 - Team Comp 1,,,,,,,,,,4 Attempts - 20 Races total,13,Go to Submit page,,,,,,,,,,,,,,,Re-use Day 2 - Team Comp 1 as Day 3 - Team Comp 1,A Group,,,,,,,,,,4 Attempts - 20 Races total,11,Go to Submit page,,,,,,,,,,,,,,,Re-use Day 3 - Team Comp 1 as Day 4 - Team Comp 1,A Group,,,,,,,,,,4 Attempts - 20 Races total,14,Go to Submit page,,,,,,,,,,,,,,,A Finals,13177,Re-use Day 4 - Team Comp 1 as Finals Team Comp,,,,,,,,,,https://drive.google.com/open?id=12Q1ESNDbxmT_qpoZLfd7N3_i5Gw1J65O,1st,,,,,,,,,,,No,,,,,0,10,2,3,0,
9/25/2026 9:19:44,Chrno,Graded (No Uma Restrictions),Win A finals,I accept these terms,Finals,"Android - phone or tablet, Windows",$0,1645,21-30 (roughly 3-4 per day),6-10 (roughly 1 per day),"Discord - MooMooCord - https://discord.com/invite/moomoocows, YouTube - MooMooCows - https://www.youtube.com/@MooMooCows",5,,Oguri Cap (Christmas),Late Surger,Ace built for this CM before CM start in Grand Concert scenario,2,1,0,0,2,1,0,Nice Nature,Late Surger,Debuffer,1,0,1,0,3,1,0,Agnes Tachyon,End Closer,Debuffer,1,0,1,0,3,1,0,4 Attempts - 20 Races total,15,Go to Submit page,,,,,,,,,,,,,,Re-use Day 1 - Team Comp 1 as Day 2 - Team Comp 1,,,,,,,,,,4 Attempts - 20 Races total,17,Go to Submit page,,,,,,,,,,,,,,,Re-use Day 2 - Team Comp 1 as Day 3 - Team Comp 1,A Group,,,,,,,,,,4 Attempts - 20 Races total,10,Go to Submit page,,,,,,,,,,,,,,,Add a new Team Comp as Day 4 - Team Comp 1,A Group,Oguri Cap (Christmas),Late Surger,Ace built for this CM before CM start in Grand Concert scenario,Agnes Tachyon,Late Surger,Debuffer,Grass Wonder,Late Surger,Debuffer,4 Attempts - 20 Races total,11,Go to Submit page,,,,,,,,,,,,,,,A Finals,14046,Re-use Day 4 - Team Comp 1 as Finals Team Comp,,,,,,,,,,https://drive.google.com/open?id=18RDcoqO9KUjsY_PeB9CWY_YDfwOX5-Yh,2nd,Yes,https://drive.google.com/open?id=1drlzpdgpXzWF0W1drifloCeY3qkC3KJ9,https://drive.google.com/open?id=1pgIxgNQ_jvgHxY9OIHhe7LStteH6njtV,,,,,,,https://drive.google.com/open?id=1vRaO_GH4EaczibYxiRTJ5AV9Zb2uc7ww,,,,,,,,,,,
9/22/2026 10:41:30,Ojom,Graded (No Uma Restrictions),Get into A finals,I accept these terms,Day 3,,$1-100,,21-30 (roughly 3-4 per day),,"Friend sent me the link, Discord - MooMooCord - https://discord.com/invite/moomoocows",5,,Oguri Cap (Christmas),Pace Chaser,Ace built for this CM before CM start in Grand Concert scenario,2,1,,,2,1,,Super Creek (Halloween),Late Surger,Debuffer,1,,,,4,1,,Nice Nature,Late Surger,Debuffer,2,,,,3,1,,4 Attempts - 20 Races total,14,Go to Submit page,,,,,,,,,,,,,,Re-use Day 1 - Team Comp 1 as Day 2 - Team Comp 1,,,,,,,,,,4 Attempts - 20 Races total,16,Go to Submit page,,,,,,,,,,,,,,,Add new Team Comp as Day 3 - Team Comp 1,A Group,Oguri Cap (Christmas),Pace Chaser,Mid-CM Ace build in Grand Concert scenario,Grass Wonder,Late Surger,Debuffer,Silence Suzuka,Runaway,Blocker/Overtake target/Throwaway/Niche role,2 Attempts - 10 Races total,6,Day 3 - Add 2nd Team,Add new Team Comp as Day 3 - Team Comp 2,Tamamo Cross (Festival),Pace Chaser,Mid-CM Ace build in Grand Concert scenario,Grass Wonder,Late Surger,Debuffer,Silence Suzuka,Runaway,Blocker/Overtake target/Throwaway/Niche role,2 Attempts - 10 Races total,2,2 teams,Go to Submit page,,,,,,,,,,,,,,,,,,,,,,,,,,,,,,,,,,,,,,,,,,,,,,,,,,,,,,,,,,,,,,,
9/25/2026 7:40:03,wife＠ライスシャワー脚香香,Graded (No Uma Restrictions),Win A finals,I accept these terms,Finals,"Android - phone or tablet, Windows",$1-100,1914,46+ (more than 6 per day),6-10 (roughly 1 per day),Discord - MooMooCord - https://discord.com/invite/moomoocows,5,,Rice Shower (Halloween),Pace Chaser,Ace built for this CM before CM start in Grand Concert scenario,3,0,0,0,2,1,0,Silence Suzuka,Runaway,Debuffer,2,,,,3,1,,Eishin Flash (Valentine),End Closer,Debuffer,2,,,,3,1,,4 Attempts - 20 Races total,19,Go to Submit page,,,,,,,,,,,,,,Re-use Day 1 - Team Comp 1 as Day 2 - Team Comp 1,,,,,,,,,,4 Attempts - 20 Races total,16,Go to Submit page,,,,,,,,,,,,,,,Re-use Day 2 - Team Comp 1 as Day 3 - Team Comp 1,A Group,,,,,,,,,,4 Attempts - 20 Races total,19,Go to Submit page,,,,,,,,,,,,,,,Re-use Day 3 - Team Comp 1 as Day 4 - Team Comp 1,A Group,,,,,,,,,,4 Attempts - 20 Races total,14,Go to Submit page,,,,,,,,,,,,,,,A Finals,9871,Re-use Day 4 - Team Comp 1 as Finals Team Comp,,,,,,,,,,https://drive.google.com/open?id=1Nxu7zs4ZhVSjnhznL3nH6Frk45aO-bBX,1st,,,,,,,,,,,Yes,Xoguri slayer,https://drive.google.com/open?id=1Sp4Ko25_Isw3maX4mHpaRwcvA1g3rR--,https://drive.google.com/open?id=11NOoQB8aWJr6BeYg6EdxNNFom6xVQfrA,,0,12,2,0,0,https://drive.google.com/open?id=1IB5RTyfo3yTT_T0lhjrSVJKu9ulWAWU7
9/25/2026 21:08:21,Kareka,Graded (No Uma Restrictions),Collect participation rewards,I accept these terms,Finals,,$501-1000,854,11-20 (roughly 2-3 per day),6-10 (roughly 1 per day),Discord - MooMooCord - https://discord.com/invite/moomoocows,5,,Fine Motion,Pace Chaser,Ace built for this CM before CM start in Grand Concert scenario,2,1,0,0,2,1,0,Symboli Rudolf (Festival),Pace Chaser,Ace built for this CM before CM start in Grand Concert scenario,2,1,0,0,2,1,0,Oguri Cap (Christmas),End Closer,Ace built for this CM before CM start in Grand Concert scenario,2,1,0,0,2,1,0,4 Attempts - 20 Races total,11,Go to Submit page,,,,,,,,,,,,,,Re-use Day 1 - Team Comp 1 as Day 2 - Team Comp 1,,,,,,,,,,4 Attempts - 20 Races total,11,Go to Submit page,,,,,,,,,,,,,,,Re-use Day 2 - Team Comp 1 as Day 3 - Team Comp 1,A Group,,,,,,,,,,4 Attempts - 20 Races total,7,Day 4,,,,,,,,,,,,,,,Re-use Day 3 - Team Comp 1 as Day 4 - Team Comp 1,A Group,,,,,,,,,,4 Attempts - 20 Races total,6,Go to Submit page,,,,,,,,,,,,,,,A Finals,8796,Re-use Day 4 - Team Comp 1 as Finals Team Comp,,,,,,,,,,https://drive.google.com/open?id=1TIRogIqDYa5z5e6HJ7sPGNA_3vhVu6FP,2nd,No (goes to Submit page),,,,,,,,,,,,,,,,,,,,
9/25/2026 8:29:37,Iota,Graded (No Uma Restrictions),Win A finals,I accept these terms,Finals,"iOS - phone or tablet, Windows",$101-500,976,6-10 (roughly 1 per day),0-5 (less than 1 per day),Discord - MooMooCord - https://discord.com/invite/moomoocows,5,,Meisho Doto (Halloween),Pace Chaser,Ace built for this CM before CM start in Grand Concert scenario,3,0,0,0,2,1,0,Symboli Rudolf (Festival),Pace Chaser,Ace built for this CM before CM start in Grand Concert scenario,3,0,1,0,1,1,0,Oguri Cap (Christmas),End Closer,Ace built for this CM before CM start in Grand Concert scenario,3,0,0,0,2,1,0,2 Attempts - 10 Races total,6,Go to Submit page,,,,,,,,,,,,,,Re-use Day 1 - Team Comp 1 as Day 2 - Team Comp 1,,,,,,,,,,4 Attempts - 20 Races total,13,Go to Submit page,,,,,,,,,,,,,,,Re-use Day 2 - Team Comp 1 as Day 3 - Team Comp 1,A Group,,,,,,,,,,4 Attempts - 20 Races total,11,Go to Submit page,,,,,,,,,,,,,,,Re-use Day 3 - Team Comp 1 as Day 4 - Team Comp 1,A Group,,,,,,,,,,4 Attempts - 20 Races total,9,Go to Submit page,,,,,,,,,,,,,,,A Finals,10933,Re-use Day 4 - Team Comp 1 as Finals Team Comp,,,,,,,,,,https://drive.google.com/open?id=1tNO6N74h1RJewxW31GnmlJCgSIjKeD-Q,3rd,No (goes to Submit page),,,,,,,,,,,,,,,,,,,,
9/25/2026 9:07:51,Kai,Graded (No Uma Restrictions),Win A finals,I accept these terms,Finals,"iOS - phone or tablet, Windows",$101-500,1718,11-20 (roughly 2-3 per day),11-20 (roughly 2-3 per day),"Discord - MooMooCord - https://discord.com/invite/moomoocows, YouTube - MooMooCows - https://www.youtube.com/@MooMooCows",5,,Oguri Cap (Christmas),Pace Chaser,Ace built for this CM before CM start in Grand Concert scenario,3,0,0,0,2,1,0,Mayano Top Gun,End Closer,Ace built for this CM before CM start in Grand Concert scenario,3,0,0,0,2,1,0,Gold Ship,End Closer,Ace built for this CM before CM start in Grand Concert scenario,3,0,0,0,2,1,0,4 Attempts - 20 Races total,16,Go to Submit page,,,,,,,,,,,,,,Re-use Day 1 - Team Comp 1 as Day 2 - Team Comp 1,,,,,,,,,,4 Attempts - 20 Races total,14,Go to Submit page,,,,,,,,,,,,,,,Re-use Day 2 - Team Comp 1 as Day 3 - Team Comp 1,A Group,,,,,,,,,,4 Attempts - 20 Races total,13,Go to Submit page,,,,,,,,,,,,,,,Re-use Day 3 - Team Comp 1 as Day 4 - Team Comp 1,A Group,,,,,,,,,,4 Attempts - 20 Races total,14,Go to Submit page,,,,,,,,,,,,,,,A Finals,12463,Re-use Day 4 - Team Comp 1 as Finals Team Comp,,,,,,,,,,,2nd,No (goes to Submit page),,,,,,,,,,,,,,,,,,,,
9/25/2026 22:45:33,armedpandabear,Graded (No Uma Restrictions),Get into A finals,I accept these terms,Finals,"Android - phone or tablet, Windows, SteamOS - Steam Deck",$1-100,1250,31-45 (roughly 5-6 per day),11-20 (roughly 2-3 per day),Discord - MooMooCord - https://discord.com/invite/moomoocows,,,Oguri Cap (Christmas),Pace Chaser,Ace built for this CM before CM start in Grand Concert scenario,2,,1,,2,1,,Grass Wonder,Late Surger,Debuffer,2,,,,3,1,,Agnes Tachyon,Late Surger,Debuffer,2,,,,3,1,,4 Attempts - 20 Races total,14,Go to Submit page,,,,,,,,,,,,,,Re-use Day 1 - Team Comp 1 as Day 2 - Team Comp 1,,,,,,,,,,4 Attempts - 20 Races total,16,Go to Submit page,,,,,,,,,,,,,,,Re-use Day 2 - Team Comp 1 as Day 3 - Team Comp 1,A Group,,,,,,,,,,4 Attempts - 20 Races total,14,Go to Submit page,,,,,,,,,,,,,,,Re-use Day 3 - Team Comp 1 as Day 4 - Team Comp 1,A Group,,,,,,,,,,4 Attempts - 20 Races total,11,Go to Submit page,,,,,,,,,,,,,,,A Finals,10259,Re-use Day 4 - Team Comp 1 as Finals Team Comp,,,,,,,,,,,3rd,No (goes to Submit page),,,,,,,,,,,,,,,,,,,,
9/25/2026 5:46:01,Robert,Graded (No Uma Restrictions),Rather not say,I accept these terms,Finals,Windows,$0,1800,31-45 (roughly 5-6 per day),0-5 (less than 1 per day),Discord - MooMooCord - https://discord.com/invite/moomoocows,,,Tosen Jordan,Pace Chaser,Ace built for this CM before CM start in Grand Concert scenario,3,0,0,0,2,1,0,Silence Suzuka,Runaway,Blocker/Overtake target/Throwaway/Niche role,2,1,0,0,2,1,0,Grass Wonder,Late Surger,Debuffer,3,0,0,0,2,1,0,4 Attempts - 20 Races total,17,Go to Submit page,,,,,,,,,,,,,,Re-use Day 1 - Team Comp 1 as Day 2 - Team Comp 1,,,,,,,,,,4 Attempts - 20 Races total,11,Go to Submit page,,,,,,,,,,,,,,,Re-use Day 2 - Team Comp 1 as Day 3 - Team Comp 1,A Group,,,,,,,,,,4 Attempts - 20 Races total,9,Go to Submit page,,,,,,,,,,,,,,,Re-use Day 3 - Team Comp 1 as Day 4 - Team Comp 1,A Group,,,,,,,,,,4 Attempts - 20 Races total,11,Go to Submit page,,,,,,,,,,,,,,,A Finals,11449,Re-use Day 4 - Team Comp 1 as Finals Team Comp,,,,,,,,,,https://drive.google.com/open?id=1VnclKQoCKC120oMiM1joyg3uEguK3ft5,1st,,,,,,,,,,,Yes,"All day, all night umapyoi reward for Jordan",https://drive.google.com/open?id=1KspL_I2gVGmD4JUSgH-P65957CyM6Pfl,https://drive.google.com/open?id=1MWVDnuo90zqftHJWuF7BUTq-pvX-zpgE,,0,16,0,0,0,https://drive.google.com/open?id=1mcIk5YylikBIxUcz2hb9tmZJ1zTKHZkw
9/25/2026 8:23:43,Herodotus,Graded (No Uma Restrictions),Win A finals,I accept these terms,Finals,Android - phone or tablet,$101-500,2200,21-30 (roughly 3-4 per day),6-10 (roughly 1 per day),Discord - MooMooCord - https://discord.com/invite/moomoocows,,,Manhattan Cafe,Late Surger,Ace built for this CM before CM start in Grand Concert scenario,3,0,0,0,2,1,0,Super Creek (Halloween),End Closer,Debuffer,0,1,2,0,2,1,0,Nice Nature,End Closer,Debuffer,0,1,2,0,2,1,0,4 Attempts - 20 Races total,15,Go to Submit page,,,,,,,,,,,,,,Re-use Day 1 - Team Comp 1 as Day 2 - Team Comp 1,,,,,,,,,,4 Attempts - 20 Races total,15,Go to Submit page,,,,,,,,,,,,,,,Re-use Day 2 - Team Comp 1 as Day 3 - Team Comp 1,A Group,,,,,,,,,,4 Attempts - 20 Races total,7,Go to Submit page,,,,,,,,,,,,,,,Re-use Day 3 - Team Comp 1 as Day 4 - Team Comp 1,A Group,,,,,,,,,,4 Attempts - 20 Races total,10,Go to Submit page,,,,,,,,,,,,,,,A Finals,9792,Add new Team Comp as Finals Team Comp,Manhattan Cafe,Late Surger,Ace built for this CM before CM start in Grand Concert scenario,Super Creek (Halloween),Pace Chaser,Debuffer,Nice Nature,Pace Chaser,Debuffer,https://drive.google.com/open?id=1GZ6gGXEjZihMJTkl7vtmZxZDHaxLs6q-,1st,,,,,,,,,,,Yes,"To Cafe or not to Cafe, there is no question",https://drive.google.com/open?id=16s6wZSuSZQN4hiRA_aDfehd7kocNK6Y5,https://drive.google.com/open?id=1VEnRxYqyd1GPxQYTtc3zast9EkWk_6bV,,,13,,,3,https://drive.google.com/open?id=1frfF3ds7ouUPXzt_8SU9YBVlvJ9NPrf0
9/23/2026 10:40:23,SammySlug,Graded (No Uma Restrictions),Win A finals,I accept these terms,Day 3,"iOS - phone or tablet, Windows",$101-500,821,11-20 (roughly 2-3 per day),0-5 (less than 1 per day),Discord - MooMooCord - https://discord.com/invite/moomoocows,5,,Mayano Top Gun (Wedding),End Closer,Hybrid built for Virgo 2,3,,,,2,1,,Tamamo Cross (Festival),Pace Chaser,Ace built for this CM before CM start in Grand Concert scenario,3,,,,2,1,,Grass Wonder,End Closer,Debuffer,1,,,,4,1,,4 Attempts - 20 Races total,16,Go to Submit page,,,,,,,,,,,,,,Re-use Day 1 - Team Comp 1 as Day 2 - Team Comp 1,,,,,,,,,,4 Attempts - 20 Races total,16,Go to Submit page,,,,,,,,,,,,,,,Re-use Day 2 - Team Comp 1 as Day 3 - Team Comp 1,A Group,,,,,,,,,,4 Attempts - 20 Races total,8,Day 4,,,,,,,,,,,,,,,Re-use Day 3 - Team Comp 1 as Day 4 - Team Comp 1,A Group,,,,,,,,,,4 Attempts - 20 Races total,14,Go to Submit page,,,,,,,,,,,,,,,,,,,,,,,,,,,,,,,,,,,,,,,,,,,,,,,,,
9/25/2026 6:16:19,Mao,Graded (No Uma Restrictions),Win A finals,I accept these terms,Finals,Windows,Rather not say,2634,46+ (more than 6 per day),21-30 (roughly 3-4 per day),,,,Daiwa Scarlet,Pace Chaser,Ace built for this CM before CM start in Grand Concert scenario,2,1,0,0,2,1,0,Nice Nature,End Closer,Debuffer,,,,,,,,Mayano Top Gun (Wedding),End Closer,Debuffer,,,,,,,,4 Attempts - 20 Races total,16,Go to Submit page,,,,,,,,,,,,,,Re-use Day 1 - Team Comp 1 as Day 2 - Team Comp 1,,,,,,,,,,4 Attempts - 20 Races total,17,Go to Submit page,,,,,,,,,,,,,,,Re-use Day 2 - Team Comp 1 as Day 3 - Team Comp 1,A Group,,,,,,,,,,4 Attempts - 20 Races total,14,Go to Submit page,,,,,,,,,,,,,,,Re-use Day 3 - Team Comp 1 as Day 4 - Team Comp 1,A Group,,,,,,,,,,4 Attempts - 20 Races total,14,Go to Submit page,,,,,,,,,,,,,,,A Finals,10371,Re-use Day 4 - Team Comp 1 as Finals Team Comp,,,,,,,,,,https://drive.google.com/open?id=19pVpBwFyCNSlE9zX2PToTUXU23OJqnuy,1st,,,,,,,,,,,Yes,750 Stam and a dream,https://drive.google.com/open?id=1aawJ3h9vkz2KlAgjt6b7xgWwe9QEJU4Z,https://drive.google.com/open?id=1BXHB0H18QmRGTKKew1sGHc4hmnYatrD3,,2,4,3,1,2,https://drive.google.com/open?id=1U6cD8h893hcafHcDigzws6_FFld2wXlo
9/23/2026 9:51:28,Veronius,Graded (No Uma Restrictions),Get into A finals,I accept these terms,Day 4,Windows,$101-500,2542,11-20 (roughly 2-3 per day),21-30 (roughly 3-4 per day),Discord - MooMooCord - https://discord.com/invite/moomoocows,,,Mejiro McQueen,Pace Chaser,Ace built for this CM before CM start in Grand Concert scenario,3,0,0,0,2,1,0,Mejiro Dober (Camping),Late Surger,Ace built for this CM before CM start in Grand Concert scenario,3,0,0,0,2,1,0,Mejiro Bright,Late Surger,Ace built for this CM before CM start in Grand Concert scenario,3,0,0,0,2,1,0,4 Attempts - 20 Races total,12,Go to Submit page,,,,,,,,,,,,,,Re-use Day 1 - Team Comp 1 as Day 2 - Team Comp 1,,,,,,,,,,4 Attempts - 20 Races total,14,Go to Submit page,,,,,,,,,,,,,,,Re-use Day 2 - Team Comp 1 as Day 3 - Team Comp 1,A Group,,,,,,,,,,4 Attempts - 20 Races total,8,Go to Submit page,,,,,,,,,,,,,,,Re-use Day 3 - Team Comp 1 as Day 4 - Team Comp 1,A Group,,,,,,,,,,4 Attempts - 20 Races total,7,Go to Submit page,,,,,,,,,,,,,,,,,,,,,,,,,,,,,,,,,,,,,,,,,,,,,,,,,
9/20/2026 11:44:34,Stopine,Graded (No Uma Restrictions),Win A finals,I accept these terms,Day 1,"Android - phone or tablet, Windows",$1-100,1591,,,,,,Rice Shower (Halloween),Pace Chaser,Ace built for this CM before CM start in Grand Concert scenario,3,,,,2,1,,Silence Suzuka,Runaway,Blocker/Overtake target/Throwaway/Niche role,1,,,1,3,1,,Grass Wonder,Late Surger,Debuffer,1,,,,4,1,,4 Attempts - 20 Races total,18,Go to Submit page,,,,,,,,,,,,,,,,,,,,,,,,,,,,,,,,,,,,,,,,,,,,,,,,,,,,,,,,,,,,,,,,,,,,,,,,,,,,,,,,,,,,,,,,,,,,,,,,,,,,,,,,,,,,,,,,,,,,,,,,,,,,,,,,,,,
9/25/2026 11:01:25,Sirrah,Graded (No Uma Restrictions),Get into A finals,I accept these terms,Finals,Windows,$1-100,1188,11-20 (roughly 2-3 per day),6-10 (roughly 1 per day),Discord - MooMooCord - https://discord.com/invite/moomoocows,,,Meisho Doto (Halloween),Pace Chaser,Ace built for this CM before CM start in Grand Concert scenario,3,0,0,0,2,1,0,Agnes Tachyon,Late Surger,Debuffer,2,0,0,0,4,0,0,Grass Wonder,Late Surger,Debuffer,1,0,0,0,5,0,0,4 Attempts - 20 Races total,9,Go to Submit page,,,,,,,,,,,,,,Re-use Day 1 - Team Comp 1 as Day 2 - Team Comp 1,,,,,,,,,,4 Attempts - 20 Races total,10,Go to Submit page,,,,,,,,,,,,,,,Re-use Day 2 - Team Comp 1 as Day 3 - Team Comp 1,A Group,,,,,,,,,,4 Attempts - 20 Races total,8,Go to Submit page,,,,,,,,,,,,,,,Re-use Day 3 - Team Comp 1 as Day 4 - Team Comp 1,A Group,,,,,,,,,,4 Attempts - 20 Races total,5,Go to Submit page,,,,,,,,,,,,,,,A Finals,10946,Re-use Day 4 - Team Comp 1 as Finals Team Comp,,,,,,,,,,https://drive.google.com/open?id=1D_DHaOPcIhhK_Duu5sePRuyfZvlqrUvA,3rd,No (goes to Submit page),,,,,,,,,,,,,,,,,,,,
9/22/2026 12:19:57,JONAZGAMING,Graded (No Uma Restrictions),Win A finals,I accept these terms,Day 3,Windows,$101-500,2000,46+ (more than 6 per day),6-10 (roughly 1 per day),Discord - MooMooCord - https://discord.com/invite/moomoocows,5,,Seiun Sky,Front Runner,Ace built for this CM before CM start in Grand Concert scenario,3,,,,2,1,,Mihono Bourbon (Valentine),Front Runner,Ace built for this CM before CM start in Grand Concert scenario,3,,,,,1,,Nice Nature,Late Surger,Debuffer,1,1,,,4,,,4 Attempts - 20 Races total,17,Go to Submit page,,,,,,,,,,,,,,Re-use Day 1 - Team Comp 1 as Day 2 - Team Comp 1,,,,,,,,,,4 Attempts - 20 Races total,12,Go to Submit page,,,,,,,,,,,,,,,Add new Team Comp as Day 3 - Team Comp 1,A Group,Seiun Sky,Front Runner,Ace built for this CM before CM start in Grand Concert scenario,Grass Wonder,Late Surger,Debuffer,Symboli Rudolf,Front Runner,Debuffer,4 Attempts - 20 Races total,8,Go to Submit page,,,,,,,,,,,,,,,,,,,,,,,,,,,,,,,,,,,,,,,,,,,,,,,,,,,,,,,,,,,,,,,,,,,,,,,,,,,,,
9/25/2026 5:44:24,fluttering_sunspot,Graded (No Uma Restrictions),Win A finals,I accept these terms,Finals,iOS - phone or tablet,$0,2154,46+ (more than 6 per day),0-5 (less than 1 per day),,,,Seiun Sky,Front Runner,Ace built for this CM before CM start in Grand Concert scenario,2,1,0,0,2,1,0,Nice Nature,Late Surger,Debuffer,,,,,,,,Grass Wonder,End Closer,Debuffer,,,,,,,,1 Attempt - 5 Races total,3,Day 1 - Add 2nd Team,Seiun Sky,Front Runner,Ace built for this CM before CM start in Grand Concert scenario,Nice Nature,Late Surger,Debuffer,Grass Wonder,End Closer,Debuffer,3 Attempts - 15 Races total,15,2 teams,Go to Submit page,Re-use Day 1 - Team Comp 2 as Day 2 - Team Comp 1,,,,,,,,,,4 Attempts - 20 Races total,17,Day 3,,,,,,,,,,,,,,,Re-use Day 2 - Team Comp 1 as Day 3 - Team Comp 1,A Group,,,,,,,,,,4 Attempts - 20 Races total,20,Go to Submit page,,,,,,,,,,,,,,,Re-use Day 3 - Team Comp 1 as Day 4 - Team Comp 1,A Group,,,,,,,,,,4 Attempts - 20 Races total,13,Go to Submit page,,,,,,,,,,,,,,,A Finals,16550,Re-use Day 4 - Team Comp 1 as Finals Team Comp,,,,,,,,,,https://drive.google.com/open?id=15uKJHjsYnW0E8z7tQPTDfX_oUAXmMdnJ,3rd,Yes,https://drive.google.com/open?id=1oMJmDfeaMWrD9e1Wo5ZpLTZnPoEwwHRT,https://drive.google.com/open?id=13lIJzGAqX5iF9PDxz0JYOHEPxsm6FwLR,,5,3,8,0,0,https://drive.google.com/open?id=1o43tsJo_A6i4E5DvVkB0Xwaom-Hhopq9,,,,,,,,,,,
9/25/2026 6:16:36,Lefebvre,Graded (No Uma Restrictions),Get into A finals,I accept these terms,Finals,Windows,$1-100,1050,21-30 (roughly 3-4 per day),6-10 (roughly 1 per day),Discord - MooMooCord - https://discord.com/invite/moomoocows,,,Air Groove,Late Surger,Ace built for this CM before CM start in Grand Concert scenario,2,1,0,0,2,1,0,Grass Wonder,Late Surger,Debuffer,,,,,,,,Symboli Rudolf,Late Surger,Debuffer,,,,,,,,3 Attempts - 15 Races total,9,Go to Submit page,,,,,,,,,,,,,,Re-use Day 1 - Team Comp 1 as Day 2 - Team Comp 1,,,,,,,,,,3 Attempts - 15 Races total,9,Go to Submit page,,,,,,,,,,,,,,,Re-use Day 2 - Team Comp 1 as Day 3 - Team Comp 1,A Group,,,,,,,,,,3 Attempts - 15 Races total,9,Go to Submit page,,,,,,,,,,,,,,,Re-use Day 3 - Team Comp 1 as Day 4 - Team Comp 1,A Group,,,,,,,,,,3 Attempts - 15 Races total,4,Go to Submit page,,,,,,,,,,,,,,,A Finals,13938,Re-use Day 4 - Team Comp 1 as Finals Team Comp,,,,,,,,,,https://drive.google.com/open?id=12_jjk_wBxFvvkGwaYBu6Lp8SA2U97Te7,3rd,Yes,https://drive.google.com/open?id=185Q2XYMeaFrZukt6A6qT-kptdiF6B--M,https://drive.google.com/open?id=12b_UrjHXn0bGXTBrehEElmVAccCsKIah,https://drive.google.com/open?id=1aph9OkirUqd3nHibLwvM9uu1dYpBee7X,2,3,,,,https://drive.google.com/open?id=1Mx0q13srq0I-S7E0sEATXCpqxd-reajr,,,,,,,,,,,
9/20/2026 11:50:41,Cadney,Graded (No Uma Restrictions),Win A finals,I accept these terms,Day 1,iOS - phone or tablet,$101-500,,,,,,,Rice Shower (Halloween),Pace Chaser,Ace built for this CM before CM start in Grand Concert scenario,3,,,,2,1,,Grass Wonder,End Closer,Debuffer,1,,2,,3,,,Nice Nature (Cheerleader),End Closer,Debuffer,1,,2,,3,,,4 Attempts - 20 Races total,18,Go to Submit page,,,,,,,,,,,,,,,,,,,,,,,,,,,,,,,,,,,,,,,,,,,,,,,,,,,,,,,,,,,,,,,,,,,,,,,,,,,,,,,,,,,,,,,,,,,,,,,,,,,,,,,,,,,,,,,,,,,,,,,,,,,,,,,,,,,
9/25/2026 21:52:53,Mallygoes,Graded (No Uma Restrictions),Get into A finals,I accept these terms,Finals,"Android - phone or tablet, Windows",$0,2204,11-20 (roughly 2-3 per day),6-10 (roughly 1 per day),"Discord - MooMooCord - https://discord.com/invite/moomoocows, YouTube - MooMooCows - https://www.youtube.com/@MooMooCows",4,,Oguri Cap (Christmas),Pace Chaser,Ace built for this CM before CM start in Grand Concert scenario,2,0,1,0,2,1,0,Symboli Rudolf,End Closer,Debuffer,1,1,0,0,3,1,0,Grass Wonder,End Closer,Debuffer,1,0,0,0,4,1,0,4 Attempts - 20 Races total,18,Go to Submit page,,,,,,,,,,,,,,Re-use Day 1 - Team Comp 1 as Day 2 - Team Comp 1,,,,,,,,,,4 Attempts - 20 Races total,18,Go to Submit page,,,,,,,,,,,,,,,Re-use Day 2 - Team Comp 1 as Day 3 - Team Comp 1,A Group,,,,,,,,,,4 Attempts - 20 Races total,9,Go to Submit page,,,,,,,,,,,,,,,Re-use Day 3 - Team Comp 1 as Day 4 - Team Comp 1,A Group,,,,,,,,,,4 Attempts - 20 Races total,13,Go to Submit page,,,,,,,,,,,,,,,A Finals,15223,Re-use Day 4 - Team Comp 1 as Finals Team Comp,,,,,,,,,,https://drive.google.com/open?id=1C1sIbzrkLh_vmWwm8MS2v3OwZCRAZHov,2nd,Yes,https://drive.google.com/open?id=1Y9SvEQtdQueJ9Bpa8cN2rVupVZTDHJ-v,https://drive.google.com/open?id=1Y0uGOSFN43r5ZyF6nefULlT_DCSx3fNS,,3,14,,,,https://drive.google.com/open?id=1Fw6xx4KjQxYZ-YdoiWfNEmJr1w0DqzAV,,,,,,,,,,,
9/22/2026 19:42:36,dracoraz,Graded (No Uma Restrictions),Get into A finals,I accept these terms,Day 2,Windows,$1-100,1290,21-30 (roughly 3-4 per day),0-5 (less than 1 per day),"Discord - MooMooCord - https://discord.com/invite/moomoocows, Twitch - MooMooCows - https://www.twitch.tv/moomoomoocows",5,,Oguri Cap (Christmas),Pace Chaser,Ace built for this CM before CM start in Grand Concert scenario,2,,1,,2,1,,Agnes Tachyon,Late Surger,Debuffer,,,,,,,,Symboli Rudolf,Late Surger,Debuffer,,,,,,,,4 Attempts - 20 Races total,11,Go to Submit page,,,,,,,,,,,,,,Re-use Day 1 - Team Comp 1 as Day 2 - Team Comp 1,,,,,,,,,,4 Attempts - 20 Races total,8,Day 3,,,,,,,,,,,,,,,Re-use Day 2 - Team Comp 1 as Day 3 - Team Comp 1,A Group,,,,,,,,,,4 Attempts - 20 Races total,5,Go to Submit page,,,,,,,,,,,,,,,,,,,,,,,,,,,,,,,,,,,,,,,,,,,,,,,,,,,,,,,,,,,,,,,,,,,,,,,,,,,,,
9/23/2026 11:30:45,Rith,Graded (No Uma Restrictions),Get into A finals,I accept these terms,Day 4,"Android - phone or tablet, Windows",$501-1000,,21-30 (roughly 3-4 per day),6-10 (roughly 1 per day),Discord - MooMooCord - https://discord.com/invite/moomoocows,5,,Oguri Cap (Christmas),Pace Chaser,Ace built for this CM before CM start in Grand Concert scenario,,,,,,,,Symboli Rudolf,End Closer,Debuffer,,,,,,,,Grass Wonder,Late Surger,Debuffer,,,,,,,,4 Attempts - 20 Races total,16,Go to Submit page,,,,,,,,,,,,,,Re-use Day 1 - Team Comp 1 as Day 2 - Team Comp 1,,,,,,,,,,4 Attempts - 20 Races total,16,Day 3,,,,,,,,,,,,,,,Re-use Day 2 - Team Comp 1 as Day 3 - Team Comp 1,A Group,,,,,,,,,,4 Attempts - 20 Races total,13,Go to Submit page,,,,,,,,,,,,,,,Re-use Day 3 - Team Comp 1 as Day 4 - Team Comp 1,A Group,,,,,,,,,,4 Attempts - 20 Races total,14,Go to Submit page,,,,,,,,,,,,,,,,,,,,,,,,,,,,,,,,,,,,,,,,,,,,,,,,,
9/25/2026 7:02:42,Lawlypop,Graded (No Uma Restrictions),Win A finals,I accept these terms,Finals,,$101-500,2396,21-30 (roughly 3-4 per day),6-10 (roughly 1 per day),YouTube - MooMooCows - https://www.youtube.com/@MooMooCows,4,,T.M. Opera O (New Year),Pace Chaser,Ace built for this CM before CM start in Grand Concert scenario,3,,,,2,1,,Symboli Rudolf (Festival),Pace Chaser,Ace built for this CM before CM start in Grand Concert scenario,3,,,,2,1,,Oguri Cap (Christmas),End Closer,Ace built for this CM before CM start in Grand Concert scenario,3,,,,2,1,,4 Attempts - 20 Races total,17,Go to Submit page,,,,,,,,,,,,,,Re-use Day 1 - Team Comp 1 as Day 2 - Team Comp 1,,,,,,,,,,4 Attempts - 20 Races total,19,Go to Submit page,,,,,,,,,,,,,,,Re-use Day 2 - Team Comp 1 as Day 3 - Team Comp 1,A Group,,,,,,,,,,4 Attempts - 20 Races total,15,Go to Submit page,,,,,,,,,,,,,,,Re-use Day 3 - Team Comp 1 as Day 4 - Team Comp 1,A Group,,,,,,,,,,4 Attempts - 20 Races total,15,Go to Submit page,,,,,,,,,,,,,,,A Finals,13380,Re-use Day 4 - Team Comp 1 as Finals Team Comp,,,,,,,,,,,2nd,No (goes to Submit page),,,,,,,,,,,,,,,,,,,,
9/25/2026 6:20:09,evo,Graded (No Uma Restrictions),Get into A finals,I accept these terms,Finals,"Android - phone or tablet, Windows",$101-500,,46+ (more than 6 per day),31-45 (roughly 5-6 per day),Discord - MooMooCord - https://discord.com/invite/moomoocows,4,,Sakura Bakushin O,Pace Chaser,Ace built for this CM before CM start in Grand Concert scenario,2,1,0,0,2,1,0,Nakayama Festa,Late Surger,Ace built for this CM before CM start in Grand Concert scenario,2,1,0,0,2,1,0,Nice Nature (Cheerleader),Late Surger,Hybrid (ace + debuffer),1,0,1,0,3,1,0,4 Attempts - 20 Races total,18,Go to Submit page,,,,,,,,,,,,,,Re-use Day 1 - Team Comp 1 as Day 2 - Team Comp 1,,,,,,,,,,4 Attempts - 20 Races total,13,Go to Submit page,,,,,,,,,,,,,,,Re-use Day 2 - Team Comp 1 as Day 3 - Team Comp 1,A Group,,,,,,,,,,4 Attempts - 20 Races total,10,Go to Submit page,,,,,,,,,,,,,,,Re-use Day 3 - Team Comp 1 as Day 4 - Team Comp 1,A Group,,,,,,,,,,4 Attempts - 20 Races total,9,Go to Submit page,,,,,,,,,,,,,,,A Finals,6776,Re-use Day 4 - Team Comp 1 as Finals Team Comp,,,,,,,,,,https://drive.google.com/open?id=107p0mGQjMdYq9zegR4lkkJkkf1LLjbyu,1st,,,,,,,,,,,Yes,"50% of the time, I win 100% of the time",https://drive.google.com/open?id=1dz2GsmZHhA9-gcMdaffMK9NETRcKOEUc,https://drive.google.com/open?id=1aAKUBb2BHKk2CT6xyVuJ0H-mr34LrUYx,,0,11,3,0,0,https://drive.google.com/open?id=1Pvb5CUDNiinJlxkBi4J1w3ELkZx4BaRD
9/25/2026 5:23:06,awdzzz,Graded (No Uma Restrictions),Win A finals,I accept these terms,Finals,Windows,$0,1938,31-45 (roughly 5-6 per day),0-5 (less than 1 per day),"Discord - MooMooCord - https://discord.com/invite/moomoocows, Twitch - MooMooCows - https://www.twitch.tv/moomoomoocows",4,,Oguri Cap (Christmas),Pace Chaser,Ace built for this CM before CM start in Grand Concert scenario,3,1,0,0,1,1,0,Nice Nature,Late Surger,Debuffer,,,,,,,,Grass Wonder,Late Surger,Debuffer,,,,,,,,4 Attempts - 20 Races total,19,Go to Submit page,,,,,,,,,,,,,,Re-use Day 1 - Team Comp 1 as Day 2 - Team Comp 1,,,,,,,,,,4 Attempts - 20 Races total,18,Go to Submit page,,,,,,,,,,,,,,,Re-use Day 2 - Team Comp 1 as Day 3 - Team Comp 1,A Group,,,,,,,,,,4 Attempts - 20 Races total,19,Go to Submit page,,,,,,,,,,,,,,,Re-use Day 3 - Team Comp 1 as Day 4 - Team Comp 1,A Group,,,,,,,,,,4 Attempts - 20 Races total,15,Go to Submit page,,,,,,,,,,,,,,,A Finals,11643,Re-use Day 4 - Team Comp 1 as Finals Team Comp,,,,,,,,,,https://drive.google.com/open?id=1U10xw5NkeKn_0wu4kUUcJx24-jXIEhen,1st,,,,,,,,,,,No,,https://drive.google.com/open?id=1Ttmu1ey9wUMQ64Km9AbAFLvHhlCfgZ3-,https://drive.google.com/open?id=19BXD34Bgz9DFK-eWzUDgNE7FYqE_j38S,,0,0,13,2,0,https://drive.google.com/open?id=1yv10cbHgX3CBXs5aSwqmIx8gSGiQW_5Z
9/25/2026 10:45:19,oaT,Graded (No Uma Restrictions),Get into A finals,I accept these terms,Finals,"Android - phone or tablet, Windows",$101-500,2330,0-5 (less than 1 per day),31-45 (roughly 5-6 per day),"Discord - MooMooCord - https://discord.com/invite/moomoocows, YouTube - MooMooCows - https://www.youtube.com/@MooMooCows",,,Mayano Top Gun,Pace Chaser,Ace built for this CM before CM start in Grand Concert scenario,3,1,0,0,1,1,0,Rice Shower,Pace Chaser,Ace built for this CM before CM start in Grand Concert scenario,3,1,0,0,1,1,0,Meisho Doto (Halloween),Pace Chaser,Ace built for this CM before CM start in Grand Concert scenario,3,0,0,0,2,1,0,4 Attempts - 20 Races total,12,Go to Submit page,,,,,,,,,,,,,,Re-use Day 1 - Team Comp 1 as Day 2 - Team Comp 1,,,,,,,,,,4 Attempts - 20 Races total,12,Go to Submit page,,,,,,,,,,,,,,,Re-use Day 2 - Team Comp 1 as Day 3 - Team Comp 1,A Group,,,,,,,,,,4 Attempts - 20 Races total,8,Go to Submit page,,,,,,,,,,,,,,,Re-use Day 3 - Team Comp 1 as Day 4 - Team Comp 1,A Group,,,,,,,,,,4 Attempts - 20 Races total,15,Go to Submit page,,,,,,,,,,,,,,,A Finals,12199,Re-use Day 4 - Team Comp 1 as Finals Team Comp,,,,,,,,,,https://drive.google.com/open?id=1VLmXVeZkuQbDvODsiHc9xh9774qTUiu0,3rd,Yes,https://drive.google.com/open?id=15Dc-aVVbKP4dXOmH2wpLSDvZ2Q7hIoqF,https://drive.google.com/open?id=18XvmEaXmiibnTIhK0j9DcZNBrEQxXKmP,https://drive.google.com/open?id=1ZAG7mMpEy5zPhnoZkTA6Amt-4QCMTIDa,5,11,0,0,0,https://drive.google.com/open?id=1oXP6v1BU1EYoRaP5wqpuWWtJPeHCkNGe,,,,,,,,,,,
9/23/2026 13:28:49,Reinhart,Graded (No Uma Restrictions),Win A finals,I accept these terms,Day 3,"iOS - phone or tablet, Windows",$101-500,,31-45 (roughly 5-6 per day),0-5 (less than 1 per day),Discord - MooMooCord - https://discord.com/invite/moomoocows,5,,Daiwa Scarlet,Pace Chaser,Ace built for this CM before CM start in Grand Concert scenario,3,,,,2,1,,Admire Vega,End Closer,Ace built for this CM before CM start in Grand Concert scenario,3,,,,2,1,,Nice Nature,Late Surger,Debuffer,,1,1,,4,,,4 Attempts - 20 Races total,14,Go to Submit page,,,,,,,,,,,,,,Re-use Day 1 - Team Comp 1 as Day 2 - Team Comp 1,,,,,,,,,,4 Attempts - 20 Races total,14,Go to Submit page,,,,,,,,,,,,,,,Re-use Day 2 - Team Comp 1 as Day 3 - Team Comp 1,A Group,,,,,,,,,,4 Attempts - 20 Races total,4,Day 4,,,,,,,,,,,,,,,Re-use Day 3 - Team Comp 1 as Day 4 - Team Comp 1,A Group,,,,,,,,,,4 Attempts - 20 Races total,13,Go to Submit page,,,,,,,,,,,,,,,,,,,,,,,,,,,,,,,,,,,,,,,,,,,,,,,,,
9/25/2026 8:37:09,Sac,Graded (No Uma Restrictions),Win A finals,I accept these terms,Finals,Android - phone or tablet,$0,1534,31-45 (roughly 5-6 per day),6-10 (roughly 1 per day),YouTube - MooMooCows - https://www.youtube.com/@MooMooCows,5,,Nice Nature (Cheerleader),Late Surger,Ace built for this CM before CM start in Grand Concert scenario,3,1,0,0,1,1,0,Oguri Cap (Christmas),End Closer,Ace built for this CM before CM start in Grand Concert scenario,3,0,0,0,2,1,0,Grass Wonder,Front Runner,Debuffer,,,,,,,,4 Attempts - 20 Races total,18,Go to Submit page,,,,,,,,,,,,,,Re-use Day 1 - Team Comp 1 as Day 2 - Team Comp 1,,,,,,,,,,4 Attempts - 20 Races total,16,Go to Submit page,,,,,,,,,,,,,,,Re-use Day 2 - Team Comp 1 as Day 3 - Team Comp 1,A Group,,,,,,,,,,4 Attempts - 20 Races total,10,Go to Submit page,,,,,,,,,,,,,,,Re-use Day 3 - Team Comp 1 as Day 4 - Team Comp 1,A Group,,,,,,,,,,4 Attempts - 20 Races total,16,Go to Submit page,,,,,,,,,,,,,,,A Finals,9892,Re-use Day 4 - Team Comp 1 as Finals Team Comp,,,,,,,,,,https://drive.google.com/open?id=1Jcwu6-Msw47CoqKUJkqxANpSWztsuiZg,1st,,,,,,,,,,,No,,,,,0,12,0,0,2,
9/25/2026 12:55:52,Lilia,Graded (No Uma Restrictions),Win A finals,I accept these terms,Finals,"Android - phone or tablet, Windows",$1-100,,21-30 (roughly 3-4 per day),6-10 (roughly 1 per day),Twitch - MooMooCows - https://www.twitch.tv/moomoomoocows,4,,Daiwa Scarlet,Front Runner,Ace built for this CM before CM start in Grand Concert scenario,2,1,0,0,2,1,0,Mihono Bourbon (Valentine),Front Runner,Ace built for this CM before CM start in Grand Concert scenario,2,0,0,0,3,1,0,Eishin Flash (Valentine),End Closer,Debuffer,1,1,,1,2,1,,4 Attempts - 20 Races total,15,Go to Submit page,,,,,,,,,,,,,,Re-use Day 1 - Team Comp 1 as Day 2 - Team Comp 1,,,,,,,,,,4 Attempts - 20 Races total,20,Go to Submit page,,,,,,,,,,,,,,,Re-use Day 2 - Team Comp 1 as Day 3 - Team Comp 1,A Group,,,,,,,,,,4 Attempts - 20 Races total,11,Go to Submit page,,,,,,,,,,,,,,,Re-use Day 3 - Team Comp 1 as Day 4 - Team Comp 1,A Group,,,,,,,,,,4 Attempts - 20 Races total,13,Go to Submit page,,,,,,,,,,,,,,,A Finals,10986,Re-use Day 4 - Team Comp 1 as Finals Team Comp,,,,,,,,,,,2nd,No (goes to Submit page),,,,,,,,,,,,,,,,,,,,
9/25/2026 8:15:57,happyh0rse,Graded (No Uma Restrictions),Get into A finals,I accept these terms,Finals,,$501-1000,1960,6-10 (roughly 1 per day),11-20 (roughly 2-3 per day),,,,Oguri Cap (Christmas),End Closer,Ace built for this CM before CM start in Grand Concert scenario,3,0,0,0,2,1,0,Nice Nature,Late Surger,Debuffer,1,1,1,0,2,1,0,Mayano Top Gun (Wedding),Late Surger,Debuffer,1,1,1,0,2,1,0,4 Attempts - 20 Races total,16,Go to Submit page,,,,,,,,,,,,,,Re-use Day 1 - Team Comp 1 as Day 2 - Team Comp 1,,,,,,,,,,4 Attempts - 20 Races total,17,Go to Submit page,,,,,,,,,,,,,,,Re-use Day 2 - Team Comp 1 as Day 3 - Team Comp 1,A Group,,,,,,,,,,4 Attempts - 20 Races total,15,Go to Submit page,,,,,,,,,,,,,,,Re-use Day 3 - Team Comp 1 as Day 4 - Team Comp 1,A Group,,,,,,,,,,4 Attempts - 20 Races total,16,Go to Submit page,,,,,,,,,,,,,,,A Finals,13431,Re-use Day 4 - Team Comp 1 as Finals Team Comp,,,,,,,,,,,1st,,,,,,,,,,,No,,,,,0,16,0,0,0,
9/25/2026 11:54:17,Nazhaz@MMC,Graded (No Uma Restrictions),Collect participation rewards,I accept these terms,Finals,"iOS - phone or tablet, Windows",$101-500,1912,11-20 (roughly 2-3 per day),21-30 (roughly 3-4 per day),Discord - MooMooCord - https://discord.com/invite/moomoocows,5,,Seiun Sky,Front Runner,Ace built for this CM before CM start in Grand Concert scenario,3,1,0,0,1,1,0,Mihono Bourbon (Valentine),Front Runner,Ace built for this CM before CM start in Grand Concert scenario,3,1,0,0,1,1,0,Grass Wonder,End Closer,Debuffer,,,,,,,,4 Attempts - 20 Races total,12,Go to Submit page,,,,,,,,,,,,,,Re-use Day 1 - Team Comp 1 as Day 2 - Team Comp 1,,,,,,,,,,4 Attempts - 20 Races total,10,Go to Submit page,,,,,,,,,,,,,,,Re-use Day 2 - Team Comp 1 as Day 3 - Team Comp 1,A Group,,,,,,,,,,4 Attempts - 20 Races total,9,Go to Submit page,,,,,,,,,,,,,,,Re-use Day 3 - Team Comp 1 as Day 4 - Team Comp 1,A Group,,,,,,,,,,4 Attempts - 20 Races total,6,Go to Submit page,,,,,,,,,,,,,,,A Finals,10712,Re-use Day 4 - Team Comp 1 as Finals Team Comp,,,,,,,,,,https://drive.google.com/open?id=1ymFxW8AW3BXikmnbNnXYF6pt3K6R4ADy,1st,,,,,,,,,,,No,,,,,,,,,,
9/23/2026 9:51:36,iZallen,Graded (No Uma Restrictions),Get into A finals,I accept these terms,Day 4,,$501-1000,1350,11-20 (roughly 2-3 per day),0-5 (less than 1 per day),,,,Oguri Cap (Christmas),Pace Chaser,Ace built for this CM before CM start in Grand Concert scenario,3,,,,2,0,,Symboli Rudolf,Late Surger,Debuffer,,,,,,,,Grass Wonder,Late Surger,Debuffer,,,,,,,,4 Attempts - 20 Races total,12,Go to Submit page,,,,,,,,,,,,,,Re-use Day 1 - Team Comp 1 as Day 2 - Team Comp 1,,,,,,,,,,4 Attempts - 20 Races total,12,Day 3,,,,,,,,,,,,,,,Re-use Day 2 - Team Comp 1 as Day 3 - Team Comp 1,B Group,,,,,,,,,,4 Attempts - 20 Races total,6,Go to Submit page,,,,,,,,,,,,,,,Re-use Day 3 - Team Comp 1 as Day 4 - Team Comp 1,A Group,,,,,,,,,,4 Attempts - 20 Races total,8,Go to Submit page,,,,,,,,,,,,,,,,,,,,,,,,,,,,,,,,,,,,,,,,,,,,,,,,,
9/25/2026 9:46:57,FonkTheHorse,Graded (No Uma Restrictions),Get into A finals,I accept these terms,Finals,,,2014,46+ (more than 6 per day),,,,,Rice Shower,Pace Chaser,Ace built for this CM before CM start in Grand Concert scenario,,,,,,,,Oguri Cap (Christmas),End Closer,Ace built for this CM before CM start in Grand Concert scenario,,,,,,,,Eishin Flash (Valentine),End Closer,Debuffer,,,,,,,,2 Attempts - 10 Races total,8,Day 1 - Add 2nd Team,Rice Shower,Pace Chaser,Ace built for this CM before CM start in Grand Concert scenario,Mayano Top Gun (Wedding),End Closer,Debuffer,Nice Nature,Late Surger,Debuffer,2 Attempts - 10 Races total,10,2 teams,Go to Submit page,Re-use Day 1 - Team Comp 1 as Day 2 - Team Comp 1,,,,,,,,,,2 Attempts - 10 Races total,9,Day 2 - Add 2nd Team,Re-use Day 1 - Team Comp 2 as Day 2 - Team Comp 2,,,,,,,,,,2 Attempts - 10 Races total,8,2 teams,Go to Submit page,Re-use Day 2 - Team Comp 1 as Day 3 - Team Comp 1,A Group,,,,,,,,,,4 Attempts - 20 Races total,17,Go to Submit page,,,,,,,,,,,,,,,Add a new Team Comp as Day 4 - Team Comp 1,A Group,Rice Shower,Pace Chaser,Ace built for this CM before CM start in Grand Concert scenario,Nice Nature,Late Surger,Debuffer,Mayano Top Gun (Wedding),Late Surger,Debuffer,1 Attempt - 5 Races total,3,Day 4 - Add 2nd team,Add new Team Comp as Day 4 - Team Comp 2,Rice Shower,Pace Chaser,Ace built for this CM before CM start in Grand Concert scenario,Oguri Cap (Christmas),End Closer,Ace built for this CM before CM start in Grand Concert scenario,Eishin Flash (Valentine),End Closer,Debuffer,3 Attempts - 15 Races total,12,2 teams,Go to Submit page,A Finals,15124,Re-use Day 4 - Team Comp 2 as Finals Team Comp,,,,,,,,,,https://drive.google.com/open?id=1rdWEMI0Oy3WhpgsBs8TEbJ1XevdRY-Sj,3rd,No (goes to Submit page),,,,,,,,,,,,,,,,,,,,
9/20/2026 12:14:29,NeoUniMCSR,Graded (No Uma Restrictions),Win A finals,I accept these terms,Day 1,"Android - phone or tablet, Linux",$101-500,,46+ (more than 6 per day),6-10 (roughly 1 per day),Discord - MooMooCord - https://discord.com/invite/moomoocows,5,,Rice Shower (Halloween),Pace Chaser,Ace built for this CM before CM start in Grand Concert scenario,3,,,,2,1,,Silence Suzuka,Runaway,Blocker/Overtake target/Throwaway/Niche role,,,,,6,,,Grass Wonder,End Closer,Debuffer,,,,,,,,4 Attempts - 20 Races total,14,Go to Submit page,,,,,,,,,,,,,,,,,,,,,,,,,,,,,,,,,,,,,,,,,,,,,,,,,,,,,,,,,,,,,,,,,,,,,,,,,,,,,,,,,,,,,,,,,,,,,,,,,,,,,,,,,,,,,,,,,,,,,,,,,,,,,,,,,,,
9/25/2026 6:37:59,Squid Eater,Graded (No Uma Restrictions),Win A finals,I accept these terms,Finals,Android - phone or tablet,$101-500,1500,11-20 (roughly 2-3 per day),11-20 (roughly 2-3 per day),Twitch - MooMooCows - https://www.twitch.tv/moomoomoocows,,,Oguri Cap (Christmas),Pace Chaser,Ace built for this CM before CM start in Grand Concert scenario,3,0,0,0,2,1,0,Winning Ticket (Steampunk),Late Surger,Ace built for this CM before CM start in Grand Concert scenario,3,0,0,0,2,1,0,Gold Ship,End Closer,Ace built for this CM before CM start in Grand Concert scenario,3,0,0,0,2,1,0,4 Attempts - 20 Races total,14,Go to Submit page,,,,,,,,,,,,,,Add new Team Comp as Day 2 - Team Comp 1,Oguri Cap (Christmas),End Closer,Mid-CM Ace build in Grand Concert scenario,Eishin Flash (Valentine),Late Surger,Debuffer,Grass Wonder,Late Surger,Debuffer,4 Attempts - 20 Races total,15,Go to Submit page,,,,,,,,,,,,,,,Re-use Day 2 - Team Comp 2 as Day 3 - Team Comp 1,A Group,,,,,,,,,,4 Attempts - 20 Races total,17,Go to Submit page,,,,,,,,,,,,,,,Re-use Day 3 - Team Comp 1 as Day 4 - Team Comp 1,A Group,,,,,,,,,,4 Attempts - 20 Races total,12,Go to Submit page,,,,,,,,,,,,,,,A Finals,12061,Re-use Day 4 - Team Comp 1 as Finals Team Comp,,,,,,,,,,https://drive.google.com/open?id=1OQEsciC2s_KSjZgE_ZwPg4u48wtLj9tf,1st,,,,,,,,,,,No,,https://drive.google.com/open?id=1Uqq4BVdc5s0Fn1j-q5cqVeGoWGHe5gmK,https://drive.google.com/open?id=1WtOdHfZloI-wy2_1DBA_KKRNggVhcgxn,,3,0,0,0,2,https://drive.google.com/open?id=1QWxazR6S4pw3So_fLf6l6FbcTMJeRCMM
9/25/2026 17:57:21,Dyllyn,Graded (No Uma Restrictions),Get into A finals,I accept these terms,Day 3,Windows,$1001-5000,1600,31-45 (roughly 5-6 per day),6-10 (roughly 1 per day),Discord - MooMooCord - https://discord.com/invite/moomoocows,5,Keep up the fine work ,Mejiro Dober,Late Surger,Ace built for this CM before CM start in Grand Concert scenario,3,0,1,0,1,1,0,Eishin Flash (Valentine),Late Surger,Debuffer,1,1,0,0,3,1,0,Nice Nature (Cheerleader),Late Surger,Debuffer,1,1,0,0,3,1,0,4 Attempts - 20 Races total,15,Go to Submit page,,,,,,,,,,,,,,Re-use Day 1 - Team Comp 1 as Day 2 - Team Comp 1,,,,,,,,,,4 Attempts - 20 Races total,12,Go to Submit page,,,,,,,,,,,,,,,Re-use Day 2 - Team Comp 1 as Day 3 - Team Comp 1,A Group,,,,,,,,,,4 Attempts - 20 Races total,10,Day 4,,,,,,,,,,,,,,,Re-use Day 3 - Team Comp 1 as Day 4 - Team Comp 1,A Group,,,,,,,,,,4 Attempts - 20 Races total,8,Finals,,,,,,,,,,,,,,,A Finals,13982,Re-use Day 4 - Team Comp 1 as Finals Team Comp,,,,,,,,,,,3rd,No (goes to Submit page),,,,,,,,,,,,,,,,,,,,
9/25/2026 7:47:21,PsntSlayer,Graded (No Uma Restrictions),Win A finals,I accept these terms,Finals,"Android - phone or tablet, Windows",$0,718,11-20 (roughly 2-3 per day),6-10 (roughly 1 per day),"Discord - MooMooCord - https://discord.com/invite/moomoocows, YouTube - MooMooCows - https://www.youtube.com/@MooMooCows",5,,Rice Shower (Halloween),Front Runner,Ace built for this CM before CM start in Grand Concert scenario,3,1,,,1,1,,Silence Suzuka,Runaway,Blocker/Overtake target/Throwaway/Niche role,2,2,,,1,1,,Grass Wonder,Late Surger,Debuffer,2,1,,,2,1,,4 Attempts - 20 Races total,13,Go to Submit page,,,,,,,,,,,,,,Re-use Day 1 - Team Comp 1 as Day 2 - Team Comp 1,,,,,,,,,,4 Attempts - 20 Races total,7,Day 3,,,,,,,,,,,,,,,Re-use Day 2 - Team Comp 1 as Day 3 - Team Comp 1,A Group,,,,,,,,,,4 Attempts - 20 Races total,9,Go to Submit page,,,,,,,,,,,,,,,Re-use Day 3 - Team Comp 1 as Day 4 - Team Comp 1,A Group,,,,,,,,,,4 Attempts - 20 Races total,6,Go to Submit page,,,,,,,,,,,,,,,A Finals,7163,Re-use Day 4 - Team Comp 1 as Finals Team Comp,,,,,,,,,,https://drive.google.com/open?id=1z76Do0fme3qwEI4NtmqxQwjShUBEy3B9,2nd,No (goes to Submit page),,,,,,,,,,,,,,,,,,,,
9/25/2026 8:06:51,skwagely,Graded (No Uma Restrictions),Get into A finals,I accept these terms,Finals,Windows,$1-100,1204,31-45 (roughly 5-6 per day),0-5 (less than 1 per day),,,,Tamamo Cross (Festival),Pace Chaser,Ace built for this CM before CM start in Grand Concert scenario,3,,,,2,1,,Grass Wonder,Late Surger,Debuffer,,,,,,,,Agnes Tachyon,Front Runner,Debuffer,,,,,,,,4 Attempts - 20 Races total,8,Go to Submit page,,,,,,,,,,,,,,Re-use Day 1 - Team Comp 1 as Day 2 - Team Comp 1,,,,,,,,,,4 Attempts - 20 Races total,14,Go to Submit page,,,,,,,,,,,,,,,Re-use Day 2 - Team Comp 1 as Day 3 - Team Comp 1,A Group,,,,,,,,,,4 Attempts - 20 Races total,5,Go to Submit page,,,,,,,,,,,,,,,Re-use Day 3 - Team Comp 1 as Day 4 - Team Comp 1,A Group,,,,,,,,,,4 Attempts - 20 Races total,6,Go to Submit page,,,,,,,,,,,,,,,B Finals,2935,Re-use Day 4 - Team Comp 1 as Finals Team Comp,,,,,,,,,,https://drive.google.com/open?id=1ceXW0QUrkdCyBUMrhlPB2U127A6G5tSa,1st,,,,,,,,,,,No,,https://drive.google.com/open?id=1UB0ckbqVH6VoFP-0qWGPHYU3mxBmZT7R,https://drive.google.com/open?id=1K4rNtHkevrVQbv8_HOIQoQVJIwq0NR1V,,,13,,,,https://drive.google.com/open?id=1hDzbxZhdqTCj60X50vncyfjdsR-HRkA1
9/25/2026 7:56:21,Hachin,Open (A+ Grade and Lower Umas Only),Win A finals,I accept these terms,Finals,"iOS - phone or tablet, Windows",$501-1000,,46+ (more than 6 per day),31-45 (roughly 5-6 per day),Discord - MooMooCord - https://discord.com/invite/moomoocows,5,,Oguri Cap (Christmas),End Closer,Ace built for this CM before CM start in Grand Concert scenario,3,,,,2,1,,Agnes Tachyon,Late Surger,Debuffer,,,,,,,,Grass Wonder,Late Surger,Debuffer,,,,,,,,4 Attempts - 20 Races total,18,Go to Submit page,,,,,,,,,,,,,,,,,,,,,,,,,,,,,,,,,,,,,,,,,,,,,,,,,,,,,,,,,,,,,,,,,,,,,,,,,,,,,,,,,,,,,,,,,,,,,,,,,A Finals,,Re-use Day 4 - Team Comp 1 as Finals Team Comp,,,,,,,,,,https://drive.google.com/open?id=14QWlrvdkBhhENiHGZPWEuSAAk6tX-_Ht,1st,,,,,,,,,,,Yes,"Hey, it’s $30 of carats for free ",https://drive.google.com/open?id=12PFkQ4KjHbsX6TtnagN89wFnWiMJ36F7,https://drive.google.com/open?id=1Rci-qx2DXJtdBQk0GFCfPk9gbHl6_QgY,,,,,,,https://drive.google.com/open?id=1h_qYNoNX1Y677ikR8Xm3AtUlRyLX15Jw
9/25/2026 5:35:57,Aruko,Graded (No Uma Restrictions),Get into A finals,I accept these terms,Day 4,Windows,$0,1045,31-45 (roughly 5-6 per day),11-20 (roughly 2-3 per day),"Discord - MooMooCord - https://discord.com/invite/moomoocows, Discord - Pakacord! - https://discord.com/invite/umamusume, Twitch - MooMooCows - https://www.twitch.tv/moomoomoocows, YouTube - MooMooCows - https://www.youtube.com/@MooMooCows",5,,Rice Shower,Pace Chaser,Ace built for this CM before CM start in Grand Concert scenario,3,0,0,0,2,1,0,Grass Wonder,End Closer,Debuffer,1,0,0,0,4,1,0,Agnes Tachyon,End Closer,Debuffer,1,0,0,0,4,1,0,4 Attempts - 20 Races total,16,Go to Submit page,,,,,,,,,,,,,,Re-use Day 1 - Team Comp 1 as Day 2 - Team Comp 1,,,,,,,,,,4 Attempts - 20 Races total,12,Go to Submit page,,,,,,,,,,,,,,,Re-use Day 2 - Team Comp 1 as Day 3 - Team Comp 1,A Group,,,,,,,,,,4 Attempts - 20 Races total,9,Day 4,,,,,,,,,,,,,,,Re-use Day 3 - Team Comp 1 as Day 4 - Team Comp 1,A Group,,,,,,,,,,4 Attempts - 20 Races total,9,Finals,,,,,,,,,,,,,,,A Finals,8467,Re-use Day 4 - Team Comp 1 as Finals Team Comp,,,,,,,,,,https://drive.google.com/open?id=1l6glGIpTWvVH2xznp2CqMZy0fdfnPXdo,1st,,,,,,,,,,,Yes,My Little Hero that brought home the Plat.,https://drive.google.com/open?id=1tBMyo7cRzftvJ8ntqF6mJm6mcrUUhkDE,https://drive.google.com/open?id=1f7f1EF2sHejJIofc_FqZAYeaMbXIrf8w,,0,11,3,0,1,https://drive.google.com/open?id=1RBn9BSSCy6mQGWPeRkAapCQCUqNKsBQj
9/25/2026 10:44:10,MSI07,Graded (No Uma Restrictions),Win A finals,I accept these terms,Finals,"Android - phone or tablet, Windows",$101-500,906,11-20 (roughly 2-3 per day),6-10 (roughly 1 per day),"Discord - MooMooCord - https://discord.com/invite/moomoocows, Reddit - /r/UmamusumeGame, YouTube - MooMooCows - https://www.youtube.com/@MooMooCows",5,,Seiun Sky,Front Runner,Ace built for this CM before CM start in Grand Concert scenario,3,0,0,0,2,1,,Mihono Bourbon (Valentine),Front Runner,Ace built for this CM before CM start in Grand Concert scenario,3,0,0,0,2,1,0,Tokai Teio (Anime Collab),Pace Chaser,Ace built for this CM before CM start in Grand Concert scenario,3,0,0,0,2,1,0,4 Attempts - 20 Races total,17,Go to Submit page,,,,,,,,,,,,,,Re-use Day 1 - Team Comp 1 as Day 2 - Team Comp 1,,,,,,,,,,4 Attempts - 20 Races total,13,Go to Submit page,,,,,,,,,,,,,,,Re-use Day 2 - Team Comp 1 as Day 3 - Team Comp 1,A Group,,,,,,,,,,4 Attempts - 20 Races total,7,Go to Submit page,,,,,,,,,,,,,,,Re-use Day 3 - Team Comp 1 as Day 4 - Team Comp 1,A Group,,,,,,,,,,4 Attempts - 20 Races total,9,Go to Submit page,,,,,,,,,,,,,,,A Finals,12115,Re-use Day 4 - Team Comp 1 as Finals Team Comp,,,,,,,,,,https://drive.google.com/open?id=1kp7j4yylMW_XqoFpPs-dd5rHjjgUymmb,1st,,,,,,,,,,,No,,https://drive.google.com/open?id=1YJfqEZL472jvtO4i85E-wdPY5uzUw3aT,https://drive.google.com/open?id=1kdALQX-uHFtCKbDooJ09cyUxCBz2cPAN,,2,13,,,,https://drive.google.com/open?id=1nciIc5HDV-cJqYmUQemZgqBdT-eHcNxZ
9/23/2026 15:35:40,OppositionParty,Graded (No Uma Restrictions),Get into A finals,I accept these terms,Day 1,"iOS - phone or tablet, Windows",$101-500,1664,11-20 (roughly 2-3 per day),21-30 (roughly 3-4 per day),Discord - MooMooCord - https://discord.com/invite/moomoocows,,,Kitasan Black,Front Runner,Ace built for this CM before CM start in Grand Concert scenario,2,,1,,2,1,,Mihono Bourbon,Front Runner,Ace built for this CM before CM start in Grand Concert scenario,3,,,,2,1,,Fine Motion,Pace Chaser,Ace built for this CM before CM start in Grand Concert scenario,3,,,,2,1,,4 Attempts - 20 Races total,16,Day 2,,,,,,,,,,,,,,Re-use Day 1 - Team Comp 1 as Day 2 - Team Comp 1,,,,,,,,,,4 Attempts - 20 Races total,13,Day 3,,,,,,,,,,,,,,,Re-use Day 2 - Team Comp 2 as Day 3 - Team Comp 1,A Group,,,,,,,,,,3 Attempts - 15 Races total,8,Day 3 - Add 2nd Team,Add new Team Comp as Day 3 - Team Comp 2,Fine Motion,Pace Chaser,Ace built for this CM before CM start in Grand Concert scenario,Symboli Rudolf,End Closer,Debuffer,Grass Wonder,Late Surger,Debuffer,1 Attempt - 5 Races total,4,2 teams,Day 4,Re-use Day 3 - Team Comp 1 as Day 4 - Team Comp 1,A Group,,,,,,,,,,4 Attempts - 20 Races total,12,Go to Submit page,,,,,,,,,,,,,,,,,,,,,,,,,,,,,,,,,,,,,,,,,,,,,,,,,
9/25/2026 6:44:01,zazor701,Graded (No Uma Restrictions),Collect participation rewards,I accept these terms,Finals,Android - phone or tablet,$1001-5000,783,11-20 (roughly 2-3 per day),0-5 (less than 1 per day),Discord - MooMooCord - https://discord.com/invite/moomoocows,5,,Admire Vega,End Closer,Ace built for this CM before CM start in Grand Concert scenario,2,1,0,0,2,1,0,Narita Taishin (Steampunk),End Closer,Ace built for this CM before CM start in Grand Concert scenario,3,1,0,0,1,1,0,Oguri Cap (Christmas),Pace Chaser,Ace built for older CM,3,0,0,0,2,1,0,2 Attempts - 10 Races total,5,Day 1 - Add 2nd Team,Admire Vega,End Closer,Ace built for this CM before CM start in Grand Concert scenario,Narita Taishin (Steampunk),End Closer,Ace built for this CM before CM start in Grand Concert scenario,Seiun Sky,Front Runner,Ace built for this CM before CM start in Grand Concert scenario,2 Attempts - 10 Races total,3,2 teams,Go to Submit page,Add new Team Comp as Day 2 - Team Comp 1,Admire Vega,End Closer,Ace built for this CM before CM start in Grand Concert scenario,Narita Taishin (Steampunk),End Closer,Mid-CM Ace build in Grand Concert scenario,Seiun Sky,Front Runner,Mid-CM Ace build in Grand Concert scenario,4 Attempts - 20 Races total,10,Go to Submit page,,,,,,,,,,,,,,,Re-use Day 2 - Team Comp 1 as Day 3 - Team Comp 1,A Group,,,,,,,,,,2 Attempts - 10 Races total,0,Day 3 - Add 2nd Team,Add new Team Comp as Day 3 - Team Comp 2,Admire Vega,End Closer,Ace built for this CM before CM start in Grand Concert scenario,Narita Taishin (Steampunk),End Closer,Mid-CM Ace build in Grand Concert scenario,Oguri Cap (Christmas),Pace Chaser,Ace built for older CM,2 Attempts - 10 Races total,4,2 teams,Go to Submit page,Re-use Day 3 - Team Comp 2 as Day 4 - Team Comp 1,A Group,,,,,,,,,,4 Attempts - 20 Races total,10,Go to Submit page,,,,,,,,,,,,,,,A Finals,7325,Re-use Day 4 - Team Comp 1 as Finals Team Comp,,,,,,,,,,https://drive.google.com/open?id=1Je9AJ-TQSQzk7qKBkyy580v45f-o6dR2,2nd,No (goes to Submit page),,,,,,,,,,,,,,,,,,,,
9/25/2026 5:20:53,llamatar,Graded (No Uma Restrictions),Win A finals,I accept these terms,Finals,"Android - phone or tablet, Linux",$0,1694,31-45 (roughly 5-6 per day),11-20 (roughly 2-3 per day),Discord - MooMooCord - https://discord.com/invite/moomoocows,4,,Rice Shower,Pace Chaser,Ace built for this CM before CM start in Grand Concert scenario,3,0,0,0,2,1,0,Super Creek (Halloween),Late Surger,Debuffer,,,,,,,,Nice Nature,Late Surger,Debuffer,,,,,,,,4 Attempts - 20 Races total,16,Go to Submit page,,,,,,,,,,,,,,Re-use Day 1 - Team Comp 1 as Day 2 - Team Comp 1,,,,,,,,,,4 Attempts - 20 Races total,16,Day 3,,,,,,,,,,,,,,,Re-use Day 2 - Team Comp 1 as Day 3 - Team Comp 1,A Group,,,,,,,,,,4 Attempts - 20 Races total,17,Go to Submit page,,,,,,,,,,,,,,,Re-use Day 3 - Team Comp 1 as Day 4 - Team Comp 1,A Group,,,,,,,,,,4 Attempts - 20 Races total,10,Go to Submit page,,,,,,,,,,,,,,,A Finals,9575,Re-use Day 4 - Team Comp 1 as Finals Team Comp,,,,,,,,,,https://drive.google.com/open?id=1NViU4EYd0YXvdYQVzSZunTxeIQFTpndx,1st,,,,,,,,,,,Yes,Rice Shower is my daughter,https://drive.google.com/open?id=1AVqXEqh5FXZG5dv6lQjx_3mdNv1PPP_S,https://drive.google.com/open?id=1tFwategO5jj6johjlB7I-myL08pDAoQ0,,0,17,0,0,0,https://drive.google.com/open?id=1I4nntYH2FMOvy-7bA11Qksg6IzRO9ESR
9/24/2026 2:55:52,Gibgab,Graded (No Uma Restrictions),Get into A finals,I accept these terms,Day 4,"Android - phone or tablet, Windows",$101-500,636,6-10 (roughly 1 per day),6-10 (roughly 1 per day),Discord - MooMooCord - https://discord.com/invite/moomoocows,,,Nakayama Festa,End Closer,Ace built for this CM before CM start in Grand Concert scenario,2,1,0,0,2,1,0,Oguri Cap (Christmas),End Closer,Ace built for this CM before CM start in Grand Concert scenario,2,1,0,0,2,1,0,Agnes Tachyon,Pace Chaser,Debuffer,2,0,1,0,2,1,,4 Attempts - 20 Races total,10,Go to Submit page,,,,,,,,,,,,,,Re-use Day 1 - Team Comp 1 as Day 2 - Team Comp 1,,,,,,,,,,4 Attempts - 20 Races total,8,Day 3,,,,,,,,,,,,,,,Re-use Day 2 - Team Comp 1 as Day 3 - Team Comp 1,A Group,,,,,,,,,,4 Attempts - 20 Races total,9,Go to Submit page,,,,,,,,,,,,,,,Re-use Day 3 - Team Comp 1 as Day 4 - Team Comp 1,A Group,,,,,,,,,,4 Attempts - 20 Races total,12,Go to Submit page,,,,,,,,,,,,,,,,,,,,,,,,,,,,,,,,,,,,,,,,,,,,,,,,,
9/25/2026 9:01:58,Nao Nao,Graded (No Uma Restrictions),Win A finals,I accept these terms,Finals,"Android - phone or tablet, Windows",$501-1000,2079,0-5 (less than 1 per day),11-20 (roughly 2-3 per day),Discord - MooMooCord - https://discord.com/invite/moomoocows,5,,Kitasan Black,Front Runner,Ace built for this CM before CM start in Grand Concert scenario,2,1,0,0,2,1,0,Silence Suzuka,Runaway,Blocker/Overtake target/Throwaway/Niche role,,,,,,,,Symboli Rudolf,Front Runner,Debuffer,,,,,,,,4 Attempts - 20 Races total,16,Go to Submit page,,,,,,,,,,,,,,Re-use Day 1 - Team Comp 1 as Day 2 - Team Comp 1,,,,,,,,,,4 Attempts - 20 Races total,15,Go to Submit page,,,,,,,,,,,,,,,Re-use Day 2 - Team Comp 1 as Day 3 - Team Comp 1,A Group,,,,,,,,,,4 Attempts - 20 Races total,12,Go to Submit page,,,,,,,,,,,,,,,Add a new Team Comp as Day 4 - Team Comp 1,A Group,Kitasan Black,Front Runner,Ace built for this CM before CM start in Grand Concert scenario,Silence Suzuka,Runaway,Blocker/Overtake target/Throwaway/Niche role,Symboli Rudolf,End Closer,Debuffer,4 Attempts - 20 Races total,13,Go to Submit page,,,,,,,,,,,,,,,A Finals,12311,Re-use Day 4 - Team Comp 1 as Finals Team Comp,,,,,,,,,,https://drive.google.com/open?id=1UxOwOsCM7ZX7-dnrRh8EokPQViLHbNMM,3rd,No (goes to Submit page),,,,,,,,,,,,,,,,,,,,
9/25/2026 6:14:06,neol,Graded (No Uma Restrictions),Win A finals,I accept these terms,Finals,,$101-500,,31-45 (roughly 5-6 per day),6-10 (roughly 1 per day),,,,Tokai Teio,Pace Chaser,Ace built for this CM before CM start in Grand Concert scenario,2,1,,,2,1,,Silence Suzuka,Runaway,Blocker/Overtake target/Throwaway/Niche role,2,,,1,3,,,Symboli Rudolf,Late Surger,Debuffer,1,,,2,3,,,4 Attempts - 20 Races total,16,Go to Submit page,,,,,,,,,,,,,,Re-use Day 1 - Team Comp 1 as Day 2 - Team Comp 1,,,,,,,,,,4 Attempts - 20 Races total,20,Go to Submit page,,,,,,,,,,,,,,,Re-use Day 2 - Team Comp 1 as Day 3 - Team Comp 1,A Group,,,,,,,,,,4 Attempts - 20 Races total,9,Go to Submit page,,,,,,,,,,,,,,,Re-use Day 3 - Team Comp 1 as Day 4 - Team Comp 1,A Group,,,,,,,,,,4 Attempts - 20 Races total,10,Go to Submit page,,,,,,,,,,,,,,,A Finals,11878,Re-use Day 4 - Team Comp 1 as Finals Team Comp,,,,,,,,,,https://drive.google.com/open?id=1NMU7ZhmoTMtVEUaKQx1kuyd9pf9JeWGu,1st,,,,,,,,,,,Yes,Let us drink hachimi,https://drive.google.com/open?id=1wsWVm_N5biWRUzwOj-Clsx6zLqQW8Wqz,https://drive.google.com/open?id=1CGkCOVL-qrNrrm3CGiDaL9_DZPg90BOl,,2,8,5,,,https://drive.google.com/open?id=1N6fHcXiqHRjIMayh32m1D16XxrGd0Md6
9/25/2026 19:14:40,ForestArdan,Graded (No Uma Restrictions),Win A finals,I accept these terms,Day 3,"Android - phone or tablet, Windows",$0,1207,21-30 (roughly 3-4 per day),21-30 (roughly 3-4 per day),"Discord - MooMooCord - https://discord.com/invite/moomoocows, Reddit - /r/UmamusumeGame",5,,T.M. Opera O (New Year),Pace Chaser,Ace built for this CM before CM start in Grand Concert scenario,3,1,0,0,1,1,0,Mejiro Ardan,Pace Chaser,Ace built for this CM before CM start in Grand Concert scenario,3,1,0,0,1,1,,Nice Nature,Late Surger,Debuffer,2,2,0,0,2,,0,4 Attempts - 20 Races total,14,Go to Submit page,,,,,,,,,,,,,,Re-use Day 1 - Team Comp 1 as Day 2 - Team Comp 1,,,,,,,,,,4 Attempts - 20 Races total,16,Go to Submit page,,,,,,,,,,,,,,,Re-use Day 2 - Team Comp 1 as Day 3 - Team Comp 1,A Group,,,,,,,,,,4 Attempts - 20 Races total,9,Day 4,,,,,,,,,,,,,,,Re-use Day 3 - Team Comp 1 as Day 4 - Team Comp 1,A Group,,,,,,,,,,4 Attempts - 20 Races total,8,Finals,,,,,,,,,,,,,,,A Finals,14482,Re-use Day 4 - Team Comp 1 as Finals Team Comp,,,,,,,,,,https://drive.google.com/open?id=1ZmemqkiexKhz1zZL3Dl4LJGT-j748hi5,2nd,No (goes to Submit page),,,,,,,,,,,,,,,,,,,,
9/25/2026 11:20:18,PotatoP,Graded (No Uma Restrictions),Get into A finals,I accept these terms,Finals,Android - phone or tablet,$0,1927,21-30 (roughly 3-4 per day),6-10 (roughly 1 per day),"Discord - MooMooCord - https://discord.com/invite/moomoocows, Twitch - MooMooCows - https://www.twitch.tv/moomoomoocows",5,,Gold Ship,End Closer,Ace built for this CM before CM start in Grand Concert scenario,3,,,,2,1,,Grass Wonder,Front Runner,Debuffer,,,,,,,,Agnes Tachyon,Late Surger,Debuffer,,,,,,,,4 Attempts - 20 Races total,16,Go to Submit page,,,,,,,,,,,,,,Re-use Day 1 - Team Comp 1 as Day 2 - Team Comp 1,,,,,,,,,,4 Attempts - 20 Races total,14,Go to Submit page,,,,,,,,,,,,,,,Re-use Day 2 - Team Comp 1 as Day 3 - Team Comp 1,A Group,,,,,,,,,,4 Attempts - 20 Races total,16,Go to Submit page,,,,,,,,,,,,,,,Re-use Day 3 - Team Comp 1 as Day 4 - Team Comp 1,A Group,,,,,,,,,,4 Attempts - 20 Races total,15,Go to Submit page,,,,,,,,,,,,,,,A Finals,9740,Re-use Day 4 - Team Comp 1 as Finals Team Comp,,,,,,,,,,https://drive.google.com/open?id=1BRHb4R6OSSTPDK6T1LPLtg6--pUz6jCK,1st,,,,,,,,,,,No,,,,,,14,,,,
9/25/2026 14:29:37,RandomlyCasual,Graded (No Uma Restrictions),Win A finals,I accept these terms,Finals,,,1320,21-30 (roughly 3-4 per day),6-10 (roughly 1 per day),,,,Mejiro Ardan,Pace Chaser,Ace built for this CM before CM start in Grand Concert scenario,3,0,0,0,2,1,0,Oguri Cap (Christmas),Pace Chaser,Ace built for this CM before CM start in Grand Concert scenario,3,0,0,0,2,1,0,Grass Wonder,Late Surger,Debuffer,2,1,0,0,2,1,0,4 Attempts - 20 Races total,17,Go to Submit page,,,,,,,,,,,,,,Re-use Day 1 - Team Comp 1 as Day 2 - Team Comp 1,,,,,,,,,,4 Attempts - 20 Races total,17,Go to Submit page,,,,,,,,,,,,,,,Re-use Day 2 - Team Comp 1 as Day 3 - Team Comp 1,A Group,,,,,,,,,,4 Attempts - 20 Races total,14,Go to Submit page,,,,,,,,,,,,,,,Re-use Day 3 - Team Comp 1 as Day 4 - Team Comp 1,A Group,,,,,,,,,,4 Attempts - 20 Races total,14,Go to Submit page,,,,,,,,,,,,,,,A Finals,16455,Re-use Day 4 - Team Comp 1 as Finals Team Comp,,,,,,,,,,https://drive.google.com/open?id=1KAGpoPwRPTlkPbff4VDH83vZEwPFTL-f,3rd,Yes,https://drive.google.com/open?id=1qYunxqVK_TikIbsOgyNdP2M2oya2f0Ij,https://drive.google.com/open?id=1ogib3sl_orxhbsiKEBHubcf7MsqwA9vj,,8,0,4,0,2,https://drive.google.com/open?id=139IZTiJNBkrFIROmHcSs9XoAT_VNvyUG,,,,,,,,,,,
9/25/2026 9:26:31,Khryses,Graded (No Uma Restrictions),Win A finals,I accept these terms,Finals,"Android - phone or tablet, Windows",$101-500,1119,21-30 (roughly 3-4 per day),6-10 (roughly 1 per day),"Discord - MooMooCord - https://discord.com/invite/moomoocows, YouTube - MooMooCows - https://www.youtube.com/@MooMooCows",5,Goatd,Oguri Cap (Christmas),End Closer,Ace built for this CM before CM start in Grand Concert scenario,3,0,0,0,2,1,0,Agnes Tachyon,End Closer,Debuffer,1,0,1,0,4,0,0,Grass Wonder,End Closer,Debuffer,1,0,1,0,4,0,0,3 Attempts - 15 Races total,16,Go to Submit page,,,,,,,,,,,,,,Re-use Day 1 - Team Comp 1 as Day 2 - Team Comp 1,,,,,,,,,,4 Attempts - 20 Races total,14,Go to Submit page,,,,,,,,,,,,,,,Re-use Day 2 - Team Comp 1 as Day 3 - Team Comp 1,A Group,,,,,,,,,,3 Attempts - 15 Races total,10,Go to Submit page,,,,,,,,,,,,,,,Re-use Day 3 - Team Comp 1 as Day 4 - Team Comp 1,A Group,,,,,,,,,,3 Attempts - 15 Races total,11,Go to Submit page,,,,,,,,,,,,,,,A Finals,,Re-use Day 4 - Team Comp 1 as Finals Team Comp,,,,,,,,,,https://drive.google.com/open?id=1C-TnBA9s7xZMPIixNW_VaqdHxHLuv_ED,3rd,No (goes to Submit page),,,,,,,,,,,,,,,,,,,,
9/25/2026 7:22:27,Ipex,Graded (No Uma Restrictions),Collect participation rewards,I accept these terms,Finals,Windows,$1001-5000,1776,11-20 (roughly 2-3 per day),6-10 (roughly 1 per day),Discord - MooMooCord - https://discord.com/invite/moomoocows,,,Oguri Cap (Christmas),End Closer,Ace built for this CM before CM start in Grand Concert scenario,2,1,,,2,1,,Agnes Tachyon,Late Surger,Debuffer,1,,,1,4,,,Grass Wonder,Late Surger,Debuffer,1,,,,4,1,,4 Attempts - 20 Races total,19,Go to Submit page,,,,,,,,,,,,,,Re-use Day 1 - Team Comp 1 as Day 2 - Team Comp 1,,,,,,,,,,4 Attempts - 20 Races total,19,Go to Submit page,,,,,,,,,,,,,,,Re-use Day 2 - Team Comp 1 as Day 3 - Team Comp 1,A Group,,,,,,,,,,4 Attempts - 20 Races total,19,Go to Submit page,,,,,,,,,,,,,,,Re-use Day 3 - Team Comp 1 as Day 4 - Team Comp 1,A Group,,,,,,,,,,4 Attempts - 20 Races total,19,Go to Submit page,,,,,,,,,,,,,,,A Finals,13977,Re-use Day 4 - Team Comp 1 as Finals Team Comp,,,,,,,,,,https://drive.google.com/open?id=1wwqDXYrdqfSgdEPGy_cqhx0kMhEh_BFT,1st,,,,,,,,,,,No,,https://drive.google.com/open?id=1qWX9TWg7aYTwMVg5S4f23-K_brDlv7RH,https://drive.google.com/open?id=1Ong8j4yqXJUoAKjLquExPpIaQo6VAK2w,,,3,9,,,https://drive.google.com/open?id=1tEts-vAoiCbI4Uon5a-vryi10a_VJjLl
9/25/2026 14:31:59,qqey,Graded (No Uma Restrictions),Win A finals,I accept these terms,Finals,iOS - phone or tablet,$501-1000,1458,21-30 (roughly 3-4 per day),6-10 (roughly 1 per day),"Discord - MooMooCord - https://discord.com/invite/moomoocows, Twitch - MooMooCows - https://www.twitch.tv/moomoomoocows, YouTube - MooMooCows - https://www.youtube.com/@MooMooCows",,,Oguri Cap (Christmas),End Closer,Ace built for this CM before CM start in Grand Concert scenario,2,1,0,0,2,1,0,Copano Rickey,Pace Chaser,Ace built for this CM before CM start in Grand Concert scenario,2,1,0,0,2,0,0,Fine Motion,Pace Chaser,Ace built for this CM before CM start in Grand Concert scenario,3,1,0,0,1,1,0,4 Attempts - 20 Races total,13,Go to Submit page,,,,,,,,,,,,,,Re-use Day 1 - Team Comp 1 as Day 2 - Team Comp 1,,,,,,,,,,4 Attempts - 20 Races total,20,Go to Submit page,,,,,,,,,,,,,,,Re-use Day 2 - Team Comp 1 as Day 3 - Team Comp 1,A Group,,,,,,,,,,4 Attempts - 20 Races total,18,Go to Submit page,,,,,,,,,,,,,,,Re-use Day 3 - Team Comp 1 as Day 4 - Team Comp 1,A Group,,,,,,,,,,4 Attempts - 20 Races total,13,Go to Submit page,,,,,,,,,,,,,,,A Finals,10475,Re-use Day 4 - Team Comp 1 as Finals Team Comp,,,,,,,,,,https://drive.google.com/open?id=1CGCKGH55BiRgNxnNfu7YJWfW6yNAZFm1,1st,,,,,,,,,,,No,,https://drive.google.com/open?id=1RETgj9UGPhnCwrq66D9lLS4Q1YorU31i,https://drive.google.com/open?id=1Cqz_ESe0PZ6gvRivYtjfQZytrrzA2YDt,,5,7,3,0,0,https://drive.google.com/open?id=17S8nnobMjfwvj5yshyukF26JaLGliXFA
9/25/2026 8:11:44,Dynanate,Graded (No Uma Restrictions),Get into A finals,I accept these terms,Finals,iOS - phone or tablet,$0,1174,21-30 (roughly 3-4 per day),6-10 (roughly 1 per day),Discord - MooMooCord - https://discord.com/invite/moomoocows,5,,Oguri Cap (Christmas),End Closer,Ace built for this CM before CM start in Grand Concert scenario,2,1,,,2,1,,Eishin Flash (Valentine),End Closer,Debuffer,1,2,,,3,,,Grass Wonder,End Closer,Debuffer,1,1,1,,3,,,4 Attempts - 20 Races total,18,Go to Submit page,,,,,,,,,,,,,,Re-use Day 1 - Team Comp 1 as Day 2 - Team Comp 1,,,,,,,,,,4 Attempts - 20 Races total,15,Go to Submit page,,,,,,,,,,,,,,,Re-use Day 2 - Team Comp 1 as Day 3 - Team Comp 1,A Group,,,,,,,,,,4 Attempts - 20 Races total,15,Go to Submit page,,,,,,,,,,,,,,,Re-use Day 3 - Team Comp 1 as Day 4 - Team Comp 1,A Group,,,,,,,,,,4 Attempts - 20 Races total,14,Go to Submit page,,,,,,,,,,,,,,,A Finals,,Re-use Day 4 - Team Comp 1 as Finals Team Comp,,,,,,,,,,https://drive.google.com/open?id=1RBHsyN3Zh-tc0UN96UJ8PWcfuppPBN5M,3rd,No (goes to Submit page),,,,,,,,,,,,,,,,,,,,
9/25/2026 5:29:50,Razor,Graded (No Uma Restrictions),Get into A finals,I accept these terms,Finals,"Android - phone or tablet, Windows",$0,1416,21-30 (roughly 3-4 per day),0-5 (less than 1 per day),Discord - MooMooCord - https://discord.com/invite/moomoocows,5,,Oguri Cap (Christmas),Pace Chaser,Ace built for this CM before CM start in Grand Concert scenario,3,0,0,0,2,1,0,Mihono Bourbon (Valentine),Front Runner,Ace built for this CM before CM start in Grand Concert scenario,2,1,0,0,2,1,0,Silence Suzuka,Runaway,Ace built for this CM before CM start in Grand Concert scenario,3,0,0,0,2,1,0,4 Attempts - 20 Races total,13,Go to Submit page,,,,,,,,,,,,,,Re-use Day 1 - Team Comp 1 as Day 2 - Team Comp 1,,,,,,,,,,4 Attempts - 20 Races total,13,Go to Submit page,,,,,,,,,,,,,,,Add new Team Comp as Day 3 - Team Comp 1,A Group,Oguri Cap (Christmas),Pace Chaser,Ace built for this CM before CM start in Grand Concert scenario,Mihono Bourbon (Valentine),Front Runner,Ace built for this CM before CM start in Grand Concert scenario,Grass Wonder,Late Surger,Debuffer,4 Attempts - 20 Races total,9,Day 4,,,,,,,,,,,,,,,Re-use Day 3 - Team Comp 1 as Day 4 - Team Comp 1,A Group,,,,,,,,,,4 Attempts - 20 Races total,14,Go to Submit page,,,,,,,,,,,,,,,A Finals,11289,Re-use Day 4 - Team Comp 1 as Finals Team Comp,,,,,,,,,,https://drive.google.com/open?id=1R1N--tvKEVwmfErMg8wE23bfdeKcn_Fp,2nd,Yes,https://drive.google.com/open?id=1WWY5HfYrrtfbbWD3W-HRi6gmOY36ZP56,https://drive.google.com/open?id=12Y7MCzec87jaEqdmC3X0D2Zq_0KrpNL6,https://drive.google.com/open?id=1qw-jdHzGCgrWziAKrccly2nWGosM2Omi,0,17,0,0,0,https://drive.google.com/open?id=1iX5yns9QkcZvvk39zGcISuzpAI_ul6j9,,,,,,,,,,,
9/23/2026 6:35:40,azaEnolate,Graded (No Uma Restrictions),Win A finals,I accept these terms,Day 3,Windows,$1-100,1210,11-20 (roughly 2-3 per day),31-45 (roughly 5-6 per day),Discord - MooMooCord - https://discord.com/invite/moomoocows,,,Oguri Cap (Christmas),End Closer,Ace built for this CM before CM start in Grand Concert scenario,2,1,0,0,2,1,0,Agnes Tachyon,Late Surger,Debuffer,,,,,,,,Grass Wonder,Late Surger,Debuffer,,,,,,,,4 Attempts - 20 Races total,16,Go to Submit page,,,,,,,,,,,,,,Re-use Day 1 - Team Comp 1 as Day 2 - Team Comp 1,,,,,,,,,,4 Attempts - 20 Races total,15,Go to Submit page,,,,,,,,,,,,,,,Re-use Day 2 - Team Comp 1 as Day 3 - Team Comp 1,A Group,,,,,,,,,,4 Attempts - 20 Races total,14,Go to Submit page,,,,,,,,,,,,,,,,,,,,,,,,,,,,,,,,,,,,,,,,,,,,,,,,,,,,,,,,,,,,,,,,,,,,,,,,,,,,,
9/25/2026 9:28:15,DeltaMint,Graded (No Uma Restrictions),Collect participation rewards,I accept these terms,Finals,iOS - phone or tablet,$0,,0-5 (less than 1 per day),0-5 (less than 1 per day),Discord - MooMooCord - https://discord.com/invite/moomoocows,,,Daiwa Scarlet,Front Runner,Ace built for this CM before CM start in Grand Concert scenario,2,1,,,2,1,,Silence Suzuka,Runaway,Blocker/Overtake target/Throwaway/Niche role,2,1,,,2,1,,Grass Wonder,Late Surger,Debuffer,2,,,,3,1,,4 Attempts - 20 Races total,7,Go to Submit page,,,,,,,,,,,,,,Re-use Day 1 - Team Comp 1 as Day 2 - Team Comp 1,,,,,,,,,,4 Attempts - 20 Races total,7,Go to Submit page,,,,,,,,,,,,,,,Re-use Day 2 - Team Comp 1 as Day 3 - Team Comp 1,A Group,,,,,,,,,,4 Attempts - 20 Races total,8,Go to Submit page,,,,,,,,,,,,,,,Re-use Day 3 - Team Comp 1 as Day 4 - Team Comp 1,A Group,,,,,,,,,,4 Attempts - 20 Races total,4,Go to Submit page,,,,,,,,,,,,,,,A Finals,,Re-use Day 4 - Team Comp 1 as Finals Team Comp,,,,,,,,,,,3rd,No (goes to Submit page),,,,,,,,,,,,,,,,,,,,
9/25/2026 10:02:37,Rkid,Graded (No Uma Restrictions),Win A finals,I accept these terms,Finals,"Android - phone or tablet, Windows",$101-500,1850,6-10 (roughly 1 per day),31-45 (roughly 5-6 per day),"Discord - MooMooCord - https://discord.com/invite/moomoocows, YouTube - MooMooCows - https://www.youtube.com/@MooMooCows",,,Rice Shower (Halloween),Pace Chaser,Ace built for this CM before CM start in Grand Concert scenario,3,0,0,0,2,1,0,Oguri Cap (Christmas),End Closer,Ace built for this CM before CM start in Grand Concert scenario,3,0,0,0,2,1,0,Agnes Tachyon,End Closer,Debuffer,1,1,0,0,3,1,0,4 Attempts - 20 Races total,19,Go to Submit page,,,,,,,,,,,,,,Add new Team Comp as Day 2 - Team Comp 1,Rice Shower (Halloween),Pace Chaser,Ace built for this CM before CM start in Grand Concert scenario,Agnes Tachyon,End Closer,Debuffer,Silence Suzuka,Runaway,Blocker/Overtake target/Throwaway/Niche role,4 Attempts - 20 Races total,16,Go to Submit page,,,,,,,,,,,,,,,Re-use Day 2 - Team Comp 1 as Day 3 - Team Comp 1,A Group,,,,,,,,,,4 Attempts - 20 Races total,13,Go to Submit page,,,,,,,,,,,,,,,Re-use Day 3 - Team Comp 1 as Day 4 - Team Comp 1,A Group,,,,,,,,,,4 Attempts - 20 Races total,12,Go to Submit page,,,,,,,,,,,,,,,A Finals,11076,Re-use Day 4 - Team Comp 1 as Finals Team Comp,,,,,,,,,,,2nd,No (goes to Submit page),,,,,,,,,,,,,,,,,,,,
9/25/2026 10:50:33,Thama,Graded (No Uma Restrictions),Get into A finals,I accept these terms,Finals,"iOS - phone or tablet, Android - phone or tablet, Windows",$101-500,,31-45 (roughly 5-6 per day),31-45 (roughly 5-6 per day),,,,Silence Suzuka,Runaway,Blocker/Overtake target/Throwaway/Niche role,1,0,1,0,3,1,0,Seiun Sky,Front Runner,Ace built for this CM before CM start in Grand Concert scenario,3,0,0,0,2,1,0,Kitasan Black,Front Runner,Ace built for this CM before CM start in Grand Concert scenario,2,1,0,0,2,1,0,4 Attempts - 20 Races total,8,Go to Submit page,,,,,,,,,,,,,,Add new Team Comp as Day 2 - Team Comp 1,Oguri Cap (Christmas),Pace Chaser,Ace built for older CM,Seiun Sky,Front Runner,Ace built for this CM before CM start in Grand Concert scenario,Kitasan Black,Front Runner,Ace built for this CM before CM start in Grand Concert scenario,4 Attempts - 20 Races total,13,Go to Submit page,,,,,,,,,,,,,,,Add new Team Comp as Day 3 - Team Comp 1,A Group,Oguri Cap (Christmas),Pace Chaser,Mid-CM Ace build in Grand Concert scenario,Seiun Sky,Front Runner,Ace built for this CM before CM start in Grand Concert scenario,Kitasan Black,Front Runner,Ace built for this CM before CM start in Grand Concert scenario,4 Attempts - 20 Races total,11,Go to Submit page,,,,,,,,,,,,,,,Re-use Day 3 - Team Comp 1 as Day 4 - Team Comp 1,A Group,,,,,,,,,,4 Attempts - 20 Races total,9,Go to Submit page,,,,,,,,,,,,,,,A Finals,,Re-use Day 4 - Team Comp 1 as Finals Team Comp,,,,,,,,,,,2nd,No (goes to Submit page),,,,,,,,,,,,,,,,,,,,
9/25/2026 6:10:51,Tom,Graded (No Uma Restrictions),Win A finals,I accept these terms,Finals,Windows,$101-500,931,11-20 (roughly 2-3 per day),6-10 (roughly 1 per day),Discord - MooMooCord - https://discord.com/invite/moomoocows,,,Oguri Cap (Christmas),Pace Chaser,Ace built for this CM before CM start in Grand Concert scenario,3,,,,2,1,,Rice Shower,Pace Chaser,Ace built for this CM before CM start in Grand Concert scenario,3,,,,2,1,,Nice Nature (Cheerleader),Late Surger,Ace built for this CM before CM start in Grand Concert scenario,3,,,,2,1,,4 Attempts - 20 Races total,18,Go to Submit page,,,,,,,,,,,,,,Re-use Day 1 - Team Comp 1 as Day 2 - Team Comp 1,,,,,,,,,,4 Attempts - 20 Races total,13,Go to Submit page,,,,,,,,,,,,,,,Re-use Day 2 - Team Comp 1 as Day 3 - Team Comp 1,A Group,,,,,,,,,,4 Attempts - 20 Races total,7,Go to Submit page,,,,,,,,,,,,,,,Re-use Day 3 - Team Comp 1 as Day 4 - Team Comp 1,A Group,,,,,,,,,,4 Attempts - 20 Races total,12,Go to Submit page,,,,,,,,,,,,,,,A Finals,10914,Add new Team Comp as Finals Team Comp,Oguri Cap (Christmas),Pace Chaser,Mid-CM Ace build in Grand Concert scenario,Nice Nature (Cheerleader),Late Surger,Mid-CM Ace build in Grand Concert scenario,Grass Wonder,Late Surger,Debuffer,,2nd,No (goes to Submit page),,,,,,,,,,,,,,,,,,,,
9/25/2026 13:44:07,nonaddict,Graded (No Uma Restrictions),Get into A finals,I accept these terms,Finals,Windows,$101-500,1001,31-45 (roughly 5-6 per day),0-5 (less than 1 per day),Discord - MooMooCord - https://discord.com/invite/moomoocows,5,,Oguri Cap (Christmas),End Closer,Ace built for this CM before CM start in Grand Concert scenario,2,1,0,0,2,1,0,Nice Nature (Cheerleader),Late Surger,Ace built for this CM before CM start in Unity Cup scenario,1,1,1,,2,0,1,Agnes Tachyon,Late Surger,Ace built for this CM before CM start in Unity Cup scenario,1,0,1,0,3,0,1,2 Attempts - 10 Races total,8,Go to Submit page,,,,,,,,,,,,,,Re-use Day 1 - Team Comp 1 as Day 2 - Team Comp 1,,,,,,,,,,2 Attempts - 10 Races total,7,Go to Submit page,,,,,,,,,,,,,,,Re-use Day 2 - Team Comp 1 as Day 3 - Team Comp 1,A Group,,,,,,,,,,4 Attempts - 20 Races total,15,Go to Submit page,,,,,,,,,,,,,,,Re-use Day 3 - Team Comp 1 as Day 4 - Team Comp 1,A Group,,,,,,,,,,4 Attempts - 20 Races total,15,Go to Submit page,,,,,,,,,,,,,,,A Finals,10997,Re-use Day 4 - Team Comp 1 as Finals Team Comp,,,,,,,,,,https://drive.google.com/open?id=1Koxsufnz0xhBfodSJk_dGihAfEiDoTkS,3rd,No (goes to Submit page),,,,,,,,,,,,,,,,,,,,
9/25/2026 5:19:11,laugh_,Graded (No Uma Restrictions),Win A finals,I accept these terms,Finals,iOS - phone or tablet,$101-500,746,21-30 (roughly 3-4 per day),6-10 (roughly 1 per day),Discord - MooMooCord - https://discord.com/invite/moomoocows,5,,Oguri Cap (Christmas),Pace Chaser,Ace built for this CM before CM start in Grand Concert scenario,2,,,,3,1,,Symboli Rudolf,Late Surger,Debuffer,,,,,,,,Nice Nature,Late Surger,Debuffer,,,,,,,,4 Attempts - 20 Races total,17,Go to Submit page,,,,,,,,,,,,,,Re-use Day 1 - Team Comp 1 as Day 2 - Team Comp 1,,,,,,,,,,4 Attempts - 20 Races total,17,Go to Submit page,,,,,,,,,,,,,,,Re-use Day 2 - Team Comp 1 as Day 3 - Team Comp 1,A Group,,,,,,,,,,4 Attempts - 20 Races total,16,Go to Submit page,,,,,,,,,,,,,,,Re-use Day 3 - Team Comp 1 as Day 4 - Team Comp 1,A Group,,,,,,,,,,4 Attempts - 20 Races total,17,Go to Submit page,,,,,,,,,,,,,,,A Finals,9078,Re-use Day 4 - Team Comp 1 as Finals Team Comp,,,,,,,,,,https://drive.google.com/open?id=1dsmA-AIJhWZw3dbsk3Gw50LrEOfIVU5r,1st,,,,,,,,,,,No,,https://drive.google.com/open?id=11FaZQewufgMBv6hGjD9aKOABHhxzFwB_,https://drive.google.com/open?id=1_SShAvzCoPZlk4-c2Pq1DtPCUR3hcAzU,,2,12,,,,https://drive.google.com/open?id=1ESHygkjluWyYFEk9hnqWS0262u14sCC1
9/25/2026 8:29:54,Gary - Neicha husband,Graded (No Uma Restrictions),Get into A finals,I accept these terms,Finals,,$1001-5000,,31-45 (roughly 5-6 per day),0-5 (less than 1 per day),,,,Rice Shower,Pace Chaser,Ace built for this CM before CM start in Grand Concert scenario,,,,,,,,Nice Nature,End Closer,Debuffer,,,,,,,,Mayano Top Gun (Wedding),End Closer,Debuffer,,,,,,,,4 Attempts - 20 Races total,10,Go to Submit page,,,,,,,,,,,,,,Re-use Day 1 - Team Comp 1 as Day 2 - Team Comp 1,,,,,,,,,,4 Attempts - 20 Races total,14,Go to Submit page,,,,,,,,,,,,,,,Re-use Day 2 - Team Comp 1 as Day 3 - Team Comp 1,A Group,,,,,,,,,,4 Attempts - 20 Races total,12,Go to Submit page,,,,,,,,,,,,,,,Re-use Day 3 - Team Comp 1 as Day 4 - Team Comp 1,A Group,,,,,,,,,,4 Attempts - 20 Races total,13,Go to Submit page,,,,,,,,,,,,,,,A Finals,8200,Re-use Day 4 - Team Comp 1 as Finals Team Comp,,,,,,,,,,https://drive.google.com/open?id=1aEPCuPnzyc-GYsBQFejRjRlUzx5VSSR_,1st,,,,,,,,,,,No,,,,,,,,,,
9/25/2026 5:20:35,megamelon999,Graded (No Uma Restrictions),Get into A finals,I accept these terms,Day 4,Android - phone or tablet,$1-100,1000,21-30 (roughly 3-4 per day),6-10 (roughly 1 per day),Discord - MooMooCord - https://discord.com/invite/moomoocows,,,Satono Diamond,Late Surger,Ace built for this CM before CM start in Grand Concert scenario,3,1,0,0,1,1,0,Special Week,Late Surger,Ace built for this CM before CM start in Grand Concert scenario,3,1,0,0,1,1,0,Eishin Flash (Valentine),Late Surger,Ace built for this CM before CM start in Grand Concert scenario,3,1,0,0,1,1,0,4 Attempts - 20 Races total,9,Go to Submit page,,,,,,,,,,,,,,Re-use Day 1 - Team Comp 1 as Day 2 - Team Comp 1,,,,,,,,,,4 Attempts - 20 Races total,12,Go to Submit page,,,,,,,,,,,,,,,Re-use Day 2 - Team Comp 1 as Day 3 - Team Comp 1,A Group,,,,,,,,,,4 Attempts - 20 Races total,13,Go to Submit page,,,,,,,,,,,,,,,Re-use Day 3 - Team Comp 1 as Day 4 - Team Comp 1,A Group,,,,,,,,,,4 Attempts - 20 Races total,9,Go to Submit page,,,,,,,,,,,,,,,A Finals,14928,Re-use Day 4 - Team Comp 1 as Finals Team Comp,,,,,,,,,,,2nd,No (goes to Submit page),,,,,,,,,,,,,,,,,,,,
9/25/2026 16:01:28,shiblu,Graded (No Uma Restrictions),Win A finals,I accept these terms,Finals,"Android - phone or tablet, Windows",$0,1718,21-30 (roughly 3-4 per day),11-20 (roughly 2-3 per day),Discord - MooMooCord - https://discord.com/invite/moomoocows,5,,Oguri Cap (Christmas),End Closer,Ace built for this CM before CM start in Grand Concert scenario,3,,,,2,1,,Agnes Tachyon,Late Surger,Debuffer,,,,,,,,Grass Wonder,Late Surger,Debuffer,,,,,,,,4 Attempts - 20 Races total,14,Go to Submit page,,,,,,,,,,,,,,Re-use Day 1 - Team Comp 1 as Day 2 - Team Comp 1,,,,,,,,,,4 Attempts - 20 Races total,16,Go to Submit page,,,,,,,,,,,,,,,Re-use Day 2 - Team Comp 1 as Day 3 - Team Comp 1,A Group,,,,,,,,,,4 Attempts - 20 Races total,14,Go to Submit page,,,,,,,,,,,,,,,Re-use Day 3 - Team Comp 1 as Day 4 - Team Comp 1,A Group,,,,,,,,,,4 Attempts - 20 Races total,13,Go to Submit page,,,,,,,,,,,,,,,A Finals,9402,Re-use Day 4 - Team Comp 1 as Finals Team Comp,,,,,,,,,,https://drive.google.com/open?id=1GrD40BrjXWHn2MG8r0We4SrdLN7UXYU3,2nd,No (goes to Submit page),,,,,,,,,,,,,,,,,,,,
9/25/2026 10:08:38,IanDakar,Graded (No Uma Restrictions),Win A finals,I accept these terms,Finals,Android - phone or tablet,$1-100,1556,11-20 (roughly 2-3 per day),21-30 (roughly 3-4 per day),,,,Daiwa Scarlet,Front Runner,Ace built for this CM before CM start in Grand Concert scenario,3,0,0,0,2,1,0,Silence Suzuka,Runaway,Blocker/Overtake target/Throwaway/Niche role,1,0,1,0,3,1,0,Agnes Tachyon,Late Surger,Debuffer,1,0,0,0,4,1,0,4 Attempts - 20 Races total,13,Go to Submit page,,,,,,,,,,,,,,Re-use Day 1 - Team Comp 1 as Day 2 - Team Comp 1,,,,,,,,,,4 Attempts - 20 Races total,14,Go to Submit page,,,,,,,,,,,,,,,Re-use Day 2 - Team Comp 1 as Day 3 - Team Comp 1,A Group,,,,,,,,,,4 Attempts - 20 Races total,9,Go to Submit page,,,,,,,,,,,,,,,Re-use Day 3 - Team Comp 1 as Day 4 - Team Comp 1,A Group,,,,,,,,,,4 Attempts - 20 Races total,10,Go to Submit page,,,,,,,,,,,,,,,A Finals,11016,Re-use Day 4 - Team Comp 1 as Finals Team Comp,,,,,,,,,,https://drive.google.com/open?id=1Up20zdbFmuiD-Bk50NZp0JRpMTGt3Re1,3rd,Yes,https://drive.google.com/open?id=13lR_1DtJKGZfhMrWJSDuqFvYABIlvKYM,https://drive.google.com/open?id=1VCziy4uPxqAmvthEZOXikm6afL2uw2H8,,,,,,,https://drive.google.com/open?id=1739uKqm1BFooqfoyDJxDIV4Vzq94J9Fk,,,,,,,,,,,
9/25/2026 6:49:46,Dyath,Graded (No Uma Restrictions),Win A finals,I accept these terms,Finals,Windows,$101-500,1944,21-30 (roughly 3-4 per day),11-20 (roughly 2-3 per day),Twitch - MooMooCows - https://www.twitch.tv/moomoomoocows,5,,Mejiro Dober (Camping),Late Surger,Ace built for this CM before CM start in Grand Concert scenario,3,0,0,0,2,1,0,Nice Nature (Cheerleader),Late Surger,Ace built for this CM before CM start in Grand Concert scenario,3,0,0,0,2,1,0,Fine Motion,Pace Chaser,Ace built for this CM before CM start in Grand Concert scenario,3,0,0,0,2,1,0,4 Attempts - 20 Races total,14,Go to Submit page,,,,,,,,,,,,,,Re-use Day 1 - Team Comp 1 as Day 2 - Team Comp 1,,,,,,,,,,4 Attempts - 20 Races total,16,Go to Submit page,,,,,,,,,,,,,,,Re-use Day 2 - Team Comp 1 as Day 3 - Team Comp 1,A Group,,,,,,,,,,4 Attempts - 20 Races total,11,Go to Submit page,,,,,,,,,,,,,,,Re-use Day 3 - Team Comp 1 as Day 4 - Team Comp 1,A Group,,,,,,,,,,4 Attempts - 20 Races total,7,Go to Submit page,,,,,,,,,,,,,,,A Finals,6033,Re-use Day 4 - Team Comp 1 as Finals Team Comp,,,,,,,,,,https://drive.google.com/open?id=1WdZNsd3r5zcvefen9SpE_gvJt2lxXboD,1st,,,,,,,,,,,Yes,Dober is the three time QEII champ,https://drive.google.com/open?id=1RHlPA5npqGAkQqKdMaSrS4S82Pa78Qlx,https://drive.google.com/open?id=1czYGjUJeaSR782Y5ve0han4Vc-JFGwCe,,0,15,0,2,0,https://drive.google.com/open?id=1XEP_JaHDMPty13v6vYeqcStMp3zU0_Sa
9/25/2026 14:42:16,ExtraTricky,Graded (No Uma Restrictions),Get into A finals,I accept these terms,Finals,Windows,$101-500,2373,31-45 (roughly 5-6 per day),21-30 (roughly 3-4 per day),Discord - MooMooCord - https://discord.com/invite/moomoocows,5,,Oguri Cap (Christmas),End Closer,Ace built for this CM before CM start in Grand Concert scenario,3,0,0,0,2,1,0,Sweep Tosho,End Closer,Ace built for this CM before CM start in Grand Concert scenario,3,0,0,0,2,1,0,Nice Nature,Late Surger,Debuffer,0,0,1,2,3,0,0,4 Attempts - 20 Races total,19,Day 2,,,,,,,,,,,,,,Re-use Day 1 - Team Comp 1 as Day 2 - Team Comp 1,,,,,,,,,,4 Attempts - 20 Races total,19,Go to Submit page,,,,,,,,,,,,,,,Re-use Day 2 - Team Comp 1 as Day 3 - Team Comp 1,A Group,,,,,,,,,,4 Attempts - 20 Races total,13,Go to Submit page,,,,,,,,,,,,,,,Re-use Day 3 - Team Comp 1 as Day 4 - Team Comp 1,A Group,,,,,,,,,,4 Attempts - 20 Races total,18,Go to Submit page,,,,,,,,,,,,,,,A Finals,10853,Re-use Day 4 - Team Comp 1 as Finals Team Comp,,,,,,,,,,https://drive.google.com/open?id=1oKv0UokFhd5tYvrNRqrQopkWTHAnzq7I,1st,,,,,,,,,,,No,,https://drive.google.com/open?id=1tsoaW98r8K1RzrY_0h4hAUPmXZZD40fm,https://drive.google.com/open?id=18dkqxk3IHF2To5A4yIwg8eSW3t0-Nqc4,,0,7,2,3,0,https://drive.google.com/open?id=1P9DuqzsZuCrExDv4_fy1kFr6GyyGHj8O
9/25/2026 7:58:47,GracefulShade,Graded (No Uma Restrictions),Win A finals,I accept these terms,Finals,iOS - phone or tablet,$1-100,"1,521",21-30 (roughly 3-4 per day),31-45 (roughly 5-6 per day),YouTube - MooMooCows - https://www.youtube.com/@MooMooCows,5,,Rice Shower (Halloween),Pace Chaser,Ace built for this CM before CM start in Grand Concert scenario,3,0,0,0,2,1,0,Special Week,Pace Chaser,Ace built for this CM before CM start in Grand Concert scenario,3,0,0,0,2,1,0,Eishin Flash,Late Surger,Ace built for this CM before CM start in Grand Concert scenario,3,1,0,0,1,1,0,4 Attempts - 20 Races total,16,Go to Submit page,,,,,,,,,,,,,,Re-use Day 1 - Team Comp 1 as Day 2 - Team Comp 1,,,,,,,,,,4 Attempts - 20 Races total,16,Go to Submit page,,,,,,,,,,,,,,,Re-use Day 2 - Team Comp 1 as Day 3 - Team Comp 1,A Group,,,,,,,,,,4 Attempts - 20 Races total,12,Go to Submit page,,,,,,,,,,,,,,,Re-use Day 3 - Team Comp 1 as Day 4 - Team Comp 1,A Group,,,,,,,,,,4 Attempts - 20 Races total,12,Go to Submit page,,,,,,,,,,,,,,,A Finals,14822,Re-use Day 4 - Team Comp 1 as Finals Team Comp,,,,,,,,,,https://drive.google.com/open?id=1NhVuQJQG0v6pIq-lLkjgZ6QcthhobKZp,3rd,Yes,https://drive.google.com/open?id=10npKThJMe1XaNsZDFkl2BhIlAhykIJCY,https://drive.google.com/open?id=19pbY1YoFpVzXeB8GCSN_SBjEXHOWOsxy,https://drive.google.com/open?id=12ySSfd9189jtUbsjnrayYzdUaAuZ3nV_,0,11,3,0,3,https://drive.google.com/open?id=1Cp-VG-VZESc2vIKPGkg2XXrvGyJNEPyg,,,,,,,,,,,
9/25/2026 11:31:03,Kyosu,Graded (No Uma Restrictions),Get into A finals,I accept these terms,Finals,"Android - phone or tablet, Windows",$101-500,1726,31-45 (roughly 5-6 per day),6-10 (roughly 1 per day),"Discord - Pakacord! - https://discord.com/invite/umamusume, Twitch - MooMooCows - https://www.twitch.tv/moomoomoocows, YouTube - MooMooCows - https://www.youtube.com/@MooMooCows",5,,Oguri Cap (Christmas),Pace Chaser,Ace built for this CM before CM start in Grand Concert scenario,3,,,,2,1,,Fine Motion,Pace Chaser,Ace built for this CM before CM start in Grand Concert scenario,3,,,,2,1,,Grass Wonder,End Closer,Debuffer,2,,1,,2,1,,4 Attempts - 20 Races total,15,Go to Submit page,,,,,,,,,,,,,,Re-use Day 1 - Team Comp 1 as Day 2 - Team Comp 1,,,,,,,,,,4 Attempts - 20 Races total,15,Go to Submit page,,,,,,,,,,,,,,,Re-use Day 2 - Team Comp 1 as Day 3 - Team Comp 1,A Group,,,,,,,,,,4 Attempts - 20 Races total,13,Go to Submit page,,,,,,,,,,,,,,,Re-use Day 3 - Team Comp 1 as Day 4 - Team Comp 1,A Group,,,,,,,,,,4 Attempts - 20 Races total,15,Go to Submit page,,,,,,,,,,,,,,,A Finals,11066,Re-use Day 4 - Team Comp 1 as Finals Team Comp,,,,,,,,,,https://drive.google.com/open?id=1thx2dXBKZXgcOn6QqlkGYsnZdieUBvtS,1st,,,,,,,,,,,No,,https://drive.google.com/open?id=1JqxtokV7G6tOx_k2XQCMoIAD35-Fxwo0,https://drive.google.com/open?id=1kQknAZm5ykSWw9JK0ekYntobiBQjQlDJ,,,17,,,,https://drive.google.com/open?id=1WLqbZ5kXPvqq9aBbYO0JqhaFcA17lOol
9/22/2026 9:31:30,Confound,Graded (No Uma Restrictions),Win A finals,I accept these terms,Day 2,,$1-100,1355,31-45 (roughly 5-6 per day),21-30 (roughly 3-4 per day),,,,Rice Shower (Halloween),Pace Chaser,Ace built for this CM before CM start in Grand Concert scenario,3,,,,2,1,,Silence Suzuka,Runaway,Blocker/Overtake target/Throwaway/Niche role,1,,,,4,1,,Eishin Flash (Valentine),Late Surger,Debuffer,1,,,,5,,,4 Attempts - 20 Races total,14,Go to Submit page,,,,,,,,,,,,,,Re-use Day 1 - Team Comp 1 as Day 2 - Team Comp 1,,,,,,,,,,4 Attempts - 20 Races total,11,Day 3,,,,,,,,,,,,,,,Re-use Day 2 - Team Comp 1 as Day 3 - Team Comp 1,A Group,,,,,,,,,,4 Attempts - 20 Races total,2,Go to Submit page,,,,,,,,,,,,,,,,,,,,,,,,,,,,,,,,,,,,,,,,,,,,,,,,,,,,,,,,,,,,,,,,,,,,,,,,,,,,,
9/22/2026 22:29:15,Fnoot,Graded (No Uma Restrictions),Win A finals,I accept these terms,Day 3,Windows,$501-1000,950,6-10 (roughly 1 per day),6-10 (roughly 1 per day),Discord - MooMooCord - https://discord.com/invite/moomoocows,5,,Oguri Cap (Christmas),End Closer,Ace built for this CM before CM start in Grand Concert scenario,2,1,,,2,1,,Mayano Top Gun (Wedding),End Closer,Debuffer,1,2,,1,1,1,,Nice Nature,End Closer,Debuffer,1,2,,1,1,1,,4 Attempts - 20 Races total,8,Go to Submit page,,,,,,,,,,,,,,Re-use Day 1 - Team Comp 1 as Day 2 - Team Comp 1,,,,,,,,,,4 Attempts - 20 Races total,13,Go to Submit page,,,,,,,,,,,,,,,Re-use Day 2 - Team Comp 1 as Day 3 - Team Comp 1,A Group,,,,,,,,,,4 Attempts - 20 Races total,8,Go to Submit page,,,,,,,,,,,,,,,,,,,,,,,,,,,,,,,,,,,,,,,,,,,,,,,,,,,,,,,,,,,,,,,,,,,,,,,,,,,,,
9/25/2026 5:48:15,skuchi4,Graded (No Uma Restrictions),Get into A finals,I accept these terms,Finals,"Android - phone or tablet, Windows",$501-1000,1534,31-45 (roughly 5-6 per day),31-45 (roughly 5-6 per day),Discord - MooMooCord - https://discord.com/invite/moomoocows,5,"My only suggestion is re: the questions about weekly independent vs manual career count. I run exclusively independent trainings to parent farm for like ~2 weeks after the last CM (or however long it takes to get good parents for my aces). And then for 7-10 days leading up to the CM start, I'm doing exclusively manual careers to get my aces. So during parent farming, I'm doing 5-6 a day to use up my parent borrows. And then separately during ace runs, I'm usually doing 5 a day using my parent borrows. But with how those two questions are phrased right now, my answers to the questions imply that I'm running 10+ careers a day lmao.
My suggestion would be to keep one question for weekly career count, both independent and manual. A 2nd question could be how many independent careers/parent farming runs were done for *this CM*. And a 3rd question for how many manual/ace runs were done.",Oguri Cap (Christmas),End Closer,Ace built for this CM before CM start in Grand Concert scenario,2,1,0,0,2,1,0,Mayano Top Gun,End Closer,Ace built for this CM before CM start in Grand Concert scenario,3,0,0,0,2,1,,Mejiro Dober,Late Surger,Ace built for this CM before CM start in Grand Concert scenario,2,1,0,0,2,1,0,4 Attempts - 20 Races total,15,Go to Submit page,,,,,,,,,,,,,,Re-use Day 1 - Team Comp 1 as Day 2 - Team Comp 1,,,,,,,,,,4 Attempts - 20 Races total,18,Go to Submit page,,,,,,,,,,,,,,,Re-use Day 2 - Team Comp 1 as Day 3 - Team Comp 1,A Group,,,,,,,,,,4 Attempts - 20 Races total,14,Go to Submit page,,,,,,,,,,,,,,,Re-use Day 3 - Team Comp 1 as Day 4 - Team Comp 1,A Group,,,,,,,,,,4 Attempts - 20 Races total,16,Go to Submit page,,,,,,,,,,,,,,,A Finals,10619,Re-use Day 4 - Team Comp 1 as Finals Team Comp,,,,,,,,,,https://drive.google.com/open?id=1z-FyzxqyKcNVevhrxsR_ANewapcuD09X,1st,,,,,,,,,,,No,,https://drive.google.com/open?id=1rs5Xl8vauBp3c7hF5xqClEPTsSpwN78V,https://drive.google.com/open?id=16gbSA63Zjz9b9GMIRZxlT6jYi9EqD4sI,,0,7,5,0,2,https://drive.google.com/open?id=1sT-HefdVYkl2Pt7qk0oxYsMBeZC8b89D
9/25/2026 5:15:59,Adop <3 Curren,Graded (No Uma Restrictions),Win A finals,I accept these terms,Day 4,,$101-500,1150,31-45 (roughly 5-6 per day),11-20 (roughly 2-3 per day),,,,Ines Fujin,Front Runner,Hybrid (ace + debuffer),2,1,0,0,2,1,0,Mihono Bourbon,Front Runner,Ace built for this CM before CM start in Grand Concert scenario,3,0,0,0,2,1,0,Symboli Rudolf (Festival),Pace Chaser,Ace built for this CM before CM start in Grand Concert scenario,2,0,1,0,2,1,0,4 Attempts - 20 Races total,16,Go to Submit page,,,,,,,,,,,,,,Re-use Day 1 - Team Comp 2 as Day 2 - Team Comp 1,,,,,,,,,,4 Attempts - 20 Races total,13,Go to Submit page,,,,,,,,,,,,,,,Re-use Day 2 - Team Comp 1 as Day 3 - Team Comp 1,A Group,,,,,,,,,,4 Attempts - 20 Races total,15,Go to Submit page,,,,,,,,,,,,,,,Re-use Day 3 - Team Comp 1 as Day 4 - Team Comp 1,A Group,,,,,,,,,,4 Attempts - 20 Races total,13,Finals,,,,,,,,,,,,,,,A Finals,14312,Re-use Day 4 - Team Comp 1 as Finals Team Comp,,,,,,,,,,,2nd,No (goes to Submit page),,,,,,,,,,,,,,,,,,,,
9/24/2026 1:27:21,Kronen,Graded (No Uma Restrictions),Get into A finals,I accept these terms,Day 2,iOS - phone or tablet,$0,1115,6-10 (roughly 1 per day),6-10 (roughly 1 per day),Discord - MooMooCord - https://discord.com/invite/moomoocows,5,,Oguri Cap (Christmas),End Closer,Ace built for this CM before CM start in Grand Concert scenario,2,1,,,2,1,,Mejiro Dober,Late Surger,Ace built for this CM before CM start in Grand Concert scenario,2,1,,,2,1,,Mejiro Ryan,Late Surger,Ace built for this CM before CM start in Grand Concert scenario,2,1,,,2,1,,4 Attempts - 20 Races total,17,Go to Submit page,,,,,,,,,,,,,,Re-use Day 1 - Team Comp 1 as Day 2 - Team Comp 1,,,,,,,,,,4 Attempts - 20 Races total,14,Day 3,,,,,,,,,,,,,,,Re-use Day 2 - Team Comp 1 as Day 3 - Team Comp 1,A Group,,,,,,,,,,4 Attempts - 20 Races total,13,Day 4,,,,,,,,,,,,,,,Re-use Day 3 - Team Comp 1 as Day 4 - Team Comp 1,A Group,,,,,,,,,,4 Attempts - 20 Races total,10,Go to Submit page,,,,,,,,,,,,,,,,,,,,,,,,,,,,,,,,,,,,,,,,,,,,,,,,,
9/25/2026 11:38:12,BottlesMan,Graded (No Uma Restrictions),Win A finals,I accept these terms,Finals,"Android - phone or tablet, Windows",$101-500,1272,11-20 (roughly 2-3 per day),0-5 (less than 1 per day),"Discord - MooMooCord - https://discord.com/invite/moomoocows, Twitch - MooMooCows - https://www.twitch.tv/moomoomoocows, YouTube - MooMooCows - https://www.youtube.com/@MooMooCows",4,,Rice Shower (Halloween),Pace Chaser,Ace built for this CM before CM start in Grand Concert scenario,3,0,0,0,2,1,0,Mejiro Dober,Late Surger,Ace built for this CM before CM start in Grand Concert scenario,3,0,0,0,2,1,0,Symboli Rudolf,Front Runner,Debuffer,1,0,1,1,3,0,0,4 Attempts - 20 Races total,7,Go to Submit page,,,,,,,,,,,,,,Add new Team Comp as Day 2 - Team Comp 1,Rice Shower (Halloween),Pace Chaser,Ace built for this CM before CM start in Grand Concert scenario,Mejiro Dober,Late Surger,Ace built for this CM before CM start in Grand Concert scenario,Symboli Rudolf,Late Surger,Debuffer,4 Attempts - 20 Races total,11,Go to Submit page,,,,,,,,,,,,,,,Re-use Day 2 - Team Comp 1 as Day 3 - Team Comp 1,A Group,,,,,,,,,,4 Attempts - 20 Races total,9,Go to Submit page,,,,,,,,,,,,,,,Re-use Day 3 - Team Comp 1 as Day 4 - Team Comp 1,A Group,,,,,,,,,,4 Attempts - 20 Races total,9,Go to Submit page,,,,,,,,,,,,,,,A Finals,8298,Re-use Day 4 - Team Comp 1 as Finals Team Comp,,,,,,,,,,https://drive.google.com/open?id=1iqgUDOtDd4b8GaX1BHHqxswjkG73A0wW,2nd,No (goes to Submit page),,,,,,,,,,,,,,,,,,,,
9/25/2026 9:25:23,Zalnw770,Graded (No Uma Restrictions),Get into A finals,I accept these terms,Finals,"iOS - phone or tablet, Windows",$101-500,1750,21-30 (roughly 3-4 per day),21-30 (roughly 3-4 per day),Discord - MooMooCord - https://discord.com/invite/moomoocows,5,,Vodka,Late Surger,Ace built for this CM before CM start in Grand Concert scenario,3,0,0,0,2,1,0,Agnes Tachyon,Pace Chaser,Ace built for this CM before CM start in Grand Concert scenario,3,0,0,0,2,1,,Daiwa Scarlet,Pace Chaser,Ace built for this CM before CM start in Grand Concert scenario,3,0,0,0,2,1,0,4 Attempts - 20 Races total,15,Go to Submit page,,,,,,,,,,,,,,Re-use Day 1 - Team Comp 1 as Day 2 - Team Comp 1,,,,,,,,,,4 Attempts - 20 Races total,15,Go to Submit page,,,,,,,,,,,,,,,Re-use Day 2 - Team Comp 1 as Day 3 - Team Comp 1,A Group,,,,,,,,,,4 Attempts - 20 Races total,10,Go to Submit page,,,,,,,,,,,,,,,Re-use Day 3 - Team Comp 1 as Day 4 - Team Comp 1,A Group,,,,,,,,,,4 Attempts - 20 Races total,12,Go to Submit page,,,,,,,,,,,,,,,A Finals,9655,Re-use Day 4 - Team Comp 1 as Finals Team Comp,,,,,,,,,,,2nd,No (goes to Submit page),,,,,,,,,,,,,,,,,,,,
9/25/2026 6:05:43,hayashi,Graded (No Uma Restrictions),Get into A finals,I accept these terms,Finals,"Android - phone or tablet, Windows",$1001-5000,2129,21-30 (roughly 3-4 per day),6-10 (roughly 1 per day),"Discord - MooMooCord - https://discord.com/invite/moomoocows, YouTube - MooMooCows - https://www.youtube.com/@MooMooCows",,,Daiwa Scarlet,Pace Chaser,Ace built for this CM before CM start in Grand Concert scenario,3,,1,,1,1,,Sweep Tosho,End Closer,Ace built for this CM before CM start in Grand Concert scenario,3,,,,2,1,,Silence Suzuka,Runaway,Ace built for older CM,2,1,,,2,1,,4 Attempts - 20 Races total,14,Go to Submit page,,,,,,,,,,,,,,Re-use Day 1 - Team Comp 1 as Day 2 - Team Comp 1,,,,,,,,,,4 Attempts - 20 Races total,15,Go to Submit page,,,,,,,,,,,,,,,Re-use Day 2 - Team Comp 1 as Day 3 - Team Comp 1,A Group,,,,,,,,,,4 Attempts - 20 Races total,13,Go to Submit page,,,,,,,,,,,,,,,Re-use Day 3 - Team Comp 1 as Day 4 - Team Comp 1,A Group,,,,,,,,,,4 Attempts - 20 Races total,13,Go to Submit page,,,,,,,,,,,,,,,A Finals,9662,Re-use Day 4 - Team Comp 1 as Finals Team Comp,,,,,,,,,,https://drive.google.com/open?id=15__MAi5bE5_ZaEh4rmbUewrckyDMrGJ5,3rd,No (goes to Submit page),,,,,,,,,,,,,,,,,,,,
9/25/2026 12:48:00,Theodore,Graded (No Uma Restrictions),Get into A finals,I accept these terms,Finals,iOS - phone or tablet,$501-1000,1847,21-30 (roughly 3-4 per day),11-20 (roughly 2-3 per day),"Twitch - MooMooCows - https://www.twitch.tv/moomoomoocows, YouTube - MooMooCows - https://www.youtube.com/@MooMooCows",4,,Oguri Cap (Christmas),Pace Chaser,Ace built for this CM before CM start in Grand Concert scenario,2,1,,,2,1,,Mayano Top Gun,Pace Chaser,Ace built for this CM before CM start in Grand Concert scenario,3,,,,2,1,,Grass Wonder,Late Surger,Debuffer,1,1,,,3,1,,4 Attempts - 20 Races total,16,Go to Submit page,,,,,,,,,,,,,,Re-use Day 1 - Team Comp 1 as Day 2 - Team Comp 1,,,,,,,,,,4 Attempts - 20 Races total,19,Go to Submit page,,,,,,,,,,,,,,,Re-use Day 2 - Team Comp 1 as Day 3 - Team Comp 1,A Group,,,,,,,,,,4 Attempts - 20 Races total,17,Go to Submit page,,,,,,,,,,,,,,,Re-use Day 3 - Team Comp 1 as Day 4 - Team Comp 1,A Group,,,,,,,,,,4 Attempts - 20 Races total,14,Go to Submit page,,,,,,,,,,,,,,,A Finals,11824,Re-use Day 4 - Team Comp 1 as Finals Team Comp,,,,,,,,,,https://drive.google.com/open?id=1qrCbmwFW8SqYP_ZebXv9EVNYyxRoD6xZ,1st,,,,,,,,,,,No,,https://drive.google.com/open?id=1TiOuGh-VxIDdS79x2be7NsMPNyTG1AFx,https://drive.google.com/open?id=1WdzkU4OMb9Ka_ZrDZHQ2c6ZUv7vP5Up-,,,7,6,,,https://drive.google.com/open?id=1uP9IO1wjlNOlO-euV20CdDDsPWTbF3lJ
9/23/2026 20:29:13,Drey,Graded (No Uma Restrictions),Get into A finals,I accept these terms,Day 4,Windows,$101-500,,11-20 (roughly 2-3 per day),0-5 (less than 1 per day),Discord - MooMooCord - https://discord.com/invite/moomoocows,,,Mejiro Dober (Camping),Late Surger,Ace built for this CM before CM start in Grand Concert scenario,,,,,,,,Admire Vega,End Closer,Ace built for this CM before CM start in Grand Concert scenario,,,,,,,,Symboli Rudolf,Front Runner,Debuffer,,,,,,,,4 Attempts - 20 Races total,14,Go to Submit page,,,,,,,,,,,,,,Re-use Day 1 - Team Comp 1 as Day 2 - Team Comp 1,,,,,,,,,,4 Attempts - 20 Races total,12,Go to Submit page,,,,,,,,,,,,,,,Re-use Day 2 - Team Comp 1 as Day 3 - Team Comp 1,A Group,,,,,,,,,,4 Attempts - 20 Races total,10,Go to Submit page,,,,,,,,,,,,,,,Re-use Day 3 - Team Comp 1 as Day 4 - Team Comp 1,A Group,,,,,,,,,,4 Attempts - 20 Races total,7,Go to Submit page,,,,,,,,,,,,,,,,,,,,,,,,,,,,,,,,,,,,,,,,,,,,,,,,,
9/23/2026 17:26:01,Tea,Graded (No Uma Restrictions),Win A finals,I accept these terms,Day 2,"iOS - phone or tablet, Android - phone or tablet, Windows",$1-100,,46+ (more than 6 per day),31-45 (roughly 5-6 per day),"Discord - MooMooCord - https://discord.com/invite/moomoocows, YouTube - MooMooCows - https://www.youtube.com/@MooMooCows",5,,Sweep Tosho,End Closer,Ace built for this CM before CM start in Grand Concert scenario,2,1,0,0,2,1,0,Agnes Tachyon,End Closer,Debuffer,,,,,,,,Grass Wonder,End Closer,Debuffer,,,,,,,,4 Attempts - 20 Races total,15,Go to Submit page,,,,,,,,,,,,,,Re-use Day 1 - Team Comp 1 as Day 2 - Team Comp 1,,,,,,,,,,4 Attempts - 20 Races total,13,Day 3,,,,,,,,,,,,,,,Re-use Day 2 - Team Comp 1 as Day 3 - Team Comp 1,A Group,,,,,,,,,,4 Attempts - 20 Races total,8,Day 4,,,,,,,,,,,,,,,Re-use Day 3 - Team Comp 1 as Day 4 - Team Comp 1,A Group,,,,,,,,,,4 Attempts - 20 Races total,10,Go to Submit page,,,,,,,,,,,,,,,,,,,,,,,,,,,,,,,,,,,,,,,,,,,,,,,,,
9/23/2026 21:38:39,Nicoti,Graded (No Uma Restrictions),Get into A finals,I accept these terms,Day 4,,,,,,,,,T.M. Opera O (New Year),Front Runner,Ace built for this CM before CM start in Grand Concert scenario,,,,,,,,Agnes Tachyon,End Closer,Debuffer,,,,,,,,Mayano Top Gun (Wedding),Front Runner,Debuffer,,,,,,,,4 Attempts - 20 Races total,13,Go to Submit page,,,,,,,,,,,,,,Re-use Day 1 - Team Comp 1 as Day 2 - Team Comp 1,,,,,,,,,,4 Attempts - 20 Races total,10,Go to Submit page,,,,,,,,,,,,,,,Re-use Day 2 - Team Comp 1 as Day 3 - Team Comp 1,A Group,,,,,,,,,,4 Attempts - 20 Races total,11,Go to Submit page,,,,,,,,,,,,,,,Re-use Day 3 - Team Comp 1 as Day 4 - Team Comp 1,A Group,,,,,,,,,,4 Attempts - 20 Races total,9,Go to Submit page,,,,,,,,,,,,,,,,,,,,,,,,,,,,,,,,,,,,,,,,,,,,,,,,,
9/24/2026 3:43:54,SleekCarpet,Graded (No Uma Restrictions),Win A finals,I accept these terms,Day 4,"Android - phone or tablet, Windows",$1-100,1123,11-20 (roughly 2-3 per day),6-10 (roughly 1 per day),Discord - MooMooCord - https://discord.com/invite/moomoocows,,,Oguri Cap (Christmas),End Closer,Ace built for this CM before CM start in Grand Concert scenario,2,1,,,2,1,,Gold Ship,End Closer,Ace built for this CM before CM start in Grand Concert scenario,3,,,,2,1,,Tamamo Cross (Festival),Pace Chaser,Ace built for this CM before CM start in Grand Concert scenario,2,1,,,2,1,,4 Attempts - 20 Races total,14,Go to Submit page,,,,,,,,,,,,,,Re-use Day 1 - Team Comp 1 as Day 2 - Team Comp 1,,,,,,,,,,4 Attempts - 20 Races total,9,Go to Submit page,,,,,,,,,,,,,,,Re-use Day 2 - Team Comp 1 as Day 3 - Team Comp 1,A Group,,,,,,,,,,4 Attempts - 20 Races total,12,Go to Submit page,,,,,,,,,,,,,,,Re-use Day 3 - Team Comp 1 as Day 4 - Team Comp 1,A Group,,,,,,,,,,4 Attempts - 20 Races total,10,Go to Submit page,,,,,,,,,,,,,,,,,,,,,,,,,,,,,,,,,,,,,,,,,,,,,,,,,
9/23/2026 10:15:20,Ikuyoru,Graded (No Uma Restrictions),Get into A finals,I accept these terms,Day 3,Windows,$0,719,21-30 (roughly 3-4 per day),6-10 (roughly 1 per day),Discord - MooMooCord - https://discord.com/invite/moomoocows,5,,Rice Shower,Pace Chaser,Ace built for this CM before CM start in Grand Concert scenario,2,1,0,0,2,1,0,Silence Suzuka,Runaway,Blocker/Overtake target/Throwaway/Niche role,2,1,0,0,2,1,0,Grass Wonder,Late Surger,Debuffer,1,0,0,0,4,1,0,4 Attempts - 20 Races total,8,Go to Submit page,,,,,,,,,,,,,,Re-use Day 1 - Team Comp 1 as Day 2 - Team Comp 1,,,,,,,,,,4 Attempts - 20 Races total,12,Go to Submit page,,,,,,,,,,,,,,,Re-use Day 2 - Team Comp 1 as Day 3 - Team Comp 1,A Group,,,,,,,,,,4 Attempts - 20 Races total,1,Day 4,,,,,,,,,,,,,,,Re-use Day 3 - Team Comp 1 as Day 4 - Team Comp 1,A Group,,,,,,,,,,3 Attempts - 15 Races total,5,Go to Submit page,,,,,,,,,,,,,,,,,,,,,,,,,,,,,,,,,,,,,,,,,,,,,,,,,
9/25/2026 17:01:32,Fate,Graded (No Uma Restrictions),Win A finals,I accept these terms,Finals,"iOS - phone or tablet, Windows",$0,1977,11-20 (roughly 2-3 per day),21-30 (roughly 3-4 per day),YouTube - MooMooCows - https://www.youtube.com/@MooMooCows,5,,Mayano Top Gun,Pace Chaser,Ace built for this CM before CM start in Grand Concert scenario,2,1,0,0,2,1,0,Eishin Flash (Valentine),End Closer,Debuffer,,,,,,,,Grass Wonder,End Closer,Debuffer,,,,,,,,4 Attempts - 20 Races total,12,Go to Submit page,,,,,,,,,,,,,,Re-use Day 1 - Team Comp 1 as Day 2 - Team Comp 1,,,,,,,,,,4 Attempts - 20 Races total,12,Go to Submit page,,,,,,,,,,,,,,,Re-use Day 2 - Team Comp 1 as Day 3 - Team Comp 1,A Group,,,,,,,,,,4 Attempts - 20 Races total,9,Go to Submit page,,,,,,,,,,,,,,,Re-use Day 3 - Team Comp 1 as Day 4 - Team Comp 1,A Group,,,,,,,,,,4 Attempts - 20 Races total,12,Go to Submit page,,,,,,,,,,,,,,,A Finals,8336,Re-use Day 4 - Team Comp 1 as Finals Team Comp,,,,,,,,,,https://drive.google.com/open?id=1JXCTXIGTNE0jey4ILMLzsfS2w7FGHWST,1st,,,,,,,,,,,Yes,Love > Meta,https://drive.google.com/open?id=1ZB47siZRSI0N3kwRAG1UGB_Ku20b4cjM,https://drive.google.com/open?id=1aEAW0B0b5oHBsYeV_B9-YzF7l3KNPmu7,,0,8,8,0,0,https://drive.google.com/open?id=1r3tJRyAIrliobeoay0MQSlfRvH-WEC-p
9/25/2026 7:24:50,sun,Graded (No Uma Restrictions),Win A finals,I accept these terms,Finals,iOS - phone or tablet,$1-100,1258,21-30 (roughly 3-4 per day),11-20 (roughly 2-3 per day),Discord - MooMooCord - https://discord.com/invite/moomoocows,,,Oguri Cap (Christmas),End Closer,Ace built for this CM before CM start in Grand Concert scenario,3,,,,2,1,,Fine Motion,Pace Chaser,Ace built for this CM before CM start in Grand Concert scenario,3,,,,2,1,,Eishin Flash (Valentine),Front Runner,Debuffer,,,,,,,,4 Attempts - 20 Races total,17,Go to Submit page,,,,,,,,,,,,,,Re-use Day 1 - Team Comp 1 as Day 2 - Team Comp 1,,,,,,,,,,4 Attempts - 20 Races total,17,Go to Submit page,,,,,,,,,,,,,,,Re-use Day 2 - Team Comp 1 as Day 3 - Team Comp 1,A Group,,,,,,,,,,4 Attempts - 20 Races total,17,Go to Submit page,,,,,,,,,,,,,,,Re-use Day 3 - Team Comp 1 as Day 4 - Team Comp 1,A Group,,,,,,,,,,4 Attempts - 20 Races total,17,Go to Submit page,,,,,,,,,,,,,,,A Finals,11419,Re-use Day 4 - Team Comp 1 as Finals Team Comp,,,,,,,,,,https://drive.google.com/open?id=16nnZYKfUE8kn7YIkoIGAG9Ru8z5FHjJF,1st,,,,,,,,,,,No,,https://drive.google.com/open?id=1kVCtEOL__1CSe5_5aYWjKZ3hiIa6JG-Y,https://drive.google.com/open?id=1w7bi7HaOqjUOHD02kNH2lqBSDylZb_CF,,,12,,,3,https://drive.google.com/open?id=1J0cR5ExivdmhmUDBALwcEZ8XmirieIa2
9/25/2026 6:28:24,Zenith,Graded (No Uma Restrictions),Collect participation rewards,I accept these terms,Finals,Windows,$0,1283,21-30 (roughly 3-4 per day),11-20 (roughly 2-3 per day),"Discord - MooMooCord - https://discord.com/invite/moomoocows, YouTube - MooMooCows - https://www.youtube.com/@MooMooCows",,,Seiun Sky,Pace Chaser,Ace built for this CM before CM start in Grand Concert scenario,3,,,,2,1,,Agnes Tachyon,End Closer,Debuffer,,,,,,,,Grass Wonder,End Closer,Debuffer,,,,,,,,4 Attempts - 20 Races total,12,Go to Submit page,,,,,,,,,,,,,,Re-use Day 1 - Team Comp 1 as Day 2 - Team Comp 1,,,,,,,,,,4 Attempts - 20 Races total,10,Go to Submit page,,,,,,,,,,,,,,,Re-use Day 2 - Team Comp 1 as Day 3 - Team Comp 1,A Group,,,,,,,,,,4 Attempts - 20 Races total,10,Go to Submit page,,,,,,,,,,,,,,,Re-use Day 3 - Team Comp 1 as Day 4 - Team Comp 1,A Group,,,,,,,,,,4 Attempts - 20 Races total,13,Go to Submit page,,,,,,,,,,,,,,,A Finals,10950,Re-use Day 4 - Team Comp 1 as Finals Team Comp,,,,,,,,,,https://drive.google.com/open?id=1AC0CwQRbW9LRlnAHocl5B_UzhCKO_i5E,2nd,No (goes to Submit page),,,,,,,,,,,,,,,,,,,,
9/25/2026 16:49:22,norse,Graded (No Uma Restrictions),Win A finals,I accept these terms,Finals,,$101-500,,31-45 (roughly 5-6 per day),11-20 (roughly 2-3 per day),Discord - Pakacord! - https://discord.com/invite/umamusume,,,Gold Ship,End Closer,Ace built for this CM before CM start in Grand Concert scenario,3,,,,2,1,,T.M. Opera O (New Year),Pace Chaser,Ace built for this CM before CM start in Grand Concert scenario,3,,,,2,1,,Mejiro McQueen,Pace Chaser,Ace built for this CM before CM start in Grand Concert scenario,3,,,,2,1,,4 Attempts - 20 Races total,16,Go to Submit page,,,,,,,,,,,,,,Re-use Day 1 - Team Comp 1 as Day 2 - Team Comp 1,,,,,,,,,,4 Attempts - 20 Races total,14,Go to Submit page,,,,,,,,,,,,,,,Re-use Day 2 - Team Comp 1 as Day 3 - Team Comp 1,A Group,,,,,,,,,,4 Attempts - 20 Races total,9,Go to Submit page,,,,,,,,,,,,,,,Re-use Day 3 - Team Comp 1 as Day 4 - Team Comp 1,A Group,,,,,,,,,,4 Attempts - 20 Races total,14,Go to Submit page,,,,,,,,,,,,,,,A Finals,9640,Re-use Day 4 - Team Comp 1 as Finals Team Comp,,,,,,,,,,https://drive.google.com/open?id=1lo9YF-DOZ-HdnufkylRU6QkG0BB1-36b,2nd,Yes,https://drive.google.com/open?id=1MHlqZJ4WChs5nXrk3daxkqtmhUioigd5,https://drive.google.com/open?id=1GKwjqc6PG7I32IlDFTqSRAJa4rjPnuMp,,3,,9,2,,https://drive.google.com/open?id=1fe2RmAb6g2RztzFcc_3LADI5NKvPzKyJ,,,,,,,,,,,
9/25/2026 17:56:27,Crkva,Graded (No Uma Restrictions),Win A finals,I accept these terms,Finals,Windows,$0,,0-5 (less than 1 per day),31-45 (roughly 5-6 per day),YouTube - MooMooCows - https://www.youtube.com/@MooMooCows,,,El Condor Pasa (Fantasy),Late Surger,Ace built for this CM before CM start in Grand Concert scenario,2,1,0,0,2,1,0,T.M. Opera O (New Year),Late Surger,Ace built for this CM before CM start in Grand Concert scenario,2,1,0,0,2,1,0,Oguri Cap (Christmas),End Closer,Ace built for this CM before CM start in Grand Concert scenario,2,1,0,0,2,1,0,4 Attempts - 20 Races total,13,Go to Submit page,,,,,,,,,,,,,,Add new Team Comp as Day 2 - Team Comp 1,El Condor Pasa (Fantasy),Late Surger,Ace built for this CM before CM start in Grand Concert scenario,T.M. Opera O (New Year),Late Surger,Ace built for this CM before CM start in Grand Concert scenario,Nice Nature,Late Surger,Debuffer,4 Attempts - 20 Races total,15,Go to Submit page,,,,,,,,,,,,,,,Add new Team Comp as Day 3 - Team Comp 1,A Group,El Condor Pasa (Fantasy),Late Surger,Ace built for this CM before CM start in Grand Concert scenario,T.M. Opera O (New Year),Late Surger,Ace built for this CM before CM start in Grand Concert scenario,Nice Nature,Late Surger,Debuffer,3 Attempts - 15 Races total,2,Day 3 - Add 2nd Team,Add new Team Comp as Day 3 - Team Comp 2,Oguri Cap (Christmas),End Closer,Ace built for this CM before CM start in Grand Concert scenario,Symboli Rudolf,Late Surger,Debuffer,Grass Wonder,Late Surger,Debuffer,1 Attempt - 5 Races total,4,2 teams,Go to Submit page,Add a new Team Comp as Day 4 - Team Comp 1,A Group,El Condor Pasa (Fantasy),Late Surger,Ace built for this CM before CM start in Grand Concert scenario,T.M. Opera O (New Year),Late Surger,Ace built for this CM before CM start in Grand Concert scenario,Oguri Cap (Christmas),End Closer,Ace built for this CM before CM start in Grand Concert scenario,4 Attempts - 20 Races total,13,Go to Submit page,,,,,,,,,,,,,,,A Finals,10618,Add new Team Comp as Finals Team Comp,T.M. Opera O (New Year),Late Surger,Ace built for this CM before CM start in Grand Concert scenario,El Condor Pasa (Fantasy),Late Surger,Ace built for this CM before CM start in Grand Concert scenario,Oguri Cap (Christmas),End Closer,Ace built for this CM before CM start in Grand Concert scenario,https://drive.google.com/open?id=1WLPGky32oJ3CwCm-XeIBervodUuqiuXQ,1st,,,,,,,,,,,Yes,The Overlord doesn't care about Dominators,https://drive.google.com/open?id=1mKQ7v46HYxd8yBhZSaOFG_tHetf8ay6K,https://drive.google.com/open?id=1K4pUm-OMpZ2lxSWwpcofWzE0UOa2sCmF,,,10,6,,,https://drive.google.com/open?id=1-jf0MbWHxVjetvnqEBEYM4p4pGKlpMWB
9/25/2026 0:57:48,Tempesty,Graded (No Uma Restrictions),Rather not say,I accept these terms,Day 2,"Android - phone or tablet, Windows",$501-1000,,11-20 (roughly 2-3 per day),11-20 (roughly 2-3 per day),Discord - MooMooCord - https://discord.com/invite/moomoocows,,,Kitasan Black,Front Runner,Ace built for this CM before CM start in Grand Concert scenario,2,1,,,2,1,,Mihono Bourbon (Valentine),Front Runner,Ace built for this CM before CM start in Grand Concert scenario,2,1,,,2,1,,Nice Nature,Late Surger,Debuffer,,,,,6,,,3 Attempts - 15 Races total,8,Go to Submit page,,,,,,,,,,,,,,Re-use Day 1 - Team Comp 1 as Day 2 - Team Comp 1,,,,,,,,,,2 Attempts - 10 Races total,5,Day 3,,,,,,,,,,,,,,,Re-use Day 2 - Team Comp 1 as Day 3 - Team Comp 1,A Group,,,,,,,,,,4 Attempts - 20 Races total,11,Day 4,,,,,,,,,,,,,,,Re-use Day 3 - Team Comp 1 as Day 4 - Team Comp 1,A Group,,,,,,,,,,4 Attempts - 20 Races total,14,Go to Submit page,,,,,,,,,,,,,,,,,,,,,,,,,,,,,,,,,,,,,,,,,,,,,,,,,
9/25/2026 5:14:49,Malevian,Graded (No Uma Restrictions),Get into A finals,I accept these terms,Finals,"Android - phone or tablet, Windows",$1-100,1445,21-30 (roughly 3-4 per day),6-10 (roughly 1 per day),Discord - MooMooCord - https://discord.com/invite/moomoocows,5,,Tamamo Cross (Festival),Pace Chaser,Ace built for this CM before CM start in Grand Concert scenario,2,1,,,2,1,,Gold Ship,End Closer,Ace built for this CM before CM start in Grand Concert scenario,3,1,,,1,1,,Oguri Cap (Christmas),End Closer,Ace built for this CM before CM start in Grand Concert scenario,2,1,,,2,1,,4 Attempts - 20 Races total,13,Go to Submit page,,,,,,,,,,,,,,Re-use Day 1 - Team Comp 1 as Day 2 - Team Comp 1,,,,,,,,,,4 Attempts - 20 Races total,16,Go to Submit page,,,,,,,,,,,,,,,Re-use Day 2 - Team Comp 1 as Day 3 - Team Comp 1,A Group,,,,,,,,,,4 Attempts - 20 Races total,9,Go to Submit page,,,,,,,,,,,,,,,Re-use Day 3 - Team Comp 1 as Day 4 - Team Comp 1,A Group,,,,,,,,,,4 Attempts - 20 Races total,6,Go to Submit page,,,,,,,,,,,,,,,A Finals,9086,Re-use Day 4 - Team Comp 1 as Finals Team Comp,,,,,,,,,,,2nd,No (goes to Submit page),,,,,,,,,,,,,,,,,,,,
9/25/2026 9:48:41,hirezo@MMC,Graded (No Uma Restrictions),Win A finals,I accept these terms,Finals,"Android - phone or tablet, Windows",$0,463,11-20 (roughly 2-3 per day),6-10 (roughly 1 per day),,5,,Oguri Cap (Christmas),Pace Chaser,Ace built for this CM before CM start in Grand Concert scenario,3,0,0,0,2,1,0,Grass Wonder,Late Surger,Debuffer,,,,,,,,Agnes Tachyon,Late Surger,Debuffer,,,,,,,,4 Attempts - 20 Races total,13,Go to Submit page,,,,,,,,,,,,,,Re-use Day 1 - Team Comp 1 as Day 2 - Team Comp 1,,,,,,,,,,4 Attempts - 20 Races total,8,Day 3,,,,,,,,,,,,,,,Re-use Day 2 - Team Comp 1 as Day 3 - Team Comp 1,A Group,,,,,,,,,,4 Attempts - 20 Races total,7,Go to Submit page,,,,,,,,,,,,,,,Re-use Day 3 - Team Comp 1 as Day 4 - Team Comp 1,A Group,,,,,,,,,,4 Attempts - 20 Races total,11,Go to Submit page,,,,,,,,,,,,,,,A Finals,7778,Re-use Day 4 - Team Comp 1 as Finals Team Comp,,,,,,,,,,https://drive.google.com/open?id=1v5xcI-T9UtIyUPlLJAJTzqQHtsZGs2VI,1st,,,,,,,,,,,No,,https://drive.google.com/open?id=1KLWFjXYCGgpGe8ZpH41WmDZh9y3-rRgS,https://drive.google.com/open?id=1pveMkaUF4_12HFLoPYEMVbmBmLUS9l-I,,2,12,2,,,https://drive.google.com/open?id=1pV346PRmP4HPoyGMf5NTgcuHYTgWPZ2u
9/25/2026 20:35:24,Sol,Graded (No Uma Restrictions),Win A finals,I accept these terms,Finals,"Android - phone or tablet, Windows",$101-500,2328,31-45 (roughly 5-6 per day),0-5 (less than 1 per day),"Twitch - MooMooCows - https://www.twitch.tv/moomoomoocows, YouTube - MooMooCows - https://www.youtube.com/@MooMooCows",5,,Symboli Rudolf,Late Surger,Ace built for this CM before CM start in Grand Concert scenario,3,1,0,0,1,1,0,Mejiro Dober (Camping),Late Surger,Ace built for this CM before CM start in Grand Concert scenario,2,1,0,0,2,1,0,Oguri Cap (Christmas),End Closer,Ace built for this CM before CM start in Grand Concert scenario,3,1,0,0,1,1,0,4 Attempts - 20 Races total,15,Go to Submit page,,,,,,,,,,,,,,Re-use Day 1 - Team Comp 1 as Day 2 - Team Comp 1,,,,,,,,,,4 Attempts - 20 Races total,19,Day 3,,,,,,,,,,,,,,,Re-use Day 2 - Team Comp 1 as Day 3 - Team Comp 1,A Group,,,,,,,,,,4 Attempts - 20 Races total,14,Day 4,,,,,,,,,,,,,,,Re-use Day 3 - Team Comp 1 as Day 4 - Team Comp 1,A Group,,,,,,,,,,4 Attempts - 20 Races total,16,Go to Submit page,,,,,,,,,,,,,,,A Finals,12730,Re-use Day 4 - Team Comp 1 as Finals Team Comp,,,,,,,,,,https://drive.google.com/open?id=1PqWO3mWk8TFnMXfiNX_8kqT53YS0dGAL,1st,,,,,,,,,,,No,,https://drive.google.com/open?id=1n9Zc4Wj0L4_CzJwfJsDg9l1Vxu80mX9W,https://drive.google.com/open?id=1BD82oNGyPHWMKaC3-SpZc8QmRW8ArRaJ,,5,0,2,0,8,https://drive.google.com/open?id=12umCc31rV8sDR7M4zzQhBVy1y2kkYq8x
9/25/2026 11:05:23,Matade,Graded (No Uma Restrictions),Get into B finals,I accept these terms,Finals,"Android - phone or tablet, Windows",$1-100,1018,6-10 (roughly 1 per day),0-5 (less than 1 per day),YouTube - MooMooCows - https://www.youtube.com/@MooMooCows,5,,Super Creek,Pace Chaser,Ace built for this CM before CM start in Grand Concert scenario,3,0,0,0,2,1,0,Grass Wonder,Late Surger,Ace built for this CM before CM start in Grand Concert scenario,3,0,0,0,2,1,0,Mejiro Ardan,Pace Chaser,Ace built for this CM before CM start in Grand Concert scenario,3,0,0,0,2,1,0,4 Attempts - 20 Races total,6,Go to Submit page,,,,,,,,,,,,,,Re-use Day 1 - Team Comp 1 as Day 2 - Team Comp 1,,,,,,,,,,4 Attempts - 20 Races total,12,Go to Submit page,,,,,,,,,,,,,,,Re-use Day 2 - Team Comp 1 as Day 3 - Team Comp 1,A Group,,,,,,,,,,4 Attempts - 20 Races total,2,Go to Submit page,,,,,,,,,,,,,,,Re-use Day 3 - Team Comp 1 as Day 4 - Team Comp 1,A Group,,,,,,,,,,4 Attempts - 20 Races total,4,Go to Submit page,,,,,,,,,,,,,,,B Finals,2091,Re-use Day 4 - Team Comp 1 as Finals Team Comp,,,,,,,,,,https://drive.google.com/open?id=1JieuP5neYGI04DvepAOGU5FA_1uJjWlc,1st,,,,,,,,,,,Yes,"I hereby vow, to help Mejiro Ardan win in future champions meetings. This is not but only the beginning",https://drive.google.com/open?id=13zLE9esQqpLgr9s-xyn2ozdF8MdXBYoz,https://drive.google.com/open?id=1bVmdrKVNlsE4Uoj4ukYjeOPD-6BVubrI,,0,14,3,0,0,https://drive.google.com/open?id=1n89pFqE881S0eJRX9ejf9HD6DhIFBd7w
9/25/2026 10:59:56,Holic,Graded (No Uma Restrictions),Get into A finals,I accept these terms,Finals,"Android - phone or tablet, Windows",$0,1030,11-20 (roughly 2-3 per day),0-5 (less than 1 per day),Discord - MooMooCord - https://discord.com/invite/moomoocows,5,,Mejiro McQueen,Pace Chaser,Ace built for this CM before CM start in Grand Concert scenario,2,1,,,2,1,,Nakayama Festa,Late Surger,Ace built for this CM before CM start in Grand Concert scenario,2,1,,,2,1,,Mejiro Dober,Late Surger,Ace built for this CM before CM start in Grand Concert scenario,2,1,,,2,1,,4 Attempts - 20 Races total,8,Go to Submit page,,,,,,,,,,,,,,Re-use Day 1 - Team Comp 1 as Day 2 - Team Comp 1,,,,,,,,,,4 Attempts - 20 Races total,10,Go to Submit page,,,,,,,,,,,,,,,Re-use Day 2 - Team Comp 1 as Day 3 - Team Comp 1,A Group,,,,,,,,,,4 Attempts - 20 Races total,8,Go to Submit page,,,,,,,,,,,,,,,Re-use Day 3 - Team Comp 1 as Day 4 - Team Comp 1,A Group,,,,,,,,,,4 Attempts - 20 Races total,2,Go to Submit page,,,,,,,,,,,,,,,A Finals,10491,Re-use Day 4 - Team Comp 1 as Finals Team Comp,,,,,,,,,,,2nd,No (goes to Submit page),,,,,,,,,,,,,,,,,,,,
9/20/2026 15:29:14,Whatsthis,Graded (No Uma Restrictions),Win A finals,I accept these terms,Day 1,"Android - phone or tablet, Windows",$1001-5000,,31-45 (roughly 5-6 per day),11-20 (roughly 2-3 per day),Twitch - MooMooCows - https://www.twitch.tv/moomoomoocows,,,Oguri Cap (Christmas),End Closer,Ace built for this CM before CM start in Grand Concert scenario,,,,,,,,Nice Nature,Late Surger,Debuffer,,,,,,,,Super Creek (Halloween),End Closer,Debuffer,,,,,,,,4 Attempts - 20 Races total,17,Go to Submit page,,,,,,,,,,,,,,,,,,,,,,,,,,,,,,,,,,,,,,,,,,,,,,,,,,,,,,,,,,,,,,,,,,,,,,,,,,,,,,,,,,,,,,,,,,,,,,,,,,,,,,,,,,,,,,,,,,,,,,,,,,,,,,,,,,,
9/25/2026 12:15:32,Riri,Graded (No Uma Restrictions),Get into A finals,I accept these terms,Finals,Android - phone or tablet,$101-500,,21-30 (roughly 3-4 per day),6-10 (roughly 1 per day),Discord - MooMooCord - https://discord.com/invite/moomoocows,4,,El Condor Pasa (Fantasy),Late Surger,Ace built for this CM before CM start in Grand Concert scenario,,,,,,,,Yaeno Muteki,Late Surger,Ace built for this CM before CM start in Grand Concert scenario,,,,,,,,Nakayama Festa,Late Surger,Ace built for this CM before CM start in Grand Concert scenario,,,,,,,,4 Attempts - 20 Races total,9,Go to Submit page,,,,,,,,,,,,,,Add new Team Comp as Day 2 - Team Comp 1,El Condor Pasa (Fantasy),Late Surger,Ace built for this CM before CM start in Grand Concert scenario,Yaeno Muteki,Late Surger,Ace built for this CM before CM start in Grand Concert scenario,Hishi Amazon,End Closer,Ace built for this CM before CM start in Grand Concert scenario,4 Attempts - 20 Races total,10,Day 3,,,,,,,,,,,,,,,Re-use Day 2 - Team Comp 1 as Day 3 - Team Comp 1,A Group,,,,,,,,,,4 Attempts - 20 Races total,6,Day 4,,,,,,,,,,,,,,,Re-use Day 3 - Team Comp 1 as Day 4 - Team Comp 1,A Group,,,,,,,,,,4 Attempts - 20 Races total,13,Go to Submit page,,,,,,,,,,,,,,,A Finals,,Re-use Day 4 - Team Comp 1 as Finals Team Comp,,,,,,,,,,,3rd,No (goes to Submit page),,,,,,,,,,,,,,,,,,,,
9/25/2026 13:47:47,Lasercar,Graded (No Uma Restrictions),Win A finals,I accept these terms,Finals,"iOS - phone or tablet, Windows",$1-100,1677,31-45 (roughly 5-6 per day),11-20 (roughly 2-3 per day),"Discord - MooMooCord - https://discord.com/invite/moomoocows, Twitch - MooMooCows - https://www.twitch.tv/moomoomoocows",5,,Mihono Bourbon,Front Runner,Ace built for this CM before CM start in Grand Concert scenario,3,,,,2,1,,Silence Suzuka,Runaway,Blocker/Overtake target/Throwaway/Niche role,,1,,,4,1,,Grass Wonder,End Closer,Debuffer,1,,,,3,2,,4 Attempts - 20 Races total,16,Go to Submit page,,,,,,,,,,,,,,Re-use Day 1 - Team Comp 1 as Day 2 - Team Comp 1,,,,,,,,,,4 Attempts - 20 Races total,19,Go to Submit page,,,,,,,,,,,,,,,Re-use Day 2 - Team Comp 1 as Day 3 - Team Comp 1,A Group,,,,,,,,,,4 Attempts - 20 Races total,14,Go to Submit page,,,,,,,,,,,,,,,Re-use Day 3 - Team Comp 1 as Day 4 - Team Comp 1,A Group,,,,,,,,,,4 Attempts - 20 Races total,13,Go to Submit page,,,,,,,,,,,,,,,A Finals,12000,Re-use Day 4 - Team Comp 1 as Finals Team Comp,,,,,,,,,,https://drive.google.com/open?id=1LGegnQsTG0LLlpv5tf9njzkg8oRT45LQ,1st,,,,,,,,,,,Yes,Go first. Also join BAKUSHIN please.,https://drive.google.com/open?id=1DOKhSt5_s9f6WKVzIfwuYrZpu9KmGX8d,https://drive.google.com/open?id=1Bndoy6Gu2TnScoZ6LAEd7FxLOVOhLOMc,,2,12,,,,https://drive.google.com/open?id=1E8yN9H8yHWA4i0w19fhINFSlyNcN48D4
9/25/2026 9:12:58,kinjoleef,Graded (No Uma Restrictions),Win A finals,I accept these terms,Finals,"Android - phone or tablet, Windows",$0,1468,21-30 (roughly 3-4 per day),11-20 (roughly 2-3 per day),Discord - MooMooCord - https://discord.com/invite/moomoocows,5,,Oguri Cap (Christmas),End Closer,Ace built for this CM before CM start in Grand Concert scenario,2,1,0,0,2,1,0,Nice Nature,Late Surger,Debuffer,1,1,0,1,3,0,0,Mejiro Dober,Late Surger,Debuffer,1,1,0,1,3,0,0,4 Attempts - 20 Races total,17,Go to Submit page,,,,,,,,,,,,,,Re-use Day 1 - Team Comp 1 as Day 2 - Team Comp 1,,,,,,,,,,4 Attempts - 20 Races total,15,Go to Submit page,,,,,,,,,,,,,,,Re-use Day 2 - Team Comp 1 as Day 3 - Team Comp 1,A Group,,,,,,,,,,4 Attempts - 20 Races total,14,Go to Submit page,,,,,,,,,,,,,,,Re-use Day 3 - Team Comp 1 as Day 4 - Team Comp 1,A Group,,,,,,,,,,4 Attempts - 20 Races total,16,Go to Submit page,,,,,,,,,,,,,,,A Finals,11093,Re-use Day 4 - Team Comp 1 as Finals Team Comp,,,,,,,,,,https://drive.google.com/open?id=1CnEL8tinqIIM5zbj9Hqeq_ac1GDeLknZ,1st,,,,,,,,,,,No,,https://drive.google.com/open?id=1SxtfvyrvvKLIi4R9s2oHLBEY9IUg8PXH,https://drive.google.com/open?id=1hjBF4ovIi5sIkzUxjr-00vOsfTcyug-n,,0,5,7,0,2,https://drive.google.com/open?id=1zy8ngJU4nO5NZDKhpYFfBEVFC3CI8j6v
9/25/2026 19:14:30,Triszari,Graded (No Uma Restrictions),Get into A finals,I accept these terms,Finals,Windows,$101-500,1988,46+ (more than 6 per day),31-45 (roughly 5-6 per day),Discord - MooMooCord - https://discord.com/invite/moomoocows,,,Sweep Tosho,End Closer,Ace built for this CM before CM start in Grand Concert scenario,2,1,0,0,2,1,,Mejiro Dober,Late Surger,Ace built for this CM before CM start in Grand Concert scenario,3,0,,,2,1,,Nice Nature,Late Surger,Debuffer,,,,,,,,4 Attempts - 20 Races total,12,Go to Submit page,,,,,,,,,,,,,,Add new Team Comp as Day 2 - Team Comp 1,Sweep Tosho,End Closer,Mid-CM Ace build in Grand Concert scenario,Mejiro Dober,Late Surger,Mid-CM Ace build in Grand Concert scenario,Grass Wonder,Late Surger,Debuffer,4 Attempts - 20 Races total,17,Go to Submit page,,,,,,,,,,,,,,,Re-use Day 2 - Team Comp 2 as Day 3 - Team Comp 1,A Group,,,,,,,,,,4 Attempts - 20 Races total,12,Go to Submit page,,,,,,,,,,,,,,,Re-use Day 3 - Team Comp 2 as Day 4 - Team Comp 1,A Group,,,,,,,,,,4 Attempts - 20 Races total,12,Go to Submit page,,,,,,,,,,,,,,,A Finals,,Re-use Day 4 - Team Comp 2 as Finals Team Comp,,,,,,,,,,,2nd,No (goes to Submit page),,,,,,,,,,,,,,,,,,,,
9/25/2026 15:03:50,Lenya,Graded (No Uma Restrictions),Win A finals,I accept these terms,Finals,Android - phone or tablet,$0,,11-20 (roughly 2-3 per day),0-5 (less than 1 per day),Discord - MooMooCord - https://discord.com/invite/moomoocows,5,,Oguri Cap (Christmas),End Closer,Ace built for this CM before CM start in Grand Concert scenario,2,1,0,0,2,1,0,Symboli Rudolf,End Closer,Debuffer,,,,,,,,Grass Wonder,End Closer,Debuffer,,,,,,,,4 Attempts - 20 Races total,17,Go to Submit page,,,,,,,,,,,,,,Re-use Day 1 - Team Comp 1 as Day 2 - Team Comp 1,,,,,,,,,,4 Attempts - 20 Races total,15,Go to Submit page,,,,,,,,,,,,,,,Re-use Day 2 - Team Comp 1 as Day 3 - Team Comp 1,A Group,,,,,,,,,,4 Attempts - 20 Races total,9,Day 4,,,,,,,,,,,,,,,Re-use Day 3 - Team Comp 1 as Day 4 - Team Comp 1,A Group,,,,,,,,,,4 Attempts - 20 Races total,19,Go to Submit page,,,,,,,,,,,,,,,A Finals,14350,Re-use Day 4 - Team Comp 1 as Finals Team Comp,,,,,,,,,,https://drive.google.com/open?id=1eMwD6XG35oswXgFD49CDZMezOz3y1S30,1st,,,,,,,,,,,No,,https://drive.google.com/open?id=1Wq2vNaE3vwURtUQyTvz-FXmw6_A3eavl,https://drive.google.com/open?id=1LkWebCuV7YqUA0njhxjfWWlMI0vqkuis,,,,,,,https://drive.google.com/open?id=1z0kMnsc58Ws_rTCvJusLBMshki_eCDdi
9/25/2026 14:35:03,Jellyx,Graded (No Uma Restrictions),Win A finals,I accept these terms,Finals,"Android - phone or tablet, Windows",$501-1000,2000,46+ (more than 6 per day),0-5 (less than 1 per day),Discord - MooMooCord - https://discord.com/invite/moomoocows,,,Grass Wonder,Late Surger,Ace built for this CM before CM start in Grand Concert scenario,2,1,0,0,2,1,0,Agnes Tachyon,Front Runner,Debuffer,,,,,,,,Nice Nature (Cheerleader),Front Runner,Debuffer,,,,,,,,4 Attempts - 20 Races total,16,Go to Submit page,,,,,,,,,,,,,,Re-use Day 1 - Team Comp 1 as Day 2 - Team Comp 1,,,,,,,,,,4 Attempts - 20 Races total,9,Day 3,,,,,,,,,,,,,,,Re-use Day 2 - Team Comp 1 as Day 3 - Team Comp 1,A Group,,,,,,,,,,4 Attempts - 20 Races total,11,Day 4,,,,,,,,,,,,,,,Re-use Day 3 - Team Comp 1 as Day 4 - Team Comp 1,A Group,,,,,,,,,,4 Attempts - 20 Races total,12,Go to Submit page,,,,,,,,,,,,,,,A Finals,9219,Re-use Day 4 - Team Comp 1 as Finals Team Comp,,,,,,,,,,https://drive.google.com/open?id=1E8b3F7xBAI3kmKMboomDGuJngXbNyuSd,1st,,,,,,,,,,,Yes,"""Where there's a will, there's a way."" Come what may, I remained strong at heart.",https://drive.google.com/open?id=1kpKex9SOgpSyev43KW3bLhVQwddXmRtR,https://drive.google.com/open?id=1zOERhAn5q5u2OawiQkkwERoyPjcDZeXz,,0,13,0,0,0,https://drive.google.com/open?id=1fPC6rEzSMYSc-rvTEHB28bZMzCcnEhQ_
9/25/2026 18:07:52,PiggyMcbacon,Graded (No Uma Restrictions),Win A finals,I accept these terms,Finals,Windows,$101-500,2102,46+ (more than 6 per day),6-10 (roughly 1 per day),Discord - MooMooCord - https://discord.com/invite/moomoocows,,,Narita Taishin (Steampunk),End Closer,Ace built for this CM before CM start in Grand Concert scenario,3,1,0,0,1,1,0,Oguri Cap (Christmas),End Closer,Ace built for this CM before CM start in Grand Concert scenario,3,0,0,0,2,1,0,Admire Vega,End Closer,Ace built for this CM before CM start in Grand Concert scenario,3,1,0,0,1,1,0,4 Attempts - 20 Races total,14,Go to Submit page,,,,,,,,,,,,,,Re-use Day 1 - Team Comp 1 as Day 2 - Team Comp 1,,,,,,,,,,4 Attempts - 20 Races total,14,Go to Submit page,,,,,,,,,,,,,,,Re-use Day 2 - Team Comp 1 as Day 3 - Team Comp 1,A Group,,,,,,,,,,4 Attempts - 20 Races total,14,Go to Submit page,,,,,,,,,,,,,,,Re-use Day 3 - Team Comp 1 as Day 4 - Team Comp 1,A Group,,,,,,,,,,4 Attempts - 20 Races total,13,Go to Submit page,,,,,,,,,,,,,,,A Finals,12534,Re-use Day 4 - Team Comp 1 as Finals Team Comp,,,,,,,,,,https://drive.google.com/open?id=1ywRPfpXac-uG_4bt37fGWh5y1i_Qjn1z,2nd,Yes,https://drive.google.com/open?id=1YfVOz0ZLki6xWjoxHEwUdVv0_1YIptx9,https://drive.google.com/open?id=1C9-MaR_SZU5IHAPi1-EnvxIezeyHHVK4,,0,15,0,1,0,https://drive.google.com/open?id=1xVyH9sDjRZ1uGxwxY2rnEFDf1900GMr0,,,,,,,,,,,
9/25/2026 7:15:38,Katsuji,Graded (No Uma Restrictions),Win A finals,I accept these terms,Finals,"iOS - phone or tablet, Windows",$501-1000,2071,31-45 (roughly 5-6 per day),6-10 (roughly 1 per day),Discord - MooMooCord - https://discord.com/invite/moomoocows,5,,Admire Vega,End Closer,Ace built for this CM before CM start in Grand Concert scenario,2,1,0,0,2,1,,Grass Wonder,Late Surger,Debuffer,1,0,1,0,3,1,,Symboli Rudolf,Late Surger,Debuffer,1,0,1,0,3,1,,4 Attempts - 20 Races total,16,Go to Submit page,,,,,,,,,,,,,,Re-use Day 1 - Team Comp 1 as Day 2 - Team Comp 1,,,,,,,,,,4 Attempts - 20 Races total,16,Go to Submit page,,,,,,,,,,,,,,,Re-use Day 2 - Team Comp 1 as Day 3 - Team Comp 1,A Group,,,,,,,,,,4 Attempts - 20 Races total,15,Go to Submit page,,,,,,,,,,,,,,,Re-use Day 3 - Team Comp 1 as Day 4 - Team Comp 1,A Group,,,,,,,,,,4 Attempts - 20 Races total,13,Go to Submit page,,,,,,,,,,,,,,,A Finals,9829,Re-use Day 4 - Team Comp 1 as Finals Team Comp,,,,,,,,,,https://drive.google.com/open?id=1D-jXkLnwS1lm-NzT0epccyCpP-o5QiRD,1st,,,,,,,,,,,Yes,An AV without the NTR,https://drive.google.com/open?id=1K6j0vjFrzmf06PbGjJkC97lg9_bPY7MQ,https://drive.google.com/open?id=1NAM-vMR5dBjEdHw_8Xfa1AakbYAr7FQX,,,16,,,,https://drive.google.com/open?id=1gjH5uxsw72GskbQzAr4jSgfBQf7QTf2j
9/23/2026 20:53:28,clormz,Graded (No Uma Restrictions),Collect participation rewards,I accept these terms,Day 4,"iOS - phone or tablet, Windows",$1-100,1192,6-10 (roughly 1 per day),0-5 (less than 1 per day),"Discord - MooMooCord - https://discord.com/invite/moomoocows, Twitch - MooMooCows - https://www.twitch.tv/moomoomoocows",5,,Fine Motion,Pace Chaser,Ace built for this CM before CM start in Grand Concert scenario,3,1,0,0,1,1,,Oguri Cap (Christmas),Late Surger,Ace built for older CM,2,1,0,0,2,1,,Agnes Tachyon,End Closer,Debuffer,2,1,1,0,2,0,0,4 Attempts - 20 Races total,15,Go to Submit page,,,,,,,,,,,,,,Re-use Day 1 - Team Comp 1 as Day 2 - Team Comp 1,,,,,,,,,,4 Attempts - 20 Races total,13,Go to Submit page,,,,,,,,,,,,,,,Re-use Day 2 - Team Comp 1 as Day 3 - Team Comp 1,A Group,,,,,,,,,,4 Attempts - 20 Races total,9,Go to Submit page,,,,,,,,,,,,,,,Re-use Day 3 - Team Comp 1 as Day 4 - Team Comp 1,A Group,,,,,,,,,,4 Attempts - 20 Races total,7,Go to Submit page,,,,,,,,,,,,,,,,,,,,,,,,,,,,,,,,,,,,,,,,,,,,,,,,,
9/25/2026 11:27:22,Cinder,Graded (No Uma Restrictions),Win A finals,I accept these terms,Finals,"iOS - phone or tablet, Windows",$501-1000,1367,21-30 (roughly 3-4 per day),11-20 (roughly 2-3 per day),Discord - MooMooCord - https://discord.com/invite/moomoocows,5,,Daiwa Scarlet,Front Runner,Ace built for this CM before CM start in Grand Concert scenario,2,1,0,0,3,1,0,Silence Suzuka,Runaway,Blocker/Overtake target/Throwaway/Niche role,1,1,0,0,4,0,0,Oguri Cap (Christmas),Pace Chaser,Ace built for this CM before CM start in Grand Concert scenario,3,0,0,0,2,1,0,4 Attempts - 20 Races total,15,Go to Submit page,,,,,,,,,,,,,,Re-use Day 1 - Team Comp 1 as Day 2 - Team Comp 1,,,,,,,,,,4 Attempts - 20 Races total,16,Go to Submit page,,,,,,,,,,,,,,,Re-use Day 2 - Team Comp 1 as Day 3 - Team Comp 1,A Group,,,,,,,,,,4 Attempts - 20 Races total,14,Go to Submit page,,,,,,,,,,,,,,,Re-use Day 3 - Team Comp 1 as Day 4 - Team Comp 1,A Group,,,,,,,,,,4 Attempts - 20 Races total,12,Go to Submit page,,,,,,,,,,,,,,,A Finals,13284,Re-use Day 4 - Team Comp 1 as Finals Team Comp,,,,,,,,,,https://drive.google.com/open?id=1KRFFpkm_2_ZlkuWrZjzsiEr6v-vrRDPE,3rd,Yes,https://drive.google.com/open?id=1HJ6yujIaO-KwSNZkN93befZfG2h3hLJg,https://drive.google.com/open?id=1r21u5BMGPgpa0MwNDW_nwD8dYcTmmkjA,,0,12,3,0,2,https://drive.google.com/open?id=1WS9mz7end1L6Lk4qNYiLg4bP8VXld0Nm,,,,,,,,,,,
9/20/2026 16:04:05,teeb,Graded (No Uma Restrictions),Get into A finals,I accept these terms,Day 1,Android - phone or tablet,Rather not say,1294,11-20 (roughly 2-3 per day),,"Discord - MooMooCord - https://discord.com/invite/moomoocows, Twitch - MooMooCows - https://www.twitch.tv/moomoomoocows, YouTube - MooMooCows - https://www.youtube.com/@MooMooCows",5,,Admire Vega,End Closer,Ace built for this CM before CM start in Grand Concert scenario,,,,,,,,Meisho Doto (Halloween),Pace Chaser,Ace built for this CM before CM start in Unity Cup scenario,,,,,,,,Nice Nature,Late Surger,Debuffer,,,,,,,,4 Attempts - 20 Races total,11,Go to Submit page,,,,,,,,,,,,,,,,,,,,,,,,,,,,,,,,,,,,,,,,,,,,,,,,,,,,,,,,,,,,,,,,,,,,,,,,,,,,,,,,,,,,,,,,,,,,,,,,,,,,,,,,,,,,,,,,,,,,,,,,,,,,,,,,,,,
9/25/2026 10:24:49,a_kun97,Graded (No Uma Restrictions),Get into B finals,I accept these terms,Finals,Windows,$101-500,921,6-10 (roughly 1 per day),0-5 (less than 1 per day),Discord - MooMooCord - https://discord.com/invite/moomoocows,5,,Mejiro McQueen (Anime Collab),Pace Chaser,Ace built for this CM before CM start in Grand Concert scenario,3,0,1,0,1,1,0,Grass Wonder,Late Surger,Debuffer,2,1,0,0,2,1,0,Symboli Rudolf,Late Surger,Debuffer,2,1,0,0,2,1,0,4 Attempts - 20 Races total,8,Go to Submit page,,,,,,,,,,,,,,Re-use Day 1 - Team Comp 1 as Day 2 - Team Comp 1,,,,,,,,,,4 Attempts - 20 Races total,7,Go to Submit page,,,,,,,,,,,,,,,Re-use Day 2 - Team Comp 1 as Day 3 - Team Comp 1,A Group,,,,,,,,,,4 Attempts - 20 Races total,2,Go to Submit page,,,,,,,,,,,,,,,Re-use Day 3 - Team Comp 1 as Day 4 - Team Comp 1,A Group,,,,,,,,,,4 Attempts - 20 Races total,1,Go to Submit page,,,,,,,,,,,,,,,B Finals,3385,Re-use Day 4 - Team Comp 1 as Finals Team Comp,,,,,,,,,,https://drive.google.com/open?id=1HMBbGC_cHzCXvvN_psxGRkpT5tplaAb5,2nd,Yes,https://drive.google.com/open?id=19esBGG1UaIr1WdoNtp3k42LgTFixbwul,https://drive.google.com/open?id=1g6zyEHlRSOOpT9d5R2ccui6f58BCVwdG,https://drive.google.com/open?id=1Y6RbPB7Ev-_vfYkYc51Qwtxn3KRF6i8_,3,9,3,3,0,https://drive.google.com/open?id=10iFdtnIX3nwxJWJeSGCQ91u_wYIRu3kz,,,,,,,,,,,
9/25/2026 14:05:00,Salt,Graded (No Uma Restrictions),Get into A finals,I accept these terms,Finals,,$0,2000,6-10 (roughly 1 per day),11-20 (roughly 2-3 per day),YouTube - MooMooCows - https://www.youtube.com/@MooMooCows,5,,Manhattan Cafe,Pace Chaser,Ace built for this CM before CM start in Grand Concert scenario,3,0,0,0,2,1,0,Admire Vega,End Closer,Ace built for this CM before CM start in Grand Concert scenario,3,0,0,0,2,1,0,Sweep Tosho,End Closer,Ace built for this CM before CM start in Grand Concert scenario,3,0,0,0,2,1,0,4 Attempts - 20 Races total,11,Go to Submit page,,,,,,,,,,,,,,Re-use Day 1 - Team Comp 1 as Day 2 - Team Comp 1,,,,,,,,,,4 Attempts - 20 Races total,17,Go to Submit page,,,,,,,,,,,,,,,Re-use Day 2 - Team Comp 1 as Day 3 - Team Comp 1,A Group,,,,,,,,,,4 Attempts - 20 Races total,13,Go to Submit page,,,,,,,,,,,,,,,Re-use Day 3 - Team Comp 1 as Day 4 - Team Comp 1,A Group,,,,,,,,,,4 Attempts - 20 Races total,9,Go to Submit page,,,,,,,,,,,,,,,A Finals,8750,Re-use Day 4 - Team Comp 1 as Finals Team Comp,,,,,,,,,,,2nd,No (goes to Submit page),,,,,,,,,,,,,,,,,,,,
9/25/2026 9:17:09,neo.,Graded (No Uma Restrictions),Rather not say,I accept these terms,Finals,Android - phone or tablet,$101-500,1435,21-30 (roughly 3-4 per day),21-30 (roughly 3-4 per day),Discord - MooMooCord - https://discord.com/invite/moomoocows,5,,Grass Wonder,Late Surger,Debuffer,1,1,0,0,3,1,0,Agnes Tachyon,Late Surger,Debuffer,1,1,0,0,3,1,0,Oguri Cap (Christmas),End Closer,Ace built for this CM before CM start in Grand Concert scenario,3,0,0,0,2,1,0,4 Attempts - 20 Races total,16,Go to Submit page,,,,,,,,,,,,,,Re-use Day 1 - Team Comp 1 as Day 2 - Team Comp 1,,,,,,,,,,4 Attempts - 20 Races total,19,Go to Submit page,,,,,,,,,,,,,,,Re-use Day 2 - Team Comp 1 as Day 3 - Team Comp 1,A Group,,,,,,,,,,4 Attempts - 20 Races total,20,Go to Submit page,,,,,,,,,,,,,,,Re-use Day 3 - Team Comp 1 as Day 4 - Team Comp 1,A Group,,,,,,,,,,4 Attempts - 20 Races total,16,Go to Submit page,,,,,,,,,,,,,,,A Finals,11763,Re-use Day 4 - Team Comp 1 as Finals Team Comp,,,,,,,,,,https://drive.google.com/open?id=12LLreZI8fcS2ZTUoHIuoq002vjiIEQ10,2nd,Yes,https://drive.google.com/open?id=152fARYpWUnFlzq-TosZ66CUHXN6I55ot,https://drive.google.com/open?id=1N1Q7EO07IaF_qeAndvfB9KUalTBt5rIN,https://drive.google.com/open?id=1jIq0ee6qVw9Ac4gSgMgt9BoCZu3PgBsG,0,17,0,0,0,https://drive.google.com/open?id=1YhGYCmo5Bv4-vefjgvIgrKq5PnsHRY0_,,,,,,,,,,,
9/20/2026 16:38:10,universerene,Graded (No Uma Restrictions),Get into B finals,I accept these terms,Day 1,Windows,$0,,,11-20 (roughly 2-3 per day),Discord - MooMooCord - https://discord.com/invite/moomoocows,5,,Tokai Teio (Anime Collab),Pace Chaser,Ace built for this CM before CM start in Grand Concert scenario,3,,,,2,1,,Mayano Top Gun,Pace Chaser,Ace built for this CM before CM start in Grand Concert scenario,3,,,,2,1,,Grass Wonder,Late Surger,Debuffer,,,,,,,,2 Attempts - 10 Races total,5,Go to Submit page,,,,,,,,,,,,,,,,,,,,,,,,,,,,,,,,,,,,,,,,,,,,,,,,,,,,,,,,,,,,,,,,,,,,,,,,,,,,,,,,,,,,,,,,,,,,,,,,,,,,,,,,,,,,,,,,,,,,,,,,,,,,,,,,,,,
9/25/2026 11:48:46,Zap,Graded (No Uma Restrictions),Win A finals,I accept these terms,Finals,Windows,$101-500,831,,6-10 (roughly 1 per day),Discord - MooMooCord - https://discord.com/invite/moomoocows,4,,Narita Taishin,End Closer,Ace built for this CM before CM start in Grand Concert scenario,2,1,,,2,1,,Gold City,Late Surger,Ace built for this CM before CM start in Grand Concert scenario,2,1,,,2,1,,Nakayama Festa,Late Surger,Ace built for this CM before CM start in Grand Concert scenario,2,1,,,2,1,,4 Attempts - 20 Races total,13,Go to Submit page,,,,,,,,,,,,,,Re-use Day 1 - Team Comp 1 as Day 2 - Team Comp 1,,,,,,,,,,4 Attempts - 20 Races total,11,Day 3,,,,,,,,,,,,,,,Re-use Day 2 - Team Comp 1 as Day 3 - Team Comp 1,A Group,,,,,,,,,,4 Attempts - 20 Races total,10,Day 4,,,,,,,,,,,,,,,Re-use Day 3 - Team Comp 1 as Day 4 - Team Comp 1,A Group,,,,,,,,,,4 Attempts - 20 Races total,10,Go to Submit page,,,,,,,,,,,,,,,A Finals,7697,Re-use Day 4 - Team Comp 1 as Finals Team Comp,,,,,,,,,,https://drive.google.com/open?id=1Lc0bc3W0hy-fCSNynFwZ7ABCn5-yKZRl,1st,,,,,,,,,,,Yes,Goldo City desu ... domo,https://drive.google.com/open?id=1p0fAyy_6Bw_N7ouQy1ZnXimprfOYvIeg,https://drive.google.com/open?id=1Egw1luGX3KDJjnsdmkMwW4kSrLXAX7jx,,3,6,9,,,https://drive.google.com/open?id=1DNEeCV6AM6Hxh8s-EEJFNzcUhCN74-C2
9/23/2026 16:31:15,BaronneDeFleur,Graded (No Uma Restrictions),Get into A finals,I accept these terms,Day 4,Android - phone or tablet,$1-100,,0-5 (less than 1 per day),0-5 (less than 1 per day),Discord - MooMooCord - https://discord.com/invite/moomoocows,3,,Special Week,Late Surger,Ace built for this CM before CM start in Grand Concert scenario,,,,,,,,Mejiro Dober,Late Surger,Ace built for this CM before CM start in Grand Concert scenario,,,,,,,,Grass Wonder,Late Surger,Debuffer,,,,,,,,4 Attempts - 20 Races total,8,Go to Submit page,,,,,,,,,,,,,,Re-use Day 1 - Team Comp 1 as Day 2 - Team Comp 1,,,,,,,,,,4 Attempts - 20 Races total,9,Go to Submit page,,,,,,,,,,,,,,,Re-use Day 2 - Team Comp 1 as Day 3 - Team Comp 1,A Group,,,,,,,,,,4 Attempts - 20 Races total,10,Go to Submit page,,,,,,,,,,,,,,,Re-use Day 3 - Team Comp 1 as Day 4 - Team Comp 1,A Group,,,,,,,,,,4 Attempts - 20 Races total,7,Go to Submit page,,,,,,,,,,,,,,,,,,,,,,,,,,,,,,,,,,,,,,,,,,,,,,,,,
9/25/2026 6:25:58,blipblip/shauce,Graded (No Uma Restrictions),Get into A finals,I accept these terms,Finals,"Android - phone or tablet, Windows, Linux",$101-500,1789,31-45 (roughly 5-6 per day),6-10 (roughly 1 per day),,5,,Gold Ship,End Closer,Ace built for this CM before CM start in Grand Concert scenario,3,,,,2,1,,Agnes Digital,End Closer,Ace built for this CM before CM start in Grand Concert scenario,3,,,,2,1,,Nice Nature,Late Surger,Debuffer,,,,,,,,4 Attempts - 20 Races total,11,Go to Submit page,,,,,,,,,,,,,,Re-use Day 1 - Team Comp 1 as Day 2 - Team Comp 1,,,,,,,,,,4 Attempts - 20 Races total,14,Go to Submit page,,,,,,,,,,,,,,,Add new Team Comp as Day 3 - Team Comp 1,A Group,Gold Ship,End Closer,Ace built for this CM before CM start in Grand Concert scenario,Agnes Digital,End Closer,Ace built for this CM before CM start in Grand Concert scenario,Grass Wonder,End Closer,Debuffer,4 Attempts - 20 Races total,10,Go to Submit page,,,,,,,,,,,,,,,Re-use Day 3 - Team Comp 1 as Day 4 - Team Comp 1,A Group,,,,,,,,,,4 Attempts - 20 Races total,11,Go to Submit page,,,,,,,,,,,,,,,A Finals,10322,Re-use Day 4 - Team Comp 1 as Finals Team Comp,,,,,,,,,,https://drive.google.com/open?id=1evSATdCeqvZGjOAxck7rwMbMuRrOI5EJ,1st,,,,,,,,,,,Yes,MAY THE GODDESSES BLESS MY SOULFUL OPPONENTS THAT DIDNT RUN XOGURI,https://drive.google.com/open?id=1AzeWFiHHCfFnsYnCfYh2f2Zu1_mYqJpr,https://drive.google.com/open?id=1azmhldCB7VBJ-KNDUNC8gYnxsG2usG9V,,,11,1,,2,https://drive.google.com/open?id=1x6xKE0xk0bPh_8NMvVcx3wPc9PGO5lpw
9/25/2026 10:29:33,OSoverspike,Graded (No Uma Restrictions),Win A finals,I accept these terms,Finals,Android - phone or tablet,$0,,21-30 (roughly 3-4 per day),21-30 (roughly 3-4 per day),Discord - MooMooCord - https://discord.com/invite/moomoocows,4,"why are independent trainings and manual trainings tracked differently? I usually am doing independent and manual in different weeks. I think if you want to track it properly you should specify like is this cumulatively across cm or when you're parent grinding, the current picks for these don't tell the full story imo and/or are unclear",Super Creek,Pace Chaser,Ace built for this CM before CM start in Grand Concert scenario,3,0,0,0,2,1,0,Fine Motion (Wedding),Pace Chaser,Ace built for this CM before CM start in Grand Concert scenario,3,0,0,0,2,1,0,Silence Suzuka,Runaway,Blocker/Overtake target/Throwaway/Niche role,,,,,,,,4 Attempts - 20 Races total,15,Go to Submit page,,,,,,,,,,,,,,Re-use Day 1 - Team Comp 1 as Day 2 - Team Comp 1,,,,,,,,,,4 Attempts - 20 Races total,12,Go to Submit page,,,,,,,,,,,,,,,Re-use Day 2 - Team Comp 1 as Day 3 - Team Comp 1,A Group,,,,,,,,,,4 Attempts - 20 Races total,14,Go to Submit page,,,,,,,,,,,,,,,Re-use Day 3 - Team Comp 1 as Day 4 - Team Comp 1,A Group,,,,,,,,,,4 Attempts - 20 Races total,11,Go to Submit page,,,,,,,,,,,,,,,A Finals,10979,Re-use Day 4 - Team Comp 1 as Finals Team Comp,,,,,,,,,,https://drive.google.com/open?id=1Cy4NDhh_dZextcrq94uCZMh97SuOs5Zc,2nd,No (goes to Submit page),,,,,,,,,,,,,,,,,,,,
9/25/2026 5:24:12,FzyBny,Graded (No Uma Restrictions),Get into A finals,I accept these terms,Finals,"Android - phone or tablet, Windows",$501-1000,2350,46+ (more than 6 per day),0-5 (less than 1 per day),"Discord - MooMooCord - https://discord.com/invite/moomoocows, Twitch - MooMooCows - https://www.twitch.tv/moomoomoocows, YouTube - MooMooCows - https://www.youtube.com/@MooMooCows",5,,Oguri Cap (Christmas),Pace Chaser,Ace built for this CM before CM start in Grand Concert scenario,2,1,,,2,1,,Eishin Flash (Valentine),End Closer,Debuffer,1,,,,5,,,Grass Wonder,End Closer,Debuffer,1,,,,6,,,4 Attempts - 20 Races total,14,Go to Submit page,,,,,,,,,,,,,,Re-use Day 1 - Team Comp 1 as Day 2 - Team Comp 1,,,,,,,,,,4 Attempts - 20 Races total,14,Go to Submit page,,,,,,,,,,,,,,,Re-use Day 2 - Team Comp 1 as Day 3 - Team Comp 1,A Group,,,,,,,,,,4 Attempts - 20 Races total,15,Go to Submit page,,,,,,,,,,,,,,,Re-use Day 3 - Team Comp 1 as Day 4 - Team Comp 1,A Group,,,,,,,,,,4 Attempts - 20 Races total,11,Go to Submit page,,,,,,,,,,,,,,,A Finals,11823,Re-use Day 4 - Team Comp 1 as Finals Team Comp,,,,,,,,,,,2nd,No (goes to Submit page),,,,,,,,,,,,,,,,,,,,
9/25/2026 8:08:41,GohShiShi,Graded (No Uma Restrictions),Get into A finals,I accept these terms,Day 4,Android - phone or tablet,$101-500,1377,31-45 (roughly 5-6 per day),0-5 (less than 1 per day),"Discord - MooMooCord - https://discord.com/invite/moomoocows, YouTube - MooMooCows - https://www.youtube.com/@MooMooCows",5,,Oguri Cap (Christmas),End Closer,Ace built for this CM before CM start in Grand Concert scenario,2,1,0,0,2,1,0,Agnes Tachyon,End Closer,Debuffer,1,0,0,0,4,1,0,Grass Wonder,End Closer,Debuffer,1,0,0,0,4,1,0,4 Attempts - 20 Races total,10,Go to Submit page,,,,,,,,,,,,,,Re-use Day 1 - Team Comp 1 as Day 2 - Team Comp 1,,,,,,,,,,4 Attempts - 20 Races total,16,Go to Submit page,,,,,,,,,,,,,,,Re-use Day 2 - Team Comp 1 as Day 3 - Team Comp 1,A Group,,,,,,,,,,4 Attempts - 20 Races total,11,Go to Submit page,,,,,,,,,,,,,,,Re-use Day 3 - Team Comp 1 as Day 4 - Team Comp 1,A Group,,,,,,,,,,4 Attempts - 20 Races total,14,Go to Submit page,,,,,,,,,,,,,,,A Finals,8056,Re-use Day 4 - Team Comp 1 as Finals Team Comp,,,,,,,,,,https://drive.google.com/open?id=1MBpNACw7mHXVpKkvd5kbFLLPMKtE36KG,1st,,,,,,,,,,,No,,https://drive.google.com/open?id=1O8l-oi_BfI8DJCefLnE4Gb8asHtnt3Hv,https://drive.google.com/open?id=1je2aIZoDSTvHmAwRD51iGae0qss_Ysgk,,0,3,0,0,0,https://drive.google.com/open?id=1teoaQLtyVkgrAsCprPWuXtZLy5CDv7c7
9/25/2026 16:38:27,Narvana,Graded (No Uma Restrictions),Get into A finals,I accept these terms,Finals,Windows,$0,462,,,Discord - MooMooCord - https://discord.com/invite/moomoocows,,,Nakayama Festa,Late Surger,Ace built for this CM before CM start in Grand Concert scenario,3,1,0,0,1,1,0,Agnes Tachyon,Late Surger,Hybrid (ace + debuffer),3,0,0,0,2,1,0,Grass Wonder,Late Surger,Debuffer,2,,,,3,1,,4 Attempts - 20 Races total,6,Go to Submit page,,,,,,,,,,,,,,Re-use Day 1 - Team Comp 1 as Day 2 - Team Comp 1,,,,,,,,,,4 Attempts - 20 Races total,4,Day 3,,,,,,,,,,,,,,,Re-use Day 2 - Team Comp 1 as Day 3 - Team Comp 1,A Group,,,,,,,,,,4 Attempts - 20 Races total,5,Go to Submit page,,,,,,,,,,,,,,,Re-use Day 3 - Team Comp 1 as Day 4 - Team Comp 1,A Group,,,,,,,,,,4 Attempts - 20 Races total,3,Go to Submit page,,,,,,,,,,,,,,,B Finals,886,Re-use Day 4 - Team Comp 1 as Finals Team Comp,,,,,,,,,,https://drive.google.com/open?id=1u1S_Q9GRX-79aPJDkFs7thJCG5Yw13F1,3rd,No (goes to Submit page),,,,,,,,,,,,,,,,,,,,
9/25/2026 5:27:17,Kagetsuwaru,Graded (No Uma Restrictions),Win A finals,I accept these terms,Finals,Windows,$1-100,1294,6-10 (roughly 1 per day),11-20 (roughly 2-3 per day),Discord - MooMooCord - https://discord.com/invite/moomoocows,4,,Tamamo Cross (Festival),Pace Chaser,Ace built for this CM before CM start in Grand Concert scenario,3,,,,2,0,,Agnes Tachyon,End Closer,Debuffer,,,,,,,,Grass Wonder,End Closer,Debuffer,,,,,,,,4 Attempts - 20 Races total,18,Go to Submit page,,,,,,,,,,,,,,Re-use Day 1 - Team Comp 1 as Day 2 - Team Comp 1,,,,,,,,,,4 Attempts - 20 Races total,17,Go to Submit page,,,,,,,,,,,,,,,Re-use Day 2 - Team Comp 1 as Day 3 - Team Comp 1,A Group,,,,,,,,,,4 Attempts - 20 Races total,14,Go to Submit page,,,,,,,,,,,,,,,Re-use Day 3 - Team Comp 1 as Day 4 - Team Comp 1,A Group,,,,,,,,,,4 Attempts - 20 Races total,14,Go to Submit page,,,,,,,,,,,,,,,A Finals,12391,Re-use Day 4 - Team Comp 1 as Finals Team Comp,,,,,,,,,,https://drive.google.com/open?id=1cwsmx5SyGacf_H4IuO4g1gjvhFKDzkUM,1st,,,,,,,,,,,Yes,From Russia with Love,https://drive.google.com/open?id=1CvBXxWL_H4aLSmUd8saEWwB7FtaA1GKL,https://drive.google.com/open?id=16bTZB25fltfOsvg2z0_B5FDhTczeRk6k,,,17,,,,https://drive.google.com/open?id=1N0ii-iafnDRIebjxoUfvNXrMVuZm6E04
9/25/2026 6:16:28,Bresh,Graded (No Uma Restrictions),Get into A finals,I accept these terms,Finals,iOS - phone or tablet,$501-1000,1996,11-20 (roughly 2-3 per day),11-20 (roughly 2-3 per day),"Discord - MooMooCord - https://discord.com/invite/moomoocows, Twitch - MooMooCows - https://www.twitch.tv/moomoomoocows, YouTube - MooMooCows - https://www.youtube.com/@MooMooCows",5,,Sweep Tosho,End Closer,Ace built for this CM before CM start in Grand Concert scenario,2,1,,,2,1,,Symboli Rudolf,Front Runner,Debuffer,2,,1,,3,,,Grass Wonder,End Closer,Debuffer,2,1,,,3,,,4 Attempts - 20 Races total,15,Go to Submit page,,,,,,,,,,,,,,Re-use Day 1 - Team Comp 1 as Day 2 - Team Comp 1,,,,,,,,,,4 Attempts - 20 Races total,17,Go to Submit page,,,,,,,,,,,,,,,Re-use Day 2 - Team Comp 1 as Day 3 - Team Comp 1,A Group,,,,,,,,,,4 Attempts - 20 Races total,8,Go to Submit page,,,,,,,,,,,,,,,Re-use Day 3 - Team Comp 1 as Day 4 - Team Comp 1,A Group,,,,,,,,,,4 Attempts - 20 Races total,11,Go to Submit page,,,,,,,,,,,,,,,A Finals,11991,Re-use Day 4 - Team Comp 1 as Finals Team Comp,,,,,,,,,,https://drive.google.com/open?id=1WRcUV_3EVrhwfIenQyRCHAfnjwLox_QH,1st,,,,,,,,,,,Yes,Magical girls are OP,https://drive.google.com/open?id=1Slg84DUar_MG2GVj0zoHNNZJX-qNSJbQ,https://drive.google.com/open?id=1CiCJ5eoWe2DWkIH8M0cDE1EobUKrk4xM,,0,13,0,0,2,https://drive.google.com/open?id=1iV4kMX0JYT6oPMq3Orcs3gK_TFBNCozS
9/25/2026 15:17:51,pete,Graded (No Uma Restrictions),Get into A finals,I accept these terms,Finals,"Android - phone or tablet, Windows",$101-500,896,31-45 (roughly 5-6 per day),21-30 (roughly 3-4 per day),Discord - MooMooCord - https://discord.com/invite/moomoocows,,,Ines Fujin,Front Runner,Ace built for this CM before CM start in Grand Concert scenario,3,1,0,0,1,1,0,Narita Brian,Pace Chaser,Ace built for this CM before CM start in Grand Concert scenario,2,1,0,0,2,1,0,Silence Suzuka,Runaway,Blocker/Overtake target/Throwaway/Niche role,1,1,0,1,2,1,0,4 Attempts - 20 Races total,16,Go to Submit page,,,,,,,,,,,,,,Re-use Day 1 - Team Comp 1 as Day 2 - Team Comp 1,,,,,,,,,,4 Attempts - 20 Races total,11,Go to Submit page,,,,,,,,,,,,,,,Re-use Day 2 - Team Comp 1 as Day 3 - Team Comp 1,A Group,,,,,,,,,,4 Attempts - 20 Races total,6,Day 4,,,,,,,,,,,,,,,Re-use Day 3 - Team Comp 1 as Day 4 - Team Comp 1,A Group,,,,,,,,,,4 Attempts - 20 Races total,7,Go to Submit page,,,,,,,,,,,,,,,A Finals,11286,Re-use Day 4 - Team Comp 1 as Finals Team Comp,,,,,,,,,,https://drive.google.com/open?id=1KAWAdu8Eu9jJweuo9RsUapIXJGsS7bOc,3rd,No (goes to Submit page),,,,,,,,,,,,,,,,,,,,
9/25/2026 7:48:53,Josephone,Graded (No Uma Restrictions),Win A finals,I accept these terms,Day 4,iOS - phone or tablet,$101-500,1166,46+ (more than 6 per day),6-10 (roughly 1 per day),Birb server vc,5,,Agnes Digital,End Closer,Ace built for this CM before CM start in Grand Concert scenario,2,0,1,0,2,1,0,Mayano Top Gun,End Closer,Ace built for this CM before CM start in Grand Concert scenario,2,0,1,0,2,1,0,Oguri Cap (Christmas),Pace Chaser,Ace built for this CM before CM start in Grand Concert scenario,3,0,0,0,2,1,0,4 Attempts - 20 Races total,16,Go to Submit page,,,,,,,,,,,,,,Re-use Day 1 - Team Comp 1 as Day 2 - Team Comp 1,,,,,,,,,,4 Attempts - 20 Races total,13,Day 3,,,,,,,,,,,,,,,Re-use Day 2 - Team Comp 1 as Day 3 - Team Comp 1,A Group,,,,,,,,,,4 Attempts - 20 Races total,14,Go to Submit page,,,,,,,,,,,,,,,Re-use Day 3 - Team Comp 1 as Day 4 - Team Comp 1,A Group,,,,,,,,,,4 Attempts - 20 Races total,12,Go to Submit page,,,,,,,,,,,,,,,,,,,,,,,,,,,,,,,,,,,,,,,,,,,,,,,,,
9/25/2026 14:04:22,Bstende,Graded (No Uma Restrictions),Win A finals,I accept these terms,Finals,Windows,$501-1000,1894,46+ (more than 6 per day),11-20 (roughly 2-3 per day),"Discord - MooMooCord - https://discord.com/invite/moomoocows, YouTube - MooMooCows - https://www.youtube.com/@MooMooCows",5,,Narita Taishin (Steampunk),End Closer,Ace built for this CM before CM start in Grand Concert scenario,3,1,0,0,1,1,0,Eishin Flash,Late Surger,Ace built for this CM before CM start in Grand Concert scenario,2,1,0,0,2,1,0,Grass Wonder,Late Surger,Ace built for this CM before CM start in Grand Concert scenario,3,1,0,0,1,1,0,4 Attempts - 20 Races total,13,Go to Submit page,,,,,,,,,,,,,,Re-use Day 1 - Team Comp 1 as Day 2 - Team Comp 1,,,,,,,,,,4 Attempts - 20 Races total,19,Day 3,,,,,,,,,,,,,,,Re-use Day 2 - Team Comp 1 as Day 3 - Team Comp 1,A Group,,,,,,,,,,4 Attempts - 20 Races total,10,Day 4,,,,,,,,,,,,,,,Re-use Day 3 - Team Comp 1 as Day 4 - Team Comp 1,A Group,,,,,,,,,,4 Attempts - 20 Races total,12,Go to Submit page,,,,,,,,,,,,,,,A Finals,12342,Re-use Day 4 - Team Comp 1 as Finals Team Comp,,,,,,,,,,,3rd,No (goes to Submit page),,,,,,,,,,,,,,,,,,,,
9/25/2026 23:26:26,Bober,Graded (No Uma Restrictions),Get into A finals,I accept these terms,Finals,"Android - phone or tablet, Windows",$1-100,1917,31-45 (roughly 5-6 per day),6-10 (roughly 1 per day),Discord - MooMooCord - https://discord.com/invite/moomoocows,,,Oguri Cap (Christmas),Pace Chaser,Ace built for older CM,3,,,,2,0,,Eishin Flash (Valentine),Late Surger,Debuffer,,,,,,,,Grass Wonder,Late Surger,Debuffer,,,,,,,,4 Attempts - 20 Races total,16,Go to Submit page,,,,,,,,,,,,,,Re-use Day 1 - Team Comp 1 as Day 2 - Team Comp 1,,,,,,,,,,4 Attempts - 20 Races total,18,Go to Submit page,,,,,,,,,,,,,,,Re-use Day 2 - Team Comp 1 as Day 3 - Team Comp 1,A Group,,,,,,,,,,4 Attempts - 20 Races total,9,Day 4,,,,,,,,,,,,,,,Re-use Day 3 - Team Comp 1 as Day 4 - Team Comp 1,A Group,,,,,,,,,,4 Attempts - 20 Races total,15,Go to Submit page,,,,,,,,,,,,,,,A Finals,12010,Re-use Day 4 - Team Comp 1 as Finals Team Comp,,,,,,,,,,,3rd,No (goes to Submit page),,,,,,,,,,,,,,,,,,,,
9/25/2026 11:37:13,LEWIS GOATMILTON,Graded (No Uma Restrictions),CRUSHING META OGURI USERS WITH GAMBLE,I accept these terms,Finals,Windows,$1-100,2090,46+ (more than 6 per day),46+ (more than 6 per day),Discord - MooMooCord - https://discord.com/invite/moomoocows,5,,Nakayama Festa,Late Surger,Ace built for this CM before CM start in Grand Concert scenario,3,1,0,0,1,1,,Grass Wonder,Late Surger,Hybrid (ace + debuffer),2,1,0,0,2,1,,Nice Nature,Late Surger,Hybrid (ace + debuffer),2,1,0,0,2,1,,4 Attempts - 20 Races total,17,Day 2,,,,,,,,,,,,,,Re-use Day 1 - Team Comp 1 as Day 2 - Team Comp 1,,,,,,,,,,4 Attempts - 20 Races total,10,Day 3,,,,,,,,,,,,,,,Re-use Day 2 - Team Comp 1 as Day 3 - Team Comp 1,A Group,Nakayama Festa,Late Surger,Ace built for this CM before CM start in Grand Concert scenario,Grass Wonder,Late Surger,Hybrid (ace + debuffer),Nice Nature,Late Surger,Debuffer,4 Attempts - 20 Races total,17,Day 4,,,,,,,,,,,,,,,Re-use Day 3 - Team Comp 1 as Day 4 - Team Comp 1,A Group,,,,,,,,,,4 Attempts - 20 Races total,12,Go to Submit page,,,,,,,,,,,,,,,A Finals,5625,Re-use Day 4 - Team Comp 1 as Finals Team Comp,,,,,,,,,,https://drive.google.com/open?id=1WpOh24jW5whYmtOFR4LMArJYv6Xc-y1N,3rd,No (goes to Submit page),,,,,,,,,,,,,,,,,,,,
9/25/2026 17:31:44,Shadow,Graded (No Uma Restrictions),Win A finals,I accept these terms,Finals,,$1-100,,11-20 (roughly 2-3 per day),0-5 (less than 1 per day),Twitch - MooMooCows - https://www.twitch.tv/moomoomoocows,,,Seiun Sky,Front Runner,Ace built for this CM before CM start in Grand Concert scenario,,,,,,,,Silence Suzuka,Runaway,Blocker/Overtake target/Throwaway/Niche role,,,,,,,,Grass Wonder,End Closer,Debuffer,,,,,,,,4 Attempts - 20 Races total,16,Go to Submit page,,,,,,,,,,,,,,Re-use Day 1 - Team Comp 1 as Day 2 - Team Comp 1,,,,,,,,,,4 Attempts - 20 Races total,18,Go to Submit page,,,,,,,,,,,,,,,Re-use Day 2 - Team Comp 1 as Day 3 - Team Comp 1,A Group,,,,,,,,,,4 Attempts - 20 Races total,16,Go to Submit page,,,,,,,,,,,,,,,Re-use Day 3 - Team Comp 1 as Day 4 - Team Comp 1,A Group,,,,,,,,,,4 Attempts - 20 Races total,12,Go to Submit page,,,,,,,,,,,,,,,A Finals,12833,Re-use Day 4 - Team Comp 1 as Finals Team Comp,,,,,,,,,,https://drive.google.com/open?id=1IJ_29eC-Qu7BKV8-3rawKUdh5TLUpQn5,1st,,,,,,,,,,,Yes,Low cortisol gaming,,,,,,,,,
9/25/2026 5:06:22,Clarobollo,Graded (No Uma Restrictions),Collect participation rewards,I accept these terms,Finals,"Android - phone or tablet, Windows, Linux",$0,487,11-20 (roughly 2-3 per day),0-5 (less than 1 per day),Friend sent me the link,5,,Hishi Amazon,End Closer,Ace built for older CM,3,0,0,0,2,1,0,Tamamo Cross,End Closer,Ace built for older CM,2,0,1,0,2,1,0,Symboli Rudolf,Late Surger,Ace built for Team Trials,2,0,1,0,2,1,0,4 Attempts - 20 Races total,6,Go to Submit page,,,,,,,,,,,,,,Re-use Day 1 - Team Comp 1 as Day 2 - Team Comp 1,,,,,,,,,,4 Attempts - 20 Races total,10,Go to Submit page,,,,,,,,,,,,,,,Re-use Day 2 - Team Comp 1 as Day 3 - Team Comp 1,A Group,,,,,,,,,,4 Attempts - 20 Races total,3,Go to Submit page,,,,,,,,,,,,,,,Re-use Day 3 - Team Comp 1 as Day 4 - Team Comp 1,A Group,,,,,,,,,,4 Attempts - 20 Races total,5,Go to Submit page,,,,,,,,,,,,,,,B Finals,2748,Re-use Day 4 - Team Comp 1 as Finals Team Comp,,,,,,,,,,,1st,,,,,,,,,,,No,,,,,1,15,,,,
9/25/2026 12:40:04,lppfnlcst,Graded (No Uma Restrictions),Win A finals,I accept these terms,Finals,"Android - phone or tablet, Windows",$0,,11-20 (roughly 2-3 per day),6-10 (roughly 1 per day),Discord - MooMooCord - https://discord.com/invite/moomoocows,5,,Oguri Cap (Christmas),Pace Chaser,Ace built for this CM before CM start in Grand Concert scenario,3,0,0,0,2,1,0,Nice Nature,Late Surger,Debuffer,,,,,,,,Grass Wonder,Late Surger,Debuffer,,,,,,,,4 Attempts - 20 Races total,19,Go to Submit page,,,,,,,,,,,,,,Re-use Day 1 - Team Comp 1 as Day 2 - Team Comp 1,,,,,,,,,,4 Attempts - 20 Races total,15,Go to Submit page,,,,,,,,,,,,,,,Add new Team Comp as Day 3 - Team Comp 1,A Group,Oguri Cap (Christmas),Pace Chaser,Ace built for this CM before CM start in Grand Concert scenario,Agnes Tachyon,Late Surger,Debuffer,Grass Wonder,Late Surger,Debuffer,4 Attempts - 20 Races total,14,Go to Submit page,,,,,,,,,,,,,,,Re-use Day 3 - Team Comp 1 as Day 4 - Team Comp 1,A Group,,,,,,,,,,4 Attempts - 20 Races total,18,Go to Submit page,,,,,,,,,,,,,,,A Finals,,Re-use Day 4 - Team Comp 1 as Finals Team Comp,,,,,,,,,,https://drive.google.com/open?id=1WY7tGmPeWmc5ZoQP2KLCua9__b3NMnDM,1st,,,,,,,,,,,No,,https://drive.google.com/open?id=1VJD7NizRJAv9b-hqTOuvJ--gnhr2twbq,https://drive.google.com/open?id=1-GeZRP-8cRmP1iyS0YqzypT7DQt4yZjs,,0,14,2,0,0,https://drive.google.com/open?id=1d4KcrYbTgHJ7MDiEdLOGPakQGjMC-TXh
9/25/2026 6:44:03,Glu-musume,Graded (No Uma Restrictions),Win A finals,I accept these terms,Finals,Windows,$0,2200,0-5 (less than 1 per day),0-5 (less than 1 per day),"Discord - MooMooCord - https://discord.com/invite/moomoocows, YouTube - MooMooCows - https://www.youtube.com/@MooMooCows",4,,Rice Shower,Pace Chaser,Ace built for this CM before CM start in Grand Concert scenario,3,0,0,0,2,1,0,Grass Wonder,Late Surger,Debuffer,1,0,1,0,3,1,0,Symboli Rudolf,Late Surger,Debuffer,1,0,1,0,3,1,0,4 Attempts - 20 Races total,15,Go to Submit page,,,,,,,,,,,,,,Re-use Day 1 - Team Comp 1 as Day 2 - Team Comp 1,,,,,,,,,,4 Attempts - 20 Races total,16,Go to Submit page,,,,,,,,,,,,,,,Re-use Day 2 - Team Comp 1 as Day 3 - Team Comp 1,A Group,,,,,,,,,,4 Attempts - 20 Races total,14,Go to Submit page,,,,,,,,,,,,,,,Re-use Day 3 - Team Comp 1 as Day 4 - Team Comp 1,A Group,,,,,,,,,,4 Attempts - 20 Races total,12,Go to Submit page,,,,,,,,,,,,,,,A Finals,,Re-use Day 4 - Team Comp 1 as Finals Team Comp,,,,,,,,,,https://drive.google.com/open?id=1AAHv5-zGIe4a0a7Jt7NL2q7h_-Y_VSxd,1st,,,,,,,,,,,No,,https://drive.google.com/open?id=1eFkAK2XFk9ose3aLefZBjDCnzdHC89nB,https://drive.google.com/open?id=1c7TVpVvhfGAcjqxr3_2BFWRDQvXbDZk_,,,,,,,https://drive.google.com/open?id=1uAhT7KKkmG2cesHbYnDcGVe4wEGMaYQJ
9/22/2026 8:13:47,ori,Graded (No Uma Restrictions),Get into A finals,I accept these terms,Day 3,Windows,$101-500,1853,6-10 (roughly 1 per day),21-30 (roughly 3-4 per day),Discord - MooMooCord - https://discord.com/invite/moomoocows,5,,Oguri Cap (Christmas),End Closer,Ace built for this CM before CM start in Grand Concert scenario,3,0,0,0,2,1,0,Grass Wonder,Front Runner,Debuffer,1,0,0,0,3,2,0,Symboli Rudolf,Front Runner,Debuffer,1,0,0,0,3,2,0,1 Attempt - 5 Races total,4,Day 1 - Add 2nd Team,Oguri Cap (Christmas),End Closer,Mid-CM Ace build in Grand Concert scenario,Nice Nature,End Closer,Debuffer,Mayano Top Gun (Wedding),End Closer,Debuffer,3 Attempts - 15 Races total,13,2 teams,Go to Submit page,Re-use Day 1 - Team Comp 2 as Day 2 - Team Comp 1,,,,,,,,,,4 Attempts - 20 Races total,12,Go to Submit page,,,,,,,,,,,,,,,Re-use Day 2 - Team Comp 1 as Day 3 - Team Comp 1,A Group,,,,,,,,,,4 Attempts - 20 Races total,15,Go to Submit page,,,,,,,,,,,,,,,,,,,,,,,,,,,,,,,,,,,,,,,,,,,,,,,,,,,,,,,,,,,,,,,,,,,,,,,,,,,,,
9/25/2026 12:20:50,mylightningrocks,Graded (No Uma Restrictions),Win A finals,I accept these terms,Finals,"Android - phone or tablet, Windows",$1001-5000,3001,31-45 (roughly 5-6 per day),11-20 (roughly 2-3 per day),Discord - MooMooCord - https://discord.com/invite/moomoocows,5,,Admire Vega,End Closer,Ace built for this CM before CM start in Grand Concert scenario,3,0,0,0,2,1,0,Oguri Cap (Christmas),Pace Chaser,Ace built for this CM before CM start in Grand Concert scenario,3,0,0,0,2,1,0,Symboli Rudolf,End Closer,Debuffer,1,0,1,1,3,0,0,4 Attempts - 20 Races total,15,Go to Submit page,,,,,,,,,,,,,,Re-use Day 1 - Team Comp 1 as Day 2 - Team Comp 1,,,,,,,,,,4 Attempts - 20 Races total,18,Go to Submit page,,,,,,,,,,,,,,,Re-use Day 2 - Team Comp 1 as Day 3 - Team Comp 1,A Group,,,,,,,,,,4 Attempts - 20 Races total,11,Go to Submit page,,,,,,,,,,,,,,,Re-use Day 3 - Team Comp 1 as Day 4 - Team Comp 1,A Group,,,,,,,,,,4 Attempts - 20 Races total,12,Go to Submit page,,,,,,,,,,,,,,,A Finals,13605,Re-use Day 4 - Team Comp 1 as Finals Team Comp,,,,,,,,,,https://drive.google.com/open?id=1T2XhlRAMhshld0-oud5h9JFOkOYez1gd,1st,,,,,,,,,,,Yes,AYABE IS VERY SUKI,https://drive.google.com/open?id=1R53JhbNtWce2M-MKrcdWGiPxjzKQ-hCC,https://drive.google.com/open?id=1CJqeJaJ_m27O1njME4CpPlgbGGsEqfKS,,3,14,0,0,0,https://drive.google.com/open?id=1QW1iiH4xFnKssqBv2k0cHYTqOMjFwo-Q
9/25/2026 7:50:48,Matayoh,Graded (No Uma Restrictions),Win A finals,I accept these terms,Finals,"Android - phone or tablet, Windows",$1001-5000,,0-5 (less than 1 per day),21-30 (roughly 3-4 per day),Discord - MooMooCord - https://discord.com/invite/moomoocows,,,Gold City,Late Surger,Ace built for this CM before CM start in Grand Concert scenario,3,,,,2,1,,Mejiro Dober,Late Surger,Ace built for this CM before CM start in Grand Concert scenario,3,,,,2,1,,Meisho Doto (Halloween),Pace Chaser,Ace built for this CM before CM start in Grand Concert scenario,3,,,,2,1,,4 Attempts - 20 Races total,14,Go to Submit page,,,,,,,,,,,,,,Re-use Day 1 - Team Comp 1 as Day 2 - Team Comp 1,,,,,,,,,,4 Attempts - 20 Races total,16,Go to Submit page,,,,,,,,,,,,,,,Re-use Day 2 - Team Comp 1 as Day 3 - Team Comp 1,A Group,,,,,,,,,,4 Attempts - 20 Races total,8,Go to Submit page,,,,,,,,,,,,,,,Re-use Day 3 - Team Comp 1 as Day 4 - Team Comp 1,A Group,,,,,,,,,,4 Attempts - 20 Races total,13,Go to Submit page,,,,,,,,,,,,,,,A Finals,7060,Re-use Day 4 - Team Comp 1 as Finals Team Comp,,,,,,,,,,https://drive.google.com/open?id=1fpr7jNCUSYUIjXjTZVLiwNotOlopRLMC,1st,,,,,,,,,,,No,,https://drive.google.com/open?id=18i2siBseO07ywo3rQZJwiXMTlBKtSGv6,https://drive.google.com/open?id=1EQiQDaNrLLORgwIwZiZrUIrf7hpLcJz8,,0,12,0,3,0,https://drive.google.com/open?id=1y5FicJgWtvTChmhUFqULMUyWU_8UY6nC
9/25/2026 10:13:09,Liwesh,Graded (No Uma Restrictions),Win A finals,I accept these terms,Finals,Android - phone or tablet,$501-1000,1991,11-20 (roughly 2-3 per day),11-20 (roughly 2-3 per day),"Discord - MooMooCord - https://discord.com/invite/moomoocows, Twitch - MooMooCows - https://www.twitch.tv/moomoomoocows, YouTube - MooMooCows - https://www.youtube.com/@MooMooCows",5,,Mejiro Ardan,Pace Chaser,Ace built for this CM before CM start in Grand Concert scenario,3,,,,2,1,,Mejiro Dober,Late Surger,Ace built for this CM before CM start in Grand Concert scenario,3,,,,2,0,,Mejiro Ryan,Late Surger,Ace built for this CM before CM start in Grand Concert scenario,3,,,,2,0,,4 Attempts - 20 Races total,17,Go to Submit page,,,,,,,,,,,,,,Re-use Day 1 - Team Comp 1 as Day 2 - Team Comp 1,,,,,,,,,,4 Attempts - 20 Races total,14,Go to Submit page,,,,,,,,,,,,,,,Re-use Day 2 - Team Comp 1 as Day 3 - Team Comp 1,A Group,,,,,,,,,,4 Attempts - 20 Races total,13,Go to Submit page,,,,,,,,,,,,,,,Re-use Day 3 - Team Comp 1 as Day 4 - Team Comp 1,A Group,,,,,,,,,,4 Attempts - 20 Races total,14,Go to Submit page,,,,,,,,,,,,,,,A Finals,13318,Re-use Day 4 - Team Comp 1 as Finals Team Comp,,,,,,,,,,https://drive.google.com/open?id=1qCK8xYCz4Uadq-WdVWs8MzKzcEJhFBcl,2nd,Yes,https://drive.google.com/open?id=1eY3DP01SWR3cmZ2hYrbtvLXVm9j5_ROo,https://drive.google.com/open?id=1njp0BqfbFa5XTTbnqJLKyD-wa2FuPhUI,,,6,6,,2,https://drive.google.com/open?id=1MGz0Tw_ZEbNJRp5Y8vPI_fkW-QE9pOZI,,,,,,,,,,,
9/25/2026 8:00:20,6>Suri,Graded (No Uma Restrictions),Get into A finals,I accept these terms,Finals,Android - phone or tablet,$0,1025,6-10 (roughly 1 per day),0-5 (less than 1 per day),"Discord - MooMooCord - https://discord.com/invite/moomoocows, Twitch - MooMooCows - https://www.twitch.tv/moomoomoocows, YouTube - MooMooCows - https://www.youtube.com/@MooMooCows",3,,Mejiro Ryan,Late Surger,Ace built for this CM before CM start in Grand Concert scenario,,,,,,,,Symboli Rudolf,Late Surger,Debuffer,,,,,,,,Grass Wonder,Pace Chaser,Debuffer,,,,,,,,4 Attempts - 20 Races total,12,Go to Submit page,,,,,,,,,,,,,,Re-use Day 1 - Team Comp 1 as Day 2 - Team Comp 1,,,,,,,,,,4 Attempts - 20 Races total,13,Go to Submit page,,,,,,,,,,,,,,,Re-use Day 2 - Team Comp 1 as Day 3 - Team Comp 1,A Group,,,,,,,,,,4 Attempts - 20 Races total,6,Go to Submit page,,,,,,,,,,,,,,,Re-use Day 3 - Team Comp 1 as Day 4 - Team Comp 1,A Group,,,,,,,,,,4 Attempts - 20 Races total,10,Go to Submit page,,,,,,,,,,,,,,,A Finals,9898,Re-use Day 4 - Team Comp 1 as Finals Team Comp,,,,,,,,,,https://drive.google.com/open?id=1fRUkdzIRAsVu0rV4xR-j8YqyoEO6OYMg,1st,,,,,,,,,,,Yes,Finally winning as late surger main and bring all Victorias on 3 accounts,https://drive.google.com/open?id=11fUGZminZe0uGO1Z9Yv_lHg7ZELynsHO,https://drive.google.com/open?id=1U1mv5F_7U19fvD3WAUYQqgofGyPOUPbC,,,,,,,https://drive.google.com/open?id=1BAcwa0GYYCdh96lWlmvXN2zGVuIYtdFn
9/25/2026 8:03:22,4>EsJeruk,Graded (No Uma Restrictions),Get into A finals,I accept these terms,Finals,Android - phone or tablet,$0,505,6-10 (roughly 1 per day),0-5 (less than 1 per day),"Discord - MooMooCord - https://discord.com/invite/moomoocows, Twitch - MooMooCows - https://www.twitch.tv/moomoomoocows, YouTube - MooMooCows - https://www.youtube.com/@MooMooCows",3,,Oguri Cap (Christmas),Pace Chaser,Ace built for this CM before CM start in Grand Concert scenario,,,,,,,,Eishin Flash (Valentine),Late Surger,Debuffer,,,,,,,,Grass Wonder,Late Surger,Debuffer,,,,,,,,4 Attempts - 20 Races total,14,Go to Submit page,,,,,,,,,,,,,,Re-use Day 1 - Team Comp 1 as Day 2 - Team Comp 1,,,,,,,,,,4 Attempts - 20 Races total,15,Go to Submit page,,,,,,,,,,,,,,,Re-use Day 2 - Team Comp 1 as Day 3 - Team Comp 1,A Group,,,,,,,,,,4 Attempts - 20 Races total,12,Go to Submit page,,,,,,,,,,,,,,,Re-use Day 3 - Team Comp 1 as Day 4 - Team Comp 1,A Group,,,,,,,,,,4 Attempts - 20 Races total,15,Go to Submit page,,,,,,,,,,,,,,,A Finals,10053,Re-use Day 4 - Team Comp 1 as Finals Team Comp,,,,,,,,,,https://drive.google.com/open?id=17FJoAlLTDnjB0ciOnd3_YidLqiF7aqlj,1st,,,,,,,,,,,No,,https://drive.google.com/open?id=1D4jHSO_iJC6_6fZHSNu_LVuFjavGIAyp,https://drive.google.com/open?id=1XbpgW7dkjGrRfBQogb6nGUDWWt6fX23r,,,,,,,https://drive.google.com/open?id=1loknPlHFm3Gp3qIf9nMGt-pvF5u1uXXV
9/21/2026 16:46:08,svera,Graded (No Uma Restrictions),Get into A finals,I accept these terms,Day 2,"Android - phone or tablet, Windows",$101-500,,21-30 (roughly 3-4 per day),6-10 (roughly 1 per day),,,,Sweep Tosho,End Closer,Ace built for this CM before CM start in Grand Concert scenario,2,1,0,0,2,1,0,Meisho Doto,Pace Chaser,Ace built for this CM before CM start in Grand Concert scenario,2,0,1,0,2,1,0,Tamamo Cross,Late Surger,Ace built for this CM before CM start in Grand Concert scenario,2,0,1,0,2,1,0,3 Attempts - 15 Races total,7,Day 1 - Add 2nd Team,Sweep Tosho,End Closer,Ace built for this CM before CM start in Grand Concert scenario,Meisho Doto,Pace Chaser,Ace built for this CM before CM start in Grand Concert scenario,Seeking the Pearl,Pace Chaser,Ace built for this CM before CM start in Grand Concert scenario,1 Attempt - 5 Races total,2,2 teams,Go to Submit page,Re-use Day 1 - Team Comp 2 as Day 2 - Team Comp 1,,,,,,,,,,2 Attempts - 10 Races total,7,Day 2 - Add 2nd Team,Re-use Day 1 - Team Comp 1 as Day 2 - Team Comp 2,,,,,,,,,,2 Attempts - 10 Races total,6,2 teams,Go to Submit page,,,,,,,,,,,,,,,,,,,,,,,,,,,,,,,,,,,,,,,,,,,,,,,,,,,,,,,,,,,,,,,,,,,,,,,,,,,,,,,,,,,,,,,,,,,
9/25/2026 10:44:43,GotNames,Graded (No Uma Restrictions),Get into A finals,I accept these terms,Finals,,,,,6-10 (roughly 1 per day),,,,Manhattan Cafe,Late Surger,Ace built for this CM before CM start in Grand Concert scenario,3,0,0,0,2,1,0,Kitasan Black,Front Runner,Ace built for this CM before CM start in Grand Concert scenario,2,1,0,0,2,1,0,Seiun Sky,Front Runner,Ace built for this CM before CM start in Grand Concert scenario,2,1,0,0,2,1,0,4 Attempts - 20 Races total,9,Go to Submit page,,,,,,,,,,,,,,Re-use Day 1 - Team Comp 1 as Day 2 - Team Comp 1,,,,,,,,,,4 Attempts - 20 Races total,13,Day 3,,,,,,,,,,,,,,,Re-use Day 2 - Team Comp 1 as Day 3 - Team Comp 1,A Group,,,,,,,,,,4 Attempts - 20 Races total,10,Go to Submit page,,,,,,,,,,,,,,,Re-use Day 3 - Team Comp 1 as Day 4 - Team Comp 1,A Group,,,,,,,,,,4 Attempts - 20 Races total,6,Go to Submit page,,,,,,,,,,,,,,,A Finals,9743,Re-use Day 4 - Team Comp 1 as Finals Team Comp,,,,,,,,,,https://drive.google.com/open?id=12gdNGek2nPVbcb3cqUiF5l-QXYd1Gh8J,2nd,No (goes to Submit page),,,,,,,,,,,,,,,,,,,,
9/25/2026 6:27:31,hannahmuffins,Graded (No Uma Restrictions),Win A finals,I accept these terms,Finals,"Android - phone or tablet, Linux",$101-500,2195,46+ (more than 6 per day),0-5 (less than 1 per day),"Discord - MooMooCord - https://discord.com/invite/moomoocows, YouTube - MooMooCows - https://www.youtube.com/@MooMooCows",,,Meisho Doto (Halloween),Pace Chaser,Ace built for this CM before CM start in Grand Concert scenario,3,0,0,0,2,1,0,Grass Wonder,End Closer,Debuffer,,,,,,,,Agnes Tachyon,End Closer,Debuffer,,,,,,,,4 Attempts - 20 Races total,18,Go to Submit page,,,,,,,,,,,,,,Re-use Day 1 - Team Comp 1 as Day 2 - Team Comp 1,,,,,,,,,,4 Attempts - 20 Races total,19,Go to Submit page,,,,,,,,,,,,,,,Re-use Day 2 - Team Comp 1 as Day 3 - Team Comp 1,A Group,,,,,,,,,,4 Attempts - 20 Races total,13,Go to Submit page,,,,,,,,,,,,,,,Re-use Day 3 - Team Comp 1 as Day 4 - Team Comp 1,A Group,,,,,,,,,,4 Attempts - 20 Races total,16,Go to Submit page,,,,,,,,,,,,,,,A Finals,11805,Re-use Day 4 - Team Comp 1 as Finals Team Comp,,,,,,,,,,https://drive.google.com/open?id=17IHTXPX2HD2P9U2SNbZVXOdWdwa3YIjq,1st,,,,,,,,,,,Yes,W cat,https://drive.google.com/open?id=13Vch8v9uiV4KkH6ovoGjArLLhoVDXzUk,https://drive.google.com/open?id=1JEY7uZ5v9ILYyip8JULscSMyi1Hk9rIe,,0,17,0,0,0,https://drive.google.com/open?id=15vPCll-kk90hmQYTJ2-1dr759rOEaDFM
9/25/2026 5:25:36,BlastHardcheese,Graded (No Uma Restrictions),Win A finals,I accept these terms,Finals,Windows,$0,1298,6-10 (roughly 1 per day),6-10 (roughly 1 per day),Twitch - MooMooCows - https://www.twitch.tv/moomoomoocows,,,Special Week,Late Surger,Ace built for this CM before CM start in Grand Concert scenario,2,0,1,0,2,1,0,Mejiro McQueen,Pace Chaser,Ace built for this CM before CM start in Grand Concert scenario,2,1,0,0,2,1,0,Tokai Teio,Pace Chaser,Ace built for this CM before CM start in Grand Concert scenario,2,1,0,0,2,1,0,4 Attempts - 20 Races total,10,Go to Submit page,,,,,,,,,,,,,,Re-use Day 1 - Team Comp 1 as Day 2 - Team Comp 1,,,,,,,,,,4 Attempts - 20 Races total,12,Go to Submit page,,,,,,,,,,,,,,,Re-use Day 2 - Team Comp 1 as Day 3 - Team Comp 1,A Group,,,,,,,,,,4 Attempts - 20 Races total,10,Go to Submit page,,,,,,,,,,,,,,,Re-use Day 3 - Team Comp 1 as Day 4 - Team Comp 1,A Group,,,,,,,,,,4 Attempts - 20 Races total,9,Go to Submit page,,,,,,,,,,,,,,,A Finals,13311,Re-use Day 4 - Team Comp 1 as Finals Team Comp,,,,,,,,,,https://drive.google.com/open?id=1Id913hInz1Sxs8kgxfQyuLsSNSX2STEz,3rd,Yes,https://drive.google.com/open?id=1FQ3g0A1ejyDHEllrWd4JKoyYS0OuU95y,https://drive.google.com/open?id=1U8QzUzBW619uv8iE35tUZxnPHxKq5Ru0,,0,12,5,0,0,https://drive.google.com/open?id=1kWlpsji-G1KsJJmz6Rmeost6vnW59Syg,,,,,,,,,,,
9/25/2026 20:50:13,MushroomBaracks,Graded (No Uma Restrictions),Win A finals,I accept these terms,Finals,Windows,$0,1009,46+ (more than 6 per day),11-20 (roughly 2-3 per day),"Discord - MooMooCord - https://discord.com/invite/moomoocows, YouTube - MooMooCows - https://www.youtube.com/@MooMooCows",5,,Mayano Top Gun,Late Surger,Ace built for this CM before CM start in Grand Concert scenario,3,1,,,1,1,,Agnes Tachyon,Front Runner,Debuffer,1,1,,1,2,1,,Grass Wonder,Late Surger,Debuffer,1,1,,2,1,1,,4 Attempts - 20 Races total,12,Go to Submit page,,,,,,,,,,,,,,Re-use Day 1 - Team Comp 1 as Day 2 - Team Comp 1,,,,,,,,,,4 Attempts - 20 Races total,10,Go to Submit page,,,,,,,,,,,,,,,Re-use Day 2 - Team Comp 1 as Day 3 - Team Comp 1,A Group,,,,,,,,,,4 Attempts - 20 Races total,8,Go to Submit page,,,,,,,,,,,,,,,Re-use Day 3 - Team Comp 1 as Day 4 - Team Comp 1,A Group,,,,,,,,,,4 Attempts - 20 Races total,10,Go to Submit page,,,,,,,,,,,,,,,A Finals,6820,Re-use Day 4 - Team Comp 1 as Finals Team Comp,,,,,,,,,,https://drive.google.com/open?id=1i3XUyIfuBymrw98wEOyjdDvmI08RqmHc,3rd,No (goes to Submit page),,,,,,,,,,,,,,,,,,,,
9/25/2026 21:50:50,blackred,Graded (No Uma Restrictions),Get into A finals,I accept these terms,Finals,"Android - phone or tablet, Windows",$1-100,520,6-10 (roughly 1 per day),0-5 (less than 1 per day),Discord - MooMooCord - https://discord.com/invite/moomoocows,,,Oguri Cap (Christmas),End Closer,Ace built for this CM before CM start in Grand Concert scenario,3,,,,2,1,,Agnes Tachyon,Late Surger,Debuffer,,,,,6,,,Grass Wonder,Late Surger,Debuffer,,,,,6,,,4 Attempts - 20 Races total,16,Go to Submit page,,,,,,,,,,,,,,Re-use Day 1 - Team Comp 1 as Day 2 - Team Comp 1,,,,,,,,,,4 Attempts - 20 Races total,19,Go to Submit page,,,,,,,,,,,,,,,,,,,,,,,,,,,,,,,,,,,,,,,,,,,,,,,,,,,,,,,,,,,,,,,,,,,,,,,A Finals,9540,Re-use Day 4 - Team Comp 1 as Finals Team Comp,,,,,,,,,,https://drive.google.com/open?id=1fREyGBcsUxxYYXYeFdJfCDu5jHW-VSt5,1st,,,,,,,,,,,No,,https://drive.google.com/open?id=1WHLjhLmMaYdyzT41PjLF8vUFvyzfVZRO,https://drive.google.com/open?id=18aCPXqgqy904ipRX0UnI4euVg8DSOlsh,,,,,,,
9/25/2026 6:37:41,Princeofjupiter,Graded (No Uma Restrictions),Win A finals,I accept these terms,Finals,"Android - phone or tablet, Windows",$101-500,1648,31-45 (roughly 5-6 per day),11-20 (roughly 2-3 per day),"Discord - MooMooCord - https://discord.com/invite/moomoocows, Discord - Pakacord! - https://discord.com/invite/umamusume, Twitch - MooMooCows - https://www.twitch.tv/moomoomoocows, YouTube - MooMooCows - https://www.youtube.com/@MooMooCows",,,Gold City (Festival),Late Surger,Ace built for this CM before CM start in Grand Concert scenario,3,,,,2,1,,Matikanetannhauser,Late Surger,Ace built for this CM before CM start in Grand Concert scenario,3,,,,2,1,,Nice Nature,Late Surger,Debuffer,,,,,,,,4 Attempts - 20 Races total,14,Go to Submit page,,,,,,,,,,,,,,Re-use Day 1 - Team Comp 1 as Day 2 - Team Comp 1,,,,,,,,,,4 Attempts - 20 Races total,15,Go to Submit page,,,,,,,,,,,,,,,Add new Team Comp as Day 3 - Team Comp 1,A Group,Gold City (Festival),Late Surger,Ace built for this CM before CM start in Grand Concert scenario,Matikanetannhauser,Late Surger,Ace built for this CM before CM start in Grand Concert scenario,Grass Wonder,Front Runner,Debuffer,4 Attempts - 20 Races total,16,Go to Submit page,,,,,,,,,,,,,,,Re-use Day 3 - Team Comp 1 as Day 4 - Team Comp 1,A Group,,,,,,,,,,4 Attempts - 20 Races total,11,Go to Submit page,,,,,,,,,,,,,,,A Finals,9915,Re-use Day 4 - Team Comp 1 as Finals Team Comp,,,,,,,,,,https://drive.google.com/open?id=1_KWgTvKjAbqJzsoKPw1kpFYZYPz_qQPm,1st,,,,,,,,,,,Yes,"Shine bright, my star.",https://drive.google.com/open?id=15A1sg4x6CWZ-XL21qvS-EOuj7c9Rcxfu,https://drive.google.com/open?id=1VyqjkXYWgxb07aYS0s5dyzj3WsNWm0-1,,,12,2,1,,https://drive.google.com/open?id=1x2gxgcoOt3CEvB0j5o75jclwALCFExj-
9/25/2026 6:21:00,Jupiter,Graded (No Uma Restrictions),Get into A finals,I accept these terms,Finals,"Android - phone or tablet, Windows",$101-500,1617,11-20 (roughly 2-3 per day),11-20 (roughly 2-3 per day),"Discord - MooMooCord - https://discord.com/invite/moomoocows, YouTube - MooMooCows - https://www.youtube.com/@MooMooCows",5,,Taiki Shuttle (Camping),Pace Chaser,Ace built for this CM before CM start in Grand Concert scenario,3,1,0,0,1,1,0,Mayano Top Gun,Pace Chaser,Ace built for this CM before CM start in Grand Concert scenario,3,1,0,0,1,1,0,Mejiro Dober,Late Surger,Ace built for this CM before CM start in Grand Concert scenario,2,1,0,0,2,1,0,4 Attempts - 20 Races total,12,Go to Submit page,,,,,,,,,,,,,,Re-use Day 1 - Team Comp 1 as Day 2 - Team Comp 1,,,,,,,,,,4 Attempts - 20 Races total,11,Day 3,,,,,,,,,,,,,,,Re-use Day 2 - Team Comp 1 as Day 3 - Team Comp 1,A Group,,,,,,,,,,4 Attempts - 20 Races total,12,Day 4,,,,,,,,,,,,,,,Re-use Day 3 - Team Comp 1 as Day 4 - Team Comp 1,A Group,,,,,,,,,,4 Attempts - 20 Races total,10,Go to Submit page,,,,,,,,,,,,,,,A Finals,6150,Re-use Day 4 - Team Comp 1 as Finals Team Comp,,,,,,,,,,https://drive.google.com/open?id=1BBL1sXtr5_PqQdVLs4S6VdKAMqqEvLcd,1st,,,,,,,,,,,Yes,"Don't call her Berry, she could bite",https://drive.google.com/open?id=1Yok0h11ocMQr9qp6ZhMneGBkwdFYBMS_,https://drive.google.com/open?id=1APITJlNTrEbmiD1HGQ32pA96s_fQqP0E,,0,10,0,5,0,https://drive.google.com/open?id=1TpeXMbtvduM2_X4wCkTl16MLe1fuHGox
9/25/2026 8:52:45,Tenbirds,Graded (No Uma Restrictions),Win A finals,I accept these terms,Finals,"Android - phone or tablet, Windows",$101-500,840,6-10 (roughly 1 per day),6-10 (roughly 1 per day),"Discord - MooMooCord - https://discord.com/invite/moomoocows, YouTube - MooMooCows - https://www.youtube.com/@MooMooCows",5,,Rice Shower,Pace Chaser,Ace built for this CM before CM start in Grand Concert scenario,3,0,0,0,2,1,0,Fine Motion,Pace Chaser,Ace built for this CM before CM start in Grand Concert scenario,3,0,0,0,2,1,0,Grass Wonder,End Closer,Debuffer,1,1,0,0,3,1,0,4 Attempts - 20 Races total,15,Go to Submit page,,,,,,,,,,,,,,Re-use Day 1 - Team Comp 1 as Day 2 - Team Comp 1,,,,,,,,,,4 Attempts - 20 Races total,14,Go to Submit page,,,,,,,,,,,,,,,Re-use Day 2 - Team Comp 1 as Day 3 - Team Comp 1,A Group,,,,,,,,,,4 Attempts - 20 Races total,16,Go to Submit page,,,,,,,,,,,,,,,Re-use Day 3 - Team Comp 1 as Day 4 - Team Comp 1,A Group,,,,,,,,,,4 Attempts - 20 Races total,13,Go to Submit page,,,,,,,,,,,,,,,A Finals,13777,Re-use Day 4 - Team Comp 1 as Finals Team Comp,,,,,,,,,,https://drive.google.com/open?id=13v5I5WoFfDTqUn3Mx5h4RzIAce8RRJht,1st,,,,,,,,,,,Yes,Rice won!!,https://drive.google.com/open?id=1BqOztsLI8jD9rkOqERd1Ky5Lbg1piI9k,https://drive.google.com/open?id=1KnppKCMH-fsGmYsTB-sqQRRylDV7qGDB,,3,0,0,0,2,https://drive.google.com/open?id=1XQ2bHOFkUISjnQGsfVlBzFPGH5-p2mAK
9/25/2026 20:39:30,rly.,Graded (No Uma Restrictions),Win A finals,I accept these terms,Finals,"Android - phone or tablet, Windows",$1-100,2326,46+ (more than 6 per day),11-20 (roughly 2-3 per day),Discord - MooMooCord - https://discord.com/invite/moomoocows,,,King Halo,Late Surger,Ace built for this CM before CM start in Grand Concert scenario,2,1,,,2,1,,Nice Nature (Cheerleader),Late Surger,Debuffer,,,,,,,,Grass Wonder,Pace Chaser,Debuffer,,,,,,,,4 Attempts - 20 Races total,15,Go to Submit page,,,,,,,,,,,,,,Re-use Day 1 - Team Comp 1 as Day 2 - Team Comp 1,,,,,,,,,,4 Attempts - 20 Races total,15,Go to Submit page,,,,,,,,,,,,,,,Re-use Day 2 - Team Comp 1 as Day 3 - Team Comp 1,A Group,,,,,,,,,,4 Attempts - 20 Races total,12,Go to Submit page,,,,,,,,,,,,,,,Re-use Day 3 - Team Comp 1 as Day 4 - Team Comp 1,A Group,,,,,,,,,,4 Attempts - 20 Races total,10,Go to Submit page,,,,,,,,,,,,,,,A Finals,11698,Re-use Day 4 - Team Comp 1 as Finals Team Comp,,,,,,,,,,https://drive.google.com/open?id=1Fsh8dxFlb64C_nFFNoOx0Dwsq4MIXgxD,1st,,,,,,,,,,,Yes,winning with a clean slate against a specialized uma for a track is funny,https://drive.google.com/open?id=1HAINC-Lg1-dYtwbzdHyInZtB3NZffHHU,https://drive.google.com/open?id=1fU9_bFotKfC7bwIYP9vK1iNxvUQsMP8G,,2,8,,,1,https://drive.google.com/open?id=1qk7Uow32ZAhchVGZ_unJlpS9dCnlXozj
9/25/2026 12:24:53,Jau ZP,Graded (No Uma Restrictions),Get into A finals,I accept these terms,Finals,"Android - phone or tablet, Windows",$5000+,1803,6-10 (roughly 1 per day),6-10 (roughly 1 per day),Discord - MooMooCord - https://discord.com/invite/moomoocows,5,,Mihono Bourbon (Valentine),Front Runner,Ace built for this CM before CM start in Grand Concert scenario,2,1,0,0,2,1,0,Oguri Cap (Christmas),Pace Chaser,Ace built for this CM before CM start in Grand Concert scenario,2,1,0,0,2,1,0,Mejiro McQueen (Summer),Front Runner,Ace built for this CM before CM start in Grand Concert scenario,2,1,0,0,2,1,0,4 Attempts - 20 Races total,18,Go to Submit page,,,,,,,,,,,,,,Re-use Day 1 - Team Comp 1 as Day 2 - Team Comp 1,,,,,,,,,,4 Attempts - 20 Races total,16,Go to Submit page,,,,,,,,,,,,,,,Re-use Day 2 - Team Comp 1 as Day 3 - Team Comp 1,A Group,,,,,,,,,,4 Attempts - 20 Races total,11,Go to Submit page,,,,,,,,,,,,,,,Re-use Day 3 - Team Comp 1 as Day 4 - Team Comp 1,A Group,,,,,,,,,,4 Attempts - 20 Races total,15,Go to Submit page,,,,,,,,,,,,,,,A Finals,14181,Re-use Day 4 - Team Comp 1 as Finals Team Comp,,,,,,,,,,https://drive.google.com/open?id=12yD6hhQ3boz1EYOZwlE8SHZjHX8YtpwD,1st,,,,,,,,,,,No,,https://drive.google.com/open?id=14UO6IoRLw473upt_I6p6RIioroZNUjCI,https://drive.google.com/open?id=12x72jv56aM9XZ2_pkb19TyQ9oFChWZVG,,2,15,0,0,0,https://drive.google.com/open?id=1ZhgDHm6SK1AV_E39ymI2XQYO3oVg7dDM
9/25/2026 7:31:24,Yuunako,Graded (No Uma Restrictions),Win A finals,I accept these terms,Finals,Android - phone or tablet,$0,1925,21-30 (roughly 3-4 per day),6-10 (roughly 1 per day),Discord - MooMooCord - https://discord.com/invite/moomoocows,5,,Meisho Doto (Halloween),Pace Chaser,Ace built for this CM before CM start in Grand Concert scenario,3,0,0,0,2,1,0,T.M. Opera O (New Year),Pace Chaser,Ace built for this CM before CM start in Grand Concert scenario,3,0,0,0,2,1,0,Super Creek,Pace Chaser,Ace built for this CM before CM start in Grand Concert scenario,3,0,0,0,2,1,0,4 Attempts - 20 Races total,14,Go to Submit page,,,,,,,,,,,,,,Re-use Day 1 - Team Comp 1 as Day 2 - Team Comp 1,,,,,,,,,,4 Attempts - 20 Races total,16,Go to Submit page,,,,,,,,,,,,,,,Re-use Day 2 - Team Comp 1 as Day 3 - Team Comp 1,A Group,,,,,,,,,,4 Attempts - 20 Races total,9,Day 4,,,,,,,,,,,,,,,Re-use Day 3 - Team Comp 1 as Day 4 - Team Comp 1,A Group,,,,,,,,,,4 Attempts - 20 Races total,12,Go to Submit page,,,,,,,,,,,,,,,A Finals,10053,Re-use Day 4 - Team Comp 1 as Finals Team Comp,,,,,,,,,,,2nd,No (goes to Submit page),,,,,,,,,,,,,,,,,,,,
9/25/2026 8:55:05,Herlx,Graded (No Uma Restrictions),Get into A finals,I accept these terms,Finals,Linux,$0,1230,11-20 (roughly 2-3 per day),6-10 (roughly 1 per day),Discord - MooMooCord - https://discord.com/invite/moomoocows,,,Satono Diamond,Late Surger,Ace built for this CM before CM start in Grand Concert scenario,3,1,,,1,1,,Grass Wonder,Front Runner,Debuffer,,,,,,,,Agnes Tachyon,Front Runner,Debuffer,,,,,,,,4 Attempts - 20 Races total,6,Go to Submit page,,,,,,,,,,,,,,Add new Team Comp as Day 2 - Team Comp 1,Gold Ship,End Closer,Mid-CM Ace build in Grand Concert scenario,Grass Wonder,Front Runner,Debuffer,Agnes Tachyon,Front Runner,Debuffer,4 Attempts - 20 Races total,12,Go to Submit page,,,,,,,,,,,,,,,Re-use Day 2 - Team Comp 1 as Day 3 - Team Comp 1,A Group,,,,,,,,,,4 Attempts - 20 Races total,10,Go to Submit page,,,,,,,,,,,,,,,Re-use Day 3 - Team Comp 1 as Day 4 - Team Comp 1,A Group,,,,,,,,,,4 Attempts - 20 Races total,5,Go to Submit page,,,,,,,,,,,,,,,A Finals,8410,Re-use Day 4 - Team Comp 1 as Finals Team Comp,,,,,,,,,,https://drive.google.com/open?id=1m3MvLfXxcEa6BcTC3x45VMpGy0Uyaii6,1st,,,,,,,,,,,No,,https://drive.google.com/open?id=15baEDUXZtZ-vGFsSpKs_ctORLhXNyCbm,https://drive.google.com/open?id=1jl02t3ROVU8p2jEau7EBbCu-_cZJy7ib,,,13,,,,https://drive.google.com/open?id=1tqRKiAv9Zh7VQVC7aPHbFJZzWm_Kprl7
9/25/2026 14:27:33,Samur4i,Graded (No Uma Restrictions),Get into A finals,I accept these terms,Day 2,Windows,$1-100,1570,46+ (more than 6 per day),0-5 (less than 1 per day),Friend sent me the link,5,,Nakayama Festa,Late Surger,Ace built for this CM before CM start in Grand Concert scenario,2,1,0,0,2,1,0,Meisho Doto (Halloween),Pace Chaser,Ace built for this CM before CM start in Grand Concert scenario,3,0,0,0,2,1,0,Oguri Cap (Christmas),Pace Chaser,Ace built for this CM before CM start in Grand Concert scenario,2,0,0,0,3,1,0,4 Attempts - 20 Races total,15,Go to Submit page,,,,,,,,,,,,,,Re-use Day 1 - Team Comp 1 as Day 2 - Team Comp 1,,,,,,,,,,4 Attempts - 20 Races total,14,Day 3,,,,,,,,,,,,,,,Re-use Day 2 - Team Comp 1 as Day 3 - Team Comp 1,A Group,,,,,,,,,,1 Attempt - 5 Races total,0,Day 3 - Add 2nd Team,Add new Team Comp as Day 3 - Team Comp 2,Nakayama Festa,Late Surger,Ace built for this CM before CM start in Grand Concert scenario,Grass Wonder,Late Surger,Debuffer,Agnes Tachyon,Pace Chaser,Debuffer,3 Attempts - 15 Races total,6,3 teams,Day 4,Re-use Day 3 - Team Comp 2 as Day 4 - Team Comp 1,A Group,,,,,,,,,,2 Attempts - 10 Races total,3,Finals,Add new Team Comp as Day 4 - Team Comp 2,Nakayama Festa,Late Surger,Ace built for this CM before CM start in Grand Concert scenario,Meisho Doto (Halloween),Pace Chaser,Ace built for this CM before CM start in Grand Concert scenario,Grass Wonder,Late Surger,Debuffer,2 Attempts - 10 Races total,5,2 teams,Day 3,A Finals,9069,Re-use Day 4 - Team Comp 2 as Finals Team Comp,,,,,,,,,,https://drive.google.com/open?id=1bZzmCj6sE3ujh6FkHy5ddcXdEz3qfGMP,1st,,,,,,,,,,,Yes,"""17 BLACK, LET IT RIDE"" ",https://drive.google.com/open?id=1qf2eNdn8UDXNhEZPaV4yKzTCnh8fm9f5,https://drive.google.com/open?id=1YBQ5XAJcNyx2g5-c56XXxgYPLD2dTOHP,,3,8,6,0,0,https://drive.google.com/open?id=1BFf4xTV5cJGacyIwXPxjKdmXDsu3RJyV
9/25/2026 20:42:33,Thomas,Graded (No Uma Restrictions),Win A finals,I accept these terms,Finals,Linux,$0,797,6-10 (roughly 1 per day),0-5 (less than 1 per day),Discord - MooMooCord - https://discord.com/invite/moomoocows,5,,Nice Nature (Cheerleader),Late Surger,Ace built for this CM before CM start in Grand Concert scenario,3,1,0,0,1,1,0,Grass Wonder,End Closer,Debuffer,0,2,2,1,0,1,0,Mayano Top Gun (Wedding),Late Surger,Debuffer,0,2,2,1,0,1,0,4 Attempts - 20 Races total,12,Go to Submit page,,,,,,,,,,,,,,Re-use Day 1 - Team Comp 1 as Day 2 - Team Comp 1,,,,,,,,,,4 Attempts - 20 Races total,13,Day 3,,,,,,,,,,,,,,,Re-use Day 2 - Team Comp 1 as Day 3 - Team Comp 1,A Group,,,,,,,,,,4 Attempts - 20 Races total,9,Day 4,,,,,,,,,,,,,,,Re-use Day 3 - Team Comp 1 as Day 4 - Team Comp 1,A Group,,,,,,,,,,4 Attempts - 20 Races total,7,Go to Submit page,,,,,,,,,,,,,,,A Finals,6030,Re-use Day 4 - Team Comp 1 as Finals Team Comp,,,,,,,,,,https://drive.google.com/open?id=1EAbDFvmdTytmy2ukEoeKTl6C9VkZ_qzi,1st,,,,,,,,,,,Yes,Of course you're my number one.,https://drive.google.com/open?id=1qEHDDEQN_40EfAmLK5IzxGcuxtDXTUA1,https://drive.google.com/open?id=1gl9DXvLb5WkFNN3hm3KNdULuHMMUJC8h,,2,8,4,0,0,https://drive.google.com/open?id=16Yu8FB7KsSLkRYDEjIwvw83wsm3rNRfs
9/25/2026 10:23:13,FXFuSe,Graded (No Uma Restrictions),Get into A finals,I accept these terms,Day 2,,$101-500,1077,31-45 (roughly 5-6 per day),11-20 (roughly 2-3 per day),,,,Daiwa Scarlet,Pace Chaser,Ace built for this CM before CM start in Grand Concert scenario,2,1,0,0,2,1,0,Special Week,Pace Chaser,Ace built for this CM before CM start in Grand Concert scenario,3,0,0,0,2,1,0,Silence Suzuka,Runaway,Blocker/Overtake target/Throwaway/Niche role,,,,,,,,4 Attempts - 20 Races total,12,Go to Submit page,,,,,,,,,,,,,,Re-use Day 1 - Team Comp 1 as Day 2 - Team Comp 1,,,,,,,,,,4 Attempts - 20 Races total,13,Day 3,,,,,,,,,,,,,,,Re-use Day 2 - Team Comp 1 as Day 3 - Team Comp 1,A Group,,,,,,,,,,4 Attempts - 20 Races total,10,Day 4,,,,,,,,,,,,,,,Re-use Day 3 - Team Comp 1 as Day 4 - Team Comp 1,A Group,,,,,,,,,,4 Attempts - 20 Races total,11,Finals,,,,,,,,,,,,,,,A Finals,9184,Re-use Day 4 - Team Comp 1 as Finals Team Comp,,,,,,,,,,https://drive.google.com/open?id=142th6QMSx7K7z0PNbYonZRt42PUA_Ukm,1st,,,,,,,,,,,Yes,Written in the books. Daisca in Inevitable ,https://drive.google.com/open?id=1UBtSIVlgndLN5UWUClv-lS6uUMPD6z6l,https://drive.google.com/open?id=1R1DOBeLxhzSlZSq9nUMNDwcpagKIKFQ_,,,,,,,https://drive.google.com/open?id=1RJayfORwl-y9IpjS-FRZzblYG1sRg6_G
9/26/2026 12:28:00,Sundae ヽ（￣▽￣）ノ,Graded (No Uma Restrictions),Get into A finals,I accept these terms,Finals,"Android - phone or tablet, Windows",$101-500,,31-45 (roughly 5-6 per day),0-5 (less than 1 per day),Twitch - MooMooCows - https://www.twitch.tv/moomoomoocows,,,Mejiro Dober,Late Surger,Ace built for this CM before CM start in Grand Concert scenario,3,1,0,0,1,1,0,Nice Nature,Late Surger,Debuffer,1,1,0,1,3,0,0,Grass Wonder,Late Surger,Debuffer,1,1,0,1,3,0,0,4 Attempts - 20 Races total,13,Go to Submit page,,,,,,,,,,,,,,Re-use Day 1 - Team Comp 1 as Day 2 - Team Comp 1,,,,,,,,,,4 Attempts - 20 Races total,14,Go to Submit page,,,,,,,,,,,,,,,Re-use Day 2 - Team Comp 1 as Day 3 - Team Comp 1,A Group,,,,,,,,,,4 Attempts - 20 Races total,7,Go to Submit page,,,,,,,,,,,,,,,Re-use Day 3 - Team Comp 1 as Day 4 - Team Comp 1,A Group,,,,,,,,,,4 Attempts - 20 Races total,7,Go to Submit page,,,,,,,,,,,,,,,A Finals,,Re-use Day 4 - Team Comp 1 as Finals Team Comp,,,,,,,,,,,2nd,No (goes to Submit page),,,,,,,,,,,,,,,,,,,,
9/24/2026 7:44:15,RotUs,Graded (No Uma Restrictions),Win A finals,I accept these terms,Day 1,Windows,$0,,,,Discord - MooMooCord - https://discord.com/invite/moomoocows,,,Ines Fujin,Front Runner,Ace built for this CM before CM start in Grand Concert scenario,2,,1,,2,1,,Kitasan Black,Front Runner,Ace built for this CM before CM start in Grand Concert scenario,2,1,,,2,1,,Manhattan Cafe,Late Surger,Ace built for this CM before CM start in Grand Concert scenario,3,,,,2,1,,4 Attempts - 20 Races total,16,Day 2,,,,,,,,,,,,,,Re-use Day 1 - Team Comp 1 as Day 2 - Team Comp 1,,,,,,,,,,4 Attempts - 20 Races total,11,Day 3,,,,,,,,,,,,,,,Re-use Day 2 - Team Comp 1 as Day 3 - Team Comp 1,A Group,,,,,,,,,,4 Attempts - 20 Races total,8,Day 4,,,,,,,,,,,,,,,Re-use Day 3 - Team Comp 1 as Day 4 - Team Comp 1,A Group,,,,,,,,,,4 Attempts - 20 Races total,6,Go to Submit page,,,,,,,,,,,,,,,,,,,,,,,,,,,,,,,,,,,,,,,,,,,,,,,,,
9/25/2026 7:24:46,Toruxas,Graded (No Uma Restrictions),Win A finals,I accept these terms,Finals,Windows,$1-100,1398,31-45 (roughly 5-6 per day),0-5 (less than 1 per day),Discord - MooMooCord - https://discord.com/invite/moomoocows,5,,Oguri Cap (Christmas),End Closer,Ace built for this CM before CM start in Grand Concert scenario,2,1,,,2,1,,Agnes Tachyon,End Closer,Debuffer,,,,,,,,Grass Wonder,End Closer,Debuffer,,,,,,,,4 Attempts - 20 Races total,13,Go to Submit page,,,,,,,,,,,,,,Re-use Day 1 - Team Comp 1 as Day 2 - Team Comp 1,,,,,,,,,,4 Attempts - 20 Races total,14,Go to Submit page,,,,,,,,,,,,,,,Re-use Day 2 - Team Comp 1 as Day 3 - Team Comp 1,A Group,,,,,,,,,,4 Attempts - 20 Races total,12,Go to Submit page,,,,,,,,,,,,,,,Re-use Day 3 - Team Comp 1 as Day 4 - Team Comp 1,A Group,,,,,,,,,,4 Attempts - 20 Races total,13,Go to Submit page,,,,,,,,,,,,,,,A Finals,9429,Re-use Day 4 - Team Comp 1 as Finals Team Comp,,,,,,,,,,https://drive.google.com/open?id=12OjT-EJJtv-vQlctdiSO1DDlYcqrRXQ7,1st,,,,,,,,,,,Yes,Yeah sure this is my oshi,https://drive.google.com/open?id=1fYQFGK3b9Zze1kgWLkgXRY3BVNycOgsn,https://drive.google.com/open?id=1vbF9B1xJ_nN8T5KRB_FlypJqWSMnKLWo,,7,3,0,2,3,https://drive.google.com/open?id=1M7DA7HQOO40I36qZlAJ2gTsrrN61ndpV
9/25/2026 7:42:10,Deadgod0905,Graded (No Uma Restrictions),Win A finals,I accept these terms,Finals,Android - phone or tablet,$0,,,,"Discord - MooMooCord - https://discord.com/invite/moomoocows, YouTube - MooMooCows - https://www.youtube.com/@MooMooCows",5,,Meisho Doto (Halloween),Pace Chaser,Ace built for this CM before CM start in Grand Concert scenario,3,,,,2,1,,Nice Nature (Cheerleader),Late Surger,Debuffer,,,,,,,,Grass Wonder,Late Surger,Debuffer,,,,,,,,4 Attempts - 20 Races total,19,Go to Submit page,,,,,,,,,,,,,,Re-use Day 1 - Team Comp 1 as Day 2 - Team Comp 1,,,,,,,,,,4 Attempts - 20 Races total,13,Go to Submit page,,,,,,,,,,,,,,,Re-use Day 2 - Team Comp 1 as Day 3 - Team Comp 1,A Group,,,,,,,,,,4 Attempts - 20 Races total,16,Go to Submit page,,,,,,,,,,,,,,,Re-use Day 3 - Team Comp 1 as Day 4 - Team Comp 1,A Group,,,,,,,,,,4 Attempts - 20 Races total,14,Go to Submit page,,,,,,,,,,,,,,,A Finals,12337,Re-use Day 4 - Team Comp 1 as Finals Team Comp,,,,,,,,,,https://drive.google.com/open?id=1iEf0e42IFC7nh3Pf1KbdzIarCXt_-d5I,1st,,,,,,,,,,,Yes,I hope I put Fear into all the XOs I met this CM,https://drive.google.com/open?id=1JCn-Oe0XfdnFPlFWz1D9OtIiUNTspmxi,https://drive.google.com/open?id=1O8wMuq5bSIetIAUEEP2N2IZSVHbCk2kq,,,,,,,https://drive.google.com/open?id=1jgaJjprmbwJRziEN8zBzaQggFG4WwZJN
9/20/2026 22:26:04,Havoc,Graded (No Uma Restrictions),Win A finals,I accept these terms,Day 1,,$1-100,,21-30 (roughly 3-4 per day),0-5 (less than 1 per day),,,,Oguri Cap (Christmas),End Closer,Ace built for this CM before CM start in Grand Concert scenario,3,,,,2,1,,Symboli Rudolf,End Closer,Debuffer,1,,2,,0,2,,Eishin Flash (Valentine),End Closer,Debuffer,1,,2,,2,1,,3 Attempts - 15 Races total,6,Go to Submit page,,,,,,,,,,,,,,,,,,,,,,,,,,,,,,,,,,,,,,,,,,,,,,,,,,,,,,,,,,,,,,,,,,,,,,,,,,,,,,,,,,,,,,,,,,,,,,,,,,,,,,,,,,,,,,,,,,,,,,,,,,,,,,,,,,,
9/26/2026 3:47:54,Retired@tta,Graded (No Uma Restrictions),Win A finals,I accept these terms,Day 4,"iOS - phone or tablet, Windows",$501-1000,3665,46+ (more than 6 per day),11-20 (roughly 2-3 per day),Discord - MooMooCord - https://discord.com/invite/moomoocows,5,,Agnes Tachyon,Late Surger,Debuffer,,,,,,,,Grass Wonder,Front Runner,Debuffer,,,,,,,,Oguri Cap (Christmas),End Closer,Ace built for this CM before CM start in Grand Concert scenario,2,,1,,2,1,,4 Attempts - 20 Races total,20,Go to Submit page,,,,,,,,,,,,,,Re-use Day 1 - Team Comp 1 as Day 2 - Team Comp 1,,,,,,,,,,4 Attempts - 20 Races total,19,Go to Submit page,,,,,,,,,,,,,,,Re-use Day 2 - Team Comp 1 as Day 3 - Team Comp 1,A Group,,,,,,,,,,4 Attempts - 20 Races total,18,Day 4,,,,,,,,,,,,,,,Re-use Day 3 - Team Comp 1 as Day 4 - Team Comp 1,A Group,,,,,,,,,,4 Attempts - 20 Races total,18,Finals,,,,,,,,,,,,,,,A Finals,11208,Re-use Day 4 - Team Comp 1 as Finals Team Comp,,,,,,,,,,https://drive.google.com/open?id=1t4GV8crSczP2qdj6Zjf-e0fWxsYM5tQB,1st,,,,,,,,,,,No,,https://drive.google.com/open?id=1nWV8buajBT0VN4l5U27H2oUtZGs6X22-,https://drive.google.com/open?id=1xkiFHQc5eV5G6-xzvRFPUidG3BmbXN_u,,,10,2,2,,https://drive.google.com/open?id=1-0V7hFcLx0lczNPZAsNhOe6JGyL-gJ8B
9/25/2026 9:19:30,Lumi,Graded (No Uma Restrictions),Collect participation rewards,I accept these terms,Finals,Windows,$101-500,,,,Rather not say,,,Fine Motion,Pace Chaser,Ace built for this CM before CM start in Grand Concert scenario,3,0,0,0,2,0,,Rice Shower,Pace Chaser,Ace built for this CM before CM start in Grand Concert scenario,3,0,0,0,2,1,,Agnes Tachyon,Late Surger,Debuffer,1,0,0,0,4,1,,4 Attempts - 20 Races total,7,Go to Submit page,,,,,,,,,,,,,,Add new Team Comp as Day 2 - Team Comp 1,Fine Motion,Pace Chaser,Ace built for this CM before CM start in Grand Concert scenario,Rice Shower,Pace Chaser,Ace built for this CM before CM start in Grand Concert scenario,Oguri Cap (Christmas),Pace Chaser,Ace built for older CM,4 Attempts - 20 Races total,13,Go to Submit page,,,,,,,,,,,,,,,Re-use Day 2 - Team Comp 1 as Day 3 - Team Comp 1,A Group,,,,,,,,,,4 Attempts - 20 Races total,10,Go to Submit page,,,,,,,,,,,,,,,Re-use Day 3 - Team Comp 1 as Day 4 - Team Comp 1,A Group,,,,,,,,,,4 Attempts - 20 Races total,9,Go to Submit page,,,,,,,,,,,,,,,A Finals,,Re-use Day 4 - Team Comp 1 as Finals Team Comp,,,,,,,,,,,2nd,No (goes to Submit page),,,,,,,,,,,,,,,,,,,,
9/25/2026 5:33:19,Caprielle,Graded (No Uma Restrictions),Get into A finals,I accept these terms,Day 4,"iOS - phone or tablet, Windows",Rather not say,1250,31-45 (roughly 5-6 per day),11-20 (roughly 2-3 per day),Discord - MooMooCord - https://discord.com/invite/moomoocows,,,Oguri Cap (Christmas),End Closer,Ace built for this CM before CM start in Grand Concert scenario,2,1,0,0,2,1,0,Rice Shower (Halloween),Pace Chaser,Ace built for this CM before CM start in Grand Concert scenario,3,0,0,0,2,1,0,Maruzensky (Summer),Front Runner,Blocker/Overtake target/Throwaway/Niche role,3,0,0,0,2,1,0,3 Attempts - 15 Races total,13,Go to Submit page,,,,,,,,,,,,,,Re-use Day 1 - Team Comp 1 as Day 2 - Team Comp 1,,,,,,,,,,3 Attempts - 15 Races total,10,Go to Submit page,,,,,,,,,,,,,,,Re-use Day 2 - Team Comp 1 as Day 3 - Team Comp 1,A Group,,,,,,,,,,3 Attempts - 15 Races total,6,Day 4,,,,,,,,,,,,,,,Re-use Day 3 - Team Comp 1 as Day 4 - Team Comp 1,A Group,,,,,,,,,,3 Attempts - 15 Races total,10,Finals,,,,,,,,,,,,,,,A Finals,8478,Re-use Day 4 - Team Comp 1 as Finals Team Comp,,,,,,,,,,https://drive.google.com/open?id=1g55z86m0kSo3GxvObS0wEzXzXGuD7-Bk,3rd,Yes,https://drive.google.com/open?id=1xCA5xpT2B8Myo259e04uzYp7KtGM-oLe,https://drive.google.com/open?id=13m4B-ZDYkQviteMgO5NfAtGd5De6Brky,https://drive.google.com/open?id=1LActoSKid4QuLO3o8sEAPRvmpnE1TtoR,0,9,8,0,0,https://drive.google.com/open?id=126KyvMVXF8lplY6HQz2-DS-ZfZUaaYr-,,,,,,,,,,,
9/25/2026 9:21:18,Nightsandwich,Graded (No Uma Restrictions),Win A finals,I accept these terms,Finals,"Android - phone or tablet, Windows",$1-100,,31-45 (roughly 5-6 per day),11-20 (roughly 2-3 per day),Discord - MooMooCord - https://discord.com/invite/moomoocows,,,Oguri Cap (Christmas),End Closer,Ace built for this CM before CM start in Grand Concert scenario,3,0,0,0,2,1,0,Grass Wonder,Late Surger,Debuffer,1,0,1,0,3,1,0,Agnes Tachyon,Late Surger,Debuffer,1,0,1,0,3,1,0,4 Attempts - 20 Races total,20,Go to Submit page,,,,,,,,,,,,,,Re-use Day 1 - Team Comp 1 as Day 2 - Team Comp 1,,,,,,,,,,4 Attempts - 20 Races total,17,Go to Submit page,,,,,,,,,,,,,,,Re-use Day 2 - Team Comp 1 as Day 3 - Team Comp 1,A Group,,,,,,,,,,4 Attempts - 20 Races total,16,Go to Submit page,,,,,,,,,,,,,,,Re-use Day 3 - Team Comp 1 as Day 4 - Team Comp 1,A Group,,,,,,,,,,4 Attempts - 20 Races total,17,Go to Submit page,,,,,,,,,,,,,,,A Finals,,Re-use Day 4 - Team Comp 1 as Finals Team Comp,,,,,,,,,,,2nd,No (goes to Submit page),,,,,,,,,,,,,,,,,,,,
9/25/2026 5:22:59,X-ite_SDF,Graded (No Uma Restrictions),Get into A finals,I accept these terms,Finals,,,,21-30 (roughly 3-4 per day),21-30 (roughly 3-4 per day),,,,Agnes Tachyon,Pace Chaser,Ace built for this CM before CM start in Unity Cup scenario,2,,,,3,1,,Super Creek (Halloween),Front Runner,Debuffer that doubles as Lucky Pace controller,,,,,,,,Nice Nature,Late Surger,Debuffer,,,,,,,,2 Attempts - 10 Races total,8,Day 1 - Add 2nd Team,Agnes Tachyon,Pace Chaser,Ace built for this CM before CM start in Grand Concert scenario,Super Creek (Halloween),Front Runner,Debuffer that doubles as Lucky Pace controller,Nice Nature,Late Surger,Debuffer,2 Attempts - 10 Races total,7,2 teams,Go to Submit page,Re-use Day 1 - Team Comp 1 as Day 2 - Team Comp 1,,,,,,,,,,2 Attempts - 10 Races total,5,Day 2 - Add 2nd Team,Re-use Day 1 - Team Comp 2 as Day 2 - Team Comp 2,,,,,,,,,,2 Attempts - 10 Races total,9,2 teams,Go to Submit page,Re-use Day 2 - Team Comp 1 as Day 3 - Team Comp 1,A Group,,,,,,,,,,2 Attempts - 10 Races total,6,Day 3 - Add 2nd Team,Re-use Day 2 - Team Comp 2 as Day 3 - Team Comp 2,,,,,,,,,,2 Attempts - 10 Races total,6,2 teams,Go to Submit page,Re-use Day 3 - Team Comp 1 as Day 4 - Team Comp 1,A Group,,,,,,,,,,2 Attempts - 10 Races total,7,Day 4 - Add 2nd team,Re-use Day 3 - Team Comp 2 as Day 4 - Team Comp 2,,,,,,,,,,2 Attempts - 10 Races total,7,2 teams,Go to Submit page,A Finals,11586,Re-use Day 4 - Team Comp 1 as Finals Team Comp,,,,,,,,,,https://drive.google.com/open?id=1_f2B80Fd2b6Qu9kjDL_YWWrvzgHaypFV,2nd,Yes,https://drive.google.com/open?id=1n1DPQy1t9Syt-HO4_HMjg56j4B-C71SY,https://drive.google.com/open?id=1s2JLUfK8qBLJtKj8r1m_E7yh4wJ4aHcA,,0,12,,,5,https://drive.google.com/open?id=1ntJWqgr7BZa9jVSpat6FvoSirbmW5dWP,,,,,,,,,,,
9/25/2026 5:43:41,QuantumS,Graded (No Uma Restrictions),Get into A finals,I accept these terms,Finals,"iOS - phone or tablet, Android - phone or tablet",$101-500,2200,31-45 (roughly 5-6 per day),0-5 (less than 1 per day),YouTube - MooMooCows - https://www.youtube.com/@MooMooCows,5,,Oguri Cap (Christmas),Pace Chaser,Ace built for this CM before CM start in Grand Concert scenario,3,,,,2,0,,Nice Nature (Cheerleader),End Closer,Debuffer,,,,,,,,Agnes Tachyon,End Closer,Debuffer,,,,,,,,2 Attempts - 10 Races total,9,Go to Submit page,,,,,,,,,,,,,,Re-use Day 1 - Team Comp 1 as Day 2 - Team Comp 1,,,,,,,,,,2 Attempts - 10 Races total,9,Go to Submit page,,,,,,,,,,,,,,,Re-use Day 2 - Team Comp 1 as Day 3 - Team Comp 1,A Group,,,,,,,,,,4 Attempts - 20 Races total,14,Go to Submit page,,,,,,,,,,,,,,,Re-use Day 3 - Team Comp 1 as Day 4 - Team Comp 1,A Group,,,,,,,,,,4 Attempts - 20 Races total,15,Go to Submit page,,,,,,,,,,,,,,,A Finals,11322,Re-use Day 4 - Team Comp 1 as Finals Team Comp,,,,,,,,,,https://drive.google.com/open?id=1lLN4YOzDzQi_4ljFdI26bX8g25FqttU-,1st,,,,,,,,,,,No,,https://drive.google.com/open?id=1bfSbikL7pOxEq1kwrf6S80oCNVLoGHgj,https://drive.google.com/open?id=19RxIETxAuXeAPMPDuibByx-zTwW7zIOx,,,17,,,,https://drive.google.com/open?id=1fsShlFNrffe1FlfBturhMuF1kjfN2Ro3
9/25/2026 6:47:57,Magicannon,Graded (No Uma Restrictions),Get into A finals,I accept these terms,Finals,"Android - phone or tablet, Windows",$101-500,815,11-20 (roughly 2-3 per day),6-10 (roughly 1 per day),"Discord - MooMooCord - https://discord.com/invite/moomoocows, Reddit - /r/UmamusumeGame",5,"The streamlit app seems to not be updated during the start of CMs anymore, so can't access the current CM form from it. Must go to Discord to find the page.",Mihono Bourbon,Front Runner,Ace built for this CM before CM start in Grand Concert scenario,3,,,,2,1,,Seiun Sky,Front Runner,Ace built for this CM before CM start in Grand Concert scenario,3,,,,2,1,,Grass Wonder,Late Surger,Debuffer,1,,1,,3,1,,4 Attempts - 20 Races total,14,Go to Submit page,,,,,,,,,,,,,,Re-use Day 1 - Team Comp 1 as Day 2 - Team Comp 1,,,,,,,,,,4 Attempts - 20 Races total,13,Go to Submit page,,,,,,,,,,,,,,,Add new Team Comp as Day 3 - Team Comp 1,A Group,Mihono Bourbon,Front Runner,Ace built for this CM before CM start in Grand Concert scenario,Seiun Sky,Front Runner,Ace built for this CM before CM start in Grand Concert scenario,Oguri Cap (Christmas),Pace Chaser,Ace built for this CM before CM start in Grand Concert scenario,4 Attempts - 20 Races total,7,Day 4,,,,,,,,,,,,,,,Add a new Team Comp as Day 4 - Team Comp 1,A Group,Mihono Bourbon,Front Runner,Ace built for this CM before CM start in Grand Concert scenario,Seiun Sky,Front Runner,Ace built for this CM before CM start in Grand Concert scenario,Grass Wonder,Late Surger,Debuffer,4 Attempts - 20 Races total,11,Go to Submit page,,,,,,,,,,,,,,,A Finals,11678,Re-use Day 4 - Team Comp 1 as Finals Team Comp,,,,,,,,,,https://drive.google.com/open?id=1RHpvxeynIXrW4VPrgRbCNyRwO655uZ2W,3rd,Yes,https://drive.google.com/open?id=1o7DKus-5c8dV2ibrLzC9cAL7C7tSFX7d,https://drive.google.com/open?id=1d1gtAeDx7XKg0WzO0T54z9BgycMGgmsh,https://drive.google.com/open?id=1rTOtNV0YPUiavHTHzW-2mlP5Sr3zWDu9,,8,9,,,https://drive.google.com/open?id=1nTBUHUwfcsoygeatuD0Hc6H-5EwFCOBD,,,,,,,,,,,
9/25/2026 8:30:55,umai,Graded (No Uma Restrictions),Win A finals,I accept these terms,Finals,iOS - phone or tablet,$501-1000,,0-5 (less than 1 per day),21-30 (roughly 3-4 per day),Discord - MooMooCord - https://discord.com/invite/moomoocows,5,,Seiun Sky,Front Runner,Ace built for this CM before CM start in Grand Concert scenario,3,1,0,0,1,1,0,Oguri Cap (Christmas),Pace Chaser,Ace built for this CM before CM start in Grand Concert scenario,2,0,1,0,2,1,0,Rice Shower,Pace Chaser,Ace built for this CM before CM start in Grand Concert scenario,3,1,0,0,1,1,0,4 Attempts - 20 Races total,14,Go to Submit page,,,,,,,,,,,,,,Re-use Day 1 - Team Comp 1 as Day 2 - Team Comp 1,,,,,,,,,,4 Attempts - 20 Races total,14,Go to Submit page,,,,,,,,,,,,,,,Re-use Day 2 - Team Comp 1 as Day 3 - Team Comp 1,A Group,,,,,,,,,,4 Attempts - 20 Races total,15,Go to Submit page,,,,,,,,,,,,,,,Re-use Day 3 - Team Comp 1 as Day 4 - Team Comp 1,A Group,,,,,,,,,,4 Attempts - 20 Races total,15,Go to Submit page,,,,,,,,,,,,,,,A Finals,9116,Re-use Day 4 - Team Comp 1 as Finals Team Comp,,,,,,,,,,https://drive.google.com/open?id=1yVwqkRCtCol00LCDIBAgOtl2rJgIr9z9,1st,,,,,,,,,,,No,,https://drive.google.com/open?id=1rFitPIwly2Flyi19eALnMsMVvtRRBOZ1,https://drive.google.com/open?id=1YmNAsM_e34vBdLrD_1O79KfUbJI7U50d,,2,6,2,0,2,https://drive.google.com/open?id=1s7kTaLrQ2crX521ZE13CMIAuk9OEFwgU
9/21/2026 13:52:24,KazLess,Graded (No Uma Restrictions),Get into A finals,I accept these terms,Day 2,Phone and PC,$1-100,2040,11-20 (roughly 2-3 per day),6-10 (roughly 1 per day),From rednu,3,,Oguri Cap (Christmas),End Closer,Ace built for this CM before CM start in Grand Concert scenario,,,,,,,,Eishin Flash (Valentine),Late Surger,Debuffer,,,,,,,,Symboli Rudolf,Late Surger,Debuffer,,,,,,,,4 Attempts - 20 Races total,8,Go to Submit page,,,,,,,,,,,,,,Re-use Day 1 - Team Comp 1 as Day 2 - Team Comp 1,,,,,,,,,,4 Attempts - 20 Races total,13,Go to Submit page,,,,,,,,,,,,,,,,,,,,,,,,,,,,,,,,,,,,,,,,,,,,,,,,,,,,,,,,,,,,,,,,,,,,,,,,,,,,,,,,,,,,,,,,,,,,,,,,,,,,,,,,,
9/23/2026 8:39:21,Sorssurr,Graded (No Uma Restrictions),Get into A finals,I accept these terms,Day 4,"Android - phone or tablet, Windows",$1001-5000,1109,11-20 (roughly 2-3 per day),11-20 (roughly 2-3 per day),Discord - MooMooCord - https://discord.com/invite/moomoocows,4,,Gold Ship,End Closer,Ace built for this CM before CM start in Grand Concert scenario,3,0,0,0,2,1,0,Air Shakur,End Closer,Ace built for this CM before CM start in Grand Concert scenario,3,0,1,0,1,1,0,Grass Wonder,Late Surger,Ace built for this CM before CM start in Grand Concert scenario,3,0,1,0,1,1,0,4 Attempts - 20 Races total,14,Go to Submit page,,,,,,,,,,,,,,Re-use Day 1 - Team Comp 1 as Day 2 - Team Comp 1,,,,,,,,,,4 Attempts - 20 Races total,13,Go to Submit page,,,,,,,,,,,,,,,Re-use Day 2 - Team Comp 1 as Day 3 - Team Comp 1,A Group,,,,,,,,,,4 Attempts - 20 Races total,8,Go to Submit page,,,,,,,,,,,,,,,Re-use Day 3 - Team Comp 1 as Day 4 - Team Comp 1,A Group,,,,,,,,,,4 Attempts - 20 Races total,9,Go to Submit page,,,,,,,,,,,,,,,,,,,,,,,,,,,,,,,,,,,,,,,,,,,,,,,,,
9/25/2026 9:42:10,Bobelix,Graded (No Uma Restrictions),Get into A finals,I accept these terms,Day 1,"Android - phone or tablet, Linux",$101-500,1330,11-20 (roughly 2-3 per day),6-10 (roughly 1 per day),Friend sent me the link,4,,Matikanetannhauser,Late Surger,Ace built for this CM before CM start in Grand Concert scenario,3,0,0,0,2,1,0,Tamamo Cross (Festival),Pace Chaser,Ace built for this CM before CM start in Grand Concert scenario,2,1,0,0,2,1,0,Mejiro Dober,Late Surger,Ace built for this CM before CM start in Grand Concert scenario,3,0,0,0,1,1,0,4 Attempts - 20 Races total,17,Day 2,,,,,,,,,,,,,,Re-use Day 1 - Team Comp 1 as Day 2 - Team Comp 1,,,,,,,,,,4 Attempts - 20 Races total,15,Day 3,,,,,,,,,,,,,,,Re-use Day 2 - Team Comp 1 as Day 3 - Team Comp 1,A Group,,,,,,,,,,4 Attempts - 20 Races total,9,Day 4,,,,,,,,,,,,,,,Re-use Day 3 - Team Comp 1 as Day 4 - Team Comp 1,A Group,,,,,,,,,,4 Attempts - 20 Races total,13,Finals,,,,,,,,,,,,,,,A Finals,11154,Re-use Day 4 - Team Comp 1 as Finals Team Comp,,,,,,,,,,https://drive.google.com/open?id=1UOTvEsU1Mo3qs_IOKKIs8KDNNiJeXeRX,1st,,,,,,,,,,,Yes,Lightning strikes more than once!,https://drive.google.com/open?id=1prucnJJiF1Qfh7jg3M_zpuHm5WgPIXns,,,,8,4,,2,https://drive.google.com/open?id=1iLi8xYcyEnGV_mYINiSVtNVD9hbMt8A4
9/25/2026 6:52:38,Acornsmasher,Graded (No Uma Restrictions),Collect participation rewards,I accept these terms,Finals,"Android - phone or tablet, Windows",$1001-5000,864,31-45 (roughly 5-6 per day),0-5 (less than 1 per day),Discord - MooMooCord - https://discord.com/invite/moomoocows,5,,Agnes Tachyon,Pace Chaser,Ace built for this CM before CM start in Grand Concert scenario,3,,,,2,1,,Nice Nature,Late Surger,Debuffer,2,1,,,2,1,,Super Creek (Halloween),Late Surger,Debuffer,2,1,,,2,1,,4 Attempts - 20 Races total,9,Go to Submit page,,,,,,,,,,,,,,Re-use Day 1 - Team Comp 1 as Day 2 - Team Comp 1,,,,,,,,,,4 Attempts - 20 Races total,9,Go to Submit page,,,,,,,,,,,,,,,Re-use Day 2 - Team Comp 1 as Day 3 - Team Comp 1,A Group,,,,,,,,,,4 Attempts - 20 Races total,2,Go to Submit page,,,,,,,,,,,,,,,Re-use Day 3 - Team Comp 1 as Day 4 - Team Comp 1,A Group,,,,,,,,,,1 Attempt - 5 Races total,3,Day 4 - Add 2nd team,Add new Team Comp as Day 4 - Team Comp 2,Mejiro McQueen (Anime Collab),Front Runner,Ace built for older CM,Super Creek (Halloween),Late Surger,Debuffer,Nice Nature,Late Surger,Debuffer,3 Attempts - 15 Races total,7,2 teams,Go to Submit page,A Finals,6305,Add new Team Comp as Finals Team Comp,Mejiro McQueen (Anime Collab),Front Runner,Ace built for older CM,Super Creek (Halloween),Late Surger,Debuffer,Nice Nature,Late Surger,Debuffer,https://drive.google.com/open?id=1QEGRm9CnJeDOo6gGC-n2wHBLMn3DDRp5,2nd,Yes,https://drive.google.com/open?id=1Sd_MLGD10h8GIgz71D-TIJxQVJ1m5WQz,https://drive.google.com/open?id=1PnxfVLnJInsaUWFOnF3-GzMFJocFu_aF,,,12,3,,2,https://drive.google.com/open?id=1eK-ODojmxdNw3ekgF8BQq0nYtrhsF_NN,,,,,,,,,,,
9/25/2026 14:23:33,Gore,Graded (No Uma Restrictions),Win A finals,I accept these terms,Finals,"Android - phone or tablet, Windows",$1-100,900,21-30 (roughly 3-4 per day),11-20 (roughly 2-3 per day),YouTube - MooMooCows - https://www.youtube.com/@MooMooCows,,,Oguri Cap (Christmas),End Closer,Ace build for this CM during CM day 1 in Grand Concert ,2,1,,,2,1,,Grass Wonder,End Closer,Debuffer,,,,,,,,Nice Nature,End Closer,Debuffer,,,,,,,,4 Attempts - 20 Races total,18,Go to Submit page,,,,,,,,,,,,,,Re-use Day 1 - Team Comp 1 as Day 2 - Team Comp 1,,,,,,,,,,4 Attempts - 20 Races total,17,Go to Submit page,,,,,,,,,,,,,,,Add new Team Comp as Day 3 - Team Comp 1,A Group,Oguri Cap (Christmas),End Closer,Mid-CM Ace build in Grand Concert scenario,Grass Wonder,End Closer,Debuffer,Eishin Flash (Valentine),Late Surger,Debuffer,4 Attempts - 20 Races total,15,Go to Submit page,,,,,,,,,,,,,,,Re-use Day 3 - Team Comp 2 as Day 4 - Team Comp 1,A Group,,,,,,,,,,4 Attempts - 20 Races total,18,Go to Submit page,,,,,,,,,,,,,,,A Finals,13803,Re-use Day 4 - Team Comp 2 as Finals Team Comp,,,,,,,,,,https://drive.google.com/open?id=1FDx_dyuO1BK6eYOU2dmCYYufkkH-5Dti,1st,,,,,,,,,,,No,,,,,,,,,,
9/25/2026 7:45:12,Teracyte,Graded (No Uma Restrictions),Win A finals,I accept these terms,Finals,"Android - phone or tablet, Windows, SteamOS - Steam Deck",$101-500,771,21-30 (roughly 3-4 per day),6-10 (roughly 1 per day),Discord - MooMooCord - https://discord.com/invite/moomoocows,5,,Rice Shower (Halloween),Pace Chaser,Ace built for this CM before CM start in Grand Concert scenario,3,0,0,0,2,1,0,Symboli Rudolf (Festival),Pace Chaser,Ace built for this CM before CM start in Grand Concert scenario,3,0,0,0,2,1,0,Vodka,Late Surger,Ace built for this CM before CM start in Grand Concert scenario,3,0,0,0,2,1,0,4 Attempts - 20 Races total,11,Go to Submit page,,,,,,,,,,,,,,Re-use Day 1 - Team Comp 1 as Day 2 - Team Comp 1,,,,,,,,,,4 Attempts - 20 Races total,17,Go to Submit page,,,,,,,,,,,,,,,Re-use Day 2 - Team Comp 1 as Day 3 - Team Comp 1,A Group,,,,,,,,,,4 Attempts - 20 Races total,12,Go to Submit page,,,,,,,,,,,,,,,Re-use Day 3 - Team Comp 1 as Day 4 - Team Comp 1,A Group,,,,,,,,,,4 Attempts - 20 Races total,14,Go to Submit page,,,,,,,,,,,,,,,A Finals,12192,Re-use Day 4 - Team Comp 1 as Finals Team Comp,,,,,,,,,,https://drive.google.com/open?id=1HcGPqhRYVgyAd3kZwnkULhJxy7ZDE2gS,2nd,Yes,https://drive.google.com/open?id=1gqMrZJTiOtG9Rr02I83jEReUHmxyqsuk,https://drive.google.com/open?id=1aAn1Uk9rg0R6sZqqdVlT7eI-cfRI1-47,,2,13,0,0,0,https://drive.google.com/open?id=1nU0_m3UT1AMAyAJZlxhQd-6kfYkTWI7z,,,,,,,,,,,
9/23/2026 7:28:49,hootmf,Graded (No Uma Restrictions),Win A finals,I accept these terms,Day 4,Windows,$1-100,1725,21-30 (roughly 3-4 per day),0-5 (less than 1 per day),Discord - MooMooCord - https://discord.com/invite/moomoocows,3,,Sweep Tosho,End Closer,Ace built for this CM before CM start in Grand Concert scenario,2,1,0,0,2,1,0,Nice Nature,End Closer,Debuffer,,,,,,,,Mayano Top Gun (Wedding),End Closer,Debuffer,,,,,,,,4 Attempts - 20 Races total,12,Go to Submit page,,,,,,,,,,,,,,Re-use Day 1 - Team Comp 1 as Day 2 - Team Comp 1,,,,,,,,,,4 Attempts - 20 Races total,11,Day 3,,,,,,,,,,,,,,,Re-use Day 2 - Team Comp 1 as Day 3 - Team Comp 1,A Group,,,,,,,,,,4 Attempts - 20 Races total,7,Go to Submit page,,,,,,,,,,,,,,,Re-use Day 3 - Team Comp 1 as Day 4 - Team Comp 1,A Group,,,,,,,,,,4 Attempts - 20 Races total,7,Go to Submit page,,,,,,,,,,,,,,,,,,,,,,,,,,,,,,,,,,,,,,,,,,,,,,,,,
9/24/2026 2:07:17,Nehireta,Graded (No Uma Restrictions),Win A finals,I accept these terms,Day 4,Windows,$0,2312,46+ (more than 6 per day),21-30 (roughly 3-4 per day),Discord - MooMooCord - https://discord.com/invite/moomoocows,4,,Vodka,Late Surger,Ace built for this CM before CM start in Grand Concert scenario,3,0,1,0,1,1,0,Oguri Cap,Late Surger,Ace built for this CM before CM start in Grand Concert scenario,3,0,1,0,1,1,0,Grass Wonder,Front Runner,Debuffer,2,1,0,0,3,0,0,4 Attempts - 20 Races total,11,Go to Submit page,,,,,,,,,,,,,,Add new Team Comp as Day 2 - Team Comp 1,Vodka,Late Surger,Mid-CM Ace build in Grand Concert scenario,Mejiro Dober,Late Surger,Mid-CM Ace build in Grand Concert scenario,Grass Wonder,End Closer,Debuffer,4 Attempts - 20 Races total,14,Go to Submit page,,,,,,,,,,,,,,,Re-use Day 2 - Team Comp 1 as Day 3 - Team Comp 1,A Group,,,,,,,,,,4 Attempts - 20 Races total,11,Go to Submit page,,,,,,,,,,,,,,,Add a new Team Comp as Day 4 - Team Comp 1,A Group,Vodka,Late Surger,Ace built for this CM before CM start in Grand Concert scenario,Oguri Cap,Late Surger,Mid-CM Ace build in Grand Concert scenario,Grass Wonder,Front Runner,Debuffer,4 Attempts - 20 Races total,4,Go to Submit page,,,,,,,,,,,,,,,,,,,,,,,,,,,,,,,,,,,,,,,,,,,,,,,,,
9/23/2026 9:42:56,asdfhi0588,Graded (No Uma Restrictions),Win A finals,I accept these terms,Day 4,"Android - phone or tablet, Windows",$0,1250,21-30 (roughly 3-4 per day),6-10 (roughly 1 per day),Discord - Pakacord! - https://discord.com/invite/umamusume,5,,Mejiro Dober,Late Surger,Hybrid (ace + debuffer),2,1,,,2,1,0,Nice Nature,End Closer,Debuffer,,,,,,,,Super Creek (Halloween),End Closer,Debuffer,,,,,,,,2 Attempts - 10 Races total,5,Day 1 - Add 2nd Team,Symboli Rudolf (Festival),Pace Chaser,Ace built for this CM before CM start in Grand Concert scenario,Nice Nature,End Closer,Debuffer,Super Creek (Halloween),End Closer,Debuffer,2 Attempts - 10 Races total,10,2 teams,Go to Submit page,Re-use Day 1 - Team Comp 2 as Day 2 - Team Comp 1,,,,,,,,,,4 Attempts - 20 Races total,14,Go to Submit page,,,,,,,,,,,,,,,Re-use Day 2 - Team Comp 1 as Day 3 - Team Comp 1,A Group,,,,,,,,,,4 Attempts - 20 Races total,13,Go to Submit page,,,,,,,,,,,,,,,Re-use Day 3 - Team Comp 1 as Day 4 - Team Comp 1,A Group,,,,,,,,,,4 Attempts - 20 Races total,16,Go to Submit page,,,,,,,,,,,,,,,,,,,,,,,,,,,,,,,,,,,,,,,,,,,,,,,,,
9/25/2026 7:21:35,Kekginger ,Graded (No Uma Restrictions),Win A finals,I accept these terms,Finals,"iOS - phone or tablet, Windows",Rather not say,1175,11-20 (roughly 2-3 per day),6-10 (roughly 1 per day),"Discord - MooMooCord - https://discord.com/invite/moomoocows, Twitch - MooMooCows - https://www.twitch.tv/moomoomoocows, YouTube - MooMooCows - https://www.youtube.com/@MooMooCows",5,,Oguri Cap (Christmas),Pace Chaser,Ace built for this CM before CM start in Grand Concert scenario,3,0,0,0,2,1,0,Nice Nature,Late Surger,Debuffer,0,0,1,0,4,1,0,Symboli Rudolf,End Closer,Debuffer,1,0,1,0,3,1,0,4 Attempts - 20 Races total,12,Go to Submit page,,,,,,,,,,,,,,Re-use Day 1 - Team Comp 1 as Day 2 - Team Comp 1,,,,,,,,,,4 Attempts - 20 Races total,12,Go to Submit page,,,,,,,,,,,,,,,Re-use Day 2 - Team Comp 1 as Day 3 - Team Comp 1,A Group,,,,,,,,,,4 Attempts - 20 Races total,10,Go to Submit page,,,,,,,,,,,,,,,Re-use Day 3 - Team Comp 1 as Day 4 - Team Comp 1,A Group,,,,,,,,,,4 Attempts - 20 Races total,12,Go to Submit page,,,,,,,,,,,,,,,A Finals,9662,Re-use Day 4 - Team Comp 1 as Finals Team Comp,,,,,,,,,,https://drive.google.com/open?id=1h5kj_hsY0-BN88YPoCON2YdCIE9uh85-,2nd,Yes,https://drive.google.com/open?id=17TXoIKhLSepMnhXy0XT3ThYZoLojVpI3,https://drive.google.com/open?id=1jjwBhtByvAVnWEuTkslvpdlYlUck5Dyj,,,13,3,,,https://drive.google.com/open?id=1ZARRkIxPEheZwslSs5A577cnkUcUWZg5,,,,,,,,,,,
9/25/2026 0:14:01,thejury,Graded (No Uma Restrictions),Get into A finals,I accept these terms,Day 4,"iOS - phone or tablet, Windows",$1-100,,11-20 (roughly 2-3 per day),0-5 (less than 1 per day),Discord - MooMooCord - https://discord.com/invite/moomoocows,5,,Nakayama Festa,Late Surger,Ace built for this CM before CM start in Grand Concert scenario,2,1,0,0,2,1,0,Mejiro Dober,Late Surger,Ace built for this CM before CM start in Grand Concert scenario,2,1,0,0,2,1,0,Oguri Cap (Christmas),Late Surger,Ace built for this CM before CM start in Grand Concert scenario,3,0,0,0,2,1,0,4 Attempts - 20 Races total,11,Go to Submit page,,,,,,,,,,,,,,Re-use Day 1 - Team Comp 1 as Day 2 - Team Comp 1,,,,,,,,,,4 Attempts - 20 Races total,10,Go to Submit page,,,,,,,,,,,,,,,Re-use Day 2 - Team Comp 1 as Day 3 - Team Comp 1,A Group,,,,,,,,,,4 Attempts - 20 Races total,9,Go to Submit page,,,,,,,,,,,,,,,Re-use Day 3 - Team Comp 1 as Day 4 - Team Comp 1,A Group,,,,,,,,,,4 Attempts - 20 Races total,10,Go to Submit page,,,,,,,,,,,,,,,,,,,,,,,,,,,,,,,,,,,,,,,,,,,,,,,,,
9/24/2026 3:11:43,Kanseru,Graded (No Uma Restrictions),Get into A finals,I accept these terms,Day 4,"Android - phone or tablet, Windows",$501-1000,,11-20 (roughly 2-3 per day),0-5 (less than 1 per day),Discord - MooMooCord - https://discord.com/invite/moomoocows,,,Seiun Sky,Front Runner,Ace built for this CM before CM start in Grand Concert scenario,2,1,,,2,1,,Mihono Bourbon (Valentine),Front Runner,Ace built for this CM before CM start in Grand Concert scenario,2,1,,,2,1,,Oguri Cap (Christmas),End Closer,Ace built for this CM before CM start in Grand Concert scenario,3,,,,2,1,,4 Attempts - 20 Races total,13,Go to Submit page,,,,,,,,,,,,,,Re-use Day 1 - Team Comp 1 as Day 2 - Team Comp 1,,,,,,,,,,4 Attempts - 20 Races total,9,Go to Submit page,,,,,,,,,,,,,,,Re-use Day 2 - Team Comp 1 as Day 3 - Team Comp 1,A Group,,,,,,,,,,4 Attempts - 20 Races total,9,Go to Submit page,,,,,,,,,,,,,,,Re-use Day 3 - Team Comp 1 as Day 4 - Team Comp 1,A Group,,,,,,,,,,4 Attempts - 20 Races total,8,Go to Submit page,,,,,,,,,,,,,,,,,,,,,,,,,,,,,,,,,,,,,,,,,,,,,,,,,
9/25/2026 5:18:37,Sandrean,Graded (No Uma Restrictions),Win A finals,I accept these terms,Day 1,Windows,$0,1647,11-20 (roughly 2-3 per day),11-20 (roughly 2-3 per day),Discord - MooMooCord - https://discord.com/invite/moomoocows,5,,Satono Diamond,Late Surger,Ace built for this CM before CM start in Grand Concert scenario,3,1,0,0,1,1,0,Grass Wonder,Front Runner,Debuffer,1,1,1,0,3,0,0,Agnes Tachyon,Pace Chaser,Debuffer,1,1,1,0,3,0,0,4 Attempts - 20 Races total,15,Day 2,,,,,,,,,,,,,,Re-use Day 1 - Team Comp 1 as Day 2 - Team Comp 1,,,,,,,,,,4 Attempts - 20 Races total,13,Day 3,,,,,,,,,,,,,,,Re-use Day 2 - Team Comp 1 as Day 3 - Team Comp 1,A Group,,,,,,,,,,4 Attempts - 20 Races total,9,Day 4,,,,,,,,,,,,,,,Re-use Day 3 - Team Comp 1 as Day 4 - Team Comp 1,A Group,,,,,,,,,,4 Attempts - 20 Races total,8,Finals,,,,,,,,,,,,,,,A Finals,,Re-use Day 4 - Team Comp 1 as Finals Team Comp,,,,,,,,,,,2nd,No (goes to Submit page),,,,,,,,,,,,,,,,,,,,
9/25/2026 15:19:30,Doesnt_Matter,Graded (No Uma Restrictions),Win A finals with McQueen,I accept these terms,Finals,Windows,$1-100,ISpamAuto,46+ (more than 6 per day),11-20 (roughly 2-3 per day),Discord - MooMooCord - https://discord.com/invite/moomoocows,,,Mejiro McQueen,Pace Chaser,Ace built for this CM before CM start in Grand Concert scenario,2,1,,,2,1,,Mejiro Dober,Late Surger,Hybrid (ace + debuffer),2,1,,,2,1,,Nice Nature,Late Surger,Debuffer,,,,,,,,4 Attempts - 20 Races total,17,Go to Submit page,,,,,,,,,,,,,,Re-use Day 1 - Team Comp 1 as Day 2 - Team Comp 1,,,,,,,,,,4 Attempts - 20 Races total,16,Go to Submit page,,,,,,,,,,,,,,,Re-use Day 2 - Team Comp 1 as Day 3 - Team Comp 1,A Group,,,,,,,,,,4 Attempts - 20 Races total,15,Go to Submit page,,,,,,,,,,,,,,,Re-use Day 3 - Team Comp 1 as Day 4 - Team Comp 1,A Group,,,,,,,,,,4 Attempts - 20 Races total,18,Go to Submit page,,,,,,,,,,,,,,,A Finals,11122,Re-use Day 4 - Team Comp 1 as Finals Team Comp,,,,,,,,,,https://drive.google.com/open?id=1fdY7QHdrCYTFNzok-2EAniK1zKYuq7hq,1st,,,,,,,,,,,Yes,"No way after losing all mant CMs (in some of them I got robbed, plus diabolical CM18 rng) I'm getting McQueen Victoria in end Xguri domain. All it took is FL+Med S+US+GW+4.7k ""raw"" SP.",https://drive.google.com/open?id=1bvbbTtc7KtDL2cTON3DVXSnOU3tBXcDM,https://drive.google.com/open?id=1Xhi6JXrMzrlw56b2vDCCJFH29IdU5tpZ,,10,2,,,,https://drive.google.com/open?id=1s_BtntPsX7uNHLhi1tZhz-i3dzNg_uBa
9/25/2026 11:11:23,Feirayn,Open (A+ Grade and Lower Umas Only),Win A finals,I accept these terms,Finals,Android - phone or tablet,$0,89,0-5 (less than 1 per day),0-5 (less than 1 per day),Discord - MooMooCord - https://discord.com/invite/moomoocows,5,,Satono Diamond,Late Surger,Ace built for this CM before CM start in Grand Concert scenario,,,,,,,,Sweep Tosho,End Closer,Ace built for this CM before CM start in Grand Concert scenario,,,,,,,,Grass Wonder,Late Surger,Debuffer,,,,,,,,4 Attempts - 20 Races total,20,Go to Submit page,,,,,,,,,,,,,,Re-use Day 1 - Team Comp 1 as Day 2 - Team Comp 1,,,,,,,,,,4 Attempts - 20 Races total,18,Go to Submit page,,,,,,,,,,,,,,,Re-use Day 2 - Team Comp 1 as Day 3 - Team Comp 1,A Group,,,,,,,,,,4 Attempts - 20 Races total,17,Go to Submit page,,,,,,,,,,,,,,,Re-use Day 3 - Team Comp 1 as Day 4 - Team Comp 1,A Group,,,,,,,,,,4 Attempts - 20 Races total,17,Go to Submit page,,,,,,,,,,,,,,,A Finals,6205,Re-use Day 4 - Team Comp 1 as Finals Team Comp,,,,,,,,,,,1st,,,,,,,,,,,Yes,N/A Oshi Awards it's Open League,,,,,,,,,
9/25/2026 9:09:04,byup,Graded (No Uma Restrictions),Win A finals,I accept these terms,Finals,"Android - phone or tablet, Windows",$0,1410,46+ (more than 6 per day),6-10 (roughly 1 per day),"Discord - MooMooCord - https://discord.com/invite/moomoocows, Twitch - MooMooCows - https://www.twitch.tv/moomoomoocows, YouTube - MooMooCows - https://www.youtube.com/@MooMooCows",5,,Daiwa Scarlet,Front Runner,Ace built for this CM before CM start in Grand Concert scenario,2,0,1,0,2,1,0,Silence Suzuka,Runaway,Blocker/Overtake target/Throwaway/Niche role,,,,,,,,Grass Wonder,Late Surger,Debuffer,,,,,,,,4 Attempts - 20 Races total,15,Go to Submit page,,,,,,,,,,,,,,Re-use Day 1 - Team Comp 1 as Day 2 - Team Comp 1,,,,,,,,,,4 Attempts - 20 Races total,13,Go to Submit page,,,,,,,,,,,,,,,Re-use Day 2 - Team Comp 1 as Day 3 - Team Comp 1,A Group,,,,,,,,,,4 Attempts - 20 Races total,8,Go to Submit page,,,,,,,,,,,,,,,Re-use Day 3 - Team Comp 1 as Day 4 - Team Comp 1,A Group,,,,,,,,,,4 Attempts - 20 Races total,12,Go to Submit page,,,,,,,,,,,,,,,A Finals,7323,Re-use Day 4 - Team Comp 1 as Finals Team Comp,,,,,,,,,,,2nd,No (goes to Submit page),,,,,,,,,,,,,,,,,,,,
9/25/2026 9:39:10,Chrysene,Graded (No Uma Restrictions),Win A finals,I accept these terms,Finals,"iOS - phone or tablet, Windows",$0,2118,0-5 (less than 1 per day),31-45 (roughly 5-6 per day),"Twitch - MooMooCows - https://www.twitch.tv/moomoomoocows, YouTube - MooMooCows - https://www.youtube.com/@MooMooCows",5,,Eishin Flash (Valentine),Pace Chaser,Ace built for this CM before CM start in Grand Concert scenario,3,,,,2,1,,Fine Motion,Pace Chaser,Ace built for this CM before CM start in Grand Concert scenario,3,,,,2,1,,Agnes Tachyon,Pace Chaser,Ace built for this CM before CM start in Grand Concert scenario,3,,,,2,1,,4 Attempts - 20 Races total,16,Go to Submit page,,,,,,,,,,,,,,Re-use Day 1 - Team Comp 1 as Day 2 - Team Comp 1,,,,,,,,,,4 Attempts - 20 Races total,15,Go to Submit page,,,,,,,,,,,,,,,Add new Team Comp as Day 3 - Team Comp 1,A Group,Eishin Flash (Valentine),Pace Chaser,Ace built for this CM before CM start in Grand Concert scenario,Fine Motion,Pace Chaser,Ace built for this CM before CM start in Grand Concert scenario,Matikanetannhauser,Pace Chaser,Mid-CM Ace build in Grand Concert scenario,4 Attempts - 20 Races total,10,Go to Submit page,,,,,,,,,,,,,,,Re-use Day 3 - Team Comp 1 as Day 4 - Team Comp 1,A Group,,,,,,,,,,4 Attempts - 20 Races total,13,Go to Submit page,,,,,,,,,,,,,,,A Finals,7700,Re-use Day 4 - Team Comp 1 as Finals Team Comp,,,,,,,,,,https://drive.google.com/open?id=1nSCvUE9BuyVsGgsxvK4hwELciuBvW55U,1st,,,,,,,,,,,No,,https://drive.google.com/open?id=13UDKQUKjVyTIUVuFGybq3A9fixzCKaGv,https://drive.google.com/open?id=1M6uqTtgWZRBbSJrNw389NJfW_jbRzz4e,,,14,,,,https://drive.google.com/open?id=1Em28hF4UBRYrjxvuvEzwbJ2qmaXwmKJm
9/24/2026 12:22:39,Mik,Graded (No Uma Restrictions),Get into A finals,I accept these terms,Day 4,"iOS - phone or tablet, Windows",$1-100,635,0-5 (less than 1 per day),6-10 (roughly 1 per day),Discord - MooMooCord - https://discord.com/invite/moomoocows,5,N/A,Oguri Cap (Christmas),Pace Chaser,Ace built for this CM before CM start in Grand Concert scenario,3,0,0,0,2,1,0,Mejiro McQueen,Pace Chaser,Ace built for older CM,3,1,0,0,1,1,0,Agnes Digital,Pace Chaser,Ace built for this CM before CM start in Grand Concert scenario,2,1,0,0,2,1,0,4 Attempts - 20 Races total,8,Go to Submit page,,,,,,,,,,,,,,Add new Team Comp as Day 2 - Team Comp 1,Oguri Cap (Christmas),Pace Chaser,Ace built for this CM before CM start in Grand Concert scenario,Mejiro McQueen,Pace Chaser,Mid-CM Ace build in Grand Concert scenario,Agnes Digital,Pace Chaser,Ace built for older CM,4 Attempts - 20 Races total,10,Go to Submit page,,,,,,,,,,,,,,,Re-use Day 2 - Team Comp 1 as Day 3 - Team Comp 1,A Group,,,,,,,,,,4 Attempts - 20 Races total,6,Go to Submit page,,,,,,,,,,,,,,,Re-use Day 3 - Team Comp 1 as Day 4 - Team Comp 1,A Group,,,,,,,,,,4 Attempts - 20 Races total,8,Go to Submit page,,,,,,,,,,,,,,,,,,,,,,,,,,,,,,,,,,,,,,,,,,,,,,,,,
9/25/2026 8:12:05,JaxomofRuatha,Graded (No Uma Restrictions),Win A finals,I accept these terms,Finals,Android - phone or tablet,$101-500,1796,11-20 (roughly 2-3 per day),31-45 (roughly 5-6 per day),Discord - MooMooCord - https://discord.com/invite/moomoocows,5,,Meisho Doto (Halloween),Pace Chaser,Ace built for this CM before CM start in Grand Concert scenario,3,0,0,0,2,1,0,Fine Motion,Pace Chaser,Ace built for this CM before CM start in Grand Concert scenario,3,1,0,0,1,1,0,Tamamo Cross (Festival),Pace Chaser,Ace built for this CM before CM start in Grand Concert scenario,2,1,0,0,2,1,0,4 Attempts - 20 Races total,18,Go to Submit page,,,,,,,,,,,,,,Re-use Day 1 - Team Comp 1 as Day 2 - Team Comp 1,,,,,,,,,,4 Attempts - 20 Races total,16,Go to Submit page,,,,,,,,,,,,,,,Re-use Day 2 - Team Comp 1 as Day 3 - Team Comp 1,A Group,,,,,,,,,,4 Attempts - 20 Races total,15,Go to Submit page,,,,,,,,,,,,,,,Re-use Day 3 - Team Comp 1 as Day 4 - Team Comp 1,A Group,,,,,,,,,,4 Attempts - 20 Races total,11,Go to Submit page,,,,,,,,,,,,,,,A Finals,9085,Re-use Day 4 - Team Comp 1 as Finals Team Comp,,,,,,,,,,https://drive.google.com/open?id=1t6GR-8Nk2tlWzIFrf6R5wzs7nOeJJ_jR,1st,,,,,,,,,,,No,,https://drive.google.com/open?id=1RX89bwskvk6lMqqUTn6kNKNd1bQ8WQVE,https://drive.google.com/open?id=1DG0GN1sE-Cn6vLvcs0j3ggKbcl8wR3hh,,0,7,9,,0,https://drive.google.com/open?id=11PKjsPc_hSgJ6ROkgsPm3H8No-vG7iNu
9/23/2026 20:46:06,Tyste,Graded (No Uma Restrictions),Win A finals,I accept these terms,Day 3,Windows,$501-1000,2758,21-30 (roughly 3-4 per day),6-10 (roughly 1 per day),Discord - MooMooCord - https://discord.com/invite/moomoocows,4,,Mihono Bourbon (Valentine),Front Runner,Ace built for this CM before CM start in Grand Concert scenario,3,,,,2,1,,Agnes Tachyon,Pace Chaser,Ace built for this CM before CM start in Grand Concert scenario,3,,,,2,1,,Silence Suzuka,Runaway,Blocker/Overtake target/Throwaway/Niche role,1,,1,,3,1,,4 Attempts - 20 Races total,15,Go to Submit page,,,,,,,,,,,,,,Re-use Day 1 - Team Comp 1 as Day 2 - Team Comp 1,,,,,,,,,,4 Attempts - 20 Races total,14,Go to Submit page,,,,,,,,,,,,,,,Re-use Day 2 - Team Comp 1 as Day 3 - Team Comp 1,A Group,,,,,,,,,,4 Attempts - 20 Races total,11,Day 4,,,,,,,,,,,,,,,Re-use Day 3 - Team Comp 1 as Day 4 - Team Comp 1,A Group,,,,,,,,,,4 Attempts - 20 Races total,11,Go to Submit page,,,,,,,,,,,,,,,,,,,,,,,,,,,,,,,,,,,,,,,,,,,,,,,,,
9/26/2026 1:46:43,Caphao,Graded (No Uma Restrictions),Win A finals,I accept these terms,Finals,,Rather not say,1489,46+ (more than 6 per day),6-10 (roughly 1 per day),Rather not say,,,Rice Shower (Halloween),Pace Chaser,Ace built for this CM before CM start in Grand Concert scenario,3,,,,2,1,,Silence Suzuka,Runaway,Blocker/Overtake target/Throwaway/Niche role,,1,,,4,1,,Mayano Top Gun (Wedding),End Closer,Debuffer,,1,,,4,1,,4 Attempts - 20 Races total,14,Go to Submit page,,,,,,,,,,,,,,Re-use Day 1 - Team Comp 1 as Day 2 - Team Comp 1,,,,,,,,,,4 Attempts - 20 Races total,14,Go to Submit page,,,,,,,,,,,,,,,Add new Team Comp as Day 3 - Team Comp 1,A Group,Rice Shower (Halloween),Pace Chaser,Ace built for this CM before CM start in Grand Concert scenario,Silence Suzuka,Runaway,Blocker/Overtake target/Throwaway/Niche role,Gold Ship,End Closer,Mid-CM Ace build in Grand Concert scenario,4 Attempts - 20 Races total,7,Go to Submit page,,,,,,,,,,,,,,,Add a new Team Comp as Day 4 - Team Comp 1,A Group,Rice Shower (Halloween),Pace Chaser,Mid-CM Ace build in Grand Concert scenario,Eishin Flash (Valentine),End Closer,Debuffer,Grass Wonder,End Closer,Debuffer,3 Attempts - 15 Races total,7,Go to Submit page,,,,,,,,,,,,,,,A Finals,13961,Re-use Day 4 - Team Comp 1 as Finals Team Comp,,,,,,,,,,https://drive.google.com/open?id=1OvW7MUeYpMqXpZYFUtx8iQ84KsV_xJet,2nd,No (goes to Submit page),,,,,,,,,,,,,,,,,,,,
9/25/2026 14:20:35,Karhumies,Graded (No Uma Restrictions),Win A finals,I accept these terms,Finals,Android - phone or tablet,$1-100,1201,11-20 (roughly 2-3 per day),0-5 (less than 1 per day),I made it,,,Rice Shower (Halloween),Pace Chaser,Ace built for this CM before CM start in Grand Concert scenario,3,0,0,0,2,1,0,Silence Suzuka,Runaway,Blocker/Overtake target/Throwaway/Niche role,2,,1,0,2,1,,Eishin Flash (Valentine),Late Surger,Debuffer,,,,,,,,4 Attempts - 20 Races total,16,Go to Submit page,,,,,,,,,,,,,,Re-use Day 1 - Team Comp 1 as Day 2 - Team Comp 1,,,,,,,,,,4 Attempts - 20 Races total,14,Go to Submit page,,,,,,,,,,,,,,,Re-use Day 2 - Team Comp 1 as Day 3 - Team Comp 1,A Group,,,,,,,,,,4 Attempts - 20 Races total,14,Go to Submit page,,,,,,,,,,,,,,,Re-use Day 3 - Team Comp 1 as Day 4 - Team Comp 1,A Group,,,,,,,,,,3 Attempts - 15 Races total,11,Go to Submit page,,,,,,,,,,,,,,,A Finals,13601,Re-use Day 4 - Team Comp 1 as Finals Team Comp,,,,,,,,,,https://drive.google.com/open?id=1nadm_ycm5IFyGQo-LrY8TRy-l4d7SMSj,1st,,,,,,,,,,,No,,https://drive.google.com/open?id=1a58yMxShivG-wbTW0RopRVm5wIcS9c47,https://drive.google.com/open?id=1DnoaL7jNts4rC4ZaSVcKvIDrrcFcEIOL,,0,11,4,0,0,https://drive.google.com/open?id=11oV824Ix9TDGp0TXs1PA1mRL4CKJtk0Y
9/26/2026 1:13:22,RDT,Graded (No Uma Restrictions),Win A finals,I accept these terms,Finals,Android - phone or tablet,$101-500,,11-20 (roughly 2-3 per day),11-20 (roughly 2-3 per day),Friend sent me the link,,,Seiun Sky,Front Runner,Ace built for this CM before CM start in Grand Concert scenario,3,,,,2,1,,Agnes Tachyon,Pace Chaser,Ace built for this CM before CM start in Grand Concert scenario,2,1,,,2,1,,Silence Suzuka,Runaway,Blocker/Overtake target/Throwaway/Niche role,,1,,1,4,,,4 Attempts - 20 Races total,17,Go to Submit page,,,,,,,,,,,,,,Re-use Day 1 - Team Comp 1 as Day 2 - Team Comp 1,,,,,,,,,,4 Attempts - 20 Races total,17,Go to Submit page,,,,,,,,,,,,,,,Re-use Day 2 - Team Comp 1 as Day 3 - Team Comp 1,A Group,,,,,,,,,,4 Attempts - 20 Races total,11,Day 4,,,,,,,,,,,,,,,Re-use Day 3 - Team Comp 1 as Day 4 - Team Comp 1,A Group,,,,,,,,,,4 Attempts - 20 Races total,13,Go to Submit page,,,,,,,,,,,,,,,A Finals,10924,Re-use Day 4 - Team Comp 1 as Finals Team Comp,,,,,,,,,,,2nd,No (goes to Submit page),,,,,,,,,,,,,,,,,,,,
9/25/2026 6:48:08,Uniqai,Graded (No Uma Restrictions),Win A finals,I accept these terms,Finals,"Android - phone or tablet, Windows",$5000+,2400,31-45 (roughly 5-6 per day),6-10 (roughly 1 per day),Discord - MooMooCord - https://discord.com/invite/moomoocows,5,,Ines Fujin,Front Runner,Ace built for this CM before CM start in Grand Concert scenario,3,1,0,0,1,1,,Yamanin Zephyr,Pace Chaser,Ace built for this CM before CM start in Grand Concert scenario,3,0,0,0,2,1,0,Sweep Tosho,End Closer,Ace built for this CM before CM start in Grand Concert scenario,3,1,0,0,1,1,0,4 Attempts - 20 Races total,16,Go to Submit page,,,,,,,,,,,,,,Re-use Day 1 - Team Comp 1 as Day 2 - Team Comp 1,,,,,,,,,,4 Attempts - 20 Races total,13,Go to Submit page,,,,,,,,,,,,,,,Re-use Day 2 - Team Comp 1 as Day 3 - Team Comp 1,A Group,,,,,,,,,,4 Attempts - 20 Races total,13,Go to Submit page,,,,,,,,,,,,,,,Re-use Day 3 - Team Comp 1 as Day 4 - Team Comp 1,A Group,,,,,,,,,,4 Attempts - 20 Races total,10,Go to Submit page,,,,,,,,,,,,,,,A Finals,9892,Re-use Day 4 - Team Comp 1 as Finals Team Comp,,,,,,,,,,https://drive.google.com/open?id=1T3dFpz_ZBWDAXh7QFpMwiwt4EfNf4b19,1st,,,,,,,,,,,Yes,I love my yada creature.,https://drive.google.com/open?id=1Fyc044rUXuCp2Ws1l76ZQ18d0e3myzAO,https://drive.google.com/open?id=1yqlBiwxCD9NkkqRMapTXm6rFZVm-waNI,,0,11,2,0,0,https://drive.google.com/open?id=1zw8vIYjYO5e_VycVIBEa7s0EZHrcmfeM
9/25/2026 9:34:29,Xenophon of Uma,Graded (No Uma Restrictions),Get into A finals,I accept these terms,Finals,"Android - phone or tablet, Windows",$101-500,755,6-10 (roughly 1 per day),21-30 (roughly 3-4 per day),Friend sent me the link,4,,Hishi Amazon,End Closer,Ace built for this CM before CM start in Grand Concert scenario,3,,2,,1,1,,Rice Shower (Halloween),Pace Chaser,Ace built for this CM before CM start in Grand Concert scenario,3,,,,2,1,,T.M. Opera O (New Year),Pace Chaser,Ace built for this CM before CM start in Grand Concert scenario,3,1,,,1,1,,4 Attempts - 20 Races total,19,Go to Submit page,,,,,,,,,,,,,,Re-use Day 1 - Team Comp 1 as Day 2 - Team Comp 1,,,,,,,,,,4 Attempts - 20 Races total,16,Go to Submit page,,,,,,,,,,,,,,,Re-use Day 2 - Team Comp 1 as Day 3 - Team Comp 1,A Group,,,,,,,,,,4 Attempts - 20 Races total,8,Go to Submit page,,,,,,,,,,,,,,,Re-use Day 3 - Team Comp 1 as Day 4 - Team Comp 1,A Group,,,,,,,,,,4 Attempts - 20 Races total,7,Go to Submit page,,,,,,,,,,,,,,,A Finals,10507,Re-use Day 4 - Team Comp 1 as Finals Team Comp,,,,,,,,,,https://drive.google.com/open?id=1YSovB_3XLESDDSPKZ58Ap6JPBAhID0tc,2nd,No (goes to Submit page),,,,,,,,,,,,,,,,,,,,
9/23/2026 5:40:30,SiX,Graded (No Uma Restrictions),Get into A finals,I accept these terms,Day 4,Linux,$101-500,,,,"Twitch - MooMooCows - https://www.twitch.tv/moomoomoocows, YouTube - MooMooCows - https://www.youtube.com/@MooMooCows",,,Oguri Cap (Christmas),Pace Chaser,Ace built for this CM before CM start in Grand Concert scenario,2,1,,,2,1,,Agnes Tachyon,End Closer,Debuffer,1,,1,,3,1,,Symboli Rudolf,End Closer,Debuffer,1,,1,,3,1,,4 Attempts - 20 Races total,12,Go to Submit page,,,,,,,,,,,,,,Re-use Day 1 - Team Comp 1 as Day 2 - Team Comp 1,,,,,,,,,,4 Attempts - 20 Races total,9,Go to Submit page,,,,,,,,,,,,,,,Re-use Day 2 - Team Comp 1 as Day 3 - Team Comp 1,A Group,,,,,,,,,,4 Attempts - 20 Races total,12,Go to Submit page,,,,,,,,,,,,,,,Re-use Day 3 - Team Comp 1 as Day 4 - Team Comp 1,A Group,,,,,,,,,,4 Attempts - 20 Races total,10,Go to Submit page,,,,,,,,,,,,,,,,,,,,,,,,,,,,,,,,,,,,,,,,,,,,,,,,,
9/26/2026 1:53:46,Magu,Graded (No Uma Restrictions),Collect participation rewards,I accept these terms,Finals,,$1-100,,,,,,,Symboli Rudolf (Festival),Pace Chaser,Ace built for this CM before CM start in Grand Concert scenario,3,,,,2,1,,Nice Nature,Late Surger,Debuffer,,,,2,4,,,Grass Wonder,End Closer,Debuffer,1,,,,5,,,4 Attempts - 20 Races total,15,Go to Submit page,,,,,,,,,,,,,,Re-use Day 1 - Team Comp 1 as Day 2 - Team Comp 1,,,,,,,,,,4 Attempts - 20 Races total,16,Day 3,,,,,,,,,,,,,,,Re-use Day 2 - Team Comp 1 as Day 3 - Team Comp 1,A Group,,,,,,,,,,4 Attempts - 20 Races total,14,Go to Submit page,,,,,,,,,,,,,,,Re-use Day 3 - Team Comp 1 as Day 4 - Team Comp 1,A Group,,,,,,,,,,4 Attempts - 20 Races total,12,Go to Submit page,,,,,,,,,,,,,,,A Finals,14807,Re-use Day 4 - Team Comp 1 as Finals Team Comp,,,,,,,,,,https://drive.google.com/open?id=1E14Fwi6xz5siIuWMrx-FjJYIE2fxTOEq,2nd,Yes,https://drive.google.com/open?id=1Uxtypq9QgvRIQkYefI6iAASuIIl6bcNI,https://drive.google.com/open?id=1y1fJxSRUfKYBj7TzRe2zAlYt1vdicWOF,,3,6,5,,,https://drive.google.com/open?id=1FQJX_6YMQXKufn2q1teXJWcKzNmpE10c,,,,,,,,,,,
9/21/2026 5:29:32,Selene,Graded (No Uma Restrictions),Win A finals,I accept these terms,Day 1,Android - phone or tablet,$101-500,731,11-20 (roughly 2-3 per day),6-10 (roughly 1 per day),Friend sent me the link,3,,Oguri Cap (Christmas),End Closer,Ace built for this CM before CM start in Grand Concert scenario,3,,,,2,0,,Grass Wonder,Late Surger,Ace built for this CM before CM start in Grand Concert scenario,2,1,,,2,1,,Mejiro Dober,Late Surger,Ace built for this CM before CM start in Grand Concert scenario,3,,,,2,0,,4 Attempts - 20 Races total,10,Go to Submit page,,,,,,,,,,,,,,,,,,,,,,,,,,,,,,,,,,,,,,,,,,,,,,,,,,,,,,,,,,,,,,,,,,,,,,,,,,,,,,,,,,,,,,,,,,,,,,,,,,,,,,,,,,,,,,,,,,,,,,,,,,,,,,,,,,,
9/22/2026 6:25:57,Cata,Graded (No Uma Restrictions),Win A finals,I accept these terms,Day 3,Android - phone or tablet,$101-500,,46+ (more than 6 per day),21-30 (roughly 3-4 per day),,,,Symboli Rudolf (Festival),Pace Chaser,Ace built for this CM before CM start in Grand Concert scenario,3,0,0,0,2,1,0,Tamamo Cross (Festival),Pace Chaser,Ace built for this CM before CM start in Grand Concert scenario,3,0,0,0,2,1,0,Inari One (Festival),End Closer,Ace built for this CM before CM start in Grand Concert scenario,2,1,0,0,2,1,0,4 Attempts - 20 Races total,15,Day 2,,,,,,,,,,,,,,Re-use Day 1 - Team Comp 1 as Day 2 - Team Comp 1,,,,,,,,,,4 Attempts - 20 Races total,18,Go to Submit page,,,,,,,,,,,,,,,Re-use Day 2 - Team Comp 1 as Day 3 - Team Comp 1,A Group,,,,,,,,,,4 Attempts - 20 Races total,11,Go to Submit page,,,,,,,,,,,,,,,,,,,,,,,,,,,,,,,,,,,,,,,,,,,,,,,,,,,,,,,,,,,,,,,,,,,,,,,,,,,,,
9/25/2026 5:24:04,Origami,Graded (No Uma Restrictions),Win A finals,I accept these terms,Finals,Windows,$0,1057,0-5 (less than 1 per day),6-10 (roughly 1 per day),YouTube - MooMooCows - https://www.youtube.com/@MooMooCows,5,,Air Groove,Late Surger,Ace built for this CM before CM start in Grand Concert scenario,2,1,,,2,1,,Nakayama Festa,Late Surger,Ace built for this CM before CM start in Grand Concert scenario,3,,,,2,1,,Narita Taishin,End Closer,Ace built for this CM before CM start in Grand Concert scenario,3,,,,2,1,,4 Attempts - 20 Races total,13,Day 2,,,,,,,,,,,,,,Re-use Day 1 - Team Comp 1 as Day 2 - Team Comp 1,,,,,,,,,,4 Attempts - 20 Races total,11,Go to Submit page,,,,,,,,,,,,,,,Re-use Day 2 - Team Comp 1 as Day 3 - Team Comp 1,A Group,,,,,,,,,,4 Attempts - 20 Races total,8,Go to Submit page,,,,,,,,,,,,,,,Re-use Day 3 - Team Comp 1 as Day 4 - Team Comp 1,A Group,,,,,,,,,,4 Attempts - 20 Races total,16,Go to Submit page,,,,,,,,,,,,,,,A Finals,10415,Re-use Day 4 - Team Comp 1 as Finals Team Comp,,,,,,,,,,https://drive.google.com/open?id=1qs2IfWx8k1_YNwojx24iaiexol6nY5PJ,3rd,Yes,https://drive.google.com/open?id=1-aTMrFu-mCEjTcga5-AO9FwMdk2x2wrW,https://drive.google.com/open?id=1wWMr0yEjiLYyTGQK9ZIRre4PQ1w20ZDU,,,18,,,,https://drive.google.com/open?id=1aHrM3nHoqbC8cFXGyMqxW82gSELShUfY,,,,,,,,,,,
9/23/2026 6:50:43,Typhoon Carter,Graded (No Uma Restrictions),Win A finals,I accept these terms,Day 4,Windows,$1-100,,11-20 (roughly 2-3 per day),11-20 (roughly 2-3 per day),"Discord - MooMooCord - https://discord.com/invite/moomoocows, Reddit - /r/UmamusumeGame",,,Silence Suzuka,Runaway,Ace built for this CM before CM start in Grand Concert scenario,2,1,,,2,1,,T.M. Opera O,Pace Chaser,Ace built for this CM before CM start in Grand Concert scenario,3,1,,,1,1,,Mihono Bourbon,Front Runner,Ace built for this CM before CM start in Grand Concert scenario,3,1,,,1,1,,2 Attempts - 10 Races total,7,Day 1 - Add 2nd Team,Silence Suzuka,Runaway,Ace built for this CM before CM start in Grand Concert scenario,T.M. Opera O,Pace Chaser,Ace built for this CM before CM start in Grand Concert scenario,Rice Shower (Halloween),Pace Chaser,Ace built for this CM before CM start in Grand Concert scenario,2 Attempts - 10 Races total,8,2 teams,Day 2,Add new Team Comp as Day 2 - Team Comp 1,Mayano Top Gun,Late Surger,Ace built for this CM before CM start in Grand Concert scenario,T.M. Opera O,Pace Chaser,Ace built for this CM before CM start in Grand Concert scenario,Silence Suzuka,Runaway,Ace built for this CM before CM start in Grand Concert scenario,2 Attempts - 10 Races total,3,Day 2 - Add 2nd Team,Re-use Day 1 - Team Comp 2 as Day 2 - Team Comp 2,,,,,,,,,,2 Attempts - 10 Races total,7,2 teams,Go to Submit page,Add new Team Comp as Day 3 - Team Comp 1,A Group,Silence Suzuka,Runaway,Blocker/Overtake target/Throwaway/Niche role,T.M. Opera O,Pace Chaser,Ace built for this CM before CM start in Grand Concert scenario,Rice Shower (Halloween),Pace Chaser,Ace built for this CM before CM start in Grand Concert scenario,4 Attempts - 20 Races total,10,Go to Submit page,,,,,,,,,,,,,,,Add a new Team Comp as Day 4 - Team Comp 1,A Group,Silence Suzuka,Runaway,Ace built for this CM before CM start in Grand Concert scenario,T.M. Opera O,Pace Chaser,Ace built for this CM before CM start in Grand Concert scenario,Rice Shower (Halloween),Pace Chaser,Ace built for this CM before CM start in Grand Concert scenario,4 Attempts - 20 Races total,13,Go to Submit page,,,,,,,,,,,,,,,,,,,,,,,,,,,,,,,,,,,,,,,,,,,,,,,,,
9/25/2026 6:54:10,Mindory,Graded (No Uma Restrictions),Get into A finals,I accept these terms,Finals,"Android - phone or tablet, Windows",$1-100,663,11-20 (roughly 2-3 per day),0-5 (less than 1 per day),Discord - MooMooCord - https://discord.com/invite/moomoocows,,,Kitasan Black,Front Runner,Ace built for this CM before CM start in Grand Concert scenario,3,0,0,0,2,1,0,Mihono Bourbon (Valentine),Front Runner,Ace built for this CM before CM start in Grand Concert scenario,3,0,0,0,2,1,0,Silence Suzuka,Runaway,Blocker/Overtake target/Throwaway/Niche role,0,0,1,0,3,2,0,4 Attempts - 20 Races total,10,Go to Submit page,,,,,,,,,,,,,,Re-use Day 1 - Team Comp 1 as Day 2 - Team Comp 1,,,,,,,,,,4 Attempts - 20 Races total,9,Go to Submit page,,,,,,,,,,,,,,,Re-use Day 2 - Team Comp 1 as Day 3 - Team Comp 1,A Group,,,,,,,,,,4 Attempts - 20 Races total,4,Go to Submit page,,,,,,,,,,,,,,,Re-use Day 3 - Team Comp 1 as Day 4 - Team Comp 1,A Group,,,,,,,,,,4 Attempts - 20 Races total,5,Go to Submit page,,,,,,,,,,,,,,,B Finals,2163,Re-use Day 4 - Team Comp 1 as Finals Team Comp,,,,,,,,,,https://drive.google.com/open?id=1DphhmRViRzI_GfaA8ZQ7E71naQrGlPjV,1st,,,,,,,,,,,Yes,kitasan my goat,https://drive.google.com/open?id=1xb5iK2tnjffrbBKUHFdKt4HWK0xdLsQo,https://drive.google.com/open?id=1_lk2K87Nql_gBirC-zP2AqLrzCr0bmh3,,0,13,0,1,0,https://drive.google.com/open?id=1fn9RKQZIotdza0HjAhXiX2VkdxIuhrVE
9/25/2026 5:34:42,Dan,Graded (No Uma Restrictions),Win A finals,I accept these terms,Finals,"Android - phone or tablet, Windows",$1-100,1452,11-20 (roughly 2-3 per day),11-20 (roughly 2-3 per day),Discord - MooMooCord - https://discord.com/invite/moomoocows,5,,Grass Wonder,Late Surger,Debuffer,1,,1,,3,1,,Mayano Top Gun,Pace Chaser,Ace built for this CM before CM start in Grand Concert scenario,3,,1,,1,1,,Nice Nature (Cheerleader),Late Surger,Ace built for this CM before CM start in Grand Concert scenario,3,,,,2,1,,3 Attempts - 15 Races total,8,Day 2,,,,,,,,,,,,,,Re-use Day 1 - Team Comp 1 as Day 2 - Team Comp 1,,,,,,,,,,3 Attempts - 15 Races total,10,Go to Submit page,,,,,,,,,,,,,,,Re-use Day 2 - Team Comp 1 as Day 3 - Team Comp 1,A Group,,,,,,,,,,4 Attempts - 20 Races total,10,Go to Submit page,,,,,,,,,,,,,,,Re-use Day 3 - Team Comp 1 as Day 4 - Team Comp 1,A Group,,,,,,,,,,4 Attempts - 20 Races total,14,Go to Submit page,,,,,,,,,,,,,,,A Finals,9369,Re-use Day 4 - Team Comp 1 as Finals Team Comp,,,,,,,,,,,2nd,No (goes to Submit page),,,,,,,,,,,,,,,,,,,,
9/23/2026 22:49:07,paslebcallanc,Graded (No Uma Restrictions),Win A finals,I accept these terms,Day 2,Windows,$0,661,31-45 (roughly 5-6 per day),11-20 (roughly 2-3 per day),Discord - MooMooCord - https://discord.com/invite/moomoocows,,,Seiun Sky,Front Runner,Ace built for this CM before CM start in Grand Concert scenario,3,1,0,0,1,1,0,Silence Suzuka,Runaway,Blocker/Overtake target/Throwaway/Niche role,,,,,,,,Grass Wonder,Late Surger,Debuffer,,,,,,,,4 Attempts - 20 Races total,9,Go to Submit page,,,,,,,,,,,,,,Re-use Day 1 - Team Comp 1 as Day 2 - Team Comp 1,,,,,,,,,,4 Attempts - 20 Races total,10,Day 3,,,,,,,,,,,,,,,Re-use Day 2 - Team Comp 1 as Day 3 - Team Comp 1,A Group,,,,,,,,,,4 Attempts - 20 Races total,6,Day 4,,,,,,,,,,,,,,,Re-use Day 3 - Team Comp 1 as Day 4 - Team Comp 1,A Group,,,,,,,,,,4 Attempts - 20 Races total,7,Go to Submit page,,,,,,,,,,,,,,,,,,,,,,,,,,,,,,,,,,,,,,,,,,,,,,,,,
9/25/2026 5:21:48,Lange,Graded (No Uma Restrictions),Get into A finals,I accept these terms,Finals,Android - phone or tablet,$101-500,1375,21-30 (roughly 3-4 per day),6-10 (roughly 1 per day),Discord - MooMooCord - https://discord.com/invite/moomoocows,3,,Tamamo Cross (Festival),Pace Chaser,Ace built for this CM before CM start in Grand Concert scenario,3,0,0,0,2,1,0,Super Creek (Halloween),End Closer,Debuffer,0,1,1,1,3,0,0,Nice Nature,End Closer,Debuffer,2,1,0,0,2,1,0,4 Attempts - 20 Races total,10,Day 2,,,,,,,,,,,,,,Re-use Day 1 - Team Comp 1 as Day 2 - Team Comp 1,,,,,,,,,,4 Attempts - 20 Races total,12,Go to Submit page,,,,,,,,,,,,,,,Re-use Day 2 - Team Comp 1 as Day 3 - Team Comp 1,A Group,,,,,,,,,,4 Attempts - 20 Races total,10,Go to Submit page,,,,,,,,,,,,,,,Re-use Day 3 - Team Comp 1 as Day 4 - Team Comp 1,A Group,,,,,,,,,,4 Attempts - 20 Races total,12,Go to Submit page,,,,,,,,,,,,,,,A Finals,8134,Re-use Day 4 - Team Comp 1 as Finals Team Comp,,,,,,,,,,https://drive.google.com/open?id=1txEETUejBff7MqwikZ2wtsBfNGDcan4P,1st,,,,,,,,,,,No,,https://drive.google.com/open?id=13Xb_QsGJG2AY6_n2X98CT_9h4By7CwpZ,https://drive.google.com/open?id=1CcnWHb0FrFawATgxSlI6nhNSQ8iFsqF7,,0,14,0,0,1,https://drive.google.com/open?id=1up3MrwRskU47wLr31P3UKaaXigLSE2Js
9/25/2026 8:02:50,Chrll,Graded (No Uma Restrictions),Get into A finals,I accept these terms,Finals,"Android - phone or tablet, Windows",$1001-5000,3814,46+ (more than 6 per day),6-10 (roughly 1 per day),Discord - MooMooCord - https://discord.com/invite/moomoocows,5,,Mejiro McQueen (Anime Collab),Pace Chaser,Ace built for this CM before CM start in Grand Concert scenario,3,0,0,0,2,1,0,Yaeno Muteki,Pace Chaser,Ace built for this CM before CM start in Grand Concert scenario,3,0,0,0,2,1,0,Oguri Cap (Christmas),Pace Chaser,Ace built for this CM before CM start in Grand Concert scenario,2,0,1,0,2,1,0,4 Attempts - 20 Races total,17,Day 2,,,,,,,,,,,,,,Re-use Day 1 - Team Comp 1 as Day 2 - Team Comp 1,,,,,,,,,,4 Attempts - 20 Races total,16,Go to Submit page,,,,,,,,,,,,,,,Re-use Day 2 - Team Comp 1 as Day 3 - Team Comp 1,A Group,,,,,,,,,,4 Attempts - 20 Races total,9,Go to Submit page,,,,,,,,,,,,,,,Re-use Day 3 - Team Comp 1 as Day 4 - Team Comp 1,A Group,,,,,,,,,,4 Attempts - 20 Races total,12,Go to Submit page,,,,,,,,,,,,,,,A Finals,10326,Re-use Day 4 - Team Comp 1 as Finals Team Comp,,,,,,,,,,https://drive.google.com/open?id=14Jq4mK1mQqzw9emVfUVZrJS-VLr5ONPa,2nd,Yes,https://drive.google.com/open?id=15MVFl-VHJEwKcPz6oMMnDthmWmeXw-XP,https://drive.google.com/open?id=1LCJU0o7BGMIVwKw0kHIZYykMncoaqrLP,,8,5,3,0,0,https://drive.google.com/open?id=1XmWa_8zAQriRXl0WhRD-HX-wgClsTLfs,,,,,,,,,,,
9/25/2026 5:42:33,Ika,Graded (No Uma Restrictions),Get into A finals,I accept these terms,Finals,Android - phone or tablet,$101-500,2622,21-30 (roughly 3-4 per day),11-20 (roughly 2-3 per day),YouTube - MooMooCows - https://www.youtube.com/@MooMooCows,5,,Tokai Teio (Anime Collab),Pace Chaser,Ace built for this CM before CM start in Grand Concert scenario,3,,,,2,1,,Seiun Sky,Front Runner,Ace built for this CM before CM start in Grand Concert scenario,3,,,,2,1,,Kitasan Black,Front Runner,Ace built for this CM before CM start in Grand Concert scenario,2,,1,,2,1,,4 Attempts - 20 Races total,15,Go to Submit page,,,,,,,,,,,,,,Re-use Day 1 - Team Comp 1 as Day 2 - Team Comp 1,,,,,,,,,,4 Attempts - 20 Races total,15,Go to Submit page,,,,,,,,,,,,,,,Re-use Day 2 - Team Comp 1 as Day 3 - Team Comp 1,A Group,,,,,,,,,,4 Attempts - 20 Races total,6,Go to Submit page,,,,,,,,,,,,,,,Add a new Team Comp as Day 4 - Team Comp 1,A Group,Seiun Sky,Front Runner,Ace built for this CM before CM start in Grand Concert scenario,Kitasan Black,Front Runner,Ace built for this CM before CM start in Grand Concert scenario,Oguri Cap (Christmas),Pace Chaser,Mid-CM Ace build in Grand Concert scenario,4 Attempts - 20 Races total,12,Go to Submit page,,,,,,,,,,,,,,,A Finals,10574,Add new Team Comp as Finals Team Comp,Seiun Sky,Front Runner,Ace built for this CM before CM start in Grand Concert scenario,Kitasan Black,Front Runner,Ace built for this CM before CM start in Grand Concert scenario,Tokai Teio (Anime Collab),Pace Chaser,Ace built for this CM before CM start in Grand Concert scenario,https://drive.google.com/open?id=1p6mbgg3cqCo0ltC8iyG-oNW3ohlystIK,1st,,,,,,,,,,,No,,https://drive.google.com/open?id=1uErptDbHuJuXSdtRDw-Uk8cRYduW915T,https://drive.google.com/open?id=1QuQkBeTELBIfcdta0C9Gx2MF_Kjx-bVK,,,13,,2,,https://drive.google.com/open?id=1FmdFpFXEnlYjK--J5vvIKOWI2TkGFPz3
9/25/2026 7:18:20,Specz,Graded (No Uma Restrictions),Get into A finals,I accept these terms,Finals,"Android - phone or tablet, Windows",$101-500,,0-5 (less than 1 per day),0-5 (less than 1 per day),YouTube - MooMooCows - https://www.youtube.com/@MooMooCows,,,Gold Ship,End Closer,Ace built for this CM before CM start in Grand Concert scenario,3,0,0,0,2,1,0,Grass Wonder,Front Runner,Debuffer,,,,,,,,Agnes Tachyon,Late Surger,Debuffer,,,,,,,,4 Attempts - 20 Races total,16,Go to Submit page,,,,,,,,,,,,,,Re-use Day 1 - Team Comp 1 as Day 2 - Team Comp 1,,,,,,,,,,4 Attempts - 20 Races total,12,Go to Submit page,,,,,,,,,,,,,,,Re-use Day 2 - Team Comp 1 as Day 3 - Team Comp 1,A Group,,,,,,,,,,4 Attempts - 20 Races total,4,Go to Submit page,,,,,,,,,,,,,,,Add a new Team Comp as Day 4 - Team Comp 1,A Group,Gold Ship,End Closer,Mid-CM Ace build in Grand Concert scenario,Agnes Tachyon,Late Surger,Debuffer,Grass Wonder,Front Runner,Debuffer,4 Attempts - 20 Races total,7,Go to Submit page,,,,,,,,,,,,,,,A Finals,9653,Re-use Day 4 - Team Comp 2 as Finals Team Comp,,,,,,,,,,https://drive.google.com/open?id=10FRZsr_vFsIiXGwtetgxwhrVJ57U_8en,2nd,No (goes to Submit page),,,,,,,,,,,,,,,,,,,,
9/25/2026 5:36:31,Trollinater,Graded (No Uma Restrictions),Get into A finals,I accept these terms,Finals,"Android - phone or tablet, Windows",$501-1000,2054,21-30 (roughly 3-4 per day),11-20 (roughly 2-3 per day),Discord - MooMooCord - https://discord.com/invite/moomoocows,,,Agnes Tachyon,Pace Chaser,Ace built for this CM before CM start in Grand Concert scenario,3,,,,2,1,,Silence Suzuka,Runaway,Blocker/Overtake target/Throwaway/Niche role,2,,1,,2,1,,Grass Wonder,Late Surger,Debuffer,1,,1,,3,1,,4 Attempts - 20 Races total,11,Day 2,,,,,,,,,,,,,,Re-use Day 1 - Team Comp 1 as Day 2 - Team Comp 1,,,,,,,,,,3 Attempts - 15 Races total,9,Day 2 - Add 2nd Team,Add new Team Comp as Day 2 - Team Comp 2,Agnes Tachyon,Pace Chaser,Ace built for this CM before CM start in Grand Concert scenario,Symboli Rudolf,Late Surger,Debuffer,Grass Wonder,Late Surger,Debuffer,1 Attempt - 5 Races total,5,2 teams,Go to Submit page,Re-use Day 2 - Team Comp 2 as Day 3 - Team Comp 1,A Group,,,,,,,,,,4 Attempts - 20 Races total,11,Go to Submit page,,,,,,,,,,,,,,,Re-use Day 3 - Team Comp 1 as Day 4 - Team Comp 1,A Group,,,,,,,,,,4 Attempts - 20 Races total,11,Go to Submit page,,,,,,,,,,,,,,,A Finals,10570,Re-use Day 4 - Team Comp 1 as Finals Team Comp,,,,,,,,,,https://drive.google.com/open?id=1YJ7c3evQegra9u1Zb7kIIiDBsIWoKAcl,1st,,,,,,,,,,,Yes,TROLLINATED,https://drive.google.com/open?id=1zSC1Jb_j9VHYHi4fF0W3DxleZkmL6uNx,https://drive.google.com/open?id=1kDbq_7bwEdFlho_B-cMoqYDa3QOfl5De,,,14,,,,https://drive.google.com/open?id=1xxoU6_p18ml6u6jkPvEcjsHHbIxdJoAV
9/25/2026 7:24:36,Soupaman,Graded (No Uma Restrictions),Win A finals,I accept these terms,Finals,Android - phone or tablet,$1001-5000,1100,21-30 (roughly 3-4 per day),0-5 (less than 1 per day),Discord - MooMooCord - https://discord.com/invite/moomoocows,,,Oguri Cap (Christmas),End Closer,The day of,,,,,,,,Eishin Flash (Valentine),Late Surger,Debuffer,,,,,,,,Nice Nature (Cheerleader),Late Surger,Debuffer,,,,,,,,4 Attempts - 20 Races total,7,Day 2,,,,,,,,,,,,,,Re-use Day 1 - Team Comp 1 as Day 2 - Team Comp 1,,,,,,,,,,4 Attempts - 20 Races total,16,Go to Submit page,,,,,,,,,,,,,,,Re-use Day 2 - Team Comp 1 as Day 3 - Team Comp 1,A Group,,,,,,,,,,4 Attempts - 20 Races total,9,Day 4,,,,,,,,,,,,,,,Re-use Day 3 - Team Comp 1 as Day 4 - Team Comp 1,A Group,,,,,,,,,,4 Attempts - 20 Races total,14,Go to Submit page,,,,,,,,,,,,,,,A Finals,11573,Re-use Day 4 - Team Comp 1 as Finals Team Comp,,,,,,,,,,https://drive.google.com/open?id=1Oe-JiH5qZoTpylS4P8LF0H1iC7EFpoL7,1st,,,,,,,,,,,No,,,,,,,,,,
9/23/2026 11:04:17,Cedrigo,Graded (No Uma Restrictions),Win A finals,I accept these terms,Day 4,"Android - phone or tablet, Windows",$1-100,,11-20 (roughly 2-3 per day),6-10 (roughly 1 per day),"Discord - MooMooCord - https://discord.com/invite/moomoocows, YouTube - MooMooCows - https://www.youtube.com/@MooMooCows",,,Mejiro McQueen,Pace Chaser,Ace built for this CM before CM start in Grand Concert scenario,3,0,0,0,2,1,0,T.M. Opera O,Pace Chaser,Ace built for this CM before CM start in Grand Concert scenario,2,1,0,0,2,1,0,Yamanin Zephyr,Pace Chaser,Ace built for this CM before CM start in Grand Concert scenario,2,1,0,0,2,1,0,4 Attempts - 20 Races total,14,Go to Submit page,,,,,,,,,,,,,,Re-use Day 1 - Team Comp 1 as Day 2 - Team Comp 1,,,,,,,,,,4 Attempts - 20 Races total,12,Go to Submit page,,,,,,,,,,,,,,,Re-use Day 2 - Team Comp 1 as Day 3 - Team Comp 1,A Group,,,,,,,,,,4 Attempts - 20 Races total,5,Go to Submit page,,,,,,,,,,,,,,,Re-use Day 3 - Team Comp 1 as Day 4 - Team Comp 1,A Group,,,,,,,,,,4 Attempts - 20 Races total,7,Go to Submit page,,,,,,,,,,,,,,,,,,,,,,,,,,,,,,,,,,,,,,,,,,,,,,,,,
9/26/2026 4:41:49,グラスKTDK,Graded (No Uma Restrictions),To experience cbt,I accept these terms,Finals,Windows,$0,2339,31-45 (roughly 5-6 per day),0-5 (less than 1 per day),Discord - MooMooCord - https://discord.com/invite/moomoocows,4,,Special Week,End Closer,Ace built for this CM before CM start in Grand Concert scenario,3,1,0,0,1,1,0,Mejiro Dober (Camping),Late Surger,Ace built for this CM before CM start in Grand Concert scenario,2,1,0,0,1,1,1,Nice Nature,Late Surger,Debuffer,,,,,,,,4 Attempts - 20 Races total,13,Day 2,,,,,,,,,,,,,,Re-use Day 1 - Team Comp 1 as Day 2 - Team Comp 1,,,,,,,,,,4 Attempts - 20 Races total,17,Go to Submit page,,,,,,,,,,,,,,,,,,,,,,,,,,,,,,,,,,,,,,,,,,,Re-use Day 3 - Team Comp 1 as Day 4 - Team Comp 1,A Group,,,,,,,,,,4 Attempts - 20 Races total,15,Go to Submit page,,,,,,,,,,,,,,,A Finals,12580,Re-use Day 4 - Team Comp 1 as Finals Team Comp,,,,,,,,,,,2nd,No (goes to Submit page),,,,,,,,,,,,,,,,,,,,
9/25/2026 14:05:11,Viy,Graded (No Uma Restrictions),Win A finals,I accept these terms,Day 4,Windows,Rather not say,2298,31-45 (roughly 5-6 per day),,YouTube - MooMooCows - https://www.youtube.com/@MooMooCows,5,,Rice Shower (Halloween),Pace Chaser,Ace built for this CM before CM start in Grand Concert scenario,3,0,0,0,2,1,0,Yukino Bijin,Pace Chaser,Ace built for this CM before CM start in Grand Concert scenario,2,0,1,0,2,1,0,Oguri Cap (Christmas),Pace Chaser,Ace built for this CM before CM start in Grand Concert scenario,3,0,0,0,2,1,0,4 Attempts - 20 Races total,12,Day 2,,,,,,,,,,,,,,Re-use Day 1 - Team Comp 1 as Day 2 - Team Comp 1,,,,,,,,,,4 Attempts - 20 Races total,13,Go to Submit page,,,,,,,,,,,,,,,Re-use Day 2 - Team Comp 1 as Day 3 - Team Comp 1,A Group,,,,,,,,,,4 Attempts - 20 Races total,8,Day 4,,,,,,,,,,,,,,,Add a new Team Comp as Day 4 - Team Comp 1,A Group,Rice Shower (Halloween),Pace Chaser,Ace built for this CM before CM start in Grand Concert scenario,Oguri Cap (Christmas),Pace Chaser,Ace built for this CM before CM start in Grand Concert scenario,Silence Suzuka,Runaway,Blocker/Overtake target/Throwaway/Niche role,4 Attempts - 20 Races total,15,Finals,,,,,,,,,,,,,,,A Finals,9100,Re-use Day 4 - Team Comp 1 as Finals Team Comp,,,,,,,,,,https://drive.google.com/open?id=1sjYvkzyIp9yn_uOs0gvCwZ3KWBJ0R2XT,1st,,,,,,,,,,,No,,,,,0,7,6,0,0,
9/22/2026 13:41:28,QuackersLeQuack,Graded (No Uma Restrictions),Get into A finals,I accept these terms,Day 2,"Android - phone or tablet, Windows",$0,,0-5 (less than 1 per day),11-20 (roughly 2-3 per day),"Discord - MooMooCord - https://discord.com/invite/moomoocows, Reddit - /r/UmamusumeGame",4,,Oguri Cap,Pace Chaser,Ace built for older CM,2,0,1,0,2,1,0,El Condor Pasa,Pace Chaser,Ace built for this CM before CM start in Grand Concert scenario,2,1,0,0,2,1,0,Silence Suzuka,Runaway,Blocker/Overtake target/Throwaway/Niche role,3,1,0,0,1,1,0,4 Attempts - 20 Races total,12,Go to Submit page,,,,,,,,,,,,,,Re-use Day 1 - Team Comp 1 as Day 2 - Team Comp 1,,,,,,,,,,3 Attempts - 15 Races total,10,Day 3,,,,,,,,,,,,,,,Re-use Day 2 - Team Comp 1 as Day 3 - Team Comp 1,A Group,,,,,,,,,,4 Attempts - 20 Races total,7,Day 1,,,,,,,,,,,,,,,,,,,,,,,,,,,,,,,,,,,,,,,,,,,,,,,,,,,,,,,,,,,,,,,,,,,,,,,,,,,,,
9/23/2026 9:05:56,Arfixy,Graded (No Uma Restrictions),Win A finals,I accept these terms,Day 3,Windows,$1-100,,31-45 (roughly 5-6 per day),6-10 (roughly 1 per day),Friend sent me the link,5,,Oguri Cap (Christmas),End Closer,Ace built for this CM before CM start in Grand Concert scenario,2,1,0,0,2,1,0,Grass Wonder,Late Surger,Debuffer,1,1,1,0,2,0,0,Symboli Rudolf,Late Surger,Debuffer,1,1,1,0,2,0,0,4 Attempts - 20 Races total,14,Day 2,,,,,,,,,,,,,,Re-use Day 1 - Team Comp 1 as Day 2 - Team Comp 1,,,,,,,,,,4 Attempts - 20 Races total,16,Go to Submit page,,,,,,,,,,,,,,,Re-use Day 2 - Team Comp 1 as Day 3 - Team Comp 1,A Group,,,,,,,,,,4 Attempts - 20 Races total,14,Day 4,,,,,,,,,,,,,,,Re-use Day 3 - Team Comp 1 as Day 4 - Team Comp 1,A Group,,,,,,,,,,4 Attempts - 20 Races total,11,Go to Submit page,,,,,,,,,,,,,,,,,,,,,,,,,,,,,,,,,,,,,,,,,,,,,,,,,
9/25/2026 11:27:47,Myles,Graded (No Uma Restrictions),Win A finals,I accept these terms,Finals,Windows,$1-100,1286,0-5 (less than 1 per day),11-20 (roughly 2-3 per day),YouTube - MooMooCows - https://www.youtube.com/@MooMooCows,4,,Rice Shower (Halloween),Pace Chaser,Ace built for this CM before CM start in Grand Concert scenario,3,0,0,0,2,1,0,Oguri Cap (Christmas),End Closer,Ace built for this CM before CM start in Grand Concert scenario,3,0,0,0,2,1,0,Manhattan Cafe,Late Surger,Ace built for this CM before CM start in Grand Concert scenario,3,0,0,0,2,1,0,4 Attempts - 20 Races total,16,Day 2,,,,,,,,,,,,,,Re-use Day 1 - Team Comp 1 as Day 2 - Team Comp 1,,,,,,,,,,4 Attempts - 20 Races total,16,Go to Submit page,,,,,,,,,,,,,,,Re-use Day 2 - Team Comp 1 as Day 3 - Team Comp 1,A Group,,,,,,,,,,4 Attempts - 20 Races total,12,Go to Submit page,,,,,,,,,,,,,,,Re-use Day 3 - Team Comp 1 as Day 4 - Team Comp 1,A Group,,,,,,,,,,4 Attempts - 20 Races total,11,Go to Submit page,,,,,,,,,,,,,,,A Finals,7841,Re-use Day 4 - Team Comp 1 as Finals Team Comp,,,,,,,,,,https://drive.google.com/open?id=1imQgcGnwJ0dW2AmJgHLiPzGIMRQF_gr-,1st,,,,,,,,,,,Yes,Took over a year to finally get a RIce win :),https://drive.google.com/open?id=1a5s1tySbKyRu9IxtpaY56WMUM9IGveJj,https://drive.google.com/open?id=1eUTTktR0dsCssOouxHxjeQgRv3CQYeXz,,3,9,2,0,0,https://drive.google.com/open?id=1bpEb0IV02kWr2Y8J5c8wC3Qhoa8p3fSu
9/25/2026 5:15:10,giantsoybean,Graded (No Uma Restrictions),Win A finals,I accept these terms,Finals,Windows,$1-100,1680,21-30 (roughly 3-4 per day),11-20 (roughly 2-3 per day),Discord - MooMooCord - https://discord.com/invite/moomoocows,5,,Oguri Cap (Christmas),End Closer,Ace built for this CM before CM start in Grand Concert scenario,3,0,0,0,2,1,0,Grass Wonder,End Closer,Debuffer,1,0,1,0,3,1,0,Symboli Rudolf,Front Runner,Debuffer,1,0,1,0,3,1,0,4 Attempts - 20 Races total,16,Day 2,,,,,,,,,,,,,,Re-use Day 1 - Team Comp 1 as Day 2 - Team Comp 1,,,,,,,,,,4 Attempts - 20 Races total,18,Go to Submit page,,,,,,,,,,,,,,,Re-use Day 2 - Team Comp 1 as Day 3 - Team Comp 1,A Group,,,,,,,,,,4 Attempts - 20 Races total,18,Go to Submit page,,,,,,,,,,,,,,,Re-use Day 3 - Team Comp 1 as Day 4 - Team Comp 1,A Group,,,,,,,,,,4 Attempts - 20 Races total,19,Go to Submit page,,,,,,,,,,,,,,,A Finals,11327,Re-use Day 4 - Team Comp 1 as Finals Team Comp,,,,,,,,,,,1st,,,,,,,,,,,No,,,,,,,,,,
9/23/2026 11:26:07,ByeBye,Graded (No Uma Restrictions),Get into A finals,I accept these terms,Day 4,iOS - phone or tablet,$101-500,1270,6-10 (roughly 1 per day),0-5 (less than 1 per day),Discord - MooMooCord - https://discord.com/invite/moomoocows,5,,Oguri Cap (Christmas),Pace Chaser,Ace built for this CM before CM start in Grand Concert scenario,3,0,0,0,2,1,0,Agnes Tachyon,Late Surger,Debuffer,2,1,0,0,3,0,0,Grass Wonder,Late Surger,Debuffer,2,1,0,0,3,0,0,4 Attempts - 20 Races total,17,Day 2,,,,,,,,,,,,,,Re-use Day 1 - Team Comp 1 as Day 2 - Team Comp 1,,,,,,,,,,4 Attempts - 20 Races total,18,Go to Submit page,,,,,,,,,,,,,,,Re-use Day 2 - Team Comp 1 as Day 3 - Team Comp 1,A Group,,,,,,,,,,4 Attempts - 20 Races total,12,Go to Submit page,,,,,,,,,,,,,,,Re-use Day 3 - Team Comp 1 as Day 4 - Team Comp 1,A Group,,,,,,,,,,4 Attempts - 20 Races total,19,Go to Submit page,,,,,,,,,,,,,,,,,,,,,,,,,,,,,,,,,,,,,,,,,,,,,,,,,
9/25/2026 8:04:13,Frasl,Graded (No Uma Restrictions),Win A finals,I accept these terms,Finals,Windows,$0,1134,6-10 (roughly 1 per day),11-20 (roughly 2-3 per day),"Discord - MooMooCord - https://discord.com/invite/moomoocows, Twitch - MooMooCows - https://www.twitch.tv/moomoomoocows, YouTube - MooMooCows - https://www.youtube.com/@MooMooCows",4,,Gold City,Late Surger,Ace built for this CM before CM start in Grand Concert scenario,3,1,0,0,1,1,,T.M. Opera O (New Year),Late Surger,Ace built for this CM before CM start in Grand Concert scenario,3,1,0,0,1,1,0,Symboli Rudolf (Festival),Pace Chaser,Ace built for this CM before CM start in Grand Concert scenario,3,0,1,0,1,1,0,4 Attempts - 20 Races total,12,Day 2,,,,,,,,,,,,,,Re-use Day 1 - Team Comp 1 as Day 2 - Team Comp 1,,,,,,,,,,4 Attempts - 20 Races total,10,Go to Submit page,,,,,,,,,,,,,,,Re-use Day 2 - Team Comp 1 as Day 3 - Team Comp 1,A Group,,,,,,,,,,4 Attempts - 20 Races total,14,Go to Submit page,,,,,,,,,,,,,,,Re-use Day 3 - Team Comp 1 as Day 4 - Team Comp 1,A Group,,,,,,,,,,4 Attempts - 20 Races total,5,Go to Submit page,,,,,,,,,,,,,,,A Finals,,Re-use Day 4 - Team Comp 1 as Finals Team Comp,,,,,,,,,,https://drive.google.com/open?id=1Npp_Kk95jZi3y7B1hEvuvq3hPrjyVhL8,3rd,No (goes to Submit page),,,,,,,,,,,,,,,,,,,,
9/25/2026 8:52:43,Realside,Graded (No Uma Restrictions),Win A finals,I accept these terms,Finals,"iOS - phone or tablet, Windows",Rather not say,,46+ (more than 6 per day),0-5 (less than 1 per day),Discord - MooMooCord - https://discord.com/invite/moomoocows,,,Seiun Sky,Front Runner,Ace built for this CM before CM start in Grand Concert scenario,3,,,,2,1,,Silence Suzuka,Runaway,Blocker/Overtake target/Throwaway/Niche role,,2,1,,3,,,Symboli Rudolf,Front Runner,Debuffer,,2,1,,3,,,4 Attempts - 20 Races total,17,Day 2,,,,,,,,,,,,,,Re-use Day 1 - Team Comp 1 as Day 2 - Team Comp 1,,,,,,,,,,4 Attempts - 20 Races total,18,Go to Submit page,,,,,,,,,,,,,,,Re-use Day 2 - Team Comp 1 as Day 3 - Team Comp 1,A Group,,,,,,,,,,4 Attempts - 20 Races total,13,Day 4,,,,,,,,,,,,,,,Re-use Day 3 - Team Comp 1 as Day 4 - Team Comp 1,A Group,,,,,,,,,,4 Attempts - 20 Races total,13,Go to Submit page,,,,,,,,,,,,,,,A Finals,8816,Re-use Day 4 - Team Comp 1 as Finals Team Comp,,,,,,,,,,https://drive.google.com/open?id=1NNLna3Jn3wo3tIw1477XyitwKOPMKZQU,1st,,,,,,,,,,,No,,,,,,10,,,,
9/25/2026 6:19:04,C_Salty,Graded (No Uma Restrictions),Get into A finals,I accept these terms,Finals,Windows,$101-500,1357,,,Discord - MooMooCord - https://discord.com/invite/moomoocows,5,,Manhattan Cafe,End Closer,Ace built for this CM before CM start in Grand Concert scenario,3,0,0,0,2,1,0,Symboli Rudolf,End Closer,Ace built for this CM before CM start in Grand Concert scenario,3,0,0,0,2,1,0,Nakayama Festa,End Closer,Ace built for this CM before CM start in Grand Concert scenario,3,0,0,0,2,1,0,4 Attempts - 20 Races total,12,Day 2,,,,,,,,,,,,,,Re-use Day 1 - Team Comp 1 as Day 2 - Team Comp 1,,,,,,,,,,4 Attempts - 20 Races total,10,Go to Submit page,,,,,,,,,,,,,,,Re-use Day 2 - Team Comp 1 as Day 3 - Team Comp 1,A Group,,,,,,,,,,4 Attempts - 20 Races total,7,Go to Submit page,,,,,,,,,,,,,,,Re-use Day 3 - Team Comp 1 as Day 4 - Team Comp 1,A Group,,,,,,,,,,4 Attempts - 20 Races total,10,Go to Submit page,,,,,,,,,,,,,,,A Finals,12407,Re-use Day 4 - Team Comp 1 as Finals Team Comp,,,,,,,,,,https://drive.google.com/open?id=10Gk8JqEIBEGuRpOYZCEXsqDYj0G4P3Oe,2nd,No (goes to Submit page),,,,,,,,,,,,,,,,,,,,
9/25/2026 8:05:18,Mayoi,Graded (No Uma Restrictions),Collect participation rewards,I accept these terms,Finals,"iOS - phone or tablet, SteamOS - Steam Deck",$501-1000,1900,21-30 (roughly 3-4 per day),21-30 (roughly 3-4 per day),,,,Oguri Cap (Christmas),End Closer,Ace built for this CM before CM start in Grand Concert scenario,2,0,0,0,3,0,0,Tokai Teio,Pace Chaser,Ace built for this CM before CM start in Grand Concert scenario,2,1,0,0,2,1,0,Gold Ship,End Closer,Ace built for this CM before CM start in Grand Concert scenario,2,0,0,0,3,1,0,4 Attempts - 20 Races total,19,Day 2,,,,,,,,,,,,,,Re-use Day 1 - Team Comp 1 as Day 2 - Team Comp 1,,,,,,,,,,4 Attempts - 20 Races total,17,Go to Submit page,,,,,,,,,,,,,,,Re-use Day 2 - Team Comp 1 as Day 3 - Team Comp 1,A Group,,,,,,,,,,4 Attempts - 20 Races total,16,Go to Submit page,,,,,,,,,,,,,,,Re-use Day 3 - Team Comp 1 as Day 4 - Team Comp 1,A Group,,,,,,,,,,4 Attempts - 20 Races total,14,Go to Submit page,,,,,,,,,,,,,,,A Finals,13083,Re-use Day 4 - Team Comp 1 as Finals Team Comp,,,,,,,,,,https://drive.google.com/open?id=1GndjJ6ZUivplG8al8qgcnaOU8Le63P2g,3rd,No (goes to Submit page),,,,,,,,,,,,,,,,,,,,
9/26/2026 7:01:02,Machine,Graded (No Uma Restrictions),Win A finals,I accept these terms,Finals,"Android - phone or tablet, Windows",$101-500,950,46+ (more than 6 per day),0-5 (less than 1 per day),"Discord - MooMooCord - https://discord.com/invite/moomoocows, Discord - Pakacord! - https://discord.com/invite/umamusume, YouTube - MooMooCows - https://www.youtube.com/@MooMooCows",5,,Grass Wonder,Late Surger,Debuffer,,,,,,,,Oguri Cap (Christmas),Pace Chaser,Ace built for older CM,2,1,,,2,1,,Symboli Rudolf,Late Surger,Debuffer,,,,,,,,4 Attempts - 20 Races total,10,Day 2,,,,,,,,,,,,,,Re-use Day 1 - Team Comp 1 as Day 2 - Team Comp 1,,,,,,,,,,4 Attempts - 20 Races total,12,Go to Submit page,,,,,,,,,,,,,,,Re-use Day 2 - Team Comp 1 as Day 3 - Team Comp 1,A Group,,,,,,,,,,4 Attempts - 20 Races total,7,Go to Submit page,,,,,,,,,,,,,,,Re-use Day 3 - Team Comp 1 as Day 4 - Team Comp 1,A Group,,,,,,,,,,4 Attempts - 20 Races total,10,Go to Submit page,,,,,,,,,,,,,,,A Finals,6453,Re-use Day 4 - Team Comp 1 as Finals Team Comp,,,,,,,,,,,1st,,,,,,,,,,,Yes,CHILE CAMPEÓN!!!!!,,,,,,,,,
9/25/2026 5:44:36,Maurin,Graded (No Uma Restrictions),Get into A finals,I accept these terms,Finals,iOS - phone or tablet,$0,458,6-10 (roughly 1 per day),6-10 (roughly 1 per day),Discord - MooMooCord - https://discord.com/invite/moomoocows,,,Tokai Teio (Anime Collab),Pace Chaser,Ace built for this CM before CM start in Grand Concert scenario,3,1,,,1,1,,Mayano Top Gun,Pace Chaser,Ace built for this CM before CM start in Grand Concert scenario,2,1,,,2,1,,Nice Nature (Cheerleader),Late Surger,Debuffer,1,1,,1,3,,,4 Attempts - 20 Races total,11,Go to Submit page,,,,,,,,,,,,,,Re-use Day 1 - Team Comp 1 as Day 2 - Team Comp 1,,,,,,,,,,3 Attempts - 15 Races total,9,Day 2 - Add 2nd Team,Add new Team Comp as Day 2 - Team Comp 2,Tokai Teio (Anime Collab),Pace Chaser,Ace built for this CM before CM start in Grand Concert scenario,Rice Shower (Halloween),Pace Chaser,Ace built for this CM before CM start in Grand Concert scenario,Nice Nature (Cheerleader),Late Surger,Debuffer,1 Attempt - 5 Races total,3,2 teams,Go to Submit page,Re-use Day 2 - Team Comp 1 as Day 3 - Team Comp 1,A Group,,,,,,,,,,2 Attempts - 10 Races total,3,Day 3 - Add 2nd Team,Add new Team Comp as Day 3 - Team Comp 2,Tokai Teio (Anime Collab),Pace Chaser,Ace built for this CM before CM start in Grand Concert scenario,Agnes Tachyon,Late Surger,Debuffer,Nice Nature (Cheerleader),Late Surger,Debuffer,2 Attempts - 10 Races total,5,2 teams,Go to Submit page,Re-use Day 3 - Team Comp 2 as Day 4 - Team Comp 1,A Group,,,,,,,,,,4 Attempts - 20 Races total,13,Go to Submit page,,,,,,,,,,,,,,,A Finals,10541,Re-use Day 4 - Team Comp 1 as Finals Team Comp,,,,,,,,,,https://drive.google.com/open?id=1dxcGPRForL3kARPqCvg_WW4Go02JPMBq,3rd,No (goes to Submit page),,,,,,,,,,,,,,,,,,,,
9/25/2026 5:34:36,mob,Graded (No Uma Restrictions),Win A finals,I accept these terms,Day 4,Windows,$1-100,2057,6-10 (roughly 1 per day),31-45 (roughly 5-6 per day),YouTube - MooMooCows - https://www.youtube.com/@MooMooCows,5,,Rice Shower,Pace Chaser,Ace built for this CM before CM start in Grand Concert scenario,3,0,0,0,2,1,0,Agnes Tachyon,End Closer,Debuffer,,,,,,,,Grass Wonder,End Closer,Debuffer,,,,,,,,4 Attempts - 20 Races total,12,Day 2,,,,,,,,,,,,,,Re-use Day 1 - Team Comp 1 as Day 2 - Team Comp 1,,,,,,,,,,4 Attempts - 20 Races total,13,Day 3,,,,,,,,,,,,,,,Re-use Day 2 - Team Comp 1 as Day 3 - Team Comp 1,A Group,,,,,,,,,,4 Attempts - 20 Races total,10,Day 4,,,,,,,,,,,,,,,Re-use Day 3 - Team Comp 1 as Day 4 - Team Comp 1,A Group,,,,,,,,,,4 Attempts - 20 Races total,13,Finals,,,,,,,,,,,,,,,A Finals,11180,Re-use Day 4 - Team Comp 1 as Finals Team Comp,,,,,,,,,,https://drive.google.com/open?id=1V12FiE0y3CksOtx_tExe9JDIbG-GkkIk,1st,,,,,,,,,,,Yes,Stamina debuffers are the bane of my existence,https://drive.google.com/open?id=1dCk5HFXoU6qGNfbsm9C76IRWP-NF6iPi,https://drive.google.com/open?id=1wqCQhA7lQMtbytBeW_GKuBVDiB1yvmdd,,0,13,2,0,0,https://drive.google.com/open?id=158WPECV_mWGGQIoam5rinLUQMSl7fLAn
9/24/2026 19:09:01,Darkrosario,Graded (No Uma Restrictions),Win A finals,I accept these terms,Day 4,"Android - phone or tablet, Windows",$5000+,1233,31-45 (roughly 5-6 per day),31-45 (roughly 5-6 per day),"Discord - MooMooCord - https://discord.com/invite/moomoocows, Twitch - MooMooCows - https://www.twitch.tv/moomoomoocows, YouTube - MooMooCows - https://www.youtube.com/@MooMooCows",5,,Rice Shower (Halloween),Pace Chaser,Ace built for this CM before CM start in Grand Concert scenario,3,0,0,0,2,1,0,Nice Nature,Late Surger,Hybrid (ace + debuffer),2,1,0,0,2,1,0,Grass Wonder,Late Surger,Debuffer,3,2,1,0,0,0,0,2 Attempts - 10 Races total,3,Day 1 - Add 2nd Team,Rice Shower (Halloween),Pace Chaser,Ace built for this CM before CM start in Grand Concert scenario,Nice Nature,Late Surger,Hybrid (ace + debuffer),Grass Wonder,Late Surger,Debuffer,2 Attempts - 10 Races total,5,2 teams,Day 2,Add new Team Comp as Day 2 - Team Comp 1,Rice Shower (Halloween),Pace Chaser,Ace built for this CM before CM start in Grand Concert scenario,Nice Nature,Late Surger,Hybrid (ace + debuffer),Grass Wonder,Late Surger,Debuffer,4 Attempts - 20 Races total,15,Go to Submit page,,,,,,,,,,,,,,,Re-use Day 2 - Team Comp 1 as Day 3 - Team Comp 1,A Group,,,,,,,,,,4 Attempts - 20 Races total,8,Go to Submit page,,,,,,,,,,,,,,,Add a new Team Comp as Day 4 - Team Comp 1,A Group,Rice Shower (Halloween),Pace Chaser,Ace built for this CM before CM start in Grand Concert scenario,Nice Nature,Late Surger,Hybrid (ace + debuffer),Grass Wonder,Late Surger,Debuffer,1 Attempt - 5 Races total,2,Day 4 - Add 2nd team,Re-use Day 3 - Team Comp 2 as Day 4 - Team Comp 2,,,,,,,,,,3 Attempts - 15 Races total,11,3 teams,Go to Submit page,,,,,,,,,,,,,,,,,,,,,,,,,,,,,,,,,,,
9/25/2026 5:51:37,Ska,Graded (No Uma Restrictions),Win A finals,I accept these terms,Day 3,Windows,$0,,6-10 (roughly 1 per day),,Discord - MooMooCord - https://discord.com/invite/moomoocows,5,,Oguri Cap (Christmas),End Closer,Ace built for this CM before CM start in Grand Concert scenario,2,,,,3,1,,Special Week (Summer),Late Surger,Ace built for this CM before CM start in Grand Concert scenario,3,,,,2,1,,Nakayama Festa,Late Surger,Ace built for this CM before CM start in Grand Concert scenario,2,,,,3,1,,4 Attempts - 20 Races total,13,Go to Submit page,,,,,,,,,,,,,,Re-use Day 1 - Team Comp 1 as Day 2 - Team Comp 1,,,,,,,,,,4 Attempts - 20 Races total,8,Go to Submit page,,,,,,,,,,,,,,,Re-use Day 2 - Team Comp 1 as Day 3 - Team Comp 1,A Group,,,,,,,,,,4 Attempts - 20 Races total,8,Day 4,,,,,,,,,,,,,,,Add a new Team Comp as Day 4 - Team Comp 1,A Group,Oguri Cap (Christmas),End Closer,Mid-CM Ace build in Grand Concert scenario,Nakayama Festa,Late Surger,Mid-CM Ace build in Grand Concert scenario,Rice Shower,Pace Chaser,Mid-CM Ace build in Grand Concert scenario,4 Attempts - 20 Races total,9,Finals,,,,,,,,,,,,,,,A Finals,,Re-use Day 4 - Team Comp 2 as Finals Team Comp,,,,,,,,,,https://drive.google.com/open?id=1WtZsbUVM92lAQ8uhXWj20bpg2u51_ZJ-,2nd,No (goes to Submit page),,,,,,,,,,,,,,,,,,,,
9/25/2026 11:29:23,WhiteTinyFins,Graded (No Uma Restrictions),Win A finals,I accept these terms,Day 4,Windows,$1-100,1900,31-45 (roughly 5-6 per day),6-10 (roughly 1 per day),Discord - MooMooCord - https://discord.com/invite/moomoocows,4,,Grass Wonder,End Closer,Debuffer,1,,1,,3,1,,Rice Shower (Halloween),Pace Chaser,Ace built for this CM before CM start in Grand Concert scenario,3,,,,2,1,,Silence Suzuka,Runaway,Blocker/Overtake target/Throwaway/Niche role,1,,1,,3,1,,4 Attempts - 20 Races total,14,Day 2,,,,,,,,,,,,,,Re-use Day 1 - Team Comp 1 as Day 2 - Team Comp 1,,,,,,,,,,4 Attempts - 20 Races total,18,Go to Submit page,,,,,,,,,,,,,,,Re-use Day 2 - Team Comp 1 as Day 3 - Team Comp 1,A Group,,,,,,,,,,4 Attempts - 20 Races total,12,Go to Submit page,,,,,,,,,,,,,,,Re-use Day 3 - Team Comp 1 as Day 4 - Team Comp 1,A Group,,,,,,,,,,4 Attempts - 20 Races total,17,Finals,,,,,,,,,,,,,,,A Finals,,Re-use Day 4 - Team Comp 1 as Finals Team Comp,,,,,,,,,,,1st,,,,,,,,,,,Yes,rice is best daughter,,,,,,,,,
9/21/2026 10:25:58,Plati,Graded (No Uma Restrictions),Get into A finals,I accept these terms,Day 1,"iOS - phone or tablet, Windows",$101-500,,21-30 (roughly 3-4 per day),6-10 (roughly 1 per day),Rather not say,5,,Tokai Teio,End Closer,Ace built for this CM before CM start in Grand Concert scenario,,,,,,,,Nice Nature,End Closer,Debuffer,,,,,,,,Mayano Top Gun (Wedding),End Closer,Debuffer,,,,,,,,4 Attempts - 20 Races total,13,Day 2,,,,,,,,,,,,,,Re-use Day 1 - Team Comp 1 as Day 2 - Team Comp 1,,,,,,,,,,4 Attempts - 20 Races total,11,Go to Submit page,,,,,,,,,,,,,,,,,,,,,,,,,,,,,,,,,,,,,,,,,,,,,,,,,,,,,,,,,,,,,,,,,,,,,,,,,,,,,,,,,,,,,,,,,,,,,,,,,,,,,,,,,
9/25/2026 8:27:32,albhax,Graded (No Uma Restrictions),Get into A finals,I accept these terms,Finals,"iOS - phone or tablet, Windows",$1001-5000,1225,21-30 (roughly 3-4 per day),11-20 (roughly 2-3 per day),Discord - MooMooCord - https://discord.com/invite/moomoocows,4,,Nakayama Festa,Late Surger,Ace built for this CM before CM start in Grand Concert scenario,3,0,0,0,2,1,0,Grass Wonder,Late Surger,Ace built for this CM before CM start in Grand Concert scenario,2,1,0,0,2,1,0,Agnes Tachyon,End Closer,Debuffer,2,,,,4,,,4 Attempts - 20 Races total,15,Day 2,,,,,,,,,,,,,,Re-use Day 1 - Team Comp 1 as Day 2 - Team Comp 1,,,,,,,,,,4 Attempts - 20 Races total,15,Go to Submit page,,,,,,,,,,,,,,,Re-use Day 2 - Team Comp 1 as Day 3 - Team Comp 1,A Group,,,,,,,,,,4 Attempts - 20 Races total,12,Go to Submit page,,,,,,,,,,,,,,,Re-use Day 3 - Team Comp 1 as Day 4 - Team Comp 1,A Group,,,,,,,,,,4 Attempts - 20 Races total,11,Go to Submit page,,,,,,,,,,,,,,,A Finals,8545,Re-use Day 4 - Team Comp 1 as Finals Team Comp,,,,,,,,,,https://drive.google.com/open?id=1GdDndrLAm7QBBdPtFUSNy5ZjOOsFGSzu,1st,,,,,,,,,,,Yes,The Gambler wins her bet!,https://drive.google.com/open?id=18PBJkgnc6wE7aYS2MyblyqtpodRbO7Jc,https://drive.google.com/open?id=1AeVN9onBzz9L__Zc9Zy07uNPIU9nHiLe,,0,8,5,0,0,https://drive.google.com/open?id=1l-Ss4EKGCPEZzFxTt70pPMCKINzFoek2
9/26/2026 9:21:35,Desdomenna,Graded (No Uma Restrictions),Get into A finals,I accept these terms,Day 4,"Android - phone or tablet, Windows, SteamOS - Steam Deck",$101-500,1700,11-20 (roughly 2-3 per day),21-30 (roughly 3-4 per day),"Discord - MooMooCord - https://discord.com/invite/moomoocows, YouTube - MooMooCows - https://www.youtube.com/@MooMooCows",4,,Oguri Cap (Christmas),End Closer,Ace built for this CM before CM start in Grand Concert scenario,2,1,0,0,2,1,0,Eishin Flash (Valentine),Front Runner,Debuffer,,,,,,,,Agnes Tachyon,End Closer,Debuffer,,,,,,,,4 Attempts - 20 Races total,19,Day 2,,,,,,,,,,,,,,Re-use Day 1 - Team Comp 1 as Day 2 - Team Comp 1,,,,,,,,,,4 Attempts - 20 Races total,18,Go to Submit page,,,,,,,,,,,,,,,Re-use Day 2 - Team Comp 1 as Day 3 - Team Comp 1,A Group,,,,,,,,,,4 Attempts - 20 Races total,17,Go to Submit page,,,,,,,,,,,,,,,Re-use Day 3 - Team Comp 1 as Day 4 - Team Comp 1,A Group,,,,,,,,,,4 Attempts - 20 Races total,17,Go to Submit page,,,,,,,,,,,,,,,A Finals,11667,Re-use Day 4 - Team Comp 1 as Finals Team Comp,,,,,,,,,,,1st,,,,,,,,,,,No,,https://drive.google.com/open?id=1VrFfBMpBZFbXf7O97nYNBcYQQAkJfA_R,https://drive.google.com/open?id=1ElmHon6fhb2jsfm1ePQiya4w4JdMwr6p,,3,8,6,0,0,https://drive.google.com/open?id=1P0j1IdVLFavls_MTF8Pg6fD4zphIJRqT
9/25/2026 8:26:52,Fallensyndicate,Graded (No Uma Restrictions),Get into A finals,I accept these terms,Finals,"Android - phone or tablet, Windows",$501-1000,1377,21-30 (roughly 3-4 per day),6-10 (roughly 1 per day),Discord - MooMooCord - https://discord.com/invite/moomoocows,,,Mejiro Palmer,Runaway,Ace built for this CM before CM start in Grand Concert scenario,3,,,,2,1,,Oguri Cap (Christmas),Front Runner,Ace built for this CM before CM start in Grand Concert scenario,3,0,0,0,2,1,0,Seiun Sky,Front Runner,Ace built for this CM before CM start in Grand Concert scenario,3,,,,2,1,,3 Attempts - 15 Races total,11,Day 2,,,,,,,,,,,,,,Re-use Day 1 - Team Comp 1 as Day 2 - Team Comp 1,,,,,,,,,,3 Attempts - 15 Races total,8,Go to Submit page,,,,,,,,,,,,,,,Re-use Day 2 - Team Comp 1 as Day 3 - Team Comp 1,A Group,,,,,,,,,,4 Attempts - 20 Races total,9,Day 4,,,,,,,,,,,,,,,Re-use Day 3 - Team Comp 1 as Day 4 - Team Comp 1,A Group,,,,,,,,,,4 Attempts - 20 Races total,10,Go to Submit page,,,,,,,,,,,,,,,A Finals,9183,Re-use Day 4 - Team Comp 1 as Finals Team Comp,,,,,,,,,,https://drive.google.com/open?id=1ObeSm7Cwkbhuju_pg2I9subfVGrT92wq,1st,,,,,,,,,,,No,,https://drive.google.com/open?id=1S6TMg893SZ_800rJuRgfz_hzJwJz4KTW,https://drive.google.com/open?id=1vgujv5yEJ0enjz96fw2yiq3_xHVgRMy8,,0,0,7,0,5,https://drive.google.com/open?id=1xv7MKXYegv0NjyirlrZsBydh8eaE7b51
9/25/2026 7:06:01,Rhaya,Graded (No Uma Restrictions),Get into A finals,I accept these terms,Finals,Windows,$501-1000,1880,46+ (more than 6 per day),6-10 (roughly 1 per day),Discord - MooMooCord - https://discord.com/invite/moomoocows,4,,Narita Taishin (Steampunk),End Closer,Ace built for this CM before CM start in Grand Concert scenario,3,1,,,1,1,,Symboli Rudolf,Front Runner,Debuffer,,,,,5,1,,Grass Wonder,End Closer,Debuffer,,,,,5,1,,4 Attempts - 20 Races total,12,Day 2,,,,,,,,,,,,,,Re-use Day 1 - Team Comp 1 as Day 2 - Team Comp 1,,,,,,,,,,4 Attempts - 20 Races total,14,Go to Submit page,,,,,,,,,,,,,,,Re-use Day 2 - Team Comp 1 as Day 3 - Team Comp 1,A Group,,,,,,,,,,4 Attempts - 20 Races total,13,Go to Submit page,,,,,,,,,,,,,,,Re-use Day 3 - Team Comp 1 as Day 4 - Team Comp 1,A Group,,,,,,,,,,4 Attempts - 20 Races total,12,Go to Submit page,,,,,,,,,,,,,,,A Finals,10203,Re-use Day 4 - Team Comp 1 as Finals Team Comp,,,,,,,,,,https://drive.google.com/open?id=1ewg8k2FcNPUhBmu8JBsu5fDWGLwURuDt,2nd,No (goes to Submit page),,,,,,,,,,,,,,,,,,,,
9/25/2026 6:13:18,クッキー,Graded (No Uma Restrictions),Win A finals,I accept these terms,Day 4,Windows,$101-500,1574,11-20 (roughly 2-3 per day),6-10 (roughly 1 per day),Discord - MooMooCord - https://discord.com/invite/moomoocows,,,Rice Shower (Halloween),Pace Chaser,Ace built for this CM before CM start in Grand Concert scenario,2,,1,,2,1,,Agnes Tachyon,Pace Chaser,Debuffer,2,2,,,1,1,,Grass Wonder,Late Surger,Debuffer,2,2,,,1,1,,4 Attempts - 20 Races total,12,Day 2,,,,,,,,,,,,,,Add new Team Comp as Day 2 - Team Comp 1,Rice Shower (Halloween),Pace Chaser,Mid-CM Ace build in Grand Concert scenario,Agnes Tachyon,Front Runner,Debuffer,Grass Wonder,Late Surger,Debuffer,4 Attempts - 20 Races total,16,Go to Submit page,,,,,,,,,,,,,,,Re-use Day 2 - Team Comp 1 as Day 3 - Team Comp 1,A Group,,,,,,,,,,4 Attempts - 20 Races total,14,Go to Submit page,,,,,,,,,,,,,,,Re-use Day 3 - Team Comp 1 as Day 4 - Team Comp 1,A Group,,,,,,,,,,4 Attempts - 20 Races total,12,Finals,,,,,,,,,,,,,,,A Finals,9714,Re-use Day 4 - Team Comp 1 as Finals Team Comp,,,,,,,,,,https://drive.google.com/open?id=1BssXfexw5L-3miCaPFC8ykSR8TB4n3At,1st,,,,,,,,,,,Yes,RICE SHOWA POWA,https://drive.google.com/open?id=1ECwFwWSID1r9xKuZuG-x2tC_Eq5Mr4fi,https://drive.google.com/open?id=16ENY8GimAkeea0-sa5HpX-VlZFczl3wW,,3,9,1,3,,https://drive.google.com/open?id=1XF8-ntXuHZxclXxo8FJoVPBbHi2LO-k4
9/22/2026 10:21:28,Benja,Graded (No Uma Restrictions),Win A finals,I accept these terms,Day 3,"Android - phone or tablet, Windows",$101-500,1165,31-45 (roughly 5-6 per day),6-10 (roughly 1 per day),Friend sent me the link,5,,,,,,,,,,,,,,,,,,,,,,,,,,,,,,,,,,,,,,,,,,,,,,,,Add new Team Comp as Day 2 - Team Comp 1,Tamamo Cross,End Closer,Mid-CM Ace build in Grand Concert scenario,Grass Wonder,Late Surger,Debuffer,Symboli Rudolf,Late Surger,Debuffer,3 Attempts - 15 Races total,10,Day 2 - Add 2nd Team,Add new Team Comp as Day 2 - Team Comp 2,Tamamo Cross,End Closer,Mid-CM Ace build in Grand Concert scenario,Nice Nature,Late Surger,Debuffer,Super Creek (Halloween),Late Surger,Debuffer,1 Attempt - 5 Races total,5,2 teams,Go to Submit page,Re-use Day 2 - Team Comp 2 as Day 3 - Team Comp 1,A Group,,,,,,,,,,4 Attempts - 20 Races total,10,Go to Submit page,,,,,,,,,,,,,,,,,,,,,,,,,,,,,,,,,,,,,,,,,,,,,,,,,,,,,,,,,,,,,,,,,,,,,,,,,,,,,
9/25/2026 7:28:11,Nunuchu42,Graded (No Uma Restrictions),Get into A finals,I accept these terms,Finals,Android - phone or tablet,$0,911,21-30 (roughly 3-4 per day),21-30 (roughly 3-4 per day),Discord - MooMooCord - https://discord.com/invite/moomoocows,,,Special Week,Pace Chaser,Ace built for this CM before CM start in Unity Cup scenario,2,,2,,1,1,,Grass Wonder,Late Surger,Ace built for this CM before CM start in Grand Concert scenario,2,,1,,2,1,,Mayano Top Gun,Pace Chaser,Ace built for this CM before CM start in Grand Concert scenario,3,1,,,1,1,,2 Attempts - 10 Races total,6,Day 2,,,,,,,,,,,,,,Add new Team Comp as Day 2 - Team Comp 1,Special Week,Late Surger,Ace built for this CM before CM start in Grand Concert scenario,Grass Wonder,Late Surger,Mid-CM Ace build in Grand Concert scenario,Mayano Top Gun,Pace Chaser,Ace built for this CM before CM start in Grand Concert scenario,2 Attempts - 10 Races total,7,Day 2 - Add 2nd Team,Add new Team Comp as Day 2 - Team Comp 2,Special Week,Late Surger,Ace built for this CM before CM start in Grand Concert scenario,Nice Nature,Late Surger,Debuffer,Mayano Top Gun,Pace Chaser,Ace built for this CM before CM start in Grand Concert scenario,2 Attempts - 10 Races total,9,2 teams,Go to Submit page,Re-use Day 2 - Team Comp 1 as Day 3 - Team Comp 1,A Group,,,,,,,,,,4 Attempts - 20 Races total,13,Go to Submit page,,,,,,,,,,,,,,,Re-use Day 3 - Team Comp 1 as Day 4 - Team Comp 1,A Group,,,,,,,,,,4 Attempts - 20 Races total,9,Go to Submit page,,,,,,,,,,,,,,,A Finals,10695,Re-use Day 4 - Team Comp 1 as Finals Team Comp,,,,,,,,,,https://drive.google.com/open?id=1Av8slE4FI0iHYulX8OBZqXDNI8LPRw1d,2nd,Yes,https://drive.google.com/open?id=1jXYi6RX4DIFfKvsTVcOFyeK6IRGEdSPa,https://drive.google.com/open?id=1BmvAZCuhFBx3M9O73dUH2ee6W_0lXR1S,,3,12,3,,,https://drive.google.com/open?id=1dMFqhsrtX7r_XRJlgbGuqzdLVOO11JDK,,,,,,,,,,,
9/25/2026 5:47:18,giveyouthesquid,Graded (No Uma Restrictions),Get into A finals,I accept these terms,Finals,Windows,$0,745,11-20 (roughly 2-3 per day),0-5 (less than 1 per day),Discord - MooMooCord - https://discord.com/invite/moomoocows,5,,Oguri Cap (Christmas),End Closer,Ace built for this CM before CM start in Grand Concert scenario,2,1,0,0,2,1,0,Agnes Tachyon,Pace Chaser,Debuffer,1,1,0,2,1,1,0,Nice Nature,Late Surger,Debuffer,0,0,0,0,6,0,0,4 Attempts - 20 Races total,10,Day 2,,,,,,,,,,,,,,Re-use Day 1 - Team Comp 1 as Day 2 - Team Comp 1,,,,,,,,,,4 Attempts - 20 Races total,11,Go to Submit page,,,,,,,,,,,,,,,Re-use Day 2 - Team Comp 1 as Day 3 - Team Comp 1,A Group,,,,,,,,,,4 Attempts - 20 Races total,5,Go to Submit page,,,,,,,,,,,,,,,Re-use Day 3 - Team Comp 1 as Day 4 - Team Comp 1,A Group,,,,,,,,,,4 Attempts - 20 Races total,10,Go to Submit page,,,,,,,,,,,,,,,A Finals,9822,Re-use Day 4 - Team Comp 1 as Finals Team Comp,,,,,,,,,,https://drive.google.com/open?id=1rOzoZRJHTmHwn2orjgAitMu3PWqgpjC7,2nd,Yes,,https://drive.google.com/open?id=1CBgfDy_JvhI1YS5MHwqjY5va7uix6fkn,https://drive.google.com/open?id=1DVt5mMKs8dhT1Pi_KsvPPItUm60D1pvg,0,1,2,0,1,https://drive.google.com/open?id=106YL7WPmwKMMyqL2TLOIu746As1J5lb4,,,,,,,,,,,
9/26/2026 1:59:20,zo.official,Graded (No Uma Restrictions),Get into A finals,I accept these terms,Finals,"Android - phone or tablet, Windows",$0,1478,31-45 (roughly 5-6 per day),11-20 (roughly 2-3 per day),Discord - MooMooCord - https://discord.com/invite/moomoocows,5,,Mejiro Palmer,Runaway,Ace built for this CM before CM start in Grand Concert scenario,2,0,1,0,2,1,0,Daiwa Scarlet,Pace Chaser,Ace built for this CM before CM start in Grand Concert scenario,2,0,1,0,2,1,0,Mayano Top Gun,Pace Chaser,Ace built for this CM before CM start in Grand Concert scenario,3,0,1,0,1,1,0,4 Attempts - 20 Races total,14,Day 2,,,,,,,,,,,,,,Re-use Day 1 - Team Comp 1 as Day 2 - Team Comp 1,,,,,,,,,,4 Attempts - 20 Races total,10,Go to Submit page,,,,,,,,,,,,,,,Re-use Day 2 - Team Comp 1 as Day 3 - Team Comp 1,A Group,,,,,,,,,,4 Attempts - 20 Races total,15,Go to Submit page,,,,,,,,,,,,,,,Re-use Day 3 - Team Comp 1 as Day 4 - Team Comp 1,A Group,,,,,,,,,,4 Attempts - 20 Races total,9,Go to Submit page,,,,,,,,,,,,,,,A Finals,7705,Re-use Day 4 - Team Comp 1 as Finals Team Comp,,,,,,,,,,https://drive.google.com/open?id=1PHqOEuErJbWVfnsKhcbjfPEvSbzRZL6T,1st,,,,,,,,,,,Yes,Daiwa Rocket,https://drive.google.com/open?id=1jUhtOSrb78aVl8Zpp6xx9SYzMmAMElWl,https://drive.google.com/open?id=1eofT2183eojoQMgghs8WlcxtiUvVOaox,,0,13,1,0,0,https://drive.google.com/open?id=1dulOx9oowEuMIr-u5vNGrmXWaIOs2XWe
9/25/2026 7:12:32,just me 503,Graded (No Uma Restrictions),Collect participation rewards,I accept these terms,Finals,"iOS - phone or tablet, Windows",$1-100,625,11-20 (roughly 2-3 per day),6-10 (roughly 1 per day),"Discord - MooMooCord - https://discord.com/invite/moomoocows, Twitch - MooMooCows - https://www.twitch.tv/moomoomoocows, YouTube - MooMooCows - https://www.youtube.com/@MooMooCows",4,,Mihono Bourbon (Valentine),Front Runner,Ace built for this CM before CM start in Grand Concert scenario,2,1,,,2,1,,Agnes Tachyon,End Closer,Debuffer,,,,,,,,Grass Wonder,End Closer,Debuffer,,,,,,,,4 Attempts - 20 Races total,8,Day 2,,,,,,,,,,,,,,Re-use Day 1 - Team Comp 1 as Day 2 - Team Comp 1,,,,,,,,,,4 Attempts - 20 Races total,17,Go to Submit page,,,,,,,,,,,,,,,Re-use Day 2 - Team Comp 1 as Day 3 - Team Comp 1,A Group,,,,,,,,,,4 Attempts - 20 Races total,9,Go to Submit page,,,,,,,,,,,,,,,Re-use Day 3 - Team Comp 1 as Day 4 - Team Comp 1,A Group,,,,,,,,,,4 Attempts - 20 Races total,2,Go to Submit page,,,,,,,,,,,,,,,A Finals,4659,Re-use Day 4 - Team Comp 1 as Finals Team Comp,,,,,,,,,,,2nd,No (goes to Submit page),,,,,,,,,,,,,,,,,,,,
9/25/2026 9:46:53,Jikuto,Graded (No Uma Restrictions),Win A finals,I accept these terms,Day 3,"Android - phone or tablet, Windows",$1-100,,11-20 (roughly 2-3 per day),0-5 (less than 1 per day),Discord - MooMooCord - https://discord.com/invite/moomoocows,3,,Oguri Cap (Christmas),End Closer,Ace built for this CM before CM start in Grand Concert scenario,2,1,0,0,2,1,0,Grass Wonder,Front Runner,Debuffer,1,0,0,0,4,1,0,Agnes Tachyon,Late Surger,Debuffer,1,0,0,0,4,1,0,4 Attempts - 20 Races total,18,Day 2,,,,,,,,,,,,,,Re-use Day 1 - Team Comp 1 as Day 2 - Team Comp 1,,,,,,,,,,4 Attempts - 20 Races total,18,Go to Submit page,,,,,,,,,,,,,,,Re-use Day 2 - Team Comp 1 as Day 3 - Team Comp 1,A Group,,,,,,,,,,4 Attempts - 20 Races total,18,Go to Submit page,,,,,,,,,,,,,,,Re-use Day 3 - Team Comp 1 as Day 4 - Team Comp 1,A Group,,,,,,,,,,4 Attempts - 20 Races total,15,Finals,,,,,,,,,,,,,,,A Finals,14590,Re-use Day 4 - Team Comp 1 as Finals Team Comp,,,,,,,,,,,1st,,,,,,,,,,,No,,,,,,,,,,
9/25/2026 14:53:54,Amasuro,Graded (No Uma Restrictions),Win A finals,I accept these terms,Finals,"Android - phone or tablet, Windows",$1-100,1500,0-5 (less than 1 per day),31-45 (roughly 5-6 per day),"Discord - MooMooCord - https://discord.com/invite/moomoocows, YouTube - MooMooCows - https://www.youtube.com/@MooMooCows",5,,Gold City (Festival),Late Surger,Ace built for this CM before CM start in Grand Concert scenario,3,,,,2,1,,Yukino Bijin,Pace Chaser,Ace built for this CM before CM start in Grand Concert scenario,3,,,,2,1,,Fine Motion,Pace Chaser,Ace built for this CM before CM start in Grand Concert scenario,3,1,,,1,1,,4 Attempts - 20 Races total,15,Day 2,,,,,,,,,,,,,,Re-use Day 1 - Team Comp 1 as Day 2 - Team Comp 1,,,,,,,,,,4 Attempts - 20 Races total,13,Go to Submit page,,,,,,,,,,,,,,,Re-use Day 2 - Team Comp 1 as Day 3 - Team Comp 1,A Group,,,,,,,,,,4 Attempts - 20 Races total,10,Go to Submit page,,,,,,,,,,,,,,,Re-use Day 3 - Team Comp 1 as Day 4 - Team Comp 1,A Group,,,,,,,,,,4 Attempts - 20 Races total,10,Go to Submit page,,,,,,,,,,,,,,,A Finals,10836,Re-use Day 4 - Team Comp 1 as Finals Team Comp,,,,,,,,,,https://drive.google.com/open?id=1Zb5Q_yCLaKItgmaLvLa3FCq9id52Y3CJ,2nd,No (goes to Submit page),,,,,,,,,,,,,,,,,,,,
9/25/2026 8:47:51,Alyssa,Graded (No Uma Restrictions),Win A finals,I accept these terms,Day 4,Windows,$101-500,,21-30 (roughly 3-4 per day),0-5 (less than 1 per day),Discord - MooMooCord - https://discord.com/invite/moomoocows,5,,Oguri Cap (Christmas),End Closer,Ace built for this CM before CM start in Grand Concert scenario,2,1,0,0,2,1,,Mayano Top Gun (Wedding),Late Surger,Debuffer,,,,,,,,Nice Nature,Late Surger,Debuffer,,,,,,,,4 Attempts - 20 Races total,17,Day 2,,,,,,,,,,,,,,Re-use Day 1 - Team Comp 1 as Day 2 - Team Comp 1,,,,,,,,,,4 Attempts - 20 Races total,17,Go to Submit page,,,,,,,,,,,,,,,Re-use Day 2 - Team Comp 1 as Day 3 - Team Comp 1,A Group,,,,,,,,,,4 Attempts - 20 Races total,18,Go to Submit page,,,,,,,,,,,,,,,Re-use Day 3 - Team Comp 1 as Day 4 - Team Comp 1,A Group,,,,,,,,,,4 Attempts - 20 Races total,16,Finals,,,,,,,,,,,,,,,A Finals,9386,Re-use Day 4 - Team Comp 1 as Finals Team Comp,,,,,,,,,,,1st,,,,,,,,,,,No,,,,,,,,,,
9/23/2026 9:59:00,FrustratedGrunt,Graded (No Uma Restrictions),Get into A finals,I accept these terms,Day 3,Android - phone or tablet,$101-500,1188,11-20 (roughly 2-3 per day),6-10 (roughly 1 per day),,,,El Condor Pasa (Fantasy),Late Surger,Ace built for this CM before CM start in Grand Concert scenario,3,0,,,2,1,,T.M. Opera O (New Year),Late Surger,Ace built for this CM before CM start in Grand Concert scenario,3,,,,2,1,,Mejiro Dober,Late Surger,Ace built for this CM before CM start in Grand Concert scenario,2,1,,,2,1,,4 Attempts - 20 Races total,6,Day 2,,,,,,,,,,,,,,Re-use Day 1 - Team Comp 1 as Day 2 - Team Comp 1,,,,,,,,,,4 Attempts - 20 Races total,13,Go to Submit page,,,,,,,,,,,,,,,Re-use Day 2 - Team Comp 1 as Day 3 - Team Comp 1,A Group,,,,,,,,,,4 Attempts - 20 Races total,5,Day 4,,,,,,,,,,,,,,,Re-use Day 3 - Team Comp 1 as Day 4 - Team Comp 1,A Group,,,,,,,,,,4 Attempts - 20 Races total,5,Go to Submit page,,,,,,,,,,,,,,,,,,,,,,,,,,,,,,,,,,,,,,,,,,,,,,,,,
9/25/2026 16:55:58,Akranite,Graded (No Uma Restrictions),Win A finals,I accept these terms,Finals,"Android - phone or tablet, Windows",$1001-5000,1324,31-45 (roughly 5-6 per day),11-20 (roughly 2-3 per day),"Discord - MooMooCord - https://discord.com/invite/moomoocows, Twitch - MooMooCows - https://www.twitch.tv/moomoomoocows, YouTube - MooMooCows - https://www.youtube.com/@MooMooCows",5,,Oguri Cap (Christmas),End Closer,Ace built for this CM before CM start in Grand Concert scenario,2,1,0,0,2,1,0,Agnes Tachyon,End Closer,Debuffer,1,0,1,0,3,1,0,Grass Wonder,End Closer,Debuffer,1,0,1,0,3,1,0,4 Attempts - 20 Races total,17,Go to Submit page,,,,,,,,,,,,,,Re-use Day 1 - Team Comp 1 as Day 2 - Team Comp 1,,,,,,,,,,4 Attempts - 20 Races total,15,Go to Submit page,,,,,,,,,,,,,,,Re-use Day 2 - Team Comp 1 as Day 3 - Team Comp 1,A Group,,,,,,,,,,4 Attempts - 20 Races total,15,Go to Submit page,,,,,,,,,,,,,,,Re-use Day 3 - Team Comp 1 as Day 4 - Team Comp 1,A Group,,,,,,,,,,4 Attempts - 20 Races total,14,Go to Submit page,,,,,,,,,,,,,,,A Finals,11161,Re-use Day 4 - Team Comp 1 as Finals Team Comp,,,,,,,,,,https://drive.google.com/open?id=17AuslPPcgJIWLsuCL4zB8tKjicHrqVHN,1st,,,,,,,,,,,No,,https://drive.google.com/open?id=1ZZKkoTutlORmrnBgy-WNF9YZYKUY_esg,https://drive.google.com/open?id=1LJyQfZsPoXq7U4Kr7q5mKGvBEpmOTBpA,,1,14,0,0,0,https://drive.google.com/open?id=1bnLljcaUoCCuSfAycAUJYWsAQmmN-da4
9/25/2026 19:30:46,jijin,Graded (No Uma Restrictions),Win A finals,I accept these terms,Finals,iOS - phone or tablet,$501-1000,1464,11-20 (roughly 2-3 per day),6-10 (roughly 1 per day),"Discord - MooMooCord - https://discord.com/invite/moomoocows, Twitch - MooMooCows - https://www.twitch.tv/moomoomoocows, YouTube - MooMooCows - https://www.youtube.com/@MooMooCows",,,Seiun Sky,Front Runner,Ace built for this CM before CM start in Grand Concert scenario,3,,,,2,,,Oguri Cap (Christmas),Pace Chaser,Ace built for this CM before CM start in Grand Concert scenario,3,,,,1,,,Nice Nature,Late Surger,Debuffer,,3,1,,2,,,2 Attempts - 10 Races total,7,Day 1 - Add 2nd Team,Seiun Sky,Front Runner,Ace built for this CM before CM start in Grand Concert scenario,Oguri Cap (Christmas),Pace Chaser,Ace built for this CM before CM start in Grand Concert scenario,Grass Wonder,Late Surger,Debuffer,1 Attempt - 5 Races total,4,2 teams,Go to Submit page,Add new Team Comp as Day 2 - Team Comp 1,Seiun Sky,Front Runner,Ace built for this CM before CM start in Grand Concert scenario,Oguri Cap (Christmas),Pace Chaser,Ace built for this CM before CM start in Grand Concert scenario,Grass Wonder,End Closer,Debuffer,4 Attempts - 20 Races total,18,Go to Submit page,,,,,,,,,,,,,,,Re-use Day 2 - Team Comp 1 as Day 3 - Team Comp 1,A Group,,,,,,,,,,4 Attempts - 20 Races total,15,Go to Submit page,,,,,,,,,,,,,,,Re-use Day 3 - Team Comp 1 as Day 4 - Team Comp 1,A Group,,,,,,,,,,4 Attempts - 20 Races total,12,Go to Submit page,,,,,,,,,,,,,,,A Finals,14509,Re-use Day 4 - Team Comp 1 as Finals Team Comp,,,,,,,,,,https://drive.google.com/open?id=1VmcQ5ZZptFP-UNw1_CO42efWtY_Ydqoq,2nd,No (goes to Submit page),,,,,,,,,,,,,,,,,,,,
9/25/2026 10:19:35,books,Graded (No Uma Restrictions),Win A finals,I accept these terms,Day 4,,$0,1625,0-5 (less than 1 per day),31-45 (roughly 5-6 per day),Discord - MooMooCord - https://discord.com/invite/moomoocows,,,Oguri Cap (Christmas),Pace Chaser,Ace built for this CM before CM start in Grand Concert scenario,3,0,0,0,2,1,0,Agnes Tachyon,Late Surger,Debuffer,,,,,,,,Grass Wonder,Late Surger,Debuffer,,,,,,,,4 Attempts - 20 Races total,18,Day 2,,,,,,,,,,,,,,Re-use Day 1 - Team Comp 1 as Day 2 - Team Comp 1,,,,,,,,,,4 Attempts - 20 Races total,18,Go to Submit page,,,,,,,,,,,,,,,Re-use Day 2 - Team Comp 1 as Day 3 - Team Comp 1,A Group,,,,,,,,,,4 Attempts - 20 Races total,14,Go to Submit page,,,,,,,,,,,,,,,Re-use Day 3 - Team Comp 1 as Day 4 - Team Comp 1,A Group,,,,,,,,,,4 Attempts - 20 Races total,16,Go to Submit page,,,,,,,,,,,,,,,A Finals,,Re-use Day 4 - Team Comp 1 as Finals Team Comp,,,,,,,,,,https://drive.google.com/open?id=1A4XfWTwOPLmc0wvlxdmQBcwfd4zIKf0m,1st,,,,,,,,,,,No,,,,,,,,,,
9/25/2026 9:15:27,Meghanet,Graded (No Uma Restrictions),Win A finals,I accept these terms,Finals,"iOS - phone or tablet, Windows",$501-1000,1285,31-45 (roughly 5-6 per day),6-10 (roughly 1 per day),Discord - MooMooCord - https://discord.com/invite/moomoocows,5,,Rice Shower (Halloween),Pace Chaser,Ace built for this CM before CM start in Grand Concert scenario,3,,,,2,1,,Fine Motion,Pace Chaser,Ace built for this CM before CM start in Grand Concert scenario,3,,,,2,1,,Grass Wonder,Late Surger,Debuffer,1,,1,,3,1,,4 Attempts - 20 Races total,16,Day 2,,,,,,,,,,,,,,Re-use Day 1 - Team Comp 1 as Day 2 - Team Comp 1,,,,,,,,,,4 Attempts - 20 Races total,11,Go to Submit page,,,,,,,,,,,,,,,Re-use Day 2 - Team Comp 1 as Day 3 - Team Comp 1,A Group,,,,,,,,,,4 Attempts - 20 Races total,8,Go to Submit page,,,,,,,,,,,,,,,Re-use Day 3 - Team Comp 1 as Day 4 - Team Comp 1,A Group,,,,,,,,,,4 Attempts - 20 Races total,14,Go to Submit page,,,,,,,,,,,,,,,A Finals,9169,Add new Team Comp as Finals Team Comp,Rice Shower (Halloween),Pace Chaser,Ace built for this CM before CM start in Grand Concert scenario,Eishin Flash (Valentine),Late Surger,Debuffer,Grass Wonder,Late Surger,Debuffer,https://drive.google.com/open?id=1KojN2kNWTPYO2DZmRTsLdSm1hV1KPDk6,1st,,,,,,,,,,,Yes,Another Oguri CM slain by the hands of Rice!,https://drive.google.com/open?id=1YPFtpax23lWUZMeOpsYW9BUa3ZPbr2nK,https://drive.google.com/open?id=1sD1qf-OG0HWTY5Eo28nieK-FCRzcsKKi,,0,12,1,,1,https://drive.google.com/open?id=1zA9xvQGQYL5oxei1__5dr69Kgkj5fqXP
9/23/2026 10:00:40,HohoHaha,Graded (No Uma Restrictions),Get into A finals,I accept these terms,Day 3,"Android - phone or tablet, Windows",$501-1000,1745,21-30 (roughly 3-4 per day),0-5 (less than 1 per day),Discord - MooMooCord - https://discord.com/invite/moomoocows,4,,Rice Shower (Halloween),Pace Chaser,Ace built for this CM before CM start in Grand Concert scenario,3,,,,2,1,,Nice Nature (Cheerleader),Late Surger,Ace built for this CM before CM start in Grand Concert scenario,3,1,,,1,1,,Grass Wonder,Late Surger,Ace built for this CM before CM start in Grand Concert scenario,2,1,,,2,1,,4 Attempts - 20 Races total,16,Day 2,,,,,,,,,,,,,,Re-use Day 1 - Team Comp 1 as Day 2 - Team Comp 1,,,,,,,,,,4 Attempts - 20 Races total,18,Go to Submit page,,,,,,,,,,,,,,,Re-use Day 2 - Team Comp 1 as Day 3 - Team Comp 1,A Group,,,,,,,,,,4 Attempts - 20 Races total,10,Day 4,,,,,,,,,,,,,,,Re-use Day 3 - Team Comp 1 as Day 4 - Team Comp 1,A Group,,,,,,,,,,4 Attempts - 20 Races total,14,Go to Submit page,,,,,,,,,,,,,,,,,,,,,,,,,,,,,,,,,,,,,,,,,,,,,,,,,
9/25/2026 10:18:41,Barrel,Graded (No Uma Restrictions),Get into A finals,I accept these terms,Finals,"Android - phone or tablet, Windows",$1-100,,31-45 (roughly 5-6 per day),,Discord - MooMooCord - https://discord.com/invite/moomoocows,5,,Rice Shower (Halloween),Pace Chaser,Ace built for this CM before CM start in Grand Concert scenario,3,0,0,0,2,1,0,Narita Taishin (Steampunk),End Closer,Ace built for this CM before CM start in Grand Concert scenario,2,1,0,0,2,1,0,Grass Wonder,Late Surger,Debuffer,,,,,,,,4 Attempts - 20 Races total,13,Day 2,,,,,,,,,,,,,,Re-use Day 1 - Team Comp 1 as Day 2 - Team Comp 1,,,,,,,,,,4 Attempts - 20 Races total,11,Go to Submit page,,,,,,,,,,,,,,,Re-use Day 2 - Team Comp 1 as Day 3 - Team Comp 1,A Group,,,,,,,,,,4 Attempts - 20 Races total,9,Go to Submit page,,,,,,,,,,,,,,,Re-use Day 3 - Team Comp 1 as Day 4 - Team Comp 1,A Group,,,,,,,,,,4 Attempts - 20 Races total,12,Go to Submit page,,,,,,,,,,,,,,,A Finals,,Re-use Day 4 - Team Comp 1 as Finals Team Comp,,,,,,,,,,https://drive.google.com/open?id=1IwJFXOmCw1R13y5QZpKqJFeurROIbqF_,2nd,No (goes to Submit page),,,,,,,,,,,,,,,,,,,,
9/25/2026 18:55:33,Eligibility,Graded (No Uma Restrictions),Get into A finals,I accept these terms,Finals,Android - phone or tablet,$0,1295,0-5 (less than 1 per day),31-45 (roughly 5-6 per day),Discord - MooMooCord - https://discord.com/invite/moomoocows,5,,Agnes Digital,Late Surger,Ace built for this CM before CM start in Grand Concert scenario,2,1,,,2,1,,Mihono Bourbon,Front Runner,Ace built for this CM before CM start in Grand Concert scenario,3,1,,,1,1,,Silence Suzuka,Runaway,Blocker/Overtake target/Throwaway/Niche role,2,1,,,2,1,,4 Attempts - 20 Races total,10,Day 2,,,,,,,,,,,,,,Re-use Day 1 - Team Comp 1 as Day 2 - Team Comp 1,,,,,,,,,,4 Attempts - 20 Races total,6,Go to Submit page,,,,,,,,,,,,,,,Re-use Day 2 - Team Comp 1 as Day 3 - Team Comp 1,A Group,,,,,,,,,,3 Attempts - 15 Races total,4,Day 3 - Add 2nd Team,Add new Team Comp as Day 3 - Team Comp 2,Mihono Bourbon,Front Runner,Ace built for this CM before CM start in Grand Concert scenario,Silence Suzuka,Runaway,Blocker/Overtake target/Throwaway/Niche role,Agnes Tachyon,Late Surger,Debuffer,1 Attempt - 5 Races total,1,2 teams,Go to Submit page,Add a new Team Comp as Day 4 - Team Comp 1,A Group,Mihono Bourbon,Front Runner,Ace built for this CM before CM start in Grand Concert scenario,Silence Suzuka,Runaway,Blocker/Overtake target/Throwaway/Niche role,Nice Nature,Late Surger,Debuffer,4 Attempts - 20 Races total,9,Go to Submit page,,,,,,,,,,,,,,,A Finals,4521,Re-use Day 4 - Team Comp 1 as Finals Team Comp,,,,,,,,,,,2nd,No (goes to Submit page),,,,,,,,,,,,,,,,,,,,
9/26/2026 2:39:03,QuietTsan,Graded (No Uma Restrictions),Get into A finals,I accept these terms,Day 1,"Android - phone or tablet, Linux",$0,,11-20 (roughly 2-3 per day),0-5 (less than 1 per day),Discord - MooMooCord - https://discord.com/invite/moomoocows,5,,Mihono Bourbon (Valentine),Front Runner,Ace built for this CM before CM start in Grand Concert scenario,3,1,0,0,1,1,0,Seiun Sky,Front Runner,Ace built for this CM before CM start in Grand Concert scenario,3,0,0,0,2,1,0,Oguri Cap (Christmas),End Closer,Ace built for this CM before CM start in Grand Concert scenario,2,0,0,0,3,1,0,4 Attempts - 20 Races total,7,Day 2,,,,,,,,,,,,,,Re-use Day 1 - Team Comp 1 as Day 2 - Team Comp 1,,,,,,,,,,4 Attempts - 20 Races total,9,Day 3,,,,,,,,,,,,,,,Re-use Day 2 - Team Comp 1 as Day 3 - Team Comp 1,A Group,,,,,,,,,,4 Attempts - 20 Races total,9,Day 4,,,,,,,,,,,,,,,Re-use Day 3 - Team Comp 1 as Day 4 - Team Comp 1,A Group,,,,,,,,,,4 Attempts - 20 Races total,6,Finals,,,,,,,,,,,,,,,A Finals,9212,Re-use Day 4 - Team Comp 1 as Finals Team Comp,,,,,,,,,,,3rd,No (goes to Submit page),,,,,,,,,,,,,,,,,,,,
9/23/2026 18:17:20,tamatama,Graded (No Uma Restrictions),Get into A finals,I accept these terms,Day 4,"Android - phone or tablet, Windows",$1-100,,21-30 (roughly 3-4 per day),11-20 (roughly 2-3 per day),"Discord - MooMooCord - https://discord.com/invite/moomoocows, Twitch - MooMooCows - https://www.twitch.tv/moomoomoocows, YouTube - MooMooCows - https://www.youtube.com/@MooMooCows",5,,Oguri Cap (Christmas),End Closer,Ace built for this CM before CM start in Grand Concert scenario,3,,,,2,1,,Agnes Tachyon,Late Surger,Debuffer,,,,,,,,Grass Wonder,Late Surger,Debuffer,,,,,,,,4 Attempts - 20 Races total,15,Day 2,,,,,,,,,,,,,,Re-use Day 1 - Team Comp 1 as Day 2 - Team Comp 1,,,,,,,,,,4 Attempts - 20 Races total,16,Go to Submit page,,,,,,,,,,,,,,,Re-use Day 2 - Team Comp 1 as Day 3 - Team Comp 1,A Group,,,,,,,,,,4 Attempts - 20 Races total,15,Go to Submit page,,,,,,,,,,,,,,,Re-use Day 3 - Team Comp 1 as Day 4 - Team Comp 1,A Group,,,,,,,,,,4 Attempts - 20 Races total,14,Go to Submit page,,,,,,,,,,,,,,,,,,,,,,,,,,,,,,,,,,,,,,,,,,,,,,,,,
9/23/2026 14:20:42,Tri,Graded (No Uma Restrictions),Win A finals,I accept these terms,Day 4,Android - phone or tablet,$1001-5000,1018,11-20 (roughly 2-3 per day),11-20 (roughly 2-3 per day),YouTube - MooMooCows - https://www.youtube.com/@MooMooCows,,,Yukino Bijin,Pace Chaser,Ace built for this CM before CM start in Grand Concert scenario,3,1,0,0,2,0,0,Super Creek (Halloween),Front Runner,Debuffer,1,0,1,0,3,1,0,Nice Nature,Late Surger,Debuffer,0,0,1,1,3,1,0,4 Attempts - 20 Races total,15,Day 2,,,,,,,,,,,,,,Re-use Day 1 - Team Comp 1 as Day 2 - Team Comp 1,,,,,,,,,,4 Attempts - 20 Races total,17,Go to Submit page,,,,,,,,,,,,,,,Re-use Day 2 - Team Comp 1 as Day 3 - Team Comp 1,A Group,,,,,,,,,,4 Attempts - 20 Races total,15,Go to Submit page,,,,,,,,,,,,,,,Re-use Day 3 - Team Comp 1 as Day 4 - Team Comp 1,A Group,,,,,,,,,,4 Attempts - 20 Races total,13,Go to Submit page,,,,,,,,,,,,,,,,,,,,,,,,,,,,,,,,,,,,,,,,,,,,,,,,,
9/25/2026 5:55:18,Bluphph,Graded (No Uma Restrictions),Get into A finals,I accept these terms,Finals,Android - phone or tablet,Rather not say,,,,Friend sent me the link,4,,Nakayama Festa,Late Surger,Ace built for this CM before CM start in Grand Concert scenario,3,0,0,0,2,1,0,Oguri Cap (Christmas),Pace Chaser,Ace built for this CM before CM start in Grand Concert scenario,,,,,,,,Matikanetannhauser,Late Surger,Ace built for this CM before CM start in Grand Concert scenario,3,0,0,0,2,1,0,4 Attempts - 20 Races total,13,Day 2,,,,,,,,,,,,,,Re-use Day 1 - Team Comp 1 as Day 2 - Team Comp 1,,,,,,,,,,4 Attempts - 20 Races total,15,Go to Submit page,,,,,,,,,,,,,,,Re-use Day 2 - Team Comp 1 as Day 3 - Team Comp 1,A Group,,,,,,,,,,4 Attempts - 20 Races total,11,Go to Submit page,,,,,,,,,,,,,,,Re-use Day 3 - Team Comp 1 as Day 4 - Team Comp 1,A Group,,,,,,,,,,4 Attempts - 20 Races total,12,Go to Submit page,,,,,,,,,,,,,,,A Finals,,Re-use Day 4 - Team Comp 1 as Finals Team Comp,,,,,,,,,,https://drive.google.com/open?id=13HM4JziJRLaibEDcNAYQF4NbjqvR6kFv,1st,,,,,,,,,,,Yes,LET IT RIDEEEE,https://drive.google.com/open?id=14-XYVsnWZL5nIaT0sAJXV-DAgCJN-55q,https://drive.google.com/open?id=1yuYj1FtZVXZtAQHMRpZat7Da8LANI3c7,,0,12,5,0,0,https://drive.google.com/open?id=1bu1RIgdX8_euCK2EQjaqs6VK-fdKgsQ8
9/25/2026 14:04:12,Dementia,Graded (No Uma Restrictions),Win A finals,I accept these terms,Day 3,Windows,$1-100,2304,46+ (more than 6 per day),11-20 (roughly 2-3 per day),,4,,Tamamo Cross (Festival),Pace Chaser,Ace built for this CM before CM start in Grand Concert scenario,2,1,0,0,2,1,0,Oguri Cap (Christmas),End Closer,Ace built for this CM before CM start in Grand Concert scenario,3,0,0,0,2,1,0,Agnes Tachyon,Late Surger,Debuffer,,,,,,,,4 Attempts - 20 Races total,20,Day 2,,,,,,,,,,,,,,Re-use Day 1 - Team Comp 1 as Day 2 - Team Comp 1,,,,,,,,,,4 Attempts - 20 Races total,20,Go to Submit page,,,,,,,,,,,,,,,Re-use Day 2 - Team Comp 1 as Day 3 - Team Comp 1,A Group,,,,,,,,,,4 Attempts - 20 Races total,14,Day 4,,,,,,,,,,,,,,,Re-use Day 3 - Team Comp 1 as Day 4 - Team Comp 1,A Group,,,,,,,,,,4 Attempts - 20 Races total,14,Finals,,,,,,,,,,,,,,,A Finals,12027,Re-use Day 4 - Team Comp 1 as Finals Team Comp,,,,,,,,,,,1st,,,,,,,,,,,No,,,,,,,,,,
9/25/2026 12:19:59,BonkChoy,Graded (No Uma Restrictions),Win A finals,I accept these terms,Finals,"Android - phone or tablet, Windows",$501-1000,2121,31-45 (roughly 5-6 per day),31-45 (roughly 5-6 per day),"Twitch - MooMooCows - https://www.twitch.tv/moomoomoocows, YouTube - MooMooCows - https://www.youtube.com/@MooMooCows",,,Oguri Cap (Christmas),Pace Chaser,Ace built for this CM before CM start in Grand Concert scenario,3,0,0,0,2,1,0,Eishin Flash (Valentine),End Closer,Debuffer,1,1,0,0,3,1,0,Grass Wonder,End Closer,Debuffer,1,0,0,0,4,1,0,4 Attempts - 20 Races total,12,Day 2,,,,,,,,,,,,,,Add new Team Comp as Day 2 - Team Comp 1,Oguri Cap (Christmas),Pace Chaser,Mid-CM Ace build in Grand Concert scenario,Eishin Flash (Valentine),End Closer,Debuffer,Grass Wonder,End Closer,Debuffer,4 Attempts - 20 Races total,15,Go to Submit page,,,,,,,,,,,,,,,Re-use Day 2 - Team Comp 2 as Day 3 - Team Comp 1,A Group,,,,,,,,,,4 Attempts - 20 Races total,8,Day 4,,,,,,,,,,,,,,,Re-use Day 3 - Team Comp 1 as Day 4 - Team Comp 1,A Group,,,,,,,,,,4 Attempts - 20 Races total,12,Go to Submit page,,,,,,,,,,,,,,,A Finals,11851,Re-use Day 4 - Team Comp 1 as Finals Team Comp,,,,,,,,,,https://drive.google.com/open?id=1gXdKz50KT7riyS7HrY3RcAydlrOfibVL,1st,,,,,,,,,,,No,,https://drive.google.com/open?id=15xOO76YAmaDWPcxwgmoR0qoVwuJ8Yp9v,https://drive.google.com/open?id=1sYIJzHYo75nUcqSPBb_PgG7nXMVla8vh,,2,11,2,0,0,https://drive.google.com/open?id=1zt7iunsn_GQN-KbdUE9gH8mAsBFSwgqU
9/26/2026 9:02:34,Dolphinscry,Graded (No Uma Restrictions),Get into A finals,I accept these terms,Day 2,"Android - phone or tablet, Windows",$1001-5000,,0-5 (less than 1 per day),6-10 (roughly 1 per day),"Discord - MooMooCord - https://discord.com/invite/moomoocows, Twitch - MooMooCows - https://www.twitch.tv/moomoomoocows, YouTube - MooMooCows - https://www.youtube.com/@MooMooCows",5,,Agnes Digital (Halloween),Late Surger,Ace built for this CM before CM start in Grand Concert scenario,2,0,1,,2,1,,Mejiro McQueen (Summer),Pace Chaser,Ace built for this CM before CM start in Grand Concert scenario,2,0,1,0,2,0,0,Gold Ship,End Closer,Ace built for this CM before CM start in Grand Concert scenario,2,0,1,0,2,1,0,4 Attempts - 20 Races total,10,Day 2,,,,,,,,,,,,,,Re-use Day 1 - Team Comp 1 as Day 2 - Team Comp 1,,,,,,,,,,4 Attempts - 20 Races total,9,Day 3,,,,,,,,,,,,,,,Re-use Day 2 - Team Comp 1 as Day 3 - Team Comp 1,A Group,,,,,,,,,,4 Attempts - 20 Races total,5,Day 4,,,,,,,,,,,,,,,Re-use Day 3 - Team Comp 1 as Day 4 - Team Comp 1,A Group,,,,,,,,,,4 Attempts - 20 Races total,7,Finals,,,,,,,,,,,,,,,A Finals,,Re-use Day 4 - Team Comp 1 as Finals Team Comp,,,,,,,,,,,3rd,No (goes to Submit page),,,,,,,,,,,,,,,,,,,,
9/25/2026 13:34:55,Auregam,Graded (No Uma Restrictions),Collect participation rewards,I accept these terms,Finals,Windows,$0,,11-20 (roughly 2-3 per day),0-5 (less than 1 per day),YouTube - MooMooCows - https://www.youtube.com/@MooMooCows,,,Narita Taishin,End Closer,Ace built for this CM before CM start in Grand Concert scenario,3,0,0,0,2,1,0,Grass Wonder,Late Surger,Debuffer,2,1,0,0,2,1,0,Symboli Rudolf,Pace Chaser,Debuffer,2,1,0,0,2,1,0,2 Attempts - 10 Races total,3,Day 1 - Add 2nd Team,Narita Taishin,End Closer,Ace built for this CM before CM start in Grand Concert scenario,Grass Wonder,Late Surger,Debuffer,Symboli Rudolf (Festival),Pace Chaser,Mid-CM Ace build in Grand Concert scenario,2 Attempts - 10 Races total,4,2 teams,Day 2,Re-use Day 1 - Team Comp 2 as Day 2 - Team Comp 1,,,,,,,,,,4 Attempts - 20 Races total,4,Go to Submit page,,,,,,,,,,,,,,,Re-use Day 2 - Team Comp 1 as Day 3 - Team Comp 1,A Group,,,,,,,,,,3 Attempts - 15 Races total,2,Day 4,,,,,,,,,,,,,,,Re-use Day 3 - Team Comp 1 as Day 4 - Team Comp 1,A Group,,,,,,,,,,4 Attempts - 20 Races total,2,Go to Submit page,,,,,,,,,,,,,,,B Finals,3682,Re-use Day 4 - Team Comp 1 as Finals Team Comp,,,,,,,,,,https://drive.google.com/open?id=18vueAo0qFCY518RkRZp7a0xnErlk-Z6O,3rd,Yes,https://drive.google.com/open?id=1kMQmnXquJvJR07jqBwIRdl4ICsWtzu54,https://drive.google.com/open?id=10QAQrmHZS8eXH9c7FK6Ovf09pJEnDs_K,,0,17,0,0,0,https://drive.google.com/open?id=1WWCHXFZOTY9EzgSeZe6Ycu50-JKppolW,,,,,,,,,,,
9/22/2026 17:28:54,Lily,Graded (No Uma Restrictions),Get into A finals,I accept these terms,Day 3,Windows,$101-500,,,,,,,Mihono Bourbon,Front Runner,Ace built for this CM before CM start in Grand Concert scenario,2,1,0,0,2,1,0,Oguri Cap (Christmas),Pace Chaser,Ace built for this CM before CM start in Grand Concert scenario,2,1,0,0,2,1,0,Seiun Sky,Front Runner,Ace built for this CM before CM start in Grand Concert scenario,2,1,0,0,2,1,0,4 Attempts - 20 Races total,12,Day 2,,,,,,,,,,,,,,Re-use Day 1 - Team Comp 1 as Day 2 - Team Comp 1,,,,,,,,,,4 Attempts - 20 Races total,13,Go to Submit page,,,,,,,,,,,,,,,Re-use Day 2 - Team Comp 1 as Day 3 - Team Comp 1,A Group,,,,,,,,,,4 Attempts - 20 Races total,10,Go to Submit page,,,,,,,,,,,,,,,,,,,,,,,,,,,,,,,,,,,,,,,,,,,,,,,,,,,,,,,,,,,,,,,,,,,,,,,,,,,,,
9/25/2026 14:22:40,Mono,Graded (No Uma Restrictions),Get into A finals,I accept these terms,Finals,,$1-100,2697,46+ (more than 6 per day),11-20 (roughly 2-3 per day),,,,Oguri Cap (Christmas),End Closer,Ace built for this CM before CM start in Grand Concert scenario,2,,1,,2,1,,Fine Motion,Pace Chaser,Ace built for this CM before CM start in Grand Concert scenario,3,0,,,2,1,,Rice Shower,Pace Chaser,Ace built for this CM before CM start in Grand Concert scenario,3,,,,2,1,,4 Attempts - 20 Races total,15,Day 2,,,,,,,,,,,,,,Re-use Day 1 - Team Comp 1 as Day 2 - Team Comp 1,,,,,,,,,,4 Attempts - 20 Races total,17,Go to Submit page,,,,,,,,,,,,,,,Re-use Day 2 - Team Comp 1 as Day 3 - Team Comp 1,A Group,,,,,,,,,,4 Attempts - 20 Races total,13,Day 4,,,,,,,,,,,,,,,Re-use Day 3 - Team Comp 1 as Day 4 - Team Comp 1,A Group,,,,,,,,,,4 Attempts - 20 Races total,9,Go to Submit page,,,,,,,,,,,,,,,A Finals,14643,Re-use Day 4 - Team Comp 1 as Finals Team Comp,,,,,,,,,,,2nd,No (goes to Submit page),,,,,,,,,,,,,,,,,,,,
9/25/2026 8:41:16,matrydimn2,Graded (No Uma Restrictions),Get into A finals,I accept these terms,Finals,Windows,$101-500,513,6-10 (roughly 1 per day),11-20 (roughly 2-3 per day),"Discord - MooMooCord - https://discord.com/invite/moomoocows, YouTube - MooMooCows - https://www.youtube.com/@MooMooCows",,,Mihono Bourbon (Valentine),Front Runner,Ace built for this CM before CM start in Grand Concert scenario,3,,,,2,1,,Kitasan Black,Front Runner,Ace built for this CM before CM start in Grand Concert scenario,3,0,,,2,1,,Seiun Sky,Front Runner,Ace built for this CM before CM start in Grand Concert scenario,3,,,,2,1,,0 Attempts - 0 Races total,0,Day 2,,,,,,,,,,,,,,Re-use Day 1 - Team Comp 1 as Day 2 - Team Comp 1,,,,,,,,,,4 Attempts - 20 Races total,8,Go to Submit page,,,,,,,,,,,,,,,Re-use Day 2 - Team Comp 1 as Day 3 - Team Comp 1,A Group,,,,,,,,,,4 Attempts - 20 Races total,4,Go to Submit page,,,,,,,,,,,,,,,Re-use Day 3 - Team Comp 1 as Day 4 - Team Comp 1,A Group,,,,,,,,,,4 Attempts - 20 Races total,4,Go to Submit page,,,,,,,,,,,,,,,A Finals,8918,Re-use Day 4 - Team Comp 1 as Finals Team Comp,,,,,,,,,,https://drive.google.com/open?id=1AG-B-w71qGf8hV-DPLdaSrTEKhgWHHC7,2nd,No (goes to Submit page),,,,,,,,,,,,,,,,,,,,
9/25/2026 18:55:33,ran5z,Graded (No Uma Restrictions),Win A finals,I accept these terms,Finals,,$501-1000,2043,46+ (more than 6 per day),11-20 (roughly 2-3 per day),"Discord - MooMooCord - https://discord.com/invite/moomoocows, YouTube - MooMooCows - https://www.youtube.com/@MooMooCows",,,Special Week (Summer),Pace Chaser,Ace built for this CM before CM start in Grand Concert scenario,3,,,,2,1,,Silence Suzuka,Runaway,Debuffer,,,,,,,,Grass Wonder,End Closer,Debuffer,,,,,,,,4 Attempts - 20 Races total,17,Day 2,,,,,,,,,,,,,,Re-use Day 1 - Team Comp 1 as Day 2 - Team Comp 1,,,,,,,,,,4 Attempts - 20 Races total,17,Go to Submit page,,,,,,,,,,,,,,,Re-use Day 2 - Team Comp 1 as Day 3 - Team Comp 1,A Group,,,,,,,,,,4 Attempts - 20 Races total,18,Go to Submit page,,,,,,,,,,,,,,,Re-use Day 3 - Team Comp 1 as Day 4 - Team Comp 1,A Group,,,,,,,,,,4 Attempts - 20 Races total,17,Go to Submit page,,,,,,,,,,,,,,,A Finals,16659,Re-use Day 4 - Team Comp 1 as Finals Team Comp,,,,,,,,,,https://drive.google.com/open?id=12D3bk2bJO8rGNZ5J-aR7x1QUVlnW2pdQ,2nd,Yes,https://drive.google.com/open?id=1vmxYwW0xo0YYIXEqSa8nlr0yKliT4Pf3,https://drive.google.com/open?id=1fjxKk3mr0-VlA49Td7Wkf3Y_pYfzGHFy,,5,2,6,,2,https://drive.google.com/open?id=1XtF9ddXaNXPwBC9wTmkKnAy8b17NsvUL,,,,,,,,,,,
9/23/2026 14:28:16,FreakySky,Graded (No Uma Restrictions),Win A finals,I accept these terms,Day 3,,,,,,,,,Oguri Cap (Christmas),End Closer,Ace built for this CM before CM start in Grand Concert scenario,3,1,,,2,,,Agnes Tachyon,End Closer,Debuffer,1,1,,,3,1,,Grass Wonder,End Closer,Debuffer,2,,,,3,1,,4 Attempts - 20 Races total,17,Day 2,,,,,,,,,,,,,,Re-use Day 1 - Team Comp 1 as Day 2 - Team Comp 1,,,,,,,,,,4 Attempts - 20 Races total,19,Go to Submit page,,,,,,,,,,,,,,,Re-use Day 2 - Team Comp 1 as Day 3 - Team Comp 1,A Group,,,,,,,,,,4 Attempts - 20 Races total,16,Day 4,,,,,,,,,,,,,,,Re-use Day 3 - Team Comp 1 as Day 4 - Team Comp 1,A Group,,,,,,,,,,4 Attempts - 20 Races total,16,Go to Submit page,,,,,,,,,,,,,,,,,,,,,,,,,,,,,,,,,,,,,,,,,,,,,,,,,
9/25/2026 13:58:22,Aelmar,Graded (No Uma Restrictions),Get into A finals,I accept these terms,Finals,,$101-500,1798,31-45 (roughly 5-6 per day),31-45 (roughly 5-6 per day),Discord - MooMooCord - https://discord.com/invite/moomoocows,4,"For the career count, its probably better to name it as parent training or ace training.",Oguri Cap (Christmas),Pace Chaser,Ace built for this CM before CM start in Grand Concert scenario,3,,,,2,1,,Tokai Teio (Anime Collab),Pace Chaser,Ace built for this CM before CM start in Grand Concert scenario,3,,,,2,1,,Grass Wonder,Late Surger,Debuffer,,,,,,,,4 Attempts - 20 Races total,16,Day 2,,,,,,,,,,,,,,Re-use Day 1 - Team Comp 1 as Day 2 - Team Comp 1,,,,,,,,,,4 Attempts - 20 Races total,17,Go to Submit page,,,,,,,,,,,,,,,Re-use Day 2 - Team Comp 1 as Day 3 - Team Comp 1,A Group,,,,,,,,,,4 Attempts - 20 Races total,14,Go to Submit page,,,,,,,,,,,,,,,Re-use Day 3 - Team Comp 1 as Day 4 - Team Comp 1,A Group,,,,,,,,,,4 Attempts - 20 Races total,14,Go to Submit page,,,,,,,,,,,,,,,A Finals,11392,Re-use Day 4 - Team Comp 1 as Finals Team Comp,,,,,,,,,,https://drive.google.com/open?id=1Gdm0e11qvpNnulh5W8VtOe3qKvL10PR_,1st,,,,,,,,,,,No,,https://drive.google.com/open?id=1IhDY09RNvUWpfddnEQyKDVt2uxTNqXUE,https://drive.google.com/open?id=1DuTVSiUg9iXTdlySRr7bAOa3X1B8h26A,,,12,3,,2,https://drive.google.com/open?id=1ZdrW4Mxkzrv943GijfSLyHUI72aQWVk-
9/21/2026 17:30:10,Kaiser,Graded (No Uma Restrictions),Win A finals,I accept these terms,Day 1,Android - phone or tablet,$101-500,2058,46+ (more than 6 per day),11-20 (roughly 2-3 per day),"Discord - MooMooCord - https://discord.com/invite/moomoocows, YouTube - MooMooCows - https://www.youtube.com/@MooMooCows",5,,Mihono Bourbon (Valentine),Front Runner,Ace built for this CM before CM start in Grand Concert scenario,2,1,0,0,2,1,,Seiun Sky,Front Runner,Ace built for this CM before CM start in Grand Concert scenario,3,0,0,0,2,1,,Grass Wonder,Late Surger,Debuffer,,,,,,,,4 Attempts - 20 Races total,19,Day 2,,,,,,,,,,,,,,Re-use Day 1 - Team Comp 1 as Day 2 - Team Comp 1,,,,,,,,,,4 Attempts - 20 Races total,20,Go to Submit page,,,,,,,,,,,,,,,,,,,,,,,,,,,,,,,,,,,,,,,,,,,,,,,,,,,,,,,,,,,,,,,,,,,,,,,,,,,,,,,,,,,,,,,,,,,,,,,,,,,,,,,,,
9/25/2026 5:12:02,BrickyTen,Graded (No Uma Restrictions),Win A finals,I accept these terms,Finals,Windows,$101-500,2100,31-45 (roughly 5-6 per day),21-30 (roughly 3-4 per day),Discord - MooMooCord - https://discord.com/invite/moomoocows,,,Oguri Cap (Christmas),End Closer,Ace built for this CM before CM start in Grand Concert scenario,2,0,0,0,3,1,0,Symboli Rudolf,Late Surger,Debuffer,,,,,,,,Grass Wonder,Late Surger,Debuffer,,,,,,,,4 Attempts - 20 Races total,16,Day 2,,,,,,,,,,,,,,Re-use Day 1 - Team Comp 1 as Day 2 - Team Comp 1,,,,,,,,,,4 Attempts - 20 Races total,16,Go to Submit page,,,,,,,,,,,,,,,Re-use Day 2 - Team Comp 1 as Day 3 - Team Comp 1,A Group,,,,,,,,,,4 Attempts - 20 Races total,11,Day 4,,,,,,,,,,,,,,,Re-use Day 3 - Team Comp 1 as Day 4 - Team Comp 1,A Group,,,,,,,,,,4 Attempts - 20 Races total,14,Go to Submit page,,,,,,,,,,,,,,,A Finals,10632,Re-use Day 4 - Team Comp 1 as Finals Team Comp,,,,,,,,,,https://drive.google.com/open?id=1dYcrRdmMeeJX2LT36EfmOJK2ZmL53jsu,3rd,No (goes to Submit page),,,,,,,,,,,,,,,,,,,,
9/25/2026 7:57:46,Pekolax,Graded (No Uma Restrictions),Win A finals,I accept these terms,Finals,"iOS - phone or tablet, Windows",$1-100,3054,11-20 (roughly 2-3 per day),11-20 (roughly 2-3 per day),YouTube - MooMooCows - https://www.youtube.com/@MooMooCows,5,,Special Week,End Closer,Ace built for this CM before CM start in Grand Concert scenario,2,1,0,0,2,1,0,Yukino Bijin,Pace Chaser,Ace built for this CM before CM start in Grand Concert scenario,2,1,0,0,2,1,0,Oguri Cap (Christmas),End Closer,Ace built for this CM before CM start in Grand Concert scenario,3,0,0,0,2,1,0,4 Attempts - 20 Races total,17,Day 2,,,,,,,,,,,,,,Re-use Day 1 - Team Comp 1 as Day 2 - Team Comp 1,,,,,,,,,,4 Attempts - 20 Races total,16,Go to Submit page,,,,,,,,,,,,,,,Re-use Day 2 - Team Comp 1 as Day 3 - Team Comp 1,A Group,,,,,,,,,,4 Attempts - 20 Races total,13,Go to Submit page,,,,,,,,,,,,,,,Re-use Day 3 - Team Comp 2 as Day 4 - Team Comp 1,A Group,,,,,,,,,,4 Attempts - 20 Races total,15,Go to Submit page,,,,,,,,,,,,,,,A Finals,9953,Re-use Day 4 - Team Comp 2 as Finals Team Comp,,,,,,,,,,https://drive.google.com/open?id=1H4WkaQhfKLKoeu4vJMEq6bwEkwYM5kVJ,2nd,No (goes to Submit page),,,,,,,,,,,,,,,,,,,,
9/22/2026 15:45:15,TomatoFi,Graded (No Uma Restrictions),Get into A finals,I accept these terms,Day 3,Android - phone or tablet,Rather not say,,,,,,,,,,,,,,,,,,,,,,,,,,,,,,,,,,,,,,,,,,,,,,,,,,,,,Re-use Day 1 - Team Comp 1 as Day 2 - Team Comp 1,,,,,,,,,,4 Attempts - 20 Races total,10,Go to Submit page,,,,,,,,,,,,,,,Re-use Day 2 - Team Comp 1 as Day 3 - Team Comp 1,A Group,,,,,,,,,,4 Attempts - 20 Races total,7,Go to Submit page,,,,,,,,,,,,,,,,,,,,,,,,,,,,,,,,,,,,,,,,,,,,,,,,,,,,,,,,,,,,,,,,,,,,,,,,,,,,,
9/25/2026 8:22:24,PotatoPop28,Graded (No Uma Restrictions),Get into A finals,I accept these terms,Finals,"iOS - phone or tablet, Windows",$101-500,848,6-10 (roughly 1 per day),11-20 (roughly 2-3 per day),Discord - MooMooCord - https://discord.com/invite/moomoocows,5,,Oguri Cap (Christmas),End Closer,Ace built for this CM before CM start in Grand Concert scenario,2,1,,,2,1,,Agnes Tachyon,End Closer,Debuffer,2,1,,,2,1,,Grass Wonder,Front Runner,Debuffer,2,1,,,2,1,,4 Attempts - 20 Races total,16,Day 2,,,,,,,,,,,,,,Re-use Day 1 - Team Comp 1 as Day 2 - Team Comp 1,,,,,,,,,,4 Attempts - 20 Races total,19,Go to Submit page,,,,,,,,,,,,,,,Re-use Day 2 - Team Comp 1 as Day 3 - Team Comp 1,A Group,,,,,,,,,,4 Attempts - 20 Races total,18,Go to Submit page,,,,,,,,,,,,,,,Re-use Day 3 - Team Comp 1 as Day 4 - Team Comp 1,A Group,,,,,,,,,,4 Attempts - 20 Races total,15,Go to Submit page,,,,,,,,,,,,,,,A Finals,11992,Re-use Day 4 - Team Comp 1 as Finals Team Comp,,,,,,,,,,https://drive.google.com/open?id=17S16L2lZTXjIOeqs5J7DGOq_xUAD2pAx,1st,,,,,,,,,,,No,,,,,,,,,,
9/25/2026 8:08:47,Kiriya,Graded (No Uma Restrictions),Win A finals,I accept these terms,Finals,"Android - phone or tablet, Windows",$501-1000,,31-45 (roughly 5-6 per day),0-5 (less than 1 per day),Discord - MooMooCord - https://discord.com/invite/moomoocows,5,,Fine Motion,Pace Chaser,Ace built for this CM before CM start in Grand Concert scenario,3,0,0,0,2,1,0,Nice Nature,End Closer,Debuffer,,,,,,,,Mayano Top Gun (Wedding),End Closer,Debuffer,,,,,,,,4 Attempts - 20 Races total,16,Day 2,,,,,,,,,,,,,,Re-use Day 1 - Team Comp 1 as Day 2 - Team Comp 1,,,,,,,,,,4 Attempts - 20 Races total,18,Go to Submit page,,,,,,,,,,,,,,,Re-use Day 2 - Team Comp 1 as Day 3 - Team Comp 1,A Group,,,,,,,,,,4 Attempts - 20 Races total,16,Day 4,,,,,,,,,,,,,,,Re-use Day 3 - Team Comp 1 as Day 4 - Team Comp 1,A Group,,,,,,,,,,4 Attempts - 20 Races total,14,Finals,,,,,,,,,,,,,,,A Finals,,Re-use Day 4 - Team Comp 1 as Finals Team Comp,,,,,,,,,,https://drive.google.com/open?id=1khNA8BugPpLprc3j9dRZPICez7wuzeoO,1st,,,,,,,,,,,Yes,Pine fine desu,https://drive.google.com/open?id=1rgSvbT8S9JWhj79mJAimPCU39i-MSV5F,https://drive.google.com/open?id=1J6lKbBfKU5wZdp-xYblHeOOLCpZnP8_7,,,15,,,,https://drive.google.com/open?id=1lxvk9bHSaFmbHUX0hQDUhDdYI36rtwgv
9/25/2026 5:26:30,Zetdivx,Graded (No Uma Restrictions),Win A finals,I accept these terms,Finals,"Android - phone or tablet, Windows",$1001-5000,1651,46+ (more than 6 per day),21-30 (roughly 3-4 per day),Friend sent me the link,,,Oguri Cap (Christmas),End Closer,Ace built for this CM before CM start in Grand Concert scenario,3,,,,2,1,,Nice Nature (Cheerleader),Late Surger,Debuffer,1,,,,5,,,Grass Wonder,Late Surger,Debuffer,1,,,,5,,,4 Attempts - 20 Races total,16,Day 2,,,,,,,,,,,,,,Re-use Day 1 - Team Comp 1 as Day 2 - Team Comp 1,,,,,,,,,,4 Attempts - 20 Races total,20,Go to Submit page,,,,,,,,,,,,,,,Re-use Day 2 - Team Comp 1 as Day 3 - Team Comp 1,A Group,,,,,,,,,,4 Attempts - 20 Races total,15,Go to Submit page,,,,,,,,,,,,,,,Re-use Day 3 - Team Comp 1 as Day 4 - Team Comp 1,A Group,,,,,,,,,,4 Attempts - 20 Races total,18,Go to Submit page,,,,,,,,,,,,,,,A Finals,13767,Re-use Day 4 - Team Comp 1 as Finals Team Comp,,,,,,,,,,https://drive.google.com/open?id=1FNBrHQJY1qibtEEXPayQVW2rWMqb1jQw,1st,,,,,,,,,,,Yes,XD,https://drive.google.com/open?id=14s48OIvrpoNoCIh04E-NIFtXX7Q4MPyD,https://drive.google.com/open?id=183dJ6i6zUCLy8vmHFpWHK7vaIWnuvzda,,,14,,,2,https://drive.google.com/open?id=1fiFAmIRB3FPdO7lYx0NfyguHwd5P2PDE
9/25/2026 7:29:05,RaCL,Graded (No Uma Restrictions),Win A finals,I accept these terms,Finals,Android - phone or tablet,$1-100,1112,11-20 (roughly 2-3 per day),11-20 (roughly 2-3 per day),Discord - MooMooCord - https://discord.com/invite/moomoocows,5,,Satono Diamond,Pace Chaser,Ace built for this CM before CM start in Grand Concert scenario,3,0,0,0,2,1,0,Oguri Cap (Christmas),End Closer,Ace built for this CM before CM start in Grand Concert scenario,3,0,0,0,2,1,0,Nice Nature,Late Surger,Debuffer,0,1,0,3,2,0,0,4 Attempts - 20 Races total,18,Day 2,,,,,,,,,,,,,,Add new Team Comp as Day 2 - Team Comp 1,Satono Diamond,Late Surger,Mid-CM Ace build in Grand Concert scenario,Oguri Cap (Christmas),End Closer,Ace built for this CM before CM start in Grand Concert scenario,Nice Nature,Late Surger,Debuffer,4 Attempts - 20 Races total,15,Go to Submit page,,,,,,,,,,,,,,,Re-use Day 2 - Team Comp 1 as Day 3 - Team Comp 1,A Group,,,,,,,,,,4 Attempts - 20 Races total,15,Day 4,,,,,,,,,,,,,,,Re-use Day 3 - Team Comp 1 as Day 4 - Team Comp 1,A Group,,,,,,,,,,4 Attempts - 20 Races total,14,Go to Submit page,,,,,,,,,,,,,,,A Finals,10327,Add new Team Comp as Finals Team Comp,Satono Diamond,Late Surger,Mid-CM Ace build in Grand Concert scenario,Oguri Cap (Christmas),End Closer,Ace built for this CM before CM start in Grand Concert scenario,Eishin Flash (Valentine),End Closer,Debuffer,https://drive.google.com/open?id=1kF0LZN8JUl7Mm5BMG4IDXUMikxpWIysS,1st,,,,,,,,,,,Yes,The Diamond is Unbreakable,https://drive.google.com/open?id=1kydUZDQaq-6NQXsF0p_Uym5gt9tir0s9,https://drive.google.com/open?id=1d9ETC7JCBa9cAZolPYZg3RpDH2_m_oK_,,3,15,0,0,0,https://drive.google.com/open?id=1W8mEIeyYzVQ-zNdVZqb5sA-RjjiwMMOg
9/25/2026 20:07:01,HiryuXD,Graded (No Uma Restrictions),Win A finals,I accept these terms,Finals,"Android - phone or tablet, Windows",$5000+,1803,46+ (more than 6 per day),6-10 (roughly 1 per day),"Discord - MooMooCord - https://discord.com/invite/moomoocows, Twitch - MooMooCows - https://www.twitch.tv/moomoomoocows",,,Oguri Cap (Christmas),End Closer,Ace built for this CM before CM start in Grand Concert scenario,2,1,0,0,2,1,0,Grass Wonder,End Closer,Debuffer,1,0,1,0,3,1,0,Symboli Rudolf,End Closer,Debuffer,1,0,1,0,3,1,0,4 Attempts - 20 Races total,16,Day 2,,,,,,,,,,,,,,Re-use Day 1 - Team Comp 1 as Day 2 - Team Comp 1,,,,,,,,,,4 Attempts - 20 Races total,18,Go to Submit page,,,,,,,,,,,,,,,Re-use Day 2 - Team Comp 1 as Day 3 - Team Comp 1,A Group,,,,,,,,,,4 Attempts - 20 Races total,19,Go to Submit page,,,,,,,,,,,,,,,Re-use Day 3 - Team Comp 1 as Day 4 - Team Comp 1,A Group,,,,,,,,,,4 Attempts - 20 Races total,17,Go to Submit page,,,,,,,,,,,,,,,A Finals,13087,Re-use Day 4 - Team Comp 1 as Finals Team Comp,,,,,,,,,,https://drive.google.com/open?id=1zc_qtzEhQqt7kFs9mB24JbsA2GeIpshC,1st,,,,,,,,,,,No,,https://drive.google.com/open?id=1cjQdQXORI92DOH2MS1XDGUOJ8aXZOf7l,https://drive.google.com/open?id=1PCdYXT5B0uO9qgz0dihL9IMnIX7D7Kmn,,,3,9,,1,https://drive.google.com/open?id=1qpLWZ4gy70CY8A2C2_Vkak67ywRGU9BK
9/25/2026 20:08:17,NumenX,Graded (No Uma Restrictions),Get into A finals,I accept these terms,Day 3,Windows,$501-1000,2811,46+ (more than 6 per day),0-5 (less than 1 per day),YouTube - MooMooCows - https://www.youtube.com/@MooMooCows,5,,Oguri Cap (Christmas),Pace Chaser,Ace built for this CM before CM start in Grand Concert scenario,2,1,,,2,1,,Symboli Rudolf,End Closer,Debuffer,1,,1,,3,1,,Grass Wonder,End Closer,Debuffer,1,,1,,3,1,,4 Attempts - 20 Races total,18,Day 2,,,,,,,,,,,,,,Re-use Day 1 - Team Comp 1 as Day 2 - Team Comp 1,,,,,,,,,,4 Attempts - 20 Races total,20,Go to Submit page,,,,,,,,,,,,,,,Re-use Day 2 - Team Comp 1 as Day 3 - Team Comp 1,A Group,,,,,,,,,,4 Attempts - 20 Races total,13,Day 4,,,,,,,,,,,,,,,Re-use Day 3 - Team Comp 1 as Day 4 - Team Comp 1,A Group,,,,,,,,,,4 Attempts - 20 Races total,15,Finals,,,,,,,,,,,,,,,A Finals,11368,Re-use Day 4 - Team Comp 1 as Finals Team Comp,,,,,,,,,,https://drive.google.com/open?id=1cr5fq0JGC3CcptHJZH8-2Wp7fQUyuAvW,1st,,,,,,,,,,,No,,https://drive.google.com/open?id=1HvLm1YO5-tRQ6f0lbyrPsULeF4JZRKcS,https://drive.google.com/open?id=1WrCn7ebxFMgQc58lonWJPZMyl4P2b8C6,,,4,8,,,https://drive.google.com/open?id=1FxfwpSYjH8dsMin-kVyPftid--w1EtIm
9/25/2026 6:42:10,Lixens,Graded (No Uma Restrictions),Win A finals,I accept these terms,Finals,Windows,$101-500,,31-45 (roughly 5-6 per day),11-20 (roughly 2-3 per day),"Discord - MooMooCord - https://discord.com/invite/moomoocows, Twitch - MooMooCows - https://www.twitch.tv/moomoomoocows, YouTube - MooMooCows - https://www.youtube.com/@MooMooCows",5,,Nakayama Festa,Late Surger,Ace built for this CM before CM start in Grand Concert scenario,2,1,0,0,2,1,0,Mejiro Dober,Late Surger,Ace built for this CM before CM start in Grand Concert scenario,2,1,0,0,2,1,0,Eishin Flash (Valentine),Late Surger,Debuffer,,,,,,,,4 Attempts - 20 Races total,14,Go to Submit page,,,,,,,,,,,,,,Re-use Day 1 - Team Comp 1 as Day 2 - Team Comp 1,,,,,,,,,,4 Attempts - 20 Races total,12,Day 1,,,,,,,,,,,,,,,Re-use Day 2 - Team Comp 1 as Day 3 - Team Comp 1,A Group,,,,,,,,,,4 Attempts - 20 Races total,15,Day 4,,,,,,,,,,,,,,,Re-use Day 3 - Team Comp 1 as Day 4 - Team Comp 1,A Group,,,,,,,,,,4 Attempts - 20 Races total,12,Go to Submit page,,,,,,,,,,,,,,,A Finals,,Re-use Day 4 - Team Comp 1 as Finals Team Comp,,,,,,,,,,https://drive.google.com/open?id=11vTRZ1j1zzQoftu0_GbG98O-FFI_Ld18,1st,,,,,,,,,,,Yes,2 XOguris in Finals? Nah I Win,https://drive.google.com/open?id=1fny35wYFvuAOAw0KAUBv6nCvZySA9Cub,https://drive.google.com/open?id=1_rBAqQtWVtL2_olCRfm7QkSXnfKQ-WRK,,1,8,3,0,0,https://drive.google.com/open?id=1vbb815TFfZS-PIMJjwUwIWHQAutXEHb1
9/26/2026 8:21:15,Reinigen,Graded (No Uma Restrictions),Win A finals,I accept these terms,Finals,"Android - phone or tablet, Windows",$1001-5000,2063,31-45 (roughly 5-6 per day),6-10 (roughly 1 per day),YouTube - MooMooCows - https://www.youtube.com/@MooMooCows,5,,Oguri Cap (Christmas),End Closer,Ace built for this CM before CM start in Grand Concert scenario,2,1,0,0,2,1,0,Eishin Flash (Valentine),Late Surger,Debuffer,2,0,1,0,2,1,0,Symboli Rudolf,Late Surger,Debuffer,2,0,1,0,2,1,0,4 Attempts - 20 Races total,18,Go to Submit page,,,,,,,,,,,,,,Re-use Day 1 - Team Comp 1 as Day 2 - Team Comp 1,,,,,,,,,,4 Attempts - 20 Races total,17,Go to Submit page,,,,,,,,,,,,,,,Re-use Day 2 - Team Comp 1 as Day 3 - Team Comp 1,A Group,,,,,,,,,,4 Attempts - 20 Races total,15,Go to Submit page,,,,,,,,,,,,,,,Re-use Day 3 - Team Comp 1 as Day 4 - Team Comp 1,A Group,,,,,,,,,,4 Attempts - 20 Races total,10,Go to Submit page,,,,,,,,,,,,,,,A Finals,8318,Re-use Day 4 - Team Comp 1 as Finals Team Comp,,,,,,,,,,,1st,,,,,,,,,,,No,,,,,,,,,,
9/25/2026 12:47:39,Martinik,Graded (No Uma Restrictions),Get into A finals,I accept these terms,Finals,"Android - phone or tablet, Windows",$501-1000,,31-45 (roughly 5-6 per day),11-20 (roughly 2-3 per day),Discord - MooMooCord - https://discord.com/invite/moomoocows,5,,Oguri Cap (Christmas),Pace Chaser,Ace built for this CM before CM start in Grand Concert scenario,3,,,,2,1,,Mejiro Dober,Late Surger,Ace built for this CM before CM start in Grand Concert scenario,3,,,,2,0,,Sweep Tosho,End Closer,Ace built for this CM before CM start in Grand Concert scenario,3,,,,2,0,,4 Attempts - 20 Races total,4,Day 2,,,,,,,,,,,,,,Re-use Day 1 - Team Comp 1 as Day 2 - Team Comp 1,,,,,,,,,,4 Attempts - 20 Races total,9,Go to Submit page,,,,,,,,,,,,,,,Re-use Day 2 - Team Comp 1 as Day 3 - Team Comp 1,A Group,,,,,,,,,,4 Attempts - 20 Races total,8,Day 4,,,,,,,,,,,,,,,Re-use Day 3 - Team Comp 1 as Day 4 - Team Comp 1,A Group,,,,,,,,,,4 Attempts - 20 Races total,8,Go to Submit page,,,,,,,,,,,,,,,A Finals,8824,Re-use Day 4 - Team Comp 1 as Finals Team Comp,,,,,,,,,,https://drive.google.com/open?id=1v7mqVwKteq2B6pRp6MEHidPfx5ME5hIx,3rd,Yes,https://drive.google.com/open?id=1vKqUueaxaiIjgXpRtvb-nDE2bVYlcsKz,https://drive.google.com/open?id=1K1xXApBCiFK1YjsHhovHBfALw0xoLMbb,,,,,,,https://drive.google.com/open?id=1KfgBcJu_dkw9a5VhGnNoQYJDGG96PiPr,,,,,,,,,,,
9/25/2026 5:46:14,Ami,Graded (No Uma Restrictions),Get into A finals,I accept these terms,Finals,"Android - phone or tablet, Windows",$0,581,,,Discord - MooMooCord - https://discord.com/invite/moomoocows,,,Aston Machan,Pace Chaser,Ace built for this CM before CM start in Grand Concert scenario,2,1,0,0,2,1,0,Nice Nature,Late Surger,Debuffer,,,,,,,,Agnes Tachyon,Late Surger,Debuffer,,,,,,,,4 Attempts - 20 Races total,9,Day 2,,,,,,,,,,,,,,Re-use Day 1 - Team Comp 1 as Day 2 - Team Comp 1,,,,,,,,,,4 Attempts - 20 Races total,16,Go to Submit page,,,,,,,,,,,,,,,Re-use Day 2 - Team Comp 1 as Day 3 - Team Comp 1,A Group,,,,,,,,,,4 Attempts - 20 Races total,7,Day 4,,,,,,,,,,,,,,,Re-use Day 3 - Team Comp 1 as Day 4 - Team Comp 1,A Group,,,,,,,,,,4 Attempts - 20 Races total,6,Go to Submit page,,,,,,,,,,,,,,,A Finals,9107,Add new Team Comp as Finals Team Comp,Aston Machan,Pace Chaser,Ace built for this CM before CM start in Grand Concert scenario,Nice Nature,Late Surger,Debuffer,Super Creek (Halloween),Late Surger,Debuffer,https://drive.google.com/open?id=1fQHJrbQ9sgsOLFJDorzj0r6466NRC_yN,2nd,No (goes to Submit page),,,,,,,,,,,,,,,,,,,,
9/25/2026 22:43:51,Fishnet,Graded (No Uma Restrictions),Get into A finals,I accept these terms,Finals,Windows,$101-500,2467,46+ (more than 6 per day),6-10 (roughly 1 per day),"Discord - MooMooCord - https://discord.com/invite/moomoocows, Twitch - MooMooCows - https://www.twitch.tv/moomoomoocows, YouTube - MooMooCows - https://www.youtube.com/@MooMooCows",,,Seiun Sky,Front Runner,Ace built for this CM before CM start in Grand Concert scenario,3,,,,2,6,,Mejiro McQueen (Anime Collab),Front Runner,Ace built for this CM before CM start in Grand Concert scenario,3,,,,2,6,,Symboli Rudolf,End Closer,Debuffer,2,,2,,1,6,,3 Attempts - 15 Races total,13,Day 2,,,,,,,,,,,,,,Re-use Day 1 - Team Comp 1 as Day 2 - Team Comp 1,,,,,,,,,,4 Attempts - 20 Races total,12,Go to Submit page,,,,,,,,,,,,,,,,,,,,,,,,,,,,,,,,,,,,,,,,,,,Re-use Day 3 - Team Comp 1 as Day 4 - Team Comp 1,A Group,,,,,,,,,,4 Attempts - 20 Races total,10,Go to Submit page,,,,,,,,,,,,,,,A Finals,8200,Re-use Day 4 - Team Comp 1 as Finals Team Comp,,,,,,,,,,https://drive.google.com/open?id=15rAl3Ez5s3Xu_6UqBquDRAw-rUqIX2JY,1st,,,,,,,,,,,No,,https://drive.google.com/open?id=18xFWs-Nl9ywgrR1lD9RX4Nll87Uq_2jd,https://drive.google.com/open?id=1qxXGGWN5XA1h_RtX5OQqWNB-yK8HC68g,,,,,,,https://drive.google.com/open?id=1Ewk6lKujqlgelcIQyMojMbnSCQ0YfOvq
9/25/2026 19:56:14,thefakeshadow,Graded (No Uma Restrictions),Win A finals,I accept these terms,Day 3,Android - phone or tablet,$0,1618,31-45 (roughly 5-6 per day),6-10 (roughly 1 per day),Discord - MooMooCord - https://discord.com/invite/moomoocows,4,,Oguri Cap (Christmas),Pace Chaser,Ace built for this CM before CM start in Grand Concert scenario,3,0,0,0,2,1,0,Grass Wonder,End Closer,Debuffer,,,,,,,,Agnes Tachyon,End Closer,Debuffer,,,,,,,,4 Attempts - 20 Races total,17,Day 2,,,,,,,,,,,,,,Re-use Day 1 - Team Comp 1 as Day 2 - Team Comp 1,,,,,,,,,,4 Attempts - 20 Races total,20,Day 3,,,,,,,,,,,,,,,Re-use Day 2 - Team Comp 1 as Day 3 - Team Comp 1,A Group,,,,,,,,,,4 Attempts - 20 Races total,17,Day 4,,,,,,,,,,,,,,,Re-use Day 3 - Team Comp 1 as Day 4 - Team Comp 1,A Group,,,,,,,,,,4 Attempts - 20 Races total,14,Finals,,,,,,,,,,,,,,,A Finals,13486,Re-use Day 4 - Team Comp 1 as Finals Team Comp,,,,,,,,,,https://drive.google.com/open?id=17KmkjoikofO4RUbEz5nkAYXOqj6TD-Dl,1st,,,,,,,,,,,Yes,my soul has returned,https://drive.google.com/open?id=1Kn68z15U3V1c47EYx5Vp0XOdDyJOYXfm,https://drive.google.com/open?id=1P5ywWOnvT1jCscvN-3NwUpcTFDoLqV9d,,0,13,0,0,0,https://drive.google.com/open?id=1EibwIOb7vH0_LAXGH85s8oHH4-YTygEt
9/21/2026 23:34:00,Faith,Graded (No Uma Restrictions),Win A finals,I accept these terms,Day 1,iOS - phone or tablet,$1-100,1168,6-10 (roughly 1 per day),6-10 (roughly 1 per day),Discord - MooMooCord - https://discord.com/invite/moomoocows,5,,Oguri Cap (Christmas),End Closer,Ace built for this CM before CM start in Grand Concert scenario,,,,,,,,Grass Wonder,Late Surger,Debuffer,,,,,,,,Symboli Rudolf,Late Surger,Debuffer,,,,,,,,4 Attempts - 20 Races total,9,Day 2,,,,,,,,,,,,,,Re-use Day 1 - Team Comp 1 as Day 2 - Team Comp 1,,,,,,,,,,4 Attempts - 20 Races total,15,Go to Submit page,,,,,,,,,,,,,,,,,,,,,,,,,,,,,,,,,,,,,,,,,,,,,,,,,,,,,,,,,,,,,,,,,,,,,,,,,,,,,,,,,,,,,,,,,,,,,,,,,,,,,,,,,
9/26/2026 0:30:42,JoJoCheck,Graded (No Uma Restrictions),Get into A finals,I accept these terms,Finals,Phone and Windows,$101-500,1211,6-10 (roughly 1 per day),0-5 (less than 1 per day),,,,Oguri Cap (Christmas),Pace Chaser,Ace built for older CM,2,1,0,0,2,1,0,Grass Wonder,Late Surger,Debuffer,2,1,0,1,1,1,0,Symboli Rudolf,Late Surger,Debuffer,0,0,0,0,6,0,0,0 Attempts - 0 Races total,0,Day 2,,,,,,,,,,,,,,Re-use Day 1 - Team Comp 1 as Day 2 - Team Comp 1,,,,,,,,,,4 Attempts - 20 Races total,15,Go to Submit page,,,,,,,,,,,,,,,Re-use Day 2 - Team Comp 1 as Day 3 - Team Comp 1,A Group,,,,,,,,,,4 Attempts - 20 Races total,9,Go to Submit page,,,,,,,,,,,,,,,Re-use Day 3 - Team Comp 1 as Day 4 - Team Comp 1,A Group,,,,,,,,,,4 Attempts - 20 Races total,12,Go to Submit page,,,,,,,,,,,,,,,A Finals,8345,Re-use Day 4 - Team Comp 1 as Finals Team Comp,,,,,,,,,,https://drive.google.com/open?id=1LQadjMzZuwwCFcM8WtdBUI-7sQuVFadH,2nd,Yes,https://drive.google.com/open?id=1MDn1FpQb6mktV_zHNvZ5Z2r5_oGOMZR3,https://drive.google.com/open?id=1qiriIXLiWEAFivW8atUt_j3O6GY00L_r,https://drive.google.com/open?id=1zQz_vpx25vimRJQFSFcadmMy18W2Ppzv,3,8,0,3,0,https://drive.google.com/open?id=1DO6Xw0yVnsxOCOk6ILJPXKW2zz4yEGrr,,,,,,,,,,,
9/21/2026 23:50:28,Eden,Graded (No Uma Restrictions),Get into A finals,I accept these terms,Day 1,"Android - phone or tablet, Windows",$101-500,954,21-30 (roughly 3-4 per day),11-20 (roughly 2-3 per day),"Discord - MooMooCord - https://discord.com/invite/moomoocows, YouTube - MooMooCows - https://www.youtube.com/@MooMooCows",5,,Mejiro Dober,Late Surger,Ace built for this CM before CM start in Grand Concert scenario,3,0,0,0,2,1,0,Nice Nature (Cheerleader),Late Surger,Ace built for this CM before CM start in Grand Concert scenario,3,0,0,0,2,1,0,Tamamo Cross (Festival),Pace Chaser,Ace built for this CM before CM start in Grand Concert scenario,3,1,0,0,1,1,0,4 Attempts - 20 Races total,16,Day 2,,,,,,,,,,,,,,Re-use Day 1 - Team Comp 1 as Day 2 - Team Comp 1,,,,,,,,,,4 Attempts - 20 Races total,12,Go to Submit page,,,,,,,,,,,,,,,,,,,,,,,,,,,,,,,,,,,,,,,,,,,,,,,,,,,,,,,,,,,,,,,,,,,,,,,,,,,,,,,,,,,,,,,,,,,,,,,,,,,,,,,,,
9/25/2026 5:36:30,Tappu,Graded (No Uma Restrictions),Win A finals,I accept these terms,Day 3,"Android - phone or tablet, Windows",$101-500,,21-30 (roughly 3-4 per day),11-20 (roughly 2-3 per day),,3,,Meisho Doto (Halloween),Pace Chaser,Ace built for this CM before CM start in Grand Concert scenario,3,0,0,0,2,1,0,Fine Motion,Pace Chaser,Ace built for this CM before CM start in Grand Concert scenario,3,0,0,0,2,0,0,Symboli Rudolf,End Closer,Debuffer,,,,,,,,4 Attempts - 20 Races total,18,Day 2,,,,,,,,,,,,,,Re-use Day 1 - Team Comp 1 as Day 2 - Team Comp 1,,,,,,,,,,4 Attempts - 20 Races total,14,Go to Submit page,,,,,,,,,,,,,,,Re-use Day 2 - Team Comp 1 as Day 3 - Team Comp 1,A Group,,,,,,,,,,4 Attempts - 20 Races total,13,Day 4,,,,,,,,,,,,,,,Re-use Day 3 - Team Comp 1 as Day 4 - Team Comp 1,A Group,,,,,,,,,,4 Attempts - 20 Races total,13,Finals,,,,,,,,,,,,,,,A Finals,11007,Re-use Day 4 - Team Comp 1 as Finals Team Comp,,,,,,,,,,https://drive.google.com/open?id=1c_fGOhHvi4Ze4zid9v8xwdvayF1Qxvy8,1st,,,,,,,,,,,Yes,Spooky season claims the first win ,https://drive.google.com/open?id=1coKyTYDpU5uGsa8OX4e7oemKraRSVl0_,https://drive.google.com/open?id=1ZcrrpKFLxXWgTJkcL06JuTrvRB4q4iYJ,,0,12,0,0,2,https://drive.google.com/open?id=15jIheIFHIXUhazzYcUPBjY6EusFHTtdD
9/25/2026 12:07:59,DragonBee,Graded (No Uma Restrictions),Get into A finals,I accept these terms,Finals,iOS - phone or tablet,$101-500,1409,6-10 (roughly 1 per day),11-20 (roughly 2-3 per day),Discord - MooMooCord - https://discord.com/invite/moomoocows,5,,Tamamo Cross,End Closer,Ace built for this CM before CM start in Grand Concert scenario,2,1,,2,,1,,Gold Ship,End Closer,Ace built for this CM before CM start in Grand Concert scenario,3,,,,2,1,,Narita Brian,Pace Chaser,Ace built for this CM before CM start in Grand Concert scenario,2,1,,,2,1,,4 Attempts - 20 Races total,12,Day 2,,,,,,,,,,,,,,Re-use Day 1 - Team Comp 1 as Day 2 - Team Comp 1,,,,,,,,,,3 Attempts - 15 Races total,8,Go to Submit page,,,,,,,,,,,,,,,Re-use Day 2 - Team Comp 1 as Day 3 - Team Comp 1,B Group,,,,,,,,,,4 Attempts - 20 Races total,4,Go to Submit page,,,,,,,,,,,,,,,Re-use Day 3 - Team Comp 1 as Day 4 - Team Comp 1,A Group,,,,,,,,,,4 Attempts - 20 Races total,10,Go to Submit page,,,,,,,,,,,,,,,A Finals,6161,Re-use Day 4 - Team Comp 1 as Finals Team Comp,,,,,,,,,,https://drive.google.com/open?id=1KjGGTxmImNuJabM0crSMWoSFNyxXBvPH,2nd,Yes,https://drive.google.com/open?id=1pYHe5ISV40OgmonOlVZArN5fb9CzVjou,https://drive.google.com/open?id=15i8DSXs_MvtKkEzeHAvI5qRIWnjsce2l,,,17,,,,https://drive.google.com/open?id=1pcoTtPJSnR-9JiBlAMyFYHiJnxbfv53y,,,,,,,,,,,
9/24/2026 1:23:05,Jame,Graded (No Uma Restrictions),Win A finals,I accept these terms,Day 3,Windows,$1-100,1774,46+ (more than 6 per day),11-20 (roughly 2-3 per day),Discord - MooMooCord - https://discord.com/invite/moomoocows,5,,Mejiro McQueen (Anime Collab),Front Runner,Ace built for this CM before CM start in Grand Concert scenario,3,0,0,0,2,1,0,Kitasan Black,Front Runner,Ace built for this CM before CM start in Grand Concert scenario,3,0,0,0,2,1,0,Satono Diamond,Late Surger,Ace built for this CM before CM start in Grand Concert scenario,3,0,0,0,2,1,0,4 Attempts - 20 Races total,9,Day 2,,,,,,,,,,,,,,Re-use Day 1 - Team Comp 1 as Day 2 - Team Comp 1,,,,,,,,,,4 Attempts - 20 Races total,13,Go to Submit page,,,,,,,,,,,,,,,Re-use Day 2 - Team Comp 1 as Day 3 - Team Comp 1,A Group,,,,,,,,,,4 Attempts - 20 Races total,7,Day 4,,,,,,,,,,,,,,,Re-use Day 3 - Team Comp 1 as Day 4 - Team Comp 1,A Group,,,,,,,,,,4 Attempts - 20 Races total,9,Go to Submit page,,,,,,,,,,,,,,,,,,,,,,,,,,,,,,,,,,,,,,,,,,,,,,,,,
9/25/2026 8:30:51,Casual Lettuce,Open (A+ Grade and Lower Umas Only),"Either win with the Winning Uma used in the previous Scorpio Cup (Taiki), Winning Uma used against me in the previous Cup (Mejiro Ryan), or Cheer Nature",I accept these terms,Finals,"Android - phone or tablet, Windows",$0,734,11-20 (roughly 2-3 per day),6-10 (roughly 1 per day),Discord - MooMooCord - https://discord.com/invite/moomoocows,4,,Nice Nature (Cheerleader),End Closer,Ace built for this CM before CM start in Unity Cup scenario,2,0,2,0,1,1,0,Mejiro Ryan,Late Surger,Ace built for this CM before CM start in Unity Cup scenario,2,1,2,0,1,0,0,Taiki Shuttle,Pace Chaser,Ace built for this CM before CM start in Unity Cup scenario,2,1,2,0,1,0,0,2 Attempts - 10 Races total,5,Day 2,,,,,,,,,,,,,,Re-use Day 1 - Team Comp 1 as Day 2 - Team Comp 1,,,,,,,,,,2 Attempts - 10 Races total,6,Go to Submit page,,,,,,,,,,,,,,,Re-use Day 2 - Team Comp 1 as Day 3 - Team Comp 1,A Group,,,,,,,,,,4 Attempts - 20 Races total,14,Go to Submit page,,,,,,,,,,,,,,,Re-use Day 3 - Team Comp 1 as Day 4 - Team Comp 1,A Group,,,,,,,,,,4 Attempts - 20 Races total,14,Go to Submit page,,,,,,,,,,,,,,,A Finals,6742,Re-use Day 4 - Team Comp 1 as Finals Team Comp,,,,,,,,,,https://drive.google.com/open?id=13msH4BwZ-iKdPcedM_-8w62hktLTFJIV,3rd,Yes,https://drive.google.com/open?id=1g9lwKTOCwmov_BQEa5DZZJ24TkjB4RMY,https://drive.google.com/open?id=1SjJxi5wftWG3rBnqr1pYgs1L4TCOExfe,,2,0,1,1,0,https://drive.google.com/open?id=1FURB6Nxde-GeLQWv6mCMmotw7GwFiKem,,,,,,,,,,,
9/25/2026 5:27:54,Hyaz,Graded (No Uma Restrictions),Get into A finals,I accept these terms,Finals,"Android - phone or tablet, Windows",$1001-5000,,11-20 (roughly 2-3 per day),0-5 (less than 1 per day),,,,Mihono Bourbon (Valentine),Front Runner,Ace built for this CM before CM start in Grand Concert scenario,2,1,0,0,2,1,0,Silence Suzuka,Runaway,Debuffer,,,,,,,,Agnes Tachyon,Late Surger,Debuffer,,,,,,,,4 Attempts - 20 Races total,10,Day 2,,,,,,,,,,,,,,Re-use Day 1 - Team Comp 1 as Day 2 - Team Comp 1,,,,,,,,,,4 Attempts - 20 Races total,14,Go to Submit page,,,,,,,,,,,,,,,Re-use Day 2 - Team Comp 1 as Day 3 - Team Comp 1,A Group,,,,,,,,,,4 Attempts - 20 Races total,10,Go to Submit page,,,,,,,,,,,,,,,Re-use Day 3 - Team Comp 1 as Day 4 - Team Comp 1,A Group,,,,,,,,,,4 Attempts - 20 Races total,9,Go to Submit page,,,,,,,,,,,,,,,A Finals,11691,Re-use Day 4 - Team Comp 1 as Finals Team Comp,,,,,,,,,,https://drive.google.com/open?id=1yPxP-1J-F1w4VZTu8X2lywICLHD9J9A-,2nd,No (goes to Submit page),,,,,,,,,,,,,,,,,,,,
9/25/2026 10:25:58,LumberjackDream,Graded (No Uma Restrictions),Get into A finals,I accept these terms,Finals,Windows,$101-500,2037,11-20 (roughly 2-3 per day),11-20 (roughly 2-3 per day),Discord - MooMooCord - https://discord.com/invite/moomoocows,,,Eishin Flash,Late Surger,Ace built for this CM before CM start in Grand Concert scenario,3,1,,,1,1,,Mayano Top Gun,Pace Chaser,Ace built for this CM before CM start in Grand Concert scenario,3,,,,2,1,,Mejiro Dober (Camping),Late Surger,Ace built for this CM before CM start in Grand Concert scenario,3,1,,,1,1,,0 Attempts - 0 Races total,0,Day 2,,,,,,,,,,,,,,Re-use Day 1 - Team Comp 1 as Day 2 - Team Comp 1,,,,,,,,,,4 Attempts - 20 Races total,10,Day 3,,,,,,,,,,,,,,,Re-use Day 2 - Team Comp 1 as Day 3 - Team Comp 1,A Group,,,,,,,,,,4 Attempts - 20 Races total,11,Go to Submit page,,,,,,,,,,,,,,,Re-use Day 3 - Team Comp 1 as Day 4 - Team Comp 1,A Group,,,,,,,,,,4 Attempts - 20 Races total,12,Go to Submit page,,,,,,,,,,,,,,,A Finals,8645,Re-use Day 4 - Team Comp 1 as Finals Team Comp,,,,,,,,,,https://drive.google.com/open?id=1XmBt0sg49sZJRJKnYV-4GLhp53I-e71c,2nd,Yes,https://drive.google.com/open?id=1PEML9aAVQjRhgUGSx1-3mywcidZlF_wn,https://drive.google.com/open?id=198Yx-hsIqUNwL4mTSRiIAFyPZk_Q9sRo,,,8,6,,3,https://drive.google.com/open?id=1-5WA-wwlbIwjibaONHPpNDC95_aTYBjx,,,,,,,,,,,
9/23/2026 6:03:42,TomTom,Graded (No Uma Restrictions),Win A finals,I accept these terms,Day 4,,$501-1000,2950,46+ (more than 6 per day),6-10 (roughly 1 per day),,5,,Tokai Teio (Anime Collab),Pace Chaser,Ace built for this CM before CM start in Grand Concert scenario,3,0,,,2,1,,Tamamo Cross (Festival),Pace Chaser,Ace built for this CM before CM start in Grand Concert scenario,2,1,,,2,1,,Grass Wonder,End Closer,Debuffer,,,,,,,,4 Attempts - 20 Races total,17,Day 2,,,,,,,,,,,,,,Re-use Day 1 - Team Comp 1 as Day 2 - Team Comp 1,,,,,,,,,,4 Attempts - 20 Races total,15,Day 3,,,,,,,,,,,,,,,Re-use Day 2 - Team Comp 1 as Day 3 - Team Comp 1,A Group,,,,,,,,,,4 Attempts - 20 Races total,15,Go to Submit page,,,,,,,,,,,,,,,Re-use Day 3 - Team Comp 1 as Day 4 - Team Comp 1,A Group,,,,,,,,,,4 Attempts - 20 Races total,11,Go to Submit page,,,,,,,,,,,,,,,,,,,,,,,,,,,,,,,,,,,,,,,,,,,,,,,,,
9/25/2026 9:00:10,Jamelephant,Graded (No Uma Restrictions),Win A finals,I accept these terms,Finals,"iOS - phone or tablet, Android - phone or tablet",$1001-5000,1665,21-30 (roughly 3-4 per day),11-20 (roughly 2-3 per day),"Discord - MooMooCord - https://discord.com/invite/moomoocows, YouTube - MooMooCows - https://www.youtube.com/@MooMooCows",5,,Oguri Cap (Christmas),End Closer,Ace built for this CM before CM start in Grand Concert scenario,2,,1,,2,1,,Grass Wonder,Late Surger,Debuffer,1,,1,1,2,1,,Agnes Tachyon,Late Surger,Debuffer,1,,1,1,2,1,,4 Attempts - 20 Races total,13,Day 2,,,,,,,,,,,,,,Re-use Day 1 - Team Comp 1 as Day 2 - Team Comp 1,,,,,,,,,,4 Attempts - 20 Races total,13,Go to Submit page,,,,,,,,,,,,,,,Re-use Day 2 - Team Comp 1 as Day 3 - Team Comp 1,A Group,,,,,,,,,,4 Attempts - 20 Races total,16,Go to Submit page,,,,,,,,,,,,,,,Re-use Day 3 - Team Comp 1 as Day 4 - Team Comp 1,A Group,,,,,,,,,,4 Attempts - 20 Races total,10,Go to Submit page,,,,,,,,,,,,,,,A Finals,11585,Re-use Day 4 - Team Comp 1 as Finals Team Comp,,,,,,,,,,,1st,,,,,,,,,,,No,,,,,,,,,,
9/25/2026 9:05:07,K4is3r,Graded (No Uma Restrictions),Win A finals,I accept these terms,Finals,"Android - phone or tablet, SteamOS - Steam Deck",$1-100,2060,46+ (more than 6 per day),11-20 (roughly 2-3 per day),"Discord - MooMooCord - https://discord.com/invite/moomoocows, YouTube - MooMooCows - https://www.youtube.com/@MooMooCows",5,,Mihono Bourbon (Valentine),Front Runner,Ace built for this CM before CM start in Grand Concert scenario,2,1,0,0,2,0,,Seiun Sky,Front Runner,Ace built for this CM before CM start in Grand Concert scenario,3,0,0,0,2,1,,Grass Wonder,Late Surger,Debuffer,,,,,,,,4 Attempts - 20 Races total,19,Day 2,,,,,,,,,,,,,,Re-use Day 1 - Team Comp 1 as Day 2 - Team Comp 1,,,,,,,,,,4 Attempts - 20 Races total,20,Day 3,,,,,,,,,,,,,,,Re-use Day 2 - Team Comp 1 as Day 3 - Team Comp 1,A Group,,,,,,,,,,4 Attempts - 20 Races total,15,Day 4,,,,,,,,,,,,,,,Re-use Day 3 - Team Comp 1 as Day 4 - Team Comp 1,A Group,,,,,,,,,,4 Attempts - 20 Races total,16,Go to Submit page,,,,,,,,,,,,,,,A Finals,10943,Re-use Day 4 - Team Comp 1 as Finals Team Comp,,,,,,,,,,https://drive.google.com/open?id=12NjoZhozFrtqfUgBslWD32yHO3y3eve0,1st,,,,,,,,,,,Yes,Don't rush. Don't get impatient. Let's cruise along at our own pace,,https://drive.google.com/open?id=19ugrS-mWyQTG46v-floJ9pvzXJ-ytvJf,https://drive.google.com/open?id=1pB9LmRX9enG4NzvU_tt61GBQ9vsOXOT6,,15,2,,,https://drive.google.com/open?id=1zDgwJj_6CbUBmzVCmlLjfBnHESSievFL
9/22/2026 7:35:12,LariatSs,Graded (No Uma Restrictions),Win A finals,I accept these terms,Day 1,,,,,,,,,Admire Vega,End Closer,Ace built for this CM before CM start in Grand Concert scenario,2,1,,,2,1,,Nice Nature (Cheerleader),Front Runner,Debuffer,1,,1,,3,1,,Nakayama Festa,Late Surger,Ace built for this CM before CM start in Grand Concert scenario,3,1,,,1,1,,4 Attempts - 20 Races total,17,Day 2,,,,,,,,,,,,,,Re-use Day 1 - Team Comp 1 as Day 2 - Team Comp 1,,,,,,,,,,4 Attempts - 20 Races total,17,Day 3,,,,,,,,,,,,,,,Re-use Day 2 - Team Comp 1 as Day 3 - Team Comp 1,A Group,,,,,,,,,,4 Attempts - 20 Races total,13,Go to Submit page,,,,,,,,,,,,,,,,,,,,,,,,,,,,,,,,,,,,,,,,,,,,,,,,,,,,,,,,,,,,,,,,,,,,,,,,,,,,,
9/26/2026 2:06:20,Naichi,Graded (No Uma Restrictions),Get into A finals,I accept these terms,Day 4,"Android - phone or tablet, Windows",$1-100,1725,6-10 (roughly 1 per day),11-20 (roughly 2-3 per day),,,,Tamamo Cross (Festival),Pace Chaser,Ace built for this CM before CM start in Grand Concert scenario,2,1,0,0,2,1,0,Oguri Cap (Christmas),End Closer,Ace built for this CM before CM start in Grand Concert scenario,3,0,0,0,2,1,0,Nice Nature,Late Surger,Debuffer,,,,,,,,4 Attempts - 20 Races total,17,Day 2,,,,,,,,,,,,,,Re-use Day 1 - Team Comp 1 as Day 2 - Team Comp 1,,,,,,,,,,4 Attempts - 20 Races total,19,Day 3,,,,,,,,,,,,,,,Re-use Day 2 - Team Comp 1 as Day 3 - Team Comp 1,A Group,,,,,,,,,,4 Attempts - 20 Races total,12,Go to Submit page,,,,,,,,,,,,,,,Re-use Day 3 - Team Comp 1 as Day 4 - Team Comp 1,A Group,,,,,,,,,,4 Attempts - 20 Races total,17,Finals,,,,,,,,,,,,,,,A Finals,10137,Re-use Day 4 - Team Comp 1 as Finals Team Comp,,,,,,,,,,https://drive.google.com/open?id=1geiaLBPp71YdeJ1XDShP7Dp7REUYCIxF,1st,,,,,,,,,,,Yes,TAMAMOO,https://drive.google.com/open?id=1jVeqaNpPiku-VI1cf_ztGqDo2KS58_WW,https://drive.google.com/open?id=1yifCmh5o60UfBLvey9CBt5BZluXHFxUF,,2,12,0,0,0,https://drive.google.com/open?id=1XPMLjRYy5bCKra-C9BPbP8G61C8TD2nE
9/25/2026 11:59:12,pppp,Graded (No Uma Restrictions),Get into A finals,I accept these terms,Finals,Windows,$101-500,1529,11-20 (roughly 2-3 per day),11-20 (roughly 2-3 per day),Discord - MooMooCord - https://discord.com/invite/moomoocows,5,,Oguri Cap (Christmas),End Closer,Ace built for this CM before CM start in Grand Concert scenario,2,1,0,0,2,1,0,Grass Wonder,End Closer,Debuffer,,,,,,,,Agnes Tachyon,End Closer,Debuffer,,,,,,,,4 Attempts - 20 Races total,14,Day 2,,,,,,,,,,,,,,Re-use Day 1 - Team Comp 1 as Day 2 - Team Comp 1,,,,,,,,,,4 Attempts - 20 Races total,16,Day 3,,,,,,,,,,,,,,,Re-use Day 2 - Team Comp 1 as Day 3 - Team Comp 1,A Group,,,,,,,,,,4 Attempts - 20 Races total,12,Go to Submit page,,,,,,,,,,,,,,,Re-use Day 3 - Team Comp 1 as Day 4 - Team Comp 1,A Group,,,,,,,,,,4 Attempts - 20 Races total,13,Go to Submit page,,,,,,,,,,,,,,,A Finals,,Re-use Day 4 - Team Comp 1 as Finals Team Comp,,,,,,,,,,,3rd,No (goes to Submit page),,,,,,,,,,,,,,,,,,,,
9/25/2026 15:16:29,Dustbucket,Graded (No Uma Restrictions),Win A finals,I accept these terms,Finals,"iOS - phone or tablet, Windows",$101-500,1119,6-10 (roughly 1 per day),0-5 (less than 1 per day),"Discord - MooMooCord - https://discord.com/invite/moomoocows, Twitch - MooMooCows - https://www.twitch.tv/moomoomoocows, YouTube - MooMooCows - https://www.youtube.com/@MooMooCows",5,,Rice Shower,Pace Chaser,Ace built for this CM before CM start in Grand Concert scenario,3,0,0,0,2,1,0,Nice Nature,End Closer,Debuffer,1,1,1,0,2,1,0,Super Creek (Halloween),Late Surger,Debuffer,1,1,1,0,3,0,0,4 Attempts - 20 Races total,13,Day 2,,,,,,,,,,,,,,Re-use Day 1 - Team Comp 1 as Day 2 - Team Comp 1,,,,,,,,,,4 Attempts - 20 Races total,15,Go to Submit page,,,,,,,,,,,,,,,Re-use Day 2 - Team Comp 1 as Day 3 - Team Comp 1,A Group,,,,,,,,,,4 Attempts - 20 Races total,15,Day 1,,,,,,,,,,,,,,,Re-use Day 3 - Team Comp 1 as Day 4 - Team Comp 1,A Group,,,,,,,,,,4 Attempts - 20 Races total,12,Go to Submit page,,,,,,,,,,,,,,,A Finals,12936,Re-use Day 4 - Team Comp 1 as Finals Team Comp,,,,,,,,,,https://drive.google.com/open?id=1ejYHPcHaVWdHxX3NjnO2mp15oEOixjHV,1st,,,,,,,,,,,Yes,Festive Miracle is one hell of a drug,https://drive.google.com/open?id=1qpbfrgmzGhsWs4tfKIXWhBWYKYxxUyMd,https://drive.google.com/open?id=1YxD2rssQOkFlfqrMnm6JuN12XHF9qACE,,0,7,0,0,0,https://drive.google.com/open?id=1CgCqcA6YlLhMz5Zha0GMj-HvPqlHb4Bo
9/25/2026 7:52:24,th1rte3n,Graded (No Uma Restrictions),Win A finals,I accept these terms,Day 4,,$1001-5000,3195,46+ (more than 6 per day),11-20 (roughly 2-3 per day),"Discord - MooMooCord - https://discord.com/invite/moomoocows, Twitch - MooMooCows - https://www.twitch.tv/moomoomoocows, YouTube - MooMooCows - https://www.youtube.com/@MooMooCows",,,Oguri Cap (Christmas),End Closer,Ace built for this CM before CM start in Grand Concert scenario,2,1,0,0,2,1,0,Symboli Rudolf,End Closer,Debuffer,1,0,2,,3,0,0,Eishin Flash (Valentine),Front Runner,Debuffer,1,0,2,0,3,0,0,4 Attempts - 20 Races total,16,Day 2,,,,,,,,,,,,,,Re-use Day 1 - Team Comp 1 as Day 2 - Team Comp 1,,,,,,,,,,4 Attempts - 20 Races total,18,Day 3,,,,,,,,,,,,,,,Re-use Day 2 - Team Comp 1 as Day 3 - Team Comp 1,A Group,,,,,,,,,,4 Attempts - 20 Races total,14,Go to Submit page,,,,,,,,,,,,,,,Re-use Day 3 - Team Comp 1 as Day 4 - Team Comp 1,A Group,,,,,,,,,,4 Attempts - 20 Races total,16,Finals,,,,,,,,,,,,,,,A Finals,13318,Re-use Day 4 - Team Comp 1 as Finals Team Comp,,,,,,,,,,https://drive.google.com/open?id=1uXYTvxYNf8GttmG9fPpyD46KMhA8ixVn,1st,,,,,,,,,,,No,,https://drive.google.com/open?id=1rCguge9IgAp3ZYYt-S3yfBhJGM-SQjfa,https://drive.google.com/open?id=1TkiNS7GAPFLef2bnJ4Fs2qYZk1DYVGIY,,,6,6,,2,https://drive.google.com/open?id=1qciuSlgRNvlN9Fzq6aHcWwQSWyUjJ8F4
9/23/2026 5:50:32,Eeuwu,Graded (No Uma Restrictions),Win A finals,I accept these terms,Day 4,Android - phone or tablet,Rather not say,3875,46+ (more than 6 per day),0-5 (less than 1 per day),Discord - MooMooCord - https://discord.com/invite/moomoocows,3,,Narita Taishin (Steampunk),End Closer,Ace built for this CM before CM start in Grand Concert scenario,3,1,,,1,1,,Mejiro Dober (Camping),Late Surger,Ace built for this CM before CM start in Grand Concert scenario,3,1,0,0,0,1,1,Fine Motion,Pace Chaser,Ace built for this CM before CM start in Grand Concert scenario,3,0,0,0,1,1,1,4 Attempts - 20 Races total,17,Go to Submit page,,,,,,,,,,,,,,Re-use Day 1 - Team Comp 1 as Day 2 - Team Comp 1,,,,,,,,,,4 Attempts - 20 Races total,19,Day 1,,,,,,,,,,,,,,,Re-use Day 2 - Team Comp 1 as Day 3 - Team Comp 1,A Group,,,,,,,,,,4 Attempts - 20 Races total,14,Day 2,,,,,,,,,,,,,,,Re-use Day 3 - Team Comp 1 as Day 4 - Team Comp 1,A Group,,,,,,,,,,4 Attempts - 20 Races total,16,Go to Submit page,,,,,,,,,,,,,,,,,,,,,,,,,,,,,,,,,,,,,,,,,,,,,,,,,
9/25/2026 21:03:27,PikaT,Graded (No Uma Restrictions),Win A finals,I accept these terms,Finals,Windows,$0,,21-30 (roughly 3-4 per day),11-20 (roughly 2-3 per day),Friend sent me the link,5,,Vodka,Late Surger,Ace built for this CM before CM start in Grand Concert scenario,3,,,,2,1,,Symboli Rudolf,Late Surger,Ace built for this CM before CM start in Grand Concert scenario,3,,,,2,1,,Tokai Teio,Late Surger,Ace built for this CM before CM start in Grand Concert scenario,3,,,,2,1,,4 Attempts - 20 Races total,9,Day 2,,,,,,,,,,,,,,Re-use Day 1 - Team Comp 1 as Day 2 - Team Comp 1,,,,,,,,,,4 Attempts - 20 Races total,12,Day 3,,,,,,,,,,,,,,,Re-use Day 2 - Team Comp 1 as Day 3 - Team Comp 1,A Group,,,,,,,,,,4 Attempts - 20 Races total,10,Go to Submit page,,,,,,,,,,,,,,,Re-use Day 3 - Team Comp 1 as Day 4 - Team Comp 1,A Group,,,,,,,,,,4 Attempts - 20 Races total,7,Go to Submit page,,,,,,,,,,,,,,,A Finals,12963,Re-use Day 4 - Team Comp 1 as Finals Team Comp,,,,,,,,,,https://drive.google.com/open?id=1nr7MD-iy-wZrVMOh-Jyy4FNZJ1Be3z0I,2nd,Yes,https://drive.google.com/open?id=1Qr1kYt-8IblSbzmqacxYrkYLGk51Urhz,https://drive.google.com/open?id=19yApEm271FJ2fI2P7ignIyA4kyo_BLi0,https://drive.google.com/open?id=1tMetqC2t1Bl5PQSOwGWXK6o3Q-NDjZrn,,14,2,,,https://drive.google.com/open?id=1pNXEz_eQGLhHSSqgCZb-xzKghht8MVbQ,,,,,,,,,,,
9/26/2026 9:34:05,Morideth,Graded (No Uma Restrictions),Win A finals,I accept these terms,Finals,"Android - phone or tablet, Windows",$1001-5000,1249,21-30 (roughly 3-4 per day),0-5 (less than 1 per day),Discord - MooMooCord - https://discord.com/invite/moomoocows,5,,Oguri Cap (Christmas),End Closer,Ace built for this CM before CM start in Grand Concert scenario,2,0,1,0,2,1,0,Symboli Rudolf,End Closer,Debuffer,3,0,0,0,2,1,0,Eishin Flash (Valentine),End Closer,Debuffer,3,0,0,0,2,1,0,4 Attempts - 20 Races total,16,Day 2,,,,,,,,,,,,,,Re-use Day 1 - Team Comp 1 as Day 2 - Team Comp 1,,,,,,,,,,3 Attempts - 15 Races total,7,Day 3,,,,,,,,,,,,,,,Re-use Day 2 - Team Comp 1 as Day 3 - Team Comp 1,A Group,,,,,,,,,,4 Attempts - 20 Races total,12,Go to Submit page,,,,,,,,,,,,,,,Re-use Day 3 - Team Comp 1 as Day 4 - Team Comp 1,A Group,,,,,,,,,,4 Attempts - 20 Races total,18,Go to Submit page,,,,,,,,,,,,,,,A Finals,11081,Re-use Day 4 - Team Comp 1 as Finals Team Comp,,,,,,,,,,,1st,,,,,,,,,,,No,,https://drive.google.com/open?id=1-oWAjYQ6qIvkt9RDq_XZzjGiOGayecJE,https://drive.google.com/open?id=1UY8N8YeYLc5mES7yjWBk6lmrnWi_-9uO,,1,4,6,,,https://drive.google.com/open?id=1GVuSHx-HjUCsYtvmJ886C4cmgKpFca7B
9/25/2026 10:37:27,Lorli,Graded (No Uma Restrictions),Win A finals,I accept these terms,Finals,Android - phone or tablet,$0,2000,46+ (more than 6 per day),6-10 (roughly 1 per day),Discord - MooMooCord - https://discord.com/invite/moomoocows,5,,Oguri Cap (Christmas),End Closer,Ace built for this CM before CM start in Grand Concert scenario,2,1,0,0,2,1,0,Grass Wonder,End Closer,Debuffer,,,,,,,,Nice Nature,Late Surger,Debuffer,,,,,,,,4 Attempts - 20 Races total,12,Day 2,,,,,,,,,,,,,,Re-use Day 1 - Team Comp 1 as Day 2 - Team Comp 1,,,,,,,,,,4 Attempts - 20 Races total,16,Day 3,,,,,,,,,,,,,,,Add new Team Comp as Day 3 - Team Comp 1,A Group,Oguri Cap (Christmas),End Closer,Mid-CM Ace build in Grand Concert scenario,Grass Wonder,End Closer,Debuffer,Agnes Tachyon,End Closer,Debuffer,4 Attempts - 20 Races total,15,Day 4,,,,,,,,,,,,,,,Re-use Day 3 - Team Comp 1 as Day 4 - Team Comp 1,A Group,,,,,,,,,,4 Attempts - 20 Races total,16,Go to Submit page,,,,,,,,,,,,,,,A Finals,10619,Re-use Day 4 - Team Comp 1 as Finals Team Comp,,,,,,,,,,https://drive.google.com/open?id=12ewDA2MFmgY1-lbf9DSfrl56f4S9Gl64,1st,,,,,,,,,,,No,,https://drive.google.com/open?id=1JM3Me0ajZdEnLoBoyVZMtKCPiQ_0C93B,https://drive.google.com/open?id=1V_DIPUqOwruZwEKIqBogFcj85NVnlJf5,,2,5,2,0,4,https://drive.google.com/open?id=1cb7EmgpzaIFGPoyzGa5zaYe2CKi7yAQ2
9/25/2026 8:02:30,ty,Graded (No Uma Restrictions),Get into A finals,I accept these terms,Finals,"Android - phone or tablet, Windows",$1-100,,21-30 (roughly 3-4 per day),0-5 (less than 1 per day),"Discord - MooMooCord - https://discord.com/invite/moomoocows, YouTube - MooMooCows - https://www.youtube.com/@MooMooCows",4,,Admire Vega,End Closer,Ace built for this CM before CM start in Grand Concert scenario,3,1,,,1,1,,Agnes Tachyon,Late Surger,Debuffer,,2,2,,2,,,Nice Nature,Late Surger,Debuffer,,3,1,,2,,,4 Attempts - 20 Races total,12,Day 2,,,,,,,,,,,,,,Re-use Day 1 - Team Comp 1 as Day 2 - Team Comp 1,,,,,,,,,,4 Attempts - 20 Races total,12,Day 3,,,,,,,,,,,,,,,Re-use Day 2 - Team Comp 1 as Day 3 - Team Comp 1,A Group,,,,,,,,,,4 Attempts - 20 Races total,9,Go to Submit page,,,,,,,,,,,,,,,Add a new Team Comp as Day 4 - Team Comp 1,A Group,Admire Vega,End Closer,Ace built for this CM before CM start in Grand Concert scenario,Agnes Tachyon,End Closer,Debuffer,Grass Wonder,End Closer,Debuffer,4 Attempts - 20 Races total,9,Go to Submit page,,,,,,,,,,,,,,,A Finals,11047,Re-use Day 4 - Team Comp 1 as Finals Team Comp,,,,,,,,,,,3rd,No (goes to Submit page),,,,,,,,,,,,,,,,,,,,
9/22/2026 10:56:35,Wum,Graded (No Uma Restrictions),Get into A finals,I accept these terms,Day 1,Windows,$0,949,6-10 (roughly 1 per day),11-20 (roughly 2-3 per day),Discord - MooMooCord - https://discord.com/invite/moomoocows,5,,Oguri Cap (Christmas),End Closer,Ace built for this CM before CM start in Grand Concert scenario,2,1,,,2,1,,Grass Wonder,Late Surger,Debuffer,,,,,,,,Agnes Tachyon,Late Surger,Debuffer,,,,,,,,4 Attempts - 20 Races total,18,Day 2,,,,,,,,,,,,,,Add new Team Comp as Day 2 - Team Comp 1,Oguri Cap (Christmas),End Closer,Mid-CM Ace build in Grand Concert scenario,Agnes Tachyon,Late Surger,Debuffer,Grass Wonder,Late Surger,Debuffer,4 Attempts - 20 Races total,15,Day 3,,,,,,,,,,,,,,,Add new Team Comp as Day 3 - Team Comp 1,A Group,Oguri Cap (Christmas),End Closer,Mid-CM Ace build in Grand Concert scenario,Super Creek (Halloween),Late Surger,Debuffer,Nice Nature,Late Surger,Debuffer,4 Attempts - 20 Races total,20,Go to Submit page,,,,,,,,,,,,,,,,,,,,,,,,,,,,,,,,,,,,,,,,,,,,,,,,,,,,,,,,,,,,,,,,,,,,,,,,,,,,,
9/26/2026 5:02:31,Homu,Graded (No Uma Restrictions),Win A finals,I accept these terms,Day 4,Android - phone or tablet,$0,1339,31-45 (roughly 5-6 per day),11-20 (roughly 2-3 per day),Discord - MooMooCord - https://discord.com/invite/moomoocows,,,Mihono Bourbon,Front Runner,Ace built for this CM before CM start in Grand Concert scenario,3,,0,0,2,1,0,Rice Shower (Halloween),Pace Chaser,Ace built for this CM before CM start in Grand Concert scenario,3,0,0,0,2,0,0,Silence Suzuka,Runaway,Blocker/Overtake target/Throwaway/Niche role,,,,,,,,4 Attempts - 20 Races total,13,Day 2,,,,,,,,,,,,,,Re-use Day 1 - Team Comp 1 as Day 2 - Team Comp 1,,,,,,,,,,4 Attempts - 20 Races total,12,Day 3,,,,,,,,,,,,,,,Re-use Day 2 - Team Comp 1 as Day 3 - Team Comp 1,A Group,,,,,,,,,,4 Attempts - 20 Races total,10,Go to Submit page,,,,,,,,,,,,,,,Re-use Day 3 - Team Comp 1 as Day 4 - Team Comp 1,A Group,,,,,,,,,,4 Attempts - 20 Races total,9,Finals,,,,,,,,,,,,,,,A Finals,7629,Re-use Day 4 - Team Comp 1 as Finals Team Comp,,,,,,,,,,https://drive.google.com/open?id=1W1OiJzVNlhWvMLqN8dw0ZJZiJs4eHXni,1st,,,,,,,,,,,Yes,I’m… not a heel. I’m a hero!,https://drive.google.com/open?id=16LRJ4WkxTVsE-RD7gNsLTkUKu2GCTOAM,https://drive.google.com/open?id=1SSvhGIAokvdFclDDHdiG47Enl6YH23xf,,,14,,,,https://drive.google.com/open?id=1jpAojELzX7Y52Carr3T1tsbHYCQBTGPv
9/22/2026 11:22:48,Myss,Graded (No Uma Restrictions),Win A finals,I accept these terms,Day 1,"iOS - phone or tablet, Windows",$101-500,1252,11-20 (roughly 2-3 per day),0-5 (less than 1 per day),Discord - MooMooCord - https://discord.com/invite/moomoocows,4,,Oguri Cap (Christmas),End Closer,Ace built for this CM before CM start in Grand Concert scenario,2,1,,,2,1,,Tamamo Cross (Festival),Pace Chaser,Ace built for this CM before CM start in Grand Concert scenario,2,1,,,2,0,,Tokai Teio (Anime Collab),Pace Chaser,Ace built for this CM before CM start in Grand Concert scenario,2,1,,,2,0,,3 Attempts - 15 Races total,9,Day 2,,,,,,,,,,,,,,Re-use Day 1 - Team Comp 1 as Day 2 - Team Comp 1,,,,,,,,,,3 Attempts - 15 Races total,11,Day 3,,,,,,,,,,,,,,,Re-use Day 2 - Team Comp 1 as Day 3 - Team Comp 1,A Group,,,,,,,,,,3 Attempts - 15 Races total,9,Go to Submit page,,,,,,,,,,,,,,,,,,,,,,,,,,,,,,,,,,,,,,,,,,,,,,,,,,,,,,,,,,,,,,,,,,,,,,,,,,,,,
9/23/2026 16:27:06,TheHeavenlyRice,Graded (No Uma Restrictions),Win A finals,I accept these terms,Day 3,"iOS - phone or tablet, Windows",,,,,,,,Hishi Amazon,Late Surger,Ace built for this CM before CM start in Grand Concert scenario,3,0,0,,2,1,0,Agnes Tachyon,End Closer,Debuffer,,,,,,,,Nice Nature (Cheerleader),End Closer,Debuffer,,,,,,,,4 Attempts - 20 Races total,12,Day 2,,,,,,,,,,,,,,Re-use Day 1 - Team Comp 1 as Day 2 - Team Comp 1,,,,,,,,,,4 Attempts - 20 Races total,9,Day 3,,,,,,,,,,,,,,,Re-use Day 2 - Team Comp 1 as Day 3 - Team Comp 1,A Group,,,,,,,,,,4 Attempts - 20 Races total,5,Day 4,,,,,,,,,,,,,,,Re-use Day 3 - Team Comp 1 as Day 4 - Team Comp 1,A Group,,,,,,,,,,4 Attempts - 20 Races total,11,Go to Submit page,,,,,,,,,,,,,,,,,,,,,,,,,,,,,,,,,,,,,,,,,,,,,,,,,
9/23/2026 8:56:30,Umaskyl,Graded (No Uma Restrictions),Win A finals,I accept these terms,Day 4,"Android - phone or tablet, Windows",$1-100,,21-30 (roughly 3-4 per day),6-10 (roughly 1 per day),,,,Daiwa Scarlet,Pace Chaser,Ace built for this CM before CM start in Grand Concert scenario,3,0,0,0,2,1,0,Mejiro Dober (Camping),Late Surger,Ace built for this CM before CM start in Grand Concert scenario,2,1,0,0,2,1,,Nice Nature,Late Surger,Debuffer,,,,,,,,4 Attempts - 20 Races total,16,Day 2,,,,,,,,,,,,,,Re-use Day 1 - Team Comp 1 as Day 2 - Team Comp 1,,,,,,,,,,3 Attempts - 15 Races total,10,Day 2 - Add 2nd Team,Add new Team Comp as Day 2 - Team Comp 2,Daiwa Scarlet,Pace Chaser,Ace built for this CM before CM start in Grand Concert scenario,Mejiro Dober (Camping),Late Surger,Ace built for this CM before CM start in Grand Concert scenario,Grass Wonder,End Closer,Debuffer,1 Attempt - 5 Races total,5,2 teams,Day 3,Re-use Day 2 - Team Comp 2 as Day 3 - Team Comp 1,A Group,,,,,,,,,,4 Attempts - 20 Races total,12,Go to Submit page,,,,,,,,,,,,,,,Re-use Day 3 - Team Comp 2 as Day 4 - Team Comp 1,A Group,,,,,,,,,,4 Attempts - 20 Races total,15,Go to Submit page,,,,,,,,,,,,,,,,,,,,,,,,,,,,,,,,,,,,,,,,,,,,,,,,,
9/25/2026 14:45:48,M-AS,Graded (No Uma Restrictions),Win A finals,I accept these terms,Day 4,"iOS - phone or tablet, Windows",$501-1000,,11-20 (roughly 2-3 per day),0-5 (less than 1 per day),Discord - MooMooCord - https://discord.com/invite/moomoocows,5,,Seiun Sky,Front Runner,Ace built for this CM before CM start in Grand Concert scenario,,,,,,,,Silence Suzuka,Runaway,Blocker/Overtake target/Throwaway/Niche role,,,,,,,,Oguri Cap (Christmas),Pace Chaser,Ace built for this CM before CM start in Grand Concert scenario,,,,,,,,4 Attempts - 20 Races total,13,Day 2,,,,,,,,,,,,,,Re-use Day 1 - Team Comp 1 as Day 2 - Team Comp 1,,,,,,,,,,4 Attempts - 20 Races total,10,Day 3,,,,,,,,,,,,,,,Re-use Day 2 - Team Comp 1 as Day 3 - Team Comp 1,A Group,,,,,,,,,,1 Attempt - 5 Races total,1,Day 3 - Add 2nd Team,Add new Team Comp as Day 3 - Team Comp 2,Oguri Cap (Christmas),End Closer,Mid-CM Ace build in Grand Concert scenario,Grass Wonder,End Closer,Debuffer,Symboli Rudolf,End Closer,Debuffer,3 Attempts - 15 Races total,6,2 teams,Day 4,Add a new Team Comp as Day 4 - Team Comp 1,A Group,Oguri Cap (Christmas),Pace Chaser,Mid-CM Ace build in Grand Concert scenario,Grass Wonder,End Closer,Debuffer,Symboli Rudolf,End Closer,Debuffer,4 Attempts - 20 Races total,14,Finals,,,,,,,,,,,,,,,A Finals,7491,Re-use Day 4 - Team Comp 1 as Finals Team Comp,,,,,,,,,,https://drive.google.com/open?id=1coGPy8YWRbV4Kpjng9N0kRDIgxgbPnQC,1st,,,,,,,,,,,No,,https://drive.google.com/open?id=1nxzUrHsgDo-DNDKMR_VpqyQ5U4oKLZqF,https://drive.google.com/open?id=1G6N2IAupeN8GfOtNAtqAIn030vvsghGO,,0,11,0,0,0,https://drive.google.com/open?id=1UAUP5WODtZvOQVOCc0XYB-89zIFZgWIK
9/25/2026 11:40:48,0bject.,Open (A+ Grade and Lower Umas Only),Get into A finals,I accept these terms,Day 4,"iOS - phone or tablet, Windows",$0,343,6-10 (roughly 1 per day),6-10 (roughly 1 per day),"Discord - MooMooCord - https://discord.com/invite/moomoocows, YouTube - MooMooCows - https://www.youtube.com/@MooMooCows",5,,Special Week,Late Surger,Ace built for this CM before CM start in Unity Cup scenario,2,1,0,0,1,1,0,Gold Ship,End Closer,Ace built for this CM before CM start in Unity Cup scenario,3,0,0,0,2,1,0,Symboli Rudolf,End Closer,Debuffer,,,,,,,,3 Attempts - 15 Races total,14,Day 2,,,,,,,,,,,,,,Re-use Day 1 - Team Comp 1 as Day 2 - Team Comp 1,,,,,,,,,,3 Attempts - 15 Races total,15,Day 3,,,,,,,,,,,,,,,Re-use Day 2 - Team Comp 1 as Day 3 - Team Comp 1,A Group,,,,,,,,,,4 Attempts - 20 Races total,18,Day 4,,,,,,,,,,,,,,,Re-use Day 3 - Team Comp 1 as Day 4 - Team Comp 1,A Group,,,,,,,,,,4 Attempts - 20 Races total,16,Finals,,,,,,,,,,,,,,,A Finals,6657,Re-use Day 4 - Team Comp 1 as Finals Team Comp,,,,,,,,,,,1st,,,,,,,,,,,No,,,,,,,,,,
9/25/2026 6:50:25,Recetyl,Graded (No Uma Restrictions),Get into A finals,I accept these terms,Finals,Windows,$101-500,,31-45 (roughly 5-6 per day),,Discord - MooMooCord - https://discord.com/invite/moomoocows,4,,Admire Vega,End Closer,Ace built for this CM before CM start in Grand Concert scenario,2,1,,,2,1,,Mayano Top Gun (Wedding),End Closer,Debuffer,,,,,,,,Nice Nature,End Closer,Debuffer,,,,,,,,4 Attempts - 20 Races total,15,Day 2,,,,,,,,,,,,,,Re-use Day 1 - Team Comp 1 as Day 2 - Team Comp 1,,,,,,,,,,4 Attempts - 20 Races total,12,Day 3,,,,,,,,,,,,,,,Re-use Day 2 - Team Comp 1 as Day 3 - Team Comp 1,A Group,,,,,,,,,,4 Attempts - 20 Races total,14,Go to Submit page,,,,,,,,,,,,,,,Re-use Day 3 - Team Comp 1 as Day 4 - Team Comp 1,A Group,,,,,,,,,,4 Attempts - 20 Races total,13,Go to Submit page,,,,,,,,,,,,,,,A Finals,10160,Re-use Day 4 - Team Comp 1 as Finals Team Comp,,,,,,,,,,https://drive.google.com/open?id=12THUqYOOug01FouZ6LpT8R9uqA_opBq_,1st,,,,,,,,,,,Yes,"I wish upon this shooting star; she is brightest in the night sky, if only for this brief moment.",https://drive.google.com/open?id=1KB1uk0Sqg9q-YwXQ6uswSSK4AmnOa3t8,https://drive.google.com/open?id=1cfaQ5YGSu587xQ2xPHI1sPkeDrJOsAAa,,3,4,2,,3,https://drive.google.com/open?id=1mCUhJt8AldbFV-cM6AmLuRLV8-X3eEwk
9/25/2026 12:33:39,wata__,Graded (No Uma Restrictions),Win A finals,I accept these terms,Finals,,$1-100,1372,21-30 (roughly 3-4 per day),0-5 (less than 1 per day),,,,Rice Shower (Halloween),Pace Chaser,Ace built for this CM before CM start in Grand Concert scenario,3,,,,2,1,,Meisho Doto (Halloween),Pace Chaser,Ace built for this CM before CM start in Grand Concert scenario,3,,,,2,1,,Silence Suzuka,Runaway,Blocker/Overtake target/Throwaway/Niche role,3,,,,2,1,,4 Attempts - 20 Races total,14,Day 4,,,,,,,,,,,,,,Re-use Day 1 - Team Comp 1 as Day 2 - Team Comp 1,,,,,,,,,,4 Attempts - 20 Races total,15,Day 3,,,,,,,,,,,,,,,Re-use Day 2 - Team Comp 1 as Day 3 - Team Comp 1,A Group,,,,,,,,,,4 Attempts - 20 Races total,15,Go to Submit page,,,,,,,,,,,,,,,Re-use Day 3 - Team Comp 1 as Day 4 - Team Comp 1,A Group,,,,,,,,,,4 Attempts - 20 Races total,10,Go to Submit page,,,,,,,,,,,,,,,A Finals,9267,Re-use Day 4 - Team Comp 1 as Finals Team Comp,,,,,,,,,,https://drive.google.com/open?id=1NTThZlJdebBcNmoSUJnLNeGkHpgfCByt,3rd,Yes,https://drive.google.com/open?id=1S_lfk0xa_ZZIY2riP9gNFp6gDZjw73BT,https://drive.google.com/open?id=1gZbMRg-IREzoOjWWl8G2Z5zZ1kRXVMon,,,15,2,,,https://drive.google.com/open?id=1lvztaWxcpGUxfA9C2RnWxZStNbjbHdFq,,,,,,,,,,,
9/25/2026 23:46:44,snowstorm,Graded (No Uma Restrictions),Win A finals,I accept these terms,Finals,,$0,1469,31-45 (roughly 5-6 per day),31-45 (roughly 5-6 per day),,,,Special Week,End Closer,Ace built for this CM before CM start in Grand Concert scenario,3,,,,2,1,,Grass Wonder,Front Runner,Debuffer,,,,,,,,Agnes Tachyon,End Closer,Debuffer,,,,,,,,4 Attempts - 20 Races total,12,Day 2,,,,,,,,,,,,,,Re-use Day 1 - Team Comp 1 as Day 2 - Team Comp 1,,,,,,,,,,4 Attempts - 20 Races total,13,Day 3,,,,,,,,,,,,,,,Re-use Day 2 - Team Comp 1 as Day 3 - Team Comp 1,A Group,,,,,,,,,,4 Attempts - 20 Races total,11,Day 4,,,,,,,,,,,,,,,Re-use Day 3 - Team Comp 1 as Day 4 - Team Comp 1,A Group,,,,,,,,,,4 Attempts - 20 Races total,11,Go to Submit page,,,,,,,,,,,,,,,A Finals,10543,Re-use Day 4 - Team Comp 1 as Finals Team Comp,,,,,,,,,,https://drive.google.com/open?id=1Ok33tKY7bf6gwfUf9sXFIev3pGbsMk9K,1st,,,,,,,,,,,Yes,spechonky the strongest,https://drive.google.com/open?id=1XAbiHpVAWBW9z2fqZ9F96o4_RIJhyuNe,https://drive.google.com/open?id=1YSvqZnpBGyHbPtY6Ci3anxKxt4pI9Q9a,,0,14,0,0,0,https://drive.google.com/open?id=14DFW995sKoimwMQDkrXJHCQ3ysBz_BXi
9/25/2026 11:07:16,Tako,Graded (No Uma Restrictions),70+% Win rate,I accept these terms,Finals,Android - phone or tablet,$0,1450,11-20 (roughly 2-3 per day),11-20 (roughly 2-3 per day),"Discord - MooMooCord - https://discord.com/invite/moomoocows, YouTube - MooMooCows - https://www.youtube.com/@MooMooCows",5,,Daiwa Scarlet,Pace Chaser,Ace built for this CM before CM start in Grand Concert scenario,3,1,,,1,1,,Silence Suzuka,Runaway,Blocker/Overtake target/Throwaway/Niche role,1,1,,,3,1,,Grass Wonder,Late Surger,Debuffer,1,1,,,3,1,,4 Attempts - 20 Races total,16,Day 2,,,,,,,,,,,,,,Re-use Day 1 - Team Comp 1 as Day 2 - Team Comp 1,,,,,,,,,,4 Attempts - 20 Races total,14,Day 3,,,,,,,,,,,,,,,Re-use Day 2 - Team Comp 1 as Day 3 - Team Comp 1,A Group,,,,,,,,,,4 Attempts - 20 Races total,16,Go to Submit page,,,,,,,,,,,,,,,Re-use Day 3 - Team Comp 1 as Day 4 - Team Comp 1,A Group,,,,,,,,,,4 Attempts - 20 Races total,16,Go to Submit page,,,,,,,,,,,,,,,A Finals,10453,Re-use Day 4 - Team Comp 1 as Finals Team Comp,,,,,,,,,,https://drive.google.com/open?id=1K8KUOuTA_0jIo0Lwmys4G-AeVHPjnUAg,1st,,,,,,,,,,,Yes,Yappari atashi ga… ichiban'nan dakara!,https://drive.google.com/open?id=1MzDaWVRqxDw5gg5IqJAn4Y2kMhRB_HUv,https://drive.google.com/open?id=1tmkBpZHuyzhzWiMIfU5SmYUa5y3MlhTH,,,12,2,,,https://drive.google.com/open?id=1I2oUUkazP7p3TRiyeHPhrt08qWjbMvtJ
9/23/2026 16:36:01,Flame Master,Graded (No Uma Restrictions),Get into A finals,I accept these terms,Day 4,Android - phone or tablet,$101-500,938,21-30 (roughly 3-4 per day),6-10 (roughly 1 per day),Discord - MooMooCord - https://discord.com/invite/moomoocows,,,Air Groove,Late Surger,Ace built for this CM before CM start in Grand Concert scenario,2,1,0,0,2,1,0,Nice Nature,Late Surger,Debuffer,1,2,1,0,2,0,0,Super Creek (Halloween),Pace Chaser,Debuffer,1,2,1,0,2,0,0,4 Attempts - 20 Races total,8,Day 3,,,,,,,,,,,,,,Re-use Day 1 - Team Comp 1 as Day 2 - Team Comp 1,,,,,,,,,,4 Attempts - 20 Races total,8,Day 3,,,,,,,,,,,,,,,Add new Team Comp as Day 3 - Team Comp 1,A Group,Air Groove,Late Surger,Ace built for this CM before CM start in Grand Concert scenario,Symboli Rudolf,End Closer,Debuffer,Grass Wonder,Late Surger,Debuffer,2 Attempts - 10 Races total,0,Day 3 - Add 2nd Team,Re-use Day 2 - Team Comp 2 as Day 3 - Team Comp 2,,,,,,,,,,2 Attempts - 10 Races total,5,2 teams,Go to Submit page,Re-use Day 3 - Team Comp 2 as Day 4 - Team Comp 1,A Group,,,,,,,,,,4 Attempts - 20 Races total,3,Go to Submit page,,,,,,,,,,,,,,,,,,,,,,,,,,,,,,,,,,,,,,,,,,,,,,,,,
9/25/2026 9:57:05,Briar,Graded (No Uma Restrictions),Win A finals,I accept these terms,Finals,Android - phone or tablet,,,0-5 (less than 1 per day),0-5 (less than 1 per day),,,,Oguri Cap (Christmas),Pace Chaser,Ace built for older CM,,,,,,,,Agnes Tachyon,Late Surger,Debuffer,,,,,,,,Grass Wonder,Late Surger,Debuffer,,,,,,,,4 Attempts - 20 Races total,12,Day 2,,,,,,,,,,,,,,Re-use Day 1 - Team Comp 1 as Day 2 - Team Comp 1,,,,,,,,,,4 Attempts - 20 Races total,16,Day 3,,,,,,,,,,,,,,,Re-use Day 2 - Team Comp 1 as Day 3 - Team Comp 1,A Group,,,,,,,,,,4 Attempts - 20 Races total,14,Go to Submit page,,,,,,,,,,,,,,,Re-use Day 3 - Team Comp 1 as Day 4 - Team Comp 1,A Group,,,,,,,,,,4 Attempts - 20 Races total,19,Go to Submit page,,,,,,,,,,,,,,,A Finals,10110,Re-use Day 4 - Team Comp 1 as Finals Team Comp,,,,,,,,,,https://drive.google.com/open?id=1DTj7tQAT5aZGpRUTqyv7TJ9lIBuGbptI,3rd,No (goes to Submit page),,,,,,,,,,,,,,,,,,,,
9/25/2026 5:20:07,Dylan,Graded (No Uma Restrictions),Win A finals,I accept these terms,Finals,Android - phone or tablet,$0,1508,6-10 (roughly 1 per day),0-5 (less than 1 per day),Reddit - /r/UmamusumeGame,5,,King Halo,Pace Chaser,Ace built for this CM before CM start in Grand Concert scenario,3,0,0,0,2,1,0,Grass Wonder,Late Surger,Debuffer,1,0,1,1,2,1,0,Eishin Flash (Valentine),Late Surger,Debuffer,1,0,1,1,2,1,0,4 Attempts - 20 Races total,16,Day 2,,,,,,,,,,,,,,Re-use Day 1 - Team Comp 1 as Day 2 - Team Comp 1,,,,,,,,,,4 Attempts - 20 Races total,17,Day 3,,,,,,,,,,,,,,,Re-use Day 2 - Team Comp 1 as Day 3 - Team Comp 1,A Group,,,,,,,,,,4 Attempts - 20 Races total,12,Go to Submit page,,,,,,,,,,,,,,,Re-use Day 3 - Team Comp 1 as Day 4 - Team Comp 1,A Group,,,,,,,,,,4 Attempts - 20 Races total,6,Go to Submit page,,,,,,,,,,,,,,,A Finals,12942,Re-use Day 4 - Team Comp 1 as Finals Team Comp,,,,,,,,,,https://drive.google.com/open?id=1qQL_DJ88yGJy52r5oMukvbsjISJQtYMo,2nd,No (goes to Submit page),,,,,,,,,,,,,,,,,,,,
9/25/2026 15:15:21,MisterGiggles,Graded (No Uma Restrictions),Win A finals,I accept these terms,Finals,,$1001-5000,2007,31-45 (roughly 5-6 per day),0-5 (less than 1 per day),"Twitch - MooMooCows - https://www.twitch.tv/moomoomoocows, YouTube - MooMooCows - https://www.youtube.com/@MooMooCows",5,,Agnes Tachyon,Pace Chaser,Ace built for this CM before CM start in Grand Concert scenario,3,0,0,0,2,1,0,Kawakami Princess,Late Surger,Ace built for this CM before CM start in Grand Concert scenario,3,1,0,0,1,0,0,Grass Wonder,End Closer,Debuffer,1,0,0,0,2,3,0,4 Attempts - 20 Races total,16,Day 2,,,,,,,,,,,,,,Re-use Day 1 - Team Comp 1 as Day 2 - Team Comp 1,,,,,,,,,,4 Attempts - 20 Races total,18,Day 3,,,,,,,,,,,,,,,Re-use Day 2 - Team Comp 1 as Day 3 - Team Comp 1,A Group,,,,,,,,,,4 Attempts - 20 Races total,12,Go to Submit page,,,,,,,,,,,,,,,Re-use Day 3 - Team Comp 1 as Day 4 - Team Comp 1,A Group,,,,,,,,,,4 Attempts - 20 Races total,13,Go to Submit page,,,,,,,,,,,,,,,A Finals,11430,Add new Team Comp as Finals Team Comp,Agnes Tachyon,Pace Chaser,Ace built for this CM before CM start in Grand Concert scenario,Kawakami Princess,Late Surger,Ace built for this CM before CM start in Grand Concert scenario,Silence Suzuka,Runaway,Debuffer,https://drive.google.com/open?id=1mi-RwWC8rLGwocx2n6DCFU2phBfW2red,1st,,,,,,,,,,,Yes,gaming,https://drive.google.com/open?id=1NjpOL-51u896usH4pL6YO6LWkQOHBSkq,https://drive.google.com/open?id=1FVLp1hxL7NpU8JDVG5zw2qWWNaBD2_NF,,,14,3,,,https://drive.google.com/open?id=11ojSVGe7p38RuDnEJGGgY1cYye2kYOHs
9/23/2026 17:26:17,EvnSparks,Graded (No Uma Restrictions),Get into A finals,I accept these terms,Day 4,"iOS - phone or tablet, Windows",$101-500,1193,11-20 (roughly 2-3 per day),0-5 (less than 1 per day),Discord - MooMooCord - https://discord.com/invite/moomoocows,5,,Oguri Cap (Christmas),End Closer,Ace built for this CM before CM start in Grand Concert scenario,3,0,0,0,2,1,0,Grass Wonder,Late Surger,Debuffer,,,,,,,,Symboli Rudolf,Late Surger,Debuffer,,,,,,,,4 Attempts - 20 Races total,15,Day 2,,,,,,,,,,,,,,Re-use Day 1 - Team Comp 1 as Day 2 - Team Comp 1,,,,,,,,,,4 Attempts - 20 Races total,15,Day 3,,,,,,,,,,,,,,,Re-use Day 2 - Team Comp 1 as Day 3 - Team Comp 1,A Group,,,,,,,,,,4 Attempts - 20 Races total,14,Go to Submit page,,,,,,,,,,,,,,,Re-use Day 3 - Team Comp 1 as Day 4 - Team Comp 1,A Group,,,,,,,,,,4 Attempts - 20 Races total,13,Go to Submit page,,,,,,,,,,,,,,,,,,,,,,,,,,,,,,,,,,,,,,,,,,,,,,,,,
9/25/2026 15:58:32,Splatman678,Graded (No Uma Restrictions),Get into A finals,I accept these terms,Finals,Windows,$0,1240,0-5 (less than 1 per day),0-5 (less than 1 per day),,,,Satono Diamond,Late Surger,Ace built for this CM before CM start in Grand Concert scenario,3,,,,2,1,,Nice Nature (Cheerleader),Late Surger,Hybrid (ace + debuffer),2,1,,,2,1,,Eishin Flash (Valentine),Late Surger,Hybrid (ace + debuffer),2,1,,,2,1,,4 Attempts - 20 Races total,15,Day 2,,,,,,,,,,,,,,Re-use Day 1 - Team Comp 1 as Day 2 - Team Comp 1,,,,,,,,,,4 Attempts - 20 Races total,12,Day 3,,,,,,,,,,,,,,,Re-use Day 2 - Team Comp 1 as Day 3 - Team Comp 1,A Group,,,,,,,,,,4 Attempts - 20 Races total,8,Go to Submit page,,,,,,,,,,,,,,,Re-use Day 3 - Team Comp 1 as Day 4 - Team Comp 1,A Group,,,,,,,,,,4 Attempts - 20 Races total,8,Go to Submit page,,,,,,,,,,,,,,,A Finals,11016,Re-use Day 4 - Team Comp 1 as Finals Team Comp,,,,,,,,,,https://drive.google.com/open?id=15HTeDY-qSPWqjji1d-ryPkM2mixTlX-G,2nd,Yes,https://drive.google.com/open?id=1zaGkNzd0HiBtdoGofXcFDXKZG8CmcaAF,https://drive.google.com/open?id=15_wQD07fnPvKKQv3EXd8eXza0L8RSwTh,,,17,,,,https://drive.google.com/open?id=1IsqNhHYlHHSS2a-N84cT3JB6VxD7hOK5,,,,,,,,,,,
9/25/2026 6:31:16,Incinerize,Graded (No Uma Restrictions),Win A finals,I accept these terms,Finals,Android - phone or tablet,$1-100,1745,,,Discord - MooMooCord - https://discord.com/invite/moomoocows,,,Oguri Cap (Christmas),Pace Chaser,Ace built for this CM before CM start in Grand Concert scenario,3,,,,2,0,,Grass Wonder,Late Surger,Debuffer,,,,,,,,Symboli Rudolf,End Closer,Debuffer,,,,,,,,4 Attempts - 20 Races total,14,Day 2,,,,,,,,,,,,,,Re-use Day 1 - Team Comp 1 as Day 2 - Team Comp 1,,,,,,,,,,4 Attempts - 20 Races total,16,Go to Submit page,,,,,,,,,,,,,,,Add new Team Comp as Day 3 - Team Comp 1,A Group,Oguri Cap (Christmas),Pace Chaser,Mid-CM Ace build in Grand Concert scenario,Grass Wonder,Late Surger,Debuffer,Symboli Rudolf,End Closer,Debuffer,4 Attempts - 20 Races total,19,Go to Submit page,,,,,,,,,,,,,,,Re-use Day 3 - Team Comp 1 as Day 4 - Team Comp 1,A Group,,,,,,,,,,4 Attempts - 20 Races total,11,Go to Submit page,,,,,,,,,,,,,,,A Finals,10001,Re-use Day 4 - Team Comp 1 as Finals Team Comp,,,,,,,,,,,2nd,No (goes to Submit page),,,,,,,,,,,,,,,,,,,,
9/25/2026 6:12:29,Duy,Graded (No Uma Restrictions),Win A finals,I accept these terms,Finals,"iOS - phone or tablet, Windows",$0,2140,11-20 (roughly 2-3 per day),46+ (more than 6 per day),,4,,Agnes Tachyon,Pace Chaser,Ace built for this CM before CM start in Grand Concert scenario,2,0,1,0,2,1,0,Gold Ship,End Closer,Ace built for this CM before CM start in Grand Concert scenario,2,0,0,0,3,1,0,Silence Suzuka,Front Runner,Ace built for this CM before CM start in Grand Concert scenario,2,0,1,0,2,1,0,4 Attempts - 20 Races total,12,Day 2,,,,,,,,,,,,,,Re-use Day 1 - Team Comp 1 as Day 2 - Team Comp 1,,,,,,,,,,4 Attempts - 20 Races total,12,Day 3,,,,,,,,,,,,,,,Re-use Day 2 - Team Comp 1 as Day 3 - Team Comp 1,A Group,,,,,,,,,,4 Attempts - 20 Races total,11,Go to Submit page,,,,,,,,,,,,,,,Re-use Day 3 - Team Comp 1 as Day 4 - Team Comp 1,A Group,,,,,,,,,,4 Attempts - 20 Races total,11,Go to Submit page,,,,,,,,,,,,,,,A Finals,7773,Re-use Day 4 - Team Comp 1 as Finals Team Comp,,,,,,,,,,https://drive.google.com/open?id=1ezxbKpml0O2EP8youXeYnamfSEEG4J94,1st,,,,,,,,,,,Yes,Don't you have an Uma heart?,https://drive.google.com/open?id=12B28lTvhu6dfUX3Prb7ZJaf8N2xXidly,,,6,6,2,0,3,https://drive.google.com/open?id=1wXOZeYW49aAD1vLryD6KIsc34gsi3QxR
9/22/2026 18:50:07,default,Graded (No Uma Restrictions),Get into A finals,I accept these terms,Day 1,Android - phone or tablet,$1-100,1506,21-30 (roughly 3-4 per day),11-20 (roughly 2-3 per day),Discord - MooMooCord - https://discord.com/invite/moomoocows,5,,Oguri Cap (Christmas),Pace Chaser,Ace built for older CM,3,0,0,0,2,1,0,Gold Ship,End Closer,Ace built for this CM before CM start in Grand Concert scenario,3,0,0,0,2,1,0,Rice Shower,Pace Chaser,Ace built for this CM before CM start in Grand Concert scenario,3,1,0,0,1,1,0,3 Attempts - 15 Races total,7,Day 1 - Add 2nd Team,Oguri Cap (Christmas),Pace Chaser,Ace built for this CM before CM start in Grand Concert scenario,Gold Ship,End Closer,Ace built for this CM before CM start in Grand Concert scenario,Rice Shower,Pace Chaser,Ace built for this CM before CM start in Grand Concert scenario,1 Attempt - 5 Races total,4,2 teams,Day 2,Add new Team Comp as Day 2 - Team Comp 1,Oguri Cap (Christmas),Pace Chaser,Mid-CM Ace build in Grand Concert scenario,Gold Ship,End Closer,Ace built for this CM before CM start in Grand Concert scenario,Rice Shower,Pace Chaser,Ace built for this CM before CM start in Grand Concert scenario,3 Attempts - 15 Races total,9,Day 2 - Add 2nd Team,Re-use Day 1 - Team Comp 1 as Day 2 - Team Comp 2,,,,,,,,,,1 Attempt - 5 Races total,3,2 teams,Day 3,Re-use Day 2 - Team Comp 1 as Day 3 - Team Comp 1,A Group,,,,,,,,,,4 Attempts - 20 Races total,8,Go to Submit page,,,,,,,,,,,,,,,,,,,,,,,,,,,,,,,,,,,,,,,,,,,,,,,,,,,,,,,,,,,,,,,,,,,,,,,,,,,,,
9/23/2026 6:12:32,asd,Graded (No Uma Restrictions),Rather not say,I accept these terms,Day 4,,,,,,lasercar vfcord big front zamn zamn zamn,,,Kitasan Black,Front Runner,Ace built for this CM before CM start in Grand Concert scenario,2,1,0,0,2,1,0,Agnes Tachyon,End Closer,Debuffer,,,,,,,,Silence Suzuka,Runaway,Debuffer,,,,,,,,4 Attempts - 20 Races total,16,Go to Submit page,,,,,,,,,,,,,,Re-use Day 1 - Team Comp 1 as Day 2 - Team Comp 1,,,,,,,,,,4 Attempts - 20 Races total,19,Day 3,,,,,,,,,,,,,,,Re-use Day 2 - Team Comp 1 as Day 3 - Team Comp 1,A Group,,,,,,,,,,4 Attempts - 20 Races total,18,Go to Submit page,,,,,,,,,,,,,,,Re-use Day 3 - Team Comp 1 as Day 4 - Team Comp 1,A Group,,,,,,,,,,4 Attempts - 20 Races total,17,Go to Submit page,,,,,,,,,,,,,,,,,,,,,,,,,,,,,,,,,,,,,,,,,,,,,,,,,
9/22/2026 20:10:35,limitbroken,Graded (No Uma Restrictions),Win A finals,I accept these terms,Day 1,"Android - phone or tablet, Windows",$1001-5000,347,11-20 (roughly 2-3 per day),6-10 (roughly 1 per day),"Discord - MooMooCord - https://discord.com/invite/moomoocows, Reddit - /r/UmamusumeGame",5,,Admire Vega,End Closer,Ace built for this CM before CM start in Grand Concert scenario,2,1,,,2,,,Rice Shower (Halloween),Pace Chaser,Ace built for this CM before CM start in Grand Concert scenario,2,1,,,2,,,Silence Suzuka,Runaway,Blocker/Overtake target/Throwaway/Niche role,2,,1,,2,,,4 Attempts - 20 Races total,8,Day 2,,,,,,,,,,,,,,Add new Team Comp as Day 2 - Team Comp 1,Admire Vega,End Closer,Mid-CM Ace build in Grand Concert scenario,Rice Shower,Pace Chaser,Ace built for this CM before CM start in Grand Concert scenario,Symboli Rudolf,Front Runner,Debuffer,4 Attempts - 20 Races total,13,Day 3,,,,,,,,,,,,,,,Re-use Day 2 - Team Comp 2 as Day 3 - Team Comp 1,A Group,,,,,,,,,,4 Attempts - 20 Races total,12,Go to Submit page,,,,,,,,,,,,,,,,,,,,,,,,,,,,,,,,,,,,,,,,,,,,,,,,,,,,,,,,,,,,,,,,,,,,,,,,,,,,,
9/25/2026 9:26:10,Guster,Graded (No Uma Restrictions),Get into A finals,I accept these terms,Finals,iOS - phone or tablet,$0,1225,21-30 (roughly 3-4 per day),6-10 (roughly 1 per day),Discord - MooMooCord - https://discord.com/invite/moomoocows,5,,Nice Nature (Cheerleader),Late Surger,Ace built for this CM before CM start in Grand Concert scenario,3,0,0,0,2,1,0,Matikanetannhauser,Late Surger,Ace built for this CM before CM start in Grand Concert scenario,3,0,0,0,2,1,0,Grass Wonder,Late Surger,Ace built for this CM before CM start in Grand Concert scenario,2,1,0,0,2,1,0,4 Attempts - 20 Races total,9,Day 2,,,,,,,,,,,,,,Re-use Day 1 - Team Comp 1 as Day 2 - Team Comp 1,,,,,,,,,,4 Attempts - 20 Races total,12,Day 3,,,,,,,,,,,,,,,Re-use Day 2 - Team Comp 1 as Day 3 - Team Comp 1,A Group,,,,,,,,,,4 Attempts - 20 Races total,8,Go to Submit page,,,,,,,,,,,,,,,Re-use Day 3 - Team Comp 1 as Day 4 - Team Comp 1,A Group,,,,,,,,,,4 Attempts - 20 Races total,5,Go to Submit page,,,,,,,,,,,,,,,A Finals,8248,Re-use Day 4 - Team Comp 1 as Finals Team Comp,,,,,,,,,,https://drive.google.com/open?id=1EAdopzArfGwF2pdv_xvsbVIueSAZgG6V,3rd,Yes,https://drive.google.com/open?id=174bDDTFompGr7tGyB_PSOze7d3Mj1i0O,https://drive.google.com/open?id=1zvaSdESyeSf_b06aFZoZbIcOUlf5OxUI,https://drive.google.com/open?id=1PT8fP-T3TCeq7uVlzeBPUDyTkuoeZYhr,0,15,3,0,0,https://drive.google.com/open?id=18R0IGwOqhtv-roXtXYmWjgHAK6QfgML9,,,,,,,,,,,
9/22/2026 20:32:20,lightchip,Graded (No Uma Restrictions),Win A finals,I accept these terms,Day 1,,$0,,,,,,,Mihono Bourbon (Valentine),Front Runner,Ace built for this CM before CM start in Grand Concert scenario,2,1,,,2,1,,Nice Nature,Late Surger,Debuffer,,,,,,,,Grass Wonder,Late Surger,Debuffer,,,,,,,,4 Attempts - 20 Races total,15,Day 2,,,,,,,,,,,,,,Re-use Day 1 - Team Comp 1 as Day 2 - Team Comp 1,,,,,,,,,,4 Attempts - 20 Races total,11,Day 3,,,,,,,,,,,,,,,Re-use Day 2 - Team Comp 1 as Day 3 - Team Comp 1,A Group,,,,,,,,,,4 Attempts - 20 Races total,11,Go to Submit page,,,,,,,,,,,,,,,,,,,,,,,,,,,,,,,,,,,,,,,,,,,,,,,,,,,,,,,,,,,,,,,,,,,,,,,,,,,,,
9/25/2026 10:46:12,Kc,Graded (No Uma Restrictions),Win A finals,I accept these terms,Day 1,Windows,$0,515,6-10 (roughly 1 per day),0-5 (less than 1 per day),Reddit - /r/UmamusumeGame,3,,Inari One (Festival),Late Surger,Ace built for this CM before CM start in Grand Concert scenario,3,1,0,0,1,1,0,Tamamo Cross (Festival),Pace Chaser,Ace built for this CM before CM start in Grand Concert scenario,2,1,0,0,2,1,0,Oguri Cap (Christmas),End Closer,Ace built for this CM before CM start in Grand Concert scenario,2,1,0,0,2,1,0,4 Attempts - 20 Races total,11,Day 2,,,,,,,,,,,,,,Re-use Day 1 - Team Comp 1 as Day 2 - Team Comp 1,,,,,,,,,,1 Attempt - 5 Races total,0,Day 3,,,,,,,,,,,,,,,Re-use Day 2 - Team Comp 1 as Day 3 - Team Comp 1,A Group,,,,,,,,,,2 Attempts - 10 Races total,0,Day 3 - Add 2nd Team,Add new Team Comp as Day 3 - Team Comp 2,Inari One (Festival),Late Surger,Ace built for this CM before CM start in Grand Concert scenario,Symboli Rudolf,End Closer,Debuffer,Grass Wonder,Late Surger,Debuffer,2 Attempts - 10 Races total,6,2 teams,Day 4,Re-use Day 3 - Team Comp 2 as Day 4 - Team Comp 1,A Group,,,,,,,,,,4 Attempts - 20 Races total,10,Finals,,,,,,,,,,,,,,,A Finals,7846,Re-use Day 4 - Team Comp 1 as Finals Team Comp,,,,,,,,,,https://drive.google.com/open?id=17FGkH_1YuMac_A6wpJ93J1pvA9WPfzDW,3rd,No (goes to Submit page),,,,,,,,,,,,,,,,,,,,
9/25/2026 21:26:05,Kimono,Graded (No Uma Restrictions),Win A finals,I accept these terms,Finals,"Android - phone or tablet, Windows",$101-500,1120,6-10 (roughly 1 per day),11-20 (roughly 2-3 per day),Discord - MooMooCord - https://discord.com/invite/moomoocows,5,,Tamamo Cross (Festival),Pace Chaser,Ace built for this CM before CM start in Grand Concert scenario,3,0,0,0,2,1,0,Oguri Cap (Christmas),Pace Chaser,Ace built for older CM,2,0,1,0,2,1,0,Symboli Rudolf,End Closer,Debuffer,1,0,1,0,3,1,0,4 Attempts - 20 Races total,12,Day 2,,,,,,,,,,,,,,Re-use Day 1 - Team Comp 1 as Day 2 - Team Comp 1,,,,,,,,,,4 Attempts - 20 Races total,15,Day 3,,,,,,,,,,,,,,,Re-use Day 2 - Team Comp 1 as Day 3 - Team Comp 1,A Group,,,,,,,,,,4 Attempts - 20 Races total,7,Go to Submit page,,,,,,,,,,,,,,,Re-use Day 3 - Team Comp 1 as Day 4 - Team Comp 1,A Group,,,,,,,,,,4 Attempts - 20 Races total,5,Go to Submit page,,,,,,,,,,,,,,,B Finals,3440,Re-use Day 4 - Team Comp 1 as Finals Team Comp,,,,,,,,,,https://drive.google.com/open?id=1SYuiQxS2nu_jT7aJycNaxhIjfx8QSA8B,1st,,,,,,,,,,,No,,,,,,,,,,
9/25/2026 22:09:10,Dawolfsam,Graded (No Uma Restrictions),Win A finals,I accept these terms,Day 4,"Android - phone or tablet, Windows",$0,1475,21-30 (roughly 3-4 per day),11-20 (roughly 2-3 per day),"Discord - MooMooCord - https://discord.com/invite/moomoocows, YouTube - MooMooCows - https://www.youtube.com/@MooMooCows",5,,Agnes Digital,End Closer,Ace built for this CM before CM start in Grand Concert scenario,2,1,0,0,2,1,0,Tamamo Cross (Festival),Pace Chaser,Ace built for this CM before CM start in Grand Concert scenario,2,1,0,0,2,1,,Nice Nature,Late Surger,Debuffer,3,0,0,0,3,0,0,4 Attempts - 20 Races total,15,Day 2,,,,,,,,,,,,,,Re-use Day 1 - Team Comp 1 as Day 2 - Team Comp 1,,,,,,,,,,4 Attempts - 20 Races total,15,Day 3,,,,,,,,,,,,,,,Add new Team Comp as Day 3 - Team Comp 1,A Group,Agnes Digital,End Closer,Ace built for this CM before CM start in Grand Concert scenario,Tamamo Cross (Festival),Pace Chaser,Ace built for this CM before CM start in Grand Concert scenario,Symboli Rudolf,Front Runner,Debuffer,4 Attempts - 20 Races total,13,Go to Submit page,,,,,,,,,,,,,,,Re-use Day 3 - Team Comp 1 as Day 4 - Team Comp 1,A Group,,,,,,,,,,4 Attempts - 20 Races total,13,Finals,,,,,,,,,,,,,,,A Finals,9197,Re-use Day 4 - Team Comp 1 as Finals Team Comp,,,,,,,,,,https://drive.google.com/open?id=1YsSeGDbAXIrj0RMbMjqhuJKhk9HgBcR2,1st,,,,,,,,,,,No,,https://drive.google.com/open?id=1QCTcrDnm_oVciUBglcCCitdY3DGbMSv_,https://drive.google.com/open?id=12YJHENJKitqy36ZjO3NcMv6ntK3EaF2W,,,13,3,,,https://drive.google.com/open?id=1d2zgxVJvxCqEeiA4nCDBYfBqd7opqbcE
9/26/2026 0:27:25,Smeric,Graded (No Uma Restrictions),Win A finals,I accept these terms,Finals,Windows,$0,759,6-10 (roughly 1 per day),0-5 (less than 1 per day),"Friend sent me the link, Discord - MooMooCord - https://discord.com/invite/moomoocows",5,,Oguri Cap (Christmas),End Closer,Ace built for older CM,3,0,0,0,2,1,0,Nice Nature,Late Surger,Debuffer,,,,,,,,Mejiro Dober,Late Surger,Debuffer,,,,,,,,4 Attempts - 20 Races total,12,Day 2,,,,,,,,,,,,,,Re-use Day 1 - Team Comp 1 as Day 2 - Team Comp 1,,,,,,,,,,4 Attempts - 20 Races total,14,Day 3,,,,,,,,,,,,,,,Re-use Day 2 - Team Comp 1 as Day 3 - Team Comp 1,A Group,,,,,,,,,,4 Attempts - 20 Races total,7,Go to Submit page,,,,,,,,,,,,,,,Re-use Day 3 - Team Comp 1 as Day 4 - Team Comp 1,A Group,,,,,,,,,,4 Attempts - 20 Races total,6,Go to Submit page,,,,,,,,,,,,,,,A Finals,12379,Re-use Day 4 - Team Comp 1 as Finals Team Comp,,,,,,,,,,https://drive.google.com/open?id=12xtZ00jdwo1CqjweHq5NrRb6F8uupxyv,2nd,No (goes to Submit page),,,,,,,,,,,,,,,,,,,,
9/25/2026 10:54:11,Hyacia,Graded (No Uma Restrictions),Get into A finals,I accept these terms,Finals,,$1-100,,6-10 (roughly 1 per day),0-5 (less than 1 per day),,,,King Halo,Late Surger,Ace built for this CM before CM start in Grand Concert scenario,3,1,,,1,1,,Mejiro Dober,Late Surger,Ace built for this CM before CM start in Grand Concert scenario,3,1,,,1,1,,Grass Wonder,Late Surger,Debuffer,,,,1,4,1,,4 Attempts - 20 Races total,12,Day 2,,,,,,,,,,,,,,Re-use Day 1 - Team Comp 1 as Day 2 - Team Comp 1,,,,,,,,,,4 Attempts - 20 Races total,11,Day 3,,,,,,,,,,,,,,,Re-use Day 2 - Team Comp 1 as Day 3 - Team Comp 1,A Group,,,,,,,,,,4 Attempts - 20 Races total,7,Go to Submit page,,,,,,,,,,,,,,,Re-use Day 3 - Team Comp 1 as Day 4 - Team Comp 1,A Group,,,,,,,,,,4 Attempts - 20 Races total,12,Go to Submit page,,,,,,,,,,,,,,,A Finals,9162,Re-use Day 4 - Team Comp 1 as Finals Team Comp,,,,,,,,,,https://drive.google.com/open?id=1CFHY7cZOkKBlJMf-0shkTiSGwfr45Jnl,3rd,No (goes to Submit page),,,,,,,,,,,,,,,,,,,,
9/25/2026 20:32:29,FightKnight,Graded (No Uma Restrictions),Win A finals,I accept these terms,Finals,"Android - phone or tablet, Windows",$501-1000,,6-10 (roughly 1 per day),0-5 (less than 1 per day),YouTube - MooMooCows - https://www.youtube.com/@MooMooCows,,,Symboli Rudolf (Festival),Pace Chaser,Ace built for this CM before CM start in Grand Concert scenario,3,,,,2,1,,Sweep Tosho,End Closer,Ace built for this CM before CM start in Grand Concert scenario,3,,,,2,1,,Mejiro Dober,Late Surger,Ace built for this CM before CM start in Grand Concert scenario,,,,,,,,4 Attempts - 20 Races total,10,Day 2,,,,,,,,,,,,,,Re-use Day 1 - Team Comp 1 as Day 2 - Team Comp 1,,,,,,,,,,4 Attempts - 20 Races total,14,Day 3,,,,,,,,,,,,,,,Re-use Day 2 - Team Comp 1 as Day 3 - Team Comp 1,A Group,,,,,,,,,,4 Attempts - 20 Races total,10,Go to Submit page,,,,,,,,,,,,,,,Re-use Day 3 - Team Comp 1 as Day 4 - Team Comp 1,A Group,,,,,,,,,,4 Attempts - 20 Races total,12,Go to Submit page,,,,,,,,,,,,,,,A Finals,7780,Re-use Day 4 - Team Comp 1 as Finals Team Comp,,,,,,,,,,,2nd,Yes,,,,,,,,,,,,,,,,,,,,
9/25/2026 15:12:01,Arice12180,Graded (No Uma Restrictions),Win A finals,I accept these terms,Day 4,Windows,$501-1000,,31-45 (roughly 5-6 per day),6-10 (roughly 1 per day),Discord - MooMooCord - https://discord.com/invite/moomoocows,5,,Smart Falcon,Front Runner,Ace built for this CM before CM start in Grand Concert scenario,2,1,0,0,2,1,0,Silence Suzuka,Runaway,Debuffer,,,,,,,,Grass Wonder,Front Runner,Debuffer,,,,,,,,4 Attempts - 20 Races total,16,Day 2,,,,,,,,,,,,,,Re-use Day 1 - Team Comp 1 as Day 2 - Team Comp 1,,,,,,,,,,4 Attempts - 20 Races total,15,Day 3,,,,,,,,,,,,,,,Re-use Day 2 - Team Comp 1 as Day 3 - Team Comp 1,A Group,,,,,,,,,,4 Attempts - 20 Races total,15,Go to Submit page,,,,,,,,,,,,,,,Re-use Day 3 - Team Comp 1 as Day 4 - Team Comp 1,A Group,,,,,,,,,,4 Attempts - 20 Races total,11,Finals,,,,,,,,,,,,,,,A Finals,9425,Re-use Day 4 - Team Comp 1 as Finals Team Comp,,,,,,,,,,https://drive.google.com/open?id=10SdcR405ClU6m1ckpLMsucJh3eJFrFJv,1st,,,,,,,,,,,Yes,Tee-hee,https://drive.google.com/open?id=1fTzWcq9Ual9dstd73WR4gf7BQ2fRxvn_,https://drive.google.com/open?id=15ZauaRzwe1NGgqe8jtWnqm3EBbcLhyHg,,2,7,5,,,https://drive.google.com/open?id=15KXnb_6GPczhTigsgCyCYvZ6J5312eu8
9/25/2026 6:40:20,Alexa,Graded (No Uma Restrictions),Get into A finals,I accept these terms,Finals,,,,,,,,,Manhattan Cafe,Late Surger,Ace built for this CM before CM start in Grand Concert scenario,3,0,0,0,2,1,0,Mejiro Dober (Camping),Late Surger,Ace built for this CM before CM start in Grand Concert scenario,2,1,0,0,2,1,0,Oguri Cap (Christmas),End Closer,Ace built for this CM before CM start in Grand Concert scenario,2,1,0,0,2,1,0,4 Attempts - 20 Races total,14,Day 2,,,,,,,,,,,,,,Re-use Day 1 - Team Comp 1 as Day 2 - Team Comp 1,,,,,,,,,,4 Attempts - 20 Races total,14,Day 3,,,,,,,,,,,,,,,Re-use Day 2 - Team Comp 1 as Day 3 - Team Comp 1,A Group,,,,,,,,,,4 Attempts - 20 Races total,8,Day 4,,,,,,,,,,,,,,,Re-use Day 3 - Team Comp 1 as Day 4 - Team Comp 1,A Group,,,,,,,,,,4 Attempts - 20 Races total,11,Go to Submit page,,,,,,,,,,,,,,,A Finals,,Re-use Day 4 - Team Comp 1 as Finals Team Comp,,,,,,,,,,https://drive.google.com/open?id=1HbSiQUvwKgEAGksXBzIYv0CFxis3IPsZ,3rd,No (goes to Submit page),,,,,,,,,,,,,,,,,,,,
9/23/2026 6:56:02,Hastalavista,Graded (No Uma Restrictions),Get into A finals,I accept these terms,Day 1,"iOS - phone or tablet, Android - phone or tablet",$101-500,1668,21-30 (roughly 3-4 per day),6-10 (roughly 1 per day),Discord - MooMooCord - https://discord.com/invite/moomoocows,4,,Oguri Cap (Christmas),Pace Chaser,Ace built for this CM before CM start in Grand Concert scenario,3,,,,2,1,,Agnes Tachyon,End Closer,Debuffer,,,,,,,,Grass Wonder,End Closer,Debuffer,,,,,,,,2 Attempts - 10 Races total,4,Day 2,,,,,,,,,,,,,,Re-use Day 1 - Team Comp 1 as Day 2 - Team Comp 1,,,,,,,,,,2 Attempts - 10 Races total,4,Day 3,,,,,,,,,,,,,,,Re-use Day 2 - Team Comp 1 as Day 3 - Team Comp 1,A Group,,,,,,,,,,4 Attempts - 20 Races total,4,Day 4,,,,,,,,,,,,,,,Re-use Day 3 - Team Comp 1 as Day 4 - Team Comp 1,A Group,,,,,,,,,,4 Attempts - 20 Races total,10,Go to Submit page,,,,,,,,,,,,,,,,,,,,,,,,,,,,,,,,,,,,,,,,,,,,,,,,,
9/25/2026 7:32:13,Naivora,Graded (No Uma Restrictions),Collect participation rewards,I accept these terms,Finals,Android - phone or tablet,$501-1000,1037,0-5 (less than 1 per day),0-5 (less than 1 per day),"Discord - MooMooCord - https://discord.com/invite/moomoocows, YouTube - MooMooCows - https://www.youtube.com/@MooMooCows",5,,Air Groove (Wedding),Pace Chaser,Ace built for this CM before CM start in Grand Concert scenario,3,0,0,0,2,1,0,Agnes Tachyon,Late Surger,Debuffer,,,,,,,,Mayano Top Gun (Wedding),Pace Chaser,Debuffer,,,,,,,,4 Attempts - 20 Races total,8,Day 2,,,,,,,,,,,,,,Re-use Day 1 - Team Comp 1 as Day 2 - Team Comp 1,,,,,,,,,,4 Attempts - 20 Races total,7,Day 3,,,,,,,,,,,,,,,Re-use Day 2 - Team Comp 1 as Day 3 - Team Comp 1,A Group,,,,,,,,,,3 Attempts - 15 Races total,1,Day 4,,,,,,,,,,,,,,,Re-use Day 3 - Team Comp 1 as Day 4 - Team Comp 1,A Group,,,,,,,,,,4 Attempts - 20 Races total,5,Go to Submit page,,,,,,,,,,,,,,,A Finals,9389,Re-use Day 4 - Team Comp 1 as Finals Team Comp,,,,,,,,,,https://drive.google.com/open?id=18nWaO9eeNeZbX2RqfdCnV7qqzAU6dIC7,2nd,Yes,https://drive.google.com/open?id=185giVYpIwJgP7udOpFHZXtZTcJCQL-0u,https://drive.google.com/open?id=1d4GwitvXuc4VkmvQnYFdYMO-fNatQ-zd,,0,12,3,0,0,https://drive.google.com/open?id=1MRbgL8OZO9zSiGVFKk5KeqmPGkouvbr_,,,,,,,,,,,
9/25/2026 7:17:58,Nepped Hazama,Graded (No Uma Restrictions),Win A finals,I accept these terms,Finals,"Android - phone or tablet, Windows",$101-500,737,21-30 (roughly 3-4 per day),21-30 (roughly 3-4 per day),Discord - MooMooCord - https://discord.com/invite/moomoocows,5,,Maruzensky,End Closer,Ace built for this CM before CM start in Grand Concert scenario,2,1,,,2,1,,Mayano Top Gun,Pace Chaser,Ace built for this CM before CM start in Grand Concert scenario,3,,,,2,1,,Tamamo Cross (Festival),Pace Chaser,Ace built for this CM before CM start in Grand Concert scenario,2,1,,,2,1,,4 Attempts - 20 Races total,9,Day 2,,,,,,,,,,,,,,Re-use Day 1 - Team Comp 1 as Day 2 - Team Comp 1,,,,,,,,,,4 Attempts - 20 Races total,10,Day 3,,,,,,,,,,,,,,,Add new Team Comp as Day 3 - Team Comp 1,A Group,Maruzensky,End Closer,Ace built for this CM before CM start in Grand Concert scenario,Mayano Top Gun,Pace Chaser,Ace built for this CM before CM start in Grand Concert scenario,Tamamo Cross (Festival),Pace Chaser,Mid-CM Ace build in Grand Concert scenario,4 Attempts - 20 Races total,5,Day 4,,,,,,,,,,,,,,,Re-use Day 3 - Team Comp 1 as Day 4 - Team Comp 1,A Group,,,,,,,,,,4 Attempts - 20 Races total,8,Go to Submit page,,,,,,,,,,,,,,,A Finals,8843,Re-use Day 4 - Team Comp 1 as Finals Team Comp,,,,,,,,,,https://drive.google.com/open?id=1p7A12AFXlrvcseNdR07BYe6TxdopFHQB,3rd,No (goes to Submit page),,,,,,,,,,,,,,,,,,,,
9/25/2026 8:18:37,TGM,Graded (No Uma Restrictions),Get into A finals,I accept these terms,Finals,"Android - phone or tablet, Windows",$501-1000,895,11-20 (roughly 2-3 per day),6-10 (roughly 1 per day),"Discord - MooMooCord - https://discord.com/invite/moomoocows, YouTube - MooMooCows - https://www.youtube.com/@MooMooCows",5,,,,,,,,,,,,,,,,,,,,,,,,,,,,,,,,,,,,,,,,,,,,,,,,,,,,,,,,,,,,,,,,,,,,,,,,,,,Add new Team Comp as Day 3 - Team Comp 1,A Group,Rice Shower (Halloween),Pace Chaser,Mid-CM Ace build in Grand Concert scenario,Mejiro Dober (Camping),Late Surger,Mid-CM Ace build in Grand Concert scenario,Grass Wonder,Late Surger,Debuffer,4 Attempts - 20 Races total,11,Go to Submit page,,,,,,,,,,,,,,,Add a new Team Comp as Day 4 - Team Comp 1,A Group,Rice Shower (Halloween),Pace Chaser,Mid-CM Ace build in Grand Concert scenario,Mejiro Dober (Camping),Late Surger,Mid-CM Ace build in Grand Concert scenario,Grass Wonder,Late Surger,Debuffer,4 Attempts - 20 Races total,7,Go to Submit page,,,,,,,,,,,,,,,A Finals,6879,Re-use Day 4 - Team Comp 1 as Finals Team Comp,,,,,,,,,,https://drive.google.com/open?id=1y4cp_WPYHjf0LflQAI6ijlOcPbAlJdc_,1st,,,,,,,,,,,No,,https://drive.google.com/open?id=1c3nUunXLV4EXdgTKiDpfy5DHl6C92-E1,https://drive.google.com/open?id=1-iV_iqV_rq9T9xtVhbnG_xWlFQbn_flM,,0,6,9,0,0,https://drive.google.com/open?id=1MOxpYf5DexcqJmUpbPeerl8EbiwIg6Rr
9/23/2026 11:13:40,roboticjo,Graded (No Uma Restrictions),Win A finals,I accept these terms,Day 1,Android - phone or tablet,$1-100,2962,46+ (more than 6 per day),31-45 (roughly 5-6 per day),"Discord - MooMooCord - https://discord.com/invite/moomoocows, YouTube - MooMooCows - https://www.youtube.com/@MooMooCows",4,,Silence Suzuka,Runaway,Ace built for this CM before CM start in Grand Concert scenario,2,,1,,2,1,,Tamamo Cross (Festival),Pace Chaser,Ace built for this CM before CM start in Grand Concert scenario,3,,,,2,1,,Yukino Bijin,Pace Chaser,Ace built for this CM before CM start in Grand Concert scenario,3,,,,2,1,,4 Attempts - 20 Races total,12,Day 2,,,,,,,,,,,,,,Re-use Day 1 - Team Comp 1 as Day 2 - Team Comp 1,,,,,,,,,,4 Attempts - 20 Races total,13,Day 3,,,,,,,,,,,,,,,Re-use Day 2 - Team Comp 1 as Day 3 - Team Comp 1,A Group,,,,,,,,,,4 Attempts - 20 Races total,12,Day 4,,,,,,,,,,,,,,,Re-use Day 3 - Team Comp 1 as Day 4 - Team Comp 1,A Group,,,,,,,,,,4 Attempts - 20 Races total,11,Go to Submit page,,,,,,,,,,,,,,,,,,,,,,,,,,,,,,,,,,,,,,,,,,,,,,,,,
9/25/2026 9:12:34,sora,Graded (No Uma Restrictions),Win A finals,I accept these terms,Finals,"Android - phone or tablet, Windows",$1-100,,,,,,,Oguri Cap (Christmas),End Closer,Ace built for this CM before CM start in Grand Concert scenario,2,1,,,2,1,,Grass Wonder,Front Runner,Debuffer,,,,,,,,Agnes Tachyon,End Closer,Debuffer,,,,,,,,4 Attempts - 20 Races total,19,Day 2,,,,,,,,,,,,,,Re-use Day 1 - Team Comp 1 as Day 2 - Team Comp 1,,,,,,,,,,4 Attempts - 20 Races total,17,Day 3,,,,,,,,,,,,,,,Re-use Day 2 - Team Comp 1 as Day 3 - Team Comp 1,A Group,,,,,,,,,,4 Attempts - 20 Races total,20,Day 4,,,,,,,,,,,,,,,Re-use Day 3 - Team Comp 1 as Day 4 - Team Comp 1,A Group,,,,,,,,,,4 Attempts - 20 Races total,20,Go to Submit page,,,,,,,,,,,,,,,A Finals,11505,Re-use Day 4 - Team Comp 1 as Finals Team Comp,,,,,,,,,,https://drive.google.com/open?id=1890FnctH8nfPXhce1QBu0buKWSqVg-V8,1st,,,,,,,,,,,Yes,This Uma has basically paid back what I spent on her.,https://drive.google.com/open?id=1c0vEIpeBB0_ofK-0W6LrrWyd-MGItwJd,https://drive.google.com/open?id=1PU1qB0Q9jdZnACjMnFlhi-8zJOsOXidE,,2,5,5,0,2,https://drive.google.com/open?id=1B4oM6MpVgAUCi2uPnGFcn7DJ-Cf6ArH-
9/25/2026 22:28:56,xdd,Graded (No Uma Restrictions),Win A finals,I accept these terms,Finals,,$0,1737,11-20 (roughly 2-3 per day),11-20 (roughly 2-3 per day),YouTube - MooMooCows - https://www.youtube.com/@MooMooCows,5,,Oguri Cap (Christmas),End Closer,Ace built for this CM before CM start in Grand Concert scenario,3,,,,1,1,,Nice Nature (Cheerleader),End Closer,Ace built for this CM before CM start in Grand Concert scenario,3,1,,,1,1,,Grass Wonder,Late Surger,Debuffer,2,1,,,3,,,4 Attempts - 20 Races total,18,Day 2,,,,,,,,,,,,,,Re-use Day 1 - Team Comp 1 as Day 2 - Team Comp 1,,,,,,,,,,4 Attempts - 20 Races total,20,Day 3,,,,,,,,,,,,,,,Add new Team Comp as Day 3 - Team Comp 1,A Group,Oguri Cap (Christmas),Pace Chaser,Ace built for this CM before CM start in Grand Concert scenario,Nice Nature (Cheerleader),End Closer,Ace built for this CM before CM start in Grand Concert scenario,Grass Wonder,Late Surger,Debuffer,4 Attempts - 20 Races total,15,Go to Submit page,,,,,,,,,,,,,,,Re-use Day 3 - Team Comp 2 as Day 4 - Team Comp 1,A Group,,,,,,,,,,4 Attempts - 20 Races total,15,Go to Submit page,,,,,,,,,,,,,,,A Finals,11106,Re-use Day 4 - Team Comp 2 as Finals Team Comp,,,,,,,,,,https://drive.google.com/open?id=1qadLbm0SJPbfivDXSE2L7ML3Ugf0e7TQ,1st,,,,,,,,,,,No,,,,,3,,4,7,,https://drive.google.com/open?id=1Um5P_Vq4dyDghSwXOCIYgGt-gVdRpd8n
9/26/2026 16:54:03,BlazingTofu,Graded (No Uma Restrictions),Get into A finals,I accept these terms,Finals,"Android - phone or tablet, Windows",$101-500,~1200,6-10 (roughly 1 per day),0-5 (less than 1 per day),"Discord - MooMooCord - https://discord.com/invite/moomoocows, Twitch - MooMooCows - https://www.twitch.tv/moomoomoocows, YouTube - MooMooCows - https://www.youtube.com/@MooMooCows",5,,Oguri Cap (Christmas),Pace Chaser,Ace built for this CM before CM start in Grand Concert scenario,2,,,,3,1,,Grass Wonder,Late Surger,Debuffer,,,,,,,,Agnes Tachyon,Late Surger,Debuffer,,,,,,,,4 Attempts - 20 Races total,14,Day 2,,,,,,,,,,,,,,Re-use Day 1 - Team Comp 1 as Day 2 - Team Comp 1,,,,,,,,,,4 Attempts - 20 Races total,13,Day 3,,,,,,,,,,,,,,,Re-use Day 2 - Team Comp 1 as Day 3 - Team Comp 1,A Group,,,,,,,,,,4 Attempts - 20 Races total,10,Day 4,,,,,,,,,,,,,,,Re-use Day 3 - Team Comp 1 as Day 4 - Team Comp 1,A Group,,,,,,,,,,4 Attempts - 20 Races total,11,Go to Submit page,,,,,,,,,,,,,,,A Finals,8113,Re-use Day 4 - Team Comp 1 as Finals Team Comp,,,,,,,,,,https://drive.google.com/open?id=1RlWG1d3UAyHQi6hv6NBG9bMM_a8_xu0G,1st,,,,,,,,,,,No,,https://drive.google.com/open?id=18EjvFgfok4B2B5yCMsdazlpdf46fGq2i,https://drive.google.com/open?id=1epyQJ5pySvMzimOhuUVWaPVJ2e6k7o6s,,3,6,9,,,https://drive.google.com/open?id=1KatNe2dO-e6eV8aTmemZfJtB_Aeui_Q1
9/25/2026 11:18:45,Sawako,Graded (No Uma Restrictions),Win A finals,I accept these terms,Finals,"Android - phone or tablet, Windows",$101-500,1853,31-45 (roughly 5-6 per day),11-20 (roughly 2-3 per day),Discord - MooMooCord - https://discord.com/invite/moomoocows,5,give karhumies a raise,Admire Vega,End Closer,Ace built for this CM before CM start in Grand Concert scenario,2,1,0,0,2,1,0,Nice Nature,Front Runner,Debuffer,,,,,,,,Mayano Top Gun (Wedding),Front Runner,Debuffer,,,,,,,,4 Attempts - 20 Races total,14,Day 2,,,,,,,,,,,,,,Re-use Day 1 - Team Comp 1 as Day 2 - Team Comp 1,,,,,,,,,,4 Attempts - 20 Races total,15,Day 3,,,,,,,,,,,,,,,Add new Team Comp as Day 3 - Team Comp 1,A Group,Admire Vega,End Closer,Mid-CM Ace build in Grand Concert scenario,Grass Wonder,Front Runner,Debuffer,Agnes Tachyon,Front Runner,Debuffer,4 Attempts - 20 Races total,11,Day 4,,,,,,,,,,,,,,,Re-use Day 3 - Team Comp 1 as Day 4 - Team Comp 1,A Group,,,,,,,,,,4 Attempts - 20 Races total,14,Go to Submit page,,,,,,,,,,,,,,,A Finals,7237,Re-use Day 4 - Team Comp 1 as Finals Team Comp,,,,,,,,,,,2nd,No (goes to Submit page),,,,,,,,,,,,,,,,,,,,
9/25/2026 5:58:48,viccyvic,Graded (No Uma Restrictions),Win A finals,I accept these terms,Finals,"Android - phone or tablet, Windows",Rather not say,2065,31-45 (roughly 5-6 per day),0-5 (less than 1 per day),YouTube - MooMooCows - https://www.youtube.com/@MooMooCows,,,Narita Taishin (Steampunk),End Closer,Ace built for this CM before CM start in Grand Concert scenario,3,1,0,0,1,1,0,Nice Nature,Late Surger,Debuffer,,,,,,,,Mejiro Dober,Late Surger,Debuffer,,,,,,,,4 Attempts - 20 Races total,20,Day 2,,,,,,,,,,,,,,Re-use Day 1 - Team Comp 1 as Day 2 - Team Comp 1,,,,,,,,,,4 Attempts - 20 Races total,12,Day 3,,,,,,,,,,,,,,,Re-use Day 2 - Team Comp 1 as Day 3 - Team Comp 1,A Group,,,,,,,,,,4 Attempts - 20 Races total,16,Day 4,,,,,,,,,,,,,,,Re-use Day 3 - Team Comp 1 as Day 4 - Team Comp 1,A Group,,,,,,,,,,4 Attempts - 20 Races total,18,Go to Submit page,,,,,,,,,,,,,,,A Finals,12702,Re-use Day 4 - Team Comp 1 as Finals Team Comp,,,,,,,,,,https://drive.google.com/open?id=1ldRVaztCFlOXdqq3cXMf04VVV448Asos,1st,,,,,,,,,,,Yes,Taishin <3,,,,0,6,6,0,2,
9/23/2026 12:09:40,Cutemeow,Graded (No Uma Restrictions),Win A finals,I accept these terms,Day 1,"iOS - phone or tablet, Windows",$0,1005,11-20 (roughly 2-3 per day),11-20 (roughly 2-3 per day),,5,,Seiun Sky,Front Runner,Ace built for this CM before CM start in Grand Concert scenario,3,0,0,0,2,1,,Mayano Top Gun (Wedding),End Closer,Debuffer,,,,,,,,Nice Nature,Late Surger,Debuffer,,,,,,,,4 Attempts - 20 Races total,17,Day 2,,,,,,,,,,,,,,Re-use Day 1 - Team Comp 1 as Day 2 - Team Comp 1,,,,,,,,,,4 Attempts - 20 Races total,15,Day 3,,,,,,,,,,,,,,,Re-use Day 2 - Team Comp 1 as Day 3 - Team Comp 1,A Group,,,,,,,,,,4 Attempts - 20 Races total,12,Day 4,,,,,,,,,,,,,,,Re-use Day 3 - Team Comp 1 as Day 4 - Team Comp 1,A Group,,,,,,,,,,4 Attempts - 20 Races total,16,Go to Submit page,,,,,,,,,,,,,,,,,,,,,,,,,,,,,,,,,,,,,,,,,,,,,,,,,
9/25/2026 8:12:43,Marine,Graded (No Uma Restrictions),Win A finals,I accept these terms,Finals,Android - phone or tablet,$0,1216,21-30 (roughly 3-4 per day),11-20 (roughly 2-3 per day),YouTube - MooMooCows - https://www.youtube.com/@MooMooCows,5,,Gold Ship,End Closer,Ace built for this CM before CM start in Grand Concert scenario,2,,1,,2,1,,Oguri Cap (Christmas),Pace Chaser,Ace built for this CM before CM start in Grand Concert scenario,3,,,,2,1,,Rice Shower,Pace Chaser,Ace built for this CM before CM start in Grand Concert scenario,3,,,,2,1,,4 Attempts - 20 Races total,13,Day 2,,,,,,,,,,,,,,Re-use Day 1 - Team Comp 1 as Day 2 - Team Comp 1,,,,,,,,,,4 Attempts - 20 Races total,12,Day 3,,,,,,,,,,,,,,,Re-use Day 2 - Team Comp 1 as Day 3 - Team Comp 1,A Group,,,,,,,,,,4 Attempts - 20 Races total,9,Day 4,,,,,,,,,,,,,,,Re-use Day 3 - Team Comp 1 as Day 4 - Team Comp 1,A Group,,,,,,,,,,4 Attempts - 20 Races total,9,Go to Submit page,,,,,,,,,,,,,,,A Finals,13291,Re-use Day 4 - Team Comp 1 as Finals Team Comp,,,,,,,,,,https://drive.google.com/open?id=1DW82atjkxMQcYOXiVVuMT74M_lpsIp0-,2nd,Yes,https://drive.google.com/open?id=1-a2xIyUMPl7CXQ5yE4-5261cUqbEt22W,https://drive.google.com/open?id=1mRsRuIpd-_rUOPbH4hBZCrBCzT7X9A25,,,,,,,https://drive.google.com/open?id=1FfQSAMcMcDFbtX8NatJ0WvG1_1PDOBcQ,,,,,,,,,,,
9/23/2026 14:33:52,Chowside,Graded (No Uma Restrictions),Win A finals,I accept these terms,Day 1,"Android - phone or tablet, Windows",$101-500,,11-20 (roughly 2-3 per day),6-10 (roughly 1 per day),YouTube - MooMooCows - https://www.youtube.com/@MooMooCows,,,Oguri Cap (Christmas),Pace Chaser,Ace built for this CM before CM start in Grand Concert scenario,3,0,,,2,,1,Agnes Tachyon,End Closer,Debuffer,,,,,,,,Symboli Rudolf,End Closer,Debuffer,,,,,,,,4 Attempts - 20 Races total,18,Day 2,,,,,,,,,,,,,,Add new Team Comp as Day 2 - Team Comp 1,Oguri Cap (Christmas),Pace Chaser,Ace built for this CM before CM start in Grand Concert scenario,Nakayama Festa,Late Surger,Mid-CM Ace build in Grand Concert scenario,Agnes Tachyon,End Closer,Debuffer,4 Attempts - 20 Races total,17,Day 3,,,,,,,,,,,,,,,Re-use Day 2 - Team Comp 2 as Day 3 - Team Comp 1,A Group,,,,,,,,,,4 Attempts - 20 Races total,15,Day 4,,,,,,,,,,,,,,,Re-use Day 3 - Team Comp 2 as Day 4 - Team Comp 1,A Group,,,,,,,,,,4 Attempts - 20 Races total,16,Go to Submit page,,,,,,,,,,,,,,,,,,,,,,,,,,,,,,,,,,,,,,,,,,,,,,,,,
9/25/2026 11:13:43,Poom,Graded (No Uma Restrictions),Make other people complain more about XOguri,I accept these terms,Finals,"Android - phone or tablet, Windows",$501-1000,1272,31-45 (roughly 5-6 per day),6-10 (roughly 1 per day),Reddit - /r/UmamusumeGame,3,Does the manual career count the number of times that I quit the career before finish or not? Please specify in next time.,Rice Shower (Halloween),Pace Chaser,Ace built for this CM before CM start in Grand Concert scenario,3,,,,2,1,,Mayano Top Gun (Wedding),Late Surger,Hybrid (ace + debuffer),2,1,,,2,1,,Nice Nature,Late Surger,Debuffer,1,,,,4,1,,3 Attempts - 15 Races total,7,Day 2,,,,,,,,,,,,,,Re-use Day 1 - Team Comp 1 as Day 2 - Team Comp 1,,,,,,,,,,1 Attempt - 5 Races total,2,Day 3,,,,,,,,,,,,,,,Add new Team Comp as Day 3 - Team Comp 1,A Group,Rice Shower (Halloween),Pace Chaser,Ace built for this CM before CM start in Grand Concert scenario,Mayano Top Gun (Wedding),Late Surger,Hybrid (ace + debuffer),Silence Suzuka,Runaway,Debuffer,4 Attempts - 20 Races total,8,Day 4,,,,,,,,,,,,,,,Re-use Day 3 - Team Comp 1 as Day 4 - Team Comp 1,A Group,,,,,,,,,,4 Attempts - 20 Races total,10,Go to Submit page,,,,,,,,,,,,,,,A Finals,11977,Re-use Day 4 - Team Comp 1 as Finals Team Comp,,,,,,,,,,https://drive.google.com/open?id=1fK-9bPdIgIBnP61ZK98-Uk1-E36iuR_7,2nd,No (goes to Submit page),,,,,,,,,,,,,,,,,,,,
9/23/2026 15:03:11,Torra,Graded (No Uma Restrictions),Win A finals,I accept these terms,Day 3,iOS - phone or tablet,$1-100,,21-30 (roughly 3-4 per day),11-20 (roughly 2-3 per day),"Discord - MooMooCord - https://discord.com/invite/moomoocows, YouTube - MooMooCows - https://www.youtube.com/@MooMooCows",5,Convenient option to reuse Umas from previously listed comps when listing new teams (e.g. only 1 uma was replaced after Day 1) ,Fine Motion,Pace Chaser,Ace built for this CM before CM start in Grand Concert scenario,3,0,0,0,2,1,0,Oguri Cap (Christmas),End Closer,Ace built for this CM before CM start in Grand Concert scenario,2,1,0,0,2,1,0,Agnes Tachyon,End Closer,Debuffer,,,,,,,,4 Attempts - 20 Races total,19,Day 2,,,,,,,,,,,,,,Re-use Day 1 - Team Comp 1 as Day 2 - Team Comp 1,,,,,,,,,,4 Attempts - 20 Races total,17,Day 4,,,,,,,,,,,,,,,Add new Team Comp as Day 3 - Team Comp 1,A Group,Fine Motion,Pace Chaser,Mid-CM Ace build in Grand Concert scenario,Oguri Cap (Christmas),End Closer,Ace built for this CM before CM start in Grand Concert scenario,Nice Nature,End Closer,Debuffer,4 Attempts - 20 Races total,17,Day 1,,,,,,,,,,,,,,,Re-use Day 3 - Team Comp 1 as Day 4 - Team Comp 1,A Group,,,,,,,,,,4 Attempts - 20 Races total,16,Go to Submit page,,,,,,,,,,,,,,,,,,,,,,,,,,,,,,,,,,,,,,,,,,,,,,,,,
9/23/2026 14:58:29,Gudomana,Graded (No Uma Restrictions),Get into A finals,I accept these terms,Day 1,"Android - phone or tablet, Windows",$101-500,1887,31-45 (roughly 5-6 per day),11-20 (roughly 2-3 per day),Reddit - /r/UmamusumeGame,5,,Oguri Cap (Christmas),Pace Chaser,Ace built for this CM before CM start in Grand Concert scenario,3,0,0,0,2,1,,Gold Ship,End Closer,Ace built for this CM before CM start in Grand Concert scenario,3,0,0,0,2,1,,Symboli Rudolf,Late Surger,Debuffer,3,0,0,0,2,1,,4 Attempts - 20 Races total,13,Day 2,,,,,,,,,,,,,,Re-use Day 1 - Team Comp 1 as Day 2 - Team Comp 1,,,,,,,,,,4 Attempts - 20 Races total,16,Day 3,,,,,,,,,,,,,,,Re-use Day 2 - Team Comp 1 as Day 3 - Team Comp 1,A Group,,,,,,,,,,4 Attempts - 20 Races total,13,Day 4,,,,,,,,,,,,,,,Re-use Day 3 - Team Comp 1 as Day 4 - Team Comp 1,A Group,,,,,,,,,,4 Attempts - 20 Races total,11,Go to Submit page,,,,,,,,,,,,,,,,,,,,,,,,,,,,,,,,,,,,,,,,,,,,,,,,,
9/23/2026 15:17:30,heiya,Graded (No Uma Restrictions),Get into A finals,I accept these terms,Day 1,Android - phone or tablet,$101-500,,,11-20 (roughly 2-3 per day),Reddit - /r/UmamusumeGame,4,Post it at the beginning day of CM,Mayano Top Gun,End Closer,Ace built for this CM before CM start in Grand Concert scenario,3,,,,2,0,,Rice Shower,Pace Chaser,Ace built for this CM before CM start in Grand Concert scenario,3,,,,2,0,,Grass Wonder,Late Surger,Debuffer,1,1,,,3,0,,3 Attempts - 15 Races total,10,Day 2,,,,,,,,,,,,,,Re-use Day 1 - Team Comp 1 as Day 2 - Team Comp 1,,,,,,,,,,3 Attempts - 15 Races total,10,Day 3,,,,,,,,,,,,,,,Re-use Day 2 - Team Comp 1 as Day 3 - Team Comp 1,A Group,,,,,,,,,,4 Attempts - 20 Races total,12,Day 4,,,,,,,,,,,,,,,Re-use Day 3 - Team Comp 1 as Day 4 - Team Comp 1,A Group,,,,,,,,,,4 Attempts - 20 Races total,12,Go to Submit page,,,,,,,,,,,,,,,,,,,,,,,,,,,,,,,,,,,,,,,,,,,,,,,,,
9/25/2026 10:01:35,Master Sparky,Graded (No Uma Restrictions),Get into A finals,I accept these terms,Finals,"Android - phone or tablet, Windows",$1-100,1055,11-20 (roughly 2-3 per day),21-30 (roughly 3-4 per day),Reddit - /r/UmamusumeGame,5,,Admire Vega,End Closer,Ace built for this CM before CM start in Grand Concert scenario,3,1,0,0,2,0,0,Mihono Bourbon (Valentine),Front Runner,Ace built for this CM before CM start in Grand Concert scenario,3,1,0,0,2,0,0,Silence Suzuka,Runaway,Blocker/Overtake target/Throwaway/Niche role,1,0,1,1,2,1,0,4 Attempts - 20 Races total,15,Day 2,,,,,,,,,,,,,,Re-use Day 1 - Team Comp 1 as Day 2 - Team Comp 1,,,,,,,,,,4 Attempts - 20 Races total,13,Day 3,,,,,,,,,,,,,,,Re-use Day 2 - Team Comp 1 as Day 3 - Team Comp 1,A Group,,,,,,,,,,4 Attempts - 20 Races total,14,Day 4,,,,,,,,,,,,,,,Re-use Day 3 - Team Comp 1 as Day 4 - Team Comp 1,A Group,,,,,,,,,,4 Attempts - 20 Races total,13,Go to Submit page,,,,,,,,,,,,,,,A Finals,8989,Re-use Day 4 - Team Comp 1 as Finals Team Comp,,,,,,,,,,https://drive.google.com/open?id=1NSt8_qBpSM09ZW2VpbPkHbeqp_VGrNfn,1st,,,,,,,,,,,No,,https://drive.google.com/open?id=1XeC0jpueD33S9Qgqddv713vJcdaxoGiU,https://drive.google.com/open?id=1aDcY3gw4W1YWjp41YaNkg4nagAL5A4hz,,0,14,0,0,2,https://drive.google.com/open?id=1SF0MqRIAqdX9Cfyy2LeE41u2REKXR6BK
9/25/2026 14:42:10,ShieldRinger,Graded (No Uma Restrictions),Win A finals,I accept these terms,Day 1,"Android - phone or tablet, Windows",$0,"2,014",31-45 (roughly 5-6 per day),6-10 (roughly 1 per day),Reddit - /r/UmamusumeGame,4,,Tokai Teio,Pace Chaser,Ace built for this CM before CM start in Grand Concert scenario,2,1,0,0,2,1,0,Fine Motion,Pace Chaser,Ace built for this CM before CM start in Grand Concert scenario,3,0,0,0,2,1,0,Sweep Tosho,End Closer,Ace built for this CM before CM start in Grand Concert scenario,3,0,0,0,2,1,0,4 Attempts - 20 Races total,9,Day 2,,,,,,,,,,,,,,Re-use Day 1 - Team Comp 1 as Day 2 - Team Comp 1,,,,,,,,,,4 Attempts - 20 Races total,9,Day 3,,,,,,,,,,,,,,,Re-use Day 2 - Team Comp 1 as Day 3 - Team Comp 1,A Group,,,,,,,,,,4 Attempts - 20 Races total,8,Day 4,,,,,,,,,,,,,,,Re-use Day 3 - Team Comp 1 as Day 4 - Team Comp 1,A Group,,,,,,,,,,4 Attempts - 20 Races total,10,Finals,,,,,,,,,,,,,,,A Finals,11103,Re-use Day 4 - Team Comp 1 as Finals Team Comp,,,,,,,,,,https://drive.google.com/open?id=18pXxKnGJOhD1210fgscXLz19mFH9jCgt,3rd,No (goes to Submit page),,,,,,,,,,,,,,,,,,,,
9/26/2026 9:19:16,Yira,Graded (No Uma Restrictions),Get into A finals,I accept these terms,Day 1,Android - phone or tablet,$0,,21-30 (roughly 3-4 per day),6-10 (roughly 1 per day),YouTube - MooMooCows - https://www.youtube.com/@MooMooCows,5,,T.M. Opera O (New Year),Pace Chaser,Ace built for this CM before CM start in Grand Concert scenario,3,1,0,0,1,1,0,Agnes Tachyon,Late Surger,Debuffer,,,,,,,,Grass Wonder,Late Surger,Debuffer,,,,,,,,1 Attempt - 5 Races total,3,Day 1 - Add 2nd Team,T.M. Opera O (New Year),Pace Chaser,Ace built for this CM before CM start in Grand Concert scenario,Mayano Top Gun (Wedding),Late Surger,Debuffer,Nice Nature,Late Surger,Debuffer,3 Attempts - 15 Races total,11,2 teams,Day 2,Re-use Day 1 - Team Comp 1 as Day 2 - Team Comp 1,,,,,,,,,,4 Attempts - 20 Races total,13,Day 3,,,,,,,,,,,,,,,Re-use Day 2 - Team Comp 1 as Day 3 - Team Comp 1,A Group,,,,,,,,,,3 Attempts - 15 Races total,8,Day 3 - Add 2nd Team,Add new Team Comp as Day 3 - Team Comp 2,T.M. Opera O (New Year),Pace Chaser,Ace built for this CM before CM start in Grand Concert scenario,Silence Suzuka,Runaway,Blocker/Overtake target/Throwaway/Niche role,Agnes Tachyon,Late Surger,Debuffer,1 Attempt - 5 Races total,1,2 teams,Day 4,Re-use Day 3 - Team Comp 1 as Day 4 - Team Comp 1,A Group,,,,,,,,,,4 Attempts - 20 Races total,15,Finals,,,,,,,,,,,,,,,A Finals,11926,Re-use Day 4 - Team Comp 1 as Finals Team Comp,,,,,,,,,,https://drive.google.com/open?id=1WJpMHjHE4kDxVcH5LZQRztfqyMwiVb_s,1st,,,,,,,,,,,Yes,"TMO's pants are too strong. Goodbye Xmas Oguri, you will not be missed.",https://drive.google.com/open?id=1DeD53r0J-JYKjEkRIh7HNNIqNasVjTM0,https://drive.google.com/open?id=17u3JTMnR_PQeNS0YRbpjLZpYeyDRrjfa,,0,12,4,0,0,https://drive.google.com/open?id=1S0--IP1NdXcMT_s-YLgjyy5SaO78fas6
9/25/2026 17:39:52,Wraith,Graded (No Uma Restrictions),Win A finals,I accept these terms,Finals,"iOS - phone or tablet, Windows",$501-1000,3041,21-30 (roughly 3-4 per day),21-30 (roughly 3-4 per day),Discord - MooMooCord - https://discord.com/invite/moomoocows,,,Mihono Bourbon (Valentine),Front Runner,Ace built for this CM before CM start in Grand Concert scenario,2,1,0,0,2,1,0,Kitasan Black,Front Runner,Ace built for this CM before CM start in Grand Concert scenario,2,1,0,0,2,1,0,Oguri Cap (Christmas),End Closer,Ace built for this CM before CM start in Grand Concert scenario,2,1,0,0,2,1,0,4 Attempts - 20 Races total,18,Day 2,,,,,,,,,,,,,,Re-use Day 1 - Team Comp 1 as Day 2 - Team Comp 1,,,,,,,,,,4 Attempts - 20 Races total,14,Day 3,,,,,,,,,,,,,,,Re-use Day 2 - Team Comp 1 as Day 3 - Team Comp 1,A Group,,,,,,,,,,4 Attempts - 20 Races total,15,Day 4,,,,,,,,,,,,,,,Re-use Day 3 - Team Comp 1 as Day 4 - Team Comp 1,A Group,,,,,,,,,,4 Attempts - 20 Races total,15,Go to Submit page,,,,,,,,,,,,,,,A Finals,12140,Re-use Day 4 - Team Comp 1 as Finals Team Comp,,,,,,,,,,https://drive.google.com/open?id=1fWkGP97poygtCZ1bCSrQKQET3nHsOxeO,1st,,,,,,,,,,,No,,https://drive.google.com/open?id=19LfS2hgvUP9d6vmmP_Ts4NI09FCriXXU,https://drive.google.com/open?id=1zv-rV3YX7AZGbDp8PbHl8UF-ki5jHX3q,,,,,,,https://drive.google.com/open?id=1DOp9OKpaCJSkO7XdM8VwZ9on2TcH8f2I
9/25/2026 6:23:00,Dexokami,Graded (No Uma Restrictions),Get into A finals,I accept these terms,Go to Submit page,Windows,$0,1100,11-20 (roughly 2-3 per day),6-10 (roughly 1 per day),Discord - MooMooCord - https://discord.com/invite/moomoocows,,,Oguri Cap (Christmas),End Closer,Ace built for this CM before CM start in Grand Concert scenario,2,,,,3,1,,Nice Nature,Late Surger,Debuffer,,,,,,,,Mayano Top Gun (Wedding),Late Surger,Debuffer,,,,,,,,4 Attempts - 20 Races total,17,Day 2,,,,,,,,,,,,,,Re-use Day 1 - Team Comp 1 as Day 2 - Team Comp 1,,,,,,,,,,4 Attempts - 20 Races total,16,Day 3,,,,,,,,,,,,,,,Re-use Day 2 - Team Comp 1 as Day 3 - Team Comp 1,A Group,,,,,,,,,,3 Attempts - 15 Races total,12,Day 3 - Add 2nd Team,Add new Team Comp as Day 3 - Team Comp 2,Oguri Cap (Christmas),End Closer,Ace built for this CM before CM start in Grand Concert scenario,Agnes Tachyon,End Closer,Debuffer,Eishin Flash (Valentine),End Closer,Debuffer,1 Attempt - 5 Races total,5,2 teams,Day 4,Re-use Day 3 - Team Comp 1 as Day 4 - Team Comp 1,A Group,,,,,,,,,,1 Attempt - 5 Races total,3,Day 4 - Add 2nd team,Re-use Day 3 - Team Comp 2 as Day 4 - Team Comp 2,,,,,,,,,,3 Attempts - 15 Races total,9,2 teams,Go to Submit page,A Finals,14929,Re-use Day 4 - Team Comp 2 as Finals Team Comp,,,,,,,,,,https://drive.google.com/open?id=1rJv-EEsffG_tTU2L3U5ylLYNEUVgL_i4,1st,,,,,,,,,,,No,,https://drive.google.com/open?id=1xFZDQxWpuaheVbR0wr1YCoIoPial_7HE,https://drive.google.com/open?id=1HNNecZAdNvU0fM6dFnmDooB65XXcvGzh,,,,,,,https://drive.google.com/open?id=1ozmd0Z42enaedwWbU88YVfZEjxIwKQpu
9/25/2026 6:22:05,Axl,Graded (No Uma Restrictions),Get into A finals,I accept these terms,Finals,Android - phone or tablet,$0,1326,11-20 (roughly 2-3 per day),6-10 (roughly 1 per day),Discord - MooMooCord - https://discord.com/invite/moomoocows,,,Oguri Cap (Christmas),Pace Chaser,Ace built for this CM before CM start in Grand Concert scenario,,,,,,,,Agnes Tachyon,End Closer,Debuffer,,,,,,,,Grass Wonder,End Closer,Debuffer,,,,,,,,4 Attempts - 20 Races total,12,Day 2,,,,,,,,,,,,,,Re-use Day 1 - Team Comp 1 as Day 2 - Team Comp 1,,,,,,,,,,4 Attempts - 20 Races total,14,Day 3,,,,,,,,,,,,,,,Re-use Day 2 - Team Comp 1 as Day 3 - Team Comp 1,A Group,,,,,,,,,,4 Attempts - 20 Races total,11,Day 4,,,,,,,,,,,,,,,Re-use Day 3 - Team Comp 1 as Day 4 - Team Comp 1,A Group,,,,,,,,,,4 Attempts - 20 Races total,15,Go to Submit page,,,,,,,,,,,,,,,A Finals,9471,Re-use Day 4 - Team Comp 1 as Finals Team Comp,,,,,,,,,,https://drive.google.com/open?id=17TVMnoYQaSDXOGTaCaZxDF9YrArQp2Ug,1st,,,,,,,,,,,No,,https://drive.google.com/open?id=1A1ai2pEAosw1edtHULDQe0e17kgiuXn7,https://drive.google.com/open?id=1p-ixPQxNHGHzdhQLeph2GTIh6X0ge5H7,,,,,,,https://drive.google.com/open?id=1tIDZQMSxcDTNRna3KhhnFIsq6BtX5k29
9/25/2026 6:16:45,Haru,Graded (No Uma Restrictions),Get the highest win rate and win the Finals,I accept these terms,Finals,"Android - phone or tablet, Windows",$101-500,3093,46+ (more than 6 per day),0-5 (less than 1 per day),Discord - MooMooCord - https://discord.com/invite/moomoocows,4,,Oguri Cap (Christmas),End Closer,Ace built for this CM before CM start in Grand Concert scenario,1,0,,,1,0,,Nice Nature (Cheerleader),End Closer,Debuffer,,,,,,,,Eishin Flash (Valentine),End Closer,Debuffer,,,,,,,,4 Attempts - 20 Races total,18,Day 2,,,,,,,,,,,,,,Re-use Day 1 - Team Comp 1 as Day 2 - Team Comp 1,,,,,,,,,,4 Attempts - 20 Races total,19,Day 3,,,,,,,,,,,,,,,Re-use Day 2 - Team Comp 1 as Day 3 - Team Comp 1,A Group,,,,,,,,,,4 Attempts - 20 Races total,19,Day 4,,,,,,,,,,,,,,,Re-use Day 3 - Team Comp 1 as Day 4 - Team Comp 1,A Group,,,,,,,,,,4 Attempts - 20 Races total,19,Go to Submit page,,,,,,,,,,,,,,,A Finals,15430,Re-use Day 4 - Team Comp 1 as Finals Team Comp,,,,,,,,,,https://drive.google.com/open?id=1pFraD19Q2kWECYRXyJHpVxSZh1phlE4O,1st,,,,,,,,,,,Yes,"Fck the Oguri haters! We don't claim the Oguri larpers! If you're gonna use Oguri, build her properly! I will solo ace Oguri until Cheval comes out.",https://drive.google.com/open?id=1jkgCRtbQmr1ZlV126CUBdTZPTE6MFrO3,https://drive.google.com/open?id=1AMFy_sHfra70x49U9XZPAU1XhdMjEX0u,,0,4,5,0,2,https://drive.google.com/open?id=108teSFVblCS-YzClkchE31F2_OfylBdx
9/23/2026 19:27:27,MASTER,Graded (No Uma Restrictions),Get into A finals,I accept these terms,Day 1,Android - phone or tablet,$0,,31-45 (roughly 5-6 per day),21-30 (roughly 3-4 per day),Discord - MooMooCord - https://discord.com/invite/moomoocows,5,,Silence Suzuka,Runaway,Blocker/Overtake target/Throwaway/Niche role,1,,1,,3,1,,Daiwa Scarlet,Pace Chaser,Ace built for this CM before CM start in Grand Concert scenario,3,,,,2,1,,Rice Shower,Pace Chaser,Ace built for this CM before CM start in Grand Concert scenario,3,1,,,1,1,,3 Attempts - 15 Races total,4,Day 2,,,,,,,,,,,,,,Re-use Day 1 - Team Comp 1 as Day 2 - Team Comp 1,,,,,,,,,,3 Attempts - 15 Races total,4,Day 3,,,,,,,,,,,,,,,Re-use Day 2 - Team Comp 1 as Day 3 - Team Comp 1,B Group,,,,,,,,,,4 Attempts - 20 Races total,14,Day 4,,,,,,,,,,,,,,,Re-use Day 3 - Team Comp 1 as Day 4 - Team Comp 1,B Group,,,,,,,,,,4 Attempts - 20 Races total,16,Go to Submit page,,,,,,,,,,,,,,,,,,,,,,,,,,,,,,,,,,,,,,,,,,,,,,,,,
9/23/2026 19:44:24,L,Graded (No Uma Restrictions),Win A finals,I accept these terms,Day 4,Android - phone or tablet,$501-1000,2476,31-45 (roughly 5-6 per day),31-45 (roughly 5-6 per day),Reddit - /r/UmamusumeGame,3,a submission webpage like Uma.moe that can detect the details with friend codes will be a lot easier,,,,,,,,,,,,,,,,,,,,,,,,,,,,,,,,,,,,,,,,,,,,,,,,,,,,,,,,,,,,,,,,,,,,,,,,,,,,,,,,,,,,,,,,,,,,,,,,,,,,,,Add a new Team Comp as Day 4 - Team Comp 1,A Group,Oguri Cap (Christmas),End Closer,Ace built for this CM before CM start in Grand Concert scenario,Nice Nature,Late Surger,Debuffer,Symboli Rudolf,Late Surger,Debuffer,4 Attempts - 20 Races total,18,Go to Submit page,,,,,,,,,,,,,,,,,,,,,,,,,,,,,,,,,,,,,,,,,,,,,,,,,
9/25/2026 17:27:37,procker,Graded (No Uma Restrictions),Get into A finals,I accept these terms,Finals,"Android - phone or tablet, Windows",$1-100,659,6-10 (roughly 1 per day),6-10 (roughly 1 per day),"Discord - MooMooCord - https://discord.com/invite/moomoocows, Twitch - MooMooCows - https://www.twitch.tv/moomoomoocows",5,,Oguri Cap (Christmas),End Closer,Ace built for this CM before CM start in Grand Concert scenario,3,,,,2,1,,Agnes Tachyon,Late Surger,Debuffer,,,,,,,,Grass Wonder,Late Surger,Debuffer,,,,,,,,4 Attempts - 20 Races total,10,Day 2,,,,,,,,,,,,,,Re-use Day 1 - Team Comp 1 as Day 2 - Team Comp 1,,,,,,,,,,4 Attempts - 20 Races total,13,Day 3,,,,,,,,,,,,,,,Re-use Day 2 - Team Comp 1 as Day 3 - Team Comp 1,A Group,,,,,,,,,,4 Attempts - 20 Races total,9,Go to Submit page,,,,,,,,,,,,,,,Re-use Day 3 - Team Comp 1 as Day 4 - Team Comp 1,A Group,,,,,,,,,,4 Attempts - 20 Races total,5,Go to Submit page,,,,,,,,,,,,,,,A Finals,9579,Re-use Day 4 - Team Comp 1 as Finals Team Comp,,,,,,,,,,https://drive.google.com/open?id=1mhMqfECexWoX4GIIAyPyd_HbhCH6GfJM,3rd,Yes,https://drive.google.com/open?id=11ZvxzWL_ALgLWgTf9Ez1XZD5bKhWyKt4,https://drive.google.com/open?id=1JaXF5oMEG07Jpj_hBoik0o8t3JHxVfTU,,1,15,,,,https://drive.google.com/open?id=16C3Mwy4sA5NlM96BgnOQ1c05xIGgHhL5,,,,,,,,,,,
9/25/2026 6:02:45,Maelstrom787B,Open (A+ Grade and Lower Umas Only),Get into A finals,I accept these terms,Finals,Android - phone or tablet,$1-100,451,0-5 (less than 1 per day),0-5 (less than 1 per day),Reddit - /r/UmamusumeGame,5,,,,,,,,,,,,,,,,,,,,,,,,,,,,,,,,,,,,,,,,,,,,,,,,,,,,,,,,,,,,,,,,,,,,,,,,,,,,,,,,,,,,,,,,,,,,,,,,,,,,,,,Add a new Team Comp as Day 4 - Team Comp 1,A Group,Aston Machan,Front Runner,Ace built for this CM before CM start in Unity Cup scenario,Curren Chan,Pace Chaser,Ace built for this CM before CM start in Unity Cup scenario,T.M. Opera O,Late Surger,Ace built for this CM before CM start in Unity Cup scenario,4 Attempts - 20 Races total,12,Go to Submit page,,,,,,,,,,,,,,,A Finals,7295,Re-use Day 4 - Team Comp 1 as Finals Team Comp,,,,,,,,,,https://drive.google.com/open?id=1lTM0E91D8OFu6j_7DyW5jX3yYL4T3ECH,2nd,Yes,https://drive.google.com/open?id=1X8JAMnk_Vmnv7dObZ7O8Js8UMfyCkw3e,,,,,,,,https://drive.google.com/open?id=1xkMw0vs86VKqUsBLbXjMRtLTVijl5vBt,,,,,,,,,,,
9/25/2026 5:23:48,Zer0,Graded (No Uma Restrictions),Get into A finals,I accept these terms,Finals,Windows,$0,874,6-10 (roughly 1 per day),0-5 (less than 1 per day),Discord - MooMooCord - https://discord.com/invite/moomoocows,4,,Narita Taishin,End Closer,Ace built for this CM before CM start in Grand Concert scenario,3,,,,2,1,,Admire Vega,End Closer,Ace built for this CM before CM start in Grand Concert scenario,2,,,,3,1,,Oguri Cap,Late Surger,Ace built for this CM before CM start in Grand Concert scenario,2,,1,,2,1,,3 Attempts - 15 Races total,5,Day 2,,,,,,,,,,,,,,Re-use Day 1 - Team Comp 1 as Day 2 - Team Comp 1,,,,,,,,,,3 Attempts - 15 Races total,10,Day 3,,,,,,,,,,,,,,,Re-use Day 2 - Team Comp 1 as Day 3 - Team Comp 1,A Group,,,,,,,,,,4 Attempts - 20 Races total,2,Day 4,,,,,,,,,,,,,,,Re-use Day 3 - Team Comp 1 as Day 4 - Team Comp 1,A Group,,,,,,,,,,3 Attempts - 15 Races total,5,Go to Submit page,,,,,,,,,,,,,,,A Finals,7955,Re-use Day 4 - Team Comp 1 as Finals Team Comp,,,,,,,,,,https://drive.google.com/open?id=1oZKourEMe0oaWDi6sPR5Zvg8vr25TFzX,1st,,,,,,,,,,,No,,https://drive.google.com/open?id=1OjGmKWu83dRHSJv5QQSSOQyhqgG9FnAT,https://drive.google.com/open?id=1Tl59nFkXPW0Gg6EYD1pVMxsYYsEpDWaN,,,16,,,,https://drive.google.com/open?id=1StgT0b0wWlNZxn-pX56MIAL-E1xoRZrd
9/23/2026 21:22:14,Seeher,Graded (No Uma Restrictions),Win A finals,I accept these terms,Day 1,Windows,$0,,31-45 (roughly 5-6 per day),31-45 (roughly 5-6 per day),"Discord - MooMooCord - https://discord.com/invite/moomoocows, Twitch - MooMooCows - https://www.twitch.tv/moomoomoocows",5,,Matikanetannhauser,Late Surger,Ace built for this CM before CM start in Grand Concert scenario,3,0,0,0,2,1,0,Symboli Rudolf,Front Runner,Debuffer,1,1,1,0,2,1,,Grass Wonder,Front Runner,Debuffer,1,1,1,0,2,1,,4 Attempts - 20 Races total,16,Day 2,,,,,,,,,,,,,,Re-use Day 1 - Team Comp 1 as Day 2 - Team Comp 1,,,,,,,,,,4 Attempts - 20 Races total,12,Day 3,,,,,,,,,,,,,,,Re-use Day 2 - Team Comp 1 as Day 3 - Team Comp 1,A Group,,,,,,,,,,4 Attempts - 20 Races total,17,Day 4,,,,,,,,,,,,,,,Re-use Day 3 - Team Comp 1 as Day 4 - Team Comp 1,A Group,,,,,,,,,,4 Attempts - 20 Races total,12,Go to Submit page,,,,,,,,,,,,,,,,,,,,,,,,,,,,,,,,,,,,,,,,,,,,,,,,,
9/25/2026 10:36:22,Malf,Graded (No Uma Restrictions),Get into A finals,I accept these terms,Finals,"Android - phone or tablet, Windows, SteamOS - Steam Deck",$501-1000,2131,46+ (more than 6 per day),0-5 (less than 1 per day),Discord - MooMooCord - https://discord.com/invite/moomoocows,,,Seiun Sky,Front Runner,Ace built for this CM before CM start in Grand Concert scenario,3,1,0,0,1,1,0,Kitasan Black,Front Runner,Ace built for this CM before CM start in Grand Concert scenario,2,0,1,0,2,1,0,Oguri Cap (Christmas),End Closer,Ace built for this CM before CM start in Grand Concert scenario,2,0,1,0,2,1,0,4 Attempts - 20 Races total,17,Day 2,,,,,,,,,,,,,,Re-use Day 1 - Team Comp 1 as Day 2 - Team Comp 1,,,,,,,,,,4 Attempts - 20 Races total,10,Day 3,,,,,,,,,,,,,,,Re-use Day 2 - Team Comp 1 as Day 3 - Team Comp 1,A Group,,,,,,,,,,4 Attempts - 20 Races total,12,Day 4,,,,,,,,,,,,,,,Re-use Day 3 - Team Comp 1 as Day 4 - Team Comp 1,A Group,,,,,,,,,,4 Attempts - 20 Races total,8,Go to Submit page,,,,,,,,,,,,,,,A Finals,10332,Re-use Day 4 - Team Comp 1 as Finals Team Comp,,,,,,,,,,https://drive.google.com/open?id=1D9fakqA4f3j-PO3oUCmAloQZERljyl2-,1st,,,,,,,,,,,Yes,"Somehow ended up in a 3 Seiun Finals, my Oshi ain't losing to no copycats",https://drive.google.com/open?id=1gip-VaTfJGIo2xbmU0g0q4G8b-lOyf5m,https://drive.google.com/open?id=1wC5FZHjatEUGLEtQNGbmyZ4IMnrPR3Bl,,4,7,0,0,0,https://drive.google.com/open?id=1ksYzyo8Ng0ptDkvd5FnC1UktQdb2-JC7
9/25/2026 21:53:38,xAlse,Graded (No Uma Restrictions),Win A finals,I accept these terms,Finals,Windows,$0,,6-10 (roughly 1 per day),11-20 (roughly 2-3 per day),Discord - MooMooCord - https://discord.com/invite/moomoocows,5,gib giveaways,Oguri Cap (Christmas),End Closer,Ace built for this CM before CM start in Grand Concert scenario,2,1,0,0,2,1,0,Nice Nature,Late Surger,Debuffer,,,,,,,,Super Creek (Halloween),Late Surger,Debuffer,,,,,,,,4 Attempts - 20 Races total,18,Day 2,,,,,,,,,,,,,,Re-use Day 1 - Team Comp 1 as Day 2 - Team Comp 1,,,,,,,,,,4 Attempts - 20 Races total,18,Day 3,,,,,,,,,,,,,,,Re-use Day 2 - Team Comp 1 as Day 3 - Team Comp 1,A Group,,,,,,,,,,4 Attempts - 20 Races total,15,Day 4,,,,,,,,,,,,,,,Re-use Day 3 - Team Comp 1 as Day 4 - Team Comp 1,A Group,,,,,,,,,,4 Attempts - 20 Races total,14,Go to Submit page,,,,,,,,,,,,,,,A Finals,11629,Add new Team Comp as Finals Team Comp,Oguri Cap (Christmas),End Closer,Mid-CM Ace build in Grand Concert scenario,Grass Wonder,Late Surger,Debuffer,Symboli Rudolf,Late Surger,Debuffer,https://drive.google.com/open?id=18ATI9YdeO0Qm9PTVIqBP5zGu-G9WispT,2nd,No (goes to Submit page),,,,,,,,,,,,,,,,,,,,
9/25/2026 6:19:22,Leo B,Graded (No Uma Restrictions),Get into A finals,I accept these terms,Day 1,"Android - phone or tablet, Windows",$0,737,11-20 (roughly 2-3 per day),6-10 (roughly 1 per day),"Discord - MooMooCord - https://discord.com/invite/moomoocows, Twitch - MooMooCows - https://www.twitch.tv/moomoomoocows, YouTube - MooMooCows - https://www.youtube.com/@MooMooCows",4,,Agnes Tachyon,Pace Chaser,Ace built for this CM before CM start in Grand Concert scenario,,,,,,,,Rice Shower,Pace Chaser,Ace built for this CM before CM start in Grand Concert scenario,,,,,,,,Grass Wonder,Late Surger,Debuffer,,,,,,,,3 Attempts - 15 Races total,10,Day 2,,,,,,,,,,,,,,Re-use Day 1 - Team Comp 1 as Day 2 - Team Comp 1,,,,,,,,,,4 Attempts - 20 Races total,11,Day 3,,,,,,,,,,,,,,,Re-use Day 2 - Team Comp 1 as Day 3 - Team Comp 1,A Group,,,,,,,,,,4 Attempts - 20 Races total,13,Day 4,,,,,,,,,,,,,,,Re-use Day 3 - Team Comp 1 as Day 4 - Team Comp 1,A Group,,,,,,,,,,4 Attempts - 20 Races total,14,Finals,,,,,,,,,,,,,,,A Finals,14145,Re-use Day 4 - Team Comp 1 as Finals Team Comp,,,,,,,,,,https://drive.google.com/open?id=1QYmz792X2zvIfkApZX0eQ2jTFlcg3Dh5,2nd,Yes,https://drive.google.com/open?id=11_-2yLn2mc_eRgfj-q9KIi0pcxFpsu8m,https://drive.google.com/open?id=1Q8upCbr8Vj24iywd_qdbbsyOKb8SJIlp,,2,14,,,,https://drive.google.com/open?id=15-nhCgoAwJdlMTD6tOyLobPBmWLtvfPB,,,,,,,,,,,
9/25/2026 8:07:12,Martin,Graded (No Uma Restrictions),Win A finals,I accept these terms,Day 1,Android - phone or tablet,$1-100,,21-30 (roughly 3-4 per day),21-30 (roughly 3-4 per day),YouTube - MooMooCows - https://www.youtube.com/@MooMooCows,5,,El Condor Pasa,Pace Chaser,Ace built for this CM before CM start in Grand Concert scenario,2,,1,,2,1,,Agnes Tachyon,Late Surger,Debuffer,,,,,,,,Grass Wonder,Late Surger,Debuffer,,,,,,,,3 Attempts - 15 Races total,7,Day 1 - Add 2nd Team,El Condor Pasa,Pace Chaser,Mid-CM Ace build in Grand Concert scenario,Agnes Tachyon,Late Surger,Debuffer,Silence Suzuka,Runaway,Blocker/Overtake target/Throwaway/Niche role,1 Attempt - 5 Races total,4,2 teams,Day 2,Re-use Day 1 - Team Comp 2 as Day 2 - Team Comp 1,,,,,,,,,,4 Attempts - 20 Races total,17,Day 3,,,,,,,,,,,,,,,Re-use Day 2 - Team Comp 1 as Day 3 - Team Comp 1,A Group,,,,,,,,,,4 Attempts - 20 Races total,13,Day 4,,,,,,,,,,,,,,,Re-use Day 3 - Team Comp 1 as Day 4 - Team Comp 1,A Group,,,,,,,,,,4 Attempts - 20 Races total,14,Finals,,,,,,,,,,,,,,,A Finals,9379,Re-use Day 4 - Team Comp 1 as Finals Team Comp,,,,,,,,,,https://drive.google.com/open?id=1sIfoAdQEofeOT9FTzw3bKKMzpC-D77Ss,1st,,,,,,,,,,,Yes,Ms. Victoria,https://drive.google.com/open?id=1xvBmLxXTMMfHmcBIJKFMVY56cXnjUVq2,https://drive.google.com/open?id=1_S-rKf1DVT37UHKWCjyoSUK_P2Yg4F5o,,,16,,,,https://drive.google.com/open?id=1A9UN6-YOMPG_6YSoy5r4IeePqitP8JTD
9/25/2026 5:29:35,Aoi,Graded (No Uma Restrictions),Get into A finals,I accept these terms,Finals,Android - phone or tablet,$101-500,,6-10 (roughly 1 per day),0-5 (less than 1 per day),Discord - MooMooCord - https://discord.com/invite/moomoocows,,Now make a soulful category ,Symboli Rudolf,Late Surger,Ace built for this CM before CM start in Grand Concert scenario,2,1,,,2,1,,Narita Brian,Late Surger,Ace built for this CM before CM start in Grand Concert scenario,2,,1,,2,1,,Oguri Cap (Christmas),Pace Chaser,Ace built for this CM before CM start in Grand Concert scenario,2,,1,,2,1,,3 Attempts - 15 Races total,10,Day 2,,,,,,,,,,,,,,Re-use Day 1 - Team Comp 1 as Day 2 - Team Comp 1,,,,,,,,,,3 Attempts - 15 Races total,8,Day 3,,,,,,,,,,,,,,,Re-use Day 2 - Team Comp 1 as Day 3 - Team Comp 1,A Group,,,,,,,,,,4 Attempts - 20 Races total,6,Day 4,,,,,,,,,,,,,,,Re-use Day 3 - Team Comp 1 as Day 4 - Team Comp 1,A Group,,,,,,,,,,3 Attempts - 15 Races total,6,Go to Submit page,,,,,,,,,,,,,,,A Finals,11875,Re-use Day 4 - Team Comp 1 as Finals Team Comp,,,,,,,,,,https://drive.google.com/open?id=1hBhOTlhJTWU2lc-iZEXTfns77nDTEMoa,3rd,No (goes to Submit page),,,,,,,,,,,,,,,,,,,,
9/25/2026 8:17:10,tidalblue2,Graded (No Uma Restrictions),Get into B finals,I accept these terms,Day 4,Android - phone or tablet,$1-100,188,11-20 (roughly 2-3 per day),6-10 (roughly 1 per day),Reddit - /r/UmamusumeGame,4,,,,,,,,,,,,,,,,,,,,,,,,,,,,,,,,,,,,,,,,,,,,,,,,,,,,,,,,,,,,,,,,,,,,,,,,,,,,,,,,,,,,,,,,,,,,,,,,,,,,,,,Re-use Day 3 - Team Comp 1 as Day 4 - Team Comp 1,B Group,,,,,,,,,,2 Attempts - 10 Races total,6,Finals,,,,,,,,,,,,,,,B Finals,865,Re-use Day 4 - Team Comp 1 as Finals Team Comp,,,,,,,,,,https://drive.google.com/open?id=1Hh-ZEr03wHx7YX-Aq0jQmGcY_VcPR0cu,1st,,,,,,,,,,,No,,https://drive.google.com/open?id=1DUY_C16PzHViIf7fVpfiRUBOz7nAfAll,https://drive.google.com/open?id=1qLfBae_mfwWB5IDOMctCzl1CaO3BPrPR,,0,,0,0,0,https://drive.google.com/open?id=1ZLTREzBNXwo-NwRN5H4G78vo1osNPCS0
9/25/2026 1:22:17,Tzerin,Graded (No Uma Restrictions),Win A finals,I accept these terms,Day 1,Windows,$101-500,2381,21-30 (roughly 3-4 per day),11-20 (roughly 2-3 per day),Discord - MooMooCord - https://discord.com/invite/moomoocows,5,,Agnes Tachyon,Pace Chaser,Ace built for this CM before CM start in Grand Concert scenario,,,,,,,,Symboli Rudolf (Festival),Pace Chaser,Ace built for this CM before CM start in Grand Concert scenario,,,,,,,,Oguri Cap (Christmas),End Closer,Ace built for this CM before CM start in Grand Concert scenario,,,,,,,,4 Attempts - 20 Races total,16,Day 2,,,,,,,,,,,,,,Re-use Day 1 - Team Comp 1 as Day 2 - Team Comp 1,,,,,,,,,,4 Attempts - 20 Races total,17,Day 3,,,,,,,,,,,,,,,Re-use Day 2 - Team Comp 1 as Day 3 - Team Comp 1,A Group,,,,,,,,,,4 Attempts - 20 Races total,15,Day 4,,,,,,,,,,,,,,,Re-use Day 3 - Team Comp 1 as Day 4 - Team Comp 1,A Group,,,,,,,,,,4 Attempts - 20 Races total,14,Go to Submit page,,,,,,,,,,,,,,,,,,,,,,,,,,,,,,,,,,,,,,,,,,,,,,,,,
9/25/2026 2:40:30,Agemasen67,Graded (No Uma Restrictions),Win A finals,I accept these terms,Day 1,Android - phone or tablet,$0,554,31-45 (roughly 5-6 per day),31-45 (roughly 5-6 per day),Reddit - /r/UmamusumeGame,5,,Oguri Cap (Christmas),Pace Chaser,Ace built for this CM before CM start in Grand Concert scenario,3,,,,2,0,,Grass Wonder,Late Surger,Debuffer,,,,,,,,Eishin Flash (Valentine),Late Surger,Debuffer,,,,,,,,4 Attempts - 20 Races total,18,Day 2,,,,,,,,,,,,,,Re-use Day 1 - Team Comp 1 as Day 2 - Team Comp 1,,,,,,,,,,4 Attempts - 20 Races total,13,Day 3,,,,,,,,,,,,,,,Re-use Day 2 - Team Comp 1 as Day 3 - Team Comp 1,A Group,,,,,,,,,,4 Attempts - 20 Races total,16,Day 4,,,,,,,,,,,,,,,Re-use Day 3 - Team Comp 1 as Day 4 - Team Comp 1,A Group,,,,,,,,,,4 Attempts - 20 Races total,13,Go to Submit page,,,,,,,,,,,,,,,,,,,,,,,,,,,,,,,,,,,,,,,,,,,,,,,,,
9/25/2026 5:33:34,Whims,Graded (No Uma Restrictions),Win A finals,I accept these terms,Day 1,Windows,$101-500,2031,46+ (more than 6 per day),11-20 (roughly 2-3 per day),Discord - MooMooCord - https://discord.com/invite/moomoocows,,,Rice Shower,Pace Chaser,Ace built for this CM before CM start in Grand Concert scenario,2,1,0,0,2,1,0,Seiun Sky,Front Runner,Ace built for this CM before CM start in Grand Concert scenario,2,1,0,0,2,1,0,Grass Wonder,Late Surger,Debuffer,,,,,,,,4 Attempts - 20 Races total,16,Day 2,,,,,,,,,,,,,,Re-use Day 1 - Team Comp 1 as Day 2 - Team Comp 1,,,,,,,,,,4 Attempts - 20 Races total,15,Day 3,,,,,,,,,,,,,,,Re-use Day 2 - Team Comp 1 as Day 3 - Team Comp 1,A Group,,,,,,,,,,4 Attempts - 20 Races total,16,Day 4,,,,,,,,,,,,,,,Re-use Day 3 - Team Comp 1 as Day 4 - Team Comp 1,A Group,,,,,,,,,,4 Attempts - 20 Races total,15,Finals,,,,,,,,,,,,,,,A Finals,11443,Re-use Day 4 - Team Comp 1 as Finals Team Comp,,,,,,,,,,,2nd,Yes,https://drive.google.com/open?id=1hRUfY3wX-wUAQ4Jj5f5cDdpgWBZAm0AK,https://drive.google.com/open?id=1JVt4GpLBWb1owJsxFxhD6LY4odJeNarO,,9,3,,,3,https://drive.google.com/open?id=1Bi0kDNdeHNQNNsy2YDAiCXLK157SbXg7,,,,,,,,,,,
9/25/2026 17:34:09,Kaedenoki,Graded (No Uma Restrictions),Win A finals,I accept these terms,Finals,,$1-100,,,,,,,Mayano Top Gun (Wedding),End Closer,Ace built for this CM before CM start in Grand Concert scenario,,,,,,,,Agnes Tachyon,End Closer,Debuffer,,,,,,,,Grass Wonder,Front Runner,Debuffer,,,,,,,,4 Attempts - 20 Races total,12,Day 2,,,,,,,,,,,,,,Re-use Day 1 - Team Comp 1 as Day 2 - Team Comp 1,,,,,,,,,,4 Attempts - 20 Races total,15,Day 3,,,,,,,,,,,,,,,Re-use Day 2 - Team Comp 1 as Day 3 - Team Comp 1,A Group,,,,,,,,,,4 Attempts - 20 Races total,9,Day 4,,,,,,,,,,,,,,,Re-use Day 3 - Team Comp 1 as Day 4 - Team Comp 1,A Group,,,,,,,,,,4 Attempts - 20 Races total,12,Finals,,,,,,,,,,,,,,,A Finals,12001,Re-use Day 4 - Team Comp 1 as Finals Team Comp,,,,,,,,,,https://drive.google.com/open?id=1kKpefSu9RoL00jqY0g2GmjV94DSMASwF,1st,,,,,,,,,,,Yes,i love umamusume U145,https://drive.google.com/open?id=1lpvVmOFJ3ODdeBZILIPZjtbfzcCfsNtF,https://drive.google.com/open?id=1R4n7PlxulnR-_BNcIYYY70puZsO5mCs5,,0,14,0,0,0,https://drive.google.com/open?id=18XR0qWewppIPyYo5Ip0C7V7YZR7fb3Mh
9/25/2026 16:24:39,sheikhpickle,Graded (No Uma Restrictions),Win A finals,I accept these terms,Finals,"iOS - phone or tablet, Windows",$1-100,1050,46+ (more than 6 per day),46+ (more than 6 per day),Discord - MooMooCord - https://discord.com/invite/moomoocows,,,Aston Machan,Front Runner,Ace built for this CM before CM start in Grand Concert scenario,,,,,,,,Silence Suzuka,Runaway,rocket,,,,,,,,Grass Wonder,End Closer,Debuffer,,,,,,,,4 Attempts - 20 Races total,15,Day 2,,,,,,,,,,,,,,Re-use Day 1 - Team Comp 1 as Day 2 - Team Comp 1,,,,,,,,,,4 Attempts - 20 Races total,16,Day 3,,,,,,,,,,,,,,,Re-use Day 2 - Team Comp 1 as Day 3 - Team Comp 1,A Group,,,,,,,,,,4 Attempts - 20 Races total,10,Day 4,,,,,,,,,,,,,,,Re-use Day 3 - Team Comp 1 as Day 4 - Team Comp 1,A Group,,,,,,,,,,4 Attempts - 20 Races total,16,Finals,,,,,,,,,,,,,,,A Finals,9059,Re-use Day 4 - Team Comp 1 as Finals Team Comp,,,,,,,,,,https://drive.google.com/open?id=1seBjIqYM6g3g2UuqCZlAMMZAFeUtZfGd,1st,,,,,,,,,,,Yes,Queen Machan,https://drive.google.com/open?id=1vrlAGpYJqNOcVVpJdxfhPnBWV63dJNos,https://drive.google.com/open?id=1FxxQV2PcBk5KdgHZldGP69BFmCVYuguE,,,,,,,https://drive.google.com/open?id=1pfe_-Lb26KHid1de5yXEuPj-MPwiwpLN
9/25/2026 5:42:10,TJ4,Graded (No Uma Restrictions),Get into A finals,I accept these terms,Day 1,Windows,$101-500,734,11-20 (roughly 2-3 per day),31-45 (roughly 5-6 per day),Discord - MooMooCord - https://discord.com/invite/moomoocows,5,,Nice Nature (Cheerleader),Late Surger,Ace built for this CM before CM start in Grand Concert scenario,3,1,,,1,1,,Tamamo Cross (Festival),Pace Chaser,Ace built for this CM before CM start in Grand Concert scenario,2,1,,,2,1,,Oguri Cap (Christmas),End Closer,Ace built for this CM before CM start in Grand Concert scenario,2,1,,,2,1,,4 Attempts - 20 Races total,12,Day 2,,,,,,,,,,,,,,Re-use Day 1 - Team Comp 1 as Day 2 - Team Comp 1,,,,,,,,,,4 Attempts - 20 Races total,13,Day 3,,,,,,,,,,,,,,,Re-use Day 2 - Team Comp 1 as Day 3 - Team Comp 1,A Group,,,,,,,,,,4 Attempts - 20 Races total,10,Day 4,,,,,,,,,,,,,,,Re-use Day 3 - Team Comp 1 as Day 4 - Team Comp 1,A Group,,,,,,,,,,4 Attempts - 20 Races total,12,Finals,,,,,,,,,,,,,,,A Finals,9955,Re-use Day 4 - Team Comp 1 as Finals Team Comp,,,,,,,,,,https://drive.google.com/open?id=1aTBdC7PLKBSofcJNBHSsoUjxfNKNkMeq,1st,,,,,,,,,,,Yes,"Against all odds, today Nice Nature was the main character",https://drive.google.com/open?id=1JLiiURgLB6V77v2lGX1HfcFYlIhrnuRG,https://drive.google.com/open?id=1Yr8yQ3KpENrMjAe7x3OmZZvwLwahQlYn,,,13,,,,https://drive.google.com/open?id=11UBXfMIUjZvfoUyQtTpj3PKiQkkLKUAk
9/25/2026 5:44:33,Jossuno,Graded (No Uma Restrictions),Win A finals,I accept these terms,Day 1,Windows,$1001-5000,,11-20 (roughly 2-3 per day),21-30 (roughly 3-4 per day),Discord - MooMooCord - https://discord.com/invite/moomoocows,,,Oguri Cap (Christmas),End Closer,Ace built for this CM before CM start in Grand Concert scenario,3,,,,2,1,,Eishin Flash (Valentine),End Closer,Debuffer,1,1,,,3,1,,Grass Wonder,End Closer,Debuffer,1,,,,4,1,,4 Attempts - 20 Races total,18,Day 2,,,,,,,,,,,,,,Re-use Day 1 - Team Comp 1 as Day 2 - Team Comp 1,,,,,,,,,,4 Attempts - 20 Races total,20,Day 3,,,,,,,,,,,,,,,Re-use Day 2 - Team Comp 1 as Day 3 - Team Comp 1,A Group,,,,,,,,,,4 Attempts - 20 Races total,16,Day 4,,,,,,,,,,,,,,,Re-use Day 3 - Team Comp 1 as Day 4 - Team Comp 1,A Group,,,,,,,,,,4 Attempts - 20 Races total,17,Finals,,,,,,,,,,,,,,,A Finals,13438,Re-use Day 4 - Team Comp 1 as Finals Team Comp,,,,,,,,,,,1st,,,,,,,,,,,No,,,,,,10,3,,2,
9/25/2026 5:45:17,Crazhy,Graded (No Uma Restrictions),Get into A finals,I accept these terms,Finals,Android - phone or tablet,$1-100,1071,6-10 (roughly 1 per day),6-10 (roughly 1 per day),Discord - MooMooCord - https://discord.com/invite/moomoocows,5,,,,,,,,,,,,,,,,,,,,,,,,,,,,,,,,,,,,,,,,,,,,,,,,,,,,,,,,,,,,,,,,,,,,,,,,,,,,,,,,,,,,,,,,,,,,,,,,,,,,,,,,,,,,,,,,,,,,,,,,,,,,,,,,,,,A Finals,5792,Re-use Day 4 - Team Comp 1 as Finals Team Comp,,,,,,,,,,https://drive.google.com/open?id=1mCz1u_mPuvBZYn98ChrjmQTMQT9PP1U7,1st,,,,,,,,,,,Yes,"""I've just gotta be the coolest to ever do it!""",https://drive.google.com/open?id=1RGZtHY2OBqvk7KIfyXyd6L33U2S3jfW_,https://drive.google.com/open?id=1S1vbyjoCeCsHHWE1CgTVCaVm9187ciO4,,,17,,,,https://drive.google.com/open?id=1nkm8qvtmzG7vKbSQtX_Dgp5tW64DmHxV
9/25/2026 5:48:33,Kaskaen,Graded (No Uma Restrictions),Get into A finals,I accept these terms,Day 1,"Android - phone or tablet, Windows",$501-1000,1162,11-20 (roughly 2-3 per day),0-5 (less than 1 per day),Discord - MooMooCord - https://discord.com/invite/moomoocows,5,,Oguri Cap (Christmas),End Closer,Ace built for this CM before CM start in Grand Concert scenario,2,1,0,0,2,1,0,Eishin Flash (Valentine),Late Surger,Debuffer,1,0,0,0,4,1,0,Grass Wonder,Late Surger,Debuffer,1,1,0,0,3,1,0,4 Attempts - 20 Races total,13,Day 2,,,,,,,,,,,,,,Re-use Day 1 - Team Comp 1 as Day 2 - Team Comp 1,,,,,,,,,,4 Attempts - 20 Races total,16,Day 3,,,,,,,,,,,,,,,Re-use Day 2 - Team Comp 1 as Day 3 - Team Comp 1,A Group,,,,,,,,,,4 Attempts - 20 Races total,8,Day 4,,,,,,,,,,,,,,,Re-use Day 3 - Team Comp 1 as Day 4 - Team Comp 1,A Group,,,,,,,,,,4 Attempts - 20 Races total,14,Finals,,,,,,,,,,,,,,,A Finals,9012,Re-use Day 4 - Team Comp 1 as Finals Team Comp,,,,,,,,,,https://drive.google.com/open?id=1N3LrCwFWFEUDnCIQqPwn6qaofG3GMq2D,1st,,,,,,,,,,,No,,https://drive.google.com/open?id=1PzC_mfOhBPKy9EX1EgH709N7I9BYhWGL,https://drive.google.com/open?id=1EGBFG4QdRhx7qm2hxsgK6fRaQaoam2VF,,0,12,2,0,0,https://drive.google.com/open?id=1mNbmG1sA9jv7ADZMKoCgEYA-s4vGdQah
9/25/2026 5:50:03,A5 Beefe,Graded (No Uma Restrictions),Win A finals,I accept these terms,Finals,"Android - phone or tablet, Windows",$1-100,1242,21-30 (roughly 3-4 per day),6-10 (roughly 1 per day),Discord - MooMooCord - https://discord.com/invite/moomoocows,5,,,,,,,,,,,,,,,,,,,,,,,,,,,,,,,,,,,,,,,,,,,,,,,,,,,,,,,,,,,,,,,,,,,,,,,,,,,,,,,,,,,,,,,,,,,,,,,,,,,,,,,,,,,,,,,,,,,,,,,,,,,,,,,,,,,A Finals,10810,Re-use Day 4 - Team Comp 1 as Finals Team Comp,,,,,,,,,,https://drive.google.com/open?id=1UQvHK-0Uxx3Mf3Wr6x6ita0HqgQ0EQPB,1st,,,,,,,,,,,Yes,"Every time there's 2 XOguris in my finals, I win.",https://drive.google.com/open?id=1NIK7S2Ahep0IVzPQL1f2eFUxrrGY7uZ3,https://drive.google.com/open?id=1sBClBakEvkESEEuTmkgKRbo_laBdU_2A,,,15,,,,https://drive.google.com/open?id=1xkvESt7BqTBGCvwUYvMMF7neUfZB5Lgv
9/25/2026 5:53:52,TeioGlazer,Graded (No Uma Restrictions),Win A finals,I accept these terms,Finals,"iOS - phone or tablet, Windows",$1-100,897,46+ (more than 6 per day),6-10 (roughly 1 per day),Reddit - /r/UmamusumeGame,4,,,,,,,,,,,,,,,,,,,,,,,,,,,,,,,,,,,,,,,,,,,,,,,,,,,,,,,,,,,,,,,,,,,,,,,,,,,,,,,,,,,,,,,,,,,,,,,,,,,,,,,,,,,,,,,,,,,,,,,,,,,,,,,,,,,A Finals,6145,Add new Team Comp as Finals Team Comp,Tokai Teio,Pace Chaser,Ace built for this CM before CM start in Grand Concert scenario,Agnes Tachyon,Pace Chaser,Ace built for this CM before CM start in Grand Concert scenario,Nice Nature (Cheerleader),Late Surger,Debuffer,https://drive.google.com/open?id=1Wx9lJF67Xg4F55Ynb9nxhXJTytnCVlMR,1st,,,,,,,,,,,No,,https://drive.google.com/open?id=1I-6DKoyShvbNVoCZLgOQ_qI_ZDkQ3HS-,https://drive.google.com/open?id=1-0GpeoxZTiZ6jET5G6edrLH3soo7Qmod,,1,10,2,0,0,https://drive.google.com/open?id=1wuLiS5n39jTmIH_CnjCUs0KzGIQ5zsTc
9/25/2026 6:00:45,Arkhan,Graded (No Uma Restrictions),Win A finals,I accept these terms,Day 1,"Android - phone or tablet, Windows, SteamOS - Steam Deck",$501-1000,1237,31-45 (roughly 5-6 per day),21-30 (roughly 3-4 per day),"Discord - MooMooCord - https://discord.com/invite/moomoocows, Reddit - /r/UmamusumeGame, Twitch - MooMooCows - https://www.twitch.tv/moomoomoocows, YouTube - MooMooCows - https://www.youtube.com/@MooMooCows",5,,Oguri Cap (Christmas),Pace Chaser,Ace built for this CM before CM start in Grand Concert scenario,3,,,,2,1,,Grass Wonder,Late Surger,Debuffer,1,,,1,3,1,,Eishin Flash (Valentine),Late Surger,Debuffer,1,,,1,3,1,,4 Attempts - 20 Races total,18,Day 2,,,,,,,,,,,,,,Re-use Day 1 - Team Comp 1 as Day 2 - Team Comp 1,,,,,,,,,,4 Attempts - 20 Races total,13,Day 3,,,,,,,,,,,,,,,Re-use Day 2 - Team Comp 1 as Day 3 - Team Comp 1,A Group,,,,,,,,,,4 Attempts - 20 Races total,15,Day 4,,,,,,,,,,,,,,,Re-use Day 3 - Team Comp 1 as Day 4 - Team Comp 1,A Group,,,,,,,,,,4 Attempts - 20 Races total,13,Finals,,,,,,,,,,,,,,,A Finals,11941,Re-use Day 4 - Team Comp 1 as Finals Team Comp,,,,,,,,,,https://drive.google.com/open?id=1KAfGqWvFHI9ZsZjgovsQMpFX5cdZFAyR,1st,,,,,,,,,,,No,,https://drive.google.com/open?id=1SQOd8ubtRdDU3_wK_a2IY65lWZ83rk4W,https://drive.google.com/open?id=1rCQnl-Tzcolm2MtNsF47rLCxeeG8HJKc,,,12,2,,,https://drive.google.com/open?id=1JovOJZRXkwWYbzwf5OjlTTMxz4QJaMCD
9/25/2026 6:08:56,ravHighena,Graded (No Uma Restrictions),Win A finals,I accept these terms,Day 1,Android - phone or tablet,$101-500,2147,46+ (more than 6 per day),6-10 (roughly 1 per day),YouTube - MooMooCows - https://www.youtube.com/@MooMooCows,5,,Copano Rickey,Pace Chaser,Ace built for this CM before CM start in Grand Concert scenario,3,1,,,1,1,,Mayano Top Gun (Wedding),Late Surger,Debuffer,,,,,,,,Nice Nature,Late Surger,Debuffer,,,,,,,,4 Attempts - 20 Races total,17,Day 2,,,,,,,,,,,,,,Re-use Day 1 - Team Comp 1 as Day 2 - Team Comp 1,,,,,,,,,,4 Attempts - 20 Races total,17,Day 3,,,,,,,,,,,,,,,Re-use Day 2 - Team Comp 1 as Day 3 - Team Comp 1,A Group,,,,,,,,,,4 Attempts - 20 Races total,11,Day 4,,,,,,,,,,,,,,,Add a new Team Comp as Day 4 - Team Comp 1,A Group,Copano Rickey,Pace Chaser,Ace built for this CM before CM start in Grand Concert scenario,Symboli Rudolf,Late Surger,Debuffer,Grass Wonder,Late Surger,Debuffer,4 Attempts - 20 Races total,14,Finals,,,,,,,,,,,,,,,A Finals,11981,Add new Team Comp as Finals Team Comp,Copano Rickey,Pace Chaser,Ace built for this CM before CM start in Grand Concert scenario,Mayano Top Gun (Wedding),Late Surger,Debuffer,Nice Nature,Late Surger,Debuffer,https://drive.google.com/open?id=12qHPWPU3kuh0lxegn5_isQrbmyXTLOjm,1st,,,,,,,,,,,Yes,★Rickey★Lucky★Happy★ Dirt umas on turf are always exciting!,https://drive.google.com/open?id=1--B6OJZT1GvF7tJIW-nUVvygc9xWqUus,https://drive.google.com/open?id=1lUhoA5OdRBm1lRh-Kf_N4xkHVHIOer6o,,2,12,2,,,https://drive.google.com/open?id=1msxNrTclfbLGgFsjRzzL_58T33z8PvMc
9/25/2026 6:14:06,Thasdron,Graded (No Uma Restrictions),Get into A finals,I accept these terms,Day 1,Android - phone or tablet,$101-500,1917,31-45 (roughly 5-6 per day),0-5 (less than 1 per day),"Discord - MooMooCord - https://discord.com/invite/moomoocows, YouTube - MooMooCows - https://www.youtube.com/@MooMooCows",,,Sweep Tosho,End Closer,Ace built for this CM before CM start in Grand Concert scenario,3,1,0,0,1,1,0,Daiwa Scarlet,Front Runner,Ace built for this CM before CM start in Grand Concert scenario,3,1,0,0,1,1,0,Narita Brian,Late Surger,Ace built for this CM before CM start in Grand Concert scenario,2,1,0,0,2,1,0,2 Attempts - 10 Races total,3,Day 1 - Add 2nd Team,Sweep Tosho,End Closer,Ace built for this CM before CM start in Grand Concert scenario,Narita Brian,Late Surger,Ace built for this CM before CM start in Grand Concert scenario,Tokai Teio,Late Surger,Ace built for Team Trials,2 Attempts - 10 Races total,5,2 teams,Day 2,Re-use Day 1 - Team Comp 2 as Day 2 - Team Comp 1,,,,,,,,,,4 Attempts - 20 Races total,15,Day 3,,,,,,,,,,,,,,,Add new Team Comp as Day 3 - Team Comp 1,A Group,Sweep Tosho,End Closer,Ace built for this CM before CM start in Grand Concert scenario,Narita Brian,Late Surger,Ace built for this CM before CM start in Grand Concert scenario,Daiwa Scarlet,Front Runner,Ace built for this CM before CM start in Grand Concert scenario,4 Attempts - 20 Races total,7,Day 4,,,,,,,,,,,,,,,Re-use Day 3 - Team Comp 1 as Day 4 - Team Comp 1,A Group,,,,,,,,,,4 Attempts - 20 Races total,7,Finals,,,,,,,,,,,,,,,A Finals,9038,Re-use Day 4 - Team Comp 1 as Finals Team Comp,,,,,,,,,,https://drive.google.com/open?id=1qvpxKK0HqdMCKp00i71qsmmob_K3niXj,1st,,,,,,,,,,,Yes,"Just like in real life, sweepy cast her spell over Takarazuka Kinen.",https://drive.google.com/open?id=1MDX325gmCrzggWC7wHYrti7Ti0Y9UFdq,https://drive.google.com/open?id=1m-ZUxU9S1Kdo59a87FxiK-B92GopgxxC,,2,10,0,2,0,https://drive.google.com/open?id=154iln8-PLuTD1ZkWI_3y5u6-FB9J5jNG
9/25/2026 6:14:33,藤田 晋,Graded (No Uma Restrictions),Get into A finals,I accept these terms,Day 1,Android - phone or tablet,$0,1102,21-30 (roughly 3-4 per day),0-5 (less than 1 per day),"Discord - MooMooCord - https://discord.com/invite/moomoocows, Twitch - MooMooCows - https://www.twitch.tv/moomoomoocows, YouTube - MooMooCows - https://www.youtube.com/@MooMooCows",5,,Tamamo Cross (Festival),Pace Chaser,Ace built for this CM before CM start in Grand Concert scenario,3,0,0,0,2,1,0,Nice Nature (Cheerleader),Late Surger,Debuffer,1,0,1,0,4,0,0,Grass Wonder,Late Surger,Debuffer,1,0,1,0,4,0,0,4 Attempts - 20 Races total,15,Day 2,,,,,,,,,,,,,,Re-use Day 1 - Team Comp 1 as Day 2 - Team Comp 1,,,,,,,,,,4 Attempts - 20 Races total,15,Day 3,,,,,,,,,,,,,,,Re-use Day 2 - Team Comp 1 as Day 3 - Team Comp 1,A Group,,,,,,,,,,4 Attempts - 20 Races total,13,Day 4,,,,,,,,,,,,,,,Re-use Day 3 - Team Comp 1 as Day 4 - Team Comp 1,A Group,,,,,,,,,,4 Attempts - 20 Races total,10,Finals,,,,,,,,,,,,,,,A Finals,10109,Re-use Day 4 - Team Comp 1 as Finals Team Comp,,,,,,,,,,https://drive.google.com/open?id=19pTpR_vM8d8TBgPyRX0LvjxnMZbYMl_7,1st,,,,,,,,,,,Yes,Hashire Makibao,https://drive.google.com/open?id=1kdV-Xt_H32xf3hlDLrWqI5WA-Pt4q7E7,https://drive.google.com/open?id=1D3ju_jENvjj8KQv_ya5MZfU_x2URKXiG,,0,14,0,0,0,https://drive.google.com/open?id=10R7BsFsKQAzHkUtn5iEYhDrWOtfeEng-
9/25/2026 6:21:02,malstrum,Graded (No Uma Restrictions),Get into A finals,I accept these terms,Finals,Windows,$5000+,662,0-5 (less than 1 per day),11-20 (roughly 2-3 per day),Reddit - /r/UmamusumeGame,5,,,,,,,,,,,,,,,,,,,,,,,,,,,,,,,,,,,,,,,,,,,,,,,,,,,,,,,,,,,,,,,,,,,,,,,,,,,,,,,,,,,,,,,,,,,,,,,,,,,,,,,,,,,,,,,,,,,,,,,,,,,,,,,,,,,A Finals,6650,Add new Team Comp as Finals Team Comp,Matikanefukukitaru,Late Surger,Ace built for this CM before CM start in Grand Concert scenario,Agnes Digital,Late Surger,Mid-CM Ace build in Grand Concert scenario,Nice Nature,Late Surger,Debuffer,https://drive.google.com/open?id=14P3BngJVC6Mh5i_VTdW4QlsxEmwL4GQd,1st,,,,,,,,,,,Yes,"The bold? Wait, no. I mean, meeee! Mwahaha. That's right! You know what's up!",https://drive.google.com/open?id=17TPYiaXthKlZmBBYzArLZ--PnbCAc7nq,https://drive.google.com/open?id=1ujJ2JBIIle65WuvRln3bzrDAwOXboB_T,,,12,3,,3,https://drive.google.com/open?id=16fe-Wi0YxCfbz_otWGVpIXegyYpPllT7
9/25/2026 6:39:33,Levinity,Graded (No Uma Restrictions),Get into A finals,I accept these terms,Day 1,"Android - phone or tablet, Windows",$1-100,1123,21-30 (roughly 3-4 per day),21-30 (roughly 3-4 per day),Discord - MooMooCord - https://discord.com/invite/moomoocows,4,,Mejiro McQueen (Anime Collab),Pace Chaser,Ace built for this CM before CM start in Grand Concert scenario,3,0,0,0,2,1,0,Grass Wonder,Late Surger,Debuffer,1,1,0,0,3,1,0,Eishin Flash (Valentine),Late Surger,Debuffer,1,1,0,0,3,1,0,4 Attempts - 20 Races total,11,Day 2,,,,,,,,,,,,,,Re-use Day 1 - Team Comp 1 as Day 2 - Team Comp 1,,,,,,,,,,4 Attempts - 20 Races total,14,Day 3,,,,,,,,,,,,,,,Re-use Day 2 - Team Comp 1 as Day 3 - Team Comp 1,A Group,,,,,,,,,,4 Attempts - 20 Races total,8,Day 4,,,,,,,,,,,,,,,Re-use Day 3 - Team Comp 1 as Day 4 - Team Comp 1,A Group,,,,,,,,,,4 Attempts - 20 Races total,14,Finals,,,,,,,,,,,,,,,A Finals,12214,Re-use Day 4 - Team Comp 1 as Finals Team Comp,,,,,,,,,,https://drive.google.com/open?id=1f2xJQomlJ3CDIN7J91A4CyQdaQQ6vraE,1st,,,,,,,,,,,Yes,back2back desuwa,https://drive.google.com/open?id=1GEvO8Nwm5tPRx7uOiLYoTroBWXCCYG0U,https://drive.google.com/open?id=1avKK4oD5nchrR3yrjpdg8VP19bfq8vqE,,0,15,0,0,0,https://drive.google.com/open?id=1PcQP4SE5xRHR6p_BMN4KqO7V973wkvko
9/25/2026 6:46:01,Ignis,Graded (No Uma Restrictions),Get into A finals,I accept these terms,Finals,Windows,$1-100,1287,21-30 (roughly 3-4 per day),0-5 (less than 1 per day),Discord - MooMooCord - https://discord.com/invite/moomoocows,5,,,,,,,,,,,,,,,,,,,,,,,,,,,,,,,,,,,,,,,,,,,,,,,,,,,,,,,,,,,,,,,,,,,,,,,,,,,,,,,,,,,,,,,,,,,,,,,,,,,,,,,,,,,,,,,,,,,,,,,,,,,,,,,,,,,A Finals,7814,Add new Team Comp as Finals Team Comp,Mejiro Dober,Late Surger,Ace built for this CM before CM start in Grand Concert scenario,Manhattan Cafe,Late Surger,Ace built for this CM before CM start in Grand Concert scenario,Special Week,Late Surger,Ace built for this CM before CM start in Grand Concert scenario,https://drive.google.com/open?id=11hhJIRMg6EQvKkRoY7mfYkOf8aZPd37m,1st,,,,,,,,,,,Yes,The XOguri's reacted. My Special Week adapted.,https://drive.google.com/open?id=1Cs15n4fxcY7DCpEZjgndZlYPWv_y-Kho,,,3,14,,,,https://drive.google.com/open?id=1Askq5vBoIV1pxgG8p6CHlqAFyPmnPyxw
9/25/2026 6:50:29,Monterra,Graded (No Uma Restrictions),Get into A finals,I accept these terms,Day 1,Linux,$0,707,0-5 (less than 1 per day),6-10 (roughly 1 per day),Twitch - MooMooCows - https://www.twitch.tv/moomoomoocows,5,,Manhattan Cafe,End Closer,Ace built for this CM before CM start in Grand Concert scenario,3,0,0,0,2,1,0,Grass Wonder,End Closer,Debuffer,2,0,1,0,3,0,0,Eishin Flash (Valentine),End Closer,Debuffer,2,0,1,0,3,0,0,4 Attempts - 20 Races total,9,Day 2,,,,,,,,,,,,,,Re-use Day 1 - Team Comp 1 as Day 2 - Team Comp 1,,,,,,,,,,0 Attempts - 0 Races total,0,Day 3,,,,,,,,,,,,,,,Add new Team Comp as Day 3 - Team Comp 1,A Group,Manhattan Cafe,End Closer,Mid-CM Ace build in Grand Concert scenario,Grass Wonder,End Closer,Debuffer,Eishin Flash (Valentine),End Closer,Debuffer,4 Attempts - 20 Races total,4,Day 4,,,,,,,,,,,,,,,Re-use Day 3 - Team Comp 1 as Day 4 - Team Comp 1,A Group,,,,,,,,,,4 Attempts - 20 Races total,8,Finals,,,,,,,,,,,,,,,B Finals,4316,Re-use Day 4 - Team Comp 1 as Finals Team Comp,,,,,,,,,,https://drive.google.com/open?id=16Y__cC5QGd62-fCTU02hGfFfT_PAFM0a,1st,,,,,,,,,,,Yes,cafe is cute,https://drive.google.com/open?id=1_9zt1gPiYGNMRpxjUrdI9vO7s2gBBByw,https://drive.google.com/open?id=1M-ceQpI1byaqVViDB0x5k1Wixxl4rgZG,,3,13,,,,https://drive.google.com/open?id=16wHIpRs45EFEH8EpVgXiLyL2vugsx50X
9/25/2026 7:23:24,Ahhthur,Graded (No Uma Restrictions),Get into A finals,I accept these terms,Day 1,Android - phone or tablet,$101-500,2141,21-30 (roughly 3-4 per day),6-10 (roughly 1 per day),"Discord - MooMooCord - https://discord.com/invite/moomoocows, YouTube - MooMooCows - https://www.youtube.com/@MooMooCows",4,,Seiun Sky,Front Runner,Ace built for this CM before CM start in Grand Concert scenario,3,0,0,0,2,1,0,Tosen Jordan,Late Surger,Ace built for this CM before CM start in Grand Concert scenario,3,0,0,0,2,1,0,Mejiro Palmer,Front Runner,Ace built for this CM before CM start in Grand Concert scenario,3,0,0,0,2,1,0,4 Attempts - 20 Races total,13,Day 2,,,,,,,,,,,,,,Re-use Day 1 - Team Comp 1 as Day 2 - Team Comp 1,,,,,,,,,,4 Attempts - 20 Races total,15,Day 3,,,,,,,,,,,,,,,Re-use Day 2 - Team Comp 1 as Day 3 - Team Comp 1,A Group,,,,,,,,,,4 Attempts - 20 Races total,9,Day 4,,,,,,,,,,,,,,,Re-use Day 3 - Team Comp 1 as Day 4 - Team Comp 1,A Group,,,,,,,,,,4 Attempts - 20 Races total,11,Finals,,,,,,,,,,,,,,,A Finals,10966,Re-use Day 4 - Team Comp 1 as Finals Team Comp,,,,,,,,,,https://drive.google.com/open?id=15di4UbI2Jd3bs2uZtbZUYl9ICebd5gaM,1st,,,,,,,,,,,Yes,Obaka de sai♡kyou Tosen Jordan!,https://drive.google.com/open?id=1Nj__h65F4xi3rNkzoeBZxlKNwZynC0lr,https://drive.google.com/open?id=1AoEaGDtAHAJi4M3vOODe6GCOXFK9LyS1,,2,9,3,0,2,https://drive.google.com/open?id=1lA4bSN16-usOtK1sEsQl0yz8rwPdqp8o
9/25/2026 10:32:57,Oyasumi,Graded (No Uma Restrictions),Win A finals,I accept these terms,Finals,,$1-100,,,,Discord - MooMooCord - https://discord.com/invite/moomoocows,5,,,,,,,,,,,,,,,,,,,,,,,,,,,,,,,,,,,,,,,,,,,,,,,,,,,,,,,,,,,,,,,,,,,,,,,,,,,,,,,,,,,,,,,,,,,,,,,,,,,,,,,,,,,,,,,,,,,,,,,,,,,,,,,,,,,A Finals,10437,Add new Team Comp as Finals Team Comp,Eishin Flash,Late Surger,Mid-CM Ace build in Grand Concert scenario,Nice Nature,Late Surger,Debuffer,Mayano Top Gun (Wedding),End Closer,Debuffer,https://drive.google.com/open?id=1FnOFK1wMZ5wlPhFf2q0vFf0UrgoduwnZ,1st,,,,,,,,,,,Yes,Undefeated on turf and dirt I guess!,https://drive.google.com/open?id=13ocgcY7gfWxVBKYPzh-VGyRljHtQQC68,https://drive.google.com/open?id=1Z6onGf8FqcSdL8yVAQ_X7eMCZWbJamOQ,,,,,,,https://drive.google.com/open?id=1oVZQgZQB-7Ab0DvcNeKV2arD2i250v6J
9/25/2026 7:23:43,Tiphxodia,Graded (No Uma Restrictions),Win A finals,I accept these terms,Day 1,Android - phone or tablet,$1-100,2508,46+ (more than 6 per day),46+ (more than 6 per day),Discord - MooMooCord - https://discord.com/invite/moomoocows,5,,El Condor Pasa,Pace Chaser,Ace built for this CM before CM start in Grand Concert scenario,2,1,0,0,2,1,0,Silence Suzuka,Runaway,Debuffer,1,1,1,0,2,1,0,Grass Wonder,End Closer,Debuffer,2,0,1,0,2,1,0,4 Attempts - 20 Races total,17,Day 2,,,,,,,,,,,,,,Re-use Day 1 - Team Comp 1 as Day 2 - Team Comp 1,,,,,,,,,,4 Attempts - 20 Races total,15,Day 3,,,,,,,,,,,,,,,Re-use Day 2 - Team Comp 1 as Day 3 - Team Comp 1,A Group,,,,,,,,,,4 Attempts - 20 Races total,13,Day 4,,,,,,,,,,,,,,,Re-use Day 3 - Team Comp 1 as Day 4 - Team Comp 1,A Group,,,,,,,,,,4 Attempts - 20 Races total,13,Finals,,,,,,,,,,,,,,,A Finals,13637,Re-use Day 4 - Team Comp 1 as Finals Team Comp,,,,,,,,,,https://drive.google.com/open?id=1sPZyYYYZwBsLoWyvpVyz0bURtOR1DnRy,1st,,,,,,,,,,,Yes,IF YOU LOCK IN YOU CAN DO ANYTHING,https://drive.google.com/open?id=1fGWJvn13OgWJ0oI-DgFN5dTf1oVo80Vh,https://drive.google.com/open?id=1YE_FkSehrfNgksLjjUmNKw2LaaOKDu9B,,2,11,2,0,0,https://drive.google.com/open?id=1bv3ouxOLMhsM8CFVYheyxkp3tmS3yRRp
9/25/2026 7:31:16,ark,Graded (No Uma Restrictions),Win A finals,I accept these terms,Day 1,"Android - phone or tablet, Windows",$1001-5000,,31-45 (roughly 5-6 per day),0-5 (less than 1 per day),"Discord - MooMooCord - https://discord.com/invite/moomoocows, Reddit - /r/UmamusumeGame, Twitch - MooMooCows - https://www.twitch.tv/moomoomoocows, YouTube - MooMooCows - https://www.youtube.com/@MooMooCows",5,,Satono Diamond,Late Surger,Ace built for this CM before CM start in Grand Concert scenario,3,,,,2,1,,Super Creek (Halloween),Front Runner,Debuffer,,,,,,,,Nice Nature (Cheerleader),End Closer,Debuffer,,,,,,,,4 Attempts - 20 Races total,12,Day 2,,,,,,,,,,,,,,Re-use Day 1 - Team Comp 1 as Day 2 - Team Comp 1,,,,,,,,,,4 Attempts - 20 Races total,12,Day 3,,,,,,,,,,,,,,,Re-use Day 2 - Team Comp 1 as Day 3 - Team Comp 1,A Group,,,,,,,,,,4 Attempts - 20 Races total,9,Day 4,,,,,,,,,,,,,,,Re-use Day 3 - Team Comp 1 as Day 4 - Team Comp 1,A Group,,,,,,,,,,4 Attempts - 20 Races total,11,Finals,,,,,,,,,,,,,,,A Finals,6526,Re-use Day 4 - Team Comp 1 as Finals Team Comp,,,,,,,,,,https://drive.google.com/open?id=10x8TIaX0LKU58kMmsV-PgZmJiBAI0vaA,1st,,,,,,,,,,,Yes,My name is Satono Diamond. There's no such thing as fate. I intend to race my way into a bright shining future of my own making!,https://drive.google.com/open?id=1WUYFmQbUEkQH1Ch3Zndb1DmNYGNXpB63,https://drive.google.com/open?id=1X_iM2TPeqtuAX_-HTJ5lMdcn_apFK2OE,,,10,1,,1,https://drive.google.com/open?id=1KYySGoFktscJxO8O9AozMfdyv9mWhhQB
9/25/2026 7:33:21,Satojinki,Graded (No Uma Restrictions),Do my best with the limitations I have (like mid parents),I accept these terms,Day 1,Android - phone or tablet,$0,450,21-30 (roughly 3-4 per day),6-10 (roughly 1 per day),"Discord - MooMooCord - https://discord.com/invite/moomoocows, YouTube - MooMooCows - https://www.youtube.com/@MooMooCows",5,"Nothing. As far as I'm concerned, this survey is already very well polished.",Taiki Shuttle (Camping),Pace Chaser,Ace built for this CM before CM start in Grand Concert scenario,3,0,0,0,2,1,0,Mayano Top Gun,Pace Chaser,Ace built for this CM before CM start in Grand Concert scenario,3,0,0,0,2,1,0,Mejiro Ryan,Late Surger,Ace built for this CM before CM start in Grand Concert scenario,3,0,0,0,2,1,0,4 Attempts - 20 Races total,10,Day 2,,,,,,,,,,,,,,Re-use Day 1 - Team Comp 1 as Day 2 - Team Comp 1,,,,,,,,,,4 Attempts - 20 Races total,10,Day 3,,,,,,,,,,,,,,,Re-use Day 2 - Team Comp 1 as Day 3 - Team Comp 1,A Group,,,,,,,,,,4 Attempts - 20 Races total,12,Day 4,,,,,,,,,,,,,,,Re-use Day 3 - Team Comp 1 as Day 4 - Team Comp 1,A Group,,,,,,,,,,4 Attempts - 20 Races total,8,Finals,,,,,,,,,,,,,,,A Finals,9740,Re-use Day 4 - Team Comp 1 as Finals Team Comp,,,,,,,,,,https://drive.google.com/open?id=1bRG70HWCnkIn3qB8hSh2y2ib-UcxaeIQ,1st,,,,,,,,,,,Yes,"My name is Satojinki! And I, Sato, declare upon my honour: my Mayano Top Gun shall end that festering, slothful dream!",https://drive.google.com/open?id=1DYqGpD65yt1wJBiYKpAxq9c8zM7f1fXu,https://drive.google.com/open?id=114xbBRdgdiZC-zemKYYWYycxo6nm6xLL,,0,17,0,0,0,https://drive.google.com/open?id=1JjlfoUI3et7cuvlpgEwvMt0d9-c5snsI
9/25/2026 7:34:14,Marie Poppi,Graded (No Uma Restrictions),Win A finals,I accept these terms,Day 1,Android - phone or tablet,Rather not say,,21-30 (roughly 3-4 per day),21-30 (roughly 3-4 per day),Discord - MooMooCord - https://discord.com/invite/moomoocows,5,,Gold Ship,End Closer,Ace built for this CM before CM start in Grand Concert scenario,3,0,0,0,2,1,,Mayano Top Gun (Wedding),End Closer,Debuffer,,1,1,,3,1,,Nice Nature,End Closer,Debuffer,,1,1,,3,1,,4 Attempts - 20 Races total,19,Day 2,,,,,,,,,,,,,,Re-use Day 1 - Team Comp 1 as Day 2 - Team Comp 1,,,,,,,,,,4 Attempts - 20 Races total,18,Day 3,,,,,,,,,,,,,,,Re-use Day 2 - Team Comp 1 as Day 3 - Team Comp 1,A Group,,,,,,,,,,4 Attempts - 20 Races total,11,Day 4,,,,,,,,,,,,,,,Re-use Day 3 - Team Comp 1 as Day 4 - Team Comp 1,A Group,,,,,,,,,,4 Attempts - 20 Races total,15,Finals,,,,,,,,,,,,,,,A Finals,10096,Re-use Day 4 - Team Comp 1 as Finals Team Comp,,,,,,,,,,https://drive.google.com/open?id=1-XmnxZ8WBGYuZ4FMqjGUPynG1_bDiCPp,1st,,,,,,,,,,,Yes,Guns blazing,https://drive.google.com/open?id=1P6BQYwOq_ttaH8WDY0J-HV37idKxcxXm,,,5,9,3,,,https://drive.google.com/open?id=17_UMeaCA809J9NPgbWHhEWHbIOix_Yk-
9/25/2026 7:41:16,Lwynn,Graded (No Uma Restrictions),Get into A finals,I accept these terms,Day 1,"iOS - phone or tablet, Windows",$1001-5000,,11-20 (roughly 2-3 per day),0-5 (less than 1 per day),,,,Mihono Bourbon (Valentine),Front Runner,Ace built for this CM before CM start in Grand Concert scenario,3,0,0,0,2,1,0,Kitasan Black,Front Runner,Ace built for this CM before CM start in Grand Concert scenario,3,0,0,0,2,1,0,Seiun Sky,Front Runner,Ace built for this CM before CM start in Grand Concert scenario,3,0,0,0,2,1,0,4 Attempts - 20 Races total,15,Day 2,,,,,,,,,,,,,,Re-use Day 1 - Team Comp 1 as Day 2 - Team Comp 1,,,,,,,,,,4 Attempts - 20 Races total,6,Day 3,,,,,,,,,,,,,,,Re-use Day 2 - Team Comp 1 as Day 3 - Team Comp 1,A Group,,,,,,,,,,2 Attempts - 10 Races total,2,Day 3 - Add 2nd Team,Add new Team Comp as Day 3 - Team Comp 2,Mihono Bourbon (Valentine),Front Runner,Ace built for this CM before CM start in Grand Concert scenario,Kitasan Black,Front Runner,Ace built for this CM before CM start in Grand Concert scenario,Oguri Cap (Christmas),Pace Chaser,Ace built for this CM before CM start in Grand Concert scenario,2 Attempts - 10 Races total,6,2 teams,Day 4,Re-use Day 3 - Team Comp 2 as Day 4 - Team Comp 1,A Group,,,,,,,,,,4 Attempts - 20 Races total,11,Finals,,,,,,,,,,,,,,,A Finals,9705,Re-use Day 4 - Team Comp 1 as Finals Team Comp,,,,,,,,,,https://drive.google.com/open?id=1o5t0F1HTJSp75gxuxWAgiSgYK1YQWgqF,2nd,Yes,https://drive.google.com/open?id=1JKmtnNN6SoXw-CwKR2YLjLliortJ5J8-,https://drive.google.com/open?id=1f7PiNuIaBH27hdCU456ZGeSRP4MH5-6b,https://drive.google.com/open?id=1UqP46psPXL55XlqJ9WcpqTz0vuXdEGFD,,8,7,,,https://drive.google.com/open?id=1FXVoSThwP3_Q6H3DrhjdoZPvhRpIL7Ov,,,,,,,,,,,
9/25/2026 7:47:08,Bomragon,Graded (No Uma Restrictions),Win A finals,I accept these terms,Day 1,"Android - phone or tablet, Windows",$1-100,1612,21-30 (roughly 3-4 per day),6-10 (roughly 1 per day),"Discord - MooMooCord - https://discord.com/invite/moomoocows, Twitch - MooMooCows - https://www.twitch.tv/moomoomoocows, YouTube - MooMooCows - https://www.youtube.com/@MooMooCows",5,,Oguri Cap (Christmas),End Closer,Ace built for this CM before CM start in Grand Concert scenario,3,0,0,0,2,1,0,Agnes Tachyon,Late Surger,Debuffer,1,1,,,4,,,Grass Wonder,Late Surger,Debuffer,1,1,,,4,,,4 Attempts - 20 Races total,17,Day 2,,,,,,,,,,,,,,Re-use Day 1 - Team Comp 1 as Day 2 - Team Comp 1,,,,,,,,,,4 Attempts - 20 Races total,17,Day 3,,,,,,,,,,,,,,,Re-use Day 2 - Team Comp 1 as Day 3 - Team Comp 1,A Group,,,,,,,,,,4 Attempts - 20 Races total,15,Day 4,,,,,,,,,,,,,,,Re-use Day 3 - Team Comp 1 as Day 4 - Team Comp 1,A Group,,,,,,,,,,4 Attempts - 20 Races total,10,Finals,,,,,,,,,,,,,,,A Finals,14767,Re-use Day 4 - Team Comp 1 as Finals Team Comp,,,,,,,,,,https://drive.google.com/open?id=14N3-2AZvbxgHz2UamOqW8Vi0v_71yAMZ,1st,,,,,,,,,,,No,,https://drive.google.com/open?id=1Nm3pjeJdZCKmj9CB8Ioo9pIS64QlUrXt,https://drive.google.com/open?id=1Y5BMS3YtLVfqZ0LuaIBujGWIwpDJz97i,,0,12,3,1,0,https://drive.google.com/open?id=1i_tBQHI96Uzek7gnAhrNoLlRTcCEPiQq
9/25/2026 7:53:50,Brendo,Graded (No Uma Restrictions),Get into A finals,I accept these terms,Day 1,Android - phone or tablet,$0,1800,21-30 (roughly 3-4 per day),11-20 (roughly 2-3 per day),"Twitch - MooMooCows - https://www.twitch.tv/moomoomoocows, YouTube - MooMooCows - https://www.youtube.com/@MooMooCows",,,Agnes Tachyon,Late Surger,Debuffer,,,,,,,,Oguri Cap (Christmas),End Closer,Ace built for this CM before CM start in Grand Concert scenario,3,,,,1,1,,Tamamo Cross (Festival),Pace Chaser,Ace built for this CM before CM start in Grand Concert scenario,2,1,,,2,1,,4 Attempts - 20 Races total,18,Day 2,,,,,,,,,,,,,,Re-use Day 1 - Team Comp 1 as Day 2 - Team Comp 1,,,,,,,,,,4 Attempts - 20 Races total,17,Day 3,,,,,,,,,,,,,,,Re-use Day 2 - Team Comp 1 as Day 3 - Team Comp 1,A Group,,,,,,,,,,4 Attempts - 20 Races total,11,Day 4,,,,,,,,,,,,,,,Re-use Day 3 - Team Comp 1 as Day 4 - Team Comp 1,A Group,,,,,,,,,,4 Attempts - 20 Races total,14,Finals,,,,,,,,,,,,,,,A Finals,10939,Re-use Day 4 - Team Comp 1 as Finals Team Comp,,,,,,,,,,https://drive.google.com/open?id=1QIjUP2E2yTMNhV3JUEhudStVGaraP3kn,1st,,,,,,,,,,,No,,,,,,,,,,
9/25/2026 18:56:51,Pehfos,Graded (No Uma Restrictions),Win A finals,I accept these terms,Finals,Windows,$501-1000,2292,46+ (more than 6 per day),0-5 (less than 1 per day),Friend sent me the link,5,,,,,,,,,,,,,,,,,,,,,,,,,,,,,,,,,,,,,,,,,,,,,,,,,,,,,,,,,,,,,,,,,,,,,,,,,,,,,,,,,,,,,,,,,,,,,,,,,,,,,,,,,,,,,,,,,,,,,,,,,,,,,,,,,,,A Finals,12204,Add new Team Comp as Finals Team Comp,Wonder Acute,Pace Chaser,Mid-CM Ace build in Grand Concert scenario,Nice Nature,Late Surger,Debuffer,Agnes Tachyon,Late Surger,Debuffer,https://drive.google.com/open?id=1vX2jW7GJnXbBYzAjbL8l6CLYcEEvQZAv,1st,,,,,,,,,,,Yes,Hesitation is defeat,https://drive.google.com/open?id=1P5vf5Z-swSfQSCLVtCwPJvls5e5J3t7r,https://drive.google.com/open?id=1xvu5I2Fm5cAnSfLsSy86Sg3FDPsLGm0f,,,16,,,,https://drive.google.com/open?id=1TpwZyIhZIdRpaQpSaEPdZz61JSPhhVAv
9/25/2026 8:00:05,Kyuuchi_,Graded (No Uma Restrictions),Win A finals,I accept these terms,Day 1,"Android - phone or tablet, Windows",Rather not say,,31-45 (roughly 5-6 per day),0-5 (less than 1 per day),YouTube - MooMooCows - https://www.youtube.com/@MooMooCows,4,,Nakayama Festa,Late Surger,Ace built for this CM before CM start in Grand Concert scenario,,,,,,,,Nice Nature,Late Surger,Debuffer,,,,,,,,Mayano Top Gun (Wedding),Late Surger,Debuffer,,,,,,,,4 Attempts - 20 Races total,16,Day 2,,,,,,,,,,,,,,Re-use Day 1 - Team Comp 1 as Day 2 - Team Comp 1,,,,,,,,,,4 Attempts - 20 Races total,16,Day 3,,,,,,,,,,,,,,,Re-use Day 2 - Team Comp 1 as Day 3 - Team Comp 1,A Group,,,,,,,,,,4 Attempts - 20 Races total,17,Day 4,,,,,,,,,,,,,,,Re-use Day 3 - Team Comp 1 as Day 4 - Team Comp 1,A Group,,,,,,,,,,4 Attempts - 20 Races total,16,Finals,,,,,,,,,,,,,,,A Finals,,Re-use Day 4 - Team Comp 1 as Finals Team Comp,,,,,,,,,,https://drive.google.com/open?id=10jZl1lftzd0Pm3eg1OvplopHA6S2V2MP,1st,,,,,,,,,,,Yes,Nakayama festa ,https://drive.google.com/open?id=1MDKK_PTPjhwVcqGHcFrSzgdUS9HCJqbu,https://drive.google.com/open?id=1Atqa-7qdNAWeIu6OCtaP2Ku8L0IaAuYC,,,,,,,https://drive.google.com/open?id=18FYqB0ni67kqDfbTzhk9jlJ3ZkvZUFI4
9/25/2026 8:00:44,Presentated,Graded (No Uma Restrictions),Get into B finals,I accept these terms,Day 1,"Android - phone or tablet, Windows",$101-500,,0-5 (less than 1 per day),31-45 (roughly 5-6 per day),Discord - MooMooCord - https://discord.com/invite/moomoocows,5,,Agnes Tachyon,End Closer,Debuffer,0,0,1,0,5,0,0,Gold Ship,End Closer,Blocker/Overtake target/Throwaway/Niche role,2,,1,,2,1,,Nakayama Festa,Late Surger,Ace built for this CM before CM start in Grand Concert scenario,2,1,,,2,1,,3 Attempts - 15 Races total,10,Go to Submit page,,,,,,,,,,,,,,,,,,,,,,,,,,,,,,,,,,,,,,,,,,,,,,,,,,,,,,,,,,,,,,,,,,,,,,,,,,,,,,,,,,,,,,,,,,,,,,,,,,,,,,,,,,,,,,,,,,,,,,,,,,,,,,,,,,,
9/25/2026 8:12:51,Zero0_0o,Graded (No Uma Restrictions),Win A finals,I accept these terms,Finals,Android - phone or tablet,$0,717,6-10 (roughly 1 per day),0-5 (less than 1 per day),"Discord - MooMooCord - https://discord.com/invite/moomoocows, Twitch - MooMooCows - https://www.twitch.tv/moomoomoocows, YouTube - MooMooCows - https://www.youtube.com/@MooMooCows",4,,,,,,,,,,,,,,,,,,,,,,,,,,,,,,,,,,,,,,,,,,,,,,,,,,,,,,,,,,,,,,,,,,,,,,,,,,,,,,,,,,,,,,,,,,,,,,,,,,,,,,,,,,,,,,,,,,,,,,,,,,,,,,,,,,,A Finals,5588,Add new Team Comp as Finals Team Comp,Special Week,Pace Chaser,Mid-CM Ace build in Grand Concert scenario,Nice Nature,Late Surger,Debuffer,Grass Wonder,Late Surger,Debuffer,https://drive.google.com/open?id=12BQj24umcaHh_NN0l4IOY-pJhEj0qKdd,1st,,,,,,,,,,,Yes,Special Week,https://drive.google.com/open?id=1OnV9IByFqOxW1ETL3eMt898oMxrce03z,https://drive.google.com/open?id=1ufAo2pdCHg5ySn41tDKuqtTJ_oXsSSKT,,0,12,3,0,0,https://drive.google.com/open?id=1V7qBjkQKpQHC4XKIbLWSxFR-aqdZbTSK
9/25/2026 8:03:07,purple rabbit,Graded (No Uma Restrictions),Get into A finals,I accept these terms,Go to Submit page,"iOS - phone or tablet, Windows",$1-100,527,11-20 (roughly 2-3 per day),6-10 (roughly 1 per day),Discord - MooMooCord - https://discord.com/invite/moomoocows,3,,,,,,,,,,,,,,,,,,,,,,,,,,,,,,,,,,,,,,,,,,,,,,,,,,,,,,,,,,,,,,,,,,,,,,,,,,,,,,,,,,,,,,,,,,,,,,,,,,,,,,,,,,,,,,,,,,,,,,,,,,,,,,,,,,,,,,,,,,,,,,,,,,,,,,,,,,,,,,,,,,,,,
9/25/2026 8:05:01,FalooslessFukuFan,Graded (No Uma Restrictions),Win A finals,I accept these terms,Finals,,$0,,11-20 (roughly 2-3 per day),6-10 (roughly 1 per day),Discord - MooMooCord - https://discord.com/invite/moomoocows,4,,,,,,,,,,,,,,,,,,,,,,,,,,,,,,,,,,,,,,,,,,,,,,,,,,,,,,,,,,,,,,,,,,,,,,,,,,,,,,,,,,,,,,,,,,,,,,,,,,,,,,,,,,,,,,,,,,,,,,,,,,,,,,,,,,,A Finals,9519,Add new Team Comp as Finals Team Comp,Matikanefukukitaru,Late Surger,Ace built for this CM before CM start in Grand Concert scenario,Nice Nature,End Closer,Debuffer,Mayano Top Gun (Wedding),End Closer,Debuffer,https://drive.google.com/open?id=1CEDLxze38ghzkaWceci2oNUBvv7SkOI2,1st,,,,,,,,,,,Yes,2/2 plats for the goat,https://drive.google.com/open?id=19Ypr3YrFnmtLkXSxMqOse-BMZWuz6J79,https://drive.google.com/open?id=1TtyQEjE43s2qFPGYHAKFBDbCBvGupGs8,,2,14,,,,https://drive.google.com/open?id=1-EN2nIOkMWcwkl2qPPLVkCfxt3gPtLHc
9/25/2026 9:22:40,KCAB,Graded (No Uma Restrictions),Get into A finals,I accept these terms,Day 1,Windows,$1-100,,6-10 (roughly 1 per day),11-20 (roughly 2-3 per day),Discord - MooMooCord - https://discord.com/invite/moomoocows,3,,Manhattan Cafe,Late Surger,Ace built for this CM before CM start in Grand Concert scenario,3,,,,2,1,,Agnes Tachyon,Front Runner,Debuffer,2,,,,3,1,,Grass Wonder,Late Surger,Debuffer,2,,,,3,1,,4 Attempts - 20 Races total,12,Day 2,,,,,,,,,,,,,,Re-use Day 1 - Team Comp 1 as Day 2 - Team Comp 1,,,,,,,,,,4 Attempts - 20 Races total,12,Day 3,,,,,,,,,,,,,,,Re-use Day 2 - Team Comp 1 as Day 3 - Team Comp 1,A Group,,,,,,,,,,4 Attempts - 20 Races total,10,Day 4,,,,,,,,,,,,,,,Re-use Day 3 - Team Comp 1 as Day 4 - Team Comp 1,A Group,,,,,,,,,,4 Attempts - 20 Races total,9,Finals,,,,,,,,,,,,,,,A Finals,8472,Re-use Day 4 - Team Comp 1 as Finals Team Comp,,,,,,,,,,https://drive.google.com/open?id=1Zi23456inarhStQifxL_gdA6sxDfWae6,1st,,,,,,,,,,,Yes,Watching Chasing After You activate with other skills gives so much dopamine as she zooms across the race track.,https://drive.google.com/open?id=1pEqJ93ML_O-8mBRHFIN9vhv0DQ3YCnod,https://drive.google.com/open?id=1Xd3BwXz-NSDcTJMbpFXbqsZtIqfI4eK4,,0,15,0,0,0,https://drive.google.com/open?id=1VVpU2_2PPXofHfqDeYsfmrZSBVqIlv91
9/25/2026 21:30:58,MCHamm,Graded (No Uma Restrictions),Win A finals,I accept these terms,Finals,Android - phone or tablet,$101-500,2396,,,Discord - MooMooCord - https://discord.com/invite/moomoocows,,,Mejiro Palmer,Front Runner,Ace built for older CM,3,1,0,0,1,1,0,Kitasan Black,Front Runner,Ace built for this CM before CM start in Grand Concert scenario,3,0,0,0,2,1,0,Symboli Rudolf,End Closer,Debuffer,,,,,,,,4 Attempts - 20 Races total,14,Day 2,,,,,,,,,,,,,,Re-use Day 1 - Team Comp 1 as Day 2 - Team Comp 1,,,,,,,,,,4 Attempts - 20 Races total,15,Day 3,,,,,,,,,,,,,,,Re-use Day 2 - Team Comp 1 as Day 3 - Team Comp 1,A Group,,,,,,,,,,4 Attempts - 20 Races total,13,Day 4,,,,,,,,,,,,,,,Re-use Day 3 - Team Comp 1 as Day 4 - Team Comp 1,A Group,,,,,,,,,,4 Attempts - 20 Races total,15,Finals,,,,,,,,,,,,,,,A Finals,12606,Re-use Day 4 - Team Comp 1 as Finals Team Comp,,,,,,,,,,https://drive.google.com/open?id=1tDno4FPF6cPXslZwXEgwV3RkA3VkCv6m,1st,,,,,,,,,,,Yes,Dirt C can still win! Wait... this wasn't a dirt cm?,https://drive.google.com/open?id=1rIRDKPQyhkHF2xnKwJ1i9Un_O477Knps,https://drive.google.com/open?id=1CAQ5SgeSHqBBUaf8V7ScybRR8sAPMk0B,,5,6,2,0,3,https://drive.google.com/open?id=15Em34rc3e78CSviqEV75IoT0fBXYa-ao
9/25/2026 8:07:07,Aurey14.1,Graded (No Uma Restrictions),Win A finals,I accept these terms,Day 1,"Android - phone or tablet, Windows",$101-500,1277,21-30 (roughly 3-4 per day),6-10 (roughly 1 per day),Discord - MooMooCord - https://discord.com/invite/moomoocows,5,,Narita Taishin (Steampunk),End Closer,Ace built for this CM before CM start in Grand Concert scenario,3,1,,,1,1,,Nakayama Festa,Late Surger,Ace built for this CM before CM start in Grand Concert scenario,3,1,,,1,1,,Grass Wonder,Pace Chaser,Debuffer,,,,,,,,4 Attempts - 20 Races total,11,Day 2,,,,,,,,,,,,,,Re-use Day 1 - Team Comp 1 as Day 2 - Team Comp 1,,,,,,,,,,4 Attempts - 20 Races total,13,Day 3,,,,,,,,,,,,,,,Re-use Day 2 - Team Comp 1 as Day 3 - Team Comp 1,A Group,,,,,,,,,,4 Attempts - 20 Races total,10,Day 4,,,,,,,,,,,,,,,Re-use Day 3 - Team Comp 1 as Day 4 - Team Comp 1,A Group,,,,,,,,,,4 Attempts - 20 Races total,11,Finals,,,,,,,,,,,,,,,A Finals,11362,Re-use Day 4 - Team Comp 1 as Finals Team Comp,,,,,,,,,,https://drive.google.com/open?id=1BcRtLtOVtVuvoNQTZYryRkNQqOUjqwaF,1st,,,,,,,,,,,Yes,"doesnt matter if you win by an inch or a mile, a win is a win",https://drive.google.com/open?id=1ArxelZcn0vw7Zu_3gEzSfeeInLQPbZvj,https://drive.google.com/open?id=1ai1vIKClCvDk3QOPy8TUTYOLYE3CUtd6,,,16,,,,https://drive.google.com/open?id=1x_c0aEyV1lQjq3WPRs_MJmGz3G8zDlxk
9/25/2026 8:10:20,Blitzzard,Graded (No Uma Restrictions),Win A finals,I accept these terms,Finals,Android - phone or tablet,$1-100,,6-10 (roughly 1 per day),11-20 (roughly 2-3 per day),Discord - MooMooCord - https://discord.com/invite/moomoocows,,,,,,,,,,,,,,,,,,,,,,,,,,,,,,,,,,,,,,,,,,,,,,,,,,,,,,,,,,,,,,,,,,,,,,,,,,,,,,,,,,,,,,,,,,,,,,,,,,,,,,,,,,,,,,,,,,,,,,,,,,,,,,,,,,,,A Finals,5131,Add new Team Comp as Finals Team Comp,Satono Diamond,Late Surger,Ace built for this CM before CM start in Grand Concert scenario,Mejiro Palmer,Front Runner,Ace built for this CM before CM start in Grand Concert scenario,Manhattan Cafe,Late Surger,Ace built for this CM before CM start in Grand Concert scenario,https://drive.google.com/open?id=1i1Oqwv_uXQ0P-RcrLCwVAYi_P8AKeAv_,1st,,,,,,,,,,,Yes,Right-Handed Upscale,https://drive.google.com/open?id=1--2if7jzBgQGh4lG6UO1vVxh9ECdiMXj,https://drive.google.com/open?id=1ZVvRpCEdw2K3nqJou1RhhegkbnpwLDqo,,3,13,,,,https://drive.google.com/open?id=15AEYBtll-xVdJq0F-hzSf4uugqt6yW34
9/25/2026 8:13:33,Tulling,Graded (No Uma Restrictions),Get into A finals,I accept these terms,Day 1,"Android - phone or tablet, Windows",$101-500,1658,21-30 (roughly 3-4 per day),6-10 (roughly 1 per day),"Discord - MooMooCord - https://discord.com/invite/moomoocows, YouTube - MooMooCows - https://www.youtube.com/@MooMooCows",3,,Silence Suzuka,Runaway,Ace built for this CM before CM start in Grand Concert scenario,3,0,0,0,2,1,0,Mihono Bourbon (Valentine),Front Runner,Ace built for this CM before CM start in Grand Concert scenario,3,0,0,0,2,1,0,Rice Shower (Halloween),Pace Chaser,Ace built for this CM before CM start in Grand Concert scenario,3,0,0,0,2,1,0,4 Attempts - 20 Races total,14,Day 2,,,,,,,,,,,,,,Re-use Day 1 - Team Comp 1 as Day 2 - Team Comp 1,,,,,,,,,,4 Attempts - 20 Races total,6,Day 3,,,,,,,,,,,,,,,Re-use Day 2 - Team Comp 1 as Day 3 - Team Comp 1,A Group,,,,,,,,,,4 Attempts - 20 Races total,6,Day 4,,,,,,,,,,,,,,,Re-use Day 3 - Team Comp 1 as Day 4 - Team Comp 1,A Group,,,,,,,,,,4 Attempts - 20 Races total,9,Finals,,,,,,,,,,,,,,,A Finals,6666,Re-use Day 4 - Team Comp 1 as Finals Team Comp,,,,,,,,,,https://drive.google.com/open?id=1oVbQ8nV6diS2jnPm7i-VnwgM7NVKoM05,1st,,,,,,,,,,,No,,https://drive.google.com/open?id=1h2AdKWKcuF5RriubpnjfM6knrZ9WCgXu,https://drive.google.com/open?id=16tiwlg4fpXZBHbNOdJpASL-8YPz7Zhcz,,0,14,1,0,0,https://drive.google.com/open?id=1GeJfaQ5nSGT7P_nrS3akfMvjipOZ_UeE
9/25/2026 8:17:26,namayO,Graded (No Uma Restrictions),Win A finals,I accept these terms,Finals,"Android - phone or tablet, Windows",$0,1913,46+ (more than 6 per day),21-30 (roughly 3-4 per day),Discord - MooMooCord - https://discord.com/invite/moomoocows,5,,,,,,,,,,,,,,,,,,,,,,,,,,,,,,,,,,,,,,,,,,,,,,,,,,,,,,,,,,,,,,,,,,,,,,,,,,,,,,,,,,,,,,,,,,,,,,,,,,,,,,,,,,,,,,,,,,,,,,,,,,,,,,,,,,,A Finals,11707,Add new Team Comp as Finals Team Comp,Symboli Rudolf (Festival),Pace Chaser,Ace built for this CM before CM start in Grand Concert scenario,Mejiro Ardan,Pace Chaser,Mid-CM Ace build in Grand Concert scenario,Grass Wonder,Late Surger,Debuffer,https://drive.google.com/open?id=1BE0Hf_1-OiTgrh4GSmaEZc7vozgXXaRo,1st,,,,,,,,,,,Yes,Luna my beloved🥰 ,https://drive.google.com/open?id=1gwrDjeYZVAPQyPJ7vjfd5H3yw7xs9wal,https://drive.google.com/open?id=1e08LUrg-wKdtMgQQu8K48aOkoDuZEogg,,,,8,2,,https://drive.google.com/open?id=1Mmo1jdqTRM9YeTbU1nZ_J01zqdzaoaEx
9/25/2026 8:20:04,Paslos,Graded (No Uma Restrictions),Get into A finals,I accept these terms,Finals,,,,,,,,,,,,,,,,,,,,,,,,,,,,,,,,,,,,,,,,,,,,,,,,,,,,,,,,,,,,,,,,,,,,,,,,,,,,,,,,,,,,,,,,,,,,,,,,,,,,,,,,,,,,,,,,,,,,,,,,,,,,,,,,,,,,,,,,,,A Finals,,Re-use Day 4 - Team Comp 1 as Finals Team Comp,,,,,,,,,,https://drive.google.com/open?id=1JmNS6Hllqra__ENZhd_C8q3ja9sj8lq4,1st,,,,,,,,,,,No,,,,,,,,,,
9/25/2026 8:32:14,Naomikho,Graded (No Uma Restrictions),Win A finals,I accept these terms,Day 1,"Android - phone or tablet, Windows",$101-500,,31-45 (roughly 5-6 per day),0-5 (less than 1 per day),Discord - MooMooCord - https://discord.com/invite/moomoocows,,,Oguri Cap (Christmas),Pace Chaser,Ace built for this CM before CM start in Grand Concert scenario,2,1,0,0,2,1,0,Mayano Top Gun (Wedding),Front Runner,Debuffer,,,,,,,,Nice Nature,Late Surger,Debuffer,,,,,,,,4 Attempts - 20 Races total,15,Day 2,,,,,,,,,,,,,,Re-use Day 1 - Team Comp 1 as Day 2 - Team Comp 1,,,,,,,,,,4 Attempts - 20 Races total,14,Day 3,,,,,,,,,,,,,,,Re-use Day 2 - Team Comp 1 as Day 3 - Team Comp 1,A Group,,,,,,,,,,4 Attempts - 20 Races total,13,Day 4,,,,,,,,,,,,,,,Re-use Day 3 - Team Comp 1 as Day 4 - Team Comp 1,A Group,,,,,,,,,,4 Attempts - 20 Races total,17,Finals,,,,,,,,,,,,,,,A Finals,14721,Re-use Day 4 - Team Comp 1 as Finals Team Comp,,,,,,,,,,https://drive.google.com/open?id=1Iv9rgInGEvWBRFRD7KmxgXnGWKkN_hA_,1st,,,,,,,,,,,No,,https://drive.google.com/open?id=1X72r6bLwg3LxBOkroLdx1hChK2V8pidu,https://drive.google.com/open?id=1Qj11zFuvdeE3dpy4qLqkBia14JizNivA,,4,5,2,2,0,https://drive.google.com/open?id=1mEVhlx8BNk19hQZ9C-zZd7_9rzStjMxa
9/25/2026 8:38:48,Akku,Graded (No Uma Restrictions),Win A finals,I accept these terms,Finals,Android - phone or tablet,$1001-5000,1584,46+ (more than 6 per day),6-10 (roughly 1 per day),Discord - MooMooCord - https://discord.com/invite/moomoocows,5,,,,,,,,,,,,,,,,,,,,,,,,,,,,,,,,,,,,,,,,,,,,,,,,,,,,,,,,,,,,,,,,,,,,,,,,,,,,,,,,,,,,,,,,,,,,,,,,,,,,,,,,,,,,,,,,,,,,,,,,,,,,,,,,,,,A Finals,12009,Add new Team Comp as Finals Team Comp,Oguri Cap (Christmas),End Closer,Ace built for this CM before CM start in Grand Concert scenario,Agnes Tachyon,Late Surger,Debuffer,Grass Wonder,Late Surger,Debuffer,https://drive.google.com/open?id=1_ywlb5zfRHwobx6pso22AIyT5z4w3xDc,1st,,,,,,,,,,,No,,https://drive.google.com/open?id=1dKY8gUVH6qhko02T-2zDPbq2UEXrYi5G,https://drive.google.com/open?id=1LLQSS6tRx1txrpDo7NJXQmgs_6347H_F,,2,7,3,0,,https://drive.google.com/open?id=1q-tqjeMjLRlhVXtjiSpLRvf4K699M1BF
9/25/2026 8:44:43,Gord,Graded (No Uma Restrictions),Get into A finals,I accept these terms,Day 1,"Android - phone or tablet, Windows",$101-500,1283,,,Discord - MooMooCord - https://discord.com/invite/moomoocows,,,Yaeno Muteki,Late Surger,Ace built for this CM before CM start in Grand Concert scenario,2,1,0,0,2,1,0,Oguri Cap (Christmas),Pace Chaser,Ace built for this CM before CM start in Grand Concert scenario,3,0,0,0,2,1,0,Grass Wonder,Late Surger,Debuffer,2,0,1,0,2,1,0,4 Attempts - 20 Races total,15,Day 2,,,,,,,,,,,,,,Re-use Day 1 - Team Comp 1 as Day 2 - Team Comp 1,,,,,,,,,,4 Attempts - 20 Races total,16,Day 3,,,,,,,,,,,,,,,Re-use Day 2 - Team Comp 1 as Day 3 - Team Comp 1,A Group,,,,,,,,,,4 Attempts - 20 Races total,11,Day 4,,,,,,,,,,,,,,,Re-use Day 3 - Team Comp 1 as Day 4 - Team Comp 1,A Group,,,,,,,,,,4 Attempts - 20 Races total,12,Finals,,,,,,,,,,,,,,,A Finals,9696,Re-use Day 4 - Team Comp 1 as Finals Team Comp,,,,,,,,,,https://drive.google.com/open?id=1aXyr-a4jIsqt7GHHyhOQ56IlZvrRIaAk,2nd,No (goes to Submit page),,,,,,,,,,,,,,,,,,,,
9/25/2026 8:53:58,hansumkorean,Graded (No Uma Restrictions),Get into A finals,I accept these terms,Day 1,Android - phone or tablet,$101-500,1743,46+ (more than 6 per day),6-10 (roughly 1 per day),"Discord - MooMooCord - https://discord.com/invite/moomoocows, Twitch - MooMooCows - https://www.twitch.tv/moomoomoocows, YouTube - MooMooCows - https://www.youtube.com/@MooMooCows",,,Kitasan Black,Front Runner,Ace built for this CM before CM start in Grand Concert scenario,3,,,,2,1,,Seiun Sky,Front Runner,Ace built for this CM before CM start in Grand Concert scenario,3,,,,2,1,,Grass Wonder,Late Surger,Debuffer,1,,1,,4,,,4 Attempts - 20 Races total,18,Day 2,,,,,,,,,,,,,,Re-use Day 1 - Team Comp 1 as Day 2 - Team Comp 1,,,,,,,,,,4 Attempts - 20 Races total,15,Day 3,,,,,,,,,,,,,,,Re-use Day 2 - Team Comp 1 as Day 3 - Team Comp 1,A Group,,,,,,,,,,4 Attempts - 20 Races total,11,Day 4,,,,,,,,,,,,,,,Re-use Day 3 - Team Comp 1 as Day 4 - Team Comp 1,A Group,,,,,,,,,,4 Attempts - 20 Races total,6,Finals,,,,,,,,,,,,,,,A Finals,9024,Re-use Day 4 - Team Comp 1 as Finals Team Comp,,,,,,,,,,https://drive.google.com/open?id=1v-3h17S6W-Egmw87mb3BGLQuv9UKHh7v,1st,,,,,,,,,,,No,,https://drive.google.com/open?id=1Vlqpa9MIvSLB9ECa4JYMX_rdwowYdkj2,https://drive.google.com/open?id=1wTrQlCGZnhqh0TqN6eTmQ0uAAXY5qgto,,,13,2,,,https://drive.google.com/open?id=1lOnvJ0G3X8vIFRPrvzNvZN-0igf2Wk5H
9/25/2026 9:09:51,Chamomile,Open (A+ Grade and Lower Umas Only),Win A finals,I accept these terms,Day 1,Windows,$101-500,342,6-10 (roughly 1 per day),0-5 (less than 1 per day),YouTube - MooMooCows - https://www.youtube.com/@MooMooCows,,,Nice Nature (Cheerleader),Late Surger,Ace built for this CM before CM start in Grand Concert scenario,2,2,0,0,2,0,0,Agnes Digital (Halloween),End Closer,Ace built for this CM before CM start in Grand Concert scenario,2,0,0,1,2,1,0,Meisho Doto (Halloween),Pace Chaser,Blocker/Overtake target/Throwaway/Niche role,,,,,,,,1 Attempt - 5 Races total,4,Day 2,,,,,,,,,,,,,,Re-use Day 1 - Team Comp 1 as Day 2 - Team Comp 1,,,,,,,,,,1 Attempt - 5 Races total,3,Day 3,,,,,,,,,,,,,,,Add new Team Comp as Day 3 - Team Comp 1,A Group,Nice Nature (Cheerleader),Late Surger,Ace built for this CM before CM start in Grand Concert scenario,Grass Wonder,Late Surger,Debuffer,Agnes Digital (Halloween),End Closer,Ace built for this CM before CM start in Grand Concert scenario,3 Attempts - 15 Races total,9,Day 4,,,,,,,,,,,,,,,Re-use Day 3 - Team Comp 1 as Day 4 - Team Comp 1,A Group,,,,,,,,,,3 Attempts - 15 Races total,8,Finals,,,,,,,,,,,,,,,A Finals,3876,Re-use Day 4 - Team Comp 1 as Finals Team Comp,,,,,,,,,,https://drive.google.com/open?id=1PbZOUsDfYMj0a-PbyNCexdF5Bv1BB7Au,1st,,,,,,,,,,,Yes,Go! Go! Neicha!,https://drive.google.com/open?id=1kUp52p3H1g76vJ1A_3B1L-8yV0XIjZAW,https://drive.google.com/open?id=1C1dTBVnshOpg9emhJxl0cz77cfACm2Lp,,,,,,,
9/25/2026 8:57:09,Devroxn,Graded (No Uma Restrictions),Win A finals,I accept these terms,Finals,,$0,,46+ (more than 6 per day),21-30 (roughly 3-4 per day),Discord - MooMooCord - https://discord.com/invite/moomoocows,,,,,,,,,,,,,,,,,,,,,,,,,,,,,,,,,,,,,,,,,,,,,,,,,,,,,,,,,,,,,,,,,,,,,,,,,,,,,,,,,,,,,,,,,,,,,,,,,,,,,,,,,,,,,,,,,,,,,,,,,,,,,,,,,,,,A Finals,12677,Add new Team Comp as Finals Team Comp,Mihono Bourbon,Front Runner,Ace built for this CM before CM start in Grand Concert scenario,Eishin Flash (Valentine),Late Surger,Debuffer,Grass Wonder,Late Surger,Debuffer,https://drive.google.com/open?id=10mVZslrjTy3wdeQqVvIcYfa6IXNFz6JI,1st,,,,,,,,,,,No,,,,,,,,,,
9/25/2026 9:08:28,Whoops,Graded (No Uma Restrictions),Win A finals,I accept these terms,Day 1,Windows,$1-100,1688,31-45 (roughly 5-6 per day),0-5 (less than 1 per day),"Discord - MooMooCord - https://discord.com/invite/moomoocows, Reddit - /r/UmamusumeGame, YouTube - MooMooCows - https://www.youtube.com/@MooMooCows",5,,Mejiro McQueen (Summer),Pace Chaser,Ace built for this CM before CM start in Grand Concert scenario,3,0,0,0,2,0,,Grass Wonder,Late Surger,Debuffer,,,,,,,,Nice Nature,Late Surger,Debuffer,,,,,,,,4 Attempts - 20 Races total,16,Day 2,,,,,,,,,,,,,,Re-use Day 1 - Team Comp 1 as Day 2 - Team Comp 1,,,,,,,,,,4 Attempts - 20 Races total,16,Day 3,,,,,,,,,,,,,,,Re-use Day 2 - Team Comp 1 as Day 3 - Team Comp 1,A Group,,,,,,,,,,4 Attempts - 20 Races total,10,Day 4,,,,,,,,,,,,,,,Re-use Day 3 - Team Comp 1 as Day 4 - Team Comp 1,A Group,,,,,,,,,,4 Attempts - 20 Races total,14,Finals,,,,,,,,,,,,,,,A Finals,13671,Re-use Day 4 - Team Comp 1 as Finals Team Comp,,,,,,,,,,https://drive.google.com/open?id=1GtLU8mdUsj-AW4ZW7hXKFb0RVubh6SQj,1st,,,,,,,,,,,Yes,GG fugging EZ desuwa~,https://drive.google.com/open?id=1YuDdr4gypjcvvzvwVLVr4c1-eSJfmBRr,https://drive.google.com/open?id=1uhhpfJuhiRgafk_4N3TjalEUlW2kPKfi,,,11,4,,,https://drive.google.com/open?id=1TaRkkB1b-xWC1tosxESJeeKQlopn2Yzw
9/25/2026 9:27:43,Gaoler,Graded (No Uma Restrictions),Get into A finals,I accept these terms,Day 2,iOS - phone or tablet,$1001-5000,2013,21-30 (roughly 3-4 per day),0-5 (less than 1 per day),YouTube - MooMooCows - https://www.youtube.com/@MooMooCows,5,,Oguri Cap (Christmas),End Closer,Ace built for this CM before CM start in Grand Concert scenario,2,1,0,0,2,1,0,Agnes Tachyon,End Closer,Debuffer,,,,,,,,Grass Wonder,End Closer,Debuffer,,,,,,,,4 Attempts - 20 Races total,18,Go to Submit page,,,,,,,,,,,,,,Re-use Day 1 - Team Comp 1 as Day 2 - Team Comp 1,,,,,,,,,,4 Attempts - 20 Races total,18,Day 3,,,,,,,,,,,,,,,Re-use Day 2 - Team Comp 1 as Day 3 - Team Comp 1,A Group,,,,,,,,,,4 Attempts - 20 Races total,16,Day 4,,,,,,,,,,,,,,,Re-use Day 3 - Team Comp 1 as Day 4 - Team Comp 1,A Group,,,,,,,,,,4 Attempts - 20 Races total,16,Go to Submit page,,,,,,,,,,,,,,,A Finals,12180,Re-use Day 4 - Team Comp 1 as Finals Team Comp,,,,,,,,,,https://drive.google.com/open?id=1b8wx-lduBlM-iOl9-rZF3iCrX73tyncF,1st,,,,,,,,,,,No,,https://drive.google.com/open?id=1lXJQRVyZ57gACKgxa6SN6Hs09Uq7FKO0,https://drive.google.com/open?id=1a8ml3w137OosGz-ompULqN1qLkbjISQn,,3,13,0,0,0,https://drive.google.com/open?id=1HqT_H0Labu3jOju34B0-ctR_B_w54MUD
9/25/2026 9:28:05,Karate Pawn,Graded (No Uma Restrictions),Win A finals,I accept these terms,Day 1,"Android - phone or tablet, Windows",$0,662,11-20 (roughly 2-3 per day),0-5 (less than 1 per day),"Discord - MooMooCord - https://discord.com/invite/moomoocows, Twitch - MooMooCows - https://www.twitch.tv/moomoomoocows, YouTube - MooMooCows - https://www.youtube.com/@MooMooCows",5,,Agnes Digital,Late Surger,Ace built for this CM before CM start in Grand Concert scenario,2,1,0,0,2,1,0,Mejiro Dober,Late Surger,Ace built for this CM before CM start in Grand Concert scenario,2,1,0,0,2,1,0,Sweep Tosho,End Closer,Ace built for this CM before CM start in Grand Concert scenario,2,1,0,0,2,1,0,4 Attempts - 20 Races total,11,Day 2,,,,,,,,,,,,,,Re-use Day 1 - Team Comp 1 as Day 2 - Team Comp 1,,,,,,,,,,4 Attempts - 20 Races total,18,Day 3,,,,,,,,,,,,,,,Re-use Day 2 - Team Comp 1 as Day 3 - Team Comp 1,A Group,,,,,,,,,,4 Attempts - 20 Races total,11,Day 4,,,,,,,,,,,,,,,Re-use Day 3 - Team Comp 1 as Day 4 - Team Comp 1,A Group,,,,,,,,,,4 Attempts - 20 Races total,14,Finals,,,,,,,,,,,,,,,A Finals,9731,Re-use Day 4 - Team Comp 1 as Finals Team Comp,,,,,,,,,,https://drive.google.com/open?id=19tPk1rVPPHrZ9RV0hpHlGr8YZYtWxVXG,3rd,No (goes to Submit page),,,,,,,,,,,,,,,,,,,,
9/25/2026 9:43:02,Reflet,Graded (No Uma Restrictions),Win A finals,I accept these terms,Finals,"Android - phone or tablet, Windows",$101-500,,21-30 (roughly 3-4 per day),11-20 (roughly 2-3 per day),"Discord - MooMooCord - https://discord.com/invite/moomoocows, YouTube - MooMooCows - https://www.youtube.com/@MooMooCows",4,,,,,,,,,,,,,,,,,,,,,,,,,,,,,,,,,,,,,,,,,,,,,,,,,,,,,,,,,,,,,,,,,,,,,,,,,,,,,,,,,,,,,,,,,,,,,,,,,,,,,,,,,,,,,,,,,,,,,,,,,,,,,,,,,,,A Finals,10325,Add new Team Comp as Finals Team Comp,Tokai Teio (Anime Collab),Pace Chaser,Mid-CM Ace build in Grand Concert scenario,Seiun Sky,Front Runner,Mid-CM Ace build in Grand Concert scenario,Silence Suzuka,Runaway,Blocker/Overtake target/Throwaway/Niche role,https://drive.google.com/open?id=1P5qPXLsa37xDhCscznVrbig3k6G8pama,1st,,,,,,,,,,,Yes,Washed up Grade A Racer,,https://drive.google.com/open?id=1ptJf_SrL1QPwAtn8ZGSHgxTSGsNp-Uh1,https://drive.google.com/open?id=1mTpAwlFZ8FhFfqzqeIwNBM4jlyMsPuHS,0,15,0,0,0,https://drive.google.com/open?id=1VvKLDttMOCeFU8yW-kFoCzTpurn6-UAk
9/25/2026 9:49:23,Umi,Graded (No Uma Restrictions),Win A finals,I accept these terms,Day 1,Android - phone or tablet,$501-1000,2058,11-20 (roughly 2-3 per day),31-45 (roughly 5-6 per day),Discord - MooMooCord - https://discord.com/invite/moomoocows,,,Oguri Cap (Christmas),End Closer,Ace built for this CM before CM start in Grand Concert scenario,3,0,0,0,2,1,0,Nice Nature,Late Surger,Debuffer,0,2,1,1,2,0,0,Mayano Top Gun (Wedding),End Closer,Debuffer,0,2,1,0,3,0,0,4 Attempts - 20 Races total,20,Day 2,,,,,,,,,,,,,,Re-use Day 1 - Team Comp 1 as Day 2 - Team Comp 1,,,,,,,,,,4 Attempts - 20 Races total,17,Day 3,,,,,,,,,,,,,,,Re-use Day 2 - Team Comp 1 as Day 3 - Team Comp 1,A Group,,,,,,,,,,4 Attempts - 20 Races total,14,Day 4,,,,,,,,,,,,,,,Re-use Day 3 - Team Comp 1 as Day 4 - Team Comp 1,A Group,,,,,,,,,,4 Attempts - 20 Races total,17,Finals,,,,,,,,,,,,,,,A Finals,10658,Re-use Day 4 - Team Comp 1 as Finals Team Comp,,,,,,,,,,https://drive.google.com/open?id=1mm6NJ6zrKLX1Ppy0EKe4OTcgKKag7erq,1st,,,,,,,,,,,No,,https://drive.google.com/open?id=1VHQljVVfd-eHXFZwGmQqgLxl3eJG3mQ2,https://drive.google.com/open?id=1jCtvvEY6qMKByGnY2Si6BwdP9pVWCDps,,0,11,4,0,0,https://drive.google.com/open?id=1OthGNYIfhFixtQcr_6BiLC5FB3rzTEuH
9/25/2026 10:04:42,ssamachi,Open (A+ Grade and Lower Umas Only),Win A finals,I accept these terms,Day 1,"Android - phone or tablet, Windows",$1-100,507,0-5 (less than 1 per day),0-5 (less than 1 per day),"Discord - MooMooCord - https://discord.com/invite/moomoocows, YouTube - MooMooCows - https://www.youtube.com/@MooMooCows",5,,Mejiro Dober,Late Surger,Ace built for this CM before CM start in Unity Cup scenario,2,2,,,2,,,Tamamo Cross (Festival),Pace Chaser,Ace built for this CM before CM start in Unity Cup scenario,2,2,,,2,,,Rice Shower,Pace Chaser,Ace built for this CM before CM start in Unity Cup scenario,2,2,,,2,,,4 Attempts - 20 Races total,17,Day 2,,,,,,,,,,,,,,Re-use Day 1 - Team Comp 1 as Day 2 - Team Comp 1,,,,,,,,,,4 Attempts - 20 Races total,19,Day 3,,,,,,,,,,,,,,,Re-use Day 2 - Team Comp 1 as Day 3 - Team Comp 1,A Group,,,,,,,,,,4 Attempts - 20 Races total,14,Day 4,,,,,,,,,,,,,,,Re-use Day 3 - Team Comp 1 as Day 4 - Team Comp 1,A Group,,,,,,,,,,4 Attempts - 20 Races total,18,Finals,,,,,,,,,,,,,,,A Finals,7560,Re-use Day 4 - Team Comp 1 as Finals Team Comp,,,,,,,,,,https://drive.google.com/open?id=1Y53kXSNiiwOO6Z-nHxhzMBfDXTWu47eQ,1st,,,,,,,,,,,No,,,,,,,,,,
9/25/2026 10:22:10,Mike,Graded (No Uma Restrictions),Get into A finals,I accept these terms,Finals,"Android - phone or tablet, Windows",$0,622,0-5 (less than 1 per day),6-10 (roughly 1 per day),"Discord - MooMooCord - https://discord.com/invite/moomoocows, YouTube - MooMooCows - https://www.youtube.com/@MooMooCows",4,,,,,,,,,,,,,,,,,,,,,,,,,,,,,,,,,,,,,,,,,,,,,,,,,,,,,,,,,,,,,,,,,,,,,,,,,,,,,,,,,,,,,,,,,,,,,,,,,,,,,,,,,,,,,,,,,,,,,,,,,,,,,,,,,,,A Finals,10495,Add new Team Comp as Finals Team Comp,Gold Ship,End Closer,Ace built for this CM before CM start in Grand Concert scenario,Grass Wonder,Late Surger,Debuffer,Agnes Tachyon,Pace Chaser,Debuffer,https://drive.google.com/open?id=1cA0ctZimpBFu-eewiv4-1U0YG_rojfWV,1st,,,,,,,,,,,No,,https://drive.google.com/open?id=1z9l2BS5l09B3DrI8FdQKZBJHX6rLBXlS,https://drive.google.com/open?id=1dORPIsYT8MF5Teqrfo-p48JwkUdwYSaQ,,,,,,,https://drive.google.com/open?id=1pBmLkkPOS0lYOY7sM0ZKDmgF0EmsHJiQ
9/25/2026 10:23:55,Keion,Graded (No Uma Restrictions),Win A finals,I accept these terms,Day 1,Android - phone or tablet,$1-100,1563,31-45 (roughly 5-6 per day),6-10 (roughly 1 per day),Discord - MooMooCord - https://discord.com/invite/moomoocows,5,,Seiun Sky,Front Runner,Ace built for this CM before CM start in Grand Concert scenario,3,,1,,1,1,,Silence Suzuka,Runaway,Debuffer,,,,,,,,Nice Nature,Front Runner,Debuffer,,,,,,,,4 Attempts - 20 Races total,16,Day 2,,,,,,,,,,,,,,Re-use Day 1 - Team Comp 1 as Day 2 - Team Comp 1,,,,,,,,,,4 Attempts - 20 Races total,16,Day 3,,,,,,,,,,,,,,,Re-use Day 2 - Team Comp 1 as Day 3 - Team Comp 1,A Group,,,,,,,,,,4 Attempts - 20 Races total,15,Day 4,,,,,,,,,,,,,,,Re-use Day 3 - Team Comp 1 as Day 4 - Team Comp 1,A Group,,,,,,,,,,4 Attempts - 20 Races total,14,Finals,,,,,,,,,,,,,,,A Finals,11137,Re-use Day 4 - Team Comp 1 as Finals Team Comp,,,,,,,,,,https://drive.google.com/open?id=1FtcaZiCfPmzcUDTWd1iZ04D3G4eTdz3-,1st,,,,,,,,,,,Yes,You win the race by being in the front,,https://drive.google.com/open?id=1f1fv_gNScmmCrpSWtVUUacnfSLCUVKSA,https://drive.google.com/open?id=1bEYGsb8ipAgAeewkJV_kgQoKVM507doH,2,10,3,,,https://drive.google.com/open?id=1Z3-uJdxVCeYxOmA5S4lorYZ3P4_H3Cx2
9/25/2026 10:41:18,chunguslieben,Graded (No Uma Restrictions),Win A finals,I accept these terms,Day 1,Android - phone or tablet,$101-500,1475,6-10 (roughly 1 per day),0-5 (less than 1 per day),Discord - MooMooCord - https://discord.com/invite/moomoocows,5,,Admire Vega,End Closer,Ace built for this CM before CM start in Grand Concert scenario,3,1,0,0,2,0,0,Mihono Bourbon (Valentine),Front Runner,Ace built for this CM before CM start in Grand Concert scenario,3,0,0,0,2,1,0,Grass Wonder,End Closer,Debuffer,,,,,,,,4 Attempts - 20 Races total,12,Day 2,,,,,,,,,,,,,,Re-use Day 1 - Team Comp 1 as Day 2 - Team Comp 1,,,,,,,,,,4 Attempts - 20 Races total,12,Day 3,,,,,,,,,,,,,,,Re-use Day 2 - Team Comp 1 as Day 3 - Team Comp 1,A Group,,,,,,,,,,4 Attempts - 20 Races total,8,Day 4,,,,,,,,,,,,,,,Re-use Day 3 - Team Comp 1 as Day 4 - Team Comp 1,A Group,,,,,,,,,,4 Attempts - 20 Races total,12,Finals,,,,,,,,,,,,,,,A Finals,10332,Re-use Day 4 - Team Comp 1 as Finals Team Comp,,,,,,,,,,https://drive.google.com/open?id=1o3Y9aAJExuJkYi3maoLzB_Dkk7-zcSeY,1st,,,,,,,,,,,No,,https://drive.google.com/open?id=11lLfK2Yfxv3Ca8eur1wbg1Ig1Am-MdUS,https://drive.google.com/open?id=1TqNF6aNxy9O_H2jhhyiLu-ZXM1yQvvxA,,0,13,0,0,3,https://drive.google.com/open?id=1JFXx4ckVtRWrkLL0ipAipgY3GtYSEF6l
9/25/2026 10:52:13,adof,Graded (No Uma Restrictions),Collect participation rewards,I accept these terms,Day 1,Windows,$0,,6-10 (roughly 1 per day),0-5 (less than 1 per day),"Reddit - /r/UmamusumeGame, YouTube - MooMooCows - https://www.youtube.com/@MooMooCows",,,Oguri Cap (Christmas),Pace Chaser,Ace built for this CM before CM start in Grand Concert scenario,3,0,0,0,2,1,0,Special Week,Pace Chaser,Ace built for this CM before CM start in Grand Concert scenario,3,0,0,0,2,1,0,Super Creek,Pace Chaser,Ace built for this CM before CM start in Grand Concert scenario,3,0,0,0,2,1,0,2 Attempts - 10 Races total,5,Day 2,,,,,,,,,,,,,,Re-use Day 1 - Team Comp 1 as Day 2 - Team Comp 1,,,,,,,,,,2 Attempts - 10 Races total,5,Day 3,,,,,,,,,,,,,,,Re-use Day 2 - Team Comp 1 as Day 3 - Team Comp 1,A Group,,,,,,,,,,4 Attempts - 20 Races total,10,Day 4,,,,,,,,,,,,,,,Re-use Day 3 - Team Comp 1 as Day 4 - Team Comp 1,A Group,,,,,,,,,,4 Attempts - 20 Races total,5,Finals,,,,,,,,,,,,,,,A Finals,6832,Re-use Day 4 - Team Comp 1 as Finals Team Comp,,,,,,,,,,https://drive.google.com/open?id=1Teq4FVgmf4wdmAu7fDN4a4iM3SEUUMip,3rd,No (goes to Submit page),,,,,,,,,,,,,,,,,,,,
9/25/2026 10:55:39,Hopeful Purveyor,Graded (No Uma Restrictions),Get Tachyon to lead Ms Victoria,I accept these terms,Day 1,"Android - phone or tablet, Windows",Rather not say,1302,6-10 (roughly 1 per day),21-30 (roughly 3-4 per day),"Friend sent me the link, Discord - MooMooCord - https://discord.com/invite/moomoocows",,,Agnes Tachyon,Pace Chaser,Ace built for this CM before CM start in Grand Concert scenario,2,0,1,0,2,1,,Tosen Jordan,Pace Chaser,Ace built for this CM before CM start in Grand Concert scenario,2,1,0,0,2,1,,Nice Nature,Late Surger,Debuffer,1,1,1,,3,,,4 Attempts - 20 Races total,11,Day 2,,,,,,,,,,,,,,Re-use Day 1 - Team Comp 1 as Day 2 - Team Comp 1,,,,,,,,,,4 Attempts - 20 Races total,17,Day 4,,,,,,,,,,,,,,,Re-use Day 2 - Team Comp 1 as Day 3 - Team Comp 1,A Group,,,,,,,,,,4 Attempts - 20 Races total,7,Day 1,,,,,,,,,,,,,,,Re-use Day 3 - Team Comp 1 as Day 4 - Team Comp 1,A Group,,,,,,,,,,4 Attempts - 20 Races total,11,Finals,,,,,,,,,,,,,,,A Finals,8775,Re-use Day 4 - Team Comp 1 as Finals Team Comp,,,,,,,,,,https://drive.google.com/open?id=19hCr409ydqGwWEZVYIuUlamS2yMGkNtF,1st,,,,,,,,,,,Yes,"My dream has been fulfilled, and now my wife may rest easy.",https://drive.google.com/open?id=1JUh21dzhQz58K0qJ66gcloGQ1EydP9to,https://drive.google.com/open?id=145JkV0OPIE07Ik0OmdD3fzMDRyLTkWNf,,,10,5,,,https://drive.google.com/open?id=17jh-oXX7Puhbp8bjGhwdAHIslwuZCAWN
9/25/2026 11:11:03,Altyram,Graded (No Uma Restrictions),Get into A finals,I accept these terms,Finals,"Android - phone or tablet, Windows",$1-100,970,11-20 (roughly 2-3 per day),6-10 (roughly 1 per day),YouTube - MooMooCows - https://www.youtube.com/@MooMooCows,5,,,,,,,,,,,,,,,,,,,,,,,,,,,,,,,,,,,,,,,,,,,,,,,,,,,,,,,,,,,,,,,,,,,,,,,,,,,,,,,,,,,,,,,,,,,,,,,,,,,,,,,,,,,,,,,,,,,,,,,,,,,,,,,,,,,A Finals,9475,Add new Team Comp as Finals Team Comp,Meisho Doto (Halloween),Pace Chaser,Ace built for this CM before CM start in Grand Concert scenario,Daiwa Scarlet,Pace Chaser,Ace built for this CM before CM start in Grand Concert scenario,Agnes Tachyon,Pace Chaser,Debuffer,https://drive.google.com/open?id=1qUcE6c8G2-ItcZNGb6R2dfy6cblMjYiI,1st,,,,,,,,,,,Yes,Daiwa Scarlet Number 1!,https://drive.google.com/open?id=1GHENSZ1AxMD5mSGZZgW6pSbNlWM_6Cyz,https://drive.google.com/open?id=1aY8tC-4C8lLIpIvDBiZi4Ek7BYAqygdE,,,18,,,,https://drive.google.com/open?id=1SZXcNdSUzWITnNaER3V1c6kkjQr_TemG
9/25/2026 11:12:24,Big Saij,Graded (No Uma Restrictions),Get into A finals,I accept these terms,Day 1,Windows,$1-100,771,11-20 (roughly 2-3 per day),6-10 (roughly 1 per day),Friend sent me the link,4,,Oguri Cap (Christmas),Pace Chaser,Ace built for this CM before CM start in Grand Concert scenario,2,,,,3,0,,Grass Wonder,Late Surger,Hybrid (ace + debuffer),2,1,,,2,1,,Symboli Rudolf,Late Surger,Hybrid (ace + debuffer),2,1,,,2,1,,4 Attempts - 20 Races total,9,Day 2,,,,,,,,,,,,,,Re-use Day 1 - Team Comp 1 as Day 2 - Team Comp 1,,,,,,,,,,4 Attempts - 20 Races total,14,Day 3,,,,,,,,,,,,,,,Re-use Day 2 - Team Comp 1 as Day 3 - Team Comp 1,A Group,,,,,,,,,,2 Attempts - 10 Races total,5,Day 3 - Add 2nd Team,Add new Team Comp as Day 3 - Team Comp 2,Oguri Cap (Christmas),End Closer,Mid-CM Ace build in Grand Concert scenario,Grass Wonder,Late Surger,Hybrid (ace + debuffer),Symboli Rudolf,Late Surger,Hybrid (ace + debuffer),2 Attempts - 10 Races total,4,2 teams,Day 4,Re-use Day 3 - Team Comp 2 as Day 4 - Team Comp 1,A Group,,,,,,,,,,4 Attempts - 20 Races total,10,Finals,,,,,,,,,,,,,,,A Finals,11302,Re-use Day 4 - Team Comp 1 as Finals Team Comp,,,,,,,,,,https://drive.google.com/open?id=1t1kgXaEKZt76l8H3FrOwMKymv6Vdxylj,1st,,,,,,,,,,,Yes,"""Take it easy"" -Cinderella Emperor",https://drive.google.com/open?id=1rmkeFBak3ngjutyUCHgctokqXE8nVpvO,https://drive.google.com/open?id=1haI6n7_jipD2G720jqYg4VYg1_fpf5TW,,4,8,2,,,https://drive.google.com/open?id=1SqggXinwEQgNBOzBWff5KwVnBe1i46yE
9/25/2026 11:16:19,Zenn,Graded (No Uma Restrictions),Win A finals,I accept these terms,Day 1,"Android - phone or tablet, Windows",$0,1908,46+ (more than 6 per day),11-20 (roughly 2-3 per day),Twitch - MooMooCows - https://www.twitch.tv/moomoomoocows,4,,Special Week,Late Surger,Ace built for this CM before CM start in Grand Concert scenario,3,0,0,0,2,1,0,Meisho Doto (Halloween),Pace Chaser,Ace built for this CM before CM start in Grand Concert scenario,3,0,0,0,2,1,0,Eishin Flash (Valentine),Late Surger,Debuffer,1,1,1,0,2,1,0,4 Attempts - 20 Races total,14,Day 2,,,,,,,,,,,,,,Re-use Day 1 - Team Comp 1 as Day 2 - Team Comp 1,,,,,,,,,,4 Attempts - 20 Races total,16,Day 3,,,,,,,,,,,,,,,Re-use Day 2 - Team Comp 1 as Day 3 - Team Comp 1,A Group,,,,,,,,,,4 Attempts - 20 Races total,14,Day 4,,,,,,,,,,,,,,,Re-use Day 3 - Team Comp 1 as Day 4 - Team Comp 1,A Group,,,,,,,,,,4 Attempts - 20 Races total,9,Finals,,,,,,,,,,,,,,,A Finals,10180,Re-use Day 4 - Team Comp 1 as Finals Team Comp,,,,,,,,,,https://drive.google.com/open?id=1nzndpfS0swqmFKV5ATT3mULi5JeH_8Ao,1st,,,,,,,,,,,No,,https://drive.google.com/open?id=18g1GJe2YxxDnQ0aNCDgBzY4DNbL9cjWK,,,0,18,0,0,0,https://drive.google.com/open?id=1QEz3f8vbEtqzSBcRYbdECaDd81_XfkkJ
9/25/2026 11:22:19,Lamiaceae,Graded (No Uma Restrictions),Get into A finals,I accept these terms,Finals,"Android - phone or tablet, Windows",$1-100,1681,46+ (more than 6 per day),11-20 (roughly 2-3 per day),Discord - MooMooCord - https://discord.com/invite/moomoocows,,,,,,,,,,,,,,,,,,,,,,,,,,,,,,,,,,,,,,,,,,,,,,,,,,,,,,,,,,,,,,,,,,,,,,,,,,,,,,,,,,,,,,,,,,,,,,,,,,,,,,,,,,,,,,,,,,,,,,,,,,,,,,,,,,,,A Finals,5857,Re-use Day 4 - Team Comp 1 as Finals Team Comp,,,,,,,,,,https://drive.google.com/open?id=1cNOGBqXk7LfyW252QNPbeci-JanKvdf-,1st,,,,,,,,,,,No,,https://drive.google.com/open?id=1c85avzNij06ELRc2KIjKt1IeMLa_bTwJ,https://drive.google.com/open?id=19Q3v_yLgsSdMQiqOJ5sBIZJFxa8AwVzF,,0,12,0,2,0,https://drive.google.com/open?id=1OSrK_WXuMIJUqE4hVXWYuKdclyIsSIS3
9/25/2026 11:36:07,Kunnoko,Graded (No Uma Restrictions),Win A finals,I accept these terms,Day 1,Android - phone or tablet,$0,1575,21-30 (roughly 3-4 per day),0-5 (less than 1 per day),Discord - MooMooCord - https://discord.com/invite/moomoocows,5,,Rice Shower,Pace Chaser,Ace built for this CM before CM start in Grand Concert scenario,3,,,,2,1,,Nice Nature,End Closer,Debuffer,,,,,,,,Super Creek (Halloween),End Closer,Debuffer,,,,,,,,4 Attempts - 20 Races total,12,Day 2,,,,,,,,,,,,,,Re-use Day 1 - Team Comp 1 as Day 2 - Team Comp 1,,,,,,,,,,4 Attempts - 20 Races total,9,Day 3,,,,,,,,,,,,,,,Re-use Day 2 - Team Comp 1 as Day 3 - Team Comp 1,A Group,,,,,,,,,,4 Attempts - 20 Races total,6,Day 4,,,,,,,,,,,,,,,Re-use Day 3 - Team Comp 1 as Day 4 - Team Comp 1,A Group,,,,,,,,,,4 Attempts - 20 Races total,11,Finals,,,,,,,,,,,,,,,A Finals,6650,Re-use Day 4 - Team Comp 1 as Finals Team Comp,,,,,,,,,,https://drive.google.com/open?id=1hEJf-uyZPErvEs_vXj_Acq0P6CCyfSuO,2nd,No (goes to Submit page),,,,,,,,,,,,,,,,,,,,
9/25/2026 11:48:14,EragonRank,Graded (No Uma Restrictions),Win A finals,I accept these terms,Finals,iOS - phone or tablet,$101-500,1454,31-45 (roughly 5-6 per day),0-5 (less than 1 per day),"Discord - MooMooCord - https://discord.com/invite/moomoocows, YouTube - MooMooCows - https://www.youtube.com/@MooMooCows",5,,Symboli Rudolf,Late Surger,Ace built for this CM before CM start in Grand Concert scenario,3,1,,,1,1,,Nice Nature,Late Surger,Debuffer,,1,1,,3,1,,Super Creek (Halloween),Pace Chaser,Debuffer,,1,1,,3,1,,4 Attempts - 20 Races total,13,Day 2,,,,,,,,,,,,,,Re-use Day 1 - Team Comp 1 as Day 2 - Team Comp 1,,,,,,,,,,4 Attempts - 20 Races total,12,Day 3,,,,,,,,,,,,,,,Re-use Day 2 - Team Comp 1 as Day 3 - Team Comp 1,A Group,,,,,,,,,,4 Attempts - 20 Races total,12,Day 4,,,,,,,,,,,,,,,Re-use Day 3 - Team Comp 1 as Day 4 - Team Comp 1,A Group,,,,,,,,,,4 Attempts - 20 Races total,12,Go to Submit page,,,,,,,,,,,,,,,A Finals,8700,Re-use Day 4 - Team Comp 1 as Finals Team Comp,,,,,,,,,,https://drive.google.com/open?id=1jEogN9DPUxchoIpgjxfV-tmokLNpfyU2,1st,,,,,,,,,,,Yes,My Christmas Tree is better than your Christmas Oguri,https://drive.google.com/open?id=1TLKv9S_J3MzhFlaLKChgXXQ_W2rFvlXg,https://drive.google.com/open?id=1vX0sC-6aCzHwAcHsF86RQtU22BDXzLOT,,,10,0,,,https://drive.google.com/open?id=1HceVp6gmBbljWJLcSJ6dIUx3PjSaXgy4
9/25/2026 11:43:25,Murada,Graded (No Uma Restrictions),Win A finals,I accept these terms,Day 1,Android - phone or tablet,$1-100,999,6-10 (roughly 1 per day),11-20 (roughly 2-3 per day),Twitch - MooMooCows - https://www.twitch.tv/moomoomoocows,5,,Mejiro Dober,Late Surger,Ace built for this CM before CM start in Grand Concert scenario,3,1,,,1,1,,Agnes Tachyon,Late Surger,Debuffer,,,,,,,,Grass Wonder,Late Surger,Debuffer,,,,,,,,4 Attempts - 20 Races total,16,Day 2,,,,,,,,,,,,,,Re-use Day 1 - Team Comp 1 as Day 2 - Team Comp 1,,,,,,,,,,4 Attempts - 20 Races total,13,Day 3,,,,,,,,,,,,,,,Re-use Day 2 - Team Comp 1 as Day 3 - Team Comp 1,A Group,,,,,,,,,,4 Attempts - 20 Races total,11,Day 4,,,,,,,,,,,,,,,Re-use Day 3 - Team Comp 1 as Day 4 - Team Comp 1,A Group,,,,,,,,,,4 Attempts - 20 Races total,11,Finals,,,,,,,,,,,,,,,A Finals,11343,Re-use Day 4 - Team Comp 1 as Finals Team Comp,,,,,,,,,,https://drive.google.com/open?id=1JBRpZNu9QbO9d7MnbFueYj7Ae4LDAiok,1st,,,,,,,,,,,Yes,"Finally yodo invicta is useful, beautiful win for a beautiful uma",https://drive.google.com/open?id=1OhoqkkgbaP5JlvHUJBCoFlYyQc_P1ldd,,,,14,,,3,https://drive.google.com/open?id=1jyFYpOXQSlGZlrPYowdGTqhBs0N_6vcW
9/25/2026 12:01:09,Wultan,Graded (No Uma Restrictions),Win A finals,I accept these terms,Day 1,,$1-100,760,11-20 (roughly 2-3 per day),11-20 (roughly 2-3 per day),,5,,Symboli Rudolf (Festival),Pace Chaser,Ace built for this CM before CM start in Grand Concert scenario,3,,,,2,1,,Tamamo Cross (Festival),Pace Chaser,Ace built for this CM before CM start in Grand Concert scenario,3,,,,2,1,,Oguri Cap (Christmas),End Closer,Ace built for this CM before CM start in Grand Concert scenario,3,,,,2,1,,4 Attempts - 20 Races total,13,Day 2,,,,,,,,,,,,,,Re-use Day 1 - Team Comp 1 as Day 2 - Team Comp 1,,,,,,,,,,4 Attempts - 20 Races total,16,Day 3,,,,,,,,,,,,,,,Re-use Day 2 - Team Comp 1 as Day 3 - Team Comp 1,A Group,,,,,,,,,,4 Attempts - 20 Races total,16,Day 4,,,,,,,,,,,,,,,Re-use Day 3 - Team Comp 1 as Day 4 - Team Comp 1,A Group,,,,,,,,,,4 Attempts - 20 Races total,15,Finals,,,,,,,,,,,,,,,A Finals,12683,Re-use Day 4 - Team Comp 1 as Finals Team Comp,,,,,,,,,,https://drive.google.com/open?id=1mIYuH-JYB1R0qCUYvnqPH-jhmSB59Y-v,1st,,,,,,,,,,,No,,https://drive.google.com/open?id=1Hs8S7y3Uo3auvbbfX-h6aHI5lt9jzAy8,https://drive.google.com/open?id=1dHY-1gW4dHy-eDn25fXtePw67D0hFkB0,,,16,,,,https://drive.google.com/open?id=1TKz01VdCXRwMQFjzLiroNXPv0ULj27fu
9/25/2026 12:07:11,#1 Neichan Fan,Graded (No Uma Restrictions),Get into A finals,I accept these terms,Day 1,Windows,$1-100,1087,11-20 (roughly 2-3 per day),6-10 (roughly 1 per day),YouTube - MooMooCows - https://www.youtube.com/@MooMooCows,,,Mejiro Dober,Late Surger,Ace built for this CM before CM start in Grand Concert scenario,3,,,,2,1,,Oguri Cap (Christmas),End Closer,Ace built for this CM before CM start in Grand Concert scenario,2,1,,,2,0,,Symboli Rudolf,End Closer,Debuffer,2,,,,2,2,,4 Attempts - 20 Races total,11,Day 2,,,,,,,,,,,,,,Re-use Day 1 - Team Comp 1 as Day 2 - Team Comp 1,,,,,,,,,,4 Attempts - 20 Races total,14,Day 3,,,,,,,,,,,,,,,Re-use Day 2 - Team Comp 1 as Day 3 - Team Comp 1,A Group,,,,,,,,,,4 Attempts - 20 Races total,9,Day 4,,,,,,,,,,,,,,,Add a new Team Comp as Day 4 - Team Comp 1,A Group,Mejiro Dober,Late Surger,Ace built for this CM before CM start in Grand Concert scenario,Nice Nature,Late Surger,Debuffer,Symboli Rudolf,End Closer,Debuffer,4 Attempts - 20 Races total,6,Finals,,,,,,,,,,,,,,,A Finals,9001,Add new Team Comp as Finals Team Comp,Mejiro Dober,Late Surger,Ace built for this CM before CM start in Grand Concert scenario,Eishin Flash (Valentine),End Closer,Debuffer,Symboli Rudolf,End Closer,Debuffer,https://drive.google.com/open?id=1lQ57R8Pr2x-WHr4F25LdcWG3a02rByE_,1st,,,,,,,,,,,Yes,Dober isnt meta right,https://drive.google.com/open?id=1f14RMq4L3ONmiCP7tUA6zaewngbNnfu5,https://drive.google.com/open?id=1hEK3oHyV79oeG1wMTJnBHYAKWp0qL2XB,,0,14,1,0,0,https://drive.google.com/open?id=12mH_6idGqiGTAAzPzD9hYvFbcHoZi0uj
9/25/2026 12:37:39,CC,Graded (No Uma Restrictions),Get into A finals,I accept these terms,Finals,"iOS - phone or tablet, Windows",$0,1314,21-30 (roughly 3-4 per day),6-10 (roughly 1 per day),"Discord - MooMooCord - https://discord.com/invite/moomoocows, YouTube - MooMooCows - https://www.youtube.com/@MooMooCows",5,,,,,,,,,,,,,,,,,,,,,,,,,,,,,,,,,,,,,,,,,,,,,,,,,,,,,,,,,,,,,,,,,,,,,,,,,,,,,,,,,,,,,,,,,,,,,,,,,,,,,,,,,,,,,,,,,,,,,,,,,,,,,,,,,,,A Finals,9758,Add new Team Comp as Finals Team Comp,Admire Vega,End Closer,Ace built for this CM before CM start in Grand Concert scenario,Mayano Top Gun (Wedding),Late Surger,Debuffer,Nice Nature,Late Surger,Debuffer,https://drive.google.com/open?id=1Cbajg_jgHiG4dQkCaxN4GphFlP2gZEqa,1st,,,,,,,,,,,Yes,"I dedicate this cm to my friend who said I was a coward if I didn't use an oshi, my fluffy goat did it",https://drive.google.com/open?id=1VdptITJMkAJc0IY-cAgRIYFyUYiXtzvS,https://drive.google.com/open?id=1CzJFi1P2f4G0LGqBcNogdecMF2tn4CdX,,,12,,,,https://drive.google.com/open?id=1YpnnvbF1qrtB369AtWLlbW54bN6H4p8h
9/25/2026 13:00:29,Sir Richard,Graded (No Uma Restrictions),Collect participation rewards,I accept these terms,Day 1,Windows,$1001-5000,1421,21-30 (roughly 3-4 per day),0-5 (less than 1 per day),Discord - MooMooCord - https://discord.com/invite/moomoocows,4,"Just wanted to say, of course Sky and Bourbon are my Oshis, but I acknowledge that they are somewhat Meta picks still and that I'm not good enough to build them to defy the meta, so I'm not wasting your time. Entering more than 1 team comp is still a pain",Seiun Sky,Front Runner,Ace built for this CM before CM start in Grand Concert scenario,2,1,,,2,1,,Grass Wonder,Late Surger,Hybrid (ace + debuffer),2,,1,,3,,,Nice Nature,Late Surger,Debuffer,,,,,,,,4 Attempts - 20 Races total,9,Day 2,,,,,,,,,,,,,,Add new Team Comp as Day 2 - Team Comp 1,Seiun Sky,Front Runner,Ace built for this CM before CM start in Grand Concert scenario,Mihono Bourbon (Valentine),Front Runner,Mid-CM Ace build in Grand Concert scenario,Nice Nature,Late Surger,Debuffer,2 Attempts - 10 Races total,4,Day 2 - Add 2nd Team,Add new Team Comp as Day 2 - Team Comp 2,Seiun Sky,Front Runner,Ace built for this CM before CM start in Grand Concert scenario,Mihono Bourbon (Valentine),Front Runner,Mid-CM Ace build in Grand Concert scenario,Grass Wonder,Late Surger,Hybrid (ace + debuffer),2 Attempts - 10 Races total,3,2 teams,Day 3,Re-use Day 2 - Team Comp 1 as Day 3 - Team Comp 1,A Group,,,,,,,,,,1 Attempt - 5 Races total,1,Day 3 - Add 2nd Team,Re-use Day 2 - Team Comp 2 as Day 3 - Team Comp 2,,,,,,,,,,1 Attempt - 5 Races total,1,4 teams,Day 4,Re-use Day 3 - Team Comp 2 as Day 4 - Team Comp 1,A Group,,,,,,,,,,4 Attempts - 20 Races total,5,Finals,,,,,,,,,,,,,,,B Finals,2242,Re-use Day 4 - Team Comp 1 as Finals Team Comp,,,,,,,,,,https://drive.google.com/open?id=1nQ49A9wuPyTpyaKIPggF7SYQirwb5XRq,1st,,,,,,,,,,,No,,https://drive.google.com/open?id=16x8jGJvMQ4tCXeY8zMiY1pUb1ya8P34Y,https://drive.google.com/open?id=1GTjoPnLsugpR-rcXUnaIKjEDaSFN2ysc,,0,8,8,0,0,https://drive.google.com/open?id=1MTKCWMETLkjpM-afq0Y342AzRZg0f7mE
9/25/2026 13:26:18,rsnation,Graded (No Uma Restrictions),Win A finals,I accept these terms,Day 1,"Android - phone or tablet, Windows",$1001-5000,1327,46+ (more than 6 per day),6-10 (roughly 1 per day),Discord - MooMooCord - https://discord.com/invite/moomoocows,4,,Mejiro Dober (Camping),Late Surger,Ace built for this CM before CM start in Grand Concert scenario,2,1,0,0,2,1,0,Oguri Cap (Christmas),End Closer,Ace built for this CM before CM start in Grand Concert scenario,2,1,0,0,2,1,0,Symboli Rudolf,Front Runner,Debuffer,2,0,0,1,3,0,0,4 Attempts - 20 Races total,17,Day 2,,,,,,,,,,,,,,Re-use Day 1 - Team Comp 1 as Day 2 - Team Comp 1,,,,,,,,,,4 Attempts - 20 Races total,19,Day 3,,,,,,,,,,,,,,,Re-use Day 2 - Team Comp 1 as Day 3 - Team Comp 1,A Group,,,,,,,,,,4 Attempts - 20 Races total,12,Day 4,,,,,,,,,,,,,,,Re-use Day 3 - Team Comp 1 as Day 4 - Team Comp 1,A Group,,,,,,,,,,4 Attempts - 20 Races total,16,Finals,,,,,,,,,,,,,,,A Finals,9718,Re-use Day 4 - Team Comp 1 as Finals Team Comp,,,,,,,,,,https://drive.google.com/open?id=1bOtQlxAQ5s3FjSO-OYCnYmo2Q5O0tnsW,1st,,,,,,,,,,,No,,https://drive.google.com/open?id=1fMfOIVTYu0kRq6AzUrgmNYbR05d5DjSP,https://drive.google.com/open?id=1WHBqShRwzrdBYl4siepXVeK5zI0nUDvr,,0,5,6,0,0,https://drive.google.com/open?id=1DslvzryunVzpVJwfn-fzZqxNDAmQkgiT
9/25/2026 13:33:58,Clouded,Graded (No Uma Restrictions),Win A finals,I accept these terms,Day 1,Windows,$101-500,1542,11-20 (roughly 2-3 per day),0-5 (less than 1 per day),Discord - MooMooCord - https://discord.com/invite/moomoocows,4,,Hishi Amazon,End Closer,Ace built for this CM before CM start in Grand Concert scenario,3,1,0,0,1,1,0,Symboli Rudolf (Festival),Pace Chaser,Ace built for this CM before CM start in Grand Concert scenario,2,1,0,0,2,1,0,Nice Nature,Late Surger,Debuffer,1,0,1,0,4,0,0,4 Attempts - 20 Races total,9,Day 2,,,,,,,,,,,,,,Re-use Day 1 - Team Comp 1 as Day 2 - Team Comp 1,,,,,,,,,,4 Attempts - 20 Races total,11,Day 3,,,,,,,,,,,,,,,Re-use Day 2 - Team Comp 1 as Day 3 - Team Comp 1,A Group,,,,,,,,,,4 Attempts - 20 Races total,7,Day 4,,,,,,,,,,,,,,,Re-use Day 3 - Team Comp 1 as Day 4 - Team Comp 1,A Group,,,,,,,,,,4 Attempts - 20 Races total,11,Finals,,,,,,,,,,,,,,,A Finals,5909,Re-use Day 4 - Team Comp 1 as Finals Team Comp,,,,,,,,,,https://drive.google.com/open?id=1cuhW805mWJeNv5XNwpWN-y6f0p_wsGZB,1st,,,,,,,,,,,Yes,I'll never stop running Hishi Amazon in these Champions Meetings.,https://drive.google.com/open?id=18Cf7rP3Q2qJDrm63fbmlL0AIZFyMxOaQ,https://drive.google.com/open?id=1P2uVsfMRE2sHaEEsoDGqH2PSje4SNkzT,,2,7,2,2,,https://drive.google.com/open?id=1IpVZ29_Zc-ZYzfDnoQdLcQ2BNQt36IDe
9/25/2026 15:18:25,Turbo,Graded (No Uma Restrictions),Get into B finals,I accept these terms,Finals,iOS - phone or tablet,$0,1186,31-45 (roughly 5-6 per day),0-5 (less than 1 per day),"Discord - MooMooCord - https://discord.com/invite/moomoocows, YouTube - MooMooCows - https://www.youtube.com/@MooMooCows",4,,,,,,,,,,,,,,,,,,,,,,,,,,,,,,,,,,,,,,,,,,,,,,,,,,,,,,,,,,,,,,,,,,,,,,,,,,,,,,,,,,,,,,,,,,,,,,,,,,,,,,,,,,,,,,,,,,,,,,,,,,,,,,,,,,,A Finals,8919,Add new Team Comp as Finals Team Comp,Mejiro Ardan,Front Runner,Mid-CM Ace build in Grand Concert scenario,Silence Suzuka,Front Runner,Mid-CM Ace build in Grand Concert scenario,Grass Wonder,Late Surger,Mid-CM Ace build in Grand Concert scenario,https://drive.google.com/open?id=1Obqo75zK4NkkcSFuP0CFViD2xz5L5Sdj,1st,,,,,,,,,,,Yes,Why Should I Run Her Pace?,https://drive.google.com/open?id=10rcTt02lm_mkas_dl4h0ihV3m-jO1L_M,https://drive.google.com/open?id=1sXjgLMv1cAG6grfuhiDs8s46b_VBJ5Nr,,,15,2,2,,https://drive.google.com/open?id=1TLPyzvk9wwMubQKtik24r67WVyTVvaVO
9/25/2026 13:49:05,Tomahawk,Graded (No Uma Restrictions),Get into A finals,I accept these terms,Finals,Android - phone or tablet,$0,1514,21-30 (roughly 3-4 per day),0-5 (less than 1 per day),Discord - MooMooCord - https://discord.com/invite/moomoocows,,,,,,,,,,,,,,,,,,,,,,,,,,,,,,,,,,,,,,,,,,,,,,,,,,,,,,,,,,,,,,,,,,,,,,,,,,,,,,,,,,,,,,,,,,,,,,,,,,,,,,,,,,,,,,,,,,,,,,,,,,,,,,,,,,,,A Finals,,Re-use Day 4 - Team Comp 1 as Finals Team Comp,,,,,,,,,,https://drive.google.com/open?id=1OWgeWLE9G71uTJb2YmpDImswFj46ejyW,3rd,No (goes to Submit page),,,,,,,,,,,,,,,,,,,,
9/25/2026 13:50:05,Petals Rose,Graded (No Uma Restrictions),Win A finals,I accept these terms,Finals,"Android - phone or tablet, Windows",$0,617,11-20 (roughly 2-3 per day),0-5 (less than 1 per day),Reddit - /r/UmamusumeGame,5,"maybe ask for a screenshot which shows that the group we won is indeed A, or maybe you already did idk",,,,,,,,,,,,,,,,,,,,,,,,,,,,,,,,,,,,,,,,,,,,,,,,,,,,,,,,,,,,,,,,,,,,,,,,,,,,,,,,,,,,,,,,,,,,,,,,,,,,,,,,,,,,,,,,,,,,,,,,,,,,,,,,,,A Finals,7229,Add new Team Comp as Finals Team Comp,Mejiro Ardan,Pace Chaser,Ace built for this CM before CM start in Grand Concert scenario,Eishin Flash (Valentine),Late Surger,Debuffer,Grass Wonder,Late Surger,Debuffer,https://drive.google.com/open?id=1IHq3byD16utMQv-OULe1VxetvVN8pA30,1st,,,,,,,,,,,Yes,Most precious glass I have ever laid my eyes on,https://drive.google.com/open?id=1CSkpUQLA_fyx0pJasuhKh45-w8xiobHI,https://drive.google.com/open?id=1k8M_VY_zh2bR_AWt_2mfM7Dbl1oPApay,,,15,,,2,https://drive.google.com/open?id=11KCq65i7DPnWPXkNhiCUmlJ6lCQh88OG
9/25/2026 14:05:09,DxD,Graded (No Uma Restrictions),Win A finals,I accept these terms,Day 1,iOS - phone or tablet,$1001-5000,2389,6-10 (roughly 1 per day),0-5 (less than 1 per day),Discord - MooMooCord - https://discord.com/invite/moomoocows,4,,Mihono Bourbon (Valentine),Front Runner,Ace built for this CM before CM start in Grand Concert scenario,2,1,,,2,1,,Silence Suzuka,Runaway,Blocker/Overtake target/Throwaway/Niche role,1,1,1,,2,1,,Grass Wonder,End Closer,Debuffer,1,1,1,,2,1,,4 Attempts - 20 Races total,16,Day 2,,,,,,,,,,,,,,Re-use Day 1 - Team Comp 1 as Day 2 - Team Comp 1,,,,,,,,,,4 Attempts - 20 Races total,18,Day 3,,,,,,,,,,,,,,,Re-use Day 2 - Team Comp 1 as Day 3 - Team Comp 1,A Group,,,,,,,,,,4 Attempts - 20 Races total,17,Day 4,,,,,,,,,,,,,,,Re-use Day 3 - Team Comp 1 as Day 4 - Team Comp 1,A Group,,,,,,,,,,4 Attempts - 20 Races total,17,Finals,,,,,,,,,,,,,,,A Finals,12376,Re-use Day 4 - Team Comp 1 as Finals Team Comp,,,,,,,,,,https://drive.google.com/open?id=1taLQw-Y6wsvR-mZc-6dzfcHj37VF1SVu,1st,,,,,,,,,,,Yes,No need for Med S ,https://drive.google.com/open?id=12AM6xolaIfZmqVRXr3-PXnFZgGL2ZrmC,https://drive.google.com/open?id=11kUCYilkNckF4qZgu1yrP8aZozzUgjTC,,,4,2,,,https://drive.google.com/open?id=1-zTodONDbJnvH0tQGWzHqmtnOMmVHGa6
9/25/2026 14:39:21,RedHare,Graded (No Uma Restrictions),Win A finals,I accept these terms,Finals,"iOS - phone or tablet, Windows",$101-500,1878,21-30 (roughly 3-4 per day),6-10 (roughly 1 per day),"Discord - MooMooCord - https://discord.com/invite/moomoocows, YouTube - MooMooCows - https://www.youtube.com/@MooMooCows",5,,,,,,,,,,,,,,,,,,,,,,,,,,,,,,,,,,,,,,,,,,,,,,,,,,,,,,,,,,,,,,,,,,,,,,,,,,,,,,,,,,,,,,,,,,,,,,,,,,,,,,,,,,,,,,,,,,,,,,,,,,,,,,,,,,,A Finals,11867,Re-use Day 4 - Team Comp 1 as Finals Team Comp,,,,,,,,,,https://drive.google.com/open?id=1gyCwXCfY1hI-Dy0l-KVLLluqbfn8SXxo,1st,,,,,,,,,,,Yes,This is going on Umatok later,https://drive.google.com/open?id=1yxBbpDiYJyuspXVq9pcXIQeAotZwAuH7,https://drive.google.com/open?id=1wUTOxbO_zc4zHfLvTrMP6fQYMYj-CO7m,,2,15,,,,https://drive.google.com/open?id=1DnL0T6__ByLZreBgOJ4n96l6KHbpTC5u
9/25/2026 21:49:50,Freakofnatur,Graded (No Uma Restrictions),Win A finals,I accept these terms,Day 1,Android - phone or tablet,Rather not say,,46+ (more than 6 per day),0-5 (less than 1 per day),Rather not say,5,,Oguri Cap (Christmas),End Closer,Ace built for this CM before CM start in Grand Concert scenario,2,1,0,0,2,1,0,Grass Wonder,End Closer,Debuffer,,,,,,,,Agnes Tachyon,End Closer,Debuffer,,,,,,,,4 Attempts - 20 Races total,19,Day 2,,,,,,,,,,,,,,Re-use Day 1 - Team Comp 1 as Day 2 - Team Comp 1,,,,,,,,,,4 Attempts - 20 Races total,20,Day 3,,,,,,,,,,,,,,,Re-use Day 2 - Team Comp 1 as Day 3 - Team Comp 1,A Group,,,,,,,,,,4 Attempts - 20 Races total,14,Day 4,,,,,,,,,,,,,,,Re-use Day 3 - Team Comp 1 as Day 4 - Team Comp 1,A Group,,,,,,,,,,4 Attempts - 20 Races total,15,Finals,,,,,,,,,,,,,,,A Finals,12782,Re-use Day 4 - Team Comp 1 as Finals Team Comp,,,,,,,,,,https://drive.google.com/open?id=1rO2E1HoV0UCjBEs_JZgpg6mTC3m9ofVX,1st,,,,,,,,,,,Yes,Double Dom solo ace is a legit strat guys,https://drive.google.com/open?id=1x3qFK6oXAk5CRIQ5m-Z_FjAYfRwNW4Gp,https://drive.google.com/open?id=11sYSFVGh3uP_ZGPt5vZ77aBxhjhAl72f,,2,3,4,2,3,
9/25/2026 15:00:31,Browsing,Graded (No Uma Restrictions),Win A finals,I accept these terms,Finals,"Android - phone or tablet, Windows",$101-500,1303,21-30 (roughly 3-4 per day),6-10 (roughly 1 per day),Discord - MooMooCord - https://discord.com/invite/moomoocows,4,N/a,Oguri Cap (Christmas),End Closer,Ace built for this CM before CM start in Grand Concert scenario,2,0,1,0,2,1,0,Agnes Tachyon,Late Surger,Debuffer,1,0,0,0,4,1,0,Grass Wonder,Late Surger,Debuffer,1,0,0,0,4,1,0,4 Attempts - 20 Races total,17,Day 2,,,,,,,,,,,,,,Re-use Day 1 - Team Comp 1 as Day 2 - Team Comp 1,,,,,,,,,,4 Attempts - 20 Races total,17,Day 3,,,,,,,,,,,,,,,Re-use Day 2 - Team Comp 1 as Day 3 - Team Comp 1,A Group,,,,,,,,,,4 Attempts - 20 Races total,13,Day 4,,,,,,,,,,,,,,,Re-use Day 3 - Team Comp 1 as Day 4 - Team Comp 1,A Group,,,,,,,,,,4 Attempts - 20 Races total,12,Finals,,,,,,,,,,,,,,,A Finals,13467,Re-use Day 4 - Team Comp 1 as Finals Team Comp,,,,,,,,,,https://drive.google.com/open?id=1ufKr3igz-XEjmiHzizaXOU8xIqq1cRqC,1st,,,,,,,,,,,No,,https://drive.google.com/open?id=19qWKIycr3f9CFdUYXedMV_dSBusO7I51,https://drive.google.com/open?id=1axpRp8fV3E5I-_HWiuiJisnPkpoJ2a5m,,,14,,,2,https://drive.google.com/open?id=1V_2B6aViXhX5eJRl7q0q4yzQPpJk_7zS
9/25/2026 14:58:03,Timmy,Graded (No Uma Restrictions),Win A finals,I accept these terms,Day 1,"iOS - phone or tablet, Linux",$101-500,1052,11-20 (roughly 2-3 per day),11-20 (roughly 2-3 per day),Discord - MooMooCord - https://discord.com/invite/moomoocows,4,"I haven't been able to find the field, where you'd enter total wins for a day, if you have 3 or more team comps for a given day.",Oguri Cap (Christmas),End Closer,Ace built for this CM before CM start in Grand Concert scenario,2,1,0,0,2,1,0,Meisho Doto (Halloween),Pace Chaser,Ace built for this CM before CM start in Grand Concert scenario,2,1,0,0,2,1,0,T.M. Opera O,Late Surger,Ace built for this CM before CM start in Grand Concert scenario,3,0,0,0,2,1,0,2 Attempts - 10 Races total,5,Day 1 - Add 2nd Team,Admire Vega,End Closer,Ace built for this CM before CM start in Grand Concert scenario,Meisho Doto (Halloween),Pace Chaser,Ace built for this CM before CM start in Grand Concert scenario,T.M. Opera O (New Year),Late Surger,Ace built for this CM before CM start in Grand Concert scenario,1 Attempt - 5 Races total,3,3 teams,Go to Submit page,Re-use Day 1 - Team Comp 1 as Day 2 - Team Comp 1,,,,,,,,,,4 Attempts - 20 Races total,15,Day 3,,,,,,,,,,,,,,,Re-use Day 2 - Team Comp 1 as Day 3 - Team Comp 1,A Group,,,,,,,,,,4 Attempts - 20 Races total,10,Day 4,,,,,,,,,,,,,,,Re-use Day 3 - Team Comp 1 as Day 4 - Team Comp 1,A Group,,,,,,,,,,4 Attempts - 20 Races total,8,Day 1,,,,,,,,,,,,,,,A Finals,13003,Re-use Day 4 - Team Comp 1 as Finals Team Comp,,,,,,,,,,https://drive.google.com/open?id=1nKHqZArmokiccQ3FJ7VyXYNyx7IBiPJH,1st,,,,,,,,,,,No,,https://drive.google.com/open?id=1fcNTL3-xJU7xagcyoYkMY-f_M0tjnnxQ,https://drive.google.com/open?id=16xGkYkR-WtV0EcS71xPx3S2mIUoYMwL_,,4,2,9,0,0,https://drive.google.com/open?id=1vQJ8TPnFD3w6ejGOqdUJtQWdBAOUvSen
9/25/2026 15:41:36,0cmwins,Graded (No Uma Restrictions),To bring my daughter in the podium,I accept these terms,Finals,Android - phone or tablet,$0,1700,46+ (more than 6 per day),21-30 (roughly 3-4 per day),Curious to click suspicious link sent by Lasercar in the club discord,5,,,,,,,,,,,,,,,,,,,,,,,,,,,,,,,,,,,,,,,,,,,,,,,,,,,,,,,,,,,,,,,,,,,,,,,,,,,,,,,,,,,,,,,,,,,,,,,,,,,,,,,,,,,,,,,,,,,,,,,,,,,,,,,,,,,A Finals,9287,Add new Team Comp as Finals Team Comp,Agnes Tachyon,Pace Chaser,Mid-CM Ace build in Grand Concert scenario,Grass Wonder,Late Surger,Hybrid/made at the day of finals itself,Sweep Tosho,End Closer,Hybrid (ace + debuffer),https://drive.google.com/open?id=1KYCGzj8U7j8xgc7kXL-4LNIUUTWPBqnN,1st,,,,,,,,,,,Yes,She said I'm her familiar now. But I refused,https://drive.google.com/open?id=1lXGAINiQxBGH8HRpKVSga2MEJ7zGB2Be,https://drive.google.com/open?id=1u0YLU_yUUuzrFCAyBNdTwZ83nKMl_YVA,,,12,2,,,https://drive.google.com/open?id=1JByil-_ZjC4YtKfvFNXG8RJX-_Xzn8Oo
9/25/2026 15:43:08,BadLuckPoppy,Graded (No Uma Restrictions),Get into A finals,I accept these terms,Finals,"Android - phone or tablet, Linux",$1-100,1400,31-45 (roughly 5-6 per day),0-5 (less than 1 per day),Discord - MooMooCord - https://discord.com/invite/moomoocows,5,,,,,,,,,,,,,,,,,,,,,,,,,,,,,,,,,,,,,,,,,,,,,,,,,,,,,,,,,,,,,,,,,,,,,,,,,,,,,,,,,,,,,,,,,,,,,,,,,,,,,,,,,,,,,,,,,,,,,,,,,,,,,,,,,,,A Finals,8102,Re-use Day 4 - Team Comp 1 as Finals Team Comp,,,,,,,,,,https://drive.google.com/open?id=1bHkRcq1aM3GYtVPdaAIvucmV6FAe8-p8,1st,,,,,,,,,,,Yes,Oguri Caps ended breathing oil fumes.,https://drive.google.com/open?id=1kMAGjgMfKQITx6Gk3LMcmDoLHX99JQB-,https://drive.google.com/open?id=1Ji0fVu0CRm5OUiCx8chiDC9VgP70jgrs,,,16,,,,https://drive.google.com/open?id=19DQbFak8kyEbpct2KfMvb2VnAigAkcfA
9/25/2026 15:57:40,Tricky,Graded (No Uma Restrictions),Win A finals,I accept these terms,Finals,Windows,$1-100,1287,11-20 (roughly 2-3 per day),11-20 (roughly 2-3 per day),Friend sent me the link,5,,,,,,,,,,,,,,,,,,,,,,,,,,,,,,,,,,,,,,,,,,,,,,,,,,,,,,,,,,,,,,,,,,,,,,,,,,,,,,,,,,,,,,,,,,,,,,,,,,,,,,,,,,,,,,,,,,,,,,,,,,,,,,,,,,,A Finals,9483,Add new Team Comp as Finals Team Comp,Kitasan Black,Front Runner,Ace built for this CM before CM start in Grand Concert scenario,Seiun Sky,Front Runner,Ace built for this CM before CM start in Grand Concert scenario,Oguri Cap (Christmas),Pace Chaser,Ace built for this CM before CM start in Grand Concert scenario,https://drive.google.com/open?id=1swojs-4S1TQGmogPRN8UPUXlUKFWx85V,1st,,,,,,,,,,,Yes,ITS A KITASAN BLACK FESTIVAL!!!!!!!!!!!!!,https://drive.google.com/open?id=1AQpOe9jOPyS9fVQyU3wN11VtxM05rrTV,https://drive.google.com/open?id=1fiYn87W6J5XzIqHM6UT5kjGxhkxLicSy,,0,14,0,0,0,https://drive.google.com/open?id=1VjsAlH4hZs0xM1TIeMtcDUf04pdlzCzU
9/25/2026 16:40:18,fiannez,Graded (No Uma Restrictions),Get into A finals,I accept these terms,Day 1,"iOS - phone or tablet, Windows",$0,1071,11-20 (roughly 2-3 per day),6-10 (roughly 1 per day),"Discord - MooMooCord - https://discord.com/invite/moomoocows, YouTube - MooMooCows - https://www.youtube.com/@MooMooCows",5,,Fine Motion,Pace Chaser,Ace built for this CM before CM start in Grand Concert scenario,3,,,,2,1,,Rice Shower,Pace Chaser,Ace built for this CM before CM start in Grand Concert scenario,3,,,,2,1,,Mejiro Ardan,Pace Chaser,Ace built for this CM before CM start in Grand Concert scenario,3,,,,2,1,,4 Attempts - 20 Races total,10,Day 2,,,,,,,,,,,,,,Re-use Day 1 - Team Comp 1 as Day 2 - Team Comp 1,,,,,,,,,,0 Attempts - 0 Races total,0,Day 3,,,,,,,,,,,,,,,Re-use Day 2 - Team Comp 1 as Day 3 - Team Comp 1,A Group,,,,,,,,,,4 Attempts - 20 Races total,7,Day 4,,,,,,,,,,,,,,,Re-use Day 3 - Team Comp 1 as Day 4 - Team Comp 1,A Group,,,,,,,,,,4 Attempts - 20 Races total,7,Finals,,,,,,,,,,,,,,,A Finals,5365,Re-use Day 4 - Team Comp 1 as Finals Team Comp,,,,,,,,,,https://drive.google.com/open?id=1HZ49LxiGkJK1gojVj7ToIrSIvqznouHB,1st,,,,,,,,,,,Yes,Both Finemo and Flower robbed me Speed Star and Determined Descent but Ardan pulled the miracle with 8% winrate pre-final.,https://drive.google.com/open?id=1ht2gwqRwUO_oATRXSRfrGzpOAACS5pjG,https://drive.google.com/open?id=1pNswnToKe74ZL9JGkEBalHWmEy0Sj8sA,,,17,,,,https://drive.google.com/open?id=147QxF5NKN4d7RUGagwApPj7ZEVOtALlW
9/25/2026 16:42:43,Blue,Graded (No Uma Restrictions),Win A finals,I accept these terms,Day 1,,,1698,21-30 (roughly 3-4 per day),0-5 (less than 1 per day),Discord - MooMooCord - https://discord.com/invite/moomoocows,,,Tamamo Cross (Festival),Pace Chaser,Ace built for this CM before CM start in Grand Concert scenario,3,0,0,0,2,1,0,Oguri Cap (Christmas),End Closer,Ace built for this CM before CM start in Grand Concert scenario,3,0,0,0,2,1,0,Grass Wonder,Late Surger,Debuffer,1,0,0,1,3,1,0,4 Attempts - 20 Races total,14,Day 2,,,,,,,,,,,,,,Re-use Day 1 - Team Comp 1 as Day 2 - Team Comp 1,,,,,,,,,,4 Attempts - 20 Races total,15,Day 3,,,,,,,,,,,,,,,Re-use Day 2 - Team Comp 1 as Day 3 - Team Comp 1,A Group,,,,,,,,,,4 Attempts - 20 Races total,15,Day 4,,,,,,,,,,,,,,,Re-use Day 3 - Team Comp 1 as Day 4 - Team Comp 1,A Group,,,,,,,,,,4 Attempts - 20 Races total,12,Finals,,,,,,,,,,,,,,,A Finals,13250,Re-use Day 4 - Team Comp 1 as Finals Team Comp,,,,,,,,,,https://drive.google.com/open?id=1uw0fHxPCusxEckuRatL-iUyExugraHXZ,1st,,,,,,,,,,,Yes,"9 months and 12 group A finals later, Tama's climbed the mountain",https://drive.google.com/open?id=1NiS56Bwq3g47QupLUXEQo7uTnWuI7DXi,https://drive.google.com/open?id=1k_R2Hn4HJNKqQYbaFz-9JnE_IXERbgEk,,3,9,0,0,2,https://drive.google.com/open?id=1Nvx-v1x44FrK9uBICMVpUqfv4xs3bSs8
9/25/2026 17:08:42,Anoxic,Graded (No Uma Restrictions),Win A finals,I accept these terms,Day 1,"Android - phone or tablet, Windows",$1-100,,21-30 (roughly 3-4 per day),6-10 (roughly 1 per day),Discord - MooMooCord - https://discord.com/invite/moomoocows,5,,Nice Nature (Cheerleader),Late Surger,Ace built for this CM before CM start in Grand Concert scenario,3,,,,2,1,,Mayano Top Gun,Late Surger,Ace built for this CM before CM start in Grand Concert scenario,3,,,,2,1,,Nakayama Festa,Late Surger,Ace built for this CM before CM start in Grand Concert scenario,2,1,,,2,1,,4 Attempts - 20 Races total,11,Finals,,,,,,,,,,,,,,Re-use Day 1 - Team Comp 1 as Day 2 - Team Comp 1,,,,,,,,,,4 Attempts - 20 Races total,10,Day 3,,,,,,,,,,,,,,,Re-use Day 2 - Team Comp 1 as Day 3 - Team Comp 1,A Group,,,,,,,,,,4 Attempts - 20 Races total,11,Day 4,,,,,,,,,,,,,,,Re-use Day 3 - Team Comp 1 as Day 4 - Team Comp 1,A Group,,,,,,,,,,4 Attempts - 20 Races total,12,Finals,,,,,,,,,,,,,,,A Finals,10843,Re-use Day 4 - Team Comp 1 as Finals Team Comp,,,,,,,,,,https://drive.google.com/open?id=1SL_ivOe-0aYQZZOFYPDU2_N4aXonucw1,1st,,,,,,,,,,,Yes,"Let it ride, my NSM merchant",https://drive.google.com/open?id=1EZy-qm2xh1YRCX7e4Y8DOlbhrDlAGcEE,https://drive.google.com/open?id=1SI6Uzk3yBFwvYuZy_halVJvBdEw-BOF7,,,16,,,,https://drive.google.com/open?id=1AI81AD030A8H1XA1QNX-uGc40Cppv6vt
9/25/2026 17:45:59,oolli,Graded (No Uma Restrictions),Win A finals,I accept these terms,Finals,Windows,,1328,0-5 (less than 1 per day),11-20 (roughly 2-3 per day),Friend sent me the link,5,,,,,,,,,,,,,,,,,,,,,,,,,,,,,,,,,,,,,,,,,,,,,,,,,,,,,,,,,,,,,,,,,,,,,,,,,,,,,,,,,,,,,,,,,,,,,,,,,,,,,,,,,,,,,,,,,,,,,,,,,,,,,,,,,,,A Finals,8026,Add new Team Comp as Finals Team Comp,Silence Suzuka,Front Runner,Ace built for this CM before CM start in Grand Concert scenario,Grass Wonder,End Closer,Debuffer,Agnes Tachyon,End Closer,Debuffer,https://drive.google.com/open?id=1y3cb9lxC40VOljtSJv_h-qHiTahPTguV,1st,,,,,,,,,,,Yes,"""Can I go for a run? My legs are itching to go!""",https://drive.google.com/open?id=1FM5ialUKEeZ5jk-D4tsGLweGiymtKVsA,https://drive.google.com/open?id=1yZaRUgRvBB_iK6TFh5hhNFsVCjaYFgDj,,4,9,,,,https://drive.google.com/open?id=1dh1AtO2I2yYf0OmVQ7Uxu3mIBVYgmGpr
9/25/2026 18:34:57,omelete,Graded (No Uma Restrictions),Win A finals,I accept these terms,Finals,"Android - phone or tablet, Windows",$1001-5000,,6-10 (roughly 1 per day),0-5 (less than 1 per day),Reddit - /r/UmamusumeGame,4,,,,,,,,,,,,,,,,,,,,,,,,,,,,,,,,,,,,,,,,,,,,,,,,,,,,,,,,,,,,,,,,,,,,,,,,,,,,,,,,,,,,,,,,,,,,,,,,,,,,,,,,,,,,,,,,,,,,,,,,,,,,,,,,,,,A Finals,8808,Re-use Day 4 - Team Comp 1 as Finals Team Comp,,,,,,,,,,https://drive.google.com/open?id=1I-9XSWm0DgksEPaiEw3pOwWHa-9EaGvS,1st,,,,,,,,,,,No,,https://drive.google.com/open?id=1LxJZ1iiyc76opmMdL_4oyVB6pPrIVWDy,https://drive.google.com/open?id=12j9tAan4vp1P-x3v20wmMlSt0qyQdbxi,,3,3,,1,,https://drive.google.com/open?id=17ZfwX0lZjivif3wBX9hSqNwC07kFCIR9
9/25/2026 18:51:16,FragLemon,Graded (No Uma Restrictions),Get into A finals,I accept these terms,Day 1,Android - phone or tablet,$101-500,1528,11-20 (roughly 2-3 per day),11-20 (roughly 2-3 per day),Discord - MooMooCord - https://discord.com/invite/moomoocows,5,,Nishino Flower,Pace Chaser,Ace built for this CM before CM start in Grand Concert scenario,3,1,0,0,1,1,0,Rice Shower,Pace Chaser,Ace built for this CM before CM start in Grand Concert scenario,3,1,0,0,1,1,0,Mayano Top Gun,Pace Chaser,Ace built for this CM before CM start in Grand Concert scenario,3,1,0,0,1,1,0,4 Attempts - 20 Races total,15,Day 2,,,,,,,,,,,,,,Re-use Day 1 - Team Comp 1 as Day 2 - Team Comp 1,,,,,,,,,,4 Attempts - 20 Races total,12,Day 3,,,,,,,,,,,,,,,Add new Team Comp as Day 3 - Team Comp 1,A Group,Rice Shower,Pace Chaser,Ace built for this CM before CM start in Grand Concert scenario,Mayano Top Gun (Wedding),Late Surger,Debuffer,Nice Nature,Late Surger,Debuffer,4 Attempts - 20 Races total,18,Day 4,,,,,,,,,,,,,,,Re-use Day 3 - Team Comp 1 as Day 4 - Team Comp 1,A Group,,,,,,,,,,4 Attempts - 20 Races total,14,Finals,,,,,,,,,,,,,,,A Finals,10525,Re-use Day 4 - Team Comp 1 as Finals Team Comp,,,,,,,,,,https://drive.google.com/open?id=1fMyUuhZ11yV1d_aoqaakgxQjosMfoEcU,1st,,,,,,,,,,,Yes,all hail smol umas,https://drive.google.com/open?id=1wD7DBCuGGdo2s2cSBlBAfg5SVjagUnPp,https://drive.google.com/open?id=1WBiQUu5wtE9T9LNbvoXfZ9a8aPWKG1t_,,0,11,4,0,0,https://drive.google.com/open?id=1vOeVoD_B8hJwIv9qaTg-FhTp2YhXvySE
9/25/2026 19:01:17,Zephyr,Graded (No Uma Restrictions),Win A finals,I accept these terms,Finals,"iOS - phone or tablet, Windows",$1001-5000,574,6-10 (roughly 1 per day),11-20 (roughly 2-3 per day),Reddit - /r/UmamusumeGame,5,,,,,,,,,,,,,,,,,,,,,,,,,,,,,,,,,,,,,,,,,,,,,,,,,,,,,,,,,,,,,,,,,,,,,,,,,,,,,,,,,,,,,,,,,,,,,,,,,,,,,,,,,,,,,,,,,,,,,,,,,,,,,,,,,,,A Finals,11615,Add new Team Comp as Finals Team Comp,Yamanin Zephyr,Pace Chaser,Mid-CM Ace build in Grand Concert scenario,Rice Shower (Halloween),Pace Chaser,Mid-CM Ace build in Grand Concert scenario,Admire Vega,End Closer,Mid-CM Ace build in Grand Concert scenario,https://drive.google.com/open?id=1TsrkL1M2kKUihgTgSObOqjsDEVPTPKLd,1st,,,,,,,,,,,Yes,I named myself this before I knew about her lmao,https://drive.google.com/open?id=17emUFOPmDwe1Pf4fw4BoJor8hDL8JnXr,,,,,,,,https://drive.google.com/open?id=1P3-wskVeY3ZufznKzdzy1ds0lj8wzNB_
9/25/2026 19:09:03,Boris Battleaxe,Graded (No Uma Restrictions),Win A finals,I accept these terms,Finals,iOS - phone or tablet,$0,,21-30 (roughly 3-4 per day),11-20 (roughly 2-3 per day),Reddit - /r/UmamusumeGame,3,"Some of the questions are a little vague/poorly worded, hard to understand what you’re looking for. 
E.g. the blue sparks question",,,,,,,,,,,,,,,,,,,,,,,,,,,,,,,,,,,,,,,,,,,,,,,,,,,,,,,,,,,,,,,,,,,,,,,,,,,,,,,,,,,,,,,,,,,,,,,,,,,,,,,,,,,,,,,,,,,,,,,,,,,,,,,,,,A Finals,7434,Add new Team Comp as Finals Team Comp,Oguri Cap (Christmas),End Closer,Mid-CM Ace build in Grand Concert scenario,Mejiro Dober,Late Surger,Mid-CM Ace build in Grand Concert scenario,Admire Vega,End Closer,Ace built for this CM before CM start in Grand Concert scenario,https://drive.google.com/open?id=1-CC5PiwC6ldRIF1sQk5NsL089mkWf1wB,1st,,,,,,,,,,,No,,https://drive.google.com/open?id=1BIv4CrjcLNqHxEMBMVFmDIAyhiivHxDc,https://drive.google.com/open?id=17CrMwbzE-H1Mow5xyEOJ-4LL2szQ3rAI,,,,,,,https://drive.google.com/open?id=10YRSGFW_rf1-_GjEtHxWCKdpd2I20-DF
9/25/2026 19:18:52,Ski,Graded (No Uma Restrictions),Win A finals,I accept these terms,Day 1,Android - phone or tablet,$101-500,,11-20 (roughly 2-3 per day),11-20 (roughly 2-3 per day),Discord - MooMooCord - https://discord.com/invite/moomoocows,,,Oguri Cap (Christmas),Pace Chaser,Ace built for this CM before CM start in Grand Concert scenario,2,1,0,0,2,1,0,Silence Suzuka,Runaway,Hybrid (ace + debuffer),2,1,0,0,2,1,0,Mejiro Dober (Camping),Late Surger,Ace built for this CM before CM start in Grand Concert scenario,2,1,0,0,2,1,0,4 Attempts - 20 Races total,15,Day 2,,,,,,,,,,,,,,Add new Team Comp as Day 2 - Team Comp 1,Oguri Cap (Christmas),Pace Chaser,Ace built for this CM before CM start in Grand Concert scenario,Silence Suzuka,Runaway,Blocker/Overtake target/Throwaway/Niche role,Fine Motion,Pace Chaser,Mid-CM Ace build in Grand Concert scenario,3 Attempts - 15 Races total,12,Day 3,,,,,,,,,,,,,,,Re-use Day 2 - Team Comp 1 as Day 3 - Team Comp 1,A Group,,,,,,,,,,4 Attempts - 20 Races total,10,Day 4,,,,,,,,,,,,,,,Re-use Day 3 - Team Comp 1 as Day 4 - Team Comp 1,A Group,,,,,,,,,,4 Attempts - 20 Races total,12,Finals,,,,,,,,,,,,,,,A Finals,,Re-use Day 4 - Team Comp 1 as Finals Team Comp,,,,,,,,,,https://drive.google.com/open?id=19Y0BxRv7e0Vrs5YGLOE4G8dsb3HzZ4M6,1st,,,,,,,,,,,No,,,,,,,,,,
9/25/2026 19:41:47,Mallets,Graded (No Uma Restrictions),Win A finals,I accept these terms,Day 1,"Android - phone or tablet, Windows",$0,921,11-20 (roughly 2-3 per day),0-5 (less than 1 per day),Rather not say,4,,Taiki Shuttle (Camping),Pace Chaser,Ace built for this CM before CM start in Grand Concert scenario,3,1,,,1,1,,Grass Wonder,Late Surger,Debuffer,,,,,,,,Nice Nature,Late Surger,Debuffer,,,,,,,,3 Attempts - 15 Races total,14,Day 1 - Add 2nd Team,Taiki Shuttle (Camping),Pace Chaser,Ace built for this CM before CM start in Grand Concert scenario,Grass Wonder,Late Surger,Debuffer,Agnes Tachyon,Late Surger,Debuffer,1 Attempt - 5 Races total,2,2 teams,Day 2,Re-use Day 1 - Team Comp 1 as Day 2 - Team Comp 1,,,,,,,,,,2 Attempts - 10 Races total,6,Day 2 - Add 2nd Team,Re-use Day 1 - Team Comp 2 as Day 2 - Team Comp 2,,,,,,,,,,2 Attempts - 10 Races total,6,2 teams,Day 3,Re-use Day 2 - Team Comp 2 as Day 3 - Team Comp 1,A Group,,,,,,,,,,4 Attempts - 20 Races total,15,Day 4,,,,,,,,,,,,,,,Re-use Day 3 - Team Comp 1 as Day 4 - Team Comp 1,A Group,,,,,,,,,,4 Attempts - 20 Races total,12,Finals,,,,,,,,,,,,,,,A Finals,9578,Re-use Day 4 - Team Comp 1 as Finals Team Comp,,,,,,,,,,https://drive.google.com/open?id=1oP1fVHf3hfbVK2RToo1YHzerBjgbTE6G,1st,,,,,,,,,,,Yes,Miler btw,https://drive.google.com/open?id=1nFVjJU_6M4s4VoEeqq30v747-UMt29wW,https://drive.google.com/open?id=1iQi0SOlZWZRZhL7hl7jkPmVwQ3g-eTYU,,,8,9,,,https://drive.google.com/open?id=1yAAJLq9tWIAGSvrhy10iuPYH81VEgm7M
9/25/2026 19:43:25,jiro,Graded (No Uma Restrictions),Win A finals,I accept these terms,Finals,Android - phone or tablet,$101-500,985,6-10 (roughly 1 per day),11-20 (roughly 2-3 per day),Rather not say,3,,,,,,,,,,,,,,,,,,,,,,,,,,,,,,,,,,,,,,,,,,,,,,,,,,,,,,,,,,,,,,,,,,,,,,,,,,,,,,,,,,,,,,,,,,,,,,,,,,,,,,,,,,,,,,,,,,,,,,,,,,,,,,,,,,,A Finals,10388,Add new Team Comp as Finals Team Comp,Tokai Teio (Anime Collab),Pace Chaser,Ace built for this CM before CM start in Grand Concert scenario,Oguri Cap (Christmas),End Closer,Ace built for this CM before CM start in Grand Concert scenario,Symboli Rudolf,End Closer,Debuffer,https://drive.google.com/open?id=1U8qnfxtGdExJ6iJp09VK9NI5L9Q_LT5U,1st,,,,,,,,,,,Yes,Teio the GOAT,https://drive.google.com/open?id=12lMkjmNu7kyJGnDetTIsuUZeWZpMt8D9,https://drive.google.com/open?id=1wIg_l-SZ_-vR_hKcPqgJT8vE2foBRS3s,,0,14,2,0,0,https://drive.google.com/open?id=1Mi0JC8Fw7MeuHVTuvGWEQtbD5fsWQFmJ
9/25/2026 19:44:28,Rihito_21,Graded (No Uma Restrictions),Win A finals,I accept these terms,Day 1,Windows,$1-100,1130,11-20 (roughly 2-3 per day),6-10 (roughly 1 per day),,4,,T.M. Opera O (New Year),Pace Chaser,Ace built for this CM before CM start in Grand Concert scenario,3,0,0,0,2,1,0,Oguri Cap (Christmas),End Closer,Ace built for this CM before CM start in Grand Concert scenario,3,0,0,0,2,1,0,Nice Nature,Late Surger,Debuffer,,,,,,,,4 Attempts - 20 Races total,12,Day 2,,,,,,,,,,,,,,Re-use Day 1 - Team Comp 1 as Day 2 - Team Comp 1,,,,,,,,,,4 Attempts - 20 Races total,13,Day 3,,,,,,,,,,,,,,,Re-use Day 2 - Team Comp 1 as Day 3 - Team Comp 1,A Group,,,,,,,,,,4 Attempts - 20 Races total,13,Day 4,,,,,,,,,,,,,,,Re-use Day 3 - Team Comp 1 as Day 4 - Team Comp 1,A Group,,,,,,,,,,4 Attempts - 20 Races total,8,Finals,,,,,,,,,,,,,,,A Finals,9002,Re-use Day 4 - Team Comp 1 as Finals Team Comp,,,,,,,,,,https://drive.google.com/open?id=16c2G3g19wC160aBuWdpgXx6ugIkOHYgY,1st,,,,,,,,,,,No,,,,,,,,,,
9/25/2026 19:57:44,Copacetic,Graded (No Uma Restrictions),Collect participation rewards,I accept these terms,Day 2,"iOS - phone or tablet, Windows",$101-500,,11-20 (roughly 2-3 per day),6-10 (roughly 1 per day),"Discord - MooMooCord - https://discord.com/invite/moomoocows, YouTube - MooMooCows - https://www.youtube.com/@MooMooCows",,,Copano Rickey,Pace Chaser,Ace built for this CM before CM start in Grand Concert scenario,,,,,,,,Nice Nature (Cheerleader),Late Surger,Hybrid (ace + debuffer),,,,,,,,Grass Wonder,Late Surger,Debuffer,,,,,,,,4 Attempts - 20 Races total,9,Go to Submit page,,,,,,,,,,,,,,Re-use Day 1 - Team Comp 1 as Day 2 - Team Comp 1,,,,,,,,,,4 Attempts - 20 Races total,14,Day 3,,,,,,,,,,,,,,,Re-use Day 2 - Team Comp 1 as Day 3 - Team Comp 1,A Group,,,,,,,,,,4 Attempts - 20 Races total,12,Day 4,,,,,,,,,,,,,,,Re-use Day 3 - Team Comp 1 as Day 4 - Team Comp 1,A Group,,,,,,,,,,4 Attempts - 20 Races total,13,Finals,,,,,,,,,,,,,,,A Finals,8658,Re-use Day 4 - Team Comp 1 as Finals Team Comp,,,,,,,,,,https://drive.google.com/open?id=1Fz9ZurGylO5-ilfb0QH4cZUmbrflJ_2c,1st,,,,,,,,,,,Yes,turf is just dirt ig,https://drive.google.com/open?id=1pAnwnhd974myOqpZIkyndJzXL-ijwuLC,https://drive.google.com/open?id=1NpYrpURaB1cIalDelaayGOVirzdXd86c,,,,,,,https://drive.google.com/open?id=1_QNWjIbBS9Ha8SpjAzJtPO3bFVpsZgch
9/25/2026 19:48:27,Khalcin,Graded (No Uma Restrictions),Get into A finals,I accept these terms,Finals,Android - phone or tablet,$501-1000,,21-30 (roughly 3-4 per day),6-10 (roughly 1 per day),Reddit - /r/UmamusumeGame,5,,,,,,,,,,,,,,,,,,,,,,,,,,,,,,,,,,,,,,,,,,,,,,,,,,,,,,,,,,,,,,,,,,,,,,,,,,,,,,,,,,,,,,,,,,,,,,,,,,,,,,,,,,,,,,,,,,,,,,,,,,,,,,,,,,,A Finals,8589,Add new Team Comp as Finals Team Comp,Rice Shower,Pace Chaser,Ace built for this CM before CM start in Grand Concert scenario,Agnes Tachyon,Late Surger,Debuffer,Nice Nature (Cheerleader),Late Surger,Debuffer,https://drive.google.com/open?id=1yevc_Qp3kHTpDC6_QVFZp99rb-XP2GxA,1st,,,,,,,,,,,No,,https://drive.google.com/open?id=1pdNl0NPGznhoZGN__ayDPIGQpbLDRhYb,https://drive.google.com/open?id=1XBJjdw3VPp_cuMlaSSKkyu4rEekZfy-X,,,10,,,5,https://drive.google.com/open?id=1Qr0YiXjWGVfCQyZjfYE0tgzhWcCJQxjx
9/25/2026 20:02:57,Morbillion,Graded (No Uma Restrictions),Collect participation rewards,I accept these terms,Finals,Android - phone or tablet,$101-500,,11-20 (roughly 2-3 per day),0-5 (less than 1 per day),Reddit - /r/UmamusumeGame,4,,,,,,,,,,,,,,,,,,,,,,,,,,,,,,,,,,,,,,,,,,,,,,,,,,,,,,,,,,,,,,,,,,,,,,,,,,,,,,,,,,,,,,,,,,,,,,,,,,,,,,,,,,,,,,,,,,,,,,,,,,,,,,,,,,,A Finals,,Add new Team Comp as Finals Team Comp,Gold Ship,End Closer,Ace built for Team Trials,Oguri Cap (Christmas),Pace Chaser,Ace built for Team Trials,Nice Nature (Cheerleader),Late Surger,Debuffer,https://drive.google.com/open?id=1jRCyxZstwGkKCB4nSn3nV575UtekJcEE,1st,,,,,,,,,,,No,,,,,,,,,,
9/25/2026 20:05:55,Pheenix775,Open (A+ Grade and Lower Umas Only),Get into A finals,I accept these terms,Finals,Android - phone or tablet,,,,,,5,,,,,,,,,,,,,,,,,,,,,,,,,,,,,,,,,,,,,,,,,,,,,,,,,,,,,,,,,,,,,,,,,,,,,,,,,,,,,,,,,,,,,,,,,,,,,,,,,,,,,,,,,,,,,,,,,,,,,,,,,,,,,,,,,,,A Finals,2551,Re-use Day 4 - Team Comp 1 as Finals Team Comp,,,,,,,,,,https://drive.google.com/open?id=13hr2_KeToGDWPH67cSAj2x2o_C_0L-iI,2nd,No (goes to Submit page),,,,,,,,,,,,,,,,,,,,
9/25/2026 20:07:49,coolboy98,Graded (No Uma Restrictions),Win A finals,I accept these terms,Day 1,,,,,,,,,Nice Nature (Cheerleader),Late Surger,Ace built for this CM before CM start in Grand Concert scenario,3,0,0,0,2,1,0,Oguri Cap,Pace Chaser,Blocker/Overtake target/Throwaway/Niche role,2,0,1,0,2,1,0,Symboli Rudolf,Front Runner,Blocker/Overtake target/Throwaway/Niche role,,,,,,,,4 Attempts - 20 Races total,13,Day 2,,,,,,,,,,,,,,Re-use Day 1 - Team Comp 1 as Day 2 - Team Comp 1,,,,,,,,,,4 Attempts - 20 Races total,15,Day 3,,,,,,,,,,,,,,,Re-use Day 2 - Team Comp 1 as Day 3 - Team Comp 1,A Group,,,,,,,,,,4 Attempts - 20 Races total,15,Day 4,,,,,,,,,,,,,,,Re-use Day 3 - Team Comp 1 as Day 4 - Team Comp 1,A Group,,,,,,,,,,4 Attempts - 20 Races total,12,Finals,,,,,,,,,,,,,,,A Finals,10718,Re-use Day 4 - Team Comp 1 as Finals Team Comp,,,,,,,,,,,2nd,No (goes to Submit page),,,,,,,,,,,,,,,,,,,,
9/25/2026 20:20:26,U,Graded (No Uma Restrictions),Win A finals,I accept these terms,Finals,iOS - phone or tablet,,,,,Reddit - /r/UmamusumeGame,,,,,,,,,,,,,,,,,,,,,,,,,,,,,,,,,,,,,,,,,,,,,,,,,,,,,,,,,,,,,,,,,,,,,,,,,,,,,,,,,,,,,,,,,,,,,,,,,,,,,,,,,,,,,,,,,,,,,,,,,,,,,,,,,,,,A Finals,10104,Add new Team Comp as Finals Team Comp,Symboli Rudolf,Late Surger,Mid-CM Ace build in Grand Concert scenario,Grass Wonder,Late Surger,Debuffer,Oguri Cap (Christmas),End Closer,Mid-CM Ace build in Grand Concert scenario,https://drive.google.com/open?id=1MPRmXLwZ608cs04Ygod57-kV6J6LAC7q,1st,,,,,,,,,,,Yes,"Rudolf first, the rest nowhere.",https://drive.google.com/open?id=1qYSzH29eQN_2UaOXxXZS_RFkHq885_Ef,https://drive.google.com/open?id=1NGBmXHiGfOgRpN0BQY7kdsxtw4lTrlbp,,,3,6,4,,https://drive.google.com/open?id=1TnG_8kUXpqQ3CBZkB4X2kZD0AJOvnB6c
9/25/2026 20:26:09,DogeRoss,Graded (No Uma Restrictions),Win A finals,I accept these terms,Finals,"iOS - phone or tablet, Windows",$1001-5000,2712,46+ (more than 6 per day),21-30 (roughly 3-4 per day),Reddit - /r/UmamusumeGame,,,,,,,,,,,,,,,,,,,,,,,,,,,,,,,,,,,,,,,,,,,,,,,,,,,,,,,,,,,,,,,,,,,,,,,,,,,,,,,,,,,,,,,,,,,,,,,,,,,,,,,,,,,,,,,,,,,,,,,,,,,,,,,,,,,,A Finals,13871,Add new Team Comp as Finals Team Comp,Oguri Cap (Christmas),End Closer,Ace built for this CM before CM start in Grand Concert scenario,Nice Nature (Cheerleader),Late Surger,Debuffer,Grass Wonder,Late Surger,Debuffer,https://drive.google.com/open?id=1A9SEaZW4t2VS8T4R5lWkXflBvTR9c_0P,1st,,,,,,,,,,,No,,https://drive.google.com/open?id=1D5sPpuFw-LNT1bRzzlxvchIivc7Klueo,https://drive.google.com/open?id=1eWyOhzEMEnomECKs0MCYZWUDTWUfWP_B,,,12,6,,,https://drive.google.com/open?id=1kBPINtnj5-1LZnPfyX0g2q8JfWfFcMft
9/25/2026 20:35:53,The Jabrons,Graded (No Uma Restrictions),Get into A finals,I accept these terms,Day 1,"iOS - phone or tablet, Windows",Rather not say,1611,11-20 (roughly 2-3 per day),0-5 (less than 1 per day),Reddit - /r/UmamusumeGame,5,,Mejiro McQueen (Anime Collab),Pace Chaser,Ace built for this CM before CM start in Grand Concert scenario,3,0,0,0,2,1,0,Nice Nature,Late Surger,Debuffer,2,0,0,0,3,1,0,Grass Wonder,Late Surger,Debuffer,2,0,0,0,3,1,0,4 Attempts - 20 Races total,15,Day 2,,,,,,,,,,,,,,Re-use Day 1 - Team Comp 1 as Day 2 - Team Comp 1,,,,,,,,,,4 Attempts - 20 Races total,10,Day 3,,,,,,,,,,,,,,,Re-use Day 2 - Team Comp 1 as Day 3 - Team Comp 1,A Group,,,,,,,,,,4 Attempts - 20 Races total,8,Day 4,,,,,,,,,,,,,,,Re-use Day 3 - Team Comp 1 as Day 4 - Team Comp 1,A Group,,,,,,,,,,4 Attempts - 20 Races total,10,Finals,,,,,,,,,,,,,,,A Finals,12034,Re-use Day 4 - Team Comp 1 as Finals Team Comp,,,,,,,,,,https://drive.google.com/open?id=1l4QH38mBS9kywAx0mC7_TYB4hatKxuTT,1st,,,,,,,,,,,Yes,"Anime McQueen is the true meta all along, desuwa~",https://drive.google.com/open?id=1xGz7gUA6hNrECm3vJGZQq8VMbyQHrw-G,https://drive.google.com/open?id=1o7eE6SpDgtFXsCo_AI5Oae0TxUMXVLmE,,2,11,3,0,0,https://drive.google.com/open?id=1zRW3gxeQO-ZWM5r7yGWUwZKRZiyu-nnL
9/25/2026 20:37:47,Avai Wen,Graded (No Uma Restrictions),Get into A finals,I accept these terms,Finals,Windows,$0,1827,21-30 (roughly 3-4 per day),11-20 (roughly 2-3 per day),Reddit - /r/UmamusumeGame,4,,,,,,,,,,,,,,,,,,,,,,,,,,,,,,,,,,,,,,,,,,,,,,,,,,,,,,,,,,,,,,,,,,,,,,,,,,,,,,,,,,,,,,,,,,,,,,,,,,,,,,,,,,,,,,,,,,,,,,,,,,,,,,,,,,,A Finals,5443,Add new Team Comp as Finals Team Comp,Winning Ticket (Steampunk),Late Surger,Ace built for this CM before CM start in Grand Concert scenario,T.M. Opera O,Pace Chaser,Ace built for this CM before CM start in Grand Concert scenario,Meisho Doto (Halloween),Pace Chaser,Ace built for this CM before CM start in Grand Concert scenario,https://drive.google.com/open?id=1kgsZCzB9Ki6ap8Td5wIe663ZzJfOj8Mj,1st,,,,,,,,,,,Yes,I am beautiful.,https://drive.google.com/open?id=1jvqjkJGxWzDBhJ3MKRiWAT6O7fi__Mjs,https://drive.google.com/open?id=1spa9wIolO0y9SlN5ek55SAlt3b9iU6os,,,,,,,https://drive.google.com/open?id=1whNzPLYuGyyatQtF-2wDfaJo-_VMajWl
9/25/2026 20:43:40,Froeuhouai,Graded (No Uma Restrictions),Get into A finals,I accept these terms,Finals,Android - phone or tablet,$1-100,1138,21-30 (roughly 3-4 per day),6-10 (roughly 1 per day),Reddit - /r/UmamusumeGame,4,,,,,,,,,,,,,,,,,,,,,,,,,,,,,,,,,,,,,,,,,,,,,,,,,,,,,,,,,,,,,,,,,,,,,,,,,,,,,,,,,,,,,,,,,,,,,,,,,,,,,,,,,,,,,,,,,,,,,,,,,,,,,,,,,,,A Finals,10107,Re-use Day 4 - Team Comp 1 as Finals Team Comp,,,,,,,,,,https://drive.google.com/open?id=1bEP_6MJKH_US1ba-57ivW9Mn4mi_VZ96,1st,,,,,,,,,,,Yes,"I guess I'll have to go with plan A, I didn't really see any Plan B material in this race.",https://drive.google.com/open?id=1WJ8aTLqQy3QawNTtqU9cbewxtLpT0Ejf,https://drive.google.com/open?id=1L9_FOVhWuFcSPZxA-SwHc6F8ZAZPMYFt,,4,9,3,0,0,https://drive.google.com/open?id=18sf600MMByWyxTaTbkHzY72SgdPiHdUs
9/25/2026 20:45:51,Hitsu,Graded (No Uma Restrictions),Win A finals,I accept these terms,Finals,Windows,Rather not say,1886,21-30 (roughly 3-4 per day),0-5 (less than 1 per day),Reddit - /r/UmamusumeGame,5,,,,,,,,,,,,,,,,,,,,,,,,,,,,,,,,,,,,,,,,,,,,,,,,,,,,,,,,,,,,,,,,,,,,,,,,,,,,,,,,,,,,,,,,,,,,,,,,,,,,,,,,,,,,,,,,,,,,,,,,,,,,,,,,,,,A Finals,8874,Add new Team Comp as Finals Team Comp,Rice Shower (Halloween),Pace Chaser,Ace built for this CM before CM start in Grand Concert scenario,Oguri Cap (Christmas),End Closer,Ace built for this CM before CM start in Grand Concert scenario,Grass Wonder,End Closer,Debuffer,https://drive.google.com/open?id=1xuBaRcPPvyIKxX1nsCh3CL3Ri6UQY2p2,1st,,,,,,,,,,,No,,https://drive.google.com/open?id=158yGWbP4VY0pG54QvPFHQhiYUAK89G_q,,,,,,,,https://drive.google.com/open?id=1WIcTP-fRands0p33zca7aomyRskE1bom
9/25/2026 20:46:33,Xylviene,Graded (No Uma Restrictions),Win A finals,I accept these terms,Finals,Android - phone or tablet,$0,,21-30 (roughly 3-4 per day),11-20 (roughly 2-3 per day),Reddit - /r/UmamusumeGame,1,,,,,,,,,,,,,,,,,,,,,,,,,,,,,,,,,,,,,,,,,,,,,,,,,,,,,,,,,,,,,,,,,,,,,,,,,,,,,,,,,,,,,,,,,,,,,,,,,,,,,,,,,,,,,,,,,,,,,,,,,,,,,,,,,,,A Finals,12504,Re-use Day 4 - Team Comp 1 as Finals Team Comp,,,,,,,,,,https://drive.google.com/open?id=1sxzEo--J6cv_SX8tW9hCte7jGY-Zknt6,1st,,,,,,,,,,,Yes,The power of love will get you through all hurdles...,https://drive.google.com/open?id=1-vYvNqrbrAPujH65virfLcXBLd4cN7p5,https://drive.google.com/open?id=1P_zTnwjCOtFu6KFvoDf6I7uZM34GsgkG,,,6,5,,2,https://drive.google.com/open?id=1-96svlOcbBs1ByR_ZmaIA2y9Bn8Pc8NR
9/25/2026 20:50:27,Wesilver,Graded (No Uma Restrictions),Win A finals,I accept these terms,Finals,Android - phone or tablet,$1-100,,31-45 (roughly 5-6 per day),6-10 (roughly 1 per day),"Reddit - /r/UmamusumeGame, YouTube - MooMooCows - https://www.youtube.com/@MooMooCows",4,,,,,,,,,,,,,,,,,,,,,,,,,,,,,,,,,,,,,,,,,,,,,,,,,,,,,,,,,,,,,,,,,,,,,,,,,,,,,,,,,,,,,,,,,,,,,,,,,,,,,,,,,,,,,,,,,,,,,,,,,,,,,,,,,,,A Finals,12650,Re-use Day 4 - Team Comp 1 as Finals Team Comp,,,,,,,,,,https://drive.google.com/open?id=1wetOppOCAukPTQHLVBTQSTRSj9bChDG_,1st,,,,,,,,,,,No,,https://drive.google.com/open?id=1gS6CjesKM-NYDRHJ88FjYfZvJ7fYR4u7,https://drive.google.com/open?id=1cTPODvVO3ePhT53hP3T2YUswvukLZJRu,,0,6,5,0,0,https://drive.google.com/open?id=1TU_seQp4-WqsI4zTiy_NyXg3gERBP1Fh
9/25/2026 20:51:08,FanConE,Graded (No Uma Restrictions),Get into A finals,I accept these terms,Day 1,"Android - phone or tablet, Windows",$501-1000,1400,31-45 (roughly 5-6 per day),11-20 (roughly 2-3 per day),"Discord - MooMooCord - https://discord.com/invite/moomoocows, YouTube - MooMooCows - https://www.youtube.com/@MooMooCows",5,,Oguri Cap (Christmas),End Closer,Ace built for this CM before CM start in Grand Concert scenario,3,0,0,0,2,1,0,Nice Nature,Late Surger,Debuffer,1,2,1,0,2,0,0,Symboli Rudolf,Late Surger,Debuffer,2,0,0,1,3,0,0,2 Attempts - 10 Races total,7,Day 1 - Add 2nd Team,Oguri Cap (Christmas),Pace Chaser,Ace built for this CM before CM start in Grand Concert scenario,Nice Nature,Late Surger,Debuffer,Symboli Rudolf,Late Surger,Debuffer,2 Attempts - 10 Races total,8,2 teams,Day 2,Re-use Day 1 - Team Comp 2 as Day 2 - Team Comp 1,,,,,,,,,,2 Attempts - 10 Races total,8,Day 2 - Add 2nd Team,Re-use Day 1 - Team Comp 1 as Day 2 - Team Comp 2,,,,,,,,,,2 Attempts - 10 Races total,5,2 teams,Day 3,Add new Team Comp as Day 3 - Team Comp 1,A Group,Oguri Cap (Christmas),Pace Chaser,Ace built for this CM before CM start in Grand Concert scenario,Grass Wonder,Late Surger,Debuffer,Symboli Rudolf,Late Surger,Debuffer,2 Attempts - 10 Races total,8,Day 3 - Add 2nd Team,Add new Team Comp as Day 3 - Team Comp 2,Oguri Cap (Christmas),End Closer,Ace built for this CM before CM start in Grand Concert scenario,Grass Wonder,Late Surger,Debuffer,Symboli Rudolf,Late Surger,Debuffer,2 Attempts - 10 Races total,5,2 teams,Day 4,Re-use Day 3 - Team Comp 2 as Day 4 - Team Comp 1,A Group,,,,,,,,,,2 Attempts - 10 Races total,5,Day 4 - Add 2nd team,Add new Team Comp as Day 4 - Team Comp 2,Oguri Cap (Christmas),Pace Chaser,Ace built for this CM before CM start in Grand Concert scenario,Grass Wonder,Late Surger,Debuffer,Symboli Rudolf,Late Surger,Debuffer,2 Attempts - 10 Races total,3,2 teams,Finals,A Finals,8644,Re-use Day 4 - Team Comp 2 as Finals Team Comp,,,,,,,,,,https://drive.google.com/open?id=1NjcBIvndVMMcPh_9sDCk93Ws-9T5U6qO,1st,,,,,,,,,,,No,,https://drive.google.com/open?id=1dq8_OxeKk9_-_OgOFTl6n78mYxx1IaAC,https://drive.google.com/open?id=10Tkz2Ix9JGDiBtDINhAme63DwCduTpY5,,,15,,,3,https://drive.google.com/open?id=1bf2H6JiBN_ob4yXf2FMk9ZMh8EH8JtfD
9/25/2026 20:54:39,Max Kingsley,Graded (No Uma Restrictions),Get into A finals,I accept these terms,Finals,Android - phone or tablet,$0,785,11-20 (roughly 2-3 per day),0-5 (less than 1 per day),Reddit - /r/UmamusumeGame,4,"Maybe ask users on why they chose to run a certain uma. Some are oshi gamers, some use what they have, and some chase meta. This can discern people's mentality to CM prep even more. ",,,,,,,,,,,,,,,,,,,,,,,,,,,,,,,,,,,,,,,,,,,,,,,,,,,,,,,,,,,,,,,,,,,,,,,,,,,,,,,,,,,,,,,,,,,,,,,,,,,,,,,,,,,,,,,,,,,,,,,,,,,,,,,,,,A Finals,8153,Re-use Day 4 - Team Comp 1 as Finals Team Comp,,,,,,,,,,https://drive.google.com/open?id=1TSDarBG_C0pDNVZFEAJ5Z6aigy-uaRFJ,3rd,No (goes to Submit page),,,,,,,,,,,,,,,,,,,,
9/25/2026 21:16:57,Garras,Graded (No Uma Restrictions),Get into A finals,I accept these terms,Finals,Android - phone or tablet,$0,1088,21-30 (roughly 3-4 per day),0-5 (less than 1 per day),Reddit - /r/UmamusumeGame,5,,,,,,,,,,,,,,,,,,,,,,,,,,,,,,,,,,,,,,,,,,,,,,,,,,,,,,,,,,,,,,,,,,,,,,,,,,,,,,,,,,,,,,,,,,,,,,,,,,,,,,,,,,,,,,,,,,,,,,,,,,,,,,,,,,,A Finals,6017,Re-use Day 4 - Team Comp 1 as Finals Team Comp,,,,,,,,,,https://drive.google.com/open?id=1ddoVCfmk7BbzpCRGX1I2USw48WwkojUV,1st,,,,,,,,,,,Yes,Hachimi,https://drive.google.com/open?id=1pZI9Bc6_s3k1FpiJM9w4v_0imxrJHJdE,https://drive.google.com/open?id=1Ig2zSlNb1LWY-KqqTUUurWPy5Utsc3uH,,2,3,9,,2,https://drive.google.com/open?id=1_5gkC7HHcKiDEA0d-M70JcU-gk8fJccC
9/25/2026 21:20:06,DrifterDane,Graded (No Uma Restrictions),Get into A finals,I accept these terms,Day 1,"Android - phone or tablet, Windows",$1-100,,46+ (more than 6 per day),,"Friend sent me the link, Discord - MooMooCord - https://discord.com/invite/moomoocows, YouTube - MooMooCows - https://www.youtube.com/@MooMooCows",,,Manhattan Cafe,Late Surger,Ace built for this CM before CM start in Grand Concert scenario,3,,,,2,1,,Narita Taishin (Steampunk),End Closer,Ace built for this CM before CM start in Grand Concert scenario,3,1,,,1,1,,T.M. Opera O (New Year),Late Surger,Ace built for this CM before CM start in Grand Concert scenario,3,,,,2,1,,4 Attempts - 20 Races total,17,Day 2,,,,,,,,,,,,,,Re-use Day 1 - Team Comp 1 as Day 2 - Team Comp 1,,,,,,,,,,4 Attempts - 20 Races total,14,Day 3,,,,,,,,,,,,,,,Re-use Day 2 - Team Comp 1 as Day 3 - Team Comp 1,A Group,,,,,,,,,,4 Attempts - 20 Races total,11,Day 4,,,,,,,,,,,,,,,Re-use Day 3 - Team Comp 1 as Day 4 - Team Comp 1,A Group,,,,,,,,,,4 Attempts - 20 Races total,9,Finals,,,,,,,,,,,,,,,A Finals,11323,Re-use Day 4 - Team Comp 1 as Finals Team Comp,,,,,,,,,,https://drive.google.com/open?id=19cNnIVPPEF826PZ2DHkkCS-kOQlJMuxS,1st,,,,,,,,,,,No,,https://drive.google.com/open?id=1-bTMQG4EFjiYa9Ph6H8s1R2GNM6ac7rl,https://drive.google.com/open?id=1mpQ5IMS2qqzIec_NyBi9beLZaTYYTMLJ,,0,14,0,0,0,https://drive.google.com/open?id=1468uBBjnOSqu6UtT7z4G7QE1-yjzaArs
9/25/2026 21:21:30,AliceIsmyIdeal ,Graded (No Uma Restrictions),Win A finals,I accept these terms,Finals,Android - phone or tablet,$0,347,0-5 (less than 1 per day),,"Friend sent me the link, Discord - MooMooCord - https://discord.com/invite/moomoocows",5,N/A,,,,,,,,,,,,,,,,,,,,,,,,,,,,,,,,,,,,,,,,,,,,,,,,,,,,,,,,,,,,,,,,,,,,,,,,,,,,,,,,,,,,,,,,,,,,,,,,,,,,,,,,,,,,,,,,,,,,,,,,,,,,,,,,,,A Finals,4054,Add new Team Comp as Finals Team Comp,Rice Shower,Pace Chaser,Mid-CM Ace build in Grand Concert scenario,Nice Nature,Late Surger,Debuffer,Agnes Tachyon,Late Surger,Debuffer,https://drive.google.com/open?id=1BYZrxDb5DR9H-0nMO3HZMuHpgjSoIxHE,1st,,,,,,,,,,,Yes,I WON I ACTUALLY WON,https://drive.google.com/open?id=1Cd9iToq6eBMVh0YMhg8j-7d0XbYssX1L,https://drive.google.com/open?id=1wzTE3ZqpgNt7WD9pbGF1ePp9EiJvfeE4,,,8,9,,,https://drive.google.com/open?id=1KOfoXs0zEJEmenbFF_q-RueLap7Nq-74
9/25/2026 21:32:20,HoboPhoenix,Graded (No Uma Restrictions),Win A finals,I accept these terms,Finals,Android - phone or tablet,$101-500,1430,21-30 (roughly 3-4 per day),31-45 (roughly 5-6 per day),Reddit - /r/UmamusumeGame,4,,,,,,,,,,,,,,,,,,,,,,,,,,,,,,,,,,,,,,,,,,,,,,,,,,,,,,,,,,,,,,,,,,,,,,,,,,,,,,,,,,,,,,,,,,,,,,,,,,,,,,,,,,,,,,,,,,,,,,,,,,,,,,,,,,,A Finals,8380,Add new Team Comp as Finals Team Comp,Oguri Cap (Christmas),End Closer,Ace built for this CM before CM start in Grand Concert scenario,Narita Brian,Pace Chaser,Ace built for this CM before CM start in Grand Concert scenario,Nakayama Festa,Pace Chaser,Ace built for this CM before CM start in Grand Concert scenario,https://drive.google.com/open?id=1XAKEJK8OnE3R5jPNDOFKuXEc0ZKfxFOd,1st,,,,,,,,,,,Yes,The fastest fatty,https://drive.google.com/open?id=1XjF6_Ub4FVSEyU8WmjFLDb50ZwptcjJG,https://drive.google.com/open?id=14gRBX9rx4VQ8H7Ze9SNlc5wn4rYmrZS_,,,7,5,,3,https://drive.google.com/open?id=1IHPXlgablsdtty4UofloyvqKNVjNp4j-
9/25/2026 21:35:50,Koba,Graded (No Uma Restrictions),Get into A finals,I accept these terms,Day 1,"iOS - phone or tablet, Windows",$1-100,504,11-20 (roughly 2-3 per day),6-10 (roughly 1 per day),Reddit - /r/UmamusumeGame,4,,Oguri Cap,Pace Chaser,Ace built for this CM before CM start in Grand Concert scenario,2,1,0,0,2,1,0,Gold Ship,End Closer,Ace built for this CM before CM start in Grand Concert scenario,3,0,0,0,2,1,0,Nice Nature,Late Surger,Debuffer,,,,,,,,4 Attempts - 20 Races total,14,Day 2,,,,,,,,,,,,,,Re-use Day 1 - Team Comp 1 as Day 2 - Team Comp 1,,,,,,,,,,4 Attempts - 20 Races total,15,Day 3,,,,,,,,,,,,,,,Re-use Day 2 - Team Comp 1 as Day 3 - Team Comp 1,A Group,,,,,,,,,,4 Attempts - 20 Races total,5,Day 4,,,,,,,,,,,,,,,Re-use Day 3 - Team Comp 1 as Day 4 - Team Comp 1,A Group,,,,,,,,,,4 Attempts - 20 Races total,7,Finals,,,,,,,,,,,,,,,A Finals,8106,Re-use Day 4 - Team Comp 2 as Finals Team Comp,,,,,,,,,,https://drive.google.com/open?id=1tk0UiY1n-TdTnF6AoDBK-Yqk9FFCAd8U,1st,,,,,,,,,,,No,,https://drive.google.com/open?id=1HM6bfuUMGLLxKakG7jgtWHbeJk0HqQ4Q,https://drive.google.com/open?id=1WUPZYwvc6uMjZZlZFnJuH8nNz94RJuFc,,,18,,,,https://drive.google.com/open?id=15vEsehPtLjetpWneHgLSFJMQNYRtl-E2
9/25/2026 22:13:16,Karly,Open (A+ Grade and Lower Umas Only),Get into A finals,I accept these terms,Finals,Android - phone or tablet,$0,,11-20 (roughly 2-3 per day),11-20 (roughly 2-3 per day),"Reddit - /r/UmamusumeGame, YouTube - MooMooCows - https://www.youtube.com/@MooMooCows",5,,Sweep Tosho,End Closer,Ace built for this CM before CM start in Grand Concert scenario,3,0,0,0,2,1,,Oguri Cap (Christmas),Pace Chaser,Ace built for this CM before CM start in Grand Concert scenario,3,0,0,0,2,1,,Agnes Digital,Late Surger,Ace built for this CM before CM start in Grand Concert scenario,2,1,0,0,2,1,,4 Attempts - 20 Races total,15,Go to Submit page,,,,,,,,,,,,,,,,,,,,,,,,,,,,,,,,,,,,,,,,,,,,,,,,,,,,,,,,,,,,,,,,,,,,,,,,,,,,,,,,,,,,,,,,,,,,,,,,,A Finals,13130,Re-use Day 4 - Team Comp 1 as Finals Team Comp,,,,,,,,,,https://drive.google.com/open?id=1LHUK600t_3TdVSHg6shXba2ee7enCZUK,1st,,,,,,,,,,,Yes,Sweepy cast his magic spell in the finals ,https://drive.google.com/open?id=1ZNAwCv6A5ChIBerFsXagPFX6s8AAzYU3,https://drive.google.com/open?id=1IlaQryPYDZBqBGvpmgecg8krKUCthmwP,,,14,3,,,https://drive.google.com/open?id=1xWPY5HJ7ShoB1VupY2GpyaFRg2RA-yOF
9/25/2026 22:21:57,Legalll,Graded (No Uma Restrictions),Get into A finals,I accept these terms,Day 1,iOS - phone or tablet,$0,,21-30 (roughly 3-4 per day),6-10 (roughly 1 per day),Discord - MooMooCord - https://discord.com/invite/moomoocows,5,,Nice Nature (Cheerleader),Late Surger,Ace built for this CM before CM start in Grand Concert scenario,3,0,0,0,2,1,0,Agnes Digital,Late Surger,Ace built for this CM before CM start in Grand Concert scenario,3,1,0,0,1,1,0,Agnes Tachyon,End Closer,Debuffer,,,,,,,,4 Attempts - 20 Races total,11,Day 2,,,,,,,,,,,,,,Re-use Day 1 - Team Comp 1 as Day 2 - Team Comp 1,,,,,,,,,,4 Attempts - 20 Races total,13,Day 3,,,,,,,,,,,,,,,Re-use Day 2 - Team Comp 1 as Day 3 - Team Comp 1,A Group,,,,,,,,,,4 Attempts - 20 Races total,11,Day 4,,,,,,,,,,,,,,,Re-use Day 3 - Team Comp 1 as Day 4 - Team Comp 1,A Group,,,,,,,,,,0 Attempts - 0 Races total,0,Finals,,,,,,,,,,,,,,,A Finals,10612,Re-use Day 4 - Team Comp 1 as Finals Team Comp,,,,,,,,,,https://drive.google.com/open?id=14N8fYQ0CXynQHRdyErrUJz2pHlY16QoL,1st,,,,,,,,,,,Yes,imagine using natie as a debuffer,https://drive.google.com/open?id=1bMpfgNLrn0LUpYUELr75KonHXrtoO4BC,https://drive.google.com/open?id=1gVyxL51jc-vVYyWzcPjn3FGfr8qIGcjp,,,11,,0,,https://drive.google.com/open?id=1tHqkjNmGrbNa4FZz9zO7GRru3w2dpnKi
9/25/2026 22:31:01,FlanGG,Graded (No Uma Restrictions),Win A finals,I accept these terms,Day 1,Windows,$0,1176,21-30 (roughly 3-4 per day),6-10 (roughly 1 per day),YouTube - MooMooCows - https://www.youtube.com/@MooMooCows,5,,Eishin Flash (Valentine),Late Surger,Hybrid (ace + debuffer),3,0,0,0,2,1,0,Nice Nature,Late Surger,Debuffer,3,0,0,0,2,1,0,Rice Shower,Pace Chaser,Ace built for this CM before CM start in Grand Concert scenario,3,0,0,0,2,1,0,4 Attempts - 20 Races total,15,Day 2,,,,,,,,,,,,,,Re-use Day 1 - Team Comp 1 as Day 2 - Team Comp 1,,,,,,,,,,4 Attempts - 20 Races total,13,Day 3,,,,,,,,,,,,,,,Re-use Day 2 - Team Comp 1 as Day 3 - Team Comp 1,A Group,,,,,,,,,,4 Attempts - 20 Races total,4,Day 4,,,,,,,,,,,,,,,Add a new Team Comp as Day 4 - Team Comp 1,A Group,Eishin Flash (Valentine),Late Surger,Ace built for this CM before CM start in Grand Concert scenario,Nice Nature,Late Surger,Debuffer,Rice Shower,Pace Chaser,Mid-CM Ace build in Grand Concert scenario,4 Attempts - 20 Races total,10,Finals,,,,,,,,,,,,,,,A Finals,9305,Re-use Day 4 - Team Comp 1 as Finals Team Comp,,,,,,,,,,https://drive.google.com/open?id=1bH5ghXdIZ0h6E5z7H_KoWFU2yjV_T6yl,1st,,,,,,,,,,,No,,https://drive.google.com/open?id=1TDMX5i1bXbpn3fjN7ni7v5UI7Jdv7bFY,https://drive.google.com/open?id=1JxdnCGPHHinFlEUm-MU4wA3mvu8A8gio,,0,15,3,0,0,https://drive.google.com/open?id=1tgGXa6Bj8DWd-ba90HCK0VYQiDqDje59
9/25/2026 22:47:09,ThatPhaste,Graded (No Uma Restrictions),Get into A finals,I accept these terms,Day 1,"Android - phone or tablet, Windows",$1-100,630,6-10 (roughly 1 per day),6-10 (roughly 1 per day),"Discord - MooMooCord - https://discord.com/invite/moomoocows, Twitch - MooMooCows - https://www.twitch.tv/moomoomoocows, YouTube - MooMooCows - https://www.youtube.com/@MooMooCows",3,,Oguri Cap (Christmas),Pace Chaser,Ace built for older CM,2,1,,,2,1,,Agnes Tachyon,End Closer,Debuffer,2,,,,4,,,Grass Wonder,End Closer,Debuffer,2,,,,4,,,4 Attempts - 20 Races total,14,Day 2,,,,,,,,,,,,,,Re-use Day 1 - Team Comp 1 as Day 2 - Team Comp 1,,,,,,,,,,0 Attempts - 0 Races total,0,Day 3,,,,,,,,,,,,,,,Re-use Day 2 - Team Comp 1 as Day 3 - Team Comp 1,A Group,,,,,,,,,,4 Attempts - 20 Races total,10,Day 4,,,,,,,,,,,,,,,Re-use Day 3 - Team Comp 1 as Day 4 - Team Comp 1,A Group,,,,,,,,,,3 Attempts - 15 Races total,4,Finals,,,,,,,,,,,,,,,A Finals,10986,Add new Team Comp as Finals Team Comp,Oguri Cap (Christmas),Pace Chaser,Mid-CM Ace build in Grand Concert scenario,Agnes Tachyon,End Closer,Debuffer,Grass Wonder,End Closer,Debuffer,https://drive.google.com/open?id=1RCBZzJVqofvMTyDmN-Qnn2DxGpmyzftS,3rd,Yes,https://drive.google.com/open?id=1N28VgcsMv3BaQjenjTb6e9HgDJ0_LfWd,https://drive.google.com/open?id=1o1ozVnfjMej97Jt52vMGkj8vXfX8q_57,,,18,,,,https://drive.google.com/open?id=11v9CXhgtHpsIrgF8H7GByxg4tvqFYbFx,,,,,,,,,,,
9/25/2026 22:56:00,renaseriYT,Graded (No Uma Restrictions),Win A finals,I accept these terms,Day 1,"iOS - phone or tablet, Windows",$1-100,,6-10 (roughly 1 per day),11-20 (roughly 2-3 per day),"Discord - MooMooCord - https://discord.com/invite/moomoocows, YouTube - MooMooCows - https://www.youtube.com/@MooMooCows",5,,Oguri Cap (Christmas),End Closer,Ace built for this CM before CM start in Grand Concert scenario,2,1,0,0,2,1,,Agnes Tachyon,End Closer,Debuffer,,,,,,,,Grass Wonder,End Closer,Debuffer,,,,,,,,4 Attempts - 20 Races total,19,Day 2,,,,,,,,,,,,,,Re-use Day 1 - Team Comp 1 as Day 2 - Team Comp 1,,,,,,,,,,4 Attempts - 20 Races total,19,Day 3,,,,,,,,,,,,,,,Re-use Day 2 - Team Comp 1 as Day 3 - Team Comp 1,A Group,,,,,,,,,,4 Attempts - 20 Races total,18,Day 4,,,,,,,,,,,,,,,Re-use Day 3 - Team Comp 1 as Day 4 - Team Comp 1,A Group,,,,,,,,,,4 Attempts - 20 Races total,17,Finals,,,,,,,,,,,,,,,A Finals,12675,Re-use Day 4 - Team Comp 1 as Finals Team Comp,,,,,,,,,,https://drive.google.com/open?id=1aDPbAI2P344dUGM9T_5O-Tw1KUg8LIfg,1st,,,,,,,,,,,No,,,,,,,,,,
9/25/2026 22:59:28,kelpie,Graded (No Uma Restrictions),Get into B finals,I accept these terms,Finals,Android - phone or tablet,$1-100,763,11-20 (roughly 2-3 per day),0-5 (less than 1 per day),Reddit - /r/UmamusumeGame,4,,,,,,,,,,,,,,,,,,,,,,,,,,,,,,,,,,,,,,,,,,,,,,,,,,,,,,,,,,,,,,,,,,,,,,,,,,,,,,,,,,,,,,,,,,,,,,,,,,,,,,,,,,,,,,,,,,,,,,,,,,,,,,,,,,,B Finals,1016,Re-use Day 4 - Team Comp 1 as Finals Team Comp,,,,,,,,,,https://drive.google.com/open?id=1N64Pg_RA2FMT28i3poWdpbcsutrgejRj,1st,,,,,,,,,,,Yes,):,https://drive.google.com/open?id=1OX6d56YyMOh7OQIv1UxRcLmGHwWwKqT1,https://drive.google.com/open?id=1KFCZwYt1ygjvHun8pesjw4vJysZPj1tq,,,9,,,,https://drive.google.com/open?id=1zEocS_y-R8hRAPILSRvbD_23tKe0elNJ
9/25/2026 23:16:48,Gurintea@Ayabe,Open (A+ Grade and Lower Umas Only),Get into A finals,I accept these terms,Day 1,"Android - phone or tablet, Windows",$101-500,,31-45 (roughly 5-6 per day),21-30 (roughly 3-4 per day),Rather not say,5,,Admire Vega,End Closer,Ace built for this CM before CM start in Grand Concert scenario,2,1,0,,2,1,0,Nice Nature,End Closer,Debuffer,,,,,,,,Mayano Top Gun (Wedding),End Closer,Debuffer,,,,,,,,4 Attempts - 20 Races total,16,Day 2,,,,,,,,,,,,,,Re-use Day 1 - Team Comp 1 as Day 2 - Team Comp 1,,,,,,,,,,4 Attempts - 20 Races total,18,Day 3,,,,,,,,,,,,,,,Re-use Day 2 - Team Comp 1 as Day 3 - Team Comp 1,A Group,,,,,,,,,,4 Attempts - 20 Races total,16,Day 4,,,,,,,,,,,,,,,Re-use Day 3 - Team Comp 1 as Day 4 - Team Comp 1,A Group,,,,,,,,,,4 Attempts - 20 Races total,18,Finals,,,,,,,,,,,,,,,A Finals,10557,Re-use Day 4 - Team Comp 1 as Finals Team Comp,,,,,,,,,,https://drive.google.com/open?id=1OdfNbeEgEIBNhkXuSdtGBCAFAdXNpaNT,1st,,,,,,,,,,,Yes,Not even Xoguri is brighter than her,https://drive.google.com/open?id=1UJO6QCnQuRi_8nsJQMSNO2kd-5-lUNke,https://drive.google.com/open?id=1b1wPH9qkISCPURQI2Mu36T4VWddO0otq,,,16,,,,https://drive.google.com/open?id=1CtU5AmHXjIqDxahWQJHnQ-XleS9uUYBr
9/25/2026 23:22:34,potatofos,Graded (No Uma Restrictions),Win A finals,I accept these terms,Day 1,iOS - phone or tablet,$1-100,2252,31-45 (roughly 5-6 per day),0-5 (less than 1 per day),Discord - MooMooCord - https://discord.com/invite/moomoocows,5,,Hishi Amazon,End Closer,Ace built for this CM before CM start in Grand Concert scenario,3,1,0,0,1,1,0,Sweep Tosho,End Closer,Ace built for this CM before CM start in Grand Concert scenario,2,1,0,0,2,1,0,Grass Wonder,End Closer,Debuffer,,,,,,,,4 Attempts - 20 Races total,15,Day 2,,,,,,,,,,,,,,Re-use Day 1 - Team Comp 1 as Day 2 - Team Comp 1,,,,,,,,,,4 Attempts - 20 Races total,8,Day 3,,,,,,,,,,,,,,,Re-use Day 2 - Team Comp 1 as Day 3 - Team Comp 1,A Group,,,,,,,,,,4 Attempts - 20 Races total,11,Day 4,,,,,,,,,,,,,,,Re-use Day 3 - Team Comp 1 as Day 4 - Team Comp 1,A Group,,,,,,,,,,4 Attempts - 20 Races total,11,Finals,,,,,,,,,,,,,,,A Finals,9193,Re-use Day 4 - Team Comp 1 as Finals Team Comp,,,,,,,,,,https://drive.google.com/open?id=1WQFctr7iNFBA0vkKValZHIoWUSVHV2S2,1st,,,,,,,,,,,Yes,xdd,https://drive.google.com/open?id=1Twl6dz8vg8U6GKEIExdU5q5x7oViqscd,https://drive.google.com/open?id=1CTe1N2yBR6L_WlGOltt63kVAiOOu48uP,,3,8,0,2,0,https://drive.google.com/open?id=1tFeM7TG9YeyURQX45YK-lI7bwbuAYVgp
9/25/2026 23:24:18,WingOfFire2255,Graded (No Uma Restrictions),Get into B finals,I accept these terms,Day 1,"Android - phone or tablet, Windows",$0,544,6-10 (roughly 1 per day),21-30 (roughly 3-4 per day),Reddit - /r/UmamusumeGame,5,,Special Week,Pace Chaser,Ace built for Team Trials,2,1,1,0,1,1,0,Yukino Bijin,Pace Chaser,Ace built for Team Trials,2,0,2,0,1,1,0,Nice Nature,Late Surger,Debuffer,1,,1,,3,1,,3 Attempts - 15 Races total,0,Day 2,,,,,,,,,,,,,,Add new Team Comp as Day 2 - Team Comp 1,Special Week,Pace Chaser,Ace built for Team Trials,Yukino Bijin,Pace Chaser,Ace built for Team Trials,Symboli Rudolf,Pace Chaser,Ace built for Team Trials,3 Attempts - 15 Races total,1,Day 4,,,,,,,,,,,,,,,,,,,,,,,,,,,,,,,,,,,,,,,,,,,Add a new Team Comp as Day 4 - Team Comp 1,B Group,Gold Ship (Summer),End Closer,Mid-CM Ace build in Unity Cup scenario,Yukino Bijin,Pace Chaser,Ace built for Team Trials,Symboli Rudolf,Pace Chaser,Ace built for Team Trials,3 Attempts - 15 Races total,11,Finals,,,,,,,,,,,,,,,B Finals,,Add new Team Comp as Finals Team Comp,Yukino Bijin,Pace Chaser,Ace built for Team Trials,Symboli Rudolf,Pace Chaser,Ace built for Team Trials,Gold Ship (Summer),End Closer,Mid-CM Ace build in Unity Cup scenario,https://drive.google.com/open?id=1WGj-lMKnVBNtItRjffCTBNksas9bqCgM,1st,,,,,,,,,,,Yes,"""Summertime is my favorite and Goldship has kidnapped me""",,,,2,3,1,,,https://drive.google.com/open?id=1VdBRgqheYE7Vikj4-e59297jWe1Y3kP2
9/25/2026 23:34:40,Arwenya,Graded (No Uma Restrictions),Get into A finals,I accept these terms,Finals,Android - phone or tablet,$0,,6-10 (roughly 1 per day),6-10 (roughly 1 per day),Reddit - /r/UmamusumeGame,5,,,,,,,,,,,,,,,,,,,,,,,,,,,,,,,,,,,,,,,,,,,,,,,,,,,,,,,,,,,,,,,,,,,,,,,,,,,,,,,,,,,,,,,,,,,,,,,,,,,,,,,,,,,,,,,,,,,,,,,,,,,,,,,,,,,A Finals,9481,Add new Team Comp as Finals Team Comp,Meisho Doto (Halloween),Pace Chaser,Ace built for this CM before CM start in Grand Concert scenario,Mayano Top Gun (Wedding),End Closer,Debuffer,Nice Nature,End Closer,Debuffer,https://drive.google.com/open?id=1D-ZrKLLw4pvWL5BR-Rixv1173SYoG3CU,1st,,,,,,,,,,,No,,https://drive.google.com/open?id=1WYR4Uc1oVYQsdvPCzi5NUL8XLcRHGky1,https://drive.google.com/open?id=1svlY4TLGJxmyEDzYBp93PshsbnqBf-6Z,,3,13,,,,https://drive.google.com/open?id=1VDcHcbr7RZLwhnJXiamcdJ4LnhaR-RIf
9/26/2026 0:25:52,Thunderl3ear,Graded (No Uma Restrictions),Win A finals,I accept these terms,Finals,"iOS - phone or tablet, Windows",$1001-5000,1447,31-45 (roughly 5-6 per day),21-30 (roughly 3-4 per day),Reddit - /r/UmamusumeGame,4,"Was confused about the optional blue spark question, I believe it was asking for my winning Umas blue spark and not my legacy sparks but unsure",,,,,,,,,,,,,,,,,,,,,,,,,,,,,,,,,,,,,,,,,,,,,,,,,,,,,,,,,,,,,,,,,,,,,,,,,,,,,,,,,,,,,,,,,,,,,,,,,,,,,,,,,,,,,,,,,,,,,,,,,,,,,,,,,,A Finals,6550,Add new Team Comp as Finals Team Comp,Maruzensky (Summer),Front Runner,Ace built for this CM before CM start in Grand Concert scenario,Mihono Bourbon,Front Runner,Ace built for this CM before CM start in Grand Concert scenario,Nice Nature,Late Surger,Debuffer,https://drive.google.com/open?id=1NCIBeIYGilYOtV9BJiUck-nTVVzvWP1I,1st,,,,,,,,,,,Yes,Maruzensky wanted to put on her best performance to inspire her cute kouhais and she did! ,https://drive.google.com/open?id=1ArBlk34WKZ6V_MQ3efazoP8syHzSdbxU,https://drive.google.com/open?id=1-6YjbyOwk0j1nGv7Y_WLAh6kUWePMmYE,,,1,,,,https://drive.google.com/open?id=1CZcMNQjvUZZppM55DAJqFHLmD3oICnku
9/26/2026 0:26:30,cosmicfall,Graded (No Uma Restrictions),Win A finals,I accept these terms,Finals,Android - phone or tablet,$0,1265,21-30 (roughly 3-4 per day),0-5 (less than 1 per day),Reddit - /r/UmamusumeGame,,,,,,,,,,,,,,,,,,,,,,,,,,,,,,,,,,,,,,,,,,,,,,,,,,,,,,,,,,,,,,,,,,,,,,,,,,,,,,,,,,,,,,,,,,,,,,,,,,,,,,,,,,,,,,,,,,,,,,,,,,,,,,,,,,,,A Finals,7801,Re-use Day 4 - Team Comp 1 as Finals Team Comp,,,,,,,,,,https://drive.google.com/open?id=1L5jyBdkDLS2SV9IfQkGLpiV98b0pPEIG,1st,,,,,,,,,,,Yes,"Doesn't matter what track, I will make my #1 bumpkin cinnamon roll shine ",https://drive.google.com/open?id=1JDjLs7Y2Uyz0Unrg5TPLCBOee0HVl9uY,https://drive.google.com/open?id=17r2II4JatfFyK_dIhHR8OQMcdr1iZ4mO,,,17,,,,https://drive.google.com/open?id=1MUj6cY2jeSmjB5rrkRAJnmCmBcNUVrsB
9/26/2026 0:28:34,Suzune,Graded (No Uma Restrictions),Get into A finals,I accept these terms,Finals,Android - phone or tablet,$1-100,543,,,Reddit - /r/UmamusumeGame,5,,,,,,,,,,,,,,,,,,,,,,,,,,,,,,,,,,,,,,,,,,,,,,,,,,,,,,,,,,,,,,,,,,,,,,,,,,,,,,,,,,,,,,,,,,,,,,,,,,,,,,,,,,,,,,,,,,,,,,,,,,,,,,,,,,,A Finals,5706,Re-use Day 4 - Team Comp 2 as Finals Team Comp,,,,,,,,,,https://drive.google.com/open?id=1C5EwEwmqxX_SpEJpv5-MFjkzfRTWHcO_,1st,,,,,,,,,,,Yes,"Sweepy won Queen Elizabeth 2 Cup, so it's only right she claims the winner podium this time around! No meta umas will take it from her because this is her stage!!!",https://drive.google.com/open?id=1KyGquZk00nWiTsxshevp1UE7ZMXL9qOW,https://drive.google.com/open?id=1DyxdTZqfpRxu9B-Re89Qtw5xBLovW6Dc,,,16,,,,https://drive.google.com/open?id=1XeL_Bk4VAuOCwJZeYql4uNFg-KN0OtaM
9/26/2026 0:34:56,zhi,Graded (No Uma Restrictions),Get into A finals,I accept these terms,Finals,Android - phone or tablet,$101-500,1123,0-5 (less than 1 per day),6-10 (roughly 1 per day),Reddit - /r/UmamusumeGame,5,,,,,,,,,,,,,,,,,,,,,,,,,,,,,,,,,,,,,,,,,,,,,,,,,,,,,,,,,,,,,,,,,,,,,,,,,,,,,,,,,,,,,,,,,,,,,,,,,,,,,,,,,,,,,,,,,,,,,,,,,,,,,,,,,,,A Finals,7135,Re-use Day 4 - Team Comp 1 as Finals Team Comp,,,,,,,,,,https://drive.google.com/open?id=1RUCYg8PwJfKiA8jAeDL1IJLuAwi7FRg6,1st,,,,,,,,,,,No,,https://drive.google.com/open?id=1q3-_ct-LF6Qi49okEw9Z-z635RDLAZKF,https://drive.google.com/open?id=1VcGeuNFOJydz2DKkzi646avtwnI8Jw9T,,0,9,1,3,0,https://drive.google.com/open?id=1INnUJVF08FdHBlhw9cpwtP7TEMjxBAjs
9/26/2026 0:52:07,645871554937,Graded (No Uma Restrictions),Get into A finals,I accept these terms,Finals,iOS - phone or tablet,$1-100,1482,,,Reddit - /r/UmamusumeGame,,,,,,,,,,,,,,,,,,,,,,,,,,,,,,,,,,,,,,,,,,,,,,,,,,,,,,,,,,,,,,,,,,,,,,,,,,,,,,,,,,,,,,,,,,,,,,,,,,,,,,,,,,,,,,,,,,,,,,,,,,,,,,,,,,,,B Finals,1673,Add new Team Comp as Finals Team Comp,T.M. Opera O (New Year),Pace Chaser,Mid-CM Ace build in Grand Concert scenario,Super Creek,Pace Chaser,Ace built for this CM before CM start in Grand Concert scenario,Daiwa Scarlet,Pace Chaser,Mid-CM Ace build in Grand Concert scenario,https://drive.google.com/open?id=1PUwwzxV_kfAemKQEcapVOCaoTiB1n0K7,2nd,Yes,https://drive.google.com/open?id=1BsnFXMCaIHFj1IWs6JYDMLnBIl0e7xwL,https://drive.google.com/open?id=14QRGelIVwIZ7wQ94VhOOun40eSVK8sLs,,,7,,,,https://drive.google.com/open?id=1FRhCvcYL5gxzcY31O1YmfkrHDGE-2XTT,,,,,,,,,,,
9/26/2026 0:52:59,ApplePieOfAngry,Graded (No Uma Restrictions),Win A finals,I accept these terms,Day 1,"iOS - phone or tablet, Linux",$101-500,,,,,5,,Mejiro Ardan,Pace Chaser,Ace built for this CM before CM start in Grand Concert scenario,3,,,,2,1,,Grass Wonder,Late Surger,Debuffer,,,,,,,,Agnes Tachyon,Late Surger,Debuffer,,,,,,,,4 Attempts - 20 Races total,9,Day 2,,,,,,,,,,,,,,Re-use Day 1 - Team Comp 1 as Day 2 - Team Comp 1,,,,,,,,,,4 Attempts - 20 Races total,16,Day 3,,,,,,,,,,,,,,,Re-use Day 2 - Team Comp 1 as Day 3 - Team Comp 1,A Group,,,,,,,,,,4 Attempts - 20 Races total,15,Day 4,,,,,,,,,,,,,,,Re-use Day 3 - Team Comp 1 as Day 4 - Team Comp 1,A Group,,,,,,,,,,4 Attempts - 20 Races total,13,Finals,,,,,,,,,,,,,,,A Finals,11513,Re-use Day 4 - Team Comp 1 as Finals Team Comp,,,,,,,,,,https://drive.google.com/open?id=1hShKZXPCOXM0QLUucPrmmimFVUlshU9X,1st,,,,,,,,,,,No,,,,,,,,,,
9/26/2026 1:09:09,685972394399,Open (A+ Grade and Lower Umas Only),Get into B finals,I accept these terms,Finals,Android - phone or tablet,$0,,0-5 (less than 1 per day),6-10 (roughly 1 per day),Reddit - /r/UmamusumeGame,3,,,,,,,,,,,,,,,,,,,,,,,,,,,,,,,,,,,,,,,,,,,,,,,,,,,,,,,,,,,,,,,,,,,,,,,,,,,,,,,,,,,,,,,,,,,,,,,,,,,,,,,,,,,,,,,,,,,,,,,,,,,,,,,,,,,B Finals,1750,Add new Team Comp as Finals Team Comp,Mejiro Ardan,Pace Chaser,Ace built for Team Trials,Tamamo Cross,End Closer,Mid-CM Ace build in Grand Concert scenario,Nice Nature,Late Surger,Debuffer,https://drive.google.com/open?id=1HJGZGSz13TnGWGaF2pNJIiDdqgu1yZT6,1st,,,,,,,,,,,Yes,Ardan in Cinderella gray did this to me head that force me to pull for her,,,,,,,,,
9/26/2026 1:13:00,dot_one,Graded (No Uma Restrictions),Win A finals,I accept these terms,Finals,"Android - phone or tablet, Windows",$1-100,795,6-10 (roughly 1 per day),0-5 (less than 1 per day),Reddit - /r/UmamusumeGame,5,Why not collect uma win rate?,,,,,,,,,,,,,,,,,,,,,,,,,,,,,,,,,,,,,,,,,,,,,,,,,,,,,,,,,,,,,,,,,,,,,,,,,,,,,,,,,,,,,,,,,,,,,,,,,,,,,,,,,,,,,,,,,,,,,,,,,,,,,,,,,,A Finals,6753,Add new Team Comp as Finals Team Comp,Oguri Cap,Front Runner,Ace built for this CM before CM start in Grand Concert scenario,Fine Motion,Pace Chaser,Ace built for this CM before CM start in Grand Concert scenario,Super Creek (Halloween),Pace Chaser,Debuffer,https://drive.google.com/open?id=1SPnsZjWnZKhNWleFaZOqQEPUMBM-ZsoT,1st,,,,,,,,,,,No,,https://drive.google.com/open?id=1cmf8jzFyps-4N8Y2sJk01nFaGPdKsac4,https://drive.google.com/open?id=1Blv8dinusVUb3FlxLPETezQE_IYWup0M,,0,16,0,0,0,https://drive.google.com/open?id=1Tuu3rYcfFjOroOKr37au1VIShZnHoERO
9/26/2026 1:18:53,tofu2,Graded (No Uma Restrictions),Win A finals,I accept these terms,Day 1,Android - phone or tablet,$0,1813,21-30 (roughly 3-4 per day),11-20 (roughly 2-3 per day),Discord - MooMooCord - https://discord.com/invite/moomoocows,,,Oguri Cap (Christmas),End Closer,Ace built for this CM before CM start in Grand Concert scenario,2,,,,3,1,,Tamamo Cross (Festival),Pace Chaser,Ace built for this CM before CM start in Grand Concert scenario,2,1,,,2,1,,Silence Suzuka,Runaway,Blocker/Overtake target/Throwaway/Niche role,2,,,,4,,,4 Attempts - 20 Races total,17,Day 2,,,,,,,,,,,,,,Add new Team Comp as Day 2 - Team Comp 1,Oguri Cap (Christmas),End Closer,Ace built for this CM before CM start in Grand Concert scenario,Tamamo Cross (Festival),Pace Chaser,Ace built for this CM before CM start in Grand Concert scenario,Grass Wonder,Late Surger,Debuffer,4 Attempts - 20 Races total,18,Day 3,,,,,,,,,,,,,,,Re-use Day 2 - Team Comp 1 as Day 3 - Team Comp 1,A Group,,,,,,,,,,4 Attempts - 20 Races total,13,Day 4,,,,,,,,,,,,,,,Re-use Day 3 - Team Comp 1 as Day 4 - Team Comp 1,A Group,,,,,,,,,,4 Attempts - 20 Races total,15,Finals,,,,,,,,,,,,,,,A Finals,8357,Re-use Day 4 - Team Comp 1 as Finals Team Comp,,,,,,,,,,https://drive.google.com/open?id=1wpP3G5j1ygxaCVZYJmOTHY3xoAAQkwPm,1st,,,,,,,,,,,Yes,Tamamo strongest gray horse,https://drive.google.com/open?id=1TnWmbwotBCr2-w4K_IvRG8PpLvCjJX8R,https://drive.google.com/open?id=1gD0zCgm_all6JXXmWOzIIAm0bCegEnhI,,,13,2,,,https://drive.google.com/open?id=1z4JGQyt59Jatm6oqdb00A1I2qvjK7SJH
9/26/2026 1:30:14,Nofi,Graded (No Uma Restrictions),Get into A finals,I accept these terms,Day 1,"Android - phone or tablet, Windows",$101-500,2048,11-20 (roughly 2-3 per day),21-30 (roughly 3-4 per day),YouTube - MooMooCows - https://www.youtube.com/@MooMooCows,5,,Mihono Bourbon (Valentine),Front Runner,Ace built for this CM before CM start in Grand Concert scenario,2,1,,,2,1,,Oguri Cap (Christmas),Pace Chaser,Ace built for this CM before CM start in Grand Concert scenario,3,,,,2,1,,Silence Suzuka,Runaway,Blocker/Overtake target/Throwaway/Niche role,,1,1,,4,,,4 Attempts - 20 Races total,18,Day 2,,,,,,,,,,,,,,Re-use Day 1 - Team Comp 1 as Day 2 - Team Comp 1,,,,,,,,,,4 Attempts - 20 Races total,14,Day 3,,,,,,,,,,,,,,,Re-use Day 2 - Team Comp 1 as Day 3 - Team Comp 1,A Group,,,,,,,,,,4 Attempts - 20 Races total,11,Day 4,,,,,,,,,,,,,,,Re-use Day 3 - Team Comp 1 as Day 4 - Team Comp 1,A Group,,,,,,,,,,4 Attempts - 20 Races total,11,Finals,,,,,,,,,,,,,,,A Finals,7233,Re-use Day 4 - Team Comp 1 as Finals Team Comp,,,,,,,,,,https://drive.google.com/open?id=1JfxLR7gMCeNnwGps-12PBCDO1xrXjH2T,1st,,,,,,,,,,,No,,https://drive.google.com/open?id=1zuA5weppaoau-vFoi7g7YB80QYcUxrX0,https://drive.google.com/open?id=1YoqzH8hFthcEYgi-rYsNNEA0Tiq-WKvU,,,14,2,,,https://drive.google.com/open?id=1RD5aAT2lY8MDqmX_nZ7NR-FoO7MzNCL1
9/26/2026 1:31:26,Nephion,Graded (No Uma Restrictions),Get into A finals,I accept these terms,Finals,Android - phone or tablet,$101-500,874,,,Reddit - /r/UmamusumeGame,5,,,,,,,,,,,,,,,,,,,,,,,,,,,,,,,,,,,,,,,,,,,,,,,,,,,,,,,,,,,,,,,,,,,,,,,,,,,,,,,,,,,,,,,,,,,,,,,,,,,,,,,,,,,,,,,,,,,,,,,,,,,,,,,,,,,A Finals,13559,Add new Team Comp as Finals Team Comp,Rice Shower,Pace Chaser,Ace built for this CM before CM start in Grand Concert scenario,Sweep Tosho,End Closer,Ace built for this CM before CM start in Grand Concert scenario,Oguri Cap (Christmas),End Closer,Ace built for this CM before CM start in Grand Concert scenario,https://drive.google.com/open?id=1KnSAAz0PxvrZogT8aCIk_5gFyA5Vupmb,1st,,,,,,,,,,,Yes,"Raisu, yatta yo!",https://drive.google.com/open?id=15CzyCVexOxvia1WS1DsoLap98DDm06Ad,https://drive.google.com/open?id=1p0riIga7oZe4sYQeguVFWuoW8Rpv6vF1,,2,15,,,,https://drive.google.com/open?id=1T9uhX-Ej-HBeH1mX94E6g34jYOdqdWjj
9/26/2026 2:22:18,Ger,Graded (No Uma Restrictions),Get into A finals,I accept these terms,Finals,Windows,$501-1000,1339,11-20 (roughly 2-3 per day),6-10 (roughly 1 per day),YouTube - MooMooCows - https://www.youtube.com/@MooMooCows,5,,,,,,,,,,,,,,,,,,,,,,,,,,,,,,,,,,,,,,,,,,,,,,,,,,,,,,,,,,,,,,,,,,,,,,,,,,,,,,,,,,,,,,,,,,,,,,,,,,,,,,,,,,,,,,,,,,,,,,,,,,,,,,,,,,,A Finals,7905,Add new Team Comp as Finals Team Comp,Narita Taishin,End Closer,Ace built for this CM before CM start in Grand Concert scenario,Rice Shower,Pace Chaser,Ace built for this CM before CM start in Grand Concert scenario,Fuji Kiseki,Pace Chaser,Ace built for this CM before CM start in Grand Concert scenario,https://drive.google.com/open?id=1dzxTK_z8qwl6QJ_sbcel4ApIRCHS7IqL,1st,,,,,,,,,,,Yes,Read Star Blossom,,https://drive.google.com/open?id=1VfhEuQkH84BxtnOWNe0hzCBh2XzBVi-O,https://drive.google.com/open?id=1_3NsjTcOpH8nIxXD_yz8blcJiABLEeaD,3,10,2,0,0,https://drive.google.com/open?id=1kiwzyF3pkm9c7i4wbNG5n-krvY095tSN
9/26/2026 2:23:12,Rogier Silmuna,Graded (No Uma Restrictions),Win A finals,I accept these terms,Day 1,Windows,$101-500,992,31-45 (roughly 5-6 per day),6-10 (roughly 1 per day),Discord - MooMooCord - https://discord.com/invite/moomoocows,5,,Oguri Cap (Christmas),End Closer,Ace built for this CM before CM start in Grand Concert scenario,2,1,,,2,1,,Eishin Flash (Valentine),Late Surger,Debuffer,1,1,1,,2,1,,Grass Wonder,Late Surger,Debuffer,1,1,1,,2,1,,4 Attempts - 20 Races total,16,Day 2,,,,,,,,,,,,,,Re-use Day 1 - Team Comp 1 as Day 2 - Team Comp 1,,,,,,,,,,4 Attempts - 20 Races total,17,Day 3,,,,,,,,,,,,,,,Re-use Day 2 - Team Comp 1 as Day 3 - Team Comp 1,A Group,,,,,,,,,,4 Attempts - 20 Races total,14,Day 4,,,,,,,,,,,,,,,Re-use Day 3 - Team Comp 1 as Day 4 - Team Comp 1,A Group,,,,,,,,,,4 Attempts - 20 Races total,12,Finals,,,,,,,,,,,,,,,A Finals,12897,Re-use Day 4 - Team Comp 1 as Finals Team Comp,,,,,,,,,,https://drive.google.com/open?id=1oDZajq_lNHaIAHa7xM2fG8oGCFTDFhzl,1st,,,,,,,,,,,No,,https://drive.google.com/open?id=1c-Wa8Mm-8LPxEv7obCnLOXsYt2Q8xCVE,https://drive.google.com/open?id=1hKNvE7LYgl9aTuOZ3roL6xNCtwgRvVCl,,3,6,5,,,https://drive.google.com/open?id=1JVFo3kbxjHpIREDrpp5UEYn5mCsjhJ33
9/26/2026 2:27:32,bratski,Graded (No Uma Restrictions),Win A finals,I accept these terms,Finals,,,,,,,,,,,,,,,,,,,,,,,,,,,,,,,,,,,,,,,,,,,,,,,,,,,,,,,,,,,,,,,,,,,,,,,,,,,,,,,,,,,,,,,,,,,,,,,,,,,,,,,,,,,,,,,,,,,,,,,,,,,,,,,,,,,,,,,,,,A Finals,13939,Add new Team Comp as Finals Team Comp,Tamamo Cross (Festival),Pace Chaser,Ace built for this CM before CM start in Grand Concert scenario,Sweep Tosho,End Closer,Ace built for this CM before CM start in Grand Concert scenario,Eishin Flash (Valentine),Late Surger,Debuffer,https://drive.google.com/open?id=16Kn5lRDifnYgBdmnkYVn8vxfybiSEmdo,1st,,,,,,,,,,,Yes,I knew she could do it,,,,,,,,,
9/26/2026 2:34:54,AshTreeDweller,Graded (No Uma Restrictions),Get into A finals,I accept these terms,Finals,"iOS - phone or tablet, Windows",$1001-5000,1931,31-45 (roughly 5-6 per day),11-20 (roughly 2-3 per day),Discord - MooMooCord - https://discord.com/invite/moomoocows,5,,,,,,,,,,,,,,,,,,,,,,,,,,,,,,,,,,,,,,,,,,,,,,,,,,,,,,,,,,,,,,,,,,,,,,,,,,,,,,,,,,,,,,,,,,,,,,,,,,,,,,,,,,,,,,,,,,,,,,,,,,,,,,,,,,,A Finals,14173,Add new Team Comp as Finals Team Comp,Taiki Shuttle (Camping),Pace Chaser,Ace built for this CM before CM start in Grand Concert scenario,Meisho Doto (Halloween),Pace Chaser,Ace built for this CM before CM start in Grand Concert scenario,Agnes Tachyon,End Closer,Debuffer,https://drive.google.com/open?id=1gx93hiPij9CyVNpD_sfdiREFCiT3jLjg,1st,,,,,,,,,,,Yes,"""First off, I'm givin' Trainer a huge hug! You ain't runnin' away from this one!"" - Taiki Shuttle",https://drive.google.com/open?id=1W_0MBAQ_MLbLJRz7J4nuWg1mutkWC0cg,,,,15,,,,https://drive.google.com/open?id=11-7fsfVoVTpXvsShYNE8vTtolnRTDcvO
9/26/2026 2:38:33,Coldster,Graded (No Uma Restrictions),Win A finals,I accept these terms,Day 1,Windows,$101-500,1941,21-30 (roughly 3-4 per day),6-10 (roughly 1 per day),Discord - MooMooCord - https://discord.com/invite/moomoocows,5,,Fine Motion,Pace Chaser,Ace built for this CM before CM start in Grand Concert scenario,3,0,0,0,2,1,,Oguri Cap (Christmas),End Closer,Ace built for this CM before CM start in Grand Concert scenario,3,0,0,0,2,1,,Special Week,Late Surger,Ace built for this CM before CM start in Grand Concert scenario,3,0,0,0,2,1,,4 Attempts - 20 Races total,17,Day 2,,,,,,,,,,,,,,Add new Team Comp as Day 2 - Team Comp 1,Fine Motion,Pace Chaser,Ace built for this CM before CM start in Grand Concert scenario,Eishin Flash (Valentine),Late Surger,Debuffer,Oguri Cap (Christmas),End Closer,Ace built for this CM before CM start in Grand Concert scenario,4 Attempts - 20 Races total,15,Day 3,,,,,,,,,,,,,,,Re-use Day 2 - Team Comp 1 as Day 3 - Team Comp 1,A Group,,,,,,,,,,4 Attempts - 20 Races total,11,Day 4,,,,,,,,,,,,,,,Re-use Day 3 - Team Comp 1 as Day 4 - Team Comp 1,A Group,,,,,,,,,,4 Attempts - 20 Races total,11,Finals,,,,,,,,,,,,,,,A Finals,10256,Add new Team Comp as Finals Team Comp,Grass Wonder,Late Surger,Debuffer,Eishin Flash (Valentine),Late Surger,Debuffer,Oguri Cap (Christmas),End Closer,Ace built for this CM before CM start in Grand Concert scenario,https://drive.google.com/open?id=1u6wJTYH6c3iRhgXocMjR1mkm0aaeIb9f,2nd,No (goes to Submit page),,,,,,,,,,,,,,,,,,,,
9/26/2026 2:49:45,Aero,Graded (No Uma Restrictions),Get into A finals,I accept these terms,Finals,"iOS - phone or tablet, Android - phone or tablet",$0,179,6-10 (roughly 1 per day),21-30 (roughly 3-4 per day),Reddit - /r/UmamusumeGame,4,,,,,,,,,,,,,,,,,,,,,,,,,,,,,,,,,,,,,,,,,,,,,,,,,,,,,,,,,,,,,,,,,,,,,,,,,,,,,,,,,,,,,,,,,,,,,,,,,,,,,,,,,,,,,,,,,,,,,,,,,,,,,,,,,,,A Finals,11887,Re-use Day 4 - Team Comp 1 as Finals Team Comp,,,,,,,,,,https://drive.google.com/open?id=1cTZqlvswy3-5A5FQn3EnkuuTU7aeEt0E,3rd,Yes,https://drive.google.com/open?id=1OcbpJjnVUwns0WhePKEKYKX8kVMnMdDq,https://drive.google.com/open?id=1vDpZ_e7bQDVU4gjn4dzpB9J-Bf7FmAM_,,,13,3,,,https://drive.google.com/open?id=1u_2XOLeF5gDHktOgsuGqo6M_PlYsxQdD,,,,,,,,,,,
9/26/2026 3:04:08,Gallesa,Graded (No Uma Restrictions),Win A finals,I accept these terms,Finals,Windows,$101-500,1095,6-10 (roughly 1 per day),11-20 (roughly 2-3 per day),Reddit - /r/UmamusumeGame,5,,,,,,,,,,,,,,,,,,,,,,,,,,,,,,,,,,,,,,,,,,,,,,,,,,,,,,,,,,,,,,,,,,,,,,,,,,,,,,,,,,,,,,,,,,,,,,,,,,,,,,,,,,,,,,,,,,,,,,,,,,,,,,,,,,,A Finals,11650,Add new Team Comp as Finals Team Comp,Admire Vega,End Closer,Ace built for this CM before CM start in Grand Concert scenario,Mejiro Dober,Late Surger,Ace built for this CM before CM start in Grand Concert scenario,Oguri Cap (Christmas),End Closer,Mid-CM Ace build in Grand Concert scenario,https://drive.google.com/open?id=16UBiO2_ve9UybhBBSt8sO_RD0lcQrhMv,1st,,,,,,,,,,,Yes,Ayabe the goat,https://drive.google.com/open?id=14tUdFdqqFo0wy91On11L5X2jHJcHVKjB,https://drive.google.com/open?id=15zP3CIp26CCXLQpijWdOtyMD97tRWQcq,,2,14,,,,https://drive.google.com/open?id=1txuQliMPFYfbjOKU8V4eG169rS5kPHdR
9/26/2026 3:47:02,Shergie,Graded (No Uma Restrictions),Win A finals,I accept these terms,Finals,"Android - phone or tablet, Windows",$101-500,,11-20 (roughly 2-3 per day),6-10 (roughly 1 per day),Reddit - /r/UmamusumeGame,,,,,,,,,,,,,,,,,,,,,,,,,,,,,,,,,,,,,,,,,,,,,,,,,,,,,,,,,,,,,,,,,,,,,,,,,,,,,,,,,,,,,,,,,,,,,,,,,,,,,,,,,,,,,,,,,,,,,,,,,,,,,,,,,,,,A Finals,8788,Add new Team Comp as Finals Team Comp,Maruzensky (Summer),Front Runner,Mid-CM Ace build in Grand Concert scenario,Mihono Bourbon,Front Runner,Mid-CM Ace build in Grand Concert scenario,Grass Wonder,Late Surger,Debuffer,https://drive.google.com/open?id=1Z6wO7K5h6z4bqzpSjx_-oQV927spxZgn,1st,,,,,,,,,,,Yes,"Gas, Gas, Gas",https://drive.google.com/open?id=1Pbk-Xj8QzdtEbRwdsEUArquZlkRNKZW1,https://drive.google.com/open?id=10n-vD-MQ2PU_6WRR-7dUlXLsBQEc5yAF,,0,7,5,0,0,https://drive.google.com/open?id=1eyoAT_8c2gwB6XNiWpPqULW7HLOCEmDe
9/26/2026 3:47:40,HolyPotato01,Graded (No Uma Restrictions),Get into B finals,I accept these terms,Finals,,$0,,,,,,,,,,,,,,,,,,,,,,,,,,,,,,,,,,,,,,,,,,,,,,,,,,,,,,,,,,,,,,,,,,,,,,,,,,,,,,,,,,,,,,,,,,,,,,,,,,,,,,,,,,,,,,,,,,,,,,,,,,,,,,,,,,,,,,,,B Finals,,Re-use Day 4 - Team Comp 1 as Finals Team Comp,,,,,,,,,,https://drive.google.com/open?id=1WIeKDRkVgL5bMU4f5IOrFrGRowd7ZTis,1st,,,,,,,,,,,No,,,,,,,,,,
9/26/2026 4:33:58,cheetor2720,Graded (No Uma Restrictions),Win A finals,I accept these terms,Day 1,"iOS - phone or tablet, Windows",$101-500,2140,46+ (more than 6 per day),0-5 (less than 1 per day),"Discord - MooMooCord - https://discord.com/invite/moomoocows, Reddit - /r/UmamusumeGame, Twitch - MooMooCows - https://www.twitch.tv/moomoomoocows",5,"Everything good except the reusing team comps section can get confusing (i.e., ""Day 1 Team Comp 1 vs Day 1 Team Comp 2"" when I only had one comp entered)",Copano Rickey,Pace Chaser,Ace built for this CM before CM start in Grand Concert scenario,3,,,,2,1,,Mayano Top Gun (Wedding),Late Surger,Debuffer,,1,1,,3,1,,Nice Nature,Late Surger,Debuffer,,1,1,,3,1,,4 Attempts - 20 Races total,14,Day 2,,,,,,,,,,,,,,Re-use Day 1 - Team Comp 1 as Day 2 - Team Comp 1,,,,,,,,,,4 Attempts - 20 Races total,10,Day 3,,,,,,,,,,,,,,,Add new Team Comp as Day 3 - Team Comp 1,A Group,Copano Rickey,Pace Chaser,Mid-CM Ace build in Grand Concert scenario,Agnes Tachyon,Front Runner,Debuffer,Grass Wonder,Front Runner,Debuffer,4 Attempts - 20 Races total,17,Day 4,,,,,,,,,,,,,,,Re-use Day 3 - Team Comp 1 as Day 4 - Team Comp 1,A Group,,,,,,,,,,4 Attempts - 20 Races total,14,Finals,,,,,,,,,,,,,,,A Finals,10638,Re-use Day 4 - Team Comp 1 as Finals Team Comp,,,,,,,,,,https://drive.google.com/open?id=1qoMQ85_betycCyCBl-LE__3k5hGdHcWh,1st,,,,,,,,,,,Yes,Feng shui isn't a superstition,https://drive.google.com/open?id=1hZKfoFvR-kKnQ3P_tNKXMm9GvFp-tscF,https://drive.google.com/open?id=1dsxQbebAE31ui6aOCpl4ayPtqjYmVe8s,,,15,,,,https://drive.google.com/open?id=1TFqbUH6aAO2qE2-jEx_yX-nv7c83wTza
9/26/2026 4:38:13,Ayzu,Graded (No Uma Restrictions),Get into A finals,I accept these terms,Day 1,"Android - phone or tablet, Windows",$501-1000,946,11-20 (roughly 2-3 per day),0-5 (less than 1 per day),"Discord - MooMooCord - https://discord.com/invite/moomoocows, Twitch - MooMooCows - https://www.twitch.tv/moomoomoocows, YouTube - MooMooCows - https://www.youtube.com/@MooMooCows",5,,Oguri Cap (Christmas),Pace Chaser,Ace built for older CM,2,1,0,0,2,1,0,Nice Nature (Cheerleader),Late Surger,Debuffer,1,1,0,0,3,1,0,Grass Wonder,Late Surger,Debuffer,2,0,1,0,3,0,0,1 Attempt - 5 Races total,3,Day 2,,,,,,,,,,,,,,Re-use Day 1 - Team Comp 1 as Day 2 - Team Comp 1,,,,,,,,,,4 Attempts - 20 Races total,13,Day 3,,,,,,,,,,,,,,,Re-use Day 2 - Team Comp 1 as Day 3 - Team Comp 1,A Group,,,,,,,,,,4 Attempts - 20 Races total,3,Day 4,,,,,,,,,,,,,,,Add a new Team Comp as Day 4 - Team Comp 1,A Group,Oguri Cap (Christmas),Pace Chaser,Mid-CM Ace build in Grand Concert scenario,Nice Nature (Cheerleader),Late Surger,Debuffer,Grass Wonder,Late Surger,Debuffer,4 Attempts - 20 Races total,11,Finals,,,,,,,,,,,,,,,A Finals,7060,Re-use Day 4 - Team Comp 1 as Finals Team Comp,,,,,,,,,,https://drive.google.com/open?id=1M_7XglZGOZjMp0hT0FBywan1Z5YDXOmr,1st,,,,,,,,,,,No,,https://drive.google.com/open?id=1AiJD8gATDfZBkEQZtiiZ1W4oAwzCphx3,https://drive.google.com/open?id=1OmqyduTl0vQME0IrJffw7S10zxE5j7dP,,3,12,2,,,https://drive.google.com/open?id=1Aw0dekrBYtgAKcJUXP2pDgtSiuuk9rOA
9/26/2026 5:06:46,digitize,Graded (No Uma Restrictions),Win A finals,I accept these terms,Finals,Windows,$0,1728,31-45 (roughly 5-6 per day),6-10 (roughly 1 per day),Reddit - /r/UmamusumeGame,,,,,,,,,,,,,,,,,,,,,,,,,,,,,,,,,,,,,,,,,,,,,,,,,,,,,,,,,,,,,,,,,,,,,,,,,,,,,,,,,,,,,,,,,,,,,,,,,,,,,,,,,,,,,,,,,,,,,,,,,,,,,,,,,,,,A Finals,6197,Add new Team Comp as Finals Team Comp,Sweep Tosho,End Closer,Ace built for this CM before CM start in Grand Concert scenario,Gold Ship,End Closer,Mid-CM Ace build in Grand Concert scenario,Admire Vega,End Closer,Mid-CM Ace build in Grand Concert scenario,https://drive.google.com/open?id=1tp1QSC97x9j-hSO-MYww0OAbBAbumDJD,1st,,,,,,,,,,,Yes,triple ace 4ever,https://drive.google.com/open?id=1f3uSlHVXqPBUND5PL0L1gOS89zFMlI6j,https://drive.google.com/open?id=1i2avBoyxAOn5h-C3yep2dZLWmChdhpkb,,2,11,,,,https://drive.google.com/open?id=189LS1IUD6rPj2PLd5UZbYfFB71HDnZ0s
9/26/2026 16:33:50,Cherricott,Graded (No Uma Restrictions),Win A finals,I accept these terms,Finals,Android - phone or tablet,$1-100,,11-20 (roughly 2-3 per day),11-20 (roughly 2-3 per day),,3,,,,,,,,,,,,,,,,,,,,,,,,,,,,,,,,,,,,,,,,,,,,,,,,,,,,,,,,,,,,,,,,,,,,,,,,,,,,,,,,,,,,,,,,,,,,,,,,,,,,,,,,,,,,,,,,,,,,,,,,,,,,,,,,,,,A Finals,8063,Re-use Day 4 - Team Comp 1 as Finals Team Comp,,,,,,,,,,https://drive.google.com/open?id=1Y_bz5QBr9Yxdy3d2MlnaJ9ySBdpVPWJD,1st,,,,,,,,,,,Yes,MY ENGINEER  ,https://drive.google.com/open?id=1OVyoVBXhnIYA7r_xCZmv1q79f9xCmzq_,https://drive.google.com/open?id=1QlKq8ef6YcnthW5vwpfhu9ZRJ_glsCCr,,2,15,,,,https://drive.google.com/open?id=1GItiH42CsKsrsOabPtyYmhHyRm_wNVUA
