Timestamp,Unique display name,League Selection,What is your goal this CM?,Consent,Select day,OPTIONAL - Operating system(s) most frequently used to play Umamusume: Pretty Derby?,OPTIONAL - Roughly how much have you spent on the game so far? (EUR/USD),OPTIONAL - Careers Completed on the Account,OPTIONAL - Weekly Career Count,OPTIONAL - How did you find out about this survey?,"OPTIONAL - Star rating for filling this form (1=lowest, 5=highest)",OPTIONAL - Suggestions how to improve this form for future Champions Meeting data collection,Day 1 - Team Comp 1 - Uma 1 - Name,Day 1 - Team Comp 1 - Uma 1 - Running Style,Day 1 - Team Comp 1 - Uma 1 - Role,OPTIONAL - Day 1 - Team Comp 1 - Uma 1 - Cards Used to Build [Speed],OPTIONAL - Day 1 - Team Comp 1 - Uma 1 - Cards Used to Build [Stamina],OPTIONAL - Day 1 - Team Comp 1 - Uma 1 - Cards Used to Build [Power],OPTIONAL - Day 1 - Team Comp 1 - Uma 1 - Cards Used to Build [Guts],OPTIONAL - Day 1 - Team Comp 1 - Uma 1 - Cards Used to Build [Wit],OPTIONAL - Day 1 - Team Comp 1 - Uma 1 - Cards Used to Build [Pal],OPTIONAL - Day 1 - Team Comp 1 - Uma 1 - Cards Used to Build [Group],Day 1 - Team Comp 1 - Uma 2 - Name,Day 1 - Team Comp 1 - Uma 2 - Running Style,Day 1 - Team Comp 1 - Uma 2 - Role,OPTIONAL - Day 1 - Team Comp 1 - Uma 2 - Cards Used to Build [Speed],OPTIONAL - Day 1 - Team Comp 1 - Uma 2 - Cards Used to Build [Stamina],OPTIONAL - Day 1 - Team Comp 1 - Uma 2 - Cards Used to Build [Power],OPTIONAL - Day 1 - Team Comp 1 - Uma 2 - Cards Used to Build [Guts],OPTIONAL - Day 1 - Team Comp 1 - Uma 2 - Cards Used to Build [Wit],OPTIONAL - Day 1 - Team Comp 1 - Uma 2 - Cards Used to Build [Pal],OPTIONAL - Day 1 - Team Comp 1 - Uma 2 - Cards Used to Build [Group],Day 1 - Team Comp 1 - Uma 3 - Name,Day 1 - Team Comp 1 - Uma 3 - Running Style,Day 1 - Team Comp 1 - Uma 3 - Role,OPTIONAL - Day 1 - Team Comp 1 - Uma 3 - Cards Used to Build [Speed],OPTIONAL - Day 1 - Team Comp 1 - Uma 3 - Cards Used to Build [Stamina],OPTIONAL - Day 1 - Team Comp 1 - Uma 3 - Cards Used to Build [Power],OPTIONAL - Day 1 - Team Comp 1 - Uma 3 - Cards Used to Build [Guts],OPTIONAL - Day 1 - Team Comp 1 - Uma 3 - Cards Used to Build [Wit],OPTIONAL - Day 1 - Team Comp 1 - Uma 3 - Cards Used to Build [Pal],OPTIONAL - Day 1 - Team Comp 1 - Uma 3 - Cards Used to Build [Group],Day 1 - Team Comp 1 - Number of attempts/races,Day 1 - Team Comp 1 - Number of wins,"Go to Submit page, add 2nd Day 1 team, or fill in another day?",Day 1 - Team Comp 2 - Uma 1 - Name,Day 1 - Team Comp 2 - Uma 1 - Running Style,Day 1 - Team Comp 2 - Uma 1 - Role,Day 1 - Team Comp 2 - Uma 2 - Name,Day 1 - Team Comp 2 - Uma 2 - Running Style,Day 1 - Team Comp 2 - Uma 2 - Role,Day 1 - Team Comp 2 - Uma 3 - Name,Day 1 - Team Comp 2 - Uma 3 - Running Style,Day 1 - Team Comp 2 - Uma 3 - Role,Day 1 - Team Comp 2 - Number of attempts/races,Day 1 - Team Comp 2 - Number of wins,Day 1 - How many team comps total?,Go to Submit page or fill in another day?,Re-use a Team Comp from Day 1 as your Day 2 - Team Comp 1?,Day 2 - Team Comp 1 - Uma 1 - Name,Day 2 - Team Comp 1 - Uma 1 - Running Style,Day 2 - Team Comp 1 - Uma 1 - Role,Day 2 - Team Comp 1 - Uma 2 - Name,Day 2 - Team Comp 1 - Uma 2 - Running Style,Day 2 - Team Comp 1 - Uma 2 - Role,Day 2 - Team Comp 1 - Uma 3 - Name,Day 2 - Team Comp 1 - Uma 3 - Running Style,Day 2 - Team Comp 1 - Uma 3 - Role,Day 2 - Team Comp 1 - Number of attempts/races played,Day 2 - Team Comp 1 - Number of wins,"Go to Submit page, add 2nd Day 2 team, or fill in another day?",Re-use a Team Comp from Day 1 as your Day 2 - Team Comp 2?,Day 2 - Team Comp 2 - Uma 1 - Name,Day 2 - Team Comp 2 - Uma 1 - Running Style,Day 2 - Team Comp 2 - Uma 1 - Role,Day 2 - Team Comp 2 - Uma 2 - Name,Day 2 - Team Comp 2 - Uma 2 - Running Style,Day 2 - Team Comp 2 - Uma 2 - Role,Day 2 - Team Comp 2 - Uma 3 - Name,Day 2 - Team Comp 2 - Uma 3 - Running Style,Day 2 - Team Comp 2 - Uma 3 - Role,Day 2 - Team Comp 2 - Number of attempts/races,Day 2 - Team Comp 2 - Number of wins,Day 2 - How many team comps total?,Go to Submit page or fill in another day?,Re-use a Team Comp from Day 2 as your Day 3 - Team Comp 1?,A Group or B Group?,Day 3 - Team Comp 1 - Uma 1 - Name,Day 3 - Team Comp 1 - Uma 1 - Running Style,Day 3 - Team Comp 1 - Uma 1 - Role,Day 3 - Team Comp 1 - Uma 2 - Name,Day 3 - Team Comp 1 - Uma 2 - Running Style,Day 3 - Team Comp 1 - Uma 2 - Role,Day 3 - Team Comp 1 - Uma 3 - Name,Day 3 - Team Comp 1 - Uma 3 - Running Style,Day 3 - Team Comp 1 - Uma 3 - Role,Day 3 - Team Comp 1 - Number of attempts/races played,Day 3 - Team Comp 1 - Number of wins,"Go to Submit page, add 2nd Day 3 team, or fill in another day?",Re-use your Day 2 - Team Comp 2 as your Day 3 - Team Comp 2?,Day 3 - Team Comp 2 - Uma 1 - Name,Day 3 - Team Comp 2 - Uma 1 - Running Style,Day 3 - Team Comp 2 - Uma 1 - Role,Day 3 - Team Comp 2 - Uma 2 - Name,Day 3 - Team Comp 2 - Uma 2 - Running Style,Day 3 - Team Comp 2 - Uma 2 - Role,Day 3 - Team Comp 2 - Uma 3 - Name,Day 3 - Team Comp 2 - Uma 3 - Running Style,Day 3 - Team Comp 2 - Uma 3 - Role,Day 3 - Team Comp 2 - No. of attempts/races played,Day 3 - Team Comp 2 - Number of wins,Day 3 - How many team comps total?,Go to Submit page or fill in another day?,Re-use a Team Comp from Day 3 as your Day 4 - Team Comp 1?,A Group or B Group?,Day 4 - Team Comp 1 - Uma 1 - Name,Day 4 - Team Comp 1 - Uma 1 - Running Style,Day 4 - Team Comp 1 - Uma 1 - Role,Day 4 - Team Comp 1 - Uma 2 - Name,Day 4 - Team Comp 1 - Uma 2 - Running Style,Day 4 - Team Comp 1 - Uma 2 - Role,Day 4 - Team Comp 1 - Uma 3 - Name,Day 4 - Team Comp 1 - Uma 3 - Running Style,Day 4 - Team Comp 1 - Uma 3 - Role,Day 4 - Team Comp 1 - Number of attempts/races played,Day 4 - Team Comp 1 - Number of wins,"Go to Submit page, add 2nd Day 4 team, or fill in another day?",Re-use your Day 3 - Team Comp 2 as your Day 4 - Team Comp 2?,Day 4 - Team Comp 2 - Uma 1 - Name,Day 4 - Team Comp 2 - Uma 1 - Running Style,Day 4 - Team Comp 2 - Uma 1 - Role,Day 4 - Team Comp 2 - Uma 2 - Name,Day 4 - Team Comp 2 - Uma 2 - Running Style,Day 4 - Team Comp 2 - Uma 2 - Role,Day 4 - Team Comp 2 - Uma 3 - Name,Day 4 - Team Comp 2 - Uma 3 - Running Style,Day 4 - Team Comp 2 - Uma 3 - Role,Day 4 - Team Comp 2 - No. of attempts/races played,Day 4 - Team Comp 2 - Number of wins,Day 4 - How many team comps total?,Go to Submit page or fill in another day?,A or B Finals?,OPTIONAL - Lobby Denominator,Re-use a Team Comp from Day 4 as your Finals Team Comp?,Finals - Team Comp - Uma 1 - Name,Finals - Team Comp - Uma 1 - Running Style,Finals - Team Comp - Uma 1 - Role,Finals - Team Comp - Uma 2 - Name,Finals - Team Comp - Uma 2 - Running Style,Finals - Team Comp - Uma 2 - Role,Finals - Team Comp - Uma 3 - Name,Finals - Team Comp - Uma 3 - Running Style,Finals - Team Comp - Uma 3 - Role,Finals - Results List - Upload Screenshot,Finals result?,Would like to submit opponent winner uma screenshots?,Optional - Finals - Opponent Winner - Screenshot - Stat Screen (First Image),Optional - Finals - Opponent Winner - Screenshot - Stat Screen (Second Image),Optional - Finals - Opponent Winner - Screenshot - Stat Screen (Third Image),Optional - Finals - Opponent Winner - Blue Sparks Total [Speed],Optional - Finals - Opponent Winner - Blue Sparks Total [Stamina],Optional - Finals - Opponent Winner - Blue Sparks Total [Power],Optional - Finals - Opponent Winner - Blue Sparks Total [Guts],Optional - Finals - Opponent Winner - Blue Sparks Total [Wit],Optional - Finals - Opponent Winner - Screenshot - Deck,Optional - Finals - Own Winner - Oshi Award Quote (in case you end up winning one),Optional - Finals - Own Winner - Screenshot - Stat Screen (First Image),Optional - Finals - Own Winner - Screenshot - Stat Screen (Second Image),Optional - Finals - Own Winner - Screenshot - Stat Screen (Third Image),Optional - Finals - Own Winner - Blue Sparks Total [Speed],Optional - Finals - Own Winner - Blue Sparks Total [Stamina],Optional - Finals - Own Winner - Blue Sparks Total [Power],Optional - Finals - Own Winner - Blue Sparks Total [Guts],Optional - Finals - Own Winner - Blue Sparks Total [Wit],Optional - Finals - Own Winner - Screenshot - Deck
8/14/2026 6:08:27,Clister,Graded (No Uma Restrictions),Get into B finals,I accept these terms,Finals,iOS - phone or tablet,$101-500,900,21-30 (roughly 3-4 per day),Discord - MooMooCord - https://discord.gg/Hc7cP9GB,5,,Oguri Cap (Christmas),Pace Chaser,Ace built for this CM before CM start in Grand Concert scenario,3,1,0,0,1,1,0,Nice Nature,Late Surger,Debuffer,,,,,,,,Mayano Top Gun (Wedding),Late Surger,Debuffer,,,,,,,,4 Attempts - 20 Races total,12,Go to Submit page,,,,,,,,,,,,,,Re-use Day 1 - Team Comp 1 as Day 2 - Team Comp 1,,,,,,,,,,4 Attempts - 20 Races total,14,Go to Submit page,,,,,,,,,,,,,,,Re-use Day 2 - Team Comp 1 as Day 3 - Team Comp 1,A Group,,,,,,,,,,4 Attempts - 20 Races total,8,Go to Submit page,,,,,,,,,,,,,,,Re-use Day 3 - Team Comp 1 as Day 4 - Team Comp 1,A Group,,,,,,,,,,4 Attempts - 20 Races total,8,Go to Submit page,,,,,,,,,,,,,,,A Finals,11407,Re-use Day 4 - Team Comp 1 as Finals Team Comp,,,,,,,,,,https://drive.google.com/open?id=1rRZK0lQ5GhjVKy5rRulrPnOgbb4QROMj,3rd,Yes,https://drive.google.com/open?id=1ngftX0_b7FQZAdRShaBD0TGQ9amR8xgf,https://drive.google.com/open?id=1ZhdeTza5i_QTnRZpQHwvMAkQ2dJ3eC62,,,,,,,https://drive.google.com/open?id=11-CafZBQzSmk2vVd6zDoZMI8HyQh7cRz,,,,,,,,,,
8/14/2026 10:23:00,RavenCorp,Graded (No Uma Restrictions),Get into A finals,I accept these terms,Finals,Windows,$1-100,964,11-20 (roughly 2-3 per day),Discord - MooMooCord - https://discord.gg/Hc7cP9GB,5,,Mayano Top Gun,Late Surger,Ace built for this CM before CM start in Grand Concert scenario,2,1,,,2,1,,Nice Nature,Late Surger,Debuffer,,,1,1,4,,,Super Creek (Halloween),Pace Chaser,Debuffer,1,,,,4,1,,4 Attempts - 20 Races total,7,Go to Submit page,,,,,,,,,,,,,,Re-use Day 1 - Team Comp 1 as Day 2 - Team Comp 1,,,,,,,,,,4 Attempts - 20 Races total,11,Go to Submit page,,,,,,,,,,,,,,,Re-use Day 2 - Team Comp 1 as Day 3 - Team Comp 1,A Group,,,,,,,,,,4 Attempts - 20 Races total,6,Go to Submit page,,,,,,,,,,,,,,,Re-use Day 3 - Team Comp 1 as Day 4 - Team Comp 1,A Group,,,,,,,,,,4 Attempts - 20 Races total,8,Go to Submit page,,,,,,,,,,,,,,,A Finals,8077,Re-use Day 4 - Team Comp 1 as Finals Team Comp,,,,,,,,,,https://drive.google.com/open?id=1CCUigeCmwNjUV5XLK7KshjQGaVvioRkK,3rd,Yes,https://drive.google.com/open?id=10sb9-ZYvPQPcYwKGXkEnY1aq4r4oEkpi,https://drive.google.com/open?id=1ycHclECbnCZT90jzNLNXlAtOeAcc73xS,,2,2,12,,,https://drive.google.com/open?id=1BgqmMcXV66Lvc0OgPicZj3q1aTv02i1s,,,,,,,,,,
8/14/2026 12:57:22,Lasercar,Graded (No Uma Restrictions),Get into A finals,I accept these terms,Finals,Windows,$1-100,1475,46+ (more than 6 per day),Discord - MooMooCord - https://discord.gg/Hc7cP9GB,5,RICKEY ROLL IS REAL,Copano Rickey,Front Runner,Ace built for this CM before CM start in Grand Concert scenario,2,1,,,2,1,,Symboli Rudolf,Front Runner,Debuffer,1,,,,3,2,,Grass Wonder,Late Surger,Debuffer,1,,,,3,2,,4 Attempts - 20 Races total,16,Go to Submit page,,,,,,,,,,,,,,Re-use Day 1 - Team Comp 1 as Day 2 - Team Comp 1,,,,,,,,,,4 Attempts - 20 Races total,16,Go to Submit page,,,,,,,,,,,,,,,Re-use Day 2 - Team Comp 1 as Day 3 - Team Comp 1,A Group,,,,,,,,,,4 Attempts - 20 Races total,20,Go to Submit page,,,,,,,,,,,,,,,Re-use Day 3 - Team Comp 1 as Day 4 - Team Comp 1,A Group,,,,,,,,,,4 Attempts - 20 Races total,14,Go to Submit page,,,,,,,,,,,,,,,A Finals,9075,Re-use Day 4 - Team Comp 1 as Finals Team Comp,,,,,,,,,,https://drive.google.com/open?id=156iMT1Po4HIqdUJzPplD-sq13ZUH1vsb,1st,,,,,,,,,,,,https://drive.google.com/open?id=19SrQRl8am-tFWAYAWwaZutBpC8hqe-AD,https://drive.google.com/open?id=1kocpXlMvGREzfV0VT0eW1X2gICqz1GCO,,3,12,,,,https://drive.google.com/open?id=1r-FM_8cqUwdPYu4Msci21nns3_6bUf2b
8/14/2026 5:12:21,Mattipus,Graded (No Uma Restrictions),Get into A finals,I accept these terms,Finals,Android - phone or tablet,$1001-5000,2067,31-45 (roughly 5-6 per day),"Discord - MooMooCord - https://discord.gg/Hc7cP9GB, Twitch - MooMooCows - https://www.twitch.tv/moomoomoocows, YouTube - MooMooCows - https://www.youtube.com/@MooMooCows",4,,Inari One,End Closer,Ace built for this CM before CM start in Grand Concert scenario,2,1,,,2,1,,Oguri Cap (Christmas),Pace Chaser,Ace built for this CM before CM start in Grand Concert scenario,2,1,,,2,1,,Yukino Bijin,Pace Chaser,Ace built for this CM before CM start in Grand Concert scenario,2,1,,,2,1,,4 Attempts - 20 Races total,18,Go to Submit page,,,,,,,,,,,,,,Re-use Day 1 - Team Comp 1 as Day 2 - Team Comp 1,,,,,,,,,,4 Attempts - 20 Races total,15,Go to Submit page,,,,,,,,,,,,,,,Re-use Day 2 - Team Comp 1 as Day 3 - Team Comp 1,A Group,,,,,,,,,,4 Attempts - 20 Races total,15,Go to Submit page,,,,,,,,,,,,,,,Re-use Day 3 - Team Comp 1 as Day 4 - Team Comp 1,A Group,,,,,,,,,,4 Attempts - 20 Races total,18,Go to Submit page,,,,,,,,,,,,,,,A Finals,9927,Re-use Day 4 - Team Comp 1 as Finals Team Comp,,,,,,,,,,https://drive.google.com/open?id=1wx3ZBfYvwuI2N3sqFV-N5wCk6lclsIC5,1st,,,,,,,,,,,,,,,3,5,8,,,
8/14/2026 6:36:08,PeachBleach,Graded (No Uma Restrictions),"Win A finals with ""oshi"" uma",I accept these terms,Finals,"iOS - phone or tablet, Windows",$1-100,1217,21-30 (roughly 3-4 per day),Discord - MooMooCord - https://discord.gg/Hc7cP9GB,,,Silence Suzuka,Runaway,Ace built for this CM before CM start in Grand Concert scenario,2,1,0,0,2,1,,Grass Wonder,End Closer,Debuffer,1,1,0,0,3,1,0,Agnes Tachyon,End Closer,Debuffer,1,1,0,0,3,1,,4 Attempts - 20 Races total,9,Go to Submit page,,,,,,,,,,,,,,Re-use Day 1 - Team Comp 1 as Day 2 - Team Comp 1,,,,,,,,,,4 Attempts - 20 Races total,9,Go to Submit page,,,,,,,,,,,,,,,Re-use Day 2 - Team Comp 1 as Day 3 - Team Comp 1,A Group,,,,,,,,,,4 Attempts - 20 Races total,5,Go to Submit page,,,,,,,,,,,,,,,Re-use Day 3 - Team Comp 1 as Day 4 - Team Comp 1,A Group,,,,,,,,,,4 Attempts - 20 Races total,3,Go to Submit page,,,,,,,,,,,,,,,A Finals,8478,Re-use Day 4 - Team Comp 1 as Finals Team Comp,,,,,,,,,,https://drive.google.com/open?id=11GJ-AjMDZueQbhZ207_AEprQ-0qJP3Fg,2nd,Yes,https://drive.google.com/open?id=14n7zhjIUdqjJdVPt9gt47lt8HChlbZ2o,https://drive.google.com/open?id=1L3BqTQB3J3f9OdWYigbJhmkEEPCuPN5b,,0,4,4,0,4,https://drive.google.com/open?id=1e_MWniNVgNwwZqIeRMqFE0_kMDiEIUAA,,,,,,,,,,
8/14/2026 7:52:52,veee,Graded (No Uma Restrictions),Get into A finals,I accept these terms,Finals,Windows,$101-500,1030,46+ (more than 6 per day),Discord - MooMooCord - https://discord.gg/Hc7cP9GB,5,Weekly career count is kind of weird now with independent training,Yukino Bijin,Pace Chaser,Ace built for this CM before CM start in Grand Concert scenario,3,1,0,0,1,1,0,Taiki Shuttle (Camping),Pace Chaser,Ace built for this CM before CM start in Grand Concert scenario,3,1,0,0,1,1,0,Agnes Tachyon,End Closer,Debuffer,1,0,0,2,3,0,0,4 Attempts - 20 Races total,12,Go to Submit page,,,,,,,,,,,,,,Re-use Day 1 - Team Comp 1 as Day 2 - Team Comp 1,,,,,,,,,,4 Attempts - 20 Races total,17,Day 3,,,,,,,,,,,,,,,Re-use Day 2 - Team Comp 1 as Day 3 - Team Comp 1,A Group,,,,,,,,,,4 Attempts - 20 Races total,13,Day 4,,,,,,,,,,,,,,,Re-use Day 3 - Team Comp 1 as Day 4 - Team Comp 1,A Group,,,,,,,,,,4 Attempts - 20 Races total,15,Go to Submit page,,,,,,,,,,,,,,,A Finals,10156,Re-use Day 4 - Team Comp 1 as Finals Team Comp,,,,,,,,,,https://drive.google.com/open?id=1_d1LaW48rVBph47klqS9pbVlj5Gnzzns,1st,,,,,,,,,,,nice try xmas fatty but I have 900 guts :cowpreg:,https://drive.google.com/open?id=12Z9IIXFX3ideenW-HzZSeUJ8nazUSkBi,https://drive.google.com/open?id=1ayWWyeMA_fAimP-4jqiaRz8HUXpmo1Xb,,5,5,0,3,0,https://drive.google.com/open?id=1-Pvl61px-IQPkx7OMvAmg-yHRUjkaA7B
8/14/2026 5:17:52,JoSE_205,Graded (No Uma Restrictions),Collect participation rewards,I accept these terms,Finals,"Android - phone or tablet, Windows",$101-500,1423,31-45 (roughly 5-6 per day),Discord - MooMooCord - https://discord.gg/Hc7cP9GB,5,,Gold City,Late Surger,Ace built for this CM before CM start in Grand Concert scenario,2,1,0,0,2,1,0,Oguri Cap,Late Surger,Ace built for this CM before CM start in Grand Concert scenario,2,1,0,0,2,1,0,Maruzensky (Summer),Front Runner,Blocker/Overtake target/Throwaway/Niche role,2,1,0,0,2,1,0,4 Attempts - 20 Races total,14,Go to Submit page,,,,,,,,,,,,,,Re-use Day 1 - Team Comp 1 as Day 2 - Team Comp 1,,,,,,,,,,4 Attempts - 20 Races total,13,Go to Submit page,,,,,,,,,,,,,,,Re-use Day 2 - Team Comp 1 as Day 3 - Team Comp 1,A Group,,,,,,,,,,4 Attempts - 20 Races total,9,Go to Submit page,,,,,,,,,,,,,,,Re-use Day 3 - Team Comp 1 as Day 4 - Team Comp 1,A Group,,,,,,,,,,4 Attempts - 20 Races total,11,Go to Submit page,,,,,,,,,,,,,,,A Finals,11783,Re-use Day 4 - Team Comp 1 as Finals Team Comp,,,,,,,,,,https://drive.google.com/open?id=1Io0qJMv1N6vXmMu6Y5qgKiYnIC-3t0ow,2nd,No (goes to Submit page),,,,,,,,,,,,,,,,,,,
8/14/2026 5:09:15,Clarobollo,Graded (No Uma Restrictions),"Win A finals with ""oshi"" uma",I accept these terms,Finals,"Android - phone or tablet, Windows, Linux",$0,406,6-10 (roughly 1 per day),Friend sent me the link,5,,Hishi Amazon,End Closer,Ace built for this CM before CM start in Grand Concert scenario,2,0,1,0,2,1,0,Tamamo Cross,End Closer,Ace built for this CM before CM start in Grand Concert scenario,2,0,1,0,2,1,0,Mayano Top Gun,End Closer,Ace built for this CM before CM start in Grand Concert scenario,2,0,1,0,2,1,0,4 Attempts - 20 Races total,14,Go to Submit page,,,,,,,,,,,,,,Re-use Day 1 - Team Comp 1 as Day 2 - Team Comp 1,,,,,,,,,,4 Attempts - 20 Races total,10,Go to Submit page,,,,,,,,,,,,,,,Re-use Day 2 - Team Comp 1 as Day 3 - Team Comp 1,A Group,,,,,,,,,,4 Attempts - 20 Races total,7,Go to Submit page,,,,,,,,,,,,,,,Re-use Day 3 - Team Comp 1 as Day 4 - Team Comp 1,A Group,,,,,,,,,,4 Attempts - 20 Races total,7,Go to Submit page,,,,,,,,,,,,,,,A Finals,9548,Re-use Day 4 - Team Comp 1 as Finals Team Comp,,,,,,,,,,,2nd,No (goes to Submit page),,,,,,,,,,,,,,,,,,,
8/14/2026 7:24:39,Sky2high,Graded (No Uma Restrictions),Get into A finals,I accept these terms,Finals,iOS - phone or tablet,$1001-5000,1287,11-20 (roughly 2-3 per day),Discord - MooMooCord - https://discord.gg/Hc7cP9GB,5,,Oguri Cap (Christmas),Pace Chaser,Ace built for this CM before CM start in Grand Concert scenario,3,0,0,0,2,1,0,Nice Nature (Cheerleader),Late Surger,Debuffer,2,0,1,1,2,0,0,Grass Wonder,Late Surger,Debuffer,2,0,1,1,2,0,0,4 Attempts - 20 Races total,17,Go to Submit page,,,,,,,,,,,,,,Re-use Day 1 - Team Comp 1 as Day 2 - Team Comp 1,,,,,,,,,,4 Attempts - 20 Races total,17,Go to Submit page,,,,,,,,,,,,,,,Re-use Day 2 - Team Comp 1 as Day 3 - Team Comp 1,A Group,,,,,,,,,,4 Attempts - 20 Races total,16,Go to Submit page,,,,,,,,,,,,,,,Re-use Day 3 - Team Comp 1 as Day 4 - Team Comp 1,A Group,,,,,,,,,,4 Attempts - 20 Races total,15,Go to Submit page,,,,,,,,,,,,,,,A Finals,11013,Re-use Day 4 - Team Comp 1 as Finals Team Comp,,,,,,,,,,https://drive.google.com/open?id=1jszjbRpRxm0fTuXydTNAEHgIDToLcUDJ,3rd,No (goes to Submit page),,,,,,,,,,,,,,,,,,,
8/14/2026 5:04:13,Soff,Graded (No Uma Restrictions),Get into A finals,I accept these terms,Finals,Windows,$0,1265,21-30 (roughly 3-4 per day),Rather not say,,,Oguri Cap,Late Surger,Ace built for this CM before CM start in Grand Concert scenario,2,1,,,2,1,,Bamboo memory,Late Surger,Ace built for this CM before CM start in Grand Concert scenario,2,1,,,2,1,,Mayano Top Gun,Late Surger,Ace built for this CM before CM start in Grand Concert scenario,3,,,,2,1,,4 Attempts - 20 Races total,8,Go to Submit page,,,,,,,,,,,,,,Re-use Day 1 - Team Comp 1 as Day 2 - Team Comp 1,,,,,,,,,,4 Attempts - 20 Races total,13,Go to Submit page,,,,,,,,,,,,,,,Re-use Day 2 - Team Comp 1 as Day 3 - Team Comp 1,A Group,,,,,,,,,,4 Attempts - 20 Races total,7,Go to Submit page,,,,,,,,,,,,,,,Re-use Day 3 - Team Comp 1 as Day 4 - Team Comp 1,A Group,,,,,,,,,,4 Attempts - 20 Races total,5,Go to Submit page,,,,,,,,,,,,,,,A Finals,6666,Re-use Day 4 - Team Comp 1 as Finals Team Comp,,,,,,,,,,,2nd,No (goes to Submit page),,,,,,,,,,,,,,,,,,,
8/12/2026 11:18:24,kammie,Graded (No Uma Restrictions),"Win A finals with ""oshi"" uma",I accept these terms,Day 4,Android - phone or tablet,$1001-5000,1318,31-45 (roughly 5-6 per day),Discord - MooMooCord - https://discord.gg/Hc7cP9GB,5,,Biwa Hayahide (Christmas),Pace Chaser,Ace built for this CM before CM start in Grand Concert scenario,2,1,,,2,1,,Nice Nature,End Closer,Debuffer,,,,,,,,Super Creek (Halloween),Late Surger,Debuffer,,,,,,,,4 Attempts - 20 Races total,14,Go to Submit page,,,,,,,,,,,,,,Re-use Day 1 - Team Comp 1 as Day 2 - Team Comp 1,,,,,,,,,,4 Attempts - 20 Races total,13,Go to Submit page,,,,,,,,,,,,,,,Add new Team Comp as Day 3 - Team Comp 1,A Group,Biwa Hayahide (Christmas),Pace Chaser,Ace built for this CM before CM start in Grand Concert scenario,Symboli Rudolf,End Closer,Debuffer,Grass Wonder,Late Surger,Debuffer,4 Attempts - 20 Races total,12,Go to Submit page,,,,,,,,,,,,,,,Re-use Day 3 - Team Comp 1 as Day 4 - Team Comp 1,A Group,,,,,,,,,,4 Attempts - 20 Races total,11,Go to Submit page,,,,,,,,,,,,,,,,,,,,,,,,,,,,,,,,,,,,,,,,,,,,,,,,
8/14/2026 6:56:26,Asiano_pies,Graded (No Uma Restrictions),Get into A finals,I accept these terms,Finals,"iOS - phone or tablet, Windows",$0,550,31-45 (roughly 5-6 per day),Discord - MooMooCord - https://discord.gg/Hc7cP9GB,5,Please burn cing,Oguri Cap,Late Surger,Ace built for this CM before CM start in Grand Concert scenario,2,,1,,2,1,,Grass Wonder,Front Runner,Debuffer,2,,,,4,,,Agnes Tachyon,Front Runner,Debuffer,2,,,,4,,,4 Attempts - 20 Races total,13,Go to Submit page,,,,,,,,,,,,,,Re-use Day 1 - Team Comp 1 as Day 2 - Team Comp 1,,,,,,,,,,4 Attempts - 20 Races total,16,Go to Submit page,,,,,,,,,,,,,,,Re-use Day 2 - Team Comp 1 as Day 3 - Team Comp 1,A Group,,,,,,,,,,4 Attempts - 20 Races total,13,Go to Submit page,,,,,,,,,,,,,,,Re-use Day 3 - Team Comp 1 as Day 4 - Team Comp 1,A Group,,,,,,,,,,4 Attempts - 20 Races total,11,Go to Submit page,,,,,,,,,,,,,,,A Finals,15443,Re-use Day 4 - Team Comp 1 as Finals Team Comp,,,,,,,,,,,2nd,Yes,https://drive.google.com/open?id=1JN6eRKowsSF2Tl59ByygYLMJ0K2wA-ut,https://drive.google.com/open?id=1I24EQlj7UZge3ZBqC9W5a5uM-Zt06ui7,,1,6,6,,,https://drive.google.com/open?id=1XlqlnZ2swrTLS9NTUKVL7CnvMpBKajhM,,,,,,,,,,
8/14/2026 6:54:31,SiX,Graded (No Uma Restrictions),Get into A finals,I accept these terms,Finals,Linux,$101-500,989,,,,,Oguri Cap (Christmas),Pace Chaser,Ace built for this CM before CM start in Grand Concert scenario,2,1,,,2,1,,Agnes Tachyon,End Closer,Debuffer,2,1,,,2,1,,Symboli Rudolf,End Closer,Debuffer,2,1,,,3,,,4 Attempts - 20 Races total,14,Go to Submit page,,,,,,,,,,,,,,Re-use Day 1 - Team Comp 1 as Day 2 - Team Comp 1,,,,,,,,,,4 Attempts - 20 Races total,12,Go to Submit page,,,,,,,,,,,,,,,Re-use Day 2 - Team Comp 1 as Day 3 - Team Comp 1,A Group,,,,,,,,,,4 Attempts - 20 Races total,10,Go to Submit page,,,,,,,,,,,,,,,Re-use Day 3 - Team Comp 1 as Day 4 - Team Comp 1,A Group,,,,,,,,,,4 Attempts - 20 Races total,8,Go to Submit page,,,,,,,,,,,,,,,A Finals,11379,Re-use Day 4 - Team Comp 1 as Finals Team Comp,,,,,,,,,,,2nd,No (goes to Submit page),,,,,,,,,,,,,,,,,,,
8/14/2026 6:39:35,matrydimn2,Graded (No Uma Restrictions),Get into A finals,I accept these terms,Finals,Windows,$101-500,437,21-30 (roughly 3-4 per day),"Discord - MooMooCord - https://discord.gg/Hc7cP9GB, YouTube - MooMooCows - https://www.youtube.com/@MooMooCows",5,,Oguri Cap (Christmas),Pace Chaser,Ace built for this CM before CM start in Grand Concert scenario,3,,,,3,1,,Symboli Rudolf,Late Surger,Debuffer,1,1,,,4,,,Nice Nature,Late Surger,Debuffer,1,2,,,2,,,4 Attempts - 20 Races total,12,Go to Submit page,,,,,,,,,,,,,,Re-use Day 1 - Team Comp 1 as Day 2 - Team Comp 1,,,,,,,,,,4 Attempts - 20 Races total,16,Go to Submit page,,,,,,,,,,,,,,,Re-use Day 2 - Team Comp 1 as Day 3 - Team Comp 1,A Group,,,,,,,,,,4 Attempts - 20 Races total,16,Go to Submit page,,,,,,,,,,,,,,,Re-use Day 3 - Team Comp 1 as Day 4 - Team Comp 1,A Group,,,,,,,,,,4 Attempts - 20 Races total,6,Go to Submit page,,,,,,,,,,,,,,,A Finals,11805,Re-use Day 4 - Team Comp 1 as Finals Team Comp,,,,,,,,,,https://drive.google.com/open?id=1qLvwfijOIxfO5U3p67oUpaX6Do-1XKJ3,2nd,No (goes to Submit page),,,,,,,,,,,,,,,,,,,
8/14/2026 10:20:12,Plati,Graded (No Uma Restrictions),Get into A finals,I accept these terms,Finals,"Android - phone or tablet, Windows",$101-500,1900,21-30 (roughly 3-4 per day),Discord - MooMooCord - https://discord.gg/Hc7cP9GB,5,,Oguri Cap (Christmas),End Closer,Ace built for this CM before CM start in Grand Concert scenario,,,,,,,,Grass Wonder,Front Runner,Debuffer,,,,,,,,Symboli Rudolf,Front Runner,Debuffer,,,,,,,,4 Attempts - 20 Races total,18,Go to Submit page,,,,,,,,,,,,,,Re-use Day 1 - Team Comp 1 as Day 2 - Team Comp 1,,,,,,,,,,4 Attempts - 20 Races total,16,Day 3,,,,,,,,,,,,,,,Re-use Day 2 - Team Comp 1 as Day 3 - Team Comp 1,A Group,,,,,,,,,,4 Attempts - 20 Races total,18,Go to Submit page,,,,,,,,,,,,,,,Re-use Day 3 - Team Comp 1 as Day 4 - Team Comp 1,A Group,,,,,,,,,,4 Attempts - 20 Races total,18,Go to Submit page,,,,,,,,,,,,,,,A Finals,11011,Re-use Day 4 - Team Comp 1 as Finals Team Comp,,,,,,,,,,https://drive.google.com/open?id=1TZW0UOJhpyZRxu9_R6DnKMvlmIwhMw5E,1st,,,,,,,,,,,Is there an award for lowest stamina winner,https://drive.google.com/open?id=1L9W405MAnPJEPuPZN_YTwU-pAEm2cUY1,https://drive.google.com/open?id=1oSE-A-yMMrlTnAJs5C7EHs2SSILatAYs,,3,4,2,2,3,https://drive.google.com/open?id=1eQ7M-Zi5Rp-B4RfjFotlbrldfD_a5q-W
8/14/2026 5:18:31,explorde,Graded (No Uma Restrictions),Get into A finals,I accept these terms,Finals,"iOS - phone or tablet, Windows",$1-100,1121,21-30 (roughly 3-4 per day),Discord - MooMooCord - https://discord.gg/Hc7cP9GB,4,,Oguri Cap (Christmas),Pace Chaser,Ace built for this CM before CM start in Grand Concert scenario,2,1,0,0,2,1,0,Symboli Rudolf,End Closer,Debuffer,0,0,2,1,3,0,0,Nice Nature,Late Surger,Debuffer,0,1,0,2,3,0,0,4 Attempts - 20 Races total,13,Go to Submit page,,,,,,,,,,,,,,Add new Team Comp as Day 2 - Team Comp 1,Oguri Cap (Christmas),Pace Chaser,Ace built for this CM before CM start in Grand Concert scenario,Symboli Rudolf,End Closer,Debuffer,Grass Wonder,End Closer,Debuffer,4 Attempts - 20 Races total,13,Go to Submit page,,,,,,,,,,,,,,,Re-use Day 2 - Team Comp 1 as Day 3 - Team Comp 1,A Group,,,,,,,,,,4 Attempts - 20 Races total,11,Go to Submit page,,,,,,,,,,,,,,,Re-use Day 3 - Team Comp 1 as Day 4 - Team Comp 1,A Group,,,,,,,,,,4 Attempts - 20 Races total,12,Go to Submit page,,,,,,,,,,,,,,,A Finals,9638,Re-use Day 4 - Team Comp 1 as Finals Team Comp,,,,,,,,,,https://drive.google.com/open?id=1pwKNGMhMSSNYTiIIzql9qYUoNk_Qcj-z,1st,,,,,,,,,,,,https://drive.google.com/open?id=1mVe-E6et08gh6NVcvrParuSTk28UhMUa,https://drive.google.com/open?id=16dRZo2II9BEoK4zv5k8AA_beXAwtHl3x,,2,13,0,0,0,https://drive.google.com/open?id=1WvGsa1mYPZgr9qCMG1y8qh_umD2wbgct
8/14/2026 5:48:49,Evir,Graded (No Uma Restrictions),Win A finals with any uma,I accept these terms,Finals,"Android - phone or tablet, Windows",$1-100,952,46+ (more than 6 per day),Discord - MooMooCord - https://discord.gg/Hc7cP9GB,5,,Agnes Digital,Late Surger,Ace built for this CM before CM start in Grand Concert scenario,3,,,,2,1,,Symboli Rudolf,Front Runner,Debuffer,,,,,,,,Grass Wonder,Pace Chaser,Debuffer,,,,,,,,4 Attempts - 20 Races total,17,Go to Submit page,,,,,,,,,,,,,,Re-use Day 1 - Team Comp 1 as Day 2 - Team Comp 1,,,,,,,,,,4 Attempts - 20 Races total,16,Go to Submit page,,,,,,,,,,,,,,,Re-use Day 2 - Team Comp 1 as Day 3 - Team Comp 1,A Group,,,,,,,,,,4 Attempts - 20 Races total,14,Go to Submit page,,,,,,,,,,,,,,,Re-use Day 3 - Team Comp 1 as Day 4 - Team Comp 1,A Group,,,,,,,,,,4 Attempts - 20 Races total,14,Go to Submit page,,,,,,,,,,,,,,,A Finals,8426,Re-use Day 4 - Team Comp 1 as Finals Team Comp,,,,,,,,,,https://drive.google.com/open?id=166kfIDjDVAbHYlp9Dr-kB7wJuwk97rJ9,1st,,,,,,,,,,,,,,,,17,,,,https://drive.google.com/open?id=1PunpYWNdaHglVKTtwiQDWIRqgPCl5nVi
8/14/2026 8:43:21,Kekginger,Graded (No Uma Restrictions),Win A finals with any uma,I accept these terms,Finals,"iOS - phone or tablet, Windows",Rather not say,1015,11-20 (roughly 2-3 per day),Discord - MooMooCord - https://discord.gg/Hc7cP9GB,5,,Oguri Cap (Christmas),Pace Chaser,Ace built for this CM before CM start in Grand Concert scenario,3,0,0,0,2,1,0,Nice Nature,Late Surger,Debuffer,0,0,1,0,4,1,0,Symboli Rudolf,End Closer,Debuffer,1,0,1,0,3,1,0,4 Attempts - 20 Races total,14,Go to Submit page,,,,,,,,,,,,,,Re-use Day 1 - Team Comp 1 as Day 2 - Team Comp 1,,,,,,,,,,4 Attempts - 20 Races total,16,Go to Submit page,,,,,,,,,,,,,,,Re-use Day 2 - Team Comp 1 as Day 3 - Team Comp 1,A Group,,,,,,,,,,4 Attempts - 20 Races total,9,Go to Submit page,,,,,,,,,,,,,,,Re-use Day 3 - Team Comp 1 as Day 4 - Team Comp 1,A Group,,,,,,,,,,4 Attempts - 20 Races total,13,Go to Submit page,,,,,,,,,,,,,,,A Finals,10129,Re-use Day 4 - Team Comp 1 as Finals Team Comp,,,,,,,,,,https://drive.google.com/open?id=1LBu-0c7rVoqZmzXBoiaBGZygS4C3e3iE,2nd,Yes,https://drive.google.com/open?id=1kIPE1pY5eJLgWWbXTG-xd4ic4KyN-Nj9,https://drive.google.com/open?id=1BHjYp8w-Ee33NXHcoFFGrNwGX8onEYjw,,0,12,3,0,3,https://drive.google.com/open?id=1b9lks85wCOco5PRvW2KzDaBpaJ09blN4,,,,,,,,,,
8/14/2026 5:36:09,LeToucan,Graded (No Uma Restrictions),Win A finals with any uma,I accept these terms,Finals,Windows,$0,,,Discord - MooMooCord - https://discord.gg/Hc7cP9GB,,,Copano Rickey,Pace Chaser,Ace built for this CM before CM start in Grand Concert scenario,3,1,,,1,1,,Mayano Top Gun (Wedding),Late Surger,Debuffer,,,,,,,,Super Creek (Halloween),End Closer,Debuffer,,,,,,,,4 Attempts - 20 Races total,15,Go to Submit page,,,,,,,,,,,,,,Add new Team Comp as Day 2 - Team Comp 1,Copano Rickey,Pace Chaser,Ace built for this CM before CM start in Grand Concert scenario,Grass Wonder,End Closer,Debuffer,Agnes Tachyon,End Closer,Debuffer,4 Attempts - 20 Races total,17,Go to Submit page,,,,,,,,,,,,,,,Re-use Day 2 - Team Comp 2 as Day 3 - Team Comp 1,A Group,,,,,,,,,,4 Attempts - 20 Races total,11,Go to Submit page,,,,,,,,,,,,,,,Re-use Day 3 - Team Comp 1 as Day 4 - Team Comp 1,A Group,,,,,,,,,,4 Attempts - 20 Races total,18,Go to Submit page,,,,,,,,,,,,,,,A Finals,9520,Re-use Day 4 - Team Comp 1 as Finals Team Comp,,,,,,,,,,https://drive.google.com/open?id=1Fy_GodD3B13SMbg6PIgsBSceqTqUEic5,1st,,,,,,,,,,,,https://drive.google.com/open?id=1EaNQWfY3KTs2Bi7xn_Xpq0gZ_Kt08AXT,https://drive.google.com/open?id=1JmTtW_9AOH2qq7iBQtDpkm2fN0OgZLDn,,2,6,4,,,https://drive.google.com/open?id=1FcBZsYi7w5tBLXxm84Sxdq3XyQ5paTB5
8/14/2026 5:26:17,Zeoxys,Graded (No Uma Restrictions),Win A finals with any uma,I accept these terms,Finals,Android - phone or tablet,$101-500,1690,31-45 (roughly 5-6 per day),"Twitch - MooMooCows - https://www.twitch.tv/moomoomoocows, YouTube - MooMooCows - https://www.youtube.com/@MooMooCows",5,,Oguri Cap (Christmas),Pace Chaser,Ace built for this CM before CM start in Grand Concert scenario,2,1,0,0,2,1,0,Agnes Tachyon,Late Surger,Debuffer,1,1,1,0,3,0,0,Grass Wonder,Late Surger,Debuffer,1,1,1,0,3,0,0,4 Attempts - 20 Races total,17,Go to Submit page,,,,,,,,,,,,,,Re-use Day 1 - Team Comp 1 as Day 2 - Team Comp 1,,,,,,,,,,4 Attempts - 20 Races total,16,Go to Submit page,,,,,,,,,,,,,,,Re-use Day 2 - Team Comp 1 as Day 3 - Team Comp 1,A Group,,,,,,,,,,4 Attempts - 20 Races total,14,Go to Submit page,,,,,,,,,,,,,,,Re-use Day 3 - Team Comp 1 as Day 4 - Team Comp 1,A Group,,,,,,,,,,4 Attempts - 20 Races total,12,Go to Submit page,,,,,,,,,,,,,,,A Finals,10739,Re-use Day 4 - Team Comp 1 as Finals Team Comp,,,,,,,,,,,1st,,,,,,,,,,,,,,,,,,,,
8/14/2026 6:08:18,DillFlavored,Graded (No Uma Restrictions),Collect participation rewards,I accept these terms,Finals,Linux,$1001-5000,,46+ (more than 6 per day),Discord - MooMooCord - https://discord.gg/Hc7cP9GB,,,Tamamo Cross,Late Surger,Ace built for this CM before CM start in Grand Concert scenario,3,,,,1,0,,Grass Wonder,Late Surger,Debuffer,2,0,,,2,0,,Oguri Cap (Christmas),Pace Chaser,Ace built for this CM before CM start in Grand Concert scenario,2,0,,,0,0,,4 Attempts - 20 Races total,16,Go to Submit page,,,,,,,,,,,,,,Add new Team Comp as Day 2 - Team Comp 1,Tamamo Cross,Late Surger,Ace built for this CM before CM start in Grand Concert scenario,Grass Wonder,Front Runner,Debuffer,Air Shakur,End Closer,Mid-CM Ace build in Grand Concert scenario,4 Attempts - 20 Races total,9,Go to Submit page,,,,,,,,,,,,,,,Re-use Day 2 - Team Comp 1 as Day 3 - Team Comp 1,A Group,,,,,,,,,,4 Attempts - 20 Races total,9,Day 4,,,,,,,,,,,,,,,Re-use Day 3 - Team Comp 1 as Day 4 - Team Comp 1,A Group,,,,,,,,,,4 Attempts - 20 Races total,10,Go to Submit page,,,,,,,,,,,,,,,A Finals,10969,Re-use Day 4 - Team Comp 1 as Finals Team Comp,,,,,,,,,,https://drive.google.com/open?id=1kV5biION7TcX-KAmeaRwE9I4k8gPs_eH,3rd,No (goes to Submit page),,,,,,,,,,,,,,,,,,,
8/14/2026 6:30:11,Derren,Graded (No Uma Restrictions),Collect participation rewards,I accept these terms,Finals,iOS - phone or tablet,$1001-5000,2179,46+ (more than 6 per day),Discord - MooMooCord - https://discord.gg/Hc7cP9GB,,,Oguri Cap (Christmas),Pace Chaser,Ace built for this CM before CM start in Grand Concert scenario,2,0,1,0,2,1,0,Eishin Flash (Valentine),Late Surger,Debuffer,2,2,1,0,1,0,0,Grass Wonder,Late Surger,Debuffer,2,2,0,0,2,0,0,4 Attempts - 20 Races total,17,Go to Submit page,,,,,,,,,,,,,,Re-use Day 1 - Team Comp 1 as Day 2 - Team Comp 1,,,,,,,,,,4 Attempts - 20 Races total,16,Go to Submit page,,,,,,,,,,,,,,,Re-use Day 2 - Team Comp 1 as Day 3 - Team Comp 1,A Group,,,,,,,,,,4 Attempts - 20 Races total,15,Go to Submit page,,,,,,,,,,,,,,,Re-use Day 3 - Team Comp 1 as Day 4 - Team Comp 1,A Group,,,,,,,,,,4 Attempts - 20 Races total,16,Go to Submit page,,,,,,,,,,,,,,,A Finals,12133,Re-use Day 4 - Team Comp 1 as Finals Team Comp,,,,,,,,,,https://drive.google.com/open?id=1JjG5107W5SF0a903M5YKiXAb7rVH93uZ,1st,,,,,,,,,,,,https://drive.google.com/open?id=1l0AMYOtK269PZKqpD-JUpfo-QM4jfW1U,https://drive.google.com/open?id=1xC4Gl4R4_NVxOBhLRnDEbwstOH-gCSSZ,,,17,,,,https://drive.google.com/open?id=1pno1GWNGoeRBTClog7qzmbv6JkqqC7dF
8/14/2026 6:24:49,Toruxas,Graded (No Uma Restrictions),"Win A finals with ""oshi"" uma",I accept these terms,Finals,Windows,$1-100,1130,46+ (more than 6 per day),thanks cing,5,,Oguri Cap (Christmas),Pace Chaser,Ace built for this CM before CM start in Grand Concert scenario,2,1,,,2,1,,Grass Wonder,End Closer,Debuffer,2,,,,3,1,,Agnes Tachyon,End Closer,Debuffer,2,,,,3,1,,4 Attempts - 20 Races total,18,Go to Submit page,,,,,,,,,,,,,,Re-use Day 1 - Team Comp 1 as Day 2 - Team Comp 1,,,,,,,,,,4 Attempts - 20 Races total,14,Go to Submit page,,,,,,,,,,,,,,,Re-use Day 2 - Team Comp 1 as Day 3 - Team Comp 1,A Group,,,,,,,,,,4 Attempts - 20 Races total,11,Go to Submit page,,,,,,,,,,,,,,,Re-use Day 3 - Team Comp 1 as Day 4 - Team Comp 1,A Group,,,,,,,,,,4 Attempts - 20 Races total,12,Go to Submit page,,,,,,,,,,,,,,,A Finals,8227,Re-use Day 4 - Team Comp 1 as Finals Team Comp,,,,,,,,,,https://drive.google.com/open?id=1rZx_s518rpkQFIUgmJOrW3auK0pRkxHj,3rd,No (goes to Submit page),,,,,,,,,,,,,,,,,,,
8/14/2026 21:56:38,SuperFightRobot,Graded (No Uma Restrictions),Get into A finals,I accept these terms,Finals,Android - phone or tablet,$0,,11-20 (roughly 2-3 per day),Discord - MooMooCord - https://discord.gg/Hc7cP9GB,5,,T.M. Opera O,Pace Chaser,Ace built for this CM before CM start in Grand Concert scenario,3,1,,,1,1,,Grass Wonder,Late Surger,Debuffer,,,,,,,,Nice Nature,Late Surger,Debuffer,,,,,,,,4 Attempts - 20 Races total,9,Go to Submit page,,,,,,,,,,,,,,Re-use Day 1 - Team Comp 1 as Day 2 - Team Comp 1,,,,,,,,,,4 Attempts - 20 Races total,14,Go to Submit page,,,,,,,,,,,,,,,Add new Team Comp as Day 3 - Team Comp 1,A Group,T.M. Opera O,Pace Chaser,Ace built for this CM before CM start in Grand Concert scenario,Agnes Tachyon,Late Surger,Debuffer,Grass Wonder,Late Surger,Debuffer,4 Attempts - 20 Races total,4,Go to Submit page,,,,,,,,,,,,,,,Re-use Day 3 - Team Comp 1 as Day 4 - Team Comp 1,A Group,,,,,,,,,,4 Attempts - 20 Races total,6,Go to Submit page,,,,,,,,,,,,,,,A Finals,7378,Re-use Day 4 - Team Comp 1 as Finals Team Comp,,,,,,,,,,https://drive.google.com/open?id=1WqXg74U-LE54IUReKc4VZskHYvl16fN4,2nd,Yes,https://drive.google.com/open?id=17Ysxu5i9VkdHCgFGwNfjemk18_U2boss,https://drive.google.com/open?id=11gYtUVE_hgnrnOqZJ382VFFxNX1LdmwZ,,,,,,,https://drive.google.com/open?id=1G4qdgZKAwHGF8FsxYNSMcrA_39rxKokf,,,,,,,,,,
8/14/2026 5:51:02,Victoria Secret,Graded (No Uma Restrictions),"Win A finals with ""oshi"" uma",I accept these terms,Finals,Android - phone or tablet,$1-100,2039,31-45 (roughly 5-6 per day),Discord - MooMooCord - https://discord.gg/Hc7cP9GB,5,,Mayano Top Gun,Front Runner,Ace built for this CM before CM start in Grand Concert scenario,3,1,,,1,1,,Smart Falcon (Grand Concert),Front Runner,Ace built for this CM before CM start in Grand Concert scenario,2,1,,,2,1,,Silence Suzuka,Runaway,Debuffer,,1,2,,3,,,4 Attempts - 20 Races total,14,Go to Submit page,,,,,,,,,,,,,,Re-use Day 1 - Team Comp 1 as Day 2 - Team Comp 1,,,,,,,,,,4 Attempts - 20 Races total,12,Go to Submit page,,,,,,,,,,,,,,,Re-use Day 2 - Team Comp 1 as Day 3 - Team Comp 1,A Group,,,,,,,,,,4 Attempts - 20 Races total,10,Go to Submit page,,,,,,,,,,,,,,,Re-use Day 3 - Team Comp 1 as Day 4 - Team Comp 1,A Group,,,,,,,,,,4 Attempts - 20 Races total,10,Go to Submit page,,,,,,,,,,,,,,,A Finals,9451,Re-use Day 4 - Team Comp 1 as Finals Team Comp,,,,,,,,,,https://drive.google.com/open?id=1byDZwKqhMO_hfpXCLV5i8Uhvg83xTjU_,1st,,,,,,,,,,,1 ticket pull and Falco wins it all ,https://drive.google.com/open?id=1Atv-2VWeNR2qdoO5RzHqZ3AgmWxXwS6i,https://drive.google.com/open?id=1Kff6FzEDCifQjUBg1MjlsNn8EyB9u572,,3,8,2,,3,https://drive.google.com/open?id=1Ic76hox6EczzmQrz0tc4HQKHJAyqxfmT
8/14/2026 5:22:24,hash2,Open (A+ Grade and Lower Umas Only),Win A finals with any uma,I accept these terms,Finals,"Android - phone or tablet, Windows",$1-100,1300,6-10 (roughly 1 per day),Discord - MooMooCord - https://discord.gg/Hc7cP9GB,,"On the question about careers completed per week, make a distinction between manually run careers and independent training.",Grass Wonder,End Closer,Debuffer,,,,,,,,Agnes Digital,Late Surger,Ace built for this CM using another scenario (URA or Trackblazer),,,,,,,,Oguri Cap (Christmas),Pace Chaser,Ace built for this CM using another scenario (URA or Trackblazer),,,,,,,,3 Attempts - 15 Races total,14,Go to Submit page,,,,,,,,,,,,,,Re-use Day 1 - Team Comp 1 as Day 2 - Team Comp 1,,,,,,,,,,3 Attempts - 15 Races total,14,Go to Submit page,,,,,,,,,,,,,,,Re-use Day 2 - Team Comp 1 as Day 3 - Team Comp 1,A Group,,,,,,,,,,3 Attempts - 15 Races total,10,Go to Submit page,,,,,,,,,,,,,,,Re-use Day 3 - Team Comp 1 as Day 4 - Team Comp 1,A Group,,,,,,,,,,3 Attempts - 15 Races total,11,Go to Submit page,,,,,,,,,,,,,,,A Finals,4926,Re-use Day 4 - Team Comp 1 as Finals Team Comp,,,,,,,,,,https://drive.google.com/open?id=10kGTJGRtbwaNZ4GGBv62o19h1zQPBLIc,1st,,,,,,,,,,,,,,,0,11,2,0,2,
8/14/2026 6:17:31,P3 Renegade,Graded (No Uma Restrictions),Win A finals with any uma,I accept these terms,Finals,Windows,$101-500,1180,11-20 (roughly 2-3 per day),Discord - MooMooCord - https://discord.gg/Hc7cP9GB,5,,Oguri Cap (Christmas),Pace Chaser,Ace built for this CM before CM start in Grand Concert scenario,3,,,,2,1,,Nice Nature,Late Surger,Debuffer,1,1,,1,3,,,Symboli Rudolf,Late Surger,Debuffer,1,1,,,4,,,4 Attempts - 20 Races total,16,Go to Submit page,,,,,,,,,,,,,,Re-use Day 1 - Team Comp 1 as Day 2 - Team Comp 1,,,,,,,,,,4 Attempts - 20 Races total,15,Go to Submit page,,,,,,,,,,,,,,,Re-use Day 2 - Team Comp 1 as Day 3 - Team Comp 1,A Group,,,,,,,,,,4 Attempts - 20 Races total,13,Go to Submit page,,,,,,,,,,,,,,,Re-use Day 3 - Team Comp 1 as Day 4 - Team Comp 1,A Group,,,,,,,,,,4 Attempts - 20 Races total,13,Go to Submit page,,,,,,,,,,,,,,,A Finals,8318,Re-use Day 4 - Team Comp 1 as Finals Team Comp,,,,,,,,,,https://drive.google.com/open?id=1MTmv9uaiMdmkgZQqqHsuk2hQzQuTl7fx,1st,,,,,,,,,,,,https://drive.google.com/open?id=1hd5mtqPxrRK-lNrMqS9cuiLbey3BoUAj,https://drive.google.com/open?id=1uJrAbmv_iDBksb9CHVhyBLf-McTse1i3,,,18,,,,https://drive.google.com/open?id=1fh1GHe0lnSiu20agbflgDX2XaxZrwvdH
8/14/2026 5:15:40,Hines,Graded (No Uma Restrictions),Win A finals with any uma,I accept these terms,Finals,Windows,$1-100,1501,11-20 (roughly 2-3 per day),Discord - MooMooCord - https://discord.gg/Hc7cP9GB,5,"total career count kind of weird now with auto... i've done like 300 bot runs since it came out, so idk how useful that stat is anymore",Oguri Cap (Christmas),Pace Chaser,Ace built for this CM before CM start in Grand Concert scenario,2,1,0,0,2,1,0,Nice Nature (Cheerleader),Late Surger,Debuffer,,,,,,,,Symboli Rudolf,Late Surger,Debuffer,,,,,,,,4 Attempts - 20 Races total,16,Go to Submit page,,,,,,,,,,,,,,Re-use Day 1 - Team Comp 1 as Day 2 - Team Comp 1,,,,,,,,,,4 Attempts - 20 Races total,18,Go to Submit page,,,,,,,,,,,,,,,Re-use Day 2 - Team Comp 1 as Day 3 - Team Comp 1,A Group,,,,,,,,,,4 Attempts - 20 Races total,17,Go to Submit page,,,,,,,,,,,,,,,Re-use Day 3 - Team Comp 1 as Day 4 - Team Comp 1,A Group,,,,,,,,,,4 Attempts - 20 Races total,17,Go to Submit page,,,,,,,,,,,,,,,A Finals,9993,Re-use Day 4 - Team Comp 1 as Finals Team Comp,,,,,,,,,,,2nd,No (goes to Submit page),,,,,,,,,,,,,,,,,,,
8/14/2026 5:15:17,pppp,Graded (No Uma Restrictions),Get into A finals,I accept these terms,Finals,Windows,$101-500,1309,31-45 (roughly 5-6 per day),Discord - MooMooCord - https://discord.gg/Hc7cP9GB,5,,Oguri Cap (Christmas),Pace Chaser,Ace built for this CM before CM start in Grand Concert scenario,2,1,0,0,2,1,0,Grass Wonder,End Closer,Debuffer,1,,1,0,3,1,0,Agnes Tachyon,End Closer,Debuffer,1,0,1,0,3,1,0,4 Attempts - 20 Races total,17,Go to Submit page,,,,,,,,,,,,,,Re-use Day 1 - Team Comp 1 as Day 2 - Team Comp 1,,,,,,,,,,4 Attempts - 20 Races total,16,Go to Submit page,,,,,,,,,,,,,,,Re-use Day 2 - Team Comp 1 as Day 3 - Team Comp 1,A Group,,,,,,,,,,4 Attempts - 20 Races total,16,Go to Submit page,,,,,,,,,,,,,,,Re-use Day 3 - Team Comp 1 as Day 4 - Team Comp 1,A Group,,,,,,,,,,4 Attempts - 20 Races total,16,Go to Submit page,,,,,,,,,,,,,,,A Finals,9586,Re-use Day 4 - Team Comp 1 as Finals Team Comp,,,,,,,,,,https://drive.google.com/open?id=1vl6rByXXpO2iF28MG3q8JIUM7gTgUH_e,1st,,,,,,,,,,,,https://drive.google.com/open?id=1wUSwLCW6L7orEy9jxQAV99X7B6xri5bv,https://drive.google.com/open?id=1GvO1-W1wQ_zXD5rPYnk3c2B3sGLS24he,,0,8,5,0,1,https://drive.google.com/open?id=1W5aKDohpndRBNdy2HOkT_vSzBJi4YN4q
8/14/2026 6:32:50,jet4sale,Graded (No Uma Restrictions),Get into A finals,I accept these terms,Finals,Windows,$501-1000,1757,31-45 (roughly 5-6 per day),Discord - MooMooCord - https://discord.gg/Hc7cP9GB,5,,Oguri Cap (Christmas),Pace Chaser,Ace built for this CM before CM start in Grand Concert scenario,2,0,1,0,2,1,0,Agnes Tachyon,Late Surger,Debuffer,2,1,0,1,2,0,0,Eishin Flash (Valentine),End Closer,Debuffer,2,1,0,1,2,0,0,4 Attempts - 20 Races total,14,Go to Submit page,,,,,,,,,,,,,,Re-use Day 1 - Team Comp 1 as Day 2 - Team Comp 1,,,,,,,,,,4 Attempts - 20 Races total,17,Go to Submit page,,,,,,,,,,,,,,,Re-use Day 2 - Team Comp 1 as Day 3 - Team Comp 1,A Group,,,,,,,,,,4 Attempts - 20 Races total,14,Day 1,,,,,,,,,,,,,,,Re-use Day 3 - Team Comp 1 as Day 4 - Team Comp 1,A Group,,,,,,,,,,4 Attempts - 20 Races total,13,Go to Submit page,,,,,,,,,,,,,,,A Finals,12473,Re-use Day 4 - Team Comp 1 as Finals Team Comp,,,,,,,,,,https://drive.google.com/open?id=1ZG-eCfWxlXppfn7HStEolJ1Wl1i-ycdk,1st,,,,,,,,,,,,https://drive.google.com/open?id=1dQQ45BEkJ2sjteR8b3Yr62jLOlvWIUDw,https://drive.google.com/open?id=1ui-xmqlBK-vHtMIz5HUn2auOXC4ZLxmr,,,12,,,,https://drive.google.com/open?id=1Qkku88Phb3fQYuCOQ9fj3Sd2yIZNQYi1
8/14/2026 5:52:59,PeaceOut,Graded (No Uma Restrictions),Win A finals with any uma,I accept these terms,Finals,"iOS - phone or tablet, SteamOS - Steam Deck",$1-100,2187,46+ (more than 6 per day),"Reddit - /r/umamusumeGame, YouTube - MooMooCows - https://www.youtube.com/@MooMooCows",,,Oguri Cap (Christmas),Pace Chaser,Ace built for this CM before CM start in Grand Concert scenario,3,,,,2,0,,Grass Wonder,End Closer,Debuffer,,,,,,,,Symboli Rudolf,End Closer,Debuffer,,,,,,,,2 Attempts - 10 Races total,7,Day 1 - Add 2nd Team,Oguri Cap (Christmas),Pace Chaser,Ace built for this CM before CM start in Grand Concert scenario,Nice Nature,Late Surger,Debuffer,Super Creek (Halloween),End Closer,Debuffer,2 Attempts - 10 Races total,10,2 teams,Go to Submit page,Re-use Day 1 - Team Comp 1 as Day 2 - Team Comp 1,,,,,,,,,,4 Attempts - 20 Races total,18,Go to Submit page,,,,,,,,,,,,,,,Re-use Day 2 - Team Comp 1 as Day 3 - Team Comp 1,A Group,,,,,,,,,,4 Attempts - 20 Races total,17,Go to Submit page,,,,,,,,,,,,,,,Re-use Day 3 - Team Comp 1 as Day 4 - Team Comp 1,A Group,,,,,,,,,,4 Attempts - 20 Races total,18,Go to Submit page,,,,,,,,,,,,,,,A Finals,13024,Re-use Day 4 - Team Comp 1 as Finals Team Comp,,,,,,,,,,https://drive.google.com/open?id=1NekVcdkJDflzVSpRpCbWA-BHCta1Adr4,1st,,,,,,,,,,,"so happy for my oshis, xoguri, dominator user 1, and dominator user 2",https://drive.google.com/open?id=1w-Ai6a_kbNGzW7tDavsVeKaYLaezd42b,https://drive.google.com/open?id=1yAjszfOKemMFNSy0Hq08PPnxbRgsEvDv,,,13,3,,,https://drive.google.com/open?id=15qDo1Qrn40Tad8YXpzDpK6yvtU5DQeS0
8/14/2026 5:33:38,C_Salty,Graded (No Uma Restrictions),"Win A finals with ""oshi"" uma",I accept these terms,Finals,"Windows, SteamOS - Steam Deck",$101-500,1180,21-30 (roughly 3-4 per day),Discord - MooMooCord - https://discord.gg/Hc7cP9GB,5,,Manhattan Cafe,Late Surger,Ace built for this CM before CM start in Grand Concert scenario,3,0,0,0,2,1,0,Symboli Rudolf,Late Surger,Debuffer,,,,,,,,Nice Nature (Cheerleader),Late Surger,Debuffer,,,,,,,,4 Attempts - 20 Races total,12,Go to Submit page,,,,,,,,,,,,,,Re-use Day 1 - Team Comp 1 as Day 2 - Team Comp 1,,,,,,,,,,4 Attempts - 20 Races total,12,Go to Submit page,,,,,,,,,,,,,,,Re-use Day 2 - Team Comp 1 as Day 3 - Team Comp 1,A Group,,,,,,,,,,4 Attempts - 20 Races total,12,Go to Submit page,,,,,,,,,,,,,,,Re-use Day 3 - Team Comp 1 as Day 4 - Team Comp 1,A Group,,,,,,,,,,4 Attempts - 20 Races total,14,Go to Submit page,,,,,,,,,,,,,,,A Finals,8068,Re-use Day 4 - Team Comp 1 as Finals Team Comp,,,,,,,,,,https://drive.google.com/open?id=1fhwzKmPjs6ddhAwRRsdwT98Jd391oVih,1st,,,,,,,,,,,"In a sea of xoguri slop, cafe peak came out on top",https://drive.google.com/open?id=1JekrYjAt8XbDfQSiv5pj38ysPnPXJIxP,https://drive.google.com/open?id=1RWAUd70KGSjFDz7bMHtQwUSS7uVLsp1q,,0,16,0,0,0,https://drive.google.com/open?id=1yYwVB1YluHbZP6b5bWXtSMZ_e5INoNji
8/14/2026 5:42:54,Ceobe,Graded (No Uma Restrictions),"Win A finals with ""oshi"" uma",I accept these terms,Finals,iOS - phone or tablet,$101-500,1651,31-45 (roughly 5-6 per day),Discord - MooMooCord - https://discord.gg/Hc7cP9GB,,,Manhattan Cafe,Late Surger,Ace built for this CM before CM start in Grand Concert scenario,3,1,0,0,1,1,0,Symboli Rudolf,Front Runner,Debuffer,2,1,1,0,2,,0,Agnes Tachyon,Pace Chaser,Debuffer,1,1,1,0,3,0,0,4 Attempts - 20 Races total,16,Go to Submit page,,,,,,,,,,,,,,Re-use Day 1 - Team Comp 1 as Day 2 - Team Comp 1,,,,,,,,,,4 Attempts - 20 Races total,16,Go to Submit page,,,,,,,,,,,,,,,Re-use Day 2 - Team Comp 1 as Day 3 - Team Comp 1,A Group,,,,,,,,,,4 Attempts - 20 Races total,9,Go to Submit page,,,,,,,,,,,,,,,Re-use Day 3 - Team Comp 1 as Day 4 - Team Comp 1,A Group,,,,,,,,,,4 Attempts - 20 Races total,13,Go to Submit page,,,,,,,,,,,,,,,A Finals,8964,Re-use Day 4 - Team Comp 1 as Finals Team Comp,,,,,,,,,,https://drive.google.com/open?id=1rTKKhm41rpsagf3c9-CZGvN40YGYw0Y5,1st,,,,,,,,,,,I believe in stayer supremacy,https://drive.google.com/open?id=19sG0J01qs1unJtyWjO9q3z_v0ErtITio,https://drive.google.com/open?id=1DQawoG-AfUO00vZrdxsnrMfUEIaIQ0zI,,0,8,0,0,6,https://drive.google.com/open?id=1b7_YEwauItFZROPSQKuFJi-Wa90mhWNn
8/14/2026 5:33:33,Soren,Graded (No Uma Restrictions),Get into A finals,I accept these terms,Finals,"iOS - phone or tablet, Windows",$101-500,1192,6-10 (roughly 1 per day),Discord - MooMooCord - https://discord.gg/Hc7cP9GB,,,Oguri Cap (Christmas),Pace Chaser,Ace built for this CM before CM start in Grand Concert scenario,3,0,0,0,2,1,0,Nice Nature,Late Surger,Debuffer,,,,,,,,Mayano Top Gun (Wedding),Late Surger,Debuffer,,,,,,,,4 Attempts - 20 Races total,15,Go to Submit page,,,,,,,,,,,,,,Re-use Day 1 - Team Comp 1 as Day 2 - Team Comp 1,,,,,,,,,,4 Attempts - 20 Races total,19,Go to Submit page,,,,,,,,,,,,,,,Re-use Day 2 - Team Comp 1 as Day 3 - Team Comp 1,A Group,,,,,,,,,,4 Attempts - 20 Races total,17,Go to Submit page,,,,,,,,,,,,,,,Re-use Day 3 - Team Comp 1 as Day 4 - Team Comp 1,A Group,,,,,,,,,,4 Attempts - 20 Races total,14,Go to Submit page,,,,,,,,,,,,,,,A Finals,11241,Re-use Day 4 - Team Comp 1 as Finals Team Comp,,,,,,,,,,https://drive.google.com/open?id=1URdOdpxS_G7zONFzIhJ-_LiYz5nr1igq,1st,,,,,,,,,,,,,,,,,,,,
8/14/2026 5:22:12,Soupaman,Graded (No Uma Restrictions),Win A finals with any uma,I accept these terms,Finals,Android - phone or tablet,$1001-5000,1100,6-10 (roughly 1 per day),Discord - MooMooCord - https://discord.gg/Hc7cP9GB,5,,Oguri Cap (Christmas),Pace Chaser,GL on the day of,3,,,,2,1,,Nice Nature,Late Surger,Debuffer,,,,,,,,Super Creek (Halloween),Late Surger,Debuffer,,,,,,,,4 Attempts - 20 Races total,9,Go to Submit page,,,,,,,,,,,,,,Add new Team Comp as Day 2 - Team Comp 1,Oguri Cap (Christmas),Pace Chaser,Mid-CM Ace build in Grand Concert scenario,Grass Wonder,Late Surger,Debuffer,Nice Nature,Late Surger,Debuffer,4 Attempts - 20 Races total,18,Go to Submit page,,,,,,,,,,,,,,,Add new Team Comp as Day 3 - Team Comp 1,A Group,Oguri Cap (Christmas),Pace Chaser,Mid-CM Ace build in Grand Concert scenario,Nice Nature (Cheerleader),Late Surger,Debuffer,Grass Wonder,Late Surger,Debuffer,4 Attempts - 20 Races total,18,Go to Submit page,,,,,,,,,,,,,,,Add a new Team Comp as Day 4 - Team Comp 1,A Group,Oguri Cap (Christmas),Pace Chaser,Mid-CM Ace build in Grand Concert scenario,Nice Nature (Cheerleader),Late Surger,Debuffer,Eishin Flash (Valentine),Late Surger,Debuffer,4 Attempts - 20 Races total,16,Go to Submit page,,,,,,,,,,,,,,,A Finals,12107,Re-use Day 4 - Team Comp 1 as Finals Team Comp,,,,,,,,,,https://drive.google.com/open?id=164O2GYSeUG2GfxNHp3CprO6xs3g7iStf,1st,,,,,,,,,,,,https://drive.google.com/open?id=1HgPhVFUyiw6Sx7VerN9VqGLYwUzbsEly,,,2,3,5,,6,
8/14/2026 6:13:38,GohShiShi,Graded (No Uma Restrictions),Collect participation rewards,I accept these terms,Finals,Android - phone or tablet,$101-500,1100,0-5 (less than 1 per day),Discord - MooMooCord - https://discord.gg/Hc7cP9GB,5,,Oguri Cap (Christmas),Pace Chaser,Ace built for this CM before CM start in Grand Concert scenario,3,0,0,0,2,1,0,Agnes Tachyon,Late Surger,Debuffer,1,0,0,0,5,0,0,Grass Wonder,Late Surger,Debuffer,1,0,0,0,5,0,0,4 Attempts - 20 Races total,14,Go to Submit page,,,,,,,,,,,,,,Re-use Day 1 - Team Comp 1 as Day 2 - Team Comp 1,,,,,,,,,,4 Attempts - 20 Races total,13,Day 3,,,,,,,,,,,,,,,Re-use Day 2 - Team Comp 1 as Day 3 - Team Comp 1,A Group,,,,,,,,,,4 Attempts - 20 Races total,12,Go to Submit page,,,,,,,,,,,,,,,Re-use Day 3 - Team Comp 1 as Day 4 - Team Comp 1,A Group,,,,,,,,,,4 Attempts - 20 Races total,8,Go to Submit page,,,,,,,,,,,,,,,A Finals,7062,Re-use Day 4 - Team Comp 1 as Finals Team Comp,,,,,,,,,,,2nd,No (goes to Submit page),,,,,,,,,,,,,,,,,,,
8/14/2026 5:38:48,Kaina,Graded (No Uma Restrictions),BRIGHTER TOGETHER 🔦  OUR GRAND GLUE FACTORY 🗑️ FAIL 2% TRAINING 🏥 LOSE DEBUT RACE 🏃🏻‍♀️‍➡️ NO RANDOM COIN EVENTS 🦗 NO LIGHT HELLO DATE UNTIL SENIOR YEAR 🙇🏻‍♀️ NO SP BONUS SONG 👨🏻‍💼 NO TRAINING EFFECTIVENESS SONG 🏃🏻‍♂️‍➡️ WRONG TOKEN FROM TRAINING 🪙 ONE BOND PER CLICK JUNIOR YEAR 🧍🏻‍♂️ ZERO PINK INSPIRATION 🩷 SUMMER NO RAINBOW🏖️ ENERGY DRAIN RANDOM EVENTS 😫 300 BLUE 0 RED TOKENS 🔵 CAN'T EMPTY TOKENS AFTER RUN ENDS 💰 0 SSR CHAIN EVENT FINISH ⛓️ AAAAAAAAAAAAAAAAAAAAAAAAAAAAAAAAAAAAAAAAAAAAAAAAAAAAAAAAAAAAAAAAAAAAAAAAAAAAAAAAAAAAAAAAAAAAAAAAAAAAAAAAAAAAAAAAA,I accept these terms,Finals,,,,,,,"BRIGHTER TOGETHER 🔦  OUR GRAND GLUE FACTORY 🗑️ FAIL 2% TRAINING 🏥 LOSE DEBUT RACE 🏃🏻‍♀️‍➡️ NO RANDOM COIN EVENTS 🦗 NO LIGHT HELLO DATE UNTIL SENIOR YEAR 🙇🏻‍♀️ NO SP BONUS SONG 👨🏻‍💼 NO TRAINING EFFECTIVENESS SONG 🏃🏻‍♂️‍➡️ WRONG TOKEN FROM TRAINING 🪙 ONE BOND PER CLICK JUNIOR YEAR 🧍🏻‍♂️ ZERO PINK INSPIRATION 🩷 SUMMER NO RAINBOW🏖️ ENERGY DRAIN RANDOM EVENTS 😫 300 BLUE 0 RED TOKENS 🔵 CAN'T EMPTY TOKENS AFTER RUN ENDS 💰 0 SSR CHAIN EVENT FINISH ⛓️
AAAAAAAAAAAAAAAAAAAAAAAAAAAAAAAAAAAAAAAAAAAAAAAAAAAAAAAAAAAAAAAAAAAAAAAAAAAAAAAAAAAAAAAAAAAAAAAAAAAAAAAAAAAAAAAAA",Haru Urara (New Year),Late Surger,Ace built for this CM before CM start in Grand Concert scenario,2,1,,,2,1,,Grass Wonder,Front Runner,Debuffer,,,,,,,,Symboli Rudolf,Front Runner,Debuffer,,,,,,,,3 Attempts - 15 Races total,9,Day 1 - Add 2nd Team,Haru Urara (New Year),Late Surger,Ace built for this CM before CM start in Grand Concert scenario,Nice Nature,End Closer,Debuffer,Super Creek (Halloween),Front Runner,Debuffer,1 Attempt - 5 Races total,3,2 teams,Go to Submit page,Re-use Day 1 - Team Comp 1 as Day 2 - Team Comp 1,,,,,,,,,,4 Attempts - 20 Races total,13,Go to Submit page,,,,,,,,,,,,,,,Re-use Day 2 - Team Comp 1 as Day 3 - Team Comp 1,A Group,,,,,,,,,,4 Attempts - 20 Races total,9,Go to Submit page,,,,,,,,,,,,,,,Re-use Day 3 - Team Comp 1 as Day 4 - Team Comp 1,A Group,,,,,,,,,,4 Attempts - 20 Races total,9,Go to Submit page,,,,,,,,,,,,,,,A Finals,,Re-use Day 4 - Team Comp 1 as Finals Team Comp,,,,,,,,,,https://drive.google.com/open?id=10pnuU9pyI_Uk7XpsfGssipp9dQ-qcBRk,1st,,,,,,,,,,,Next stop: The Arima CM,https://drive.google.com/open?id=1nsBK5XxsWkQHZsamM7iWCUKRo-o4iVhW,https://drive.google.com/open?id=1ElbRHdokzKSonq_WC7ycij05HgZFQV0-,,,6,3,2,,https://drive.google.com/open?id=15tlffvQkKXiB5Lz62qhKJj-ESr8PZdkg
8/14/2026 5:42:49,NelsG,Graded (No Uma Restrictions),"Win A finals with ""oshi"" uma",I accept these terms,Finals,Windows,$0,,31-45 (roughly 5-6 per day),,,,Tosen Jordan,Late Surger,Ace built for this CM before CM start in Grand Concert scenario,3,0,0,0,2,1,0,Symboli Rudolf,Front Runner,Debuffer,,,,,,,,Eishin Flash (Valentine),End Closer,Debuffer,,,,,,,,4 Attempts - 20 Races total,16,Go to Submit page,,,,,,,,,,,,,,Re-use Day 1 - Team Comp 1 as Day 2 - Team Comp 1,,,,,,,,,,4 Attempts - 20 Races total,16,Day 3,,,,,,,,,,,,,,,Re-use Day 2 - Team Comp 1 as Day 3 - Team Comp 1,A Group,,,,,,,,,,4 Attempts - 20 Races total,17,Go to Submit page,,,,,,,,,,,,,,,Re-use Day 3 - Team Comp 1 as Day 4 - Team Comp 1,A Group,,,,,,,,,,4 Attempts - 20 Races total,15,Go to Submit page,,,,,,,,,,,,,,,A Finals,10938,Re-use Day 4 - Team Comp 1 as Finals Team Comp,,,,,,,,,,https://drive.google.com/open?id=1v0kPbiuRn8C627H8tvq2xPtHMbBfP2pF,1st,,,,,,,,,,,TOSEN JORDAN DIRT > XOGURI,https://drive.google.com/open?id=1TOyravpDV3Xfvt0jikRggTeZqqZgbvz-,https://drive.google.com/open?id=1W5opDheRu6AO3ifNQAkC6XgXet5JlDCu,,0,10,0,1,2,https://drive.google.com/open?id=1-G5NEGVKnDltSptRvCFdeSD3XOoENhpQ
8/14/2026 5:17:18,TheToad,Graded (No Uma Restrictions),Win A finals with any uma,I accept these terms,Finals,Windows,$1-100,1372,11-20 (roughly 2-3 per day),Discord - MooMooCord - https://discord.gg/Hc7cP9GB,5,,Oguri Cap (Christmas),Pace Chaser,Ace built for this CM before CM start in Grand Concert scenario,3,0,0,0,2,1,0,Nice Nature (Cheerleader),End Closer,Debuffer,1,1,0,0,3,1,0,Grass Wonder,End Closer,Debuffer,1,1,0,0,3,1,0,4 Attempts - 20 Races total,18,Go to Submit page,,,,,,,,,,,,,,Re-use Day 1 - Team Comp 1 as Day 2 - Team Comp 1,,,,,,,,,,4 Attempts - 20 Races total,17,Go to Submit page,,,,,,,,,,,,,,,Re-use Day 2 - Team Comp 1 as Day 3 - Team Comp 1,A Group,,,,,,,,,,4 Attempts - 20 Races total,17,Go to Submit page,,,,,,,,,,,,,,,Re-use Day 3 - Team Comp 1 as Day 4 - Team Comp 1,A Group,,,,,,,,,,4 Attempts - 20 Races total,18,Go to Submit page,,,,,,,,,,,,,,,A Finals,13505,Re-use Day 4 - Team Comp 1 as Finals Team Comp,,,,,,,,,,https://drive.google.com/open?id=11EfJUtXzyz6dEOcVOmnoa9DHWStspjfL,1st,,,,,,,,,,,,https://drive.google.com/open?id=1YoTqePGMlXFC_jNk1TOoRQQpwdfSc9D6,https://drive.google.com/open?id=19vyBQc1q73sSlSUk0DadFe0olMZhChDv,,3,14,0,0,0,https://drive.google.com/open?id=1ZCKklvuPcBNcQ5b-lJLoFP0FknC3hc5e
8/14/2026 7:19:03,Caesar_SPQR,Graded (No Uma Restrictions),Win A finals with any uma,I accept these terms,Finals,Windows,$101-500,1073,31-45 (roughly 5-6 per day),Discord - MooMooCord - https://discord.gg/Hc7cP9GB,,,Oguri Cap (Christmas),Pace Chaser,Ace built for this CM before CM start in Grand Concert scenario,2,,1,,2,1,,Symboli Rudolf,End Closer,Debuffer,1,,,,5,,,Eishin Flash (Valentine),End Closer,Debuffer,1,,,,4,1,,4 Attempts - 20 Races total,16,Go to Submit page,,,,,,,,,,,,,,Re-use Day 1 - Team Comp 1 as Day 2 - Team Comp 1,,,,,,,,,,4 Attempts - 20 Races total,16,Go to Submit page,,,,,,,,,,,,,,,Re-use Day 2 - Team Comp 1 as Day 3 - Team Comp 1,A Group,,,,,,,,,,4 Attempts - 20 Races total,15,Go to Submit page,,,,,,,,,,,,,,,Re-use Day 3 - Team Comp 1 as Day 4 - Team Comp 1,A Group,,,,,,,,,,4 Attempts - 20 Races total,14,Go to Submit page,,,,,,,,,,,,,,,A Finals,13207,Re-use Day 4 - Team Comp 1 as Finals Team Comp,,,,,,,,,,https://drive.google.com/open?id=1tD1qAhjdCU_USHrdy1a2GMlcnTXKNdJl,2nd,Yes,https://drive.google.com/open?id=18P8G7KLJc8cDMtXASfSVlI8gkV76WQy6,https://drive.google.com/open?id=1pcxh_NHzH0rHuTR7ZuTiw2BZYiO4va15,,0,11,2,0,1,https://drive.google.com/open?id=1fOWnCbnO4uGNzxNd6I_7RG8BOMJ8VT0k,,,,,,,,,,
8/14/2026 6:18:58,Teracyte,Graded (No Uma Restrictions),Win A finals with any uma,I accept these terms,Finals,"Android - phone or tablet, Windows, SteamOS - Steam Deck",$101-500,672,11-20 (roughly 2-3 per day),Discord - MooMooCord - https://discord.gg/Hc7cP9GB,,,Smart Falcon,Front Runner,Ace built for this CM before CM start in Grand Concert scenario,2,1,0,0,2,1,0,Gold City (Festival),Late Surger,Ace built for this CM before CM start in Grand Concert scenario,2,1,0,0,2,1,0,Oguri Cap,Late Surger,Ace built for this CM before CM start in Grand Concert scenario,2,1,0,0,2,1,0,4 Attempts - 20 Races total,14,Go to Submit page,,,,,,,,,,,,,,Re-use Day 1 - Team Comp 1 as Day 2 - Team Comp 1,,,,,,,,,,4 Attempts - 20 Races total,11,Go to Submit page,,,,,,,,,,,,,,,Re-use Day 2 - Team Comp 1 as Day 3 - Team Comp 1,A Group,,,,,,,,,,4 Attempts - 20 Races total,6,Day 4,,,,,,,,,,,,,,,Re-use Day 3 - Team Comp 1 as Day 4 - Team Comp 1,A Group,,,,,,,,,,4 Attempts - 20 Races total,9,Go to Submit page,,,,,,,,,,,,,,,A Finals,7889,Re-use Day 4 - Team Comp 1 as Finals Team Comp,,,,,,,,,,https://drive.google.com/open?id=1uNAe4j-Cw4-r3Pl_R92WteI1ZO7Y0pHO,3rd,Yes,https://drive.google.com/open?id=17OFfENsvkz6FcF3GRIm40MFapNxj_N6N,https://drive.google.com/open?id=1E-Ippn4ufwrRHyOqOBnwXe6BWwsmLtjB,,2,9,6,,,https://drive.google.com/open?id=11WHQNcZZT5yKTSys_0Uy_vOgtatPfrlN,,,,,,,,,,
8/14/2026 10:48:14,Acornsmasher,Graded (No Uma Restrictions),Get into A finals,I accept these terms,Finals,"Android - phone or tablet, Windows",$1001-5000,628,31-45 (roughly 5-6 per day),Discord - MooMooCord - https://discord.gg/Hc7cP9GB,5,,Mejiro McQueen (Anime Collab),Front Runner,Ace built for this CM before CM start in Grand Concert scenario,2,1,,,2,1,,Maruzensky (Summer),Front Runner,Ace built for this CM before CM start in Grand Concert scenario,2,1,,,2,1,,Silence Suzuka,Runaway,Ace built for this CM before CM start in Grand Concert scenario,,1,1,,3,1,,3 Attempts - 15 Races total,6,Day 1 - Add 2nd Team,Mejiro McQueen (Anime Collab),Front Runner,Ace built for this CM before CM start in Grand Concert scenario,Symboli Rudolf,Late Surger,Debuffer,Super Creek (Halloween),Late Surger,Debuffer,1 Attempt - 5 Races total,2,2 teams,Go to Submit page,Add new Team Comp as Day 2 - Team Comp 1,Mejiro McQueen (Anime Collab),Front Runner,Ace built for this CM before CM start in Grand Concert scenario,Maruzensky (Summer),Front Runner,Ace built for this CM before CM start in Grand Concert scenario,Silence Suzuka,Runaway,Blocker/Overtake target/Throwaway/Niche role,3 Attempts - 15 Races total,6,Day 2 - Add 2nd Team,Add new Team Comp as Day 2 - Team Comp 2,Mejiro McQueen (Anime Collab),Front Runner,Ace built for this CM before CM start in Grand Concert scenario,Grass Wonder,Late Surger,Debuffer,Symboli Rudolf,Late Surger,Debuffer,1 Attempt - 5 Races total,3,2 teams,Go to Submit page,Add new Team Comp as Day 3 - Team Comp 1,A Group,Maruzensky (Summer),Front Runner,Ace built for this CM before CM start in Grand Concert scenario,Symboli Rudolf,Late Surger,Debuffer,Grass Wonder,Late Surger,Debuffer,1 Attempt - 5 Races total,1,Day 3 - Add 2nd Team,Re-use Day 2 - Team Comp 2 as Day 3 - Team Comp 2,,,,,,,,,,3 Attempts - 15 Races total,4,2 teams,Go to Submit page,Re-use Day 3 - Team Comp 1 as Day 4 - Team Comp 1,A Group,,,,,,,,,,1 Attempt - 5 Races total,0,Day 4 - Add 2nd team,Re-use Day 3 - Team Comp 2 as Day 4 - Team Comp 2,,,,,,,,,,2 Attempts - 10 Races total,3,3 teams,Go to Submit page,B Finals,3714,Re-use Day 4 - Team Comp 2 as Finals Team Comp,,,,,,,,,,https://drive.google.com/open?id=1XbF_NN924z04YnWturRxlemyOPXDqKYb,2nd,Yes,https://drive.google.com/open?id=11rCGSQ7eQzkTiiAFhhxdnQA72AaBCv6f,https://drive.google.com/open?id=1YaddXoJHhNlp057t6e5cQSvhVMaEOfRu,,2,10,,1,,https://drive.google.com/open?id=1koMSTI7ElqGG9GnilQlCtMYNTfwzzIx9,,,,,,,,,,
8/14/2026 5:52:56,aaron.l__,Graded (No Uma Restrictions),"Win A finals with ""oshi"" uma",I accept these terms,Finals,iOS - phone or tablet,$501-1000,1255,11-20 (roughly 2-3 per day),Discord - MooMooCord - https://discord.gg/Hc7cP9GB,5,,Agnes Digital,End Closer,Ace built for this CM before CM start in Grand Concert scenario,2,1,0,0,2,1,0,Eishin Flash (Valentine),Front Runner,Debuffer,,,,,,,,Grass Wonder,Front Runner,Debuffer,,,,,,,,4 Attempts - 20 Races total,20,Go to Submit page,,,,,,,,,,,,,,Re-use Day 1 - Team Comp 1 as Day 2 - Team Comp 1,,,,,,,,,,4 Attempts - 20 Races total,19,Go to Submit page,,,,,,,,,,,,,,,Re-use Day 2 - Team Comp 1 as Day 3 - Team Comp 1,A Group,,,,,,,,,,4 Attempts - 20 Races total,14,Go to Submit page,,,,,,,,,,,,,,,Re-use Day 3 - Team Comp 1 as Day 4 - Team Comp 1,A Group,,,,,,,,,,4 Attempts - 20 Races total,13,Go to Submit page,,,,,,,,,,,,,,,A Finals,10950,Re-use Day 4 - Team Comp 1 as Finals Team Comp,,,,,,,,,,https://drive.google.com/open?id=1rEMOawKTGKwcHKKseoLndsMfxMnmJsPa,1st,,,,,,,,,,,Everything to make oshi win,https://drive.google.com/open?id=18KznzZIimuSwy1KUmo2TDCsH4V5joFw0,https://drive.google.com/open?id=114CAMgzBgqAGEyD-gD_M1T3RTJ5UiIZK,,6,5,3,,2,https://drive.google.com/open?id=1D3QV4krRNPjkVsDebpqUGx8ATSm4e2pw
8/14/2026 6:44:21,Viy,Graded (No Uma Restrictions),"Win A finals with ""oshi"" uma",I accept these terms,Finals,Windows,Rather not say,1841,31-45 (roughly 5-6 per day),YouTube - MooMooCows - https://www.youtube.com/@MooMooCows,5,,Mejiro McQueen (Anime Collab),Front Runner,Ace built for this CM before CM start in Grand Concert scenario,3,1,,,1,1,,Copano Rickey,Front Runner,Ace built for this CM before CM start in Grand Concert scenario,3,1,,,1,1,,Oguri Cap (Christmas),Pace Chaser,Ace built for this CM before CM start in Grand Concert scenario,3,,,,2,1,,4 Attempts - 20 Races total,15,Go to Submit page,,,,,,,,,,,,,,Re-use Day 1 - Team Comp 1 as Day 2 - Team Comp 1,,,,,,,,,,4 Attempts - 20 Races total,13,Go to Submit page,,,,,,,,,,,,,,,Re-use Day 2 - Team Comp 1 as Day 3 - Team Comp 1,A Group,,,,,,,,,,4 Attempts - 20 Races total,12,Go to Submit page,,,,,,,,,,,,,,,Re-use Day 3 - Team Comp 1 as Day 4 - Team Comp 1,A Group,,,,,,,,,,4 Attempts - 20 Races total,12,Go to Submit page,,,,,,,,,,,,,,,A Finals,12277,Re-use Day 4 - Team Comp 1 as Finals Team Comp,,,,,,,,,,,2nd,No (goes to Submit page),,,,,,,,,,,,,,,,,,,
8/14/2026 5:25:00,chia,Graded (No Uma Restrictions),Collect participation rewards,I accept these terms,Finals,Windows,$501-1000,,46+ (more than 6 per day),Discord - MooMooCord - https://discord.gg/Hc7cP9GB,5,,Mayano Top Gun (Wedding),Late Surger,Hybrid (ace + debuffer),2,,1,,2,1,,Super Creek (Halloween),Late Surger,Debuffer,,,2,,4,,,Nice Nature,Late Surger,Debuffer,,1,2,,3,,,4 Attempts - 20 Races total,12,Go to Submit page,,,,,,,,,,,,,,Re-use Day 1 - Team Comp 1 as Day 2 - Team Comp 1,,,,,,,,,,4 Attempts - 20 Races total,15,Go to Submit page,,,,,,,,,,,,,,,Re-use Day 2 - Team Comp 1 as Day 3 - Team Comp 1,A Group,,,,,,,,,,4 Attempts - 20 Races total,11,Go to Submit page,,,,,,,,,,,,,,,Re-use Day 3 - Team Comp 1 as Day 4 - Team Comp 1,A Group,,,,,,,,,,4 Attempts - 20 Races total,11,Go to Submit page,,,,,,,,,,,,,,,A Finals,9424,Re-use Day 4 - Team Comp 1 as Finals Team Comp,,,,,,,,,,,2nd,No (goes to Submit page),,,,,,,,,,,,,,,,,,,
8/14/2026 5:23:53,Rho,Graded (No Uma Restrictions),Win A finals with any uma,I accept these terms,Finals,"Android - phone or tablet, Windows",$1001-5000,2185,46+ (more than 6 per day),,,,Oguri Cap (Christmas),Pace Chaser,Ace built for this CM before CM start in Grand Concert scenario,2,0,1,,2,1,0,Symboli Rudolf,Front Runner,Debuffer,1,0,1,0,3,1,0,Eishin Flash (Valentine),End Closer,Debuffer,1,1,0,0,3,1,,4 Attempts - 20 Races total,18,Go to Submit page,,,,,,,,,,,,,,Re-use Day 1 - Team Comp 1 as Day 2 - Team Comp 1,,,,,,,,,,4 Attempts - 20 Races total,19,Go to Submit page,,,,,,,,,,,,,,,Re-use Day 2 - Team Comp 1 as Day 3 - Team Comp 1,A Group,,,,,,,,,,4 Attempts - 20 Races total,13,Go to Submit page,,,,,,,,,,,,,,,Re-use Day 3 - Team Comp 1 as Day 4 - Team Comp 1,A Group,,,,,,,,,,4 Attempts - 20 Races total,14,Go to Submit page,,,,,,,,,,,,,,,A Finals,10122,Re-use Day 4 - Team Comp 1 as Finals Team Comp,,,,,,,,,,https://drive.google.com/open?id=1Jsuh3cGZGrLLyYz0yuEcGR-49oORqgI9,1st,,,,,,,,,,,,,,,,,,,,
8/14/2026 19:59:35,Kman,Graded (No Uma Restrictions),Get into A finals,I accept these terms,Finals,Android - phone or tablet,$1-100,,,Discord - MooMooCord - https://discord.gg/Hc7cP9GB,5,,Copano Rickey,Pace Chaser,Ace built for this CM before CM start in Grand Concert scenario,3,1,,,1,1,,Grass Wonder,Late Surger,Debuffer,1,,1,,3,1,,Agnes Tachyon,Late Surger,Debuffer,1,,1,,3,1,,4 Attempts - 20 Races total,13,Day 2,,,,,,,,,,,,,,Re-use Day 1 - Team Comp 1 as Day 2 - Team Comp 1,,,,,,,,,,4 Attempts - 20 Races total,17,Go to Submit page,,,,,,,,,,,,,,,Re-use Day 2 - Team Comp 1 as Day 3 - Team Comp 1,A Group,,,,,,,,,,4 Attempts - 20 Races total,14,Go to Submit page,,,,,,,,,,,,,,,Re-use Day 3 - Team Comp 1 as Day 4 - Team Comp 1,A Group,,,,,,,,,,4 Attempts - 20 Races total,19,Go to Submit page,,,,,,,,,,,,,,,A Finals,12233,Re-use Day 4 - Team Comp 1 as Finals Team Comp,,,,,,,,,,https://drive.google.com/open?id=1JfdW7HHNVV3gMC1qRrDYWbO-rgtHO6pZ,1st,,,,,,,,,,,,,,,,,,,,
8/14/2026 5:59:31,Dan,Graded (No Uma Restrictions),Get into A finals,I accept these terms,Finals,"Android - phone or tablet, Windows",$1-100,1224,31-45 (roughly 5-6 per day),Discord - MooMooCord - https://discord.gg/Hc7cP9GB,5,,Grass Wonder,Late Surger,Debuffer,2,,1,,3,,,Inari One,End Closer,Ace built for this CM before CM start in Grand Concert scenario,3,,,,2,1,,Nice Nature (Cheerleader),Late Surger,Ace built for this CM before CM start in Grand Concert scenario,3,1,,,1,1,,3 Attempts - 15 Races total,11,Go to Submit page,,,,,,,,,,,,,,Re-use Day 1 - Team Comp 1 as Day 2 - Team Comp 1,,,,,,,,,,3 Attempts - 15 Races total,10,Go to Submit page,,,,,,,,,,,,,,,Re-use Day 2 - Team Comp 1 as Day 3 - Team Comp 1,A Group,,,,,,,,,,4 Attempts - 20 Races total,12,Go to Submit page,,,,,,,,,,,,,,,Re-use Day 3 - Team Comp 1 as Day 4 - Team Comp 1,A Group,,,,,,,,,,4 Attempts - 20 Races total,14,Go to Submit page,,,,,,,,,,,,,,,A Finals,,Re-use Day 4 - Team Comp 1 as Finals Team Comp,,,,,,,,,,,2nd,No (goes to Submit page),,,,,,,,,,,,,,,,,,,
8/14/2026 12:07:09,abstractshrimp,Graded (No Uma Restrictions),Get into A finals,I accept these terms,Day 1,"iOS - phone or tablet, Windows",$1-100,,21-30 (roughly 3-4 per day),"Discord - MooMooCord - https://discord.gg/Hc7cP9GB, Twitch - MooMooCows - https://www.twitch.tv/moomoomoocows, YouTube - MooMooCows - https://www.youtube.com/@MooMooCows",,,Agnes Digital,Late Surger,Ace built for this CM before CM start in Grand Concert scenario,2,,1,,2,1,,Grass Wonder,Late Surger,Debuffer,,,,,,,,Symboli Rudolf,Late Surger,Debuffer,,,,,,,,2 Attempts - 10 Races total,6,Day 2,,,,,,,,,,,,,,Re-use Day 1 - Team Comp 1 as Day 2 - Team Comp 1,,,,,,,,,,2 Attempts - 10 Races total,10,Day 3,,,,,,,,,,,,,,,Re-use Day 2 - Team Comp 1 as Day 3 - Team Comp 1,A Group,,,,,,,,,,4 Attempts - 20 Races total,11,Day 4,,,,,,,,,,,,,,,Re-use Day 3 - Team Comp 1 as Day 4 - Team Comp 1,A Group,,,,,,,,,,4 Attempts - 20 Races total,16,Finals,,,,,,,,,,,,,,,A Finals,10164,Re-use Day 4 - Team Comp 1 as Finals Team Comp,,,,,,,,,,https://drive.google.com/open?id=19ejUXkkdPTiCrgH4BZOZnV6v363nCeKM,3rd,Yes,https://drive.google.com/open?id=1SZ8doNJ8SWCP0ZFsGV6-PA8Wl1_PJocb,https://drive.google.com/open?id=1s43gG7iF-l5mMU1HGxtySYQpBJJooV9g,,2,12,,,,https://drive.google.com/open?id=1Iox2PJapPMd81byGk5zu2ZnR8sPHhEkX,,,,,,,,,,
8/12/2026 7:41:46,robo,Graded (No Uma Restrictions),BRIGHTER TOGETHER 🔦  OUR GRAND GLUE FACTORY 🗑️ FAIL 2% TRAINING 🏥 LOSE DEBUT RACE 🏃🏻‍♀️‍➡️ NO RANDOM COIN EVENTS 🦗 NO LIGHT HELLO DATE UNTIL SENIOR YEAR 🙇🏻‍♀️ NO SP BONUS SONG 👨🏻‍💼 NO TRAINING EFFECTIVENESS SONG 🏃🏻‍♂️‍➡️ WRONG TOKEN FROM TRAINING 🪙 ONE BOND PER CLICK JUNIOR YEAR 🧍🏻‍♂️ ZERO PINK INSPIRATION 🩷 SUMMER NO RAINBOW🏖️ ENERGY DRAIN RANDOM EVENTS 😫 300 BLUE 0 RED TOKENS 🔵 CAN'T EMPTY TOKENS AFTER RUN ENDS 💰 0 SSR CHAIN EVENT FINISH ⛓️ XOGURI SLOP :cing:  ,I accept these terms,Day 4,Windows,$1001-5000,2327,46+ (more than 6 per day),Discord - MooMooCord - https://discord.gg/Hc7cP9GB,,,Gold Ship (Summer),End Closer,Ace built for this CM before CM start in Grand Concert scenario,,,,,,,,Grass Wonder,End Closer,Debuffer,,,,,,,,Eishin Flash (Valentine),Front Runner,Debuffer,,,,,,,,4 Attempts - 20 Races total,16,Go to Submit page,,,,,,,,,,,,,,Re-use Day 1 - Team Comp 1 as Day 2 - Team Comp 1,,,,,,,,,,4 Attempts - 20 Races total,19,Go to Submit page,,,,,,,,,,,,,,,Re-use Day 2 - Team Comp 1 as Day 3 - Team Comp 1,A Group,,,,,,,,,,4 Attempts - 20 Races total,13,Go to Submit page,,,,,,,,,,,,,,,Re-use Day 3 - Team Comp 1 as Day 4 - Team Comp 1,A Group,,,,,,,,,,4 Attempts - 20 Races total,16,Go to Submit page,,,,,,,,,,,,,,,,,,,,,,,,,,,,,,,,,,,,,,,,,,,,,,,,
8/14/2026 5:26:49,Big Slic3,Graded (No Uma Restrictions),Get into A finals,I accept these terms,Finals,iOS - phone or tablet,$101-500,1189,31-45 (roughly 5-6 per day),"Discord - MooMooCord - https://discord.gg/Hc7cP9GB, Twitch - MooMooCows - https://www.twitch.tv/moomoomoocows, YouTube - MooMooCows - https://www.youtube.com/@MooMooCows",5,I Appreciate all the hard work the MooMooCord team puts into this! ,Oguri Cap,Late Surger,Ace built for this CM before CM start in Grand Concert scenario,2,1,,,2,1,,Agnes Tachyon,Front Runner,Debuffer,,,,,,,,Symboli Rudolf,Front Runner,Debuffer,,,,,,,,4 Attempts - 20 Races total,13,Go to Submit page,,,,,,,,,,,,,,Re-use Day 1 - Team Comp 1 as Day 2 - Team Comp 1,,,,,,,,,,4 Attempts - 20 Races total,10,Go to Submit page,,,,,,,,,,,,,,,Re-use Day 2 - Team Comp 1 as Day 3 - Team Comp 1,A Group,,,,,,,,,,4 Attempts - 20 Races total,6,Go to Submit page,,,,,,,,,,,,,,,Re-use Day 3 - Team Comp 1 as Day 4 - Team Comp 1,A Group,,,,,,,,,,4 Attempts - 20 Races total,5,Go to Submit page,,,,,,,,,,,,,,,A Finals,9913,Re-use Day 4 - Team Comp 1 as Finals Team Comp,,,,,,,,,,https://drive.google.com/open?id=1jU6eUk6YLFZFA9vMya4TfK6cYoNDtCsw,1st,,,,,,,,,,,Oguri isn’t my oshi I’m just filling this out in case I’m the only OG oguri that wins ,https://drive.google.com/open?id=1GpCxcYYEe8iUqsqyYN_Qcv7FPS3jE5W-,,,,15,,,,
8/9/2026 7:42:25,Snowy,Graded (No Uma Restrictions),"Win A finals with ""oshi"" uma",I accept these terms,Day 1,"iOS - phone or tablet, Windows",$0,1109,31-45 (roughly 5-6 per day),Discord - MooMooCord - https://discord.gg/Hc7cP9GB,,,Gold Ship,End Closer,Ace built for this CM before CM start in Grand Concert scenario,3,1,0,0,1,1,0,Agnes Tachyon,End Closer,Debuffer,1,0,0,0,4,1,0,Grass Wonder,End Closer,Debuffer,1,0,0,0,4,1,0,4 Attempts - 20 Races total,12,Go to Submit page,,,,,,,,,,,,,,,,,,,,,,,,,,,,,,,,,,,,,,,,,,,,,,,,,,,,,,,,,,,,,,,,,,,,,,,,,,,,,,,,,,,,,,,,,,,,,,,,,,,,,,,,,,,,,,,,,,,,,,,,,,,,,,,,,,
8/14/2026 12:05:19,hannahmuffins,Graded (No Uma Restrictions),Win A finals with any uma,I accept these terms,Finals,"Android - phone or tablet, Linux",$501-1000,1604,31-45 (roughly 5-6 per day),Discord - MooMooCord - https://discord.gg/Hc7cP9GB,,,Oguri Cap (Christmas),Pace Chaser,Ace built for this CM before CM start in Grand Concert scenario,3,0,0,0,2,1,0,Nice Nature,Late Surger,Debuffer,1,2,0,0,3,0,0,Grass Wonder,Late Surger,Debuffer,1,1,0,0,4,0,0,4 Attempts - 20 Races total,17,Go to Submit page,,,,,,,,,,,,,,Re-use Day 1 - Team Comp 1 as Day 2 - Team Comp 1,,,,,,,,,,4 Attempts - 20 Races total,15,Go to Submit page,,,,,,,,,,,,,,,Re-use Day 2 - Team Comp 1 as Day 3 - Team Comp 1,A Group,,,,,,,,,,4 Attempts - 20 Races total,15,Go to Submit page,,,,,,,,,,,,,,,Re-use Day 3 - Team Comp 1 as Day 4 - Team Comp 1,A Group,,,,,,,,,,4 Attempts - 20 Races total,14,Go to Submit page,,,,,,,,,,,,,,,A Finals,11509,Re-use Day 4 - Team Comp 1 as Finals Team Comp,,,,,,,,,,https://drive.google.com/open?id=1AGbLZbQqfToqF3FdzNGpUIrxQud0yffa,1st,,,,,,,,,,,,https://drive.google.com/open?id=1rSY8vuNc1d1aUovVtljgTZVtCjdwo004,https://drive.google.com/open?id=13LuyX6kKsZMcKuq2RXL-jHyrXb__rQhB,,0,14,0,0,0,https://drive.google.com/open?id=1Odnso8uSEejEFkdBlMUH4MPnnTQx8bp9
8/14/2026 8:25:19,SynBlaue,Graded (No Uma Restrictions),Get into A finals,I accept these terms,Finals,Android - phone or tablet,$101-500,704,21-30 (roughly 3-4 per day),,5,,Super Creek,Pace Chaser,Ace built for this CM before CM start in Grand Concert scenario,3,,1,,1,1,,Symboli Rudolf,Front Runner,Debuffer,2,,3,,,1,,Grass Wonder,Late Surger,Debuffer,1,,,,5,,,1 Attempt - 5 Races total,1,Day 1 - Add 2nd Team,Super Creek,Pace Chaser,Ace built for this CM before CM start in Grand Concert scenario,Inari One,End Closer,Ace built for this CM before CM start in Grand Concert scenario,Symboli Rudolf,Late Surger,Debuffer,3 Attempts - 15 Races total,7,2 teams,Go to Submit page,Add new Team Comp as Day 2 - Team Comp 1,Super Creek,Pace Chaser,Ace built for this CM before CM start in Grand Concert scenario,Inari One,End Closer,Mid-CM Ace build in Grand Concert scenario,Symboli Rudolf,Late Surger,Debuffer,4 Attempts - 20 Races total,12,Go to Submit page,,,,,,,,,,,,,,,Re-use Day 2 - Team Comp 1 as Day 3 - Team Comp 1,A Group,,,,,,,,,,4 Attempts - 20 Races total,9,Go to Submit page,,,,,,,,,,,,,,,Re-use Day 3 - Team Comp 1 as Day 4 - Team Comp 1,A Group,,,,,,,,,,4 Attempts - 20 Races total,10,Go to Submit page,,,,,,,,,,,,,,,A Finals,7827,Re-use Day 4 - Team Comp 1 as Finals Team Comp,,,,,,,,,,https://drive.google.com/open?id=17iA4Z-jmGsPe-qfOXNqxCtDowvzrUxPt,1st,,,,,,,,,,,,https://drive.google.com/open?id=1PzQYnCzLKFL6Sd-Fkgc34opGqkd81xrg,https://drive.google.com/open?id=1CUyaYIQWSbkhPriwe8vg6tdeARUYMLZU,,,13,,,2,https://drive.google.com/open?id=1GdE6fufVglohvPASzu8_A8tlxez17JWC
8/14/2026 7:35:59,13deltas,Graded (No Uma Restrictions),Get into A finals,I accept these terms,Finals,iOS - phone or tablet,$0,1463,31-45 (roughly 5-6 per day),Discord - MooMooCord - https://discord.gg/Hc7cP9GB,5,:),Oguri Cap (Christmas),Pace Chaser,Ace built for this CM before CM start in Grand Concert scenario,2,0,1,,2,1,,Grass Wonder,Late Surger,Debuffer,,,,,,,,Nice Nature,Late Surger,Debuffer,,,,,,,,4 Attempts - 20 Races total,16,Go to Submit page,,,,,,,,,,,,,,Re-use Day 1 - Team Comp 1 as Day 2 - Team Comp 1,,,,,,,,,,4 Attempts - 20 Races total,17,Go to Submit page,,,,,,,,,,,,,,,Add new Team Comp as Day 3 - Team Comp 1,A Group,Agnes Tachyon,Late Surger,Debuffer,Grass Wonder,Late Surger,Debuffer,Oguri Cap (Christmas),Pace Chaser,Ace built for this CM before CM start in Grand Concert scenario,4 Attempts - 20 Races total,12,Go to Submit page,,,,,,,,,,,,,,,Re-use Day 3 - Team Comp 1 as Day 4 - Team Comp 1,A Group,,,,,,,,,,4 Attempts - 20 Races total,16,Go to Submit page,,,,,,,,,,,,,,,A Finals,14244,Re-use Day 4 - Team Comp 1 as Finals Team Comp,,,,,,,,,,https://drive.google.com/open?id=1rQhiTvYHIgkmGq23m9Kd5Odc6_6zGxqc,1st,,,,,,,,,,,W fatty,https://drive.google.com/open?id=1as7LwtQjF0WQy-uEwJ3AeYX8NXTX2WX6,https://drive.google.com/open?id=1ZgpPXUGKYpFKgmpcjOfyUYTX2p09xj0i,,,7,3,,4,https://drive.google.com/open?id=1TF9k96J0GQy6whmbYH7Gxv9msIavuUmt
8/14/2026 14:53:01,Samur4i,Graded (No Uma Restrictions),Get into A finals,I accept these terms,Finals,"Android - phone or tablet, Windows",$1-100,1189,46+ (more than 6 per day),"Friend sent me the link, Discord - MooMooCord - https://discord.gg/Hc7cP9GB",5,,Oguri Cap (Christmas),Pace Chaser,Ace built for this CM before CM start in Grand Concert scenario,2,1,0,0,2,1,0,Grass Wonder,Late Surger,Debuffer,1,0,1,1,3,0,0,Agnes Tachyon,Late Surger,Debuffer,1,1,0,1,3,0,0,4 Attempts - 20 Races total,12,Go to Submit page,,,,,,,,,,,,,,Re-use Day 1 - Team Comp 1 as Day 2 - Team Comp 1,,,,,,,,,,4 Attempts - 20 Races total,15,Go to Submit page,,,,,,,,,,,,,,,Re-use Day 2 - Team Comp 1 as Day 3 - Team Comp 1,A Group,,,,,,,,,,4 Attempts - 20 Races total,12,Go to Submit page,,,,,,,,,,,,,,,Re-use Day 3 - Team Comp 1 as Day 4 - Team Comp 1,A Group,,,,,,,,,,4 Attempts - 20 Races total,15,Go to Submit page,,,,,,,,,,,,,,,A Finals,13701,Re-use Day 4 - Team Comp 1 as Finals Team Comp,,,,,,,,,,,2nd,No (goes to Submit page),,,,,,,,,,,,,,,,,,,
8/14/2026 5:19:33,DanFPS,Graded (No Uma Restrictions),Win A finals with any uma,I accept these terms,Finals,Windows,Rather not say,1949,31-45 (roughly 5-6 per day),Discord - MooMooCord - https://discord.gg/Hc7cP9GB,5,,Oguri Cap (Christmas),Pace Chaser,Ace built for this CM before CM start in Grand Concert scenario,3,,,,2,1,,Agnes Digital,Late Surger,Ace built for this CM before CM start in Grand Concert scenario,3,,,,2,0,,Inari One,End Closer,Ace built for this CM before CM start in Grand Concert scenario,3,,,,2,0,,4 Attempts - 20 Races total,19,Go to Submit page,,,,,,,,,,,,,,Re-use Day 1 - Team Comp 1 as Day 2 - Team Comp 1,,,,,,,,,,4 Attempts - 20 Races total,16,Go to Submit page,,,,,,,,,,,,,,,Re-use Day 2 - Team Comp 1 as Day 3 - Team Comp 1,A Group,,,,,,,,,,4 Attempts - 20 Races total,17,Go to Submit page,,,,,,,,,,,,,,,Re-use Day 3 - Team Comp 1 as Day 4 - Team Comp 1,A Group,,,,,,,,,,4 Attempts - 20 Races total,11,Go to Submit page,,,,,,,,,,,,,,,A Finals,12448,Re-use Day 4 - Team Comp 1 as Finals Team Comp,,,,,,,,,,,2nd,No (goes to Submit page),,,,,,,,,,,,,,,,,,,
8/14/2026 5:06:40,Carakuza,Graded (No Uma Restrictions),Win A finals with any uma,I accept these terms,Finals,,$1-100,,31-45 (roughly 5-6 per day),,,,Oguri Cap (Christmas),Pace Chaser,Ace built for this CM before CM start in Grand Concert scenario,2,1,0,0,2,1,,Agnes Tachyon,End Closer,Debuffer,,,,,,,,Nice Nature,Late Surger,Debuffer,,,,,,,,4 Attempts - 20 Races total,19,Go to Submit page,,,,,,,,,,,,,,Re-use Day 1 - Team Comp 1 as Day 2 - Team Comp 1,,,,,,,,,,4 Attempts - 20 Races total,15,Go to Submit page,,,,,,,,,,,,,,,Re-use Day 2 - Team Comp 1 as Day 3 - Team Comp 1,A Group,,,,,,,,,,4 Attempts - 20 Races total,17,Go to Submit page,,,,,,,,,,,,,,,Re-use Day 3 - Team Comp 1 as Day 4 - Team Comp 1,A Group,,,,,,,,,,4 Attempts - 20 Races total,17,Go to Submit page,,,,,,,,,,,,,,,A Finals,,Re-use Day 4 - Team Comp 1 as Finals Team Comp,,,,,,,,,,,2nd,No (goes to Submit page),,,,,,,,,,,,,,,,,,,
8/12/2026 11:49:02,Tiypo,Graded (No Uma Restrictions),Get into A finals,I accept these terms,Day 3,"Android - phone or tablet, Windows",$501-1000,773,21-30 (roughly 3-4 per day),Discord - MooMooCord - https://discord.gg/Hc7cP9GB,5,,Narita Taishin (Steampunk),End Closer,Ace built for this CM before CM start in Grand Concert scenario,3,0,0,0,2,1,0,Oguri Cap (Christmas),Pace Chaser,Ace built for this CM before CM start in Grand Concert scenario,3,0,0,0,2,1,0,Grass Wonder,Late Surger,Debuffer,1,1,0,0,3,1,0,4 Attempts - 20 Races total,12,Go to Submit page,,,,,,,,,,,,,,Re-use Day 1 - Team Comp 1 as Day 2 - Team Comp 1,,,,,,,,,,4 Attempts - 20 Races total,12,Go to Submit page,,,,,,,,,,,,,,,Re-use Day 2 - Team Comp 1 as Day 3 - Team Comp 1,A Group,,,,,,,,,,4 Attempts - 20 Races total,6,Day 2,,,,,,,,,,,,,,,Re-use Day 3 - Team Comp 1 as Day 4 - Team Comp 1,A Group,,,,,,,,,,4 Attempts - 20 Races total,12,Go to Submit page,,,,,,,,,,,,,,,,,,,,,,,,,,,,,,,,,,,,,,,,,,,,,,,,
8/14/2026 5:19:58,C#,Graded (No Uma Restrictions),Get into A finals,I accept these terms,Finals,Android - phone or tablet,$1-100,741,11-20 (roughly 2-3 per day),"Discord - MooMooCord - https://discord.gg/Hc7cP9GB, YouTube - MooMooCows - https://www.youtube.com/@MooMooCows",,,Oguri Cap (Christmas),Pace Chaser,Ace built for this CM before CM start in Grand Concert scenario,2,1,0,0,2,1,0,Super Creek (Halloween),Late Surger,Debuffer,0,2,1,0,2,1,0,Nice Nature,Late Surger,Debuffer,0,2,1,0,2,1,0,1 Attempt - 5 Races total,5,Day 1 - Add 2nd Team,Oguri Cap (Christmas),Pace Chaser,Ace built for this CM before CM start in Grand Concert scenario,Eishin Flash (Valentine),End Closer,Debuffer,Grass Wonder,End Closer,Debuffer,3 Attempts - 15 Races total,14,2 teams,Go to Submit page,Re-use Day 1 - Team Comp 2 as Day 2 - Team Comp 1,,,,,,,,,,4 Attempts - 20 Races total,19,Go to Submit page,,,,,,,,,,,,,,,Re-use Day 2 - Team Comp 1 as Day 3 - Team Comp 1,A Group,,,,,,,,,,4 Attempts - 20 Races total,16,Go to Submit page,,,,,,,,,,,,,,,Re-use Day 3 - Team Comp 1 as Day 4 - Team Comp 1,A Group,,,,,,,,,,4 Attempts - 20 Races total,17,Go to Submit page,,,,,,,,,,,,,,,A Finals,10555,Re-use Day 4 - Team Comp 1 as Finals Team Comp,,,,,,,,,,https://drive.google.com/open?id=16OrI5AHJKNSBEfx1-koWuCa0KQyptY3X,1st,,,,,,,,,,,,https://drive.google.com/open?id=1oKmhPgE0S3KXcC2H5v1i9Do2aSPmwAXL,https://drive.google.com/open?id=1Kc2MJ2Y7UOxmjAfZougStnOn9WMTWyTd,,,,,,,https://drive.google.com/open?id=1Oab5OOtg7iMjlT7njyxG924lbuag1lyY
8/14/2026 9:14:49,umai,Graded (No Uma Restrictions),Win A finals with any uma,I accept these terms,Day 4,iOS - phone or tablet,$501-1000,1341,31-45 (roughly 5-6 per day),Discord - MooMooCord - https://discord.gg/Hc7cP9GB,5,,Satono Diamond,Late Surger,Ace built for this CM before CM start in Grand Concert scenario,3,1,0,0,1,1,0,Copano Rickey,Front Runner,Ace built for this CM before CM start in Grand Concert scenario,3,0,1,0,1,1,0,Oguri Cap (Christmas),Pace Chaser,Ace built for this CM before CM start in Grand Concert scenario,3,0,0,0,2,1,0,4 Attempts - 20 Races total,14,Go to Submit page,,,,,,,,,,,,,,Re-use Day 1 - Team Comp 1 as Day 2 - Team Comp 1,,,,,,,,,,4 Attempts - 20 Races total,16,Day 3,,,,,,,,,,,,,,,Re-use Day 2 - Team Comp 1 as Day 3 - Team Comp 1,A Group,,,,,,,,,,4 Attempts - 20 Races total,11,Go to Submit page,,,,,,,,,,,,,,,Re-use Day 3 - Team Comp 1 as Day 4 - Team Comp 1,A Group,,,,,,,,,,4 Attempts - 20 Races total,16,Finals,,,,,,,,,,,,,,,A Finals,10711,Re-use Day 4 - Team Comp 1 as Finals Team Comp,,,,,,,,,,https://drive.google.com/open?id=1oVnRK54jqSI30KbSigNkAlbAqPq7BU0F,1st,,,,,,,,,,,,https://drive.google.com/open?id=1vN42VWTf2N9Ke7QFZ-etXBr6YajT9UQo,https://drive.google.com/open?id=1HO3Vo1xqiKHfF-X3mHNvkRsNDWm8DGAt,,0,10,4,0,0,https://drive.google.com/open?id=14ujxxP-TH6QHkII7uPpxWv87A7LykxeT
8/14/2026 5:14:05,McKing,Graded (No Uma Restrictions),Win A finals with any uma,I accept these terms,Day 3,Windows,$101-500,1302,31-45 (roughly 5-6 per day),Reddit - /r/umamusumeGame,5,,Copano Rickey,Front Runner,Ace built for this CM before CM start in Grand Concert scenario,3,1,,,1,1,,Oguri Cap (Christmas),Pace Chaser,Ace built for this CM before CM start in Grand Concert scenario,3,,,,2,1,,Smart Falcon,Front Runner,Ace built for this CM before CM start in Grand Concert scenario,3,1,,,1,1,,4 Attempts - 20 Races total,20,Go to Submit page,,,,,,,,,,,,,,Re-use Day 1 - Team Comp 1 as Day 2 - Team Comp 1,,,,,,,,,,4 Attempts - 20 Races total,16,Go to Submit page,,,,,,,,,,,,,,,Re-use Day 2 - Team Comp 1 as Day 3 - Team Comp 1,A Group,,,,,,,,,,4 Attempts - 20 Races total,13,Day 4,,,,,,,,,,,,,,,Re-use Day 3 - Team Comp 1 as Day 4 - Team Comp 1,A Group,,,,,,,,,,4 Attempts - 20 Races total,13,Go to Submit page,,,,,,,,,,,,,,,,,,,,,,,,,,,,,,,,,,,,,,,,,,,,,,,,
8/14/2026 11:49:37,Darkrosario,Graded (No Uma Restrictions),"Win A finals with ""oshi"" uma",I accept these terms,Finals,"Android - phone or tablet, Windows",$5000+,1063,21-30 (roughly 3-4 per day),"Discord - MooMooCord - https://discord.gg/Hc7cP9GB, Twitch - MooMooCows - https://www.twitch.tv/moomoomoocows, YouTube - MooMooCows - https://www.youtube.com/@MooMooCows",5,,Haru Urara (New Year),Late Surger,Ace built for this CM before CM start in Grand Concert scenario,3,0,0,0,2,1,0,Copano Rickey,Late Surger,Random build,3,1,0,0,1,1,0,Agnes Digital,Late Surger,Ace built for this CM before CM start in Grand Concert scenario,3,1,0,0,1,1,0,4 Attempts - 20 Races total,10,Go to Submit page,,,,,,,,,,,,,,Add new Team Comp as Day 2 - Team Comp 1,Haru Urara (New Year),Late Surger,Ace built for this CM before CM start in Grand Concert scenario,Copano Rickey,Late Surger,Mid-CM Ace build in Grand Concert scenario,Grass Wonder,Late Surger,Debuffer,4 Attempts - 20 Races total,10,Go to Submit page,,,,,,,,,,,,,,,Re-use Day 2 - Team Comp 2 as Day 3 - Team Comp 1,A Group,,,,,,,,,,4 Attempts - 20 Races total,8,Go to Submit page,,,,,,,,,,,,,,,Add a new Team Comp as Day 4 - Team Comp 1,A Group,Haru Urara (New Year),Late Surger,Ace built for this CM before CM start in Grand Concert scenario,Copano Rickey,Late Surger,Mid-CM Ace build in Grand Concert scenario,Grass Wonder,Pace Chaser,Debuffer,4 Attempts - 20 Races total,14,Go to Submit page,,,,,,,,,,,,,,,A Finals,7120,Re-use Day 4 - Team Comp 1 as Finals Team Comp,,,,,,,,,,https://drive.google.com/open?id=1FzFYy5je-7vntPeLRcNLquNZGQMn88Er,3rd,No (goes to Submit page),,,,,,,,,,,,,,,,,,,
8/12/2026 8:42:58,Jellyx,Graded (No Uma Restrictions),"Win A finals with ""oshi"" uma",I accept these terms,Day 4,"Android - phone or tablet, Windows",$501-1000,1377,46+ (more than 6 per day),Discord - MooMooCord - https://discord.gg/Hc7cP9GB,,,Grass Wonder,Late Surger,Ace built for this CM before CM start in Grand Concert scenario,2,2,0,0,1,1,0,Gold City (Festival),Late Surger,Ace built for this CM before CM start in Grand Concert scenario,2,1,0,0,2,1,0,Agnes Tachyon,Front Runner,Debuffer,,,,,,,,4 Attempts - 20 Races total,9,Go to Submit page,,,,,,,,,,,,,,Re-use Day 1 - Team Comp 1 as Day 2 - Team Comp 1,,,,,,,,,,4 Attempts - 20 Races total,12,Go to Submit page,,,,,,,,,,,,,,,Re-use Day 2 - Team Comp 1 as Day 3 - Team Comp 1,A Group,,,,,,,,,,4 Attempts - 20 Races total,6,Go to Submit page,,,,,,,,,,,,,,,Add a new Team Comp as Day 4 - Team Comp 1,A Group,Grass Wonder,Late Surger,Ace built for this CM before CM start in Grand Concert scenario,Gold City (Festival),Late Surger,Ace built for this CM before CM start in Grand Concert scenario,Smart Falcon,Front Runner,Ace built for this CM before CM start in Grand Concert scenario,4 Attempts - 20 Races total,6,Go to Submit page,,,,,,,,,,,,,,,,,,,,,,,,,,,,,,,,,,,,,,,,,,,,,,,,
8/14/2026 5:35:49,Compilingjay,Graded (No Uma Restrictions),"""BRIGHTER TOGETHER 🔦  OUR GRAND GLUE FACTORY 🗑️ FAIL 2% TRAINING 🏥 LOSE DEBUT RACE 🏃🏻‍♀️‍➡️ NO RANDOM COIN EVENTS 🦗 NO LIGHT HELLO DATE UNTIL SENIOR YEAR 🙇🏻‍♀️ NO SP BONUS SONG 👨🏻‍💼 NO TRAINING EFFECTIVENESS SONG 🏃🏻‍♂️‍➡️ WRONG TOKEN FROM TRAINING 🪙 ONE BOND PER CLICK JUNIOR YEAR 🧍🏻‍♂️ ZERO PINK INSPIRATION 🩷 SUMMER NO RAINBOW🏖️ ENERGY DRAIN RANDOM EVENTS 😫 300 BLUE 0 RED TOKENS 🔵 CAN'T EMPTY TOKENS AFTER RUN ENDS 💰 0 SSR CHAIN EVENT FINISH ⛓️ AAAAAAAAAAAAAAAAAAAAAAAAAAAAAAAAAAAAAAAAAAAAAAAAAAAAAAAAAAAAAAAAAAAAAAAAAAAAAAAAAAAAAAAAAAAAAAAAAAAAAAAAAAAAAAAAA""",I accept these terms,Finals,,$0,880,6-10 (roughly 1 per day),Discord - MooMooCord - https://discord.gg/Hc7cP9GB,,,Oguri Cap (Christmas),Pace Chaser,Ace built for this CM before CM start in Grand Concert scenario,2,1,0,0,2,1,0,Mayano Top Gun (Wedding),End Closer,Debuffer,0,1,1,0,4,0,0,Nice Nature,End Closer,Debuffer,0,1,1,0,4,0,0,4 Attempts - 20 Races total,19,Go to Submit page,,,,,,,,,,,,,,Re-use Day 1 - Team Comp 1 as Day 2 - Team Comp 1,,,,,,,,,,4 Attempts - 20 Races total,14,Go to Submit page,,,,,,,,,,,,,,,Re-use Day 2 - Team Comp 1 as Day 3 - Team Comp 1,A Group,,,,,,,,,,4 Attempts - 20 Races total,15,Go to Submit page,,,,,,,,,,,,,,,Re-use Day 3 - Team Comp 1 as Day 4 - Team Comp 1,A Group,,,,,,,,,,4 Attempts - 20 Races total,18,Go to Submit page,,,,,,,,,,,,,,,A Finals,14754,Re-use Day 4 - Team Comp 1 as Finals Team Comp,,,,,,,,,,https://drive.google.com/open?id=1VLee_ngeeAE_qSHwa8UtyKi0dM8YxZSs,2nd,Yes,https://drive.google.com/open?id=146KKU-9AHcrzecDsLQlB2Or7_Kbf0nO6,https://drive.google.com/open?id=1MwZlqLSbW2zUOmh6ZHRtyku48V0FK4PY,,2,12,3,0,0,https://drive.google.com/open?id=16yJUMFbTgZWV70Y55zmoe7ZKzdW5gnCz,,,,,,,,,,
8/14/2026 11:13:09,Deetdee,Graded (No Uma Restrictions),"Win A finals with ""oshi"" uma",I accept these terms,Finals,"Android - phone or tablet, Windows",$1-100,1041,11-20 (roughly 2-3 per day),,,,Meisho Doto,Pace Chaser,Ace built for this CM before CM start in Grand Concert scenario,3,,,,2,1,,T.M. Opera O,Pace Chaser,Ace built for this CM before CM start in Grand Concert scenario,3,,1,,1,1,,Oguri Cap,Late Surger,Ace built for this CM before CM start in Grand Concert scenario,2,,,,3,1,,4 Attempts - 20 Races total,15,Go to Submit page,,,,,,,,,,,,,,Re-use Day 1 - Team Comp 1 as Day 2 - Team Comp 1,,,,,,,,,,4 Attempts - 20 Races total,17,Go to Submit page,,,,,,,,,,,,,,,Re-use Day 2 - Team Comp 1 as Day 3 - Team Comp 1,A Group,,,,,,,,,,4 Attempts - 20 Races total,10,Go to Submit page,,,,,,,,,,,,,,,Re-use Day 3 - Team Comp 1 as Day 4 - Team Comp 1,A Group,,,,,,,,,,4 Attempts - 20 Races total,9,Go to Submit page,,,,,,,,,,,,,,,A Finals,9970,Re-use Day 4 - Team Comp 1 as Finals Team Comp,,,,,,,,,,https://drive.google.com/open?id=1d231aCdXZTE0D45Nc1cQFpcj593yWXxL,1st,,,,,,,,,,,Oguri no cap ,https://drive.google.com/open?id=1B38ZsNXF4SSjawroSJRlqHFrzsREqVRv,https://drive.google.com/open?id=1Ut7OxW08QFchHSCTSXYvc0iEfuW7ttfP,,,12,2,,,https://drive.google.com/open?id=1-JUaJmFKlAvzFeFN6RZjeZ1V85kqUouR
8/14/2026 7:42:22,lp,Graded (No Uma Restrictions),Get into B finals,I accept these terms,Finals,"iOS - phone or tablet, Windows",$0,1173,6-10 (roughly 1 per day),Twitch - MooMooCows - https://www.twitch.tv/moomoomoocows,,Does weekly career count include independent training? I didn't include it in my answer,Oguri Cap,Late Surger,Ace built for this CM before CM start in Grand Concert scenario,2,1,0,0,2,1,0,Hishi Amazon,End Closer,Ace built for this CM before CM start in Grand Concert scenario,2,1,0,0,2,1,0,Grass Wonder,End Closer,Debuffer,1,0,1,0,4,0,0,4 Attempts - 20 Races total,16,Go to Submit page,,,,,,,,,,,,,,Re-use Day 1 - Team Comp 1 as Day 2 - Team Comp 1,,,,,,,,,,4 Attempts - 20 Races total,13,Go to Submit page,,,,,,,,,,,,,,,Re-use Day 2 - Team Comp 1 as Day 3 - Team Comp 1,A Group,,,,,,,,,,4 Attempts - 20 Races total,11,Go to Submit page,,,,,,,,,,,,,,,Re-use Day 3 - Team Comp 1 as Day 4 - Team Comp 1,A Group,,,,,,,,,,4 Attempts - 20 Races total,8,Go to Submit page,,,,,,,,,,,,,,,A Finals,13701,Re-use Day 4 - Team Comp 1 as Finals Team Comp,,,,,,,,,,,3rd,No (goes to Submit page),,,,,,,,,,,,,,,,,,,
8/14/2026 6:17:36,Deextra,Graded (No Uma Restrictions),Get into A finals,I accept these terms,Finals,"iOS - phone or tablet, Android - phone or tablet",$1-100,,21-30 (roughly 3-4 per day),Discord - MooMooCord - https://discord.gg/Hc7cP9GB,5,,Copano Rickey,Front Runner,Ace built for this CM before CM start in Grand Concert scenario,3,1,0,0,1,1,0,Oguri Cap (Christmas),Pace Chaser,Ace built for this CM before CM start in Grand Concert scenario,2,1,0,0,2,1,0,Silence Suzuka,Runaway,Debuffer,1,0,1,,4,0,0,4 Attempts - 20 Races total,18,Go to Submit page,,,,,,,,,,,,,,Re-use Day 1 - Team Comp 1 as Day 2 - Team Comp 1,,,,,,,,,,4 Attempts - 20 Races total,17,Go to Submit page,,,,,,,,,,,,,,,Re-use Day 2 - Team Comp 1 as Day 3 - Team Comp 1,A Group,,,,,,,,,,4 Attempts - 20 Races total,15,Go to Submit page,,,,,,,,,,,,,,,Re-use Day 3 - Team Comp 1 as Day 4 - Team Comp 1,A Group,,,,,,,,,,4 Attempts - 20 Races total,18,Go to Submit page,,,,,,,,,,,,,,,A Finals,14010,Re-use Day 4 - Team Comp 1 as Finals Team Comp,,,,,,,,,,,1st,,,,,,,,,,,,,,,,,,,,
8/14/2026 6:04:50,Bresh,Graded (No Uma Restrictions),"Win A finals with ""oshi"" uma",I accept these terms,Finals,iOS - phone or tablet,$501-1000,1698,31-45 (roughly 5-6 per day),"Discord - MooMooCord - https://discord.gg/Hc7cP9GB, Twitch - MooMooCows - https://www.twitch.tv/moomoomoocows, YouTube - MooMooCows - https://www.youtube.com/@MooMooCows",5,,Hishi Amazon,End Closer,Ace built for this CM before CM start in Grand Concert scenario,2,1,,,2,1,,Grass Wonder,End Closer,Debuffer,2,1,,,3,,,Symboli Rudolf,End Closer,Debuffer,2,,1,,3,,,4 Attempts - 20 Races total,19,Go to Submit page,,,,,,,,,,,,,,Re-use Day 1 - Team Comp 1 as Day 2 - Team Comp 1,,,,,,,,,,4 Attempts - 20 Races total,13,Go to Submit page,,,,,,,,,,,,,,,Re-use Day 2 - Team Comp 1 as Day 3 - Team Comp 1,A Group,,,,,,,,,,4 Attempts - 20 Races total,8,Go to Submit page,,,,,,,,,,,,,,,Add a new Team Comp as Day 4 - Team Comp 1,A Group,Hishi Amazon,End Closer,Ace built for this CM before CM start in Grand Concert scenario,Grass Wonder,End Closer,Debuffer,Symboli Rudolf,Front Runner,Debuffer,4 Attempts - 20 Races total,15,Go to Submit page,,,,,,,,,,,,,,,A Finals,12048,Re-use Day 4 - Team Comp 1 as Finals Team Comp,,,,,,,,,,https://drive.google.com/open?id=1CW4Hs67jhIFiZwR7MBcM1rQ_LhI5S5eJ,1st,,,,,,,,,,,Hishiama 🔛🔝,https://drive.google.com/open?id=1yA6JbBVnh09UwQPNibKrMM36bSMlvT2u,https://drive.google.com/open?id=11Df2RDTi0sNJLbuV6jZP35mrWBNk2eba,,2,9,2,,,https://drive.google.com/open?id=1_8wWaoBWB0ynp2A102hbXo1qQC0lnfIL
8/14/2026 12:46:15,ShogunShin,Graded (No Uma Restrictions),Win A finals with any uma,I accept these terms,Finals,"iOS - phone or tablet, Windows",$501-1000,1036,21-30 (roughly 3-4 per day),Discord - MooMooCord - https://discord.gg/Hc7cP9GB,,,Agnes Digital,Late Surger,Ace built for this CM before CM start in Grand Concert scenario,,,,,,,,Copano Rickey,Pace Chaser,Ace built for this CM before CM start in Grand Concert scenario,,,,,,,,Oguri Cap (Christmas),Pace Chaser,Ace built for this CM before CM start in Grand Concert scenario,,,,,,,,4 Attempts - 20 Races total,9,Go to Submit page,,,,,,,,,,,,,,Add new Team Comp as Day 2 - Team Comp 1,Copano Rickey,Pace Chaser,Ace built for this CM before CM start in Grand Concert scenario,Oguri Cap (Christmas),Pace Chaser,Mid-CM Ace build in Grand Concert scenario,Inari One,End Closer,Mid-CM Ace build in Grand Concert scenario,4 Attempts - 20 Races total,16,Go to Submit page,,,,,,,,,,,,,,,Add new Team Comp as Day 3 - Team Comp 1,A Group,Copano Rickey,Pace Chaser,Ace built for this CM before CM start in Grand Concert scenario,Oguri Cap (Christmas),Pace Chaser,Mid-CM Ace build in Grand Concert scenario,Agnes Digital,Late Surger,Ace built for this CM before CM start in Grand Concert scenario,4 Attempts - 20 Races total,11,Go to Submit page,,,,,,,,,,,,,,,Re-use Day 3 - Team Comp 1 as Day 4 - Team Comp 1,A Group,,,,,,,,,,4 Attempts - 20 Races total,11,Go to Submit page,,,,,,,,,,,,,,,A Finals,10102,Add new Team Comp as Finals Team Comp,Copano Rickey,Pace Chaser,Ace built for this CM before CM start in Grand Concert scenario,Oguri Cap (Christmas),Pace Chaser,Mid-CM Ace build in Grand Concert scenario,Agnes Digital,Late Surger,Mid-CM Ace build in Grand Concert scenario,https://drive.google.com/open?id=1WU0KiZdJGFAe9zIajKYaBxSCOkOxSqpy,1st,,,,,,,,,,,,,,,,,,,,https://drive.google.com/open?id=1yiWXr8dSpI7sPTktgn5lCYp56T6zXgiD
8/14/2026 5:53:07,Mao,Graded (No Uma Restrictions),"Win A finals with ""oshi"" uma",I accept these terms,Finals,Windows,$1001-5000,1983,46+ (more than 6 per day),Discord - MooMooCord - https://discord.gg/Hc7cP9GB,4,,Daiwa Scarlet,Pace Chaser,Ace built for this CM before CM start in Grand Concert scenario,3,1,0,0,1,1,0,Grass Wonder,End Closer,Debuffer,,,,,,,,Agnes Tachyon,End Closer,Debuffer,,,,,,,,4 Attempts - 20 Races total,18,Go to Submit page,,,,,,,,,,,,,,Re-use Day 1 - Team Comp 1 as Day 2 - Team Comp 1,,,,,,,,,,4 Attempts - 20 Races total,17,Go to Submit page,,,,,,,,,,,,,,,Re-use Day 2 - Team Comp 1 as Day 3 - Team Comp 1,A Group,,,,,,,,,,4 Attempts - 20 Races total,12,Go to Submit page,,,,,,,,,,,,,,,Re-use Day 3 - Team Comp 1 as Day 4 - Team Comp 1,A Group,,,,,,,,,,4 Attempts - 20 Races total,11,Go to Submit page,,,,,,,,,,,,,,,A Finals,13444,Re-use Day 4 - Team Comp 1 as Finals Team Comp,,,,,,,,,,https://drive.google.com/open?id=1QKGexKrj5hnY-uJ2Ju87MopKhiy9ssGT,1st,,,,,,,,,,,"Daiwa #1 lucky pacer, eat the xOguris",https://drive.google.com/open?id=1P7o7ZnVDCzPei5t55nQmRP-9DbyGUqPe,https://drive.google.com/open?id=1CTs92m2Icm6M9yMJ0Qpl14unEF05_qEO,,,9,6,1,,https://drive.google.com/open?id=1LMDQ8mrFQTuM81f7jJygyeWEfocled7D
8/14/2026 7:28:14,Robzerino,Graded (No Uma Restrictions),Win A finals with any uma,I accept these terms,Finals,iOS - phone or tablet,$1-100,1297,11-20 (roughly 2-3 per day),Discord - MooMooCord - https://discord.gg/Hc7cP9GB,5,,Oguri Cap (Christmas),Pace Chaser,Ace built for this CM before CM start in Grand Concert scenario,3,,,,2,1,,Eishin Flash (Valentine),Late Surger,Debuffer,,,,,,,,Grass Wonder,Late Surger,Debuffer,,,,,,,,4 Attempts - 20 Races total,15,Go to Submit page,,,,,,,,,,,,,,Re-use Day 1 - Team Comp 1 as Day 2 - Team Comp 1,,,,,,,,,,4 Attempts - 20 Races total,19,Go to Submit page,,,,,,,,,,,,,,,Re-use Day 2 - Team Comp 1 as Day 3 - Team Comp 1,A Group,,,,,,,,,,4 Attempts - 20 Races total,8,Go to Submit page,,,,,,,,,,,,,,,Re-use Day 3 - Team Comp 1 as Day 4 - Team Comp 1,A Group,,,,,,,,,,4 Attempts - 20 Races total,15,Go to Submit page,,,,,,,,,,,,,,,A Finals,12332,Re-use Day 4 - Team Comp 1 as Finals Team Comp,,,,,,,,,,https://drive.google.com/open?id=1MMchV9uiJHb0jUdE6Ze7dtDMRkQErcJj,1st,,,,,,,,,,,,,,,,,,,,
8/11/2026 11:41:41,Ketsura,Graded (No Uma Restrictions),"Win A finals with ""oshi"" uma",I accept these terms,Day 2,Windows,$101-500,,31-45 (roughly 5-6 per day),Discord - MooMooCord - https://discord.gg/Hc7cP9GB,,,Meisho Doto,Pace Chaser,Ace built for this CM before CM start in Grand Concert scenario,3,0,0,0,2,1,,Smart Falcon,Front Runner,Ace built for this CM before CM start in Grand Concert scenario,3,0,0,0,2,1,0,Oguri Cap (Christmas),Pace Chaser,Ace built for this CM before CM start in Grand Concert scenario,3,0,0,0,2,1,0,3 Attempts - 15 Races total,11,Go to Submit page,,,,,,,,,,,,,,Re-use Day 1 - Team Comp 1 as Day 2 - Team Comp 1,,,,,,,,,,3 Attempts - 15 Races total,13,Day 3,,,,,,,,,,,,,,,Re-use Day 2 - Team Comp 1 as Day 3 - Team Comp 1,A Group,,,,,,,,,,4 Attempts - 20 Races total,13,Go to Submit page,,,,,,,,,,,,,,,,,,,,,,,,,,,,,,,,,,,,,,,,,,,,,,,,,,,,,,,,,,,,,,,,,,,,,,,,,,,,
8/9/2026 8:49:58,Teamate,Graded (No Uma Restrictions),Get into B finals,I accept these terms,Day 1,iOS - phone or tablet,$1001-5000,2294,31-45 (roughly 5-6 per day),Friend sent me the link,4,,Inari One,Late Surger,Ace built for this CM before CM start in Grand Concert scenario,2,1,0,0,2,1,,Smart Falcon,Front Runner,Ace built for this CM before CM start in Grand Concert scenario,2,1,0,0,2,1,,Yukino Bijin,Pace Chaser,Ace built for this CM before CM start in Grand Concert scenario,2,1,0,0,2,1,,4 Attempts - 20 Races total,13,Go to Submit page,,,,,,,,,,,,,,,,,,,,,,,,,,,,,,,,,,,,,,,,,,,,,,,,,,,,,,,,,,,,,,,,,,,,,,,,,,,,,,,,,,,,,,,,,,,,,,,,,,,,,,,,,,,,,,,,,,,,,,,,,,,,,,,,,,
8/14/2026 5:21:22,Omega,Graded (No Uma Restrictions),Get into A finals,I accept these terms,Day 4,"Android - phone or tablet, Windows",$101-500,,46+ (more than 6 per day),Discord - MooMooCord - https://discord.gg/Hc7cP9GB,4,,Smart Falcon (Grand Concert),Front Runner,Ace built for this CM before CM start in Grand Concert scenario,2,1,0,0,2,1,0,Copano Rickey,Front Runner,Ace built for this CM before CM start in Grand Concert scenario,3,1,0,0,1,1,0,Oguri Cap (Christmas),Pace Chaser,Ace built for this CM before CM start in Grand Concert scenario,2,1,0,0,2,1,0,4 Attempts - 20 Races total,12,Go to Submit page,,,,,,,,,,,,,,Re-use Day 1 - Team Comp 1 as Day 2 - Team Comp 1,,,,,,,,,,4 Attempts - 20 Races total,14,Go to Submit page,,,,,,,,,,,,,,,Re-use Day 2 - Team Comp 1 as Day 3 - Team Comp 1,A Group,,,,,,,,,,4 Attempts - 20 Races total,8,Go to Submit page,,,,,,,,,,,,,,,Re-use Day 3 - Team Comp 1 as Day 4 - Team Comp 1,A Group,,,,,,,,,,4 Attempts - 20 Races total,8,Finals,,,,,,,,,,,,,,,A Finals,11345,Re-use Day 4 - Team Comp 1 as Finals Team Comp,,,,,,,,,,https://drive.google.com/open?id=1Ey3N5f-D4NuRrcFON6P55OAvVJwtrjlE,1st,,,,,,,,,,,,https://drive.google.com/open?id=10Yrx3eQbfmT-B3x1GWyrVz4KAX5fyJjR,https://drive.google.com/open?id=1innMUk_YGZ7q4RBE9RS4SrY_ZnaU1W2G,,0,3,12,0,0,https://drive.google.com/open?id=1ov4x9PS6qGBLQeUyD5jCCvLIVF5YRiyN
8/14/2026 7:22:26,Syphon,Graded (No Uma Restrictions),Get into A finals,I accept these terms,Finals,Android - phone or tablet,$0,969,11-20 (roughly 2-3 per day),"Discord - MooMooCord - https://discord.gg/Hc7cP9GB, YouTube - MooMooCows - https://www.youtube.com/@MooMooCows",5,,Manhattan Cafe,Late Surger,Ace built for this CM before CM start in Grand Concert scenario,3,0,0,0,2,1,0,Oguri Cap (Christmas),Pace Chaser,Ace built for this CM before CM start in Grand Concert scenario,3,0,0,0,2,1,0,Agnes Digital,Late Surger,Ace built for this CM before CM start in Grand Concert scenario,3,0,0,0,2,1,0,4 Attempts - 20 Races total,13,Go to Submit page,,,,,,,,,,,,,,Re-use Day 1 - Team Comp 1 as Day 2 - Team Comp 1,,,,,,,,,,4 Attempts - 20 Races total,13,Go to Submit page,,,,,,,,,,,,,,,Re-use Day 2 - Team Comp 1 as Day 3 - Team Comp 1,A Group,,,,,,,,,,4 Attempts - 20 Races total,9,Go to Submit page,,,,,,,,,,,,,,,Re-use Day 3 - Team Comp 1 as Day 4 - Team Comp 1,A Group,,,,,,,,,,4 Attempts - 20 Races total,12,Go to Submit page,,,,,,,,,,,,,,,A Finals,9924,Re-use Day 4 - Team Comp 1 as Finals Team Comp,,,,,,,,,,https://drive.google.com/open?id=1TvPw2gaZhTN3a9HA5CSZ2PA0WILJSxVu,3rd,Yes,https://drive.google.com/open?id=1mLkOo9SZcyVx0op9-hnu7j0BeWDtrpQf,https://drive.google.com/open?id=1b6G-vjvAguV5n-pA8eMCfBrLK_ufnXio,,1,15,,,,https://drive.google.com/open?id=1JjRCbKYYUYDrAMFUTJdqVURdhDzqGw_c,,,,,,,,,,
8/14/2026 8:37:46,CellistiaCat,Graded (No Uma Restrictions),Get into B finals,I accept these terms,Finals,"iOS - phone or tablet, Windows",$1-100,1003,21-30 (roughly 3-4 per day),YouTube - MooMooCows - https://www.youtube.com/@MooMooCows,5,,Haru Urara (New Year),Late Surger,Ace built for this CM before CM start in Grand Concert scenario,3,0,0,0,2,1,0,Copano Rickey,Front Runner,Ace built for this CM before CM start in Grand Concert scenario,3,0,0,0,2,1,0,Mayano Top Gun,Front Runner,Ace built for this CM before CM start in Grand Concert scenario,3,0,0,0,2,1,0,4 Attempts - 20 Races total,10,Go to Submit page,,,,,,,,,,,,,,Re-use Day 1 - Team Comp 1 as Day 2 - Team Comp 1,,,,,,,,,,4 Attempts - 20 Races total,8,Go to Submit page,,,,,,,,,,,,,,,Re-use Day 2 - Team Comp 1 as Day 3 - Team Comp 1,A Group,,,,,,,,,,4 Attempts - 20 Races total,3,Go to Submit page,,,,,,,,,,,,,,,Re-use Day 3 - Team Comp 1 as Day 4 - Team Comp 1,A Group,,,,,,,,,,4 Attempts - 20 Races total,6,Go to Submit page,,,,,,,,,,,,,,,A Finals,7478,Re-use Day 4 - Team Comp 1 as Finals Team Comp,,,,,,,,,,https://drive.google.com/open?id=1sD3Dbsx3-QOVmWug3R4g4HXew2Id1qa5,3rd,Yes,https://drive.google.com/open?id=1-rmeOPmwN63rA41bVUBWnjnE1F7OL4jB,https://drive.google.com/open?id=1H-3Zt_dImcpV6HBq4G76m0tP11MVCDGT,https://drive.google.com/open?id=1KnyrvvJwyF4NHkpqm5x9tDzRGQbUAgrs,0,12,3,0,3,https://drive.google.com/open?id=1Y4tJyU_9QcAN1UezPGy12ywb0EtgcVtX,,,,,,,,,,
8/14/2026 22:00:43,Xearomis,Graded (No Uma Restrictions),Win A finals with any uma,I accept these terms,Finals,Android - phone or tablet,$1-100,,31-45 (roughly 5-6 per day),"Discord - MooMooCord - https://discord.gg/Hc7cP9GB, Twitch - MooMooCows - https://www.twitch.tv/moomoomoocows, YouTube - MooMooCows - https://www.youtube.com/@MooMooCows",,,Oguri Cap (Christmas),Pace Chaser,Ace built for this CM before CM start in Grand Concert scenario,,,,,,,,Grass Wonder,End Closer,Debuffer,,,,,,,,Copano Rickey,Pace Chaser,Ace built for this CM before CM start in Grand Concert scenario,,,,,,,,4 Attempts - 20 Races total,18,Go to Submit page,,,,,,,,,,,,,,Re-use Day 1 - Team Comp 1 as Day 2 - Team Comp 1,,,,,,,,,,4 Attempts - 20 Races total,16,Go to Submit page,,,,,,,,,,,,,,,Re-use Day 2 - Team Comp 1 as Day 3 - Team Comp 1,A Group,,,,,,,,,,4 Attempts - 20 Races total,18,Go to Submit page,,,,,,,,,,,,,,,Re-use Day 3 - Team Comp 1 as Day 4 - Team Comp 1,A Group,,,,,,,,,,4 Attempts - 20 Races total,16,Go to Submit page,,,,,,,,,,,,,,,A Finals,11237,Re-use Day 4 - Team Comp 1 as Finals Team Comp,,,,,,,,,,https://drive.google.com/open?id=1OL8LFT3Jio-iJk_DwFuZZXjsiIEgGaT0,1st,,,,,,,,,,,,,,,,,,,,
8/14/2026 8:03:46,Lumi,Graded (No Uma Restrictions),Rather not say,I accept these terms,Finals,Windows,$101-500,,31-45 (roughly 5-6 per day),YouTube - MooMooCows - https://www.youtube.com/@MooMooCows,,,Oguri Cap (Christmas),Pace Chaser,Ace built for this CM before CM start in Grand Concert scenario,3,0,0,0,2,1,0,Agnes Tachyon,Late Surger,Debuffer,1,0,0,0,4,1,0,Hishi Amazon,End Closer,Ace built for this CM before CM start in Grand Concert scenario,3,0,0,0,2,1,0,4 Attempts - 20 Races total,16,Go to Submit page,,,,,,,,,,,,,,Re-use Day 1 - Team Comp 1 as Day 2 - Team Comp 1,,,,,,,,,,4 Attempts - 20 Races total,17,Go to Submit page,,,,,,,,,,,,,,,Re-use Day 2 - Team Comp 1 as Day 3 - Team Comp 1,A Group,,,,,,,,,,4 Attempts - 20 Races total,16,Go to Submit page,,,,,,,,,,,,,,,Re-use Day 3 - Team Comp 1 as Day 4 - Team Comp 1,A Group,,,,,,,,,,4 Attempts - 20 Races total,17,Go to Submit page,,,,,,,,,,,,,,,A Finals,,Re-use Day 4 - Team Comp 1 as Finals Team Comp,,,,,,,,,,,2nd,No (goes to Submit page),,,,,,,,,,,,,,,,,,,
8/14/2026 6:04:11,Kukubara,Graded (No Uma Restrictions),Win A finals with any uma,I accept these terms,Finals,Windows,$501-1000,3300,46+ (more than 6 per day),Discord - MooMooCord - https://discord.gg/Hc7cP9GB,5,,Copano Rickey,Pace Chaser,Ace built for this CM before CM start in Grand Concert scenario,3,1,0,0,1,1,0,Agnes Tachyon,End Closer,Debuffer,1,0,1,0,3,1,0,Grass Wonder,End Closer,Debuffer,1,0,1,0,3,1,0,4 Attempts - 20 Races total,17,Go to Submit page,,,,,,,,,,,,,,Re-use Day 1 - Team Comp 1 as Day 2 - Team Comp 1,,,,,,,,,,4 Attempts - 20 Races total,20,Go to Submit page,,,,,,,,,,,,,,,Re-use Day 2 - Team Comp 1 as Day 3 - Team Comp 1,A Group,,,,,,,,,,4 Attempts - 20 Races total,19,Go to Submit page,,,,,,,,,,,,,,,Re-use Day 3 - Team Comp 1 as Day 4 - Team Comp 1,A Group,,,,,,,,,,4 Attempts - 20 Races total,13,Go to Submit page,,,,,,,,,,,,,,,A Finals,12136,Re-use Day 4 - Team Comp 1 as Finals Team Comp,,,,,,,,,,https://drive.google.com/open?id=11MxvnSos7D4sZZf9A8Ysdvcm8Xy-b0LR,1st,,,,,,,,,,,,https://drive.google.com/open?id=1gaTVJtIpV-Ci4Dn3hIrkM75mV8Op0CCK,https://drive.google.com/open?id=1uf-s08q5Clgsb-yROoUjaEDPZBcYrTRy,,0,11,5,0,0,https://drive.google.com/open?id=19tStTf3gniSjOQljHJw1NP8rQuIlVIq2
8/14/2026 7:41:49,LuseLunam,Graded (No Uma Restrictions),Get into A finals,I accept these terms,Day 1,"Android - phone or tablet, Windows",$0,841,11-20 (roughly 2-3 per day),Reddit - /r/umamusumeGame,5,More team comps for each day,Mejiro McQueen (Anime Collab),Front Runner,Ace built for this CM before CM start in Grand Concert scenario,2,,1,,2,1,,Maruzensky (Summer),Front Runner,Ace built for this CM before CM start in Grand Concert scenario,2,,1,,2,1,,Oguri Cap (Christmas),Late Surger,Ace built for this CM before CM start in Grand Concert scenario,3,,,,2,1,,1 Attempt - 5 Races total,5,Day 1 - Add 2nd Team,Grass Wonder,Late Surger,Debuffer,Mejiro McQueen (Anime Collab),Front Runner,Ace built for this CM before CM start in Grand Concert scenario,Maruzensky (Summer),Front Runner,Ace built for this CM before CM start in Grand Concert scenario,1 Attempt - 5 Races total,3,4 teams,Day 2,Re-use Day 1 - Team Comp 1 as Day 2 - Team Comp 1,,,,,,,,,,2 Attempts - 10 Races total,9,Day 3,,,,,,,,,,,,,,,Re-use Day 2 - Team Comp 1 as Day 3 - Team Comp 1,A Group,,,,,,,,,,1 Attempt - 5 Races total,1,Day 3 - Add 2nd Team,Add new Team Comp as Day 3 - Team Comp 2,Oguri Cap (Christmas),Pace Chaser,Mid-CM Ace build in Grand Concert scenario,Symboli Rudolf,Late Surger,Debuffer,Grass Wonder,Late Surger,Debuffer,1 Attempt - 5 Races total,3,4 teams,Day 4,Re-use Day 3 - Team Comp 2 as Day 4 - Team Comp 1,A Group,,,,,,,,,,1 Attempt - 5 Races total,3,Day 4 - Add 2nd team,Add new Team Comp as Day 4 - Team Comp 2,Maruzensky (Summer),Front Runner,Ace built for this CM before CM start in Grand Concert scenario,Oguri Cap (Christmas),Pace Chaser,Mid-CM Ace build in Grand Concert scenario,Grass Wonder,Late Surger,Debuffer,1 Attempt - 5 Races total,3,3 teams,Finals,A Finals,8859,Re-use Day 4 - Team Comp 2 as Finals Team Comp,,,,,,,,,,https://drive.google.com/open?id=12ntDXq1AcRTblClZy6f61eZtHEIZeHQ7,1st,,,,,,,,,,,,https://drive.google.com/open?id=1YxKoBfwzf043qX1arIzC4QSatf4Y5zC9,https://drive.google.com/open?id=1MKrS9n1Girg0SZWbhyZa3wj8Shdm40Jb,,,15,,,2,https://drive.google.com/open?id=1pZ1i2iwfa-96F5AY1iq99ygIuI7bAb2n
8/14/2026 10:35:15,Toffee,Graded (No Uma Restrictions),"Win A finals with ""oshi"" uma",I accept these terms,Finals,"Android - phone or tablet, Windows",$101-500,1218,46+ (more than 6 per day),Discord - MooMooCord - https://discord.gg/Hc7cP9GB,5,,Manhattan Cafe,Late Surger,Ace built for this CM before CM start in Grand Concert scenario,3,1,0,0,1,1,0,Nice Nature,Late Surger,Debuffer,1,0,1,0,3,1,0,Mejiro Dober,Late Surger,Debuffer,1,0,1,0,3,1,0,1 Attempt - 5 Races total,2,Day 1 - Add 2nd Team,Manhattan Cafe,Late Surger,Ace built for this CM before CM start in Grand Concert scenario,Nice Nature,Late Surger,Debuffer,Agnes Tachyon,Front Runner,Debuffer,3 Attempts - 15 Races total,10,2 teams,Go to Submit page,Add new Team Comp as Day 2 - Team Comp 1,Manhattan Cafe,Late Surger,Ace built for this CM before CM start in Grand Concert scenario,Agnes Tachyon,End Closer,Debuffer,Grass Wonder,Front Runner,Debuffer,4 Attempts - 20 Races total,12,Go to Submit page,,,,,,,,,,,,,,,Re-use Day 2 - Team Comp 1 as Day 3 - Team Comp 1,A Group,,,,,,,,,,4 Attempts - 20 Races total,6,Go to Submit page,,,,,,,,,,,,,,,Re-use Day 3 - Team Comp 1 as Day 4 - Team Comp 1,A Group,,,,,,,,,,4 Attempts - 20 Races total,10,Go to Submit page,,,,,,,,,,,,,,,A Finals,6607,Re-use Day 4 - Team Comp 1 as Finals Team Comp,,,,,,,,,,https://drive.google.com/open?id=1dfgf6mx1ByVqtFMQc7FEtMgLLs7w9Htc,3rd,No (goes to Submit page),,,,,,,,,,,,,,,,,,,
8/14/2026 6:20:29,krystalkitty,Graded (No Uma Restrictions),Win A finals with any uma,I accept these terms,Finals,Windows,$501-1000,1677,31-45 (roughly 5-6 per day),"Discord - MooMooCord - https://discord.gg/Hc7cP9GB, Twitch - MooMooCows - https://www.twitch.tv/moomoomoocows, YouTube - MooMooCows - https://www.youtube.com/@MooMooCows",5,,Oguri Cap (Christmas),Pace Chaser,Ace built for this CM before CM start in Grand Concert scenario,3,,1,,2,2,,Gold City (Festival),Late Surger,Ace built for this CM before CM start in Grand Concert scenario,3,1,,,1,2,,Agnes Digital,Late Surger,Ace built for this CM before CM start in Grand Concert scenario,3,1,,,1,1,,4 Attempts - 20 Races total,15,Go to Submit page,,,,,,,,,,,,,,Re-use Day 1 - Team Comp 1 as Day 2 - Team Comp 1,,,,,,,,,,4 Attempts - 20 Races total,15,Go to Submit page,,,,,,,,,,,,,,,Re-use Day 2 - Team Comp 1 as Day 3 - Team Comp 1,A Group,,,,,,,,,,4 Attempts - 20 Races total,12,Go to Submit page,,,,,,,,,,,,,,,Re-use Day 3 - Team Comp 1 as Day 4 - Team Comp 1,A Group,,,,,,,,,,4 Attempts - 20 Races total,12,Go to Submit page,,,,,,,,,,,,,,,A Finals,11649,Re-use Day 4 - Team Comp 1 as Finals Team Comp,,,,,,,,,,,3rd,No (goes to Submit page),,,,,,,,,,,,,,,,,,,
8/14/2026 6:43:41,Rayna,Graded (No Uma Restrictions),Get into A finals,I accept these terms,Finals,Android - phone or tablet,$1-100,1657,46+ (more than 6 per day),Discord - MooMooCord - https://discord.gg/Hc7cP9GB,,,Oguri Cap (Christmas),Pace Chaser,Ace built for this CM before CM start in Grand Concert scenario,2,1,0,0,2,1,0,Grass Wonder,Late Surger,Debuffer,,,,,,,,Agnes Tachyon,Late Surger,Debuffer,,,,,,,,4 Attempts - 20 Races total,19,Go to Submit page,,,,,,,,,,,,,,Re-use Day 1 - Team Comp 1 as Day 2 - Team Comp 1,,,,,,,,,,4 Attempts - 20 Races total,20,Go to Submit page,,,,,,,,,,,,,,,Re-use Day 2 - Team Comp 1 as Day 3 - Team Comp 1,A Group,,,,,,,,,,4 Attempts - 20 Races total,15,Go to Submit page,,,,,,,,,,,,,,,Re-use Day 3 - Team Comp 1 as Day 4 - Team Comp 1,A Group,,,,,,,,,,4 Attempts - 20 Races total,13,Go to Submit page,,,,,,,,,,,,,,,A Finals,12815,Re-use Day 4 - Team Comp 1 as Finals Team Comp,,,,,,,,,,https://drive.google.com/open?id=1uMDtavnJIV_JvpMyiCUFwEmGyPpMxSFw,1st,,,,,,,,,,,,https://drive.google.com/open?id=1GQpeHzNJAI_QKiLr44BftH9XnupuEhPf,https://drive.google.com/open?id=1m1teM8QZxzAzh9AZ-1euyzhcmygQ-avQ,,2,7,0,2,0,https://drive.google.com/open?id=1HkJ_f-VptaMFOt7HY0odyd-Lkd_MhFRH
8/14/2026 13:05:14,Wraith,Graded (No Uma Restrictions),"Win A finals with ""oshi"" uma",I accept these terms,Finals,,$501-1000,2671,46+ (more than 6 per day),"Discord - MooMooCord - https://discord.gg/Hc7cP9GB, Twitch - MooMooCows - https://www.twitch.tv/moomoomoocows, YouTube - MooMooCows - https://www.youtube.com/@MooMooCows",,,Copano Rickey,Front Runner,Ace built for this CM before CM start in Grand Concert scenario,2,1,0,0,2,1,0,Smart Falcon,Front Runner,Ace built for this CM before CM start in Grand Concert scenario,2,1,0,0,2,1,0,Oguri Cap (Christmas),Pace Chaser,Ace built for this CM before CM start in Grand Concert scenario,2,0,0,0,3,1,0,4 Attempts - 20 Races total,20,Go to Submit page,,,,,,,,,,,,,,Re-use Day 1 - Team Comp 1 as Day 2 - Team Comp 1,,,,,,,,,,4 Attempts - 20 Races total,15,Go to Submit page,,,,,,,,,,,,,,,Add new Team Comp as Day 3 - Team Comp 1,A Group,Copano Rickey,Front Runner,Ace built for this CM before CM start in Grand Concert scenario,Smart Falcon,Front Runner,Ace built for this CM before CM start in Grand Concert scenario,Symboli Rudolf,Front Runner,Debuffer,4 Attempts - 20 Races total,14,Go to Submit page,,,,,,,,,,,,,,,Re-use Day 3 - Team Comp 1 as Day 4 - Team Comp 1,A Group,,,,,,,,,,4 Attempts - 20 Races total,13,Finals,,,,,,,,,,,,,,,A Finals,8897,Add new Team Comp as Finals Team Comp,Copano Rickey,Front Runner,Ace built for this CM before CM start in Grand Concert scenario,Smart Falcon,Front Runner,Mid-CM Ace build using another scenario (URA or Trackblazer),Oguri Cap (Christmas),Pace Chaser,Ace built for this CM before CM start in Grand Concert scenario,https://drive.google.com/open?id=1FJqrSoyJWl-KD9qKsMbo9SfbhjUp71J4,1st,,,,,,,,,,,,https://drive.google.com/open?id=1_vDExci30FOKk-09ezJ_SR4wZSkn-8MP,https://drive.google.com/open?id=1ZN9Q6u1AekJYAthVw42iDeqmsqjRga95,,2,11,0,0,0,https://drive.google.com/open?id=10H7_U7hNuO_8YUcZN_niCWxsubGh9m_7
8/14/2026 5:18:46,Venge,Graded (No Uma Restrictions),Win A finals with any uma,I accept these terms,Day 3,Android - phone or tablet,$101-500,,,,,,Oguri Cap (Christmas),Pace Chaser,Ace built for this CM before CM start in Grand Concert scenario,3,1,0,0,1,1,0,Copano Rickey,Front Runner,Ace built for this CM before CM start in Grand Concert scenario,3,1,0,0,1,1,0,Smart Falcon,Front Runner,Ace built for this CM before CM start in Grand Concert scenario,2,1,0,0,2,1,0,3 Attempts - 15 Races total,8,Go to Submit page,,,,,,,,,,,,,,Re-use Day 1 - Team Comp 1 as Day 2 - Team Comp 1,,,,,,,,,,3 Attempts - 15 Races total,7,Day 3,,,,,,,,,,,,,,,Re-use Day 2 - Team Comp 1 as Day 3 - Team Comp 1,A Group,,,,,,,,,,3 Attempts - 15 Races total,7,Day 4,,,,,,,,,,,,,,,Re-use Day 3 - Team Comp 1 as Day 4 - Team Comp 1,A Group,,,,,,,,,,4 Attempts - 20 Races total,11,Finals,,,,,,,,,,,,,,,A Finals,6393,Re-use Day 4 - Team Comp 1 as Finals Team Comp,,,,,,,,,,,1st,,,,,,,,,,,,,,,,,,,,
8/14/2026 6:05:40,H8R,Graded (No Uma Restrictions),Win A finals with any uma,I accept these terms,Finals,,,2676,46+ (more than 6 per day),,,,Oguri Cap (Christmas),Late Surger,Ace built for this CM before CM start in Grand Concert scenario,2,0,1,0,2,1,0,Mayano Top Gun (Wedding),Late Surger,Debuffer,,,,,,,,Nice Nature,End Closer,Debuffer,,,,,,,,4 Attempts - 20 Races total,15,Go to Submit page,,,,,,,,,,,,,,Re-use Day 1 - Team Comp 1 as Day 2 - Team Comp 1,,,,,,,,,,4 Attempts - 20 Races total,19,Go to Submit page,,,,,,,,,,,,,,,Add new Team Comp as Day 3 - Team Comp 1,A Group,Oguri Cap (Christmas),Late Surger,Ace built for this CM before CM start in Grand Concert scenario,Grass Wonder,End Closer,Debuffer,Symboli Rudolf,End Closer,Debuffer,4 Attempts - 20 Races total,14,Go to Submit page,,,,,,,,,,,,,,,Re-use Day 3 - Team Comp 1 as Day 4 - Team Comp 1,A Group,,,,,,,,,,4 Attempts - 20 Races total,17,Go to Submit page,,,,,,,,,,,,,,,A Finals,8865,Re-use Day 4 - Team Comp 1 as Finals Team Comp,,,,,,,,,,https://drive.google.com/open?id=1kBw3nUibf0ZMDqekqfWdr2DXr69E2rWb,1st,,,,,,,,,,,,,,,,,,,,
8/14/2026 13:11:00,Nana,Graded (No Uma Restrictions),Win A finals with any uma,I accept these terms,Finals,"Android - phone or tablet, Windows",$101-500,1641,46+ (more than 6 per day),Discord - MooMooCord - https://discord.gg/Hc7cP9GB,5,,Oguri Cap (Christmas),Pace Chaser,Ace built for this CM before CM start in Grand Concert scenario,3,0,0,0,2,1,0,Symboli Rudolf,Late Surger,Debuffer,,,,,,,,Nice Nature,Late Surger,Debuffer,,,,,,,,4 Attempts - 20 Races total,16,Go to Submit page,,,,,,,,,,,,,,Add new Team Comp as Day 2 - Team Comp 1,Oguri Cap (Christmas),Pace Chaser,Ace built for this CM before CM start in Grand Concert scenario,Symboli Rudolf,Late Surger,Debuffer,Grass Wonder,Late Surger,Debuffer,4 Attempts - 20 Races total,18,Go to Submit page,,,,,,,,,,,,,,,Re-use Day 2 - Team Comp 2 as Day 3 - Team Comp 1,A Group,,,,,,,,,,4 Attempts - 20 Races total,18,Go to Submit page,,,,,,,,,,,,,,,Re-use Day 3 - Team Comp 2 as Day 4 - Team Comp 1,A Group,,,,,,,,,,4 Attempts - 20 Races total,17,Go to Submit page,,,,,,,,,,,,,,,A Finals,,Re-use Day 4 - Team Comp 1 as Finals Team Comp,,,,,,,,,,,2nd,No (goes to Submit page),,,,,,,,,,,,,,,,,,,
8/15/2026 2:52:41,enzo1029,Graded (No Uma Restrictions),"Win A finals with ""oshi"" uma",I accept these terms,Finals,"Android - phone or tablet, Windows",$101-500,1118,31-45 (roughly 5-6 per day),Discord - MooMooCord - https://discord.gg/Hc7cP9GB,5,possible to remove career count since auto training inflates this too much+ask if A finals reached in case of 2-2-2-2,Mejiro Ardan,Pace Chaser,Ace built for this CM before CM start in Grand Concert scenario,3,1,0,0,1,1,0,Nice Nature,End Closer,Debuffer,,,,,,,,Mayano Top Gun (Wedding),End Closer,Debuffer,,,,,,,,3 Attempts - 15 Races total,6,Day 1 - Add 2nd Team,Copano Rickey,Front Runner,Ace built for this CM before CM start in Grand Concert scenario,Maruzensky (Summer),Front Runner,Blocker/Overtake target/Throwaway/Niche role,Nice Nature,End Closer,Debuffer,1 Attempt - 5 Races total,3,2 teams,Go to Submit page,Re-use Day 1 - Team Comp 1 as Day 2 - Team Comp 1,,,,,,,,,,4 Attempts - 20 Races total,15,Go to Submit page,,,,,,,,,,,,,,,Re-use Day 2 - Team Comp 1 as Day 3 - Team Comp 1,A Group,,,,,,,,,,4 Attempts - 20 Races total,12,Go to Submit page,,,,,,,,,,,,,,,Re-use Day 3 - Team Comp 1 as Day 4 - Team Comp 1,A Group,,,,,,,,,,1 Attempt - 5 Races total,3,Day 4 - Add 2nd team,Add new Team Comp as Day 4 - Team Comp 2,Mejiro Ardan,Pace Chaser,Ace built for this CM before CM start in Grand Concert scenario,Agnes Tachyon,Late Surger,Debuffer,Grass Wonder,Late Surger,Debuffer,3 Attempts - 15 Races total,10,2 teams,Go to Submit page,A Finals,8357,Re-use Day 4 - Team Comp 1 as Finals Team Comp,,,,,,,,,,https://drive.google.com/open?id=1I10b5coFqeJy8pdh5Bth2Dg0GnA-F5MB,1st,,,,,,,,,,,"rmb everyone, ur uma doesnt run out of stamina without ur consent",https://drive.google.com/open?id=1DCs4nkJAPz44lBoZXhON3kdhzE_arKE2,https://drive.google.com/open?id=1PPTghNfCXmj0YFGjKKh1Uy2NSXPMQRoQ,,0,8,6,0,0,https://drive.google.com/open?id=1Ogbno7_ROQf9Oudr5RD8WFvEtmCRfg01
8/14/2026 6:44:39,ran5z,Graded (No Uma Restrictions),"Win A finals with ""oshi"" uma",I accept these terms,Finals,Android - phone or tablet,$501-1000,1421,,"Discord - MooMooCord - https://discord.gg/Hc7cP9GB, YouTube - MooMooCows - https://www.youtube.com/@MooMooCows",,,Agnes Digital,Late Surger,Ace built for this CM before CM start in Grand Concert scenario,3,0,0,0,2,1,0,Mayano Top Gun (Wedding),Front Runner,Debuffer,,,,,,,,Grass Wonder,Late Surger,Debuffer,,,,,,,,4 Attempts - 20 Races total,17,Go to Submit page,,,,,,,,,,,,,,Re-use Day 1 - Team Comp 1 as Day 2 - Team Comp 1,,,,,,,,,,4 Attempts - 20 Races total,20,Go to Submit page,,,,,,,,,,,,,,,Re-use Day 2 - Team Comp 1 as Day 3 - Team Comp 1,A Group,,,,,,,,,,4 Attempts - 20 Races total,13,Day 4,,,,,,,,,,,,,,,Add a new Team Comp as Day 4 - Team Comp 1,A Group,Agnes Digital,Late Surger,Ace built for this CM before CM start in Grand Concert scenario,Grass Wonder,Late Surger,Debuffer,Symboli Rudolf,Front Runner,Debuffer,4 Attempts - 20 Races total,19,Go to Submit page,,,,,,,,,,,,,,,A Finals,12575,Re-use Day 4 - Team Comp 1 as Finals Team Comp,,,,,,,,,,https://drive.google.com/open?id=1oowqnMqqZkYdGauOYjtlT5hNFeT-DXXE,1st,,,,,,,,,,,thank you GL for giving me many angles of digitan's pits,https://drive.google.com/open?id=15d5xckrWNJhfU_MkXkrWR1yL-8sAvAIw,https://drive.google.com/open?id=1ErowvhINerN5ag90dWCoMV9X7dfLyOci,,,14,3,,,https://drive.google.com/open?id=1UrqFQb0FES7Z4R_NmjwVEE0qQ3dbWUn2
8/14/2026 6:39:24,Sc0undrel,Graded (No Uma Restrictions),Win A finals with any uma,I accept these terms,Finals,Android - phone or tablet,$101-500,1577,46+ (more than 6 per day),Discord - MooMooCord - https://discord.gg/Hc7cP9GB,5,,Oguri Cap (Christmas),Pace Chaser,Ace built for this CM before CM start in Grand Concert scenario,2,1,,,2,1,,Grass Wonder,Late Surger,Debuffer,1,1,1,1,2,,,Nice Nature,Late Surger,Debuffer,1,1,1,1,2,,,4 Attempts - 20 Races total,19,Go to Submit page,,,,,,,,,,,,,,Re-use Day 1 - Team Comp 1 as Day 2 - Team Comp 1,,,,,,,,,,4 Attempts - 20 Races total,19,Go to Submit page,,,,,,,,,,,,,,,Re-use Day 2 - Team Comp 1 as Day 3 - Team Comp 1,A Group,,,,,,,,,,4 Attempts - 20 Races total,15,Go to Submit page,,,,,,,,,,,,,,,Re-use Day 3 - Team Comp 1 as Day 4 - Team Comp 1,A Group,,,,,,,,,,4 Attempts - 20 Races total,17,Go to Submit page,,,,,,,,,,,,,,,A Finals,12114,Re-use Day 4 - Team Comp 1 as Finals Team Comp,,,,,,,,,,https://drive.google.com/open?id=1wWG3tuP6SZmwl7Ir9mtwVC3BSt4T8zhj,1st,,,,,,,,,,,There’s so way I get an oshi award I’m a scumbag this cm ,https://drive.google.com/open?id=1E-M7OvgQAh0zvOBzwD5LH8anwYN1IZar,https://drive.google.com/open?id=1SzhPMFOcmgzWVwVRKGkVA7Jwf8ytldlH,,,9,5,,,https://drive.google.com/open?id=1YqAby-kNLRE94yWNBS3YSzYPMpFUbbar
8/14/2026 8:53:21,Muu,Graded (No Uma Restrictions),Get into A finals,I accept these terms,Finals,Windows,$1001-5000,1264,46+ (more than 6 per day),Discord - MooMooCord - https://discord.gg/Hc7cP9GB,5,,Oguri Cap (Christmas),Pace Chaser,Ace built for this CM before CM start in Grand Concert scenario,3,,,,2,1,,Nice Nature (Cheerleader),Late Surger,Debuffer,,,,,,,,Eishin Flash (Valentine),Late Surger,Debuffer,,,,,,,,4 Attempts - 20 Races total,12,Go to Submit page,,,,,,,,,,,,,,Re-use Day 1 - Team Comp 1 as Day 2 - Team Comp 1,,,,,,,,,,4 Attempts - 20 Races total,14,Go to Submit page,,,,,,,,,,,,,,,Re-use Day 2 - Team Comp 1 as Day 3 - Team Comp 1,A Group,,,,,,,,,,4 Attempts - 20 Races total,11,Go to Submit page,,,,,,,,,,,,,,,Re-use Day 3 - Team Comp 1 as Day 4 - Team Comp 1,A Group,,,,,,,,,,4 Attempts - 20 Races total,7,Go to Submit page,,,,,,,,,,,,,,,A Finals,8218,Re-use Day 4 - Team Comp 1 as Finals Team Comp,,,,,,,,,,,1st,,,,,,,,,,,,,,,,18,,,,
8/14/2026 12:06:45,Cadney,Graded (No Uma Restrictions),"Win A finals with ""oshi"" uma",I accept these terms,Finals,iOS - phone or tablet,$101-500,2010,31-45 (roughly 5-6 per day),Discord - MooMooCord - https://discord.gg/Hc7cP9GB,5,,Agnes Digital,Late Surger,Ace built for this CM before CM start in Grand Concert scenario,2,1,,,2,1,,Nice Nature (Cheerleader),Late Surger,Debuffer,1,,2,,3,,,Grass Wonder,Front Runner,Debuffer,1,,2,,3,,,4 Attempts - 20 Races total,17,Go to Submit page,,,,,,,,,,,,,,Re-use Day 1 - Team Comp 1 as Day 2 - Team Comp 1,,,,,,,,,,4 Attempts - 20 Races total,13,Go to Submit page,,,,,,,,,,,,,,,Re-use Day 2 - Team Comp 1 as Day 3 - Team Comp 1,A Group,,,,,,,,,,4 Attempts - 20 Races total,11,Day 4,,,,,,,,,,,,,,,Re-use Day 3 - Team Comp 1 as Day 4 - Team Comp 1,A Group,,,,,,,,,,4 Attempts - 20 Races total,13,Go to Submit page,,,,,,,,,,,,,,,A Finals,,Re-use Day 4 - Team Comp 1 as Finals Team Comp,,,,,,,,,,,1st,,,,,,,,,,,,,,,,,,,,
8/14/2026 9:36:01,Amasuro,Graded (No Uma Restrictions),"Win A finals with ""oshi"" uma",I accept these terms,Day 3,"Android - phone or tablet, Windows",$1-100,1340,31-45 (roughly 5-6 per day),"Discord - MooMooCord - https://discord.gg/Hc7cP9GB, YouTube - MooMooCows - https://www.youtube.com/@MooMooCows",5,,Gold City,Late Surger,Ace built for this CM before CM start in Grand Concert scenario,2,1,,,2,1,,Yukino Bijin,Pace Chaser,Ace built for this CM before CM start in Grand Concert scenario,2,1,,,2,1,,Symboli Rudolf,Late Surger,Debuffer,1,,,,4,1,,4 Attempts - 20 Races total,8,Go to Submit page,,,,,,,,,,,,,,Re-use Day 1 - Team Comp 1 as Day 2 - Team Comp 1,,,,,,,,,,4 Attempts - 20 Races total,15,Go to Submit page,,,,,,,,,,,,,,,Re-use Day 2 - Team Comp 1 as Day 3 - Team Comp 1,A Group,,,,,,,,,,4 Attempts - 20 Races total,8,Day 4,,,,,,,,,,,,,,,Re-use Day 3 - Team Comp 1 as Day 4 - Team Comp 1,A Group,,,,,,,,,,4 Attempts - 20 Races total,5,Finals,,,,,,,,,,,,,,,A Finals,12672,Re-use Day 4 - Team Comp 1 as Finals Team Comp,,,,,,,,,,https://drive.google.com/open?id=18i083JmbaPat_dsdX3JafNRr-vW4TwJT,3rd,No (goes to Submit page),,,,,,,,,,,,,,,,,,,
8/14/2026 9:18:32,Veronius,Graded (No Uma Restrictions),"Win A finals with ""oshi"" uma",I accept these terms,Finals,Windows,$101-500,2042,31-45 (roughly 5-6 per day),Discord - MooMooCord - https://discord.gg/Hc7cP9GB,5,,Mejiro McQueen (Anime Collab),Pace Chaser,Ace built for this CM before CM start in Grand Concert scenario,3,0,0,0,2,1,0,Agnes Tachyon,End Closer,Debuffer,,,,,,,,Grass Wonder,End Closer,Debuffer,,,,,,,,4 Attempts - 20 Races total,14,Go to Submit page,,,,,,,,,,,,,,Re-use Day 1 - Team Comp 1 as Day 2 - Team Comp 1,,,,,,,,,,4 Attempts - 20 Races total,16,Go to Submit page,,,,,,,,,,,,,,,Re-use Day 2 - Team Comp 1 as Day 3 - Team Comp 1,A Group,,,,,,,,,,4 Attempts - 20 Races total,17,Go to Submit page,,,,,,,,,,,,,,,Re-use Day 3 - Team Comp 1 as Day 4 - Team Comp 1,A Group,,,,,,,,,,4 Attempts - 20 Races total,15,Go to Submit page,,,,,,,,,,,,,,,A Finals,15148,Re-use Day 4 - Team Comp 1 as Finals Team Comp,,,,,,,,,,https://drive.google.com/open?id=16-ieIf7i_9b9HO3rtS3FwOHkQo1jhNeq,2nd,Yes,https://drive.google.com/open?id=1Lyb6-xSrqD_xzMY-UJ3JnBOhoidgW865,https://drive.google.com/open?id=12W6Rnv0V1cJBFLdActH7ogAfRhfk_zkh,,,5,2,4,,https://drive.google.com/open?id=1mlSeAZrOSdLS19RDNKHijz1MWvVT2txi,,,,,,,,,,
8/12/2026 7:03:27,fmsayaka,Graded (No Uma Restrictions),Get into A finals,I accept these terms,Day 3,"iOS - phone or tablet, Windows",$0,1599,21-30 (roughly 3-4 per day),Discord - MooMooCord - https://discord.gg/Hc7cP9GB,5,Maybe separating weekly career count into auto vs manual runs ,Smart Falcon,Front Runner,Ace built for this CM before CM start in Grand Concert scenario,2,1,0,0,2,1,0,Maruzensky (Summer),Front Runner,Ace built for this CM before CM start in Grand Concert scenario,2,1,0,0,2,1,0,Silence Suzuka,Runaway,Blocker/Overtake target/Throwaway/Niche role,,,,,,,,4 Attempts - 20 Races total,9,Go to Submit page,,,,,,,,,,,,,,Re-use Day 1 - Team Comp 1 as Day 2 - Team Comp 1,,,,,,,,,,2 Attempts - 10 Races total,6,Day 2 - Add 2nd Team,Add new Team Comp as Day 2 - Team Comp 2,Smart Falcon,Front Runner,Ace built for this CM before CM start in Grand Concert scenario,Mihono Bourbon (Valentine),Front Runner,Ace built for this CM before CM start in Grand Concert scenario,Silence Suzuka,Runaway,Blocker/Overtake target/Throwaway/Niche role,2 Attempts - 10 Races total,6,2 teams,Go to Submit page,Re-use Day 2 - Team Comp 2 as Day 3 - Team Comp 1,A Group,,,,,,,,,,1 Attempt - 5 Races total,2,Day 3 - Add 2nd Team,Add new Team Comp as Day 3 - Team Comp 2,Smart Falcon,Front Runner,Ace built for this CM before CM start in Grand Concert scenario,Maruzensky (Summer),Front Runner,Ace built for this CM before CM start in Grand Concert scenario,Silence Suzuka,Runaway,Blocker/Overtake target/Throwaway/Niche role,3 Attempts - 15 Races total,8,2 teams,Day 4,Re-use Day 3 - Team Comp 2 as Day 4 - Team Comp 1,A Group,,,,,,,,,,4 Attempts - 20 Races total,10,Go to Submit page,,,,,,,,,,,,,,,,,,,,,,,,,,,,,,,,,,,,,,,,,,,,,,,,
8/14/2026 7:27:46,Oscar,Graded (No Uma Restrictions),"Win A finals with ""oshi"" uma",I accept these terms,Day 1,"iOS - phone or tablet, Windows",$1-100,,31-45 (roughly 5-6 per day),Discord - MooMooCord - https://discord.gg/Hc7cP9GB,5,,Mejiro McQueen (Summer),Pace Chaser,Ace built for this CM before CM start in Grand Concert scenario,2,1,,,2,1,,Grass Wonder,Late Surger,Debuffer,,,,,,,,Symboli Rudolf,Late Surger,Debuffer,,,,,,,,4 Attempts - 20 Races total,13,Day 2,,,,,,,,,,,,,,Re-use Day 1 - Team Comp 1 as Day 2 - Team Comp 1,,,,,,,,,,4 Attempts - 20 Races total,14,Day 3,,,,,,,,,,,,,,,Re-use Day 2 - Team Comp 1 as Day 3 - Team Comp 1,A Group,,,,,,,,,,4 Attempts - 20 Races total,9,Day 4,,,,,,,,,,,,,,,Re-use Day 3 - Team Comp 1 as Day 4 - Team Comp 1,A Group,,,,,,,,,,4 Attempts - 20 Races total,10,Finals,,,,,,,,,,,,,,,A Finals,8463,Re-use Day 4 - Team Comp 1 as Finals Team Comp,,,,,,,,,,https://drive.google.com/open?id=1CaamCRTwvJyXAgXOxhaEP9JTnmKXll0J,1st,,,,,,,,,,,"""Another job well done.""",https://drive.google.com/open?id=1T3dqop_b9i8fLdc4wbDzDDYW7E_5XQh9,https://drive.google.com/open?id=1RPPT_PdTFqtoCSn8gSm3wb-BfX0mGjFG,,,13,,2,,https://drive.google.com/open?id=1cdLLXtA-9Z8N3sHq5mKUN9pbCHBkV0kb
8/14/2026 5:15:55,just me 503,Graded (No Uma Restrictions),Collect participation rewards,I accept these terms,Finals,"iOS - phone or tablet, Windows",$1-100,550,31-45 (roughly 5-6 per day),"Discord - MooMooCord - https://discord.gg/Hc7cP9GB, Twitch - MooMooCows - https://www.twitch.tv/moomoomoocows, YouTube - MooMooCows - https://www.youtube.com/@MooMooCows",4,,Maruzensky (Summer),Front Runner,Ace built for this CM before CM start in Grand Concert scenario,2,1,,,2,1,,Mihono Bourbon (Valentine),Front Runner,Ace built for this CM before CM start in Grand Concert scenario,2,1,,,2,1,,Grass Wonder,Late Surger,Debuffer,1,,1,,3,1,,4 Attempts - 20 Races total,12,Go to Submit page,,,,,,,,,,,,,,Re-use Day 1 - Team Comp 1 as Day 2 - Team Comp 1,,,,,,,,,,4 Attempts - 20 Races total,12,Go to Submit page,,,,,,,,,,,,,,,Re-use Day 2 - Team Comp 1 as Day 3 - Team Comp 1,A Group,,,,,,,,,,4 Attempts - 20 Races total,8,Go to Submit page,,,,,,,,,,,,,,,Re-use Day 3 - Team Comp 1 as Day 4 - Team Comp 1,A Group,,,,,,,,,,4 Attempts - 20 Races total,4,Go to Submit page,,,,,,,,,,,,,,,A Finals,10883,Re-use Day 4 - Team Comp 1 as Finals Team Comp,,,,,,,,,,,3rd,No (goes to Submit page),,,,,,,,,,,,,,,,,,,
8/12/2026 11:57:02,Naomikho,Graded (No Uma Restrictions),"Win A finals with ""oshi"" uma",I accept these terms,Day 4,"Android - phone or tablet, Windows",$101-500,,31-45 (roughly 5-6 per day),Discord - MooMooCord - https://discord.gg/Hc7cP9GB,,,Oguri Cap (Christmas),Pace Chaser,Ace built for this CM before CM start in Grand Concert scenario,2,1,0,0,2,1,0,Nice Nature,Late Surger,Debuffer,,,,,,,,Mayano Top Gun (Wedding),Front Runner,Debuffer,,,,,,,,4 Attempts - 20 Races total,15,Go to Submit page,,,,,,,,,,,,,,Re-use Day 1 - Team Comp 1 as Day 2 - Team Comp 1,,,,,,,,,,4 Attempts - 20 Races total,17,Go to Submit page,,,,,,,,,,,,,,,Re-use Day 2 - Team Comp 1 as Day 3 - Team Comp 1,A Group,,,,,,,,,,4 Attempts - 20 Races total,12,Go to Submit page,,,,,,,,,,,,,,,Re-use Day 3 - Team Comp 1 as Day 4 - Team Comp 1,A Group,,,,,,,,,,4 Attempts - 20 Races total,16,Go to Submit page,,,,,,,,,,,,,,,,,,,,,,,,,,,,,,,,,,,,,,,,,,,,,,,,
8/14/2026 5:45:36,KTDK,Graded (No Uma Restrictions),"Win A finals with ""oshi"" uma",I accept these terms,Finals,Windows,$0,1727,46+ (more than 6 per day),Discord - MooMooCord - https://discord.gg/Hc7cP9GB,4,,Grass Wonder,Late Surger,Ace built for this CM before CM start in Grand Concert scenario,2,1,0,0,2,1,0,Copano Rickey,Late Surger,Ace built for this CM before CM start in Grand Concert scenario,3,0,0,0,2,1,0,Nice Nature,Late Surger,Debuffer,,,,,,,,4 Attempts - 20 Races total,16,Go to Submit page,,,,,,,,,,,,,,Re-use Day 1 - Team Comp 1 as Day 2 - Team Comp 1,,,,,,,,,,4 Attempts - 20 Races total,16,Day 3,,,,,,,,,,,,,,,Re-use Day 2 - Team Comp 1 as Day 3 - Team Comp 1,A Group,,,,,,,,,,4 Attempts - 20 Races total,11,Go to Submit page,,,,,,,,,,,,,,,,,,,,,,,,,,,,,,,,,,,,,,,,,,,A Finals,10304,Re-use Day 4 - Team Comp 1 as Finals Team Comp,,,,,,,,,,https://drive.google.com/open?id=1V-u-Pi7BzoYVaGVYyhq5jC-tr9Kdyhuf,1st,,,,,,,,,,,,,,,,,,,,
8/14/2026 5:17:42,Hayashi,Graded (No Uma Restrictions),"Win A finals with ""oshi"" uma",I accept these terms,Finals,"Android - phone or tablet, Windows",$1001-5000,1801,21-30 (roughly 3-4 per day),"Discord - MooMooCord - https://discord.gg/Hc7cP9GB, Twitch - MooMooCows - https://www.twitch.tv/moomoomoocows, YouTube - MooMooCows - https://www.youtube.com/@MooMooCows",5,,Daiwa Scarlet,Pace Chaser,Ace built for this CM before CM start in Grand Concert scenario,2,,1,,2,1,,Biwa Hayahide,Pace Chaser,Ace built for this CM before CM start in Grand Concert scenario,2,,1,,2,1,,Narita Brian,Late Surger,Ace built for this CM before CM start in Grand Concert scenario,2,,1,,2,1,,4 Attempts - 20 Races total,15,Go to Submit page,,,,,,,,,,,,,,Re-use Day 1 - Team Comp 1 as Day 2 - Team Comp 1,,,,,,,,,,4 Attempts - 20 Races total,13,Go to Submit page,,,,,,,,,,,,,,,Re-use Day 2 - Team Comp 1 as Day 3 - Team Comp 1,A Group,,,,,,,,,,4 Attempts - 20 Races total,9,Go to Submit page,,,,,,,,,,,,,,,Re-use Day 3 - Team Comp 1 as Day 4 - Team Comp 1,A Group,,,,,,,,,,4 Attempts - 20 Races total,9,Go to Submit page,,,,,,,,,,,,,,,A Finals,,Re-use Day 4 - Team Comp 1 as Finals Team Comp,,,,,,,,,,https://drive.google.com/open?id=1kYGAMr95B0EevmgGL_RQ_U-GTJcmIO0l,2nd,No (goes to Submit page),,,,,,,,,,,,,,,,,,,
8/15/2026 2:47:38,mellow,Graded (No Uma Restrictions),"Win A finals with ""oshi"" uma",I accept these terms,Finals,iOS - phone or tablet,$101-500,,46+ (more than 6 per day),Discord - MooMooCord - https://discord.gg/Hc7cP9GB,4,,Narita Taishin (Steampunk),End Closer,Ace built for this CM before CM start in Grand Concert scenario,,,,,,,,Agnes Tachyon,Front Runner,Debuffer,,,,,,,,Grass Wonder,Front Runner,Debuffer,,,,,,,,4 Attempts - 20 Races total,15,Go to Submit page,,,,,,,,,,,,,,Re-use Day 1 - Team Comp 1 as Day 2 - Team Comp 1,,,,,,,,,,4 Attempts - 20 Races total,15,Go to Submit page,,,,,,,,,,,,,,,Re-use Day 2 - Team Comp 1 as Day 3 - Team Comp 1,A Group,,,,,,,,,,4 Attempts - 20 Races total,12,Go to Submit page,,,,,,,,,,,,,,,Re-use Day 3 - Team Comp 1 as Day 4 - Team Comp 1,A Group,,,,,,,,,,4 Attempts - 20 Races total,12,Go to Submit page,,,,,,,,,,,,,,,A Finals,,Re-use Day 4 - Team Comp 1 as Finals Team Comp,,,,,,,,,,https://drive.google.com/open?id=1MZqN2suz4N_M1a5XBEJoDSZTrYqO543w,1st,,,,,,,,,,,too many taishins tm,https://drive.google.com/open?id=1z5yGxOEpk6PuTuI2JfKGuCR7JpXsDBXM,https://drive.google.com/open?id=1V787JeN9bWZW6n87QIllnqKGF4QvNqhj,,,12,,,1,https://drive.google.com/open?id=1F679ZHCI9x87XHvdQd8WDX2U5WuPEq3J
8/14/2026 6:09:35,th1rte3n,Graded (No Uma Restrictions),Win A finals with any uma,I accept these terms,Finals,SteamOS - Steam Deck,$1001-5000,2678,46+ (more than 6 per day),"Discord - MooMooCord - https://discord.gg/Hc7cP9GB, Twitch - MooMooCows - https://www.twitch.tv/moomoomoocows, YouTube - MooMooCows - https://www.youtube.com/@MooMooCows",5,,Oguri Cap (Christmas),Pace Chaser,Ace built for this CM before CM start in Grand Concert scenario,2,1,0,0,2,1,0,Eishin Flash (Valentine),Front Runner,Debuffer,1,0,2,0,3,0,0,Symboli Rudolf,End Closer,Debuffer,1,0,2,0,3,0,0,4 Attempts - 20 Races total,18,Go to Submit page,,,,,,,,,,,,,,Re-use Day 1 - Team Comp 1 as Day 2 - Team Comp 1,,,,,,,,,,4 Attempts - 20 Races total,17,Go to Submit page,,,,,,,,,,,,,,,Re-use Day 2 - Team Comp 1 as Day 3 - Team Comp 1,A Group,,,,,,,,,,4 Attempts - 20 Races total,14,Go to Submit page,,,,,,,,,,,,,,,Re-use Day 3 - Team Comp 1 as Day 4 - Team Comp 1,A Group,,,,,,,,,,4 Attempts - 20 Races total,15,Go to Submit page,,,,,,,,,,,,,,,A Finals,13342,Re-use Day 4 - Team Comp 1 as Finals Team Comp,,,,,,,,,,https://drive.google.com/open?id=1VGHEDOgtXYOSezCxKjYBCi04WHHhfo1Z,1st,,,,,,,,,,,,https://drive.google.com/open?id=1-iq4jkZ2HkjGQbiUIXjE0yVGnftQatR6,https://drive.google.com/open?id=1LGuKpVF9cEJlFjVKywas_K6mDJZhro96,,2,8,2,0,2,https://drive.google.com/open?id=15DZvQzB6jLblmNhBAc4q45RpagCHO9I5
8/14/2026 6:56:51,Faerie,Graded (No Uma Restrictions),"Win A finals with ""oshi"" uma",I accept these terms,Finals,"Android - phone or tablet, Windows",$0,1606,31-45 (roughly 5-6 per day),"Discord - MooMooCord - https://discord.gg/Hc7cP9GB, YouTube - MooMooCows - https://www.youtube.com/@MooMooCows",5,,Admire Vega,End Closer,Ace built for this CM before CM start in Grand Concert scenario,2,1,0,0,2,,1,Agnes Tachyon,End Closer,Debuffer,,,,,,,,Symboli Rudolf,Front Runner,Debuffer,,,,,,,,4 Attempts - 20 Races total,16,Go to Submit page,,,,,,,,,,,,,,Re-use Day 1 - Team Comp 1 as Day 2 - Team Comp 1,,,,,,,,,,4 Attempts - 20 Races total,15,Go to Submit page,,,,,,,,,,,,,,,Re-use Day 2 - Team Comp 1 as Day 3 - Team Comp 1,A Group,,,,,,,,,,4 Attempts - 20 Races total,14,Go to Submit page,,,,,,,,,,,,,,,Re-use Day 3 - Team Comp 1 as Day 4 - Team Comp 1,A Group,,,,,,,,,,4 Attempts - 20 Races total,11,Go to Submit page,,,,,,,,,,,,,,,A Finals,13015,Re-use Day 4 - Team Comp 1 as Finals Team Comp,,,,,,,,,,https://drive.google.com/open?id=1xs4AvWxiWDT4kiEqgle8BdW9R7TbWd3s,1st,,,,,,,,,,,not even on dirt can the evil white horse defeat me,https://drive.google.com/open?id=1MC1nE1O6WaOi7scZotr4utfgYTUDprYO,https://drive.google.com/open?id=1tbz8NPSftgV2RGgJbjx9aP3ZZV0LMxgs,,5,10,0,0,0,https://drive.google.com/open?id=14SsCoMfc3Q3SMtLRLn-z-3uNV0TfibGx
8/14/2026 9:03:31,Torra,Graded (No Uma Restrictions),Win A finals with any uma,I accept these terms,Day 1,iOS - phone or tablet,$1-100,,31-45 (roughly 5-6 per day),"Discord - MooMooCord - https://discord.gg/Hc7cP9GB, YouTube - MooMooCows - https://www.youtube.com/@MooMooCows",5,,Oguri Cap (Christmas),Pace Chaser,Ace built for this CM before CM start in Grand Concert scenario,2,0,1,0,2,1,0,Nice Nature,Late Surger,Debuffer,,,,,,,,Grass Wonder,Late Surger,Debuffer,,,,,,,,4 Attempts - 20 Races total,17,Day 2,,,,,,,,,,,,,,Re-use Day 1 - Team Comp 1 as Day 2 - Team Comp 1,,,,,,,,,,4 Attempts - 20 Races total,19,Day 3,,,,,,,,,,,,,,,Re-use Day 2 - Team Comp 1 as Day 3 - Team Comp 1,A Group,,,,,,,,,,4 Attempts - 20 Races total,19,Day 4,,,,,,,,,,,,,,,Add a new Team Comp as Day 4 - Team Comp 1,A Group,Oguri Cap (Christmas),Pace Chaser,Ace built for this CM before CM start in Grand Concert scenario,Grass Wonder,Late Surger,Debuffer,Agnes Tachyon,Late Surger,Debuffer,4 Attempts - 20 Races total,18,Finals,,,,,,,,,,,,,,,A Finals,12856,Re-use Day 4 - Team Comp 1 as Finals Team Comp,,,,,,,,,,https://drive.google.com/open?id=11WrZtIKQ2ugaNzlmqpqpFm7oHDZFGmXM,1st,,,,,,,,,,,,https://drive.google.com/open?id=1MOSXOAZ1AZZ8VSFxuDGCUqi209Sq8Gop,https://drive.google.com/open?id=1liR6vnO9SdFd5SBkbY0qYA3rIJLOjXX6,,,,,,,https://drive.google.com/open?id=1wMUG-GNcmpAlY32s_I1FBqHRo0ucxGEn
8/14/2026 5:05:44,_Alex_,Graded (No Uma Restrictions),Get into B finals,I accept these terms,Finals,Linux,$1-100,582,11-20 (roughly 2-3 per day),"Discord - MooMooCord - https://discord.gg/Hc7cP9GB, Discord - Pakacord! - https://discord.gg/6mwHqhBm, Reddit - /r/umamusumeGame, Twitch - MooMooCows - https://www.twitch.tv/moomoomoocows, YouTube - MooMooCows - https://www.youtube.com/@MooMooCows",5,,Oguri Cap,Late Surger,Ace built for this CM before CM start in Grand Concert scenario,2,1,,,2,1,,Grass Wonder,End Closer,Debuffer,,,,,,,,Agnes Tachyon,End Closer,Debuffer,,,,,,,,3 Attempts - 15 Races total,6,Go to Submit page,,,,,,,,,,,,,,Re-use Day 1 - Team Comp 1 as Day 2 - Team Comp 1,,,,,,,,,,4 Attempts - 20 Races total,15,Go to Submit page,,,,,,,,,,,,,,,Re-use Day 2 - Team Comp 1 as Day 3 - Team Comp 1,A Group,,,,,,,,,,4 Attempts - 20 Races total,9,Go to Submit page,,,,,,,,,,,,,,,Re-use Day 3 - Team Comp 1 as Day 4 - Team Comp 1,A Group,,,,,,,,,,4 Attempts - 20 Races total,8,Go to Submit page,,,,,,,,,,,,,,,A Finals,10434,Re-use Day 4 - Team Comp 1 as Finals Team Comp,,,,,,,,,,,3rd,No (goes to Submit page),,,,,,,,,,,,,,,,,,,
8/14/2026 6:09:06,SusPyro,Graded (No Uma Restrictions),Win A finals with any uma,I accept these terms,Finals,"Android - phone or tablet, Windows",$0,1347,21-30 (roughly 3-4 per day),Discord - MooMooCord - https://discord.gg/Hc7cP9GB,4,,Copano Rickey,Pace Chaser,Ace built for this CM before CM start in Grand Concert scenario,3,1,,,1,1,,Meisho Doto,Late Surger,Ace built for this CM before CM start in Grand Concert scenario,3,,,,2,1,,Grass Wonder,Pace Chaser,Debuffer,1,,1,,4,,,4 Attempts - 20 Races total,13,Go to Submit page,,,,,,,,,,,,,,Re-use Day 1 - Team Comp 1 as Day 2 - Team Comp 1,,,,,,,,,,4 Attempts - 20 Races total,16,Go to Submit page,,,,,,,,,,,,,,,Add new Team Comp as Day 3 - Team Comp 1,A Group,Copano Rickey,Pace Chaser,Ace built for this CM before CM start in Grand Concert scenario,Meisho Doto,Late Surger,Ace built for this CM before CM start in Grand Concert scenario,Grass Wonder,Front Runner,Debuffer,4 Attempts - 20 Races total,15,Go to Submit page,,,,,,,,,,,,,,,Re-use Day 3 - Team Comp 2 as Day 4 - Team Comp 1,A Group,,,,,,,,,,4 Attempts - 20 Races total,13,Go to Submit page,,,,,,,,,,,,,,,A Finals,14850,Re-use Day 4 - Team Comp 2 as Finals Team Comp,,,,,,,,,,https://drive.google.com/open?id=11EBjTE2RVnSr3ZPDPOLGl5kJTyDDEOWH,3rd,Yes,https://drive.google.com/open?id=1TrAPA8pyjMMxq433Wk2-0pZI7JQGDpQy,https://drive.google.com/open?id=1AdtzhN9fm9htPJWZKg8tMeMi-SBpUZ2Z,,1,14,0,0,0,https://drive.google.com/open?id=1H9fN8P_BJxgwIx8Dog542pf0_2BYx1Xh,,,,,,,,,,
8/12/2026 9:32:30,Confound,Graded (No Uma Restrictions),"Win A finals with ""oshi"" uma",I accept these terms,Day 4,Windows,$1-100,1201,31-45 (roughly 5-6 per day),Discord - MooMooCord - https://discord.gg/Hc7cP9GB,5,,Rice Shower,Pace Chaser,Ace built for this CM before CM start in Grand Concert scenario,2,1,,,2,1,,Nice Nature,Late Surger,Debuffer,2,,,,4,,,Eishin Flash (Valentine),Late Surger,Debuffer,2,1,,,3,,,4 Attempts - 20 Races total,9,Go to Submit page,,,,,,,,,,,,,,Re-use Day 1 - Team Comp 1 as Day 2 - Team Comp 1,,,,,,,,,,4 Attempts - 20 Races total,10,Day 3,,,,,,,,,,,,,,,Re-use Day 2 - Team Comp 1 as Day 3 - Team Comp 1,A Group,,,,,,,,,,4 Attempts - 20 Races total,2,Go to Submit page,,,,,,,,,,,,,,,Re-use Day 3 - Team Comp 1 as Day 4 - Team Comp 1,A Group,,,,,,,,,,4 Attempts - 20 Races total,6,Go to Submit page,,,,,,,,,,,,,,,,,,,,,,,,,,,,,,,,,,,,,,,,,,,,,,,,
8/9/2026 9:32:04,DuckFinn,Graded (No Uma Restrictions),Win A finals with any uma,I accept these terms,Day 1,"iOS - phone or tablet, Windows",$5000+,2230,31-45 (roughly 5-6 per day),Discord - MooMooCord - https://discord.gg/Hc7cP9GB,,,Oguri Cap (Christmas),Pace Chaser,Ace built for this CM before CM start in Grand Concert scenario,2,1,,,2,1,,Nice Nature,End Closer,Debuffer,1,1,1,,3,,,Mayano Top Gun (Wedding),End Closer,Debuffer,1,1,1,,3,,,4 Attempts - 20 Races total,15,Go to Submit page,,,,,,,,,,,,,,,,,,,,,,,,,,,,,,,,,,,,,,,,,,,,,,,,,,,,,,,,,,,,,,,,,,,,,,,,,,,,,,,,,,,,,,,,,,,,,,,,,,,,,,,,,,,,,,,,,,,,,,,,,,,,,,,,,,
8/14/2026 8:53:48,Tenbirds,Graded (No Uma Restrictions),Win A finals with any uma,I accept these terms,Finals,"Android - phone or tablet, Windows",$101-500,774,6-10 (roughly 1 per day),"Discord - MooMooCord - https://discord.gg/Hc7cP9GB, YouTube - MooMooCows - https://www.youtube.com/@MooMooCows",5,,Smart Falcon,Front Runner,Ace built for this CM before CM start in Grand Concert scenario,3,0,0,0,2,1,0,Mayano Top Gun,Front Runner,Ace built for this CM before CM start in Grand Concert scenario,3,0,0,0,2,1,0,Grass Wonder,Late Surger,Debuffer,1,2,0,0,2,1,0,4 Attempts - 20 Races total,12,Go to Submit page,,,,,,,,,,,,,,Add new Team Comp as Day 2 - Team Comp 1,Smart Falcon,Front Runner,Mid-CM Ace build in Grand Concert scenario,Mayano Top Gun,Front Runner,Mid-CM Ace build in Grand Concert scenario,Grass Wonder,Late Surger,Debuffer,4 Attempts - 20 Races total,17,Go to Submit page,,,,,,,,,,,,,,,Re-use Day 2 - Team Comp 1 as Day 3 - Team Comp 1,A Group,,,,,,,,,,4 Attempts - 20 Races total,12,Go to Submit page,,,,,,,,,,,,,,,Re-use Day 3 - Team Comp 1 as Day 4 - Team Comp 1,A Group,,,,,,,,,,4 Attempts - 20 Races total,10,Go to Submit page,,,,,,,,,,,,,,,A Finals,11681,Re-use Day 4 - Team Comp 1 as Finals Team Comp,,,,,,,,,,https://drive.google.com/open?id=1cwUrnjk3ptcYR_odJlel7JwzYjdacpz_,2nd,No (goes to Submit page),,,,,,,,,,,,,,,,,,,
8/14/2026 8:32:26,Cave,Graded (No Uma Restrictions),Win A finals with any uma,I accept these terms,Finals,,$1-100,834,21-30 (roughly 3-4 per day),,,,Oguri Cap (Christmas),Pace Chaser,Ace built for this CM before CM start in Grand Concert scenario,,,,,,,,Nice Nature,Late Surger,Debuffer,,,,,,,,Grass Wonder,Late Surger,Debuffer,,,,,,,,4 Attempts - 20 Races total,17,Go to Submit page,,,,,,,,,,,,,,Add new Team Comp as Day 2 - Team Comp 1,Oguri Cap (Christmas),Pace Chaser,Ace built for this CM before CM start in Grand Concert scenario,Eishin Flash (Valentine),Late Surger,Debuffer,Grass Wonder,Late Surger,Debuffer,4 Attempts - 20 Races total,18,Go to Submit page,,,,,,,,,,,,,,,Re-use Day 2 - Team Comp 1 as Day 3 - Team Comp 1,A Group,,,,,,,,,,4 Attempts - 20 Races total,16,Go to Submit page,,,,,,,,,,,,,,,Re-use Day 3 - Team Comp 1 as Day 4 - Team Comp 1,A Group,,,,,,,,,,4 Attempts - 20 Races total,14,Go to Submit page,,,,,,,,,,,,,,,A Finals,15739,Re-use Day 4 - Team Comp 1 as Finals Team Comp,,,,,,,,,,,1st,,,,,,,,,,,,,,,,,,,,
8/15/2026 0:31:48,Alexa,Graded (No Uma Restrictions),Get into A finals,I accept these terms,Day 3,,,,31-45 (roughly 5-6 per day),,,,Oguri Cap (Christmas),Pace Chaser,Ace built for this CM before CM start in Grand Concert scenario,3,0,0,0,2,1,0,Inari One,End Closer,Ace built for this CM before CM start in Grand Concert scenario,3,0,0,0,2,1,0,Gold City,Late Surger,Ace built for this CM before CM start in Grand Concert scenario,2,1,0,0,2,1,0,4 Attempts - 20 Races total,13,Go to Submit page,,,,,,,,,,,,,,Re-use Day 1 - Team Comp 1 as Day 2 - Team Comp 1,,,,,,,,,,4 Attempts - 20 Races total,13,Day 3,,,,,,,,,,,,,,,Re-use Day 2 - Team Comp 1 as Day 3 - Team Comp 1,A Group,,,,,,,,,,4 Attempts - 20 Races total,7,Day 4,,,,,,,,,,,,,,,Re-use Day 3 - Team Comp 1 as Day 4 - Team Comp 1,A Group,,,,,,,,,,4 Attempts - 20 Races total,10,Finals,,,,,,,,,,,,,,,A Finals,,Re-use Day 4 - Team Comp 1 as Finals Team Comp,,,,,,,,,,https://drive.google.com/open?id=1idgYD0nIZwar_Fiufoi87dSe7BE3v9Js,1st,,,,,,,,,,,,,,,,,,,,
8/14/2026 6:35:03,Grafted Scion,Graded (No Uma Restrictions),Win A finals with any uma,I accept these terms,Finals,iOS - phone or tablet,$101-500,,21-30 (roughly 3-4 per day),Discord - MooMooCord - https://discord.gg/Hc7cP9GB,5,,Oguri Cap (Christmas),Pace Chaser,Ace built for this CM before CM start in Grand Concert scenario,2,1,,,2,1,,Nice Nature,Late Surger,Debuffer,1,,,1,4,,,Grass Wonder,Late Surger,Debuffer,1,,,1,4,,,4 Attempts - 20 Races total,15,Go to Submit page,,,,,,,,,,,,,,Re-use Day 1 - Team Comp 1 as Day 2 - Team Comp 1,,,,,,,,,,4 Attempts - 20 Races total,16,Go to Submit page,,,,,,,,,,,,,,,Re-use Day 2 - Team Comp 1 as Day 3 - Team Comp 1,A Group,,,,,,,,,,4 Attempts - 20 Races total,10,Go to Submit page,,,,,,,,,,,,,,,Add a new Team Comp as Day 4 - Team Comp 1,A Group,Oguri Cap (Christmas),Pace Chaser,Ace built for this CM before CM start in Grand Concert scenario,Grass Wonder,Late Surger,Debuffer,Agnes Tachyon,Late Surger,Debuffer,4 Attempts - 20 Races total,15,Go to Submit page,,,,,,,,,,,,,,,A Finals,9913,Re-use Day 4 - Team Comp 1 as Finals Team Comp,,,,,,,,,,https://drive.google.com/open?id=1S2ND86kpp7ouwF3nOt2t4fTDDnjbi0dL,1st,,,,,,,,,,,,https://drive.google.com/open?id=1NhHpGuKYQBfJaEH4_bYU1QnnsL_iJkK3,https://drive.google.com/open?id=1l4Vv7eXI6nQH7QLwtvWmtQ6BWtJRJ-tr,,0,6,6,0,3,https://drive.google.com/open?id=1FI77tPDqQVhIW0Po2qQzRx3Y-9cTQNuT
8/14/2026 6:03:08,Aurus,Graded (No Uma Restrictions),"Win A finals with ""oshi"" uma",I accept these terms,Finals,iOS - phone or tablet,$101-500,1514,21-30 (roughly 3-4 per day),Discord - MooMooCord - https://discord.gg/Hc7cP9GB,5,,Narita Taishin (Steampunk),End Closer,Ace built for this CM before CM start in Grand Concert scenario,3,1,0,0,1,1,,Oguri Cap,Late Surger,Ace built for this CM before CM start in Grand Concert scenario,2,1,0,0,2,1,,Symboli Rudolf,Front Runner,Debuffer,1,,,,5,,,4 Attempts - 20 Races total,14,Go to Submit page,,,,,,,,,,,,,,Re-use Day 1 - Team Comp 1 as Day 2 - Team Comp 1,,,,,,,,,,4 Attempts - 20 Races total,17,Go to Submit page,,,,,,,,,,,,,,,Re-use Day 2 - Team Comp 1 as Day 3 - Team Comp 1,A Group,,,,,,,,,,4 Attempts - 20 Races total,17,Go to Submit page,,,,,,,,,,,,,,,Re-use Day 3 - Team Comp 1 as Day 4 - Team Comp 1,A Group,,,,,,,,,,4 Attempts - 20 Races total,16,Go to Submit page,,,,,,,,,,,,,,,A Finals,9614,Re-use Day 4 - Team Comp 1 as Finals Team Comp,,,,,,,,,,https://drive.google.com/open?id=1v0GXdfw2GbpZdgEdu1WxCPP6w-gB3QUP,1st,,,,,,,,,,,"Even though I walk through the Meta of Death, I fear no XOguri, for My Oshi is with me",https://drive.google.com/open?id=1dzO32LRaeq1dyyCDOsQ_ghfQtYmn7R-t,https://drive.google.com/open?id=1Yd7-eZuv_DfLgbH78AyOmYRFtc8QZpr4,,0,15,0,0,0,https://drive.google.com/open?id=1N0tx6RmDLHgT64ZFhM5EDRV1K096QxV5
8/10/2026 6:39:54,kjat,Graded (No Uma Restrictions),Collect participation rewards,I accept these terms,Day 2,Windows,$101-500,522,6-10 (roughly 1 per day),Discord - MooMooCord - https://discord.gg/Hc7cP9GB,5,,Mihono Bourbon (Valentine),Front Runner,Ace built for this CM before CM start in Grand Concert scenario,2,1,0,0,2,1,0,Agnes Digital,Pace Chaser,Ace built for this CM before CM start in Grand Concert scenario,2,1,0,0,2,1,0,Nice Nature,Late Surger,Debuffer,1,2,0,1,2,0,0,3 Attempts - 15 Races total,8,Go to Submit page,,,,,,,,,,,,,,Re-use Day 1 - Team Comp 1 as Day 2 - Team Comp 1,,,,,,,,,,3 Attempts - 15 Races total,9,Go to Submit page,,,,,,,,,,,,,,,,,,,,,,,,,,,,,,,,,,,,,,,,,,,,,,,,,,,,,,,,,,,,,,,,,,,,,,,,,,,,,,,,,,,,,,,,,,,,,,,,,,,,,,,,
8/14/2026 6:02:23,Z3RO111,Graded (No Uma Restrictions),Get into A finals,I accept these terms,Finals,Windows,$101-500,1451,46+ (more than 6 per day),"Discord - MooMooCord - https://discord.gg/Hc7cP9GB, YouTube - MooMooCows - https://www.youtube.com/@MooMooCows",5,,Copano Rickey,Front Runner,Ace built for this CM before CM start in Grand Concert scenario,2,1,0,0,2,1,0,Smart Falcon,Front Runner,Ace built for this CM before CM start in Grand Concert scenario,2,1,0,0,2,1,0,Silence Suzuka,Runaway,Blocker/Overtake target/Throwaway/Niche role,1,0,0,0,4,1,0,4 Attempts - 20 Races total,15,Go to Submit page,,,,,,,,,,,,,,Re-use Day 1 - Team Comp 1 as Day 2 - Team Comp 1,,,,,,,,,,4 Attempts - 20 Races total,13,Go to Submit page,,,,,,,,,,,,,,,Re-use Day 2 - Team Comp 1 as Day 3 - Team Comp 1,A Group,,,,,,,,,,4 Attempts - 20 Races total,12,Go to Submit page,,,,,,,,,,,,,,,Re-use Day 3 - Team Comp 1 as Day 4 - Team Comp 1,A Group,,,,,,,,,,4 Attempts - 20 Races total,12,Go to Submit page,,,,,,,,,,,,,,,A Finals,14602,Re-use Day 4 - Team Comp 1 as Finals Team Comp,,,,,,,,,,,3rd,No (goes to Submit page),,,,,,,,,,,,,,,,,,,
8/14/2026 5:43:18,someone325,Graded (No Uma Restrictions),Get into A finals,I accept these terms,Finals,Android - phone or tablet,$1-100,771,6-10 (roughly 1 per day),"Discord - MooMooCord - https://discord.gg/Hc7cP9GB, Twitch - MooMooCows - https://www.twitch.tv/moomoomoocows, YouTube - MooMooCows - https://www.youtube.com/@MooMooCows",5,,Oguri Cap (Christmas),Pace Chaser,Ace built for this CM before CM start in Grand Concert scenario,2,1,0,0,2,1,0,Agnes Tachyon,Late Surger,Debuffer,,,,,,,,Grass Wonder,End Closer,Debuffer,,,,,,,,4 Attempts - 20 Races total,18,Go to Submit page,,,,,,,,,,,,,,Re-use Day 1 - Team Comp 1 as Day 2 - Team Comp 1,,,,,,,,,,4 Attempts - 20 Races total,16,Go to Submit page,,,,,,,,,,,,,,,Re-use Day 2 - Team Comp 1 as Day 3 - Team Comp 1,A Group,,,,,,,,,,4 Attempts - 20 Races total,13,Go to Submit page,,,,,,,,,,,,,,,Re-use Day 3 - Team Comp 1 as Day 4 - Team Comp 1,A Group,,,,,,,,,,4 Attempts - 20 Races total,15,Go to Submit page,,,,,,,,,,,,,,,A Finals,13433,Re-use Day 4 - Team Comp 1 as Finals Team Comp,,,,,,,,,,https://drive.google.com/open?id=1MzRAt4c0hULc22pCuPprgC_TO2S_h5Me,1st,,,,,,,,,,,,https://drive.google.com/open?id=1hd_jfunsPW-jFmBQ0sah6WqS_snuIGMc,https://drive.google.com/open?id=1fgD8s4jlY-iC1qhrD6X34MOXQMq2u0AA,,,,,,,https://drive.google.com/open?id=1XHZA7YE5w0PdTc5nFAbAIDv0ytdiJq0o
8/14/2026 7:37:48,Fake Life,Graded (No Uma Restrictions),"Win A finals with ""oshi"" uma",I accept these terms,Finals,"Android - phone or tablet, Windows",$1-100,2614,31-45 (roughly 5-6 per day),Discord - MooMooCord - https://discord.gg/Hc7cP9GB,4,,Mayano Top Gun (Wedding),Late Surger,Hybrid (ace + debuffer),2,1,0,0,2,1,0,Super Creek (Halloween),Late Surger,Debuffer,0,2,,1,3,0,0,Nice Nature,Late Surger,Debuffer,0,2,0,1,3,0,0,4 Attempts - 20 Races total,9,Go to Submit page,,,,,,,,,,,,,,Re-use Day 1 - Team Comp 1 as Day 2 - Team Comp 1,,,,,,,,,,4 Attempts - 20 Races total,14,Go to Submit page,,,,,,,,,,,,,,,Re-use Day 2 - Team Comp 1 as Day 3 - Team Comp 1,A Group,,,,,,,,,,4 Attempts - 20 Races total,11,Go to Submit page,,,,,,,,,,,,,,,Re-use Day 3 - Team Comp 2 as Day 4 - Team Comp 1,A Group,,,,,,,,,,4 Attempts - 20 Races total,12,Go to Submit page,,,,,,,,,,,,,,,A Finals,8467,Re-use Day 4 - Team Comp 1 as Finals Team Comp,,,,,,,,,,https://drive.google.com/open?id=10ZDJm6gf_06YX7zDiKHD2NHNuIPTea2N,2nd,No (goes to Submit page),,,,,,,,,,,,,,,,,,,
8/14/2026 9:34:52,BoltingCake,Graded (No Uma Restrictions),Win A finals with any uma,I accept these terms,Finals,"iOS - phone or tablet, Windows",$101-500,841,21-30 (roughly 3-4 per day),"Discord - MooMooCord - https://discord.gg/Hc7cP9GB, YouTube - MooMooCows - https://www.youtube.com/@MooMooCows",,,Oguri Cap (Christmas),Pace Chaser,Ace built for this CM before CM start in Grand Concert scenario,2,1,0,0,2,1,0,Mayano Top Gun (Wedding),Late Surger,Debuffer,2,0,,,4,,,Nice Nature,Late Surger,Debuffer,2,,1,,3,,,4 Attempts - 20 Races total,19,Go to Submit page,,,,,,,,,,,,,,Re-use Day 1 - Team Comp 1 as Day 2 - Team Comp 1,,,,,,,,,,4 Attempts - 20 Races total,16,Go to Submit page,,,,,,,,,,,,,,,Add new Team Comp as Day 3 - Team Comp 1,A Group,Agnes Tachyon,Late Surger,Debuffer,Nice Nature,Late Surger,Debuffer,Oguri Cap (Christmas),Pace Chaser,Ace built for this CM before CM start in Grand Concert scenario,4 Attempts - 20 Races total,17,Go to Submit page,,,,,,,,,,,,,,,Add a new Team Comp as Day 4 - Team Comp 1,A Group,Agnes Tachyon,Late Surger,Debuffer,Nice Nature (Cheerleader),Late Surger,Debuffer,Oguri Cap (Christmas),Pace Chaser,Ace built for this CM before CM start in Grand Concert scenario,4 Attempts - 20 Races total,17,Go to Submit page,,,,,,,,,,,,,,,A Finals,12950,Re-use Day 4 - Team Comp 1 as Finals Team Comp,,,,,,,,,,https://drive.google.com/open?id=1mkcjrdzXePqjDej8a0eM8VwSiqTCtv__,1st,,,,,,,,,,,,https://drive.google.com/open?id=1YD4-I5Q0EVl_x7Da5dDyjfoKvd-wQMkw,https://drive.google.com/open?id=1ZJxtprrYydKXnAiFfDT8dZzBQtVJr3ls,,,11,6,,,https://drive.google.com/open?id=1i8ltakUzmG70NETnx0li-eTziIEGTflH
8/14/2026 5:38:58,Nehireta,Graded (No Uma Restrictions),"Win A finals with ""oshi"" uma",I accept these terms,Finals,Windows,$0,1924,31-45 (roughly 5-6 per day),Discord - MooMooCord - https://discord.gg/Hc7cP9GB,4,,El Condor Pasa,Late Surger,Ace built for this CM before CM start in Grand Concert scenario,3,,1,,1,1,,Oguri Cap,Late Surger,Ace built for this CM before CM start in Grand Concert scenario,3,,1,,1,1,,Grass Wonder,Front Runner,Debuffer,2,1,,,3,,,4 Attempts - 20 Races total,16,Go to Submit page,,,,,,,,,,,,,,Re-use Day 1 - Team Comp 1 as Day 2 - Team Comp 1,,,,,,,,,,4 Attempts - 20 Races total,15,Go to Submit page,,,,,,,,,,,,,,,Re-use Day 2 - Team Comp 1 as Day 3 - Team Comp 1,A Group,,,,,,,,,,4 Attempts - 20 Races total,14,Go to Submit page,,,,,,,,,,,,,,,Re-use Day 3 - Team Comp 1 as Day 4 - Team Comp 1,A Group,,,,,,,,,,4 Attempts - 20 Races total,14,Go to Submit page,,,,,,,,,,,,,,,A Finals,12895,Re-use Day 4 - Team Comp 1 as Finals Team Comp,,,,,,,,,,https://drive.google.com/open?id=1C9XExVccwtAngDwabIA2Q7RUdJvnwmJ8,1st,,,,,,,,,,,Yet to lose a CM to XOguri,https://drive.google.com/open?id=10DCYlmVSBChdiCv_utlTVVPw3MEyIIya,https://drive.google.com/open?id=19EoZCzjxfhLUp5yFhDTCwEiKzXSXeCMR,,2,15,0,0,0,https://drive.google.com/open?id=1cqufETT0C8_vbi19gCG6hP5IIkbIfSGN
8/14/2026 6:04:29,hagspam,Graded (No Uma Restrictions),Get into A finals,I accept these terms,Finals,Windows,$501-1000,614,6-10 (roughly 1 per day),,,,Oguri Cap,Pace Chaser,Ace built for this CM before CM start in Grand Concert scenario,,,,,,,,Agnes Tachyon,End Closer,Debuffer,,,,,,,,Grass Wonder,Front Runner,Debuffer,,,,,,,,3 Attempts - 15 Races total,11,Go to Submit page,,,,,,,,,,,,,,Re-use Day 1 - Team Comp 1 as Day 2 - Team Comp 1,,,,,,,,,,4 Attempts - 20 Races total,15,Go to Submit page,,,,,,,,,,,,,,,Re-use Day 2 - Team Comp 1 as Day 3 - Team Comp 1,A Group,,,,,,,,,,4 Attempts - 20 Races total,11,Go to Submit page,,,,,,,,,,,,,,,Re-use Day 3 - Team Comp 1 as Day 4 - Team Comp 1,A Group,,,,,,,,,,4 Attempts - 20 Races total,8,Go to Submit page,,,,,,,,,,,,,,,A Finals,8342,Re-use Day 4 - Team Comp 1 as Finals Team Comp,,,,,,,,,,https://drive.google.com/open?id=1zsWLTEY-o39hOxkl7ZmLeaoD_NYDRxGv,1st,,,,,,,,,,,Do Not Feed This Oguri She Is On A Special Diet,https://drive.google.com/open?id=1k1inStQc6CyKftC3TaK608N-7A_kt0FJ,https://drive.google.com/open?id=1MhCW7rns1w6LcGstAZRLB7as1Sn1MpO0,,,15,,,,https://drive.google.com/open?id=1mJqQ4bahKfR5vj8GIlP8sq7kbfDL3TK-
8/14/2026 7:27:37,Cipher,Graded (No Uma Restrictions),Get into A finals,I accept these terms,Finals,Windows,$1-100,1267,31-45 (roughly 5-6 per day),Discord - MooMooCord - https://discord.gg/Hc7cP9GB,5,,Oguri Cap (Christmas),Pace Chaser,Ace built for this CM before CM start in Grand Concert scenario,2,1,0,0,2,1,0,Nice Nature,Late Surger,Debuffer,1,2,0,0,3,0,0,Symboli Rudolf,Late Surger,Debuffer,1,1,0,0,3,1,0,4 Attempts - 20 Races total,17,Go to Submit page,,,,,,,,,,,,,,Re-use Day 1 - Team Comp 1 as Day 2 - Team Comp 1,,,,,,,,,,4 Attempts - 20 Races total,16,Go to Submit page,,,,,,,,,,,,,,,Add new Team Comp as Day 3 - Team Comp 1,A Group,Oguri Cap (Christmas),Pace Chaser,Mid-CM Ace build in Grand Concert scenario,Grass Wonder,Late Surger,Debuffer,Symboli Rudolf,Late Surger,Debuffer,4 Attempts - 20 Races total,14,Go to Submit page,,,,,,,,,,,,,,,Re-use Day 3 - Team Comp 1 as Day 4 - Team Comp 1,A Group,,,,,,,,,,4 Attempts - 20 Races total,15,Go to Submit page,,,,,,,,,,,,,,,A Finals,15311,Re-use Day 4 - Team Comp 1 as Finals Team Comp,,,,,,,,,,https://drive.google.com/open?id=1vnS8rbrrjLO1PALghfG7Sc_qpubjn5_Y,1st,,,,,,,,,,,,,,,,,,,,
8/14/2026 6:48:12,Tatatweet,Graded (No Uma Restrictions),Defeat Xoguri users (Win A finals),I accept these terms,Finals,"Android - phone or tablet, Windows",$0,610,11-20 (roughly 2-3 per day),"Discord - MooMooCord - https://discord.gg/Hc7cP9GB, YouTube - MooMooCows - https://www.youtube.com/@MooMooCows",5,,Agnes Digital,End Closer,Ace built for this CM before CM start in Grand Concert scenario,3,0,0,0,2,1,0,Mayano Top Gun (Wedding),Pace Chaser,Debuffer,,,,,,,,Nice Nature,Pace Chaser,Debuffer,,,,,,,,4 Attempts - 20 Races total,14,Go to Submit page,,,,,,,,,,,,,,Re-use Day 1 - Team Comp 1 as Day 2 - Team Comp 1,,,,,,,,,,2 Attempts - 10 Races total,5,Day 2 - Add 2nd Team,Re-use Day 1 - Team Comp 2 as Day 2 - Team Comp 2,Agnes Digital,End Closer,Ace built for this CM before CM start in Grand Concert scenario,Symboli Rudolf,Pace Chaser,Debuffer,Agnes Tachyon,Pace Chaser,Debuffer,2 Attempts - 10 Races total,5,2 teams,Go to Submit page,Re-use Day 2 - Team Comp 1 as Day 3 - Team Comp 1,A Group,,,,,,,,,,1 Attempt - 5 Races total,1,Day 3 - Add 2nd Team,Re-use Day 2 - Team Comp 2 as Day 3 - Team Comp 2,,,,,,,,,,3 Attempts - 15 Races total,5,2 teams,Go to Submit page,Re-use Day 3 - Team Comp 1 as Day 4 - Team Comp 1,A Group,,,,,,,,,,2 Attempts - 10 Races total,4,Day 4 - Add 2nd team,Re-use Day 3 - Team Comp 2 as Day 4 - Team Comp 2,,,,,,,,,,2 Attempts - 10 Races total,4,2 teams,Go to Submit page,A Finals,5141,Re-use Day 4 - Team Comp 2 as Finals Team Comp,,,,,,,,,,https://drive.google.com/open?id=15sQzl0RndLw0GhKymBy9ONJwqhb_oJH9,1st,,,,,,,,,,,,,,,,,,,,
8/12/2026 7:33:18,ToniiiN,Graded (No Uma Restrictions),Win A finals with any uma,I accept these terms,Day 4,"iOS - phone or tablet, Windows",$101-500,935,31-45 (roughly 5-6 per day),"Discord - MooMooCord - https://discord.gg/Hc7cP9GB, Twitch - MooMooCows - https://www.twitch.tv/moomoomoocows, YouTube - MooMooCows - https://www.youtube.com/@MooMooCows",5,,Oguri Cap (Christmas),Pace Chaser,Ace built for this CM before CM start in Grand Concert scenario,2,1,,,2,1,,Nice Nature,Late Surger,Debuffer,,1,,,4,1,,Agnes Tachyon,End Closer,Debuffer,1,,,,4,1,,4 Attempts - 20 Races total,16,Go to Submit page,,,,,,,,,,,,,,Add new Team Comp as Day 2 - Team Comp 1,Oguri Cap (Christmas),Pace Chaser,Ace built for this CM before CM start in Grand Concert scenario,Grass Wonder,End Closer,Debuffer,Agnes Tachyon,End Closer,Debuffer,4 Attempts - 20 Races total,14,Go to Submit page,,,,,,,,,,,,,,,Re-use Day 2 - Team Comp 1 as Day 3 - Team Comp 1,A Group,,,,,,,,,,4 Attempts - 20 Races total,19,Go to Submit page,,,,,,,,,,,,,,,Re-use Day 3 - Team Comp 1 as Day 4 - Team Comp 1,A Group,,,,,,,,,,4 Attempts - 20 Races total,16,Go to Submit page,,,,,,,,,,,,,,,,,,,,,,,,,,,,,,,,,,,,,,,,,,,,,,,,
8/14/2026 9:52:32,qwoot,Graded (No Uma Restrictions),Win A finals with any uma,I accept these terms,Finals,iOS - phone or tablet,$0,1042,6-10 (roughly 1 per day),"Discord - MooMooCord - https://discord.gg/Hc7cP9GB, Twitch - MooMooCows - https://www.twitch.tv/moomoomoocows, YouTube - MooMooCows - https://www.youtube.com/@MooMooCows",,,Oguri Cap (Christmas),Pace Chaser,Ace built for this CM before CM start in Grand Concert scenario,3,,,,2,1,,Agnes Tachyon,Pace Chaser,Debuffer,,,,,,,,Grass Wonder,Pace Chaser,Debuffer,,,,,,,,4 Attempts - 20 Races total,17,Go to Submit page,,,,,,,,,,,,,,Re-use Day 1 - Team Comp 1 as Day 2 - Team Comp 1,,,,,,,,,,4 Attempts - 20 Races total,16,Go to Submit page,,,,,,,,,,,,,,,Re-use Day 2 - Team Comp 1 as Day 3 - Team Comp 1,A Group,,,,,,,,,,4 Attempts - 20 Races total,17,Go to Submit page,,,,,,,,,,,,,,,Re-use Day 3 - Team Comp 1 as Day 4 - Team Comp 1,A Group,,,,,,,,,,4 Attempts - 20 Races total,17,Go to Submit page,,,,,,,,,,,,,,,A Finals,10443,Re-use Day 4 - Team Comp 1 as Finals Team Comp,,,,,,,,,,https://drive.google.com/open?id=19qtdZg4HeCr7AA4CcmBBGdTQhlWKVC2b,1st,,,,,,,,,,,,https://drive.google.com/open?id=1DJIC9f9LeLIG48Pgg_N6dOu2Q1KjcJke,https://drive.google.com/open?id=1JfI-TBOEYA2JXBtLWRYqRACrJYLmuLiw,,,,,,,https://drive.google.com/open?id=1BsG42NvPhygDcFlBhFu3UvxbYTpKyLXe
8/14/2026 8:33:17,SKSpy,Graded (No Uma Restrictions),"Win A finals with ""oshi"" uma",I accept these terms,Day 2,Android - phone or tablet,$1-100,792,31-45 (roughly 5-6 per day),"Discord - MooMooCord - https://discord.gg/Hc7cP9GB, YouTube - MooMooCows - https://www.youtube.com/@MooMooCows",5,,Rice Shower (Halloween),Pace Chaser,Ace built for this CM before CM start in Grand Concert scenario,3,0,0,0,2,1,0,Grass Wonder,Late Surger,Debuffer,2,0,1,0,3,0,0,Nice Nature,Late Surger,Debuffer,2,0,0,0,4,0,0,2 Attempts - 10 Races total,6,Go to Submit page,,,,,,,,,,,,,,Add new Team Comp as Day 2 - Team Comp 1,Rice Shower (Halloween),Pace Chaser,Ace built for this CM before CM start in Grand Concert scenario,Symboli Rudolf,Late Surger,Debuffer,Grass Wonder,Late Surger,Debuffer,3 Attempts - 15 Races total,10,Day 3,,,,,,,,,,,,,,,Re-use Day 2 - Team Comp 1 as Day 3 - Team Comp 1,A Group,,,,,,,,,,4 Attempts - 20 Races total,8,Day 4,,,,,,,,,,,,,,,Re-use Day 3 - Team Comp 1 as Day 4 - Team Comp 1,A Group,,,,,,,,,,4 Attempts - 20 Races total,6,Finals,,,,,,,,,,,,,,,A Finals,8229,Re-use Day 4 - Team Comp 1 as Finals Team Comp,,,,,,,,,,https://drive.google.com/open?id=1nN79rfYD0xf3FFi50jFQC8tQwpT2bnQI,1st,,,,,,,,,,,Rice only brings misfortune to everyone... I really... really hope I can change that!,https://drive.google.com/open?id=1-5WSn2qR1k_igoYvIv2rjiFgNsx9DaQc,https://drive.google.com/open?id=1DT1d4n_FO39BHr4iVNpbzsyOo-FPae3i,,3,3,9,0,2,https://drive.google.com/open?id=1feaM6icqnkHbveA3-MEY6bh_vFlldhJM
8/14/2026 5:49:35,theBobbles117,Graded (No Uma Restrictions),Win A finals with any uma,I accept these terms,Finals,iOS - phone or tablet,$501-1000,1043,21-30 (roughly 3-4 per day),Discord - MooMooCord - https://discord.gg/Hc7cP9GB,5,,Oguri Cap (Christmas),Pace Chaser,Ace built for this CM before CM start in Grand Concert scenario,3,,,,2,0,,Agnes Tachyon,Late Surger,Debuffer,1,1,,,3,,,Grass Wonder,Late Surger,Debuffer,1,1,,,3,,,4 Attempts - 20 Races total,15,Go to Submit page,,,,,,,,,,,,,,Re-use Day 1 - Team Comp 1 as Day 2 - Team Comp 1,,,,,,,,,,4 Attempts - 20 Races total,13,Go to Submit page,,,,,,,,,,,,,,,Re-use Day 2 - Team Comp 1 as Day 3 - Team Comp 1,A Group,,,,,,,,,,4 Attempts - 20 Races total,12,Go to Submit page,,,,,,,,,,,,,,,Re-use Day 3 - Team Comp 1 as Day 4 - Team Comp 1,A Group,,,,,,,,,,4 Attempts - 20 Races total,10,Go to Submit page,,,,,,,,,,,,,,,A Finals,9812,Re-use Day 4 - Team Comp 1 as Finals Team Comp,,,,,,,,,,https://drive.google.com/open?id=1R5_JLs5DahXkD2zV886AlYy847IkqlVJ,1st,,,,,,,,,,,,https://drive.google.com/open?id=1kZeeRYcuEVnDc0HL0zSDibpP1nYM8gVp,https://drive.google.com/open?id=1hvKpxUkZblnfaxE9dO8fcNhKUVju2hZZ,,2,,,,,https://drive.google.com/open?id=1WUA5_MY8hcbo7TbuHo8k3arrXd260juw
8/14/2026 7:01:46,Dexil,Graded (No Uma Restrictions),Rather not say,I accept these terms,Finals,Windows,$1-100,448,31-45 (roughly 5-6 per day),Discord - MooMooCord - https://discord.gg/Hc7cP9GB,,,Oguri Cap,Late Surger,Ace built for this CM before CM start in Grand Concert scenario,2,1,,,2,0,,Nice Nature,Front Runner,Debuffer,1,1,,,4,,,Mayano Top Gun (Wedding),Front Runner,Debuffer,1,1,,,3,1,,4 Attempts - 20 Races total,7,Go to Submit page,,,,,,,,,,,,,,Re-use Day 1 - Team Comp 1 as Day 2 - Team Comp 1,,,,,,,,,,4 Attempts - 20 Races total,13,Go to Submit page,,,,,,,,,,,,,,,Add new Team Comp as Day 3 - Team Comp 1,A Group,Oguri Cap,Late Surger,Ace built for this CM before CM start in Grand Concert scenario,Nice Nature (Cheerleader),End Closer,Debuffer,Grass Wonder,End Closer,Debuffer,4 Attempts - 20 Races total,9,Go to Submit page,,,,,,,,,,,,,,,Re-use Day 3 - Team Comp 1 as Day 4 - Team Comp 1,A Group,,,,,,,,,,4 Attempts - 20 Races total,7,Go to Submit page,,,,,,,,,,,,,,,A Finals,8785,Re-use Day 4 - Team Comp 1 as Finals Team Comp,,,,,,,,,,https://drive.google.com/open?id=1m80AiBuErMI-cDmojaMDeGhcHF6zNj5e,1st,,,,,,,,,,,The One and the only OG Oguri,https://drive.google.com/open?id=1zr7JPdZh2EqymInRG0Jzfb6Am25zhpL3,,,,15,,,,https://drive.google.com/open?id=15djSDFhJ_QXNuXqy17vNvk6CP9PSafv3
8/11/2026 8:35:38,bastian,Graded (No Uma Restrictions),Win A finals with any uma,I accept these terms,Day 3,Windows,$0,,21-30 (roughly 3-4 per day),Rather not say,,,Oguri Cap (Christmas),Pace Chaser,Ace built for this CM before CM start in Grand Concert scenario,2,1,0,0,2,1,0,Grass Wonder,Late Surger,Debuffer,,,,,,,,Symboli Rudolf,Late Surger,Debuffer,,,,,,,,4 Attempts - 20 Races total,17,Go to Submit page,,,,,,,,,,,,,,Re-use Day 1 - Team Comp 1 as Day 2 - Team Comp 1,,,,,,,,,,4 Attempts - 20 Races total,16,Go to Submit page,,,,,,,,,,,,,,,Add new Team Comp as Day 3 - Team Comp 1,A Group,Oguri Cap (Christmas),Pace Chaser,Ace built for this CM before CM start in Grand Concert scenario,Grass Wonder,Late Surger,Debuffer,Nice Nature,Late Surger,Debuffer,4 Attempts - 20 Races total,12,Go to Submit page,,,,,,,,,,,,,,,,,,,,,,,,,,,,,,,,,,,,,,,,,,,,,,,,,,,,,,,,,,,,,,,,,,,,,,,,,,,,
8/14/2026 18:55:09,EragonRank,Graded (No Uma Restrictions),Get into A finals,I accept these terms,Finals,iOS - phone or tablet,$101-500,1179,21-30 (roughly 3-4 per day),Discord - MooMooCord - https://discord.gg/Hc7cP9GB,5,,Symboli Rudolf,Late Surger,Ace built for this CM before CM start in Grand Concert scenario,3,1,,,1,1,,Grass Wonder,Late Surger,Debuffer,,,,,,,,Nice Nature,Late Surger,Debuffer,,,,,,,,4 Attempts - 20 Races total,13,Day 2,,,,,,,,,,,,,,Re-use Day 1 - Team Comp 1 as Day 2 - Team Comp 1,,,,,,,,,,4 Attempts - 20 Races total,13,Go to Submit page,,,,,,,,,,,,,,,Re-use Day 2 - Team Comp 1 as Day 3 - Team Comp 1,A Group,,,,,,,,,,4 Attempts - 20 Races total,6,Day 4,,,,,,,,,,,,,,,Re-use Day 3 - Team Comp 1 as Day 4 - Team Comp 1,A Group,,,,,,,,,,4 Attempts - 20 Races total,10,Go to Submit page,,,,,,,,,,,,,,,A Finals,13733,Re-use Day 4 - Team Comp 1 as Finals Team Comp,,,,,,,,,,,2nd,No (goes to Submit page),,,,,,,,,,,,,,,,,,,
8/14/2026 8:05:48,kadobin79,Graded (No Uma Restrictions),Get into A finals,I accept these terms,Finals,Windows,$0,1390,11-20 (roughly 2-3 per day),"Discord - MooMooCord - https://discord.gg/Hc7cP9GB, Twitch - MooMooCows - https://www.twitch.tv/moomoomoocows",5,,Matikanetannhauser,Late Surger,Ace built for this CM before CM start in Grand Concert scenario,3,,1,,1,1,,Mayano Top Gun,Late Surger,Ace built for this CM before CM start in Grand Concert scenario,3,,1,,1,1,,Oguri Cap (Christmas),Pace Chaser,Ace built for this CM before CM start in Grand Concert scenario,2,,1,,2,1,,3 Attempts - 15 Races total,15,Go to Submit page,,,,,,,,,,,,,,Re-use Day 1 - Team Comp 1 as Day 2 - Team Comp 1,,,,,,,,,,3 Attempts - 15 Races total,11,Go to Submit page,,,,,,,,,,,,,,,Re-use Day 2 - Team Comp 1 as Day 3 - Team Comp 1,A Group,,,,,,,,,,4 Attempts - 20 Races total,9,Go to Submit page,,,,,,,,,,,,,,,Re-use Day 3 - Team Comp 1 as Day 4 - Team Comp 1,A Group,,,,,,,,,,3 Attempts - 15 Races total,7,Go to Submit page,,,,,,,,,,,,,,,A Finals,10654,Re-use Day 4 - Team Comp 1 as Finals Team Comp,,,,,,,,,,,2nd,No (goes to Submit page),,,,,,,,,,,,,,,,,,,
8/14/2026 5:53:12,Luxter,Graded (No Uma Restrictions),"Win A finals with ""oshi"" uma",I accept these terms,Finals,"Android - phone or tablet, Windows",$101-500,1672,11-20 (roughly 2-3 per day),Discord - MooMooCord - https://discord.gg/Hc7cP9GB,5,,Oguri Cap (Christmas),Pace Chaser,Ace built for this CM before CM start in Grand Concert scenario,2,1,0,0,2,1,,Nice Nature,Late Surger,Debuffer,,,,,,,,Super Creek,Late Surger,Debuffer,,,,,,,,4 Attempts - 20 Races total,16,Go to Submit page,,,,,,,,,,,,,,Re-use Day 1 - Team Comp 1 as Day 2 - Team Comp 1,,,,,,,,,,4 Attempts - 20 Races total,13,Go to Submit page,,,,,,,,,,,,,,,Add new Team Comp as Day 3 - Team Comp 1,A Group,Oguri Cap (Christmas),Pace Chaser,Ace built for this CM before CM start in Grand Concert scenario,Agnes Tachyon,Late Surger,Debuffer,Grass Wonder,Late Surger,Debuffer,4 Attempts - 20 Races total,12,Go to Submit page,,,,,,,,,,,,,,,Re-use Day 3 - Team Comp 1 as Day 4 - Team Comp 1,A Group,,,,,,,,,,4 Attempts - 20 Races total,11,Go to Submit page,,,,,,,,,,,,,,,A Finals,13913,Re-use Day 4 - Team Comp 1 as Finals Team Comp,,,,,,,,,,https://drive.google.com/open?id=1pc7FZGCJIEZwn1m-y9KMTCaD39mxa_q5,2nd,No (goes to Submit page),,,,,,,,,,,,,,,,,,,
8/12/2026 9:03:55,Monikun123,Graded (No Uma Restrictions),Get into A finals,I accept these terms,Day 4,Android - phone or tablet,$1-100,969,6-10 (roughly 1 per day),Discord - MooMooCord - https://discord.gg/Hc7cP9GB,4,,Oguri Cap (Christmas),Pace Chaser,Ace built for this CM before CM start in Grand Concert scenario,2,1,0,0,2,1,0,Agnes Tachyon,Late Surger,Debuffer,2,0,0,0,4,0,0,Grass Wonder,Late Surger,Debuffer,2,0,0,0,4,0,0,4 Attempts - 20 Races total,17,Go to Submit page,,,,,,,,,,,,,,Re-use Day 1 - Team Comp 1 as Day 2 - Team Comp 1,,,,,,,,,,4 Attempts - 20 Races total,13,Go to Submit page,,,,,,,,,,,,,,,Re-use Day 2 - Team Comp 1 as Day 3 - Team Comp 1,A Group,,,,,,,,,,4 Attempts - 20 Races total,13,Go to Submit page,,,,,,,,,,,,,,,Re-use Day 3 - Team Comp 1 as Day 4 - Team Comp 1,A Group,,,,,,,,,,4 Attempts - 20 Races total,16,Go to Submit page,,,,,,,,,,,,,,,,,,,,,,,,,,,,,,,,,,,,,,,,,,,,,,,,
8/9/2026 9:49:05,Yuurikyo,Graded (No Uma Restrictions),Get into A finals,I accept these terms,Day 1,"Android - phone or tablet, Windows",$501-1000,829,11-20 (roughly 2-3 per day),"Discord - MooMooCord - https://discord.gg/Hc7cP9GB, YouTube - MooMooCows - https://www.youtube.com/@MooMooCows",4,,Oguri Cap (Christmas),Pace Chaser,Ace built for this CM before CM start in Grand Concert scenario,2,1,,,2,1,,Nice Nature,Late Surger,Debuffer,,,,,,,,Super Creek (Halloween),Pace Chaser,Debuffer,,,,,,,,2 Attempts - 10 Races total,6,Go to Submit page,,,,,,,,,,,,,,,,,,,,,,,,,,,,,,,,,,,,,,,,,,,,,,,,,,,,,,,,,,,,,,,,,,,,,,,,,,,,,,,,,,,,,,,,,,,,,,,,,,,,,,,,,,,,,,,,,,,,,,,,,,,,,,,,,,
8/14/2026 6:01:22,Shiyas,Graded (No Uma Restrictions),Win A finals with any uma,I accept these terms,Finals,Windows,$501-1000,1364,31-45 (roughly 5-6 per day),Discord - MooMooCord - https://discord.gg/Hc7cP9GB,5,,Oguri Cap (Christmas),Pace Chaser,Ace built for this CM before CM start in Grand Concert scenario,3,,,,1,0,,Grass Wonder,Late Surger,Debuffer,,,,,,,,Nice Nature,Late Surger,Debuffer,,,,,,,,4 Attempts - 20 Races total,17,Go to Submit page,,,,,,,,,,,,,,Re-use Day 1 - Team Comp 1 as Day 2 - Team Comp 1,,,,,,,,,,4 Attempts - 20 Races total,14,Day 3,,,,,,,,,,,,,,,Re-use Day 2 - Team Comp 1 as Day 3 - Team Comp 1,A Group,,,,,,,,,,4 Attempts - 20 Races total,17,Go to Submit page,,,,,,,,,,,,,,,Re-use Day 3 - Team Comp 1 as Day 4 - Team Comp 1,A Group,,,,,,,,,,4 Attempts - 20 Races total,16,Go to Submit page,,,,,,,,,,,,,,,A Finals,9893,Re-use Day 4 - Team Comp 1 as Finals Team Comp,,,,,,,,,,https://drive.google.com/open?id=1ek4CDBJ2RPKYUm0__JLwP3j5_EbnP7b2,1st,,,,,,,,,,,,,,,,,,,,
8/14/2026 6:43:07,wandering_pleb,Graded (No Uma Restrictions),Win A finals with any uma,I accept these terms,Finals,"Android - phone or tablet, Windows",$101-500,1469,21-30 (roughly 3-4 per day),Discord - MooMooCord - https://discord.gg/Hc7cP9GB,4,,Oguri Cap (Christmas),Pace Chaser,Ace built for this CM before CM start in Grand Concert scenario,2,1,0,0,2,1,,Eishin Flash (Valentine),End Closer,Debuffer,1,0,1,0,4,0,0,Nice Nature,Late Surger,Debuffer,1,0,1,0,4,0,0,4 Attempts - 20 Races total,19,Go to Submit page,,,,,,,,,,,,,,Add new Team Comp as Day 2 - Team Comp 1,Oguri Cap (Christmas),Pace Chaser,Ace built for this CM before CM start in Grand Concert scenario,Eishin Flash (Valentine),End Closer,Debuffer,Agnes Tachyon,End Closer,Debuffer,4 Attempts - 20 Races total,19,Go to Submit page,,,,,,,,,,,,,,,Re-use Day 2 - Team Comp 2 as Day 3 - Team Comp 1,A Group,,,,,,,,,,4 Attempts - 20 Races total,18,Go to Submit page,,,,,,,,,,,,,,,Re-use Day 3 - Team Comp 2 as Day 4 - Team Comp 1,A Group,,,,,,,,,,4 Attempts - 20 Races total,17,Go to Submit page,,,,,,,,,,,,,,,A Finals,12962,Re-use Day 4 - Team Comp 2 as Finals Team Comp,,,,,,,,,,https://drive.google.com/open?id=1c8aanZjo3sIRhAgfXiAD5haIcllz9N9R,1st,,,,,,,,,,,,https://drive.google.com/open?id=1VMgWzIMNADtw_7xdmTKWfWnr0niFv62F,https://drive.google.com/open?id=19xYL4eDl6Egf4ZJ3Q_5LM4QWjGHrlg6C,,,9,4,,,https://drive.google.com/open?id=1abMngwWTRnsFGDvvIeKCTylWHLTZC3DF
8/9/2026 9:49:59,alwaysFool,Graded (No Uma Restrictions),"Win A finals with ""oshi"" uma",I accept these terms,Day 1,"iOS - phone or tablet, Windows",$101-500,1224,11-20 (roughly 2-3 per day),Discord - MooMooCord - https://discord.gg/Hc7cP9GB,5,,Admire Vega,End Closer,Ace built for this CM before CM start in Grand Concert scenario,2,1,0,0,2,1,0,Nice Nature,Late Surger,Debuffer,,,,,,,,Mayano Top Gun (Wedding),Late Surger,Debuffer,,,,,,,,4 Attempts - 20 Races total,16,Go to Submit page,,,,,,,,,,,,,,,,,,,,,,,,,,,,,,,,,,,,,,,,,,,,,,,,,,,,,,,,,,,,,,,,,,,,,,,,,,,,,,,,,,,,,,,,,,,,,,,,,,,,,,,,,,,,,,,,,,,,,,,,,,,,,,,,,,
8/14/2026 7:36:27,Robert,Graded (No Uma Restrictions),Collect participation rewards,I accept these terms,Finals,Windows,$0,1690,46+ (more than 6 per day),Discord - MooMooCord - https://discord.gg/Hc7cP9GB,,,Tosen Jordan,Pace Chaser,Ace built for this CM before CM start in Grand Concert scenario,2,0,1,0,2,1,0,Nice Nature,Late Surger,Debuffer,0,2,0,0,4,0,0,Mayano Top Gun (Wedding),Late Surger,Debuffer,0,2,0,0,4,0,0,4 Attempts - 20 Races total,9,Go to Submit page,,,,,,,,,,,,,,Re-use Day 1 - Team Comp 1 as Day 2 - Team Comp 1,,,,,,,,,,4 Attempts - 20 Races total,13,Go to Submit page,,,,,,,,,,,,,,,Re-use Day 2 - Team Comp 1 as Day 3 - Team Comp 1,A Group,,,,,,,,,,4 Attempts - 20 Races total,11,Go to Submit page,,,,,,,,,,,,,,,Add a new Team Comp as Day 4 - Team Comp 1,A Group,Tosen Jordan,Pace Chaser,Ace built for this CM before CM start in Grand Concert scenario,Agnes Tachyon,Late Surger,Debuffer,Grass Wonder,Late Surger,Debuffer,4 Attempts - 20 Races total,8,Go to Submit page,,,,,,,,,,,,,,,A Finals,9366,Add new Team Comp as Finals Team Comp,Tosen Jordan,Pace Chaser,Mid-CM Ace build in Grand Concert scenario,Nice Nature,Late Surger,Debuffer,Mayano Top Gun (Wedding),Late Surger,Debuffer,https://drive.google.com/open?id=1HVjvDFNMnuNXVjJeArYXLAT6MIG63RvF,1st,,,,,,,,,,,The other guy with Jordan also won so no award this time,https://drive.google.com/open?id=1eBjiAijZCBce_D8AazG7T1Xvvyp5ORFP,https://drive.google.com/open?id=1FjAo6iviOUNdRAX05wUGZmZaMiHvkIUt,,3,12,,,,https://drive.google.com/open?id=1a0zDa2D0_PfLYRcQlfdMbpbzy0yGRx0r
8/14/2026 6:27:17,StormieSkies,Graded (No Uma Restrictions),Get into B finals,I accept these terms,Finals,iOS - phone or tablet,$0,663,21-30 (roughly 3-4 per day),Reddit - /r/umamusumeGame,,,Agnes Digital,Late Surger,Ace built for this CM before CM start in Grand Concert scenario,3,0,0,0,2,1,0,Gold City,Late Surger,Ace built for this CM before CM start in Grand Concert scenario,3,0,0,0,2,1,0,Maruzensky (Summer),Front Runner,Ace built for this CM before CM start in Grand Concert scenario,2,1,0,0,2,1,,3 Attempts - 15 Races total,9,Go to Submit page,,,,,,,,,,,,,,Re-use Day 1 - Team Comp 1 as Day 2 - Team Comp 1,,,,,,,,,,3 Attempts - 15 Races total,7,Go to Submit page,,,,,,,,,,,,,,,Re-use Day 2 - Team Comp 1 as Day 3 - Team Comp 1,A Group,,,,,,,,,,4 Attempts - 20 Races total,9,Go to Submit page,,,,,,,,,,,,,,,Re-use Day 3 - Team Comp 1 as Day 4 - Team Comp 1,A Group,,,,,,,,,,4 Attempts - 20 Races total,8,Go to Submit page,,,,,,,,,,,,,,,A Finals,6915,Re-use Day 4 - Team Comp 1 as Finals Team Comp,,,,,,,,,,https://drive.google.com/open?id=1KeX0QzSkIpVnlrqzYoSjs3kWYhbjNo5E,1st,,,,,,,,,,,,https://drive.google.com/open?id=1TMmFLPnhFtHTNPCrfxEUNNYinHTwjc4J,https://drive.google.com/open?id=1vZHBPFVm3tZshpokUsrsELbK3Ebmzjhy,,0,12,2,0,3,https://drive.google.com/open?id=1RJzY6On8oTq8rxLAW0zQhoFdMQigpoSb
8/14/2026 10:05:59,Fallensyndicate,Graded (No Uma Restrictions),"Win A finals with ""oshi"" uma",I accept these terms,Day 3,,$501-1000,1177,11-20 (roughly 2-3 per day),YouTube - MooMooCows - https://www.youtube.com/@MooMooCows,,,Copano Rickey,Pace Chaser,Ace built for this CM before CM start in Grand Concert scenario,3,1,,,1,1,,Mejiro Palmer,Runaway,Ace built for this CM before CM start in Grand Concert scenario,3,,,,2,1,,Oguri Cap (Christmas),Pace Chaser,Ace built for this CM before CM start in Grand Concert scenario,3,,,,2,1,,3 Attempts - 15 Races total,11,Go to Submit page,,,,,,,,,,,,,,Re-use Day 1 - Team Comp 1 as Day 2 - Team Comp 1,,,,,,,,,,3 Attempts - 15 Races total,13,Go to Submit page,,,,,,,,,,,,,,,Re-use Day 2 - Team Comp 1 as Day 3 - Team Comp 1,A Group,,,,,,,,,,4 Attempts - 20 Races total,10,Day 4,,,,,,,,,,,,,,,Re-use Day 3 - Team Comp 1 as Day 4 - Team Comp 1,A Group,,,,,,,,,,4 Attempts - 20 Races total,9,Finals,,,,,,,,,,,,,,,A Finals,,Re-use Day 4 - Team Comp 1 as Finals Team Comp,,,,,,,,,,,2nd,No (goes to Submit page),,,,,,,,,,,,,,,,,,,
8/14/2026 9:16:35,Zaza,Graded (No Uma Restrictions),Win A finals with any uma,I accept these terms,Finals,"Android - phone or tablet, Windows",$501-1000,1744,46+ (more than 6 per day),"Discord - MooMooCord - https://discord.gg/Hc7cP9GB, YouTube - MooMooCows - https://www.youtube.com/@MooMooCows",,,Oguri Cap (Christmas),Pace Chaser,Ace built for this CM before CM start in Grand Concert scenario,2,1,,,2,1,,Super Creek (Halloween),Late Surger,Debuffer,1,1,,,3,1,,Nice Nature,Late Surger,Debuffer,1,1,,,3,1,,4 Attempts - 20 Races total,18,Go to Submit page,,,,,,,,,,,,,,Re-use Day 1 - Team Comp 1 as Day 2 - Team Comp 1,,,,,,,,,,4 Attempts - 20 Races total,18,Go to Submit page,,,,,,,,,,,,,,,Add new Team Comp as Day 3 - Team Comp 1,A Group,Oguri Cap (Christmas),Pace Chaser,Ace built for this CM before CM start in Grand Concert scenario,Agnes Tachyon,Late Surger,Debuffer,Grass Wonder,Late Surger,Debuffer,4 Attempts - 20 Races total,13,Go to Submit page,,,,,,,,,,,,,,,Re-use Day 3 - Team Comp 1 as Day 4 - Team Comp 1,A Group,,,,,,,,,,4 Attempts - 20 Races total,15,Go to Submit page,,,,,,,,,,,,,,,A Finals,13313,Re-use Day 4 - Team Comp 1 as Finals Team Comp,,,,,,,,,,https://drive.google.com/open?id=1t_ji5-LmIboBmBibSJrK6KIWOn4hLiDX,3rd,Yes,https://drive.google.com/open?id=1UsRJ1kfEx1OmK7e4LsnW_2tvESmS2FbB,https://drive.google.com/open?id=1tDi4i6yOlG81d1JD4xPw9dVpCBUosVV6,,,3,13,,,https://drive.google.com/open?id=14c282j1wVFT6jYwhhys8I8dvEoqoLa8r,,,,,,,,,,
8/9/2026 9:55:17,tygger7,Graded (No Uma Restrictions),Win A finals with any uma,I accept these terms,Day 1,SteamOS - Steam Deck,Rather not say,,6-10 (roughly 1 per day),YouTube - MooMooCows - https://www.youtube.com/@MooMooCows,4,,Hishi Amazon,End Closer,Ace built for this CM before CM start in Grand Concert scenario,3,1,,,1,1,,Oguri Cap (Christmas),Pace Chaser,Ace built for this CM before CM start in Grand Concert scenario,2,,1,,2,1,,Grass Wonder,Front Runner,Debuffer,2,1,2,,1,,,4 Attempts - 20 Races total,14,Go to Submit page,,,,,,,,,,,,,,,,,,,,,,,,,,,,,,,,,,,,,,,,,,,,,,,,,,,,,,,,,,,,,,,,,,,,,,,,,,,,,,,,,,,,,,,,,,,,,,,,,,,,,,,,,,,,,,,,,,,,,,,,,,,,,,,,,,
8/14/2026 7:39:29,Phantom,Graded (No Uma Restrictions),Get into A finals,I accept these terms,Finals,,,,,,,,T.M. Opera O (New Year),Late Surger,Ace built for this CM before CM start in Grand Concert scenario,2,1,,,2,1,,Grass Wonder,Front Runner,Debuffer,,,,,,,,Nice Nature,Late Surger,Debuffer,,,,,,,,4 Attempts - 20 Races total,14,Go to Submit page,,,,,,,,,,,,,,Re-use Day 1 - Team Comp 1 as Day 2 - Team Comp 1,,,,,,,,,,4 Attempts - 20 Races total,11,Go to Submit page,,,,,,,,,,,,,,,Re-use Day 2 - Team Comp 1 as Day 3 - Team Comp 1,A Group,,,,,,,,,,4 Attempts - 20 Races total,8,Go to Submit page,,,,,,,,,,,,,,,Re-use Day 3 - Team Comp 1 as Day 4 - Team Comp 1,A Group,,,,,,,,,,4 Attempts - 20 Races total,11,Go to Submit page,,,,,,,,,,,,,,,A Finals,12958,Re-use Day 4 - Team Comp 1 as Finals Team Comp,,,,,,,,,,,3rd,No (goes to Submit page),,,,,,,,,,,,,,,,,,,
8/14/2026 6:07:36,Croix du Nord,Graded (No Uma Restrictions),Collect participation rewards,I accept these terms,Finals,"Android - phone or tablet, Windows",$0,1372,11-20 (roughly 2-3 per day),,,,Smart Falcon (Grand Concert),Front Runner,Ace built for this CM before CM start in Grand Concert scenario,,,,,,,,Copano Rickey,Front Runner,Ace built for this CM before CM start in Grand Concert scenario,,,,,,,,Agnes Tachyon,Late Surger,Debuffer,,,,,,,,4 Attempts - 20 Races total,11,Go to Submit page,,,,,,,,,,,,,,Re-use Day 1 - Team Comp 1 as Day 2 - Team Comp 1,,,,,,,,,,4 Attempts - 20 Races total,12,Go to Submit page,,,,,,,,,,,,,,,Re-use Day 2 - Team Comp 1 as Day 3 - Team Comp 1,A Group,,,,,,,,,,4 Attempts - 20 Races total,6,Go to Submit page,,,,,,,,,,,,,,,Re-use Day 3 - Team Comp 1 as Day 4 - Team Comp 1,A Group,,,,,,,,,,4 Attempts - 20 Races total,5,Go to Submit page,,,,,,,,,,,,,,,A Finals,10784,Re-use Day 4 - Team Comp 1 as Finals Team Comp,,,,,,,,,,https://drive.google.com/open?id=1xdB0rKE4r-s9UzJt48v31icKwTyHlHU5,1st,,,,,,,,,,,,https://drive.google.com/open?id=1UCdc3T3tRpZHgd1kc1_qjNEB-vgVnGgk,https://drive.google.com/open?id=1WW1s1nN1pVfCCoriRiYpjs1W5QBVdMng,,2,1,,,2,https://drive.google.com/open?id=1TQSE_yDJ071mFBwmvOo0Ke7ZDF0EPokL
8/14/2026 9:10:19,byup,Graded (No Uma Restrictions),"Win A finals with ""oshi"" uma",I accept these terms,Finals,"Android - phone or tablet, Windows",$0,850,46+ (more than 6 per day),"Discord - MooMooCord - https://discord.gg/Hc7cP9GB, Twitch - MooMooCows - https://www.twitch.tv/moomoomoocows, YouTube - MooMooCows - https://www.youtube.com/@MooMooCows",5,,Daiwa Scarlet,Front Runner,Ace built for this CM before CM start in Grand Concert scenario,3,1,0,0,1,1,,Symboli Rudolf (Festival),Front Runner,Ace built for this CM before CM start in Grand Concert scenario,3,1,0,0,1,1,0,Vodka,Late Surger,Ace built for this CM before CM start in Grand Concert scenario,3,0,0,0,2,1,0,4 Attempts - 20 Races total,9,Go to Submit page,,,,,,,,,,,,,,Add new Team Comp as Day 2 - Team Comp 1,Daiwa Scarlet,Front Runner,Ace built for this CM before CM start in Grand Concert scenario,Symboli Rudolf (Festival),Front Runner,Ace built for this CM before CM start in Grand Concert scenario,Grass Wonder,Late Surger,Debuffer,4 Attempts - 20 Races total,9,Go to Submit page,,,,,,,,,,,,,,,Re-use Day 2 - Team Comp 1 as Day 3 - Team Comp 1,A Group,,,,,,,,,,4 Attempts - 20 Races total,6,Go to Submit page,,,,,,,,,,,,,,,Re-use Day 3 - Team Comp 1 as Day 4 - Team Comp 1,A Group,,,,,,,,,,4 Attempts - 20 Races total,12,Go to Submit page,,,,,,,,,,,,,,,A Finals,9054,Re-use Day 4 - Team Comp 1 as Finals Team Comp,,,,,,,,,,,2nd,No (goes to Submit page),,,,,,,,,,,,,,,,,,,
8/14/2026 5:17:45,MahoneyOs,Graded (No Uma Restrictions),"Win A finals with ""oshi"" uma",I accept these terms,Day 4,Windows,$101-500,814,31-45 (roughly 5-6 per day),"Discord - MooMooCord - https://discord.gg/Hc7cP9GB, YouTube - MooMooCows - https://www.youtube.com/@MooMooCows",5,,El Condor Pasa (Fantasy),Late Surger,Ace built for this CM before CM start in Grand Concert scenario,2,1,,,2,1,,Nice Nature,Pace Chaser,Debuffer,1,,,1,4,,,Eishin Flash (Valentine),Pace Chaser,Debuffer,1,,,1,4,,,4 Attempts - 20 Races total,15,Go to Submit page,,,,,,,,,,,,,,Re-use Day 1 - Team Comp 1 as Day 2 - Team Comp 1,,,,,,,,,,4 Attempts - 20 Races total,13,Go to Submit page,,,,,,,,,,,,,,,Add new Team Comp as Day 3 - Team Comp 1,A Group,El Condor Pasa (Fantasy),Late Surger,Ace built for this CM before CM start in Grand Concert scenario,Grass Wonder,Pace Chaser,Mid-CM Ace build using another scenario (URA or Trackblazer),Eishin Flash (Valentine),Late Surger,Mid-CM Ace build using another scenario (URA or Trackblazer),4 Attempts - 20 Races total,9,Go to Submit page,,,,,,,,,,,,,,,Re-use Day 3 - Team Comp 1 as Day 4 - Team Comp 1,A Group,,,,,,,,,,4 Attempts - 20 Races total,10,Finals,,,,,,,,,,,,,,,A Finals,7791,Re-use Day 4 - Team Comp 1 as Finals Team Comp,,,,,,,,,,,2nd,No (goes to Submit page),,,,,,,,,,,,,,,,,,,
8/14/2026 6:34:00,Isgar,Graded (No Uma Restrictions),Win A finals with any uma,I accept these terms,Finals,Windows,$0,2033,31-45 (roughly 5-6 per day),"Discord - MooMooCord - https://discord.gg/Hc7cP9GB, Twitch - MooMooCows - https://www.twitch.tv/moomoomoocows",5,,Agnes Digital,Late Surger,Ace built for this CM before CM start in Grand Concert scenario,2,1,0,0,2,1,0,Copano Rickey,Late Surger,Ace built for this CM before CM start in Grand Concert scenario,3,1,0,0,1,1,0,Symboli Rudolf,Front Runner,Debuffer,1,0,1,0,3,1,0,4 Attempts - 20 Races total,18,Go to Submit page,,,,,,,,,,,,,,Re-use Day 1 - Team Comp 1 as Day 2 - Team Comp 1,,,,,,,,,,4 Attempts - 20 Races total,14,Go to Submit page,,,,,,,,,,,,,,,Re-use Day 2 - Team Comp 1 as Day 3 - Team Comp 1,A Group,,,,,,,,,,4 Attempts - 20 Races total,17,Go to Submit page,,,,,,,,,,,,,,,Re-use Day 3 - Team Comp 1 as Day 4 - Team Comp 1,A Group,,,,,,,,,,4 Attempts - 20 Races total,13,Go to Submit page,,,,,,,,,,,,,,,A Finals,14399,Add new Team Comp as Finals Team Comp,Agnes Digital,Late Surger,Ace built for this CM before CM start in Grand Concert scenario,Grass Wonder,Late Surger,Debuffer,Symboli Rudolf,Front Runner,Debuffer,https://drive.google.com/open?id=1dAuWX7vOW12gvCzlWw9Y0VoBHHDe1Ah0,2nd,No (goes to Submit page),,,,,,,,,,,,,,,,,,,
8/14/2026 11:04:28,Chair,Graded (No Uma Restrictions),Collect participation rewards,I accept these terms,Finals,Windows,$501-1000,1858,21-30 (roughly 3-4 per day),Discord - MooMooCord - https://discord.gg/Hc7cP9GB,,,Oguri Cap,Late Surger,Ace built for this CM before CM start in Grand Concert scenario,2,1,,,2,1,,Nice Nature,Late Surger,Debuffer,2,,,,3,1,,Mayano Top Gun (Wedding),End Closer,Debuffer,2,,,,3,1,,4 Attempts - 20 Races total,11,Go to Submit page,,,,,,,,,,,,,,Re-use Day 1 - Team Comp 1 as Day 2 - Team Comp 1,,,,,,,,,,4 Attempts - 20 Races total,9,Go to Submit page,,,,,,,,,,,,,,,Add new Team Comp as Day 3 - Team Comp 1,A Group,Oguri Cap,Late Surger,Mid-CM Ace build in Grand Concert scenario,Nice Nature (Cheerleader),Late Surger,Debuffer,Symboli Rudolf,Late Surger,Debuffer,4 Attempts - 20 Races total,6,Go to Submit page,,,,,,,,,,,,,,,Re-use Day 3 - Team Comp 1 as Day 4 - Team Comp 1,A Group,,,,,,,,,,4 Attempts - 20 Races total,7,Go to Submit page,,,,,,,,,,,,,,,A Finals,12274,Re-use Day 4 - Team Comp 1 as Finals Team Comp,,,,,,,,,,https://drive.google.com/open?id=1BAyXN671lLnPeyRMu43H2nhPYF1O8omO,3rd,No (goes to Submit page),,,,,,,,,,,,,,,,,,,
8/14/2026 8:11:49,Prearo,Graded (No Uma Restrictions),Win A finals with any uma,I accept these terms,Finals,,Rather not say,,,,,,Copano Rickey,Front Runner,Ace built for this CM before CM start in Grand Concert scenario,3,1,0,0,1,1,0,Smart Falcon,Front Runner,Ace built for this CM before CM start in Grand Concert scenario,3,0,0,0,2,1,0,Oguri Cap (Christmas),Pace Chaser,Ace built for this CM before CM start in Grand Concert scenario,3,0,0,0,2,1,0,4 Attempts - 20 Races total,16,Go to Submit page,,,,,,,,,,,,,,Re-use Day 1 - Team Comp 1 as Day 2 - Team Comp 1,,,,,,,,,,4 Attempts - 20 Races total,16,Day 3,,,,,,,,,,,,,,,Re-use Day 2 - Team Comp 1 as Day 3 - Team Comp 1,A Group,,,,,,,,,,4 Attempts - 20 Races total,15,Go to Submit page,,,,,,,,,,,,,,,Re-use Day 3 - Team Comp 1 as Day 4 - Team Comp 1,A Group,,,,,,,,,,4 Attempts - 20 Races total,15,Go to Submit page,,,,,,,,,,,,,,,A Finals,12399,Re-use Day 4 - Team Comp 1 as Finals Team Comp,,,,,,,,,,https://drive.google.com/open?id=1woq4tLwTfCq0kJjPBkYK5XGLHKeDtbbl,2nd,No (goes to Submit page),,,,,,,,,,,,,,,,,,,
8/14/2026 13:05:57,Rei,Graded (No Uma Restrictions),Win A finals with any uma,I accept these terms,Finals,iOS - phone or tablet,$1001-5000,1429,31-45 (roughly 5-6 per day),Discord - MooMooCord - https://discord.gg/Hc7cP9GB,5,,Mejiro Palmer,Runaway,Ace built for this CM before CM start in Grand Concert scenario,2,0,1,0,2,1,0,Oguri Cap (Christmas),Pace Chaser,Ace built for this CM before CM start in Grand Concert scenario,3,0,0,0,2,1,0,Eishin Flash (Valentine),Late Surger,Debuffer,1,2,1,0,1,1,0,4 Attempts - 20 Races total,13,Go to Submit page,,,,,,,,,,,,,,Re-use Day 1 - Team Comp 1 as Day 2 - Team Comp 1,,,,,,,,,,4 Attempts - 20 Races total,18,Go to Submit page,,,,,,,,,,,,,,,Re-use Day 2 - Team Comp 1 as Day 3 - Team Comp 1,A Group,,,,,,,,,,4 Attempts - 20 Races total,16,Go to Submit page,,,,,,,,,,,,,,,Re-use Day 3 - Team Comp 1 as Day 4 - Team Comp 1,A Group,,,,,,,,,,4 Attempts - 20 Races total,13,Go to Submit page,,,,,,,,,,,,,,,A Finals,12112,Re-use Day 4 - Team Comp 1 as Finals Team Comp,,,,,,,,,,https://drive.google.com/open?id=1_bfgSKNAvbI0h77K9N97qYvvdXqW88g2,1st,,,,,,,,,,,"Technically, since my Palmer got 2nd and my Oguri got 1st, Palmer won :)",https://drive.google.com/open?id=180-OjUu5gKmW0NVEcL1-CD-selUlgowY,https://drive.google.com/open?id=1pRNeT-GSLQDWG6I3K-EXfX8NPjSrTnT4,,5,8,0,0,0,https://drive.google.com/open?id=1G9I11tw6ndQNvfE0xg3IFU_mTGJIp7_p
8/14/2026 12:11:13,KEKW,Graded (No Uma Restrictions),Win A finals with any uma,I accept these terms,Day 4,Windows,$101-500,,21-30 (roughly 3-4 per day),Discord - MooMooCord - https://discord.gg/Hc7cP9GB,4,better than before keep going!,Oguri Cap (Christmas),Pace Chaser,Ace built for this CM before CM start in Grand Concert scenario,2,1,0,0,2,1,0,Eishin Flash (Valentine),Late Surger,Debuffer,,,,,,,,Nice Nature,Late Surger,Debuffer,,,,,,,,4 Attempts - 20 Races total,14,Go to Submit page,,,,,,,,,,,,,,Re-use Day 1 - Team Comp 1 as Day 2 - Team Comp 1,,,,,,,,,,4 Attempts - 20 Races total,12,Go to Submit page,,,,,,,,,,,,,,,Re-use Day 2 - Team Comp 2 as Day 3 - Team Comp 1,A Group,,,,,,,,,,4 Attempts - 20 Races total,11,Day 4,,,,,,,,,,,,,,,Add a new Team Comp as Day 4 - Team Comp 1,A Group,Oguri Cap (Christmas),Pace Chaser,Mid-CM Ace build in Grand Concert scenario,Eishin Flash (Valentine),Late Surger,Debuffer,Grass Wonder,Late Surger,Debuffer,4 Attempts - 20 Races total,19,Finals,,,,,,,,,,,,,,,A Finals,,Re-use Day 4 - Team Comp 2 as Finals Team Comp,,,,,,,,,,,1st,,,,,,,,,,,,,,,,,,,,
8/14/2026 11:15:19,PD,Graded (No Uma Restrictions),"Win A finals with ""oshi"" uma",I accept these terms,Finals,iOS - phone or tablet,$501-1000,,21-30 (roughly 3-4 per day),Rather not say,,,Narita Brian,Late Surger,Ace built for this CM before CM start in Grand Concert scenario,2,1,,,2,1,,Eishin Flash (Valentine),Late Surger,Debuffer,,1,,,4,1,,Grass Wonder,Pace Chaser,Debuffer,1,,1,,3,1,,4 Attempts - 20 Races total,12,Go to Submit page,,,,,,,,,,,,,,Re-use Day 1 - Team Comp 1 as Day 2 - Team Comp 1,,,,,,,,,,4 Attempts - 20 Races total,18,Go to Submit page,,,,,,,,,,,,,,,Re-use Day 2 - Team Comp 1 as Day 3 - Team Comp 1,A Group,,,,,,,,,,4 Attempts - 20 Races total,9,Go to Submit page,,,,,,,,,,,,,,,Re-use Day 3 - Team Comp 1 as Day 4 - Team Comp 1,A Group,,,,,,,,,,4 Attempts - 20 Races total,12,Go to Submit page,,,,,,,,,,,,,,,A Finals,,Re-use Day 4 - Team Comp 1 as Finals Team Comp,,,,,,,,,,https://drive.google.com/open?id=1QSjEKMwfiJ8F34wJwVBTnaD39_-nsIoj,1st,,,,,,,,,,,"Dirt B, no worries",https://drive.google.com/open?id=1eunOjImude7TeXD5iLYQRAJSZhRsEZm4,https://drive.google.com/open?id=1h_Q2XEXlyPWWQPQ3XtoQvKlFoB4tt81r,,6,9,,,,https://drive.google.com/open?id=1X3jm3QYvtB_15_rW0tqoZu8BasyG9lXS
8/14/2026 18:50:04,Spectre,Graded (No Uma Restrictions),Get into A finals,I accept these terms,Finals,"Android - phone or tablet, Windows",$1001-5000,1735,21-30 (roughly 3-4 per day),Discord - MooMooCord - https://discord.gg/Hc7cP9GB,4,,Oguri Cap (Christmas),Pace Chaser,Ace built for this CM before CM start in Grand Concert scenario,2,1,0,0,2,1,0,Agnes Tachyon,Late Surger,Debuffer,1,0,1,0,3,1,0,Grass Wonder,Late Surger,Debuffer,1,0,1,0,3,1,0,4 Attempts - 20 Races total,14,Go to Submit page,,,,,,,,,,,,,,Re-use Day 1 - Team Comp 1 as Day 2 - Team Comp 1,,,,,,,,,,4 Attempts - 20 Races total,13,Go to Submit page,,,,,,,,,,,,,,,Re-use Day 2 - Team Comp 1 as Day 3 - Team Comp 1,A Group,,,,,,,,,,4 Attempts - 20 Races total,13,Go to Submit page,,,,,,,,,,,,,,,Re-use Day 3 - Team Comp 1 as Day 4 - Team Comp 1,A Group,,,,,,,,,,4 Attempts - 20 Races total,12,Go to Submit page,,,,,,,,,,,,,,,A Finals,12436,Re-use Day 4 - Team Comp 1 as Finals Team Comp,,,,,,,,,,https://drive.google.com/open?id=1z7Sv-V6MihXmeUAbh1WWwm-ALykVeOLV,1st,,,,,,,,,,,,,,,,,,,,
8/14/2026 12:28:49,Zellak,Graded (No Uma Restrictions),Get into A finals,I accept these terms,Finals,"iOS - phone or tablet, Windows",$101-500,529,6-10 (roughly 1 per day),"Discord - MooMooCord - https://discord.gg/Hc7cP9GB, Twitch - MooMooCows - https://www.twitch.tv/moomoomoocows, YouTube - MooMooCows - https://www.youtube.com/@MooMooCows",5,,Oguri Cap (Christmas),Pace Chaser,Ace built for this CM before CM start in Grand Concert scenario,2,1,0,0,2,1,0,Nice Nature,Late Surger,Debuffer,2,1,0,0,2,1,0,Super Creek (Halloween),Late Surger,Debuffer,2,1,1,0,2,0,0,4 Attempts - 20 Races total,15,Go to Submit page,,,,,,,,,,,,,,Re-use Day 1 - Team Comp 1 as Day 2 - Team Comp 1,,,,,,,,,,4 Attempts - 20 Races total,14,Go to Submit page,,,,,,,,,,,,,,,Re-use Day 2 - Team Comp 1 as Day 3 - Team Comp 1,A Group,,,,,,,,,,4 Attempts - 20 Races total,10,Go to Submit page,,,,,,,,,,,,,,,Add a new Team Comp as Day 4 - Team Comp 1,A Group,Oguri Cap (Christmas),Pace Chaser,Ace built for this CM before CM start in Grand Concert scenario,Agnes Tachyon,Late Surger,Debuffer,Grass Wonder,Late Surger,Debuffer,4 Attempts - 20 Races total,17,Go to Submit page,,,,,,,,,,,,,,,A Finals,10373,Re-use Day 4 - Team Comp 1 as Finals Team Comp,,,,,,,,,,https://drive.google.com/open?id=1ZeYlKeuA3G9BAfKunUE92ZdFNRCqhW6a,2nd,Yes,https://drive.google.com/open?id=1eMF7WZQg36QAiptSclLKR7VIAtU9UkV2,https://drive.google.com/open?id=1dXnNgsLEQi4Aq8s2nankYZBqlHEmrisi,,0,17,0,0,0,https://drive.google.com/open?id=1TRX2SucwCqjnsXPxztuXvAEi0q-QU7qD,,,,,,,,,,
8/15/2026 9:39:22,Azshre ,Graded (No Uma Restrictions),"Win A finals with ""oshi"" uma",I accept these terms,Finals,iOS - phone or tablet,$501-1000,,31-45 (roughly 5-6 per day),YouTube - MooMooCows - https://www.youtube.com/@MooMooCows,5,,Oguri Cap (Christmas),Pace Chaser,Ace built for this CM before CM start in Grand Concert scenario,2,1,,,2,1,,Grass Wonder,Late Surger,Debuffer,,,,,,,,Symboli Rudolf,Late Surger,Debuffer,,,,,,,,4 Attempts - 20 Races total,16,Go to Submit page,,,,,,,,,,,,,,Re-use Day 1 - Team Comp 1 as Day 2 - Team Comp 1,,,,,,,,,,4 Attempts - 20 Races total,17,Go to Submit page,,,,,,,,,,,,,,,Re-use Day 2 - Team Comp 1 as Day 3 - Team Comp 1,A Group,,,,,,,,,,4 Attempts - 20 Races total,17,Go to Submit page,,,,,,,,,,,,,,,Re-use Day 3 - Team Comp 1 as Day 4 - Team Comp 1,A Group,,,,,,,,,,4 Attempts - 20 Races total,15,Go to Submit page,,,,,,,,,,,,,,,A Finals,15369,Re-use Day 4 - Team Comp 1 as Finals Team Comp,,,,,,,,,,https://drive.google.com/open?id=1_HKAL-ET_clCkYQiQldgplE9o1m_Dym8,1st,,,,,,,,,,,,https://drive.google.com/open?id=1Xo5LlgqLDK9h165K0n-kS7ONqzLLA8qj,https://drive.google.com/open?id=1XoLBefYNnm8MXVc57cNODyxSZI3Tb2a6,,,,,,,https://drive.google.com/open?id=1MrydW6_GCMdN9eIQ0x4CAH6IV2NOF0w3
8/14/2026 5:47:59,megamelon999,Graded (No Uma Restrictions),Get into B finals,I accept these terms,Day 3,"Android - phone or tablet, Windows",$1-100,,21-30 (roughly 3-4 per day),Discord - MooMooCord - https://discord.gg/Hc7cP9GB,,,Gold City,Late Surger,Ace built for this CM before CM start in Grand Concert scenario,3,1,0,0,1,1,0,Nice Nature,Late Surger,Debuffer,,,,,,,,Symboli Rudolf,Late Surger,Debuffer,,,,,,,,4 Attempts - 20 Races total,8,Go to Submit page,,,,,,,,,,,,,,Re-use Day 1 - Team Comp 1 as Day 2 - Team Comp 1,,,,,,,,,,4 Attempts - 20 Races total,8,Go to Submit page,,,,,,,,,,,,,,,Re-use Day 2 - Team Comp 1 as Day 3 - Team Comp 1,A Group,,,,,,,,,,4 Attempts - 20 Races total,2,Day 4,,,,,,,,,,,,,,,Re-use Day 3 - Team Comp 1 as Day 4 - Team Comp 1,A Group,,,,,,,,,,4 Attempts - 20 Races total,4,Finals,,,,,,,,,,,,,,,B Finals,,Re-use Day 4 - Team Comp 1 as Finals Team Comp,,,,,,,,,,,1st,,,,,,,,,,,,,,,,,,,,
8/14/2026 8:33:00,Skwagely,Graded (No Uma Restrictions),Get into A finals,I accept these terms,Finals,Windows,$1-100,956,46+ (more than 6 per day),,,,Tamamo Cross,Late Surger,Ace built for this CM before CM start in Grand Concert scenario,2,1,,,2,1,,Oguri Cap,Late Surger,Ace built for this CM before CM start in Grand Concert scenario,2,,1,,2,1,,Agnes Tachyon,Late Surger,Debuffer,1,1,,,3,1,,4 Attempts - 20 Races total,11,Go to Submit page,,,,,,,,,,,,,,Re-use Day 1 - Team Comp 1 as Day 2 - Team Comp 1,,,,,,,,,,3 Attempts - 15 Races total,8,Go to Submit page,,,,,,,,,,,,,,,Re-use Day 2 - Team Comp 1 as Day 3 - Team Comp 1,A Group,,,,,,,,,,4 Attempts - 20 Races total,5,Go to Submit page,,,,,,,,,,,,,,,Re-use Day 3 - Team Comp 1 as Day 4 - Team Comp 1,A Group,,,,,,,,,,4 Attempts - 20 Races total,4,Go to Submit page,,,,,,,,,,,,,,,A Finals,7675,Re-use Day 4 - Team Comp 1 as Finals Team Comp,,,,,,,,,,,1st,,,,,,,,,,,,https://drive.google.com/open?id=1HBVG6AuMAyNrF9B8PESRpGZI_5IWXSar,https://drive.google.com/open?id=1EP3Abr7hUYju5RU9Z2-lJ0O4DICQzyW0,,,15,,,,https://drive.google.com/open?id=1ImkAvTfQVLEQYjKbJbURpDTVEtp7qUAJ
8/14/2026 5:50:16,FalKs,Graded (No Uma Restrictions),Get into A finals,I accept these terms,Day 4,"Android - phone or tablet, Windows",$101-500,1520,46+ (more than 6 per day),Discord - MooMooCord - https://discord.gg/Hc7cP9GB,5,,Oguri Cap (Christmas),Pace Chaser,Ace built for this CM before CM start in Grand Concert scenario,3,,,,2,1,,Super Creek (Halloween),Pace Chaser,Debuffer,2,,,,3,1,,Nice Nature,Late Surger,Debuffer,2,,,,3,1,,4 Attempts - 20 Races total,17,Go to Submit page,,,,,,,,,,,,,,Re-use Day 1 - Team Comp 1 as Day 2 - Team Comp 1,,,,,,,,,,4 Attempts - 20 Races total,14,Go to Submit page,,,,,,,,,,,,,,,Re-use Day 2 - Team Comp 1 as Day 3 - Team Comp 1,A Group,,,,,,,,,,4 Attempts - 20 Races total,14,Go to Submit page,,,,,,,,,,,,,,,Re-use Day 3 - Team Comp 1 as Day 4 - Team Comp 1,A Group,,,,,,,,,,4 Attempts - 20 Races total,15,Finals,,,,,,,,,,,,,,,A Finals,12507,Re-use Day 4 - Team Comp 1 as Finals Team Comp,,,,,,,,,,,1st,,,,,,,,,,,,,,,,,,,,
8/14/2026 7:48:41,Frasl,Graded (No Uma Restrictions),"Win A finals with ""oshi"" uma",I accept these terms,Finals,Windows,$0,1001,11-20 (roughly 2-3 per day),"Discord - MooMooCord - https://discord.gg/Hc7cP9GB, Twitch - MooMooCows - https://www.twitch.tv/moomoomoocows, YouTube - MooMooCows - https://www.youtube.com/@MooMooCows",4,,Agnes Digital,Late Surger,Ace built for this CM before CM start in Grand Concert scenario,3,1,0,0,1,1,,Gold City,Late Surger,Ace built for this CM before CM start in Grand Concert scenario,3,1,0,0,1,1,0,Nice Nature,Late Surger,Debuffer,1,1,0,0,4,1,0,3 Attempts - 15 Races total,7,Day 1 - Add 2nd Team,Agnes Digital,Late Surger,Ace built for this CM before CM start in Grand Concert scenario,Gold City,Late Surger,Ace built for this CM before CM start in Grand Concert scenario,Mayano Top Gun,Late Surger,Ace built for this CM before CM start in Grand Concert scenario,1 Attempt - 5 Races total,2,2 teams,Go to Submit page,Add new Team Comp as Day 2 - Team Comp 1,Agnes Digital,Late Surger,Ace built for this CM before CM start in Grand Concert scenario,Nice Nature,Late Surger,Debuffer,Grass Wonder,Late Surger,Debuffer,2 Attempts - 10 Races total,5,Day 2 - Add 2nd Team,Add new Team Comp as Day 2 - Team Comp 2,Agnes Digital,Late Surger,Ace built for this CM before CM start in Grand Concert scenario,Gold City,Late Surger,Ace built for this CM before CM start in Grand Concert scenario,Grass Wonder,Late Surger,Debuffer,2 Attempts - 10 Races total,4,2 teams,Go to Submit page,Add new Team Comp as Day 3 - Team Comp 1,A Group,Agnes Digital,Late Surger,Ace built for this CM before CM start in Grand Concert scenario,Agnes Tachyon,Late Surger,Debuffer,Grass Wonder,Late Surger,Debuffer,2 Attempts - 10 Races total,7,Day 3 - Add 2nd Team,Add new Team Comp as Day 3 - Team Comp 2,Agnes Digital,Late Surger,Ace built for this CM before CM start in Grand Concert scenario,Gold City,Late Surger,Ace built for this CM before CM start in Grand Concert scenario,Mayano Top Gun,Late Surger,Ace built for this CM before CM start in Grand Concert scenario,2 Attempts - 10 Races total,3,2 teams,Go to Submit page,Re-use Day 3 - Team Comp 2 as Day 4 - Team Comp 1,A Group,,,,,,,,,,4 Attempts - 20 Races total,6,Go to Submit page,,,,,,,,,,,,,,,A Finals,10062,Add new Team Comp as Finals Team Comp,Agnes Digital,Late Surger,Ace built for this CM before CM start in Grand Concert scenario,Agnes Tachyon,Late Surger,Debuffer,Grass Wonder,Late Surger,Debuffer,https://drive.google.com/open?id=1ewHrN4TmxB6D5KAtyLhX-p6nK7j0EEBR,2nd,No (goes to Submit page),,,,,,,,,,,,,,,,,,,
8/14/2026 5:37:31,Baskyat,Graded (No Uma Restrictions),Get into A finals,I accept these terms,Finals,"Android - phone or tablet, Windows",$101-500,1198,46+ (more than 6 per day),Discord - MooMooCord - https://discord.gg/Hc7cP9GB,,Differentiate between auto careers done weekly vs manual. I don't actually do 6+ careers/day but selecting anything less also isn't accurate.,Smart Falcon,Front Runner,Ace built for this CM before CM start in Grand Concert scenario,2,1,,,2,1,,Grass Wonder,Late Surger,Debuffer,1,1,,,3,1,,Symboli Rudolf,Late Surger,Debuffer,1,1,,,3,1,,4 Attempts - 20 Races total,14,Go to Submit page,,,,,,,,,,,,,,Re-use Day 1 - Team Comp 1 as Day 2 - Team Comp 1,,,,,,,,,,4 Attempts - 20 Races total,9,Go to Submit page,,,,,,,,,,,,,,,Re-use Day 2 - Team Comp 1 as Day 3 - Team Comp 1,A Group,,,,,,,,,,4 Attempts - 20 Races total,8,Go to Submit page,,,,,,,,,,,,,,,Re-use Day 3 - Team Comp 1 as Day 4 - Team Comp 1,A Group,,,,,,,,,,4 Attempts - 20 Races total,10,Go to Submit page,,,,,,,,,,,,,,,A Finals,13167,Re-use Day 4 - Team Comp 1 as Finals Team Comp,,,,,,,,,,https://drive.google.com/open?id=1epzL93L-aNXwc1RP9qexczQAESYC9Sjd,1st,,,,,,,,,,,,https://drive.google.com/open?id=1O6784QcgYcRB-7JRPd1AHwS9XYiGop2Z,https://drive.google.com/open?id=1Fi39YFBJhAHqFx98NAid1ruCC4fVruXa,,3,11,,,,https://drive.google.com/open?id=16MSzoOKBZwamo737bG1pa0irjuK4zdUH
8/14/2026 8:43:41,Psssking,Graded (No Uma Restrictions),Get into A finals,I accept these terms,Finals,Windows,$501-1000,1303,31-45 (roughly 5-6 per day),Discord - MooMooCord - https://discord.gg/Hc7cP9GB,5,,Oguri Cap (Christmas),Pace Chaser,Ace built for this CM before CM start in Grand Concert scenario,3,0,0,0,2,1,0,Eishin Flash (Valentine),Late Surger,Debuffer,1,0,2,0,2,1,0,Nice Nature (Cheerleader),Late Surger,Debuffer,1,0,2,0,2,1,0,4 Attempts - 20 Races total,18,Go to Submit page,,,,,,,,,,,,,,Re-use Day 1 - Team Comp 1 as Day 2 - Team Comp 1,,,,,,,,,,4 Attempts - 20 Races total,16,Go to Submit page,,,,,,,,,,,,,,,Re-use Day 2 - Team Comp 1 as Day 3 - Team Comp 1,A Group,,,,,,,,,,4 Attempts - 20 Races total,14,Go to Submit page,,,,,,,,,,,,,,,Re-use Day 3 - Team Comp 1 as Day 4 - Team Comp 1,A Group,,,,,,,,,,4 Attempts - 20 Races total,13,Go to Submit page,,,,,,,,,,,,,,,A Finals,12169,Re-use Day 4 - Team Comp 1 as Finals Team Comp,,,,,,,,,,https://drive.google.com/open?id=1JrvQ13M5z1B5Iwh39CHpZKhv5CJI2g8U,1st,,,,,,,,,,,,,,,,,,,,
8/14/2026 11:21:01,DenZX,Graded (No Uma Restrictions),Get into A finals,I accept these terms,Finals,Android - phone or tablet,$101-500,1413,31-45 (roughly 5-6 per day),Discord - MooMooCord - https://discord.gg/Hc7cP9GB,5,,Oguri Cap (Christmas),Late Surger,Ace built for this CM before CM start in Grand Concert scenario,2,0,0,0,3,1,0,Grass Wonder,Late Surger,Debuffer,1,0,0,0,5,0,0,Nice Nature (Cheerleader),Late Surger,Debuffer,1,1,0,0,4,0,0,4 Attempts - 20 Races total,14,Day 2,,,,,,,,,,,,,,Re-use Day 1 - Team Comp 1 as Day 2 - Team Comp 1,,,,,,,,,,4 Attempts - 20 Races total,13,Go to Submit page,,,,,,,,,,,,,,,Re-use Day 2 - Team Comp 1 as Day 3 - Team Comp 1,A Group,,,,,,,,,,4 Attempts - 20 Races total,15,Go to Submit page,,,,,,,,,,,,,,,Re-use Day 3 - Team Comp 1 as Day 4 - Team Comp 1,A Group,,,,,,,,,,4 Attempts - 20 Races total,14,Go to Submit page,,,,,,,,,,,,,,,A Finals,10644,Re-use Day 4 - Team Comp 1 as Finals Team Comp,,,,,,,,,,https://drive.google.com/open?id=1Ovakk48dgqNuyJ__55BphloueEnfUskY,1st,,,,,,,,,,,"proving all these Pace XOguris are a fraud. Late Surger XOguri all the way - i have the best cheerleader motivating me to win, my cheerleader NN",https://drive.google.com/open?id=1WTocSsAH8nDDP2wF1i4x6Jl7HwN_treB,https://drive.google.com/open?id=1YZKNdRVphY3WrqKFEK3dw2H8g_RX5IaD,,0,8,9,0,0,https://drive.google.com/open?id=1bnXyGAts8PLFAq2ACDa926xacQXVAuEd
8/14/2026 5:56:27,Zeruul,Graded (No Uma Restrictions),Win A finals with any uma,I accept these terms,Finals,iOS - phone or tablet,$101-500,1259,21-30 (roughly 3-4 per day),Discord - MooMooCord - https://discord.gg/Hc7cP9GB,,,Oguri Cap (Christmas),Pace Chaser,Ace built for this CM before CM start in Grand Concert scenario,2,1,,,2,1,,Nice Nature,Late Surger,Debuffer,,,,,,,,Mayano Top Gun (Wedding),Late Surger,Debuffer,,,,,,,,4 Attempts - 20 Races total,19,Go to Submit page,,,,,,,,,,,,,,Re-use Day 1 - Team Comp 1 as Day 2 - Team Comp 1,,,,,,,,,,4 Attempts - 20 Races total,20,Go to Submit page,,,,,,,,,,,,,,,Re-use Day 2 - Team Comp 1 as Day 3 - Team Comp 1,A Group,,,,,,,,,,4 Attempts - 20 Races total,17,Go to Submit page,,,,,,,,,,,,,,,Re-use Day 3 - Team Comp 1 as Day 4 - Team Comp 1,A Group,,,,,,,,,,4 Attempts - 20 Races total,18,Go to Submit page,,,,,,,,,,,,,,,A Finals,13757,Re-use Day 4 - Team Comp 1 as Finals Team Comp,,,,,,,,,,https://drive.google.com/open?id=1lKk3mQm8hz44UhMD0H0GLjGNgXrXQV77,1st,,,,,,,,,,,,https://drive.google.com/open?id=1PaQ7Zui0XdmC4jNPcNVLdeE7XJs7U6KK,,,,,,,,
8/14/2026 6:40:15,Cedric,Graded (No Uma Restrictions),Get into A finals,I accept these terms,Finals,"Android - phone or tablet, Windows",$0,1271,21-30 (roughly 3-4 per day),Discord - MooMooCord - https://discord.gg/Hc7cP9GB,,,Smart Falcon (Grand Concert),Front Runner,Ace built for this CM before CM start in Grand Concert scenario,2,1,0,0,2,1,0,Grass Wonder,Late Surger,Debuffer,1,0,0,1,3,1,0,Agnes Tachyon,Late Surger,Debuffer,1,0,0,1,3,1,0,4 Attempts - 20 Races total,13,Go to Submit page,,,,,,,,,,,,,,Re-use Day 1 - Team Comp 1 as Day 2 - Team Comp 1,,,,,,,,,,4 Attempts - 20 Races total,12,Go to Submit page,,,,,,,,,,,,,,,Re-use Day 2 - Team Comp 1 as Day 3 - Team Comp 1,A Group,,,,,,,,,,4 Attempts - 20 Races total,10,Go to Submit page,,,,,,,,,,,,,,,Re-use Day 3 - Team Comp 1 as Day 4 - Team Comp 1,A Group,,,,,,,,,,4 Attempts - 20 Races total,6,Go to Submit page,,,,,,,,,,,,,,,A Finals,8802,Add new Team Comp as Finals Team Comp,Smart Falcon (Grand Concert),Front Runner,Mid-CM Ace build in Grand Concert scenario,Grass Wonder,Late Surger,Debuffer,Agnes Tachyon,Late Surger,Debuffer,https://drive.google.com/open?id=1a9rQq24TZBmOIsNZS6AWLd8OyZinBgGW,1st,,,,,,,,,,,i actually wanted rickey,https://drive.google.com/open?id=15jsS-iiKwTm7Z_E3yMO4MfL7LfUgKHvt,https://drive.google.com/open?id=1LzQrcaMkZJmk73XmNFaxMnWt5BRRg1Fj,,3,9,0,3,3,https://drive.google.com/open?id=1A5Q0fqGax4tbYBwUP8Rf-D1hFJarkATw
8/14/2026 6:05:43,kinjoleef,Graded (No Uma Restrictions),Win A finals with any uma,I accept these terms,Day 4,"Android - phone or tablet, Windows",$0,1308,11-20 (roughly 2-3 per day),Discord - MooMooCord - https://discord.gg/Hc7cP9GB,5,,Oguri Cap (Christmas),Pace Chaser,Ace built for this CM before CM start in Grand Concert scenario,2,1,0,0,2,1,0,Mejiro Dober,Late Surger,Debuffer,1,1,0,1,3,0,0,Nice Nature,Late Surger,Debuffer,1,1,0,1,3,0,0,3 Attempts - 15 Races total,10,Go to Submit page,,,,,,,,,,,,,,Re-use Day 1 - Team Comp 1 as Day 2 - Team Comp 1,,,,,,,,,,3 Attempts - 15 Races total,10,Go to Submit page,,,,,,,,,,,,,,,Re-use Day 2 - Team Comp 1 as Day 3 - Team Comp 1,A Group,,,,,,,,,,4 Attempts - 20 Races total,15,Go to Submit page,,,,,,,,,,,,,,,Re-use Day 3 - Team Comp 1 as Day 4 - Team Comp 1,A Group,,,,,,,,,,1 Attempt - 5 Races total,3,Finals,,,,,,,,,,,,,,,A Finals,8529,Re-use Day 4 - Team Comp 1 as Finals Team Comp,,,,,,,,,,https://drive.google.com/open?id=1du9klUectDT2agMN2YqrgbKhZm3C64G1,1st,,,,,,,,,,,,https://drive.google.com/open?id=1EltbAeinwCG1bQ92ztjdbq8IL2cCpz7x,https://drive.google.com/open?id=1nTp5NDpEzxU4xyrNt267KBJCAbYN3ahS,,0,0,15,0,2,https://drive.google.com/open?id=11919h4DzWmUiDSQH7vfoJM4KImZ_sFUa
8/14/2026 16:43:50,zazor701,Graded (No Uma Restrictions),Get into A finals,I accept these terms,Finals,Android - phone or tablet,$1001-5000,691,21-30 (roughly 3-4 per day),Discord - MooMooCord - https://discord.gg/Hc7cP9GB,5,,Maruzensky (Summer),Front Runner,Ace built for this CM before CM start in Grand Concert scenario,2,1,0,0,2,1,0,Smart Falcon,Front Runner,Ace built for this CM before CM start in Grand Concert scenario,2,1,0,0,2,1,0,Oguri Cap (Christmas),Pace Chaser,Ace built for this CM before CM start in Grand Concert scenario,3,0,0,0,2,1,0,4 Attempts - 20 Races total,17,Go to Submit page,,,,,,,,,,,,,,Re-use Day 1 - Team Comp 1 as Day 2 - Team Comp 1,,,,,,,,,,4 Attempts - 20 Races total,15,Go to Submit page,,,,,,,,,,,,,,,Re-use Day 2 - Team Comp 1 as Day 3 - Team Comp 1,A Group,,,,,,,,,,4 Attempts - 20 Races total,11,Go to Submit page,,,,,,,,,,,,,,,Re-use Day 3 - Team Comp 1 as Day 4 - Team Comp 1,A Group,,,,,,,,,,4 Attempts - 20 Races total,7,Go to Submit page,,,,,,,,,,,,,,,A Finals,10511,Re-use Day 4 - Team Comp 1 as Finals Team Comp,,,,,,,,,,https://drive.google.com/open?id=1juLV9hWLabCjS6xe_waMdfIIooJluu69,2nd,Yes,https://drive.google.com/open?id=1QVYeZTw1k1vsDGb_s54X4VtWyJCoj23G,https://drive.google.com/open?id=1MEiwN1QkjzbfRAx5VfUpx8qQTSDk1EaZ,,,9,1,0,2,https://drive.google.com/open?id=1pl7JFjNapPSTPDE-11xS18uq4NB_ebR6,,,,,,,,,,
8/14/2026 8:36:12,JaydeSun,Graded (No Uma Restrictions),"Win A finals with ""oshi"" uma",I accept these terms,Finals,"Android - phone or tablet, Windows",$1-100,924,6-10 (roughly 1 per day),Discord - MooMooCord - https://discord.gg/Hc7cP9GB,,,Oguri Cap (Christmas),Pace Chaser,Ace built for this CM before CM start in Grand Concert scenario,2,0,0,0,3,1,0,Eishin Flash (Valentine),Late Surger,Debuffer,1,1,0,0,4,0,0,Grass Wonder,Late Surger,Debuffer,2,1,0,0,4,0,0,4 Attempts - 20 Races total,16,Go to Submit page,,,,,,,,,,,,,,Re-use Day 1 - Team Comp 1 as Day 2 - Team Comp 1,,,,,,,,,,4 Attempts - 20 Races total,17,Go to Submit page,,,,,,,,,,,,,,,Re-use Day 2 - Team Comp 1 as Day 3 - Team Comp 1,A Group,,,,,,,,,,4 Attempts - 20 Races total,16,Go to Submit page,,,,,,,,,,,,,,,Re-use Day 3 - Team Comp 1 as Day 4 - Team Comp 1,A Group,,,,,,,,,,4 Attempts - 20 Races total,17,Go to Submit page,,,,,,,,,,,,,,,A Finals,11987,Re-use Day 4 - Team Comp 1 as Finals Team Comp,,,,,,,,,,https://drive.google.com/open?id=1LV4Sn56fO6o5j3gLmpIYRNGYbwhOzISf,1st,,,,,,,,,,,,https://drive.google.com/open?id=1sJd8cIvxKYl4Ut2U6SrAGOg5hXpWCuJR,https://drive.google.com/open?id=1sBRcsJcXbBdja6AE9B32TDyHqMlR2hEP,,2,13,0,0,0,https://drive.google.com/open?id=17oPqq8RYMvbuV9Q0eyGSVbBeXqOLBg_P
8/14/2026 5:24:21,Kaskaen,Graded (No Uma Restrictions),Get into A finals,I accept these terms,Finals,Windows,$501-1000,1037,6-10 (roughly 1 per day),Discord - MooMooCord - https://discord.gg/Hc7cP9GB,5,,Oguri Cap (Christmas),Late Surger,Ace built for this CM before CM start in Grand Concert scenario,3,0,0,0,2,1,,Eishin Flash (Valentine),Late Surger,Debuffer,,,,,,,,Grass Wonder,Late Surger,Debuffer,,,,,,,,4 Attempts - 20 Races total,14,Go to Submit page,,,,,,,,,,,,,,Re-use Day 1 - Team Comp 1 as Day 2 - Team Comp 1,,,,,,,,,,0 Attempts - 0 Races total,0,Go to Submit page,,,,,,,,,,,,,,,Re-use Day 2 - Team Comp 1 as Day 3 - Team Comp 1,A Group,,,,,,,,,,4 Attempts - 20 Races total,7,Go to Submit page,,,,,,,,,,,,,,,Re-use Day 3 - Team Comp 1 as Day 4 - Team Comp 1,A Group,,,,,,,,,,4 Attempts - 20 Races total,14,Go to Submit page,,,,,,,,,,,,,,,A Finals,11564,Re-use Day 4 - Team Comp 1 as Finals Team Comp,,,,,,,,,,https://drive.google.com/open?id=1FnQ14wq8KiXaWyNq-IESUcjnAPx8TKZ_,2nd,Yes,https://drive.google.com/open?id=1gGoBaE4ywtaz5rD8c-slyVH2Nk76PxYu,https://drive.google.com/open?id=1kcN0ciHFQl12pL5lmJ34QZwQUbbQchCN,https://drive.google.com/open?id=1zsXRVWgMrB8FssdEu6C7tx7rBeW-i2LH,0,14,0,2,0,https://drive.google.com/open?id=1kI_GSXv5yMjTb41Y5NH33E5HkztlDRs5,,,,,,,,,,
8/14/2026 12:14:46,Snootbooping,Graded (No Uma Restrictions),Win A finals with any uma,I accept these terms,Finals,"iOS - phone or tablet, Windows",$501-1000,1639,46+ (more than 6 per day),Discord - MooMooCord - https://discord.gg/Hc7cP9GB,,,Oguri Cap (Christmas),Pace Chaser,Ace built for this CM before CM start in Grand Concert scenario,2,0,1,0,2,1,0,Grass Wonder,End Closer,Debuffer,1,0,0,0,4,1,0,Nice Nature (Cheerleader),End Closer,Debuffer,1,0,1,0,3,1,0,4 Attempts - 20 Races total,19,Go to Submit page,,,,,,,,,,,,,,Re-use Day 1 - Team Comp 1 as Day 2 - Team Comp 1,,,,,,,,,,4 Attempts - 20 Races total,18,Go to Submit page,,,,,,,,,,,,,,,Re-use Day 2 - Team Comp 1 as Day 3 - Team Comp 1,A Group,,,,,,,,,,4 Attempts - 20 Races total,16,Go to Submit page,,,,,,,,,,,,,,,Re-use Day 3 - Team Comp 1 as Day 4 - Team Comp 1,A Group,,,,,,,,,,4 Attempts - 20 Races total,15,Go to Submit page,,,,,,,,,,,,,,,A Finals,16490,Re-use Day 4 - Team Comp 1 as Finals Team Comp,,,,,,,,,,,3rd,No (goes to Submit page),,,,,,,,,,,,,,,,,,,
8/14/2026 7:10:27,really_californian,Graded (No Uma Restrictions),"Win A finals with ""oshi"" uma",I accept these terms,Finals,Linux,$101-500,2011,46+ (more than 6 per day),,5,,Agnes Digital,Late Surger,Ace built for this CM before CM start in Grand Concert scenario,3,,,,2,1,,Symboli Rudolf,Pace Chaser,Debuffer,2,,,,3,1,,Grass Wonder,Pace Chaser,Debuffer,2,,,,3,1,,4 Attempts - 20 Races total,16,Go to Submit page,,,,,,,,,,,,,,Re-use Day 1 - Team Comp 1 as Day 2 - Team Comp 1,,,,,,,,,,4 Attempts - 20 Races total,12,Go to Submit page,,,,,,,,,,,,,,,Re-use Day 2 - Team Comp 1 as Day 3 - Team Comp 1,A Group,,,,,,,,,,4 Attempts - 20 Races total,7,Go to Submit page,,,,,,,,,,,,,,,Re-use Day 3 - Team Comp 1 as Day 4 - Team Comp 1,A Group,,,,,,,,,,4 Attempts - 20 Races total,13,Go to Submit page,,,,,,,,,,,,,,,A Finals,12380,Re-use Day 4 - Team Comp 1 as Finals Team Comp,,,,,,,,,,https://drive.google.com/open?id=1hQcE50_vg9U6VBGTg4_5HWa25UrKOx6C,1st,,,,,,,,,,,"""this is not getting an oshi award lmfao""",https://drive.google.com/open?id=1Dt9Yl_o3Vj-d9iKmDTS20ay-H4_Wa770,https://drive.google.com/open?id=12Ws54HYnvaOhlVARHUyNmkh_-XgIgTcZ,,,17,,,,https://drive.google.com/open?id=1pPGWWAqH7EQmokJiJbeiHsYSMDIdeyDx
8/14/2026 9:24:09,bowotan,Graded (No Uma Restrictions),Win A finals with any uma,I accept these terms,Finals,"Android - phone or tablet, Windows",$1001-5000,1945,46+ (more than 6 per day),Discord - MooMooCord - https://discord.gg/Hc7cP9GB,,,Copano Rickey,Pace Chaser,Ace built for this CM before CM start in Grand Concert scenario,3,1,,,1,1,,Oguri Cap (Christmas),Pace Chaser,Ace built for this CM before CM start in Grand Concert scenario,3,1,,,1,1,,Nice Nature (Cheerleader),End Closer,Debuffer,,,,,,,,4 Attempts - 20 Races total,17,Go to Submit page,,,,,,,,,,,,,,Re-use Day 1 - Team Comp 1 as Day 2 - Team Comp 1,,,,,,,,,,4 Attempts - 20 Races total,20,Go to Submit page,,,,,,,,,,,,,,,Re-use Day 2 - Team Comp 1 as Day 3 - Team Comp 1,A Group,,,,,,,,,,4 Attempts - 20 Races total,17,Go to Submit page,,,,,,,,,,,,,,,Re-use Day 3 - Team Comp 1 as Day 4 - Team Comp 1,A Group,,,,,,,,,,4 Attempts - 20 Races total,16,Go to Submit page,,,,,,,,,,,,,,,A Finals,11879,Re-use Day 4 - Team Comp 1 as Finals Team Comp,,,,,,,,,,https://drive.google.com/open?id=11iPzmY9uKHcfibIeyl7a91ucqzRG3xaS,1st,,,,,,,,,,,,https://drive.google.com/open?id=1tUHQQveNGhVpgET-Sano5jY1wMG_e07y,https://drive.google.com/open?id=17DA3RFUPplLyDJGWUiH-83vLapQaR0tY,,,8,7,,,https://drive.google.com/open?id=1CM5Y9K2ARxnnCHxM9-p4DKOlZZhYF5A9
8/14/2026 22:16:01,neo.,Graded (No Uma Restrictions),Rather not say,I accept these terms,Finals,Android - phone or tablet,$101-500,1250,31-45 (roughly 5-6 per day),Discord - MooMooCord - https://discord.gg/Hc7cP9GB,5,,Oguri Cap (Christmas),Pace Chaser,Ace built for this CM before CM start in Grand Concert scenario,3,0,0,0,2,1,0,Grass Wonder,Late Surger,Debuffer,1,1,0,0,3,1,0,Agnes Tachyon,Late Surger,Debuffer,1,1,0,0,3,1,0,4 Attempts - 20 Races total,17,Go to Submit page,,,,,,,,,,,,,,Re-use Day 1 - Team Comp 1 as Day 2 - Team Comp 1,,,,,,,,,,4 Attempts - 20 Races total,15,Go to Submit page,,,,,,,,,,,,,,,Re-use Day 2 - Team Comp 1 as Day 3 - Team Comp 1,A Group,,,,,,,,,,4 Attempts - 20 Races total,13,Go to Submit page,,,,,,,,,,,,,,,Re-use Day 3 - Team Comp 1 as Day 4 - Team Comp 1,A Group,,,,,,,,,,4 Attempts - 20 Races total,13,Go to Submit page,,,,,,,,,,,,,,,A Finals,9589,Re-use Day 4 - Team Comp 1 as Finals Team Comp,,,,,,,,,,https://drive.google.com/open?id=1H46DU4st6uAafPJuY0pdot5NKehp-EVU,1st,,,,,,,,,,,Xoguri will conquer all.,https://drive.google.com/open?id=1PiS4wpngyLmgoYTnfFaEBNpZaNIPGzHO,https://drive.google.com/open?id=1qohSL7YJ7pumSg5d5gTP__36-DciPB5a,,0,15,3,0,0,https://drive.google.com/open?id=1Z5vq99hFdF9qkhOducODDgfJgmJtzx7H
8/14/2026 10:01:37,Kaitei,Graded (No Uma Restrictions),Win A finals with any uma,I accept these terms,Finals,,$0,,31-45 (roughly 5-6 per day),Discord - MooMooCord - https://discord.gg/Hc7cP9GB,5,,Agnes Digital,Late Surger,Ace built for this CM before CM start in Grand Concert scenario,,,,,,,,Copano Rickey,Late Surger,Ace built for this CM before CM start in Grand Concert scenario,,,,,,,,Oguri Cap,Late Surger,Ace built for this CM before CM start in Grand Concert scenario,,,,,,,,4 Attempts - 20 Races total,17,Go to Submit page,,,,,,,,,,,,,,Re-use Day 1 - Team Comp 1 as Day 2 - Team Comp 1,,,,,,,,,,4 Attempts - 20 Races total,16,Go to Submit page,,,,,,,,,,,,,,,Re-use Day 2 - Team Comp 1 as Day 3 - Team Comp 1,A Group,,,,,,,,,,4 Attempts - 20 Races total,15,Go to Submit page,,,,,,,,,,,,,,,Re-use Day 3 - Team Comp 1 as Day 4 - Team Comp 1,A Group,,,,,,,,,,4 Attempts - 20 Races total,17,Go to Submit page,,,,,,,,,,,,,,,A Finals,12764,Re-use Day 4 - Team Comp 1 as Finals Team Comp,,,,,,,,,,https://drive.google.com/open?id=1LdB_Gkwnuv84RjOajFG1N1xhBRNsQN_J,1st,,,,,,,,,,,,,,,,,,,,
8/14/2026 7:43:34,fluttering_sunspot,Graded (No Uma Restrictions),Win A finals with any uma,I accept these terms,Finals,iOS - phone or tablet,$0,1781,31-45 (roughly 5-6 per day),,4,,Copano Rickey,Front Runner,Ace built for this CM before CM start in Grand Concert scenario,3,1,0,0,1,1,0,Nice Nature,Late Surger,Debuffer,,,,,,,,Mayano Top Gun (Wedding),Late Surger,Debuffer,,,,,,,,4 Attempts - 20 Races total,19,Go to Submit page,,,,,,,,,,,,,,Re-use Day 1 - Team Comp 1 as Day 2 - Team Comp 1,,,,,,,,,,4 Attempts - 20 Races total,15,Day 3,,,,,,,,,,,,,,,Re-use Day 2 - Team Comp 1 as Day 3 - Team Comp 1,A Group,,,,,,,,,,4 Attempts - 20 Races total,16,Day 4,,,,,,,,,,,,,,,Re-use Day 3 - Team Comp 1 as Day 4 - Team Comp 1,A Group,,,,,,,,,,4 Attempts - 20 Races total,17,Go to Submit page,,,,,,,,,,,,,,,A Finals,15100,Re-use Day 4 - Team Comp 1 as Finals Team Comp,,,,,,,,,,https://drive.google.com/open?id=1USyU6kKUmtA-mJ37i_Sw5dG_WCwFavgs,1st,,,,,,,,,,,666 Rickey,https://drive.google.com/open?id=1JeNA7Jogw7lQT9IFxA-rT7__fKCE6GIf,https://drive.google.com/open?id=1RTiKmVT4LEEAGCKGlw_ZNq8eM_j2_UBX,,2,12,0,0,0,https://drive.google.com/open?id=1IDOtsf9jd3EX2ahV62LrL55TxC_U5-zs
8/14/2026 8:51:45,Kai,Graded (No Uma Restrictions),Win A finals with any uma,I accept these terms,Finals,"iOS - phone or tablet, Windows",$101-500,1532,11-20 (roughly 2-3 per day),"Discord - MooMooCord - https://discord.gg/Hc7cP9GB, YouTube - MooMooCows - https://www.youtube.com/@MooMooCows",5,,Oguri Cap (Christmas),Pace Chaser,Ace built for this CM before CM start in Grand Concert scenario,3,0,0,0,2,1,0,Agnes Digital,Late Surger,Ace built for this CM before CM start in Grand Concert scenario,3,0,0,0,2,1,0,Inari One,End Closer,Ace built for this CM before CM start in Grand Concert scenario,3,0,0,0,2,1,0,4 Attempts - 20 Races total,16,Go to Submit page,,,,,,,,,,,,,,Re-use Day 1 - Team Comp 1 as Day 2 - Team Comp 1,,,,,,,,,,4 Attempts - 20 Races total,15,Go to Submit page,,,,,,,,,,,,,,,Re-use Day 2 - Team Comp 1 as Day 3 - Team Comp 1,A Group,,,,,,,,,,4 Attempts - 20 Races total,17,Go to Submit page,,,,,,,,,,,,,,,Re-use Day 3 - Team Comp 1 as Day 4 - Team Comp 1,A Group,,,,,,,,,,4 Attempts - 20 Races total,11,Go to Submit page,,,,,,,,,,,,,,,A Finals,11220,Re-use Day 4 - Team Comp 1 as Finals Team Comp,,,,,,,,,,,1st,,,,,,,,,,,,,,,,,,,,
8/14/2026 7:55:21,Pandae,Graded (No Uma Restrictions),Get into A finals,I accept these terms,Finals,Android - phone or tablet,$501-1000,419,11-20 (roughly 2-3 per day),Discord - MooMooCord - https://discord.gg/Hc7cP9GB,5,,Gold City (Festival),Late Surger,Ace built for this CM before CM start in Grand Concert scenario,3,1,0,0,1,1,0,Oguri Cap (Christmas),Pace Chaser,Ace built for this CM before CM start in Grand Concert scenario,2,0,1,0,2,1,0,Symboli Rudolf,Front Runner,Debuffer/Pace Down Setter,1,0,2,0,2,1,0,4 Attempts - 20 Races total,16,Go to Submit page,,,,,,,,,,,,,,Re-use Day 1 - Team Comp 1 as Day 2 - Team Comp 1,,,,,,,,,,4 Attempts - 20 Races total,15,Go to Submit page,,,,,,,,,,,,,,,Re-use Day 2 - Team Comp 1 as Day 3 - Team Comp 1,A Group,,,,,,,,,,4 Attempts - 20 Races total,10,Go to Submit page,,,,,,,,,,,,,,,Re-use Day 3 - Team Comp 1 as Day 4 - Team Comp 1,A Group,,,,,,,,,,4 Attempts - 20 Races total,10,Go to Submit page,,,,,,,,,,,,,,,A Finals,6974,Re-use Day 4 - Team Comp 1 as Finals Team Comp,,,,,,,,,,https://drive.google.com/open?id=13en14DCrpT-WezLpELawDNWad5Xq2-mb,3rd,No (goes to Submit page),,,,,,,,,,,,,,,,,,,
8/14/2026 6:39:41,Herodotus,Graded (No Uma Restrictions),"Win A finals with ""oshi"" uma",I accept these terms,Finals,Android - phone or tablet,$101-500,1750,31-45 (roughly 5-6 per day),Discord - MooMooCord - https://discord.gg/Hc7cP9GB,,,Manhattan Cafe,Late Surger,Ace built for this CM before CM start in Grand Concert scenario,3,0,0,0,2,1,0,Grass Wonder,Late Surger,Debuffer,1,1,1,0,3,0,0,Oguri Cap (Christmas),Pace Chaser,Ace built for this CM before CM start in Grand Concert scenario,2,0,0,0,3,1,0,4 Attempts - 20 Races total,13,Go to Submit page,,,,,,,,,,,,,,Re-use Day 1 - Team Comp 1 as Day 2 - Team Comp 1,,,,,,,,,,4 Attempts - 20 Races total,17,Go to Submit page,,,,,,,,,,,,,,,Re-use Day 2 - Team Comp 1 as Day 3 - Team Comp 1,A Group,,,,,,,,,,4 Attempts - 20 Races total,10,Go to Submit page,,,,,,,,,,,,,,,Add a new Team Comp as Day 4 - Team Comp 1,A Group,Manhattan Cafe,Late Surger,Ace built for this CM before CM start in Grand Concert scenario,Eishin Flash (Valentine),Late Surger,Debuffer,Grass Wonder,Late Surger,Debuffer,4 Attempts - 20 Races total,9,Go to Submit page,,,,,,,,,,,,,,,A Finals,,Re-use Day 4 - Team Comp 1 as Finals Team Comp,,,,,,,,,,,3rd,No (goes to Submit page),,,,,,,,,,,,,,,,,,,
8/14/2026 6:05:56,VHLAN,Graded (No Uma Restrictions),Win A finals with any uma,I accept these terms,Finals,"Android - phone or tablet, Windows",$101-500,1750,31-45 (roughly 5-6 per day),Discord - MooMooCord - https://discord.gg/Hc7cP9GB,5,,Oguri Cap (Christmas),Pace Chaser,Ace built for this CM before CM start in Grand Concert scenario,3,0,0,0,2,1,,Grass Wonder,Late Surger,Debuffer,,,,,,,,Super Creek (Halloween),Late Surger,Debuffer,,,,,,,,2 Attempts - 10 Races total,8,Day 1 - Add 2nd Team,Copano Rickey,Late Surger,Ace built for this CM before CM start in Grand Concert scenario,Grass Wonder,Late Surger,Debuffer,Super Creek (Halloween),Late Surger,Debuffer,2 Attempts - 10 Races total,6,2 teams,Go to Submit page,Re-use Day 1 - Team Comp 1 as Day 2 - Team Comp 1,,,,,,,,,,2 Attempts - 10 Races total,7,Day 2 - Add 2nd Team,Add new Team Comp as Day 2 - Team Comp 2,Copano Rickey,Late Surger,Ace built for this CM before CM start in Grand Concert scenario,Grass Wonder,Late Surger,Debuffer,Oguri Cap (Christmas),Pace Chaser,Ace built for this CM before CM start in Grand Concert scenario,2 Attempts - 10 Races total,10,2 teams,Go to Submit page,Re-use Day 2 - Team Comp 2 as Day 3 - Team Comp 1,A Group,,,,,,,,,,2 Attempts - 10 Races total,6,Day 3 - Add 2nd Team,Add new Team Comp as Day 3 - Team Comp 2,Eishin Flash (Valentine),Late Surger,Debuffer,Grass Wonder,Late Surger,Debuffer,Oguri Cap (Christmas),Pace Chaser,Mid-CM Ace build in Grand Concert scenario,2 Attempts - 10 Races total,8,2 teams,Day 4,Re-use Day 3 - Team Comp 2 as Day 4 - Team Comp 1,A Group,,,,,,,,,,4 Attempts - 20 Races total,19,Go to Submit page,,,,,,,,,,,,,,,A Finals,11278,Re-use Day 4 - Team Comp 1 as Finals Team Comp,,,,,,,,,,https://drive.google.com/open?id=1DZ0iyBjzXu7pccQnpFiSdfDqkgO-fXO6,1st,,,,,,,,,,,,,https://drive.google.com/open?id=1yROFtPWL6SDbt_VIA7L5-Q_ORBF0zjZr,,,12,4,,,https://drive.google.com/open?id=15mT4T5z6TgtM9n6E6v8sYyaltVadLdWs
8/14/2026 5:05:58,Shen,Graded (No Uma Restrictions),Get into A finals,I accept these terms,Finals,"Android - phone or tablet, SteamOS - Steam Deck",$101-500,2050,31-45 (roughly 5-6 per day),Twitch - MooMooCows - https://www.twitch.tv/moomoomoocows,5,,Grass Wonder,Late Surger,Ace built for this CM before CM start in Grand Concert scenario,2,1,,,2,1,,Mayano Top Gun (Wedding),Late Surger,Debuffer,1,,1,,3,1,,Nice Nature,Late Surger,Debuffer,1,,1,,3,1,,4 Attempts - 20 Races total,8,Go to Submit page,,,,,,,,,,,,,,Add new Team Comp as Day 2 - Team Comp 1,Grass Wonder,Late Surger,Ace built for this CM before CM start in Grand Concert scenario,Oguri Cap,Late Surger,Mid-CM Ace build in Grand Concert scenario,El Condor Pasa (Fantasy),Late Surger,Mid-CM Ace build in Grand Concert scenario,4 Attempts - 20 Races total,13,Go to Submit page,,,,,,,,,,,,,,,Re-use Day 2 - Team Comp 2 as Day 3 - Team Comp 1,A Group,,,,,,,,,,4 Attempts - 20 Races total,13,Go to Submit page,,,,,,,,,,,,,,,Re-use Day 3 - Team Comp 2 as Day 4 - Team Comp 1,A Group,,,,,,,,,,4 Attempts - 20 Races total,8,Go to Submit page,,,,,,,,,,,,,,,A Finals,11347,Re-use Day 4 - Team Comp 2 as Finals Team Comp,,,,,,,,,,https://drive.google.com/open?id=1Gx4dzoVGUadFlBd1PYDUZSq7hBsECcNG,3rd,No (goes to Submit page),,,,,,,,,,,,,,,,,,,
8/14/2026 9:37:43,paslebcallanc,Graded (No Uma Restrictions),"Win A finals with ""oshi"" uma",I accept these terms,Finals,Windows,$0,613,31-45 (roughly 5-6 per day),Discord - MooMooCord - https://discord.gg/Hc7cP9GB,4,,Seiun Sky,Front Runner,Ace built for this CM before CM start in Grand Concert scenario,3,1,0,0,1,1,0,Smart Falcon,Front Runner,Ace built for this CM before CM start in Grand Concert scenario,2,1,0,0,1,1,0,Grass Wonder,Late Surger,Debuffer,,,,,,,,4 Attempts - 20 Races total,12,Go to Submit page,,,,,,,,,,,,,,Re-use Day 1 - Team Comp 1 as Day 2 - Team Comp 1,,,,,,,,,,4 Attempts - 20 Races total,12,Go to Submit page,,,,,,,,,,,,,,,Re-use Day 2 - Team Comp 1 as Day 3 - Team Comp 1,A Group,,,,,,,,,,4 Attempts - 20 Races total,10,Go to Submit page,,,,,,,,,,,,,,,Re-use Day 3 - Team Comp 1 as Day 4 - Team Comp 1,A Group,,,,,,,,,,4 Attempts - 20 Races total,11,Go to Submit page,,,,,,,,,,,,,,,A Finals,7771,Re-use Day 4 - Team Comp 1 as Finals Team Comp,,,,,,,,,,https://drive.google.com/open?id=1fTOmN9TtfFMrEOarnALdK_munQ73awzU,1st,,,,,,,,,,,oguri tried to eat me,https://drive.google.com/open?id=1oRHjs-R68ki6kCLFRm_CoHMrCjFrQnJx,https://drive.google.com/open?id=1VuFvhcHAmRetxwkEES_UQxyODk_sRlnW,,0,7,3,0,1,https://drive.google.com/open?id=1PVfgYzpHm_2sBGg5SjXYi-AXjm2h6jQ9
8/14/2026 12:33:32,dracoraz,Graded (No Uma Restrictions),Get into A finals,I accept these terms,Finals,Windows,$1-100,1119,0-5 (less than 1 per day),"Discord - MooMooCord - https://discord.gg/Hc7cP9GB, Twitch - MooMooCows - https://www.twitch.tv/moomoomoocows, YouTube - MooMooCows - https://www.youtube.com/@MooMooCows",5,"Maybe clarify if ""weekly career count"" includes auto play (I'd assume not, but it's currently a little ambiguous)",Oguri Cap (Christmas),Pace Chaser,Ace built for this CM before CM start in Grand Concert scenario,3,,,,2,1,,Agnes Tachyon,Late Surger,Debuffer,,,,,,,,Symboli Rudolf,Late Surger,Debuffer,,,,,,,,4 Attempts - 20 Races total,12,Go to Submit page,,,,,,,,,,,,,,Re-use Day 1 - Team Comp 1 as Day 2 - Team Comp 1,,,,,,,,,,4 Attempts - 20 Races total,12,Go to Submit page,,,,,,,,,,,,,,,Re-use Day 2 - Team Comp 1 as Day 3 - Team Comp 1,A Group,,,,,,,,,,4 Attempts - 20 Races total,9,Go to Submit page,,,,,,,,,,,,,,,Re-use Day 3 - Team Comp 1 as Day 4 - Team Comp 1,A Group,,,,,,,,,,4 Attempts - 20 Races total,13,Go to Submit page,,,,,,,,,,,,,,,A Finals,12346,Re-use Day 4 - Team Comp 1 as Finals Team Comp,,,,,,,,,,https://drive.google.com/open?id=1m4CBzsITso20KWqcvhj9H3wgH68Et4Ta,2nd,No (goes to Submit page),,,,,,,,,,,,,,,,,,,
8/14/2026 5:08:44,Ace VX,Graded (No Uma Restrictions),Win A finals with any uma,I accept these terms,Finals,Android - phone or tablet,$1-100,,11-20 (roughly 2-3 per day),"Discord - MooMooCord - https://discord.gg/Hc7cP9GB, Reddit - /r/umamusumeGame, Twitch - MooMooCows - https://www.twitch.tv/moomoomoocows, YouTube - MooMooCows - https://www.youtube.com/@MooMooCows",5,,Oguri Cap (Christmas),Pace Chaser,Ace built for this CM before CM start in Grand Concert scenario,2,1,0,0,2,1,0,Agnes Tachyon,End Closer,Debuffer,1,0,0,0,4,1,0,Eishin Flash (Valentine),End Closer,Debuffer,1,0,0,0,4,1,0,4 Attempts - 20 Races total,18,Go to Submit page,,,,,,,,,,,,,,Re-use Day 1 - Team Comp 1 as Day 2 - Team Comp 1,,,,,,,,,,4 Attempts - 20 Races total,18,Day 3,,,,,,,,,,,,,,,Re-use Day 2 - Team Comp 1 as Day 3 - Team Comp 1,A Group,,,,,,,,,,4 Attempts - 20 Races total,14,Go to Submit page,,,,,,,,,,,,,,,Re-use Day 3 - Team Comp 1 as Day 4 - Team Comp 1,A Group,,,,,,,,,,4 Attempts - 20 Races total,16,Go to Submit page,,,,,,,,,,,,,,,A Finals,14462,Re-use Day 4 - Team Comp 1 as Finals Team Comp,,,,,,,,,,,2nd,No (goes to Submit page),,,,,,,,,,,,,,,,,,,
8/14/2026 5:15:31,Wully,Graded (No Uma Restrictions),Win A finals with any uma,I accept these terms,Finals,Windows,$1001-5000,,21-30 (roughly 3-4 per day),Discord - MooMooCord - https://discord.gg/Hc7cP9GB,,,Oguri Cap (Christmas),Pace Chaser,Ace built for this CM before CM start in Grand Concert scenario,,,,,,,,Symboli Rudolf,Late Surger,Debuffer,,,,,,,,Nice Nature,Late Surger,Debuffer,,,,,,,,4 Attempts - 20 Races total,18,Go to Submit page,,,,,,,,,,,,,,Re-use Day 1 - Team Comp 1 as Day 2 - Team Comp 1,,,,,,,,,,4 Attempts - 20 Races total,18,Go to Submit page,,,,,,,,,,,,,,,Re-use Day 2 - Team Comp 1 as Day 3 - Team Comp 1,A Group,,,,,,,,,,4 Attempts - 20 Races total,13,Go to Submit page,,,,,,,,,,,,,,,Re-use Day 3 - Team Comp 1 as Day 4 - Team Comp 1,A Group,,,,,,,,,,4 Attempts - 20 Races total,12,Go to Submit page,,,,,,,,,,,,,,,A Finals,13256,Re-use Day 4 - Team Comp 1 as Finals Team Comp,,,,,,,,,,https://drive.google.com/open?id=1-RaKvbU3bQD85_lWK7O8vLC3kPKalBYJ,1st,,,,,,,,,,,,,,,,,,,,
8/14/2026 5:58:59,Chrll,Graded (No Uma Restrictions),Get into A finals,I accept these terms,Finals,"Android - phone or tablet, Windows",$1001-5000,3049,46+ (more than 6 per day),Discord - MooMooCord - https://discord.gg/Hc7cP9GB,5,,Mejiro McQueen (Anime Collab),Front Runner,Ace built for this CM before CM start in Grand Concert scenario,2,1,0,0,2,1,0,Copano Rickey,Front Runner,Ace built for this CM before CM start in Grand Concert scenario,3,1,0,0,1,1,0,Oguri Cap (Christmas),Pace Chaser,Ace built for this CM before CM start in Grand Concert scenario,2,0,1,0,2,1,0,4 Attempts - 20 Races total,17,Go to Submit page,,,,,,,,,,,,,,Re-use Day 1 - Team Comp 1 as Day 2 - Team Comp 1,,,,,,,,,,4 Attempts - 20 Races total,19,Go to Submit page,,,,,,,,,,,,,,,Re-use Day 2 - Team Comp 1 as Day 3 - Team Comp 1,A Group,,,,,,,,,,4 Attempts - 20 Races total,15,Go to Submit page,,,,,,,,,,,,,,,Re-use Day 3 - Team Comp 1 as Day 4 - Team Comp 1,A Group,,,,,,,,,,4 Attempts - 20 Races total,13,Go to Submit page,,,,,,,,,,,,,,,A Finals,13536,Re-use Day 4 - Team Comp 1 as Finals Team Comp,,,,,,,,,,https://drive.google.com/open?id=16_2fGKjiXA8ngZn-n5C9SqQyvTV-r9be,1st,,,,,,,,,,,Mind controlled debuffers to not take 564,https://drive.google.com/open?id=1hq4CL3dDaB5C3aEgzr78ClYZ43dgmcIe,https://drive.google.com/open?id=1z7XG70KVu-43nHHpMflz0hwvx-qt_JYE,,0,4,0,8,2,https://drive.google.com/open?id=1wblMZl4X4p1LhDRkwUPde7SnsI5g_hdV
8/14/2026 6:13:02,Maximu,Graded (No Uma Restrictions),"Win A finals with ""oshi"" uma",I accept these terms,Finals,"Android - phone or tablet, Windows",$501-1000,,21-30 (roughly 3-4 per day),Discord - MooMooCord - https://discord.gg/Hc7cP9GB,,,Special Week (Summer),Late Surger,Ace built for this CM before CM start in Grand Concert scenario,,,,,,,,Grass Wonder,End Closer,Debuffer,,,,,,,,Nice Nature,Late Surger,Debuffer,,,,,,,,4 Attempts - 20 Races total,8,Go to Submit page,,,,,,,,,,,,,,Add new Team Comp as Day 2 - Team Comp 1,Special Week (Summer),Late Surger,Ace built for this CM before CM start in Grand Concert scenario,Nice Nature (Cheerleader),Late Surger,Debuffer,Grass Wonder,Late Surger,Debuffer,4 Attempts - 20 Races total,9,Go to Submit page,,,,,,,,,,,,,,,Re-use Day 2 - Team Comp 1 as Day 3 - Team Comp 1,A Group,,,,,,,,,,4 Attempts - 20 Races total,7,Go to Submit page,,,,,,,,,,,,,,,Re-use Day 3 - Team Comp 1 as Day 4 - Team Comp 1,A Group,,,,,,,,,,4 Attempts - 20 Races total,6,Go to Submit page,,,,,,,,,,,,,,,A Finals,7611,Re-use Day 4 - Team Comp 1 as Finals Team Comp,,,,,,,,,,https://drive.google.com/open?id=1HKfqrpX1wE996MajkYXxXOKhuNp3ahQY,1st,,,,,,,,,,,I love power card,https://drive.google.com/open?id=1nCXk5Ro3avkYL5MdoPOBqjMKb2vL77DH,https://drive.google.com/open?id=106GN7-oluyKJDHKLivKXQOs1AESoGQBY,,,,,,,https://drive.google.com/open?id=1WvOYxHDBKW8-bwXVDRjPuEokkp6ydG5J
8/14/2026 7:45:53,Gibgab,Graded (No Uma Restrictions),Get into A finals,I accept these terms,Finals,"Android - phone or tablet, Windows",$101-500,535,11-20 (roughly 2-3 per day),Discord - MooMooCord - https://discord.gg/Hc7cP9GB,5,,Oguri Cap (Christmas),Pace Chaser,Ace built for this CM before CM start in Grand Concert scenario,3,0,0,0,2,1,0,Agnes Tachyon,Pace Chaser,Debuffer,,,,,,,,Grass Wonder,Late Surger,Debuffer,,,,,,,,3 Attempts - 15 Races total,9,Go to Submit page,,,,,,,,,,,,,,Re-use Day 1 - Team Comp 1 as Day 2 - Team Comp 1,,,,,,,,,,3 Attempts - 15 Races total,9,Go to Submit page,,,,,,,,,,,,,,,Re-use Day 2 - Team Comp 1 as Day 3 - Team Comp 1,A Group,,,,,,,,,,4 Attempts - 20 Races total,5,Go to Submit page,,,,,,,,,,,,,,,Re-use Day 3 - Team Comp 1 as Day 4 - Team Comp 1,A Group,,,,,,,,,,3 Attempts - 15 Races total,7,Go to Submit page,,,,,,,,,,,,,,,A Finals,5497,Re-use Day 4 - Team Comp 1 as Finals Team Comp,,,,,,,,,,https://drive.google.com/open?id=1GzBlann16U_YpRcr_BgQ68saCpAISbuP,1st,,,,,,,,,,,,https://drive.google.com/open?id=1I8FzIw0xHSpDjFxP0j_oVkaB2-X1A53t,https://drive.google.com/open?id=1Fi1dAVjoYAmM0xrQZm2jQ54hjIiwPRT6,,,,,,,https://drive.google.com/open?id=17DSLUKHVkM8JsyUFDp-2lfa6Rb-QOqjg
8/14/2026 9:02:25,UnKn0wN2,Graded (No Uma Restrictions),Collect participation rewards,I accept these terms,Finals,Windows,$0,1352,31-45 (roughly 5-6 per day),Discord - MooMooCord - https://discord.gg/Hc7cP9GB,5,,Oguri Cap (Christmas),Pace Chaser,Ace built for this CM before CM start in Grand Concert scenario,2,1,,,2,1,,Grass Wonder,Late Surger,Debuffer,1,1,,,4,,,Agnes Tachyon,Pace Chaser,Debuffer,1,1,,,4,,,4 Attempts - 20 Races total,12,Go to Submit page,,,,,,,,,,,,,,Re-use Day 1 - Team Comp 1 as Day 2 - Team Comp 1,,,,,,,,,,4 Attempts - 20 Races total,15,Go to Submit page,,,,,,,,,,,,,,,Re-use Day 2 - Team Comp 1 as Day 3 - Team Comp 1,A Group,,,,,,,,,,4 Attempts - 20 Races total,12,Go to Submit page,,,,,,,,,,,,,,,Re-use Day 3 - Team Comp 1 as Day 4 - Team Comp 1,A Group,,,,,,,,,,4 Attempts - 20 Races total,10,Go to Submit page,,,,,,,,,,,,,,,A Finals,13470,Re-use Day 4 - Team Comp 1 as Finals Team Comp,,,,,,,,,,https://drive.google.com/open?id=1-vuf1BZ-ahDaVNIwM64aIUxm16NbQ3lf,2nd,No (goes to Submit page),,,,,,,,,,,,,,,,,,,
8/12/2026 10:22:15,Thama,Graded (No Uma Restrictions),"Win A finals with ""oshi"" uma",I accept these terms,Day 4,"iOS - phone or tablet, Android - phone or tablet, Windows",$101-500,1275,31-45 (roughly 5-6 per day),"Discord - MooMooCord - https://discord.gg/Hc7cP9GB, Discord - Pakacord! - https://discord.gg/6mwHqhBm, Reddit - /r/umamusumeGame, YouTube - MooMooCows - https://www.youtube.com/@MooMooCows",,,Oguri Cap (Christmas),Pace Chaser,Ace built for this CM before CM start in Grand Concert scenario,2,0,,,2,1,1,Agnes Digital,Late Surger,Ace built for this CM before CM start in Grand Concert scenario,3,1,0,0,1,1,0,Mayano Top Gun,Late Surger,Ace built for this CM before CM start in Grand Concert scenario,3,1,0,0,1,1,0,4 Attempts - 20 Races total,13,Go to Submit page,,,,,,,,,,,,,,Re-use Day 1 - Team Comp 1 as Day 2 - Team Comp 1,,,,,,,,,,4 Attempts - 20 Races total,13,Go to Submit page,,,,,,,,,,,,,,,Re-use Day 2 - Team Comp 1 as Day 3 - Team Comp 1,A Group,,,,,,,,,,4 Attempts - 20 Races total,8,Go to Submit page,,,,,,,,,,,,,,,Re-use Day 3 - Team Comp 1 as Day 4 - Team Comp 1,A Group,,,,,,,,,,4 Attempts - 20 Races total,13,Go to Submit page,,,,,,,,,,,,,,,,,,,,,,,,,,,,,,,,,,,,,,,,,,,,,,,,
8/13/2026 17:05:01,Tea,Graded (No Uma Restrictions),Collect participation rewards,I accept these terms,Day 4,"iOS - phone or tablet, Android - phone or tablet, Windows",$1-100,1116,46+ (more than 6 per day),"Discord - MooMooCord - https://discord.gg/Hc7cP9GB, YouTube - MooMooCows - https://www.youtube.com/@MooMooCows",5,,Oguri Cap (Christmas),Pace Chaser,Ace built for this CM before CM start in Grand Concert scenario,2,1,0,0,2,1,0,Agnes Tachyon,Late Surger,Debuffer,2,0,0,0,4,0,0,Grass Wonder,Pace Chaser,Debuffer,2,0,0,0,4,0,0,4 Attempts - 20 Races total,15,Go to Submit page,,,,,,,,,,,,,,Re-use Day 1 - Team Comp 1 as Day 2 - Team Comp 1,,,,,,,,,,4 Attempts - 20 Races total,16,Day 3,,,,,,,,,,,,,,,Re-use Day 2 - Team Comp 1 as Day 3 - Team Comp 1,A Group,,,,,,,,,,4 Attempts - 20 Races total,10,Go to Submit page,,,,,,,,,,,,,,,Re-use Day 3 - Team Comp 1 as Day 4 - Team Comp 1,A Group,,,,,,,,,,4 Attempts - 20 Races total,11,Go to Submit page,,,,,,,,,,,,,,,,,,,,,,,,,,,,,,,,,,,,,,,,,,,,,,,,
8/14/2026 6:17:37,lulu ☆ミ,Graded (No Uma Restrictions),Get into A finals,I accept these terms,Finals,iOS - phone or tablet,$1-100,1161,31-45 (roughly 5-6 per day),Discord - MooMooCord - https://discord.gg/Hc7cP9GB,,,Oguri Cap (Christmas),Pace Chaser,Ace built for this CM before CM start in Grand Concert scenario,2,1,,,2,1,,Grass Wonder,Late Surger,Debuffer,1,,,1,3,1,,Nice Nature,Late Surger,Debuffer,,1,,,4,1,,4 Attempts - 20 Races total,18,Go to Submit page,,,,,,,,,,,,,,Re-use Day 1 - Team Comp 1 as Day 2 - Team Comp 1,,,,,,,,,,4 Attempts - 20 Races total,17,Go to Submit page,,,,,,,,,,,,,,,Add new Team Comp as Day 3 - Team Comp 1,A Group,Oguri Cap (Christmas),Pace Chaser,Ace built for this CM before CM start in Grand Concert scenario,Grass Wonder,End Closer,Debuffer,Agnes Tachyon,End Closer,Debuffer,4 Attempts - 20 Races total,16,Go to Submit page,,,,,,,,,,,,,,,Re-use Day 3 - Team Comp 1 as Day 4 - Team Comp 1,A Group,,,,,,,,,,4 Attempts - 20 Races total,17,Go to Submit page,,,,,,,,,,,,,,,A Finals,11310,Re-use Day 4 - Team Comp 1 as Finals Team Comp,,,,,,,,,,https://drive.google.com/open?id=1Bh4YX83cyaWLFLdwkpqJXoAaX_xrrvgy,1st,,,,,,,,,,,,https://drive.google.com/open?id=1mduInkOg0Eg_bLwoP642xrELjTW6Osc1,https://drive.google.com/open?id=11D8Vm6A2k5me5bt_Ds4Tlq2p4L8n2IOh,,2,2,,2,,https://drive.google.com/open?id=1-ddJ5lohQWFJr1GQFM_lk4NPnmWpCW_L
8/14/2026 10:39:59,Nazhaz@MMC,Graded (No Uma Restrictions),Get into A finals,I accept these terms,Finals,"iOS - phone or tablet, Windows",$101-500,1635,31-45 (roughly 5-6 per day),Discord - MooMooCord - https://discord.gg/Hc7cP9GB,5,,Smart Falcon,Front Runner,Ace built for this CM before CM start in Grand Concert scenario,2,1,0,0,2,1,0,Super Creek (Halloween),Late Surger,Debuffer,0,1,0,0,4,1,0,Nice Nature,Late Surger,Debuffer,0,1,0,1,3,1,0,4 Attempts - 20 Races total,15,Go to Submit page,,,,,,,,,,,,,,Re-use Day 1 - Team Comp 1 as Day 2 - Team Comp 1,,,,,,,,,,1 Attempt - 5 Races total,1,Day 2 - Add 2nd Team,Add new Team Comp as Day 2 - Team Comp 2,Smart Falcon,Front Runner,Mid-CM Ace build in Grand Concert scenario,Symboli Rudolf,Front Runner,Debuffer,Grass Wonder,Late Surger,Debuffer,3 Attempts - 15 Races total,11,2 teams,Go to Submit page,Re-use Day 2 - Team Comp 1 as Day 3 - Team Comp 1,A Group,,,,,,,,,,2 Attempts - 10 Races total,3,Day 3 - Add 2nd Team,Re-use Day 2 - Team Comp 2 as Day 3 - Team Comp 2,,,,,,,,,,2 Attempts - 10 Races total,2,2 teams,Go to Submit page,Add a new Team Comp as Day 4 - Team Comp 1,A Group,Smart Falcon,Front Runner,Ace built for this CM before CM start in Grand Concert scenario,Nice Nature,Late Surger,Debuffer,Super Creek (Halloween),Late Surger,Debuffer,4 Attempts - 20 Races total,10,Go to Submit page,,,,,,,,,,,,,,,A Finals,7462,Re-use Day 4 - Team Comp 1 as Finals Team Comp,,,,,,,,,,https://drive.google.com/open?id=1kA7sOGdxzOchQVNmGD84FSPaHJnB9ngW,1st,,,,,,,,,,,I already know I didn't get it but LMAO SOLO FRONT WIN,https://drive.google.com/open?id=1mS_aFn-gjNVJBKSQ0ozWOvNbvluhvSRl,https://drive.google.com/open?id=1m-XbkVrNO6TmDUz4VlakJE4GRsb4Zzwl,,0,12,0,2,0,https://drive.google.com/open?id=1OhMd5JwdROYSq66hF0LJ2UpSfLrtXInU
8/14/2026 6:05:37,Wasobi,Graded (No Uma Restrictions),Win A finals with any uma,I accept these terms,Finals,Windows,$101-500,737,11-20 (roughly 2-3 per day),"Discord - MooMooCord - https://discord.gg/Hc7cP9GB, YouTube - MooMooCows - https://www.youtube.com/@MooMooCows",4,,Oguri Cap (Christmas),Pace Chaser,Ace built for this CM before CM start in Grand Concert scenario,2,1,0,0,2,1,0,Nice Nature,Late Surger,Debuffer,,,,,,,,Mayano Top Gun (Wedding),Late Surger,Debuffer,,,,,,,,4 Attempts - 20 Races total,17,Go to Submit page,,,,,,,,,,,,,,Re-use Day 1 - Team Comp 1 as Day 2 - Team Comp 1,,,,,,,,,,4 Attempts - 20 Races total,16,Go to Submit page,,,,,,,,,,,,,,,Add new Team Comp as Day 3 - Team Comp 1,A Group,Oguri Cap (Christmas),Pace Chaser,Mid-CM Ace build in Grand Concert scenario,Agnes Tachyon,End Closer,Debuffer,Grass Wonder,Late Surger,Debuffer,4 Attempts - 20 Races total,14,Go to Submit page,,,,,,,,,,,,,,,Re-use Day 3 - Team Comp 1 as Day 4 - Team Comp 1,A Group,,,,,,,,,,4 Attempts - 20 Races total,17,Go to Submit page,,,,,,,,,,,,,,,A Finals,11259,Re-use Day 4 - Team Comp 1 as Finals Team Comp,,,,,,,,,,https://drive.google.com/open?id=1Lfr38N_viQqn0_0PEGWjMydVBFLApM8B,1st,,,,,,,,,,,,https://drive.google.com/open?id=1p-nE_DJI5sKajmfeJ8iYIV25NUe91heo,https://drive.google.com/open?id=1DbMF7g0LMP0AfoEVER1D_9WPTVPJOAHv,,0,14,0,0,0,https://drive.google.com/open?id=14JX3BAyGj3CbQCQ109oTzDIN3JKDE56Q
8/14/2026 11:32:11,DeltaMint,Graded (No Uma Restrictions),Get into A finals,I accept these terms,Finals,"iOS - phone or tablet, Windows",$0,1081,0-5 (less than 1 per day),Discord - MooMooCord - https://discord.gg/Hc7cP9GB,,,Smart Falcon,Front Runner,Ace built for this CM before CM start in Grand Concert scenario,2,1,,,2,0,,Oguri Cap,Late Surger,Ace built for this CM before CM start in Grand Concert scenario,2,1,,,2,0,,Haru Urara (New Year),Late Surger,Ace built for this CM before CM start in Grand Concert scenario,2,1,,,2,0,,4 Attempts - 20 Races total,11,Go to Submit page,,,,,,,,,,,,,,Re-use Day 1 - Team Comp 1 as Day 2 - Team Comp 1,,,,,,,,,,4 Attempts - 20 Races total,11,Go to Submit page,,,,,,,,,,,,,,,Re-use Day 2 - Team Comp 1 as Day 3 - Team Comp 1,A Group,,,,,,,,,,4 Attempts - 20 Races total,3,Go to Submit page,,,,,,,,,,,,,,,Re-use Day 3 - Team Comp 1 as Day 4 - Team Comp 1,A Group,,,,,,,,,,4 Attempts - 20 Races total,7,Go to Submit page,,,,,,,,,,,,,,,A Finals,,Re-use Day 4 - Team Comp 1 as Finals Team Comp,,,,,,,,,,,3rd,No (goes to Submit page),,,,,,,,,,,,,,,,,,,
8/9/2026 11:10:54,Jammin,Graded (No Uma Restrictions),Get into A finals,I accept these terms,Day 1,Windows,$1001-5000,1142,31-45 (roughly 5-6 per day),Discord - MooMooCord - https://discord.gg/Hc7cP9GB,,,Oguri Cap (Christmas),Pace Chaser,Ace built for this CM before CM start in Grand Concert scenario,2,1,0,0,2,1,0,Grass Wonder,Late Surger,Debuffer,2,1,0,0,3,0,0,Nice Nature (Cheerleader),Late Surger,Debuffer,2,1,0,0,3,0,0,4 Attempts - 20 Races total,17,Go to Submit page,,,,,,,,,,,,,,,,,,,,,,,,,,,,,,,,,,,,,,,,,,,,,,,,,,,,,,,,,,,,,,,,,,,,,,,,,,,,,,,,,,,,,,,,,,,,,,,,,,,,,,,,,,,,,,,,,,,,,,,,,,,,,,,,,,
8/14/2026 5:40:21,Cing,Graded (No Uma Restrictions),Decent WR,I accept these terms,Finals,,$5000+,idk,,,,,Oguri Cap (Christmas),Pace Chaser,Ace built for this CM before CM start in Grand Concert scenario,,,,,,,,Eishin Flash (Valentine),End Closer,Debuffer,,,,,,,,Nice Nature (Cheerleader),End Closer,Debuffer,,,,,,,,4 Attempts - 20 Races total,16,Go to Submit page,,,,,,,,,,,,,,Re-use Day 1 - Team Comp 1 as Day 2 - Team Comp 1,,,,,,,,,,4 Attempts - 20 Races total,19,Go to Submit page,,,,,,,,,,,,,,,Re-use Day 2 - Team Comp 1 as Day 3 - Team Comp 1,A Group,,,,,,,,,,4 Attempts - 20 Races total,16,Go to Submit page,,,,,,,,,,,,,,,Re-use Day 3 - Team Comp 1 as Day 4 - Team Comp 1,A Group,,,,,,,,,,4 Attempts - 20 Races total,14,Go to Submit page,,,,,,,,,,,,,,,A Finals,,Re-use Day 4 - Team Comp 1 as Finals Team Comp,,,,,,,,,,,1st,,,,,,,,,,,,,,,,,,,,
8/14/2026 6:54:55,PiggyMcbacon,Graded (No Uma Restrictions),"Win A finals with ""oshi"" uma",I accept these terms,Finals,Windows,$101-500,1502,46+ (more than 6 per day),Discord - MooMooCord - https://discord.gg/Hc7cP9GB,,,Oguri Cap (Christmas),Pace Chaser,Ace built for this CM before CM start in Grand Concert scenario,3,0,0,0,2,1,0,Copano Rickey,Late Surger,Ace built for this CM before CM start in Grand Concert scenario,3,1,0,0,1,1,0,Narita Taishin (Steampunk),End Closer,Ace built for this CM before CM start in Grand Concert scenario,3,1,0,0,1,1,0,4 Attempts - 20 Races total,17,Go to Submit page,,,,,,,,,,,,,,Re-use Day 1 - Team Comp 1 as Day 2 - Team Comp 1,,,,,,,,,,4 Attempts - 20 Races total,15,Go to Submit page,,,,,,,,,,,,,,,Add new Team Comp as Day 3 - Team Comp 1,A Group,Oguri Cap (Christmas),Pace Chaser,Mid-CM Ace build in Grand Concert scenario,Narita Taishin (Steampunk),End Closer,Mid-CM Ace build in Grand Concert scenario,Agnes Tachyon,Late Surger,Debuffer,4 Attempts - 20 Races total,11,Go to Submit page,,,,,,,,,,,,,,,Re-use Day 3 - Team Comp 2 as Day 4 - Team Comp 1,A Group,,,,,,,,,,4 Attempts - 20 Races total,11,Go to Submit page,,,,,,,,,,,,,,,A Finals,8830,Re-use Day 4 - Team Comp 2 as Finals Team Comp,,,,,,,,,,https://drive.google.com/open?id=1DcQ3zZyg5BE8FqXJmhrQd9Qn---ow4Co,1st,,,,,,,,,,,GO MY TAISHIN,https://drive.google.com/open?id=1d5giazHRvhGbpJn34dCvkpyNcgBwJpGV,https://drive.google.com/open?id=1y1EhRqkTKOi_PWMueLdvME3BCTyjBTQz,,4,6,4,0,0,https://drive.google.com/open?id=1_cTQdY11vOx1WK7OWpP-ekTmNDFUDxAo
8/12/2026 8:33:36,Excelt,Graded (No Uma Restrictions),"Win A finals with ""oshi"" uma",I accept these terms,Day 3,,$0,,31-45 (roughly 5-6 per day),,,,T.M. Opera O,Pace Chaser,Ace built for this CM before CM start in Grand Concert scenario,3,,1,,1,1,,Nice Nature,Late Surger,Debuffer,,,,,,,,Mayano Top Gun (Wedding),Late Surger,Debuffer,,,,,,,,4 Attempts - 20 Races total,14,Go to Submit page,,,,,,,,,,,,,,Re-use Day 1 - Team Comp 1 as Day 2 - Team Comp 1,,,,,,,,,,4 Attempts - 20 Races total,11,Go to Submit page,,,,,,,,,,,,,,,Re-use Day 2 - Team Comp 1 as Day 3 - Team Comp 1,A Group,,,,,,,,,,4 Attempts - 20 Races total,8,Day 4,,,,,,,,,,,,,,,Re-use Day 3 - Team Comp 1 as Day 4 - Team Comp 1,A Group,,,,,,,,,,4 Attempts - 20 Races total,10,Go to Submit page,,,,,,,,,,,,,,,,,,,,,,,,,,,,,,,,,,,,,,,,,,,,,,,,
8/14/2026 6:37:19,Wumbo,Graded (No Uma Restrictions),Win A finals with any uma,I accept these terms,Finals,Windows,$1001-5000,1019,31-45 (roughly 5-6 per day),Discord - MooMooCord - https://discord.gg/Hc7cP9GB,5,,Copano Rickey,Front Runner,Ace built for this CM before CM start in Grand Concert scenario,3,1,0,0,1,1,0,Smart Falcon,Front Runner,Ace built for this CM before CM start in Grand Concert scenario,2,1,0,0,2,1,0,Oguri Cap (Christmas),Pace Chaser,Ace built for this CM before CM start in Grand Concert scenario,3,1,0,0,1,1,0,4 Attempts - 20 Races total,17,Go to Submit page,,,,,,,,,,,,,,Re-use Day 1 - Team Comp 1 as Day 2 - Team Comp 1,,,,,,,,,,4 Attempts - 20 Races total,17,Go to Submit page,,,,,,,,,,,,,,,Re-use Day 2 - Team Comp 1 as Day 3 - Team Comp 1,A Group,,,,,,,,,,4 Attempts - 20 Races total,10,Go to Submit page,,,,,,,,,,,,,,,Re-use Day 3 - Team Comp 1 as Day 4 - Team Comp 1,A Group,,,,,,,,,,4 Attempts - 20 Races total,14,Go to Submit page,,,,,,,,,,,,,,,A Finals,13381,Re-use Day 4 - Team Comp 1 as Finals Team Comp,,,,,,,,,,https://drive.google.com/open?id=11FJLhqWUUmQRN5vU5C_rytmEBzrPkxzR,1st,,,,,,,,,,,,https://drive.google.com/open?id=1WKGpp_VLrMk4KoNDRX2OM-KPpVI7ZpQz,https://drive.google.com/open?id=1tHttk5HnumpWN_4Cz0bWjLekfYT_JNoD,,0,8,8,0,0,https://drive.google.com/open?id=1qMrq0BpPhUlJJTuaFyCX5XMGwoh1VbpM
8/14/2026 7:22:55,Maya,Graded (No Uma Restrictions),Get into A finals,I accept these terms,Day 3,Android - phone or tablet,$101-500,,21-30 (roughly 3-4 per day),Discord - MooMooCord - https://discord.gg/Hc7cP9GB,4,Still would love if wins were separately recorded to each ace rather than to the team,Mayano Top Gun,Late Surger,Ace built for this CM before CM start in Grand Concert scenario,3,,,,2,1,,Taiki Shuttle (Camping),Pace Chaser,Ace built for this CM before CM start in Grand Concert scenario,3,,,,2,1,,Grass Wonder,Late Surger,Debuffer,,,,,,,,4 Attempts - 20 Races total,10,Go to Submit page,,,,,,,,,,,,,,Re-use Day 1 - Team Comp 1 as Day 2 - Team Comp 1,,,,,,,,,,4 Attempts - 20 Races total,13,Go to Submit page,,,,,,,,,,,,,,,Re-use Day 2 - Team Comp 1 as Day 3 - Team Comp 1,A Group,,,,,,,,,,4 Attempts - 20 Races total,9,Day 4,,,,,,,,,,,,,,,Re-use Day 3 - Team Comp 1 as Day 4 - Team Comp 1,A Group,,,,,,,,,,4 Attempts - 20 Races total,5,Finals,,,,,,,,,,,,,,,A Finals,,Re-use Day 4 - Team Comp 1 as Finals Team Comp,,,,,,,,,,https://drive.google.com/open?id=1Yw0yIITFnnJNjNsL47tDc0aip_C1whqU,1st,,,,,,,,,,,"2nd straight win from camping taiki, do I have to main her now?!",https://drive.google.com/open?id=1fdAmPXzhA5z3QFPBFCrKMVlLh0y7bH1n,https://drive.google.com/open?id=18Ayg7ms8wtyaLup9f-5LS3CtcsJPpSKw,,,13,3,,,https://drive.google.com/open?id=1qCtArjn3cR5mTKhEqhl5566ou4F64cXP
8/14/2026 8:45:32,Kiriya,Graded (No Uma Restrictions),"Win A finals with ""oshi"" uma",I accept these terms,Finals,"Android - phone or tablet, Windows",$101-500,,31-45 (roughly 5-6 per day),Rather not say,5,,Copano Rickey,Late Surger,Ace built for this CM before CM start in Grand Concert scenario,3,1,0,0,1,1,0,Nice Nature,Late Surger,Debuffer,0,0,1,0,4,0,0,Mayano Top Gun (Wedding),Late Surger,Debuffer,0,0,2,0,4,0,0,4 Attempts - 20 Races total,17,Go to Submit page,,,,,,,,,,,,,,Re-use Day 1 - Team Comp 1 as Day 2 - Team Comp 1,,,,,,,,,,4 Attempts - 20 Races total,16,Go to Submit page,,,,,,,,,,,,,,,Re-use Day 2 - Team Comp 1 as Day 3 - Team Comp 1,A Group,,,,,,,,,,4 Attempts - 20 Races total,15,Go to Submit page,,,,,,,,,,,,,,,Re-use Day 3 - Team Comp 1 as Day 4 - Team Comp 1,A Group,,,,,,,,,,4 Attempts - 20 Races total,13,Go to Submit page,,,,,,,,,,,,,,,A Finals,,Add new Team Comp as Finals Team Comp,Copano Rickey,Late Surger,Ace built for this CM before CM start in Grand Concert scenario,Grass Wonder,Late Surger,Debuffer,Nice Nature,Late Surger,Debuffer,https://drive.google.com/open?id=1R1mVV-WfWyDnA-bwPUnZZzwbIO-eVaft,1st,,,,,,,,,,,Late surger rickey is legit unc,https://drive.google.com/open?id=1U2w_5n5gL61rwmREUuYvLOAjYMmArsKh,https://drive.google.com/open?id=15Ew9D5aWs0PrV_iNdAuLjE5gJTciYwWp,,,,,,,
8/14/2026 6:57:52,Trollinater,Graded (No Uma Restrictions),Get into A finals,I accept these terms,Finals,"Android - phone or tablet, Windows",$501-1000,1727,46+ (more than 6 per day),Discord - MooMooCord - https://discord.gg/Hc7cP9GB,5,,Smart Falcon (Grand Concert),Front Runner,Ace built for this CM before CM start in Grand Concert scenario,2,1,,,2,1,,Symboli Rudolf,Front Runner,Debuffer,1,,2,,2,1,,Grass Wonder,Late Surger,Debuffer,1,,1,,3,1,,4 Attempts - 20 Races total,12,Go to Submit page,,,,,,,,,,,,,,Re-use Day 1 - Team Comp 1 as Day 2 - Team Comp 1,,,,,,,,,,3 Attempts - 15 Races total,12,Day 2 - Add 2nd Team,Add new Team Comp as Day 2 - Team Comp 2,Silence Suzuka,Runaway,Debuffer,Smart Falcon (Grand Concert),Front Runner,Ace built for this CM before CM start in Grand Concert scenario,Symboli Rudolf,Front Runner,Debuffer,1 Attempt - 5 Races total,2,2 teams,Go to Submit page,Re-use Day 2 - Team Comp 1 as Day 3 - Team Comp 1,A Group,,,,,,,,,,4 Attempts - 20 Races total,15,Go to Submit page,,,,,,,,,,,,,,,Re-use Day 3 - Team Comp 1 as Day 4 - Team Comp 1,A Group,,,,,,,,,,4 Attempts - 20 Races total,11,Go to Submit page,,,,,,,,,,,,,,,A Finals,7699,Re-use Day 4 - Team Comp 1 as Finals Team Comp,,,,,,,,,,https://drive.google.com/open?id=1uYjVTbs9vLKGYINVfXLICwLwsDW2NuF2,1st,,,,,,,,,,,FALCOOOOOOOOOOOOOOOOO,https://drive.google.com/open?id=1tv6C73nhSLSvbF1mDjJL2aNakzJg52Mu,https://drive.google.com/open?id=1COWFQSE37xMi8FXM3FNAsPrg1hJd_qRt,,,12,3,,,https://drive.google.com/open?id=1Yq5xqPJ2BhrwM7NH64UDAmO0uHuj4KT1
8/14/2026 10:42:12,thefakeshadow,Graded (No Uma Restrictions),"Win A finals with ""oshi"" uma",I accept these terms,Finals,"Android - phone or tablet, Windows",$0,1281,31-45 (roughly 5-6 per day),Discord - MooMooCord - https://discord.gg/Hc7cP9GB,4,,Oguri Cap (Christmas),Pace Chaser,Ace built for this CM before CM start in Grand Concert scenario,3,0,0,0,2,1,0,Agnes Tachyon,Late Surger,Debuffer,1,0,1,0,3,1,0,Grass Wonder,Late Surger,Debuffer,1,0,1,0,3,1,0,4 Attempts - 20 Races total,19,Go to Submit page,,,,,,,,,,,,,,Re-use Day 1 - Team Comp 1 as Day 2 - Team Comp 1,,,,,,,,,,4 Attempts - 20 Races total,19,Go to Submit page,,,,,,,,,,,,,,,Re-use Day 2 - Team Comp 1 as Day 3 - Team Comp 1,A Group,,,,,,,,,,4 Attempts - 20 Races total,16,Go to Submit page,,,,,,,,,,,,,,,Add a new Team Comp as Day 4 - Team Comp 1,A Group,Oguri Cap (Christmas),Pace Chaser,Ace built for this CM before CM start in Grand Concert scenario,Agnes Tachyon,End Closer,Debuffer,Grass Wonder,End Closer,Debuffer,4 Attempts - 20 Races total,19,Go to Submit page,,,,,,,,,,,,,,,A Finals,13435,Re-use Day 4 - Team Comp 1 as Finals Team Comp,,,,,,,,,,https://drive.google.com/open?id=1C-8zT-WCRqo6nnAfWT8DcgnBkPRSJqdg,2nd,Yes,https://drive.google.com/open?id=1KWPNqNsmKmeQ1I05njIIbLlvYQtkGFOp,https://drive.google.com/open?id=1N0J7CyASEaiMdYvxHWSyT4bbYj3DkZIa,,0,16,0,0,0,https://drive.google.com/open?id=1vGPq_MVdbm0SGkM6QTv9T8U_toWJOaJe,,,,,,,,,,
8/11/2026 12:35:49,Tiger,Graded (No Uma Restrictions),Collect participation rewards,I accept these terms,Day 2,Android - phone or tablet,$101-500,1270,11-20 (roughly 2-3 per day),Discord - MooMooCord - https://discord.gg/Hc7cP9GB,5,,Gold City (Festival),Late Surger,Ace built for this CM before CM start in Grand Concert scenario,3,0,0,0,2,1,0,Oguri Cap (Christmas),Pace Chaser,Ace built for this CM before CM start in Grand Concert scenario,2,0,0,0,3,1,0,Mayano Top Gun (Wedding),Late Surger,Ace built for this CM before CM start in Grand Concert scenario,3,0,0,0,2,1,0,4 Attempts - 20 Races total,13,Go to Submit page,,,,,,,,,,,,,,Re-use Day 1 - Team Comp 1 as Day 2 - Team Comp 1,,,,,,,,,,4 Attempts - 20 Races total,12,Day 3,,,,,,,,,,,,,,,Add new Team Comp as Day 3 - Team Comp 1,A Group,Gold City (Festival),Late Surger,Ace built for this CM before CM start in Grand Concert scenario,Oguri Cap (Christmas),Pace Chaser,Ace built for this CM before CM start in Grand Concert scenario,Nice Nature,Late Surger,Debuffer,2 Attempts - 10 Races total,5,Day 3 - Add 2nd Team,Add new Team Comp as Day 3 - Team Comp 2,Gold City (Festival),Late Surger,Ace built for this CM before CM start in Grand Concert scenario,Oguri Cap (Christmas),Pace Chaser,Ace built for this CM before CM start in Grand Concert scenario,Mayano Top Gun (Wedding),Late Surger,Ace built for this CM before CM start in Grand Concert scenario,2 Attempts - 10 Races total,3,2 teams,Go to Submit page,,,,,,,,,,,,,,,,,,,,,,,,,,,,,,,,,,,,,,,,,,,,,,,,,,,,,,,,,,,,,,
8/11/2026 20:28:12,Cherry,Graded (No Uma Restrictions),"Win A finals with ""oshi"" uma",I accept these terms,Day 3,iOS - phone or tablet,$101-500,1777,21-30 (roughly 3-4 per day),Discord - MooMooCord - https://discord.gg/Hc7cP9GB,4,,Mejiro McQueen,Pace Chaser,Ace built for this CM before CM start in Grand Concert scenario,3,1,0,0,1,1,0,Oguri Cap (Christmas),Pace Chaser,Ace built for this CM before CM start in Grand Concert scenario,3,1,0,0,1,1,0,Copano Rickey,Front Runner,Ace built for this CM before CM start in Grand Concert scenario,3,1,0,0,1,1,0,4 Attempts - 20 Races total,14,Go to Submit page,,,,,,,,,,,,,,Re-use Day 1 - Team Comp 1 as Day 2 - Team Comp 1,,,,,,,,,,4 Attempts - 20 Races total,15,Go to Submit page,,,,,,,,,,,,,,,Re-use Day 2 - Team Comp 1 as Day 3 - Team Comp 1,A Group,,,,,,,,,,3 Attempts - 15 Races total,12,Go to Submit page,,,,,,,,,,,,,,,,,,,,,,,,,,,,,,,,,,,,,,,,,,,,,,,,,,,,,,,,,,,,,,,,,,,,,,,,,,,,
8/14/2026 8:08:43,Artica,Graded (No Uma Restrictions),Win A finals with any uma,I accept these terms,Day 4,"Android - phone or tablet, Windows",$1001-5000,973,11-20 (roughly 2-3 per day),Discord - MooMooCord - https://discord.gg/Hc7cP9GB,,,Oguri Cap (Christmas),Pace Chaser,Ace built for this CM before CM start in Grand Concert scenario,2,1,0,0,2,1,0,Symboli Rudolf,Late Surger,Debuffer,,,,,,,,Grass Wonder,Late Surger,Debuffer,,,,,,,,4 Attempts - 20 Races total,16,Go to Submit page,,,,,,,,,,,,,,Re-use Day 1 - Team Comp 1 as Day 2 - Team Comp 1,,,,,,,,,,4 Attempts - 20 Races total,14,Go to Submit page,,,,,,,,,,,,,,,Re-use Day 2 - Team Comp 1 as Day 3 - Team Comp 1,A Group,,,,,,,,,,4 Attempts - 20 Races total,12,Go to Submit page,,,,,,,,,,,,,,,Re-use Day 3 - Team Comp 1 as Day 4 - Team Comp 1,A Group,,,,,,,,,,3 Attempts - 15 Races total,6,Finals,,,,,,,,,,,,,,,A Finals,8274,Re-use Day 4 - Team Comp 1 as Finals Team Comp,,,,,,,,,,https://drive.google.com/open?id=1G12cbjdtGdT7T68vgM3KeaSzYeTKDh_R,1st,,,,,,,,,,,,https://drive.google.com/open?id=1GjwFqYXDRZX2ehCYQ3Fjl8kmmBKAVepj,https://drive.google.com/open?id=10rKNzkHrSjiJLwtPs4Yqz5St-Nfo3CXG,,,11,3,,,https://drive.google.com/open?id=1y3JuUd2Sgw9Lta5e1BQWhuctTKlKKzmK
8/14/2026 9:30:41,Gary - Neicha Husband,Graded (No Uma Restrictions),Get into A finals,I accept these terms,Finals,,$1001-5000,,,Discord - MooMooCord - https://discord.gg/Hc7cP9GB,,,Oguri Cap,Late Surger,Ace built for this CM before CM start in Grand Concert scenario,,,,,,,,Agnes Tachyon,Front Runner,Debuffer,,,,,,,,Grass Wonder,Front Runner,Debuffer,,,,,,,,4 Attempts - 20 Races total,13,Go to Submit page,,,,,,,,,,,,,,Re-use Day 1 - Team Comp 1 as Day 2 - Team Comp 1,,,,,,,,,,4 Attempts - 20 Races total,14,Go to Submit page,,,,,,,,,,,,,,,Re-use Day 2 - Team Comp 1 as Day 3 - Team Comp 1,A Group,,,,,,,,,,4 Attempts - 20 Races total,14,Go to Submit page,,,,,,,,,,,,,,,Re-use Day 3 - Team Comp 1 as Day 4 - Team Comp 1,A Group,,,,,,,,,,4 Attempts - 20 Races total,16,Go to Submit page,,,,,,,,,,,,,,,A Finals,11000,Re-use Day 4 - Team Comp 1 as Finals Team Comp,,,,,,,,,,https://drive.google.com/open?id=1Sb7oC8iVF8q0vOnmLjgufQKkh0kyGHLl,2nd,No (goes to Submit page),,,,,,,,,,,,,,,,,,,
8/14/2026 5:55:13,skuchi4,Graded (No Uma Restrictions),Get into A finals,I accept these terms,Finals,"Android - phone or tablet, Windows",$501-1000,1333,31-45 (roughly 5-6 per day),Discord - MooMooCord - https://discord.gg/Hc7cP9GB,5,,Oguri Cap (Christmas),Pace Chaser,Ace built for this CM before CM start in Grand Concert scenario,2,0,1,0,2,1,,Symboli Rudolf,Late Surger,Debuffer,1,0,1,0,4,0,0,Grass Wonder,Late Surger,Debuffer,1,0,1,0,4,0,0,4 Attempts - 20 Races total,17,Go to Submit page,,,,,,,,,,,,,,Re-use Day 1 - Team Comp 1 as Day 2 - Team Comp 1,,,,,,,,,,4 Attempts - 20 Races total,18,Go to Submit page,,,,,,,,,,,,,,,Re-use Day 2 - Team Comp 1 as Day 3 - Team Comp 1,A Group,,,,,,,,,,4 Attempts - 20 Races total,17,Go to Submit page,,,,,,,,,,,,,,,Re-use Day 3 - Team Comp 1 as Day 4 - Team Comp 1,A Group,,,,,,,,,,4 Attempts - 20 Races total,17,Go to Submit page,,,,,,,,,,,,,,,A Finals,16081,Re-use Day 4 - Team Comp 1 as Finals Team Comp,,,,,,,,,,https://drive.google.com/open?id=1sgQ3eHTKXBNRPpew81hQv1tECNCsSaXq,2nd,Yes,https://drive.google.com/open?id=1BgsSsVIf80R02kXetuXkG_mjQ9CywXSs,https://drive.google.com/open?id=1i-pDSqoyPoMKTzyWZOaTd2kneNGQSBmr,,3,3,9,0,0,https://drive.google.com/open?id=1suIwfN2ZZGQ5wzjj0Di-LTniOQFC2igM,,,,,,,,,,
8/14/2026 9:21:41,Chrno,Graded (No Uma Restrictions),Win A finals with any uma,I accept these terms,Finals,"Android - phone or tablet, Windows",$0,1466,31-45 (roughly 5-6 per day),"Discord - MooMooCord - https://discord.gg/Hc7cP9GB, YouTube - MooMooCows - https://www.youtube.com/@MooMooCows",4,,Oguri Cap (Christmas),Pace Chaser,Ace built for this CM before CM start in Grand Concert scenario,2,1,0,0,2,1,0,Nice Nature,Late Surger,Debuffer,,,,,,,,Grass Wonder,End Closer,Debuffer,,,,,,,,4 Attempts - 20 Races total,16,Go to Submit page,,,,,,,,,,,,,,Re-use Day 1 - Team Comp 1 as Day 2 - Team Comp 1,,,,,,,,,,4 Attempts - 20 Races total,18,Go to Submit page,,,,,,,,,,,,,,,Re-use Day 2 - Team Comp 1 as Day 3 - Team Comp 1,A Group,,,,,,,,,,4 Attempts - 20 Races total,16,Go to Submit page,,,,,,,,,,,,,,,Re-use Day 3 - Team Comp 1 as Day 4 - Team Comp 1,A Group,,,,,,,,,,4 Attempts - 20 Races total,16,Go to Submit page,,,,,,,,,,,,,,,A Finals,14504,Add new Team Comp as Finals Team Comp,Oguri Cap (Christmas),Pace Chaser,Mid-CM Ace build in Grand Concert scenario,Agnes Tachyon,End Closer,Debuffer,Grass Wonder,Late Surger,Debuffer,https://drive.google.com/open?id=1kE5G7NckiWvQvMV8iIR0MbmSYCIr5Rhv,1st,,,,,,,,,,,,https://drive.google.com/open?id=1lpETWxhSMoE-fMjJ6oWTRxbJGPxv9AQW,https://drive.google.com/open?id=1M2F_1m0ncbtooYXJv4wVX0Yr0H-Hqaof,,,,,,,https://drive.google.com/open?id=11Ah6YdJLPWZiZlJawFSzTAynoeg7hgyO
8/14/2026 5:40:30,trillkun,Graded (No Uma Restrictions),Win A finals with any uma,I accept these terms,Finals,"iOS - phone or tablet, Windows",$1001-5000,1692,31-45 (roughly 5-6 per day),Discord - MooMooCord - https://discord.gg/Hc7cP9GB,5,,Oguri Cap (Christmas),Pace Chaser,Ace built for this CM before CM start in Grand Concert scenario,2,1,0,0,2,1,,Nice Nature,Late Surger,Debuffer,1,2,0,0,3,0,0,Mayano Top Gun (Wedding),Late Surger,Debuffer,0,2,1,0,3,0,0,4 Attempts - 20 Races total,16,Go to Submit page,,,,,,,,,,,,,,Re-use Day 1 - Team Comp 1 as Day 2 - Team Comp 1,,,,,,,,,,1 Attempt - 5 Races total,4,Day 2 - Add 2nd Team,Add new Team Comp as Day 2 - Team Comp 2,Oguri Cap (Christmas),Pace Chaser,Ace built for this CM before CM start in Grand Concert scenario,Agnes Tachyon,End Closer,Debuffer,Grass Wonder,End Closer,Debuffer,3 Attempts - 15 Races total,15,2 teams,Go to Submit page,Re-use Day 2 - Team Comp 2 as Day 3 - Team Comp 1,A Group,,,,,,,,,,4 Attempts - 20 Races total,14,Go to Submit page,,,,,,,,,,,,,,,Re-use Day 3 - Team Comp 1 as Day 4 - Team Comp 1,A Group,,,,,,,,,,4 Attempts - 20 Races total,15,Go to Submit page,,,,,,,,,,,,,,,A Finals,13177,Re-use Day 4 - Team Comp 1 as Finals Team Comp,,,,,,,,,,https://drive.google.com/open?id=1KmKw8912OFMIT6YdDgGAotqVeuEYumlc,1st,,,,,,,,,,,,https://drive.google.com/open?id=1OyuY_FoJdwHGWOOOJbPzhd_0w82ZGAnO,https://drive.google.com/open?id=16kknME4cPulNveIAb2dWgPlfhBIJFXBH,,,9,8,,,https://drive.google.com/open?id=1f4zd7bQSclZ-CMH9n6Wpo8fhXTGYz7qW
8/12/2026 9:24:08,WonderlandsKermit,Graded (No Uma Restrictions),Win A finals with any uma,I accept these terms,Day 4,Windows,$101-500,718,11-20 (roughly 2-3 per day),YouTube - MooMooCows - https://www.youtube.com/@MooMooCows,4,,Oguri Cap (Christmas),Pace Chaser,Ace built for this CM before CM start in Grand Concert scenario,2,1,,,2,1,,Symboli Rudolf,Late Surger,Debuffer,1,0,0,1,4,0,0,Grass Wonder,Late Surger,Debuffer,1,0,0,1,4,0,0,2 Attempts - 10 Races total,7,Go to Submit page,,,,,,,,,,,,,,Re-use Day 1 - Team Comp 2 as Day 2 - Team Comp 1,,,,,,,,,,4 Attempts - 20 Races total,13,Day 1,,,,,,,,,,,,,,,Re-use Day 2 - Team Comp 2 as Day 3 - Team Comp 1,A Group,,,,,,,,,,4 Attempts - 20 Races total,13,Go to Submit page,,,,,,,,,,,,,,,Re-use Day 3 - Team Comp 2 as Day 4 - Team Comp 1,A Group,,,,,,,,,,4 Attempts - 20 Races total,13,Go to Submit page,,,,,,,,,,,,,,,,,,,,,,,,,,,,,,,,,,,,,,,,,,,,,,,,
8/14/2026 5:10:49,FzyBny,Graded (No Uma Restrictions),Get into A finals,I accept these terms,Finals,"Android - phone or tablet, Windows",$501-1000,1900,46+ (more than 6 per day),Discord - MooMooCord - https://discord.gg/Hc7cP9GB,5,,Oguri Cap (Christmas),Pace Chaser,Ace built for this CM before CM start in Grand Concert scenario,2,1,,,2,1,,Mayano Top Gun (Wedding),End Closer,Debuffer,,,1,,5,,,Nice Nature,End Closer,Debuffer,,,1,,5,,,4 Attempts - 20 Races total,13,Go to Submit page,,,,,,,,,,,,,,Re-use Day 1 - Team Comp 1 as Day 2 - Team Comp 1,,,,,,,,,,4 Attempts - 20 Races total,15,Go to Submit page,,,,,,,,,,,,,,,Add new Team Comp as Day 3 - Team Comp 1,A Group,Oguri Cap (Christmas),Pace Chaser,Ace built for this CM before CM start in Grand Concert scenario,Grass Wonder,End Closer,Debuffer,Eishin Flash (Valentine),End Closer,Debuffer,4 Attempts - 20 Races total,14,Go to Submit page,,,,,,,,,,,,,,,Re-use Day 3 - Team Comp 1 as Day 4 - Team Comp 1,A Group,,,,,,,,,,4 Attempts - 20 Races total,12,Go to Submit page,,,,,,,,,,,,,,,A Finals,8411,Re-use Day 4 - Team Comp 1 as Finals Team Comp,,,,,,,,,,,1st,,,,,,,,,,,,,,,,3,2,,2,
8/14/2026 5:54:52,Haruko,Graded (No Uma Restrictions),Get into A finals,I accept these terms,Finals,"Android - phone or tablet, Windows, SteamOS - Steam Deck",$101-500,690,6-10 (roughly 1 per day),"Discord - MooMooCord - https://discord.gg/Hc7cP9GB, Twitch - MooMooCows - https://www.twitch.tv/moomoomoocows, YouTube - MooMooCows - https://www.youtube.com/@MooMooCows",4,,Oguri Cap (Christmas),Pace Chaser,Ace built for this CM before CM start in Grand Concert scenario,3,0,0,0,2,1,0,Symboli Rudolf,Late Surger,Debuffer,1,1,0,0,4,0,0,Grass Wonder,Late Surger,Debuffer,1,2,0,0,3,0,0,4 Attempts - 20 Races total,17,Go to Submit page,,,,,,,,,,,,,,Re-use Day 1 - Team Comp 1 as Day 2 - Team Comp 1,,,,,,,,,,4 Attempts - 20 Races total,18,Go to Submit page,,,,,,,,,,,,,,,Re-use Day 2 - Team Comp 1 as Day 3 - Team Comp 1,A Group,,,,,,,,,,4 Attempts - 20 Races total,15,Go to Submit page,,,,,,,,,,,,,,,Re-use Day 3 - Team Comp 1 as Day 4 - Team Comp 1,A Group,,,,,,,,,,4 Attempts - 20 Races total,16,Go to Submit page,,,,,,,,,,,,,,,A Finals,11910,Re-use Day 4 - Team Comp 1 as Finals Team Comp,,,,,,,,,,,2nd,No (goes to Submit page),,,,,,,,,,,,,,,,,,,
8/9/2026 11:48:56,Jay1047 ッ,Graded (No Uma Restrictions),Win A finals with any uma,I accept these terms,Day 1,iOS - phone or tablet,$1-100,1268,31-45 (roughly 5-6 per day),Discord - MooMooCord - https://discord.gg/Hc7cP9GB,5,,Oguri Cap (Christmas),Pace Chaser,Ace built for this CM before CM start in Grand Concert scenario,3,,,,2,1,,Mayano Top Gun (Wedding),End Closer,Debuffer,,,,,,,,Nice Nature,End Closer,Debuffer,,,,,,,,4 Attempts - 20 Races total,18,Go to Submit page,,,,,,,,,,,,,,,,,,,,,,,,,,,,,,,,,,,,,,,,,,,,,,,,,,,,,,,,,,,,,,,,,,,,,,,,,,,,,,,,,,,,,,,,,,,,,,,,,,,,,,,,,,,,,,,,,,,,,,,,,,,,,,,,,,
8/14/2026 5:52:33,PrinzRohan,Graded (No Uma Restrictions),Win A finals with any uma,I accept these terms,Finals,"Android - phone or tablet, Windows",$1001-5000,643,21-30 (roughly 3-4 per day),"Discord - MooMooCord - https://discord.gg/Hc7cP9GB, Reddit - /r/umamusumeGame, Twitch - MooMooCows - https://www.twitch.tv/moomoomoocows",,,Oguri Cap (Christmas),Pace Chaser,Ace built for this CM using another scenario (URA or Trackblazer),,,,,,,,Grass Wonder,End Closer,Debuffer,,,,,,,,Symboli Rudolf,End Closer,Debuffer,,,,,,,,4 Attempts - 20 Races total,15,Go to Submit page,,,,,,,,,,,,,,Re-use Day 1 - Team Comp 1 as Day 2 - Team Comp 1,,,,,,,,,,4 Attempts - 20 Races total,16,Go to Submit page,,,,,,,,,,,,,,,Re-use Day 2 - Team Comp 1 as Day 3 - Team Comp 1,A Group,,,,,,,,,,4 Attempts - 20 Races total,15,Go to Submit page,,,,,,,,,,,,,,,Re-use Day 3 - Team Comp 1 as Day 4 - Team Comp 1,A Group,,,,,,,,,,4 Attempts - 20 Races total,8,Go to Submit page,,,,,,,,,,,,,,,A Finals,8837,Re-use Day 4 - Team Comp 1 as Finals Team Comp,,,,,,,,,,,1st,,,,,,,,,,,,,,,,,,,,
8/12/2026 10:47:53,chunguslieben,Graded (No Uma Restrictions),Win A finals with any uma,I accept these terms,Day 4,Android - phone or tablet,$101-500,1289,31-45 (roughly 5-6 per day),Discord - MooMooCord - https://discord.gg/Hc7cP9GB,5,,Copano Rickey,Front Runner,Ace built for this CM before CM start in Grand Concert scenario,3,1,0,0,1,1,0,Agnes Tachyon,Late Surger,Debuffer,2,0,0,0,3,1,0,Grass Wonder,Late Surger,Debuffer,2,0,0,0,3,1,0,4 Attempts - 20 Races total,17,Go to Submit page,,,,,,,,,,,,,,Re-use Day 1 - Team Comp 1 as Day 2 - Team Comp 1,,,,,,,,,,4 Attempts - 20 Races total,15,Day 3,,,,,,,,,,,,,,,Re-use Day 2 - Team Comp 1 as Day 3 - Team Comp 1,A Group,,,,,,,,,,4 Attempts - 20 Races total,17,Go to Submit page,,,,,,,,,,,,,,,Re-use Day 3 - Team Comp 1 as Day 4 - Team Comp 1,A Group,,,,,,,,,,4 Attempts - 20 Races total,15,Go to Submit page,,,,,,,,,,,,,,,,,,,,,,,,,,,,,,,,,,,,,,,,,,,,,,,,
8/14/2026 5:09:27,indigo,Graded (No Uma Restrictions),Win A finals with any uma,I accept these terms,Finals,,,,,,,,Oguri Cap (Christmas),Pace Chaser,Ace built for this CM before CM start in Grand Concert scenario,,,,,,,,Agnes Tachyon,Late Surger,Debuffer,,,,,,,,Symboli Rudolf,Late Surger,Debuffer,,,,,,,,4 Attempts - 20 Races total,15,Day 2,,,,,,,,,,,,,,Re-use Day 1 - Team Comp 1 as Day 2 - Team Comp 1,,,,,,,,,,4 Attempts - 20 Races total,16,Go to Submit page,,,,,,,,,,,,,,,Re-use Day 2 - Team Comp 1 as Day 3 - Team Comp 1,A Group,,,,,,,,,,4 Attempts - 20 Races total,13,Go to Submit page,,,,,,,,,,,,,,,Re-use Day 3 - Team Comp 1 as Day 4 - Team Comp 1,A Group,,,,,,,,,,4 Attempts - 20 Races total,13,Go to Submit page,,,,,,,,,,,,,,,A Finals,,Re-use Day 4 - Team Comp 1 as Finals Team Comp,,,,,,,,,,,3rd,No (goes to Submit page),,,,,,,,,,,,,,,,,,,
8/14/2026 6:34:36,lordsavor,Graded (No Uma Restrictions),Win A finals with any uma,I accept these terms,Finals,Android - phone or tablet,$1-100,1012,21-30 (roughly 3-4 per day),Discord - MooMooCord - https://discord.gg/Hc7cP9GB,,Change the weekly career count to differentiate independent vs manual,Oguri Cap (Christmas),Pace Chaser,Ace built for this CM before CM start in Grand Concert scenario,2,1,,,2,1,,Nice Nature,Late Surger,Debuffer,1,,1,,3,1,,Mayano Top Gun (Wedding),Late Surger,Debuffer,1,,1,,3,1,,4 Attempts - 20 Races total,16,Go to Submit page,,,,,,,,,,,,,,Re-use Day 1 - Team Comp 1 as Day 2 - Team Comp 1,,,,,,,,,,4 Attempts - 20 Races total,19,Go to Submit page,,,,,,,,,,,,,,,Add new Team Comp as Day 3 - Team Comp 1,A Group,Oguri Cap (Christmas),Pace Chaser,Ace built for this CM before CM start in Grand Concert scenario,Grass Wonder,Late Surger,Debuffer,Eishin Flash (Valentine),Late Surger,Debuffer,4 Attempts - 20 Races total,15,Day 4,,,,,,,,,,,,,,,Re-use Day 3 - Team Comp 1 as Day 4 - Team Comp 1,A Group,,,,,,,,,,4 Attempts - 20 Races total,15,Go to Submit page,,,,,,,,,,,,,,,A Finals,14301,Re-use Day 4 - Team Comp 2 as Finals Team Comp,,,,,,,,,,https://drive.google.com/open?id=1l-ANWQJ-ozH1PbeEowAO3ErPRiEzSHc7,1st,,,,,,,,,,,,https://drive.google.com/open?id=1hlvxQ8NYSzctGCB399sYOUVVDS1WoJtc,https://drive.google.com/open?id=1oAQbgOjPpXw3LJGjbpZ63DIqC1YUeSLI,,,7,2,5,,https://drive.google.com/open?id=1nntK0R3pvYpcKeGsDTEwVL0fdF2srJzn
8/14/2026 11:16:23,rice,Graded (No Uma Restrictions),Win A finals with any uma,I accept these terms,Finals,Android - phone or tablet,$101-500,1513,11-20 (roughly 2-3 per day),"Discord - MooMooCord - https://discord.gg/Hc7cP9GB, YouTube - MooMooCows - https://www.youtube.com/@MooMooCows",5,,Oguri Cap (Christmas),Pace Chaser,Ace built for this CM before CM start in Grand Concert scenario,2,1,0,0,2,1,0,Agnes Tachyon,End Closer,Debuffer,1,0,1,0,2,1,1,Grass Wonder,End Closer,Debuffer,1,0,1,0,2,1,1,4 Attempts - 20 Races total,14,Go to Submit page,,,,,,,,,,,,,,Re-use Day 1 - Team Comp 1 as Day 2 - Team Comp 1,,,,,,,,,,4 Attempts - 20 Races total,13,Go to Submit page,,,,,,,,,,,,,,,Re-use Day 2 - Team Comp 1 as Day 3 - Team Comp 1,A Group,,,,,,,,,,4 Attempts - 20 Races total,14,Go to Submit page,,,,,,,,,,,,,,,Re-use Day 3 - Team Comp 1 as Day 4 - Team Comp 1,A Group,,,,,,,,,,4 Attempts - 20 Races total,11,Go to Submit page,,,,,,,,,,,,,,,A Finals,,Re-use Day 4 - Team Comp 1 as Finals Team Comp,,,,,,,,,,https://drive.google.com/open?id=1tBM0NMRsdb23Mqfw_kfo8oXAwaBEs_EP,1st,,,,,,,,,,,,,,,,,,,,
8/14/2026 10:49:56,ForestArdan,Graded (No Uma Restrictions),"Win A finals with ""oshi"" uma",I accept these terms,Day 3,"Android - phone or tablet, Windows",$0,924,31-45 (roughly 5-6 per day),Reddit - /r/umamusumeGame,4,,Mejiro Ardan,Pace Chaser,Ace built for this CM before CM start in Grand Concert scenario,3,1,0,0,1,1,0,Agnes Tachyon,Late Surger,Debuffer,2,1,1,0,2,0,0,Copano Rickey,Front Runner,Ace built for this CM before CM start in Grand Concert scenario,3,1,0,0,1,1,0,4 Attempts - 20 Races total,9,Go to Submit page,,,,,,,,,,,,,,Re-use Day 1 - Team Comp 1 as Day 2 - Team Comp 1,,,,,,,,,,1 Attempt - 5 Races total,1,Day 3,,,,,,,,,,,,,,,Re-use Day 2 - Team Comp 1 as Day 3 - Team Comp 1,A Group,,,,,,,,,,4 Attempts - 20 Races total,6,Go to Submit page,,,,,,,,,,,,,,,Re-use Day 3 - Team Comp 1 as Day 4 - Team Comp 1,A Group,,,,,,,,,,4 Attempts - 20 Races total,4,Finals,,,,,,,,,,,,,,,B Finals,2113,Re-use Day 4 - Team Comp 1 as Finals Team Comp,,,,,,,,,,https://drive.google.com/open?id=13ugCqcWxQ8QdHqcYhMQbiJHQMRINFDJQ,1st,,,,,,,,,,,,https://drive.google.com/open?id=1GDDyP-4ABJZ0joL1FdU6RP3_adOSorCM,https://drive.google.com/open?id=1ZWMe788xcDzc-rGs0uMdFADdz9G8yeSv,,0,16,0,0,0,https://drive.google.com/open?id=1sC6aHA-PeotOTQO8yw9ql6iHkXF7-Svq
8/14/2026 14:47:12,Mono,Graded (No Uma Restrictions),Get into A finals,I accept these terms,Finals,,$1-100,2223,31-45 (roughly 5-6 per day),,,,Oguri Cap (Christmas),Pace Chaser,Ace built for this CM before CM start in Grand Concert scenario,2,1,,,2,1,,Nice Nature,Late Surger,Debuffer,,,,,6,,,Super Creek (Halloween),End Closer,Debuffer,,,,,6,,,4 Attempts - 20 Races total,17,Go to Submit page,,,,,,,,,,,,,,Re-use Day 1 - Team Comp 1 as Day 2 - Team Comp 1,,,,,,,,,,4 Attempts - 20 Races total,13,Go to Submit page,,,,,,,,,,,,,,,Add new Team Comp as Day 3 - Team Comp 1,A Group,Oguri Cap (Christmas),Pace Chaser,Mid-CM Ace build in Grand Concert scenario,Grass Wonder,Late Surger,Debuffer,Eishin Flash (Valentine),Late Surger,Debuffer,4 Attempts - 20 Races total,12,Go to Submit page,,,,,,,,,,,,,,,Re-use Day 3 - Team Comp 1 as Day 4 - Team Comp 1,A Group,,,,,,,,,,4 Attempts - 20 Races total,16,Go to Submit page,,,,,,,,,,,,,,,A Finals,14567,Re-use Day 4 - Team Comp 1 as Finals Team Comp,,,,,,,,,,https://drive.google.com/open?id=1cSy97JaFx8a6yW2HWfwQgvVi2H_1bfHZ,1st,,,,,,,,,,,,https://drive.google.com/open?id=1gc9_VxWoS703Z79tMqqs_aP_z-6ST50A,https://drive.google.com/open?id=1SxqcySAWe8PT_LNSa2E4Pws20tK0Ijmm,,,12,,2,2,https://drive.google.com/open?id=1buaK5O2fTujm1Ecqdcd9nprl3ATRLz8Q
8/14/2026 9:42:15,GotNames,Graded (No Uma Restrictions),Get into A finals,I accept these terms,Finals,,,,,,,,Oguri Cap (Christmas),Pace Chaser,Ace built for this CM before CM start in Grand Concert scenario,2,0,1,0,2,1,0,Super Creek (Halloween),Late Surger,Debuffer,,,,,,,,Nice Nature,Late Surger,Debuffer,,,,,,,,4 Attempts - 20 Races total,18,Go to Submit page,,,,,,,,,,,,,,Re-use Day 1 - Team Comp 1 as Day 2 - Team Comp 1,,,,,,,,,,4 Attempts - 20 Races total,15,Go to Submit page,,,,,,,,,,,,,,,Re-use Day 2 - Team Comp 1 as Day 3 - Team Comp 1,A Group,,,,,,,,,,4 Attempts - 20 Races total,13,Go to Submit page,,,,,,,,,,,,,,,Re-use Day 3 - Team Comp 1 as Day 4 - Team Comp 1,A Group,,,,,,,,,,4 Attempts - 20 Races total,15,Go to Submit page,,,,,,,,,,,,,,,A Finals,11220,Re-use Day 4 - Team Comp 1 as Finals Team Comp,,,,,,,,,,https://drive.google.com/open?id=1CoaKHYfFmjeddD6YRb-IXq64OE0lnK0-,1st,,,,,,,,,,,"For I have become scum, the destroyer of fun",,,,0,11,5,0,0,
8/14/2026 12:11:37,LucasScarlet,Graded (No Uma Restrictions),Get into A finals,I accept these terms,Finals,Windows,$0,,21-30 (roughly 3-4 per day),"Twitch - MooMooCows - https://www.twitch.tv/moomoomoocows, YouTube - MooMooCows - https://www.youtube.com/@MooMooCows",5,,Oguri Cap (Christmas),Pace Chaser,Ace built for this CM before CM start in Grand Concert scenario,2,1,0,0,2,1,0,Agnes Tachyon,Late Surger,Debuffer,,,,,,,,Grass Wonder,Late Surger,Debuffer,,,,,,,,4 Attempts - 20 Races total,14,Go to Submit page,,,,,,,,,,,,,,Re-use Day 1 - Team Comp 1 as Day 2 - Team Comp 1,,,,,,,,,,4 Attempts - 20 Races total,12,Go to Submit page,,,,,,,,,,,,,,,Re-use Day 2 - Team Comp 1 as Day 3 - Team Comp 1,A Group,,,,,,,,,,4 Attempts - 20 Races total,8,Go to Submit page,,,,,,,,,,,,,,,Re-use Day 3 - Team Comp 1 as Day 4 - Team Comp 1,A Group,,,,,,,,,,4 Attempts - 20 Races total,10,Go to Submit page,,,,,,,,,,,,,,,A Finals,9124,Re-use Day 4 - Team Comp 1 as Finals Team Comp,,,,,,,,,,https://drive.google.com/open?id=1Laj7L2f6O_k0GDmNJJe3DrKATMfbPtyn,3rd,No (goes to Submit page),,,,,,,,,,,,,,,,,,,
8/15/2026 7:25:23,Kareka,Graded (No Uma Restrictions),Get into A finals,I accept these terms,Finals,Android - phone or tablet,$501-1000,754,11-20 (roughly 2-3 per day),Discord - MooMooCord - https://discord.gg/Hc7cP9GB,5,,Oguri Cap (Christmas),Pace Chaser,Ace built for this CM before CM start in Grand Concert scenario,3,0,1,0,1,1,0,Grass Wonder,Late Surger,Debuffer,2,0,0,0,3,1,0,Symboli Rudolf,Late Surger,Debuffer,2,0,0,0,3,1,0,4 Attempts - 20 Races total,9,Go to Submit page,,,,,,,,,,,,,,Re-use Day 1 - Team Comp 1 as Day 2 - Team Comp 1,,,,,,,,,,4 Attempts - 20 Races total,6,Day 3,,,,,,,,,,,,,,,Re-use Day 2 - Team Comp 1 as Day 3 - Team Comp 1,A Group,,,,,,,,,,4 Attempts - 20 Races total,7,Day 4,,,,,,,,,,,,,,,Re-use Day 3 - Team Comp 1 as Day 4 - Team Comp 1,A Group,,,,,,,,,,4 Attempts - 20 Races total,9,Go to Submit page,,,,,,,,,,,,,,,A Finals,4828,Re-use Day 4 - Team Comp 1 as Finals Team Comp,,,,,,,,,,https://drive.google.com/open?id=1D9Nk3-lpV9EGFokit_JiYhTR5b0Idg-N,2nd,No (goes to Submit page),,,,,,,,,,,,,,,,,,,
8/14/2026 20:08:00,a_kun97,Graded (No Uma Restrictions),Get into A finals,I accept these terms,Finals,Windows,$101-500,861,11-20 (roughly 2-3 per day),Discord - MooMooCord - https://discord.gg/Hc7cP9GB,5,,Agnes Digital,Late Surger,Ace built for this CM before CM start in Grand Concert scenario,2,1,0,0,2,1,0,Nice Nature,Late Surger,Debuffer,2,1,0,0,2,1,0,Mayano Top Gun (Wedding),Late Surger,Debuffer,2,1,0,0,2,1,0,1 Attempt - 5 Races total,0,Day 1 - Add 2nd Team,Agnes Digital,Late Surger,Ace built for this CM before CM start in Grand Concert scenario,Grass Wonder,Late Surger,Debuffer,Symboli Rudolf,Late Surger,Debuffer,3 Attempts - 15 Races total,10,2 teams,Go to Submit page,Re-use Day 1 - Team Comp 2 as Day 2 - Team Comp 1,,,,,,,,,,4 Attempts - 20 Races total,9,Go to Submit page,,,,,,,,,,,,,,,Re-use Day 2 - Team Comp 1 as Day 3 - Team Comp 1,A Group,,,,,,,,,,4 Attempts - 20 Races total,5,Go to Submit page,,,,,,,,,,,,,,,Re-use Day 3 - Team Comp 1 as Day 4 - Team Comp 1,A Group,,,,,,,,,,4 Attempts - 20 Races total,9,Go to Submit page,,,,,,,,,,,,,,,A Finals,8066,Re-use Day 4 - Team Comp 1 as Finals Team Comp,,,,,,,,,,https://drive.google.com/open?id=11gpuAQubeRJom4MdOnOz6ZRG8U4GPWUV,2nd,Yes,https://drive.google.com/open?id=11P1Hed7xoHw69NorqiI2PcLFpCZpnEc5,https://drive.google.com/open?id=1avhh3JRk1HXJEfban88PkT4WrMGCPplp,https://drive.google.com/open?id=1TsMIXCOcHztPiY5aP2cERUBCUivWd8ch,0,15,2,0,0,https://drive.google.com/open?id=1n98Dd0sZq1bhBM429--0ogUoB_1F7AIr,,,,,,,,,,
8/15/2026 0:33:28,BottlesMan,Graded (No Uma Restrictions),"Win A finals with ""oshi"" uma",I accept these terms,Finals,"Android - phone or tablet, Windows",$101-500,1125,31-45 (roughly 5-6 per day),"Discord - MooMooCord - https://discord.gg/Hc7cP9GB, Twitch - MooMooCows - https://www.twitch.tv/moomoomoocows",4,,Mihono Bourbon (Valentine),Front Runner,Ace built for this CM before CM start in Grand Concert scenario,3,1,0,0,1,1,0,Seiun Sky,Front Runner,Ace built for this CM before CM start in Grand Concert scenario,3,1,0,0,1,1,0,Grass Wonder,Late Surger,Debuffer,2,0,1,0,3,0,0,4 Attempts - 20 Races total,16,Go to Submit page,,,,,,,,,,,,,,Re-use Day 1 - Team Comp 1 as Day 2 - Team Comp 1,,,,,,,,,,4 Attempts - 20 Races total,10,Go to Submit page,,,,,,,,,,,,,,,Re-use Day 2 - Team Comp 1 as Day 3 - Team Comp 1,A Group,,,,,,,,,,4 Attempts - 20 Races total,6,Go to Submit page,,,,,,,,,,,,,,,Re-use Day 3 - Team Comp 1 as Day 4 - Team Comp 1,A Group,,,,,,,,,,4 Attempts - 20 Races total,14,Go to Submit page,,,,,,,,,,,,,,,A Finals,7438,Re-use Day 4 - Team Comp 1 as Finals Team Comp,,,,,,,,,,https://drive.google.com/open?id=1qu4GGWTgUO1mYVULt6P7y6HOc3Zfh8vK,1st,,,,,,,,,,,The Sky still shines after the hardest battles!,https://drive.google.com/open?id=10KYT3X3dDZPsCzNe6XwCMxbNBJldFtvq,https://drive.google.com/open?id=1EaKddr0Y_MYnxxsBcZTmY-xYIPqV3f_S,,0,7,8,0,0,https://drive.google.com/open?id=1GhoG4SknA0RkNowqya64L6aSN1fIVQS0
8/14/2026 10:14:18,Mintylicious,Graded (No Uma Restrictions),Get into A finals,I accept these terms,Finals,"Android - phone or tablet, Windows",$1-100,1801,31-45 (roughly 5-6 per day),Discord - MooMooCord - https://discord.gg/Hc7cP9GB,5,,Oguri Cap (Christmas),Pace Chaser,Ace built for this CM before CM start in Grand Concert scenario,2,1,,,2,1,,Eishin Flash (Valentine),End Closer,Debuffer,,,,,,,,Symboli Rudolf,End Closer,Debuffer,,,,,,,,4 Attempts - 20 Races total,15,Go to Submit page,,,,,,,,,,,,,,Re-use Day 1 - Team Comp 1 as Day 2 - Team Comp 1,,,,,,,,,,4 Attempts - 20 Races total,18,Go to Submit page,,,,,,,,,,,,,,,Re-use Day 2 - Team Comp 1 as Day 3 - Team Comp 1,A Group,,,,,,,,,,4 Attempts - 20 Races total,14,Go to Submit page,,,,,,,,,,,,,,,Re-use Day 3 - Team Comp 1 as Day 4 - Team Comp 1,A Group,,,,,,,,,,4 Attempts - 20 Races total,15,Go to Submit page,,,,,,,,,,,,,,,A Finals,15685,Re-use Day 4 - Team Comp 1 as Finals Team Comp,,,,,,,,,,https://drive.google.com/open?id=1dWKnQ4EfNvv22_Wt_TIDH3l4NX93TFFC,1st,,,,,,,,,,,,,,,,,,,,
8/14/2026 10:22:57,qqey,Graded (No Uma Restrictions),Win A finals with any uma,I accept these terms,Finals,iOS - phone or tablet,$501-1000,1287,21-30 (roughly 3-4 per day),"Discord - MooMooCord - https://discord.gg/Hc7cP9GB, Twitch - MooMooCows - https://www.twitch.tv/moomoomoocows, YouTube - MooMooCows - https://www.youtube.com/@MooMooCows",,,Copano Rickey,Front Runner,Ace built for this CM before CM start in Grand Concert scenario,3,1,0,0,1,1,0,Smart Falcon (Grand Concert),Front Runner,Ace built for this CM before CM start in Grand Concert scenario,2,1,0,0,2,1,0,Oguri Cap (Christmas),Pace Chaser,Ace built for this CM before CM start in Grand Concert scenario,2,0,1,0,2,1,0,4 Attempts - 20 Races total,16,Go to Submit page,,,,,,,,,,,,,,Re-use Day 1 - Team Comp 1 as Day 2 - Team Comp 1,,,,,,,,,,4 Attempts - 20 Races total,15,Go to Submit page,,,,,,,,,,,,,,,Re-use Day 2 - Team Comp 1 as Day 3 - Team Comp 1,A Group,,,,,,,,,,4 Attempts - 20 Races total,8,Go to Submit page,,,,,,,,,,,,,,,Re-use Day 3 - Team Comp 1 as Day 4 - Team Comp 1,A Group,,,,,,,,,,4 Attempts - 20 Races total,14,Go to Submit page,,,,,,,,,,,,,,,A Finals,14446,Re-use Day 4 - Team Comp 1 as Finals Team Comp,,,,,,,,,,https://drive.google.com/open?id=1GVGjl7lioGl9u9BuMf5NaBZHz7gbQez7,1st,,,,,,,,,,,,https://drive.google.com/open?id=173R5xbaIl5bPs_9l3yGNx3-3ehrpnd2p,https://drive.google.com/open?id=1i1ytUe8oh-hRrHFDu1HOQTzimJlqbpZf,,0,11,6,0,0,https://drive.google.com/open?id=16TaWMWwmThcsBaWRxroDr0iekQJZF8Oq
8/14/2026 17:00:34,universerene,Graded (No Uma Restrictions),Get into B finals,I accept these terms,Day 1,Windows,$0,982,21-30 (roughly 3-4 per day),Discord - MooMooCord - https://discord.gg/Hc7cP9GB,5,,Agnes Digital,Late Surger,Ace built for this CM before CM start in Grand Concert scenario,3,1,,,1,,,Grass Wonder,Late Surger,Debuffer,1,,,,6,,,Agnes Tachyon,Front Runner,Debuffer,1,,,,5,,,2 Attempts - 10 Races total,5,Day 2,,,,,,,,,,,,,,Re-use Day 1 - Team Comp 1 as Day 2 - Team Comp 1,,,,,,,,,,2 Attempts - 10 Races total,3,Day 3,,,,,,,,,,,,,,,Re-use Day 2 - Team Comp 1 as Day 3 - Team Comp 1,A Group,,,,,,,,,,4 Attempts - 20 Races total,4,Day 4,,,,,,,,,,,,,,,Re-use Day 3 - Team Comp 1 as Day 4 - Team Comp 1,A Group,,,,,,,,,,4 Attempts - 20 Races total,8,Finals,,,,,,,,,,,,,,,A Finals,,Re-use Day 4 - Team Comp 1 as Finals Team Comp,,,,,,,,,,https://drive.google.com/open?id=10CnJQjajd2iQhIYZ8jvMjIfvpfIIaMxG,3rd,No (goes to Submit page),,,,,,,,,,,,,,,,,,,
8/14/2026 6:00:01,Dyath,Graded (No Uma Restrictions),Win A finals with any uma,I accept these terms,Finals,Windows,$101-500,1667,46+ (more than 6 per day),Twitch - MooMooCows - https://www.twitch.tv/moomoomoocows,5,,Oguri Cap,Late Surger,Ace built for this CM before CM start in Grand Concert scenario,3,0,0,0,2,1,0,Agnes Tachyon,End Closer,Debuffer,1,2,0,0,3,0,0,Grass Wonder,End Closer,Debuffer,1,2,0,0,3,0,0,4 Attempts - 20 Races total,13,Go to Submit page,,,,,,,,,,,,,,Re-use Day 1 - Team Comp 1 as Day 2 - Team Comp 1,,,,,,,,,,4 Attempts - 20 Races total,17,Go to Submit page,,,,,,,,,,,,,,,Re-use Day 2 - Team Comp 1 as Day 3 - Team Comp 1,A Group,,,,,,,,,,4 Attempts - 20 Races total,13,Go to Submit page,,,,,,,,,,,,,,,Re-use Day 3 - Team Comp 1 as Day 4 - Team Comp 1,A Group,,,,,,,,,,4 Attempts - 20 Races total,12,Go to Submit page,,,,,,,,,,,,,,,A Finals,13670,Re-use Day 4 - Team Comp 1 as Finals Team Comp,,,,,,,,,,https://drive.google.com/open?id=1xIOb7V5Hy-EdtOipK1TK7HKUm_dJo9p6,1st,,,,,,,,,,,,https://drive.google.com/open?id=1zAjZvVJEesn3W6l9leWB3KAbobxEeRet,https://drive.google.com/open?id=1IpfNIh2IHnSoSKZC7VZjhwzUGLAEvLmN,,0,17,0,0,0,https://drive.google.com/open?id=1_4tGfJwrWk_H9IEySbT8MyDic1JUjsUm
8/14/2026 11:08:06,Pokedude,Graded (No Uma Restrictions),Get into A finals,I accept these terms,Finals,"Android - phone or tablet, Windows",$0,1793,31-45 (roughly 5-6 per day),Discord - MooMooCord - https://discord.gg/Hc7cP9GB,5,,Agnes Digital,Late Surger,Ace built for this CM before CM start in Grand Concert scenario,2,1,0,0,2,1,0,Mayano Top Gun,Late Surger,Ace built for this CM before CM start in Grand Concert scenario,3,0,0,0,2,1,0,Eishin Flash,Late Surger,Ace built for this CM before CM start in Grand Concert scenario,3,0,0,0,2,1,0,4 Attempts - 20 Races total,14,Go to Submit page,,,,,,,,,,,,,,Re-use Day 1 - Team Comp 1 as Day 2 - Team Comp 1,,,,,,,,,,4 Attempts - 20 Races total,14,Go to Submit page,,,,,,,,,,,,,,,Re-use Day 2 - Team Comp 1 as Day 3 - Team Comp 1,A Group,,,,,,,,,,4 Attempts - 20 Races total,4,Go to Submit page,,,,,,,,,,,,,,,Re-use Day 3 - Team Comp 1 as Day 4 - Team Comp 1,A Group,,,,,,,,,,4 Attempts - 20 Races total,9,Go to Submit page,,,,,,,,,,,,,,,B Finals,7264,Re-use Day 4 - Team Comp 1 as Finals Team Comp,,,,,,,,,,https://drive.google.com/open?id=1roB4qpj4CcMcmLZqDvL0g3Puzo6qs_vs,1st,,,,,,,,,,,,https://drive.google.com/open?id=1ImWmSKomGk2ZaCdsZ8PU7UbnKNio-9ve,https://drive.google.com/open?id=17IdIHAt4qMgGIWze47e6RFX5GIViE5Xx,,6,5,6,,,https://drive.google.com/open?id=1-g5A88Dw8IXxzrD5SNGNHa11vC3CIcwU
8/14/2026 6:58:44,Xyba,Graded (No Uma Restrictions),Win A finals with any uma,I accept these terms,Finals,Windows,$1-100,1428,21-30 (roughly 3-4 per day),Discord - MooMooCord - https://discord.gg/Hc7cP9GB,5,,Mayano Top Gun,Front Runner,Ace built for this CM before CM start in Grand Concert scenario,3,0,0,0,2,1,0,Copano Rickey,Front Runner,Ace built for this CM before CM start in Grand Concert scenario,3,1,0,0,1,1,0,Oguri Cap (Christmas),Pace Chaser,Ace built for this CM before CM start in Grand Concert scenario,2,0,0,0,3,1,0,4 Attempts - 20 Races total,15,Go to Submit page,,,,,,,,,,,,,,Add new Team Comp as Day 2 - Team Comp 1,Mayano Top Gun,Front Runner,Ace built for this CM before CM start in Grand Concert scenario,Copano Rickey,Front Runner,Ace built for this CM before CM start in Grand Concert scenario,Grass Wonder,Late Surger,Debuffer,4 Attempts - 20 Races total,19,Go to Submit page,,,,,,,,,,,,,,,Re-use Day 2 - Team Comp 1 as Day 3 - Team Comp 1,A Group,,,,,,,,,,4 Attempts - 20 Races total,18,Go to Submit page,,,,,,,,,,,,,,,Re-use Day 3 - Team Comp 1 as Day 4 - Team Comp 1,A Group,,,,,,,,,,4 Attempts - 20 Races total,15,Go to Submit page,,,,,,,,,,,,,,,A Finals,9999,Re-use Day 4 - Team Comp 1 as Finals Team Comp,,,,,,,,,,https://drive.google.com/open?id=1z1VBu6FeukDYRSDwYCS02-EJeooJasSF,1st,,,,,,,,,,,,,,,,,,,,
8/12/2026 17:19:28,Earthwork@Jim,Graded (No Uma Restrictions),"Win A finals with ""oshi"" uma",I accept these terms,Day 4,Windows,$501-1000,1168,11-20 (roughly 2-3 per day),Discord - MooMooCord - https://discord.gg/Hc7cP9GB,5,Allow individual win-rates to be inputted,Copano Rickey,Late Surger,GL Ace + dueling enabler,2,1,,,2,1,,Agnes Tachyon,Front Runner,Debuffer,2,1,,,3,,,Inari One,Late Surger,Ace built for this CM before CM start in Grand Concert scenario,2,1,,,2,,,4 Attempts - 20 Races total,17,Go to Submit page,,,,,,,,,,,,,,Re-use Day 1 - Team Comp 1 as Day 2 - Team Comp 1,,,,,,,,,,4 Attempts - 20 Races total,16,Go to Submit page,,,,,,,,,,,,,,,Re-use Day 2 - Team Comp 1 as Day 3 - Team Comp 1,A Group,,,,,,,,,,4 Attempts - 20 Races total,13,Go to Submit page,,,,,,,,,,,,,,,Re-use Day 3 - Team Comp 1 as Day 4 - Team Comp 1,A Group,,,,,,,,,,4 Attempts - 20 Races total,14,Go to Submit page,,,,,,,,,,,,,,,,,,,,,,,,,,,,,,,,,,,,,,,,,,,,,,,,
8/14/2026 11:33:31,Holic,Graded (No Uma Restrictions),Get into A finals,I accept these terms,Finals,"Android - phone or tablet, Windows",$0,797,11-20 (roughly 2-3 per day),Discord - MooMooCord - https://discord.gg/Hc7cP9GB,5,"For Careers per day, maybe it's better to separate manual runs vs independent runs or just ask people to only count manual runs.",Mejiro McQueen,Pace Chaser,Ace built for this CM before CM start in Grand Concert scenario,3,1,,,1,1,,Smart Falcon,Front Runner,Ace built for this CM before CM start in Grand Concert scenario,2,1,,,2,1,,Agnes Digital,Late Surger,Ace built for this CM before CM start in Grand Concert scenario,3,1,,,1,1,,4 Attempts - 20 Races total,11,Go to Submit page,,,,,,,,,,,,,,Re-use Day 1 - Team Comp 1 as Day 2 - Team Comp 1,,,,,,,,,,4 Attempts - 20 Races total,7,Go to Submit page,,,,,,,,,,,,,,,Re-use Day 2 - Team Comp 1 as Day 3 - Team Comp 1,A Group,,,,,,,,,,4 Attempts - 20 Races total,4,Go to Submit page,,,,,,,,,,,,,,,Re-use Day 3 - Team Comp 1 as Day 4 - Team Comp 1,A Group,,,,,,,,,,4 Attempts - 20 Races total,6,Go to Submit page,,,,,,,,,,,,,,,B Finals,,Re-use Day 4 - Team Comp 1 as Finals Team Comp,,,,,,,,,,,2nd,No (goes to Submit page),,,,,,,,,,,,,,,,,,,
8/14/2026 12:00:02,HawkkVince,Graded (No Uma Restrictions),Win A finals with any uma,I accept these terms,Finals,,$5000+,756,6-10 (roughly 1 per day),,,,Oguri Cap (Christmas),Pace Chaser,Ace built for this CM before CM start in Grand Concert scenario,2,1,,,2,1,,Nice Nature,Late Surger,Debuffer,,,,,,,,Mayano Top Gun (Wedding),End Closer,Debuffer,,,,,,,,4 Attempts - 20 Races total,15,Go to Submit page,,,,,,,,,,,,,,Re-use Day 1 - Team Comp 1 as Day 2 - Team Comp 1,,,,,,,,,,4 Attempts - 20 Races total,18,Go to Submit page,,,,,,,,,,,,,,,Add new Team Comp as Day 3 - Team Comp 1,A Group,Oguri Cap (Christmas),Pace Chaser,Ace built for this CM before CM start in Grand Concert scenario,Grass Wonder,Late Surger,Debuffer,Symboli Rudolf,End Closer,Debuffer,4 Attempts - 20 Races total,17,Go to Submit page,,,,,,,,,,,,,,,Re-use Day 3 - Team Comp 2 as Day 4 - Team Comp 1,A Group,,,,,,,,,,4 Attempts - 20 Races total,14,Go to Submit page,,,,,,,,,,,,,,,A Finals,,Re-use Day 4 - Team Comp 2 as Finals Team Comp,,,,,,,,,,,1st,,,,,,,,,,,,,,,,,,,,
8/14/2026 9:01:07,kasteai,Graded (No Uma Restrictions),Collect participation rewards,I accept these terms,Finals,,$1-100,,11-20 (roughly 2-3 per day),,,,Oguri Cap (Christmas),Pace Chaser,Ace built for this CM before CM start in Grand Concert scenario,,,,,,,,Grass Wonder,End Closer,Debuffer,,,,,,,,Agnes Tachyon,End Closer,Debuffer,,,,,,,,4 Attempts - 20 Races total,13,Go to Submit page,,,,,,,,,,,,,,Re-use Day 1 - Team Comp 1 as Day 2 - Team Comp 1,,,,,,,,,,4 Attempts - 20 Races total,16,Go to Submit page,,,,,,,,,,,,,,,Re-use Day 2 - Team Comp 1 as Day 3 - Team Comp 1,A Group,,,,,,,,,,4 Attempts - 20 Races total,9,Go to Submit page,,,,,,,,,,,,,,,Re-use Day 3 - Team Comp 1 as Day 4 - Team Comp 1,A Group,,,,,,,,,,4 Attempts - 20 Races total,11,Go to Submit page,,,,,,,,,,,,,,,A Finals,7418,Re-use Day 4 - Team Comp 1 as Finals Team Comp,,,,,,,,,,https://drive.google.com/open?id=1912gHCvZXelQHcvDtgV_9wxghqD8jXx1,1st,,,,,,,,,,,,,,,,,,,,
8/14/2026 20:01:11,Whatsthis,Graded (No Uma Restrictions),Win A finals with any uma,I accept these terms,Finals,"Android - phone or tablet, Windows",$1001-5000,1950,11-20 (roughly 2-3 per day),Twitch - MooMooCows - https://www.twitch.tv/moomoomoocows,,,Oguri Cap (Christmas),Pace Chaser,Ace built for this CM before CM start in Grand Concert scenario,2,1,0,0,2,1,,Nice Nature,Late Surger,Debuffer,,,,,,,,Super Creek (Halloween),Late Surger,Debuffer,,,,,,,,4 Attempts - 20 Races total,16,Go to Submit page,,,,,,,,,,,,,,Add new Team Comp as Day 2 - Team Comp 1,Eishin Flash (Valentine),Late Surger,Debuffer,Grass Wonder,Late Surger,Debuffer,Oguri Cap (Christmas),Pace Chaser,Ace built for this CM before CM start in Grand Concert scenario,4 Attempts - 20 Races total,18,Go to Submit page,,,,,,,,,,,,,,,Re-use Day 2 - Team Comp 1 as Day 3 - Team Comp 1,A Group,,,,,,,,,,4 Attempts - 20 Races total,15,Go to Submit page,,,,,,,,,,,,,,,Re-use Day 3 - Team Comp 1 as Day 4 - Team Comp 1,A Group,,,,,,,,,,4 Attempts - 20 Races total,14,Go to Submit page,,,,,,,,,,,,,,,A Finals,14080,Re-use Day 4 - Team Comp 1 as Finals Team Comp,,,,,,,,,,https://drive.google.com/open?id=18Do1pn5ZlqkBNF6TE9g58Ew07KztQ3Hf,1st,,,,,,,,,,,,https://drive.google.com/open?id=1DSe8WAF481O0GymhfC1NJVARAiuu3sgv,https://drive.google.com/open?id=1Pis-Lxr73ZXHdsrtpgLngA4FMrdDKwcn,,3,5,8,0,0,https://drive.google.com/open?id=10wtoHGxuYAzQhgv1_RcT8dBMKANIbBZS
8/14/2026 12:11:15,Sirrah,Graded (No Uma Restrictions),Get into A finals,I accept these terms,Finals,Windows,$1-100,1026,21-30 (roughly 3-4 per day),Discord - MooMooCord - https://discord.gg/Hc7cP9GB,,,Mayano Top Gun,Pace Chaser,Ace built for this CM before CM start in Grand Concert scenario,2,1,0,0,2,1,0,Nice Nature,Late Surger,Debuffer,0,2,1,0,3,0,0,Super Creek (Halloween),Late Surger,Debuffer,0,2,1,0,3,0,0,4 Attempts - 20 Races total,9,Go to Submit page,,,,,,,,,,,,,,Re-use Day 1 - Team Comp 1 as Day 2 - Team Comp 1,,,,,,,,,,4 Attempts - 20 Races total,12,Go to Submit page,,,,,,,,,,,,,,,Re-use Day 2 - Team Comp 1 as Day 3 - Team Comp 1,A Group,,,,,,,,,,4 Attempts - 20 Races total,6,Go to Submit page,,,,,,,,,,,,,,,Re-use Day 3 - Team Comp 1 as Day 4 - Team Comp 1,A Group,,,,,,,,,,4 Attempts - 20 Races total,7,Go to Submit page,,,,,,,,,,,,,,,A Finals,5699,Re-use Day 4 - Team Comp 1 as Finals Team Comp,,,,,,,,,,https://drive.google.com/open?id=1wcb8FENL0rXhbZceoYJhK2KnYa8ELW5r,1st,,,,,,,,,,,Mayano carried me to 2nd plat,https://drive.google.com/open?id=1rkgCKOSBhivt1Qpl8AuMz8M23wy-AvVx,https://drive.google.com/open?id=1OVL8kqlzMSVmBWYdT-R-eUCZE9QFZFP_,,0,12,0,1,0,https://drive.google.com/open?id=1mUW3gUdYVvpvMM4oVb13p8xQy9kxuCSF
8/11/2026 8:30:10,Bunkeronii,Graded (No Uma Restrictions),"Win A finals with ""oshi"" uma",I accept these terms,Day 3,Windows,$0,1087,11-20 (roughly 2-3 per day),,,,Daiwa Scarlet,Pace Chaser,Ace built for this CM before CM start in Grand Concert scenario,,,,,,,,Oguri Cap (Christmas),Pace Chaser,Ace built for this CM before CM start in Grand Concert scenario,,,,,,,,Nice Nature,Late Surger,Debuffer,,,,,,,,3 Attempts - 15 Races total,7,Go to Submit page,,,,,,,,,,,,,,,,,,,,,,,,,,,,,,,,,,,,,,,,,Add new Team Comp as Day 3 - Team Comp 1,A Group,Daiwa Scarlet,Pace Chaser,Mid-CM Ace build in Grand Concert scenario,Oguri Cap (Christmas),Pace Chaser,Ace built for this CM before CM start in Grand Concert scenario,Agnes Tachyon,Late Surger,Debuffer,3 Attempts - 15 Races total,5,Go to Submit page,,,,,,,,,,,,,,,,,,,,,,,,,,,,,,,,,,,,,,,,,,,,,,,,,,,,,,,,,,,,,,,,,,,,,,,,,,,,
8/14/2026 9:55:14,awdzzz,Graded (No Uma Restrictions),"Win A finals with ""oshi"" uma",I accept these terms,Day 3,Windows,$0,1692,31-45 (roughly 5-6 per day),"Discord - MooMooCord - https://discord.gg/Hc7cP9GB, Twitch - MooMooCows - https://www.twitch.tv/moomoomoocows",4,,Haru Urara,Late Surger,Ace built for this CM before CM start in Grand Concert scenario,2,1,0,0,2,1,0,Agnes Tachyon,End Closer,Debuffer,1,1,1,1,2,0,0,Grass Wonder,Late Surger,Debuffer,1,1,1,0,3,0,0,4 Attempts - 20 Races total,5,Go to Submit page,,,,,,,,,,,,,,Add new Team Comp as Day 2 - Team Comp 1,Haru Urara,Late Surger,Mid-CM Ace build in Grand Concert scenario,Agnes Tachyon,End Closer,Debuffer,Grass Wonder,Late Surger,Debuffer,1 Attempt - 5 Races total,1,Day 2 - Add 2nd Team,Add new Team Comp as Day 2 - Team Comp 2,Haru Urara,Late Surger,Ace built for this CM before CM start in Grand Concert scenario,Agnes Tachyon,End Closer,Debuffer,Grass Wonder,Late Surger,Debuffer,3 Attempts - 15 Races total,6,2 teams,Day 3,Re-use Day 2 - Team Comp 1 as Day 3 - Team Comp 1,A Group,,,,,,,,,,1 Attempt - 5 Races total,0,Day 3 - Add 2nd Team,Re-use Day 2 - Team Comp 2 as Day 3 - Team Comp 2,,,,,,,,,,3 Attempts - 15 Races total,6,2 teams,Day 4,Re-use Day 3 - Team Comp 2 as Day 4 - Team Comp 1,A Group,,,,,,,,,,4 Attempts - 20 Races total,7,Finals,,,,,,,,,,,,,,,B Finals,3095,Re-use Day 4 - Team Comp 2 as Finals Team Comp,,,,,,,,,,https://drive.google.com/open?id=1462fmOCiDLsLqOo2O1avRm7RlVOY1jeV,1st,,,,,,,,,,,,https://drive.google.com/open?id=18u2u-qJQQmQfiIMV0GjSfQxeMC8Arwtk,https://drive.google.com/open?id=1lDT7eAnHjudQkcxNnO_S_jUHtI6oqcU9,,3,9,2,0,0,https://drive.google.com/open?id=1TOPnOP3d42iOfRchMBmIfbO-IHpNrAwd
8/14/2026 5:08:41,Hypek,Graded (No Uma Restrictions),Win A finals with any uma,I accept these terms,Finals,iOS - phone or tablet,$1-100,1142,,YouTube - MooMooCows - https://www.youtube.com/@MooMooCows,5,,Copano Rickey,Front Runner,Ace built for this CM before CM start in Grand Concert scenario,2,1,0,0,2,1,0,Seiun Sky,Front Runner,Ace built for this CM before CM start in Grand Concert scenario,2,1,0,0,2,1,0,Grass Wonder,End Closer,Debuffer,1,0,0,0,5,0,0,4 Attempts - 20 Races total,18,Go to Submit page,,,,,,,,,,,,,,Re-use Day 1 - Team Comp 1 as Day 2 - Team Comp 1,,,,,,,,,,4 Attempts - 20 Races total,17,Go to Submit page,,,,,,,,,,,,,,,Re-use Day 2 - Team Comp 1 as Day 3 - Team Comp 1,A Group,,,,,,,,,,4 Attempts - 20 Races total,12,Go to Submit page,,,,,,,,,,,,,,,Re-use Day 3 - Team Comp 1 as Day 4 - Team Comp 1,A Group,,,,,,,,,,4 Attempts - 20 Races total,14,Go to Submit page,,,,,,,,,,,,,,,A Finals,10674,Re-use Day 4 - Team Comp 1 as Finals Team Comp,,,,,,,,,,https://drive.google.com/open?id=1SlFxJ7nYO98PUQxNULmizPY1APrHgLxp,2nd,No (goes to Submit page),,,,,,,,,,,,,,,,,,,
8/14/2026 5:48:34,iZallen,Graded (No Uma Restrictions),Get into A finals,I accept these terms,Finals,Windows,$501-1000,1100,21-30 (roughly 3-4 per day),,,,Oguri Cap (Christmas),Pace Chaser,Ace built for this CM before CM start in Grand Concert scenario,3,1,0,0,1,1,,Grass Wonder,Late Surger,Debuffer,,,,,,,,Symboli Rudolf,Late Surger,Debuffer,,,,,,,,4 Attempts - 20 Races total,16,Go to Submit page,,,,,,,,,,,,,,Re-use Day 1 - Team Comp 1 as Day 2 - Team Comp 1,,,,,,,,,,4 Attempts - 20 Races total,14,Go to Submit page,,,,,,,,,,,,,,,Re-use Day 2 - Team Comp 1 as Day 3 - Team Comp 1,A Group,,,,,,,,,,4 Attempts - 20 Races total,14,Go to Submit page,,,,,,,,,,,,,,,Add a new Team Comp as Day 4 - Team Comp 1,A Group,Copano Rickey,Front Runner,Ace built for this CM before CM start in Grand Concert scenario,Grass Wonder,Late Surger,Debuffer,Symboli Rudolf,Late Surger,Debuffer,4 Attempts - 20 Races total,14,Go to Submit page,,,,,,,,,,,,,,,A Finals,12854,Add new Team Comp as Finals Team Comp,Oguri Cap (Christmas),Pace Chaser,Ace built for this CM before CM start in Grand Concert scenario,Grass Wonder,Late Surger,Debuffer,Symboli Rudolf,Late Surger,Debuffer,https://drive.google.com/open?id=18LliU4e4EQKZlWUctslspeuhiUGK0AV0,1st,,,,,,,,,,,,,,,4,9,3,0,0,
8/9/2026 12:54:43,Falkyn,Graded (No Uma Restrictions),Win A finals with any uma,I accept these terms,Day 1,"Android - phone or tablet, Windows",$101-500,929,0-5 (less than 1 per day),Twitch - MooMooCows - https://www.twitch.tv/moomoomoocows,5,,Oguri Cap (Christmas),Pace Chaser,Ace built for this CM before CM start in Grand Concert scenario,3,0,0,0,2,1,0,Agnes Tachyon,End Closer,Debuffer,1,1,0,0,4,0,0,Grass Wonder,End Closer,Debuffer,1,1,0,0,4,0,0,4 Attempts - 20 Races total,18,Go to Submit page,,,,,,,,,,,,,,,,,,,,,,,,,,,,,,,,,,,,,,,,,,,,,,,,,,,,,,,,,,,,,,,,,,,,,,,,,,,,,,,,,,,,,,,,,,,,,,,,,,,,,,,,,,,,,,,,,,,,,,,,,,,,,,,,,,
8/9/2026 12:54:46,Bronzeblade,Graded (No Uma Restrictions),Get into A finals,I accept these terms,Day 1,,,,,,,,Oguri Cap (Christmas),Pace Chaser,Ace built for this CM before CM start in Grand Concert scenario,,,,,,,,Nice Nature,Late Surger,Debuffer,,,,,,,,Mayano Top Gun (Wedding),Front Runner,Debuffer,,,,,,,,4 Attempts - 20 Races total,18,Go to Submit page,,,,,,,,,,,,,,,,,,,,,,,,,,,,,,,,,,,,,,,,,,,,,,,,,,,,,,,,,,,,,,,,,,,,,,,,,,,,,,,,,,,,,,,,,,,,,,,,,,,,,,,,,,,,,,,,,,,,,,,,,,,,,,,,,,
8/12/2026 11:20:28,hamster,Graded (No Uma Restrictions),"Win A finals with ""oshi"" uma",I accept these terms,Day 4,"Android - phone or tablet, Windows",$0,,11-20 (roughly 2-3 per day),Discord - MooMooCord - https://discord.gg/Hc7cP9GB,,,Matikanefukukitaru (Full Armor),Late Surger,Ace built for this CM before CM start in Grand Concert scenario,,,,,,,,Oguri Cap (Christmas),Pace Chaser,Ace built for this CM before CM start in Grand Concert scenario,,,,,,,,Grass Wonder,Late Surger,Debuffer,,,,,,,,4 Attempts - 20 Races total,15,Go to Submit page,,,,,,,,,,,,,,Re-use Day 1 - Team Comp 1 as Day 2 - Team Comp 1,,,,,,,,,,4 Attempts - 20 Races total,16,Go to Submit page,,,,,,,,,,,,,,,Re-use Day 2 - Team Comp 1 as Day 3 - Team Comp 1,A Group,,,,,,,,,,4 Attempts - 20 Races total,14,Go to Submit page,,,,,,,,,,,,,,,Re-use Day 3 - Team Comp 1 as Day 4 - Team Comp 1,A Group,,,,,,,,,,4 Attempts - 20 Races total,15,Go to Submit page,,,,,,,,,,,,,,,,,,,,,,,,,,,,,,,,,,,,,,,,,,,,,,,,
8/10/2026 10:12:34,Wud,Graded (No Uma Restrictions),"Win A finals with ""oshi"" uma",I accept these terms,Day 2,Windows,$101-500,,46+ (more than 6 per day),Discord - MooMooCord - https://discord.gg/Hc7cP9GB,2,,Special Week,Late Surger,Ace built for this CM before CM start in Grand Concert scenario,3,,,,2,1,,Oguri Cap (Christmas),Pace Chaser,Ace built for this CM before CM start in Grand Concert scenario,2,1,,,2,1,,Grass Wonder,Pace Chaser,Blocker/Overtake target/Throwaway/Niche role,2,,,,2,1,,4 Attempts - 20 Races total,16,Go to Submit page,,,,,,,,,,,,,,Re-use Day 1 - Team Comp 1 as Day 2 - Team Comp 1,,,,,,,,,,4 Attempts - 20 Races total,17,Go to Submit page,,,,,,,,,,,,,,,,,,,,,,,,,,,,,,,,,,,,,,,,,,,,,,,,,,,,,,,,,,,,,,,,,,,,,,,,,,,,,,,,,,,,,,,,,,,,,,,,,,,,,,,,
8/10/2026 5:33:07,HQ,Graded (No Uma Restrictions),Get into A finals,I accept these terms,Day 2,Android - phone or tablet,$0,730,6-10 (roughly 1 per day),"Discord - MooMooCord - https://discord.gg/Hc7cP9GB, YouTube - MooMooCows - https://www.youtube.com/@MooMooCows",,,Smart Falcon,Front Runner,Ace built for this CM before CM start in Grand Concert scenario,2,1,0,0,2,1,0,Copano Rickey,Front Runner,Ace built for this CM before CM start in Grand Concert scenario,2,1,0,0,2,1,,Agnes Tachyon,End Closer,Debuffer,1,,1,,3,1,,4 Attempts - 20 Races total,19,Go to Submit page,,,,,,,,,,,,,,Re-use Day 1 - Team Comp 1 as Day 2 - Team Comp 1,,,,,,,,,,4 Attempts - 20 Races total,15,Go to Submit page,,,,,,,,,,,,,,,,,,,,,,,,,,,,,,,,,,,,,,,,,,,,,,,,,,,,,,,,,,,,,,,,,,,,,,,,,,,,,,,,,,,,,,,,,,,,,,,,,,,,,,,,
8/12/2026 10:35:06,FonkTheHorse,Graded (No Uma Restrictions),Get into A finals,I accept these terms,Day 4,"Android - phone or tablet, Windows",$1-100,1502,46+ (more than 6 per day),Twitch - MooMooCows - https://www.twitch.tv/moomoomoocows,3,,Oguri Cap (Christmas),Pace Chaser,Ace built for this CM before CM start in Grand Concert scenario,2,,1,,2,1,,Nice Nature,Late Surger,Debuffer,,,,,,,,Mayano Top Gun (Wedding),Late Surger,Debuffer,,,,,,,,4 Attempts - 20 Races total,18,Go to Submit page,,,,,,,,,,,,,,Add new Team Comp as Day 2 - Team Comp 1,Oguri Cap (Christmas),Pace Chaser,Ace built for this CM before CM start in Grand Concert scenario,Eishin Flash (Valentine),End Closer,Debuffer,Grass Wonder,End Closer,Debuffer,4 Attempts - 20 Races total,19,Go to Submit page,,,,,,,,,,,,,,,Re-use Day 2 - Team Comp 1 as Day 3 - Team Comp 1,A Group,,,,,,,,,,4 Attempts - 20 Races total,13,Go to Submit page,,,,,,,,,,,,,,,Re-use Day 3 - Team Comp 1 as Day 4 - Team Comp 1,A Group,,,,,,,,,,4 Attempts - 20 Races total,12,Go to Submit page,,,,,,,,,,,,,,,,,,,,,,,,,,,,,,,,,,,,,,,,,,,,,,,,
8/14/2026 12:12:09,IamJ16,Graded (No Uma Restrictions),Win A finals with any uma,I accept these terms,Finals,"Android - phone or tablet, Windows",$101-500,1226,11-20 (roughly 2-3 per day),Discord - MooMooCord - https://discord.gg/Hc7cP9GB,,,Oguri Cap (Christmas),Pace Chaser,Ace built for this CM before CM start in Grand Concert scenario,2,1,,,2,1,,Super Creek (Halloween),Late Surger,Debuffer,,,,,,,,Nice Nature,Late Surger,Debuffer,,,,,,,,4 Attempts - 20 Races total,12,Go to Submit page,,,,,,,,,,,,,,Add new Team Comp as Day 2 - Team Comp 1,Oguri Cap (Christmas),Pace Chaser,Ace built for this CM before CM start in Grand Concert scenario,Agnes Tachyon,Late Surger,Debuffer,Grass Wonder,Late Surger,Debuffer,4 Attempts - 20 Races total,14,Day 3,,,,,,,,,,,,,,,Re-use Day 2 - Team Comp 2 as Day 3 - Team Comp 1,A Group,,,,,,,,,,4 Attempts - 20 Races total,15,Go to Submit page,,,,,,,,,,,,,,,,,,,,,,,,,,,,,,,,,,,,,,,,,,,A Finals,,Add new Team Comp as Finals Team Comp,Oguri Cap (Christmas),Pace Chaser,Ace built for this CM before CM start in Grand Concert scenario,Agnes Tachyon,End Closer,Debuffer,Grass Wonder,Late Surger,Debuffer,https://drive.google.com/open?id=10JACNbG8a9q1QZlIfRCUN1AHowWXxQZi,1st,,,,,,,,,,,,,,,,,,,,
8/14/2026 22:47:35,Magu,Graded (No Uma Restrictions),"Win A finals with ""oshi"" uma",I accept these terms,Finals,Android - phone or tablet,$1-100,,21-30 (roughly 3-4 per day),Discord - MooMooCord - https://discord.gg/Hc7cP9GB,,,Smart Falcon,Front Runner,Ace built for this CM before CM start in Grand Concert scenario,2,1,,,2,1,,Silence Suzuka,Runaway,Blocker/Overtake target/Throwaway/Niche role,1,,,,5,,,Grass Wonder,Late Surger,Debuffer,1,,,,5,,,4 Attempts - 20 Races total,13,Go to Submit page,,,,,,,,,,,,,,Re-use Day 1 - Team Comp 1 as Day 2 - Team Comp 1,,,,,,,,,,4 Attempts - 20 Races total,17,Day 3,,,,,,,,,,,,,,,Re-use Day 2 - Team Comp 1 as Day 3 - Team Comp 1,A Group,,,,,,,,,,4 Attempts - 20 Races total,7,Day 4,,,,,,,,,,,,,,,Re-use Day 3 - Team Comp 1 as Day 4 - Team Comp 1,A Group,,,,,,,,,,4 Attempts - 20 Races total,14,Go to Submit page,,,,,,,,,,,,,,,A Finals,9145,Re-use Day 4 - Team Comp 1 as Finals Team Comp,,,,,,,,,,https://drive.google.com/open?id=1sWXSeJKjf4ER2TqI7NspKTVlsbLqBjJM,1st,,,,,,,,,,,Oguri Cap? More like Oguri KWAB,https://drive.google.com/open?id=1NG41RWijEvH2AbThPOER8Tmp62TtN7IU,https://drive.google.com/open?id=1Ayw0nzrYP6zEcnSLngPpNRSVML41pEqY,,,,,,,https://drive.google.com/open?id=1swzNpnYrCH-qvltCCaVy1NNPRr6k00su
8/9/2026 12:57:26,Zeneix,Graded (No Uma Restrictions),Win A finals with any uma,I accept these terms,Day 1,"Android - phone or tablet, Windows",$0,1198,21-30 (roughly 3-4 per day),Twitch - MooMooCows - https://www.twitch.tv/moomoomoocows,5,,Oguri Cap,Late Surger,Ace built for this CM before CM start in Grand Concert scenario,2,1,0,0,2,1,0,Nice Nature,Late Surger,Debuffer,,,,,,,,Grass Wonder,Front Runner,Debuffer,,,,,,,,4 Attempts - 20 Races total,17,Go to Submit page,,,,,,,,,,,,,,,,,,,,,,,,,,,,,,,,,,,,,,,,,,,,,,,,,,,,,,,,,,,,,,,,,,,,,,,,,,,,,,,,,,,,,,,,,,,,,,,,,,,,,,,,,,,,,,,,,,,,,,,,,,,,,,,,,,
8/13/2026 10:58:26,pab94,Graded (No Uma Restrictions),Rather not say,I accept these terms,Day 4,Windows,$1-100,502,11-20 (roughly 2-3 per day),Twitch - MooMooCows - https://www.twitch.tv/moomoomoocows,5,,Oguri Cap,Late Surger,Ace built for this CM before CM start in Grand Concert scenario,2,1,,,2,1,,Gold City,Late Surger,Hybrid (ace + debuffer),2,1,,,2,1,,El Condor Pasa (Fantasy),Late Surger,Ace built for this CM before CM start in Grand Concert scenario,2,1,,,2,1,,4 Attempts - 20 Races total,12,Go to Submit page,,,,,,,,,,,,,,Re-use Day 1 - Team Comp 1 as Day 2 - Team Comp 1,,,,,,,,,,4 Attempts - 20 Races total,11,Go to Submit page,,,,,,,,,,,,,,,Re-use Day 2 - Team Comp 1 as Day 3 - Team Comp 1,A Group,,,,,,,,,,4 Attempts - 20 Races total,8,Go to Submit page,,,,,,,,,,,,,,,Re-use Day 3 - Team Comp 1 as Day 4 - Team Comp 1,A Group,,,,,,,,,,4 Attempts - 20 Races total,5,Go to Submit page,,,,,,,,,,,,,,,,,,,,,,,,,,,,,,,,,,,,,,,,,,,,,,,,
8/14/2026 6:27:22,ty,Graded (No Uma Restrictions),"Win A finals with ""oshi"" uma",I accept these terms,Finals,Windows,$1-100,,,YouTube - MooMooCows - https://www.youtube.com/@MooMooCows,5,,Admire Vega,End Closer,Ace built for this CM before CM start in Grand Concert scenario,2,1,0,0,2,1,,Agnes Tachyon,Late Surger,Debuffer,,,,,,,,Grass Wonder,Late Surger,Debuffer,,,,,,,,4 Attempts - 20 Races total,8,Go to Submit page,,,,,,,,,,,,,,Re-use Day 1 - Team Comp 1 as Day 2 - Team Comp 1,,,,,,,,,,4 Attempts - 20 Races total,10,Go to Submit page,,,,,,,,,,,,,,,Re-use Day 2 - Team Comp 1 as Day 3 - Team Comp 1,A Group,,,,,,,,,,4 Attempts - 20 Races total,12,Go to Submit page,,,,,,,,,,,,,,,Re-use Day 3 - Team Comp 1 as Day 4 - Team Comp 1,A Group,,,,,,,,,,4 Attempts - 20 Races total,12,Go to Submit page,,,,,,,,,,,,,,,A Finals,,Re-use Day 4 - Team Comp 1 as Finals Team Comp,,,,,,,,,,https://drive.google.com/open?id=1swUPxx1VabHiCbzNNCXxmRuMIDj1R-Cd,1st,,,,,,,,,,,"For me, happiness. For Ayabe, rest.",https://drive.google.com/open?id=1osoY-Nm7UHqoH0zsB1yyZsKzNLPk4Wfy,https://drive.google.com/open?id=1r_S1QxFtcn2Wul5ldnfQGB6L6dpSqiYf,,0,8,7,0,0,https://drive.google.com/open?id=1m6AEpWasIRz3FAN4jhnIWX_dVm9wM1y4
8/14/2026 10:33:05,Linh124,Graded (No Uma Restrictions),Get into A finals,I accept these terms,Finals,Windows,$1-100,2018,46+ (more than 6 per day),Discord - MooMooCord - https://discord.gg/Hc7cP9GB,,,Haru Urara,Late Surger,Ace built for this CM before CM start in Grand Concert scenario,2,1,0,0,2,1,0,Oguri Cap (Christmas),Pace Chaser,Ace built for this CM before CM start in Grand Concert scenario,2,1,0,0,2,1,0,Taiki Shuttle (Camping),Pace Chaser,Ace built for this CM before CM start in Grand Concert scenario,2,1,0,0,2,1,0,4 Attempts - 20 Races total,13,Go to Submit page,,,,,,,,,,,,,,Re-use Day 1 - Team Comp 1 as Day 2 - Team Comp 1,,,,,,,,,,4 Attempts - 20 Races total,13,Day 3,,,,,,,,,,,,,,,Re-use Day 2 - Team Comp 1 as Day 3 - Team Comp 1,A Group,,,,,,,,,,4 Attempts - 20 Races total,7,Go to Submit page,,,,,,,,,,,,,,,Re-use Day 3 - Team Comp 1 as Day 4 - Team Comp 1,A Group,,,,,,,,,,4 Attempts - 20 Races total,12,Go to Submit page,,,,,,,,,,,,,,,A Finals,7686,Re-use Day 4 - Team Comp 1 as Finals Team Comp,,,,,,,,,,https://drive.google.com/open?id=1l-443QVVpoKvmJ4L4lIRhc1tg47i1olI,1st,,,,,,,,,,,,https://drive.google.com/open?id=1HIjUB_7wfIQQv0fmnfqoR2JZClZ7AbQh,https://drive.google.com/open?id=1gK1xG4ppVftJ-LayQCyTNnihULNUFS2D,,2,6,4,0,3,https://drive.google.com/open?id=10MzTfO2Tq8VyWAdFrsZdqjsDCChJ251U
8/14/2026 9:18:37,PotatoP,Graded (No Uma Restrictions),Get into A finals,I accept these terms,Finals,"Android - phone or tablet, Windows",$0,1543,21-30 (roughly 3-4 per day),Twitch - MooMooCows - https://www.twitch.tv/moomoomoocows,5,"edit the cropped image guideline links for windows, it shows no video found on youtube",Inari One,End Closer,Ace built for this CM before CM start in Grand Concert scenario,3,0,0,0,2,1,0,Mayano Top Gun,End Closer,Ace built for this CM before CM start in Grand Concert scenario,3,0,0,0,2,1,0,Nice Nature,Late Surger,Debuffer,,,,,,,,4 Attempts - 20 Races total,13,Go to Submit page,,,,,,,,,,,,,,Add new Team Comp as Day 2 - Team Comp 1,Inari One,End Closer,Ace built for this CM before CM start in Grand Concert scenario,Mayano Top Gun,End Closer,Ace built for this CM before CM start in Grand Concert scenario,Grass Wonder,Late Surger,Debuffer,4 Attempts - 20 Races total,12,Go to Submit page,,,,,,,,,,,,,,,Re-use Day 2 - Team Comp 2 as Day 3 - Team Comp 1,A Group,,,,,,,,,,4 Attempts - 20 Races total,4,Day 4,,,,,,,,,,,,,,,Re-use Day 3 - Team Comp 1 as Day 4 - Team Comp 1,A Group,,,,,,,,,,4 Attempts - 20 Races total,11,Go to Submit page,,,,,,,,,,,,,,,A Finals,7418,Re-use Day 4 - Team Comp 1 as Finals Team Comp,,,,,,,,,,https://drive.google.com/open?id=1qgcrmIA-A_kne-HuCz9BSRuUE27Xa42j,1st,,,,,,,,,,,,,,,,,,,,
8/9/2026 13:05:59, Zeref,Graded (No Uma Restrictions),Get into A finals,I accept these terms,Day 1,,,,,,,,Oguri Cap (Christmas),Pace Chaser,Ace built for this CM before CM start in Grand Concert scenario,,,,,,,,Agnes Tachyon,Late Surger,Debuffer,,,,,,,,Grass Wonder,Late Surger,Debuffer,,,,,,,,4 Attempts - 20 Races total,14,Go to Submit page,,,,,,,,,,,,,,,,,,,,,,,,,,,,,,,,,,,,,,,,,,,,,,,,,,,,,,,,,,,,,,,,,,,,,,,,,,,,,,,,,,,,,,,,,,,,,,,,,,,,,,,,,,,,,,,,,,,,,,,,,,,,,,,,,,
8/14/2026 5:42:18,ーーー,Graded (No Uma Restrictions),Get into A finals,I accept these terms,Finals,Windows,$0,717,,"Discord - MooMooCord - https://discord.gg/Hc7cP9GB, YouTube - MooMooCows - https://www.youtube.com/@MooMooCows",5,,Smart Falcon,Front Runner,Ace built for this CM before CM start in Grand Concert scenario,2,1,,,2,1,,Silence Suzuka,Runaway,Debuffer,,,,,,,,Grass Wonder,Front Runner,Debuffer,,,,,,,,4 Attempts - 20 Races total,12,Go to Submit page,,,,,,,,,,,,,,Re-use Day 1 - Team Comp 1 as Day 2 - Team Comp 1,,,,,,,,,,4 Attempts - 20 Races total,11,Go to Submit page,,,,,,,,,,,,,,,Re-use Day 2 - Team Comp 1 as Day 3 - Team Comp 1,A Group,,,,,,,,,,4 Attempts - 20 Races total,10,Go to Submit page,,,,,,,,,,,,,,,Re-use Day 3 - Team Comp 1 as Day 4 - Team Comp 1,A Group,,,,,,,,,,4 Attempts - 20 Races total,8,Go to Submit page,,,,,,,,,,,,,,,A Finals,12621,Re-use Day 4 - Team Comp 1 as Finals Team Comp,,,,,,,,,,,3rd,No (goes to Submit page),,,,,,,,,,,,,,,,,,,
8/14/2026 11:20:20,Clormz,Graded (No Uma Restrictions),Get into A finals,I accept these terms,Finals,"iOS - phone or tablet, Windows",$1-100,1064,6-10 (roughly 1 per day),"Discord - MooMooCord - https://discord.gg/Hc7cP9GB, Twitch - MooMooCows - https://www.twitch.tv/moomoomoocows",,,Oguri Cap (Christmas),Late Surger,Ace built for this CM before CM start in Grand Concert scenario,2,1,0,0,2,1,0,Gold City,Late Surger,Ace built for this CM before CM start in Grand Concert scenario,2,1,0,0,2,1,0,Agnes Tachyon,Late Surger,Debuffer,,,,,,,,4 Attempts - 20 Races total,16,Go to Submit page,,,,,,,,,,,,,,Re-use Day 1 - Team Comp 1 as Day 2 - Team Comp 1,,,,,,,,,,4 Attempts - 20 Races total,11,Go to Submit page,,,,,,,,,,,,,,,Re-use Day 2 - Team Comp 1 as Day 3 - Team Comp 1,A Group,,,,,,,,,,4 Attempts - 20 Races total,13,Go to Submit page,,,,,,,,,,,,,,,Re-use Day 3 - Team Comp 1 as Day 4 - Team Comp 1,A Group,,,,,,,,,,4 Attempts - 20 Races total,14,Go to Submit page,,,,,,,,,,,,,,,A Finals,10639,Re-use Day 4 - Team Comp 1 as Finals Team Comp,,,,,,,,,,,2nd,No (goes to Submit page),,,,,,,,,,,,,,,,,,,
8/9/2026 13:00:58,gnfkyu,Graded (No Uma Restrictions),Win A finals with any uma,I accept these terms,Day 1,Windows,$101-500,,,Discord - MooMooCord - https://discord.gg/Hc7cP9GB,4,,Copano Rickey,Late Surger,Ace built for this CM before CM start in Grand Concert scenario,,,,,,,,Mayano Top Gun,Late Surger,Ace built for this CM before CM start in Grand Concert scenario,,,,,,,,Nice Nature (Cheerleader),Late Surger,Debuffer,,,,,,,,4 Attempts - 20 Races total,18,Go to Submit page,,,,,,,,,,,,,,,,,,,,,,,,,,,,,,,,,,,,,,,,,,,,,,,,,,,,,,,,,,,,,,,,,,,,,,,,,,,,,,,,,,,,,,,,,,,,,,,,,,,,,,,,,,,,,,,,,,,,,,,,,,,,,,,,,,
8/12/2026 15:15:35,Tri,Graded (No Uma Restrictions),"Win A finals with ""oshi"" uma",I accept these terms,Day 3,Android - phone or tablet,$1001-5000,875,21-30 (roughly 3-4 per day),YouTube - MooMooCows - https://www.youtube.com/@MooMooCows,,,Gold City,Late Surger,Ace built for this CM before CM start in Grand Concert scenario,3,1,0,0,1,1,0,Agnes Tachyon,Pace Chaser,Debuffer,1,0,1,0,3,1,0,Symboli Rudolf,Pace Chaser,Debuffer,2,0,0,0,3,1,0,4 Attempts - 20 Races total,15,Go to Submit page,,,,,,,,,,,,,,Re-use Day 1 - Team Comp 1 as Day 2 - Team Comp 1,,,,,,,,,,4 Attempts - 20 Races total,11,Go to Submit page,,,,,,,,,,,,,,,Re-use Day 2 - Team Comp 1 as Day 3 - Team Comp 1,A Group,Gold City,Late Surger,Ace built for this CM before CM start in Grand Concert scenario,Symboli Rudolf,Pace Chaser,Debuffer,Agnes Tachyon,Pace Chaser,Debuffer,2 Attempts - 10 Races total,2,Day 3 - Add 2nd Team,Add new Team Comp as Day 3 - Team Comp 2,Gold City,Late Surger,Ace built for this CM before CM start in Grand Concert scenario,Symboli Rudolf,Late Surger,Debuffer,Agnes Tachyon,Late Surger,Debuffer,2 Attempts - 10 Races total,6,2 teams,Go to Submit page,Add a new Team Comp as Day 4 - Team Comp 1,A Group,Gold City,Late Surger,Ace built for this CM before CM start in Grand Concert scenario,Symboli Rudolf,Front Runner,Debuffer,Agnes Tachyon,Late Surger,Debuffer,4 Attempts - 20 Races total,12,Go to Submit page,,,,,,,,,,,,,,,,,,,,,,,,,,,,,,,,,,,,,,,,,,,,,,,,
8/14/2026 11:38:07,MercuryEpsilon,Graded (No Uma Restrictions),Win A finals with any uma,I accept these terms,Finals,iOS - phone or tablet,$0,416,11-20 (roughly 2-3 per day),Discord - MooMooCord - https://discord.gg/Hc7cP9GB,4,,Tamamo Cross,End Closer,Ace built for this CM before CM start in Grand Concert scenario,2,1,0,0,2,1,0,El Condor Pasa,Pace Chaser,Ace built for this CM using another scenario (URA or Trackblazer),2,0,2,0,1,0,1,Oguri Cap,Late Surger,Ace built for this CM before CM start in Grand Concert scenario,2,0,1,0,1,1,1,2 Attempts - 10 Races total,5,Day 1 - Add 2nd Team,Tamamo Cross,End Closer,Ace built for this CM before CM start in Grand Concert scenario,Mejiro Ryan,Late Surger,Ace built for this CM before CM start in Grand Concert scenario,Oguri Cap,Late Surger,Mid-CM Ace build using another scenario (URA or Trackblazer),2 Attempts - 10 Races total,4,3 teams,Day 2,Re-use Day 1 - Team Comp 2 as Day 2 - Team Comp 1,,,,,,,,,,3 Attempts - 15 Races total,8,Day 2 - Add 2nd Team,Add new Team Comp as Day 2 - Team Comp 2,Tamamo Cross,End Closer,Ace built for this CM before CM start in Grand Concert scenario,El Condor Pasa,Pace Chaser,Ace built for this CM using another scenario (URA or Trackblazer),Oguri Cap,Late Surger,Ace built for this CM before CM start in Grand Concert scenario,1 Attempt - 5 Races total,3,2 teams,Go to Submit page,Re-use Day 2 - Team Comp 1 as Day 3 - Team Comp 1,A Group,,,,,,,,,,2 Attempts - 10 Races total,2,Day 3 - Add 2nd Team,Add new Team Comp as Day 3 - Team Comp 2,Tamamo Cross,End Closer,Ace built for this CM before CM start in Grand Concert scenario,El Condor Pasa,Pace Chaser,Ace built for this CM using another scenario (URA or Trackblazer),Oguri Cap,Late Surger,Mid-CM Ace build in Grand Concert scenario,2 Attempts - 10 Races total,3,2 teams,Go to Submit page,Re-use Day 3 - Team Comp 1 as Day 4 - Team Comp 1,A Group,,,,,,,,,,2 Attempts - 10 Races total,2,Day 4 - Add 2nd team,Add new Team Comp as Day 4 - Team Comp 2,Tamamo Cross,End Closer,Ace built for this CM before CM start in Grand Concert scenario,El Condor Pasa,Pace Chaser,Mid-CM Ace build in Grand Concert scenario,Oguri Cap,Late Surger,Mid-CM Ace build in Grand Concert scenario,2 Attempts - 10 Races total,3,3 teams,Go to Submit page,B Finals,2398,Re-use Day 4 - Team Comp 2 as Finals Team Comp,,,,,,,,,,https://drive.google.com/open?id=1Cq8Ayx3zokJetefrNUwGRvAZ6XH91xEd,2nd,Yes,https://drive.google.com/open?id=1f7gYaM_VadgWdnRfxiszIKdJ_3x3YGd4,https://drive.google.com/open?id=1Tfe-mLDghRcLel9T7-3sktbWzea6v1F5,,6,6,6,,0,https://drive.google.com/open?id=1l8q32lAal7NGYWYwd_rVUNEpfbqvtgFL,,,,,,,,,,
8/9/2026 13:02:25,GracefulShade,Graded (No Uma Restrictions),I want to see Falco singing Ms.Victoria,I accept these terms,Day 1,iOS - phone or tablet,$1-100,"1,391",31-45 (roughly 5-6 per day),YouTube - MooMooCows - https://www.youtube.com/@MooMooCows,5,,Smart Falcon (Grand Concert),Front Runner,Ace built for this CM before CM start in Grand Concert scenario,2,1,0,0,2,1,0,Mayano Top Gun,Front Runner,Helps push my Falco. Not really meant for winning,3,1,0,0,1,1,0,Agnes Digital,Late Surger,Ace built for this CM before CM start in Grand Concert scenario,3,1,0,0,1,1,0,4 Attempts - 20 Races total,19,Go to Submit page,,,,,,,,,,,,,,,,,,,,,,,,,,,,,,,,,,,,,,,,,,,,,,,,,,,,,,,,,,,,,,,,,,,,,,,,,,,,,,,,,,,,,,,,,,,,,,,,,,,,,,,,,,,,,,,,,,,,,,,,,,,,,,,,,,
8/14/2026 5:34:34,LePetouche,Graded (No Uma Restrictions),Get Haru Urara exactly 3 wins,I accept these terms,Finals,"Android - phone or tablet, Windows",Rather not say,1850,31-45 (roughly 5-6 per day),Discord - MooMooCord - https://discord.gg/Hc7cP9GB,,,Haru Urara,Late Surger,Ace built for this CM before CM start in Grand Concert scenario,3,1,0,0,1,1,0,Agnes Digital,Late Surger,Ace built for this CM before CM start in Grand Concert scenario,3,1,0,0,1,1,0,Oguri Cap (Christmas),Pace Chaser,Ace built for this CM before CM start in Grand Concert scenario,2,1,,,1,1,1,4 Attempts - 20 Races total,16,Go to Submit page,,,,,,,,,,,,,,Re-use Day 1 - Team Comp 1 as Day 2 - Team Comp 1,,,,,,,,,,4 Attempts - 20 Races total,11,Go to Submit page,,,,,,,,,,,,,,,Re-use Day 2 - Team Comp 1 as Day 3 - Team Comp 1,A Group,,,,,,,,,,4 Attempts - 20 Races total,11,Go to Submit page,,,,,,,,,,,,,,,Re-use Day 3 - Team Comp 1 as Day 4 - Team Comp 1,A Group,,,,,,,,,,4 Attempts - 20 Races total,9,Go to Submit page,,,,,,,,,,,,,,,A Finals,,Re-use Day 4 - Team Comp 1 as Finals Team Comp,,,,,,,,,,https://drive.google.com/open?id=1UWT6VQZU4OncM_Puz_TCFeyvVWUlkqkN,2nd,No (goes to Submit page),,,,,,,,,,,,,,,,,,,
8/14/2026 22:27:36,xAlse,Graded (No Uma Restrictions),"Win A finals with ""oshi"" uma",I accept these terms,Day 4,Windows,$0,1154,21-30 (roughly 3-4 per day),Discord - MooMooCord - https://discord.gg/Hc7cP9GB,5,do some lottery giveaways,Oguri Cap (Christmas),Pace Chaser,Ace built for this CM before CM start in Grand Concert scenario,2,1,0,0,2,1,0,Nice Nature,Late Surger,Debuffer,0,3,0,1,1,1,0,Super Creek (Halloween),Late Surger,Debuffer,0,3,0,1,1,1,0,4 Attempts - 20 Races total,18,Go to Submit page,,,,,,,,,,,,,,Re-use Day 1 - Team Comp 1 as Day 2 - Team Comp 1,,,,,,,,,,4 Attempts - 20 Races total,18,Day 3,,,,,,,,,,,,,,,Re-use Day 2 - Team Comp 1 as Day 3 - Team Comp 1,A Group,,,,,,,,,,4 Attempts - 20 Races total,16,Day 4,,,,,,,,,,,,,,,Re-use Day 3 - Team Comp 1 as Day 4 - Team Comp 1,A Group,,,,,,,,,,4 Attempts - 20 Races total,16,Finals,,,,,,,,,,,,,,,A Finals,16724,Re-use Day 4 - Team Comp 1 as Finals Team Comp,,,,,,,,,,,2nd,No (goes to Submit page),,,,,,,,,,,,,,,,,,,
8/9/2026 13:04:15,Candy,Graded (No Uma Restrictions),Get into A finals,I accept these terms,Day 1,Windows,$101-500,,,,,,Oguri Cap (Christmas),Pace Chaser,Ace built for this CM before CM start in Grand Concert scenario,2,1,0,0,2,1,0,Nice Nature,Late Surger,Debuffer,1,2,0,0,2,1,0,Grass Wonder,Late Surger,Debuffer,1,2,0,0,2,1,0,4 Attempts - 20 Races total,16,Go to Submit page,,,,,,,,,,,,,,,,,,,,,,,,,,,,,,,,,,,,,,,,,,,,,,,,,,,,,,,,,,,,,,,,,,,,,,,,,,,,,,,,,,,,,,,,,,,,,,,,,,,,,,,,,,,,,,,,,,,,,,,,,,,,,,,,,,
8/12/2026 11:17:28,squideater,Graded (No Uma Restrictions),Get into A finals,I accept these terms,Day 3,"Android - phone or tablet, Windows",$101-500,1351,11-20 (roughly 2-3 per day),Twitch - MooMooCows - https://www.twitch.tv/moomoomoocows,,,Oguri Cap (Christmas),Pace Chaser,Ace built for this CM before CM start in Grand Concert scenario,3,1,0,0,1,1,0,Eishin Flash (Valentine),Late Surger,Debuffer,2,0,0,0,3,1,0,Grass Wonder,Late Surger,Debuffer,2,0,0,0,3,1,0,4 Attempts - 20 Races total,10,Go to Submit page,,,,,,,,,,,,,,Re-use Day 1 - Team Comp 1 as Day 2 - Team Comp 1,,,,,,,,,,4 Attempts - 20 Races total,14,Go to Submit page,,,,,,,,,,,,,,,Re-use Day 2 - Team Comp 1 as Day 3 - Team Comp 1,A Group,,,,,,,,,,4 Attempts - 20 Races total,9,Day 4,,,,,,,,,,,,,,,Re-use Day 3 - Team Comp 1 as Day 4 - Team Comp 1,A Group,,,,,,,,,,4 Attempts - 20 Races total,12,Go to Submit page,,,,,,,,,,,,,,,,,,,,,,,,,,,,,,,,,,,,,,,,,,,,,,,,
8/14/2026 8:47:05,Aqua Tech,Graded (No Uma Restrictions),Win A finals with any uma,I accept these terms,Day 4,Windows,$1-100,1011,31-45 (roughly 5-6 per day),Twitch - MooMooCows - https://www.twitch.tv/moomoomoocows,4,,Agnes Digital,Late Surger,Ace built for this CM before CM start in Grand Concert scenario,3,0,0,0,2,1,0,Oguri Cap (Christmas),Pace Chaser,Ace built for this CM before CM start in Grand Concert scenario,3,0,0,0,2,1,0,Symboli Rudolf,Front Runner,Debuffer,1,1,0,0,4,0,0,4 Attempts - 20 Races total,15,Go to Submit page,,,,,,,,,,,,,,Re-use Day 1 - Team Comp 1 as Day 2 - Team Comp 1,,,,,,,,,,4 Attempts - 20 Races total,15,Go to Submit page,,,,,,,,,,,,,,,Re-use Day 2 - Team Comp 1 as Day 3 - Team Comp 1,A Group,,,,,,,,,,4 Attempts - 20 Races total,16,Go to Submit page,,,,,,,,,,,,,,,Re-use Day 3 - Team Comp 1 as Day 4 - Team Comp 1,A Group,,,,,,,,,,4 Attempts - 20 Races total,10,Finals,,,,,,,,,,,,,,,A Finals,10224,Re-use Day 4 - Team Comp 1 as Finals Team Comp,,,,,,,,,,https://drive.google.com/open?id=1UUGAcjHVxw78qle3nAir_7ZqM4Makivp,1st,,,,,,,,,,,,,,,,,,,,
8/14/2026 6:08:15,Clan Ping,Graded (No Uma Restrictions),Win A finals with any uma,I accept these terms,Finals,"iOS - phone or tablet, Windows",$0,1040,21-30 (roughly 3-4 per day),Discord - MooMooCord - https://discord.gg/Hc7cP9GB,,,Oguri Cap (Christmas),Pace Chaser,Ace built for this CM before CM start in Grand Concert scenario,2,1,0,0,2,1,0,Mayano Top Gun,End Closer,Ace built for this CM before CM start in Grand Concert scenario,3,0,0,0,2,1,0,Symboli Rudolf,Late Surger,Debuffer,,,,,,,,4 Attempts - 20 Races total,17,Go to Submit page,,,,,,,,,,,,,,Re-use Day 1 - Team Comp 1 as Day 2 - Team Comp 1,,,,,,,,,,4 Attempts - 20 Races total,16,Go to Submit page,,,,,,,,,,,,,,,Re-use Day 2 - Team Comp 1 as Day 3 - Team Comp 1,A Group,,,,,,,,,,4 Attempts - 20 Races total,19,Go to Submit page,,,,,,,,,,,,,,,Re-use Day 3 - Team Comp 1 as Day 4 - Team Comp 1,A Group,,,,,,,,,,4 Attempts - 20 Races total,16,Go to Submit page,,,,,,,,,,,,,,,A Finals,12907,Re-use Day 4 - Team Comp 1 as Finals Team Comp,,,,,,,,,,https://drive.google.com/open?id=1SzIGeXMkXASi90-NSSZhwNCeCz-0Dyd-,1st,,,,,,,,,,,,https://drive.google.com/open?id=1Y8fcvBeZZ6H66gg8DiuHU0JgXoCF674-,https://drive.google.com/open?id=1FO3SpKKQieqga9iTEcsPqbl5oNP6-ScS,,0,13,0,0,3,https://drive.google.com/open?id=1mN7pnejjRZ_HpHBE6KV8nA1H7dCs4p96
8/12/2026 7:44:09,ZullyStunts,Graded (No Uma Restrictions),Get into A finals,I accept these terms,Day 4,Android - phone or tablet,$1-100,877,11-20 (roughly 2-3 per day),Twitch - MooMooCows - https://www.twitch.tv/moomoomoocows,4,can you reupdate the link in youtube for every new sheet? including the streams description on youtube.,Oguri Cap (Christmas),Pace Chaser,Ace built for this CM before CM start in Grand Concert scenario,3,0,0,0,2,1,0,Copano Rickey,Late Surger,Ace built for this CM before CM start in Grand Concert scenario,3,0,1,0,1,0,0,Special Week,Late Surger,Ace built for this CM before CM start in Grand Concert scenario,3,0,1,0,1,,,4 Attempts - 20 Races total,11,Go to Submit page,,,,,,,,,,,,,,Re-use Day 1 - Team Comp 1 as Day 2 - Team Comp 1,,,,,,,,,,4 Attempts - 20 Races total,14,Go to Submit page,,,,,,,,,,,,,,,Re-use Day 2 - Team Comp 1 as Day 3 - Team Comp 1,A Group,,,,,,,,,,4 Attempts - 20 Races total,10,Go to Submit page,,,,,,,,,,,,,,,Re-use Day 3 - Team Comp 1 as Day 4 - Team Comp 1,A Group,,,,,,,,,,4 Attempts - 20 Races total,7,Go to Submit page,,,,,,,,,,,,,,,,,,,,,,,,,,,,,,,,,,,,,,,,,,,,,,,,
8/14/2026 5:23:31,Yagoo,Graded (No Uma Restrictions),Get into A finals,I accept these terms,Finals,"Android - phone or tablet, Windows",$1-100,2022,31-45 (roughly 5-6 per day),YouTube - MooMooCows - https://www.youtube.com/@MooMooCows,5,,Symboli Rudolf,Front Runner,Debuffer,1,1,,,3,1,,Smart Falcon,Front Runner,Blocker/Overtake target/Throwaway/Niche role,3,,,,2,1,,Copano Rickey,Front Runner,Ace built for this CM before CM start in Grand Concert scenario,2,1,,,2,1,,4 Attempts - 20 Races total,18,Go to Submit page,,,,,,,,,,,,,,Re-use Day 1 - Team Comp 1 as Day 2 - Team Comp 1,,,,,,,,,,4 Attempts - 20 Races total,15,Go to Submit page,,,,,,,,,,,,,,,Re-use Day 2 - Team Comp 1 as Day 3 - Team Comp 1,A Group,,,,,,,,,,4 Attempts - 20 Races total,12,Go to Submit page,,,,,,,,,,,,,,,Re-use Day 3 - Team Comp 1 as Day 4 - Team Comp 1,A Group,,,,,,,,,,4 Attempts - 20 Races total,13,Go to Submit page,,,,,,,,,,,,,,,A Finals,12265,Re-use Day 4 - Team Comp 1 as Finals Team Comp,,,,,,,,,,https://drive.google.com/open?id=1rStJReQA9LTJeixS3rugMGHVpcUOoOiy,1st,,,,,,,,,,,,,,,,10,2,,2,https://drive.google.com/open?id=1QH9Ct_BBU1YkxlpDV4AOgCbE3DthTh8m
8/14/2026 12:35:19,Jau ZP,Graded (No Uma Restrictions),Get into A finals,I accept these terms,Finals,"Android - phone or tablet, Windows",$5000+,1554,21-30 (roughly 3-4 per day),Discord - MooMooCord - https://discord.gg/Hc7cP9GB,5,,Mejiro McQueen (Summer),Front Runner,Ace built for this CM before CM start in Grand Concert scenario,2,1,0,0,2,1,0,Smart Falcon,Front Runner,Ace built for Team Trials,2,1,0,0,2,1,0,Oguri Cap (Christmas),Pace Chaser,Ace built for this CM before CM start in Grand Concert scenario,2,1,0,0,2,1,0,4 Attempts - 20 Races total,16,Go to Submit page,,,,,,,,,,,,,,Re-use Day 1 - Team Comp 1 as Day 2 - Team Comp 1,,,,,,,,,,4 Attempts - 20 Races total,15,Go to Submit page,,,,,,,,,,,,,,,Re-use Day 2 - Team Comp 1 as Day 3 - Team Comp 1,A Group,,,,,,,,,,4 Attempts - 20 Races total,7,Go to Submit page,,,,,,,,,,,,,,,Re-use Day 3 - Team Comp 1 as Day 4 - Team Comp 1,A Group,,,,,,,,,,4 Attempts - 20 Races total,11,Go to Submit page,,,,,,,,,,,,,,,A Finals,10107,Re-use Day 4 - Team Comp 1 as Finals Team Comp,,,,,,,,,,https://drive.google.com/open?id=17Y09dWIJ4AnDWc0Ftygj7kfRyhIDzaF9,2nd,No (goes to Submit page),,,,,,,,,,,,,,,,,,,
8/14/2026 23:43:13,RandomlyCasual,Graded (No Uma Restrictions),Win A finals with any uma,I accept these terms,Finals,,$501-1000,1083,31-45 (roughly 5-6 per day),,,,Oguri Cap (Christmas),Pace Chaser,Ace built for this CM before CM start in Grand Concert scenario,2,0,1,0,2,1,0,Grass Wonder,Late Surger,Debuffer,2,1,0,0,3,0,0,Symboli Rudolf,Pace Chaser,Debuffer,2,0,1,0,3,,,4 Attempts - 20 Races total,16,Go to Submit page,,,,,,,,,,,,,,Re-use Day 1 - Team Comp 1 as Day 2 - Team Comp 1,,,,,,,,,,4 Attempts - 20 Races total,16,Go to Submit page,,,,,,,,,,,,,,,Re-use Day 2 - Team Comp 1 as Day 3 - Team Comp 1,A Group,,,,,,,,,,4 Attempts - 20 Races total,13,Go to Submit page,,,,,,,,,,,,,,,Re-use Day 3 - Team Comp 1 as Day 4 - Team Comp 1,A Group,,,,,,,,,,4 Attempts - 20 Races total,15,Go to Submit page,,,,,,,,,,,,,,,A Finals,9512,Re-use Day 4 - Team Comp 1 as Finals Team Comp,,,,,,,,,,https://drive.google.com/open?id=1s7c0Nb1QwYTqTzwBKz6TgtBOSR7-grZf,2nd,Yes,https://drive.google.com/open?id=1K_u7qR6CpgL9ne-Tc1kdT2cl5pnHVmMj,https://drive.google.com/open?id=1DSBxAvSP9JxrrXywqDUomUWDdNNpVjyG,,12,6,0,0,0,https://drive.google.com/open?id=1S64aC47FCE_j_eISlhCZUDiNSffuVC1T,,,,,,,,,,
8/14/2026 13:12:05,ExtraTricky,Graded (No Uma Restrictions),Get into A finals,I accept these terms,Finals,Windows,$101-500,1982,31-45 (roughly 5-6 per day),Discord - MooMooCord - https://discord.gg/Hc7cP9GB,5,,Oguri Cap (Christmas),Pace Chaser,Ace built for this CM before CM start in Grand Concert scenario,3,0,0,0,2,1,0,Grass Wonder,Late Surger,Debuffer,1,0,1,0,3,1,0,Agnes Tachyon,Front Runner,Debuffer,1,1,1,0,2,1,0,4 Attempts - 20 Races total,20,Go to Submit page,,,,,,,,,,,,,,Re-use Day 1 - Team Comp 1 as Day 2 - Team Comp 1,,,,,,,,,,4 Attempts - 20 Races total,19,Go to Submit page,,,,,,,,,,,,,,,Re-use Day 2 - Team Comp 1 as Day 3 - Team Comp 1,A Group,,,,,,,,,,4 Attempts - 20 Races total,17,Go to Submit page,,,,,,,,,,,,,,,Re-use Day 3 - Team Comp 1 as Day 4 - Team Comp 1,A Group,,,,,,,,,,4 Attempts - 20 Races total,15,Go to Submit page,,,,,,,,,,,,,,,A Finals,16721,Re-use Day 4 - Team Comp 1 as Finals Team Comp,,,,,,,,,,https://drive.google.com/open?id=1Dspe1UQZBZdhZr9nb-qXgP9XFREdB1l7,3rd,Yes,https://drive.google.com/open?id=1kE9ek6XgKjvAs6FSim2WcINQh5mTOHxW,https://drive.google.com/open?id=18giw6rCL_luBXj2AANbAy8IC72klIqQr,,0,11,0,0,4,https://drive.google.com/open?id=1fu_Vncqdf-YsxeyeUPaIafXrAWK8xa2Y,,,,,,,,,,
8/12/2026 20:02:30,Sol,Graded (No Uma Restrictions),"Win A finals with ""oshi"" uma",I accept these terms,Day 4,"Android - phone or tablet, Windows",$101-500,1999,31-45 (roughly 5-6 per day),"Twitch - MooMooCows - https://www.twitch.tv/moomoomoocows, YouTube - MooMooCows - https://www.youtube.com/@MooMooCows",5,,Symboli Rudolf,Late Surger,Ace built for this CM before CM start in Grand Concert scenario,3,1,0,0,1,1,0,Oguri Cap (Christmas),Pace Chaser,Ace built for this CM before CM start in Grand Concert scenario,3,0,0,0,2,1,0,Grass Wonder,Late Surger,Debuffer,2,0,0,0,3,1,0,4 Attempts - 20 Races total,15,Go to Submit page,,,,,,,,,,,,,,Re-use Day 1 - Team Comp 1 as Day 2 - Team Comp 1,,,,,,,,,,4 Attempts - 20 Races total,14,Go to Submit page,,,,,,,,,,,,,,,Re-use Day 2 - Team Comp 1 as Day 3 - Team Comp 1,A Group,,,,,,,,,,4 Attempts - 20 Races total,13,Go to Submit page,,,,,,,,,,,,,,,Re-use Day 3 - Team Comp 1 as Day 4 - Team Comp 1,A Group,,,,,,,,,,4 Attempts - 20 Races total,16,Go to Submit page,,,,,,,,,,,,,,,,,,,,,,,,,,,,,,,,,,,,,,,,,,,,,,,,
8/14/2026 7:38:04,Ein,Graded (No Uma Restrictions),Collect participation rewards,I accept these terms,Finals,Android - phone or tablet,$0,803,11-20 (roughly 2-3 per day),Discord - MooMooCord - https://discord.gg/Hc7cP9GB,5,,Oguri Cap,Late Surger,Ace built for this CM before CM start in Grand Concert scenario,2,1,,,2,1,,Grass Wonder,End Closer,Ace built for this CM before CM start in Unity Cup scenario,,,,,,,,Eishin Flash (Valentine),Late Surger,Ace built for this CM using another scenario (URA or Trackblazer),,,,,,,,4 Attempts - 20 Races total,15,Go to Submit page,,,,,,,,,,,,,,Re-use Day 1 - Team Comp 1 as Day 2 - Team Comp 1,,,,,,,,,,3 Attempts - 15 Races total,8,Go to Submit page,,,,,,,,,,,,,,,Re-use Day 2 - Team Comp 1 as Day 3 - Team Comp 1,A Group,,,,,,,,,,4 Attempts - 20 Races total,13,Go to Submit page,,,,,,,,,,,,,,,Re-use Day 3 - Team Comp 1 as Day 4 - Team Comp 1,A Group,,,,,,,,,,4 Attempts - 20 Races total,15,Go to Submit page,,,,,,,,,,,,,,,A Finals,,Re-use Day 4 - Team Comp 1 as Finals Team Comp,,,,,,,,,,https://drive.google.com/open?id=1u7JIWocEYl-8_SKiOB1lGfS_LgFNvNUT,2nd,No (goes to Submit page),,,,,,,,,,,,,,,,,,,
8/14/2026 9:39:33,Tom,Graded (No Uma Restrictions),Win A finals with any uma,I accept these terms,Finals,"iOS - phone or tablet, Windows",$101-500,806,11-20 (roughly 2-3 per day),Discord - MooMooCord - https://discord.gg/Hc7cP9GB,,,Oguri Cap (Christmas),Pace Chaser,Ace built for this CM before CM start in Grand Concert scenario,2,1,,,2,1,,Smart Falcon,Front Runner,Ace built for this CM before CM start in Grand Concert scenario,2,1,,,2,1,,Maruzensky (Summer),Front Runner,Ace built for this CM before CM start in Grand Concert scenario,2,1,,,2,1,,4 Attempts - 20 Races total,12,Go to Submit page,,,,,,,,,,,,,,Re-use Day 1 - Team Comp 1 as Day 2 - Team Comp 1,,,,,,,,,,4 Attempts - 20 Races total,14,Day 3,,,,,,,,,,,,,,,Re-use Day 2 - Team Comp 1 as Day 3 - Team Comp 1,A Group,,,,,,,,,,4 Attempts - 20 Races total,11,Go to Submit page,,,,,,,,,,,,,,,Re-use Day 3 - Team Comp 1 as Day 4 - Team Comp 1,A Group,,,,,,,,,,4 Attempts - 20 Races total,11,Go to Submit page,,,,,,,,,,,,,,,A Finals,8004,Add new Team Comp as Finals Team Comp,Oguri Cap (Christmas),Pace Chaser,Ace built for this CM before CM start in Grand Concert scenario,Nice Nature,Late Surger,Debuffer,Mayano Top Gun (Wedding),Late Surger,Debuffer,,1st,,,,,,,,,,,,,,,,,,,,
8/14/2026 8:12:54,Yuuni,Graded (No Uma Restrictions),"Win A finals with ""oshi"" uma",I accept these terms,Finals,"Android - phone or tablet, Windows",$1-100,1009,46+ (more than 6 per day),Discord - MooMooCord - https://discord.gg/Hc7cP9GB,5,,Haru Urara (New Year),Late Surger,Ace built for this CM before CM start in Grand Concert scenario,3,0,0,0,2,1,0,Nice Nature,Late Surger,Debuffer,2,1,1,0,2,0,0,Mayano Top Gun (Wedding),Late Surger,Debuffer,2,1,1,0,2,0,0,4 Attempts - 20 Races total,12,Go to Submit page,,,,,,,,,,,,,,Add new Team Comp as Day 2 - Team Comp 1,Haru Urara (New Year),Late Surger,Ace built for this CM before CM start in Grand Concert scenario,Symboli Rudolf,Pace Chaser,Debuffer,Nice Nature,Late Surger,Debuffer,4 Attempts - 20 Races total,11,Go to Submit page,,,,,,,,,,,,,,,Re-use Day 2 - Team Comp 2 as Day 3 - Team Comp 1,A Group,,,,,,,,,,4 Attempts - 20 Races total,11,Go to Submit page,,,,,,,,,,,,,,,Add a new Team Comp as Day 4 - Team Comp 1,A Group,Haru Urara (New Year),Late Surger,Ace built for this CM before CM start in Grand Concert scenario,Agnes Tachyon,Late Surger,Debuffer,Symboli Rudolf,Pace Chaser,Debuffer,4 Attempts - 20 Races total,11,Go to Submit page,,,,,,,,,,,,,,,A Finals,10432,Re-use Day 4 - Team Comp 2 as Finals Team Comp,,,,,,,,,,https://drive.google.com/open?id=1bXn5hpEbOj7ZHgkBxemRVfeGaeupjVY8,1st,,,,,,,,,,,I'm gonna put some dirt in your eye,https://drive.google.com/open?id=15FsIUnLNDzNM6opTil4TTvCRdLuVyk5p,https://drive.google.com/open?id=1pfjv3jM3WgL1CQ196N_FQ3yOOhfrwpkh,,3,7,3,,,https://drive.google.com/open?id=1C2R3pp7O6h7sR7nxSuWy1FcfFAjdu8h1
8/14/2026 8:48:23,Meghanet,Graded (No Uma Restrictions),"Win A finals with ""oshi"" uma",I accept these terms,Finals,"iOS - phone or tablet, Windows",$101-500,1083,31-45 (roughly 5-6 per day),Discord - MooMooCord - https://discord.gg/Hc7cP9GB,5,,Rice Shower (Halloween),Pace Chaser,Ace built for this CM before CM start in Grand Concert scenario,2,0,1,0,2,1,0,Oguri Cap (Christmas),Pace Chaser,Ace built for this CM before CM start in Grand Concert scenario,2,1,0,0,2,1,0,Grass Wonder,Front Runner,Debuffer,1,,1,0,3,1,0,4 Attempts - 20 Races total,17,Go to Submit page,,,,,,,,,,,,,,Re-use Day 1 - Team Comp 1 as Day 2 - Team Comp 1,,,,,,,,,,4 Attempts - 20 Races total,14,Go to Submit page,,,,,,,,,,,,,,,Re-use Day 2 - Team Comp 1 as Day 3 - Team Comp 1,A Group,,,,,,,,,,4 Attempts - 20 Races total,14,Day 4,,,,,,,,,,,,,,,Add a new Team Comp as Day 4 - Team Comp 1,A Group,Rice Shower (Halloween),Pace Chaser,Ace built for this CM before CM start in Grand Concert scenario,Grass Wonder,Front Runner,Debuffer,Eishin Flash (Valentine),Late Surger,Debuffer,4 Attempts - 20 Races total,7,Go to Submit page,,,,,,,,,,,,,,,A Finals,8899,Re-use Day 4 - Team Comp 1 as Finals Team Comp,,,,,,,,,,https://drive.google.com/open?id=1x3dmcPhlcm84ObkQLwqPE6g3z6tqKLfw,1st,,,,,,,,,,,All Oguris are fake in the eyes of my beloved Rice!,https://drive.google.com/open?id=17xePnYFQo9Vv8HiUHcgqw_kxsJAhHqb9,https://drive.google.com/open?id=1EvcWmA7jBYD-EE80sCL-B07N8D9Sck-8,,,12,,,,https://drive.google.com/open?id=1sju6IugGqMGONA7FcAlpW1b5igVLp3Ls
8/13/2026 4:31:05,Uniqai,Graded (No Uma Restrictions),Get into A finals,I accept these terms,Day 4,Windows,$5000+,2187,21-30 (roughly 3-4 per day),Discord - MooMooCord - https://discord.gg/Hc7cP9GB,5,,Yukino Bijin,Pace Chaser,Ace built for this CM before CM start in Grand Concert scenario,3,1,0,0,1,1,0,Inari One,End Closer,Ace built for this CM before CM start in Grand Concert scenario,3,0,0,0,2,1,0,Agnes Digital,End Closer,Ace built for this CM before CM start in Grand Concert scenario,3,0,0,0,2,1,0,4 Attempts - 20 Races total,14,Go to Submit page,,,,,,,,,,,,,,Re-use Day 1 - Team Comp 1 as Day 2 - Team Comp 1,,,,,,,,,,4 Attempts - 20 Races total,14,Go to Submit page,,,,,,,,,,,,,,,Re-use Day 2 - Team Comp 1 as Day 3 - Team Comp 1,A Group,,,,,,,,,,4 Attempts - 20 Races total,13,Go to Submit page,,,,,,,,,,,,,,,Re-use Day 3 - Team Comp 1 as Day 4 - Team Comp 1,A Group,,,,,,,,,,4 Attempts - 20 Races total,15,Go to Submit page,,,,,,,,,,,,,,,,,,,,,,,,,,,,,,,,,,,,,,,,,,,,,,,,
8/12/2026 6:17:54,Callum05 ,Graded (No Uma Restrictions),Win A finals with any uma,I accept these terms,Day 4,Android - phone or tablet,$1001-5000,1106,21-30 (roughly 3-4 per day),"Twitch - MooMooCows - https://www.twitch.tv/moomoomoocows, YouTube - MooMooCows - https://www.youtube.com/@MooMooCows",5,,Copano Rickey,Front Runner,Ace built for this CM before CM start in Grand Concert scenario,3,1,,,1,1,,Symboli Rudolf,Front Runner,Debuffer,,,,,,,,Agnes Tachyon,End Closer,Debuffer,,,,,,,,4 Attempts - 20 Races total,16,Go to Submit page,,,,,,,,,,,,,,Re-use Day 1 - Team Comp 1 as Day 2 - Team Comp 1,,,,,,,,,,4 Attempts - 20 Races total,15,Go to Submit page,,,,,,,,,,,,,,,Re-use Day 2 - Team Comp 1 as Day 3 - Team Comp 1,A Group,,,,,,,,,,4 Attempts - 20 Races total,12,Go to Submit page,,,,,,,,,,,,,,,Re-use Day 3 - Team Comp 1 as Day 4 - Team Comp 1,A Group,,,,,,,,,,4 Attempts - 20 Races total,16,Go to Submit page,,,,,,,,,,,,,,,,,,,,,,,,,,,,,,,,,,,,,,,,,,,,,,,,
8/9/2026 13:42:12,Taeznak,Graded (No Uma Restrictions),Win A finals with any uma,I accept these terms,Day 1,Windows,$1-100,1433,21-30 (roughly 3-4 per day),Discord - MooMooCord - https://discord.gg/Hc7cP9GB,4,,Oguri Cap (Christmas),Pace Chaser,Ace built for this CM before CM start in Grand Concert scenario,3,0,0,0,2,1,0,Copano Rickey,Pace Chaser,Ace built for this CM before CM start in Grand Concert scenario,2,1,0,0,2,1,0,Agnes Digital,Late Surger,Ace built for this CM before CM start in Grand Concert scenario,2,1,0,0,2,1,0,4 Attempts - 20 Races total,16,Go to Submit page,,,,,,,,,,,,,,,,,,,,,,,,,,,,,,,,,,,,,,,,,,,,,,,,,,,,,,,,,,,,,,,,,,,,,,,,,,,,,,,,,,,,,,,,,,,,,,,,,,,,,,,,,,,,,,,,,,,,,,,,,,,,,,,,,,
8/14/2026 9:52:28,Zennr,Graded (No Uma Restrictions),"Win A finals with ""oshi"" uma",I accept these terms,Finals,"Android - phone or tablet, Windows",$501-1000,850,21-30 (roughly 3-4 per day),,,,T.M. Opera O (New Year),Late Surger,Ace built for this CM before CM start in Grand Concert scenario,2,,1,,2,1,,Nice Nature,Late Surger,Debuffer,,,,,,,,Grass Wonder,Late Surger,Debuffer,,,,,,,,4 Attempts - 20 Races total,16,Go to Submit page,,,,,,,,,,,,,,Re-use Day 1 - Team Comp 1 as Day 2 - Team Comp 1,,,,,,,,,,4 Attempts - 20 Races total,16,Go to Submit page,,,,,,,,,,,,,,,Re-use Day 2 - Team Comp 1 as Day 3 - Team Comp 1,A Group,,,,,,,,,,4 Attempts - 20 Races total,15,Go to Submit page,,,,,,,,,,,,,,,Re-use Day 3 - Team Comp 1 as Day 4 - Team Comp 1,A Group,,,,,,,,,,4 Attempts - 20 Races total,13,Go to Submit page,,,,,,,,,,,,,,,A Finals,14158,Re-use Day 4 - Team Comp 1 as Finals Team Comp,,,,,,,,,,https://drive.google.com/open?id=1I8gZhd2Nxa9e_ZBwBJK-3iL4FarTeVxW,1st,,,,,,,,,,,Just another page in the magnanimous life of the Overlord of Centurys End. Be proud to have gotten the chance to race against her.,https://drive.google.com/open?id=1G5uiJKSv5npYQhMt-EXHG43ly_diBdXr,https://drive.google.com/open?id=1nsTr3zGj2CamhpuWlH_bXCP0auIGkUhG,,0,13,0,3,0,https://drive.google.com/open?id=1P6hws9vbni3s7-LiGFYbDUZkf08E_OiJ
8/14/2026 13:16:07,Nao Nao,Graded (No Uma Restrictions),Win A finals with any uma,I accept these terms,Finals,"Android - phone or tablet, Windows",$501-1000,1883,31-45 (roughly 5-6 per day),Discord - MooMooCord - https://discord.gg/Hc7cP9GB,5,,Copano Rickey,Front Runner,Ace built for this CM before CM start in Grand Concert scenario,2,1,0,0,2,1,0,Silence Suzuka,Runaway,Blocker/Overtake target/Throwaway/Niche role,,,,,,,,Symboli Rudolf,Front Runner,Debuffer,,,,,,,,4 Attempts - 20 Races total,13,Go to Submit page,,,,,,,,,,,,,,Re-use Day 1 - Team Comp 1 as Day 2 - Team Comp 1,,,,,,,,,,4 Attempts - 20 Races total,17,Go to Submit page,,,,,,,,,,,,,,,Re-use Day 2 - Team Comp 1 as Day 3 - Team Comp 1,A Group,,,,,,,,,,4 Attempts - 20 Races total,15,Go to Submit page,,,,,,,,,,,,,,,Re-use Day 3 - Team Comp 1 as Day 4 - Team Comp 1,A Group,,,,,,,,,,4 Attempts - 20 Races total,8,Go to Submit page,,,,,,,,,,,,,,,A Finals,13813,Re-use Day 4 - Team Comp 1 as Finals Team Comp,,,,,,,,,,https://drive.google.com/open?id=1jW_Icly-CvaZhF1m2DJ4Bt8Bq9IRPzjg,3rd,No (goes to Submit page),,,,,,,,,,,,,,,,,,,
8/12/2026 22:34:34,JockeMS,Graded (No Uma Restrictions),"Win A finals with ""oshi"" uma",I accept these terms,Day 4,Windows,$101-500,1364,21-30 (roughly 3-4 per day),"Discord - MooMooCord - https://discord.gg/Hc7cP9GB, Twitch - MooMooCows - https://www.twitch.tv/moomoomoocows, YouTube - MooMooCows - https://www.youtube.com/@MooMooCows",1,,Mayano Top Gun,Late Surger,Ace built for this CM before CM start in Grand Concert scenario,2,1,,,2,1,,Grass Wonder,Late Surger,Debuffer,2,1,1,,2,,,Nice Nature,Late Surger,Debuffer,1,1,1,,3,,,4 Attempts - 20 Races total,7,Go to Submit page,,,,,,,,,,,,,,Add new Team Comp as Day 2 - Team Comp 1,Mayano Top Gun,Late Surger,Ace built for this CM before CM start in Grand Concert scenario,Symboli Rudolf,Front Runner,Debuffer,Nice Nature,Late Surger,Debuffer,4 Attempts - 20 Races total,13,Go to Submit page,,,,,,,,,,,,,,,Add new Team Comp as Day 3 - Team Comp 1,A Group,Mayano Top Gun,Late Surger,Ace built for this CM before CM start in Grand Concert scenario,Symboli Rudolf,Front Runner,Debuffer,Grass Wonder,End Closer,Debuffer,4 Attempts - 20 Races total,5,Go to Submit page,,,,,,,,,,,,,,,Add a new Team Comp as Day 4 - Team Comp 1,A Group,Mayano Top Gun,Late Surger,Ace built for this CM before CM start in Grand Concert scenario,Inari One,Late Surger,Mid-CM Ace build in Grand Concert scenario,Grass Wonder,End Closer,Debuffer,4 Attempts - 20 Races total,7,Go to Submit page,,,,,,,,,,,,,,,,,,,,,,,,,,,,,,,,,,,,,,,,,,,,,,,,
8/14/2026 6:01:41,Specz,Graded (No Uma Restrictions),Get into A finals,I accept these terms,Finals,Windows,$101-500,555,6-10 (roughly 1 per day),YouTube - MooMooCows - https://www.youtube.com/@MooMooCows,4,,Hishi Amazon,End Closer,Ace built for this CM before CM start in Grand Concert scenario,2,1,,,2,1,,Oguri Cap,Late Surger,Ace built for this CM before CM start in Grand Concert scenario,2,1,,,2,1,,T.M. Opera O (New Year),Front Runner,Ace built for Team Trials,1,,,,5,,,4 Attempts - 20 Races total,12,Go to Submit page,,,,,,,,,,,,,,Add new Team Comp as Day 2 - Team Comp 1,Hishi Amazon,End Closer,Ace built for this CM before CM start in Grand Concert scenario,Oguri Cap,Late Surger,Ace built for this CM before CM start in Grand Concert scenario,Gold Ship,End Closer,Mid-CM Ace build in Grand Concert scenario,4 Attempts - 20 Races total,18,Go to Submit page,,,,,,,,,,,,,,,Re-use Day 2 - Team Comp 2 as Day 3 - Team Comp 1,A Group,,,,,,,,,,4 Attempts - 20 Races total,9,Go to Submit page,,,,,,,,,,,,,,,Re-use Day 3 - Team Comp 2 as Day 4 - Team Comp 1,A Group,,,,,,,,,,4 Attempts - 20 Races total,8,Go to Submit page,,,,,,,,,,,,,,,A Finals,7327,Re-use Day 4 - Team Comp 2 as Finals Team Comp,,,,,,,,,,https://drive.google.com/open?id=1CWaWNdw9mDatv562fxEn4dRWSgAywyI7,1st,,,,,,,,,,,,https://drive.google.com/open?id=1xhkWNJ1gXy0hb5V5Gtpz2FI_DeDzDd_K,https://drive.google.com/open?id=143sz-GWWSsMVGL-eJHMjRV_sFBJkHyk1,,0,11,0,0,2,https://drive.google.com/open?id=1Yccp93mHUAsiMrd1Bg2Gb4dvHg1YyFCm
8/14/2026 5:15:26,laugh_,Graded (No Uma Restrictions),Win A finals with any uma,I accept these terms,Finals,iOS - phone or tablet,$101-500,572,11-20 (roughly 2-3 per day),"Discord - MooMooCord - https://discord.gg/Hc7cP9GB, Twitch - MooMooCows - https://www.twitch.tv/moomoomoocows, YouTube - MooMooCows - https://www.youtube.com/@MooMooCows",5,,Oguri Cap (Christmas),Pace Chaser,Ace built for this CM before CM start in Grand Concert scenario,3,0,0,0,2,1,0,Grass Wonder,Late Surger,Debuffer,2,1,,,3,,,Symboli Rudolf,Late Surger,Debuffer,2,1,,,3,,,4 Attempts - 20 Races total,17,Go to Submit page,,,,,,,,,,,,,,Re-use Day 1 - Team Comp 1 as Day 2 - Team Comp 1,,,,,,,,,,4 Attempts - 20 Races total,15,Go to Submit page,,,,,,,,,,,,,,,Re-use Day 2 - Team Comp 1 as Day 3 - Team Comp 1,A Group,,,,,,,,,,1 Attempt - 5 Races total,2,Day 3 - Add 2nd Team,Add new Team Comp as Day 3 - Team Comp 2,Oguri Cap (Christmas),Pace Chaser,Ace built for this CM before CM start in Grand Concert scenario,Nice Nature,Late Surger,Debuffer,Grass Wonder,Late Surger,Debuffer,3 Attempts - 15 Races total,14,2 teams,Go to Submit page,Re-use Day 3 - Team Comp 2 as Day 4 - Team Comp 1,A Group,,,,,,,,,,4 Attempts - 20 Races total,14,Go to Submit page,,,,,,,,,,,,,,,A Finals,12267,Re-use Day 4 - Team Comp 1 as Finals Team Comp,,,,,,,,,,,2nd,No (goes to Submit page),,,,,,,,,,,,,,,,,,,
8/14/2026 7:29:40,Rkid,Graded (No Uma Restrictions),Win A finals with any uma,I accept these terms,Finals,"Android - phone or tablet, Windows",$101-500,1600,31-45 (roughly 5-6 per day),"Discord - MooMooCord - https://discord.gg/Hc7cP9GB, YouTube - MooMooCows - https://www.youtube.com/@MooMooCows",4,,Meisho Doto,Pace Chaser,Ace built for this CM before CM start in Grand Concert scenario,3,0,0,0,2,1,0,Oguri Cap (Christmas),Pace Chaser,Ace built for this CM before CM start in Grand Concert scenario,2,1,0,0,2,1,0,Grass Wonder,Late Surger,Debuffer,1,2,0,0,3,0,0,4 Attempts - 20 Races total,15,Go to Submit page,,,,,,,,,,,,,,Add new Team Comp as Day 2 - Team Comp 1,Meisho Doto,Pace Chaser,Ace built for this CM before CM start in Grand Concert scenario,Oguri Cap (Christmas),Pace Chaser,Mid-CM Ace build in Grand Concert scenario,Grass Wonder,Late Surger,Debuffer,4 Attempts - 20 Races total,17,Go to Submit page,,,,,,,,,,,,,,,Re-use Day 2 - Team Comp 1 as Day 3 - Team Comp 1,A Group,,,,,,,,,,4 Attempts - 20 Races total,12,Go to Submit page,,,,,,,,,,,,,,,Re-use Day 3 - Team Comp 1 as Day 4 - Team Comp 1,A Group,,,,,,,,,,4 Attempts - 20 Races total,13,Go to Submit page,,,,,,,,,,,,,,,A Finals,13519,Re-use Day 4 - Team Comp 1 as Finals Team Comp,,,,,,,,,,https://drive.google.com/open?id=1p4giNqYdS8kEei6E7zRMNZNZX8Ftl9SB,1st,,,,,,,,,,,,https://drive.google.com/open?id=1fgN-stp8g7mfwLk3uUe5NDErtas3XSn0,https://drive.google.com/open?id=1uc6sLh7LEy4ptB_uXH7kEHKFhHwQ9Vcd,,,15,3,,,https://drive.google.com/open?id=1g8Fr8otRQQ5yiomHuexmhHcd3YP6aN-7
8/14/2026 9:26:21,Fate,Graded (No Uma Restrictions),"Win A finals with ""oshi"" uma",I accept these terms,Finals,iOS - phone or tablet,$0,1707,31-45 (roughly 5-6 per day),YouTube - MooMooCows - https://www.youtube.com/@MooMooCows,5,,Mayano Top Gun (Wedding),Late Surger,Ace built for this CM before CM start in Grand Concert scenario,2,1,,,2,1,,Grass Wonder,Front Runner,Debuffer,,,,,,,,Eishin Flash (Valentine),Front Runner,Debuffer,,,,,,,,4 Attempts - 20 Races total,15,Go to Submit page,,,,,,,,,,,,,,Re-use Day 1 - Team Comp 1 as Day 2 - Team Comp 1,,,,,,,,,,4 Attempts - 20 Races total,11,Go to Submit page,,,,,,,,,,,,,,,Re-use Day 2 - Team Comp 1 as Day 3 - Team Comp 1,A Group,,,,,,,,,,4 Attempts - 20 Races total,11,Go to Submit page,,,,,,,,,,,,,,,Re-use Day 3 - Team Comp 1 as Day 4 - Team Comp 1,A Group,,,,,,,,,,4 Attempts - 20 Races total,14,Go to Submit page,,,,,,,,,,,,,,,A Finals,9365,Re-use Day 4 - Team Comp 1 as Finals Team Comp,,,,,,,,,,https://drive.google.com/open?id=1ZIQ5TV4SCJZ9kwoMu15xFxGa4BE_u_GV,3rd,No (goes to Submit page),,,,,,,,,,,,,,,,,,,
8/14/2026 6:15:26,llamatar,Graded (No Uma Restrictions),"Win A finals with ""oshi"" uma",I accept these terms,Finals,"Android - phone or tablet, Linux",$0,1387,46+ (more than 6 per day),Discord - MooMooCord - https://discord.gg/Hc7cP9GB,4,,Rice Shower (Halloween),Pace Chaser,Ace built for this CM before CM start in Grand Concert scenario,3,0,0,0,2,1,0,Nice Nature,Late Surger,Debuffer,,,,,,,,Super Creek (Halloween),Late Surger,Debuffer,,,,,,,,4 Attempts - 20 Races total,14,Go to Submit page,,,,,,,,,,,,,,Re-use Day 1 - Team Comp 1 as Day 2 - Team Comp 1,,,,,,,,,,4 Attempts - 20 Races total,10,Go to Submit page,,,,,,,,,,,,,,,Add new Team Comp as Day 3 - Team Comp 1,A Group,Rice Shower (Halloween),Pace Chaser,Ace built for this CM before CM start in Grand Concert scenario,Nice Nature (Cheerleader),Late Surger,Debuffer,Symboli Rudolf,Late Surger,Debuffer,4 Attempts - 20 Races total,11,Go to Submit page,,,,,,,,,,,,,,,Re-use Day 3 - Team Comp 1 as Day 4 - Team Comp 1,A Group,,,,,,,,,,4 Attempts - 20 Races total,10,Go to Submit page,,,,,,,,,,,,,,,A Finals,9912,Re-use Day 4 - Team Comp 1 as Finals Team Comp,,,,,,,,,,https://drive.google.com/open?id=1emnQ51XtuTFemxluY5e1hYA9AKGbDvYt,2nd,Yes,https://drive.google.com/open?id=1kh1-nF_I-hjHB_5-c1UCXO7CuTI5frIT,https://drive.google.com/open?id=1N6ySNd5B1Zs9L7psyJ2x8sVlMdwSaMCu,,0,3,12,,2,https://drive.google.com/open?id=1cAtqyEHDQIpTbIo0xkga5cQAdyqTC6Yb,,,,,,,,,,
8/14/2026 7:51:16,Ipex,Graded (No Uma Restrictions),Collect participation rewards,I accept these terms,Finals,Windows,$1001-5000,1672,11-20 (roughly 2-3 per day),Discord - MooMooCord - https://discord.gg/Hc7cP9GB,5,,Oguri Cap (Christmas),Pace Chaser,Ace built for this CM before CM start in Grand Concert scenario,2,1,,,2,0,,Agnes Tachyon,Late Surger,Debuffer,1,,1,1,3,,,Grass Wonder,Late Surger,Debuffer,1,,1,,4,,,4 Attempts - 20 Races total,15,Go to Submit page,,,,,,,,,,,,,,Re-use Day 1 - Team Comp 1 as Day 2 - Team Comp 1,,,,,,,,,,4 Attempts - 20 Races total,14,Go to Submit page,,,,,,,,,,,,,,,Re-use Day 2 - Team Comp 1 as Day 3 - Team Comp 1,A Group,,,,,,,,,,4 Attempts - 20 Races total,15,Go to Submit page,,,,,,,,,,,,,,,Re-use Day 3 - Team Comp 1 as Day 4 - Team Comp 1,A Group,,,,,,,,,,4 Attempts - 20 Races total,16,Go to Submit page,,,,,,,,,,,,,,,A Finals,9047,Re-use Day 4 - Team Comp 1 as Finals Team Comp,,,,,,,,,,https://drive.google.com/open?id=1yN1HmVZKfURe1vH070fSYryojpLEJrwR,1st,,,,,,,,,,,,https://drive.google.com/open?id=1wM1X-l-d-ILL5aOcP7lnu1ZrbR7-IKzk,https://drive.google.com/open?id=1fV1_iYzAtL1kexl-fkaMSd81ZpVWleXz,,,5,6,,2,https://drive.google.com/open?id=1zMMBmGYNmGGWy2bOhZhHorva7NU2h195
8/15/2026 0:30:03,Bober,Graded (No Uma Restrictions),Get into A finals,I accept these terms,Finals,"Android - phone or tablet, Windows",$1-100,1675,21-30 (roughly 3-4 per day),Discord - MooMooCord - https://discord.gg/Hc7cP9GB,,,Oguri Cap (Christmas),Pace Chaser,Ace built for this CM before CM start in Grand Concert scenario,3,,,,2,1,,Nice Nature,Late Surger,Debuffer,1,1,,1,3,,,Mayano Top Gun (Wedding),Late Surger,Debuffer,1,1,,1,3,,,4 Attempts - 20 Races total,18,Go to Submit page,,,,,,,,,,,,,,Re-use Day 1 - Team Comp 1 as Day 2 - Team Comp 1,,,,,,,,,,4 Attempts - 20 Races total,13,Day 3,,,,,,,,,,,,,,,Add new Team Comp as Day 3 - Team Comp 1,A Group,Oguri Cap (Christmas),Pace Chaser,Ace built for this CM before CM start in Grand Concert scenario,Grass Wonder,Late Surger,Debuffer,Eishin Flash (Valentine),Late Surger,Debuffer,4 Attempts - 20 Races total,15,Go to Submit page,,,,,,,,,,,,,,,Re-use Day 3 - Team Comp 1 as Day 4 - Team Comp 1,A Group,,,,,,,,,,4 Attempts - 20 Races total,15,Go to Submit page,,,,,,,,,,,,,,,A Finals,9987,Re-use Day 4 - Team Comp 1 as Finals Team Comp,,,,,,,,,,https://drive.google.com/open?id=1pdZA1oTml5P2dVllB5QRnakjnyD-2-vh,1st,,,,,,,,,,,,https://drive.google.com/open?id=1RJQMjIch-EhG1Cxe4K8xDVEWMmC5uALr,https://drive.google.com/open?id=1qDZ8ejLaB8H-pfJxjGMfBPoJQlBRJqES,,,8,6,,,https://drive.google.com/open?id=1y3kSyUn8sQokqSgaFembw7G01S8BqUcM
8/14/2026 6:28:54,Arkem,Graded (No Uma Restrictions),Get into A finals,I accept these terms,Finals,Windows,$101-500,893,11-20 (roughly 2-3 per day),Discord - MooMooCord - https://discord.gg/Hc7cP9GB,,,Oguri Cap (Christmas),Pace Chaser,Ace built for this CM before CM start in Grand Concert scenario,2,0,0,0,3,1,0,Copano Rickey,Front Runner,Ace built for this CM before CM start in Grand Concert scenario,2,1,0,0,2,1,0,Smart Falcon,Front Runner,Ace built for this CM before CM start in Grand Concert scenario,2,1,0,0,2,1,0,4 Attempts - 20 Races total,16,Go to Submit page,,,,,,,,,,,,,,Re-use Day 1 - Team Comp 1 as Day 2 - Team Comp 1,,,,,,,,,,4 Attempts - 20 Races total,15,Go to Submit page,,,,,,,,,,,,,,,Re-use Day 2 - Team Comp 1 as Day 3 - Team Comp 1,A Group,,,,,,,,,,4 Attempts - 20 Races total,13,Go to Submit page,,,,,,,,,,,,,,,Re-use Day 3 - Team Comp 1 as Day 4 - Team Comp 1,A Group,,,,,,,,,,4 Attempts - 20 Races total,13,Go to Submit page,,,,,,,,,,,,,,,A Finals,9965,Re-use Day 4 - Team Comp 1 as Finals Team Comp,,,,,,,,,,https://drive.google.com/open?id=11kRQJProYiVoCvnLo6rvoegnjOAphWmf,2nd,Yes,https://drive.google.com/open?id=1nq8xedZPRDXeCZ-SoOuzxZ7owIh3mAeB,https://drive.google.com/open?id=1QS_9-MekOY0_bPBmU5sd_JFKjpSiooHh,,,,,,,https://drive.google.com/open?id=1U-g6RljTz1FuOBpUzMw2fmccd5r_F-qp,,,,,,,,,,
8/14/2026 9:38:09,HerLyx,Graded (No Uma Restrictions),Win A finals with any uma,I accept these terms,Finals,Linux,$0,806,21-30 (roughly 3-4 per day),Discord - MooMooCord - https://discord.gg/Hc7cP9GB,,,Oguri Cap (Christmas),Late Surger,Ace built for this CM before CM start in Grand Concert scenario,3,0,0,0,2,1,0,Nice Nature,Late Surger,Debuffer,,,,,,,,Mejiro Dober,Late Surger,Debuffer,,,,,,,,4 Attempts - 20 Races total,13,Go to Submit page,,,,,,,,,,,,,,Re-use Day 1 - Team Comp 1 as Day 2 - Team Comp 1,,,,,,,,,,4 Attempts - 20 Races total,12,Go to Submit page,,,,,,,,,,,,,,,Re-use Day 2 - Team Comp 1 as Day 3 - Team Comp 1,A Group,,,,,,,,,,2 Attempts - 10 Races total,6,Day 3 - Add 2nd Team,Add new Team Comp as Day 3 - Team Comp 2,Oguri Cap (Christmas),Late Surger,Ace built for this CM before CM start in Grand Concert scenario,Agnes Tachyon,Front Runner,Debuffer,Grass Wonder,Front Runner,Debuffer,2 Attempts - 10 Races total,5,2 teams,Go to Submit page,Re-use Day 3 - Team Comp 2 as Day 4 - Team Comp 1,A Group,,,,,,,,,,4 Attempts - 20 Races total,11,Go to Submit page,,,,,,,,,,,,,,,A Finals,13617,Re-use Day 4 - Team Comp 2 as Finals Team Comp,,,,,,,,,,https://drive.google.com/open?id=1WHT8g_TNw4nYWH7M7R_HwhQwSVifFpuR,2nd,No (goes to Submit page),,,,,,,,,,,,,,,,,,,
8/14/2026 6:34:30,wife＠ライスシャワー脚香香,Graded (No Uma Restrictions),"Win A finals with ""oshi"" uma",I accept these terms,Finals,"Android - phone or tablet, Windows",$1-100,1300,46+ (more than 6 per day),Discord - MooMooCord - https://discord.gg/Hc7cP9GB,5,,Rice Shower (Halloween),Pace Chaser,Ace built for this CM before CM start in Grand Concert scenario,3,0,0,0,2,1,0,Silence Suzuka,Runaway,Debuffer,,,,,,,,Grass Wonder,End Closer,Debuffer,,,,,,,,4 Attempts - 20 Races total,11,Go to Submit page,,,,,,,,,,,,,,Re-use Day 1 - Team Comp 1 as Day 2 - Team Comp 1,,,,,,,,,,4 Attempts - 20 Races total,13,Go to Submit page,,,,,,,,,,,,,,,Re-use Day 2 - Team Comp 1 as Day 3 - Team Comp 1,A Group,,,,,,,,,,4 Attempts - 20 Races total,9,Go to Submit page,,,,,,,,,,,,,,,Re-use Day 3 - Team Comp 1 as Day 4 - Team Comp 1,A Group,,,,,,,,,,4 Attempts - 20 Races total,13,Go to Submit page,,,,,,,,,,,,,,,A Finals,12359,Re-use Day 4 - Team Comp 1 as Finals Team Comp,,,,,,,,,,https://drive.google.com/open?id=1jJdBGI-zL0DPFjt4o3SASqJw0_yX40XW,1st,,,,,,,,,,,"She fucking did it, I'm so proud",https://drive.google.com/open?id=1ldfFnwtUJT1-pS_oWXxRs42O6R01NPkY,https://drive.google.com/open?id=1SFEb9toPiuu-LjMJYLo71Ud7nrNsJMrI,,,9,4,,,https://drive.google.com/open?id=1Myka4T2Dgxa7h_V_0EKQQuCZ4mMJ0TTm
8/14/2026 14:21:27,Drey,Graded (No Uma Restrictions),Get into B finals,I accept these terms,Finals,Windows,$101-500,,0-5 (less than 1 per day),Discord - MooMooCord - https://discord.gg/Hc7cP9GB,,,Mejiro Dober,Late Surger,Ace built for this CM before CM start in Grand Concert scenario,2,1,0,0,2,1,0,Oguri Cap (Christmas),Late Surger,Ace built for this CM before CM start in Grand Concert scenario,2,1,0,0,2,1,0,Mayano Top Gun (Wedding),End Closer,Debuffer,3,1,0,0,1,1,0,4 Attempts - 20 Races total,7,Go to Submit page,,,,,,,,,,,,,,Re-use Day 1 - Team Comp 1 as Day 2 - Team Comp 1,,,,,,,,,,4 Attempts - 20 Races total,13,Go to Submit page,,,,,,,,,,,,,,,Re-use Day 2 - Team Comp 1 as Day 3 - Team Comp 1,A Group,,,,,,,,,,4 Attempts - 20 Races total,7,Go to Submit page,,,,,,,,,,,,,,,Re-use Day 3 - Team Comp 1 as Day 4 - Team Comp 1,A Group,,,,,,,,,,4 Attempts - 20 Races total,7,Go to Submit page,,,,,,,,,,,,,,,A Finals,7393,Re-use Day 4 - Team Comp 1 as Finals Team Comp,,,,,,,,,,https://drive.google.com/open?id=1SZ1PpbYTbUfrtIx6GoLUPv88mATIlyw-,1st,,,,,,,,,,,"In Heaven's stead, we smite Dominators.",https://drive.google.com/open?id=1dbEMVGQyuYwKDA-SK-1ZeX0_xGBIj0Bw,https://drive.google.com/open?id=1tofjlYP_OTn8tYs6QyJdvcMZhNJi7wnu,,,,,,,https://drive.google.com/open?id=1r0xIW-mcV2uXKPb564R8tjiq4ewE5PQC
8/14/2026 6:42:17,QuantumS ,Graded (No Uma Restrictions),Get into A finals,I accept these terms,Finals,"iOS - phone or tablet, Android - phone or tablet",$101-500,1965,31-45 (roughly 5-6 per day),YouTube - MooMooCows - https://www.youtube.com/@MooMooCows,5,,Oguri Cap (Christmas),Pace Chaser,Ace built for this CM before CM start in Grand Concert scenario,2,1,0,0,2,1,0,Nice Nature,Late Surger,Debuffer,,,,,,,,Mayano Top Gun (Wedding),Late Surger,Debuffer,,,,,,,,2 Attempts - 10 Races total,6,Go to Submit page,,,,,,,,,,,,,,Add new Team Comp as Day 2 - Team Comp 1,Oguri Cap (Christmas),Pace Chaser,Ace built for this CM before CM start in Grand Concert scenario,Nice Nature (Cheerleader),End Closer,Debuffer,Agnes Tachyon,End Closer,Debuffer,2 Attempts - 10 Races total,6,Go to Submit page,,,,,,,,,,,,,,,Re-use Day 2 - Team Comp 2 as Day 3 - Team Comp 1,A Group,,,,,,,,,,4 Attempts - 20 Races total,17,Go to Submit page,,,,,,,,,,,,,,,Re-use Day 3 - Team Comp 2 as Day 4 - Team Comp 1,A Group,,,,,,,,,,4 Attempts - 20 Races total,17,Go to Submit page,,,,,,,,,,,,,,,A Finals,8674,Re-use Day 4 - Team Comp 2 as Finals Team Comp,,,,,,,,,,https://drive.google.com/open?id=1JHTRFN7QskRQK1YXE6du81rObFMH5J8_,2nd,No (goes to Submit page),,,,,,,,,,,,,,,,,,,
8/14/2026 20:52:25,Zalnw770,Graded (No Uma Restrictions),Get into A finals,I accept these terms,Finals,"iOS - phone or tablet, Windows",$101-500,1450,11-20 (roughly 2-3 per day),"Discord - MooMooCord - https://discord.gg/Hc7cP9GB, YouTube - MooMooCows - https://www.youtube.com/@MooMooCows",5,,Agnes Digital,End Closer,Ace built for this CM before CM start in Grand Concert scenario,3,0,0,0,2,1,0,Oguri Cap (Christmas),Pace Chaser,Ace built for this CM before CM start in Grand Concert scenario,3,0,0,0,2,1,0,Tamamo Cross,End Closer,Ace built for this CM before CM start in Grand Concert scenario,3,0,0,0,2,1,,4 Attempts - 20 Races total,14,Go to Submit page,,,,,,,,,,,,,,Re-use Day 1 - Team Comp 1 as Day 2 - Team Comp 1,,,,,,,,,,4 Attempts - 20 Races total,15,Go to Submit page,,,,,,,,,,,,,,,Add new Team Comp as Day 3 - Team Comp 1,A Group,Agnes Digital,End Closer,Ace built for this CM before CM start in Grand Concert scenario,Tamamo Cross,End Closer,Ace built for this CM before CM start in Grand Concert scenario,Oguri Cap (Christmas),Late Surger,Ace built for this CM before CM start in Grand Concert scenario,4 Attempts - 20 Races total,10,Go to Submit page,,,,,,,,,,,,,,,Re-use Day 3 - Team Comp 1 as Day 4 - Team Comp 1,A Group,,,,,,,,,,4 Attempts - 20 Races total,14,Go to Submit page,,,,,,,,,,,,,,,A Finals,12485,Re-use Day 4 - Team Comp 1 as Finals Team Comp,,,,,,,,,,,2nd,No (goes to Submit page),,,,,,,,,,,,,,,,,,,
8/14/2026 19:32:41,INeedC0ffee,Graded (No Uma Restrictions),Get into A finals,I accept these terms,Day 3,Windows,$501-1000,547,6-10 (roughly 1 per day),"Discord - MooMooCord - https://discord.gg/Hc7cP9GB, Twitch - MooMooCows - https://www.twitch.tv/moomoomoocows, YouTube - MooMooCows - https://www.youtube.com/@MooMooCows",4,,Oguri Cap (Christmas),Pace Chaser,Ace built for this CM before CM start in Grand Concert scenario,2,1,0,0,2,1,0,Agnes Tachyon,Late Surger,Debuffer,1,1,0,0,4,0,0,Grass Wonder,Late Surger,Debuffer,1,1,0,0,4,0,0,4 Attempts - 20 Races total,18,Go to Submit page,,,,,,,,,,,,,,Re-use Day 1 - Team Comp 1 as Day 2 - Team Comp 1,,,,,,,,,,4 Attempts - 20 Races total,18,Go to Submit page,,,,,,,,,,,,,,,Re-use Day 2 - Team Comp 1 as Day 3 - Team Comp 1,A Group,,,,,,,,,,4 Attempts - 20 Races total,18,Day 4,,,,,,,,,,,,,,,Re-use Day 3 - Team Comp 1 as Day 4 - Team Comp 1,A Group,,,,,,,,,,4 Attempts - 20 Races total,15,Finals,,,,,,,,,,,,,,,A Finals,15408,Re-use Day 4 - Team Comp 1 as Finals Team Comp,,,,,,,,,,,2nd,No (goes to Submit page),,,,,,,,,,,,,,,,,,,
8/14/2026 8:06:07,happyh0rse,Graded (No Uma Restrictions),Get into A finals,I accept these terms,Finals,Windows,$501-1000,1719,11-20 (roughly 2-3 per day),Rather not say,,,Oguri Cap (Christmas),Pace Chaser,Ace built for this CM before CM start in Grand Concert scenario,3,,,,2,1,,Agnes Tachyon,Late Surger,Debuffer,2,,,,3,1,,Nice Nature,Late Surger,Debuffer,2,,,,3,1,,4 Attempts - 20 Races total,15,Go to Submit page,,,,,,,,,,,,,,Re-use Day 1 - Team Comp 1 as Day 2 - Team Comp 1,,,,,,,,,,4 Attempts - 20 Races total,16,Go to Submit page,,,,,,,,,,,,,,,Re-use Day 2 - Team Comp 1 as Day 3 - Team Comp 1,A Group,,,,,,,,,,4 Attempts - 20 Races total,14,Go to Submit page,,,,,,,,,,,,,,,Re-use Day 3 - Team Comp 1 as Day 4 - Team Comp 1,A Group,,,,,,,,,,4 Attempts - 20 Races total,13,Go to Submit page,,,,,,,,,,,,,,,A Finals,10409,Re-use Day 4 - Team Comp 2 as Finals Team Comp,,,,,,,,,,,1st,,,,,,,,,,,,,,,0,14,0,0,3,
8/14/2026 7:36:36,jay,Graded (No Uma Restrictions),Win A finals with any uma,I accept these terms,Finals,iOS - phone or tablet,$1-100,1115,21-30 (roughly 3-4 per day),Discord - MooMooCord - https://discord.gg/Hc7cP9GB,,,Copano Rickey,Front Runner,Ace built for this CM before CM start in Grand Concert scenario,3,,,,2,1,,Oguri Cap (Christmas),Pace Chaser,Ace built for this CM before CM start in Grand Concert scenario,3,,,,2,1,,Eishin Flash (Valentine),Front Runner,Debuffer,1,,1,,4,,,4 Attempts - 20 Races total,18,Go to Submit page,,,,,,,,,,,,,,Re-use Day 1 - Team Comp 1 as Day 2 - Team Comp 1,,,,,,,,,,4 Attempts - 20 Races total,14,Go to Submit page,,,,,,,,,,,,,,,Re-use Day 2 - Team Comp 1 as Day 3 - Team Comp 1,A Group,,,,,,,,,,4 Attempts - 20 Races total,12,Day 4,,,,,,,,,,,,,,,Re-use Day 3 - Team Comp 1 as Day 4 - Team Comp 1,A Group,,,,,,,,,,4 Attempts - 20 Races total,15,Go to Submit page,,,,,,,,,,,,,,,A Finals,12636,Re-use Day 4 - Team Comp 1 as Finals Team Comp,,,,,,,,,,https://drive.google.com/open?id=1SM9oSrn53S4SDo5V_JCq-kUwWAY7OKVp,2nd,Yes,https://drive.google.com/open?id=1R7F6VjLP7ZZbnpn6TmSAxE-3Y2N6ingk,https://drive.google.com/open?id=1TNGTrrFKH8dhZ36iFni0hi_vnbbYtPAR,,,12,3,,,https://drive.google.com/open?id=1muMmvupxYf2fvKOExpIuaBfwS1p0-pwZ,,,,,,,,,,
8/14/2026 17:57:24,Crkva,Graded (No Uma Restrictions),"Win A finals with ""oshi"" uma",I accept these terms,Finals,Windows,$0,1271,21-30 (roughly 3-4 per day),"Twitch - MooMooCows - https://www.twitch.tv/moomoomoocows, YouTube - MooMooCows - https://www.youtube.com/@MooMooCows",,,El Condor Pasa (Fantasy),Late Surger,Ace built for this CM before CM start in Grand Concert scenario,2,1,,0,2,1,0,Mayano Top Gun (Wedding),Late Surger,Debuffer,2,1,0,0,2,1,0,Nice Nature,Late Surger,Debuffer,2,1,0,0,3,0,0,2 Attempts - 10 Races total,4,Day 1 - Add 2nd Team,El Condor Pasa (Fantasy),Late Surger,Ace built for this CM before CM start in Grand Concert scenario,Grass Wonder,Late Surger,Debuffer,Symboli Rudolf,Late Surger,Debuffer,2 Attempts - 10 Races total,8,2 teams,Go to Submit page,Re-use Day 1 - Team Comp 2 as Day 2 - Team Comp 1,,,,,,,,,,2 Attempts - 10 Races total,6,Day 2 - Add 2nd Team,Add new Team Comp as Day 2 - Team Comp 2,El Condor Pasa (Fantasy),Late Surger,Ace built for this CM before CM start in Grand Concert scenario,Copano Rickey,Late Surger,Mid-CM Ace build in Grand Concert scenario,Grass Wonder,Late Surger,Debuffer,1 Attempt - 5 Races total,8,2 teams,Go to Submit page,Add new Team Comp as Day 3 - Team Comp 1,A Group,Oguri Cap (Christmas),Pace Chaser,Ace built for this CM before CM start in Grand Concert scenario,Nice Nature,Late Surger,Debuffer,Mayano Top Gun (Wedding),Late Surger,Debuffer,1 Attempt - 5 Races total,5,Day 3 - Add 2nd Team,Add new Team Comp as Day 3 - Team Comp 2,El Condor Pasa (Fantasy),Late Surger,Ace built for this CM before CM start in Grand Concert scenario,Copano Rickey,Late Surger,Mid-CM Ace build in Grand Concert scenario,Grass Wonder,Late Surger,Debuffer,3 Attempts - 15 Races total,4,2 teams,Day 4,Add a new Team Comp as Day 4 - Team Comp 1,A Group,El Condor Pasa (Fantasy),Late Surger,Ace built for this CM before CM start in Grand Concert scenario,Copano Rickey,Front Runner,Ace built for this CM before CM start in Grand Concert scenario,Grass Wonder,Late Surger,Debuffer,1 Attempt - 5 Races total,2,Day 4 - Add 2nd team,Add new Team Comp as Day 4 - Team Comp 2,El Condor Pasa (Fantasy),Late Surger,Ace built for this CM before CM start in Grand Concert scenario,Nice Nature,Late Surger,Debuffer,Mayano Top Gun (Wedding),Late Surger,Debuffer,3 Attempts - 15 Races total,7,2 teams,Go to Submit page,A Finals,16724,Add new Team Comp as Finals Team Comp,El Condor Pasa (Fantasy),Late Surger,Ace built for this CM before CM start in Grand Concert scenario,Nice Nature,Late Surger,Debuffer,Mayano Top Gun (Wedding),Late Surger,Debuffer,https://drive.google.com/open?id=1P3xIn2hEyVMJTiESFty1myEsTE_CTGRM,1st,,,,,,,,,,,RAAAHHHH🦅🦅🦅🦅 (shoutout my pet bird Thorondor),https://drive.google.com/open?id=1xQ-vgWpm36VjL9kwxhMw0AyRpCKIYYh0,https://drive.google.com/open?id=1N4dExY-hdk75Ucwb7DxIj09TAC7hpZQR,,,8,6,,,https://drive.google.com/open?id=16daO9FY7F07XtB2SziSrtcGUtf5pecp0
8/9/2026 15:10:54,Aizif,Graded (No Uma Restrictions),"Win A finals with ""oshi"" uma",I accept these terms,Day 1,Android - phone or tablet,$0,1149,21-30 (roughly 3-4 per day),Discord - MooMooCord - https://discord.gg/Hc7cP9GB,5,,Mayano Top Gun,Pace Chaser,Ace built for this CM before CM start in Grand Concert scenario,3,1,,,1,1,,Grass Wonder,Late Surger,Debuffer,,,,,,,,Symboli Rudolf,Late Surger,Debuffer,,,,,,,,4 Attempts - 20 Races total,13,Go to Submit page,,,,,,,,,,,,,,,,,,,,,,,,,,,,,,,,,,,,,,,,,,,,,,,,,,,,,,,,,,,,,,,,,,,,,,,,,,,,,,,,,,,,,,,,,,,,,,,,,,,,,,,,,,,,,,,,,,,,,,,,,,,,,,,,,,
8/14/2026 5:08:17,Riri,Graded (No Uma Restrictions),Get into A finals,I accept these terms,Finals,Android - phone or tablet,$101-500,1884,21-30 (roughly 3-4 per day),Discord - MooMooCord - https://discord.gg/Hc7cP9GB,5,,El Condor Pasa (Fantasy),Late Surger,Ace built for this CM before CM start in Grand Concert scenario,2,1,,,2,1,,Yaeno Muteki,Late Surger,Ace built for this CM before CM start in Grand Concert scenario,2,1,,,2,1,,Hishi Amazon,End Closer,Ace built for this CM before CM start in Grand Concert scenario,2,1,,,2,1,,4 Attempts - 20 Races total,14,Go to Submit page,,,,,,,,,,,,,,Re-use Day 1 - Team Comp 1 as Day 2 - Team Comp 1,,,,,,,,,,4 Attempts - 20 Races total,11,Go to Submit page,,,,,,,,,,,,,,,Re-use Day 2 - Team Comp 1 as Day 3 - Team Comp 1,A Group,,,,,,,,,,4 Attempts - 20 Races total,11,Go to Submit page,,,,,,,,,,,,,,,Re-use Day 3 - Team Comp 1 as Day 4 - Team Comp 1,A Group,,,,,,,,,,4 Attempts - 20 Races total,10,Go to Submit page,,,,,,,,,,,,,,,A Finals,14763,Re-use Day 4 - Team Comp 1 as Finals Team Comp,,,,,,,,,,,3rd,No (goes to Submit page),,,,,,,,,,,,,,,,,,,
8/11/2026 14:00:37,HorseConch,Graded (No Uma Restrictions),Win A finals with any uma,I accept these terms,Day 3,iOS - phone or tablet,$1-100,624,21-30 (roughly 3-4 per day),Discord - MooMooCord - https://discord.gg/Hc7cP9GB,5,,Oguri Cap (Christmas),Pace Chaser,Ace built for this CM before CM start in Grand Concert scenario,3,0,,,2,0,,Agnes Tachyon,Pace Chaser,Debuffer,1,1,,,4,,,Nice Nature,Late Surger,Debuffer,1,1,,1,3,,,3 Attempts - 15 Races total,8,Go to Submit page,,,,,,,,,,,,,,Add new Team Comp as Day 2 - Team Comp 1,Oguri Cap (Christmas),Pace Chaser,Ace built for this CM before CM start in Grand Concert scenario,Agnes Tachyon,Pace Chaser,Debuffer,Grass Wonder,Late Surger,Debuffer,4 Attempts - 20 Races total,11,Go to Submit page,,,,,,,,,,,,,,,Re-use Day 2 - Team Comp 2 as Day 3 - Team Comp 1,A Group,,,,,,,,,,4 Attempts - 20 Races total,15,Go to Submit page,,,,,,,,,,,,,,,,,,,,,,,,,,,,,,,,,,,,,,,,,,,,,,,,,,,,,,,,,,,,,,,,,,,,,,,,,,,,
8/14/2026 5:15:22,limitbroken,Graded (No Uma Restrictions),Get into A finals,I accept these terms,Day 3,"Android - phone or tablet, Windows",$501-1000,222,21-30 (roughly 3-4 per day),"Discord - MooMooCord - https://discord.gg/Hc7cP9GB, Reddit - /r/umamusumeGame",5,,Copano Rickey,Front Runner,Ace built for this CM before CM start in Grand Concert scenario,3,1,,,1,1,,Nice Nature,Late Surger,Debuffer,2,,,,3,1,,Grass Wonder,Pace Chaser,Debuffer,2,,,,3,1,,4 Attempts - 20 Races total,11,Go to Submit page,,,,,,,,,,,,,,Re-use Day 1 - Team Comp 1 as Day 2 - Team Comp 1,,,,,,,,,,4 Attempts - 20 Races total,11,Go to Submit page,,,,,,,,,,,,,,,Re-use Day 2 - Team Comp 1 as Day 3 - Team Comp 1,A Group,,,,,,,,,,4 Attempts - 20 Races total,4,Day 4,,,,,,,,,,,,,,,Re-use Day 3 - Team Comp 1 as Day 4 - Team Comp 1,A Group,,,,,,,,,,3 Attempts - 15 Races total,7,Finals,,,,,,,,,,,,,,,A Finals,,Re-use Day 4 - Team Comp 1 as Finals Team Comp,,,,,,,,,,https://drive.google.com/open?id=1MpGKWYR1hGX9isMLW9CpQw5T9QqDXRGt,3rd,No (goes to Submit page),,,,,,,,,,,,,,,,,,,
8/14/2026 7:52:08,Lawlypop,Graded (No Uma Restrictions),Win A finals with any uma,I accept these terms,Finals,,$101-500,2113,31-45 (roughly 5-6 per day),YouTube - MooMooCows - https://www.youtube.com/@MooMooCows,3,,Copano Rickey,Front Runner,Ace built for this CM before CM start in Grand Concert scenario,2,1,,,2,1,,Oguri Cap (Christmas),Pace Chaser,Ace built for this CM before CM start in Grand Concert scenario,3,,,,2,1,,Grass Wonder,End Closer,Debuffer,1,,,1,3,1,,4 Attempts - 20 Races total,17,Go to Submit page,,,,,,,,,,,,,,Re-use Day 1 - Team Comp 1 as Day 2 - Team Comp 1,,,,,,,,,,4 Attempts - 20 Races total,18,Go to Submit page,,,,,,,,,,,,,,,Re-use Day 2 - Team Comp 1 as Day 3 - Team Comp 1,A Group,,,,,,,,,,4 Attempts - 20 Races total,18,Go to Submit page,,,,,,,,,,,,,,,Re-use Day 3 - Team Comp 1 as Day 4 - Team Comp 1,A Group,,,,,,,,,,4 Attempts - 20 Races total,15,Go to Submit page,,,,,,,,,,,,,,,A Finals,12025,Re-use Day 4 - Team Comp 1 as Finals Team Comp,,,,,,,,,,https://drive.google.com/open?id=1QpU3aUfAS8bpoagL8AU1lRSYO1ingpVa,1st,,,,,,,,,,,,https://drive.google.com/open?id=1jZBeEd5hrTEdRqBDl0gqXFevibYDGHJ-,https://drive.google.com/open?id=1Dpsps2K7fWZ6cgSPiufmucKEE_UNMtiY,,,13,3,,,https://drive.google.com/open?id=1-URh0ygMLfEiLb-d55ZgA-M89Q2aBjtb
8/14/2026 17:09:52,Katsuji,Graded (No Uma Restrictions),Win A finals with any uma,I accept these terms,Finals,"Android - phone or tablet, Windows",$501-1000,1914,46+ (more than 6 per day),Discord - MooMooCord - https://discord.gg/Hc7cP9GB,5,,Oguri Cap (Christmas),Pace Chaser,Ace built for this CM before CM start in Grand Concert scenario,2,1,0,0,2,1,,Mayano Top Gun (Wedding),Late Surger,Debuffer,1,1,1,,3,,,Nice Nature,Late Surger,Debuffer,1,1,1,,3,,,4 Attempts - 20 Races total,17,Go to Submit page,,,,,,,,,,,,,,Re-use Day 1 - Team Comp 1 as Day 2 - Team Comp 1,,,,,,,,,,4 Attempts - 20 Races total,20,Go to Submit page,,,,,,,,,,,,,,,Re-use Day 2 - Team Comp 1 as Day 3 - Team Comp 1,A Group,,,,,,,,,,4 Attempts - 20 Races total,14,Go to Submit page,,,,,,,,,,,,,,,Re-use Day 3 - Team Comp 1 as Day 4 - Team Comp 1,A Group,,,,,,,,,,4 Attempts - 20 Races total,14,Go to Submit page,,,,,,,,,,,,,,,A Finals,14103,Re-use Day 4 - Team Comp 1 as Finals Team Comp,,,,,,,,,,https://drive.google.com/open?id=1wKto2nf2tkkpvwdMLfngQHBc89rX24Jy,1st,,,,,,,,,,,,,,,,,,,,
8/14/2026 9:46:58,Nekky,Graded (No Uma Restrictions),Win A finals with any uma,I accept these terms,Finals,"iOS - phone or tablet, Windows",Rather not say,1400,31-45 (roughly 5-6 per day),Discord - MooMooCord - https://discord.gg/Hc7cP9GB,,,Oguri Cap (Christmas),Pace Chaser,Ace built for this CM before CM start in Grand Concert scenario,3,,,,2,0,,Grass Wonder,End Closer,Debuffer,,,,,,,,Agnes Tachyon,End Closer,Debuffer,,,,,,,,4 Attempts - 20 Races total,18,Go to Submit page,,,,,,,,,,,,,,Re-use Day 1 - Team Comp 1 as Day 2 - Team Comp 1,,,,,,,,,,4 Attempts - 20 Races total,13,Go to Submit page,,,,,,,,,,,,,,,Re-use Day 2 - Team Comp 1 as Day 3 - Team Comp 1,A Group,,,,,,,,,,4 Attempts - 20 Races total,14,Go to Submit page,,,,,,,,,,,,,,,Re-use Day 3 - Team Comp 1 as Day 4 - Team Comp 1,A Group,,,,,,,,,,4 Attempts - 20 Races total,11,Go to Submit page,,,,,,,,,,,,,,,A Finals,8669,Re-use Day 4 - Team Comp 1 as Finals Team Comp,,,,,,,,,,https://drive.google.com/open?id=1brPoWchYarm9OcTNVJHSCzStPHIeLzox,1st,,,,,,,,,,,,https://drive.google.com/open?id=1413fHPINR2yaJQTt8ry4e7Ty1u6cvVvY,https://drive.google.com/open?id=1gghGtry4Xn1tmnN5r5KnPWmWwCdqha8s,,,8,4,,2,https://drive.google.com/open?id=1cvwQQrB7177uyykNz1wKjbDlGEgedqyc
8/12/2026 10:46:24,Zetdivx,Graded (No Uma Restrictions),Win A finals with any uma,I accept these terms,Day 4,"Android - phone or tablet, Windows",$1001-5000,1382,46+ (more than 6 per day),"Friend sent me the link, Discord - MooMooCord - https://discord.gg/Hc7cP9GB",5,,Oguri Cap (Christmas),Pace Chaser,Ace built for this CM before CM start in Grand Concert scenario,3,,,,2,1,,Nice Nature (Cheerleader),Late Surger,Debuffer,1,1,,,4,,,Grass Wonder,Late Surger,Debuffer,1,1,,,4,,,1 Attempt - 5 Races total,3,Day 1 - Add 2nd Team,Oguri Cap (Christmas),Pace Chaser,Ace built for this CM before CM start in Grand Concert scenario,Grass Wonder,Late Surger,Debuffer,Nice Nature (Cheerleader),Late Surger,Debuffer,3 Attempts - 15 Races total,11,2 teams,Go to Submit page,Re-use Day 1 - Team Comp 2 as Day 2 - Team Comp 1,,,,,,,,,,4 Attempts - 20 Races total,16,Day 3,,,,,,,,,,,,,,,Re-use Day 2 - Team Comp 1 as Day 3 - Team Comp 1,A Group,,,,,,,,,,4 Attempts - 20 Races total,16,Go to Submit page,,,,,,,,,,,,,,,Re-use Day 3 - Team Comp 1 as Day 4 - Team Comp 1,A Group,,,,,,,,,,4 Attempts - 20 Races total,15,Go to Submit page,,,,,,,,,,,,,,,,,,,,,,,,,,,,,,,,,,,,,,,,,,,,,,,,
8/14/2026 10:24:18,Malevian,Graded (No Uma Restrictions),Get into A finals,I accept these terms,Finals,Windows,$1-100,1103,11-20 (roughly 2-3 per day),Discord - MooMooCord - https://discord.gg/Hc7cP9GB,5,,Oguri Cap (Christmas),Pace Chaser,Ace built for this CM before CM start in Grand Concert scenario,2,1,,,2,1,,Agnes Tachyon,Late Surger,Debuffer,1,1,,1,3,,,Grass Wonder,Late Surger,Debuffer,1,1,,1,3,,,4 Attempts - 20 Races total,9,Go to Submit page,,,,,,,,,,,,,,Re-use Day 1 - Team Comp 1 as Day 2 - Team Comp 1,,,,,,,,,,4 Attempts - 20 Races total,7,Go to Submit page,,,,,,,,,,,,,,,Re-use Day 2 - Team Comp 1 as Day 3 - Team Comp 1,A Group,,,,,,,,,,4 Attempts - 20 Races total,11,Go to Submit page,,,,,,,,,,,,,,,Re-use Day 3 - Team Comp 1 as Day 4 - Team Comp 1,A Group,,,,,,,,,,4 Attempts - 20 Races total,11,Go to Submit page,,,,,,,,,,,,,,,A Finals,6011,Re-use Day 4 - Team Comp 1 as Finals Team Comp,,,,,,,,,,,2nd,No (goes to Submit page),,,,,,,,,,,,,,,,,,,
8/14/2026 16:54:00,norse,Graded (No Uma Restrictions),"Win A finals with ""oshi"" uma",I accept these terms,Finals,Windows,$101-500,1834,31-45 (roughly 5-6 per day),Discord - Pakacord! - https://discord.gg/6mwHqhBm,,,Gold Ship,End Closer,Ace built for this CM before CM start in Grand Concert scenario,3,0,0,0,2,1,0,Agnes Tachyon,Late Surger,Debuffer,,,,,,,,Grass Wonder,Late Surger,Debuffer,,,,,,,,4 Attempts - 20 Races total,5,Go to Submit page,,,,,,,,,,,,,,Re-use Day 1 - Team Comp 1 as Day 2 - Team Comp 1,,,,,,,,,,4 Attempts - 20 Races total,5,Go to Submit page,,,,,,,,,,,,,,,Re-use Day 2 - Team Comp 1 as Day 3 - Team Comp 1,A Group,,,,,,,,,,4 Attempts - 20 Races total,4,Go to Submit page,,,,,,,,,,,,,,,Re-use Day 3 - Team Comp 1 as Day 4 - Team Comp 1,A Group,,,,,,,,,,4 Attempts - 20 Races total,1,Go to Submit page,,,,,,,,,,,,,,,B Finals,1668,Re-use Day 4 - Team Comp 1 as Finals Team Comp,,,,,,,,,,https://drive.google.com/open?id=1j_LkYhmPJrHmH54gDNlubnnYXtoSARz-,2nd,No (goes to Submit page),,,,,,,,,,,,,,,,,,,
8/12/2026 22:01:41,Rat,Graded (No Uma Restrictions),Get into A finals,I accept these terms,Day 4,Android - phone or tablet,$101-500,1340,21-30 (roughly 3-4 per day),Discord - MooMooCord - https://discord.gg/Hc7cP9GB,4,,,,,,,,,,,,,,,,,,,,,,,,,,,,,,,,,,,,,,,,,,,,,,,,,,,,,,,,,,,,,,,,,,,,,,,,,,,Re-use Day 2 - Team Comp 1 as Day 3 - Team Comp 1,A Group,,,,,,,,,,4 Attempts - 20 Races total,13,Go to Submit page,,,,,,,,,,,,,,,Add a new Team Comp as Day 4 - Team Comp 1,A Group,Oguri Cap (Christmas),Pace Chaser,Mid-CM Ace build in Grand Concert scenario,Eishin Flash (Valentine),Late Surger,Debuffer,Grass Wonder,Late Surger,Debuffer,4 Attempts - 20 Races total,14,Go to Submit page,,,,,,,,,,,,,,,,,,,,,,,,,,,,,,,,,,,,,,,,,,,,,,,,
8/14/2026 15:06:11,Akranite,Graded (No Uma Restrictions),Win A finals with any uma,I accept these terms,Finals,"Android - phone or tablet, Windows",$501-1000,1144,21-30 (roughly 3-4 per day),"Discord - MooMooCord - https://discord.gg/Hc7cP9GB, Twitch - MooMooCows - https://www.twitch.tv/moomoomoocows, YouTube - MooMooCows - https://www.youtube.com/@MooMooCows",,,Oguri Cap (Christmas),Pace Chaser,Ace built for this CM before CM start in Grand Concert scenario,2,0,1,0,2,1,0,Agnes Tachyon,Late Surger,Debuffer,1,0,1,1,2,1,0,Grass Wonder,Late Surger,Debuffer,1,0,1,0,3,1,0,4 Attempts - 20 Races total,19,Go to Submit page,,,,,,,,,,,,,,Re-use Day 1 - Team Comp 1 as Day 2 - Team Comp 1,,,,,,,,,,4 Attempts - 20 Races total,18,Go to Submit page,,,,,,,,,,,,,,,Re-use Day 2 - Team Comp 1 as Day 3 - Team Comp 1,A Group,,,,,,,,,,4 Attempts - 20 Races total,16,Go to Submit page,,,,,,,,,,,,,,,Re-use Day 3 - Team Comp 1 as Day 4 - Team Comp 1,A Group,,,,,,,,,,4 Attempts - 20 Races total,16,Go to Submit page,,,,,,,,,,,,,,,A Finals,12347,Re-use Day 4 - Team Comp 1 as Finals Team Comp,,,,,,,,,,https://drive.google.com/open?id=1UAFoz8vztF4zW5nGKBm3K22RNj4c6WxA,1st,,,,,,,,,,,,https://drive.google.com/open?id=1ARSVpPg36IHEvg5Iwn8Z68BuaL1wdw1a,https://drive.google.com/open?id=13uYRToXB7Mc-HeW02D52cFIYJNV_Jy0Y,,0,16,0,0,0,https://drive.google.com/open?id=1eI-I-iKEUyI5qDu7nzYGGADHghux7bq6
8/12/2026 22:54:31,Kimono,Graded (No Uma Restrictions),Get into A finals,I accept these terms,Day 4,"Android - phone or tablet, Windows",$101-500,1009,11-20 (roughly 2-3 per day),"Discord - MooMooCord - https://discord.gg/Hc7cP9GB, Twitch - MooMooCows - https://www.twitch.tv/moomoomoocows",5,,Oguri Cap (Christmas),Pace Chaser,Ace built for this CM before CM start in Grand Concert scenario,2,0,1,0,2,1,0,Inari One,Late Surger,Ace built for this CM before CM start in Grand Concert scenario,2,1,0,0,2,1,0,Super Creek,Pace Chaser,Ace built for this CM before CM start in Grand Concert scenario,2,0,1,0,2,1,0,4 Attempts - 20 Races total,14,Go to Submit page,,,,,,,,,,,,,,Re-use Day 1 - Team Comp 1 as Day 2 - Team Comp 1,,,,,,,,,,4 Attempts - 20 Races total,12,Go to Submit page,,,,,,,,,,,,,,,Re-use Day 2 - Team Comp 1 as Day 3 - Team Comp 1,A Group,,,,,,,,,,4 Attempts - 20 Races total,9,Go to Submit page,,,,,,,,,,,,,,,Re-use Day 3 - Team Comp 1 as Day 4 - Team Comp 1,A Group,,,,,,,,,,4 Attempts - 20 Races total,10,Go to Submit page,,,,,,,,,,,,,,,,,,,,,,,,,,,,,,,,,,,,,,,,,,,,,,,,
8/12/2026 21:28:12,Nicoti,Graded (No Uma Restrictions),Collect participation rewards,I accept these terms,Day 4,,,,,,,,Smart Falcon,Front Runner,Ace built for this CM before CM start in Grand Concert scenario,,,,,,,,Copano Rickey,Front Runner,Ace built for this CM before CM start in Grand Concert scenario,,,,,,,,Mayano Top Gun (Wedding),Front Runner,Debuffer,,,,,,,,4 Attempts - 20 Races total,11,Go to Submit page,,,,,,,,,,,,,,Re-use Day 1 - Team Comp 1 as Day 2 - Team Comp 1,,,,,,,,,,4 Attempts - 20 Races total,11,Go to Submit page,,,,,,,,,,,,,,,Re-use Day 2 - Team Comp 1 as Day 3 - Team Comp 1,A Group,,,,,,,,,,4 Attempts - 20 Races total,11,Go to Submit page,,,,,,,,,,,,,,,Re-use Day 3 - Team Comp 1 as Day 4 - Team Comp 1,A Group,,,,,,,,,,4 Attempts - 20 Races total,11,Go to Submit page,,,,,,,,,,,,,,,,,,,,,,,,,,,,,,,,,,,,,,,,,,,,,,,,
8/14/2026 5:21:14,Ronesi,Graded (No Uma Restrictions),Challenging X Oguri with Pace OG Oguri ,I accept these terms,Finals,Windows,$101-500,1095,,Discord - MooMooCord - https://discord.gg/Hc7cP9GB,5,,Oguri Cap,Pace Chaser,Ace built for this CM before CM start in Grand Concert scenario,2,0,1,0,2,1,0,Nice Nature,Late Surger,Debuffer,,,,,,,,Grass Wonder,Late Surger,Debuffer,,,,,,,,4 Attempts - 20 Races total,13,Day 2,,,,,,,,,,,,,,Re-use Day 1 - Team Comp 1 as Day 2 - Team Comp 1,,,,,,,,,,4 Attempts - 20 Races total,12,Go to Submit page,,,,,,,,,,,,,,,Add new Team Comp as Day 3 - Team Comp 1,A Group,Oguri Cap,Pace Chaser,Ace built for this CM before CM start in Grand Concert scenario,Eishin Flash (Valentine),Late Surger,Debuffer,Grass Wonder,Late Surger,Debuffer,4 Attempts - 20 Races total,6,Go to Submit page,,,,,,,,,,,,,,,Re-use Day 3 - Team Comp 1 as Day 4 - Team Comp 1,A Group,,,,,,,,,,4 Attempts - 20 Races total,8,Go to Submit page,,,,,,,,,,,,,,,A Finals,11878,Re-use Day 4 - Team Comp 1 as Finals Team Comp,,,,,,,,,,https://drive.google.com/open?id=1apZ8_kGYYgybgmZyViukWNbCnju2luRi,1st,,,,,,,,,,,all you can eat buffet here i go,https://drive.google.com/open?id=1D2DYRN-gTRx-fO6nOcHqUQUsbJsCBQVU,,,,14,3,,,https://drive.google.com/open?id=1I71jyOsoTZK0hZbSTA2ZlCjmSZzyfY6p
8/14/2026 9:31:41,nonaddict,Graded (No Uma Restrictions),Get into A finals,I accept these terms,Finals,Windows,$101-500,872,6-10 (roughly 1 per day),Discord - MooMooCord - https://discord.gg/Hc7cP9GB,5,,Agnes Tachyon,Late Surger,Debuffer,1,,1,,3,1,,Nice Nature (Cheerleader),Late Surger,Debuffer,1,1,1,,2,1,,Oguri Cap (Christmas),Pace Chaser,Ace built for this CM before CM start in Grand Concert scenario,2,,1,,2,1,,2 Attempts - 10 Races total,7,Go to Submit page,,,,,,,,,,,,,,Re-use Day 1 - Team Comp 1 as Day 2 - Team Comp 1,,,,,,,,,,2 Attempts - 10 Races total,7,Go to Submit page,,,,,,,,,,,,,,,Re-use Day 2 - Team Comp 1 as Day 3 - Team Comp 1,A Group,,,,,,,,,,4 Attempts - 20 Races total,9,Go to Submit page,,,,,,,,,,,,,,,Re-use Day 3 - Team Comp 1 as Day 4 - Team Comp 1,A Group,,,,,,,,,,4 Attempts - 20 Races total,12,Go to Submit page,,,,,,,,,,,,,,,A Finals,12592,Re-use Day 4 - Team Comp 1 as Finals Team Comp,,,,,,,,,,https://drive.google.com/open?id=12UAPSNrhOkWSjHDh_vkDbgVlr9IdxONw,2nd,Yes,https://drive.google.com/open?id=1V7QWHHVoBH_2EFs_3meJVV1g1fOgCBBb,https://drive.google.com/open?id=1UTS9kyyKMIdyqpoMbqofsQIHz1dwd3U4,https://drive.google.com/open?id=14mWOgFXWgzD_nZC1VEG4swVRYgLKU6cU,0,14,2,0,0,https://drive.google.com/open?id=1xjjhEWCNpVflDA2kvUkOdsFXDk_7Kg7Q,,,,,,,,,,
8/14/2026 11:50:30,Kyosu,Graded (No Uma Restrictions),Get into A finals,I accept these terms,Finals,"Android - phone or tablet, Windows",$101-500,1374,46+ (more than 6 per day),"Discord - MooMooCord - https://discord.gg/Hc7cP9GB, Twitch - MooMooCows - https://www.twitch.tv/moomoomoocows, YouTube - MooMooCows - https://www.youtube.com/@MooMooCows",5,For OPTIONAL - Weekly Career Count should maybe specify if you are counting autoplay or not,Oguri Cap (Christmas),Pace Chaser,Ace built for this CM before CM start in Grand Concert scenario,3,,,,2,1,,Nice Nature,Late Surger,Debuffer,,,,,,,,Super Creek (Halloween),Late Surger,Debuffer,,,,,,,,4 Attempts - 20 Races total,13,Go to Submit page,,,,,,,,,,,,,,Re-use Day 1 - Team Comp 1 as Day 2 - Team Comp 1,,,,,,,,,,4 Attempts - 20 Races total,12,Go to Submit page,,,,,,,,,,,,,,,Add new Team Comp as Day 3 - Team Comp 1,A Group,Oguri Cap (Christmas),Pace Chaser,Ace built for this CM before CM start in Grand Concert scenario,Grass Wonder,Late Surger,Debuffer,Eishin Flash (Valentine),Late Surger,Debuffer,4 Attempts - 20 Races total,7,Go to Submit page,,,,,,,,,,,,,,,Re-use Day 3 - Team Comp 1 as Day 4 - Team Comp 1,A Group,,,,,,,,,,4 Attempts - 20 Races total,13,Go to Submit page,,,,,,,,,,,,,,,A Finals,10932,Re-use Day 4 - Team Comp 1 as Finals Team Comp,,,,,,,,,,https://drive.google.com/open?id=1fVp-2veAQv7E8URAxpD9tj565l50l7ls,1st,,,,,,,,,,,,https://drive.google.com/open?id=1R3y7vnt57o2l5HuW8w4BJs6SnakE6oCs,https://drive.google.com/open?id=1bvTCS_F2EKREj3Q8rxP5hKQoCNW-EQC_,,,13,,3,,https://drive.google.com/open?id=1CTg30yZRm7rUDE26erJG9o6r-3XFljp_
8/14/2026 10:17:10,Ess,Graded (No Uma Restrictions),Get into A finals,I accept these terms,Finals,Windows,$101-500,,,,,,Oguri Cap (Christmas),Pace Chaser,Ace built for this CM before CM start in Grand Concert scenario,2,1,,,2,1,,Eishin Flash (Valentine),Late Surger,Debuffer,,,,,,,,Grass Wonder,Late Surger,Debuffer,,,,,,,,4 Attempts - 20 Races total,14,Go to Submit page,,,,,,,,,,,,,,Re-use Day 1 - Team Comp 1 as Day 2 - Team Comp 1,,,,,,,,,,4 Attempts - 20 Races total,16,Go to Submit page,,,,,,,,,,,,,,,Re-use Day 2 - Team Comp 1 as Day 3 - Team Comp 1,A Group,,,,,,,,,,4 Attempts - 20 Races total,12,Go to Submit page,,,,,,,,,,,,,,,Re-use Day 3 - Team Comp 1 as Day 4 - Team Comp 1,A Group,,,,,,,,,,4 Attempts - 20 Races total,10,Go to Submit page,,,,,,,,,,,,,,,A Finals,11907,Re-use Day 4 - Team Comp 1 as Finals Team Comp,,,,,,,,,,https://drive.google.com/open?id=1tAhK09gRPI1xycIkgy-Vv7Z5PvXbdC8d,2nd,Yes,https://drive.google.com/open?id=1nLRvS6rpes_5bMi1sPiH4kdhU0-j2Med,https://drive.google.com/open?id=1XlLmkEXFUt9mF4xsAF3O5fNOthk2ZhN3,,0,2,11,0,0,https://drive.google.com/open?id=1I89PcE9ef_nU03dd8Ptyo89s9NlJQIjF,,,,,,,,,,
8/15/2026 3:03:23,JaxomofRuatha,Graded (No Uma Restrictions),"Win A finals with ""oshi"" uma",I accept these terms,Finals,Android - phone or tablet,$101-500,1623,11-20 (roughly 2-3 per day),Discord - MooMooCord - https://discord.gg/Hc7cP9GB,5,,Agnes Digital,End Closer,Ace built for this CM before CM start in Grand Concert scenario,2,0,1,,2,1,0,Grass Wonder,Late Surger,Debuffer,2,0,0,0,3,1,0,Eishin Flash (Valentine),End Closer,Debuffer,1,0,1,0,3,1,0,4 Attempts - 20 Races total,16,Go to Submit page,,,,,,,,,,,,,,Re-use Day 1 - Team Comp 1 as Day 2 - Team Comp 1,,,,,,,,,,4 Attempts - 20 Races total,18,Go to Submit page,,,,,,,,,,,,,,,Re-use Day 2 - Team Comp 1 as Day 3 - Team Comp 1,A Group,,,,,,,,,,4 Attempts - 20 Races total,9,Go to Submit page,,,,,,,,,,,,,,,Re-use Day 3 - Team Comp 1 as Day 4 - Team Comp 1,A Group,,,,,,,,,,4 Attempts - 20 Races total,15,Go to Submit page,,,,,,,,,,,,,,,A Finals,9717,Re-use Day 4 - Team Comp 1 as Finals Team Comp,,,,,,,,,,https://drive.google.com/open?id=1gp9wLj2M970HFEYen0Ota9D6JcaP4OVa,3rd,Yes,https://drive.google.com/open?id=1abmu-BRC8kM-5Bs1Xx_SWiAu5KKPo5Hb,https://drive.google.com/open?id=16hFxaiCYN6pyu1JbfapPnb7zYlwE55Uz,https://drive.google.com/open?id=1_ZhV5GqjtOC8Rbq5-9plepbEr1sNzzCE,0,17,0,0,0,https://drive.google.com/open?id=19j13KkriLDhEW2BLxZa3xod6xXl8n1wQ,,,,,,,,,,
8/12/2026 23:14:41,FanConE,Graded (No Uma Restrictions),Get into A finals,I accept these terms,Day 4,"Android - phone or tablet, Windows",$101-500,1142,21-30 (roughly 3-4 per day),"Discord - MooMooCord - https://discord.gg/Hc7cP9GB, YouTube - MooMooCows - https://www.youtube.com/@MooMooCows",,,Oguri Cap (Christmas),Pace Chaser,Ace built for this CM before CM start in Grand Concert scenario,2,1,,,2,1,,Nice Nature,Late Surger,Debuffer,,,,,,,,Agnes Tachyon,Late Surger,Debuffer,,,,,,,,4 Attempts - 20 Races total,14,Go to Submit page,,,,,,,,,,,,,,Re-use Day 1 - Team Comp 1 as Day 2 - Team Comp 1,,,,,,,,,,4 Attempts - 20 Races total,9,Go to Submit page,,,,,,,,,,,,,,,Add new Team Comp as Day 3 - Team Comp 1,A Group,Oguri Cap (Christmas),Pace Chaser,Ace built for this CM before CM start in Grand Concert scenario,Symboli Rudolf,Late Surger,Debuffer,Agnes Tachyon,Late Surger,Debuffer,4 Attempts - 20 Races total,9,Go to Submit page,,,,,,,,,,,,,,,Re-use Day 3 - Team Comp 1 as Day 4 - Team Comp 1,A Group,,,,,,,,,,4 Attempts - 20 Races total,13,Go to Submit page,,,,,,,,,,,,,,,,,,,,,,,,,,,,,,,,,,,,,,,,,,,,,,,,
8/14/2026 11:30:28,M-AS,Graded (No Uma Restrictions),Win A finals with any uma,I accept these terms,Day 2,"iOS - phone or tablet, Windows",$501-1000,,11-20 (roughly 2-3 per day),Discord - MooMooCord - https://discord.gg/Hc7cP9GB,5,,Oguri Cap (Christmas),Pace Chaser,Ace built for this CM before CM start in Grand Concert scenario,2,1,0,0,2,1,0,Nice Nature,Late Surger,Debuffer,,,,,,,,Mayano Top Gun (Wedding),End Closer,Debuffer,,,,,,,,4 Attempts - 20 Races total,14,Go to Submit page,,,,,,,,,,,,,,Re-use Day 1 - Team Comp 1 as Day 2 - Team Comp 1,,,,,,,,,,4 Attempts - 20 Races total,11,Day 3,,,,,,,,,,,,,,,Add new Team Comp as Day 3 - Team Comp 1,A Group,Oguri Cap (Christmas),Pace Chaser,Mid-CM Ace build in Grand Concert scenario,Nice Nature (Cheerleader),End Closer,Debuffer,Grass Wonder,End Closer,Debuffer,4 Attempts - 20 Races total,11,Day 4,,,,,,,,,,,,,,,Re-use Day 3 - Team Comp 1 as Day 4 - Team Comp 1,A Group,,,,,,,,,,4 Attempts - 20 Races total,12,Finals,,,,,,,,,,,,,,,A Finals,9101,Re-use Day 4 - Team Comp 1 as Finals Team Comp,,,,,,,,,,https://drive.google.com/open?id=1-go2GXFCY4-WSE37l8NMcA74Ru25todd,1st,,,,,,,,,,,,https://drive.google.com/open?id=1ShxaCtYEM0ZMpfXNx8gqEMCUQE1LZwpn,https://drive.google.com/open?id=1MVsq9grylqR2l626W-Gkn9-iJ9kimMPg,,0,8,4,0,1,https://drive.google.com/open?id=1ViLsL_F--78h8g07uPB1IEV90w6eB-wD
8/14/2026 10:28:46,Sundae ヽ（￣▽￣）ノ,Graded (No Uma Restrictions),Get into A finals,I accept these terms,Finals,"Android - phone or tablet, Windows",$101-500,1850,46+ (more than 6 per day),Twitch - MooMooCows - https://www.twitch.tv/moomoomoocows,,,Oguri Cap,Late Surger,Ace built for this CM after CM start in Grand Concert scenario,3,1,,,1,1,,Nice Nature,Late Surger,Debuffer,1,1,,,4,,,Mejiro Dober,Late Surger,Debuffer,1,1,,,4,,,4 Attempts - 20 Races total,14,Go to Submit page,,,,,,,,,,,,,,Re-use Day 1 - Team Comp 1 as Day 2 - Team Comp 1,,,,,,,,,,4 Attempts - 20 Races total,13,Go to Submit page,,,,,,,,,,,,,,,Re-use Day 2 - Team Comp 1 as Day 3 - Team Comp 1,A Group,,,,,,,,,,4 Attempts - 20 Races total,10,Go to Submit page,,,,,,,,,,,,,,,Re-use Day 3 - Team Comp 1 as Day 4 - Team Comp 1,A Group,,,,,,,,,,4 Attempts - 20 Races total,9,Go to Submit page,,,,,,,,,,,,,,,A Finals,13266,Re-use Day 4 - Team Comp 1 as Finals Team Comp,,,,,,,,,,https://drive.google.com/open?id=1AHvStLsixJPGwr3P8KmUGuAXkkPWWcNB,3rd,No (goes to Submit page),,,,,,,,,,,,,,,,,,,
8/14/2026 17:06:08,LumberjackDream,Graded (No Uma Restrictions),Get into A finals,I accept these terms,Day 4,Windows,$101-500,1796,31-45 (roughly 5-6 per day),"Discord - MooMooCord - https://discord.gg/Hc7cP9GB, YouTube - MooMooCows - https://www.youtube.com/@MooMooCows",,,Mayano Top Gun,Front Runner,Ace built for this CM before CM start in Grand Concert scenario,3,1,,,1,1,,Taiki Shuttle (Camping),Pace Chaser,Ace built for this CM before CM start in Grand Concert scenario,3,2,,,,0,,Smart Falcon,Front Runner,Ace built for this CM before CM start in Grand Concert scenario,2,1,,,2,1,,4 Attempts - 20 Races total,13,Go to Submit page,,,,,,,,,,,,,,Re-use Day 1 - Team Comp 1 as Day 2 - Team Comp 1,,,,,,,,,,4 Attempts - 20 Races total,13,Go to Submit page,,,,,,,,,,,,,,,Re-use Day 2 - Team Comp 1 as Day 3 - Team Comp 1,A Group,,,,,,,,,,4 Attempts - 20 Races total,10,Go to Submit page,,,,,,,,,,,,,,,Re-use Day 3 - Team Comp 1 as Day 4 - Team Comp 1,A Group,,,,,,,,,,4 Attempts - 20 Races total,10,Finals,,,,,,,,,,,,,,,A Finals,13303,Re-use Day 4 - Team Comp 1 as Finals Team Comp,,,,,,,,,,https://drive.google.com/open?id=1Y_KQa5LFlCX3RwuohxQSbvCHo6QheL4J,3rd,Yes,https://drive.google.com/open?id=1VP3yD-lyIIoc9c2YqxktYLUasQKpGMu7,https://drive.google.com/open?id=1m-ejXNJnHeWk4inz-MvLh7v0tx9dwN35,,2,12,3,,,https://drive.google.com/open?id=1Rkx_KiycmJFNTgPP6EyjDCf9LTU-6rHR,,,,,,,,,,
8/14/2026 20:52:09,BaronneDeFleur,Graded (No Uma Restrictions),Get into A finals,I accept these terms,Finals,Android - phone or tablet,$1-100,972,6-10 (roughly 1 per day),Discord - MooMooCord - https://discord.gg/Hc7cP9GB,3,,Special Week,Late Surger,Ace built for this CM before CM start in Grand Concert scenario,,,,,,,,El Condor Pasa,Pace Chaser,Ace built for this CM before CM start in Grand Concert scenario,,,,,,,,Grass Wonder,Late Surger,Debuffer,,,,,,,,4 Attempts - 20 Races total,11,Go to Submit page,,,,,,,,,,,,,,Re-use Day 1 - Team Comp 1 as Day 2 - Team Comp 1,,,,,,,,,,4 Attempts - 20 Races total,16,Go to Submit page,,,,,,,,,,,,,,,Re-use Day 2 - Team Comp 1 as Day 3 - Team Comp 1,A Group,,,,,,,,,,4 Attempts - 20 Races total,5,Go to Submit page,,,,,,,,,,,,,,,Re-use Day 3 - Team Comp 1 as Day 4 - Team Comp 1,A Group,,,,,,,,,,4 Attempts - 20 Races total,7,Go to Submit page,,,,,,,,,,,,,,,A Finals,6520,Re-use Day 4 - Team Comp 1 as Finals Team Comp,,,,,,,,,,https://drive.google.com/open?id=1cQ8L6f7709BAoyUFPfMNKFdiIlhI8Qpa,1st,,,,,,,,,,,She's so Special for me. ,https://drive.google.com/open?id=1CrErsooGUjXI3UqgYRVeQj59UOkbVnWJ,https://drive.google.com/open?id=1sztAKAgVDF1Crz_YLmgz4MDuOUMAfdus,,,7,6,,,https://drive.google.com/open?id=1iJoETVLdXI9lwiZttaaFDDs53922qClg
8/14/2026 17:31:29,EvnSparks,Graded (No Uma Restrictions),Get into A finals,I accept these terms,Day 4,"iOS - phone or tablet, Windows",$101-500,1092,21-30 (roughly 3-4 per day),Discord - MooMooCord - https://discord.gg/Hc7cP9GB,4,,Oguri Cap (Christmas),Pace Chaser,Ace built for this CM before CM start in Grand Concert scenario,3,0,0,0,2,1,0,Grass Wonder,Late Surger,Debuffer,,,,,,,,Symboli Rudolf,Late Surger,Debuffer,,,,,,,,4 Attempts - 20 Races total,16,Go to Submit page,,,,,,,,,,,,,,Re-use Day 1 - Team Comp 1 as Day 2 - Team Comp 1,,,,,,,,,,4 Attempts - 20 Races total,18,Go to Submit page,,,,,,,,,,,,,,,Re-use Day 2 - Team Comp 1 as Day 3 - Team Comp 1,A Group,,,,,,,,,,4 Attempts - 20 Races total,14,Day 4,,,,,,,,,,,,,,,Re-use Day 3 - Team Comp 1 as Day 4 - Team Comp 1,A Group,,,,,,,,,,4 Attempts - 20 Races total,12,Finals,,,,,,,,,,,,,,,A Finals,11489,Re-use Day 4 - Team Comp 1 as Finals Team Comp,,,,,,,,,,https://drive.google.com/open?id=1-n5TYdhDqbzWZw5RTX_pUsbFaLGftTV6,1st,,,,,,,,,,,,https://drive.google.com/open?id=1N1esNxhRNPXFmEZbRbLoupNPux0qAu7G,https://drive.google.com/open?id=1NHqBLdvxvBp_gUINwyhjNQZjskJ-ngg4,,,17,,,,https://drive.google.com/open?id=1rj-1U8clFer2ZLSA5txUc0qB0a_KE-fu
8/14/2026 15:51:24,Yama,Graded (No Uma Restrictions),Rather not say,I accept these terms,Finals,Windows,$101-500,,21-30 (roughly 3-4 per day),Discord - MooMooCord - https://discord.gg/Hc7cP9GB,,,Copano Rickey,Pace Chaser,Ace built for this CM before CM start in Grand Concert scenario,,,,,,,,Symboli Rudolf,Late Surger,Debuffer,,,,,,,,Grass Wonder,Late Surger,Debuffer,,,,,,,,4 Attempts - 20 Races total,15,Go to Submit page,,,,,,,,,,,,,,Add new Team Comp as Day 2 - Team Comp 1,Copano Rickey,Pace Chaser,Mid-CM Ace build in Grand Concert scenario,Grass Wonder,Late Surger,Debuffer,Symboli Rudolf,Late Surger,Debuffer,3 Attempts - 15 Races total,9,Day 2 - Add 2nd Team,Re-use Day 1 - Team Comp 1 as Day 2 - Team Comp 2,,,,,,,,,,1 Attempt - 5 Races total,4,2 teams,Go to Submit page,Re-use Day 2 - Team Comp 2 as Day 3 - Team Comp 1,A Group,,,,,,,,,,4 Attempts - 20 Races total,15,Go to Submit page,,,,,,,,,,,,,,,Re-use Day 3 - Team Comp 1 as Day 4 - Team Comp 1,A Group,,,,,,,,,,4 Attempts - 20 Races total,13,Go to Submit page,,,,,,,,,,,,,,,A Finals,,Re-use Day 4 - Team Comp 1 as Finals Team Comp,,,,,,,,,,,2nd,No (goes to Submit page),,,,,,,,,,,,,,,,,,,
8/14/2026 6:09:41,SoupEnergy,Graded (No Uma Restrictions),Get into B finals,I accept these terms,Finals,"iOS - phone or tablet, MacOS",$0,,,,,,Agnes Digital,Late Surger,Ace built for this CM before CM start in Grand Concert scenario,,,,,,,,Oguri Cap (Christmas),Pace Chaser,Ace built for this CM before CM start in Unity Cup scenario,,,,,,,,Smart Falcon (Grand Concert),Front Runner,Ace built for this CM before CM start in Unity Cup scenario,,,,,,,,3 Attempts - 15 Races total,9,Go to Submit page,,,,,,,,,,,,,,Add new Team Comp as Day 2 - Team Comp 1,Agnes Digital,Late Surger,Ace built for this CM before CM start in Grand Concert scenario,Oguri Cap (Christmas),Pace Chaser,UmaGPT ace,Smart Falcon (Grand Concert),Front Runner,UmaGPT ace,3 Attempts - 15 Races total,7,Go to Submit page,,,,,,,,,,,,,,,Re-use Day 2 - Team Comp 2 as Day 3 - Team Comp 1,A Group,,,,,,,,,,3 Attempts - 15 Races total,3,Go to Submit page,,,,,,,,,,,,,,,Re-use Day 3 - Team Comp 1 as Day 4 - Team Comp 1,A Group,,,,,,,,,,3 Attempts - 15 Races total,1,Go to Submit page,,,,,,,,,,,,,,,B Finals,2990,Add new Team Comp as Finals Team Comp,Agnes Digital,Late Surger,Mid-CM Ace build in Grand Concert scenario,Oguri Cap (Christmas),Pace Chaser,Mid-CM Ace build in Unity Cup scenario,Smart Falcon (Grand Concert),Front Runner,Mid-CM Ace build in Unity Cup scenario,,1st,,,,,,,,,,,,,,,,,,,,
8/12/2026 12:20:20,VicTimOfDEaTH,Graded (No Uma Restrictions),"Win A finals with ""oshi"" uma",I accept these terms,Day 4,Windows,$1-100,,21-30 (roughly 3-4 per day),"Discord - MooMooCord - https://discord.gg/Hc7cP9GB, YouTube - MooMooCows - https://www.youtube.com/@MooMooCows",4,,Inari One,End Closer,Ace built for this CM before CM start in Grand Concert scenario,2,1,0,0,2,1,0,Symboli Rudolf,Late Surger,Debuffer,2,1,0,0,2,1,0,Grass Wonder,Late Surger,Debuffer,2,1,0,0,2,1,0,4 Attempts - 20 Races total,14,Go to Submit page,,,,,,,,,,,,,,Re-use Day 1 - Team Comp 1 as Day 2 - Team Comp 1,,,,,,,,,,4 Attempts - 20 Races total,13,Go to Submit page,,,,,,,,,,,,,,,Re-use Day 2 - Team Comp 1 as Day 3 - Team Comp 1,A Group,,,,,,,,,,4 Attempts - 20 Races total,10,Go to Submit page,,,,,,,,,,,,,,,Re-use Day 3 - Team Comp 1 as Day 4 - Team Comp 1,A Group,,,,,,,,,,4 Attempts - 20 Races total,12,Day 3,,,,,,,,,,,,,,,,,,,,,,,,,,,,,,,,,,,,,,,,,,,,,,,,
8/13/2026 8:51:47,Ojom,Graded (No Uma Restrictions),"Win A finals with ""oshi"" uma",I accept these terms,Day 4,"Android - phone or tablet, Windows",$1-100,,31-45 (roughly 5-6 per day),"Discord - MooMooCord - https://discord.gg/Hc7cP9GB, Twitch - MooMooCows - https://www.twitch.tv/moomoomoocows, YouTube - MooMooCows - https://www.youtube.com/@MooMooCows",5,,Oguri Cap (Christmas),Pace Chaser,Ace built for this CM before CM start in Grand Concert scenario,3,,,,2,0,,Grass Wonder,Late Surger,Debuffer,1,,,,3,1,,Agnes Tachyon,Late Surger,Debuffer,1,,,,3,1,,4 Attempts - 20 Races total,14,Go to Submit page,,,,,,,,,,,,,,Re-use Day 1 - Team Comp 1 as Day 2 - Team Comp 1,,,,,,,,,,4 Attempts - 20 Races total,15,Day 3,,,,,,,,,,,,,,,Re-use Day 2 - Team Comp 1 as Day 3 - Team Comp 1,A Group,,,,,,,,,,4 Attempts - 20 Races total,15,Go to Submit page,,,,,,,,,,,,,,,Re-use Day 3 - Team Comp 1 as Day 4 - Team Comp 1,A Group,,,,,,,,,,4 Attempts - 20 Races total,15,Go to Submit page,,,,,,,,,,,,,,,,,,,,,,,,,,,,,,,,,,,,,,,,,,,,,,,,
8/14/2026 10:10:00,Matayoh,Graded (No Uma Restrictions),"Win A finals with ""oshi"" uma",I accept these terms,Finals,"Android - phone or tablet, Windows",$1001-5000,,11-20 (roughly 2-3 per day),Discord - MooMooCord - https://discord.gg/Hc7cP9GB,5,,Gold City,Late Surger,Ace built for this CM before CM start in Grand Concert scenario,3,,,,2,1,,Oguri Cap,Pace Chaser,Ace built for this CM before CM start in Grand Concert scenario,2,,1,,2,1,,Nice Nature (Cheerleader),End Closer,Debuffer,1,,2,,3,,,4 Attempts - 20 Races total,15,Go to Submit page,,,,,,,,,,,,,,Add new Team Comp as Day 2 - Team Comp 1,Gold City,Late Surger,Ace built for this CM before CM start in Grand Concert scenario,Yukino Bijin,Pace Chaser,Mid-CM Ace build in Grand Concert scenario,Nice Nature (Cheerleader),End Closer,Debuffer,4 Attempts - 20 Races total,15,Go to Submit page,,,,,,,,,,,,,,,Re-use Day 2 - Team Comp 1 as Day 3 - Team Comp 1,A Group,,,,,,,,,,4 Attempts - 20 Races total,10,Go to Submit page,,,,,,,,,,,,,,,Re-use Day 3 - Team Comp 1 as Day 4 - Team Comp 1,A Group,,,,,,,,,,4 Attempts - 20 Races total,10,Go to Submit page,,,,,,,,,,,,,,,A Finals,,Re-use Day 4 - Team Comp 1 as Finals Team Comp,,,,,,,,,,,3rd,No (goes to Submit page),,,,,,,,,,,,,,,,,,,
8/14/2026 18:32:38,Phanta,Graded (No Uma Restrictions),Get into A finals,I accept these terms,Finals,Windows,$1-100,1016,46+ (more than 6 per day),Discord - MooMooCord - https://discord.gg/Hc7cP9GB,,,Smart Falcon (Grand Concert),Front Runner,Ace built for this CM before CM start in Grand Concert scenario,2,1,0,0,2,1,0,Copano Rickey,Front Runner,Ace built for this CM before CM start in Grand Concert scenario,2,1,0,0,2,1,0,Nice Nature,Late Surger,Debuffer,0,1,1,1,3,0,0,4 Attempts - 20 Races total,18,Go to Submit page,,,,,,,,,,,,,,Re-use Day 1 - Team Comp 1 as Day 2 - Team Comp 1,,,,,,,,,,4 Attempts - 20 Races total,18,Day 3,,,,,,,,,,,,,,,Re-use Day 2 - Team Comp 1 as Day 3 - Team Comp 1,A Group,,,,,,,,,,4 Attempts - 20 Races total,14,Day 4,,,,,,,,,,,,,,,Add a new Team Comp as Day 4 - Team Comp 1,A Group,Smart Falcon (Grand Concert),Front Runner,Ace built for this CM before CM start in Grand Concert scenario,Copano Rickey,Front Runner,Ace built for this CM before CM start in Grand Concert scenario,Nice Nature (Cheerleader),End Closer,Debuffer,4 Attempts - 20 Races total,13,Go to Submit page,,,,,,,,,,,,,,,A Finals,8813,Re-use Day 4 - Team Comp 1 as Finals Team Comp,,,,,,,,,,https://drive.google.com/open?id=1jprkYH63cHixSjH7Tnl9NkrLxOFDZrhO,1st,,,,,,,,,,,,https://drive.google.com/open?id=1UjMzyryhATb5o9szQ38J5onERKJeiy2G,https://drive.google.com/open?id=1-1GDRYf5zyH2K79eGvO8Q93wzdN1ToFv,,,,,,,https://drive.google.com/open?id=1IYwTPoeqQJRBFKOsctrwwSLvNE0OxLGc
8/12/2026 11:20:59,Lem0nteaGG,Graded (No Uma Restrictions),Get into A finals,I accept these terms,Day 4,,,,,,,,Oguri Cap (Christmas),Pace Chaser,Ace built for this CM before CM start in Grand Concert scenario,2,1,0,0,2,1,0,Grass Wonder,Late Surger,Debuffer,1,1,0,1,3,0,0,Nice Nature (Cheerleader),Late Surger,Debuffer,1,1,0,1,3,0,0,4 Attempts - 20 Races total,14,Go to Submit page,,,,,,,,,,,,,,Re-use Day 1 - Team Comp 1 as Day 2 - Team Comp 1,,,,,,,,,,4 Attempts - 20 Races total,17,Go to Submit page,,,,,,,,,,,,,,,Re-use Day 2 - Team Comp 1 as Day 3 - Team Comp 1,A Group,,,,,,,,,,4 Attempts - 20 Races total,12,Go to Submit page,,,,,,,,,,,,,,,Re-use Day 3 - Team Comp 1 as Day 4 - Team Comp 1,A Group,,,,,,,,,,4 Attempts - 20 Races total,9,Go to Submit page,,,,,,,,,,,,,,,,,,,,,,,,,,,,,,,,,,,,,,,,,,,,,,,,
8/14/2026 5:42:52,Splatman678,Graded (No Uma Restrictions),Win A finals with any uma,I accept these terms,Day 4,Windows,$0,1142,6-10 (roughly 1 per day),Discord - MooMooCord - https://discord.gg/Hc7cP9GB,,,Smart Falcon,Front Runner,Ace built for this CM before CM start in Grand Concert scenario,2,,,,3,1,,Oguri Cap,Late Surger,Ace built for this CM before CM start in Grand Concert scenario,3,,,,2,1,,Mayano Top Gun (Wedding),End Closer,Ace built for this CM before CM start in Grand Concert scenario,3,,,,2,1,,4 Attempts - 20 Races total,11,Go to Submit page,,,,,,,,,,,,,,Re-use Day 1 - Team Comp 1 as Day 2 - Team Comp 1,,,,,,,,,,4 Attempts - 20 Races total,13,Go to Submit page,,,,,,,,,,,,,,,Re-use Day 2 - Team Comp 1 as Day 3 - Team Comp 1,A Group,,,,,,,,,,2 Attempts - 10 Races total,2,Day 3 - Add 2nd Team,Add new Team Comp as Day 3 - Team Comp 2,Smart Falcon,Front Runner,Ace built for this CM before CM start in Grand Concert scenario,Oguri Cap,Late Surger,Ace built for this CM before CM start in Grand Concert scenario,Mayano Top Gun (Wedding),End Closer,Ace built for this CM before CM start in Grand Concert scenario,2 Attempts - 10 Races total,5,2 teams,Go to Submit page,Re-use Day 3 - Team Comp 1 as Day 4 - Team Comp 1,A Group,,,,,,,,,,4 Attempts - 20 Races total,2,Finals,,,,,,,,,,,,,,,A Finals,11326,Re-use Day 4 - Team Comp 1 as Finals Team Comp,,,,,,,,,,https://drive.google.com/open?id=10MiWetRYRh_LwQ0HinjEaNFfX85jYH4M,3rd,Yes,https://drive.google.com/open?id=1LTNtrbw38VepvHtnD_d-vl9oQhLQ3_6P,https://drive.google.com/open?id=1876uln0k_ZDNF5JJnBwVge0OGKi5pkcE,,1,6,,,4,https://drive.google.com/open?id=1cEPgKOTLKKcXIK58fzPyRTAXbjDk4na8,,,,,,,,,,
8/12/2026 15:20:07,svera,Graded (No Uma Restrictions),"Win A finals with ""oshi"" uma",I accept these terms,Day 4,"Android - phone or tablet, Windows",$101-500,1546,21-30 (roughly 3-4 per day),Discord - MooMooCord - https://discord.gg/Hc7cP9GB,5,,Oguri Cap,Pace Chaser,Ace built for this CM before CM start in Grand Concert scenario,2,1,,,2,0,,Kawakami Princess,Late Surger,Ace built for this CM before CM start in Grand Concert scenario,2,1,,,2,0,,Agnes Digital,Late Surger,Ace built for this CM before CM start in Grand Concert scenario,2,1,,,2,0,,4 Attempts - 20 Races total,14,Go to Submit page,,,,,,,,,,,,,,Re-use Day 1 - Team Comp 1 as Day 2 - Team Comp 1,,,,,,,,,,4 Attempts - 20 Races total,13,Go to Submit page,,,,,,,,,,,,,,,Re-use Day 2 - Team Comp 1 as Day 3 - Team Comp 1,A Group,,,,,,,,,,4 Attempts - 20 Races total,8,Go to Submit page,,,,,,,,,,,,,,,Re-use Day 3 - Team Comp 1 as Day 4 - Team Comp 1,A Group,,,,,,,,,,4 Attempts - 20 Races total,9,Go to Submit page,,,,,,,,,,,,,,,,,,,,,,,,,,,,,,,,,,,,,,,,,,,,,,,,
8/14/2026 8:15:11,FriedNomeler,Graded (No Uma Restrictions),Win A finals with any uma,I accept these terms,Finals,iOS - phone or tablet,$0,564,46+ (more than 6 per day),Discord - MooMooCord - https://discord.gg/Hc7cP9GB,5,,Oguri Cap,Pace Chaser,Ace built for this CM before CM start in Grand Concert scenario,2,1,0,0,2,1,0,Agnes Tachyon,Late Surger,Debuffer,2,1,0,0,2,1,0,Grass Wonder,Late Surger,Debuffer,2,0,0,0,3,1,0,4 Attempts - 20 Races total,12,Go to Submit page,,,,,,,,,,,,,,Re-use Day 1 - Team Comp 1 as Day 2 - Team Comp 1,,,,,,,,,,4 Attempts - 20 Races total,13,Day 3,,,,,,,,,,,,,,,Re-use Day 2 - Team Comp 1 as Day 3 - Team Comp 1,A Group,,,,,,,,,,4 Attempts - 20 Races total,8,Day 4,,,,,,,,,,,,,,,Re-use Day 3 - Team Comp 1 as Day 4 - Team Comp 1,A Group,,,,,,,,,,4 Attempts - 20 Races total,11,Go to Submit page,,,,,,,,,,,,,,,A Finals,11309,Re-use Day 4 - Team Comp 1 as Finals Team Comp,,,,,,,,,,https://drive.google.com/open?id=1v3J-hlqibcJ7exoijQS8drljemqB-_gf,1st,,,,,,,,,,,,https://drive.google.com/open?id=1ZDiLqqyV4ZFmKjMiqsR0bekrKWFepMvP,https://drive.google.com/open?id=1vCp-hacywJERXpWtlnjwR6CU7ECJBMot,,0,8,2,3,2,https://drive.google.com/open?id=17S09KaNFBKQrwO66yR7ZG3kVQpNAb7Dm
8/14/2026 6:26:18,evo,Graded (No Uma Restrictions),Get into A finals,I accept these terms,Finals,"Android - phone or tablet, Windows",$101-500,,46+ (more than 6 per day),Discord - MooMooCord - https://discord.gg/Hc7cP9GB,4,,Mejiro McQueen,Pace Chaser,Ace built for this CM before CM start in Grand Concert scenario,2,1,0,0,2,1,0,Agnes Digital,Late Surger,Ace built for this CM before CM start in Grand Concert scenario,2,1,0,0,2,1,0,Oguri Cap (Christmas),Pace Chaser,Ace built for this CM before CM start in Grand Concert scenario,2,1,0,0,2,1,0,4 Attempts - 20 Races total,13,Go to Submit page,,,,,,,,,,,,,,Re-use Day 1 - Team Comp 1 as Day 2 - Team Comp 1,,,,,,,,,,4 Attempts - 20 Races total,15,Go to Submit page,,,,,,,,,,,,,,,Re-use Day 2 - Team Comp 1 as Day 3 - Team Comp 1,A Group,,,,,,,,,,4 Attempts - 20 Races total,10,Go to Submit page,,,,,,,,,,,,,,,Re-use Day 3 - Team Comp 1 as Day 4 - Team Comp 1,A Group,,,,,,,,,,4 Attempts - 20 Races total,12,Go to Submit page,,,,,,,,,,,,,,,A Finals,9928,Re-use Day 4 - Team Comp 1 as Finals Team Comp,,,,,,,,,,https://drive.google.com/open?id=1BOPqHAYyzZPsVHFqIvefhFy9JziWwHzy,1st,,,,,,,,,,,,,,,,,,,,
8/12/2026 15:58:08,shnail@43rb,Graded (No Uma Restrictions),Win A finals with any uma,I accept these terms,Day 4,"Android - phone or tablet, Windows",$1001-5000,2620,46+ (more than 6 per day),Rather not say,,,Grass Wonder,End Closer,Debuffer,,,,,,,,Eishin Flash,End Closer,Debuffer,,,,,,,,Oguri Cap (Christmas),Pace Chaser,Ace built for this CM before CM start in Grand Concert scenario,2,,,,2,1,1,4 Attempts - 20 Races total,20,Go to Submit page,,,,,,,,,,,,,,Re-use Day 1 - Team Comp 1 as Day 2 - Team Comp 1,,,,,,,,,,4 Attempts - 20 Races total,18,Go to Submit page,,,,,,,,,,,,,,,Re-use Day 2 - Team Comp 1 as Day 3 - Team Comp 1,A Group,,,,,,,,,,4 Attempts - 20 Races total,17,Go to Submit page,,,,,,,,,,,,,,,Re-use Day 3 - Team Comp 1 as Day 4 - Team Comp 1,A Group,,,,,,,,,,4 Attempts - 20 Races total,19,Go to Submit page,,,,,,,,,,,,,,,,,,,,,,,,,,,,,,,,,,,,,,,,,,,,,,,,
8/14/2026 11:30:35,SleekCarpet,Graded (No Uma Restrictions),Win A finals with any uma,I accept these terms,Finals,"Android - phone or tablet, Windows",$1-100,975,11-20 (roughly 2-3 per day),Discord - MooMooCord - https://discord.gg/Hc7cP9GB,,,Oguri Cap (Christmas),Pace Chaser,Ace built for this CM before CM start in Grand Concert scenario,2,1,,,2,1,,Copano Rickey,Front Runner,Ace built for this CM before CM start in Grand Concert scenario,2,1,,,2,1,,Grass Wonder,Late Surger,Debuffer,,,,,,,,4 Attempts - 20 Races total,13,Go to Submit page,,,,,,,,,,,,,,Re-use Day 1 - Team Comp 1 as Day 2 - Team Comp 1,,,,,,,,,,4 Attempts - 20 Races total,13,Go to Submit page,,,,,,,,,,,,,,,Re-use Day 2 - Team Comp 1 as Day 3 - Team Comp 1,A Group,,,,,,,,,,4 Attempts - 20 Races total,9,Go to Submit page,,,,,,,,,,,,,,,Re-use Day 3 - Team Comp 1 as Day 4 - Team Comp 1,A Group,,,,,,,,,,4 Attempts - 20 Races total,9,Go to Submit page,,,,,,,,,,,,,,,A Finals,8062,Re-use Day 4 - Team Comp 1 as Finals Team Comp,,,,,,,,,,,2nd,No (goes to Submit page),,,,,,,,,,,,,,,,,,,
8/14/2026 19:02:05,Zap,Graded (No Uma Restrictions),Get into A finals,I accept these terms,Day 4,Windows,$101-500,758,6-10 (roughly 1 per day),Discord - MooMooCord - https://discord.gg/Hc7cP9GB,4,,Gold City,Late Surger,Ace built for this CM before CM start in Grand Concert scenario,3,1,,,1,1,,Nice Nature,Late Surger,Debuffer,1,2,,,3,,,Grass Wonder,Late Surger,Debuffer,1,2,,,3,,,4 Attempts - 20 Races total,15,Go to Submit page,,,,,,,,,,,,,,Re-use Day 1 - Team Comp 1 as Day 2 - Team Comp 1,,,,,,,,,,4 Attempts - 20 Races total,13,Go to Submit page,,,,,,,,,,,,,,,Add new Team Comp as Day 3 - Team Comp 1,A Group,Gold City,Late Surger,Ace built for this CM before CM start in Grand Concert scenario,Grass Wonder,Pace Chaser,Debuffer,Symboli Rudolf,Pace Chaser,Debuffer,4 Attempts - 20 Races total,9,Go to Submit page,,,,,,,,,,,,,,,Re-use Day 3 - Team Comp 1 as Day 4 - Team Comp 1,A Group,,,,,,,,,,4 Attempts - 20 Races total,12,Finals,,,,,,,,,,,,,,,A Finals,10815,Re-use Day 4 - Team Comp 1 as Finals Team Comp,,,,,,,,,,https://drive.google.com/open?id=1yzPOka_DKGCwM19GkL3b3_DVxVlwcDvN,1st,,,,,,,,,,,"Let's keep it up, yeah? Partner",https://drive.google.com/open?id=19z1Gd5IZG91SyclnN_E6Dz_ooPmzplMK,https://drive.google.com/open?id=16QeJHJ3P_RUiJKx2xagFY1J7QVpH03ZR,,0,13,3,0,0,https://drive.google.com/open?id=1-2rs64L6xdFsc1HDzxP46EVF71cbm0xf
8/14/2026 14:16:19,Salt,Graded (No Uma Restrictions),"Win A finals with ""oshi"" uma",I accept these terms,Finals,,$0,1769,31-45 (roughly 5-6 per day),YouTube - MooMooCows - https://www.youtube.com/@MooMooCows,5,,Manhattan Cafe,Late Surger,Ace built for this CM before CM start in Grand Concert scenario,3,0,0,0,2,1,0,Agnes Digital,Late Surger,Ace built for this CM before CM start in Grand Concert scenario,2,1,0,0,2,1,0,Mayano Top Gun,Late Surger,Ace built for this CM before CM start in Grand Concert scenario,3,0,0,0,2,1,0,4 Attempts - 20 Races total,15,Go to Submit page,,,,,,,,,,,,,,Re-use Day 1 - Team Comp 1 as Day 2 - Team Comp 1,,,,,,,,,,4 Attempts - 20 Races total,10,Go to Submit page,,,,,,,,,,,,,,,Re-use Day 2 - Team Comp 1 as Day 3 - Team Comp 1,A Group,,,,,,,,,,4 Attempts - 20 Races total,9,Go to Submit page,,,,,,,,,,,,,,,Re-use Day 3 - Team Comp 1 as Day 4 - Team Comp 1,A Group,,,,,,,,,,4 Attempts - 20 Races total,8,Go to Submit page,,,,,,,,,,,,,,,A Finals,8542,Re-use Day 4 - Team Comp 1 as Finals Team Comp,,,,,,,,,,,2nd,No (goes to Submit page),,,,,,,,,,,,,,,,,,,
8/14/2026 13:08:44,mylightningrocks,Graded (No Uma Restrictions),Win A finals with any uma,I accept these terms,Finals,"Android - phone or tablet, Windows",$1001-5000,2540,46+ (more than 6 per day),Discord - MooMooCord - https://discord.gg/Hc7cP9GB,5,,Oguri Cap (Christmas),Pace Chaser,Ace built for this CM before CM start in Grand Concert scenario,2,0,0,0,3,1,0,Nice Nature,Late Surger,Debuffer,1,1,0,0,4,0,0,Symboli Rudolf,Late Surger,Debuffer,1,0,0,0,5,0,0,4 Attempts - 20 Races total,17,Go to Submit page,,,,,,,,,,,,,,Re-use Day 1 - Team Comp 1 as Day 2 - Team Comp 1,,,,,,,,,,4 Attempts - 20 Races total,17,Go to Submit page,,,,,,,,,,,,,,,Re-use Day 2 - Team Comp 1 as Day 3 - Team Comp 1,A Group,,,,,,,,,,2 Attempts - 10 Races total,5,Day 3 - Add 2nd Team,Add new Team Comp as Day 3 - Team Comp 2,Oguri Cap (Christmas),Pace Chaser,Ace built for this CM before CM start in Grand Concert scenario,Grass Wonder,Late Surger,Debuffer,Symboli Rudolf,Late Surger,Debuffer,2 Attempts - 10 Races total,10,2 teams,Go to Submit page,Re-use Day 3 - Team Comp 2 as Day 4 - Team Comp 1,A Group,,,,,,,,,,4 Attempts - 20 Races total,13,Go to Submit page,,,,,,,,,,,,,,,A Finals,11481,Re-use Day 4 - Team Comp 1 as Finals Team Comp,,,,,,,,,,https://drive.google.com/open?id=161F5M85pfauooVneYGirXtdNpaBGVzJX,1st,,,,,,,,,,,,https://drive.google.com/open?id=1dwJs2Zf07TpXqO6EQmGrpN55BEUdD-y6,https://drive.google.com/open?id=1GO81kINa2Hu2zLlfMzZWBkCziFI56mb8,,3,8,3,0,2,https://drive.google.com/open?id=12wTAWHDN_GaYxUDoJ-FewAjZEerqTboT
8/14/2026 21:22:18,Migory,Graded (No Uma Restrictions),Get into A finals,I accept these terms,Day 4,Windows,$501-1000,,21-30 (roughly 3-4 per day),YouTube - MooMooCows - https://www.youtube.com/@MooMooCows,4,,Copano Rickey,Pace Chaser,Ace built for this CM before CM start in Grand Concert scenario,3,1,0,0,1,1,0,Grass Wonder,Late Surger,Debuffer,1,1,1,0,2,1,0,Nice Nature (Cheerleader),Late Surger,Debuffer,1,1,1,0,2,1,0,3 Attempts - 15 Races total,15,Go to Submit page,,,,,,,,,,,,,,Re-use Day 1 - Team Comp 1 as Day 2 - Team Comp 1,,,,,,,,,,3 Attempts - 15 Races total,15,Day 3,,,,,,,,,,,,,,,Re-use Day 2 - Team Comp 1 as Day 3 - Team Comp 1,A Group,,,,,,,,,,3 Attempts - 15 Races total,14,Go to Submit page,,,,,,,,,,,,,,,Re-use Day 3 - Team Comp 1 as Day 4 - Team Comp 1,A Group,,,,,,,,,,3 Attempts - 15 Races total,10,Finals,,,,,,,,,,,,,,,A Finals,7969,Re-use Day 4 - Team Comp 1 as Finals Team Comp,,,,,,,,,,,2nd,No (goes to Submit page),,,,,,,,,,,,,,,,,,,
8/15/2026 3:59:42,Karhumies,Graded (No Uma Restrictions),Win A finals with any uma,I accept these terms,Finals,Android - phone or tablet,$1-100,1031,6-10 (roughly 1 per day),I made it,5,,Oguri Cap (Christmas),Pace Chaser,Ace built for this CM before CM start in Grand Concert scenario,2,,1,,2,1,,Grass Wonder,End Closer,Debuffer,2,,,,2,2,,Agnes Tachyon,End Closer,Debuffer,2,,,,2,2,,4 Attempts - 20 Races total,18,Go to Submit page,,,,,,,,,,,,,,Re-use Day 1 - Team Comp 1 as Day 2 - Team Comp 1,,,,,,,,,,4 Attempts - 20 Races total,19,Go to Submit page,,,,,,,,,,,,,,,Re-use Day 2 - Team Comp 1 as Day 3 - Team Comp 1,A Group,,,,,,,,,,4 Attempts - 20 Races total,18,Go to Submit page,,,,,,,,,,,,,,,Re-use Day 3 - Team Comp 1 as Day 4 - Team Comp 1,A Group,,,,,,,,,,4 Attempts - 20 Races total,15,Go to Submit page,,,,,,,,,,,,,,,A Finals,12725,Re-use Day 4 - Team Comp 1 as Finals Team Comp,,,,,,,,,,https://drive.google.com/open?id=14U1msM-piVF_t197dH6aMUNg9TMaHVLC,1st,,,,,,,,,,,,https://drive.google.com/open?id=1a28a0EttUf58fJ7aHavcuJJ1NpVe7oyu,https://drive.google.com/open?id=1RSvsz_4bXMgt25l9cd0vqDeR9OQioYaM,,0,12,4,0,0,https://drive.google.com/open?id=1iI57U72ixRK2fuVlT_X-qbx1SMhXvxf1
8/14/2026 5:27:29,Origami,Graded (No Uma Restrictions),Collect participation rewards,I accept these terms,Finals,Windows,$0,993,6-10 (roughly 1 per day),YouTube - MooMooCows - https://www.youtube.com/@MooMooCows,5,,Inari One,Late Surger,Ace built for this CM before CM start in Grand Concert scenario,3,,,,2,1,,Matikanetannhauser,Late Surger,Ace built for this CM before CM start in Grand Concert scenario,3,,,,2,1,,Nice Nature,Late Surger,Ace built for this CM before CM start in Grand Concert scenario,3,,1,,1,1,,4 Attempts - 20 Races total,9,Go to Submit page,,,,,,,,,,,,,,Re-use Day 1 - Team Comp 1 as Day 2 - Team Comp 1,,,,,,,,,,4 Attempts - 20 Races total,8,Go to Submit page,,,,,,,,,,,,,,,Re-use Day 2 - Team Comp 1 as Day 3 - Team Comp 1,A Group,,,,,,,,,,4 Attempts - 20 Races total,8,Go to Submit page,,,,,,,,,,,,,,,Add a new Team Comp as Day 4 - Team Comp 1,A Group,Inari One,Late Surger,Ace built for this CM before CM start in Grand Concert scenario,Matikanetannhauser,Late Surger,Ace built for this CM before CM start in Grand Concert scenario,Mejiro McQueen,Pace Chaser,Mid-CM Ace build in Grand Concert scenario,4 Attempts - 20 Races total,8,Go to Submit page,,,,,,,,,,,,,,,B Finals,2118,Re-use Day 4 - Team Comp 1 as Finals Team Comp,,,,,,,,,,https://drive.google.com/open?id=1I1fn9HCLALYrtcZ48RfzlrgAkfWiC21i,1st,,,,,,,,,,,,https://drive.google.com/open?id=1PgxWGGhUT5Ypa0oQhg_-60B854lBS4fR,https://drive.google.com/open?id=1mmKagY9sRbYL1VcQI1D6bDDVCrNaOgN9,,,15,2,,,https://drive.google.com/open?id=1h1HhDIwV1rmgm8c795Rb-gaFFclL0pMk
8/14/2026 10:34:13,oaT,Graded (No Uma Restrictions),Get into A finals,I accept these terms,Finals,"Android - phone or tablet, Windows",$101-500,2091,31-45 (roughly 5-6 per day),YouTube - MooMooCows - https://www.youtube.com/@MooMooCows,,,Fuji Kiseki,Pace Chaser,Ace built for this CM before CM start in Grand Concert scenario,3,1,0,0,1,1,0,Mayano Top Gun,Pace Chaser,Ace built for this CM before CM start in Grand Concert scenario,3,0,1,0,1,1,0,T.M. Opera O (New Year),Pace Chaser,Ace built for this CM before CM start in Grand Concert scenario,3,0,0,0,2,1,0,4 Attempts - 20 Races total,13,Go to Submit page,,,,,,,,,,,,,,Re-use Day 1 - Team Comp 1 as Day 2 - Team Comp 1,,,,,,,,,,4 Attempts - 20 Races total,11,Go to Submit page,,,,,,,,,,,,,,,Re-use Day 2 - Team Comp 1 as Day 3 - Team Comp 1,A Group,,,,,,,,,,4 Attempts - 20 Races total,9,Go to Submit page,,,,,,,,,,,,,,,Re-use Day 3 - Team Comp 1 as Day 4 - Team Comp 1,A Group,,,,,,,,,,4 Attempts - 20 Races total,8,Go to Submit page,,,,,,,,,,,,,,,A Finals,15992,Re-use Day 4 - Team Comp 1 as Finals Team Comp,,,,,,,,,,https://drive.google.com/open?id=1wdUmquAtlUlq7YUg2ikbOtrTGykY08h1,3rd,Yes,https://drive.google.com/open?id=1PVI5BoXviMMfjHmxlO7wK7jxcW18x7hf,https://drive.google.com/open?id=1Oed9BSyVYYWvB49ouFP7NjQlyAFNu3JC,,0,13,2,0,0,https://drive.google.com/open?id=14vX7cHnqD3px3O7HhCQTxbXiRA2XwPfB,,,,,,,,,,
8/13/2026 17:55:37,kujostin,Graded (No Uma Restrictions),"Win A finals with ""oshi"" uma",I accept these terms,Day 4,Android - phone or tablet,$0,604,6-10 (roughly 1 per day),YouTube - MooMooCows - https://www.youtube.com/@MooMooCows,,,Oguri Cap,Late Surger,Ace built for this CM before CM start in Grand Concert scenario,2,,,,2,1,,Nice Nature,Late Surger,Debuffer,2,,,,2,1,,Mayano Top Gun (Wedding),Late Surger,Debuffer,2,,,,2,1,,4 Attempts - 20 Races total,11,Go to Submit page,,,,,,,,,,,,,,Re-use Day 1 - Team Comp 1 as Day 2 - Team Comp 1,,,,,,,,,,4 Attempts - 20 Races total,9,Go to Submit page,,,,,,,,,,,,,,,Re-use Day 2 - Team Comp 1 as Day 3 - Team Comp 1,A Group,,,,,,,,,,4 Attempts - 20 Races total,6,Go to Submit page,,,,,,,,,,,,,,,Re-use Day 3 - Team Comp 1 as Day 4 - Team Comp 1,A Group,,,,,,,,,,4 Attempts - 20 Races total,6,Go to Submit page,,,,,,,,,,,,,,,,,,,,,,,,,,,,,,,,,,,,,,,,,,,,,,,,
8/14/2026 6:11:31,Kagetsuwaru,Graded (No Uma Restrictions),"Win A finals with ""oshi"" uma",I accept these terms,Finals,Windows,$1-100,1160,11-20 (roughly 2-3 per day),Discord - MooMooCord - https://discord.gg/Hc7cP9GB,,,Tamamo Cross,Late Surger,Ace built for this CM before CM start in Grand Concert scenario,3,1,,,1,1,,Grass Wonder,Late Surger,Debuffer,,,,,,,,Agnes Tachyon,Late Surger,Debuffer,,,,,,,,4 Attempts - 20 Races total,14,Go to Submit page,,,,,,,,,,,,,,Re-use Day 1 - Team Comp 1 as Day 2 - Team Comp 1,,,,,,,,,,4 Attempts - 20 Races total,12,Go to Submit page,,,,,,,,,,,,,,,Re-use Day 2 - Team Comp 1 as Day 3 - Team Comp 1,A Group,,,,,,,,,,4 Attempts - 20 Races total,11,Go to Submit page,,,,,,,,,,,,,,,Re-use Day 3 - Team Comp 1 as Day 4 - Team Comp 1,A Group,,,,,,,,,,4 Attempts - 20 Races total,9,Go to Submit page,,,,,,,,,,,,,,,A Finals,11865,Re-use Day 4 - Team Comp 1 as Finals Team Comp,,,,,,,,,,https://drive.google.com/open?id=1b9JWWqrls5SrptWhfLOzN6ediI7QyPtj,1st,,,,,,,,,,,,https://drive.google.com/open?id=1nDE0k1jpupwhCBplUvgcyNQZm4Ly8RH1,https://drive.google.com/open?id=1vsJij1xvfhNeN4tehwmn9tsP9DjBt64I,,3,5,4,2,,https://drive.google.com/open?id=1_XXk_FreXVHXDxTyf-oEOdRPR2TKknmR
8/14/2026 5:18:12,Senk0,Graded (No Uma Restrictions),Get into A finals,I accept these terms,Finals,Windows,$501-1000,1301,11-20 (roughly 2-3 per day),Discord - MooMooCord - https://discord.gg/Hc7cP9GB,,,Yaeno Muteki,Late Surger,Ace built for this CM before CM start in Grand Concert scenario,3,0,0,0,2,1,0,Hishi Amazon,Late Surger,Ace built for this CM before CM start in Grand Concert scenario,3,1,0,0,1,1,0,Oguri Cap,Pace Chaser,Uma built for 5v5 draft,2,0,1,0,2,0,0,3 Attempts - 15 Races total,9,Go to Submit page,,,,,,,,,,,,,,Re-use Day 1 - Team Comp 1 as Day 2 - Team Comp 1,,,,,,,,,,3 Attempts - 15 Races total,9,Go to Submit page,,,,,,,,,,,,,,,Re-use Day 2 - Team Comp 1 as Day 3 - Team Comp 1,A Group,,,,,,,,,,4 Attempts - 20 Races total,7,Go to Submit page,,,,,,,,,,,,,,,Re-use Day 3 - Team Comp 1 as Day 4 - Team Comp 1,A Group,,,,,,,,,,4 Attempts - 20 Races total,7,Go to Submit page,,,,,,,,,,,,,,,A Finals,13174,Add new Team Comp as Finals Team Comp,Yaeno Muteki,Late Surger,Ace built for this CM before CM start in Grand Concert scenario,Hishi Amazon,Late Surger,Ace built for this CM before CM start in Grand Concert scenario,Meisho Doto,Late Surger,Mid-CM Ace build in Grand Concert scenario,,3rd,No (goes to Submit page),,,,,,,,,,,,,,,,,,,
8/14/2026 23:22:46,The F Master,Open (A+ Grade and Lower Umas Only),"Win A finals with ""oshi"" uma",I accept these terms,Finals,Windows,$0,,0-5 (less than 1 per day),Discord - MooMooCord - https://discord.gg/Hc7cP9GB,3,,Gold City,Late Surger,Ace built for this CM before CM start in Unity Cup scenario,2,2,,,2,,,Hishi Amazon,Late Surger,Ace built for this CM before CM start in Unity Cup scenario,2,2,,,2,,,Mayano Top Gun,Late Surger,Ace built for this CM before CM start in Unity Cup scenario,2,2,,,2,,,3 Attempts - 15 Races total,14,Go to Submit page,,,,,,,,,,,,,,Re-use Day 1 - Team Comp 1 as Day 2 - Team Comp 1,,,,,,,,,,3 Attempts - 15 Races total,13,Go to Submit page,,,,,,,,,,,,,,,Re-use Day 2 - Team Comp 1 as Day 3 - Team Comp 1,A Group,,,,,,,,,,3 Attempts - 15 Races total,10,Go to Submit page,,,,,,,,,,,,,,,Re-use Day 3 - Team Comp 1 as Day 4 - Team Comp 1,A Group,,,,,,,,,,3 Attempts - 15 Races total,13,Go to Submit page,,,,,,,,,,,,,,,A Finals,,Re-use Day 4 - Team Comp 1 as Finals Team Comp,,,,,,,,,,,2nd,No (goes to Submit page),,,,,,,,,,,,,,,,,,,
8/12/2026 18:48:08,Deiri,Graded (No Uma Restrictions),Win A finals with any uma,I accept these terms,Day 4,"Android - phone or tablet, Windows",$0,,,Discord - MooMooCord - https://discord.gg/Hc7cP9GB,,,Agnes Digital,Late Surger,Ace built for this CM before CM start in Grand Concert scenario,,,,,,,,El Condor Pasa,Late Surger,Ace built for this CM before CM start in Grand Concert scenario,,,,,,,,Copano Rickey,Front Runner,Ace built for this CM before CM start in Grand Concert scenario,,,,,,,,3 Attempts - 15 Races total,10,Go to Submit page,,,,,,,,,,,,,,Re-use Day 1 - Team Comp 1 as Day 2 - Team Comp 1,,,,,,,,,,3 Attempts - 15 Races total,8,Go to Submit page,,,,,,,,,,,,,,,Re-use Day 2 - Team Comp 1 as Day 3 - Team Comp 1,A Group,,,,,,,,,,0 Attempts - 0 Races total,0,Go to Submit page,,,,,,,,,,,,,,,Re-use Day 3 - Team Comp 1 as Day 4 - Team Comp 1,A Group,,,,,,,,,,3 Attempts - 15 Races total,2,Day 3,,,,,,,,,,,,,,,,,,,,,,,,,,,,,,,,,,,,,,,,,,,,,,,,
8/14/2026 19:20:29,Aelmar,Graded (No Uma Restrictions),Win A finals with any uma,I accept these terms,Finals,Windows,$101-500,1578,31-45 (roughly 5-6 per day),Discord - MooMooCord - https://discord.gg/Hc7cP9GB,,,Oguri Cap (Christmas),Pace Chaser,Ace built for this CM before CM start in Grand Concert scenario,2,1,,,2,1,,Nice Nature,Late Surger,Debuffer,,,,,,,,Grass Wonder,Late Surger,Debuffer,,,,,,,,4 Attempts - 20 Races total,18,Go to Submit page,,,,,,,,,,,,,,Add new Team Comp as Day 2 - Team Comp 1,Oguri Cap (Christmas),Pace Chaser,Ace built for this CM before CM start in Grand Concert scenario,Agnes Tachyon,Late Surger,Debuffer,Grass Wonder,Late Surger,Debuffer,4 Attempts - 20 Races total,18,Go to Submit page,,,,,,,,,,,,,,,Re-use Day 2 - Team Comp 1 as Day 3 - Team Comp 1,A Group,,,,,,,,,,4 Attempts - 20 Races total,15,Go to Submit page,,,,,,,,,,,,,,,Re-use Day 3 - Team Comp 1 as Day 4 - Team Comp 1,A Group,,,,,,,,,,4 Attempts - 20 Races total,16,Go to Submit page,,,,,,,,,,,,,,,A Finals,12575,Re-use Day 4 - Team Comp 1 as Finals Team Comp,,,,,,,,,,https://drive.google.com/open?id=1x2wVZTI6JPV2xg7NZt-vAqveoIxLibkc,1st,,,,,,,,,,,,https://drive.google.com/open?id=1lZcPbPyEGi9riaYNdv04QsMxP8P-JgKo,https://drive.google.com/open?id=1wFcwXwD55tB82ney6LZT-CJONueVjB99,,0,2,15,,0,https://drive.google.com/open?id=1b-Cy96GKZoc8kr3wVqv0X95dOzgVkGJq
8/11/2026 14:58:09,DeRuyter,Graded (No Uma Restrictions),Win A finals with any uma,I accept these terms,Day 2,"Android - phone or tablet, Windows",$101-500,,6-10 (roughly 1 per day),Discord - MooMooCord - https://discord.gg/Hc7cP9GB,5,,Oguri Cap (Christmas),Pace Chaser,Ace built for this CM before CM start in Grand Concert scenario,2,1,,,2,1,,Nice Nature,Late Surger,Debuffer,,,,,,,,Mayano Top Gun (Wedding),Late Surger,Debuffer,,,,,,,,4 Attempts - 20 Races total,15,Go to Submit page,,,,,,,,,,,,,,Re-use Day 1 - Team Comp 1 as Day 2 - Team Comp 1,,,,,,,,,,4 Attempts - 20 Races total,12,Day 3,,,,,,,,,,,,,,,Re-use Day 2 - Team Comp 1 as Day 3 - Team Comp 1,A Group,,,,,,,,,,4 Attempts - 20 Races total,16,Go to Submit page,,,,,,,,,,,,,,,,,,,,,,,,,,,,,,,,,,,,,,,,,,,,,,,,,,,,,,,,,,,,,,,,,,,,,,,,,,,,
8/14/2026 19:49:35,lppfnlcst,Graded (No Uma Restrictions),Win A finals with any uma,I accept these terms,Finals,"Android - phone or tablet, Windows",$0,,11-20 (roughly 2-3 per day),Discord - MooMooCord - https://discord.gg/Hc7cP9GB,5,,Oguri Cap (Christmas),Pace Chaser,Ace built for this CM before CM start in Grand Concert scenario,3,0,0,0,2,1,0,Nice Nature,Late Surger,Debuffer,,,,,,,,Grass Wonder,Late Surger,Debuffer,,,,,,,,4 Attempts - 20 Races total,18,Go to Submit page,,,,,,,,,,,,,,Re-use Day 1 - Team Comp 1 as Day 2 - Team Comp 1,,,,,,,,,,4 Attempts - 20 Races total,19,Day 3,,,,,,,,,,,,,,,Re-use Day 2 - Team Comp 1 as Day 3 - Team Comp 1,A Group,,,,,,,,,,1 Attempt - 5 Races total,3,Day 3 - Add 2nd Team,Add new Team Comp as Day 3 - Team Comp 2,Oguri Cap (Christmas),Pace Chaser,Ace built for this CM before CM start in Grand Concert scenario,Agnes Tachyon,Late Surger,Debuffer,Grass Wonder,Late Surger,Debuffer,3 Attempts - 15 Races total,13,2 teams,Go to Submit page,Re-use Day 3 - Team Comp 2 as Day 4 - Team Comp 1,A Group,,,,,,,,,,4 Attempts - 20 Races total,18,Go to Submit page,,,,,,,,,,,,,,,A Finals,10717,Re-use Day 4 - Team Comp 1 as Finals Team Comp,,,,,,,,,,https://drive.google.com/open?id=1LyRbNUy64mAEminNVFwRufX1IFiP_QUi,1st,,,,,,,,,,,what,https://drive.google.com/open?id=1DI2-8kipo2La_agxa9HnmvtxROvgfrIy,https://drive.google.com/open?id=1hQaAsXjcnzIjbo0cu59Z8dQt2hZzfHEN,,0,14,2,0,0,https://drive.google.com/open?id=1-D3mT8GRm3IfWZULpQhTuVIF7C5ODb0V
8/14/2026 8:15:05,Zimpel,Graded (No Uma Restrictions),Get into A finals,I accept these terms,Finals,Windows,$1-100,1504,11-20 (roughly 2-3 per day),Twitch - MooMooCows - https://www.twitch.tv/moomoomoocows,5,,Oguri Cap (Christmas),Pace Chaser,Ace built for this CM before CM start in Grand Concert scenario,2,1,,,2,1,,Nice Nature,Late Surger,Debuffer,,,,,,,,Super Creek (Halloween),Late Surger,Debuffer,,,,,,,,4 Attempts - 20 Races total,19,Go to Submit page,,,,,,,,,,,,,,Re-use Day 1 - Team Comp 1 as Day 2 - Team Comp 1,,,,,,,,,,4 Attempts - 20 Races total,17,Go to Submit page,,,,,,,,,,,,,,,Add new Team Comp as Day 3 - Team Comp 1,A Group,Oguri Cap (Christmas),Pace Chaser,Ace built for this CM before CM start in Grand Concert scenario,Grass Wonder,Late Surger,Debuffer,Agnes Tachyon,Late Surger,Debuffer,4 Attempts - 20 Races total,17,Go to Submit page,,,,,,,,,,,,,,,Re-use Day 3 - Team Comp 1 as Day 4 - Team Comp 1,A Group,,,,,,,,,,4 Attempts - 20 Races total,15,Go to Submit page,,,,,,,,,,,,,,,A Finals,14222,Re-use Day 4 - Team Comp 1 as Finals Team Comp,,,,,,,,,,https://drive.google.com/open?id=1w3J_AYpvxKmgRcaBf0TTGf6Sz7P6YjOm,1st,,,,,,,,,,,,https://drive.google.com/open?id=1tnmqAintyp7xE9PWLj7BySJO_P9bp1t2,https://drive.google.com/open?id=1XKn4UjXFGcicC_iQnc8K3CSvHD7KJP4Z,,,8,2,3,,https://drive.google.com/open?id=1HN1wS0r2_ZRRNF9XJ0FU3D6u480v9Fic
8/14/2026 15:42:03,Tamatama,Graded (No Uma Restrictions),Get into A finals,I accept these terms,Finals,"Android - phone or tablet, Windows",$1-100,1166,6-10 (roughly 1 per day),"Discord - MooMooCord - https://discord.gg/Hc7cP9GB, Twitch - MooMooCows - https://www.twitch.tv/moomoomoocows, YouTube - MooMooCows - https://www.youtube.com/@MooMooCows",5,,Oguri Cap (Christmas),Pace Chaser,Ace built for this CM before CM start in Grand Concert scenario,2,1,0,0,2,1,0,Grass Wonder,End Closer,Debuffer,,,,,,,,Nice Nature,Late Surger,Debuffer,,,,,,,,4 Attempts - 20 Races total,11,Go to Submit page,,,,,,,,,,,,,,Add new Team Comp as Day 2 - Team Comp 1,Oguri Cap (Christmas),Pace Chaser,Mid-CM Ace build in Grand Concert scenario,Grass Wonder,End Closer,Debuffer,Agnes Tachyon,End Closer,Debuffer,4 Attempts - 20 Races total,14,Go to Submit page,,,,,,,,,,,,,,,Re-use Day 2 - Team Comp 1 as Day 3 - Team Comp 1,A Group,,,,,,,,,,4 Attempts - 20 Races total,13,Go to Submit page,,,,,,,,,,,,,,,Re-use Day 3 - Team Comp 1 as Day 4 - Team Comp 1,A Group,,,,,,,,,,4 Attempts - 20 Races total,14,Go to Submit page,,,,,,,,,,,,,,,A Finals,12240,Re-use Day 4 - Team Comp 1 as Finals Team Comp,,,,,,,,,,https://drive.google.com/open?id=1yLdhbO3_voa5WY2Mdgh_RKzIWapZaMQR,2nd,Yes,https://drive.google.com/open?id=1Qp9Q0tid-namgCLBAoZEzkpm3DFcY0cM,https://drive.google.com/open?id=1_r1Goz_f7m0S8L7_qqbm7zzDyeWtOggs,,,6,9,,3,https://drive.google.com/open?id=11549CaNsxXPvsBILqoGXA9URpyy-jRa7,,,,,,,,,,
8/14/2026 19:20:05,MushroomBaracks,Graded (No Uma Restrictions),"Win A finals with ""oshi"" uma",I accept these terms,Finals,Windows,$0,726,31-45 (roughly 5-6 per day),"Discord - MooMooCord - https://discord.gg/Hc7cP9GB, YouTube - MooMooCows - https://www.youtube.com/@MooMooCows",5,,T.M. Opera O,Late Surger,Ace built for this CM before CM start in Grand Concert scenario,2,1,,,2,1,,Tamamo Cross,Late Surger,Ace built for this CM before CM start in Grand Concert scenario,2,1,,,2,1,,Mayano Top Gun,Late Surger,Ace built for this CM before CM start in Grand Concert scenario,2,1,,,2,1,,4 Attempts - 20 Races total,10,Go to Submit page,,,,,,,,,,,,,,Re-use Day 1 - Team Comp 1 as Day 2 - Team Comp 1,,,,,,,,,,4 Attempts - 20 Races total,9,Go to Submit page,,,,,,,,,,,,,,,Re-use Day 2 - Team Comp 1 as Day 3 - Team Comp 1,A Group,,,,,,,,,,4 Attempts - 20 Races total,4,Go to Submit page,,,,,,,,,,,,,,,Re-use Day 3 - Team Comp 1 as Day 4 - Team Comp 1,A Group,,,,,,,,,,4 Attempts - 20 Races total,4,Go to Submit page,,,,,,,,,,,,,,,B Finals,2038,Re-use Day 4 - Team Comp 1 as Finals Team Comp,,,,,,,,,,https://drive.google.com/open?id=1CRAgy5t0ozH-xHIyaIlsgoWAtxxCH5-A,1st,,,,,,,,,,,,,,,,,,,,
8/12/2026 20:03:34,HiryuXD,Graded (No Uma Restrictions),Win A finals with any uma,I accept these terms,Day 4,"Android - phone or tablet, Windows",$5000+,1202,46+ (more than 6 per day),"Discord - MooMooCord - https://discord.gg/Hc7cP9GB, Twitch - MooMooCows - https://www.twitch.tv/moomoomoocows",,,Oguri Cap (Christmas),Pace Chaser,Ace built for this CM before CM start in Grand Concert scenario,2,1,0,0,2,1,0,Mayano Top Gun (Wedding),End Closer,Debuffer,0,0,1,0,4,1,0,Nice Nature,End Closer,Debuffer,0,0,1,0,4,1,0,4 Attempts - 20 Races total,19,Go to Submit page,,,,,,,,,,,,,,Re-use Day 1 - Team Comp 1 as Day 2 - Team Comp 1,,,,,,,,,,4 Attempts - 20 Races total,18,Go to Submit page,,,,,,,,,,,,,,,Re-use Day 2 - Team Comp 1 as Day 3 - Team Comp 1,A Group,,,,,,,,,,4 Attempts - 20 Races total,13,Go to Submit page,,,,,,,,,,,,,,,Re-use Day 3 - Team Comp 1 as Day 4 - Team Comp 1,A Group,,,,,,,,,,4 Attempts - 20 Races total,18,Go to Submit page,,,,,,,,,,,,,,,,,,,,,,,,,,,,,,,,,,,,,,,,,,,,,,,,
8/14/2026 5:21:34,X-ite_SDF,Graded (No Uma Restrictions),Get into A finals,I accept these terms,Finals,,$101-500,,46+ (more than 6 per day),,,,Agnes Tachyon,Pace Chaser,Ace built for this CM before CM start in Unity Cup scenario,2,0,1,0,2,1,,Nice Nature,Late Surger,Debuffer,,,,,,,,Super Creek (Halloween),Late Surger,Debuffer,,,,,,,,4 Attempts - 20 Races total,11,Go to Submit page,,,,,,,,,,,,,,Re-use Day 1 - Team Comp 1 as Day 2 - Team Comp 1,,,,,,,,,,4 Attempts - 20 Races total,11,Go to Submit page,,,,,,,,,,,,,,,Re-use Day 2 - Team Comp 1 as Day 3 - Team Comp 1,A Group,,,,,,,,,,2 Attempts - 10 Races total,1,Day 3 - Add 2nd Team,Add new Team Comp as Day 3 - Team Comp 2,Agnes Tachyon,Late Surger,Mid-CM Ace build in Unity Cup scenario,Nice Nature,Late Surger,Debuffer,Super Creek (Halloween),Late Surger,Debuffer,2 Attempts - 10 Races total,4,2 teams,Go to Submit page,Re-use Day 3 - Team Comp 2 as Day 4 - Team Comp 1,A Group,,,,,,,,,,4 Attempts - 20 Races total,11,Go to Submit page,,,,,,,,,,,,,,,A Finals,13094,Re-use Day 4 - Team Comp 1 as Finals Team Comp,,,,,,,,,,,3rd,No (goes to Submit page),,,,,,,,,,,,,,,,,,,
8/14/2026 7:29:42,Anoxic,Graded (No Uma Restrictions),"Win A finals with ""oshi"" uma",I accept these terms,Finals,"iOS - phone or tablet, Windows",$0,1019,21-30 (roughly 3-4 per day),Discord - MooMooCord - https://discord.gg/Hc7cP9GB,5,,Nice Nature (Cheerleader),Late Surger,Ace built for this CM before CM start in Grand Concert scenario,3,,1,,1,1,,Eishin Flash (Valentine),Late Surger,Debuffer,,,,,,,,Agnes Tachyon,Pace Chaser,Debuffer,,,,,,,,4 Attempts - 20 Races total,12,Day 2,,,,,,,,,,,,,,Re-use Day 1 - Team Comp 1 as Day 2 - Team Comp 1,,,,,,,,,,4 Attempts - 20 Races total,12,Go to Submit page,,,,,,,,,,,,,,,Re-use Day 2 - Team Comp 1 as Day 3 - Team Comp 1,A Group,,,,,,,,,,4 Attempts - 20 Races total,10,Go to Submit page,,,,,,,,,,,,,,,Re-use Day 3 - Team Comp 1 as Day 4 - Team Comp 1,A Group,,,,,,,,,,4 Attempts - 20 Races total,8,Go to Submit page,,,,,,,,,,,,,,,A Finals,,Re-use Day 4 - Team Comp 1 as Finals Team Comp,,,,,,,,,,,2nd,No (goes to Submit page),,,,,,,,,,,,,,,,,,,
8/14/2026 7:57:18,Lily,Graded (No Uma Restrictions),Get into A finals,I accept these terms,Finals,,,,,,,,Mihono Bourbon (Valentine),Front Runner,Ace built for this CM before CM start in Grand Concert scenario,2,1,0,0,2,1,0,Copano Rickey,Front Runner,Ace built for this CM before CM start in Grand Concert scenario,2,1,0,0,2,1,0,Oguri Cap (Christmas),Pace Chaser,Ace built for this CM before CM start in Grand Concert scenario,3,0,0,0,2,1,0,4 Attempts - 20 Races total,14,Go to Submit page,,,,,,,,,,,,,,Re-use Day 1 - Team Comp 1 as Day 2 - Team Comp 1,,,,,,,,,,4 Attempts - 20 Races total,15,Go to Submit page,,,,,,,,,,,,,,,Re-use Day 2 - Team Comp 1 as Day 3 - Team Comp 1,A Group,,,,,,,,,,4 Attempts - 20 Races total,12,Go to Submit page,,,,,,,,,,,,,,,Re-use Day 3 - Team Comp 1 as Day 4 - Team Comp 1,A Group,,,,,,,,,,4 Attempts - 20 Races total,10,Go to Submit page,,,,,,,,,,,,,,,A Finals,9543,Re-use Day 4 - Team Comp 1 as Finals Team Comp,,,,,,,,,,,1st,,,,,,,,,,,,,,,,,,,,
8/12/2026 20:09:33,Ginzuka,Graded (No Uma Restrictions),"Win A finals with ""oshi"" uma",I accept these terms,Day 4,,$501-1000,1693,46+ (more than 6 per day),,,,Hishi Amazon,End Closer,Ace built for this CM before CM start in Grand Concert scenario,2,1,,,2,1,,Symboli Rudolf,Front Runner,Debuffer,,,,,,,,Eishin Flash (Valentine),Late Surger,Debuffer,,,,,,,,4 Attempts - 20 Races total,16,Go to Submit page,,,,,,,,,,,,,,Add new Team Comp as Day 2 - Team Comp 1,Hishi Amazon,End Closer,Mid-CM Ace build in Grand Concert scenario,Eishin Flash (Valentine),End Closer,Debuffer,Symboli Rudolf,Front Runner,Debuffer,4 Attempts - 20 Races total,13,Go to Submit page,,,,,,,,,,,,,,,Re-use Day 2 - Team Comp 1 as Day 3 - Team Comp 1,A Group,,,,,,,,,,4 Attempts - 20 Races total,14,Go to Submit page,,,,,,,,,,,,,,,Re-use Day 3 - Team Comp 1 as Day 4 - Team Comp 1,A Group,,,,,,,,,,4 Attempts - 20 Races total,13,Go to Submit page,,,,,,,,,,,,,,,,,,,,,,,,,,,,,,,,,,,,,,,,,,,,,,,,
8/9/2026 19:39:02,Err,Graded (No Uma Restrictions),Win A finals with any uma,I accept these terms,Day 1,Android - phone or tablet,$1-100,1089,21-30 (roughly 3-4 per day),Discord - MooMooCord - https://discord.gg/Hc7cP9GB,5,,Oguri Cap,End Closer,Ace built for this CM before CM start in Grand Concert scenario,2,0,,,2,0,,Grass Wonder,Front Runner,Debuffer,1,,1,,3,0,,Agnes Tachyon,Front Runner,Debuffer,1,1,1,,2,0,,3 Attempts - 15 Races total,8,Go to Submit page,,,,,,,,,,,,,,,,,,,,,,,,,,,,,,,,,,,,,,,,,,,,,,,,,,,,,,,,,,,,,,,,,,,,,,,,,,,,,,,,,,,,,,,,,,,,,,,,,,,,,,,,,,,,,,,,,,,,,,,,,,,,,,,,,,
8/14/2026 5:20:25,Ika,Graded (No Uma Restrictions),Get into A finals,I accept these terms,Finals,Android - phone or tablet,$101-500,2182,21-30 (roughly 3-4 per day),YouTube - MooMooCows - https://www.youtube.com/@MooMooCows,5,,Smart Falcon,Front Runner,Ace built for this CM before CM start in Grand Concert scenario,2,,1,,2,1,,Copano Rickey,Front Runner,Ace built for this CM before CM start in Grand Concert scenario,2,1,,,2,1,,Grass Wonder,Late Surger,Debuffer,1,,,,4,1,,4 Attempts - 20 Races total,18,Go to Submit page,,,,,,,,,,,,,,Re-use Day 1 - Team Comp 1 as Day 2 - Team Comp 1,,,,,,,,,,4 Attempts - 20 Races total,19,Go to Submit page,,,,,,,,,,,,,,,Re-use Day 2 - Team Comp 1 as Day 3 - Team Comp 1,A Group,,,,,,,,,,4 Attempts - 20 Races total,11,Go to Submit page,,,,,,,,,,,,,,,Re-use Day 3 - Team Comp 1 as Day 4 - Team Comp 1,A Group,,,,,,,,,,4 Attempts - 20 Races total,15,Go to Submit page,,,,,,,,,,,,,,,A Finals,,Re-use Day 4 - Team Comp 1 as Finals Team Comp,,,,,,,,,,https://drive.google.com/open?id=1Lfk3Tja8X4XY_9wALIH9Q10s1cp0GUbg,2nd,No (goes to Submit page),,,,,,,,,,,,,,,,,,,
8/14/2026 5:21:48,Explain,Graded (No Uma Restrictions),Get into A finals,I accept these terms,Finals,"Android - phone or tablet, Windows",$1-100,1276,11-20 (roughly 2-3 per day),"Discord - MooMooCord - https://discord.gg/Hc7cP9GB, Twitch - MooMooCows - https://www.twitch.tv/moomoomoocows, YouTube - MooMooCows - https://www.youtube.com/@MooMooCows",,,Copano Rickey,Front Runner,Ace built for this CM before CM start in Grand Concert scenario,3,1,,,1,1,,Smart Falcon,Front Runner,Ace built for this CM before CM start in Grand Concert scenario,2,1,,,2,1,,Agnes Digital,Late Surger,Ace built for this CM before CM start in Grand Concert scenario,3,1,,,1,1,,4 Attempts - 20 Races total,15,Go to Submit page,,,,,,,,,,,,,,Re-use Day 1 - Team Comp 1 as Day 2 - Team Comp 1,,,,,,,,,,4 Attempts - 20 Races total,18,Go to Submit page,,,,,,,,,,,,,,,Re-use Day 2 - Team Comp 1 as Day 3 - Team Comp 1,A Group,,,,,,,,,,4 Attempts - 20 Races total,18,Go to Submit page,,,,,,,,,,,,,,,Re-use Day 3 - Team Comp 1 as Day 4 - Team Comp 1,A Group,,,,,,,,,,4 Attempts - 20 Races total,14,Go to Submit page,,,,,,,,,,,,,,,A Finals,11419,Re-use Day 4 - Team Comp 1 as Finals Team Comp,,,,,,,,,,,3rd,No (goes to Submit page),,,,,,,,,,,,,,,,,,,
8/14/2026 22:13:27,Fnoot,Graded (No Uma Restrictions),"Win A finals with ""oshi"" uma",I accept these terms,Finals,Windows,$1001-5000,901,6-10 (roughly 1 per day),Discord - MooMooCord - https://discord.gg/Hc7cP9GB,5,,Oguri Cap (Christmas),Pace Chaser,Ace built for this CM before CM start in Grand Concert scenario,2,1,,,2,1,,Agnes Tachyon,Late Surger,Debuffer,1,1,1,,3,,,Nice Nature,Late Surger,Debuffer,1,1,1,,3,,,4 Attempts - 20 Races total,13,Go to Submit page,,,,,,,,,,,,,,Re-use Day 1 - Team Comp 1 as Day 2 - Team Comp 1,,,,,,,,,,4 Attempts - 20 Races total,14,Go to Submit page,,,,,,,,,,,,,,,Re-use Day 2 - Team Comp 1 as Day 3 - Team Comp 1,A Group,,,,,,,,,,4 Attempts - 20 Races total,9,Go to Submit page,,,,,,,,,,,,,,,Re-use Day 3 - Team Comp 1 as Day 4 - Team Comp 1,A Group,,,,,,,,,,4 Attempts - 20 Races total,13,Go to Submit page,,,,,,,,,,,,,,,A Finals,8171,Re-use Day 4 - Team Comp 1 as Finals Team Comp,,,,,,,,,,https://drive.google.com/open?id=1tceMmmJ8I0izVHU3GERp438ZIQuMGA9Z,3rd,No (goes to Submit page),,,,,,,,,,,,,,,,,,,
8/14/2026 16:09:45,6>Suri,Graded (No Uma Restrictions),Get into A finals,I accept these terms,Finals,Android - phone or tablet,$0,912,6-10 (roughly 1 per day),"Discord - MooMooCord - https://discord.gg/Hc7cP9GB, Twitch - MooMooCows - https://www.twitch.tv/moomoomoocows, YouTube - MooMooCows - https://www.youtube.com/@MooMooCows",3,,Oguri Cap,Pace Chaser,Ace built for this CM before CM start in Grand Concert scenario,,,,,,,,Symboli Rudolf,Late Surger,Debuffer,,,,,,,,Grass Wonder,Late Surger,Debuffer,,,,,,,,4 Attempts - 20 Races total,9,Go to Submit page,,,,,,,,,,,,,,Re-use Day 1 - Team Comp 1 as Day 2 - Team Comp 1,,,,,,,,,,4 Attempts - 20 Races total,6,Go to Submit page,,,,,,,,,,,,,,,Re-use Day 2 - Team Comp 1 as Day 3 - Team Comp 1,A Group,,,,,,,,,,4 Attempts - 20 Races total,5,Day 4,,,,,,,,,,,,,,,Re-use Day 3 - Team Comp 1 as Day 4 - Team Comp 1,A Group,,,,,,,,,,4 Attempts - 20 Races total,5,Go to Submit page,,,,,,,,,,,,,,,B Finals,1841,Re-use Day 4 - Team Comp 1 as Finals Team Comp,,,,,,,,,,https://drive.google.com/open?id=1JmIrff3Q4MX_t2Db-ocIRydhoqW3xjwy,1st,,,,,,,,,,,,,,,,,,,,
8/9/2026 20:06:51,March 7th,Graded (No Uma Restrictions),Get into A finals,I accept these terms,Day 1,iOS - phone or tablet,$0,,31-45 (roughly 5-6 per day),Reddit - /r/umamusumeGame,5,,Oguri Cap (Christmas),Pace Chaser,Ace built for this CM before CM start in Grand Concert scenario,2,1,0,0,2,1,0,Nice Nature,Late Surger,Debuffer,,,,,,,,Mayano Top Gun (Wedding),Late Surger,Debuffer,,,,,,,,4 Attempts - 20 Races total,16,Go to Submit page,,,,,,,,,,,,,,,,,,,,,,,,,,,,,,,,,,,,,,,,,,,,,,,,,,,,,,,,,,,,,,,,,,,,,,,,,,,,,,,,,,,,,,,,,,,,,,,,,,,,,,,,,,,,,,,,,,,,,,,,,,,,,,,,,,
8/14/2026 16:10:57,4>EsJeruk,Graded (No Uma Restrictions),Get into A finals,I accept these terms,Finals,Android - phone or tablet,$0,410,6-10 (roughly 1 per day),"Discord - MooMooCord - https://discord.gg/Hc7cP9GB, Twitch - MooMooCows - https://www.twitch.tv/moomoomoocows, YouTube - MooMooCows - https://www.youtube.com/@MooMooCows",3,,Oguri Cap (Christmas),Pace Chaser,Ace built for this CM before CM start in Grand Concert scenario,,,,,,,,Eishin Flash (Valentine),Late Surger,Debuffer,,,,,,,,Grass Wonder,Late Surger,Debuffer,,,,,,,,4 Attempts - 20 Races total,15,Go to Submit page,,,,,,,,,,,,,,Re-use Day 1 - Team Comp 1 as Day 2 - Team Comp 1,,,,,,,,,,4 Attempts - 20 Races total,17,Go to Submit page,,,,,,,,,,,,,,,Re-use Day 2 - Team Comp 1 as Day 3 - Team Comp 1,A Group,,,,,,,,,,4 Attempts - 20 Races total,14,Day 4,,,,,,,,,,,,,,,Re-use Day 3 - Team Comp 1 as Day 4 - Team Comp 1,A Group,,,,,,,,,,4 Attempts - 20 Races total,12,Go to Submit page,,,,,,,,,,,,,,,A Finals,9589,Re-use Day 4 - Team Comp 1 as Finals Team Comp,,,,,,,,,,https://drive.google.com/open?id=17SczOboDjqnqESXbDNLgfYVp8yWhimyC,1st,,,,,,,,,,,,,,,,,,,,
8/14/2026 16:12:06,1>EsJeruk,Graded (No Uma Restrictions),Get into A finals,I accept these terms,Finals,Android - phone or tablet,$0,530,11-20 (roughly 2-3 per day),"Discord - MooMooCord - https://discord.gg/Hc7cP9GB, Twitch - MooMooCows - https://www.twitch.tv/moomoomoocows, YouTube - MooMooCows - https://www.youtube.com/@MooMooCows",3,,Oguri Cap (Christmas),End Closer,Ace built for this CM before CM start in Grand Concert scenario,,,,,,,,Agnes Tachyon,Pace Chaser,Debuffer,,,,,,,,Grass Wonder,Late Surger,Debuffer,,,,,,,,4 Attempts - 20 Races total,17,Go to Submit page,,,,,,,,,,,,,,Re-use Day 1 - Team Comp 1 as Day 2 - Team Comp 1,,,,,,,,,,4 Attempts - 20 Races total,15,Go to Submit page,,,,,,,,,,,,,,,Re-use Day 2 - Team Comp 1 as Day 3 - Team Comp 1,A Group,,,,,,,,,,4 Attempts - 20 Races total,16,Day 4,,,,,,,,,,,,,,,Re-use Day 3 - Team Comp 1 as Day 4 - Team Comp 1,A Group,,,,,,,,,,4 Attempts - 20 Races total,14,Go to Submit page,,,,,,,,,,,,,,,A Finals,10691,Re-use Day 4 - Team Comp 1 as Finals Team Comp,,,,,,,,,,https://drive.google.com/open?id=12UTXQ_rTOvH-GBFHGJQ2IiLM6lp_fJ5i,1st,,,,,,,,,,,,,,,,,,,,
8/14/2026 5:48:37,Kenny,Graded (No Uma Restrictions),Get into A finals,I accept these terms,Finals,iOS - phone or tablet,$0,,6-10 (roughly 1 per day),Discord - MooMooCord - https://discord.gg/Hc7cP9GB,5,,Oguri Cap (Christmas),Pace Chaser,Ace built for this CM before CM start in Grand Concert scenario,2,1,,,2,1,,Nice Nature,Late Surger,Debuffer,2,1,1,,1,1,,Grass Wonder,Late Surger,Debuffer,2,,1,,2,1,,4 Attempts - 20 Races total,10,Go to Submit page,,,,,,,,,,,,,,Re-use Day 1 - Team Comp 1 as Day 2 - Team Comp 1,,,,,,,,,,4 Attempts - 20 Races total,11,Go to Submit page,,,,,,,,,,,,,,,Re-use Day 2 - Team Comp 1 as Day 3 - Team Comp 1,A Group,,,,,,,,,,4 Attempts - 20 Races total,8,Go to Submit page,,,,,,,,,,,,,,,Re-use Day 3 - Team Comp 1 as Day 4 - Team Comp 1,A Group,,,,,,,,,,4 Attempts - 20 Races total,12,Go to Submit page,,,,,,,,,,,,,,,A Finals,8456,Add new Team Comp as Finals Team Comp,Oguri Cap (Christmas),Pace Chaser,Ace built for this CM before CM start in Grand Concert scenario,Grass Wonder,Late Surger,Debuffer,Symboli Rudolf,Late Surger,Debuffer,https://drive.google.com/open?id=12NuhfxP8wwFbvrA3WxT_Ru6ofCntzKip,2nd,Yes,https://drive.google.com/open?id=1CVkUoCb7OhX070GajWxufP66V8bD8ySV,https://drive.google.com/open?id=1ovyjG6TRkxUnaCk95RgdEX2ax1ONIayR,,,9,8,,,https://drive.google.com/open?id=1ZcgS9pYmqNS_BlGpZzWKxMDdauVIWNT8,,,,,,,,,,
8/9/2026 20:15:52,ayabe,Graded (No Uma Restrictions),Get into A finals,I accept these terms,Day 1,,$1-100,,46+ (more than 6 per day),Discord - MooMooCord - https://discord.gg/Hc7cP9GB,5,,Silence Suzuka,Runaway,Ace built for this CM before CM start in Grand Concert scenario,2,1,,,2,1,,El Condor Pasa,Front Runner,Ace built for this CM before CM start in Grand Concert scenario,2,1,,,2,1,,Mejiro McQueen,Front Runner,Ace built for this CM before CM start in Grand Concert scenario,2,1,,,2,1,,4 Attempts - 20 Races total,16,Go to Submit page,,,,,,,,,,,,,,,,,,,,,,,,,,,,,,,,,,,,,,,,,,,,,,,,,,,,,,,,,,,,,,,,,,,,,,,,,,,,,,,,,,,,,,,,,,,,,,,,,,,,,,,,,,,,,,,,,,,,,,,,,,,,,,,,,,
8/14/2026 14:20:52,OSoverspike,Graded (No Uma Restrictions),Win A finals with any uma,I accept these terms,Finals,Android - phone or tablet,$0,705,31-45 (roughly 5-6 per day),Discord - MooMooCord - https://discord.gg/Hc7cP9GB,4,,Agnes Digital,Late Surger,Ace built for this CM before CM start in Grand Concert scenario,3,0,0,0,2,1,0,Mayano Top Gun,Pace Chaser,Ace built for this CM before CM start in Grand Concert scenario,3,1,0,0,1,1,0,Grass Wonder,Late Surger,Debuffer,,,,,,,,4 Attempts - 20 Races total,14,Go to Submit page,,,,,,,,,,,,,,Re-use Day 1 - Team Comp 1 as Day 2 - Team Comp 1,,,,,,,,,,4 Attempts - 20 Races total,15,Go to Submit page,,,,,,,,,,,,,,,Re-use Day 2 - Team Comp 1 as Day 3 - Team Comp 1,A Group,,,,,,,,,,4 Attempts - 20 Races total,13,Go to Submit page,,,,,,,,,,,,,,,Re-use Day 3 - Team Comp 1 as Day 4 - Team Comp 1,A Group,,,,,,,,,,4 Attempts - 20 Races total,12,Go to Submit page,,,,,,,,,,,,,,,A Finals,7977,Re-use Day 4 - Team Comp 1 as Finals Team Comp,,,,,,,,,,https://drive.google.com/open?id=1nHPQjd2fRnXlNMoplNP49knQ6WWB6O2D,1st,,,,,,,,,,,100 billion uma simping,https://drive.google.com/open?id=1brpwyYAgLiKwl5hwMMcUEwq3pk8eH2O3,https://drive.google.com/open?id=174CR2fB4R3w0TBrry412SLvY7FZ7B2Ix,,0,13,0,2,0,https://drive.google.com/open?id=1-dQFcpga6TATfITXkqdij642k7oETSrS
8/14/2026 5:09:11,Raivop,Graded (No Uma Restrictions),Win A finals with any uma,I accept these terms,Finals,Windows,$101-500,1860,31-45 (roughly 5-6 per day),Reddit - /r/umamusumeGame,4,,Oguri Cap (Christmas),Pace Chaser,Ace built for this CM before CM start in Grand Concert scenario,2,,0,0,3,1,0,Copano Rickey,Front Runner,Ace built for this CM before CM start in Grand Concert scenario,3,1,0,0,1,1,0,Eishin Flash (Valentine),End Closer,Debuffer,1,1,2,0,2,0,0,4 Attempts - 20 Races total,15,Go to Submit page,,,,,,,,,,,,,,Re-use Day 1 - Team Comp 1 as Day 2 - Team Comp 1,,,,,,,,,,4 Attempts - 20 Races total,17,Go to Submit page,,,,,,,,,,,,,,,Re-use Day 2 - Team Comp 1 as Day 3 - Team Comp 1,A Group,,,,,,,,,,4 Attempts - 20 Races total,12,Day 4,,,,,,,,,,,,,,,Re-use Day 3 - Team Comp 1 as Day 4 - Team Comp 1,A Group,,,,,,,,,,4 Attempts - 20 Races total,18,Go to Submit page,,,,,,,,,,,,,,,A Finals,14057,Re-use Day 4 - Team Comp 1 as Finals Team Comp,,,,,,,,,,,2nd,No (goes to Submit page),,,,,,,,,,,,,,,,,,,
8/14/2026 7:01:25,Zorem,Graded (No Uma Restrictions),Get into A finals,I accept these terms,Finals,Windows,$501-1000,1327,31-45 (roughly 5-6 per day),Discord - MooMooCord - https://discord.gg/Hc7cP9GB,,,Oguri Cap (Christmas),Pace Chaser,Ace built for this CM before CM start in Grand Concert scenario,2,,,,3,1,,Nice Nature,Late Surger,Debuffer,1,,1,,4,,,Agnes Tachyon,Late Surger,Debuffer,2,,1,1,2,,,4 Attempts - 20 Races total,15,Go to Submit page,,,,,,,,,,,,,,Re-use Day 1 - Team Comp 1 as Day 2 - Team Comp 1,,,,,,,,,,2 Attempts - 10 Races total,7,Day 2 - Add 2nd Team,Add new Team Comp as Day 2 - Team Comp 2,Oguri Cap (Christmas),Pace Chaser,Ace built for this CM before CM start in Grand Concert scenario,Agnes Tachyon,Late Surger,Debuffer,Eishin Flash (Valentine),Late Surger,Debuffer,2 Attempts - 10 Races total,9,2 teams,Go to Submit page,Re-use Day 2 - Team Comp 2 as Day 3 - Team Comp 1,A Group,,,,,,,,,,4 Attempts - 20 Races total,12,Go to Submit page,,,,,,,,,,,,,,,Re-use Day 3 - Team Comp 1 as Day 4 - Team Comp 1,A Group,,,,,,,,,,4 Attempts - 20 Races total,12,Go to Submit page,,,,,,,,,,,,,,,A Finals,10065,Re-use Day 4 - Team Comp 1 as Finals Team Comp,,,,,,,,,,https://drive.google.com/open?id=15CD3Km9CVnfD0IUTWs1MPnVIfGbV6W6X,1st,,,,,,,,,,,,https://drive.google.com/open?id=1mPwi4gEgqJg9yVH2zDO-xj83GnSReTll,https://drive.google.com/open?id=1Pl2RCr9v0DFc9DUa9Oe0zpEP6yaYADyf,,,11,4,,,https://drive.google.com/open?id=1aEb9Ev_nVyv8Xtv4lWxiUv4VHdJ6rmpH
8/14/2026 19:52:10,blackred,Graded (No Uma Restrictions),Get into A finals,I accept these terms,Finals,Windows,$1-100,,6-10 (roughly 1 per day),Discord - MooMooCord - https://discord.gg/Hc7cP9GB,,,Oguri Cap (Christmas),Pace Chaser,Ace built for this CM before CM start in Grand Concert scenario,3,,,,2,1,,Nice Nature,Late Surger,Debuffer,1,,,,5,,,Mayano Top Gun (Wedding),Late Surger,Debuffer,,,,,6,,,4 Attempts - 20 Races total,13,Go to Submit page,,,,,,,,,,,,,,Re-use Day 1 - Team Comp 1 as Day 2 - Team Comp 1,,,,,,,,,,4 Attempts - 20 Races total,15,Go to Submit page,,,,,,,,,,,,,,,Add new Team Comp as Day 3 - Team Comp 1,A Group,Oguri Cap (Christmas),Pace Chaser,Mid-CM Ace build in Grand Concert scenario,Grass Wonder,Late Surger,Debuffer,Agnes Tachyon,Late Surger,Debuffer,4 Attempts - 20 Races total,12,Go to Submit page,,,,,,,,,,,,,,,Re-use Day 3 - Team Comp 1 as Day 4 - Team Comp 1,A Group,,,,,,,,,,4 Attempts - 20 Races total,13,Go to Submit page,,,,,,,,,,,,,,,A Finals,,Re-use Day 4 - Team Comp 1 as Finals Team Comp,,,,,,,,,,https://drive.google.com/open?id=1ECxWYCDC4RnJ33medcYNkEkVNEghEm0E,3rd,No (goes to Submit page),,,,,,,,,,,,,,,,,,,
8/14/2026 12:03:15,ThatPhaste,Graded (No Uma Restrictions),Get into A finals,I accept these terms,Finals,"Android - phone or tablet, Windows",$1-100,,6-10 (roughly 1 per day),"Discord - MooMooCord - https://discord.gg/Hc7cP9GB, Twitch - MooMooCows - https://www.twitch.tv/moomoomoocows, YouTube - MooMooCows - https://www.youtube.com/@MooMooCows",3,,Oguri Cap (Christmas),Pace Chaser,Ace built for this CM before CM start in Grand Concert scenario,2,1,1,,1,1,,Nice Nature,Late Surger,Debuffer,2,,,,4,,,Grass Wonder,Late Surger,Debuffer,2,,,,4,,,3 Attempts - 15 Races total,8,Go to Submit page,,,,,,,,,,,,,,Add new Team Comp as Day 2 - Team Comp 1,Oguri Cap (Christmas),Pace Chaser,Ace built for this CM before CM start in Grand Concert scenario,Agnes Tachyon,Late Surger,Debuffer,Grass Wonder,Late Surger,Debuffer,3 Attempts - 15 Races total,6,Go to Submit page,,,,,,,,,,,,,,,Add new Team Comp as Day 3 - Team Comp 1,A Group,Oguri Cap (Christmas),Pace Chaser,Mid-CM Ace build in Grand Concert scenario,Agnes Tachyon,End Closer,Debuffer,Grass Wonder,End Closer,Debuffer,3 Attempts - 15 Races total,6,Go to Submit page,,,,,,,,,,,,,,,Re-use Day 3 - Team Comp 1 as Day 4 - Team Comp 1,A Group,,,,,,,,,,3 Attempts - 15 Races total,7,Go to Submit page,,,,,,,,,,,,,,,A Finals,9384,Re-use Day 4 - Team Comp 1 as Finals Team Comp,,,,,,,,,,https://drive.google.com/open?id=1QDBazCd_q1cKCRa7x-9DM6Sxw3xlqMQi,2nd,Yes,https://drive.google.com/open?id=1xlDWEICnfGFvWIgOXzpSv3tGuQ3pQQGk,https://drive.google.com/open?id=1-s6o9hzoAqcS-zYdX60AIGSQYow-_PFH,https://drive.google.com/open?id=1WuhulgX8lRPFjOBM57lTp5DwRCj6w7G6,,2,,,2,https://drive.google.com/open?id=1LmQ04gwg0Z4OB072GCQIsdD0TlwpFog-,,,,,,,,,,
8/14/2026 15:00:07,Hyaz,Graded (No Uma Restrictions),Get into A finals,I accept these terms,Finals,"Android - phone or tablet, Windows",$1001-5000,853,11-20 (roughly 2-3 per day),Discord - MooMooCord - https://discord.gg/Hc7cP9GB,,,Copano Rickey,Late Surger,Ace built for this CM before CM start in Grand Concert scenario,3,1,0,0,1,1,0,Symboli Rudolf,Pace Chaser,Debuffer,,,,,,,,Eishin Flash (Valentine),Late Surger,Debuffer,,,,,,,,4 Attempts - 20 Races total,14,Go to Submit page,,,,,,,,,,,,,,Re-use Day 1 - Team Comp 1 as Day 2 - Team Comp 1,,,,,,,,,,4 Attempts - 20 Races total,16,Go to Submit page,,,,,,,,,,,,,,,Re-use Day 2 - Team Comp 1 as Day 3 - Team Comp 1,A Group,,,,,,,,,,4 Attempts - 20 Races total,9,Day 4,,,,,,,,,,,,,,,Re-use Day 3 - Team Comp 1 as Day 4 - Team Comp 1,A Group,,,,,,,,,,4 Attempts - 20 Races total,17,Go to Submit page,,,,,,,,,,,,,,,A Finals,8393,Re-use Day 4 - Team Comp 1 as Finals Team Comp,,,,,,,,,,https://drive.google.com/open?id=1eWYygdkPCDOtKkAM8toihCCtwnCoewyz,1st,,,,,,,,,,,Late Surging to Victory!,https://drive.google.com/open?id=12h_KiGFf3r_fHU_bSN8dx9J-5S4ahdX_,https://drive.google.com/open?id=1MkJV7xDH2aFwpCxMRts3RE7jiK-uKGh5,,1,13,0,0,0,https://drive.google.com/open?id=1vTtkv8Woy6r5N8dp5nKi1SC_C6ay9TXV
8/14/2026 5:17:23,Incinerize,Graded (No Uma Restrictions),Win A finals with any uma,I accept these terms,Day 4,Android - phone or tablet,$1-100,1580,31-45 (roughly 5-6 per day),Discord - MooMooCord - https://discord.gg/Hc7cP9GB,,,Oguri Cap (Christmas),Pace Chaser,Ace built for this CM before CM start in Grand Concert scenario,3,,,,2,1,,Grass Wonder,Late Surger,Debuffer,,,,,,,,Symboli Rudolf,End Closer,Debuffer,,,,,,,,4 Attempts - 20 Races total,16,Go to Submit page,,,,,,,,,,,,,,Re-use Day 1 - Team Comp 1 as Day 2 - Team Comp 1,,,,,,,,,,4 Attempts - 20 Races total,17,Go to Submit page,,,,,,,,,,,,,,,Re-use Day 2 - Team Comp 1 as Day 3 - Team Comp 1,A Group,,,,,,,,,,4 Attempts - 20 Races total,12,Go to Submit page,,,,,,,,,,,,,,,Re-use Day 3 - Team Comp 1 as Day 4 - Team Comp 1,A Group,,,,,,,,,,4 Attempts - 20 Races total,14,Finals,,,,,,,,,,,,,,,A Finals,9550,Re-use Day 4 - Team Comp 1 as Finals Team Comp,,,,,,,,,,,3rd,No (goes to Submit page),,,,,,,,,,,,,,,,,,,
8/14/2026 5:50:07,Kitty,Graded (No Uma Restrictions),get into B finals with oshis,I accept these terms,Day 1,iOS - phone or tablet,$1-100,413,,Reddit - /r/umamusumeGame,5,,Maruzensky (Summer),Front Runner,Ace built for this CM before CM start in Unity Cup scenario,2,2,0,0,2,0,0,T.M. Opera O,Pace Chaser,Ace built for this CM before CM start in Unity Cup scenario,2,2,0,0,1,1,0,Agnes Digital,Late Surger,Ace built for this CM before CM start in Grand Concert scenario,2,0,1,0,2,1,0,3 Attempts - 15 Races total,2,Day 2,,,,,,,,,,,,,,Re-use Day 1 - Team Comp 1 as Day 2 - Team Comp 1,,,,,,,,,,2 Attempts - 10 Races total,1,Day 3,,,,,,,,,,,,,,,Re-use Day 2 - Team Comp 1 as Day 3 - Team Comp 1,B Group,,,,,,,,,,4 Attempts - 20 Races total,9,Day 4,,,,,,,,,,,,,,,Re-use Day 3 - Team Comp 1 as Day 4 - Team Comp 1,B Group,,,,,,,,,,4 Attempts - 20 Races total,5,Finals,,,,,,,,,,,,,,,B Finals,772,Re-use Day 4 - Team Comp 1 as Finals Team Comp,,,,,,,,,,,2nd,No (goes to Submit page),,,,,,,,,,,,,,,,,,,
8/14/2026 13:49:54,Martinik,Graded (No Uma Restrictions),"Win A finals with ""oshi"" uma",I accept these terms,Finals,"Android - phone or tablet, Windows",$501-1000,1750,31-45 (roughly 5-6 per day),,5,Maybe share our uma winrate,Agnes Digital,End Closer,Ace built for this CM before CM start in Grand Concert scenario,3,,,,2,1,,Oguri Cap (Christmas),Pace Chaser,Ace built for this CM before CM start in Grand Concert scenario,3,,,,2,1,,Grass Wonder,Late Surger,Debuffer,,,,,,,,2 Attempts - 10 Races total,9,Go to Submit page,,,,,,,,,,,,,,Re-use Day 1 - Team Comp 1 as Day 2 - Team Comp 1,,,,,,,,,,3 Attempts - 15 Races total,11,Go to Submit page,,,,,,,,,,,,,,,Re-use Day 2 - Team Comp 1 as Day 3 - Team Comp 1,A Group,,,,,,,,,,4 Attempts - 20 Races total,6,Go to Submit page,,,,,,,,,,,,,,,Re-use Day 3 - Team Comp 1 as Day 4 - Team Comp 1,A Group,,,,,,,,,,4 Attempts - 20 Races total,10,Go to Submit page,,,,,,,,,,,,,,,A Finals,9933,Re-use Day 4 - Team Comp 1 as Finals Team Comp,,,,,,,,,,https://drive.google.com/open?id=1YVSbOakLcT43uJdD5MBU2FUvKJZpAoCB,2nd,Yes,https://drive.google.com/open?id=15n61qdAwEvnsvv2lk1qOoEVfGrxFSBqt,https://drive.google.com/open?id=1ttCtycsy2DBmAQNps5whkyNm0Qs33h9R,,,,,,,https://drive.google.com/open?id=1ZAA-O9CNwxarYwq6Kk76vG7MVFyhDDzV,,,,,,,,,,
8/14/2026 21:33:07,Rin,Graded (No Uma Restrictions),"Win A finals with ""oshi"" uma",I accept these terms,Finals,Android - phone or tablet,$501-1000,1507,21-30 (roughly 3-4 per day),Discord - MooMooCord - https://discord.gg/Hc7cP9GB,5,,Oguri Cap (Christmas),Pace Chaser,Ace built for this CM before CM start in Grand Concert scenario,2,1,0,0,2,1,0,Mayano Top Gun (Wedding),Late Surger,Debuffer,2,1,0,0,2,1,0,Nice Nature,Late Surger,Debuffer,2,1,0,0,2,1,0,4 Attempts - 20 Races total,16,Go to Submit page,,,,,,,,,,,,,,Re-use Day 1 - Team Comp 1 as Day 2 - Team Comp 1,,,,,,,,,,4 Attempts - 20 Races total,15,Go to Submit page,,,,,,,,,,,,,,,Add new Team Comp as Day 3 - Team Comp 1,A Group,Eishin Flash (Valentine),Late Surger,Debuffer,Mayano Top Gun (Wedding),Late Surger,Debuffer,Oguri Cap (Christmas),Pace Chaser,Ace built for this CM before CM start in Grand Concert scenario,4 Attempts - 20 Races total,12,Go to Submit page,,,,,,,,,,,,,,,Re-use Day 3 - Team Comp 2 as Day 4 - Team Comp 1,A Group,,,,,,,,,,4 Attempts - 20 Races total,16,Go to Submit page,,,,,,,,,,,,,,,A Finals,13251,Re-use Day 4 - Team Comp 2 as Finals Team Comp,,,,,,,,,,https://drive.google.com/open?id=1zx_YNuwXQiKwJ9WymdBcXxPaxEn2dV2i,2nd,Yes,https://drive.google.com/open?id=1UN5AG55yK3U45J1hlUg5cxG5j5yYMqEK,https://drive.google.com/open?id=1OjGO8_dwgDL-v4BxxUerFNNy019qVkyS,,3,9,4,0,0,https://drive.google.com/open?id=135pimEvHzMxLd7TlVWkXKjh_0hpwxFlK,,,,,,,,,,
8/9/2026 22:01:48,Cadisven,Graded (No Uma Restrictions),Win A finals with any uma,I accept these terms,Day 1,"Android - phone or tablet, Windows",$1001-5000,,31-45 (roughly 5-6 per day),Reddit - /r/umamusumeGame,5,,Oguri Cap (Christmas),Pace Chaser,Ace built for this CM before CM start in Grand Concert scenario,2,,0,,2,0,,Nice Nature,Late Surger,Debuffer,,,,,,,,Symboli Rudolf,Late Surger,Debuffer,,,,,,,,4 Attempts - 20 Races total,15,Go to Submit page,,,,,,,,,,,,,,,,,,,,,,,,,,,,,,,,,,,,,,,,,,,,,,,,,,,,,,,,,,,,,,,,,,,,,,,,,,,,,,,,,,,,,,,,,,,,,,,,,,,,,,,,,,,,,,,,,,,,,,,,,,,,,,,,,,
8/14/2026 7:09:55,J,Graded (No Uma Restrictions),Get into A finals,I accept these terms,Finals,"Android - phone or tablet, Windows",$1001-5000,,31-45 (roughly 5-6 per day),Discord - MooMooCord - https://discord.gg/Hc7cP9GB,,,Oguri Cap (Christmas),Pace Chaser,Ace built for this CM before CM start in Grand Concert scenario,2,1,,,2,1,,Symboli Rudolf,End Closer,Debuffer,,,,,,,,Eishin Flash (Valentine),End Closer,Debuffer,,,,,,,,4 Attempts - 20 Races total,19,Go to Submit page,,,,,,,,,,,,,,Re-use Day 1 - Team Comp 1 as Day 2 - Team Comp 1,,,,,,,,,,4 Attempts - 20 Races total,17,Go to Submit page,,,,,,,,,,,,,,,Re-use Day 2 - Team Comp 1 as Day 3 - Team Comp 1,A Group,,,,,,,,,,4 Attempts - 20 Races total,14,Go to Submit page,,,,,,,,,,,,,,,Re-use Day 3 - Team Comp 1 as Day 4 - Team Comp 1,A Group,,,,,,,,,,4 Attempts - 20 Races total,17,Go to Submit page,,,,,,,,,,,,,,,A Finals,10089,Re-use Day 4 - Team Comp 1 as Finals Team Comp,,,,,,,,,,https://drive.google.com/open?id=12WL-PVSJjBMCTpoxGTyr01tjG7xwmFSa,2nd,No (goes to Submit page),,,,,,,,,,,,,,,,,,,
8/12/2026 1:26:04,SkepticalFool,Graded (No Uma Restrictions),Win A finals with any uma,I accept these terms,Day 2,Android - phone or tablet,$0,1194,31-45 (roughly 5-6 per day),Discord - MooMooCord - https://discord.gg/Hc7cP9GB,5,,Oguri Cap (Christmas),Pace Chaser,Ace built for this CM before CM start in Grand Concert scenario,3,,,,2,1,,Taiki Shuttle (Camping),Pace Chaser,Ace built for this CM before CM start in Grand Concert scenario,2,1,,,2,1,,El Condor Pasa,Pace Chaser,Ace built for this CM before CM start in Grand Concert scenario,2,1,,,2,1,,4 Attempts - 20 Races total,9,Go to Submit page,,,,,,,,,,,,,,Re-use Day 1 - Team Comp 1 as Day 2 - Team Comp 1,,,,,,,,,,4 Attempts - 20 Races total,12,Day 3,,,,,,,,,,,,,,,Re-use Day 2 - Team Comp 1 as Day 3 - Team Comp 1,B Group,,,,,,,,,,4 Attempts - 20 Races total,4,Go to Submit page,,,,,,,,,,,,,,,,,,,,,,,,,,,,,,,,,,,,,,,,,,,,,,,,,,,,,,,,,,,,,,,,,,,,,,,,,,,,
8/14/2026 14:03:59,RLY.,Graded (No Uma Restrictions),"Win A finals with ""oshi"" uma",I accept these terms,Finals,"Android - phone or tablet, Windows",$1-100,1798,46+ (more than 6 per day),Discord - MooMooCord - https://discord.gg/Hc7cP9GB,,,Oguri Cap,Late Surger,Ace built for this CM before CM start in Grand Concert scenario,2,1,,,2,1,,Grass Wonder,Late Surger,Debuffer,,,,,,,,Nice Nature,Late Surger,Debuffer,,,,,,,,3 Attempts - 15 Races total,9,Day 1 - Add 2nd Team,King Halo,Late Surger,Ace built for this CM before CM start in Grand Concert scenario,Grass Wonder,Late Surger,Debuffer,Nice Nature,Late Surger,Debuffer,1 Attempt - 5 Races total,3,3 teams,Go to Submit page,Re-use Day 1 - Team Comp 2 as Day 2 - Team Comp 1,,,,,,,,,,4 Attempts - 20 Races total,10,Go to Submit page,,,,,,,,,,,,,,,Add new Team Comp as Day 3 - Team Comp 1,A Group,King Halo,Late Surger,Mid-CM Ace build in Unity Cup scenario,Grass Wonder,Pace Chaser,Debuffer,Nice Nature,Late Surger,Debuffer,4 Attempts - 20 Races total,4,Go to Submit page,,,,,,,,,,,,,,,Re-use Day 3 - Team Comp 2 as Day 4 - Team Comp 1,A Group,,,,,,,,,,3 Attempts - 15 Races total,4,Day 4 - Add 2nd team,Add new Team Comp as Day 4 - Team Comp 2,Agnes Digital,Late Surger,Ace built for this CM before CM start in Grand Concert scenario,Grass Wonder,Pace Chaser,Debuffer,Nice Nature (Cheerleader),Late Surger,Debuffer,1 Attempt - 5 Races total,4,2 teams,Go to Submit page,A Finals,10812,Re-use Day 4 - Team Comp 1 as Finals Team Comp,,,,,,,,,,https://drive.google.com/open?id=1buGxNNtDBLdMJjHzGrDlvehX1f-AWChK,2nd,No (goes to Submit page),,,,,,,,,,,,,,,,,,,
8/14/2026 6:21:29,Sandrean,Graded (No Uma Restrictions),Win A finals with any uma,I accept these terms,Day 1,Windows,$0,1417,11-20 (roughly 2-3 per day),Discord - MooMooCord - https://discord.gg/Hc7cP9GB,5,,Oguri Cap (Christmas),Pace Chaser,Ace built for this CM before CM start in Grand Concert scenario,2,1,0,0,2,1,0,Agnes Tachyon,End Closer,Debuffer,1,2,0,0,3,0,0,Grass Wonder,End Closer,Debuffer,1,2,0,0,3,0,0,4 Attempts - 20 Races total,18,Day 2,,,,,,,,,,,,,,Re-use Day 1 - Team Comp 1 as Day 2 - Team Comp 1,,,,,,,,,,4 Attempts - 20 Races total,15,Day 3,,,,,,,,,,,,,,,Re-use Day 2 - Team Comp 1 as Day 3 - Team Comp 1,A Group,,,,,,,,,,4 Attempts - 20 Races total,16,Day 4,,,,,,,,,,,,,,,Re-use Day 3 - Team Comp 1 as Day 4 - Team Comp 1,A Group,,,,,,,,,,4 Attempts - 20 Races total,18,Finals,,,,,,,,,,,,,,,A Finals,13665,Re-use Day 4 - Team Comp 1 as Finals Team Comp,,,,,,,,,,https://drive.google.com/open?id=1cJY8ZlQS37vxO1E7VYEsZSpUXEDBC3ya,1st,,,,,,,,,,,,https://drive.google.com/open?id=1PNdzGYgVDs5zrJTZJgUol-qc1xODR1Fc,https://drive.google.com/open?id=1zznMz2xFYs9_WWhzZgAgeR0KIOBN9myq,,2,10,,,2,https://drive.google.com/open?id=15lRR1hInNDTZJlLvq5U8U2ke4Fzv-Dsy
8/14/2026 5:34:26,Gandelphox,Graded (No Uma Restrictions),Get into A finals,I accept these terms,Finals,"Android - phone or tablet, Windows",$101-500,708,6-10 (roughly 1 per day),Discord - MooMooCord - https://discord.gg/Hc7cP9GB,,,Smart Falcon,Front Runner,Ace built for this CM before CM start in Grand Concert scenario,3,1,0,0,1,1,0,Agnes Digital,Late Surger,Ace built for this CM before CM start in Grand Concert scenario,3,1,0,0,1,1,0,Oguri Cap,Late Surger,Ace built for this CM before CM start in Grand Concert scenario,3,1,0,0,1,1,0,3 Attempts - 15 Races total,12,Go to Submit page,,,,,,,,,,,,,,Re-use Day 1 - Team Comp 1 as Day 2 - Team Comp 1,,,,,,,,,,3 Attempts - 15 Races total,10,Go to Submit page,,,,,,,,,,,,,,,Re-use Day 2 - Team Comp 1 as Day 3 - Team Comp 1,A Group,,,,,,,,,,3 Attempts - 15 Races total,4,Go to Submit page,,,,,,,,,,,,,,,Re-use Day 3 - Team Comp 1 as Day 4 - Team Comp 1,A Group,,,,,,,,,,4 Attempts - 20 Races total,7,Go to Submit page,,,,,,,,,,,,,,,B Finals,3144,Re-use Day 4 - Team Comp 1 as Finals Team Comp,,,,,,,,,,https://drive.google.com/open?id=1WSRBG3xv0UoqsexUI6_zj5Ai7R0Ogfs8,1st,,,,,,,,,,,,https://drive.google.com/open?id=1kD5tjErJnWJGCwKxhxKCGSej11oNIc4M,https://drive.google.com/open?id=1KXNfEaRQWBDAkaGjnK5Fvi_FEcJrFpP4,,,12,3,,,https://drive.google.com/open?id=1H3eoI8D0dVPkQqPjDzXCmh0x46vZh4fH
8/9/2026 23:18:47,Kenekii,Graded (No Uma Restrictions),Get into A finals,I accept these terms,Day 1,Android - phone or tablet,$0,638,11-20 (roughly 2-3 per day),"Discord - MooMooCord - https://discord.gg/Hc7cP9GB, YouTube - MooMooCows - https://www.youtube.com/@MooMooCows",5,,Oguri Cap,Late Surger,Ace built for this CM before CM start in Grand Concert scenario,3,0,0,0,2,1,0,Inari One,End Closer,Ace built for this CM before CM start in Grand Concert scenario,3,0,0,0,2,1,,Nice Nature,Late Surger,Debuffer,2,0,0,,4,0,0,4 Attempts - 20 Races total,9,Go to Submit page,,,,,,,,,,,,,,,,,,,,,,,,,,,,,,,,,,,,,,,,,,,,,,,,,,,,,,,,,,,,,,,,,,,,,,,,,,,,,,,,,,,,,,,,,,,,,,,,,,,,,,,,,,,,,,,,,,,,,,,,,,,,,,,,,,
8/14/2026 7:55:51,OurBoiiNyx,Graded (No Uma Restrictions),Get into A finals,I accept these terms,Day 4,Windows,$1-100,,6-10 (roughly 1 per day),Discord - MooMooCord - https://discord.gg/Hc7cP9GB,,,Oguri Cap (Christmas),Pace Chaser,Ace built for this CM before CM start in Grand Concert scenario,2,1,,,2,1,,Agnes Tachyon,Pace Chaser,Debuffer,,,,,5,1,,Nice Nature,Late Surger,Debuffer,,,,,5,1,,3 Attempts - 15 Races total,8,Go to Submit page,,,,,,,,,,,,,,Re-use Day 1 - Team Comp 1 as Day 2 - Team Comp 1,,,,,,,,,,4 Attempts - 20 Races total,12,Go to Submit page,,,,,,,,,,,,,,,Re-use Day 2 - Team Comp 1 as Day 3 - Team Comp 1,A Group,,,,,,,,,,3 Attempts - 15 Races total,7,Go to Submit page,,,,,,,,,,,,,,,Re-use Day 3 - Team Comp 1 as Day 4 - Team Comp 1,A Group,,,,,,,,,,3 Attempts - 15 Races total,5,Finals,,,,,,,,,,,,,,,A Finals,6382,Re-use Day 4 - Team Comp 1 as Finals Team Comp,,,,,,,,,,https://drive.google.com/open?id=1PkqXyNEdZR4f-NJsqFQuSek2BAd9WzQE,1st,,,,,,,,,,,,https://drive.google.com/open?id=1ervfTc4SnNL8ZsZOOZgrJz-EJy1jKO8w,https://drive.google.com/open?id=1UX2szOoAo5mSzKw_qYXqSEgCVt-r7m1n,,,,,,,https://drive.google.com/open?id=1JNVtmEyCvCP2Glqq2rIIfdQq4O4_7Pa5
8/14/2026 5:18:08,Zenith,Graded (No Uma Restrictions),"Win A finals with ""oshi"" uma",I accept these terms,Finals,Windows,$0,1016,21-30 (roughly 3-4 per day),"Discord - MooMooCord - https://discord.gg/Hc7cP9GB, YouTube - MooMooCows - https://www.youtube.com/@MooMooCows",5,,Seiun Sky,Front Runner,Ace built for this CM before CM start in Grand Concert scenario,3,1,,,1,1,,Copano Rickey,Front Runner,Ace built for this CM before CM start in Grand Concert scenario,2,1,,,2,1,,Grass Wonder,Late Surger,Debuffer,,,,,,,,4 Attempts - 20 Races total,14,Go to Submit page,,,,,,,,,,,,,,Re-use Day 1 - Team Comp 1 as Day 2 - Team Comp 1,,,,,,,,,,4 Attempts - 20 Races total,14,Go to Submit page,,,,,,,,,,,,,,,Re-use Day 2 - Team Comp 1 as Day 3 - Team Comp 1,A Group,,,,,,,,,,4 Attempts - 20 Races total,12,Go to Submit page,,,,,,,,,,,,,,,Re-use Day 3 - Team Comp 1 as Day 4 - Team Comp 1,A Group,,,,,,,,,,4 Attempts - 20 Races total,11,Go to Submit page,,,,,,,,,,,,,,,A Finals,13157,Re-use Day 4 - Team Comp 1 as Finals Team Comp,,,,,,,,,,https://drive.google.com/open?id=1ySnA1hKQ7Urzg8SGkEdtpxgFIJds1_6h,2nd,Yes,https://drive.google.com/open?id=1Gx02ogMEFIhUMh3oTngXt882mm0bhDIm,https://drive.google.com/open?id=1hxE-nFR9r6sjSNik726BZRVFDknDdzYj,https://drive.google.com/open?id=1Njy5c57IRSkHaO336SIe69sUiyKveNOl,,9,6,,,https://drive.google.com/open?id=1rFgaF9f0j0nBJCixfA86WSvhPPWDk9SU,,,,,,,,,,
8/14/2026 15:28:03,Doesnt_Matter,Graded (No Uma Restrictions),Get into A finals,I accept these terms,Finals,Windows,$1-100,2000,46+ (more than 6 per day),Discord - MooMooCord - https://discord.gg/Hc7cP9GB,,,Oguri Cap (Christmas),Pace Chaser,Ace built for this CM before CM start in Grand Concert scenario,2,,1,,2,1,,Nice Nature,Late Surger,Debuffer,1,1,,1,3,,,Super Creek (Halloween),Late Surger,Debuffer,1,2,,,3,,,4 Attempts - 20 Races total,17,Go to Submit page,,,,,,,,,,,,,,Re-use Day 1 - Team Comp 1 as Day 2 - Team Comp 1,,,,,,,,,,4 Attempts - 20 Races total,17,Go to Submit page,,,,,,,,,,,,,,,Re-use Day 2 - Team Comp 1 as Day 3 - Team Comp 1,A Group,,,,,,,,,,4 Attempts - 20 Races total,16,Go to Submit page,,,,,,,,,,,,,,,Re-use Day 3 - Team Comp 1 as Day 4 - Team Comp 1,A Group,,,,,,,,,,4 Attempts - 20 Races total,17,Go to Submit page,,,,,,,,,,,,,,,A Finals,12956,Re-use Day 4 - Team Comp 1 as Finals Team Comp,,,,,,,,,,https://drive.google.com/open?id=1TXQZ_y4fT4gXjsz-DSWgU7C6VqkOTPN9,1st,,,,,,,,,,,Not gonna happen,https://drive.google.com/open?id=1JufWDWn9h6BH5eXiaHj3mGQTy7ka8qss,https://drive.google.com/open?id=1-aI0BmnbaIHk5_6I5G-sQxjgYGyT5lB_,,,11,,2,,https://drive.google.com/open?id=13ZwMNeZkXs0adtBOuDFJl7Ij3Rmq3LNJ
8/15/2026 0:54:44,Keichiju,Graded (No Uma Restrictions),Get into A finals,I accept these terms,Finals,"Android - phone or tablet, SteamOS - Steam Deck",$0,588,6-10 (roughly 1 per day),YouTube - MooMooCows - https://www.youtube.com/@MooMooCows,5,,Smart Falcon,Front Runner,Ace built for this CM before CM start in Grand Concert scenario,2,1,0,0,2,1,0,Maruzensky (Summer),Front Runner,Ace built for this CM before CM start in Grand Concert scenario,3,0,0,0,2,1,0,Grass Wonder,Late Surger,Debuffer,1,0,0,1,4,0,0,3 Attempts - 15 Races total,10,Day 2,,,,,,,,,,,,,,Re-use Day 1 - Team Comp 1 as Day 2 - Team Comp 1,,,,,,,,,,3 Attempts - 15 Races total,9,Go to Submit page,,,,,,,,,,,,,,,Re-use Day 2 - Team Comp 1 as Day 3 - Team Comp 1,A Group,,,,,,,,,,3 Attempts - 15 Races total,8,Go to Submit page,,,,,,,,,,,,,,,Re-use Day 3 - Team Comp 1 as Day 4 - Team Comp 1,A Group,,,,,,,,,,3 Attempts - 15 Races total,9,Go to Submit page,,,,,,,,,,,,,,,A Finals,11044,Re-use Day 4 - Team Comp 1 as Finals Team Comp,,,,,,,,,,https://drive.google.com/open?id=1HfBNz_Q5JlPOBTzz62qd8Oh_-yAKdXyj,3rd,No (goes to Submit page),,,,,,,,,,,,,,,,,,,
8/14/2026 6:15:14,Czerwona Latarnia,Graded (No Uma Restrictions),Win A finals with any uma,I accept these terms,Day 1,"Android - phone or tablet, Windows",$501-1000,785,31-45 (roughly 5-6 per day),Discord - MooMooCord - https://discord.gg/Hc7cP9GB,5,,Oguri Cap (Christmas),Pace Chaser,Ace built for this CM before CM start in Grand Concert scenario,2,1,0,0,2,1,0,Super Creek (Halloween),Pace Chaser,Debuffer,0,2,1,0,3,0,0,Mayano Top Gun (Wedding),Pace Chaser,Debuffer,0,2,1,0,3,0,0,4 Attempts - 20 Races total,13,Day 2,,,,,,,,,,,,,,Re-use Day 1 - Team Comp 1 as Day 2 - Team Comp 1,,,,,,,,,,1 Attempt - 5 Races total,3,Day 2 - Add 2nd Team,Add new Team Comp as Day 2 - Team Comp 2,Oguri Cap (Christmas),Pace Chaser,Ace built for this CM before CM start in Grand Concert scenario,Super Creek (Halloween),Pace Chaser,Debuffer,Mayano Top Gun (Wedding),Late Surger,Debuffer,3 Attempts - 15 Races total,9,2 teams,Day 3,Add new Team Comp as Day 3 - Team Comp 1,A Group,Oguri Cap (Christmas),Pace Chaser,Ace built for this CM before CM start in Grand Concert scenario,Super Creek (Halloween),Late Surger,Debuffer,Mayano Top Gun (Wedding),Late Surger,Debuffer,4 Attempts - 20 Races total,12,Day 4,,,,,,,,,,,,,,,Re-use Day 3 - Team Comp 1 as Day 4 - Team Comp 1,A Group,,,,,,,,,,2 Attempts - 10 Races total,8,Day 4 - Add 2nd team,Add new Team Comp as Day 4 - Team Comp 2,Oguri Cap (Christmas),Pace Chaser,Mid-CM Ace build in Grand Concert scenario,Super Creek (Halloween),Late Surger,Debuffer,Mayano Top Gun (Wedding),Late Surger,Debuffer,2 Attempts - 10 Races total,6,2 teams,Finals,A Finals,13253,Re-use Day 4 - Team Comp 1 as Finals Team Comp,,,,,,,,,,https://drive.google.com/open?id=1gLjKLPi37TkWB8quLWBr9oiqTukuhsfB,1st,,,,,,,,,,,"If she has won an Oshi award, then it truly was a CM of all time.",https://drive.google.com/open?id=1ZLlRHrxBVOwNdJRtycPH2--orD0TK8go,https://drive.google.com/open?id=1eKvtRdEiwZrmKze1r5ZOVRNf7u8bAk90,,0,12,0,1,0,https://drive.google.com/open?id=1khj68kk1VXgactd4Cnix_u_C51ZNq2mO
8/14/2026 22:04:41,Smeric,Graded (No Uma Restrictions),Win A finals with any uma,I accept these terms,Finals,Windows,$0,683,6-10 (roughly 1 per day),Discord - MooMooCord - https://discord.gg/Hc7cP9GB,5,,Oguri Cap (Christmas),Pace Chaser,Ace built for this CM before CM start in Grand Concert scenario,2,1,0,0,2,1,0,Nice Nature,Late Surger,Debuffer,2,1,0,0,3,0,0,Mejiro Dober,Late Surger,Debuffer,2,1,0,1,2,0,0,4 Attempts - 20 Races total,13,Go to Submit page,,,,,,,,,,,,,,Re-use Day 1 - Team Comp 1 as Day 2 - Team Comp 1,,,,,,,,,,4 Attempts - 20 Races total,14,Go to Submit page,,,,,,,,,,,,,,,Re-use Day 2 - Team Comp 1 as Day 3 - Team Comp 1,A Group,,,,,,,,,,4 Attempts - 20 Races total,16,Go to Submit page,,,,,,,,,,,,,,,Re-use Day 3 - Team Comp 1 as Day 4 - Team Comp 1,A Group,,,,,,,,,,4 Attempts - 20 Races total,9,Go to Submit page,,,,,,,,,,,,,,,A Finals,8895,Re-use Day 4 - Team Comp 1 as Finals Team Comp,,,,,,,,,,https://drive.google.com/open?id=1zWMLmUHl0BIunpvjlz9W0--0_LWGrsay,1st,,,,,,,,,,,Eat,https://drive.google.com/open?id=13gmuM2QklNEF446xwcP7-1d6gY0fOg4Y,https://drive.google.com/open?id=1Hxo4FbxcHyjFuLbnfz7iQa1fjRNmvT4g,,0,9,5,0,2,https://drive.google.com/open?id=1lvajDHz7MQII5x3-SmkVmsd2bWMiRXcc
8/14/2026 5:56:58,Thesaber7000,Graded (No Uma Restrictions),"Win A finals with ""oshi"" uma",I accept these terms,Finals,Android - phone or tablet,$0,617,21-30 (roughly 3-4 per day),Discord - MooMooCord - https://discord.gg/Hc7cP9GB,,,T.M. Opera O (New Year),Pace Chaser,Ace built for this CM before CM start in Grand Concert scenario,2,1,,,2,1,,Oguri Cap (Christmas),Pace Chaser,Ace built for this CM before CM start in Grand Concert scenario,2,,1,,2,1,,Symboli Rudolf,Late Surger,Debuffer,,,,,,,,4 Attempts - 20 Races total,16,Go to Submit page,,,,,,,,,,,,,,Re-use Day 1 - Team Comp 1 as Day 2 - Team Comp 1,,,,,,,,,,4 Attempts - 20 Races total,14,Go to Submit page,,,,,,,,,,,,,,,Re-use Day 2 - Team Comp 1 as Day 3 - Team Comp 1,A Group,,,,,,,,,,4 Attempts - 20 Races total,8,Day 4,,,,,,,,,,,,,,,Re-use Day 3 - Team Comp 1 as Day 4 - Team Comp 1,A Group,,,,,,,,,,4 Attempts - 20 Races total,12,Go to Submit page,,,,,,,,,,,,,,,A Finals,11709,Re-use Day 4 - Team Comp 1 as Finals Team Comp,,,,,,,,,,,2nd,No (goes to Submit page),,,,,,,,,,,,,,,,,,,
8/14/2026 21:32:45,JoJoCheck,Graded (No Uma Restrictions),Win A finals with any uma,I accept these terms,Finals,,$101-500,1111,6-10 (roughly 1 per day),Rather not say,,,Oguri Cap (Christmas),Pace Chaser,Ace built for this CM before CM start in Grand Concert scenario,2,1,0,0,2,1,0,Nice Nature,Late Surger,Debuffer,2,1,1,1,1,0,0,Mayano Top Gun (Wedding),Late Surger,Debuffer,2,1,1,1,1,0,0,4 Attempts - 20 Races total,15,Go to Submit page,,,,,,,,,,,,,,Re-use Day 1 - Team Comp 1 as Day 2 - Team Comp 1,,,,,,,,,,4 Attempts - 20 Races total,11,Go to Submit page,,,,,,,,,,,,,,,Add new Team Comp as Day 3 - Team Comp 1,A Group,Oguri Cap (Christmas),Pace Chaser,Ace built for this CM before CM start in Grand Concert scenario,Nice Nature,Late Surger,Debuffer,Grass Wonder,Late Surger,Debuffer,4 Attempts - 20 Races total,11,Go to Submit page,,,,,,,,,,,,,,,Re-use Day 3 - Team Comp 1 as Day 4 - Team Comp 1,A Group,,,,,,,,,,4 Attempts - 20 Races total,12,Go to Submit page,,,,,,,,,,,,,,,A Finals,10685,Re-use Day 4 - Team Comp 1 as Finals Team Comp,,,,,,,,,,https://drive.google.com/open?id=1nEdW5ZZL1xhdyvH-pzoR9hvySqfTADq0,3rd,Yes,https://drive.google.com/open?id=1UPq9F0WjfnKkvgc0wv2WUH7EFMz2wWUC,https://drive.google.com/open?id=1xqL7hy3egIy2VgAjIKg-ahAG7hCgIV5Y,,0,9,8,0,0,https://drive.google.com/open?id=1yxQl6aciRy6HyH1ojZq_QjRzyA70RsUE,,,,,,,,,,
8/10/2026 0:09:15,TBNL,Graded (No Uma Restrictions),Win A finals with any uma,I accept these terms,Day 1,Android - phone or tablet,$101-500,1556,46+ (more than 6 per day),Discord - MooMooCord - https://discord.gg/Hc7cP9GB,,,Oguri Cap (Christmas),Pace Chaser,Ace built for this CM before CM start in Grand Concert scenario,2,1,,,2,1,,Agnes Tachyon,Late Surger,Debuffer,1,,,,5,,,Grass Wonder,Late Surger,Debuffer,1,,,,5,,,4 Attempts - 20 Races total,15,Go to Submit page,,,,,,,,,,,,,,,,,,,,,,,,,,,,,,,,,,,,,,,,,,,,,,,,,,,,,,,,,,,,,,,,,,,,,,,,,,,,,,,,,,,,,,,,,,,,,,,,,,,,,,,,,,,,,,,,,,,,,,,,,,,,,,,,,,
8/12/2026 10:03:08,GiveYouTheSquid,Graded (No Uma Restrictions),Get into A finals,I accept these terms,Day 4,Windows,$0,659,21-30 (roughly 3-4 per day),"Discord - MooMooCord - https://discord.gg/Hc7cP9GB, YouTube - MooMooCows - https://www.youtube.com/@MooMooCows",5,,Oguri Cap (Christmas),Pace Chaser,Ace built for this CM before CM start in Grand Concert scenario,3,2,0,0,0,1,0,Agnes Tachyon,Pace Chaser,Hybrid (ace + debuffer),1,1,0,2,1,1,0,Grass Wonder,Late Surger,Debuffer,1,1,0,1,2,1,0,4 Attempts - 20 Races total,9,Go to Submit page,,,,,,,,,,,,,,Re-use Day 1 - Team Comp 1 as Day 2 - Team Comp 1,,,,,,,,,,4 Attempts - 20 Races total,10,Go to Submit page,,,,,,,,,,,,,,,Re-use Day 2 - Team Comp 1 as Day 3 - Team Comp 1,A Group,,,,,,,,,,4 Attempts - 20 Races total,10,Go to Submit page,,,,,,,,,,,,,,,Re-use Day 3 - Team Comp 1 as Day 4 - Team Comp 1,A Group,,,,,,,,,,4 Attempts - 20 Races total,7,Go to Submit page,,,,,,,,,,,,,,,,,,,,,,,,,,,,,,,,,,,,,,,,,,,,,,,,
8/14/2026 6:25:10,Agemasen67,Graded (No Uma Restrictions),Get into A finals,I accept these terms,Finals,Android - phone or tablet,$0,245,21-30 (roughly 3-4 per day),Reddit - /r/umamusumeGame,,,Oguri Cap (Christmas),Pace Chaser,Ace built for this CM before CM start in Grand Concert scenario,3,,,,2,1,,Eishin Flash (Valentine),Late Surger,Debuffer,,,,,,,,Nice Nature,Late Surger,Debuffer,,,,,,,,4 Attempts - 20 Races total,12,Go to Submit page,,,,,,,,,,,,,,Re-use Day 1 - Team Comp 1 as Day 2 - Team Comp 1,,,,,,,,,,4 Attempts - 20 Races total,11,Day 3,,,,,,,,,,,,,,,Add new Team Comp as Day 3 - Team Comp 1,A Group,Oguri Cap (Christmas),Pace Chaser,Mid-CM Ace build in Grand Concert scenario,Eishin Flash (Valentine),Late Surger,Debuffer,Grass Wonder,Late Surger,Debuffer,4 Attempts - 20 Races total,17,Go to Submit page,,,,,,,,,,,,,,,Re-use Day 3 - Team Comp 1 as Day 4 - Team Comp 1,A Group,,,,,,,,,,4 Attempts - 20 Races total,13,Go to Submit page,,,,,,,,,,,,,,,A Finals,9799,Re-use Day 4 - Team Comp 1 as Finals Team Comp,,,,,,,,,,https://drive.google.com/open?id=1qd4nsmsK-YMtD2cyfOINkx5x62wPbfcF,1st,,,,,,,,,,,,,,,,,,,,
8/14/2026 6:04:06,Havoc,Graded (No Uma Restrictions),Win A finals with any uma,I accept these terms,Finals,,$1-100,1453,31-45 (roughly 5-6 per day),,,,Oguri Cap (Christmas),Pace Chaser,Ace built for this CM before CM start in Grand Concert scenario,2,,1,,2,0,,Symboli Rudolf,End Closer,Debuffer,1,0,2,,1,2,0,Eishin Flash (Valentine),End Closer,Debuffer,1,0,2,0,2,1,0,4 Attempts - 20 Races total,14,Go to Submit page,,,,,,,,,,,,,,Re-use Day 1 - Team Comp 1 as Day 2 - Team Comp 1,,,,,,,,,,4 Attempts - 20 Races total,18,Go to Submit page,,,,,,,,,,,,,,,Re-use Day 2 - Team Comp 1 as Day 3 - Team Comp 1,A Group,,,,,,,,,,4 Attempts - 20 Races total,14,Go to Submit page,,,,,,,,,,,,,,,Re-use Day 3 - Team Comp 1 as Day 4 - Team Comp 1,A Group,,,,,,,,,,4 Attempts - 20 Races total,17,Go to Submit page,,,,,,,,,,,,,,,A Finals,13726,Re-use Day 4 - Team Comp 1 as Finals Team Comp,,,,,,,,,,https://drive.google.com/open?id=1fEBWkXr1jGTcWVAa4A09gCA1p0v_kRe-,1st,,,,,,,,,,,,https://drive.google.com/open?id=1t94864f0zIEc1uCiAq9fhviO71u80XCB,https://drive.google.com/open?id=1GeMd55alTQskMXlfnUA5GWpl75WKXa92,,,9,4,,,https://drive.google.com/open?id=1oOb9gBojU_cgt4AYMZO35-Xyp012wZ65
8/14/2026 8:09:02,Yuunako,Graded (No Uma Restrictions),"Win A finals with ""oshi"" uma",I accept these terms,Finals,Android - phone or tablet,$0,1698,46+ (more than 6 per day),Discord - MooMooCord - https://discord.gg/Hc7cP9GB,5,,Meisho Doto,Late Surger,Ace built for this CM before CM start in Grand Concert scenario,2,0,1,0,2,1,0,Symboli Rudolf,Pace Chaser,Debuffer,2,0,2,0,1,1,0,Grass Wonder,Late Surger,Debuffer,2,0,2,0,1,1,0,4 Attempts - 20 Races total,10,Go to Submit page,,,,,,,,,,,,,,Re-use Day 1 - Team Comp 1 as Day 2 - Team Comp 1,,,,,,,,,,4 Attempts - 20 Races total,10,Day 3,,,,,,,,,,,,,,,Re-use Day 2 - Team Comp 1 as Day 3 - Team Comp 1,A Group,,,,,,,,,,4 Attempts - 20 Races total,7,Day 4,,,,,,,,,,,,,,,Re-use Day 3 - Team Comp 1 as Day 4 - Team Comp 1,A Group,,,,,,,,,,4 Attempts - 20 Races total,11,Go to Submit page,,,,,,,,,,,,,,,A Finals,8244,Re-use Day 4 - Team Comp 1 as Finals Team Comp,,,,,,,,,,https://drive.google.com/open?id=1kxUKLk_PG20yiorCfDueHiT8yA-cS3eP,1st,,,,,,,,,,,"Always believe in your Oshi, they can defeat anyone anytime",https://drive.google.com/open?id=1lT-m2VNNetdWmQH6MGAKpmLs5x4uPqC9,https://drive.google.com/open?id=1w9DMV_GBtj5cfkav4ZShXKK10z8YjTzW,,2,12,0,0,0,https://drive.google.com/open?id=18MeNHCY_fMG5OQnowMzmfXJxsW2Hr5zD
8/14/2026 6:38:48,Iota,Graded (No Uma Restrictions),Get into A finals,I accept these terms,Finals,"iOS - phone or tablet, Windows",$101-500,879,11-20 (roughly 2-3 per day),"Discord - MooMooCord - https://discord.gg/Hc7cP9GB, Twitch - MooMooCows - https://www.twitch.tv/moomoomoocows",5,,Oguri Cap (Christmas),Pace Chaser,Ace built for this CM before CM start in Grand Concert scenario,2,1,,,2,1,,Mayano Top Gun (Wedding),End Closer,Debuffer,,,,,,,,Nice Nature,End Closer,Debuffer,,,,,,,,3 Attempts - 15 Races total,10,Go to Submit page,,,,,,,,,,,,,,Add new Team Comp as Day 2 - Team Comp 1,Oguri Cap (Christmas),Pace Chaser,Ace built for this CM before CM start in Grand Concert scenario,Symboli Rudolf,End Closer,Debuffer,Grass Wonder,End Closer,Debuffer,2 Attempts - 10 Races total,5,Go to Submit page,,,,,,,,,,,,,,,Re-use Day 2 - Team Comp 1 as Day 3 - Team Comp 1,A Group,,,,,,,,,,3 Attempts - 15 Races total,7,Go to Submit page,,,,,,,,,,,,,,,Re-use Day 3 - Team Comp 1 as Day 4 - Team Comp 1,A Group,,,,,,,,,,4 Attempts - 20 Races total,12,Go to Submit page,,,,,,,,,,,,,,,A Finals,7166,Re-use Day 4 - Team Comp 1 as Finals Team Comp,,,,,,,,,,https://drive.google.com/open?id=1Diq_grjJ6BvzVnrsgE5BdklveByt5DWr,3rd,No (goes to Submit page),,,,,,,,,,,,,,,,,,,
8/14/2026 6:59:34,Rime,Graded (No Uma Restrictions),"Win A finals with ""oshi"" uma",I accept these terms,Finals,Android - phone or tablet,$1001-5000,,21-30 (roughly 3-4 per day),Discord - MooMooCord - https://discord.gg/Hc7cP9GB,,,Copano Rickey,Front Runner,Ace built for this CM before CM start in Grand Concert scenario,3,0,0,,2,1,0,Grass Wonder,Late Surger,Debuffer,1,1,1,0,3,0,0,Eishin Flash (Valentine),End Closer,Debuffer,1,1,1,0,3,0,0,4 Attempts - 20 Races total,15,Go to Submit page,,,,,,,,,,,,,,Re-use Day 1 - Team Comp 1 as Day 2 - Team Comp 1,,,,,,,,,,4 Attempts - 20 Races total,13,Day 3,,,,,,,,,,,,,,,Re-use Day 2 - Team Comp 1 as Day 3 - Team Comp 1,A Group,,,,,,,,,,4 Attempts - 20 Races total,11,Go to Submit page,,,,,,,,,,,,,,,Re-use Day 3 - Team Comp 1 as Day 4 - Team Comp 1,A Group,,,,,,,,,,4 Attempts - 20 Races total,9,Day 3,,,,,,,,,,,,,,,A Finals,9679,Re-use Day 4 - Team Comp 1 as Finals Team Comp,,,,,,,,,,https://drive.google.com/open?id=1j_rjOp2ufvY7uJkjO-_xg_cS34P9aAM6,1st,,,,,,,,,,,,https://drive.google.com/open?id=10fHUEjHt6-o9-whAzfpRFuV1ofCo1ywb,https://drive.google.com/open?id=1c_UKQSAyfSSYen7AWRWxG9IzZZgR_pej,,2,12,0,0,2,https://drive.google.com/open?id=1LOgumEy8z6t3SZ1YHCMvXHCtizw776kc
8/15/2026 10:08:44,Henryart,Graded (No Uma Restrictions),Get into A finals,I accept these terms,Finals,Android - phone or tablet,$0,650,11-20 (roughly 2-3 per day),Reddit - /r/umamusumeGame,5,,Copano Rickey,Front Runner,Ace built for this CM before CM start in Grand Concert scenario,3,,,,2,1,,Yukino Bijin,Pace Chaser,Ace built for this CM before CM start in Grand Concert scenario,2,1,,,2,1,,Smart Falcon,Front Runner,Ace built for this CM before CM start in Grand Concert scenario,2,,,,3,1,,4 Attempts - 20 Races total,16,Go to Submit page,,,,,,,,,,,,,,Re-use Day 1 - Team Comp 1 as Day 2 - Team Comp 1,,,,,,,,,,4 Attempts - 20 Races total,12,Go to Submit page,,,,,,,,,,,,,,,Re-use Day 2 - Team Comp 1 as Day 3 - Team Comp 1,A Group,,,,,,,,,,4 Attempts - 20 Races total,8,Go to Submit page,,,,,,,,,,,,,,,Re-use Day 3 - Team Comp 1 as Day 4 - Team Comp 1,A Group,,,,,,,,,,4 Attempts - 20 Races total,6,Go to Submit page,,,,,,,,,,,,,,,A Finals,,Re-use Day 4 - Team Comp 1 as Finals Team Comp,,,,,,,,,,,2nd,No (goes to Submit page),,,,,,,,,,,,,,,,,,,
8/14/2026 10:18:40,Dexokami,Graded (No Uma Restrictions),Get into A finals,I accept these terms,Finals,Windows,$0,958,21-30 (roughly 3-4 per day),Discord - MooMooCord - https://discord.gg/Hc7cP9GB,,,Oguri Cap (Christmas),Pace Chaser,Ace built for this CM before CM start in Grand Concert scenario,2,,1,,2,1,,Eishin Flash (Valentine),Late Surger,Debuffer,,,,,,,,Agnes Tachyon,Late Surger,Debuffer,,,,,,,,4 Attempts - 20 Races total,14,Go to Submit page,,,,,,,,,,,,,,Re-use Day 1 - Team Comp 1 as Day 2 - Team Comp 1,,,,,,,,,,4 Attempts - 20 Races total,17,Go to Submit page,,,,,,,,,,,,,,,Re-use Day 2 - Team Comp 1 as Day 3 - Team Comp 1,A Group,,,,,,,,,,4 Attempts - 20 Races total,17,Go to Submit page,,,,,,,,,,,,,,,Re-use Day 3 - Team Comp 1 as Day 4 - Team Comp 1,A Group,,,,,,,,,,4 Attempts - 20 Races total,15,Go to Submit page,,,,,,,,,,,,,,,A Finals,9604,Re-use Day 4 - Team Comp 1 as Finals Team Comp,,,,,,,,,,https://drive.google.com/open?id=1z9Yx6jqS4IMjKHMu3zRxWF7mJ49mGyqQ,1st,,,,,,,,,,,,https://drive.google.com/open?id=1UgbEmLjultX8FIb88kTw_P-HuC1sS7FB,https://drive.google.com/open?id=1GL5nma59yEdPjR8mXqMyPTQpMrnnKi_k,,,14,,2,,https://drive.google.com/open?id=1RSvf-CxPlBIVi9KCAZ9GBSH9XmlqSs3r
8/14/2026 15:39:25,Axl,Graded (No Uma Restrictions),Get into A finals,I accept these terms,Finals,Android - phone or tablet,$0,1108,21-30 (roughly 3-4 per day),Discord - MooMooCord - https://discord.gg/Hc7cP9GB,,,Oguri Cap (Christmas),Pace Chaser,Ace built for this CM before CM start in Grand Concert scenario,2,,1,,2,1,,Agnes Tachyon,Late Surger,Debuffer,,,,,,,,Grass Wonder,Late Surger,Debuffer,,,,,,,,4 Attempts - 20 Races total,12,Go to Submit page,,,,,,,,,,,,,,Re-use Day 1 - Team Comp 1 as Day 2 - Team Comp 1,,,,,,,,,,4 Attempts - 20 Races total,13,Go to Submit page,,,,,,,,,,,,,,,Re-use Day 2 - Team Comp 1 as Day 3 - Team Comp 1,A Group,,,,,,,,,,4 Attempts - 20 Races total,15,Go to Submit page,,,,,,,,,,,,,,,Re-use Day 3 - Team Comp 1 as Day 4 - Team Comp 1,A Group,,,,,,,,,,4 Attempts - 20 Races total,9,Go to Submit page,,,,,,,,,,,,,,,A Finals,10845,Re-use Day 4 - Team Comp 1 as Finals Team Comp,,,,,,,,,,,2nd,No (goes to Submit page),,,,,,,,,,,,,,,,,,,
8/14/2026 15:00:26,Lenya,Graded (No Uma Restrictions),Collect participation rewards,I accept these terms,Finals,Android - phone or tablet,$0,,11-20 (roughly 2-3 per day),Discord - MooMooCord - https://discord.gg/Hc7cP9GB,5,,Oguri Cap (Christmas),Pace Chaser,Ace built for this CM before CM start in Grand Concert scenario,2,1,0,0,2,1,0,Symboli Rudolf,Late Surger,Debuffer,,,,,,,,Grass Wonder,Late Surger,Debuffer,,,,,,,,4 Attempts - 20 Races total,10,Go to Submit page,,,,,,,,,,,,,,Re-use Day 1 - Team Comp 1 as Day 2 - Team Comp 1,,,,,,,,,,4 Attempts - 20 Races total,12,Go to Submit page,,,,,,,,,,,,,,,Re-use Day 2 - Team Comp 1 as Day 3 - Team Comp 1,A Group,,,,,,,,,,4 Attempts - 20 Races total,10,Go to Submit page,,,,,,,,,,,,,,,Re-use Day 3 - Team Comp 1 as Day 4 - Team Comp 1,A Group,,,,,,,,,,4 Attempts - 20 Races total,10,Go to Submit page,,,,,,,,,,,,,,,A Finals,5122,Re-use Day 4 - Team Comp 1 as Finals Team Comp,,,,,,,,,,https://drive.google.com/open?id=1a822ofentsHtirutey4LEgSedlGc1Htn,1st,,,,,,,,,,,,https://drive.google.com/open?id=1iCkJWryvCO8S_XxkL5VhtHkpaTq65jHt,https://drive.google.com/open?id=1idvw_iUfYkRP-rJ8b3V9zx3mqyscvV62,,,,,,,https://drive.google.com/open?id=1rggqqEqNaAgSryG3svV6tDoCfGlQkufA
8/14/2026 5:31:14,Whims,Graded (No Uma Restrictions),Get into A finals,I accept these terms,Day 2,Windows,$101-500,1541,46+ (more than 6 per day),Discord - MooMooCord - https://discord.gg/Hc7cP9GB,,,Maruzensky (Summer),Front Runner,Ace built for this CM before CM start in Grand Concert scenario,2,1,0,0,2,1,0,Agnes Digital,End Closer,Ace built for this CM before CM start in Grand Concert scenario,2,1,0,0,2,1,0,Gold City,Late Surger,Ace built for this CM before CM start in Grand Concert scenario,2,1,0,0,2,1,0,4 Attempts - 20 Races total,15,Go to Submit page,,,,,,,,,,,,,,Re-use Day 1 - Team Comp 1 as Day 2 - Team Comp 1,,,,,,,,,,4 Attempts - 20 Races total,17,Day 3,,,,,,,,,,,,,,,Re-use Day 2 - Team Comp 1 as Day 3 - Team Comp 1,A Group,,,,,,,,,,4 Attempts - 20 Races total,12,Day 4,,,,,,,,,,,,,,,Re-use Day 3 - Team Comp 1 as Day 4 - Team Comp 1,A Group,,,,,,,,,,4 Attempts - 20 Races total,8,Finals,,,,,,,,,,,,,,,A Finals,14643,Re-use Day 4 - Team Comp 1 as Finals Team Comp,,,,,,,,,,https://drive.google.com/open?id=13t_IYajGmX7S1R0xC3rBYu2moy2k4B8_,1st,,,,,,,,,,,"3-0 Against xOguri, call me the Grinch",https://drive.google.com/open?id=1jT2U1DgVdCuV1EKYhRPYzP1xrJmrJ7t5,https://drive.google.com/open?id=1ZRNzO67geda_xG8DgSTuWUCFyNTSIc24,,2,8,2,,3,https://drive.google.com/open?id=1RIAtGt1Oy6_pAV1Ldt2KmchZqe__-MLD
8/14/2026 22:58:32,Thomas,Graded (No Uma Restrictions),Collect participation rewards,I accept these terms,Finals,"Android - phone or tablet, Windows, Linux",$0,730,11-20 (roughly 2-3 per day),Discord - MooMooCord - https://discord.gg/Hc7cP9GB,4,,Nice Nature (Cheerleader),Late Surger,Ace built for this CM before CM start in Grand Concert scenario,2,1,0,0,2,1,0,Grass Wonder,Late Surger,Debuffer,2,1,2,0,0,1,0,Mayano Top Gun (Wedding),Late Surger,Debuffer,2,1,2,0,0,1,0,4 Attempts - 20 Races total,13,Go to Submit page,,,,,,,,,,,,,,Re-use Day 1 - Team Comp 1 as Day 2 - Team Comp 1,,,,,,,,,,4 Attempts - 20 Races total,11,Go to Submit page,,,,,,,,,,,,,,,Re-use Day 2 - Team Comp 1 as Day 3 - Team Comp 1,A Group,,,,,,,,,,4 Attempts - 20 Races total,6,Go to Submit page,,,,,,,,,,,,,,,Re-use Day 3 - Team Comp 1 as Day 4 - Team Comp 1,A Group,,,,,,,,,,4 Attempts - 20 Races total,8,Go to Submit page,,,,,,,,,,,,,,,A Finals,6472,Re-use Day 4 - Team Comp 1 as Finals Team Comp,,,,,,,,,,https://drive.google.com/open?id=1hdh3PqYp3km5x8kD7lYuY6SUALovFHni,2nd,Yes,https://drive.google.com/open?id=1uPJ_61q-0zOnSTQB7ARG7kKSbz4Ew44g,https://drive.google.com/open?id=1n8KfVyKx7bzPzwAiR50MFPMGHwn7is97,,0,12,3,0,0,https://drive.google.com/open?id=18qXhv6IysZLhnC7YOAf1Y9DnFjxDL_yV,,,,,,,,,,
8/14/2026 8:07:59,Wultan,Graded (No Uma Restrictions),Win A finals with any uma,I accept these terms,Day 2,,$1-100,612,11-20 (roughly 2-3 per day),,5,"I couldn't upload opponent's uma, kept going back to finals page after i was done",Oguri Cap (Christmas),Pace Chaser,Ace built for this CM before CM start in Grand Concert scenario,2,1,,,2,1,,Copano Rickey,Late Surger,Ace built for this CM before CM start in Grand Concert scenario,3,,,,2,1,,Eishin Flash (Valentine),Late Surger,Debuffer,2,,1,,2,1,,4 Attempts - 20 Races total,14,Go to Submit page,,,,,,,,,,,,,,Re-use Day 1 - Team Comp 1 as Day 2 - Team Comp 1,,,,,,,,,,4 Attempts - 20 Races total,14,Day 3,,,,,,,,,,,,,,,Re-use Day 2 - Team Comp 1 as Day 3 - Team Comp 1,A Group,,,,,,,,,,4 Attempts - 20 Races total,16,Day 4,,,,,,,,,,,,,,,Re-use Day 3 - Team Comp 1 as Day 4 - Team Comp 1,A Group,,,,,,,,,,4 Attempts - 20 Races total,14,Finals,,,,,,,,,,,,,,,A Finals,,Re-use Day 4 - Team Comp 1 as Finals Team Comp,,,,,,,,,,https://drive.google.com/open?id=1CkjA41JOFTcPzRNQkB0i7yrhjyf_crph,2nd,No (goes to Submit page),,,,,,,,,,,,,,,,,,,
8/14/2026 6:47:43,Princeofjupiter,Graded (No Uma Restrictions),"Win A finals with ""oshi"" uma",I accept these terms,Finals,,$101-500,1390,46+ (more than 6 per day),,,"ahem. Weekly career count has lost its meaning now. I'm clanking 10+ a day and gluing the same amount to get 1 run past junior year. If you want a stat to reflect the account strength/age, use archive level.",Gold City (Festival),Late Surger,Ace built for this CM before CM start in Grand Concert scenario,3,,,,2,1,,Nice Nature,Late Surger,Debuffer,,,,,,,,Symboli Rudolf,Front Runner,Debuffer,,,,,,,,4 Attempts - 20 Races total,13,Go to Submit page,,,,,,,,,,,,,,Add new Team Comp as Day 2 - Team Comp 1,Gold City (Festival),Late Surger,Mid-CM Ace build in Grand Concert scenario,Nice Nature,Late Surger,Debuffer,Symboli Rudolf,Front Runner,Debuffer,4 Attempts - 20 Races total,12,Go to Submit page,,,,,,,,,,,,,,,Re-use Day 2 - Team Comp 1 as Day 3 - Team Comp 1,A Group,,,,,,,,,,4 Attempts - 20 Races total,10,Go to Submit page,,,,,,,,,,,,,,,Re-use Day 3 - Team Comp 1 as Day 4 - Team Comp 1,A Group,,,,,,,,,,4 Attempts - 20 Races total,11,Go to Submit page,,,,,,,,,,,,,,,A Finals,,Re-use Day 4 - Team Comp 1 as Finals Team Comp,,,,,,,,,,,3rd,No (goes to Submit page),,,,,,,,,,,,,,,,,,,
8/14/2026 6:39:39,Anaxagoras,Graded (No Uma Restrictions),"Win A finals with ""oshi"" uma",I accept these terms,Day 2,"Android - phone or tablet, Windows",$1001-5000,1024,21-30 (roughly 3-4 per day),Discord - MooMooCord - https://discord.gg/Hc7cP9GB,5,,Gold City (Festival),Late Surger,Ace built for this CM before CM start in Grand Concert scenario,2,1,0,0,2,1,0,T.M. Opera O (New Year),Late Surger,Ace built for this CM before CM start in Grand Concert scenario,2,1,0,0,2,1,0,Symboli Rudolf (Festival),Pace Chaser,Ace built for this CM before CM start in Grand Concert scenario,2,0,1,0,2,,0,4 Attempts - 20 Races total,15,Go to Submit page,,,,,,,,,,,,,,Add new Team Comp as Day 2 - Team Comp 1,Gold City (Festival),Late Surger,Ace built for this CM before CM start in Grand Concert scenario,Mejiro McQueen (Anime Collab),Pace Chaser,Mid-CM Ace build in Grand Concert scenario,T.M. Opera O (New Year),Late Surger,Ace built for this CM before CM start in Grand Concert scenario,4 Attempts - 20 Races total,16,Day 3,,,,,,,,,,,,,,,Re-use Day 2 - Team Comp 1 as Day 3 - Team Comp 1,A Group,,,,,,,,,,4 Attempts - 20 Races total,10,Day 4,,,,,,,,,,,,,,,Re-use Day 3 - Team Comp 1 as Day 4 - Team Comp 1,A Group,,,,,,,,,,4 Attempts - 20 Races total,10,Finals,,,,,,,,,,,,,,,A Finals,13525,Re-use Day 4 - Team Comp 1 as Finals Team Comp,,,,,,,,,,https://drive.google.com/open?id=1b-cMxV9PHaMM6hHtSUd9CTQMt6ypAGXq,1st,,,,,,,,,,,"With this divine power, I shall make Gold City #1",https://drive.google.com/open?id=1SwGKlqkMtndOquGoBt0GgFdnlZxVasso,https://drive.google.com/open?id=1vvPB_vh7F0cgKWuKBFi5NzVNs03qG6d2,,0,9,0,0,4,https://drive.google.com/open?id=1TQ0LSWcK6zBOrqNn4ZrLArB64zLE_4gz
8/14/2026 9:07:56,Silaven,Graded (No Uma Restrictions),"Win A finals with ""oshi"" uma",I accept these terms,Finals,"Android - phone or tablet, SteamOS - Steam Deck",$1001-5000,695,11-20 (roughly 2-3 per day),Discord - MooMooCord - https://discord.gg/Hc7cP9GB,5,,Oguri Cap (Christmas),Pace Chaser,Ace built for this CM before CM start in Grand Concert scenario,2,1,0,0,2,1,,Nice Nature,Late Surger,Debuffer,2,1,0,0,2,1,,Smart Falcon,Front Runner,Blocker/Overtake target/Throwaway/Niche role,2,1,0,0,2,1,,4 Attempts - 20 Races total,17,Go to Submit page,,,,,,,,,,,,,,Re-use Day 1 - Team Comp 1 as Day 2 - Team Comp 1,,,,,,,,,,4 Attempts - 20 Races total,15,Go to Submit page,,,,,,,,,,,,,,,Re-use Day 2 - Team Comp 1 as Day 3 - Team Comp 1,A Group,,,,,,,,,,4 Attempts - 20 Races total,12,Go to Submit page,,,,,,,,,,,,,,,Re-use Day 3 - Team Comp 1 as Day 4 - Team Comp 1,A Group,,,,,,,,,,4 Attempts - 20 Races total,13,Go to Submit page,,,,,,,,,,,,,,,A Finals,11431,Re-use Day 4 - Team Comp 1 as Finals Team Comp,,,,,,,,,,https://drive.google.com/open?id=1fpNTOOLmlywX0Tt9rBh3pZvGKbO7xBZe,1st,,,,,,,,,,,,https://drive.google.com/open?id=1-SZ_FS9j3oLHBFTVOh1Q-qgWDopueCtN,https://drive.google.com/open?id=1-s1s2t_qGJUZtdvqlir_FKcTGV2wcnAv,,,5,,0,6,https://drive.google.com/open?id=1-E6gksR2zezk5O0nrYFlIdFwrOBQ9YRa
8/14/2026 7:05:19,Nunuchu42,Graded (No Uma Restrictions),Get into B finals,I accept these terms,Finals,Android - phone or tablet,$0,781,21-30 (roughly 3-4 per day),Discord - MooMooCord - https://discord.gg/Hc7cP9GB,4,,Special Week,Pace Chaser,Ace built for this CM before CM start in Unity Cup scenario,2,,1,,2,1,,Grass Wonder,Late Surger,Debuffer,1,,,1,3,1,,Agnes Tachyon,Late Surger,Debuffer,1,,,,4,1,,1 Attempt - 5 Races total,1,Day 1 - Add 2nd Team,Special Week,Late Surger,Ace built for this CM before CM start in Grand Concert scenario,Grass Wonder,Late Surger,Debuffer,Agnes Tachyon,Late Surger,Debuffer,1 Attempt - 5 Races total,2,3 teams,Go to Submit page,Add new Team Comp as Day 2 - Team Comp 1,Special Week,Late Surger,Mid-CM Ace build in Grand Concert scenario,Nice Nature,Late Surger,Debuffer,Mayano Top Gun (Wedding),End Closer,Debuffer,2 Attempts - 10 Races total,7,Go to Submit page,,,,,,,,,,,,,,,Add new Team Comp as Day 3 - Team Comp 1,A Group,Special Week,Late Surger,Mid-CM Ace build in Grand Concert scenario,Grass Wonder,Late Surger,Debuffer,Agnes Tachyon,Late Surger,Debuffer,4 Attempts - 20 Races total,12,Go to Submit page,,,,,,,,,,,,,,,Re-use Day 3 - Team Comp 1 as Day 4 - Team Comp 1,A Group,,,,,,,,,,4 Attempts - 20 Races total,11,Go to Submit page,,,,,,,,,,,,,,,A Finals,10066,Re-use Day 4 - Team Comp 1 as Finals Team Comp,,,,,,,,,,https://drive.google.com/open?id=1_C9BvGXfMqcfnVlBl8FvptJNiyBLzaJF,2nd,Yes,https://drive.google.com/open?id=1bVfvuKKFK5ixM2snNm03y2bdxSP2NHwm,https://drive.google.com/open?id=1nsOTDqNhEdtdOmn1xtI2JAwmVT0_BDve,,4,1,8,,,https://drive.google.com/open?id=1Yo0qN4zfw70iMFNgFHlzvslht8WrycK7,,,,,,,,,,
8/12/2026 20:24:22,Kjkj,Graded (No Uma Restrictions),Win A finals with any uma,I accept these terms,Day 4,,$0,,,,,,Oguri Cap (Christmas),Pace Chaser,Ace built for this CM before CM start in Grand Concert scenario,,,,,,,,Symboli Rudolf,End Closer,Debuffer,,,,,,,,Agnes Tachyon,End Closer,Debuffer,,,,,,,,4 Attempts - 20 Races total,16,Go to Submit page,,,,,,,,,,,,,,,,,,,,,,,,,,,,,,,,,,,,,,,,,Re-use Day 2 - Team Comp 1 as Day 3 - Team Comp 1,A Group,,,,,,,,,,4 Attempts - 20 Races total,16,Go to Submit page,,,,,,,,,,,,,,,Re-use Day 3 - Team Comp 1 as Day 4 - Team Comp 1,A Group,,,,,,,,,,4 Attempts - 20 Races total,20,Go to Submit page,,,,,,,,,,,,,,,,,,,,,,,,,,,,,,,,,,,,,,,,,,,,,,,,
8/14/2026 19:17:57,Tappu,Graded (No Uma Restrictions),Get into A finals,I accept these terms,Day 2,"Android - phone or tablet, Windows",$101-500,1400,31-45 (roughly 5-6 per day),Discord - MooMooCord - https://discord.gg/Hc7cP9GB,4,,Meisho Doto,Late Surger,Ace built for this CM before CM start in Grand Concert scenario,3,,,,2,1,,Oguri Cap (Christmas),Pace Chaser,Ace built for this CM before CM start in Grand Concert scenario,3,,,,2,1,,Symboli Rudolf,Front Runner,Debuffer,2,,1,,2,1,,4 Attempts - 20 Races total,17,Go to Submit page,,,,,,,,,,,,,,Re-use Day 1 - Team Comp 1 as Day 2 - Team Comp 1,,,,,,,,,,4 Attempts - 20 Races total,15,Day 3,,,,,,,,,,,,,,,Re-use Day 2 - Team Comp 1 as Day 3 - Team Comp 1,A Group,,,,,,,,,,4 Attempts - 20 Races total,15,Day 4,,,,,,,,,,,,,,,Re-use Day 3 - Team Comp 1 as Day 4 - Team Comp 1,A Group,,,,,,,,,,4 Attempts - 20 Races total,14,Finals,,,,,,,,,,,,,,,A Finals,12533,Re-use Day 4 - Team Comp 1 as Finals Team Comp,,,,,,,,,,https://drive.google.com/open?id=1nS5oKfbASbdFMJl2XTv_0FiqBa3Xbxx3,2nd,No (goes to Submit page),,,,,,,,,,,,,,,,,,,
8/14/2026 15:08:26,Fokx,Graded (No Uma Restrictions),"Win A finals with ""oshi"" uma",I accept these terms,Finals,"iOS - phone or tablet, Windows",$501-1000,2098,31-45 (roughly 5-6 per day),Discord - MooMooCord - https://discord.gg/Hc7cP9GB,4,,Tamamo Cross,Late Surger,Ace built for this CM before CM start in Grand Concert scenario,2,1,0,0,2,1,0,Mihono Bourbon (Valentine),Front Runner,Ace built for this CM before CM start in Grand Concert scenario,3,1,0,0,1,1,0,Oguri Cap,Late Surger,Ace built for this CM before CM start in Grand Concert scenario,2,1,0,0,2,1,0,4 Attempts - 20 Races total,14,Go to Submit page,,,,,,,,,,,,,,Re-use Day 1 - Team Comp 1 as Day 2 - Team Comp 1,,,,,,,,,,4 Attempts - 20 Races total,14,Go to Submit page,,,,,,,,,,,,,,,Re-use Day 2 - Team Comp 1 as Day 3 - Team Comp 1,A Group,,,,,,,,,,4 Attempts - 20 Races total,8,Go to Submit page,,,,,,,,,,,,,,,Re-use Day 3 - Team Comp 1 as Day 4 - Team Comp 1,A Group,,,,,,,,,,4 Attempts - 20 Races total,9,Go to Submit page,,,,,,,,,,,,,,,A Finals,11353,Re-use Day 4 - Team Comp 1 as Finals Team Comp,,,,,,,,,,https://drive.google.com/open?id=1knsgB4G4h71e0-SXVy-lgGzBM8PgLO62,3rd,No (goes to Submit page),,,,,,,,,,,,,,,,,,,
8/12/2026 23:19:37,Cody Rhodes,Graded (No Uma Restrictions),Collect participation rewards,I accept these terms,Day 3,"Android - phone or tablet, Windows",$0,743,21-30 (roughly 3-4 per day),Discord - MooMooCord - https://discord.gg/Hc7cP9GB,5,,Gold City (Festival),Late Surger,Ace built for this CM before CM start in Grand Concert scenario,2,0,0,0,3,1,0,Agnes Tachyon,Late Surger,Debuffer,1,2,0,0,2,0,0,Grass Wonder,Late Surger,Debuffer,0,2,0,1,3,0,0,4 Attempts - 20 Races total,10,Day 2,,,,,,,,,,,,,,Re-use Day 1 - Team Comp 1 as Day 2 - Team Comp 1,,,,,,,,,,4 Attempts - 20 Races total,8,Go to Submit page,,,,,,,,,,,,,,,Re-use Day 2 - Team Comp 1 as Day 3 - Team Comp 1,A Group,,,,,,,,,,4 Attempts - 20 Races total,2,Day 4,,,,,,,,,,,,,,,Re-use Day 3 - Team Comp 1 as Day 4 - Team Comp 1,A Group,,,,,,,,,,4 Attempts - 20 Races total,5,Go to Submit page,,,,,,,,,,,,,,,,,,,,,,,,,,,,,,,,,,,,,,,,,,,,,,,,
8/14/2026 6:15:09,OverzealouSloth,Graded (No Uma Restrictions),Win A finals with any uma,I accept these terms,Finals,"Android - phone or tablet, Windows",$101-500,1421,11-20 (roughly 2-3 per day),"Twitch - MooMooCows - https://www.twitch.tv/moomoomoocows, YouTube - MooMooCows - https://www.youtube.com/@MooMooCows",5,,Copano Rickey,Front Runner,Ace built for this CM before CM start in Grand Concert scenario,3,1,0,0,1,1,0,Oguri Cap (Christmas),Pace Chaser,Ace built for this CM before CM start in Grand Concert scenario,3,0,0,0,2,1,0,Mayano Top Gun (Wedding),End Closer,Debuffer,1,1,0,0,4,0,0,4 Attempts - 20 Races total,17,Go to Submit page,,,,,,,,,,,,,,Re-use Day 1 - Team Comp 1 as Day 2 - Team Comp 1,,,,,,,,,,4 Attempts - 20 Races total,17,Go to Submit page,,,,,,,,,,,,,,,Re-use Day 2 - Team Comp 1 as Day 3 - Team Comp 1,A Group,,,,,,,,,,4 Attempts - 20 Races total,12,Go to Submit page,,,,,,,,,,,,,,,Re-use Day 3 - Team Comp 1 as Day 4 - Team Comp 1,A Group,,,,,,,,,,4 Attempts - 20 Races total,16,Go to Submit page,,,,,,,,,,,,,,,A Finals,8895,Add new Team Comp as Finals Team Comp,Copano Rickey,Front Runner,Ace built for this CM before CM start in Grand Concert scenario,Agnes Tachyon,Late Surger,Debuffer,Grass Wonder,Late Surger,Debuffer,https://drive.google.com/open?id=1ZrK8mYsUXI5baew1TaCJ-knJVDMPVs2b,1st,,,,,,,,,,,,https://drive.google.com/open?id=1O9K5cAXh0aOVhXgDuc4gCFcYYzqeoi7v,https://drive.google.com/open?id=1GPr9VABEHS1LKwvlqlVpVqId-Tu3X1_N,,3,3,8,,,https://drive.google.com/open?id=1GbXMgC6e7HF24TSdcrohw6ZFS_Ccf8lv
8/14/2026 5:08:23,bettycrockerUS,Graded (No Uma Restrictions),Get into A finals,I accept these terms,Finals,"Android - phone or tablet, Windows",$1-100,1038,11-20 (roughly 2-3 per day),YouTube - MooMooCows - https://www.youtube.com/@MooMooCows,,,Oguri Cap (Christmas),Pace Chaser,Ace built for this CM before CM start in Grand Concert scenario,3,0,0,0,2,1,0,Nice Nature,Late Surger,Debuffer,,,,,,,,Mayano Top Gun (Wedding),Late Surger,Debuffer,,,,,,,,4 Attempts - 20 Races total,12,Go to Submit page,,,,,,,,,,,,,,Re-use Day 1 - Team Comp 1 as Day 2 - Team Comp 1,,,,,,,,,,4 Attempts - 20 Races total,15,Go to Submit page,,,,,,,,,,,,,,,Re-use Day 2 - Team Comp 1 as Day 3 - Team Comp 1,A Group,,,,,,,,,,4 Attempts - 20 Races total,14,Go to Submit page,,,,,,,,,,,,,,,Re-use Day 3 - Team Comp 1 as Day 4 - Team Comp 1,A Group,,,,,,,,,,4 Attempts - 20 Races total,11,Go to Submit page,,,,,,,,,,,,,,,A Finals,14510,Re-use Day 4 - Team Comp 1 as Finals Team Comp,,,,,,,,,,https://drive.google.com/open?id=1L6dTHsoAyYd2LcLB4nxb2UCPizsyObLk,2nd,No (goes to Submit page),,,,,,,,,,,,,,,,,,,
8/14/2026 9:31:47,Trux,Graded (No Uma Restrictions),Get into A finals,I accept these terms,Finals,iOS - phone or tablet,Rather not say,,31-45 (roughly 5-6 per day),,,,Oguri Cap (Christmas),Pace Chaser,Ace built for this CM before CM start in Grand Concert scenario,2,,1,,2,1,,Nice Nature,Late Surger,Debuffer,2,,,1,2,1,,Mayano Top Gun (Wedding),Late Surger,Debuffer,2,,,1,2,1,,4 Attempts - 20 Races total,14,Go to Submit page,,,,,,,,,,,,,,Re-use Day 1 - Team Comp 1 as Day 2 - Team Comp 1,,,,,,,,,,4 Attempts - 20 Races total,15,Go to Submit page,,,,,,,,,,,,,,,Add new Team Comp as Day 3 - Team Comp 1,A Group,Oguri Cap (Christmas),Pace Chaser,Ace built for this CM before CM start in Grand Concert scenario,Grass Wonder,Late Surger,Debuffer,Eishin Flash (Valentine),Late Surger,Debuffer,4 Attempts - 20 Races total,11,Go to Submit page,,,,,,,,,,,,,,,Re-use Day 3 - Team Comp 1 as Day 4 - Team Comp 1,A Group,,,,,,,,,,4 Attempts - 20 Races total,12,Go to Submit page,,,,,,,,,,,,,,,A Finals,11248,Re-use Day 4 - Team Comp 1 as Finals Team Comp,,,,,,,,,,,1st,,,,,,,,,,,,,,,,12,5,,,
8/14/2026 6:05:05,Casual Lettuce,Open (A+ Grade and Lower Umas Only),"Win A finals with ""oshi"" uma",I accept these terms,Finals,"Android - phone or tablet, Windows",$0,606,21-30 (roughly 3-4 per day),Discord - MooMooCord - https://discord.gg/Hc7cP9GB,4,,Nice Nature,Late Surger,Hybrid (ace + debuffer),2,1,2,0,1,0,0,El Condor Pasa,Pace Chaser,Ace built for this CM before CM start in Unity Cup scenario,3,0,2,0,1,0,0,Gold Ship (Summer),End Closer,Hybrid (ace + debuffer),1,1,1,0,2,1,0,1 Attempt - 5 Races total,5,Day 2,,,,,,,,,,,,,,Re-use Day 1 - Team Comp 1 as Day 2 - Team Comp 1,,,,,,,,,,3 Attempts - 15 Races total,9,Day 3,,,,,,,,,,,,,,,Re-use Day 2 - Team Comp 1 as Day 3 - Team Comp 1,A Group,,,,,,,,,,4 Attempts - 20 Races total,10,Day 4,,,,,,,,,,,,,,,Re-use Day 3 - Team Comp 1 as Day 4 - Team Comp 1,A Group,,,,,,,,,,4 Attempts - 20 Races total,12,Go to Submit page,,,,,,,,,,,,,,,A Finals,4715,Re-use Day 4 - Team Comp 1 as Finals Team Comp,,,,,,,,,,https://drive.google.com/open?id=1uKWhTXc8W4dz6j7xCcJp57gg6coqqspt,2nd,Yes,https://drive.google.com/open?id=1BgrdOsi3QQX-SN-zemaZboqs_xWz8t9A,,,2,6,0,0,0,https://drive.google.com/open?id=1ZYoruD4pAHa5MFczrUlcH7aHtijf82_I,,,,,,,,,,
8/12/2026 7:45:01,Geglash,Graded (No Uma Restrictions),"Win A finals with ""oshi"" uma",I accept these terms,Day 4,Windows,$1001-5000,373,6-10 (roughly 1 per day),,5,,Copano Rickey,Front Runner,Ace built for this CM before CM start in Grand Concert scenario,3,0,1,,1,1,,Yukino Bijin,Pace Chaser,Ace built for this CM before CM start in Grand Concert scenario,2,0,2,,1,1,,Nice Nature,Late Surger,Debuffer,2,1,,,2,1,,4 Attempts - 20 Races total,12,Go to Submit page,,,,,,,,,,,,,,Re-use Day 1 - Team Comp 1 as Day 2 - Team Comp 1,,,,,,,,,,4 Attempts - 20 Races total,6,Go to Submit page,,,,,,,,,,,,,,,Re-use Day 2 - Team Comp 1 as Day 3 - Team Comp 1,A Group,,,,,,,,,,4 Attempts - 20 Races total,10,Go to Submit page,,,,,,,,,,,,,,,Re-use Day 3 - Team Comp 1 as Day 4 - Team Comp 1,A Group,,,,,,,,,,4 Attempts - 20 Races total,12,Go to Submit page,,,,,,,,,,,,,,,,,,,,,,,,,,,,,,,,,,,,,,,,,,,,,,,,
8/12/2026 21:21:52,SluggSoda,Graded (No Uma Restrictions),Win A finals with any uma,I accept these terms,Day 4,iOS - phone or tablet,$101-500,996,11-20 (roughly 2-3 per day),Discord - MooMooCord - https://discord.gg/Hc7cP9GB,5,,Oguri Cap (Christmas),Pace Chaser,Ace built for this CM before CM start in Grand Concert scenario,3,,,,2,1,,Nice Nature (Cheerleader),Late Surger,Debuffer,1,1,,,3,1,,Gold Ship (Summer),End Closer,Debuffer,2,1,1,,2,,,4 Attempts - 20 Races total,18,Day 2,,,,,,,,,,,,,,Re-use Day 1 - Team Comp 1 as Day 2 - Team Comp 1,,,,,,,,,,4 Attempts - 20 Races total,15,Go to Submit page,,,,,,,,,,,,,,,Re-use Day 2 - Team Comp 1 as Day 3 - Team Comp 1,A Group,,,,,,,,,,4 Attempts - 20 Races total,13,Go to Submit page,,,,,,,,,,,,,,,Re-use Day 3 - Team Comp 1 as Day 4 - Team Comp 1,A Group,,,,,,,,,,4 Attempts - 20 Races total,12,Go to Submit page,,,,,,,,,,,,,,,,,,,,,,,,,,,,,,,,,,,,,,,,,,,,,,,,
8/11/2026 8:19:32,Shadowplasm,Graded (No Uma Restrictions),"Win A finals with ""oshi"" uma",I accept these terms,Day 3,Windows,$101-500,981,46+ (more than 6 per day),YouTube - MooMooCows - https://www.youtube.com/@MooMooCows,4,,Haru Urara (New Year),Late Surger,Ace built for this CM before CM start in Grand Concert scenario,2,1,0,0,2,1,,Agnes Tachyon,End Closer,Debuffer,,,,,,,,Symboli Rudolf,Front Runner,Debuffer,,,,,,,,4 Attempts - 20 Races total,11,Day 2,,,,,,,,,,,,,,Re-use Day 1 - Team Comp 1 as Day 2 - Team Comp 1,,,,,,,,,,4 Attempts - 20 Races total,16,Go to Submit page,,,,,,,,,,,,,,,Re-use Day 2 - Team Comp 1 as Day 3 - Team Comp 1,A Group,,,,,,,,,,4 Attempts - 20 Races total,13,Go to Submit page,,,,,,,,,,,,,,,,,,,,,,,,,,,,,,,,,,,,,,,,,,,,,,,,,,,,,,,,,,,,,,,,,,,,,,,,,,,,
8/14/2026 15:03:03,TheHeavenlyRice,Graded (No Uma Restrictions),"Win A finals with ""oshi"" uma",I accept these terms,Finals,"iOS - phone or tablet, Windows",$1001-5000,787,31-45 (roughly 5-6 per day),,5,,Oguri Cap (Christmas),Pace Chaser,Ace built for this CM before CM start in Grand Concert scenario,3,0,0,0,2,1,0,Agnes Tachyon,End Closer,Debuffer,1,0,1,0,3,1,0,Nice Nature (Cheerleader),End Closer,Debuffer,1,0,1,0,3,1,0,4 Attempts - 20 Races total,16,Day 2,,,,,,,,,,,,,,Re-use Day 1 - Team Comp 1 as Day 2 - Team Comp 1,,,,,,,,,,4 Attempts - 20 Races total,16,Go to Submit page,,,,,,,,,,,,,,,Re-use Day 2 - Team Comp 1 as Day 3 - Team Comp 1,A Group,,,,,,,,,,4 Attempts - 20 Races total,16,Go to Submit page,,,,,,,,,,,,,,,Re-use Day 3 - Team Comp 1 as Day 4 - Team Comp 1,A Group,,,,,,,,,,4 Attempts - 20 Races total,11,Go to Submit page,,,,,,,,,,,,,,,A Finals,11808,Add new Team Comp as Finals Team Comp,Oguri Cap (Christmas),Pace Chaser,Ace built for this CM before CM start in Grand Concert scenario,Copano Rickey,Front Runner,Ace built for this CM before CM start in Grand Concert scenario,Hishi Amazon,End Closer,Mid-CM Ace build in Grand Concert scenario,https://drive.google.com/open?id=1eTjPf6dbxbKiPnIgu0-diT220HGrEvLO,2nd,No (goes to Submit page),,,,,,,,,,,,,,,,,,,
8/14/2026 5:07:11,blipblip/shauce,Graded (No Uma Restrictions),"Win A finals with ""oshi"" uma",I accept these terms,Finals,"Android - phone or tablet, Windows, Linux",$101-500,1506,21-30 (roughly 3-4 per day),Discord - MooMooCord - https://discord.gg/Hc7cP9GB,5,,Haru Urara (New Year),End Closer,Ace built for this CM before CM start in Grand Concert scenario,3,,,,2,1,,Grass Wonder,Front Runner,Debuffer,,,,,,,,Nice Nature,Late Surger,Debuffer,,,,,,,,4 Attempts - 20 Races total,14,Day 2,,,,,,,,,,,,,,Re-use Day 1 - Team Comp 1 as Day 2 - Team Comp 1,,,,,,,,,,4 Attempts - 20 Races total,13,Go to Submit page,,,,,,,,,,,,,,,Re-use Day 2 - Team Comp 1 as Day 3 - Team Comp 1,A Group,,,,,,,,,,4 Attempts - 20 Races total,12,Day 4,,,,,,,,,,,,,,,Re-use Day 3 - Team Comp 1 as Day 4 - Team Comp 1,A Group,,,,,,,,,,4 Attempts - 20 Races total,8,Go to Submit page,,,,,,,,,,,,,,,A Finals,9109,Add new Team Comp as Finals Team Comp,Haru Urara (New Year),End Closer,Ace built for this CM before CM start in Grand Concert scenario,Eishin Flash (Valentine),End Closer,Debuffer,Grass Wonder,Front Runner,Debuffer,https://drive.google.com/open?id=1-hzcbltMu3VnVQR_ApM98VhfdUCDOsOW,3rd,No (goes to Submit page),,,,,,,,,,,,,,,,,,,
8/14/2026 6:09:08,4Queen,Graded (No Uma Restrictions),Win A finals with any uma,I accept these terms,Finals,Windows,$1-100,770,11-20 (roughly 2-3 per day),Discord - MooMooCord - https://discord.gg/Hc7cP9GB,5,,Smart Falcon,Front Runner,Ace built for this CM before CM start in Grand Concert scenario,3,1,0,0,1,1,0,Grass Wonder,Pace Chaser,Debuffer,1,1,0,1,3,,,Nice Nature,Late Surger,Debuffer,1,2,0,0,3,0,0,4 Attempts - 20 Races total,16,Go to Submit page,,,,,,,,,,,,,,Re-use Day 1 - Team Comp 1 as Day 2 - Team Comp 1,,,,,,,,,,4 Attempts - 20 Races total,11,Go to Submit page,,,,,,,,,,,,,,,Re-use Day 2 - Team Comp 1 as Day 3 - Team Comp 1,A Group,,,,,,,,,,4 Attempts - 20 Races total,8,Go to Submit page,,,,,,,,,,,,,,,Add a new Team Comp as Day 4 - Team Comp 1,A Group,Smart Falcon,Front Runner,Ace built for this CM before CM start in Grand Concert scenario,Copano Rickey,Front Runner,Ace built for this CM before CM start in Grand Concert scenario,Grass Wonder,Pace Chaser,Debuffer,4 Attempts - 20 Races total,9,Go to Submit page,,,,,,,,,,,,,,,A Finals,11226,Re-use Day 4 - Team Comp 2 as Finals Team Comp,,,,,,,,,,https://drive.google.com/open?id=1wocmAvzQA0TPF31Fu5uL7WIgDoNqWjKF,3rd,No (goes to Submit page),,,,,,,,,,,,,,,,,,,
8/10/2026 6:16:55,CyberL,Graded (No Uma Restrictions),"Win A finals with ""oshi"" uma",I accept these terms,Day 2,"Android - phone or tablet, Windows",$1-100,511,6-10 (roughly 1 per day),"Discord - MooMooCord - https://discord.gg/Hc7cP9GB, YouTube - MooMooCows - https://www.youtube.com/@MooMooCows",5,,,,,,,,,,,,,,,,,,,,,,,,,,,,,,,,,,,,,,,,,,,,,,,,Re-use Day 1 - Team Comp 1 as Day 2 - Team Comp 1,,,,,,,,,,2 Attempts - 10 Races total,6,Go to Submit page,,,,,,,,,,,,,,,,,,,,,,,,,,,,,,,,,,,,,,,,,,,,,,,,,,,,,,,,,,,,,,,,,,,,,,,,,,,,,,,,,,,,,,,,,,,,,,,,,,,,,,,,
8/14/2026 10:07:07,Ari Mochizuki,Graded (No Uma Restrictions),Win A finals with any uma,I accept these terms,Finals,"Android - phone or tablet, Windows",$1-100,892,11-20 (roughly 2-3 per day),Discord - MooMooCord - https://discord.gg/Hc7cP9GB,5,,Daiwa Scarlet,Pace Chaser,Ace built for this CM before CM start in Grand Concert scenario,2,1,,,2,1,,Taiki Shuttle (Camping),Pace Chaser,Ace built for this CM before CM start in Grand Concert scenario,3,1,,,1,1,,Smart Falcon,Front Runner,Ace built for this CM before CM start in Grand Concert scenario,2,1,,,2,1,,4 Attempts - 20 Races total,13,Day 2,,,,,,,,,,,,,,Re-use Day 1 - Team Comp 1 as Day 2 - Team Comp 1,,,,,,,,,,4 Attempts - 20 Races total,14,Go to Submit page,,,,,,,,,,,,,,,Re-use Day 2 - Team Comp 1 as Day 3 - Team Comp 1,A Group,,,,,,,,,,4 Attempts - 20 Races total,6,Go to Submit page,,,,,,,,,,,,,,,Re-use Day 3 - Team Comp 1 as Day 4 - Team Comp 1,A Group,,,,,,,,,,4 Attempts - 20 Races total,5,Go to Submit page,,,,,,,,,,,,,,,A Finals,,Re-use Day 4 - Team Comp 1 as Finals Team Comp,,,,,,,,,,,3rd,No (goes to Submit page),,,,,,,,,,,,,,,,,,,
8/14/2026 22:47:47,Furcas,Graded (No Uma Restrictions),Win A finals with any uma,I accept these terms,Finals,Android - phone or tablet,$1-100,892,11-20 (roughly 2-3 per day),Discord - MooMooCord - https://discord.gg/Hc7cP9GB,5,,Oguri Cap (Christmas),Pace Chaser,Ace built for this CM before CM start in Grand Concert scenario,3,0,0,0,2,1,0,Grass Wonder,Late Surger,Debuffer,,,,,,,,Nice Nature,Late Surger,Debuffer,,,,,,,,4 Attempts - 20 Races total,12,Go to Submit page,,,,,,,,,,,,,,Re-use Day 1 - Team Comp 1 as Day 2 - Team Comp 1,,,,,,,,,,4 Attempts - 20 Races total,9,Go to Submit page,,,,,,,,,,,,,,,Re-use Day 2 - Team Comp 1 as Day 3 - Team Comp 1,A Group,,,,,,,,,,4 Attempts - 20 Races total,13,Go to Submit page,,,,,,,,,,,,,,,Re-use Day 3 - Team Comp 1 as Day 4 - Team Comp 1,A Group,,,,,,,,,,4 Attempts - 20 Races total,8,Go to Submit page,,,,,,,,,,,,,,,A Finals,13954,Re-use Day 4 - Team Comp 1 as Finals Team Comp,,,,,,,,,,https://drive.google.com/open?id=1PbbnkU_DYqMZLZQYN_gujpSnDxPBFlMp,2nd,No (goes to Submit page),,,,,,,,,,,,,,,,,,,
8/14/2026 5:26:24,IspamObjection,Graded (No Uma Restrictions),Win A finals with any uma,I accept these terms,Finals,Windows,$101-500,,21-30 (roughly 3-4 per day),,,,Oguri Cap (Christmas),Pace Chaser,Ace built for this CM before CM start in Grand Concert scenario,,,,,,,,Mayano Top Gun (Wedding),End Closer,Debuffer,,,,,,,,Nice Nature,Late Surger,Debuffer,,,,,,,,4 Attempts - 20 Races total,14,Day 2,,,,,,,,,,,,,,Re-use Day 1 - Team Comp 1 as Day 2 - Team Comp 1,,,,,,,,,,4 Attempts - 20 Races total,18,Go to Submit page,,,,,,,,,,,,,,,Re-use Day 2 - Team Comp 1 as Day 3 - Team Comp 1,A Group,,,,,,,,,,4 Attempts - 20 Races total,17,Go to Submit page,,,,,,,,,,,,,,,Re-use Day 3 - Team Comp 1 as Day 4 - Team Comp 1,A Group,,,,,,,,,,4 Attempts - 20 Races total,14,Go to Submit page,,,,,,,,,,,,,,,A Finals,10832,Re-use Day 4 - Team Comp 1 as Finals Team Comp,,,,,,,,,,https://drive.google.com/open?id=1tgMbBPq3Y9hIFFX5iWIDdiofBtYPBXfR,1st,,,,,,,,,,,,https://drive.google.com/open?id=1uMEAFQu-M1Y-fInyrHuYnEpP2pHVrZEC,https://drive.google.com/open?id=1ss1Pi875Eg6quSRMK_0-WCwwgLHU1jbJ,,,15,3,,,https://drive.google.com/open?id=1np_BrTNZqqUawN3uvUHb9RmVbXX0bOPw
8/14/2026 10:56:30,Matade,Graded (No Uma Restrictions),Collect participation rewards,I accept these terms,Day 4,"Android - phone or tablet, Windows",$1-100,951,11-20 (roughly 2-3 per day),YouTube - MooMooCows - https://www.youtube.com/@MooMooCows,5,,Mejiro Ardan,Pace Chaser,Ace built for this CM before CM start in Grand Concert scenario,2,1,0,0,2,1,0,Gold City (Festival),Late Surger,Ace built for this CM before CM start in Grand Concert scenario,2,1,0,0,2,1,0,Oguri Cap (Christmas),Pace Chaser,Ace built for this CM before CM start in Grand Concert scenario,2,0,1,0,2,1,0,4 Attempts - 20 Races total,9,Day 2,,,,,,,,,,,,,,Re-use Day 1 - Team Comp 1 as Day 2 - Team Comp 1,,,,,,,,,,4 Attempts - 20 Races total,14,Go to Submit page,,,,,,,,,,,,,,,Re-use Day 2 - Team Comp 1 as Day 3 - Team Comp 1,A Group,,,,,,,,,,4 Attempts - 20 Races total,9,Day 4,,,,,,,,,,,,,,,Re-use Day 3 - Team Comp 1 as Day 4 - Team Comp 1,A Group,,,,,,,,,,4 Attempts - 20 Races total,6,Finals,,,,,,,,,,,,,,,A Finals,7658,Re-use Day 4 - Team Comp 1 as Finals Team Comp,,,,,,,,,,https://drive.google.com/open?id=1OAUobGxbaH9y1IgP1-qQAzUdvQjBOhng,2nd,No (goes to Submit page),,,,,,,,,,,,,,,,,,,
8/14/2026 7:18:04,eriksw12,Graded (No Uma Restrictions),Win A finals with any uma,I accept these terms,Finals,Android - phone or tablet,$0,700,,Discord - MooMooCord - https://discord.gg/Hc7cP9GB,,,Oguri Cap (Christmas),Late Surger,Ace built for this CM before CM start in Grand Concert scenario,2,1,,,2,1,,Grass Wonder,Late Surger,Debuffer,,,,,,,,Agnes Tachyon,Late Surger,Debuffer,,,,,,,,4 Attempts - 20 Races total,5,Day 1 - Add 2nd Team,Oguri Cap (Christmas),Late Surger,Mid-CM Ace build in Grand Concert scenario,Grass Wonder,Late Surger,Debuffer,Agnes Tachyon,Late Surger,Debuffer,2 Attempts - 10 Races total,8,2 teams,Go to Submit page,Re-use Day 1 - Team Comp 2 as Day 2 - Team Comp 1,,,,,,,,,,4 Attempts - 20 Races total,11,Day 3,,,,,,,,,,,,,,,Re-use Day 2 - Team Comp 1 as Day 3 - Team Comp 1,A Group,,,,,,,,,,4 Attempts - 20 Races total,10,Day 4,,,,,,,,,,,,,,,Re-use Day 3 - Team Comp 1 as Day 4 - Team Comp 1,A Group,,,,,,,,,,4 Attempts - 20 Races total,8,Finals,,,,,,,,,,,,,,,A Finals,7187,Re-use Day 4 - Team Comp 1 as Finals Team Comp,,,,,,,,,,https://drive.google.com/open?id=19lJzkr1qwQdonwTzkvZzAMfMZEvEtGcb,1st,,,,,,,,,,,,,,,,,,,,
8/12/2026 8:24:23,Barrel,Graded (No Uma Restrictions),Get into A finals,I accept these terms,Day 4,"Android - phone or tablet, Windows",$1-100,,46+ (more than 6 per day),Discord - MooMooCord - https://discord.gg/Hc7cP9GB,5,,Oguri Cap (Christmas),Pace Chaser,Ace built for this CM before CM start in Grand Concert scenario,2,1,,,2,1,,Grass Wonder,Late Surger,Debuffer,,,,,,,,Eishin Flash (Valentine),Late Surger,Debuffer,,,,,,,,4 Attempts - 20 Races total,16,Day 2,,,,,,,,,,,,,,Re-use Day 1 - Team Comp 1 as Day 2 - Team Comp 1,,,,,,,,,,3 Attempts - 15 Races total,5,Go to Submit page,,,,,,,,,,,,,,,Re-use Day 2 - Team Comp 1 as Day 3 - Team Comp 1,A Group,,,,,,,,,,3 Attempts - 15 Races total,8,Go to Submit page,,,,,,,,,,,,,,,Re-use Day 3 - Team Comp 1 as Day 4 - Team Comp 1,A Group,,,,,,,,,,3 Attempts - 15 Races total,10,Go to Submit page,,,,,,,,,,,,,,,,,,,,,,,,,,,,,,,,,,,,,,,,,,,,,,,,
8/10/2026 6:51:08,aaron.l__,Graded (No Uma Restrictions),"Win A finals with ""oshi"" uma",I accept these terms,Day 2,iOS - phone or tablet,$501-1000,,11-20 (roughly 2-3 per day),Discord - MooMooCord - https://discord.gg/Hc7cP9GB,5,,,,,,,,,,,,,,,,,,,,,,,,,,,,,,,,,,,,,,,,,,,,,,,,Re-use Day 1 - Team Comp 1 as Day 2 - Team Comp 1,,,,,,,,,,4 Attempts - 20 Races total,19,Go to Submit page,,,,,,,,,,,,,,,,,,,,,,,,,,,,,,,,,,,,,,,,,,,,,,,,,,,,,,,,,,,,,,,,,,,,,,,,,,,,,,,,,,,,,,,,,,,,,,,,,,,,,,,,
8/14/2026 15:19:16,SolemnLament,Graded (No Uma Restrictions),Win A finals with any uma,I accept these terms,Finals,,$1001-5000,,46+ (more than 6 per day),,,,Oguri Cap (Christmas),Late Surger,Ace built for this CM before CM start in Grand Concert scenario,2,1,0,0,2,1,,Copano Rickey,Front Runner,Ace built for this CM before CM start in Grand Concert scenario,2,1,0,0,2,1,,Smart Falcon (Grand Concert),Front Runner,Ace built for this CM before CM start in Grand Concert scenario,2,,0,0,2,1,,4 Attempts - 20 Races total,14,Go to Submit page,,,,,,,,,,,,,,Re-use Day 1 - Team Comp 1 as Day 2 - Team Comp 1,,,,,,,,,,4 Attempts - 20 Races total,17,Go to Submit page,,,,,,,,,,,,,,,Re-use Day 2 - Team Comp 1 as Day 3 - Team Comp 1,A Group,,,,,,,,,,4 Attempts - 20 Races total,12,Go to Submit page,,,,,,,,,,,,,,,Re-use Day 3 - Team Comp 1 as Day 4 - Team Comp 1,A Group,,,,,,,,,,4 Attempts - 20 Races total,16,Go to Submit page,,,,,,,,,,,,,,,A Finals,,Re-use Day 4 - Team Comp 1 as Finals Team Comp,,,,,,,,,,https://drive.google.com/open?id=173_PYcaR5Fy7KwIyRS2fJxN1scYKTbqE,1st,,,,,,,,,,,,,,,,,,,,
8/12/2026 12:22:33,Aero,Graded (No Uma Restrictions),Collect participation rewards,I accept these terms,Day 4,iOS - phone or tablet,$1-100,1473,6-10 (roughly 1 per day),Discord - MooMooCord - https://discord.gg/Hc7cP9GB,5,,Oguri Cap (Christmas),Pace Chaser,Ace built for this CM before CM start in Grand Concert scenario,3,,,,1,0,,Grass Wonder,End Closer,Debuffer,1,1,1,1,1,1,,Agnes Tachyon,End Closer,Debuffer,1,1,1,1,1,1,,4 Attempts - 20 Races total,14,Go to Submit page,,,,,,,,,,,,,,Re-use Day 1 - Team Comp 1 as Day 2 - Team Comp 1,,,,,,,,,,3 Attempts - 15 Races total,12,Day 2 - Add 2nd Team,Add new Team Comp as Day 2 - Team Comp 2,T.M. Opera O,Late Surger,Ace built for this CM before CM start in Grand Concert scenario,Grass Wonder,End Closer,Debuffer,Agnes Tachyon,End Closer,Debuffer,1 Attempt - 5 Races total,3,2 teams,Go to Submit page,Re-use Day 2 - Team Comp 1 as Day 3 - Team Comp 1,A Group,,,,,,,,,,4 Attempts - 20 Races total,14,Go to Submit page,,,,,,,,,,,,,,,Re-use Day 3 - Team Comp 1 as Day 4 - Team Comp 1,A Group,,,,,,,,,,4 Attempts - 20 Races total,13,Go to Submit page,,,,,,,,,,,,,,,,,,,,,,,,,,,,,,,,,,,,,,,,,,,,,,,,
8/14/2026 10:45:21,IanDakar,Graded (No Uma Restrictions),Get into B finals,I accept these terms,Finals,Android - phone or tablet,$1-100,1300,31-45 (roughly 5-6 per day),,,,Daiwa Scarlet,Front Runner,Ace built for this CM before CM start in Grand Concert scenario,2,1,0,0,2,1,0,Copano Rickey,Front Runner,Ace built for this CM before CM start in Grand Concert scenario,2,1,0,0,2,1,0,Oguri Cap (Christmas),Pace Chaser,Ace built for this CM before CM start in Grand Concert scenario,2,0,0,0,3,1,0,4 Attempts - 20 Races total,7,Go to Submit page,,,,,,,,,,,,,,Re-use Day 1 - Team Comp 1 as Day 2 - Team Comp 1,,,,,,,,,,3 Attempts - 15 Races total,11,Go to Submit page,,,,,,,,,,,,,,,Add new Team Comp as Day 3 - Team Comp 1,A Group,Daiwa Scarlet,Front Runner,Ace built for this CM before CM start in Grand Concert scenario,Copano Rickey,Front Runner,Ace built for this CM before CM start in Grand Concert scenario,Oguri Cap (Christmas),Late Surger,Ace built for this CM before CM start in Grand Concert scenario,4 Attempts - 20 Races total,8,Go to Submit page,,,,,,,,,,,,,,,Re-use Day 3 - Team Comp 2 as Day 4 - Team Comp 1,A Group,,,,,,,,,,4 Attempts - 20 Races total,8,Go to Submit page,,,,,,,,,,,,,,,A Finals,9226,Re-use Day 4 - Team Comp 2 as Finals Team Comp,,,,,,,,,,https://drive.google.com/open?id=1Lw3AJtiVlhMv0U4gOpcjC208fIqPmhjw,1st,,,,,,,,,,,,https://drive.google.com/open?id=1IWh_LoO1OnjgXOWECpN3pBsKAnaAOI8b,https://drive.google.com/open?id=1KTW411m1bkAygcnM9tLUcDu1mWAPJrB7,,2,3,11,0,0,https://drive.google.com/open?id=1G6z3tiJpp17LHXLu2lKnl6ODom__W37d
8/12/2026 12:54:06,Naichi,Graded (No Uma Restrictions),Get into A finals,I accept these terms,Day 4,"Android - phone or tablet, Windows",$1-100,,,,,,Oguri Cap (Christmas),Pace Chaser,Ace built for this CM before CM start in Grand Concert scenario,3,0,0,,2,1,0,Copano Rickey,Late Surger,Ace built for this CM before CM start in Grand Concert scenario,3,1,0,0,1,1,0,Grass Wonder,Late Surger,Debuffer,1,1,0,0,4,0,0,4 Attempts - 20 Races total,19,Go to Submit page,,,,,,,,,,,,,,Re-use Day 1 - Team Comp 1 as Day 2 - Team Comp 1,,,,,,,,,,4 Attempts - 20 Races total,14,Go to Submit page,,,,,,,,,,,,,,,Re-use Day 2 - Team Comp 1 as Day 3 - Team Comp 1,A Group,,,,,,,,,,4 Attempts - 20 Races total,14,Go to Submit page,,,,,,,,,,,,,,,Re-use Day 3 - Team Comp 1 as Day 4 - Team Comp 1,A Group,,,,,,,,,,4 Attempts - 20 Races total,14,Go to Submit page,,,,,,,,,,,,,,,,,,,,,,,,,,,,,,,,,,,,,,,,,,,,,,,,
8/14/2026 9:31:34,ChunkyNutButter,Graded (No Uma Restrictions),Win A finals with any uma,I accept these terms,Day 4,"Android - phone or tablet, Windows",$1001-5000,885,21-30 (roughly 3-4 per day),Discord - MooMooCord - https://discord.gg/Hc7cP9GB,,,Oguri Cap (Christmas),Pace Chaser,Ace built for this CM before CM start in Grand Concert scenario,2,1,0,0,2,1,0,Grass Wonder,Late Surger,Debuffer,,,,,,,,Nice Nature,Late Surger,Debuffer,,,,,,,,3 Attempts - 15 Races total,11,Day 2,,,,,,,,,,,,,,Re-use Day 1 - Team Comp 1 as Day 2 - Team Comp 1,,,,,,,,,,3 Attempts - 15 Races total,12,Go to Submit page,,,,,,,,,,,,,,,Add new Team Comp as Day 3 - Team Comp 1,A Group,Oguri Cap (Christmas),Pace Chaser,Ace built for this CM before CM start in Grand Concert scenario,Agnes Digital,Late Surger,Ace built for this CM before CM start in Grand Concert scenario,Nice Nature,Late Surger,Debuffer,3 Attempts - 15 Races total,8,Go to Submit page,,,,,,,,,,,,,,,Re-use Day 3 - Team Comp 1 as Day 4 - Team Comp 1,A Group,,,,,,,,,,3 Attempts - 15 Races total,8,Finals,,,,,,,,,,,,,,,A Finals,10050,Re-use Day 4 - Team Comp 1 as Finals Team Comp,,,,,,,,,,https://drive.google.com/open?id=1gVak0EaKcsfecq_4dMl40_6mAhMO4jVX,1st,,,,,,,,,,,,https://drive.google.com/open?id=11zYx5aHJR6ciuW6sf2fnrhJxMoNoVf5F,https://drive.google.com/open?id=1GbuNBAZdd-lCmZuv-XMrtAhOMYDGqVqI,,0,7,6,0,0,https://drive.google.com/open?id=15V0El01iCanbxL7uwztZU--d0I8VXsj5
8/13/2026 5:02:46,MousePotato,Graded (No Uma Restrictions),Get into A finals,I accept these terms,Day 4,Windows,$101-500,1026,21-30 (roughly 3-4 per day),Discord - MooMooCord - https://discord.gg/Hc7cP9GB,5,,Oguri Cap (Christmas),Pace Chaser,Ace built for this CM before CM start in Grand Concert scenario,3,0,0,0,2,1,0,Super Creek (Halloween),Late Surger,Debuffer,0,3,0,0,3,0,0,Nice Nature,Late Surger,Debuffer,0,3,0,0,3,0,0,4 Attempts - 20 Races total,14,Day 2,,,,,,,,,,,,,,Re-use Day 1 - Team Comp 1 as Day 2 - Team Comp 1,,,,,,,,,,4 Attempts - 20 Races total,13,Go to Submit page,,,,,,,,,,,,,,,Re-use Day 2 - Team Comp 1 as Day 3 - Team Comp 1,A Group,,,,,,,,,,4 Attempts - 20 Races total,14,Go to Submit page,,,,,,,,,,,,,,,Re-use Day 3 - Team Comp 1 as Day 4 - Team Comp 1,A Group,,,,,,,,,,4 Attempts - 20 Races total,13,Go to Submit page,,,,,,,,,,,,,,,,,,,,,,,,,,,,,,,,,,,,,,,,,,,,,,,,
8/14/2026 5:23:25,Razor,Graded (No Uma Restrictions),Get into A finals,I accept these terms,Day 3,"Android - phone or tablet, Windows",$0,1237,31-45 (roughly 5-6 per day),Discord - MooMooCord - https://discord.gg/Hc7cP9GB,5,,Oguri Cap (Christmas),Pace Chaser,Ace built for this CM before CM start in Grand Concert scenario,2,1,0,0,2,1,0,El Condor Pasa (Fantasy),Late Surger,Ace built for this CM before CM start in Grand Concert scenario,2,1,0,0,2,1,0,Grass Wonder,Late Surger,Debuffer,2,0,0,0,3,1,0,4 Attempts - 20 Races total,12,Day 2,,,,,,,,,,,,,,Re-use Day 1 - Team Comp 1 as Day 2 - Team Comp 1,,,,,,,,,,4 Attempts - 20 Races total,17,Go to Submit page,,,,,,,,,,,,,,,Re-use Day 2 - Team Comp 1 as Day 3 - Team Comp 1,A Group,,,,,,,,,,4 Attempts - 20 Races total,12,Day 4,,,,,,,,,,,,,,,Re-use Day 3 - Team Comp 1 as Day 4 - Team Comp 1,A Group,,,,,,,,,,4 Attempts - 20 Races total,13,Finals,,,,,,,,,,,,,,,A Finals,14916,Re-use Day 4 - Team Comp 1 as Finals Team Comp,,,,,,,,,,https://drive.google.com/open?id=10L2gzaQ2rBjG6uCxEo4foQOXaVRnvNz4,2nd,Yes,https://drive.google.com/open?id=1DIwh1R8F9DnciVzT_Kj75m0wr-SYtieJ,https://drive.google.com/open?id=1SI_SjjZIWWUGwX8heuEKlra4l7mbTc0I,https://drive.google.com/open?id=1apNQBwdVTR7IzDqDNT3eFlGZbdPiPlgM,2,9,0,2,0,https://drive.google.com/open?id=1xTsaclc1gOuc8_7eJGi2Cwp0ahyzJje4,,,,,,,,,,
8/11/2026 11:55:21,Nekoing,Graded (No Uma Restrictions),Win A finals with any uma,I accept these terms,Day 3,"iOS - phone or tablet, Windows",$1-100,1523,21-30 (roughly 3-4 per day),YouTube - MooMooCows - https://www.youtube.com/@MooMooCows,,,Copano Rickey,Late Surger,Ace built for this CM before CM start in Grand Concert scenario,3,1,,,1,1,,Oguri Cap,Late Surger,Ace built for this CM before CM start in Grand Concert scenario,2,1,,,2,1,,Nice Nature,Late Surger,Debuffer,,,,,,,,4 Attempts - 20 Races total,13,Day 2,,,,,,,,,,,,,,Re-use Day 1 - Team Comp 1 as Day 2 - Team Comp 1,,,,,,,,,,4 Attempts - 20 Races total,17,Go to Submit page,,,,,,,,,,,,,,,Re-use Day 2 - Team Comp 1 as Day 3 - Team Comp 1,A Group,,,,,,,,,,4 Attempts - 20 Races total,14,Go to Submit page,,,,,,,,,,,,,,,,,,,,,,,,,,,,,,,,,,,,,,,,,,,,,,,,,,,,,,,,,,,,,,,,,,,,,,,,,,,,
8/14/2026 5:57:01,Sion,Graded (No Uma Restrictions),"Win A finals with ""oshi"" uma",I accept these terms,Finals,"Android - phone or tablet, Windows",$1-100,1141,31-45 (roughly 5-6 per day),Discord - MooMooCord - https://discord.gg/Hc7cP9GB,5,,Mejiro McQueen (Summer),Pace Chaser,Ace built for this CM before CM start in Grand Concert scenario,2,1,0,0,2,1,0,Mayano Top Gun (Wedding),Late Surger,Debuffer,,,,,,,,Nice Nature,Late Surger,Debuffer,,,,,,,,4 Attempts - 20 Races total,10,Day 2,,,,,,,,,,,,,,Re-use Day 1 - Team Comp 1 as Day 2 - Team Comp 1,,,,,,,,,,4 Attempts - 20 Races total,14,Go to Submit page,,,,,,,,,,,,,,,Re-use Day 2 - Team Comp 1 as Day 3 - Team Comp 1,A Group,,,,,,,,,,3 Attempts - 15 Races total,5,Day 3 - Add 2nd Team,Add new Team Comp as Day 3 - Team Comp 2,Mejiro McQueen (Summer),Pace Chaser,Ace built for this CM before CM start in Grand Concert scenario,Symboli Rudolf,Late Surger,Debuffer,Eishin Flash (Valentine),Late Surger,Debuffer,1 Attempt - 5 Races total,2,2 teams,Go to Submit page,Re-use Day 3 - Team Comp 2 as Day 4 - Team Comp 1,A Group,,,,,,,,,,4 Attempts - 20 Races total,7,Go to Submit page,,,,,,,,,,,,,,,A Finals,10214,Re-use Day 4 - Team Comp 2 as Finals Team Comp,,,,,,,,,,https://drive.google.com/open?id=1uKtUjriplXNEfIntVxGvdSy0I342gp_r,3rd,No (goes to Submit page),,,,,,,,,,,,,,,,,,,
8/14/2026 6:42:10,Kithric,Graded (No Uma Restrictions),Win A finals with any uma,I accept these terms,Finals,,$1001-5000,1214,0-5 (less than 1 per day),,,,Oguri Cap (Christmas),Pace Chaser,Ace built for this CM before CM start in Grand Concert scenario,2,1,0,0,2,1,0,Symboli Rudolf,Late Surger,Debuffer,1,0,1,0,3,1,0,Nice Nature (Cheerleader),Late Surger,Debuffer,1,0,1,0,3,1,0,4 Attempts - 20 Races total,15,Day 2,,,,,,,,,,,,,,Re-use Day 1 - Team Comp 1 as Day 2 - Team Comp 1,,,,,,,,,,4 Attempts - 20 Races total,19,Go to Submit page,,,,,,,,,,,,,,,Re-use Day 2 - Team Comp 1 as Day 3 - Team Comp 1,A Group,,,,,,,,,,4 Attempts - 20 Races total,15,Go to Submit page,,,,,,,,,,,,,,,Re-use Day 3 - Team Comp 1 as Day 4 - Team Comp 1,A Group,,,,,,,,,,4 Attempts - 20 Races total,16,Go to Submit page,,,,,,,,,,,,,,,A Finals,16034,Re-use Day 4 - Team Comp 1 as Finals Team Comp,,,,,,,,,,https://drive.google.com/open?id=1T_sjGNJqNFptmlVRVoxXo1vcfbfzIki3,2nd,No (goes to Submit page),,,,,,,,,,,,,,,,,,,
8/14/2026 6:55:18,Aruko,Graded (No Uma Restrictions),Get into A finals,I accept these terms,Finals,Windows,$0,744,31-45 (roughly 5-6 per day),"Discord - MooMooCord - https://discord.gg/Hc7cP9GB, Twitch - MooMooCows - https://www.twitch.tv/moomoomoocows, YouTube - MooMooCows - https://www.youtube.com/@MooMooCows",5,,Gold City,Late Surger,Ace built for this CM before CM start in Grand Concert scenario,3,0,0,0,2,1,0,Mayano Top Gun,Late Surger,Ace built for this CM before CM start in Grand Concert scenario,3,0,0,0,2,1,0,El Condor Pasa (Fantasy),Late Surger,Ace built for this CM before CM start in Grand Concert scenario,3,0,0,0,2,1,0,3 Attempts - 15 Races total,6,Day 2,,,,,,,,,,,,,,Re-use Day 1 - Team Comp 1 as Day 2 - Team Comp 1,,,,,,,,,,3 Attempts - 15 Races total,8,Go to Submit page,,,,,,,,,,,,,,,Re-use Day 2 - Team Comp 1 as Day 3 - Team Comp 1,A Group,,,,,,,,,,4 Attempts - 20 Races total,8,Go to Submit page,,,,,,,,,,,,,,,Re-use Day 3 - Team Comp 1 as Day 4 - Team Comp 1,A Group,,,,,,,,,,4 Attempts - 20 Races total,7,Go to Submit page,,,,,,,,,,,,,,,A Finals,6617,Re-use Day 4 - Team Comp 1 as Finals Team Comp,,,,,,,,,,https://drive.google.com/open?id=1XH56B80WGrwRNdd0dCjRwe2Y_I7cpB2Z,1st,,,,,,,,,,,Who decided Debuffer Era? Gamble Era will never End!! (Including Gambling the Finals Lobby),https://drive.google.com/open?id=1uSF3-OngZ_EwCQw4GnT0QDEVz_5qLMvi,https://drive.google.com/open?id=1MZpc9HnjPAt_YkMTekl1-ryognlABQkq,,2,12,0,0,2,https://drive.google.com/open?id=1-hfFGxOoUf8quWrs4M-PLAxRq_5766FQ
8/12/2026 6:55:44,FightKnight,Graded (No Uma Restrictions),Collect participation rewards,I accept these terms,Day 4,"Android - phone or tablet, Windows",$501-1000,,6-10 (roughly 1 per day),YouTube - MooMooCows - https://www.youtube.com/@MooMooCows,5,I wasn't sure if I should count independent in careers...,Oguri Cap,Late Surger,Ace built for this CM before CM start in Grand Concert scenario,,,,,,,,Yaeno Muteki,Late Surger,Ace built for this CM before CM start in Grand Concert scenario,,,,,,,,Mejiro Dober,Late Surger,Ace built for this CM before CM start in Grand Concert scenario,,,,,,,,4 Attempts - 20 Races total,12,Go to Submit page,,,,,,,,,,,,,,Re-use Day 1 - Team Comp 1 as Day 2 - Team Comp 1,,,,,,,,,,4 Attempts - 20 Races total,15,Go to Submit page,,,,,,,,,,,,,,,Re-use Day 2 - Team Comp 1 as Day 3 - Team Comp 1,A Group,,,,,,,,,,4 Attempts - 20 Races total,5,Go to Submit page,,,,,,,,,,,,,,,Add a new Team Comp as Day 4 - Team Comp 1,A Group,Oguri Cap,Late Surger,Ace built for this CM before CM start in Grand Concert scenario,Mejiro Dober,Late Surger,Ace built for this CM before CM start in Grand Concert scenario,Sweep Tosho,Front Runner,Blocker/Overtake target/Throwaway/Niche role,1 Attempt - 5 Races total,2,Day 4 - Add 2nd team,Re-use Day 3 - Team Comp 2 as Day 4 - Team Comp 2,,,,,,,,,,3 Attempts - 15 Races total,7,2 teams,Go to Submit page,,,,,,,,,,,,,,,,,,,,,,,,,,,,,,,,,,
8/12/2026 8:52:33,Tzerin,Graded (No Uma Restrictions),"Win A finals with ""oshi"" uma",I accept these terms,Day 4,,$101-500,"2,005",31-45 (roughly 5-6 per day),Discord - MooMooCord - https://discord.gg/Hc7cP9GB,5,,Agnes Tachyon,Pace Chaser,Ace built for this CM before CM start in Grand Concert scenario,3,,,,2,1,,Agnes Digital,End Closer,Ace built for this CM before CM start in Grand Concert scenario,2,1,,,2,1,,Oguri Cap (Christmas),Pace Chaser,Ace built for this CM before CM start in Grand Concert scenario,2,1,,,2,1,,4 Attempts - 20 Races total,17,Day 2,,,,,,,,,,,,,,Re-use Day 1 - Team Comp 1 as Day 2 - Team Comp 1,,,,,,,,,,4 Attempts - 20 Races total,17,Go to Submit page,,,,,,,,,,,,,,,Re-use Day 2 - Team Comp 1 as Day 3 - Team Comp 1,A Group,,,,,,,,,,4 Attempts - 20 Races total,14,Go to Submit page,,,,,,,,,,,,,,,Re-use Day 3 - Team Comp 1 as Day 4 - Team Comp 1,A Group,,,,,,,,,,4 Attempts - 20 Races total,15,Go to Submit page,,,,,,,,,,,,,,,,,,,,,,,,,,,,,,,,,,,,,,,,,,,,,,,,
8/14/2026 5:18:45,Koume,Graded (No Uma Restrictions),Get into A finals,I accept these terms,Finals,,,1176,31-45 (roughly 5-6 per day),YouTube - MooMooCows - https://www.youtube.com/@MooMooCows,,,Copano Rickey,Front Runner,Ace built for this CM before CM start in Grand Concert scenario,,,,,,,,Oguri Cap (Christmas),Pace Chaser,Ace built for this CM before CM start in Grand Concert scenario,,,,,,,,Smart Falcon,Front Runner,Ace built for this CM before CM start in Grand Concert scenario,,,,,,,,4 Attempts - 20 Races total,12,Day 2,,,,,,,,,,,,,,Re-use Day 1 - Team Comp 1 as Day 2 - Team Comp 1,,,,,,,,,,4 Attempts - 20 Races total,16,Go to Submit page,,,,,,,,,,,,,,,Re-use Day 2 - Team Comp 1 as Day 3 - Team Comp 1,A Group,,,,,,,,,,4 Attempts - 20 Races total,10,Go to Submit page,,,,,,,,,,,,,,,Re-use Day 3 - Team Comp 1 as Day 4 - Team Comp 1,A Group,,,,,,,,,,4 Attempts - 20 Races total,13,Go to Submit page,,,,,,,,,,,,,,,A Finals,9365,Re-use Day 4 - Team Comp 1 as Finals Team Comp,,,,,,,,,,,3rd,No (goes to Submit page),,,,,,,,,,,,,,,,,,,
8/14/2026 8:56:13,Mayoi,Graded (No Uma Restrictions),Get into A finals,I accept these terms,Day 4,Windows,$101-500,1650,11-20 (roughly 2-3 per day),Discord - MooMooCord - https://discord.gg/Hc7cP9GB,5,,Oguri Cap (Christmas),Pace Chaser,Ace built for this CM before CM start in Grand Concert scenario,2,1,0,0,2,1,0,Nice Nature,Late Surger,Debuffer,2,0,0,0,4,,,Mayano Top Gun (Wedding),Late Surger,Debuffer,2,0,0,0,4,0,0,4 Attempts - 20 Races total,15,Go to Submit page,,,,,,,,,,,,,,Re-use Day 1 - Team Comp 1 as Day 2 - Team Comp 1,,,,,,,,,,4 Attempts - 20 Races total,15,Day 3,,,,,,,,,,,,,,,Re-use Day 2 - Team Comp 1 as Day 3 - Team Comp 1,A Group,,,,,,,,,,4 Attempts - 20 Races total,12,Day 4,,,,,,,,,,,,,,,Add a new Team Comp as Day 4 - Team Comp 1,A Group,Oguri Cap (Christmas),Pace Chaser,Ace built for this CM before CM start in Grand Concert scenario,Grass Wonder,Late Surger,Debuffer,Nice Nature,Late Surger,Debuffer,4 Attempts - 20 Races total,16,Finals,,,,,,,,,,,,,,,A Finals,11145,Add new Team Comp as Finals Team Comp,Oguri Cap (Christmas),Pace Chaser,Ace built for this CM before CM start in Grand Concert scenario,Nice Nature (Cheerleader),Late Surger,Debuffer,Grass Wonder,Late Surger,Debuffer,https://drive.google.com/open?id=1PfPVxrFllsfDUBL0sF9bPXz8gxxx2uEM,1st,,,,,,,,,,,,,,,0,4,6,1,0,https://drive.google.com/open?id=13hiTXEaXxJLDuMHn-eXUXU84-2jnduKS
8/14/2026 5:43:19,DT46,Graded (No Uma Restrictions),Collect participation rewards,I accept these terms,Finals,"Android - phone or tablet, Windows",$101-500,,11-20 (roughly 2-3 per day),Rather not say,,,Gold City (Festival),Late Surger,Ace built for this CM before CM start in Grand Concert scenario,2,1,,,2,1,,Mejiro McQueen,Pace Chaser,Ace built for this CM before CM start in Grand Concert scenario,3,1,,,1,1,,Smart Falcon,Front Runner,Ace built for this CM before CM start in Grand Concert scenario,2,1,,,2,1,,4 Attempts - 20 Races total,10,Day 2,,,,,,,,,,,,,,Re-use Day 1 - Team Comp 1 as Day 2 - Team Comp 1,,,,,,,,,,4 Attempts - 20 Races total,9,Go to Submit page,,,,,,,,,,,,,,,Re-use Day 2 - Team Comp 1 as Day 3 - Team Comp 1,A Group,,,,,,,,,,4 Attempts - 20 Races total,10,Go to Submit page,,,,,,,,,,,,,,,Re-use Day 3 - Team Comp 1 as Day 4 - Team Comp 1,A Group,,,,,,,,,,4 Attempts - 20 Races total,8,Go to Submit page,,,,,,,,,,,,,,,A Finals,13244,Re-use Day 4 - Team Comp 1 as Finals Team Comp,,,,,,,,,,https://drive.google.com/open?id=1NeZtMp7xzkJK9nLZEoQPRm7SdtO6qr1Z,3rd,No (goes to Submit page),,,,,,,,,,,,,,,,,,,
8/10/2026 8:36:42,thelaudown,Graded (No Uma Restrictions),Get into A finals,I accept these terms,Day 1,Android - phone or tablet,$101-500,899,6-10 (roughly 1 per day),YouTube - MooMooCows - https://www.youtube.com/@MooMooCows,4,,Gold City,Late Surger,Ace built for this CM before CM start in Grand Concert scenario,2,1,0,0,2,1,0,Symboli Rudolf,Late Surger,Debuffer,1,1,0,0,3,1,0,Nice Nature,Late Surger,Debuffer,1,1,0,0,3,1,0,4 Attempts - 20 Races total,8,Day 2,,,,,,,,,,,,,,Re-use Day 1 - Team Comp 1 as Day 2 - Team Comp 1,,,,,,,,,,3 Attempts - 15 Races total,7,Go to Submit page,,,,,,,,,,,,,,,,,,,,,,,,,,,,,,,,,,,,,,,,,,,,,,,,,,,,,,,,,,,,,,,,,,,,,,,,,,,,,,,,,,,,,,,,,,,,,,,,,,,,,,,,
8/14/2026 9:57:17,Lorli,Graded (No Uma Restrictions),Win A finals with any uma,I accept these terms,Finals,Android - phone or tablet,$0,2512,46+ (more than 6 per day),Discord - MooMooCord - https://discord.gg/Hc7cP9GB,5,,Oguri Cap (Christmas),Pace Chaser,Ace built for this CM before CM start in Grand Concert scenario,2,1,0,0,2,1,0,Super Creek (Halloween),Late Surger,Debuffer,,,,,,,,Nice Nature,Late Surger,Debuffer,,,,,,,,4 Attempts - 20 Races total,13,Go to Submit page,,,,,,,,,,,,,,Add new Team Comp as Day 2 - Team Comp 1,Oguri Cap (Christmas),Pace Chaser,Ace built for this CM before CM start in Grand Concert scenario,Nice Nature,Late Surger,Debuffer,Grass Wonder,Late Surger,Debuffer,4 Attempts - 20 Races total,20,Go to Submit page,,,,,,,,,,,,,,,Re-use Day 2 - Team Comp 1 as Day 3 - Team Comp 1,A Group,,,,,,,,,,4 Attempts - 20 Races total,18,Go to Submit page,,,,,,,,,,,,,,,Re-use Day 3 - Team Comp 1 as Day 4 - Team Comp 1,A Group,,,,,,,,,,4 Attempts - 20 Races total,17,Go to Submit page,,,,,,,,,,,,,,,A Finals,13108,Re-use Day 4 - Team Comp 1 as Finals Team Comp,,,,,,,,,,https://drive.google.com/open?id=1iDM4gSTQoOq0yT2XfCesiQOF31wuXTzf,1st,,,,,,,,,,,,https://drive.google.com/open?id=1KDjKhc5bUSHpitvsylOpqKb-ID8lNzWA,https://drive.google.com/open?id=1iHsf6D_2nfOSq3mezIpXGi5jnLb8b8BY,,0,10,0,1,3,https://drive.google.com/open?id=1G2lta3LaA9Aww7pB8JknQio2a2dTYF53
8/14/2026 6:36:13,Nepped Hazama,Graded (No Uma Restrictions),Win A finals with any uma,I accept these terms,Finals,"Android - phone or tablet, Windows",$101-500,649,11-20 (roughly 2-3 per day),Discord - MooMooCord - https://discord.gg/Hc7cP9GB,5,,Oguri Cap (Christmas),Pace Chaser,Ace built for this CM before CM start in Grand Concert scenario,2,1,,,2,1,,Nice Nature,Late Surger,Debuffer,,1,,1,4,,,Mayano Top Gun (Wedding),Late Surger,Debuffer,,1,,1,4,,,4 Attempts - 20 Races total,15,Day 2,,,,,,,,,,,,,,Re-use Day 1 - Team Comp 1 as Day 2 - Team Comp 1,,,,,,,,,,4 Attempts - 20 Races total,16,Go to Submit page,,,,,,,,,,,,,,,Add new Team Comp as Day 3 - Team Comp 1,A Group,Oguri Cap (Christmas),Pace Chaser,Ace built for this CM before CM start in Grand Concert scenario,Agnes Tachyon,Late Surger,Debuffer,Grass Wonder,Late Surger,Debuffer,4 Attempts - 20 Races total,13,Go to Submit page,,,,,,,,,,,,,,,Re-use Day 3 - Team Comp 1 as Day 4 - Team Comp 1,A Group,,,,,,,,,,4 Attempts - 20 Races total,14,Go to Submit page,,,,,,,,,,,,,,,A Finals,10601,Re-use Day 4 - Team Comp 1 as Finals Team Comp,,,,,,,,,,https://drive.google.com/open?id=1MeSFUTTZ6uS1uB1iF7QsOjqPyNQMCRTc,1st,,,,,,,,,,,Simply hit and win. It's that easy!,https://drive.google.com/open?id=1xzyxTfOl3Dmzcl7pd1oGnlQwS459MxSp,https://drive.google.com/open?id=1lWUdH_JvWDNuWucPjtZn78W9VWYOAWzx,,,17,,,,https://drive.google.com/open?id=1BMHw7d-mfxcnMpnpayukroi_hCjzq92U
8/10/2026 8:56:56,Sedah V.,Graded (No Uma Restrictions),Get into A finals,I accept these terms,Day 2,Android - phone or tablet,$1-100,1236,31-45 (roughly 5-6 per day),Discord - MooMooCord - https://discord.gg/Hc7cP9GB,4,,,,,,,,,,,,,,,,,,,,,,,,,,,,,,,,,,,,,,,,,,,,,,,,Re-use Day 1 - Team Comp 1 as Day 2 - Team Comp 1,,,,,,,,,,4 Attempts - 20 Races total,15,Go to Submit page,,,,,,,,,,,,,,,,,,,,,,,,,,,,,,,,,,,,,,,,,,,,,,,,,,,,,,,,,,,,,,,,,,,,,,,,,,,,,,,,,,,,,,,,,,,,,,,,,,,,,,,,
8/14/2026 11:22:22,Xeneth,Graded (No Uma Restrictions),"Win A finals with ""oshi"" uma",I accept these terms,Finals,"iOS - phone or tablet, Windows",$501-1000,1205,11-20 (roughly 2-3 per day),YouTube - MooMooCows - https://www.youtube.com/@MooMooCows,5,,Mayano Top Gun (Wedding),Late Surger,Ace built for this CM before CM start in Grand Concert scenario,2,1,,,2,,,Grass Wonder,Front Runner,Debuffer,3,1,1,,1,,,Nice Nature,Late Surger,Debuffer,1,2,,,3,,,4 Attempts - 20 Races total,14,Day 2,,,,,,,,,,,,,,Re-use Day 1 - Team Comp 1 as Day 2 - Team Comp 1,,,,,,,,,,4 Attempts - 20 Races total,17,Go to Submit page,,,,,,,,,,,,,,,Re-use Day 2 - Team Comp 1 as Day 3 - Team Comp 1,A Group,,,,,,,,,,4 Attempts - 20 Races total,10,Day 4,,,,,,,,,,,,,,,Re-use Day 3 - Team Comp 1 as Day 4 - Team Comp 1,A Group,,,,,,,,,,4 Attempts - 20 Races total,12,Go to Submit page,,,,,,,,,,,,,,,A Finals,8400,Re-use Day 4 - Team Comp 1 as Finals Team Comp,,,,,,,,,,https://drive.google.com/open?id=1lw2JAowz1aBx4yASrII2l0HrZuJz7rPY,1st,,,,,,,,,,,,https://drive.google.com/open?id=1113XDAf5G7IqEA19kC4h9yteewcz9jJX,https://drive.google.com/open?id=1Mni9Yt2xUNmnuq3ngoAXPUJqeBFJUcyK,,,7,2,,1,https://drive.google.com/open?id=1Oernzh9FPAuI37jd2gcih3x20LsRy_SV
8/10/2026 9:04:20,Vitoryn,Graded (No Uma Restrictions),Get into A finals,I accept these terms,Day 1,Windows,$101-500,844,21-30 (roughly 3-4 per day),Discord - MooMooCord - https://discord.gg/Hc7cP9GB,4,"Make it so i can save a uma from another day to a new team comp, as i just changed 1 uma. ",Oguri Cap,Late Surger,Ace built for this CM before CM start in Grand Concert scenario,2,1,0,0,2,1,0,Nice Nature,Late Surger,Debuffer,2,1,1,0,1,1,,El Condor Pasa,Pace Chaser,"I forgor to make the debuf, i just had one, so this was to fill the slot. ",,,,,,,,1 Attempt - 5 Races total,1,Day 2,,,,,,,,,,,,,,Add new Team Comp as Day 2 - Team Comp 1,Oguri Cap,Late Surger,Ace built for this CM before CM start in Grand Concert scenario,Nice Nature,Late Surger,Debuffer,Symboli Rudolf,Late Surger,Debuffer,3 Attempts - 15 Races total,10,Go to Submit page,,,,,,,,,,,,,,,,,,,,,,,,,,,,,,,,,,,,,,,,,,,,,,,,,,,,,,,,,,,,,,,,,,,,,,,,,,,,,,,,,,,,,,,,,,,,,,,,,,,,,,,,
8/14/2026 6:40:16,Magicannon,Graded (No Uma Restrictions),Get into B finals,I accept these terms,Finals,"Android - phone or tablet, Windows",$101-500,673,6-10 (roughly 1 per day),Reddit - /r/umamusumeGame,5,,Oguri Cap (Christmas),Pace Chaser,Ace built for this CM before CM start in Grand Concert scenario,3,0,1,0,1,1,0,Agnes Digital,Late Surger,Ace built for this CM before CM start in Grand Concert scenario,2,1,0,0,2,1,0,Grass Wonder,Late Surger,Debuffer,1,1,1,,3,0,0,3 Attempts - 15 Races total,9,Day 2,,,,,,,,,,,,,,Re-use Day 1 - Team Comp 1 as Day 2 - Team Comp 1,,,,,,,,,,3 Attempts - 15 Races total,10,Go to Submit page,,,,,,,,,,,,,,,Re-use Day 2 - Team Comp 1 as Day 3 - Team Comp 1,A Group,,,,,,,,,,4 Attempts - 20 Races total,9,Go to Submit page,,,,,,,,,,,,,,,Re-use Day 3 - Team Comp 1 as Day 4 - Team Comp 1,A Group,,,,,,,,,,4 Attempts - 20 Races total,11,Go to Submit page,,,,,,,,,,,,,,,A Finals,7346,Re-use Day 4 - Team Comp 1 as Finals Team Comp,,,,,,,,,,https://drive.google.com/open?id=17gn-rmBACpfecxlqLqbn8mWt19-ogsej,1st,,,,,,,,,,,Digi secretly making me look ok at dirt somehow is probably one of her doujins she's writing.,https://drive.google.com/open?id=1CiQGEvxRL2sIoIIOPV5eXCxxmLweU3vm,https://drive.google.com/open?id=1jmULOD0jONlqo6rPiawVSBzpBX0v87t7,,,11,2,,3,https://drive.google.com/open?id=1dJ4BFPdgNtUgHV-kCupD4dhCmCE28050
8/15/2026 1:02:58,Dion,Graded (No Uma Restrictions),Win A finals with any uma,I accept these terms,Finals,"iOS - phone or tablet, Windows",$0,1450,11-20 (roughly 2-3 per day),Discord - MooMooCord - https://discord.gg/Hc7cP9GB,,,Oguri Cap (Christmas),Pace Chaser,Ace built for this CM before CM start in Grand Concert scenario,3,,,,2,1,,Grass Wonder,End Closer,Debuffer,1,,1,,3,1,,Nice Nature,Late Surger,Debuffer,,1,1,,3,1,,4 Attempts - 20 Races total,15,Day 2,,,,,,,,,,,,,,Re-use Day 1 - Team Comp 1 as Day 2 - Team Comp 1,,,,,,,,,,4 Attempts - 20 Races total,19,Go to Submit page,,,,,,,,,,,,,,,Re-use Day 2 - Team Comp 1 as Day 3 - Team Comp 1,A Group,,,,,,,,,,4 Attempts - 20 Races total,15,Go to Submit page,,,,,,,,,,,,,,,Re-use Day 3 - Team Comp 1 as Day 4 - Team Comp 1,A Group,,,,,,,,,,4 Attempts - 20 Races total,15,Go to Submit page,,,,,,,,,,,,,,,A Finals,14718,Add new Team Comp as Finals Team Comp,Oguri Cap (Christmas),Pace Chaser,Ace built for this CM before CM start in Grand Concert scenario,Grass Wonder,End Closer,Debuffer,Eishin Flash (Valentine),End Closer,Debuffer,https://drive.google.com/open?id=1hHDkjvfD7t6ouKh70GinX7uNeGBIhJN8,1st,,,,,,,,,,,,https://drive.google.com/open?id=1lyikFmx9fMSnIpivGsEcXpTN3U8l_vZS,https://drive.google.com/open?id=157imM6mKBixTcSjN4WnYpPDTfjYkL1Z7,,,12,3,,,https://drive.google.com/open?id=1CksQpkfelF0Uj_Ng4nb4_1Y6NBEuTSjl
8/14/2026 5:30:04,Aoi,Graded (No Uma Restrictions),Collect participation rewards,I accept these terms,Finals,Android - phone or tablet,$501-1000,1004,11-20 (roughly 2-3 per day),Discord - MooMooCord - https://discord.gg/Hc7cP9GB,4,,Inari One,End Closer,Ace built for this CM before CM start in Grand Concert scenario,2,1,,,2,1,,Oguri Cap (Christmas),Pace Chaser,Ace built for this CM before CM start in Grand Concert scenario,2,1,,,2,1,,Agnes Digital,Late Surger,Ace built for this CM before CM start in Grand Concert scenario,2,1,,,2,1,,3 Attempts - 15 Races total,9,Day 2,,,,,,,,,,,,,,Re-use Day 1 - Team Comp 1 as Day 2 - Team Comp 1,,,,,,,,,,3 Attempts - 15 Races total,12,Go to Submit page,,,,,,,,,,,,,,,Re-use Day 2 - Team Comp 1 as Day 3 - Team Comp 1,A Group,,,,,,,,,,3 Attempts - 15 Races total,7,Go to Submit page,,,,,,,,,,,,,,,Re-use Day 3 - Team Comp 1 as Day 4 - Team Comp 1,A Group,,,,,,,,,,3 Attempts - 15 Races total,5,Go to Submit page,,,,,,,,,,,,,,,A Finals,11396,Re-use Day 4 - Team Comp 1 as Finals Team Comp,,,,,,,,,,https://drive.google.com/open?id=1xaJVx6-e6py7zhdRRYDXtAbGnP-EwG6Y,2nd,No (goes to Submit page),,,,,,,,,,,,,,,,,,,
8/14/2026 5:40:17,giantsoybean,Graded (No Uma Restrictions),Win A finals with any uma,I accept these terms,Finals,Windows,$1-100,1458,21-30 (roughly 3-4 per day),Discord - MooMooCord - https://discord.gg/Hc7cP9GB,5,,Oguri Cap,Pace Chaser,Ace built for this CM before CM start in Grand Concert scenario,2,0,1,0,2,1,0,Grass Wonder,End Closer,Debuffer,1,0,1,0,3,1,0,Agnes Tachyon,End Closer,Debuffer,1,0,1,0,3,1,0,4 Attempts - 20 Races total,17,Day 2,,,,,,,,,,,,,,Re-use Day 1 - Team Comp 1 as Day 2 - Team Comp 1,,,,,,,,,,4 Attempts - 20 Races total,19,Go to Submit page,,,,,,,,,,,,,,,Re-use Day 2 - Team Comp 1 as Day 3 - Team Comp 1,A Group,,,,,,,,,,4 Attempts - 20 Races total,20,Day 4,,,,,,,,,,,,,,,Re-use Day 3 - Team Comp 1 as Day 4 - Team Comp 1,A Group,,,,,,,,,,4 Attempts - 20 Races total,18,Go to Submit page,,,,,,,,,,,,,,,A Finals,15179,Re-use Day 4 - Team Comp 1 as Finals Team Comp,,,,,,,,,,,2nd,No (goes to Submit page),,,,,,,,,,,,,,,,,,,
8/10/2026 9:35:17,PhongKypav,Graded (No Uma Restrictions),Get into A finals,I accept these terms,Day 2,Windows,$0,1307,31-45 (roughly 5-6 per day),Discord - MooMooCord - https://discord.gg/Hc7cP9GB,5,,,,,,,,,,,,,,,,,,,,,,,,,,,,,,,,,,,,,,,,,,,,,,,,Add new Team Comp as Day 2 - Team Comp 1,Oguri Cap (Christmas),Pace Chaser,Ace built for this CM before CM start in Grand Concert scenario,Grass Wonder,Late Surger,Debuffer,Symboli Rudolf,Late Surger,Debuffer,3 Attempts - 15 Races total,9,Go to Submit page,,,,,,,,,,,,,,,,,,,,,,,,,,,,,,,,,,,,,,,,,,,,,,,,,,,,,,,,,,,,,,,,,,,,,,,,,,,,,,,,,,,,,,,,,,,,,,,,,,,,,,,,
8/14/2026 7:48:31,Soymanslacks,Graded (No Uma Restrictions),Win A finals with any uma,I accept these terms,Finals,"Android - phone or tablet, Windows",$1-100,879,21-30 (roughly 3-4 per day),YouTube - MooMooCows - https://www.youtube.com/@MooMooCows,5,,Silence Suzuka,Runaway,Blocker/Overtake target/Throwaway/Niche role,,,,,,,,Eishin Flash (Valentine),Late Surger,Debuffer,,,,,,,,Copano Rickey,Front Runner,Ace built for this CM before CM start in Grand Concert scenario,2,1,0,0,2,1,0,4 Attempts - 20 Races total,17,Day 2,,,,,,,,,,,,,,Re-use Day 1 - Team Comp 1 as Day 2 - Team Comp 1,,,,,,,,,,4 Attempts - 20 Races total,19,Go to Submit page,,,,,,,,,,,,,,,Re-use Day 2 - Team Comp 1 as Day 3 - Team Comp 1,A Group,,,,,,,,,,4 Attempts - 20 Races total,13,Go to Submit page,,,,,,,,,,,,,,,Re-use Day 3 - Team Comp 1 as Day 4 - Team Comp 1,A Group,,,,,,,,,,4 Attempts - 20 Races total,17,Go to Submit page,,,,,,,,,,,,,,,A Finals,13443,Re-use Day 4 - Team Comp 1 as Finals Team Comp,,,,,,,,,,https://drive.google.com/open?id=1YTWL3jqwcx-r1U8_M9-QWwjt0kQYEwSB,1st,,,,,,,,,,,Who needs recoveries anyway,https://drive.google.com/open?id=1tryr5wRex8xempBZ0QKupA5w-YB9UtvP,https://drive.google.com/open?id=1UGjKswkGiAkhYwUTyJTBSXu_RB3V65uz,,,3,,2,2,https://drive.google.com/open?id=1-aNJ1_QGucfU4MpJA2n2gr_q-FiuI1US
8/14/2026 5:36:25,ByeBye,Graded (No Uma Restrictions),Get into A finals,I accept these terms,Finals,Android - phone or tablet,$101-500,1150,11-20 (roughly 2-3 per day),Discord - MooMooCord - https://discord.gg/Hc7cP9GB,5,Add ,Copano Rickey,Front Runner,Ace built for this CM before CM start in Grand Concert scenario,3,1,0,0,1,1,0,Smart Falcon,Front Runner,Ace built for this CM before CM start in Grand Concert scenario,2,1,0,0,2,1,0,Oguri Cap (Christmas),Pace Chaser,Ace built for this CM before CM start in Grand Concert scenario,2,0,1,0,2,1,0,4 Attempts - 20 Races total,18,Day 2,,,,,,,,,,,,,,Re-use Day 1 - Team Comp 1 as Day 2 - Team Comp 1,,,,,,,,,,4 Attempts - 20 Races total,18,Go to Submit page,,,,,,,,,,,,,,,Re-use Day 2 - Team Comp 1 as Day 3 - Team Comp 1,A Group,,,,,,,,,,4 Attempts - 20 Races total,19,Day 4,,,,,,,,,,,,,,,Re-use Day 3 - Team Comp 1 as Day 4 - Team Comp 1,A Group,,,,,,,,,,4 Attempts - 20 Races total,19,Go to Submit page,,,,,,,,,,,,,,,A Finals,11049,Add new Team Comp as Finals Team Comp,Copano Rickey,Front Runner,Ace built for this CM before CM start in Grand Concert scenario,Symboli Rudolf,Late Surger,Hybrid (ace + debuffer),Grass Wonder,Late Surger,Hybrid (ace + debuffer),https://drive.google.com/open?id=1YCZ8N5RGPHGvXdHl0k7CnnIEUkGNBXWg,1st,,,,,,,,,,,"Rickey happy, super lucky",https://drive.google.com/open?id=1kY1HlPPGJTHSkAqxlkoiiHbiffaXtbIp,https://drive.google.com/open?id=1lfaiccFvEwvjEdd5pvyRnVZvTinHXIjW,,,16,,,,https://drive.google.com/open?id=10sclFLXYyUPBWIt_oH63V4staGoTp_3r
8/10/2026 10:13:31,M4927,Graded (No Uma Restrictions),"Win A finals with ""oshi"" uma",I accept these terms,Day 2,Android - phone or tablet,$1-100,,21-30 (roughly 3-4 per day),Rather not say,,,,,,,,,,,,,,,,,,,,,,,,,,,,,,,,,,,,,,,,,,,,,,,,,Add new Team Comp as Day 2 - Team Comp 1,Satono Diamond,Late Surger,Ace built for this CM before CM start in Grand Concert scenario,Nice Nature,Late Surger,Debuffer,Agnes Tachyon,Pace Chaser,Debuffer,4 Attempts - 20 Races total,16,Go to Submit page,,,,,,,,,,,,,,,,,,,,,,,,,,,,,,,,,,,,,,,,,,,,,,,,,,,,,,,,,,,,,,,,,,,,,,,,,,,,,,,,,,,,,,,,,,,,,,,,,,,,,,,,
8/14/2026 21:48:16,hirezo@MMC,Graded (No Uma Restrictions),Get into A finals,I accept these terms,Finals,"Android - phone or tablet, Windows",$0,329,11-20 (roughly 2-3 per day),Discord - MooMooCord - https://discord.gg/Hc7cP9GB,5,,Oguri Cap (Christmas),Pace Chaser,Ace built for this CM before CM start in Grand Concert scenario,2,,1,,2,1,,Grass Wonder,Late Surger,Hybrid (ace + debuffer),1,,,,4,1,,Agnes Tachyon,Late Surger,Debuffer,1,,,,5,,,4 Attempts - 20 Races total,12,Go to Submit page,,,,,,,,,,,,,,Re-use Day 1 - Team Comp 1 as Day 2 - Team Comp 1,,,,,,,,,,4 Attempts - 20 Races total,15,Go to Submit page,,,,,,,,,,,,,,,Re-use Day 2 - Team Comp 1 as Day 3 - Team Comp 1,A Group,,,,,,,,,,4 Attempts - 20 Races total,9,Go to Submit page,,,,,,,,,,,,,,,Re-use Day 3 - Team Comp 1 as Day 4 - Team Comp 1,A Group,,,,,,,,,,4 Attempts - 20 Races total,10,Go to Submit page,,,,,,,,,,,,,,,A Finals,9157,Re-use Day 4 - Team Comp 1 as Finals Team Comp,,,,,,,,,,https://drive.google.com/open?id=1TNn9WCyYk2btZBSZSi9Y0tVI1UAhZHNq,2nd,No (goes to Submit page),,,,,,,,,,,,,,,,,,,
8/14/2026 5:15:12,MustachedMadman,Graded (No Uma Restrictions),Win A finals with any uma,I accept these terms,Day 1,iOS - phone or tablet,$0,1091,11-20 (roughly 2-3 per day),YouTube - MooMooCows - https://www.youtube.com/@MooMooCows,5,,Oguri Cap (Christmas),Pace Chaser,Ace built for this CM before CM start in Grand Concert scenario,2,1,0,0,2,1,,Mayano Top Gun (Wedding),Late Surger,Debuffer,,,,,6,,,Nice Nature,Late Surger,Debuffer,,,,,6,,,4 Attempts - 20 Races total,18,Day 2,,,,,,,,,,,,,,Add new Team Comp as Day 2 - Team Comp 1,Oguri Cap (Christmas),Pace Chaser,Ace built for this CM before CM start in Grand Concert scenario,Grass Wonder,End Closer,Debuffer,Eishin Flash (Valentine),End Closer,Debuffer,4 Attempts - 20 Races total,17,Day 3,,,,,,,,,,,,,,,Re-use Day 2 - Team Comp 1 as Day 3 - Team Comp 1,A Group,,,,,,,,,,4 Attempts - 20 Races total,17,Day 4,,,,,,,,,,,,,,,Re-use Day 3 - Team Comp 1 as Day 4 - Team Comp 1,A Group,,,,,,,,,,4 Attempts - 20 Races total,16,Finals,,,,,,,,,,,,,,,A Finals,10907,Re-use Day 4 - Team Comp 1 as Finals Team Comp,,,,,,,,,,https://drive.google.com/open?id=1mK4fHdA7354vDpIN5vVhWBZywDQX08d2,1st,,,,,,,,,,,,https://drive.google.com/open?id=1r1MY81RlNIt2A1VZXuu3INYLzRK89kG6,https://drive.google.com/open?id=1GBrOXVlpHB7yKmvA5YGT_54JMlEK1ZcT,,2,3,,,1,https://drive.google.com/open?id=18OohbAkl0YxldpjzM4zGWLtn3OAR9o4A
8/10/2026 11:05:38,confound,Graded (No Uma Restrictions),"Win A finals with ""oshi"" uma",I accept these terms,Day 2,Android - phone or tablet,$1-100,1191,31-45 (roughly 5-6 per day),Discord - MooMooCord - https://discord.gg/Hc7cP9GB,5,,,,,,,,,,,,,,,,,,,,,,,,,,,,,,,,,,,,,,,,,,,,,,,,Re-use Day 1 - Team Comp 1 as Day 2 - Team Comp 1,,,,,,,,,,4 Attempts - 20 Races total,10,Go to Submit page,,,,,,,,,,,,,,,,,,,,,,,,,,,,,,,,,,,,,,,,,,,,,,,,,,,,,,,,,,,,,,,,,,,,,,,,,,,,,,,,,,,,,,,,,,,,,,,,,,,,,,,,
8/14/2026 11:26:05,shiblu,Graded (No Uma Restrictions),Get into A finals,I accept these terms,Finals,"Android - phone or tablet, Windows",$0,1051,21-30 (roughly 3-4 per day),Discord - MooMooCord - https://discord.gg/Hc7cP9GB,5,,Oguri Cap (Christmas),Pace Chaser,Ace built for this CM before CM start in Grand Concert scenario,3,,,,2,1,,Agnes Tachyon,Late Surger,Debuffer,,,,,,,,Grass Wonder,Late Surger,Debuffer,,,,,,,,4 Attempts - 20 Races total,7,Day 2,,,,,,,,,,,,,,Re-use Day 1 - Team Comp 1 as Day 2 - Team Comp 1,,,,,,,,,,4 Attempts - 20 Races total,8,Go to Submit page,,,,,,,,,,,,,,,Re-use Day 2 - Team Comp 1 as Day 3 - Team Comp 1,A Group,,,,,,,,,,4 Attempts - 20 Races total,10,Go to Submit page,,,,,,,,,,,,,,,Re-use Day 3 - Team Comp 1 as Day 4 - Team Comp 1,A Group,,,,,,,,,,4 Attempts - 20 Races total,11,Finals,,,,,,,,,,,,,,,A Finals,10662,Re-use Day 4 - Team Comp 1 as Finals Team Comp,,,,,,,,,,https://drive.google.com/open?id=1_n9HJmZRt99yrXnymmcI5exoz41Q0noA,2nd,No (goes to Submit page),,,,,,,,,,,,,,,,,,,
8/12/2026 13:22:56,Sui,Graded (No Uma Restrictions),Win A finals with any uma,I accept these terms,Day 4,Android - phone or tablet,$1-100,,46+ (more than 6 per day),Rather not say,,,Oguri Cap (Christmas),Pace Chaser,Ace built for this CM before CM start in Grand Concert scenario,,,,,,,,Super Creek (Halloween),Late Surger,Debuffer,,,,,,,,Mayano Top Gun (Wedding),Late Surger,Debuffer,,,,,,,,4 Attempts - 20 Races total,16,Day 2,,,,,,,,,,,,,,Re-use Day 1 - Team Comp 1 as Day 2 - Team Comp 1,,,,,,,,,,4 Attempts - 20 Races total,16,Go to Submit page,,,,,,,,,,,,,,,Re-use Day 2 - Team Comp 1 as Day 3 - Team Comp 1,A Group,,,,,,,,,,4 Attempts - 20 Races total,14,Go to Submit page,,,,,,,,,,,,,,,Re-use Day 3 - Team Comp 1 as Day 4 - Team Comp 1,A Group,,,,,,,,,,4 Attempts - 20 Races total,15,Go to Submit page,,,,,,,,,,,,,,,,,,,,,,,,,,,,,,,,,,,,,,,,,,,,,,,,
8/14/2026 5:31:58,KrulTigerz,Graded (No Uma Restrictions),Get into A finals,I accept these terms,Finals,Windows,$101-500,1697,31-45 (roughly 5-6 per day),Discord - MooMooCord - https://discord.gg/Hc7cP9GB,5,,Copano Rickey,Pace Chaser,Ace built for this CM before CM start in Grand Concert scenario,3,1,,,1,1,,Nice Nature (Cheerleader),Late Surger,Debuffer,1,,1,,4,,,Grass Wonder,Late Surger,Debuffer,1,,,,5,,,4 Attempts - 20 Races total,17,Day 2,,,,,,,,,,,,,,Re-use Day 1 - Team Comp 1 as Day 2 - Team Comp 1,,,,,,,,,,4 Attempts - 20 Races total,19,Go to Submit page,,,,,,,,,,,,,,,Re-use Day 2 - Team Comp 1 as Day 3 - Team Comp 1,A Group,,,,,,,,,,4 Attempts - 20 Races total,13,Day 4,,,,,,,,,,,,,,,Re-use Day 3 - Team Comp 1 as Day 4 - Team Comp 1,A Group,,,,,,,,,,4 Attempts - 20 Races total,15,Go to Submit page,,,,,,,,,,,,,,,A Finals,9098,Re-use Day 4 - Team Comp 1 as Finals Team Comp,,,,,,,,,,https://drive.google.com/open?id=16BGcZYmH97q-SFNU3eGnzOZrVgogBnWr,1st,,,,,,,,,,,,https://drive.google.com/open?id=1TunnxjiZB32lqTzia7O7q7qV-ivGvqXn,https://drive.google.com/open?id=1H-YLKkKvV8_U6JNXzC9Th8YSHNX1XgSS,,,14,,,,https://drive.google.com/open?id=1M7LeFHwQgJIpQu3ATmcyrQa1K93Esid7
8/12/2026 9:17:14,lightchip,Graded (No Uma Restrictions),Win A finals with any uma,I accept these terms,Day 3,,$0,,,,,,Copano Rickey,Front Runner,Ace built for this CM before CM start in Grand Concert scenario,2,1,,,2,1,,Smart Falcon,Front Runner,Ace built for this CM before CM start in Grand Concert scenario,2,1,,,2,1,,Grass Wonder,Late Surger,Debuffer,,,,,,,,4 Attempts - 20 Races total,12,Go to Submit page,,,,,,,,,,,,,,Re-use Day 1 - Team Comp 1 as Day 2 - Team Comp 1,,,,,,,,,,4 Attempts - 20 Races total,14,Go to Submit page,,,,,,,,,,,,,,,Re-use Day 2 - Team Comp 1 as Day 3 - Team Comp 1,A Group,,,,,,,,,,4 Attempts - 20 Races total,11,Day 4,,,,,,,,,,,,,,,Re-use Day 3 - Team Comp 1 as Day 4 - Team Comp 1,A Group,,,,,,,,,,4 Attempts - 20 Races total,7,Go to Submit page,,,,,,,,,,,,,,,,,,,,,,,,,,,,,,,,,,,,,,,,,,,,,,,,
8/14/2026 5:59:28,Midnight,Graded (No Uma Restrictions),"Win A finals with ""oshi"" uma",I accept these terms,Finals,"Android - phone or tablet, Windows",$101-500,1913,46+ (more than 6 per day),Discord - MooMooCord - https://discord.gg/Hc7cP9GB,4,,Taiki Shuttle (Camping),Pace Chaser,Ace built for this CM before CM start in Grand Concert scenario,3,1,0,0,0,0,0,Mayano Top Gun (Wedding),End Closer,Hybrid (ace + debuffer),2,1,0,0,2,1,0,Nice Nature,Late Surger,Debuffer,0,0,2,0,3,1,0,4 Attempts - 20 Races total,12,Day 2,,,,,,,,,,,,,,Add new Team Comp as Day 2 - Team Comp 1,Taiki Shuttle (Camping),Pace Chaser,Ace built for this CM before CM start in Grand Concert scenario,Eishin Flash (Valentine),End Closer,Debuffer,Nice Nature (Cheerleader),Late Surger,Hybrid (ace + debuffer),4 Attempts - 20 Races total,20,Go to Submit page,,,,,,,,,,,,,,,Re-use Day 2 - Team Comp 1 as Day 3 - Team Comp 1,A Group,,,,,,,,,,4 Attempts - 20 Races total,13,Go to Submit page,,,,,,,,,,,,,,,Re-use Day 3 - Team Comp 1 as Day 4 - Team Comp 1,A Group,,,,,,,,,,4 Attempts - 20 Races total,13,Go to Submit page,,,,,,,,,,,,,,,A Finals,7255,Re-use Day 4 - Team Comp 1 as Finals Team Comp,,,,,,,,,,https://drive.google.com/open?id=1dIhc6mbsD-dtaJom2OklVDf5JQGOdfyO,1st,,,,,,,,,,,I hope I captured the essence of America with my Taiki this CM,https://drive.google.com/open?id=1pOPnd3yY4boTUMGQmzXuBL18n1qisBVz,https://drive.google.com/open?id=1BPOIL-BzyAi2ndRMxcVn42qmMuPAVENt,,4,6,2,0,0,https://drive.google.com/open?id=1BCGySq_BW1_wKm0JKvDBro9PiEkKk9ZP
8/12/2026 11:01:57,drodn007,Graded (No Uma Restrictions),Win A finals with any uma,I accept these terms,Day 4,Android - phone or tablet,$1-100,786,31-45 (roughly 5-6 per day),Twitch - MooMooCows - https://www.twitch.tv/moomoomoocows,4,,Oguri Cap (Christmas),Front Runner,Ace built for this CM before CM start in Grand Concert scenario,2,,,,2,0,,Nice Nature,Late Surger,Debuffer,2,,,,4,,,Grass Wonder,End Closer,Debuffer,2,,,,4,,,3 Attempts - 15 Races total,13,Day 2,,,,,,,,,,,,,,Add new Team Comp as Day 2 - Team Comp 1,Oguri Cap (Christmas),Pace Chaser,Ace built for this CM before CM start in Grand Concert scenario,Nice Nature,Late Surger,Debuffer,Mayano Top Gun (Wedding),End Closer,Debuffer,3 Attempts - 15 Races total,13,Go to Submit page,,,,,,,,,,,,,,,Add new Team Comp as Day 3 - Team Comp 1,A Group,Oguri Cap (Christmas),Pace Chaser,Ace built for this CM before CM start in Grand Concert scenario,Grass Wonder,End Closer,Debuffer,Eishin Flash (Valentine),End Closer,Debuffer,4 Attempts - 20 Races total,13,Go to Submit page,,,,,,,,,,,,,,,Re-use Day 3 - Team Comp 1 as Day 4 - Team Comp 1,A Group,,,,,,,,,,4 Attempts - 20 Races total,12,Go to Submit page,,,,,,,,,,,,,,,,,,,,,,,,,,,,,,,,,,,,,,,,,,,,,,,,
8/14/2026 7:22:33,✿･ﾟ bouquetd'or,Graded (No Uma Restrictions),"Win A finals with ""oshi"" uma",I accept these terms,Day 4,Android - phone or tablet,$101-500,1191,6-10 (roughly 1 per day),Discord - MooMooCord - https://discord.gg/Hc7cP9GB,3,,Agnes Digital,Late Surger,Ace built for this CM before CM start in Grand Concert scenario,2,1,0,0,2,1,0,Oguri Cap (Christmas),Pace Chaser,Ace built for this CM before CM start in Grand Concert scenario,2,1,0,0,2,1,0,Nice Nature,Late Surger,Debuffer,0,0,2,0,3,1,0,4 Attempts - 20 Races total,16,Day 2,,,,,,,,,,,,,,Re-use Day 1 - Team Comp 1 as Day 2 - Team Comp 1,,,,,,,,,,4 Attempts - 20 Races total,16,Go to Submit page,,,,,,,,,,,,,,,Re-use Day 2 - Team Comp 1 as Day 3 - Team Comp 1,A Group,,,,,,,,,,4 Attempts - 20 Races total,13,Go to Submit page,,,,,,,,,,,,,,,Re-use Day 3 - Team Comp 1 as Day 4 - Team Comp 1,A Group,,,,,,,,,,4 Attempts - 20 Races total,16,Finals,,,,,,,,,,,,,,,A Finals,,Re-use Day 4 - Team Comp 1 as Finals Team Comp,,,,,,,,,,,2nd,No (goes to Submit page),,,,,,,,,,,,,,,,,,,
8/13/2026 5:16:54,クッキー,Graded (No Uma Restrictions),"Win A finals with ""oshi"" uma",I accept these terms,Day 4,Windows,$101-500,1394,31-45 (roughly 5-6 per day),Discord - MooMooCord - https://discord.gg/Hc7cP9GB,,,Rice Shower (Halloween),Pace Chaser,Ace built for this CM before CM start in Grand Concert scenario,2,1,0,0,2,1,0,Agnes Tachyon,Pace Chaser,Debuffer,2,2,0,0,1,1,0,Grass Wonder,Late Surger,Debuffer,2,2,0,0,1,1,0,4 Attempts - 20 Races total,12,Go to Submit page,,,,,,,,,,,,,,Add new Team Comp as Day 2 - Team Comp 1,Rice Shower (Halloween),Pace Chaser,Ace built for this CM before CM start in Grand Concert scenario,Agnes Tachyon,Pace Chaser,Debuffer,Grass Wonder,Late Surger,Debuffer,4 Attempts - 20 Races total,13,Go to Submit page,,,,,,,,,,,,,,,Re-use Day 2 - Team Comp 1 as Day 3 - Team Comp 1,A Group,,,,,,,,,,4 Attempts - 20 Races total,10,Go to Submit page,,,,,,,,,,,,,,,Re-use Day 3 - Team Comp 1 as Day 4 - Team Comp 1,A Group,,,,,,,,,,4 Attempts - 20 Races total,12,Day 1,,,,,,,,,,,,,,,,,,,,,,,,,,,,,,,,,,,,,,,,,,,,,,,,
8/10/2026 11:32:43,Ryushi,Graded (No Uma Restrictions),Win A finals with any uma,I accept these terms,Day 1,Android - phone or tablet,$0,600,21-30 (roughly 3-4 per day),YouTube - MooMooCows - https://www.youtube.com/@MooMooCows,5,,Oguri Cap (Christmas),Pace Chaser,Ace built for this CM before CM start in Grand Concert scenario,2,1,,,2,1,,Grass Wonder,Late Surger,Ace built for this CM before CM start in Unity Cup scenario,1,1,1,,3,,,Agnes Tachyon,Late Surger,Ace built for this CM before CM start in Unity Cup scenario,1,1,1,,3,,,4 Attempts - 20 Races total,16,Day 2,,,,,,,,,,,,,,Re-use Day 1 - Team Comp 1 as Day 2 - Team Comp 1,,,,,,,,,,4 Attempts - 20 Races total,18,Go to Submit page,,,,,,,,,,,,,,,,,,,,,,,,,,,,,,,,,,,,,,,,,,,,,,,,,,,,,,,,,,,,,,,,,,,,,,,,,,,,,,,,,,,,,,,,,,,,,,,,,,,,,,,,
8/10/2026 15:10:07,HQM Conqueror,Graded (No Uma Restrictions),Win A finals with any uma,I accept these terms,Day 1,"Android - phone or tablet, Windows",$0,934,,YouTube - MooMooCows - https://www.youtube.com/@MooMooCows,4,,Oguri Cap (Christmas),Pace Chaser,Ace built for this CM before CM start in Grand Concert scenario,3,,,,2,1,,Nice Nature (Cheerleader),Late Surger,Debuffer,,,,,,,,Grass Wonder,Late Surger,Debuffer,,,,,,,,4 Attempts - 20 Races total,16,Day 2,,,,,,,,,,,,,,Re-use Day 1 - Team Comp 1 as Day 2 - Team Comp 1,,,,,,,,,,4 Attempts - 20 Races total,20,Go to Submit page,,,,,,,,,,,,,,,,,,,,,,,,,,,,,,,,,,,,,,,,,,,,,,,,,,,,,,,,,,,,,,,,,,,,,,,,,,,,,,,,,,,,,,,,,,,,,,,,,,,,,,,,
8/15/2026 0:26:15,xdash123,Graded (No Uma Restrictions),Win A finals with any uma,I accept these terms,Finals,Windows,$0,911,21-30 (roughly 3-4 per day),Discord - MooMooCord - https://discord.gg/Hc7cP9GB,5,,Oguri Cap (Christmas),Late Surger,Ace built for this CM before CM start in Grand Concert scenario,2,,1,,2,1,,Nice Nature,Late Surger,Debuffer,2,,1,,2,1,,Grass Wonder,Late Surger,Debuffer,1,,,,4,1,,4 Attempts - 20 Races total,11,Day 2,,,,,,,,,,,,,,Re-use Day 1 - Team Comp 1 as Day 2 - Team Comp 1,,,,,,,,,,4 Attempts - 20 Races total,10,Go to Submit page,,,,,,,,,,,,,,,Re-use Day 2 - Team Comp 1 as Day 3 - Team Comp 1,A Group,,,,,,,,,,4 Attempts - 20 Races total,9,Go to Submit page,,,,,,,,,,,,,,,Re-use Day 3 - Team Comp 1 as Day 4 - Team Comp 1,A Group,,,,,,,,,,4 Attempts - 20 Races total,7,Go to Submit page,,,,,,,,,,,,,,,A Finals,10441,Re-use Day 4 - Team Comp 1 as Finals Team Comp,,,,,,,,,,https://drive.google.com/open?id=1xwvF7QCr4UIfVdUWN82u20a9VMuHbULL,2nd,Yes,https://drive.google.com/open?id=1bcy6tV-qXYebr_cbZALIdiXInIhMjhA9,https://drive.google.com/open?id=14GRks7ARpGtrkwA9aOH3i4CwI18-tRGH,,,9,,9,,https://drive.google.com/open?id=1S_m_czEP6GAPRcNu4TiYOG-W0qT0F0SK,,,,,,,,,,
8/14/2026 12:59:47,Peanut,Graded (No Uma Restrictions),"Win A finals with ""oshi"" uma",I accept these terms,Day 3,"Android - phone or tablet, Windows",$5000+,1463,21-30 (roughly 3-4 per day),YouTube - MooMooCows - https://www.youtube.com/@MooMooCows,5,All ok. Nasi Lemak best food.,Copano Rickey,Late Surger,Ace built for this CM before CM start in Grand Concert scenario,2,1,,,2,1,,Oguri Cap (Christmas),Pace Chaser,Ace built for this CM before CM start in Grand Concert scenario,2,1,,,2,1,,Yukino Bijin,Pace Chaser,Ace built for this CM before CM start in Grand Concert scenario,2,1,,,2,1,,4 Attempts - 20 Races total,15,Go to Submit page,,,,,,,,,,,,,,Re-use Day 1 - Team Comp 1 as Day 2 - Team Comp 1,,,,,,,,,,4 Attempts - 20 Races total,18,Day 1,,,,,,,,,,,,,,,Re-use Day 2 - Team Comp 1 as Day 3 - Team Comp 1,A Group,,,,,,,,,,4 Attempts - 20 Races total,16,Go to Submit page,,,,,,,,,,,,,,,Re-use Day 3 - Team Comp 1 as Day 4 - Team Comp 1,A Group,,,,,,,,,,4 Attempts - 20 Races total,16,Go to Submit page,,,,,,,,,,,,,,,A Finals,8559,Re-use Day 4 - Team Comp 1 as Finals Team Comp,,,,,,,,,,https://drive.google.com/open?id=1sFyzxJFzLRU3iqHbuIfSrXhCaU5wwizP,1st,,,,,,,,,,,"Finals - 1st Place A Finals , Graded League - Copano Rickey - Say no to Debuffer Meta , its Cringe",https://drive.google.com/open?id=11A56FxBXA2Lm41Bn77GKu0sxJYKEzTq-,https://drive.google.com/open?id=1FOl7iBCX3VMfWbPtQj1w70AGXIojZlbi,https://drive.google.com/open?id=1sJV2U9gzTi1D4TEX01jiX12A_np0Z_-o,,3,10,,2,https://drive.google.com/open?id=1m-aW7aS4T6V9lFm2oXJfJsl2bSpwyIKf
8/14/2026 11:34:44,NovaBlythe,Graded (No Uma Restrictions),Win A finals with any uma,I accept these terms,Finals,Windows,$1-100,1635,46+ (more than 6 per day),"Discord - MooMooCord - https://discord.gg/Hc7cP9GB, Twitch - MooMooCows - https://www.twitch.tv/moomoomoocows, YouTube - MooMooCows - https://www.youtube.com/@MooMooCows",,,Oguri Cap (Christmas),Pace Chaser,Ace built for this CM before CM start in Grand Concert scenario,2,,1,,2,1,,Agnes Tachyon,Late Surger,Debuffer,1,1,,,4,,,Grass Wonder,Late Surger,Debuffer,1,1,,,4,,,4 Attempts - 20 Races total,18,Go to Submit page,,,,,,,,,,,,,,Re-use Day 1 - Team Comp 1 as Day 2 - Team Comp 1,,,,,,,,,,4 Attempts - 20 Races total,16,Go to Submit page,,,,,,,,,,,,,,,Re-use Day 2 - Team Comp 1 as Day 3 - Team Comp 1,A Group,,,,,,,,,,4 Attempts - 20 Races total,15,Go to Submit page,,,,,,,,,,,,,,,Re-use Day 3 - Team Comp 1 as Day 4 - Team Comp 1,A Group,,,,,,,,,,4 Attempts - 20 Races total,11,Go to Submit page,,,,,,,,,,,,,,,A Finals,10311,Re-use Day 4 - Team Comp 1 as Finals Team Comp,,,,,,,,,,https://drive.google.com/open?id=1tY5ZIsvmQrJIv92idkP8nEhM4a6DCc2f,1st,,,,,,,,,,,,,,,,,,,,
8/14/2026 5:14:24,SweeperZero,Graded (No Uma Restrictions),Get into A finals,I accept these terms,Finals,Windows,$1-100,,21-30 (roughly 3-4 per day),"Twitch - MooMooCows - https://www.twitch.tv/moomoomoocows, YouTube - MooMooCows - https://www.youtube.com/@MooMooCows",,,Oguri Cap (Christmas),Pace Chaser,Ace built for this CM before CM start in Grand Concert scenario,2,1,0,0,2,1,0,Nice Nature,Late Surger,Debuffer,3,1,0,0,2,0,0,Super Creek (Halloween),Pace Chaser,Debuffer,3,1,0,0,2,0,0,4 Attempts - 20 Races total,16,Day 2,,,,,,,,,,,,,,Re-use Day 1 - Team Comp 1 as Day 2 - Team Comp 1,,,,,,,,,,4 Attempts - 20 Races total,16,Go to Submit page,,,,,,,,,,,,,,,Add new Team Comp as Day 3 - Team Comp 1,A Group,Oguri Cap (Christmas),Pace Chaser,Ace built for this CM before CM start in Grand Concert scenario,Grass Wonder,Late Surger,Debuffer,Symboli Rudolf,Late Surger,Debuffer,4 Attempts - 20 Races total,15,Go to Submit page,,,,,,,,,,,,,,,Re-use Day 3 - Team Comp 1 as Day 4 - Team Comp 1,A Group,,,,,,,,,,4 Attempts - 20 Races total,15,Go to Submit page,,,,,,,,,,,,,,,A Finals,12089,Re-use Day 4 - Team Comp 1 as Finals Team Comp,,,,,,,,,,https://drive.google.com/open?id=1ILeRUpb80BnN70tSnZTc3YR0ahzk6Nu6,1st,,,,,,,,,,,,https://drive.google.com/open?id=1YvZmzpnRz9P23bYg-nqX4Ed-sZraf_-Q,https://drive.google.com/open?id=1QkduOc3jCCnCF4A3TUsSUmWkMZXVVv9A,,3,6,9,,,https://drive.google.com/open?id=1xrb80rkaAkC7UWFFouu_-TMy1xJCf3dz
8/12/2026 5:27:16,TurnOnTheAC,Graded (No Uma Restrictions),Win A finals with any uma,I accept these terms,Day 3,"iOS - phone or tablet, Windows",$1001-5000,1388,46+ (more than 6 per day),"Discord - MooMooCord - https://discord.gg/Hc7cP9GB, Twitch - MooMooCows - https://www.twitch.tv/moomoomoocows",5,,Oguri Cap (Christmas),Pace Chaser,Ace built for this CM before CM start in Grand Concert scenario,3,,,,2,2,,Mayano Top Gun (Wedding),Late Surger,Debuffer,2,2,,,2,,,Nice Nature,Late Surger,Debuffer,2,1,,,3,,,4 Attempts - 20 Races total,18,Day 2,,,,,,,,,,,,,,Re-use Day 1 - Team Comp 1 as Day 2 - Team Comp 1,,,,,,,,,,4 Attempts - 20 Races total,16,Day 3,,,,,,,,,,,,,,,Re-use Day 2 - Team Comp 1 as Day 3 - Team Comp 1,A Group,Oguri Cap (Christmas),Pace Chaser,Ace built for this CM before CM start in Grand Concert scenario,Agnes Tachyon,Late Surger,Debuffer,Grass Wonder,Late Surger,Debuffer,4 Attempts - 20 Races total,14,Day 4,,,,,,,,,,,,,,,Add a new Team Comp as Day 4 - Team Comp 1,A Group,Oguri Cap (Christmas),Pace Chaser,Ace built for this CM before CM start in Grand Concert scenario,Agnes Tachyon,Late Surger,Debuffer,Grass Wonder,Late Surger,Debuffer,4 Attempts - 20 Races total,13,Go to Submit page,,,,,,,,,,,,,,,,,,,,,,,,,,,,,,,,,,,,,,,,,,,,,,,,
8/12/2026 10:17:29,CatDrugs,Graded (No Uma Restrictions),Win A finals with any uma,I accept these terms,Day 3,Android - phone or tablet,Rather not say,899,11-20 (roughly 2-3 per day),Discord - MooMooCord - https://discord.gg/Hc7cP9GB,,,Oguri Cap (Christmas),Pace Chaser,Ace built for this CM before CM start in Grand Concert scenario,3,0,0,0,2,1,0,Nice Nature,Late Surger,Debuffer,0,1,2,0,3,0,0,Grass Wonder,Late Surger,Debuffer,0,1,2,0,4,0,0,4 Attempts - 20 Races total,14,Go to Submit page,,,,,,,,,,,,,,Re-use Day 1 - Team Comp 1 as Day 2 - Team Comp 1,,,,,,,,,,4 Attempts - 20 Races total,11,Day 3,,,,,,,,,,,,,,,Re-use Day 2 - Team Comp 1 as Day 3 - Team Comp 1,A Group,,,,,,,,,,4 Attempts - 20 Races total,8,Day 4,,,,,,,,,,,,,,,Re-use Day 3 - Team Comp 1 as Day 4 - Team Comp 1,A Group,,,,,,,,,,4 Attempts - 20 Races total,11,Go to Submit page,,,,,,,,,,,,,,,,,,,,,,,,,,,,,,,,,,,,,,,,,,,,,,,,
8/13/2026 0:13:01,Alexmaster,Graded (No Uma Restrictions),Get into A finals,I accept these terms,Day 4,Windows,$101-500,,21-30 (roughly 3-4 per day),Discord - MooMooCord - https://discord.gg/Hc7cP9GB,4,,Copano Rickey,Pace Chaser,Ace built for this CM before CM start in Grand Concert scenario,3,1,0,0,1,1,0,Nice Nature,Late Surger,Debuffer,2,1,1,,2,0,0,Grass Wonder,Late Surger,Debuffer,2,1,1,0,2,0,0,4 Attempts - 20 Races total,11,Day 2,,,,,,,,,,,,,,Re-use Day 1 - Team Comp 1 as Day 2 - Team Comp 1,,,,,,,,,,4 Attempts - 20 Races total,8,Go to Submit page,,,,,,,,,,,,,,,Re-use Day 2 - Team Comp 1 as Day 3 - Team Comp 1,A Group,,,,,,,,,,4 Attempts - 20 Races total,7,Go to Submit page,,,,,,,,,,,,,,,Re-use Day 3 - Team Comp 1 as Day 4 - Team Comp 1,A Group,,,,,,,,,,4 Attempts - 20 Races total,4,Go to Submit page,,,,,,,,,,,,,,,,,,,,,,,,,,,,,,,,,,,,,,,,,,,,,,,,
8/12/2026 12:26:34,WIzenWagon,Graded (No Uma Restrictions),Get into A finals,I accept these terms,Day 4,Android - phone or tablet,$101-500,625,11-20 (roughly 2-3 per day),Discord - MooMooCord - https://discord.gg/Hc7cP9GB,,,Oguri Cap (Christmas),Pace Chaser,Ace built for this CM before CM start in Grand Concert scenario,2,0,0,0,3,1,0,Nice Nature,Late Surger,Debuffer,0,0,1,1,3,1,0,Eishin Flash (Valentine),Late Surger,Debuffer,0,0,1,1,3,1,0,4 Attempts - 20 Races total,15,Day 2,,,,,,,,,,,,,,Re-use Day 1 - Team Comp 1 as Day 2 - Team Comp 1,,,,,,,,,,4 Attempts - 20 Races total,13,Go to Submit page,,,,,,,,,,,,,,,Re-use Day 2 - Team Comp 1 as Day 3 - Team Comp 1,A Group,,,,,,,,,,4 Attempts - 20 Races total,11,Go to Submit page,,,,,,,,,,,,,,,Re-use Day 3 - Team Comp 1 as Day 4 - Team Comp 1,A Group,,,,,,,,,,4 Attempts - 20 Races total,14,Go to Submit page,,,,,,,,,,,,,,,,,,,,,,,,,,,,,,,,,,,,,,,,,,,,,,,,
8/14/2026 10:58:21,x2Sunday,Graded (No Uma Restrictions),"Win A finals with ""oshi"" uma",I accept these terms,Finals,Android - phone or tablet,$1-100,1317,46+ (more than 6 per day),"Discord - MooMooCord - https://discord.gg/Hc7cP9GB, YouTube - MooMooCows - https://www.youtube.com/@MooMooCows",,,Mejiro McQueen (Anime Collab),Pace Chaser,Ace built for this CM before CM start in Grand Concert scenario,3,1,,,1,1,,Tamamo Cross,Late Surger,Ace built for this CM before CM start in Grand Concert scenario,3,1,,,1,1,,Hishi Amazon,End Closer,Ace built for this CM before CM start in Grand Concert scenario,3,1,,,1,1,,4 Attempts - 20 Races total,13,Go to Submit page,,,,,,,,,,,,,,Re-use Day 1 - Team Comp 1 as Day 2 - Team Comp 1,,,,,,,,,,4 Attempts - 20 Races total,16,Go to Submit page,,,,,,,,,,,,,,,Re-use Day 2 - Team Comp 1 as Day 3 - Team Comp 1,A Group,,,,,,,,,,4 Attempts - 20 Races total,9,Go to Submit page,,,,,,,,,,,,,,,Re-use Day 3 - Team Comp 1 as Day 4 - Team Comp 1,A Group,,,,,,,,,,4 Attempts - 20 Races total,12,Go to Submit page,,,,,,,,,,,,,,,A Finals,7577,Re-use Day 4 - Team Comp 1 as Finals Team Comp,,,,,,,,,,https://drive.google.com/open?id=1avFtCrIWHcNHlLeZNirA-MASDwo80Cm9,1st,,,,,,,,,,,HISHI AMAZON WITH THE BACK2BACK SPRINT TO DIRT CM VICTORY. SHE'S UNSTOPPABLE,https://drive.google.com/open?id=1hWu_oJH0V8_w_Nyief6dvN9PHLTgKJ2Z,https://drive.google.com/open?id=1qH5WTKNs4U1OeapJVaKvT8aNr2ligUV0,,2,6,6,,,https://drive.google.com/open?id=1tvs0ooRe8RTjZIpJ2xJiUCauOc4p1GyP
8/14/2026 16:30:52,neol,Graded (No Uma Restrictions),"Win A finals with ""oshi"" uma",I accept these terms,Day 2,Windows,$101-500,,,,,,Agnes Digital,End Closer,Ace built for this CM before CM start in Grand Concert scenario,3,0,0,0,2,1,0,Agnes Tachyon,Front Runner,Debuffer,1,0,0,2,3,0,0,Grass Wonder,Front Runner,Debuffer,1,0,0,2,3,0,0,4 Attempts - 20 Races total,14,Day 2,,,,,,,,,,,,,,Re-use Day 1 - Team Comp 1 as Day 2 - Team Comp 1,,,,,,,,,,4 Attempts - 20 Races total,15,Day 3,,,,,,,,,,,,,,,Re-use Day 2 - Team Comp 1 as Day 3 - Team Comp 1,A Group,,,,,,,,,,4 Attempts - 20 Races total,11,Day 4,,,,,,,,,,,,,,,Re-use Day 3 - Team Comp 1 as Day 4 - Team Comp 1,A Group,,,,,,,,,,4 Attempts - 20 Races total,15,Finals,,,,,,,,,,,,,,,A Finals,12268,Re-use Day 4 - Team Comp 1 as Finals Team Comp,,,,,,,,,,https://drive.google.com/open?id=1mRLc2cbhjoJAywko98R9qYVKOEvl82Ew,1st,,,,,,,,,,,i love this pink thing,https://drive.google.com/open?id=1kbiNbvzTqzFw96RMtHdwxrFuOEC0t2ld,https://drive.google.com/open?id=1SjiKKD4YXzCoHbDoPHNqbNohlvPt_DjT,,,,,,,
8/12/2026 9:28:43,Typhoon Carter,Graded (No Uma Restrictions),Win A finals with any uma,I accept these terms,Day 4,Windows,$1-100,1360,31-45 (roughly 5-6 per day),"Discord - MooMooCord - https://discord.gg/Hc7cP9GB, Reddit - /r/umamusumeGame",4,,Smart Falcon,Front Runner,Ace built for this CM before CM start in Grand Concert scenario,2,1,,,2,1,,Mayano Top Gun (Wedding),Front Runner,Ace built for this CM before CM start in Grand Concert scenario,2,1,,,2,1,,Copano Rickey,Pace Chaser,Ace built for this CM before CM start in Grand Concert scenario,3,1,,,1,1,,4 Attempts - 20 Races total,13,Day 2,,,,,,,,,,,,,,Re-use Day 1 - Team Comp 1 as Day 2 - Team Comp 1,,,,,,,,,,4 Attempts - 20 Races total,15,Go to Submit page,,,,,,,,,,,,,,,Re-use Day 2 - Team Comp 1 as Day 3 - Team Comp 1,A Group,,,,,,,,,,4 Attempts - 20 Races total,7,Go to Submit page,,,,,,,,,,,,,,,Re-use Day 3 - Team Comp 1 as Day 4 - Team Comp 1,A Group,,,,,,,,,,4 Attempts - 20 Races total,9,Go to Submit page,,,,,,,,,,,,,,,,,,,,,,,,,,,,,,,,,,,,,,,,,,,,,,,,
8/14/2026 9:44:44,xNatsumi,Graded (No Uma Restrictions),"Win A finals with ""oshi"" uma",I accept these terms,Day 3,Windows,$501-1000,851,21-30 (roughly 3-4 per day),Discord - MooMooCord - https://discord.gg/Hc7cP9GB,,,Gold City (Festival),Late Surger,Ace built for this CM before CM start in Grand Concert scenario,3,,,,2,1,,Oguri Cap (Christmas),Pace Chaser,Ace built for this CM before CM start in Grand Concert scenario,2,1,,,2,1,,Nice Nature,Late Surger,Ace built for this CM before CM start in Grand Concert scenario,2,,,,3,1,,4 Attempts - 20 Races total,16,Go to Submit page,,,,,,,,,,,,,,Add new Team Comp as Day 2 - Team Comp 1,Gold City (Festival),Late Surger,Ace built for this CM before CM start in Grand Concert scenario,Oguri Cap (Christmas),Pace Chaser,Ace built for this CM before CM start in Grand Concert scenario,Nice Nature,Late Surger,Debuffer,4 Attempts - 20 Races total,16,Day 1,,,,,,,,,,,,,,,Add new Team Comp as Day 3 - Team Comp 1,A Group,Gold City (Festival),Late Surger,Ace built for this CM before CM start in Grand Concert scenario,Oguri Cap (Christmas),Pace Chaser,Ace built for this CM before CM start in Grand Concert scenario,Grass Wonder,Late Surger,Debuffer,4 Attempts - 20 Races total,16,Day 4,,,,,,,,,,,,,,,Re-use Day 3 - Team Comp 2 as Day 4 - Team Comp 1,A Group,,,,,,,,,,4 Attempts - 20 Races total,12,Finals,,,,,,,,,,,,,,,A Finals,14999,Re-use Day 4 - Team Comp 2 as Finals Team Comp,,,,,,,,,,https://drive.google.com/open?id=1sRDgnkYb0jQ-eNsH4wlY-ZKaAgRGw0J9,1st,,,,,,,,,,,Yes,https://drive.google.com/open?id=1ukh7bUQCSy6ume8MBffVQDHCkahHTSeH,https://drive.google.com/open?id=1jsMUT-w-vXpLpev36ISI7HZ4Uu587ElK,https://drive.google.com/open?id=1LWDXTdvCLkY3apPnM8Crii4b5EghE442,2,12,,,,https://drive.google.com/open?id=1LGD5zEZOyAh1_kmX5PkBOqWkUwMXie2v
8/14/2026 8:22:29,Dragonbee,Graded (No Uma Restrictions),Get into A finals,I accept these terms,Finals,iOS - phone or tablet,$101-500,1233,11-20 (roughly 2-3 per day),Discord - MooMooCord - https://discord.gg/Hc7cP9GB,5,,Tamamo Cross,End Closer,Ace built for this CM before CM start in Grand Concert scenario,3,1,,,1,1,,T.M. Opera O,Pace Chaser,Ace built for this CM before CM start in Grand Concert scenario,3,1,,,1,1,,Copano Rickey,Pace Chaser,Ace built for this CM before CM start in Grand Concert scenario,3,1,,,1,1,,3 Attempts - 15 Races total,12,Day 2,,,,,,,,,,,,,,Re-use Day 1 - Team Comp 1 as Day 2 - Team Comp 1,,,,,,,,,,4 Attempts - 20 Races total,13,Go to Submit page,,,,,,,,,,,,,,,Re-use Day 2 - Team Comp 1 as Day 3 - Team Comp 1,A Group,,,,,,,,,,4 Attempts - 20 Races total,10,Go to Submit page,,,,,,,,,,,,,,,Re-use Day 3 - Team Comp 1 as Day 4 - Team Comp 1,A Group,,,,,,,,,,4 Attempts - 20 Races total,9,Go to Submit page,,,,,,,,,,,,,,,A Finals,13589,Re-use Day 4 - Team Comp 1 as Finals Team Comp,,,,,,,,,,https://drive.google.com/open?id=195nbAx5gAMRggx1TA30e0df07F7pFvIa,3rd,Yes,https://drive.google.com/open?id=1slQrs-VAfryYcKqk5KGX0ONAhqtGGG34,https://drive.google.com/open?id=1LZPgewMxBxc_KsrMpKGHOUeAByxgdSFK,,6,3,3,2,,https://drive.google.com/open?id=10soAI0YOSIRJrSmEeI_WqrfaObd2X81m,,,,,,,,,,
8/14/2026 12:59:16,Dawolfsam,Graded (No Uma Restrictions),"Win A finals with ""oshi"" uma",I accept these terms,Finals,"Android - phone or tablet, Windows",$0,1286,31-45 (roughly 5-6 per day),"Discord - MooMooCord - https://discord.gg/Hc7cP9GB, YouTube - MooMooCows - https://www.youtube.com/@MooMooCows",5,,Agnes Digital,End Closer,Ace built for this CM before CM start in Grand Concert scenario,2,1,,,2,1,,Symboli Rudolf,Front Runner,Debuffer,2,,1,,3,,,Nice Nature,Late Surger,Debuffer,3,,,,3,,,4 Attempts - 20 Races total,13,Go to Submit page,,,,,,,,,,,,,,Re-use Day 1 - Team Comp 1 as Day 2 - Team Comp 1,,,,,,,,,,4 Attempts - 20 Races total,19,Day 3,,,,,,,,,,,,,,,Add new Team Comp as Day 3 - Team Comp 1,A Group,Agnes Digital,End Closer,Ace built for this CM before CM start in Grand Concert scenario,Agnes Tachyon,Pace Chaser,Debuffer,Symboli Rudolf,Front Runner,Debuffer,4 Attempts - 20 Races total,14,Day 1,,,,,,,,,,,,,,,Re-use Day 3 - Team Comp 1 as Day 4 - Team Comp 1,A Group,,,,,,,,,,4 Attempts - 20 Races total,12,Go to Submit page,,,,,,,,,,,,,,,A Finals,10916,Re-use Day 4 - Team Comp 1 as Finals Team Comp,,,,,,,,,,https://drive.google.com/open?id=1GjxDTARJPB0EMynfc5RdfowgQqzfNmww,1st,,,,,,,,,,,,https://drive.google.com/open?id=1hKhq-f4je18gijl_diU4yPNYXvZVEYj8,https://drive.google.com/open?id=1H6OJJUVuDAT336NuGVOkwAbui9ldXNyJ,,,12,5,,,https://drive.google.com/open?id=120--RXlo8kkvxpyGECgh1t1p76zq8cnc
8/14/2026 9:01:01,Chrysene,Graded (No Uma Restrictions),"Win A finals with ""oshi"" uma",I accept these terms,Finals,"iOS - phone or tablet, Windows",$0,1785,46+ (more than 6 per day),"Reddit - /r/umamusumeGame, Twitch - MooMooCows - https://www.twitch.tv/moomoomoocows, YouTube - MooMooCows - https://www.youtube.com/@MooMooCows",5,"""OPTIONAL - Weekly Career Count"" might be less relevant with the addition of Independent Training",Eishin Flash (Valentine),Late Surger,Ace built for this CM before CM start in Grand Concert scenario,2,1,,,2,1,,Grass Wonder,Late Surger,Debuffer,1,1,,,4,,,Agnes Tachyon,Front Runner,Debuffer,1,1,,,4,,,4 Attempts - 20 Races total,12,Day 2,,,,,,,,,,,,,,Re-use Day 1 - Team Comp 1 as Day 2 - Team Comp 1,,,,,,,,,,4 Attempts - 20 Races total,13,Go to Submit page,,,,,,,,,,,,,,,Re-use Day 2 - Team Comp 1 as Day 3 - Team Comp 1,A Group,,,,,,,,,,4 Attempts - 20 Races total,15,Go to Submit page,,,,,,,,,,,,,,,Re-use Day 3 - Team Comp 1 as Day 4 - Team Comp 1,A Group,,,,,,,,,,4 Attempts - 20 Races total,9,Go to Submit page,,,,,,,,,,,,,,,A Finals,8015,Re-use Day 4 - Team Comp 1 as Finals Team Comp,,,,,,,,,,https://drive.google.com/open?id=1H8A09Y20qLBNGbd5MI24cyjBy-9ygie5,3rd,No (goes to Submit page),,,,,,,,,,,,,,,,,,,
8/14/2026 22:58:44,Mayvin,Graded (No Uma Restrictions),"Win A finals with ""oshi"" uma",I accept these terms,Finals,"iOS - phone or tablet, Windows",$0,,,,,,Admire Vega,End Closer,Ace built for this CM before CM start in Grand Concert scenario,,,,,,,,Agnes Tachyon,Late Surger,Debuffer,,,,,,,,Nice Nature,Late Surger,Debuffer,,,,,,,,4 Attempts - 20 Races total,9,Day 2,,,,,,,,,,,,,,Re-use Day 1 - Team Comp 1 as Day 2 - Team Comp 1,,,,,,,,,,4 Attempts - 20 Races total,6,Go to Submit page,,,,,,,,,,,,,,,Re-use Day 2 - Team Comp 1 as Day 3 - Team Comp 1,A Group,,,,,,,,,,4 Attempts - 20 Races total,3,Go to Submit page,,,,,,,,,,,,,,,Re-use Day 3 - Team Comp 1 as Day 4 - Team Comp 1,A Group,,,,,,,,,,4 Attempts - 20 Races total,7,Go to Submit page,,,,,,,,,,,,,,,A Finals,6475,Re-use Day 4 - Team Comp 1 as Finals Team Comp,,,,,,,,,,https://drive.google.com/open?id=1zi73Qkd8jCT7_cQJ2KdX-ia11_la-7AT,3rd,No (goes to Submit page),,,,,,,,,,,,,,,,,,,
8/10/2026 13:24:16,Osananajimi,Graded (No Uma Restrictions),Get into A finals,I accept these terms,Day 2,Windows,$0,1344,21-30 (roughly 3-4 per day),YouTube - MooMooCows - https://www.youtube.com/@MooMooCows,5,,Oguri Cap (Christmas),Pace Chaser,Ace built for this CM before CM start in Grand Concert scenario,2,1,0,0,2,1,,Agnes Tachyon,Late Surger,Debuffer,1,2,1,0,1,1,0,Nice Nature,Late Surger,Debuffer,1,2,1,0,1,1,0,4 Attempts - 20 Races total,19,Go to Submit page,,,,,,,,,,,,,,Re-use Day 1 - Team Comp 1 as Day 2 - Team Comp 1,,,,,,,,,,4 Attempts - 20 Races total,20,Go to Submit page,,,,,,,,,,,,,,,,,,,,,,,,,,,,,,,,,,,,,,,,,,,,,,,,,,,,,,,,,,,,,,,,,,,,,,,,,,,,,,,,,,,,,,,,,,,,,,,,,,,,,,,,
8/14/2026 11:46:16,TPK,Graded (No Uma Restrictions),"Win A finals with ""oshi"" uma",I accept these terms,Day 1,"Android - phone or tablet, Windows",$501-1000,1244,,YouTube - MooMooCows - https://www.youtube.com/@MooMooCows,,,Oguri Cap (Christmas),Pace Chaser,Ace built for this CM before CM start in Grand Concert scenario,,,,,,,,Inari One,End Closer,Ace built for this CM before CM start in Grand Concert scenario,,,,,,,,Nice Nature,Late Surger,Debuffer,,,,,,,,4 Attempts - 20 Races total,17,Day 2,,,,,,,,,,,,,,Re-use Day 1 - Team Comp 1 as Day 2 - Team Comp 1,,,,,,,,,,4 Attempts - 20 Races total,17,Day 3,,,,,,,,,,,,,,,Add new Team Comp as Day 3 - Team Comp 1,A Group,Oguri Cap (Christmas),Pace Chaser,Ace built for this CM before CM start in Grand Concert scenario,Symboli Rudolf,Late Surger,Debuffer,Nice Nature (Cheerleader),Late Surger,Debuffer,1 Attempt - 5 Races total,2,Day 3 - Add 2nd Team,Add new Team Comp as Day 3 - Team Comp 2,Oguri Cap (Christmas),Pace Chaser,Ace built for this CM before CM start in Grand Concert scenario,Inari One,End Closer,Ace built for this CM before CM start in Grand Concert scenario,Nice Nature (Cheerleader),Late Surger,Debuffer,3 Attempts - 15 Races total,11,2 teams,Day 4,Add a new Team Comp as Day 4 - Team Comp 1,A Group,Inari One,End Closer,Ace built for this CM before CM start in Grand Concert scenario,Nice Nature (Cheerleader),Late Surger,Debuffer,Symboli Rudolf,Late Surger,Debuffer,1 Attempt - 5 Races total,1,Day 4 - Add 2nd team,Add new Team Comp as Day 4 - Team Comp 2,Oguri Cap (Christmas),Pace Chaser,Ace built for this CM before CM start in Grand Concert scenario,Inari One,End Closer,Ace built for this CM before CM start in Grand Concert scenario,Symboli Rudolf,Late Surger,Debuffer,3 Attempts - 15 Races total,11,2 teams,Finals,A Finals,8312,Re-use Day 4 - Team Comp 2 as Finals Team Comp,,,,,,,,,,https://drive.google.com/open?id=1y_M2NxO5ma9abgSCd8FzEChPHQdh_C5k,1st,,,,,,,,,,,Mogged,https://drive.google.com/open?id=11WaXTpH2cuWD25ag-dykOJNl7BDGITna,https://drive.google.com/open?id=1zx1IL22_MzkdatlMBK_L7xZBOuwXTpD5,,,,,,,
8/12/2026 8:02:20,Naivora,Graded (No Uma Restrictions),Collect participation rewards,I accept these terms,Day 3,Android - phone or tablet,$501-1000,951,11-20 (roughly 2-3 per day),"Discord - MooMooCord - https://discord.gg/Hc7cP9GB, YouTube - MooMooCows - https://www.youtube.com/@MooMooCows",5,,Yukino Bijin,Late Surger,Ace built for this CM before CM start in Grand Concert scenario,3,1,0,0,1,1,0,Gold City,Late Surger,Ace built for this CM before CM start in Grand Concert scenario,3,0,1,0,1,1,0,Manhattan Cafe,Late Surger,Ace built for this CM before CM start in Grand Concert scenario,3,0,0,0,2,1,0,4 Attempts - 20 Races total,9,Day 2,,,,,,,,,,,,,,Re-use Day 1 - Team Comp 1 as Day 2 - Team Comp 1,,,,,,,,,,4 Attempts - 20 Races total,9,Go to Submit page,,,,,,,,,,,,,,,Re-use Day 2 - Team Comp 1 as Day 3 - Team Comp 1,A Group,,,,,,,,,,4 Attempts - 20 Races total,6,Day 4,,,,,,,,,,,,,,,Re-use Day 3 - Team Comp 1 as Day 4 - Team Comp 1,A Group,,,,,,,,,,4 Attempts - 20 Races total,5,Go to Submit page,,,,,,,,,,,,,,,,,,,,,,,,,,,,,,,,,,,,,,,,,,,,,,,,
8/12/2026 22:06:16,Nokialol,Graded (No Uma Restrictions),Win A finals with any uma,I accept these terms,Day 4,"Android - phone or tablet, Windows",$1-100,1200,21-30 (roughly 3-4 per day),"Discord - MooMooCord - https://discord.gg/Hc7cP9GB, Twitch - MooMooCows - https://www.twitch.tv/moomoomoocows",5,,Copano Rickey,Pace Chaser,Ace built for this CM before CM start in Grand Concert scenario,3,1,0,0,1,1,0,Grass Wonder,Late Surger,Debuffer,1,0,1,0,3,1,0,Agnes Tachyon,Late Surger,Debuffer,1,0,1,0,3,1,0,4 Attempts - 20 Races total,7,Go to Submit page,,,,,,,,,,,,,,Add new Team Comp as Day 2 - Team Comp 1,Copano Rickey,Pace Chaser,Mid-CM Ace build in Grand Concert scenario,Super Creek,Late Surger,Debuffer,Nice Nature,Late Surger,Debuffer,4 Attempts - 20 Races total,12,Go to Submit page,,,,,,,,,,,,,,,Re-use Day 2 - Team Comp 1 as Day 3 - Team Comp 1,A Group,,,,,,,,,,4 Attempts - 20 Races total,10,Go to Submit page,,,,,,,,,,,,,,,Re-use Day 3 - Team Comp 1 as Day 4 - Team Comp 1,A Group,,,,,,,,,,4 Attempts - 20 Races total,7,Go to Submit page,,,,,,,,,,,,,,,,,,,,,,,,,,,,,,,,,,,,,,,,,,,,,,,,
8/10/2026 13:42:37,Eired,Graded (No Uma Restrictions),"Win A finals with ""oshi"" uma",I accept these terms,Day 1,"Android - phone or tablet, Windows",$1-100,2144,31-45 (roughly 5-6 per day),YouTube - MooMooCows - https://www.youtube.com/@MooMooCows,4,,Oguri Cap (Christmas),Pace Chaser,Ace built for this CM before CM start in Grand Concert scenario,2,1,,,2,1,,Grass Wonder,End Closer,Debuffer,2,,,,4,,,Agnes Tachyon,End Closer,Debuffer,2,,,,4,,,4 Attempts - 20 Races total,19,Day 2,,,,,,,,,,,,,,Re-use Day 1 - Team Comp 1 as Day 2 - Team Comp 1,,,,,,,,,,4 Attempts - 20 Races total,19,Go to Submit page,,,,,,,,,,,,,,,,,,,,,,,,,,,,,,,,,,,,,,,,,,,,,,,,,,,,,,,,,,,,,,,,,,,,,,,,,,,,,,,,,,,,,,,,,,,,,,,,,,,,,,,,
8/14/2026 12:15:30,BonkChoy,Graded (No Uma Restrictions),Win A finals with any uma,I accept these terms,Finals,"Android - phone or tablet, Windows",$501-1000,1700,21-30 (roughly 3-4 per day),"Twitch - MooMooCows - https://www.twitch.tv/moomoomoocows, YouTube - MooMooCows - https://www.youtube.com/@MooMooCows",,,Oguri Cap (Christmas),Pace Chaser,Ace built for this CM before CM start in Grand Concert scenario,3,,,,2,1,,Mayano Top Gun (Wedding),End Closer,Debuffer,,1,1,,3,1,,Nice Nature,End Closer,Debuffer,,1,,,4,1,,3 Attempts - 15 Races total,6,Day 1 - Add 2nd Team,Oguri Cap (Christmas),Pace Chaser,Ace built for this CM before CM start in Grand Concert scenario,Eishin Flash (Valentine),End Closer,Debuffer,Grass Wonder,End Closer,Debuffer,1 Attempt - 5 Races total,5,3 teams,Day 2,Re-use Day 1 - Team Comp 2 as Day 2 - Team Comp 1,,,,,,,,,,4 Attempts - 20 Races total,12,Go to Submit page,,,,,,,,,,,,,,,Re-use Day 2 - Team Comp 1 as Day 3 - Team Comp 1,A Group,,,,,,,,,,4 Attempts - 20 Races total,9,Day 4,,,,,,,,,,,,,,,Re-use Day 3 - Team Comp 1 as Day 4 - Team Comp 1,A Group,,,,,,,,,,4 Attempts - 20 Races total,11,Go to Submit page,,,,,,,,,,,,,,,A Finals,,Re-use Day 4 - Team Comp 1 as Finals Team Comp,,,,,,,,,,https://drive.google.com/open?id=1LvpEvJgVYGBWhZsslRQWWnX3azQDseIU,3rd,No (goes to Submit page),,,,,,,,,,,,,,,,,,,
8/14/2026 15:37:41,Theodore,Graded (No Uma Restrictions),Get into at least A finals while waiting for oshis,I accept these terms,Finals,iOS - phone or tablet,$501-1000,1643,21-30 (roughly 3-4 per day),"Twitch - MooMooCows - https://www.twitch.tv/moomoomoocows, YouTube - MooMooCows - https://www.youtube.com/@MooMooCows",4,,Oguri Cap (Christmas),Pace Chaser,Ace built for this CM before CM start in Grand Concert scenario,3,,,,2,1,,Taiki Shuttle (Camping),Pace Chaser,Ace built for this CM before CM start in Grand Concert scenario,3,1,,,1,1,,Grass Wonder,Late Surger,Debuffer,2,1,,,3,,,4 Attempts - 20 Races total,17,Day 2,,,,,,,,,,,,,,Re-use Day 1 - Team Comp 1 as Day 2 - Team Comp 1,,,,,,,,,,4 Attempts - 20 Races total,15,Go to Submit page,,,,,,,,,,,,,,,Re-use Day 2 - Team Comp 1 as Day 3 - Team Comp 1,A Group,,,,,,,,,,4 Attempts - 20 Races total,13,Go to Submit page,,,,,,,,,,,,,,,Re-use Day 3 - Team Comp 1 as Day 4 - Team Comp 1,A Group,,,,,,,,,,4 Attempts - 20 Races total,14,Go to Submit page,,,,,,,,,,,,,,,A Finals,12460,Re-use Day 4 - Team Comp 1 as Finals Team Comp,,,,,,,,,,https://drive.google.com/open?id=1OMfRoGO49we_eli2oFvxzt05-JQLgVHr,1st,,,,,,,,,,,,https://drive.google.com/open?id=1pkiOfSquJSX8Olm0H7uSgN9gn-cJJ239,https://drive.google.com/open?id=1Sy309A0M9bKOujMhXTRKG96WxIPtGf4S,,,11,2,,,https://drive.google.com/open?id=1PPgaR0TbttGc_9fR-vuB0FIyuZDeCFdq
8/11/2026 1:55:23,yuu,Graded (No Uma Restrictions),"Win A finals with ""oshi"" uma",I accept these terms,Day 2,Android - phone or tablet,$1-100,1197,11-20 (roughly 2-3 per day),Discord - MooMooCord - https://discord.gg/Hc7cP9GB,4,,Smart Falcon,Front Runner,Ace built for this CM before CM start in Grand Concert scenario,2,1,0,0,2,1,0,Silence Suzuka,Runaway,Blocker/Overtake target/Throwaway/Niche role,1,1,1,0,3,0,0,Grass Wonder,End Closer,Debuffer,1,1,1,0,2,1,0,4 Attempts - 20 Races total,15,Go to Submit page,,,,,,,,,,,,,,Re-use Day 1 - Team Comp 1 as Day 2 - Team Comp 1,,,,,,,,,,4 Attempts - 20 Races total,15,Go to Submit page,,,,,,,,,,,,,,,,,,,,,,,,,,,,,,,,,,,,,,,,,,,,,,,,,,,,,,,,,,,,,,,,,,,,,,,,,,,,,,,,,,,,,,,,,,,,,,,,,,,,,,,,
8/15/2026 1:55:32,Briar,Graded (No Uma Restrictions),Win A finals with any uma,I accept these terms,Finals,Android - phone or tablet,$101-500,,6-10 (roughly 1 per day),,5,,Oguri Cap (Christmas),Pace Chaser,Ace built for this CM before CM start in Grand Concert scenario,2,0,1,0,2,1,0,Agnes Tachyon,Late Surger,Debuffer,,,,,,,,Grass Wonder,Late Surger,Debuffer,,,,,,,,4 Attempts - 20 Races total,11,Go to Submit page,,,,,,,,,,,,,,Re-use Day 1 - Team Comp 1 as Day 2 - Team Comp 1,,,,,,,,,,4 Attempts - 20 Races total,20,Day 1,,,,,,,,,,,,,,,Re-use Day 2 - Team Comp 1 as Day 3 - Team Comp 1,A Group,,,,,,,,,,4 Attempts - 20 Races total,17,Go to Submit page,,,,,,,,,,,,,,,Re-use Day 3 - Team Comp 1 as Day 4 - Team Comp 1,A Group,,,,,,,,,,4 Attempts - 20 Races total,17,Go to Submit page,,,,,,,,,,,,,,,A Finals,16044,Re-use Day 4 - Team Comp 1 as Finals Team Comp,,,,,,,,,,https://drive.google.com/open?id=1NpTQkgM-I5AfF9apaZ_5dF2a-Qy6MiG5,3rd,No (goes to Submit page),,,,,,,,,,,,,,,,,,,
8/12/2026 15:37:58,Norio,Graded (No Uma Restrictions),"Win A finals with ""oshi"" uma",I accept these terms,Day 3,"Android - phone or tablet, Windows",$101-500,,46+ (more than 6 per day),YouTube - MooMooCows - https://www.youtube.com/@MooMooCows,,,Agnes Digital,End Closer,Ace built for this CM before CM start in Grand Concert scenario,2,1,,,2,1,,Grass Wonder,Late Surger,Debuffer,1,,,,4,1,,Symboli Rudolf,Front Runner,Debuffer,1,,,,4,1,,4 Attempts - 20 Races total,15,Day 2,,,,,,,,,,,,,,Re-use Day 1 - Team Comp 1 as Day 2 - Team Comp 1,,,,,,,,,,4 Attempts - 20 Races total,19,Go to Submit page,,,,,,,,,,,,,,,Re-use Day 2 - Team Comp 1 as Day 3 - Team Comp 1,A Group,,,,,,,,,,4 Attempts - 20 Races total,16,Day 4,,,,,,,,,,,,,,,Re-use Day 3 - Team Comp 1 as Day 4 - Team Comp 1,A Group,,,,,,,,,,4 Attempts - 20 Races total,18,Go to Submit page,,,,,,,,,,,,,,,,,,,,,,,,,,,,,,,,,,,,,,,,,,,,,,,,
8/14/2026 5:29:01,firekirin,Graded (No Uma Restrictions),Get into A finals,I accept these terms,Finals,Windows,$0,1142,21-30 (roughly 3-4 per day),Discord - MooMooCord - https://discord.gg/Hc7cP9GB,,,Agnes Tachyon,Late Surger,Ace built for this CM before CM start in Grand Concert scenario,3,0,0,0,2,1,0,Copano Rickey,Late Surger,Ace built for this CM before CM start in Grand Concert scenario,3,0,0,0,2,1,0,Grass Wonder,Late Surger,Debuffer,,,,,,,,4 Attempts - 20 Races total,12,Day 2,,,,,,,,,,,,,,Re-use Day 1 - Team Comp 1 as Day 2 - Team Comp 1,,,,,,,,,,4 Attempts - 20 Races total,12,Go to Submit page,,,,,,,,,,,,,,,Re-use Day 2 - Team Comp 1 as Day 3 - Team Comp 1,A Group,,,,,,,,,,4 Attempts - 20 Races total,12,Go to Submit page,,,,,,,,,,,,,,,Re-use Day 3 - Team Comp 1 as Day 4 - Team Comp 1,A Group,,,,,,,,,,4 Attempts - 20 Races total,13,Go to Submit page,,,,,,,,,,,,,,,A Finals,11944,Re-use Day 4 - Team Comp 1 as Finals Team Comp,,,,,,,,,,,2nd,No (goes to Submit page),,,,,,,,,,,,,,,,,,,
8/12/2026 17:15:33,Shrimp...,Graded (No Uma Restrictions),Win A finals with any uma,I accept these terms,Day 3,"Android - phone or tablet, Windows",$0,951,46+ (more than 6 per day),"Discord - MooMooCord - https://discord.gg/Hc7cP9GB, YouTube - MooMooCows - https://www.youtube.com/@MooMooCows",5,,Oguri Cap (Christmas),Pace Chaser,Ace built for this CM before CM start in Grand Concert scenario,2,1,,,2,1,,Nice Nature,Late Surger,Debuffer,2,,,,4,,,Grass Wonder,Late Surger,Debuffer,2,,,,4,,,4 Attempts - 20 Races total,16,Day 2,,,,,,,,,,,,,,Re-use Day 1 - Team Comp 1 as Day 2 - Team Comp 1,,,,,,,,,,4 Attempts - 20 Races total,16,Go to Submit page,,,,,,,,,,,,,,,Re-use Day 2 - Team Comp 1 as Day 3 - Team Comp 1,A Group,,,,,,,,,,4 Attempts - 20 Races total,11,Day 4,,,,,,,,,,,,,,,Re-use Day 3 - Team Comp 1 as Day 4 - Team Comp 1,A Group,,,,,,,,,,4 Attempts - 20 Races total,16,Go to Submit page,,,,,,,,,,,,,,,,,,,,,,,,,,,,,,,,,,,,,,,,,,,,,,,,
8/14/2026 11:44:37,Cinder,Graded (No Uma Restrictions),"Win A finals with ""oshi"" uma",I accept these terms,Finals,"iOS - phone or tablet, Windows",$501-1000,1129,31-45 (roughly 5-6 per day),"Discord - MooMooCord - https://discord.gg/Hc7cP9GB, Twitch - MooMooCows - https://www.twitch.tv/moomoomoocows, YouTube - MooMooCows - https://www.youtube.com/@MooMooCows",5,,Daiwa Scarlet,Front Runner,Ace built for this CM before CM start in Grand Concert scenario,2,1,0,0,2,1,0,Copano Rickey,Front Runner,Ace built for this CM before CM start in Grand Concert scenario,3,1,0,0,1,1,0,Inari One,End Closer,Ace built for this CM before CM start in Grand Concert scenario,2,1,0,0,2,1,0,4 Attempts - 20 Races total,15,Day 2,,,,,,,,,,,,,,Re-use Day 1 - Team Comp 1 as Day 2 - Team Comp 1,,,,,,,,,,4 Attempts - 20 Races total,15,Go to Submit page,,,,,,,,,,,,,,,Re-use Day 2 - Team Comp 1 as Day 3 - Team Comp 1,A Group,,,,,,,,,,4 Attempts - 20 Races total,7,Go to Submit page,,,,,,,,,,,,,,,Add a new Team Comp as Day 4 - Team Comp 1,A Group,Daiwa Scarlet,Front Runner,Ace built for this CM before CM start in Grand Concert scenario,Copano Rickey,Front Runner,Ace built for this CM before CM start in Grand Concert scenario,Eishin Flash,Late Surger,Debuffer,4 Attempts - 20 Races total,12,Go to Submit page,,,,,,,,,,,,,,,A Finals,8683,Re-use Day 4 - Team Comp 1 as Finals Team Comp,,,,,,,,,,https://drive.google.com/open?id=1BxCMw7MuAL6Nf3qvPTne61q9YHtKMyGE,2nd,Yes,https://drive.google.com/open?id=1UOoo35-7hqzi_bWInCQngsmgyv2EVOCX,https://drive.google.com/open?id=1KIWx-GzR82hcsFI9q6ly5RKBqruxWKML,,0,11,6,0,0,https://drive.google.com/open?id=1HRWpl14-bKZIbWn4qIvVUs_8rn25N4mU,,,,,,,,,,
8/12/2026 14:18:14,Hyacia,Graded (No Uma Restrictions),Get into B finals,I accept these terms,Day 3,,$1-100,,6-10 (roughly 1 per day),,,,King Halo,Late Surger,Ace built for this CM before CM start in Grand Concert scenario,3,1,,,1,1,,Copano Rickey,Pace Chaser,Ace built for this CM before CM start in Grand Concert scenario,3,1,,,1,1,,Grass Wonder,Late Surger,Debuffer,1,,1,,2,1,,2 Attempts - 10 Races total,3,Day 1 - Add 2nd Team,Copano Rickey,Pace Chaser,Ace built for this CM before CM start in Grand Concert scenario,Symboli Rudolf,Pace Chaser,Debuffer,Grass Wonder,Late Surger,Debuffer,2 Attempts - 10 Races total,8,2 teams,Day 2,Re-use Day 1 - Team Comp 2 as Day 2 - Team Comp 1,,,,,,,,,,4 Attempts - 20 Races total,9,Go to Submit page,,,,,,,,,,,,,,,Re-use Day 2 - Team Comp 1 as Day 3 - Team Comp 1,A Group,,,,,,,,,,4 Attempts - 20 Races total,8,Day 4,,,,,,,,,,,,,,,Re-use Day 3 - Team Comp 1 as Day 4 - Team Comp 1,A Group,,,,,,,,,,2 Attempts - 10 Races total,4,Day 4 - Add 2nd team,Add new Team Comp as Day 4 - Team Comp 2,King Halo,Late Surger,Mid-CM Ace build in Grand Concert scenario,Symboli Rudolf,Late Surger,Debuffer,Grass Wonder,Late Surger,Debuffer,2 Attempts - 10 Races total,1,2 teams,Go to Submit page,,,,,,,,,,,,,,,,,,,,,,,,,,,,,,,,,,
8/12/2026 14:30:37,pete,Graded (No Uma Restrictions),Get into A finals,I accept these terms,Day 4,"Android - phone or tablet, Windows",$101-500,608,21-30 (roughly 3-4 per day),Discord - MooMooCord - https://discord.gg/Hc7cP9GB,,,T.M. Opera O (New Year),Late Surger,Ace built for this CM before CM start in Grand Concert scenario,3,1,0,0,1,1,0,Mayano Top Gun,Late Surger,Ace built for this CM before CM start in Grand Concert scenario,3,1,0,0,1,1,0,Gold City (Festival),Late Surger,Ace built for this CM before CM start in Grand Concert scenario,3,1,0,0,1,1,0,4 Attempts - 20 Races total,5,Day 2,,,,,,,,,,,,,,Add new Team Comp as Day 2 - Team Comp 1,Mayano Top Gun,Late Surger,Ace built for this CM before CM start in Grand Concert scenario,Gold City (Festival),Late Surger,Mid-CM Ace build in Grand Concert scenario,Oguri Cap,Late Surger,Mid-CM Ace build in Grand Concert scenario,4 Attempts - 20 Races total,14,Go to Submit page,,,,,,,,,,,,,,,Re-use Day 2 - Team Comp 1 as Day 3 - Team Comp 1,A Group,,,,,,,,,,4 Attempts - 20 Races total,6,Go to Submit page,,,,,,,,,,,,,,,Re-use Day 3 - Team Comp 1 as Day 4 - Team Comp 1,A Group,,,,,,,,,,4 Attempts - 20 Races total,4,Go to Submit page,,,,,,,,,,,,,,,,,,,,,,,,,,,,,,,,,,,,,,,,,,,,,,,,
8/12/2026 14:37:42,Mindory,Graded (No Uma Restrictions),Get into A finals,I accept these terms,Day 4,"Android - phone or tablet, Windows",$1-100,583,11-20 (roughly 2-3 per day),Discord - MooMooCord - https://discord.gg/Hc7cP9GB,,,Oguri Cap (Christmas),Pace Chaser,Ace built for this CM before CM start in Grand Concert scenario,2,1,0,0,2,1,0,Agnes Tachyon,Pace Chaser,Debuffer,2,1,0,0,3,0,0,Grass Wonder,Late Surger,Debuffer,2,1,0,0,3,0,0,4 Attempts - 20 Races total,11,Day 2,,,,,,,,,,,,,,Re-use Day 1 - Team Comp 1 as Day 2 - Team Comp 1,,,,,,,,,,4 Attempts - 20 Races total,12,Go to Submit page,,,,,,,,,,,,,,,Re-use Day 2 - Team Comp 1 as Day 3 - Team Comp 1,A Group,,,,,,,,,,4 Attempts - 20 Races total,3,Go to Submit page,,,,,,,,,,,,,,,Re-use Day 3 - Team Comp 1 as Day 4 - Team Comp 1,A Group,,,,,,,,,,4 Attempts - 20 Races total,9,Go to Submit page,,,,,,,,,,,,,,,,,,,,,,,,,,,,,,,,,,,,,,,,,,,,,,,,
8/14/2026 13:19:47,HohoHaha,Graded (No Uma Restrictions),Get into A finals,I accept these terms,Day 4,Android - phone or tablet,$501-1000,1405,11-20 (roughly 2-3 per day),Discord - MooMooCord - https://discord.gg/Hc7cP9GB,4,,Copano Rickey,Late Surger,Ace built for this CM before CM start in Grand Concert scenario,2,1,,,2,1,,Nice Nature (Cheerleader),Late Surger,Ace built for this CM before CM start in Grand Concert scenario,2,1,,,2,1,,Mayano Top Gun (Wedding),Late Surger,Ace built for this CM before CM start in Grand Concert scenario,3,,,,2,1,,4 Attempts - 20 Races total,12,Day 2,,,,,,,,,,,,,,Re-use Day 1 - Team Comp 1 as Day 2 - Team Comp 1,,,,,,,,,,4 Attempts - 20 Races total,17,Go to Submit page,,,,,,,,,,,,,,,Re-use Day 2 - Team Comp 1 as Day 3 - Team Comp 1,A Group,,,,,,,,,,4 Attempts - 20 Races total,12,Go to Submit page,,,,,,,,,,,,,,,Re-use Day 3 - Team Comp 1 as Day 4 - Team Comp 1,A Group,,,,,,,,,,4 Attempts - 20 Races total,14,Finals,,,,,,,,,,,,,,,A Finals,10513,Re-use Day 4 - Team Comp 1 as Finals Team Comp,,,,,,,,,,,3rd,No (goes to Submit page),,,,,,,,,,,,,,,,,,,
8/11/2026 21:32:35,tor,Graded (No Uma Restrictions),"Win A finals with ""oshi"" uma",I accept these terms,Day 3,"Android - phone or tablet, Windows",$1-100,684,31-45 (roughly 5-6 per day),Discord - MooMooCord - https://discord.gg/Hc7cP9GB,,,,,,,,,,,,,,,,,,,,,,,,,,,,,,,,,,,,,,,,,,,,,,,,,Add new Team Comp as Day 2 - Team Comp 1,Manhattan Cafe,Late Surger,Ace built for this CM before CM start in Grand Concert scenario,Gold City (Festival),Late Surger,Ace built for this CM before CM start in Grand Concert scenario,Oguri Cap,Late Surger,Ace built for this CM before CM start in Grand Concert scenario,4 Attempts - 20 Races total,14,Go to Submit page,,,,,,,,,,,,,,,Re-use Day 2 - Team Comp 2 as Day 3 - Team Comp 1,B Group,,,,,,,,,,4 Attempts - 20 Races total,4,Go to Submit page,,,,,,,,,,,,,,,,,,,,,,,,,,,,,,,,,,,,,,,,,,,,,,,,,,,,,,,,,,,,,,,,,,,,,,,,,,,,
8/14/2026 5:33:25,Cata,Graded (No Uma Restrictions),"Win A finals with ""oshi"" uma",I accept these terms,Finals,Android - phone or tablet,$101-500,2068,46+ (more than 6 per day),Discord - MooMooCord - https://discord.gg/Hc7cP9GB,,,Inari One,End Closer,Ace built for this CM before CM start in Grand Concert scenario,3,,,,2,1,,Oguri Cap (Christmas),Pace Chaser,Ace built for this CM before CM start in Grand Concert scenario,3,,,,2,1,,Tamamo Cross,Late Surger,Ace built for this CM before CM start in Grand Concert scenario,2,1,,,2,1,,4 Attempts - 20 Races total,16,Day 2,,,,,,,,,,,,,,Re-use Day 1 - Team Comp 1 as Day 2 - Team Comp 1,,,,,,,,,,4 Attempts - 20 Races total,18,Go to Submit page,,,,,,,,,,,,,,,Re-use Day 2 - Team Comp 1 as Day 3 - Team Comp 1,A Group,,,,,,,,,,4 Attempts - 20 Races total,13,Go to Submit page,,,,,,,,,,,,,,,Re-use Day 3 - Team Comp 1 as Day 4 - Team Comp 1,A Group,,,,,,,,,,4 Attempts - 20 Races total,10,Go to Submit page,,,,,,,,,,,,,,,A Finals,11878,Re-use Day 4 - Team Comp 1 as Finals Team Comp,,,,,,,,,,https://drive.google.com/open?id=10Dc8hHgcGwQHF_NxWbqvpenbRTrtilNg,2nd,No (goes to Submit page),,,,,,,,,,,,,,,,,,,
8/11/2026 15:49:52,Slagpose,Graded (No Uma Restrictions),Win A finals with any uma,I accept these terms,Go to Submit page,Windows,$1-100,1064,46+ (more than 6 per day),Discord - MooMooCord - https://discord.gg/Hc7cP9GB,,,Oguri Cap (Christmas),Pace Chaser,Ace built for this CM before CM start in Grand Concert scenario,2,0,1,0,2,1,0,Nice Nature,Late Surger,Debuffer,,,,,,,,Grass Wonder,Late Surger,Debuffer,,,,,,,,4 Attempts - 20 Races total,18,Day 2,,,,,,,,,,,,,,Add new Team Comp as Day 2 - Team Comp 1,Oguri Cap (Christmas),Pace Chaser,Ace built for this CM before CM start in Grand Concert scenario,Nice Nature,Late Surger,Debuffer,Super Creek (Halloween),Late Surger,Debuffer,4 Attempts - 20 Races total,16,Go to Submit page,,,,,,,,,,,,,,,Re-use Day 2 - Team Comp 2 as Day 3 - Team Comp 1,A Group,,,,,,,,,,4 Attempts - 20 Races total,15,Day 2,,,,,,,,,,,,,,,,,,,,,,,,,,,,,,,,,,,,,,,,,,,,,,,,,,,,,,,,,,,,,,,,,,,,,,,,,,,,
8/14/2026 8:55:42,Drat,Graded (No Uma Restrictions),Win A finals with any uma,I accept these terms,Finals,,$101-500,1923,,,5,,Oguri Cap (Christmas),Pace Chaser,Ace built for this CM before CM start in Grand Concert scenario,2,1,0,0,2,1,0,Grass Wonder,End Closer,Debuffer,1,1,1,0,3,0,0,Agnes Tachyon,End Closer,Debuffer,1,1,1,0,3,0,0,4 Attempts - 20 Races total,20,Day 2,,,,,,,,,,,,,,Re-use Day 1 - Team Comp 1 as Day 2 - Team Comp 1,,,,,,,,,,4 Attempts - 20 Races total,20,Go to Submit page,,,,,,,,,,,,,,,Re-use Day 2 - Team Comp 1 as Day 3 - Team Comp 1,A Group,,,,,,,,,,4 Attempts - 20 Races total,18,Go to Submit page,,,,,,,,,,,,,,,Re-use Day 3 - Team Comp 1 as Day 4 - Team Comp 1,A Group,,,,,,,,,,4 Attempts - 20 Races total,19,Go to Submit page,,,,,,,,,,,,,,,A Finals,12486,Re-use Day 4 - Team Comp 1 as Finals Team Comp,,,,,,,,,,https://drive.google.com/open?id=1Oik5Yei7ex_9G77Q4frHO6bUlvmVpzTb,1st,,,,,,,,,,,,https://drive.google.com/open?id=1EkdTU3oloV85a7QIc1DyThYfiXYVVkbK,https://drive.google.com/open?id=1Qj1OEegF4aLsYgQg_Z1Uq_y6fP-7hwV9,,0,12,2,0,0,https://drive.google.com/open?id=1c-wVKNt_MShHn_ozKTtqyLgUSb8uHRGK
8/14/2026 9:35:00,Ski,Graded (No Uma Restrictions),Win A finals with any uma,I accept these terms,Finals,Android - phone or tablet,$101-500,,31-45 (roughly 5-6 per day),Discord - MooMooCord - https://discord.gg/Hc7cP9GB,,,Oguri Cap (Christmas),Pace Chaser,Ace built for this CM before CM start in Grand Concert scenario,2,0,1,0,2,1,,Smart Falcon,Front Runner,Ace built for this CM before CM start in Grand Concert scenario,2,1,0,0,2,1,,Agnes Digital,Late Surger,Ace built for this CM before CM start in Grand Concert scenario,2,1,0,0,2,1,,3 Attempts - 15 Races total,11,Day 2,,,,,,,,,,,,,,Re-use Day 1 - Team Comp 1 as Day 2 - Team Comp 1,,,,,,,,,,3 Attempts - 15 Races total,14,Go to Submit page,,,,,,,,,,,,,,,Re-use Day 2 - Team Comp 1 as Day 3 - Team Comp 1,A Group,,,,,,,,,,4 Attempts - 20 Races total,17,Day 4,,,,,,,,,,,,,,,Re-use Day 3 - Team Comp 1 as Day 4 - Team Comp 1,A Group,,,,,,,,,,4 Attempts - 20 Races total,16,Go to Submit page,,,,,,,,,,,,,,,A Finals,10470,Re-use Day 4 - Team Comp 1 as Finals Team Comp,,,,,,,,,,https://drive.google.com/open?id=1GOz9P86K87_jm_G04JADXOgUk8bmU1kJ,1st,,,,,,,,,,,,,,,,,,,,
8/14/2026 10:24:06,nightsandwich,Graded (No Uma Restrictions),Win A finals with any uma,I accept these terms,Finals,"Android - phone or tablet, Windows",$1-100,,21-30 (roughly 3-4 per day),Discord - MooMooCord - https://discord.gg/Hc7cP9GB,,,Oguri Cap (Christmas),Pace Chaser,Ace built for this CM before CM start in Grand Concert scenario,2,1,,,2,1,,T.M. Opera O (New Year),Late Surger,Ace built for this CM before CM start in Grand Concert scenario,2,0,,,2,0,,Nice Nature,Late Surger,Debuffer,,,,,,,,4 Attempts - 20 Races total,15,Go to Submit page,,,,,,,,,,,,,,Re-use Day 1 - Team Comp 1 as Day 2 - Team Comp 1,,,,,,,,,,4 Attempts - 20 Races total,16,Go to Submit page,,,,,,,,,,,,,,,Re-use Day 2 - Team Comp 1 as Day 3 - Team Comp 1,A Group,,,,,,,,,,4 Attempts - 20 Races total,14,Go to Submit page,,,,,,,,,,,,,,,Re-use Day 3 - Team Comp 1 as Day 4 - Team Comp 1,A Group,,,,,,,,,,4 Attempts - 20 Races total,9,Go to Submit page,,,,,,,,,,,,,,,A Finals,,Re-use Day 4 - Team Comp 1 as Finals Team Comp,,,,,,,,,,,3rd,No (goes to Submit page),,,,,,,,,,,,,,,,,,,
8/14/2026 11:52:32,Moisty,Graded (No Uma Restrictions),Win A finals with any uma,I accept these terms,Finals,"Android - phone or tablet, Windows",$0,1661,46+ (more than 6 per day),"Twitch - MooMooCows - https://www.twitch.tv/moomoomoocows, YouTube - MooMooCows - https://www.youtube.com/@MooMooCows",4,,Smart Falcon,Front Runner,Ace built for this CM before CM start in Grand Concert scenario,2,1,,,2,1,,Mejiro McQueen (Anime Collab),Front Runner,Debuffer,2,,,,3,1,,Grass Wonder,Late Surger,Debuffer,2,,1,,3,,,4 Attempts - 20 Races total,16,Day 2,,,,,,,,,,,,,,Re-use Day 1 - Team Comp 1 as Day 2 - Team Comp 1,,,,,,,,,,4 Attempts - 20 Races total,16,Go to Submit page,,,,,,,,,,,,,,,Re-use Day 2 - Team Comp 1 as Day 3 - Team Comp 1,A Group,,,,,,,,,,4 Attempts - 20 Races total,9,Go to Submit page,,,,,,,,,,,,,,,Re-use Day 3 - Team Comp 1 as Day 4 - Team Comp 1,A Group,,,,,,,,,,4 Attempts - 20 Races total,10,Go to Submit page,,,,,,,,,,,,,,,A Finals,12111,Re-use Day 4 - Team Comp 1 as Finals Team Comp,,,,,,,,,,https://drive.google.com/open?id=11wtHECOjmW4ekII9WoxXg1Q-rfaavVkU,2nd,Yes,https://drive.google.com/open?id=155yHzVEjX4selG72XBj489EpoO9MF_Wo,https://drive.google.com/open?id=1QFycPpGDv3Biodptb8oPA3DxPlW5mYTe,,,13,3,,,https://drive.google.com/open?id=1A7JqhDq1gyW7BR5rZJ3Sd6LIrW5ppDMq,,,,,,,,,,
8/12/2026 13:29:02,Cynthia,Graded (No Uma Restrictions),Win A finals with any uma,I accept these terms,Day 4,iOS - phone or tablet,$501-1000,1232,,"Discord - MooMooCord - https://discord.gg/Hc7cP9GB, Twitch - MooMooCows - https://www.twitch.tv/moomoomoocows, YouTube - MooMooCows - https://www.youtube.com/@MooMooCows",5,,Oguri Cap (Christmas),Pace Chaser,Ace built for this CM before CM start in Grand Concert scenario,2,1,,,2,1,,Mayano Top Gun (Wedding),Pace Chaser,Debuffer,2,,1,,2,1,,Nice Nature,Late Surger,Debuffer,1,,1,,3,1,,4 Attempts - 20 Races total,17,Day 2,,,,,,,,,,,,,,Re-use Day 1 - Team Comp 1 as Day 2 - Team Comp 1,,,,,,,,,,4 Attempts - 20 Races total,17,Go to Submit page,,,,,,,,,,,,,,,Re-use Day 2 - Team Comp 1 as Day 3 - Team Comp 1,A Group,,,,,,,,,,4 Attempts - 20 Races total,17,Go to Submit page,,,,,,,,,,,,,,,Re-use Day 3 - Team Comp 1 as Day 4 - Team Comp 1,A Group,,,,,,,,,,4 Attempts - 20 Races total,14,Go to Submit page,,,,,,,,,,,,,,,,,,,,,,,,,,,,,,,,,,,,,,,,,,,,,,,,
8/12/2026 9:00:32,Err,Graded (No Uma Restrictions),Win A finals with any uma,I accept these terms,Day 4,"Android - phone or tablet, Windows",$1-100,1093,21-30 (roughly 3-4 per day),Discord - MooMooCord - https://discord.gg/Hc7cP9GB,5,,,,,,,,,,,,,,,,,,,,,,,,,,,,,,,,,,,,,,,,,,,,,,,,Re-use Day 1 - Team Comp 1 as Day 2 - Team Comp 1,,,,,,,,,,3 Attempts - 15 Races total,10,Go to Submit page,,,,,,,,,,,,,,,Re-use Day 2 - Team Comp 2 as Day 3 - Team Comp 1,A Group,,,,,,,,,,3 Attempts - 15 Races total,9,Go to Submit page,,,,,,,,,,,,,,,Re-use Day 3 - Team Comp 2 as Day 4 - Team Comp 1,A Group,,,,,,,,,,3 Attempts - 15 Races total,8,Go to Submit page,,,,,,,,,,,,,,,,,,,,,,,,,,,,,,,,,,,,,,,,,,,,,,,,
8/14/2026 10:00:45,KazLess,Graded (No Uma Restrictions),"Win A finals with ""oshi"" uma",I accept these terms,Finals,Phone and PC,$1-100,1875,6-10 (roughly 1 per day),Youtube,3,,Oguri Cap (Christmas),Pace Chaser,Ace built for this CM before CM start in Grand Concert scenario,,,,,,,,Eishin Flash (Valentine),Late Surger,Debuffer,,,,,,,,Symboli Rudolf,Late Surger,Debuffer,,,,,,,,4 Attempts - 20 Races total,8,Go to Submit page,,,,,,,,,,,,,,Re-use Day 1 - Team Comp 1 as Day 2 - Team Comp 1,,,,,,,,,,4 Attempts - 20 Races total,12,Go to Submit page,,,,,,,,,,,,,,,Re-use Day 2 - Team Comp 1 as Day 3 - Team Comp 1,A Group,,,,,,,,,,4 Attempts - 20 Races total,2,Go to Submit page,,,,,,,,,,,,,,,Re-use Day 3 - Team Comp 1 as Day 4 - Team Comp 1,A Group,,,,,,,,,,4 Attempts - 20 Races total,10,Go to Submit page,,,,,,,,,,,,,,,A Finals,11971,Re-use Day 4 - Team Comp 1 as Finals Team Comp,,,,,,,,,,https://drive.google.com/open?id=1NW73GICZBpYvS2iuv5ETuMwRD9a4r8He,3rd,Yes,https://drive.google.com/open?id=1cRTULwsz7mJog2kt5M_fMJklgIbn6riX,https://drive.google.com/open?id=1sYSUs-Cv8Yk-s6inz-v0CooUkEf54Jmt,,,,,,,https://drive.google.com/open?id=1wEBhgQfUMyn7oDModLZS-tzZOahFtYWZ,,,,,,,,,,
8/14/2026 9:32:06,Haleem,Graded (No Uma Restrictions),"Win A finals with ""oshi"" uma",I accept these terms,Finals,Android - phone or tablet,$1-100,713,21-30 (roughly 3-4 per day),"Discord - MooMooCord - https://discord.gg/Hc7cP9GB, Twitch - MooMooCows - https://www.twitch.tv/moomoomoocows, YouTube - MooMooCows - https://www.youtube.com/@MooMooCows",5,,Mayano Top Gun,Late Surger,Ace built for this CM before CM start in Grand Concert scenario,3,1,0,0,1,1,0,Agnes Tachyon,Front Runner,Debuffer,2,1,0,0,3,0,0,Grass Wonder,Late Surger,Debuffer,1,1,0,0,4,0,0,4 Attempts - 20 Races total,14,Day 2,,,,,,,,,,,,,,Re-use Day 1 - Team Comp 1 as Day 2 - Team Comp 1,,,,,,,,,,4 Attempts - 20 Races total,13,Go to Submit page,,,,,,,,,,,,,,,Re-use Day 2 - Team Comp 1 as Day 3 - Team Comp 1,A Group,,,,,,,,,,4 Attempts - 20 Races total,12,Go to Submit page,,,,,,,,,,,,,,,Re-use Day 3 - Team Comp 1 as Day 4 - Team Comp 1,A Group,,,,,,,,,,4 Attempts - 20 Races total,13,Go to Submit page,,,,,,,,,,,,,,,A Finals,12329,Re-use Day 4 - Team Comp 1 as Finals Team Comp,,,,,,,,,,https://drive.google.com/open?id=1KqoBnDEikWYBi3A4XQy4dW8_AMTn04ek,1st,,,,,,,,,,,Stuck the landing! ,https://drive.google.com/open?id=1i687607ak_d76k61jbcP0RsqVv_1C9rZ,https://drive.google.com/open?id=1rPjSEy78TR4ZS5IAstu8DdDXi12C5Y_x,,0,9,4,0,0,https://drive.google.com/open?id=1LtMSjdEM4vv3v1BzCdQ3XN4RKiKbpaR6
8/12/2026 7:57:28,Golden,Graded (No Uma Restrictions),"Win A finals with ""oshi"" uma",I accept these terms,Day 3,Android - phone or tablet,$0,,21-30 (roughly 3-4 per day),Rather not say,5,,Inari One,End Closer,Ace built for this CM before CM start in Grand Concert scenario,3,0,0,0,2,1,0,Agnes Tachyon,Front Runner,Debuffer,1,0,1,0,4,0,0,Symboli Rudolf,Front Runner,Debuffer,1,0,1,0,4,0,0,4 Attempts - 20 Races total,16,Day 2,,,,,,,,,,,,,,Re-use Day 1 - Team Comp 1 as Day 2 - Team Comp 1,,,,,,,,,,4 Attempts - 20 Races total,15,Go to Submit page,,,,,,,,,,,,,,,Re-use Day 2 - Team Comp 1 as Day 3 - Team Comp 1,A Group,,,,,,,,,,4 Attempts - 20 Races total,10,Day 4,,,,,,,,,,,,,,,Re-use Day 3 - Team Comp 1 as Day 4 - Team Comp 1,A Group,,,,,,,,,,4 Attempts - 20 Races total,13,Go to Submit page,,,,,,,,,,,,,,,,,,,,,,,,,,,,,,,,,,,,,,,,,,,,,,,,
8/10/2026 21:20:35,Ruda,Graded (No Uma Restrictions),Get into A finals,I accept these terms,Day 1,"Android - phone or tablet, Windows",$501-1000,,6-10 (roughly 1 per day),Discord - MooMooCord - https://discord.gg/Hc7cP9GB,5,,Oguri Cap (Christmas),Pace Chaser,Ace built for this CM before CM start in Grand Concert scenario,2,0,1,0,2,1,0,Inari One,Late Surger,Ace built for this CM before CM start in Grand Concert scenario,2,1,0,0,2,1,0,Gold City (Festival),Late Surger,Ace built for this CM before CM start in Grand Concert scenario,2,1,0,0,2,1,0,4 Attempts - 20 Races total,11,Day 2,,,,,,,,,,,,,,Re-use Day 1 - Team Comp 1 as Day 2 - Team Comp 1,,,,,,,,,,4 Attempts - 20 Races total,5,Go to Submit page,,,,,,,,,,,,,,,,,,,,,,,,,,,,,,,,,,,,,,,,,,,,,,,,,,,,,,,,,,,,,,,,,,,,,,,,,,,,,,,,,,,,,,,,,,,,,,,,,,,,,,,,
8/14/2026 5:19:53,puhico,Graded (No Uma Restrictions),Win A finals with any uma,I accept these terms,Finals,,,,,,,,Oguri Cap (Christmas),Pace Chaser,Ace built for this CM before CM start in Grand Concert scenario,2,1,,,2,1,,Copano Rickey,Pace Chaser,Ace built for this CM before CM start in Grand Concert scenario,3,1,,,1,1,,Grass Wonder,End Closer,Debuffer,,,,,,,,4 Attempts - 20 Races total,19,Day 2,,,,,,,,,,,,,,Re-use Day 1 - Team Comp 1 as Day 2 - Team Comp 1,,,,,,,,,,4 Attempts - 20 Races total,20,Go to Submit page,,,,,,,,,,,,,,,Re-use Day 2 - Team Comp 1 as Day 3 - Team Comp 1,A Group,,,,,,,,,,4 Attempts - 20 Races total,16,Go to Submit page,,,,,,,,,,,,,,,Re-use Day 3 - Team Comp 1 as Day 4 - Team Comp 1,A Group,,,,,,,,,,4 Attempts - 20 Races total,18,Go to Submit page,,,,,,,,,,,,,,,A Finals,14720,Re-use Day 4 - Team Comp 1 as Finals Team Comp,,,,,,,,,,https://drive.google.com/open?id=1bahgrGQGT-YDmMpQcuCM_Tj3756HLIxW,1st,,,,,,,,,,,,,,,,,,,,
8/15/2026 2:07:07,aid2fade,Graded (No Uma Restrictions),Get into A finals,I accept these terms,Finals,Android - phone or tablet,$101-500,,6-10 (roughly 1 per day),Discord - MooMooCord - https://discord.gg/Hc7cP9GB,4,,Oguri Cap (Christmas),Pace Chaser,Ace built for this CM before CM start in Grand Concert scenario,3,1,,,1,1,,Grass Wonder,Late Surger,Debuffer,,,,,,,,Agnes Tachyon,Late Surger,Debuffer,,,,,,,,4 Attempts - 20 Races total,15,Go to Submit page,,,,,,,,,,,,,,Re-use Day 1 - Team Comp 1 as Day 2 - Team Comp 1,,,,,,,,,,4 Attempts - 20 Races total,18,Day 3,,,,,,,,,,,,,,,Re-use Day 2 - Team Comp 1 as Day 3 - Team Comp 1,A Group,,,,,,,,,,4 Attempts - 20 Races total,17,Go to Submit page,,,,,,,,,,,,,,,Re-use Day 3 - Team Comp 1 as Day 4 - Team Comp 1,A Group,,,,,,,,,,4 Attempts - 20 Races total,19,Go to Submit page,,,,,,,,,,,,,,,A Finals,12962,Re-use Day 4 - Team Comp 1 as Finals Team Comp,,,,,,,,,,https://drive.google.com/open?id=1b2ro7zj_dNfuBB5BuIksQCvg0Ph9jBXS,1st,,,,,,,,,,,,,,,,,,,,
8/11/2026 11:30:38,Crazyflame23,Graded (No Uma Restrictions),Win A finals with any uma,I accept these terms,Day 1,iOS - phone or tablet,$101-500,1061,21-30 (roughly 3-4 per day),Discord - MooMooCord - https://discord.gg/Hc7cP9GB,5,,Oguri Cap (Christmas),Pace Chaser,Ace built for this CM before CM start in Grand Concert scenario,3,0,0,0,2,1,0,Mayano Top Gun (Wedding),Late Surger,Hybrid (ace + debuffer),3,0,1,0,1,1,0,Inari One,End Closer,Ace built for this CM before CM start in Grand Concert scenario,2,0,0,0,0,2,1,4 Attempts - 20 Races total,6,Day 3,,,,,,,,,,,,,,,,,,,,,,,,,,,,,,,,,,,,,,,,,Re-use Day 2 - Team Comp 1 as Day 3 - Team Comp 1,A Group,,,,,,,,,,2 Attempts - 10 Races total,2,Go to Submit page,,,,,,,,,,,,,,,,,,,,,,,,,,,,,,,,,,,,,,,,,,,,,,,,,,,,,,,,,,,,,,,,,,,,,,,,,,,,
8/14/2026 6:13:36,Lena,Graded (No Uma Restrictions),Win A finals with any uma,I accept these terms,Finals,"iOS - phone or tablet, Windows",$1-100,1350,31-45 (roughly 5-6 per day),"Discord - MooMooCord - https://discord.gg/Hc7cP9GB, YouTube - MooMooCows - https://www.youtube.com/@MooMooCows",5,,,,,,,,,,,,,,,,,,,,,,,,,,,,,,,,,,,,,,,,,,,,,,,,Re-use Day 1 - Team Comp 1 as Day 2 - Team Comp 1,,,,,,,,,,4 Attempts - 20 Races total,11,Go to Submit page,,,,,,,,,,,,,,,,,,,,,,,,,,,,,,,,,,,,,,,,,,,,,,,,,,,,,,,,,,,,,,,,,,,,,,,A Finals,6485,Add new Team Comp as Finals Team Comp,Copano Rickey,Front Runner,Ace built for this CM before CM start in Grand Concert scenario,Smart Falcon,Front Runner,Ace built for this CM before CM start in Grand Concert scenario,Nice Nature (Cheerleader),Late Surger,Debuffer,https://drive.google.com/open?id=1CPlodvi4nWrif7e5dJ-r66pd6RyJ6fss,1st,,,,,,,,,,,,https://drive.google.com/open?id=1VJ_rkzyzoBVuRZZ0dmSL2uoB-v8W4zBF,https://drive.google.com/open?id=1R9zkqAYMj7QQllfVqugpWNj-jH2dGuou,,0,8,8,0,0,https://drive.google.com/open?id=1q1WyR1fFEi0iSp9TNSJIw5gu56O5JsJ8
8/11/2026 22:09:03,Fabianorar,Graded (No Uma Restrictions),Win A finals with any uma,I accept these terms,Day 3,Android - phone or tablet,$0,680,11-20 (roughly 2-3 per day),"Discord - MooMooCord - https://discord.gg/Hc7cP9GB, YouTube - MooMooCows - https://www.youtube.com/@MooMooCows",,,Oguri Cap (Christmas),Pace Chaser,Ace built for this CM before CM start in Grand Concert scenario,3,,,,2,1,,Super Creek (Halloween),Late Surger,Debuffer,1,,1,,3,1,,Nice Nature,Late Surger,Debuffer,1,,1,,3,1,,4 Attempts - 20 Races total,8,Day 2,,,,,,,,,,,,,,Re-use Day 1 - Team Comp 1 as Day 2 - Team Comp 1,,,,,,,,,,4 Attempts - 20 Races total,17,Go to Submit page,,,,,,,,,,,,,,,Add new Team Comp as Day 3 - Team Comp 1,A Group,Oguri Cap (Christmas),Pace Chaser,Ace built for this CM before CM start in Grand Concert scenario,Symboli Rudolf,Late Surger,Debuffer,Agnes Tachyon,Late Surger,Debuffer,4 Attempts - 20 Races total,10,Go to Submit page,,,,,,,,,,,,,,,,,,,,,,,,,,,,,,,,,,,,,,,,,,,,,,,,,,,,,,,,,,,,,,,,,,,,,,,,,,,,
8/14/2026 15:21:23,Tyste,Graded (No Uma Restrictions),Win A finals with any uma,I accept these terms,Day 4,Windows,$501-1000,2641,6-10 (roughly 1 per day),Discord - MooMooCord - https://discord.gg/Hc7cP9GB,4,,Oguri Cap (Christmas),Pace Chaser,Ace built for this CM before CM start in Grand Concert scenario,3,,,,2,1,,Copano Rickey,Late Surger,Ace built for this CM before CM start in Grand Concert scenario,3,,,,2,1,,Nice Nature (Cheerleader),Late Surger,Debuffer,1,,1,,3,1,,4 Attempts - 20 Races total,18,Day 2,,,,,,,,,,,,,,Re-use Day 1 - Team Comp 1 as Day 2 - Team Comp 1,,,,,,,,,,4 Attempts - 20 Races total,18,Go to Submit page,,,,,,,,,,,,,,,Re-use Day 2 - Team Comp 1 as Day 3 - Team Comp 1,A Group,,,,,,,,,,4 Attempts - 20 Races total,15,Go to Submit page,,,,,,,,,,,,,,,Re-use Day 3 - Team Comp 1 as Day 4 - Team Comp 1,A Group,,,,,,,,,,4 Attempts - 20 Races total,13,Finals,,,,,,,,,,,,,,,A Finals,8166,Add new Team Comp as Finals Team Comp,Oguri Cap (Christmas),Late Surger,Ace built for this CM before CM start in Grand Concert scenario,Copano Rickey,Late Surger,Ace built for this CM before CM start in Grand Concert scenario,Nice Nature (Cheerleader),Late Surger,Debuffer,https://drive.google.com/open?id=10WQalOG9M3NfXyAEx8tL_uQK-8_6AEV5,2nd,No (goes to Submit page),,,,,,,,,,,,,,,,,,,
8/14/2026 14:22:33,procker,Graded (No Uma Restrictions),Collect participation rewards,I accept these terms,Finals,"Android - phone or tablet, Windows",$1-100,570,11-20 (roughly 2-3 per day),"Discord - MooMooCord - https://discord.gg/Hc7cP9GB, Twitch - MooMooCows - https://www.twitch.tv/moomoomoocows",5,,Oguri Cap (Christmas),Pace Chaser,Ace built for this CM before CM start in Grand Concert scenario,2,,,,3,1,,Nice Nature,Late Surger,Debuffer,1,,,,4,1,,Super Creek (Halloween),Late Surger,Debuffer,1,,,,4,1,,4 Attempts - 20 Races total,13,Go to Submit page,,,,,,,,,,,,,,,,,,,,,,,,,,,,,,,,,,,,,,,,,Add new Team Comp as Day 3 - Team Comp 1,A Group,Oguri Cap (Christmas),Pace Chaser,Ace built for this CM before CM start in Grand Concert scenario,Nice Nature,Late Surger,Debuffer,Super Creek (Halloween),Late Surger,Debuffer,4 Attempts - 20 Races total,10,Go to Submit page,,,,,,,,,,,,,,,Add a new Team Comp as Day 4 - Team Comp 1,A Group,Oguri Cap (Christmas),Pace Chaser,Ace built for this CM before CM start in Grand Concert scenario,Grass Wonder,Late Surger,Debuffer,Agnes Tachyon,Late Surger,Debuffer,4 Attempts - 20 Races total,11,Go to Submit page,,,,,,,,,,,,,,,A Finals,8978,Re-use Day 4 - Team Comp 1 as Finals Team Comp,,,,,,,,,,https://drive.google.com/open?id=14b_HCnxXDeidMyDYqImoamSNrHCWArOn,1st,,,,,,,,,,,,https://drive.google.com/open?id=1hKnpHGg9gUSce3wuMAO2HbUuZQ22qKI-,https://drive.google.com/open?id=13DBCQc2PsYKg2cMekmn6ikUQnhMpsuX3,,,14,3,,,https://drive.google.com/open?id=1yzU8ISFcbnWGpq5gGNketaer8AkIShuN
8/14/2026 18:55:17,Bomragon,Graded (No Uma Restrictions),Win A finals with any uma,I accept these terms,Finals,Windows,$1-100,1401,46+ (more than 6 per day),"Discord - MooMooCord - https://discord.gg/Hc7cP9GB, Twitch - MooMooCows - https://www.twitch.tv/moomoomoocows, YouTube - MooMooCows - https://www.youtube.com/@MooMooCows",5,,Oguri Cap (Christmas),Pace Chaser,Ace built for this CM before CM start in Grand Concert scenario,3,0,0,0,2,0,0,Grass Wonder,Late Surger,Debuffer,,,,,,,,Agnes Tachyon,Late Surger,Debuffer,,,,,,,,4 Attempts - 20 Races total,16,Day 2,,,,,,,,,,,,,,Re-use Day 1 - Team Comp 1 as Day 2 - Team Comp 1,,,,,,,,,,4 Attempts - 20 Races total,18,Go to Submit page,,,,,,,,,,,,,,,Re-use Day 2 - Team Comp 1 as Day 3 - Team Comp 1,A Group,,,,,,,,,,4 Attempts - 20 Races total,14,Go to Submit page,,,,,,,,,,,,,,,Re-use Day 3 - Team Comp 1 as Day 4 - Team Comp 1,A Group,,,,,,,,,,4 Attempts - 20 Races total,18,Go to Submit page,,,,,,,,,,,,,,,A Finals,10049,Re-use Day 4 - Team Comp 1 as Finals Team Comp,,,,,,,,,,https://drive.google.com/open?id=18pbpBAzO2ZO9eah5mfXoDVuvoMk7rYRY,1st,,,,,,,,,,,"oguri cap is my oshi, what can i say...",https://drive.google.com/open?id=17VKKOiOR-gtZUrsJzryi8AOWdcLjAIxg,https://drive.google.com/open?id=1SHK6_ARPxNAL7rfgr6XO9qUyJnsmjtPN,,0,10,0,0,2,https://drive.google.com/open?id=1CLma74Yu4gmHj_jA-vZ3xUJFdRIvBCTJ
8/14/2026 7:35:12,Mike,Graded (No Uma Restrictions),"Win A finals with ""oshi"" uma",I accept these terms,Day 4,Android - phone or tablet,$1-100,1550,,YouTube - MooMooCows - https://www.youtube.com/@MooMooCows,1,,Oguri Cap (Christmas),Pace Chaser,Ace built for this CM before CM start in Grand Concert scenario,3,,,,2,1,,Agnes Tachyon,End Closer,Ace built for this CM before CM start in Unity Cup scenario,1,2,1,,2,,,Grass Wonder,End Closer,Ace built for this CM before CM start in Unity Cup scenario,1,2,1,,2,,,4 Attempts - 20 Races total,17,Day 2,,,,,,,,,,,,,,Re-use Day 1 - Team Comp 2 as Day 2 - Team Comp 1,,,,,,,,,,4 Attempts - 20 Races total,18,Go to Submit page,,,,,,,,,,,,,,,Re-use Day 2 - Team Comp 1 as Day 3 - Team Comp 1,A Group,,,,,,,,,,4 Attempts - 20 Races total,15,Go to Submit page,,,,,,,,,,,,,,,Re-use Day 3 - Team Comp 1 as Day 4 - Team Comp 1,A Group,,,,,,,,,,4 Attempts - 20 Races total,16,Finals,,,,,,,,,,,,,,,A Finals,14933,Re-use Day 4 - Team Comp 1 as Finals Team Comp,,,,,,,,,,,2nd,Yes,,,,,,,,,,,,,,,,,,,
8/14/2026 23:19:23,Kasai Seigyo,Graded (No Uma Restrictions),Collect participation rewards,I accept these terms,Day 3,Android - phone or tablet,$0,1287,11-20 (roughly 2-3 per day),Discord - MooMooCord - https://discord.gg/Hc7cP9GB,5,,Oguri Cap (Christmas),Pace Chaser,Ace built for this CM before CM start in Grand Concert scenario,2,1,,,2,1,,Grass Wonder,End Closer,Debuffer,1,,,,4,1,,Nice Nature (Cheerleader),End Closer,Debuffer,1,,,,5,,,1 Attempt - 5 Races total,3,Day 2,,,,,,,,,,,,,,Re-use Day 1 - Team Comp 1 as Day 2 - Team Comp 1,,,,,,,,,,4 Attempts - 20 Races total,6,Go to Submit page,,,,,,,,,,,,,,,Re-use Day 2 - Team Comp 1 as Day 3 - Team Comp 1,A Group,,,,,,,,,,4 Attempts - 20 Races total,2,Day 4,,,,,,,,,,,,,,,Re-use Day 3 - Team Comp 1 as Day 4 - Team Comp 1,A Group,,,,,,,,,,3 Attempts - 15 Races total,2,Finals,,,,,,,,,,,,,,,B Finals,1445,Add new Team Comp as Finals Team Comp,Oguri Cap (Christmas),Late Surger,Mid-CM Ace build in Grand Concert scenario,Grass Wonder,End Closer,Debuffer,Nice Nature (Cheerleader),End Closer,Debuffer,https://drive.google.com/open?id=1yVodiFp8V0E8Paw0JoslrhZnb7di7nxF,1st,,,,,,,,,,,,https://drive.google.com/open?id=1vrTyX4GlS-lhdtodkSm65j_MZ6UNYR5s,https://drive.google.com/open?id=1mq9Ka41KhS5HY9P9WVlA6_FgSKXBaAf0,,3,9,5,,,https://drive.google.com/open?id=1muymUl3Y2cGJcpmbesjj4akXjyjyFjt8
8/11/2026 7:12:11,Machine,Graded (No Uma Restrictions),"Win A finals with ""oshi"" uma",I accept these terms,Day 3,"Android - phone or tablet, Windows",$101-500,600,31-45 (roughly 5-6 per day),"Discord - MooMooCord - https://discord.gg/Hc7cP9GB, Discord - Pakacord! - https://discord.gg/6mwHqhBm, YouTube - MooMooCows - https://www.youtube.com/@MooMooCows",5,,Oguri Cap (Christmas),Pace Chaser,Ace built for this CM before CM start in Grand Concert scenario,2,1,,,2,1,,Grass Wonder,Late Surger,Debuffer,,,,,,,,Symboli Rudolf,Late Surger,Debuffer,,,,,,,,4 Attempts - 20 Races total,14,Day 2,,,,,,,,,,,,,,Re-use Day 1 - Team Comp 1 as Day 2 - Team Comp 1,,,,,,,,,,4 Attempts - 20 Races total,16,Go to Submit page,,,,,,,,,,,,,,,Re-use Day 2 - Team Comp 1 as Day 3 - Team Comp 1,A Group,,,,,,,,,,4 Attempts - 20 Races total,8,Go to Submit page,,,,,,,,,,,,,,,,,,,,,,,,,,,,,,,,,,,,,,,,,,,,,,,,,,,,,,,,,,,,,,,,,,,,,,,,,,,,
8/14/2026 11:47:00,Ethreall,Graded (No Uma Restrictions),"Win A finals with ""oshi"" uma",I accept these terms,Day 3,Windows,,778,,,,,Super Creek (Halloween),Late Surger,Debuffer,,,,,,,,Nice Nature,Late Surger,Debuffer,,,,,,,,Mayano Top Gun (Wedding),End Closer,Hybrid (ace + debuffer),,,,,,,,2 Attempts - 10 Races total,2,Day 1 - Add 2nd Team,Mihono Bourbon (Valentine),Front Runner,Mid-CM Ace build in Grand Concert scenario,Copano Rickey,Front Runner,Mid-CM Ace build in Grand Concert scenario,Mayano Top Gun (Wedding),End Closer,Hybrid (ace + debuffer),2 Attempts - 10 Races total,9,2 teams,Day 2,Add new Team Comp as Day 2 - Team Comp 1,Mihono Bourbon (Valentine),Front Runner,Mid-CM Ace build in Grand Concert scenario,Copano Rickey,Front Runner,Mid-CM Ace build in Grand Concert scenario,Smart Falcon,Front Runner,Mid-CM Ace build in Grand Concert scenario,4 Attempts - 20 Races total,10,Go to Submit page,,,,,,,,,,,,,,,Re-use Day 2 - Team Comp 1 as Day 3 - Team Comp 1,A Group,,,,,,,,,,4 Attempts - 20 Races total,6,Day 4,,,,,,,,,,,,,,,Re-use Day 3 - Team Comp 1 as Day 4 - Team Comp 1,A Group,,,,,,,,,,2 Attempts - 10 Races total,2,Day 4 - Add 2nd team,Add new Team Comp as Day 4 - Team Comp 2,Mihono Bourbon (Valentine),Front Runner,Mid-CM Ace build in Grand Concert scenario,Copano Rickey,Front Runner,Mid-CM Ace build in Grand Concert scenario,Oguri Cap (Christmas),Pace Chaser,Mid-CM Ace build in Grand Concert scenario,2 Attempts - 10 Races total,6,2 teams,Finals,A Finals,10185,Re-use Day 4 - Team Comp 2 as Finals Team Comp,,,,,,,,,,https://drive.google.com/open?id=1B-mkuSFZwjsgQ_q1cjrHScKEMiqEt7_9,1st,,,,,,,,,,,"It's kinda obvious that I'm not getting Oshi Award for XOguri on this CM, so let me take a moment to thank you guys for all the hard work it takes for you to collect and manage all the CM data. :CowThumbsUp:                        But I know no one is going to read this so instead IM GOING TO RANT ABOUT HOW CING STILL HASNT DONE HIS 5 PAGE ESSAY AND 20 MINUTE VIDEO APOLOGY ON A UKELELE. I WONT FORGET. A TRUE OSHI NEVER FORGIVES NOR FORGETS. I CURSE CING. THE NEXT TIME HE (or she, gotta be correct) LOSES CM, KNOW IT WAS ME CING. ALL BECAUSE YOU TOLD ME TO NOT COOK. WELL NOW IM COOKING. COOKING UP A CURSE, AND THAT CURSE WILL RUIN YOUR OSHI WIN :CowThumbsUp:            In case its not obvious, this was a joke, I don't thank you for the work on the Data Collection of CM :CowThumbsUp:    Dont take away my oshi award pls :CowPreg:",https://drive.google.com/open?id=1LanKjz8e-oGQmD9npTM3nfUYWsW89iA7,https://drive.google.com/open?id=1U-lrPIaHThGmsxc-ggqqZbceDwJXJzzh,,3,9,3,,1,https://drive.google.com/open?id=1GvCQ5qdenwPkXrd8SW5y2heT6bF9qAv6
8/14/2026 7:22:49,Jamelephant,Graded (No Uma Restrictions),Win A finals with any uma,I accept these terms,Day 3,"Android - phone or tablet, Windows",$1001-5000,1390,21-30 (roughly 3-4 per day),,5,,Oguri Cap (Christmas),Pace Chaser,Ace built for this CM before CM start in Grand Concert scenario,2,,,,3,1,,Grass Wonder,Late Surger,Debuffer,2,,1,,2,1,,Eishin Flash (Valentine),Late Surger,Debuffer,1,,1,1,2,1,,4 Attempts - 20 Races total,11,Day 2,,,,,,,,,,,,,,Re-use Day 1 - Team Comp 1 as Day 2 - Team Comp 1,,,,,,,,,,4 Attempts - 20 Races total,11,Go to Submit page,,,,,,,,,,,,,,,Re-use Day 2 - Team Comp 1 as Day 3 - Team Comp 1,A Group,,,,,,,,,,4 Attempts - 20 Races total,8,Day 4,,,,,,,,,,,,,,,Re-use Day 3 - Team Comp 1 as Day 4 - Team Comp 1,A Group,,,,,,,,,,4 Attempts - 20 Races total,8,Finals,,,,,,,,,,,,,,,A Finals,12579,Re-use Day 4 - Team Comp 1 as Finals Team Comp,,,,,,,,,,,3rd,No (goes to Submit page),,,,,,,,,,,,,,,,,,,
8/14/2026 6:35:35,iSushi,Graded (No Uma Restrictions),Collect participation rewards,I accept these terms,Finals,"iOS - phone or tablet, Windows",$1001-5000,1269,6-10 (roughly 1 per day),Discord - MooMooCord - https://discord.gg/Hc7cP9GB,5,,,,,,,,,,,,,,,,,,,,,,,,,,,,,,,,,,,,,,,,,,,,,,,,Add new Team Comp as Day 2 - Team Comp 1,Oguri Cap (Christmas),Pace Chaser,Ace built for this CM before CM start in Grand Concert scenario,Agnes Digital,Late Surger,Mid-CM Ace build in Grand Concert scenario,Grass Wonder,Late Surger,Ace built for this CM before CM start in Grand Concert scenario,3 Attempts - 15 Races total,12,Go to Submit page,,,,,,,,,,,,,,,,,,,,,,,,,,,,,,,,,,,,,,,,,,,Add a new Team Comp as Day 4 - Team Comp 1,A Group,Oguri Cap (Christmas),Pace Chaser,Ace built for this CM before CM start in Grand Concert scenario,Agnes Digital,Late Surger,Mid-CM Ace build in Grand Concert scenario,Nice Nature,End Closer,Debuffer,3 Attempts - 15 Races total,10,Go to Submit page,,,,,,,,,,,,,,,A Finals,,Re-use Day 4 - Team Comp 1 as Finals Team Comp,,,,,,,,,,,3rd,No (goes to Submit page),,,,,,,,,,,,,,,,,,,
8/14/2026 23:59:35,Caphao,Graded (No Uma Restrictions),"Win A finals with ""oshi"" uma",I accept these terms,Finals,Windows,Rather not say,1137,46+ (more than 6 per day),Rather not say,5,,Oguri Cap,Late Surger,Ace built for this CM before CM start in Grand Concert scenario,2,1,,,2,1,,Nice Nature,Late Surger,Debuffer,,,,,,,,Mayano Top Gun (Wedding),Front Runner,Debuffer,,,,,,,,4 Attempts - 20 Races total,20,Go to Submit page,,,,,,,,,,,,,,Re-use Day 1 - Team Comp 1 as Day 2 - Team Comp 1,,,,,,,,,,4 Attempts - 20 Races total,16,Go to Submit page,,,,,,,,,,,,,,,Add new Team Comp as Day 3 - Team Comp 1,A Group,Inari One,Late Surger,Mid-CM Ace build in Grand Concert scenario,Nice Nature,Late Surger,Debuffer,Mayano Top Gun (Wedding),Front Runner,Blocker/Overtake target/Throwaway/Niche role,4 Attempts - 20 Races total,7,Go to Submit page,,,,,,,,,,,,,,,Add a new Team Comp as Day 4 - Team Comp 1,A Group,Oguri Cap,Late Surger,Ace built for this CM before CM start in Grand Concert scenario,Inari One,Late Surger,Mid-CM Ace build in Grand Concert scenario,Smart Falcon,Front Runner,Mid-CM Ace build in Grand Concert scenario,4 Attempts - 20 Races total,0,Go to Submit page,,,,,,,,,,,,,,,A Finals,11419,Re-use Day 4 - Team Comp 1 as Finals Team Comp,,,,,,,,,,https://drive.google.com/open?id=1-mkIdvr3xgQqD81YMjWy56mKrc2rfDX2,1st,,,,,,,,,,,"All these debuffs just to hold me back, with those chains broken there's no stopping me.",https://drive.google.com/open?id=1khsycIG7G2r0fppd5u90_eOmKsfCRQJx,https://drive.google.com/open?id=1t9dlVdovzQ9iFrt9z_1sqo3p4yMTmMdA,,2,6,1,,2,https://drive.google.com/open?id=1XRjw4T_02vg7wNL9W0nhG18R6wTKX6Wc
8/13/2026 5:38:31,ChatBox,Graded (No Uma Restrictions),Get into A finals,I accept these terms,Day 4,,,,,,,,Oguri Cap (Christmas),End Closer,Ace built for this CM before CM start in Grand Concert scenario,,,,,,,,Agnes Tachyon,Front Runner,Debuffer,,,,,,,,Grass Wonder,Front Runner,Debuffer,,,,,,,,4 Attempts - 20 Races total,13,Day 2,,,,,,,,,,,,,,Re-use Day 1 - Team Comp 1 as Day 2 - Team Comp 1,,,,,,,,,,4 Attempts - 20 Races total,16,Go to Submit page,,,,,,,,,,,,,,,Re-use Day 2 - Team Comp 1 as Day 3 - Team Comp 1,A Group,,,,,,,,,,4 Attempts - 20 Races total,11,Go to Submit page,,,,,,,,,,,,,,,Re-use Day 3 - Team Comp 1 as Day 4 - Team Comp 1,A Group,,,,,,,,,,4 Attempts - 20 Races total,6,Go to Submit page,,,,,,,,,,,,,,,,,,,,,,,,,,,,,,,,,,,,,,,,,,,,,,,,
8/15/2026 1:10:24,Homu,Graded (No Uma Restrictions),Get into A finals,I accept these terms,Finals,Android - phone or tablet,$0,1092,31-45 (roughly 5-6 per day),Discord - MooMooCord - https://discord.gg/Hc7cP9GB,5,,Copano Rickey,Front Runner,Ace built for this CM before CM start in Grand Concert scenario,2,1,,,2,1,,Oguri Cap (Christmas),Pace Chaser,Ace built for this CM before CM start in Grand Concert scenario,2,1,,,2,1,,Nice Nature (Cheerleader),Late Surger,Debuffer,1,2,,1,1,1,,4 Attempts - 20 Races total,14,Day 2,,,,,,,,,,,,,,Re-use Day 1 - Team Comp 1 as Day 2 - Team Comp 1,,,,,,,,,,4 Attempts - 20 Races total,16,Go to Submit page,,,,,,,,,,,,,,,Re-use Day 2 - Team Comp 1 as Day 3 - Team Comp 1,A Group,,,,,,,,,,4 Attempts - 20 Races total,14,Go to Submit page,,,,,,,,,,,,,,,Re-use Day 3 - Team Comp 1 as Day 4 - Team Comp 1,A Group,,,,,,,,,,4 Attempts - 20 Races total,14,Go to Submit page,,,,,,,,,,,,,,,A Finals,8309,Re-use Day 4 - Team Comp 1 as Finals Team Comp,,,,,,,,,,https://drive.google.com/open?id=1veBpfD5noK8BMYNDFUm8CrUHyRZFwxD0,1st,,,,,,,,,,,,,,,,,,,,
8/14/2026 5:24:46,Zer0,Graded (No Uma Restrictions),Collect participation rewards,I accept these terms,Finals,Windows,$0,759,6-10 (roughly 1 per day),Discord - MooMooCord - https://discord.gg/Hc7cP9GB,4,,Oguri Cap,Late Surger,Ace built for this CM before CM start in Grand Concert scenario,2,1,,,2,1,,Gold City,Late Surger,Ace built for this CM before CM start in Grand Concert scenario,2,1,,,2,1,,Taiki Shuttle (Camping),Pace Chaser,Ace built for this CM before CM start in Grand Concert scenario,2,1,,,2,1,,4 Attempts - 20 Races total,7,Day 2,,,,,,,,,,,,,,Re-use Day 1 - Team Comp 1 as Day 2 - Team Comp 1,,,,,,,,,,3 Attempts - 15 Races total,8,Go to Submit page,,,,,,,,,,,,,,,Re-use Day 2 - Team Comp 1 as Day 3 - Team Comp 1,A Group,,,,,,,,,,4 Attempts - 20 Races total,6,Go to Submit page,,,,,,,,,,,,,,,Re-use Day 3 - Team Comp 1 as Day 4 - Team Comp 1,A Group,,,,,,,,,,3 Attempts - 15 Races total,7,Go to Submit page,,,,,,,,,,,,,,,A Finals,4553,Re-use Day 4 - Team Comp 1 as Finals Team Comp,,,,,,,,,,https://drive.google.com/open?id=1MKR3MjDpylEztd5sz8m2FSV8uw1bAU6B,2nd,No (goes to Submit page),,,,,,,,,,,,,,,,,,,
8/14/2026 7:25:36,Kamefist,Graded (No Uma Restrictions),Get into A finals,I accept these terms,Day 4,"Android - phone or tablet, Windows",$1-100,960,21-30 (roughly 3-4 per day),"Discord - MooMooCord - https://discord.gg/Hc7cP9GB, Reddit - /r/umamusumeGame, YouTube - MooMooCows - https://www.youtube.com/@MooMooCows",5,,Meisho Doto,Pace Chaser,Ace built for this CM before CM start in Grand Concert scenario,3,1,0,0,1,1,0,El Condor Pasa,Late Surger,Ace built for this CM before CM start in Grand Concert scenario,2,1,0,0,2,1,0,Oguri Cap,Late Surger,Ace built for this CM before CM start in Grand Concert scenario,2,1,0,0,2,1,0,4 Attempts - 20 Races total,15,Day 2,,,,,,,,,,,,,,Re-use Day 1 - Team Comp 1 as Day 2 - Team Comp 1,,,,,,,,,,4 Attempts - 20 Races total,14,Go to Submit page,,,,,,,,,,,,,,,Re-use Day 2 - Team Comp 1 as Day 3 - Team Comp 1,A Group,,,,,,,,,,4 Attempts - 20 Races total,12,Go to Submit page,,,,,,,,,,,,,,,Re-use Day 3 - Team Comp 1 as Day 4 - Team Comp 1,A Group,,,,,,,,,,4 Attempts - 20 Races total,12,Finals,,,,,,,,,,,,,,,A Finals,11398,Re-use Day 4 - Team Comp 1 as Finals Team Comp,,,,,,,,,,https://drive.google.com/open?id=1oBVXJuQW6OhrPtFUEOUi2ppckbEBppqh,2nd,No (goes to Submit page),,,,,,,,,,,,,,,,,,,
8/14/2026 5:32:46,UfMiguel,Graded (No Uma Restrictions),Get into A finals,I accept these terms,Finals,Windows,$0,917,11-20 (roughly 2-3 per day),"Discord - MooMooCord - https://discord.gg/Hc7cP9GB, Twitch - MooMooCows - https://www.twitch.tv/moomoomoocows, YouTube - MooMooCows - https://www.youtube.com/@MooMooCows",5,,Oguri Cap (Christmas),Pace Chaser,Ace built for this CM before CM start in Grand Concert scenario,2,,,,3,1,,Nice Nature,End Closer,Debuffer,,,,,,,,Mayano Top Gun (Wedding),End Closer,Debuffer,,,,,,,,4 Attempts - 20 Races total,16,Day 2,,,,,,,,,,,,,,Re-use Day 1 - Team Comp 1 as Day 2 - Team Comp 1,,,,,,,,,,4 Attempts - 20 Races total,16,Day 3,,,,,,,,,,,,,,,Re-use Day 2 - Team Comp 1 as Day 3 - Team Comp 1,A Group,,,,,,,,,,4 Attempts - 20 Races total,17,Go to Submit page,,,,,,,,,,,,,,,Re-use Day 3 - Team Comp 2 as Day 4 - Team Comp 1,A Group,,,,,,,,,,4 Attempts - 20 Races total,15,Go to Submit page,,,,,,,,,,,,,,,A Finals,13170,Re-use Day 4 - Team Comp 2 as Finals Team Comp,,,,,,,,,,https://drive.google.com/open?id=1-G3YA4YWzFOlWmXdrwWFBWwvosjKtOPg,1st,,,,,,,,,,,,,,,,,,,,https://drive.google.com/open?id=1KS7EXXM4CSupoeiXV1n97QG7vDm2MEmO
8/12/2026 8:51:56,Sakura ChiyonoO,Graded (No Uma Restrictions),"Win A finals with ""oshi"" uma",I accept these terms,Day 4,Windows,$0,,11-20 (roughly 2-3 per day),,5,,Sakura Chiyono O,Pace Chaser,Ace built for this CM before CM start in Grand Concert scenario,2,1,,,2,1,,Taiki Shuttle,Pace Chaser,Ace built for this CM before CM start in Grand Concert scenario,2,1,,,2,1,,Oguri Cap,Pace Chaser,Ace built for this CM before CM start in Grand Concert scenario,2,1,,,2,1,,4 Attempts - 20 Races total,10,Day 2,,,,,,,,,,,,,,Re-use Day 1 - Team Comp 1 as Day 2 - Team Comp 1,,,,,,,,,,4 Attempts - 20 Races total,11,Go to Submit page,,,,,,,,,,,,,,,Re-use Day 2 - Team Comp 1 as Day 3 - Team Comp 1,A Group,,,,,,,,,,4 Attempts - 20 Races total,9,Go to Submit page,,,,,,,,,,,,,,,Re-use Day 3 - Team Comp 1 as Day 4 - Team Comp 1,A Group,,,,,,,,,,4 Attempts - 20 Races total,9,Go to Submit page,,,,,,,,,,,,,,,,,,,,,,,,,,,,,,,,,,,,,,,,,,,,,,,,
8/14/2026 6:54:16,DeathQrow,Graded (No Uma Restrictions),"Win A finals with ""oshi"" uma",I accept these terms,Finals,,$501-1000,1842,31-45 (roughly 5-6 per day),,,,Tokai Teio (Anime Collab),Late Surger,Ace built for this CM before CM start in Grand Concert scenario,2,1,0,0,2,1,0,Symboli Rudolf,Front Runner,Debuffer,1,1,0,0,4,0,0,Grass Wonder,Late Surger,Debuffer,1,2,0,0,3,0,0,4 Attempts - 20 Races total,13,Day 2,,,,,,,,,,,,,,Add new Team Comp as Day 2 - Team Comp 1,Tokai Teio (Anime Collab),Late Surger,Mid-CM Ace build in Grand Concert scenario,Symboli Rudolf,Front Runner,Debuffer,Grass Wonder,Late Surger,Debuffer,4 Attempts - 20 Races total,13,Day 3,,,,,,,,,,,,,,,Re-use Day 2 - Team Comp 1 as Day 3 - Team Comp 1,A Group,,,,,,,,,,4 Attempts - 20 Races total,17,Go to Submit page,,,,,,,,,,,,,,,Re-use Day 3 - Team Comp 1 as Day 4 - Team Comp 1,A Group,,,,,,,,,,4 Attempts - 20 Races total,13,Go to Submit page,,,,,,,,,,,,,,,A Finals,12039,Re-use Day 4 - Team Comp 1 as Finals Team Comp,,,,,,,,,,https://drive.google.com/open?id=1-3ztptRG48gln65-DB_3BRpBcUOF0RQw,1st,,,,,,,,,,,"10th CM win, 5th Teio win, 3rd Xoguri Cup conquered with my oshis. Don't be afraid to dream, for any meta can be overcome if you dream big enough.",https://drive.google.com/open?id=1bYCNJOEN_fBJkivOUYazb7hLvvAxLkMG,https://drive.google.com/open?id=19z6yHhRLjbmAqbzkvI3I0d_nC_gAqiZV,,0,8,2,0,2,https://drive.google.com/open?id=1Wj9NTo2nZS2Ubik7FFZa0kL9wbNftYW0
8/14/2026 6:13:04,Kyee,Graded (No Uma Restrictions),"Win A finals with ""oshi"" uma",I accept these terms,Finals,"Android - phone or tablet, Linux",$501-1000,956,11-20 (roughly 2-3 per day),Discord - Pakacord! - https://discord.gg/6mwHqhBm,,,Tokai Teio (Anime Collab),Pace Chaser,Ace built for this CM before CM start in Unity Cup scenario,2,1,0,0,2,1,0,Mejiro McQueen,Pace Chaser,Ace built for this CM before CM start in Unity Cup scenario,2,1,0,0,2,1,0,Agnes Digital,Pace Chaser,Ace built for this CM before CM start in Unity Cup scenario,2,1,0,0,2,1,0,4 Attempts - 20 Races total,6,Day 2,,,,,,,,,,,,,,Re-use Day 1 - Team Comp 1 as Day 2 - Team Comp 1,,,,,,,,,,4 Attempts - 20 Races total,5,Day 3,,,,,,,,,,,,,,,Add new Team Comp as Day 3 - Team Comp 1,B Group,Tokai Teio (Anime Collab),Pace Chaser,Ace built for this CM before CM start in Unity Cup scenario,Mejiro McQueen,Pace Chaser,Ace built for this CM before CM start in Unity Cup scenario,Agnes Digital,Late Surger,Mid-CM Ace build in Grand Concert scenario,4 Attempts - 20 Races total,16,Go to Submit page,,,,,,,,,,,,,,,Re-use Day 3 - Team Comp 1 as Day 4 - Team Comp 1,B Group,,,,,,,,,,4 Attempts - 20 Races total,16,Go to Submit page,,,,,,,,,,,,,,,B Finals,2256,Re-use Day 4 - Team Comp 1 as Finals Team Comp,,,,,,,,,,https://drive.google.com/open?id=1s5iBcZwEI4KTRJI03ZjJQ8Cjpdc8sG2J,1st,,,,,,,,,,,,https://drive.google.com/open?id=1LkRcF7MbWrUVJWPqvV9Nl5Crv4oLJQE1,https://drive.google.com/open?id=1Yxk37X-3Mgj0AsToydFTH56x_QxSDfZs,,0,0,0,1,2,https://drive.google.com/open?id=1ljDKO-PCV2T4n_gMCLy_1eXgamILTZr0
8/12/2026 7:59:15,WalkEmDownJB,Graded (No Uma Restrictions),Rather not say,I accept these terms,Day 3,"iOS - phone or tablet, Windows",$0,930,6-10 (roughly 1 per day),Friend sent me the link,,,,,,,,,,,,,,,,,,,,,,,,,,,,,,,,,,,,,,,,,,,,,,,,,Add new Team Comp as Day 2 - Team Comp 1,Seiun Sky,Front Runner,Ace built for this CM before CM start in Grand Concert scenario,Agnes Tachyon,Late Surger,Debuffer,Grass Wonder,Late Surger,Debuffer,4 Attempts - 20 Races total,16,Go to Submit page,,,,,,,,,,,,,,,Re-use Day 2 - Team Comp 1 as Day 3 - Team Comp 1,A Group,,,,,,,,,,4 Attempts - 20 Races total,8,Day 4,,,,,,,,,,,,,,,Re-use Day 3 - Team Comp 1 as Day 4 - Team Comp 1,A Group,,,,,,,,,,4 Attempts - 20 Races total,13,Go to Submit page,,,,,,,,,,,,,,,,,,,,,,,,,,,,,,,,,,,,,,,,,,,,,,,,
8/14/2026 22:40:25,Nogamy,Graded (No Uma Restrictions),Get into A finals,I accept these terms,Finals,"Android - phone or tablet, Windows",$501-1000,1286,31-45 (roughly 5-6 per day),Discord - MooMooCord - https://discord.gg/Hc7cP9GB,4,,Oguri Cap (Christmas),Pace Chaser,Ace built for this CM before CM start in Grand Concert scenario,2,1,0,0,2,1,0,Mayano Top Gun (Wedding),Late Surger,Debuffer,1,1,2,0,2,0,0,Nice Nature,Late Surger,Debuffer,1,1,2,0,2,0,0,1 Attempt - 5 Races total,2,Day 1 - Add 2nd Team,Oguri Cap (Christmas),Pace Chaser,Ace built for this CM before CM start in Grand Concert scenario,Grass Wonder,Late Surger,Debuffer,Agnes Tachyon,Late Surger,Debuffer,3 Attempts - 15 Races total,12,2 teams,Go to Submit page,Re-use Day 1 - Team Comp 2 as Day 2 - Team Comp 1,,,,,,,,,,3 Attempts - 15 Races total,10,Day 2 - Add 2nd Team,Re-use Day 1 - Team Comp 1 as Day 2 - Team Comp 2,,,,,,,,,,1 Attempt - 5 Races total,5,2 teams,Day 3,Re-use Day 2 - Team Comp 1 as Day 3 - Team Comp 1,A Group,,,,,,,,,,4 Attempts - 20 Races total,16,Go to Submit page,,,,,,,,,,,,,,,Re-use Day 3 - Team Comp 1 as Day 4 - Team Comp 1,A Group,,,,,,,,,,4 Attempts - 20 Races total,13,Go to Submit page,,,,,,,,,,,,,,,A Finals,12348,Re-use Day 4 - Team Comp 1 as Finals Team Comp,,,,,,,,,,https://drive.google.com/open?id=1wP3YVw8N6DXG4don7nPw_KAeLNH6Qk2s,1st,,,,,,,,,,,my oshi is xoguri double dom,https://drive.google.com/open?id=1BfkQ6umeIv3QWUpX_bAbgVvcf-MHt4ch,https://drive.google.com/open?id=1V5YNxVDfRuynJ1DCZioGU42rxMMMeFlb,,0,16,0,0,0,https://drive.google.com/open?id=1eH71rcYNE37Ug_bUlvjMeFpDwsoXqBrw
8/14/2026 5:45:09,Daisho,Graded (No Uma Restrictions),"Win A finals with ""oshi"" uma",I accept these terms,Finals,"Android - phone or tablet, Windows",$101-500,965,21-30 (roughly 3-4 per day),YouTube - MooMooCows - https://www.youtube.com/@MooMooCows,,,Narita Taishin (Steampunk),End Closer,Ace built for this CM before CM start in Grand Concert scenario,3,,,,2,1,,Agnes Digital,End Closer,Ace built for this CM before CM start in Grand Concert scenario,3,,,,2,1,,Mayano Top Gun,End Closer,Ace built for this CM before CM start in Grand Concert scenario,3,,,,2,1,,4 Attempts - 20 Races total,12,Day 2,,,,,,,,,,,,,,Re-use Day 1 - Team Comp 1 as Day 2 - Team Comp 1,,,,,,,,,,4 Attempts - 20 Races total,14,Day 3,,,,,,,,,,,,,,,Re-use Day 2 - Team Comp 1 as Day 3 - Team Comp 1,A Group,,,,,,,,,,4 Attempts - 20 Races total,12,Go to Submit page,,,,,,,,,,,,,,,Re-use Day 3 - Team Comp 1 as Day 4 - Team Comp 1,A Group,,,,,,,,,,4 Attempts - 20 Races total,15,Go to Submit page,,,,,,,,,,,,,,,A Finals,6666,Re-use Day 4 - Team Comp 1 as Finals Team Comp,,,,,,,,,,https://drive.google.com/open?id=17bn-CRuY7r9TXa8K3HYSd95-r6EnTho-,1st,,,,,,,,,,,The real must-pull Grand Live banner was the Steampunk banner,https://drive.google.com/open?id=1hbrA-52wlGG-H5O8pxolpJQetx8upDhb,https://drive.google.com/open?id=18S1JIoKq-0DPT2ik16gU-podHHevsnsr,,2,11,,,,https://drive.google.com/open?id=1o2pU9ZIqElzStlntka_APzfn6gyPek5d
8/12/2026 7:55:07,Morjie,Graded (No Uma Restrictions),Get into B finals,I accept these terms,Day 4,"iOS - phone or tablet, Windows",$101-500,899,,"Discord - MooMooCord - https://discord.gg/Hc7cP9GB, YouTube - MooMooCows - https://www.youtube.com/@MooMooCows",5,,Taiki Shuttle (Camping),Pace Chaser,Ace built for this CM before CM start in Grand Concert scenario,2,0,,,2,0,,Symboli Rudolf,Late Surger,Debuffer,,,,,,,,Agnes Tachyon,Late Surger,Debuffer,,,,,,,,4 Attempts - 20 Races total,14,Day 2,,,,,,,,,,,,,,Re-use Day 1 - Team Comp 1 as Day 2 - Team Comp 1,,,,,,,,,,4 Attempts - 20 Races total,10,Day 3,,,,,,,,,,,,,,,Re-use Day 2 - Team Comp 1 as Day 3 - Team Comp 1,A Group,,,,,,,,,,4 Attempts - 20 Races total,11,Go to Submit page,,,,,,,,,,,,,,,Re-use Day 3 - Team Comp 1 as Day 4 - Team Comp 1,A Group,,,,,,,,,,4 Attempts - 20 Races total,10,Go to Submit page,,,,,,,,,,,,,,,,,,,,,,,,,,,,,,,,,,,,,,,,,,,,,,,,
8/11/2026 8:10:23,Dragour,Graded (No Uma Restrictions),Get into B finals,I accept these terms,Day 3,"iOS - phone or tablet, Windows",$0,1003,21-30 (roughly 3-4 per day),Discord - MooMooCord - https://discord.gg/Hc7cP9GB,,,Fuji Kiseki,Pace Chaser,Ace built for this CM before CM start in Grand Concert scenario,3,1,0,0,1,1,,Nice Nature,Late Surger,Debuffer,,,,,,,,Super Creek (Halloween),Late Surger,Debuffer,,,,,,,,4 Attempts - 20 Races total,8,Go to Submit page,,,,,,,,,,,,,,Add new Team Comp as Day 2 - Team Comp 1,Fuji Kiseki,Pace Chaser,Mid-CM Ace build in Grand Concert scenario,Nice Nature,Late Surger,Debuffer,Super Creek (Halloween),Late Surger,Debuffer,4 Attempts - 20 Races total,9,Day 1,,,,,,,,,,,,,,,Add new Team Comp as Day 3 - Team Comp 1,A Group,Fuji Kiseki,Pace Chaser,Mid-CM Ace build in Unity Cup scenario,Grass Wonder,Late Surger,Debuffer,Agnes Tachyon,Late Surger,Debuffer,4 Attempts - 20 Races total,12,Day 2,,,,,,,,,,,,,,,,,,,,,,,,,,,,,,,,,,,,,,,,,,,,,,,,,,,,,,,,,,,,,,,,,,,,,,,,,,,,
8/14/2026 8:02:52,Synii,Graded (No Uma Restrictions),Get into A finals,I accept these terms,Finals,Windows,$0,,,,,,Grass Wonder,End Closer,Debuffer,,,,,,,,Eishin Flash,End Closer,Debuffer,,,,,,,,Oguri Cap (Christmas),Pace Chaser,Ace built for this CM before CM start in Grand Concert scenario,2,1,,,2,1,,4 Attempts - 20 Races total,16,Day 2,,,,,,,,,,,,,,Re-use Day 1 - Team Comp 1 as Day 2 - Team Comp 1,,,,,,,,,,4 Attempts - 20 Races total,15,Day 3,,,,,,,,,,,,,,,Re-use Day 2 - Team Comp 1 as Day 3 - Team Comp 1,A Group,,,,,,,,,,4 Attempts - 20 Races total,15,Go to Submit page,,,,,,,,,,,,,,,Re-use Day 3 - Team Comp 1 as Day 4 - Team Comp 1,A Group,,,,,,,,,,4 Attempts - 20 Races total,11,Go to Submit page,,,,,,,,,,,,,,,A Finals,12768,Re-use Day 4 - Team Comp 1 as Finals Team Comp,,,,,,,,,,https://drive.google.com/open?id=1AL_qIeVdGv-tVaq232uvC94Rzi4asZSL,1st,,,,,,,,,,,,,,,,,,,,
8/14/2026 5:58:46,ItachiNight,Graded (No Uma Restrictions),Win A finals with any uma,I accept these terms,Finals,"iOS - phone or tablet, Windows",$101-500,1820,46+ (more than 6 per day),Discord - MooMooCord - https://discord.gg/Hc7cP9GB,5,,Oguri Cap (Christmas),Pace Chaser,Ace built for this CM before CM start in Grand Concert scenario,2,1,,,2,1,,Nice Nature,Late Surger,Debuffer,,,2,,4,,,Mayano Top Gun (Wedding),End Closer,Debuffer,,,2,,4,,,4 Attempts - 20 Races total,19,Day 2,,,,,,,,,,,,,,Re-use Day 1 - Team Comp 1 as Day 2 - Team Comp 1,,,,,,,,,,4 Attempts - 20 Races total,19,Day 3,,,,,,,,,,,,,,,Re-use Day 2 - Team Comp 1 as Day 3 - Team Comp 1,A Group,,,,,,,,,,4 Attempts - 20 Races total,18,Go to Submit page,,,,,,,,,,,,,,,Re-use Day 3 - Team Comp 1 as Day 4 - Team Comp 1,A Group,,,,,,,,,,4 Attempts - 20 Races total,19,Go to Submit page,,,,,,,,,,,,,,,A Finals,10757,Add new Team Comp as Finals Team Comp,Oguri Cap (Christmas),Pace Chaser,Ace built for this CM before CM start in Grand Concert scenario,Grass Wonder,Front Runner,Debuffer,Eishin Flash (Valentine),End Closer,Debuffer,https://drive.google.com/open?id=1FnyJjzD3SkKeP9X8GQ3r9acSRpnbFZSS,1st,,,,,,,,,,,Meta slave,https://drive.google.com/open?id=1tGNvrxGGAV-XYv5Dtua22tz8oK3Jt_uz,https://drive.google.com/open?id=111DuqWiHNfledHlP7VeRsRCtRXXZt4Dl,,2,6,5,,2,https://drive.google.com/open?id=1Rv2ROFQkPU5wK04SJ4fPcrijyr0jETS_
8/12/2026 11:24:43,Reinigen,Graded (No Uma Restrictions),Win A finals with any uma,I accept these terms,Day 4,Windows,$1001-5000,1730,46+ (more than 6 per day),YouTube - MooMooCows - https://www.youtube.com/@MooMooCows,5,,Oguri Cap (Christmas),Pace Chaser,Ace built for this CM before CM start in Grand Concert scenario,2,1,0,0,2,1,0,Nice Nature,Late Surger,Debuffer,1,1,2,0,2,0,0,Mayano Top Gun (Wedding),Late Surger,Debuffer,1,1,2,0,2,0,0,4 Attempts - 20 Races total,15,Day 2,,,,,,,,,,,,,,Re-use Day 1 - Team Comp 1 as Day 2 - Team Comp 1,,,,,,,,,,4 Attempts - 20 Races total,16,Day 3,,,,,,,,,,,,,,,Add new Team Comp as Day 3 - Team Comp 1,A Group,Oguri Cap (Christmas),Pace Chaser,Ace built for this CM before CM start in Grand Concert scenario,Symboli Rudolf,End Closer,Debuffer,Eishin Flash (Valentine),End Closer,Debuffer,4 Attempts - 20 Races total,15,Go to Submit page,,,,,,,,,,,,,,,Re-use Day 3 - Team Comp 1 as Day 4 - Team Comp 1,A Group,,,,,,,,,,4 Attempts - 20 Races total,14,Go to Submit page,,,,,,,,,,,,,,,,,,,,,,,,,,,,,,,,,,,,,,,,,,,,,,,,
8/14/2026 19:52:41,Desdomenna,Graded (No Uma Restrictions),Win A finals with any uma,I accept these terms,Day 4,"Android - phone or tablet, Windows",$101-500,1457,21-30 (roughly 3-4 per day),"Discord - MooMooCord - https://discord.gg/Hc7cP9GB, YouTube - MooMooCows - https://www.youtube.com/@MooMooCows",4,,Oguri Cap (Christmas),Pace Chaser,Ace built for this CM before CM start in Grand Concert scenario,2,1,0,0,2,1,0,Nice Nature,Late Surger,Debuffer,,,,,,,,Mayano Top Gun (Wedding),End Closer,Debuffer,,,,,,,,4 Attempts - 20 Races total,14,Day 2,,,,,,,,,,,,,,Re-use Day 1 - Team Comp 1 as Day 2 - Team Comp 1,,,,,,,,,,4 Attempts - 20 Races total,15,Day 3,,,,,,,,,,,,,,,Add new Team Comp as Day 3 - Team Comp 1,A Group,Oguri Cap (Christmas),Pace Chaser,Ace built for this CM before CM start in Grand Concert scenario,Agnes Tachyon,End Closer,Debuffer,Eishin Flash (Valentine),End Closer,Debuffer,4 Attempts - 20 Races total,19,Go to Submit page,,,,,,,,,,,,,,,Re-use Day 3 - Team Comp 1 as Day 4 - Team Comp 1,A Group,,,,,,,,,,4 Attempts - 20 Races total,13,Finals,,,,,,,,,,,,,,,A Finals,,Re-use Day 4 - Team Comp 1 as Finals Team Comp,,,,,,,,,,,2nd,No (goes to Submit page),,,,,,,,,,,,,,,,,,,
8/14/2026 13:13:04,Fishnet,Graded (No Uma Restrictions),Get into A finals,I accept these terms,Finals,Windows,$101-500,1981,31-45 (roughly 5-6 per day),"Discord - MooMooCord - https://discord.gg/Hc7cP9GB, Twitch - MooMooCows - https://www.twitch.tv/moomoomoocows, YouTube - MooMooCows - https://www.youtube.com/@MooMooCows",,,Oguri Cap (Christmas),Pace Chaser,Ace built for this CM before CM start in Grand Concert scenario,2,1,,,2,1,,Grass Wonder,Late Surger,Debuffer,2,1,,,2,1,,Symboli Rudolf,End Closer,Debuffer,2,,2,,1,1,,4 Attempts - 20 Races total,12,Go to Submit page,,,,,,,,,,,,,,Add new Team Comp as Day 2 - Team Comp 1,Oguri Cap (Christmas),Pace Chaser,Mid-CM Ace build in Grand Concert scenario,Symboli Rudolf,End Closer,Debuffer,Grass Wonder,Late Surger,Debuffer,4 Attempts - 20 Races total,20,Day 3,,,,,,,,,,,,,,,Re-use Day 2 - Team Comp 2 as Day 3 - Team Comp 1,A Group,,,,,,,,,,4 Attempts - 20 Races total,14,Go to Submit page,,,,,,,,,,,,,,,Re-use Day 3 - Team Comp 1 as Day 4 - Team Comp 1,A Group,,,,,,,,,,4 Attempts - 20 Races total,15,Go to Submit page,,,,,,,,,,,,,,,A Finals,10050,Re-use Day 4 - Team Comp 1 as Finals Team Comp,,,,,,,,,,https://drive.google.com/open?id=1qHnJmTMVb8h315jwRNP_rG5okeNShhqU,1st,,,,,,,,,,,,https://drive.google.com/open?id=1CEIk-ibKHs9wkCGei3KMYE-6HF5hasZg,https://drive.google.com/open?id=1uj4BarDLkFa3-FZBI9XctOCwEc2HtJt4,,3,10,3,,,https://drive.google.com/open?id=1mqKA0qN-mjPJ3pAl5AqSpI73n_qCKJFB
8/14/2026 19:55:20,fufufu,Graded (No Uma Restrictions),Win A finals with any uma,I accept these terms,Finals,iOS - phone or tablet,$0,1700,,,,,Oguri Cap (Christmas),Pace Chaser,Ace built for this CM before CM start in Grand Concert scenario,2,1,,,2,1,,Eishin Flash (Valentine),End Closer,Debuffer,2,1,0,,3,,,Agnes Tachyon,End Closer,Debuffer,1,1,1,,2,,,4 Attempts - 20 Races total,19,Day 2,,,,,,,,,,,,,,Re-use Day 1 - Team Comp 1 as Day 2 - Team Comp 1,,,,,,,,,,4 Attempts - 20 Races total,17,Day 3,,,,,,,,,,,,,,,Re-use Day 2 - Team Comp 1 as Day 3 - Team Comp 1,A Group,,,,,,,,,,4 Attempts - 20 Races total,18,Go to Submit page,,,,,,,,,,,,,,,,,,,,,,,,,,,,,,,,,,,,,,,,,,,A Finals,16263,Re-use Day 4 - Team Comp 1 as Finals Team Comp,,,,,,,,,,,1st,,,,,,,,,,,,,,,,,,,,
8/14/2026 5:15:34,Knighted,Graded (No Uma Restrictions),"Win A finals with ""oshi"" uma",I accept these terms,Finals,Windows,$1001-5000,1368,46+ (more than 6 per day),"Discord - MooMooCord - https://discord.gg/Hc7cP9GB, Twitch - MooMooCows - https://www.twitch.tv/moomoomoocows",,,Mayano Top Gun (Wedding),Late Surger,Ace built for this CM before CM start in Grand Concert scenario,2,0,1,0,2,1,0,Nice Nature (Cheerleader),Late Surger,Debuffer,,,,,,,,Symboli Rudolf,Front Runner,Debuffer,,,,,,,,4 Attempts - 20 Races total,14,Day 2,,,,,,,,,,,,,,Re-use Day 1 - Team Comp 1 as Day 2 - Team Comp 1,,,,,,,,,,4 Attempts - 20 Races total,16,Day 3,,,,,,,,,,,,,,,Re-use Day 2 - Team Comp 1 as Day 3 - Team Comp 1,A Group,,,,,,,,,,4 Attempts - 20 Races total,14,Go to Submit page,,,,,,,,,,,,,,,Re-use Day 3 - Team Comp 1 as Day 4 - Team Comp 1,A Group,,,,,,,,,,4 Attempts - 20 Races total,14,Go to Submit page,,,,,,,,,,,,,,,A Finals,9447,Re-use Day 4 - Team Comp 1 as Finals Team Comp,,,,,,,,,,https://drive.google.com/open?id=1nsBVmpvQ66Wtmadrt-fPvST4X9tkegNg,1st,,,,,,,,,,,ai_kopi,https://drive.google.com/open?id=1eRHrywKDUxakjpguBvQqeq2tjE1BNRBG,https://drive.google.com/open?id=12ctppDwnHdLA0lF70OioSIYISv8uoDKj,,0,13,0,0,1,https://drive.google.com/open?id=1AGQWFRRVm7J48N24ryFOGOpzHj2bk1C7
8/12/2026 9:15:11,Southern Tiger,Graded (No Uma Restrictions),Win A finals with any uma,I accept these terms,Day 4,"iOS - phone or tablet, Windows",$101-500,1116,21-30 (roughly 3-4 per day),Discord - MooMooCord - https://discord.gg/Hc7cP9GB,5,,Oguri Cap (Christmas),Pace Chaser,Ace built for this CM before CM start in Grand Concert scenario,2,0,0,0,3,0,0,Copano Rickey,Late Surger,Ace built for this CM before CM start in Grand Concert scenario,3,1,0,0,1,1,0,Grass Wonder,Late Surger,Debuffer,1,0,0,0,5,0,0,4 Attempts - 20 Races total,16,Day 2,,,,,,,,,,,,,,Re-use Day 1 - Team Comp 1 as Day 2 - Team Comp 1,,,,,,,,,,4 Attempts - 20 Races total,16,Day 3,,,,,,,,,,,,,,,Re-use Day 2 - Team Comp 1 as Day 3 - Team Comp 1,A Group,,,,,,,,,,4 Attempts - 20 Races total,16,Go to Submit page,,,,,,,,,,,,,,,Re-use Day 3 - Team Comp 1 as Day 4 - Team Comp 1,A Group,,,,,,,,,,4 Attempts - 20 Races total,15,Go to Submit page,,,,,,,,,,,,,,,,,,,,,,,,,,,,,,,,,,,,,,,,,,,,,,,,
8/14/2026 10:32:33,Jikuto,Graded (No Uma Restrictions),"Win A finals with ""oshi"" uma",I accept these terms,Finals,"Android - phone or tablet, Windows",$1-100,1417,46+ (more than 6 per day),Discord - MooMooCord - https://discord.gg/Hc7cP9GB,4,"For debuffers, can be more specific to either Speed/Stamina Debuffer ",Oguri Cap (Christmas),Pace Chaser,Ace built for this CM before CM start in Grand Concert scenario,2,0,0,0,3,1,0,Nice Nature,Late Surger,Debuffer,1,2,0,0,3,0,0,Super Creek (Halloween),Late Surger,Debuffer,1,2,0,0,3,0,0,4 Attempts - 20 Races total,14,Day 2,,,,,,,,,,,,,,Re-use Day 1 - Team Comp 1 as Day 2 - Team Comp 1,,,,,,,,,,4 Attempts - 20 Races total,16,Day 3,,,,,,,,,,,,,,,Add new Team Comp as Day 3 - Team Comp 1,A Group,Oguri Cap (Christmas),Pace Chaser,Ace built for this CM before CM start in Grand Concert scenario,Agnes Tachyon,Late Surger,Debuffer,Grass Wonder,Late Surger,Debuffer,4 Attempts - 20 Races total,16,Go to Submit page,,,,,,,,,,,,,,,Re-use Day 3 - Team Comp 2 as Day 4 - Team Comp 1,A Group,,,,,,,,,,4 Attempts - 20 Races total,14,Go to Submit page,,,,,,,,,,,,,,,A Finals,12962,Re-use Day 4 - Team Comp 2 as Finals Team Comp,,,,,,,,,,,1st,,,,,,,,,,,,,,,,13,2,,,
8/12/2026 11:27:42,Zen,Graded (No Uma Restrictions),Win A finals with any uma,I accept these terms,Day 1,"Android - phone or tablet, Windows",$0,,21-30 (roughly 3-4 per day),,,,Oguri Cap,Late Surger,Ace built for this CM before CM start in Grand Concert scenario,2,1,,,2,1,0,Grass Wonder,Front Runner,Debuffer,,,,,,,,Agnes Tachyon,Front Runner,Debuffer,,,,,,,,4 Attempts - 20 Races total,17,Go to Submit page,,,,,,,,,,,,,,Re-use Day 1 - Team Comp 1 as Day 2 - Team Comp 1,,,,,,,,,,4 Attempts - 20 Races total,15,Day 3,,,,,,,,,,,,,,,Re-use Day 2 - Team Comp 2 as Day 3 - Team Comp 1,A Group,Oguri Cap,Late Surger,Ace built for this CM before CM start in Grand Concert scenario,Grass Wonder,Front Runner,Debuffer,Agnes Tachyon,Front Runner,Debuffer,4 Attempts - 20 Races total,14,Day 4,,,,,,,,,,,,,,,Re-use Day 3 - Team Comp 1 as Day 4 - Team Comp 1,A Group,,,,,,,,,,4 Attempts - 20 Races total,16,Go to Submit page,,,,,,,,,,,,,,,,,,,,,,,,,,,,,,,,,,,,,,,,,,,,,,,,
8/14/2026 10:40:51,Monterra,Graded (No Uma Restrictions),Get into A finals,I accept these terms,Finals,Linux,$0,655,6-10 (roughly 1 per day),Twitch - MooMooCows - https://www.twitch.tv/moomoomoocows,5,,Oguri Cap,Pace Chaser,Ace built for this CM before CM start in Grand Concert scenario,2,0,1,0,2,1,0,El Condor Pasa,Pace Chaser,Ace built for this CM before CM start in Grand Concert scenario,3,0,0,0,2,1,0,Nice Nature,Late Surger,Hybrid (ace + debuffer),2,0,0,0,3,1,0,4 Attempts - 20 Races total,9,Day 2,,,,,,,,,,,,,,Re-use Day 1 - Team Comp 1 as Day 2 - Team Comp 1,,,,,,,,,,4 Attempts - 20 Races total,10,Day 3,,,,,,,,,,,,,,,Add new Team Comp as Day 3 - Team Comp 1,A Group,Oguri Cap,Pace Chaser,Mid-CM Ace build in Grand Concert scenario,El Condor Pasa,Pace Chaser,Mid-CM Ace build in Grand Concert scenario,Nice Nature (Cheerleader),Late Surger,Hybrid (ace + debuffer),4 Attempts - 20 Races total,3,Go to Submit page,,,,,,,,,,,,,,,Re-use Day 3 - Team Comp 1 as Day 4 - Team Comp 1,A Group,,,,,,,,,,4 Attempts - 20 Races total,3,Go to Submit page,,,,,,,,,,,,,,,B Finals,1691,Re-use Day 4 - Team Comp 1 as Finals Team Comp,,,,,,,,,,https://drive.google.com/open?id=1aPYDEAkXY80iwoJi6rys4taZJOyUIcWi,1st,,,,,,,,,,,,https://drive.google.com/open?id=1cV_qrmO6ABT-vWmlyEUOjjNkz4S7g1KQ,https://drive.google.com/open?id=1CCPVLSfxPbWs6M7fMogo6QxOvsN_XmlR,,0,16,0,0,0,https://drive.google.com/open?id=119PQlz2Ev1CAK1PwbF7YVD7-rrJjdMK-
8/14/2026 8:19:43,Ch | en ◎,Graded (No Uma Restrictions),Win A finals with any uma,I accept these terms,Finals,,$101-500,,31-45 (roughly 5-6 per day),,,,Oguri Cap (Christmas),Pace Chaser,Ace built for this CM before CM start in Grand Concert scenario,3,,,,2,1,,Nice Nature,Late Surger,Debuffer,,,,,,,,Mayano Top Gun (Wedding),Late Surger,Debuffer,,,,,,,,4 Attempts - 20 Races total,15,Day 2,,,,,,,,,,,,,,Re-use Day 1 - Team Comp 1 as Day 2 - Team Comp 1,,,,,,,,,,4 Attempts - 20 Races total,14,Day 3,,,,,,,,,,,,,,,Add new Team Comp as Day 3 - Team Comp 1,A Group,Oguri Cap (Christmas),Pace Chaser,Ace built for this CM before CM start in Grand Concert scenario,Grass Wonder,Late Surger,Debuffer,Eishin Flash (Valentine),Late Surger,Debuffer,4 Attempts - 20 Races total,17,Go to Submit page,,,,,,,,,,,,,,,Re-use Day 3 - Team Comp 1 as Day 4 - Team Comp 1,A Group,,,,,,,,,,4 Attempts - 20 Races total,15,Go to Submit page,,,,,,,,,,,,,,,A Finals,12978,Re-use Day 4 - Team Comp 1 as Finals Team Comp,,,,,,,,,,https://drive.google.com/open?id=1M-nBa1Fok5vFwKvSL_PGoNQomYpeXfC0,1st,,,,,,,,,,,,,,,,,,,,
8/14/2026 10:56:27,Calvin,Graded (No Uma Restrictions),Get into A finals,I accept these terms,Finals,"Android - phone or tablet, Windows",$501-1000,1256,46+ (more than 6 per day),"Discord - MooMooCord - https://discord.gg/Hc7cP9GB, Reddit - /r/umamusumeGame",,,Oguri Cap (Christmas),End Closer,Ace built for this CM before CM start in Grand Concert scenario,3,0,0,0,2,1,0,Agnes Tachyon,Late Surger,Debuffer,1,0,1,0,3,1,0,Eishin Flash (Valentine),Front Runner,Debuffer,1,0,1,0,3,1,0,4 Attempts - 20 Races total,18,Day 2,,,,,,,,,,,,,,Re-use Day 1 - Team Comp 1 as Day 2 - Team Comp 1,,,,,,,,,,4 Attempts - 20 Races total,16,Day 3,,,,,,,,,,,,,,,Re-use Day 2 - Team Comp 1 as Day 3 - Team Comp 1,A Group,,,,,,,,,,4 Attempts - 20 Races total,19,Go to Submit page,,,,,,,,,,,,,,,Re-use Day 3 - Team Comp 1 as Day 4 - Team Comp 1,A Group,,,,,,,,,,4 Attempts - 20 Races total,16,Go to Submit page,,,,,,,,,,,,,,,A Finals,18378,Re-use Day 4 - Team Comp 1 as Finals Team Comp,,,,,,,,,,https://drive.google.com/open?id=1GAlO1FpoTcGs3e3x6V88suApdDGUGRdQ,1st,,,,,,,,,,,,https://drive.google.com/open?id=1O2k407Xhmu7dChAXXTxqXPSRSfpy4aW3,https://drive.google.com/open?id=1BJk1BptrgTCum6v5mQ0pB6JH1wrU1I-4,,1,12,3,0,0,https://drive.google.com/open?id=1WdvEhWfrzLD-OVSMZQyjF8Mbfp3UPra5
8/14/2026 15:00:31,CrispyTuna,Graded (No Uma Restrictions),Win A finals with any uma,I accept these terms,Finals,"iOS - phone or tablet, Windows",$0,1702,46+ (more than 6 per day),"Discord - MooMooCord - https://discord.gg/Hc7cP9GB, Twitch - MooMooCows - https://www.twitch.tv/moomoomoocows",5,,Oguri Cap (Christmas),Pace Chaser,Ace built for this CM before CM start in Grand Concert scenario,2,1,0,0,2,1,0,Agnes Tachyon,Late Surger,Debuffer,1,,1,,4,,,Grass Wonder,Late Surger,Debuffer,1,,1,,4,,,4 Attempts - 20 Races total,18,Day 2,,,,,,,,,,,,,,Re-use Day 1 - Team Comp 1 as Day 2 - Team Comp 1,,,,,,,,,,4 Attempts - 20 Races total,20,Day 3,,,,,,,,,,,,,,,Re-use Day 2 - Team Comp 1 as Day 3 - Team Comp 1,A Group,,,,,,,,,,4 Attempts - 20 Races total,19,Go to Submit page,,,,,,,,,,,,,,,Re-use Day 3 - Team Comp 1 as Day 4 - Team Comp 1,A Group,,,,,,,,,,4 Attempts - 20 Races total,20,Go to Submit page,,,,,,,,,,,,,,,A Finals,15286,Re-use Day 4 - Team Comp 1 as Finals Team Comp,,,,,,,,,,https://drive.google.com/open?id=1N6BlKwGYx9xiFOHTmGNfUf0KvxMU51Ae,1st,,,,,,,,,,,,https://drive.google.com/open?id=1EOTyhd0fhLKKlkNObkJgfLpTE6j3gHs1,https://drive.google.com/open?id=19JaQ_2B4NTJoyYNgRoCQpoCSUZF4iTq_,,0,8,7,0,0,https://drive.google.com/open?id=1o7AcikSCADnsYV7V0u6pXq62pDXlT8t3
8/12/2026 11:29:49,rebb,Graded (No Uma Restrictions),"Win A finals with ""oshi"" uma",I accept these terms,Day 4,Android - phone or tablet,$1-100,,31-45 (roughly 5-6 per day),,,,Smart Falcon,Front Runner,Ace built for this CM before CM start in Grand Concert scenario,2,1,,,2,1,,Nice Nature,Late Surger,Debuffer,1,2,,,2,1,,Grass Wonder,Late Surger,Debuffer,1,2,,,2,1,,4 Attempts - 20 Races total,14,Day 2,,,,,,,,,,,,,,Re-use Day 1 - Team Comp 1 as Day 2 - Team Comp 1,,,,,,,,,,4 Attempts - 20 Races total,14,Day 3,,,,,,,,,,,,,,,Re-use Day 2 - Team Comp 1 as Day 3 - Team Comp 1,A Group,,,,,,,,,,4 Attempts - 20 Races total,14,Go to Submit page,,,,,,,,,,,,,,,Add a new Team Comp as Day 4 - Team Comp 1,A Group,Grass Wonder,Late Surger,Debuffer,Smart Falcon (Grand Concert),Front Runner,Ace built for this CM before CM start in Grand Concert scenario,Symboli Rudolf,Front Runner,Debuffer,4 Attempts - 20 Races total,14,Go to Submit page,,,,,,,,,,,,,,,,,,,,,,,,,,,,,,,,,,,,,,,,,,,,,,,,
8/12/2026 10:32:39,Umaskyl,Graded (No Uma Restrictions),Win A finals with any uma,I accept these terms,Day 4,"Android - phone or tablet, Windows",$1-100,1550,46+ (more than 6 per day),Twitch - MooMooCows - https://www.twitch.tv/moomoomoocows,,Need to split between clanker and normal runs in the ending survey.,Copano Rickey,Late Surger,Ace built for this CM before CM start in Grand Concert scenario,3,1,0,0,1,1,0,Agnes Tachyon,Front Runner,Debuffer,,,,,,,,Eishin Flash (Valentine),Pace Chaser,Debuffer,,,,,,,,4 Attempts - 20 Races total,14,Day 2,,,,,,,,,,,,,,Re-use Day 1 - Team Comp 1 as Day 2 - Team Comp 1,,,,,,,,,,4 Attempts - 20 Races total,12,Day 3,,,,,,,,,,,,,,,Re-use Day 2 - Team Comp 1 as Day 3 - Team Comp 1,A Group,,,,,,,,,,4 Attempts - 20 Races total,14,Go to Submit page,,,,,,,,,,,,,,,Re-use Day 3 - Team Comp 1 as Day 4 - Team Comp 1,A Group,,,,,,,,,,4 Attempts - 20 Races total,10,Go to Submit page,,,,,,,,,,,,,,,,,,,,,,,,,,,,,,,,,,,,,,,,,,,,,,,,
8/11/2026 13:06:27,CaitzaiXD,Graded (No Uma Restrictions),Get into A finals,I accept these terms,Day 3,Windows,$1-100,519,6-10 (roughly 1 per day),YouTube - MooMooCows - https://www.youtube.com/@MooMooCows,4,,,,,,,,,,,,,,,,,,,,,,,,,,,,,,,,,,,,,,,,,,,,,,,,,,,,,,,,,,,,,,,,,,,,,,,,,,,Add new Team Comp as Day 3 - Team Comp 1,A Group,Agnes Digital,End Closer,Mid-CM Ace build in Grand Concert scenario,Grass Wonder,Pace Chaser,Debuffer,Nice Nature,Late Surger,Debuffer,3 Attempts - 15 Races total,7,Go to Submit page,,,,,,,,,,,,,,,,,,,,,,,,,,,,,,,,,,,,,,,,,,,,,,,,,,,,,,,,,,,,,,,,,,,,,,,,,,,,
8/14/2026 5:30:50,frozen_in_place,Graded (No Uma Restrictions),Get into A finals,I accept these terms,Finals,"Android - phone or tablet, Windows",$1-100,1399,11-20 (roughly 2-3 per day),"Twitch - MooMooCows - https://www.twitch.tv/moomoomoocows, YouTube - MooMooCows - https://www.youtube.com/@MooMooCows",4,,Oguri Cap (Christmas),Pace Chaser,Ace built for this CM before CM start in Grand Concert scenario,2,1,0,0,2,1,0,Grass Wonder,Late Surger,Debuffer,,,,,,,,Agnes Tachyon,Late Surger,Debuffer,,,,,,,,3 Attempts - 15 Races total,7,Day 2,,,,,,,,,,,,,,Re-use Day 1 - Team Comp 1 as Day 2 - Team Comp 1,,,,,,,,,,3 Attempts - 15 Races total,10,Day 3,,,,,,,,,,,,,,,Re-use Day 2 - Team Comp 1 as Day 3 - Team Comp 1,A Group,,,,,,,,,,4 Attempts - 20 Races total,11,Go to Submit page,,,,,,,,,,,,,,,Re-use Day 3 - Team Comp 1 as Day 4 - Team Comp 1,A Group,,,,,,,,,,4 Attempts - 20 Races total,11,Go to Submit page,,,,,,,,,,,,,,,A Finals,8041,Re-use Day 4 - Team Comp 1 as Finals Team Comp,,,,,,,,,,https://drive.google.com/open?id=1bLGj2896BXc7ScF-l9KxU3NyWnfnxdfh,1st,,,,,,,,,,,i feel nothing o_o,https://drive.google.com/open?id=1cPKEk9l2bokC84pDI7nntRlw4JeidwrU,https://drive.google.com/open?id=1-5OilhLnZQVn0Nle0fUEfTxu2AbFJnJO,,0,8,9,0,0,https://drive.google.com/open?id=15g-EdL-8nAwg5Hw-hBsgzPcQDj_35gzq
8/11/2026 13:15:36,hoppxh,Graded (No Uma Restrictions),Win A finals with any uma,I accept these terms,Day 1,"Android - phone or tablet, Windows",$1-100,1650,46+ (more than 6 per day),,,,Oguri Cap (Christmas),Pace Chaser,Ace built for this CM before CM start in Grand Concert scenario,2,1,,,2,1,,Grass Wonder,Late Surger,Debuffer,,,,,,,,Eishin Flash (Valentine),Late Surger,Debuffer,,,,,,,,4 Attempts - 20 Races total,19,Day 2,,,,,,,,,,,,,,Re-use Day 1 - Team Comp 1 as Day 2 - Team Comp 1,,,,,,,,,,4 Attempts - 20 Races total,16,Day 3,,,,,,,,,,,,,,,Re-use Day 2 - Team Comp 1 as Day 3 - Team Comp 1,A Group,,,,,,,,,,4 Attempts - 20 Races total,15,Go to Submit page,,,,,,,,,,,,,,,,,,,,,,,,,,,,,,,,,,,,,,,,,,,,,,,,,,,,,,,,,,,,,,,,,,,,,,,,,,,,
8/14/2026 6:12:24,BoopTamaNiceGrass,Graded (No Uma Restrictions),"Win A finals with ""oshi"" uma",I accept these terms,Finals,Windows,$101-500,689,31-45 (roughly 5-6 per day),Reddit - /r/umamusumeGame,,,Tamamo Cross,Late Surger,Ace built for this CM before CM start in Grand Concert scenario,3,0,0,0,2,1,0,Nice Nature,Front Runner,Debuffer,,,,,,,,Grass Wonder,End Closer,Debuffer,,,,,,,,4 Attempts - 20 Races total,16,Day 2,,,,,,,,,,,,,,Re-use Day 1 - Team Comp 1 as Day 2 - Team Comp 1,,,,,,,,,,4 Attempts - 20 Races total,18,Day 3,,,,,,,,,,,,,,,Re-use Day 2 - Team Comp 1 as Day 3 - Team Comp 1,A Group,,,,,,,,,,4 Attempts - 20 Races total,15,Go to Submit page,,,,,,,,,,,,,,,Re-use Day 3 - Team Comp 1 as Day 4 - Team Comp 1,A Group,,,,,,,,,,4 Attempts - 20 Races total,11,Go to Submit page,,,,,,,,,,,,,,,A Finals,10224,Re-use Day 4 - Team Comp 1 as Finals Team Comp,,,,,,,,,,https://drive.google.com/open?id=1oDpVcMM3Lae_a_4PfxB_KDiVkBqyFes0,1st,,,,,,,,,,,,https://drive.google.com/open?id=1jW8U9g6aEWEuadKr22q7YvVsrxqWu4GD,https://drive.google.com/open?id=1FbXzav8px9fPQnL_zz_QUHgG41E0ozj-,,0,15,0,0,0,https://drive.google.com/open?id=1zVsusvd-Y7N12yQ_yxSVke70ls5T3gJt
8/11/2026 14:51:34,Sac,Graded (No Uma Restrictions),Win A finals with any uma,I accept these terms,Day 1,Android - phone or tablet,$0,1329,11-20 (roughly 2-3 per day),YouTube - MooMooCows - https://www.youtube.com/@MooMooCows,5,Prob independent career vs manual career will skew the stats now,Oguri Cap (Christmas),Pace Chaser,Ace built for this CM before CM start in Grand Concert scenario,2,0,1,0,2,1,0,Grass Wonder,Late Surger,Debuffer,1,1,0,0,3,1,0,Eishin Flash (Valentine),Late Surger,Debuffer,1,1,0,0,3,1,0,4 Attempts - 20 Races total,14,Day 2,,,,,,,,,,,,,,Re-use Day 1 - Team Comp 1 as Day 2 - Team Comp 1,,,,,,,,,,4 Attempts - 20 Races total,18,Day 3,,,,,,,,,,,,,,,Re-use Day 2 - Team Comp 1 as Day 3 - Team Comp 1,A Group,,,,,,,,,,4 Attempts - 20 Races total,18,Go to Submit page,,,,,,,,,,,,,,,,,,,,,,,,,,,,,,,,,,,,,,,,,,,,,,,,,,,,,,,,,,,,,,,,,,,,,,,,,,,,
8/14/2026 7:07:14,thecrecarc,Graded (No Uma Restrictions),Win A finals with any uma,I accept these terms,Finals,,$1-100,,11-20 (roughly 2-3 per day),Discord - MooMooCord - https://discord.gg/Hc7cP9GB,,,Agnes Digital,Late Surger,Ace built for this CM before CM start in Grand Concert scenario,3,1,0,,1,1,,Copano Rickey,Late Surger,Ace built for this CM before CM start in Grand Concert scenario,3,1,0,0,1,1,,Grass Wonder,Front Runner,Debuffer,,,,,,,,4 Attempts - 20 Races total,16,Go to Submit page,,,,,,,,,,,,,,Re-use Day 1 - Team Comp 1 as Day 2 - Team Comp 1,,,,,,,,,,4 Attempts - 20 Races total,18,Day 3,,,,,,,,,,,,,,,Re-use Day 2 - Team Comp 1 as Day 3 - Team Comp 1,A Group,,,,,,,,,,4 Attempts - 20 Races total,14,Go to Submit page,,,,,,,,,,,,,,,Re-use Day 3 - Team Comp 1 as Day 4 - Team Comp 1,A Group,,,,,,,,,,4 Attempts - 20 Races total,14,Go to Submit page,,,,,,,,,,,,,,,A Finals,,Re-use Day 4 - Team Comp 1 as Finals Team Comp,,,,,,,,,,https://drive.google.com/open?id=12ErHkbZ9yeX-QJL14nWljoDqJF_mdiMQ,1st,,,,,,,,,,,,,,,,,,,,
8/12/2026 15:49:23,FlameMaster,Graded (No Uma Restrictions),Collect participation rewards,I accept these terms,Day 4,Android - phone or tablet,$101-500,816,6-10 (roughly 1 per day),Discord - MooMooCord - https://discord.gg/Hc7cP9GB,,,Oguri Cap,Pace Chaser,Ace built for this CM before CM start in Grand Concert scenario,3,1,0,0,1,1,0,Nice Nature,Late Surger,Debuffer,1,1,2,0,2,0,0,Super Creek (Halloween),Late Surger,Debuffer,1,1,2,0,2,0,0,4 Attempts - 20 Races total,8,Day 2,,,,,,,,,,,,,,Re-use Day 1 - Team Comp 1 as Day 2 - Team Comp 1,,,,,,,,,,4 Attempts - 20 Races total,10,Day 3,,,,,,,,,,,,,,,Re-use Day 2 - Team Comp 1 as Day 3 - Team Comp 1,A Group,,,,,,,,,,3 Attempts - 15 Races total,3,Go to Submit page,,,,,,,,,,,,,,,Add a new Team Comp as Day 4 - Team Comp 1,A Group,Oguri Cap,Pace Chaser,Ace built for this CM before CM start in Grand Concert scenario,Agnes Tachyon,End Closer,Debuffer,Symboli Rudolf,End Closer,Debuffer,4 Attempts - 20 Races total,6,Go to Submit page,,,,,,,,,,,,,,,,,,,,,,,,,,,,,,,,,,,,,,,,,,,,,,,,
8/14/2026 12:48:07,fiannez,Graded (No Uma Restrictions),Get into A finals,I accept these terms,Finals,"iOS - phone or tablet, Windows",$0,985,21-30 (roughly 3-4 per day),Discord - MooMooCord - https://discord.gg/Hc7cP9GB,5,,Copano Rickey,Front Runner,Ace built for this CM before CM start in Grand Concert scenario,3,1,,,1,1,,Gold City,Late Surger,Ace built for this CM before CM start in Grand Concert scenario,3,1,,,1,1,,Agnes Digital,Late Surger,Ace built for this CM before CM start in Grand Concert scenario,3,1,,,1,1,,4 Attempts - 20 Races total,10,Day 2,,,,,,,,,,,,,,Re-use Day 1 - Team Comp 1 as Day 2 - Team Comp 1,,,,,,,,,,4 Attempts - 20 Races total,6,Day 3,,,,,,,,,,,,,,,Re-use Day 2 - Team Comp 1 as Day 3 - Team Comp 1,A Group,,,,,,,,,,4 Attempts - 20 Races total,7,Go to Submit page,,,,,,,,,,,,,,,Re-use Day 3 - Team Comp 1 as Day 4 - Team Comp 1,A Group,,,,,,,,,,4 Attempts - 20 Races total,6,Go to Submit page,,,,,,,,,,,,,,,A Finals,11645,Re-use Day 4 - Team Comp 1 as Finals Team Comp,,,,,,,,,,,2nd,No (goes to Submit page),,,,,,,,,,,,,,,,,,,
8/12/2026 11:05:03,Gryfko,Graded (No Uma Restrictions),Win A finals with any uma,I accept these terms,Day 4,,$1-100,1937,46+ (more than 6 per day),,,,Oguri Cap (Christmas),Pace Chaser,Ace built for this CM before CM start in Grand Concert scenario,2,,1,,2,1,,Grass Wonder,End Closer,Debuffer,1,,,,,1,,Agnes Tachyon,End Closer,Debuffer,1,,1,,3,1,,4 Attempts - 20 Races total,15,Day 2,,,,,,,,,,,,,,Re-use Day 1 - Team Comp 1 as Day 2 - Team Comp 1,,,,,,,,,,4 Attempts - 20 Races total,16,Day 3,,,,,,,,,,,,,,,Re-use Day 2 - Team Comp 1 as Day 3 - Team Comp 1,A Group,,,,,,,,,,4 Attempts - 20 Races total,14,Go to Submit page,,,,,,,,,,,,,,,Re-use Day 3 - Team Comp 1 as Day 4 - Team Comp 1,A Group,,,,,,,,,,4 Attempts - 20 Races total,16,Go to Submit page,,,,,,,,,,,,,,,,,,,,,,,,,,,,,,,,,,,,,,,,,,,,,,,,
8/14/2026 5:08:52,Triszari,Graded (No Uma Restrictions),Get into A finals,I accept these terms,Finals,Windows,$101-500,1588,46+ (more than 6 per day),Reddit - /r/umamusumeGame,,,Agnes Digital,End Closer,Ace built for this CM before CM start in Grand Concert scenario,3,1,,,0,0,,Nice Nature,Late Surger,Debuffer,,,,,,,,Grass Wonder,Late Surger,Debuffer,,,,,,,,4 Attempts - 20 Races total,9,Day 2,,,,,,,,,,,,,,Re-use Day 1 - Team Comp 1 as Day 2 - Team Comp 1,,,,,,,,,,4 Attempts - 20 Races total,7,Day 3,,,,,,,,,,,,,,,Re-use Day 2 - Team Comp 1 as Day 3 - Team Comp 1,A Group,,,,,,,,,,4 Attempts - 20 Races total,11,Go to Submit page,,,,,,,,,,,,,,,Re-use Day 3 - Team Comp 1 as Day 4 - Team Comp 1,A Group,,,,,,,,,,4 Attempts - 20 Races total,9,Go to Submit page,,,,,,,,,,,,,,,A Finals,6472,Re-use Day 4 - Team Comp 1 as Finals Team Comp,,,,,,,,,,https://drive.google.com/open?id=1Bg79OWz_dpEQ1Jvfgeglotc067zADB1a,1st,,,,,,,,,,,,,,,,,,,,https://drive.google.com/open?id=1AomV0sy2kSO6oYgePKqaUqspCGucmC33
8/14/2026 5:23:37,BrickyTen,Graded (No Uma Restrictions),"Win A finals with ""oshi"" uma",I accept these terms,Finals,Windows,$101-500,1675,31-45 (roughly 5-6 per day),"Discord - MooMooCord - https://discord.gg/Hc7cP9GB, Twitch - MooMooCows - https://www.twitch.tv/moomoomoocows",,,Copano Rickey,Front Runner,Ace built for this CM before CM start in Grand Concert scenario,,,,,,,,Maruzensky (Summer),Front Runner,Ace built for this CM before CM start in Grand Concert scenario,,,,,,,,Symboli Rudolf,Late Surger,Debuffer,,,,,,,,4 Attempts - 20 Races total,18,Day 2,,,,,,,,,,,,,,Re-use Day 1 - Team Comp 1 as Day 2 - Team Comp 1,,,,,,,,,,4 Attempts - 20 Races total,14,Day 3,,,,,,,,,,,,,,,Re-use Day 2 - Team Comp 1 as Day 3 - Team Comp 1,A Group,,,,,,,,,,4 Attempts - 20 Races total,13,Go to Submit page,,,,,,,,,,,,,,,Re-use Day 3 - Team Comp 1 as Day 4 - Team Comp 1,A Group,,,,,,,,,,4 Attempts - 20 Races total,15,Go to Submit page,,,,,,,,,,,,,,,A Finals,11687,Re-use Day 4 - Team Comp 1 as Finals Team Comp,,,,,,,,,,https://drive.google.com/open?id=1PNKZY7QkRCKgOTiw0HkubXSblyU1wuJC,1st,,,,,,,,,,,,https://drive.google.com/open?id=1T9gSuq-ECOtKthR37qfOx6fJUaUdPm5F,https://drive.google.com/open?id=1ThVBMlhIPno1b24WvNgAuz6zBQv6WSXf,,,7,8,,,https://drive.google.com/open?id=1N3m6XQzyT65IdoTQzMOXjd49N7mltOXs
8/14/2026 6:07:38,Hiarin,Graded (No Uma Restrictions),Rather not say,I accept these terms,Finals,"iOS - phone or tablet, Android - phone or tablet, Windows",$1-100,1544,46+ (more than 6 per day),YouTube - MooMooCows - https://www.youtube.com/@MooMooCows,5,,Oguri Cap (Christmas),Pace Chaser,Ace built for this CM before CM start in Grand Concert scenario,3,,0,0,2,1,0,Grass Wonder,Late Surger,Debuffer,,,,,,,,Nice Nature,Late Surger,Debuffer,,,,,,,,2 Attempts - 10 Races total,5,Day 1 - Add 2nd Team,Oguri Cap (Christmas),Pace Chaser,Ace built for this CM before CM start in Grand Concert scenario,Nice Nature,Late Surger,Debuffer,Grass Wonder,Late Surger,Debuffer,2 Attempts - 10 Races total,8,2 teams,Day 2,Re-use Day 1 - Team Comp 2 as Day 2 - Team Comp 1,,,,,,,,,,4 Attempts - 20 Races total,18,Day 3,,,,,,,,,,,,,,,Re-use Day 2 - Team Comp 2 as Day 3 - Team Comp 1,A Group,,,,,,,,,,4 Attempts - 20 Races total,12,Go to Submit page,,,,,,,,,,,,,,,Re-use Day 3 - Team Comp 1 as Day 4 - Team Comp 1,A Group,,,,,,,,,,4 Attempts - 20 Races total,11,Go to Submit page,,,,,,,,,,,,,,,A Finals,7761,Re-use Day 4 - Team Comp 2 as Finals Team Comp,,,,,,,,,,https://drive.google.com/open?id=1M_yBq6ed2qDxrdbwPeZZlYaAEfJcKtS5,2nd,No (goes to Submit page),,,,,,,,,,,,,,,,,,,
8/14/2026 5:36:57,TokyoGabagool,Graded (No Uma Restrictions),Win A finals with any uma,I accept these terms,Finals,"iOS - phone or tablet, Windows",$101-500,1873,21-30 (roughly 3-4 per day),Discord - MooMooCord - https://discord.gg/Hc7cP9GB,5,,Oguri Cap (Christmas),Pace Chaser,Ace built for this CM before CM start in Grand Concert scenario,3,0,0,0,2,1,,Agnes Tachyon,Late Surger,Debuffer,,,,,,,,Symboli Rudolf,Late Surger,Debuffer,,,,,,,,4 Attempts - 20 Races total,14,Day 2,,,,,,,,,,,,,,Re-use Day 1 - Team Comp 1 as Day 2 - Team Comp 1,,,,,,,,,,4 Attempts - 20 Races total,18,Go to Submit page,,,,,,,,,,,,,,,Add new Team Comp as Day 3 - Team Comp 1,A Group,Oguri Cap (Christmas),Pace Chaser,Ace built for this CM before CM start in Grand Concert scenario,Agnes Tachyon,Late Surger,Debuffer,Grass Wonder,Late Surger,Debuffer,4 Attempts - 20 Races total,15,Go to Submit page,,,,,,,,,,,,,,,Re-use Day 3 - Team Comp 1 as Day 4 - Team Comp 1,A Group,,,,,,,,,,4 Attempts - 20 Races total,15,Go to Submit page,,,,,,,,,,,,,,,A Finals,10908,Re-use Day 4 - Team Comp 2 as Finals Team Comp,,,,,,,,,,https://drive.google.com/open?id=1ohGGb6Hn4t9w-UJSoPrEBI3bi6rqxOYm,1st,,,,,,,,,,,,https://drive.google.com/open?id=1LaTgZJci_zR617uTpuvVt0e3bkTR0p6u,https://drive.google.com/open?id=1EZN39moLFT_IfU5N0khq7iHtk5UoinCw,,2,14,0,0,0,https://drive.google.com/open?id=1FACzYdDV6lMetT2Se9xiJU3Gl0041IqI
8/14/2026 21:59:04,Eligibility,Graded (No Uma Restrictions),Get into A finals,I accept these terms,Finals,Android - phone or tablet,$0,1121,46+ (more than 6 per day),Discord - MooMooCord - https://discord.gg/Hc7cP9GB,5,,Agnes Digital,Late Surger,Ace built for this CM before CM start in Grand Concert scenario,3,1,,,1,1,,Agnes Tachyon,Late Surger,Debuffer,,,,,,,,Nice Nature,Late Surger,Debuffer,,,,,,,,4 Attempts - 20 Races total,12,Day 2,,,,,,,,,,,,,,Re-use Day 1 - Team Comp 1 as Day 2 - Team Comp 1,,,,,,,,,,4 Attempts - 20 Races total,9,Day 3,,,,,,,,,,,,,,,Add new Team Comp as Day 3 - Team Comp 1,A Group,Agnes Digital,Late Surger,Ace built for this CM before CM start in Grand Concert scenario,Agnes Tachyon,Late Surger,Debuffer,Grass Wonder,Late Surger,Debuffer,4 Attempts - 20 Races total,10,Go to Submit page,,,,,,,,,,,,,,,Re-use Day 3 - Team Comp 1 as Day 4 - Team Comp 1,A Group,,,,,,,,,,4 Attempts - 20 Races total,11,Go to Submit page,,,,,,,,,,,,,,,A Finals,9498,Re-use Day 4 - Team Comp 1 as Finals Team Comp,,,,,,,,,,https://drive.google.com/open?id=1iyieRLWqgCEIkdrVlqe7R2ofsoCEgQZ3,2nd,Yes,https://drive.google.com/open?id=17z62XxhG7Bf7IwmWYMzWK581__0rRe9r,https://drive.google.com/open?id=1f1f_KnYU1zgZdG_Mqw4vgZDVWmlnuUQr,,0,12,3,1,0,https://drive.google.com/open?id=1rP6_G7pKvUxzs_MdynJV_XQ0lZqoUix0,,,,,,,,,,
8/14/2026 23:13:59,FragLemon,Graded (No Uma Restrictions),Win A finals with any uma,I accept these terms,Finals,Android - phone or tablet,$501-1000,1251,31-45 (roughly 5-6 per day),Discord - MooMooCord - https://discord.gg/Hc7cP9GB,5,,Copano Rickey,Front Runner,Ace built for this CM before CM start in Grand Concert scenario,3,0,0,0,2,1,0,Smart Falcon,Front Runner,Ace built for this CM before CM start in Grand Concert scenario,2,0,0,0,3,1,0,Mayano Top Gun (Wedding),Late Surger,Debuffer,0,1,1,,3,1,0,1 Attempt - 5 Races total,4,Day 1 - Add 2nd Team,Copano Rickey,Front Runner,Mid-CM Ace build in Grand Concert scenario,Smart Falcon,Front Runner,Ace built for this CM before CM start in Grand Concert scenario,Mayano Top Gun (Wedding),Late Surger,Debuffer,3 Attempts - 15 Races total,13,2 teams,Day 2,Add new Team Comp as Day 2 - Team Comp 1,Copano Rickey,Front Runner,Mid-CM Ace build in Grand Concert scenario,Smart Falcon,Front Runner,Ace built for this CM before CM start in Grand Concert scenario,Mayano Top Gun (Wedding),Late Surger,Debuffer,4 Attempts - 20 Races total,18,Day 3,,,,,,,,,,,,,,,Add new Team Comp as Day 3 - Team Comp 1,A Group,Copano Rickey,Front Runner,Mid-CM Ace build in Grand Concert scenario,Smart Falcon,Front Runner,Ace built for this CM before CM start in Grand Concert scenario,Mayano Top Gun (Wedding),Late Surger,Debuffer,4 Attempts - 20 Races total,12,Go to Submit page,,,,,,,,,,,,,,,,,,,,,,,,,,,,,,,,,,,,,,,,,,,A Finals,9768,Re-use Day 4 - Team Comp 1 as Finals Team Comp,,,,,,,,,,https://drive.google.com/open?id=1E6lK1lkXhl3Ovb0w25_aM5DFaW001iRT,3rd,Yes,https://drive.google.com/open?id=1u-bccl07O99nunoXNTwodUC2RC0JjeQp,https://drive.google.com/open?id=1RSWd-4Ke14VwF9zZaXiryo_aI42sHHK2,,,,,,,https://drive.google.com/open?id=1QBD2FcJvEZHxQI-9Kaq3odkim2iHcOMp,,,,,,,,,,
8/14/2026 21:33:45,FXFuSe,Graded (No Uma Restrictions),"Win A finals with ""oshi"" uma",I accept these terms,Finals,,$1-100,886,21-30 (roughly 3-4 per day),,5,,Agnes Digital,Late Surger,Ace built for this CM before CM start in Grand Concert scenario,3,0,0,0,2,1,0,Nice Nature (Cheerleader),End Closer,Debuffer,,,,,,,,Agnes Tachyon,End Closer,Debuffer,,,,,,,,4 Attempts - 20 Races total,12,Go to Submit page,,,,,,,,,,,,,,Re-use Day 1 - Team Comp 1 as Day 2 - Team Comp 1,,,,,,,,,,4 Attempts - 20 Races total,15,Go to Submit page,,,,,,,,,,,,,,,Re-use Day 2 - Team Comp 1 as Day 3 - Team Comp 1,A Group,,,,,,,,,,4 Attempts - 20 Races total,10,Go to Submit page,,,,,,,,,,,,,,,Re-use Day 3 - Team Comp 1 as Day 4 - Team Comp 1,A Group,,,,,,,,,,4 Attempts - 20 Races total,14,Go to Submit page,,,,,,,,,,,,,,,A Finals,,Re-use Day 4 - Team Comp 1 as Finals Team Comp,,,,,,,,,,,2nd,No (goes to Submit page),,,,,,,,,,,,,,,,,,,
8/14/2026 23:36:02,Gaoler,Graded (No Uma Restrictions),Get into A finals,I accept these terms,Day 4,iOS - phone or tablet,$1001-5000,1729,31-45 (roughly 5-6 per day),YouTube - MooMooCows - https://www.youtube.com/@MooMooCows,5,Add clarification for number of runs if independent training should be counted,Oguri Cap (Christmas),Pace Chaser,Ace built for this CM before CM start in Grand Concert scenario,2,1,0,0,2,1,0,Agnes Tachyon,End Closer,Debuffer,,,,,,,,Grass Wonder,End Closer,Debuffer,,,,,,,,4 Attempts - 20 Races total,9,Day 2,,,,,,,,,,,,,,Re-use Day 1 - Team Comp 1 as Day 2 - Team Comp 1,,,,,,,,,,4 Attempts - 20 Races total,11,Day 3,,,,,,,,,,,,,,,Add new Team Comp as Day 3 - Team Comp 1,A Group,Oguri Cap (Christmas),Pace Chaser,Mid-CM Ace build in Grand Concert scenario,Agnes Tachyon,Late Surger,Debuffer,Grass Wonder,Late Surger,Debuffer,4 Attempts - 20 Races total,17,Go to Submit page,,,,,,,,,,,,,,,Re-use Day 3 - Team Comp 2 as Day 4 - Team Comp 1,A Group,,,,,,,,,,4 Attempts - 20 Races total,10,Finals,,,,,,,,,,,,,,,A Finals,12892,Re-use Day 4 - Team Comp 2 as Finals Team Comp,,,,,,,,,,,1st,,,,,,,,,,,,,,,0,13,0,0,0,
8/11/2026 22:33:11,Martin,Graded (No Uma Restrictions),"Win A finals with ""oshi"" uma",I accept these terms,Day 1,Android - phone or tablet,$1-100,,46+ (more than 6 per day),YouTube - MooMooCows - https://www.youtube.com/@MooMooCows,4,,El Condor Pasa,Pace Chaser,Ace built for this CM before CM start in Grand Concert scenario,2,1,1,,1,1,,Grass Wonder,Late Surger,Debuffer,,,,,,,,Nice Nature,Late Surger,Debuffer,,,,,,,,4 Attempts - 20 Races total,10,Day 2,,,,,,,,,,,,,,Re-use Day 1 - Team Comp 1 as Day 2 - Team Comp 1,,,,,,,,,,4 Attempts - 20 Races total,14,Day 3,,,,,,,,,,,,,,,Re-use Day 2 - Team Comp 1 as Day 3 - Team Comp 1,A Group,,,,,,,,,,4 Attempts - 20 Races total,15,Go to Submit page,,,,,,,,,,,,,,,,,,,,,,,,,,,,,,,,,,,,,,,,,,,,,,,,,,,,,,,,,,,,,,,,,,,,,,,,,,,,
8/11/2026 22:51:44,Eden,Graded (No Uma Restrictions),Get into A finals,I accept these terms,Day 1,,$101-500,770,31-45 (roughly 5-6 per day),,,,Agnes Digital,Late Surger,Ace built for this CM before CM start in Grand Concert scenario,3,0,0,0,2,1,0,Oguri Cap,Late Surger,Ace built for this CM before CM start in Grand Concert scenario,2,1,0,0,2,1,0,Agnes Tachyon,Front Runner,Debuffer,1,0,0,0,4,1,0,4 Attempts - 20 Races total,16,Day 2,,,,,,,,,,,,,,Re-use Day 1 - Team Comp 1 as Day 2 - Team Comp 1,,,,,,,,,,4 Attempts - 20 Races total,17,Day 3,,,,,,,,,,,,,,,Re-use Day 2 - Team Comp 1 as Day 3 - Team Comp 1,A Group,,,,,,,,,,4 Attempts - 20 Races total,14,Go to Submit page,,,,,,,,,,,,,,,,,,,,,,,,,,,,,,,,,,,,,,,,,,,,,,,,,,,,,,,,,,,,,,,,,,,,,,,,,,,,
8/14/2026 11:36:11,MIHO,Graded (No Uma Restrictions),Win A finals with any uma,I accept these terms,Finals,"Android - phone or tablet, Windows",$1-100,1133,21-30 (roughly 3-4 per day),Discord - MooMooCord - https://discord.gg/Hc7cP9GB,5,,Oguri Cap (Christmas),Pace Chaser,Ace built for this CM before CM start in Grand Concert scenario,2,1,0,0,2,1,,Grass Wonder,Late Surger,Debuffer,2,,,4,,,,Symboli Rudolf,Late Surger,Debuffer,1,,,,5,,,4 Attempts - 20 Races total,15,Go to Submit page,,,,,,,,,,,,,,Re-use Day 1 - Team Comp 1 as Day 2 - Team Comp 1,,,,,,,,,,4 Attempts - 20 Races total,15,Go to Submit page,,,,,,,,,,,,,,,Re-use Day 2 - Team Comp 1 as Day 3 - Team Comp 1,A Group,,,,,,,,,,4 Attempts - 20 Races total,17,Go to Submit page,,,,,,,,,,,,,,,Re-use Day 3 - Team Comp 1 as Day 4 - Team Comp 1,A Group,,,,,,,,,,4 Attempts - 20 Races total,9,Go to Submit page,,,,,,,,,,,,,,,A Finals,12358,Re-use Day 4 - Team Comp 1 as Finals Team Comp,,,,,,,,,,https://drive.google.com/open?id=15kJu6cJWbAUQywsUErLqE4T-v4ZA6G4G,1st,,,,,,,,,,,,https://drive.google.com/open?id=1FMWaauyi7W-fx5bh11hh9UjaOmsXapHq,https://drive.google.com/open?id=1MYyJl0z1keseG9C2ufNSE9YkmH5j8E5b,,3,1,0,0,0,https://drive.google.com/open?id=1NuprvYVfnjaWe81l90G9CEd1n8OcsBL5
8/14/2026 12:37:11,The Other Cedric,Graded (No Uma Restrictions),"Win A finals with ""oshi"" uma",I accept these terms,Day 4,"Android - phone or tablet, Windows",$1-100,930,46+ (more than 6 per day),Discord - MooMooCord - https://discord.gg/Hc7cP9GB,4,,Tokai Teio,Pace Chaser,Ace built for this CM before CM start in Grand Concert scenario,2,,1,,2,1,,Symboli Rudolf,Front Runner,Debuffer,,,,,,,,Nice Nature (Cheerleader),Late Surger,Debuffer,,,,,,,,4 Attempts - 20 Races total,14,Day 2,,,,,,,,,,,,,,Re-use Day 1 - Team Comp 1 as Day 2 - Team Comp 1,,,,,,,,,,4 Attempts - 20 Races total,10,Day 3,,,,,,,,,,,,,,,Re-use Day 2 - Team Comp 1 as Day 3 - Team Comp 1,A Group,,,,,,,,,,4 Attempts - 20 Races total,10,Go to Submit page,,,,,,,,,,,,,,,Re-use Day 3 - Team Comp 1 as Day 4 - Team Comp 1,A Group,,,,,,,,,,4 Attempts - 20 Races total,10,Finals,,,,,,,,,,,,,,,A Finals,6651,Re-use Day 4 - Team Comp 1 as Finals Team Comp,,,,,,,,,,https://drive.google.com/open?id=1uO_EftWIvkjdvHM-bM4tnsXvXwW-6Y0w,2nd,No (goes to Submit page),,,,,,,,,,,,,,,,,,,
8/12/2026 15:07:49,Rengshu,Graded (No Uma Restrictions),Win A finals with any uma,I accept these terms,Day 4,Windows,$101-500,1122,46+ (more than 6 per day),Discord - MooMooCord - https://discord.gg/Hc7cP9GB,5,,Oguri Cap (Christmas),Pace Chaser,Ace built for this CM before CM start in Grand Concert scenario,2,,1,,2,1,,Nice Nature,Late Surger,Debuffer,1,1,,,4,,,Grass Wonder,Late Surger,Debuffer,1,1,,,4,,,2 Attempts - 10 Races total,4,Day 1 - Add 2nd Team,Inari One,End Closer,Draft uma,Grass Wonder,Late Surger,Debuffer,Nice Nature,Late Surger,Debuffer,2 Attempts - 10 Races total,7,2 teams,Day 2,Re-use Day 1 - Team Comp 2 as Day 2 - Team Comp 1,,,,,,,,,,2 Attempts - 10 Races total,2,Day 2 - Add 2nd Team,Add new Team Comp as Day 2 - Team Comp 2,Inari One,End Closer,Draft uma,Oguri Cap (Christmas),Pace Chaser,Ace built for this CM before CM start in Grand Concert scenario,Nice Nature,Late Surger,Debuffer,2 Attempts - 10 Races total,8,2 teams,Day 3,Re-use Day 2 - Team Comp 2 as Day 3 - Team Comp 1,A Group,,,,,,,,,,4 Attempts - 20 Races total,14,Go to Submit page,,,,,,,,,,,,,,,Re-use Day 3 - Team Comp 2 as Day 4 - Team Comp 1,A Group,,,,,,,,,,4 Attempts - 20 Races total,15,Go to Submit page,,,,,,,,,,,,,,,,,,,,,,,,,,,,,,,,,,,,,,,,,,,,,,,,
8/14/2026 5:54:55,Hopeful Purveyor,Graded (No Uma Restrictions),"Win A finals with ""oshi"" uma",I accept these terms,Day 4,Windows,Rather not say,1158,31-45 (roughly 5-6 per day),Friend sent me the link,4,,T.M. Opera O,Pace Chaser,Ace built for this CM before CM start in Grand Concert scenario,2,1,,,2,1,,Taiki Shuttle (Camping),Pace Chaser,Ace built for this CM before CM start in Grand Concert scenario,2,1,,,2,1,,Inari One,Late Surger,Ace built for this CM before CM start in Grand Concert scenario,2,1,,,2,1,,4 Attempts - 20 Races total,16,Day 2,,,,,,,,,,,,,,Re-use Day 1 - Team Comp 1 as Day 2 - Team Comp 1,,,,,,,,,,4 Attempts - 20 Races total,17,Day 3,,,,,,,,,,,,,,,Re-use Day 2 - Team Comp 1 as Day 3 - Team Comp 1,A Group,,,,,,,,,,4 Attempts - 20 Races total,9,Go to Submit page,,,,,,,,,,,,,,,Re-use Day 3 - Team Comp 1 as Day 4 - Team Comp 1,A Group,,,,,,,,,,4 Attempts - 20 Races total,9,Finals,,,,,,,,,,,,,,,A Finals,6906,Re-use Day 4 - Team Comp 1 as Finals Team Comp,,,,,,,,,,https://drive.google.com/open?id=16SZgirYnUuXlECVrZ6VwkIeOvWhtgwzh,1st,,,,,,,,,,,"Throughout Dirt and Medium, this Opera alone is the Honored One.",https://drive.google.com/open?id=13xin7iMN_XvCuihqUFNi6HUpvZSPXS5h,https://drive.google.com/open?id=1TSdhIpFUoXyMnPbvCTOvKKTElhdDYopP,,2,4,9,,,https://drive.google.com/open?id=1xNOJXDl2FI4CpwNoBHbyHGRY5bca1c6r
8/12/2026 5:40:26,potatofos,Graded (No Uma Restrictions),"Win A finals with ""oshi"" uma",I accept these terms,Day 1,iOS - phone or tablet,$1-100,1907,46+ (more than 6 per day),Discord - MooMooCord - https://discord.gg/Hc7cP9GB,5,,Hishi Amazon,End Closer,Ace built for this CM before CM start in Grand Concert scenario,3,1,0,0,1,1,0,Agnes Digital,End Closer,Ace built for this CM before CM start in Grand Concert scenario,2,1,0,0,2,1,0,Nice Nature,Late Surger,Debuffer,,,,,,,,4 Attempts - 20 Races total,12,Day 2,,,,,,,,,,,,,,Re-use Day 1 - Team Comp 1 as Day 2 - Team Comp 1,,,,,,,,,,4 Attempts - 20 Races total,18,Day 3,,,,,,,,,,,,,,,Re-use Day 2 - Team Comp 1 as Day 3 - Team Comp 1,A Group,,,,,,,,,,4 Attempts - 20 Races total,10,Day 4,,,,,,,,,,,,,,,Re-use Day 3 - Team Comp 1 as Day 4 - Team Comp 1,A Group,,,,,,,,,,4 Attempts - 20 Races total,12,Go to Submit page,,,,,,,,,,,,,,,,,,,,,,,,,,,,,,,,,,,,,,,,,,,,,,,,
8/12/2026 5:41:24,AntWolf,Graded (No Uma Restrictions),"Win A finals with ""oshi"" uma",I accept these terms,Day 1,"iOS - phone or tablet, Windows",$101-500,2066,31-45 (roughly 5-6 per day),YouTube - MooMooCows - https://www.youtube.com/@MooMooCows,5,,Copano Rickey,Late Surger,Ace built for this CM before CM start in Grand Concert scenario,3,1,0,0,1,1,,Inari One,End Closer,Ace built for this CM before CM start in Grand Concert scenario,3,,,,2,1,,Grass Wonder,Front Runner,Debuffer,,,,,,,,4 Attempts - 20 Races total,14,Day 2,,,,,,,,,,,,,,Re-use Day 1 - Team Comp 1 as Day 2 - Team Comp 1,,,,,,,,,,4 Attempts - 20 Races total,14,Day 3,,,,,,,,,,,,,,,Re-use Day 2 - Team Comp 1 as Day 3 - Team Comp 1,A Group,,,,,,,,,,4 Attempts - 20 Races total,9,Day 4,,,,,,,,,,,,,,,Re-use Day 3 - Team Comp 1 as Day 4 - Team Comp 1,A Group,,,,,,,,,,4 Attempts - 20 Races total,6,Go to Submit page,,,,,,,,,,,,,,,,,,,,,,,,,,,,,,,,,,,,,,,,,,,,,,,,
8/14/2026 5:44:27,TMK1k,Graded (No Uma Restrictions),"Win A finals with ""oshi"" uma",I accept these terms,Finals,,$101-500,1130,,,,,Copano Rickey,Front Runner,Ace built for this CM before CM start in Grand Concert scenario,,,,,,,,Grass Wonder,Late Surger,Debuffer,,,,,,,,Silence Suzuka,Runaway,Blocker/Overtake target/Throwaway/Niche role,,,,,,,,4 Attempts - 20 Races total,20,Day 2,,,,,,,,,,,,,,Re-use Day 1 - Team Comp 1 as Day 2 - Team Comp 1,,,,,,,,,,4 Attempts - 20 Races total,16,Day 3,,,,,,,,,,,,,,,Re-use Day 2 - Team Comp 1 as Day 3 - Team Comp 1,A Group,,,,,,,,,,4 Attempts - 20 Races total,18,Day 4,,,,,,,,,,,,,,,Re-use Day 3 - Team Comp 1 as Day 4 - Team Comp 1,A Group,,,,,,,,,,4 Attempts - 20 Races total,18,Go to Submit page,,,,,,,,,,,,,,,A Finals,15634,Re-use Day 4 - Team Comp 1 as Finals Team Comp,,,,,,,,,,https://drive.google.com/open?id=1OWYlhex_KY3WPKTCRH05H8YudJtxg_KS,1st,,,,,,,,,,,,https://drive.google.com/open?id=1duxR5MyW3y1KxArt2Y1KerkxPVFw-ykx,https://drive.google.com/open?id=1ihmc-hxJ-6Jw5oaOXDAeOXWQNQQVsalQ,,0,13,2,0,0,
8/14/2026 6:15:29,Kiv,Graded (No Uma Restrictions),"Win A finals with ""oshi"" uma",I accept these terms,Finals,"iOS - phone or tablet, Windows",$1-100,1376,46+ (more than 6 per day),Discord - MooMooCord - https://discord.gg/Hc7cP9GB,5,,Agnes Digital,Late Surger,Ace built for this CM before CM start in Grand Concert scenario,2,1,0,0,2,1,0,Nice Nature,Late Surger,Debuffer,0,3,1,,2,0,0,Mayano Top Gun (Wedding),Late Surger,Debuffer,0,3,1,0,2,0,0,4 Attempts - 20 Races total,18,Day 2,,,,,,,,,,,,,,Add new Team Comp as Day 2 - Team Comp 1,Agnes Digital,Late Surger,Ace built for this CM before CM start in Grand Concert scenario,Agnes Tachyon,Late Surger,Debuffer,Grass Wonder,Front Runner,Debuffer,4 Attempts - 20 Races total,17,Day 3,,,,,,,,,,,,,,,Re-use Day 2 - Team Comp 1 as Day 3 - Team Comp 1,A Group,,,,,,,,,,4 Attempts - 20 Races total,13,Day 4,,,,,,,,,,,,,,,Re-use Day 3 - Team Comp 1 as Day 4 - Team Comp 1,A Group,,,,,,,,,,4 Attempts - 20 Races total,17,Go to Submit page,,,,,,,,,,,,,,,A Finals,13473,Re-use Day 4 - Team Comp 1 as Finals Team Comp,,,,,,,,,,https://drive.google.com/open?id=1FMftATzusLF1k6Mg8hcCFTezuECIpoyJ,1st,,,,,,,,,,,Digitan = Mint Fantome,https://drive.google.com/open?id=1Usrctxgrn4zXeC1H-zrngsWh1JFd0IKs,https://drive.google.com/open?id=1hZ3NNtoalqFbPEWTL5Mxre7SBTuinRFj,,3,4,8,0,0,https://drive.google.com/open?id=1fuLWL-mG5VgmQ1A3O_qk_lTGuinMXnIj
8/14/2026 11:47:05,Lwynn,Graded (No Uma Restrictions),Get into A finals,I accept these terms,Finals,iOS - phone or tablet,$1001-5000,,11-20 (roughly 2-3 per day),,,,Copano Rickey,Front Runner,Ace built for this CM before CM start in Grand Concert scenario,2,1,,,2,1,,Smart Falcon,Front Runner,Ace built for this CM before CM start in Grand Concert scenario,2,1,2,,,1,,Oguri Cap (Christmas),Pace Chaser,Ace built for this CM before CM start in Grand Concert scenario,2,,1,,2,1,,4 Attempts - 20 Races total,14,Day 2,,,,,,,,,,,,,,Re-use Day 1 - Team Comp 1 as Day 2 - Team Comp 1,,,,,,,,,,4 Attempts - 20 Races total,14,Day 3,,,,,,,,,,,,,,,Re-use Day 2 - Team Comp 1 as Day 3 - Team Comp 1,A Group,,,,,,,,,,4 Attempts - 20 Races total,12,Day 4,,,,,,,,,,,,,,,Re-use Day 3 - Team Comp 1 as Day 4 - Team Comp 1,A Group,,,,,,,,,,4 Attempts - 20 Races total,11,Go to Submit page,,,,,,,,,,,,,,,A Finals,10081,Re-use Day 4 - Team Comp 1 as Finals Team Comp,,,,,,,,,,https://drive.google.com/open?id=1loY2MExDCRWY5n0KoCLku9KsbHoQDV4S,1st,,,,,,,,,,,,https://drive.google.com/open?id=1Jw6qrmMBwxcZaysXmXFeaD212tKox6xF,https://drive.google.com/open?id=1BsK_b8n46NWTm03GLjNsyp6yuzZ7u8Kj,,,12,2,2,,https://drive.google.com/open?id=183EelyWUdcNn5wP3QwLHlfBLQAs35s0q
8/14/2026 5:45:19,DMNGames,Graded (No Uma Restrictions),"Win A finals with ""oshi"" uma",I accept these terms,Day 1,Windows,Rather not say,1072,46+ (more than 6 per day),Friend sent me the link,5,,Taiki Shuttle (Camping),Pace Chaser,Ace built for this CM before CM start in Grand Concert scenario,2,1,,,2,1,,Agnes Tachyon,Front Runner,Debuffer,1,,,,5,,,Grass Wonder,End Closer,Debuffer,1,,,,5,,,4 Attempts - 20 Races total,11,Day 2,,,,,,,,,,,,,,Add new Team Comp as Day 2 - Team Comp 1,Taiki Shuttle (Camping),Pace Chaser,Mid-CM Ace build in Grand Concert scenario,Agnes Tachyon,End Closer,Debuffer,Grass Wonder,End Closer,Debuffer,4 Attempts - 20 Races total,17,Day 3,,,,,,,,,,,,,,,Re-use Day 2 - Team Comp 1 as Day 3 - Team Comp 1,A Group,,,,,,,,,,4 Attempts - 20 Races total,14,Day 4,,,,,,,,,,,,,,,Re-use Day 3 - Team Comp 1 as Day 4 - Team Comp 1,A Group,,,,,,,,,,4 Attempts - 20 Races total,14,Finals,,,,,,,,,,,,,,,A Finals,10802,Re-use Day 4 - Team Comp 2 as Finals Team Comp,,,,,,,,,,https://drive.google.com/open?id=1TSylhcznm5d_d5SaeZIE_G7ncGMPtHjK,1st,,,,,,,,,,,"Thank you Catcher annd Kaina for the coaching and help! Without you guys, I wouldn't have won!",https://drive.google.com/open?id=1MY7Fc5kiWkqacY-IaGZM6usG9CV1Iixf,https://drive.google.com/open?id=1_WwN-hdml8vGob025KHOix0gTyeFoa3G,,2,13,,,,https://drive.google.com/open?id=1JVyZDpieodFm4UWoWAL09pnnkm6gNJvY
8/12/2026 8:26:13,Frozencup,Graded (No Uma Restrictions),"Win A finals with ""oshi"" uma",I accept these terms,Day 1,Windows,$0,,,,,,Mayano Top Gun,Pace Chaser,Ace built for this CM before CM start in Grand Concert scenario,3,1,,,1,1,,Symboli Rudolf,Late Surger,Debuffer,3,,,,3,,,Grass Wonder,Late Surger,Debuffer,3,,,,3,,,4 Attempts - 20 Races total,8,Day 2,,,,,,,,,,,,,,Re-use Day 1 - Team Comp 1 as Day 2 - Team Comp 1,,,,,,,,,,4 Attempts - 20 Races total,9,Day 3,,,,,,,,,,,,,,,Re-use Day 2 - Team Comp 1 as Day 3 - Team Comp 1,A Group,,,,,,,,,,4 Attempts - 20 Races total,8,Day 4,,,,,,,,,,,,,,,Re-use Day 3 - Team Comp 1 as Day 4 - Team Comp 1,A Group,,,,,,,,,,4 Attempts - 20 Races total,8,Go to Submit page,,,,,,,,,,,,,,,,,,,,,,,,,,,,,,,,,,,,,,,,,,,,,,,,
8/14/2026 19:45:56,BlazingTofu,Graded (No Uma Restrictions),Get into A finals,I accept these terms,Finals,"iOS - phone or tablet, Android - phone or tablet, Windows",$101-500,1200,6-10 (roughly 1 per day),"Discord - MooMooCord - https://discord.gg/Hc7cP9GB, Twitch - MooMooCows - https://www.twitch.tv/moomoomoocows, YouTube - MooMooCows - https://www.youtube.com/@MooMooCows",5,,Oguri Cap (Christmas),Pace Chaser,Ace built for this CM before CM start in Grand Concert scenario,2,,1,,2,1,,Grass Wonder,Late Surger,Debuffer,,,,,,,,Agnes Tachyon,Late Surger,Debuffer,,,,,,,,4 Attempts - 20 Races total,13,Day 2,,,,,,,,,,,,,,Re-use Day 1 - Team Comp 1 as Day 2 - Team Comp 1,,,,,,,,,,4 Attempts - 20 Races total,13,Day 3,,,,,,,,,,,,,,,Re-use Day 2 - Team Comp 1 as Day 3 - Team Comp 1,A Group,,,,,,,,,,4 Attempts - 20 Races total,12,Day 4,,,,,,,,,,,,,,,Re-use Day 3 - Team Comp 1 as Day 4 - Team Comp 1,A Group,,,,,,,,,,4 Attempts - 20 Races total,13,Go to Submit page,,,,,,,,,,,,,,,A Finals,10513,Re-use Day 4 - Team Comp 1 as Finals Team Comp,,,,,,,,,,https://drive.google.com/open?id=1cngQY9Loln93t1dDxrK-K8CCWQksRMYC,1st,,,,,,,,,,,,https://drive.google.com/open?id=1EjDh13EzJi4pCBrHVwWJovG0sjgB1LF5,https://drive.google.com/open?id=1-Ak6ZFQz_pCe5LOT9pueFtk2t7lDnIFJ,,,9,9,,,https://drive.google.com/open?id=1pU3MrC1zST04MODdCifB7C7h-CYXVpXd
8/14/2026 5:57:18,roboticjo,Graded (No Uma Restrictions),"Win A finals with ""oshi"" uma",I accept these terms,Finals,Android - phone or tablet,$1-100,2417,46+ (more than 6 per day),"Discord - MooMooCord - https://discord.gg/Hc7cP9GB, YouTube - MooMooCows - https://www.youtube.com/@MooMooCows",4,,Mayano Top Gun,Late Surger,Ace built for this CM before CM start in Grand Concert scenario,3,0,0,0,2,1,,Grass Wonder,Front Runner,Debuffer,,,,,,,,Agnes Tachyon,Pace Chaser,Debuffer,,,,,,,,4 Attempts - 20 Races total,18,Day 2,,,,,,,,,,,,,,Re-use Day 1 - Team Comp 1 as Day 2 - Team Comp 1,,,,,,,,,,4 Attempts - 20 Races total,14,Day 3,,,,,,,,,,,,,,,Re-use Day 2 - Team Comp 1 as Day 3 - Team Comp 1,A Group,,,,,,,,,,4 Attempts - 20 Races total,14,Day 4,,,,,,,,,,,,,,,Re-use Day 3 - Team Comp 1 as Day 4 - Team Comp 1,A Group,,,,,,,,,,4 Attempts - 20 Races total,13,Go to Submit page,,,,,,,,,,,,,,,A Finals,12075,Re-use Day 4 - Team Comp 1 as Finals Team Comp,,,,,,,,,,https://drive.google.com/open?id=1ajOmUbO4EZ_-MTRKiQwthcSKj-MZyiSM,1st,,,,,,,,,,,triple gold accel 🔥,https://drive.google.com/open?id=1mWl1wvZKJB1qn5uU01DytRivX7CuhhCp,https://drive.google.com/open?id=1YHTQA61HOT-giXL15MMtTBuDPeGbWJuF,,,16,,,,https://drive.google.com/open?id=12MV_ONlKZuYDpgw3Ub5noIHM3f7KDLRz
8/14/2026 7:59:54,Talekeeper,Graded (No Uma Restrictions),Get into A finals,I accept these terms,Finals,Android - phone or tablet,$1-100,,46+ (more than 6 per day),"Discord - MooMooCord - https://discord.gg/Hc7cP9GB, YouTube - MooMooCows - https://www.youtube.com/@MooMooCows",5,,Inari One,Late Surger,Ace built for this CM before CM start in Grand Concert scenario,2,1,0,0,2,1,,Agnes Tachyon,Front Runner,Debuffer,,1,1,,3,1,,Grass Wonder,Late Surger,Debuffer,,1,1,,2,1,,4 Attempts - 20 Races total,14,Day 2,,,,,,,,,,,,,,Re-use Day 1 - Team Comp 1 as Day 2 - Team Comp 1,,,,,,,,,,4 Attempts - 20 Races total,15,Day 3,,,,,,,,,,,,,,,Re-use Day 2 - Team Comp 1 as Day 3 - Team Comp 1,A Group,,,,,,,,,,4 Attempts - 20 Races total,12,Day 4,,,,,,,,,,,,,,,Re-use Day 3 - Team Comp 2 as Day 4 - Team Comp 1,A Group,,,,,,,,,,4 Attempts - 20 Races total,14,Go to Submit page,,,,,,,,,,,,,,,A Finals,12224,Re-use Day 4 - Team Comp 1 as Finals Team Comp,,,,,,,,,,https://drive.google.com/open?id=1qKst2bWz_07qgBTBxX9F4Nvi5LwjKZk7,1st,,,,,,,,,,,If it is her home turf(dirt?) it has to be Inari One!,https://drive.google.com/open?id=1_9FoKFSW0PLThM0WWOPsPecwIwNPZu__,https://drive.google.com/open?id=1miZYIYn4Rp-J56qcsvMxPhKGJX882QGU,,,14,3,,,https://drive.google.com/open?id=1zyhM2R3LQRiI2y-TTpNPw_R-FP6KsDLU
8/14/2026 5:42:06,Dezu,Graded (No Uma Restrictions),"Win A finals with ""oshi"" uma",I accept these terms,Finals,,$1-100,,6-10 (roughly 1 per day),,,,Narita Taishin (Steampunk),End Closer,Ace built for this CM before CM start in Grand Concert scenario,,,,,,,,Mihono Bourbon (Valentine),Front Runner,Blocker/Overtake target/Throwaway/Niche role,,,,,,,,Inari One,End Closer,Ace built for this CM before CM start in Grand Concert scenario,,,,,,,,4 Attempts - 20 Races total,15,Day 2,,,,,,,,,,,,,,Add new Team Comp as Day 2 - Team Comp 1,Narita Taishin (Steampunk),End Closer,Ace built for this CM before CM start in Grand Concert scenario,Sweep Tosho,End Closer,Debuffer,Inari One,End Closer,Ace built for this CM before CM start in Grand Concert scenario,4 Attempts - 20 Races total,15,Day 3,,,,,,,,,,,,,,,Re-use Day 2 - Team Comp 1 as Day 3 - Team Comp 1,A Group,,,,,,,,,,4 Attempts - 20 Races total,10,Day 4,,,,,,,,,,,,,,,Re-use Day 3 - Team Comp 1 as Day 4 - Team Comp 1,A Group,,,,,,,,,,4 Attempts - 20 Races total,11,Go to Submit page,,,,,,,,,,,,,,,A Finals,11837,Re-use Day 4 - Team Comp 1 as Finals Team Comp,,,,,,,,,,https://drive.google.com/open?id=1pjghLTC23n7Sqn7DM_LL4YOewUw13tJF,1st,,,,,,,,,,,I LOVE NARITA TAISHIN ! ! ! SHOUTOUT TO THE SWEEP TOSHO SABOTEUR DEBUFF MAGE BUILD OF DOOM,https://drive.google.com/open?id=1TdigQ0UBLQ056MV7CRy7wXqRdoICj4F6,https://drive.google.com/open?id=12QKGvC8TINzNpfzFTySaT7ufYN8qY9N-,,2,8,2,,2,https://drive.google.com/open?id=130GxO-pSmq_vOhruUt62nUVeGW-ONlad
8/14/2026 11:16:05,PikaT,Graded (No Uma Restrictions),"Win A finals with ""oshi"" uma",I accept these terms,Finals,Windows,$0,909,11-20 (roughly 2-3 per day),Friend sent me the link,5,,Vodka,Late Surger,Ace built for this CM before CM start in Grand Concert scenario,2,,,,3,1,,Mayano Top Gun,Late Surger,Ace built for this CM before CM start in Grand Concert scenario,2,,,,3,1,,T.M. Opera O (New Year),Late Surger,Ace built for this CM before CM start in Grand Concert scenario,2,,,,3,1,,4 Attempts - 20 Races total,7,Day 2,,,,,,,,,,,,,,Re-use Day 1 - Team Comp 1 as Day 2 - Team Comp 1,,,,,,,,,,4 Attempts - 20 Races total,13,Day 3,,,,,,,,,,,,,,,Re-use Day 2 - Team Comp 1 as Day 3 - Team Comp 1,B Group,,,,,,,,,,4 Attempts - 20 Races total,5,Day 4,,,,,,,,,,,,,,,Re-use Day 3 - Team Comp 1 as Day 4 - Team Comp 1,B Group,,,,,,,,,,4 Attempts - 20 Races total,5,Go to Submit page,,,,,,,,,,,,,,,B Finals,2324,Re-use Day 4 - Team Comp 1 as Finals Team Comp,,,,,,,,,,https://drive.google.com/open?id=1TvBLU0fjsuQ1nIrhw-JaXJVxsYEnJbqZ,1st,,,,,,,,,,,,,,,,,,,,
8/12/2026 9:44:55,NEXGENEEZY,Graded (No Uma Restrictions),demoralize casuals,I accept these terms,Day 1,"iOS - phone or tablet, Windows",$5000+,3022,46+ (more than 6 per day),Cing’s annoying pings but it’s ok I ping him for no reason all the time ,4,,Oguri Cap (Christmas),Pace Chaser,Ace built for this CM before CM start in Grand Concert scenario,2,1,,,1,1,1,Inari One,End Closer,Ace built for this CM before CM start in Grand Concert scenario,3,,,,2,1,,Agnes Digital,End Closer,Ace built for this CM before CM start in Grand Concert scenario,3,,,,2,1,,4 Attempts - 20 Races total,19,Day 2,,,,,,,,,,,,,,Re-use Day 1 - Team Comp 1 as Day 2 - Team Comp 1,,,,,,,,,,4 Attempts - 20 Races total,15,Day 3,,,,,,,,,,,,,,,Re-use Day 2 - Team Comp 1 as Day 3 - Team Comp 1,A Group,,,,,,,,,,4 Attempts - 20 Races total,16,Day 4,,,,,,,,,,,,,,,Re-use Day 3 - Team Comp 1 as Day 4 - Team Comp 1,A Group,,,,,,,,,,4 Attempts - 20 Races total,18,Go to Submit page,,,,,,,,,,,,,,,,,,,,,,,,,,,,,,,,,,,,,,,,,,,,,,,,
8/14/2026 6:22:41,Paslos,Graded (No Uma Restrictions),Get into A finals,I accept these terms,Finals,,,,,,,,Oguri Cap (Christmas),Pace Chaser,Ace built for this CM before CM start in Grand Concert scenario,,,,,,,,Grass Wonder,Late Surger,Debuffer,,,,,,,,Symboli Rudolf,Late Surger,Debuffer,,,,,,,,4 Attempts - 20 Races total,14,Day 2,,,,,,,,,,,,,,Re-use Day 1 - Team Comp 1 as Day 2 - Team Comp 1,,,,,,,,,,4 Attempts - 20 Races total,9,Day 3,,,,,,,,,,,,,,,Re-use Day 2 - Team Comp 1 as Day 3 - Team Comp 1,A Group,,,,,,,,,,4 Attempts - 20 Races total,8,Day 4,,,,,,,,,,,,,,,Re-use Day 3 - Team Comp 1 as Day 4 - Team Comp 1,A Group,,,,,,,,,,4 Attempts - 20 Races total,9,Go to Submit page,,,,,,,,,,,,,,,A Finals,,Re-use Day 4 - Team Comp 1 as Finals Team Comp,,,,,,,,,,https://drive.google.com/open?id=1DOYb1PQYSTIvno8u1fJq_lgTUwwqHKcI,2nd,No (goes to Submit page),,,,,,,,,,,,,,,,,,,
8/14/2026 9:21:12,Arice12180,Graded (No Uma Restrictions),"Win A finals with ""oshi"" uma",I accept these terms,Finals,Windows,$501-1000,2171,21-30 (roughly 3-4 per day),Discord - MooMooCord - https://discord.gg/Hc7cP9GB,5,,Smart Falcon (Grand Concert),Front Runner,Ace built for this CM before CM start in Grand Concert scenario,2,1,0,0,2,1,0,Silence Suzuka,Runaway,Debuffer,,,,,,,,Symboli Rudolf,Front Runner,Debuffer,,,,,,,,4 Attempts - 20 Races total,18,Day 2,,,,,,,,,,,,,,Re-use Day 1 - Team Comp 1 as Day 2 - Team Comp 1,,,,,,,,,,4 Attempts - 20 Races total,17,Day 3,,,,,,,,,,,,,,,Re-use Day 2 - Team Comp 1 as Day 3 - Team Comp 1,A Group,,,,,,,,,,4 Attempts - 20 Races total,18,Day 4,,,,,,,,,,,,,,,Re-use Day 3 - Team Comp 1 as Day 4 - Team Comp 1,A Group,,,,,,,,,,4 Attempts - 20 Races total,17,Go to Submit page,,,,,,,,,,,,,,,A Finals,13216,Re-use Day 4 - Team Comp 1 as Finals Team Comp,,,,,,,,,,https://drive.google.com/open?id=1Pp1GXkUlTc60PzxGfA1r7Boqo8euFBSd,1st,,,,,,,,,,,87.5% Solo Falco,https://drive.google.com/open?id=1IG03vAt-8aptCGm9U0iIhXSrx4JkiLEc,https://drive.google.com/open?id=1IMs_ptyuVTHy9xivXmIrexuaWNbosV8H,,0,9,4,1,0,https://drive.google.com/open?id=10nmj9DQxP7YO0EVMNzunMe8wm8g9WTpE
8/12/2026 10:20:44,Blue,Graded (No Uma Restrictions),"Win A finals with ""oshi"" uma",I accept these terms,Day 1,"iOS - phone or tablet, Windows",,,,,,,Tamamo Cross,Late Surger,Ace built for this CM before CM start in Grand Concert scenario,3,1,0,0,1,1,0,Oguri Cap (Christmas),Pace Chaser,Ace built for this CM before CM start in Grand Concert scenario,2,0,0,0,3,1,0,Inari One,Late Surger,Ace built for this CM before CM start in Grand Concert scenario,3,1,0,0,1,1,0,4 Attempts - 20 Races total,11,Day 2,,,,,,,,,,,,,,Re-use Day 1 - Team Comp 1 as Day 2 - Team Comp 1,,,,,,,,,,4 Attempts - 20 Races total,12,Day 3,,,,,,,,,,,,,,,Re-use Day 2 - Team Comp 1 as Day 3 - Team Comp 1,A Group,,,,,,,,,,4 Attempts - 20 Races total,8,Day 4,,,,,,,,,,,,,,,Re-use Day 3 - Team Comp 1 as Day 4 - Team Comp 1,A Group,,,,,,,,,,4 Attempts - 20 Races total,11,Go to Submit page,,,,,,,,,,,,,,,,,,,,,,,,,,,,,,,,,,,,,,,,,,,,,,,,
8/12/2026 10:27:15,Onoodle,Graded (No Uma Restrictions),Win A finals with any uma,I accept these terms,Day 1,iOS - phone or tablet,$501-1000,1290,11-20 (roughly 2-3 per day),"Discord - MooMooCord - https://discord.gg/Hc7cP9GB, Twitch - MooMooCows - https://www.twitch.tv/moomoomoocows, YouTube - MooMooCows - https://www.youtube.com/@MooMooCows",5,,Copano Rickey,Front Runner,Ace built for this CM before CM start in Grand Concert scenario,3,1,0,0,1,1,0,Oguri Cap (Christmas),Pace Chaser,Ace built for this CM before CM start in Grand Concert scenario,3,1,0,0,1,1,0,Nice Nature,Late Surger,Debuffer,,,,,,,,4 Attempts - 20 Races total,17,Day 2,,,,,,,,,,,,,,Re-use Day 1 - Team Comp 1 as Day 2 - Team Comp 1,,,,,,,,,,4 Attempts - 20 Races total,14,Day 3,,,,,,,,,,,,,,,Re-use Day 2 - Team Comp 1 as Day 3 - Team Comp 1,A Group,,,,,,,,,,4 Attempts - 20 Races total,14,Day 4,,,,,,,,,,,,,,,Re-use Day 3 - Team Comp 1 as Day 4 - Team Comp 1,A Group,,,,,,,,,,4 Attempts - 20 Races total,18,Go to Submit page,,,,,,,,,,,,,,,,,,,,,,,,,,,,,,,,,,,,,,,,,,,,,,,,
8/12/2026 11:05:15,Pigii,Graded (No Uma Restrictions),"Win A finals with ""oshi"" uma",I accept these terms,Day 1,iOS - phone or tablet,$1-100,2158,46+ (more than 6 per day),Twitch - MooMooCows - https://www.twitch.tv/moomoomoocows,5,,Agnes Digital,End Closer,Ace built for this CM before CM start in Grand Concert scenario,2,1,0,0,2,1,,Grass Wonder,End Closer,Debuffer,,,,,,,,Nice Nature,Front Runner,Debuffer,,,,,,,,4 Attempts - 20 Races total,19,Day 2,,,,,,,,,,,,,,Re-use Day 1 - Team Comp 1 as Day 2 - Team Comp 1,,,,,,,,,,4 Attempts - 20 Races total,18,Day 3,,,,,,,,,,,,,,,Re-use Day 2 - Team Comp 1 as Day 3 - Team Comp 1,A Group,,,,,,,,,,4 Attempts - 20 Races total,15,Day 4,,,,,,,,,,,,,,,Re-use Day 3 - Team Comp 1 as Day 4 - Team Comp 1,A Group,,,,,,,,,,4 Attempts - 20 Races total,17,Go to Submit page,,,,,,,,,,,,,,,,,,,,,,,,,,,,,,,,,,,,,,,,,,,,,,,,
8/14/2026 8:19:19,pugdog,Graded (No Uma Restrictions),"Win A finals with ""oshi"" uma",I accept these terms,Finals,Windows,$1001-5000,2427,46+ (more than 6 per day),Twitch - MooMooCows - https://www.twitch.tv/moomoomoocows,5,,Meisho Doto,Late Surger,Ace built for this CM before CM start in Grand Concert scenario,3,,,,2,1,,T.M. Opera O (New Year),Late Surger,Ace built for this CM before CM start in Grand Concert scenario,2,1,,,2,1,,Symboli Rudolf,Front Runner,Debuffer,2,1,,,3,,,4 Attempts - 20 Races total,15,Day 2,,,,,,,,,,,,,,Re-use Day 1 - Team Comp 1 as Day 2 - Team Comp 1,,,,,,,,,,4 Attempts - 20 Races total,15,Day 3,,,,,,,,,,,,,,,Re-use Day 2 - Team Comp 1 as Day 3 - Team Comp 1,A Group,,,,,,,,,,4 Attempts - 20 Races total,16,Day 4,,,,,,,,,,,,,,,Re-use Day 3 - Team Comp 1 as Day 4 - Team Comp 1,A Group,,,,,,,,,,4 Attempts - 20 Races total,15,Go to Submit page,,,,,,,,,,,,,,,A Finals,13620,Re-use Day 4 - Team Comp 1 as Finals Team Comp,,,,,,,,,,https://drive.google.com/open?id=1npznXDCz96MzsWp0zX8gpLF93mCIJdPM,1st,,,,,,,,,,,Opera and Doto on the podium,https://drive.google.com/open?id=1lLKdUt-R9N7qf0anyyS42vPE8IXhSEI3,https://drive.google.com/open?id=1HR1EnJtz-V2mCULF7ycy-mKcdw_Yg-1L,,,13,,1,,https://drive.google.com/open?id=1d85z4uoMrSUJNnb3jQVA9K0G6Teyn8VC
8/14/2026 7:21:11,Starvil,Graded (No Uma Restrictions),"Win A finals with ""oshi"" uma",I accept these terms,Go to Submit page,"iOS - phone or tablet, Windows",$101-500,1514,21-30 (roughly 3-4 per day),Discord - MooMooCord - https://discord.gg/Hc7cP9GB,,,Meisho Doto,Pace Chaser,Ace built for this CM before CM start in Grand Concert scenario,2,0,1,0,2,1,0,T.M. Opera O (New Year),Late Surger,Ace built for this CM before CM start in Grand Concert scenario,2,0,1,0,2,1,0,Silence Suzuka,Runaway,Blocker/Overtake target/Throwaway/Niche role,,,,,,,,4 Attempts - 20 Races total,10,Day 2,,,,,,,,,,,,,,Re-use Day 1 - Team Comp 1 as Day 2 - Team Comp 1,,,,,,,,,,4 Attempts - 20 Races total,13,Day 3,,,,,,,,,,,,,,,Re-use Day 2 - Team Comp 1 as Day 3 - Team Comp 1,A Group,,,,,,,,,,4 Attempts - 20 Races total,10,Day 4,,,,,,,,,,,,,,,Re-use Day 3 - Team Comp 1 as Day 4 - Team Comp 1,A Group,,,,,,,,,,4 Attempts - 20 Races total,12,Go to Submit page,,,,,,,,,,,,,,,A Finals,6650,Re-use Day 4 - Team Comp 1 as Finals Team Comp,,,,,,,,,,https://drive.google.com/open?id=1-rXF9izLP7t21u5Xa-S-6tNEmalyv7M_,1st,,,,,,,,,,,She never goofs up! :3,https://drive.google.com/open?id=10FHUx3kwe4tklAGiA3y2QN1VaallnoTD,https://drive.google.com/open?id=1MDAB5f-PUqtB6wjCZtQv6YwSsR13vxLY,,0,2,6,4,0,https://drive.google.com/open?id=1_VpOv6qvyuiI3-UsIbT1q4CQ949vaG_J
8/14/2026 13:01:44,Browsing,Graded (No Uma Restrictions),Get into A finals,I accept these terms,Finals,"Android - phone or tablet, SteamOS - Steam Deck",$101-500,1117,6-10 (roughly 1 per day),"Discord - MooMooCord - https://discord.gg/Hc7cP9GB, YouTube - MooMooCows - https://www.youtube.com/@MooMooCows",4,n/a,Agnes Tachyon,Late Surger,Debuffer,1,,,,4,1,,Grass Wonder,Late Surger,Debuffer,1,,,,4,1,,Oguri Cap (Christmas),Pace Chaser,Ace built for this CM before CM start in Grand Concert scenario,2,1,,,2,1,,4 Attempts - 20 Races total,16,Day 2,,,,,,,,,,,,,,Re-use Day 1 - Team Comp 1 as Day 2 - Team Comp 1,,,,,,,,,,4 Attempts - 20 Races total,18,Day 3,,,,,,,,,,,,,,,Re-use Day 2 - Team Comp 1 as Day 3 - Team Comp 1,A Group,,,,,,,,,,4 Attempts - 20 Races total,12,Day 4,,,,,,,,,,,,,,,Re-use Day 3 - Team Comp 1 as Day 4 - Team Comp 1,A Group,,,,,,,,,,4 Attempts - 20 Races total,12,Go to Submit page,,,,,,,,,,,,,,,A Finals,10353,Re-use Day 4 - Team Comp 1 as Finals Team Comp,,,,,,,,,,https://drive.google.com/open?id=1PwDhHR60AySHKYsDXcQODFYmXMQr7qxK,1st,,,,,,,,,,,n/a - xOguri jobber,https://drive.google.com/open?id=1IGbyKK65q9F8u_eF2C2nP3jQp1SNseLZ,https://drive.google.com/open?id=1rRw44Pj1EInIL7btpCOIWFFaS1ZOr8mY,,3,12,3,,,https://drive.google.com/open?id=1-hDC4FXQuikxqmmFZjNga0CqECO7fn2b
8/12/2026 11:31:29,PraiseDBZ,Graded (No Uma Restrictions),Get into A finals,I accept these terms,Day 1,iOS - phone or tablet,$0,1100,31-45 (roughly 5-6 per day),"Discord - MooMooCord - https://discord.gg/Hc7cP9GB, Twitch - MooMooCows - https://www.twitch.tv/moomoomoocows, YouTube - MooMooCows - https://www.youtube.com/@MooMooCows",5,,Copano Rickey,Front Runner,Ace built for this CM before CM start in Grand Concert scenario,2,1,0,0,2,1,0,Seiun Sky,Front Runner,Ace built for this CM before CM start in Grand Concert scenario,2,1,0,0,2,1,0,Grass Wonder,End Closer,Debuffer,,,,,,,,4 Attempts - 20 Races total,17,Day 2,,,,,,,,,,,,,,Re-use Day 1 - Team Comp 1 as Day 2 - Team Comp 1,,,,,,,,,,4 Attempts - 20 Races total,16,Day 3,,,,,,,,,,,,,,,Re-use Day 2 - Team Comp 1 as Day 3 - Team Comp 1,A Group,,,,,,,,,,4 Attempts - 20 Races total,16,Day 4,,,,,,,,,,,,,,,Re-use Day 3 - Team Comp 1 as Day 4 - Team Comp 1,A Group,,,,,,,,,,4 Attempts - 20 Races total,12,Go to Submit page,,,,,,,,,,,,,,,,,,,,,,,,,,,,,,,,,,,,,,,,,,,,,,,,
8/12/2026 11:33:27,Arkjose,Graded (No Uma Restrictions),Win A finals with any uma,I accept these terms,Day 4,Android - phone or tablet,$1-100,,31-45 (roughly 5-6 per day),YouTube - MooMooCows - https://www.youtube.com/@MooMooCows,5,,Smart Falcon,Front Runner,Ace built for this CM before CM start in Grand Concert scenario,2,1,,,2,1,,Oguri Cap (Christmas),Pace Chaser,Ace built for this CM before CM start in Grand Concert scenario,3,,,,2,2,,Grass Wonder,Late Surger,Debuffer,2,1,,,3,,,4 Attempts - 20 Races total,15,Day 2,,,,,,,,,,,,,,Re-use Day 1 - Team Comp 1 as Day 2 - Team Comp 1,,,,,,,,,,4 Attempts - 20 Races total,18,Day 3,,,,,,,,,,,,,,,Re-use Day 2 - Team Comp 1 as Day 3 - Team Comp 1,A Group,,,,,,,,,,4 Attempts - 20 Races total,10,Day 4,,,,,,,,,,,,,,,Re-use Day 3 - Team Comp 1 as Day 4 - Team Comp 1,A Group,,,,,,,,,,4 Attempts - 20 Races total,14,Go to Submit page,,,,,,,,,,,,,,,,,,,,,,,,,,,,,,,,,,,,,,,,,,,,,,,,
8/12/2026 12:24:18,Rith,Graded (No Uma Restrictions),Get into A finals,I accept these terms,Day 4,"Android - phone or tablet, Windows",$501-1000,,,Discord - MooMooCord - https://discord.gg/Hc7cP9GB,5,,Oguri Cap (Christmas),Pace Chaser,Ace built for this CM before CM start in Grand Concert scenario,3,,,,2,1,,Grass Wonder,Late Surger,Debuffer,,,,,,,,Agnes Tachyon,Late Surger,Debuffer,,,,,,,,4 Attempts - 20 Races total,15,Day 2,,,,,,,,,,,,,,Re-use Day 1 - Team Comp 1 as Day 2 - Team Comp 1,,,,,,,,,,4 Attempts - 20 Races total,15,Day 3,,,,,,,,,,,,,,,Re-use Day 2 - Team Comp 1 as Day 3 - Team Comp 1,A Group,,,,,,,,,,4 Attempts - 20 Races total,13,Go to Submit page,,,,,,,,,,,,,,,Re-use Day 3 - Team Comp 1 as Day 4 - Team Comp 1,A Group,,,,,,,,,,4 Attempts - 20 Races total,12,Go to Submit page,,,,,,,,,,,,,,,,,,,,,,,,,,,,,,,,,,,,,,,,,,,,,,,,
8/12/2026 11:42:18,RBX,Graded (No Uma Restrictions),Get into A finals,I accept these terms,Day 1,iOS - phone or tablet,$1001-5000,1805,46+ (more than 6 per day),"Twitch - MooMooCows - https://www.twitch.tv/moomoomoocows, YouTube - MooMooCows - https://www.youtube.com/@MooMooCows",5,-,Oguri Cap (Christmas),Pace Chaser,Ace built for this CM before CM start in Grand Concert scenario,2,1,0,0,2,1,0,Symboli Rudolf,End Closer,Debuffer,1,0,0,0,4,1,0,Grass Wonder,End Closer,Debuffer,1,0,0,0,4,1,0,4 Attempts - 20 Races total,16,Day 2,,,,,,,,,,,,,,Re-use Day 1 - Team Comp 1 as Day 2 - Team Comp 1,,,,,,,,,,4 Attempts - 20 Races total,16,Day 3,,,,,,,,,,,,,,,Re-use Day 2 - Team Comp 1 as Day 3 - Team Comp 1,A Group,,,,,,,,,,4 Attempts - 20 Races total,13,Day 4,,,,,,,,,,,,,,,Re-use Day 3 - Team Comp 1 as Day 4 - Team Comp 1,A Group,,,,,,,,,,4 Attempts - 20 Races total,14,Go to Submit page,,,,,,,,,,,,,,,,,,,,,,,,,,,,,,,,,,,,,,,,,,,,,,,,
8/12/2026 11:52:13,Bob Trainer,Graded (No Uma Restrictions),Get into A finals,I accept these terms,Day 4,Android - phone or tablet,$0,296,31-45 (roughly 5-6 per day),"Discord - MooMooCord - https://discord.gg/Hc7cP9GB, YouTube - MooMooCows - https://www.youtube.com/@MooMooCows",,,Oguri Cap,Late Surger,Ace built for this CM before CM start in Grand Concert scenario,2,1,,,2,1,,El Condor Pasa (Fantasy),Late Surger,Ace built for this CM before CM start in Grand Concert scenario,2,1,,,2,1,,Mayano Top Gun,Late Surger,Ace built for this CM before CM start in Grand Concert scenario,3,1,,,1,1,,4 Attempts - 20 Races total,12,Day 2,,,,,,,,,,,,,,Re-use Day 1 - Team Comp 1 as Day 2 - Team Comp 1,,,,,,,,,,4 Attempts - 20 Races total,11,Day 3,,,,,,,,,,,,,,,Re-use Day 2 - Team Comp 1 as Day 3 - Team Comp 1,A Group,,,,,,,,,,4 Attempts - 20 Races total,6,Go to Submit page,,,,,,,,,,,,,,,Re-use Day 3 - Team Comp 1 as Day 4 - Team Comp 1,A Group,,,,,,,,,,4 Attempts - 20 Races total,10,Go to Submit page,,,,,,,,,,,,,,,,,,,,,,,,,,,,,,,,,,,,,,,,,,,,,,,,
8/12/2026 11:46:48,LeadDoe,Graded (No Uma Restrictions),Win A finals with any uma,I accept these terms,Day 4,"iOS - phone or tablet, Windows",$501-1000,786,31-45 (roughly 5-6 per day),"Discord - Pakacord! - https://discord.gg/6mwHqhBm, YouTube - MooMooCows - https://www.youtube.com/@MooMooCows",5,,Oguri Cap (Christmas),Pace Chaser,Ace built for this CM before CM start in Grand Concert scenario,3,,,,1,0,,Nice Nature,Late Surger,Debuffer,,,,,,,,Grass Wonder,Late Surger,Debuffer,,,,,,,,4 Attempts - 20 Races total,10,Day 2,,,,,,,,,,,,,,Re-use Day 1 - Team Comp 1 as Day 2 - Team Comp 1,,,,,,,,,,4 Attempts - 20 Races total,12,Day 3,,,,,,,,,,,,,,,Re-use Day 2 - Team Comp 2 as Day 3 - Team Comp 1,A Group,,,,,,,,,,4 Attempts - 20 Races total,17,Go to Submit page,,,,,,,,,,,,,,,Add a new Team Comp as Day 4 - Team Comp 1,A Group,Oguri Cap (Christmas),Pace Chaser,Mid-CM Ace build in Grand Concert scenario,Eishin Flash (Valentine),Late Surger,Debuffer,Grass Wonder,Late Surger,Debuffer,4 Attempts - 20 Races total,18,Day 1,,,,,,,,,,,,,,,,,,,,,,,,,,,,,,,,,,,,,,,,,,,,,,,,
8/14/2026 10:05:09,Brightbb3,Graded (No Uma Restrictions),"Win A finals with ""oshi"" uma",I accept these terms,Finals,iOS - phone or tablet,$501-1000,1477,31-45 (roughly 5-6 per day),YouTube - MooMooCows - https://www.youtube.com/@MooMooCows,5,,Copano Rickey,Pace Chaser,Ace built for this CM before CM start in Grand Concert scenario,3,1,,,1,1,,Eishin Flash (Valentine),Late Surger,Debuffer,2,1,,,3,,,Nice Nature (Cheerleader),Late Surger,Debuffer,2,1,,,3,,,4 Attempts - 20 Races total,18,Day 2,,,,,,,,,,,,,,Re-use Day 1 - Team Comp 1 as Day 2 - Team Comp 1,,,,,,,,,,4 Attempts - 20 Races total,18,Day 3,,,,,,,,,,,,,,,Re-use Day 2 - Team Comp 1 as Day 3 - Team Comp 1,A Group,,,,,,,,,,4 Attempts - 20 Races total,19,Day 4,,,,,,,,,,,,,,,Re-use Day 3 - Team Comp 1 as Day 4 - Team Comp 1,A Group,,,,,,,,,,4 Attempts - 20 Races total,18,Go to Submit page,,,,,,,,,,,,,,,A Finals,10553,Re-use Day 4 - Team Comp 1 as Finals Team Comp,,,,,,,,,,https://drive.google.com/open?id=13Va0r1-08foQlMiOT3olV5gn2IVxiX9l,1st,,,,,,,,,,,Ricky Lucky,https://drive.google.com/open?id=1_K3O2oY7Jll_Klj1u9KOrD9BklcBFrgr,https://drive.google.com/open?id=1zrvIytu9cJF0HNC-A7CgvLPZ53lINhYd,,0,9,6,0,2,https://drive.google.com/open?id=1zgbjppxHItKWA4-B2ec_l-oz7fnEHy1-
8/14/2026 5:34:43,Azucat,Graded (No Uma Restrictions),"Win A finals with ""oshi"" uma",I accept these terms,Finals,Android - phone or tablet,$101-500,,46+ (more than 6 per day),Discord - MooMooCord - https://discord.gg/Hc7cP9GB,,,Agnes Digital,End Closer,Ace built for this CM before CM start in Grand Concert scenario,2,1,,,2,1,,Grass Wonder,Front Runner,Debuffer,,,,,,,,Agnes Tachyon,End Closer,Debuffer,,,,,,,,4 Attempts - 20 Races total,15,Day 2,,,,,,,,,,,,,,Re-use Day 1 - Team Comp 1 as Day 2 - Team Comp 1,,,,,,,,,,4 Attempts - 20 Races total,18,Day 3,,,,,,,,,,,,,,,Re-use Day 2 - Team Comp 1 as Day 3 - Team Comp 1,A Group,,,,,,,,,,4 Attempts - 20 Races total,18,Day 4,,,,,,,,,,,,,,,Re-use Day 3 - Team Comp 1 as Day 4 - Team Comp 1,A Group,,,,,,,,,,4 Attempts - 20 Races total,17,Go to Submit page,,,,,,,,,,,,,,,A Finals,17311,Re-use Day 4 - Team Comp 1 as Finals Team Comp,,,,,,,,,,https://drive.google.com/open?id=1Lo12hOxrCrYrsArUyHKdZzVHN4bwcWVb,2nd,No (goes to Submit page),,,,,,,,,,,,,,,,,,,
8/12/2026 12:31:41,LaffeyDrink,Graded (No Uma Restrictions),Win A finals with any uma,I accept these terms,Day 4,iOS - phone or tablet,$101-500,,,,,,,,,,,,,,,,,,,,,,,,,,,,,,,,,,,,,,,,,,,,,,,,,,,,,,,,,,,,,,,,,,,,,,,,,,,,,,,,,,,,,,,,,,,,,,,,,,,,,,,,,,,Add a new Team Comp as Day 4 - Team Comp 1,A Group,Agnes Digital,Late Surger,Ace built for this CM before CM start in Grand Concert scenario,El Condor Pasa,Pace Chaser,Ace built for this CM before CM start in Grand Concert scenario,Symboli Rudolf,End Closer,Debuffer,4 Attempts - 20 Races total,16,Go to Submit page,,,,,,,,,,,,,,,,,,,,,,,,,,,,,,,,,,,,,,,,,,,,,,,,
8/14/2026 12:09:15,Auregam,Graded (No Uma Restrictions),Win A finals with any uma,I accept these terms,Finals,Windows,$0,1131,6-10 (roughly 1 per day),YouTube - MooMooCows - https://www.youtube.com/@MooMooCows,4,,Nice Nature,Late Surger,Debuffer,2,1,0,0,2,1,0,Mejiro McQueen,Pace Chaser,Ace built for this CM before CM start in Grand Concert scenario,2,1,0,0,2,1,0,Gold City (Festival),Late Surger,Ace built for this CM before CM start in Grand Concert scenario,2,0,1,0,2,1,0,3 Attempts - 15 Races total,6,Day 2,,,,,,,,,,,,,,Re-use Day 1 - Team Comp 1 as Day 2 - Team Comp 1,,,,,,,,,,3 Attempts - 15 Races total,6,Day 3,,,,,,,,,,,,,,,Re-use Day 2 - Team Comp 1 as Day 3 - Team Comp 1,A Group,,,,,,,,,,3 Attempts - 15 Races total,3,Day 4,,,,,,,,,,,,,,,Re-use Day 3 - Team Comp 1 as Day 4 - Team Comp 1,B Group,,,,,,,,,,3 Attempts - 15 Races total,3,Go to Submit page,,,,,,,,,,,,,,,B Finals,1443,Re-use Day 4 - Team Comp 1 as Finals Team Comp,,,,,,,,,,https://drive.google.com/open?id=1I_U9r22Zca9xXIYAgDAhSrBKA6NZtATh,1st,,,,,,,,,,,,https://drive.google.com/open?id=17GuAq3HsnLF_6GuoE_Gjb1snfJ6EN9rc,https://drive.google.com/open?id=1KW-Mn0Nlo3GkYkAw30mgA22lfBe7HHzf,,,,,,,https://drive.google.com/open?id=1vEBwEilM1Ybic5GlO-hmhfNAju6Mdto7
8/12/2026 13:07:26,umaSalt,Graded (No Uma Restrictions),Win A finals with any uma,I accept these terms,Go to Submit page,"Android - phone or tablet, Windows",$101-500,,31-45 (roughly 5-6 per day),"Twitch - MooMooCows - https://www.twitch.tv/moomoomoocows, YouTube - MooMooCows - https://www.youtube.com/@MooMooCows",4,,,,,,,,,,,,,,,,,,,,,,,,,,,,,,,,,,,,,,,,,,,,,,,,,,,,,,,,,,,,,,,,,,,,,,,,,,,,,,,,,,,,,,,,,,,,,,,,,,,,,,,,,,,,,,,,,,,,,,,,,,,,,,,,,,,,,,,,,,,,,,,,,,,,,,,,,,,,,,,,,,,,
8/14/2026 7:44:33,rng42,Graded (No Uma Restrictions),Win A finals with any uma,I accept these terms,Finals,"Windows, SteamOS - Steam Deck",$101-500,,11-20 (roughly 2-3 per day),"Discord - MooMooCord - https://discord.gg/Hc7cP9GB, Twitch - MooMooCows - https://www.twitch.tv/moomoomoocows",,,Oguri Cap (Christmas),Pace Chaser,Ace built for this CM before CM start in Grand Concert scenario,3,0,0,0,2,1,0,Eishin Flash (Valentine),End Closer,Debuffer,,,,,,,,Grass Wonder,End Closer,Debuffer,,,,,,,,4 Attempts - 20 Races total,14,Day 2,,,,,,,,,,,,,,Re-use Day 1 - Team Comp 1 as Day 2 - Team Comp 1,,,,,,,,,,4 Attempts - 20 Races total,18,Day 3,,,,,,,,,,,,,,,Re-use Day 2 - Team Comp 1 as Day 3 - Team Comp 1,A Group,,,,,,,,,,3 Attempts - 15 Races total,19,Day 4,,,,,,,,,,,,,,,Re-use Day 3 - Team Comp 1 as Day 4 - Team Comp 1,A Group,,,,,,,,,,4 Attempts - 20 Races total,15,Go to Submit page,,,,,,,,,,,,,,,A Finals,15445,Re-use Day 4 - Team Comp 1 as Finals Team Comp,,,,,,,,,,https://drive.google.com/open?id=1Oaq7FTH-yzps2nkboscz226httbKSlvL,1st,,,,,,,,,,,,https://drive.google.com/open?id=10dyyuBcCTB61Nir2kPTf1PhKJIrFNziw,https://drive.google.com/open?id=1VwaXJjUOIZSGAIwOS3ZxB0NleU-JT4VT,,0,15,2,0,0,https://drive.google.com/open?id=1-r08zCzskoZkT0rYikMcV5Hln_e6fGUd
8/12/2026 13:51:59,MattWin,Graded (No Uma Restrictions),Get into A finals,I accept these terms,Day 1,Windows,$101-500,1049,21-30 (roughly 3-4 per day),Discord - MooMooCord - https://discord.gg/Hc7cP9GB,,,Mejiro McQueen,Front Runner,Ace built for this CM before CM start in Grand Concert scenario,2,0,1,0,2,1,0,Daiwa Scarlet,Front Runner,Ace built for this CM before CM start in Grand Concert scenario,2,0,1,0,2,1,0,Copano Rickey,Front Runner,Ace built for this CM before CM start in Grand Concert scenario,2,1,0,0,2,1,0,4 Attempts - 20 Races total,14,Day 2,,,,,,,,,,,,,,Re-use Day 1 - Team Comp 1 as Day 2 - Team Comp 1,,,,,,,,,,4 Attempts - 20 Races total,15,Day 3,,,,,,,,,,,,,,,Re-use Day 2 - Team Comp 1 as Day 3 - Team Comp 1,A Group,,,,,,,,,,4 Attempts - 20 Races total,6,Day 4,,,,,,,,,,,,,,,Re-use Day 3 - Team Comp 1 as Day 4 - Team Comp 1,A Group,,,,,,,,,,4 Attempts - 20 Races total,15,Go to Submit page,,,,,,,,,,,,,,,,,,,,,,,,,,,,,,,,,,,,,,,,,,,,,,,,
8/14/2026 5:46:48,Laxro,Graded (No Uma Restrictions),"Win A finals with ""oshi"" uma",I accept these terms,Finals,"iOS - phone or tablet, Windows",$0,,11-20 (roughly 2-3 per day),"Discord - MooMooCord - https://discord.gg/Hc7cP9GB, Reddit - /r/umamusumeGame, YouTube - MooMooCows - https://www.youtube.com/@MooMooCows",4,,Oguri Cap (Christmas),Pace Chaser,Ace built for this CM before CM start in Grand Concert scenario,3,0,0,0,2,1,,Agnes Tachyon,Pace Chaser,Debuffer,1,0,0,0,5,0,0,Nice Nature,Late Surger,Debuffer,1,0,0,0,5,0,0,4 Attempts - 20 Races total,7,Day 2,,,,,,,,,,,,,,Re-use Day 1 - Team Comp 1 as Day 2 - Team Comp 1,,,,,,,,,,1 Attempt - 5 Races total,2,Day 3,,,,,,,,,,,,,,,Add new Team Comp as Day 3 - Team Comp 1,A Group,Oguri Cap (Christmas),Pace Chaser,Ace built for this CM before CM start in Grand Concert scenario,Agnes Tachyon,Pace Chaser,Debuffer,Grass Wonder,Late Surger,Debuffer,4 Attempts - 20 Races total,16,Day 4,,,,,,,,,,,,,,,Re-use Day 3 - Team Comp 1 as Day 4 - Team Comp 1,A Group,,,,,,,,,,4 Attempts - 20 Races total,13,Go to Submit page,,,,,,,,,,,,,,,A Finals,8117,Re-use Day 4 - Team Comp 1 as Finals Team Comp,,,,,,,,,,https://drive.google.com/open?id=1haG1mX8WWEEn7MbDX9n1NFgp0vu_Uz_-,1st,,,,,,,,,,,"Oguri Cap is the reason I got into this game, seeing clips of her from Cinderella Gray",https://drive.google.com/open?id=1Pzg-9efcCzBpZyvCHbiaPNKiH1Vor-uB,https://drive.google.com/open?id=10cou5RcwfcVoAm-ucaZs5vDkhdLX12dW,,3,15,0,0,0,https://drive.google.com/open?id=1tufXT2qGks4LmZxG2aqoOq9kbcIGyjBi
8/14/2026 7:20:43,Malf,Graded (No Uma Restrictions),Win A finals with any uma,I accept these terms,Finals,"Android - phone or tablet, Windows, SteamOS - Steam Deck",$501-1000,1706,46+ (more than 6 per day),"Discord - MooMooCord - https://discord.gg/Hc7cP9GB, YouTube - MooMooCows - https://www.youtube.com/@MooMooCows",,,Seiun Sky,Front Runner,Ace built for this CM before CM start in Grand Concert scenario,3,1,0,0,1,1,0,Copano Rickey,Front Runner,Ace built for this CM before CM start in Grand Concert scenario,3,1,0,0,1,1,0,Oguri Cap (Christmas),Pace Chaser,Ace built for this CM before CM start in Grand Concert scenario,2,1,0,0,2,1,0,4 Attempts - 20 Races total,16,Day 2,,,,,,,,,,,,,,Re-use Day 1 - Team Comp 1 as Day 2 - Team Comp 1,,,,,,,,,,4 Attempts - 20 Races total,17,Day 4,,,,,,,,,,,,,,,Re-use Day 2 - Team Comp 1 as Day 3 - Team Comp 1,A Group,,,,,,,,,,4 Attempts - 20 Races total,15,Day 2,,,,,,,,,,,,,,,Re-use Day 3 - Team Comp 1 as Day 4 - Team Comp 1,A Group,,,,,,,,,,4 Attempts - 20 Races total,19,Go to Submit page,,,,,,,,,,,,,,,A Finals,9489,Re-use Day 4 - Team Comp 1 as Finals Team Comp,,,,,,,,,,https://drive.google.com/open?id=1fyR5FMuUlUnc5KR8rjdYZIfCucrXFaPT,1st,,,,,,,,,,,,https://drive.google.com/open?id=12aEX0vKdC_Z9tkgoqB7_wnG1v785ZFys,https://drive.google.com/open?id=1nIjs2zlCue3v3wl4qMCsjkazrB9_p_bJ,,7,6,0,0,2,https://drive.google.com/open?id=1_3HzM4qmiDeewDY2p5fG1PQAYvdRTJJp
8/12/2026 16:51:26,Shadow,Graded (No Uma Restrictions),"Win A finals with ""oshi"" uma",I accept these terms,Day 1,Android - phone or tablet,$1-100,,0-5 (less than 1 per day),,,,Tamamo Cross,End Closer,Ace built for this CM before CM start in Unity Cup scenario,,,,,,,,Symboli Rudolf,End Closer,Debuffer,,,,,,,,Agnes Tachyon,End Closer,Debuffer,,,,,,,,4 Attempts - 20 Races total,14,Day 2,,,,,,,,,,,,,,Re-use Day 1 - Team Comp 1 as Day 2 - Team Comp 1,,,,,,,,,,4 Attempts - 20 Races total,14,Day 3,,,,,,,,,,,,,,,Re-use Day 2 - Team Comp 1 as Day 3 - Team Comp 1,A Group,,,,,,,,,,4 Attempts - 20 Races total,10,Day 4,,,,,,,,,,,,,,,Re-use Day 3 - Team Comp 1 as Day 4 - Team Comp 1,A Group,,,,,,,,,,4 Attempts - 20 Races total,6,Go to Submit page,,,,,,,,,,,,,,,,,,,,,,,,,,,,,,,,,,,,,,,,,,,,,,,,
8/12/2026 17:16:39,BunBun,Graded (No Uma Restrictions),"Win A finals with ""oshi"" uma",I accept these terms,Day 1,Android - phone or tablet,$0,1351,46+ (more than 6 per day),Discord - MooMooCord - https://discord.gg/Hc7cP9GB,5,,Oguri Cap,Late Surger,Ace built for this CM before CM start in Grand Concert scenario,2,1,0,0,2,1,0,Nice Nature,Late Surger,Debuffer,0,0,1,0,5,0,0,Grass Wonder,Late Surger,Debuffer,1,0,1,0,4,0,0,4 Attempts - 20 Races total,17,Day 2,,,,,,,,,,,,,,Re-use Day 1 - Team Comp 1 as Day 2 - Team Comp 1,,,,,,,,,,4 Attempts - 20 Races total,13,Day 3,,,,,,,,,,,,,,,Re-use Day 2 - Team Comp 1 as Day 3 - Team Comp 1,A Group,,,,,,,,,,4 Attempts - 20 Races total,14,Day 4,,,,,,,,,,,,,,,Re-use Day 3 - Team Comp 1 as Day 4 - Team Comp 1,A Group,,,,,,,,,,4 Attempts - 20 Races total,8,Go to Submit page,,,,,,,,,,,,,,,,,,,,,,,,,,,,,,,,,,,,,,,,,,,,,,,,
8/14/2026 11:58:14,Npham21@TTA,Graded (No Uma Restrictions),Get into A finals,I accept these terms,Finals,"iOS - phone or tablet, Windows",$501-1000,3083,46+ (more than 6 per day),Discord - MooMooCord - https://discord.gg/Hc7cP9GB,4,,Nice Nature,Late Surger,Debuffer,,,,,,,,Mayano Top Gun (Wedding),Late Surger,Debuffer,,,,,,,,Oguri Cap (Christmas),Pace Chaser,Ace built for this CM before CM start in Grand Concert scenario,2,1,,,2,1,,4 Attempts - 20 Races total,18,Day 2,,,,,,,,,,,,,,Re-use Day 1 - Team Comp 1 as Day 2 - Team Comp 1,,,,,,,,,,4 Attempts - 20 Races total,17,Day 3,,,,,,,,,,,,,,,Re-use Day 2 - Team Comp 1 as Day 3 - Team Comp 1,A Group,,,,,,,,,,4 Attempts - 20 Races total,16,Day 4,,,,,,,,,,,,,,,Add a new Team Comp as Day 4 - Team Comp 1,A Group,Grass Wonder,Late Surger,Debuffer,Agnes Tachyon,Late Surger,Debuffer,Oguri Cap (Christmas),Pace Chaser,Ace built for this CM before CM start in Grand Concert scenario,4 Attempts - 20 Races total,19,Go to Submit page,,,,,,,,,,,,,,,A Finals,12240,Re-use Day 4 - Team Comp 1 as Finals Team Comp,,,,,,,,,,https://drive.google.com/open?id=1IFbf_fQ0U2nwZBOSEJLgWv5hB3hJUWyH,1st,,,,,,,,,,,,https://drive.google.com/open?id=1uNZzHJ_NPCbT2cXJAiPUE-f1f3CFgm8f,https://drive.google.com/open?id=1e793stZO9sZCDr7exvBkiUI292PnpxAV,,,10,2,2,,https://drive.google.com/open?id=1ByxAOKFzgAhUCN3irfK2Alltw9-gnVK_
8/12/2026 18:39:50,brendo,Graded (No Uma Restrictions),Win A finals with any uma,I accept these terms,Day 1,Android - phone or tablet,$0,1600,21-30 (roughly 3-4 per day),YouTube - MooMooCows - https://www.youtube.com/@MooMooCows,5,,Oguri Cap (Christmas),Pace Chaser,Ace built for this CM before CM start in Grand Concert scenario,3,,,,2,1,,Agnes Tachyon,Late Surger,Debuffer,2,,1,,3,,,Grass Wonder,Late Surger,Debuffer,2,1,1,,2,0,,4 Attempts - 20 Races total,16,Day 2,,,,,,,,,,,,,,Re-use Day 1 - Team Comp 1 as Day 2 - Team Comp 1,,,,,,,,,,4 Attempts - 20 Races total,17,Day 3,,,,,,,,,,,,,,,Re-use Day 2 - Team Comp 1 as Day 3 - Team Comp 1,A Group,,,,,,,,,,4 Attempts - 20 Races total,16,Day 4,,,,,,,,,,,,,,,Re-use Day 3 - Team Comp 1 as Day 4 - Team Comp 1,A Group,,,,,,,,,,4 Attempts - 20 Races total,19,Go to Submit page,,,,,,,,,,,,,,,,,,,,,,,,,,,,,,,,,,,,,,,,,,,,,,,,
8/12/2026 19:32:26,Fallensyndicate,Graded (No Uma Restrictions),"Win A finals with ""oshi"" uma",I accept these terms,Day 4,"Android - phone or tablet, Windows",$501-1000,,11-20 (roughly 2-3 per day),YouTube - MooMooCows - https://www.youtube.com/@MooMooCows,,,,,,,,,,,,,,,,,,,,,,,,,,,,,,,,,,,,,,,,,,,,,,,,,,,,,,,,,,,,,,,,,,,,,,,,,,,,Re-use Day 2 - Team Comp 1 as Day 3 - Team Comp 1,A Group,,,,,,,,,,4 Attempts - 20 Races total,10,Go to Submit page,,,,,,,,,,,,,,,Re-use Day 3 - Team Comp 1 as Day 4 - Team Comp 1,A Group,,,,,,,,,,4 Attempts - 20 Races total,9,Go to Submit page,,,,,,,,,,,,,,,,,,,,,,,,,,,,,,,,,,,,,,,,,,,,,,,,
8/14/2026 5:59:09,TheVP,Graded (No Uma Restrictions),Get into A finals,I accept these terms,Finals,Android - phone or tablet,$101-500,1154,46+ (more than 6 per day),Discord - MooMooCord - https://discord.gg/Hc7cP9GB,,,Agnes Digital,End Closer,Ace built for this CM before CM start in Grand Concert scenario,2,1,0,0,2,1,0,Mayano Top Gun (Wedding),Late Surger,Debuffer,0,2,0,1,3,0,0,Nice Nature,Late Surger,Debuffer,0,2,0,1,3,0,0,4 Attempts - 20 Races total,15,Day 2,,,,,,,,,,,,,,Re-use Day 1 - Team Comp 1 as Day 2 - Team Comp 1,,,,,,,,,,4 Attempts - 20 Races total,16,Day 3,,,,,,,,,,,,,,,Re-use Day 2 - Team Comp 1 as Day 3 - Team Comp 1,A Group,,,,,,,,,,4 Attempts - 20 Races total,10,Day 4,,,,,,,,,,,,,,,Re-use Day 3 - Team Comp 1 as Day 4 - Team Comp 1,A Group,,,,,,,,,,4 Attempts - 20 Races total,14,Go to Submit page,,,,,,,,,,,,,,,A Finals,11252,Re-use Day 4 - Team Comp 1 as Finals Team Comp,,,,,,,,,,https://drive.google.com/open?id=1CjQxguwfJ0fGWvXmXftEb7--tVm89WKu,1st,,,,,,,,,,,I know it ain't Oshi winner ,https://drive.google.com/open?id=1-N9iI8LIZjaCDhTQ6n4sExshbRlJQg6F,https://drive.google.com/open?id=1IWQRpkxOzMX6uQsb3x6O0hoIRlRsH83B,,0,14,2,0,0,https://drive.google.com/open?id=1-vUK0tSrropOhAaliRWshBi5HCZlMVT7
8/14/2026 8:13:54,ShadPrince,Graded (No Uma Restrictions),"Win A finals with ""oshi"" uma",I accept these terms,Finals,"Android - phone or tablet, Windows",$1001-5000,1924,46+ (more than 6 per day),Discord - MooMooCord - https://discord.gg/Hc7cP9GB,,,Air Groove,Late Surger,Ace built for this CM before CM start in Grand Concert scenario,3,1,,,1,1,,Agnes Tachyon,Front Runner,Debuffer,1,1,1,,2,1,,Nice Nature,Late Surger,Debuffer,,2,1,,2,1,,4 Attempts - 20 Races total,14,Day 2,,,,,,,,,,,,,,Re-use Day 1 - Team Comp 1 as Day 2 - Team Comp 1,,,,,,,,,,4 Attempts - 20 Races total,13,Day 3,,,,,,,,,,,,,,,Add new Team Comp as Day 3 - Team Comp 1,A Group,Air Groove,Late Surger,Ace built for this CM before CM start in Grand Concert scenario,Agnes Tachyon,Front Runner,Debuffer,Grass Wonder,End Closer,Debuffer,4 Attempts - 20 Races total,13,Day 4,,,,,,,,,,,,,,,Re-use Day 3 - Team Comp 1 as Day 4 - Team Comp 1,A Group,,,,,,,,,,4 Attempts - 20 Races total,17,Go to Submit page,,,,,,,,,,,,,,,A Finals,10785,Re-use Day 4 - Team Comp 2 as Finals Team Comp,,,,,,,,,,https://drive.google.com/open?id=1PQhpOsvvM7Qcahc6W_n2AubtGlKkix-6,1st,,,,,,,,,,,Sprint. Mile. Medium. Long. Dirt. All 5 plats have now been claimed by the Empress.,https://drive.google.com/open?id=1JA-t2iLcbo9_Hqndc1U9h10kcGlGkbJj,https://drive.google.com/open?id=1pfTeYRDiXrSQljcB0GhBqLjAW2oKkFzI,,0,10,4,0,0,https://drive.google.com/open?id=1S1dqLJydlPTtLVBdHnFfMiyo5A3UGcq_
8/14/2026 5:16:35,Eterna,Graded (No Uma Restrictions),Get into A finals,I accept these terms,Finals,"Android - phone or tablet, Windows",$0,1011,11-20 (roughly 2-3 per day),,3,,Mejiro Dober,Late Surger,Ace built for this CM before CM start in Grand Concert scenario,2,1,0,0,2,1,0,Agnes Digital,Late Surger,Ace built for this CM before CM start in Grand Concert scenario,2,1,0,0,2,1,0,Mayano Top Gun,Late Surger,Ace built for this CM before CM start in Grand Concert scenario,2,1,0,0,2,1,0,4 Attempts - 20 Races total,14,Day 2,,,,,,,,,,,,,,Re-use Day 1 - Team Comp 1 as Day 2 - Team Comp 1,,,,,,,,,,4 Attempts - 20 Races total,14,Day 3,,,,,,,,,,,,,,,Re-use Day 2 - Team Comp 1 as Day 3 - Team Comp 1,A Group,,,,,,,,,,4 Attempts - 20 Races total,3,Day 4,,,,,,,,,,,,,,,Re-use Day 3 - Team Comp 1 as Day 4 - Team Comp 1,A Group,,,,,,,,,,4 Attempts - 20 Races total,6,Go to Submit page,,,,,,,,,,,,,,,A Finals,8366,Re-use Day 4 - Team Comp 1 as Finals Team Comp,,,,,,,,,,https://drive.google.com/open?id=1UDZYRN8IJywtmiaodgMRGD1zGK3VL7Lq,3rd,Yes,https://drive.google.com/open?id=1J21CLlkudFTwXi2dm4NA6wue_TXz9WU-,https://drive.google.com/open?id=1f0tyABbGVRblaWAo3ZSPJHHgqbsa6PEo,,0,16,0,0,0,https://drive.google.com/open?id=1t9mo06qi9kFoG54ersVM2A5Vl9PK5OJC,,,,,,,,,,
8/12/2026 21:50:29,FrustratedGrunt,Graded (No Uma Restrictions),"Win A finals with ""oshi"" uma",I accept these terms,Day 1,Android - phone or tablet,$101-500,953,31-45 (roughly 5-6 per day),Discord - MooMooCord - https://discord.gg/Hc7cP9GB,,,El Condor Pasa (Fantasy),Late Surger,Ace built for this CM before CM start in Grand Concert scenario,3,1,,,1,1,,Mayano Top Gun (Wedding),End Closer,Debuffer,3,1,,,1,,,Nice Nature,End Closer,Debuffer,3,1,,,2,,,4 Attempts - 20 Races total,9,Day 2,,,,,,,,,,,,,,Re-use Day 1 - Team Comp 1 as Day 2 - Team Comp 1,,,,,,,,,,4 Attempts - 20 Races total,8,Day 3,,,,,,,,,,,,,,,Re-use Day 2 - Team Comp 1 as Day 3 - Team Comp 1,A Group,,,,,,,,,,4 Attempts - 20 Races total,8,Day 4,,,,,,,,,,,,,,,Re-use Day 3 - Team Comp 1 as Day 4 - Team Comp 1,A Group,,,,,,,,,,4 Attempts - 20 Races total,9,Go to Submit page,,,,,,,,,,,,,,,,,,,,,,,,,,,,,,,,,,,,,,,,,,,,,,,,
8/14/2026 6:35:55,th33beat,Graded (No Uma Restrictions),Win A finals with any uma,I accept these terms,Finals,"Android - phone or tablet, Windows",$501-1000,1711,46+ (more than 6 per day),Discord - MooMooCord - https://discord.gg/Hc7cP9GB,,,Nice Nature (Cheerleader),Late Surger,Ace built for this CM before CM start in Grand Concert scenario,3,1,,,1,1,,Oguri Cap (Christmas),Pace Chaser,Ace built for this CM before CM start in Grand Concert scenario,3,,,,2,1,,Agnes Tachyon,Late Surger,Debuffer,,,,,,,,4 Attempts - 20 Races total,18,Day 2,,,,,,,,,,,,,,Re-use Day 1 - Team Comp 1 as Day 2 - Team Comp 1,,,,,,,,,,4 Attempts - 20 Races total,17,Day 3,,,,,,,,,,,,,,,Re-use Day 2 - Team Comp 1 as Day 3 - Team Comp 1,A Group,,,,,,,,,,4 Attempts - 20 Races total,13,Day 4,,,,,,,,,,,,,,,Re-use Day 3 - Team Comp 1 as Day 4 - Team Comp 1,A Group,,,,,,,,,,4 Attempts - 20 Races total,16,Go to Submit page,,,,,,,,,,,,,,,A Finals,13324,Re-use Day 4 - Team Comp 1 as Finals Team Comp,,,,,,,,,,https://drive.google.com/open?id=1vhoBU9gyDN4Qm57Nt1DVgi8EvULxqRSZ,1st,,,,,,,,,,,"She can win sometimes, right?",https://drive.google.com/open?id=147Hv4SQW-omNEfXUCGRdg4l20nt7m2Jv,https://drive.google.com/open?id=1uet7FDxU33TXkjsunoKR5XGlrerO1L9i,,0,10,4,0,0,https://drive.google.com/open?id=1aGi9ooy-fGeIjUAGn9bUobu6eiaH09y3
8/15/2026 3:19:33,Ayzu,Graded (No Uma Restrictions),Get into A finals,I accept these terms,Finals,"Android - phone or tablet, SteamOS - Steam Deck",$501-1000,730,11-20 (roughly 2-3 per day),"Discord - MooMooCord - https://discord.gg/Hc7cP9GB, Twitch - MooMooCows - https://www.twitch.tv/moomoomoocows, YouTube - MooMooCows - https://www.youtube.com/@MooMooCows",5,,Oguri Cap (Christmas),Pace Chaser,Ace built for this CM before CM start in Grand Concert scenario,2,1,0,0,2,1,0,Nice Nature (Cheerleader),Late Surger,Debuffer,1,1,0,0,3,1,0,Grass Wonder,Late Surger,Debuffer,1,1,0,0,3,1,0,4 Attempts - 20 Races total,15,Day 2,,,,,,,,,,,,,,Re-use Day 1 - Team Comp 1 as Day 2 - Team Comp 1,,,,,,,,,,3 Attempts - 15 Races total,10,Day 3,,,,,,,,,,,,,,,Re-use Day 2 - Team Comp 1 as Day 3 - Team Comp 1,A Group,,,,,,,,,,4 Attempts - 20 Races total,11,Day 4,,,,,,,,,,,,,,,Re-use Day 3 - Team Comp 1 as Day 4 - Team Comp 1,A Group,,,,,,,,,,4 Attempts - 20 Races total,11,Go to Submit page,,,,,,,,,,,,,,,A Finals,,Re-use Day 4 - Team Comp 1 as Finals Team Comp,,,,,,,,,,,3rd,No (goes to Submit page),,,,,,,,,,,,,,,,,,,
8/13/2026 4:11:38,ArkExeon,Graded (No Uma Restrictions),Get into B finals,I accept these terms,Day 1,Android - phone or tablet,$0,1440,21-30 (roughly 3-4 per day),"Discord - MooMooCord - https://discord.gg/Hc7cP9GB, Reddit - /r/umamusumeGame, YouTube - MooMooCows - https://www.youtube.com/@MooMooCows",,,Oguri Cap,Pace Chaser,Ace built for this CM before CM start in Grand Concert scenario,2,,1,,2,1,,Taiki Shuttle,Pace Chaser,Ace built for this CM before CM start in Grand Concert scenario,2,,1,,2,1,,El Condor Pasa,Pace Chaser,Ace built for this CM before CM start in Grand Concert scenario,2,,1,,2,1,,4 Attempts - 20 Races total,11,Day 2,,,,,,,,,,,,,,Re-use Day 1 - Team Comp 1 as Day 2 - Team Comp 1,,,,,,,,,,4 Attempts - 20 Races total,11,Day 3,,,,,,,,,,,,,,,Re-use Day 2 - Team Comp 1 as Day 3 - Team Comp 1,A Group,,,,,,,,,,4 Attempts - 20 Races total,5,Day 4,,,,,,,,,,,,,,,Re-use Day 3 - Team Comp 1 as Day 4 - Team Comp 1,A Group,,,,,,,,,,4 Attempts - 20 Races total,4,Go to Submit page,,,,,,,,,,,,,,,,,,,,,,,,,,,,,,,,,,,,,,,,,,,,,,,,
8/13/2026 4:44:09,DHOROT,Graded (No Uma Restrictions),"Win A finals with ""oshi"" uma",I accept these terms,Day 1,"Android - phone or tablet, Windows",$1-100,1666,21-30 (roughly 3-4 per day),"Discord - MooMooCord - https://discord.gg/Hc7cP9GB, YouTube - MooMooCows - https://www.youtube.com/@MooMooCows",4,Does the weekly career count take into account the independent careers? I feel like it is not really clear,Oguri Cap (Christmas),Pace Chaser,Ace built for this CM before CM start in Grand Concert scenario,2,0,0,0,3,1,0,Inari One,Late Surger,Ace built for this CM before CM start in Grand Concert scenario,2,1,0,0,2,1,0,Copano Rickey,Pace Chaser,Ace built for this CM before CM start in Grand Concert scenario,2,1,0,0,2,1,0,4 Attempts - 20 Races total,15,Day 2,,,,,,,,,,,,,,Re-use Day 1 - Team Comp 1 as Day 2 - Team Comp 1,,,,,,,,,,4 Attempts - 20 Races total,16,Day 3,,,,,,,,,,,,,,,Re-use Day 2 - Team Comp 1 as Day 3 - Team Comp 1,A Group,,,,,,,,,,4 Attempts - 20 Races total,14,Day 4,,,,,,,,,,,,,,,Re-use Day 3 - Team Comp 1 as Day 4 - Team Comp 1,A Group,,,,,,,,,,4 Attempts - 20 Races total,13,Go to Submit page,,,,,,,,,,,,,,,,,,,,,,,,,,,,,,,,,,,,,,,,,,,,,,,,
8/14/2026 5:26:18,BlastHardcheese,Graded (No Uma Restrictions),"Win A finals with ""oshi"" uma",I accept these terms,Finals,Windows,$0,1165,21-30 (roughly 3-4 per day),YouTube - MooMooCows - https://www.youtube.com/@MooMooCows,5,,Special Week,Late Surger,Ace built for this CM before CM start in Grand Concert scenario,2,1,0,0,2,1,0,Agnes Digital,Late Surger,Ace built for this CM before CM start in Grand Concert scenario,2,1,0,0,2,1,0,Gold City (Festival),Late Surger,Ace built for this CM before CM start in Grand Concert scenario,2,1,0,0,2,1,0,4 Attempts - 20 Races total,13,Day 2,,,,,,,,,,,,,,Re-use Day 1 - Team Comp 1 as Day 2 - Team Comp 1,,,,,,,,,,4 Attempts - 20 Races total,13,Day 3,,,,,,,,,,,,,,,Re-use Day 2 - Team Comp 1 as Day 3 - Team Comp 1,A Group,,,,,,,,,,4 Attempts - 20 Races total,11,Day 4,,,,,,,,,,,,,,,Re-use Day 3 - Team Comp 1 as Day 4 - Team Comp 1,A Group,,,,,,,,,,4 Attempts - 20 Races total,11,Go to Submit page,,,,,,,,,,,,,,,A Finals,11452,Re-use Day 4 - Team Comp 1 as Finals Team Comp,,,,,,,,,,https://drive.google.com/open?id=1DYRvUAymLUjNKpx6jOSv-6ujvhNWmEFv,3rd,Yes,https://drive.google.com/open?id=1lZX_Rw_GgkkH4B0fjq9cWttzbckMsf6K,https://drive.google.com/open?id=1A3JNvsJOzUpnW3eGwvL7TwaZPQuFDLNJ,,0,12,3,0,2,https://drive.google.com/open?id=1sNcuxk_IcArjyNdlSSBz_hdtxMy7Rl28,,,,,,,,,,
8/14/2026 11:22:37,Poni5,Graded (No Uma Restrictions),Win A finals with any uma,I accept these terms,Finals,,,,,,,,Copano Rickey,Front Runner,Ace built for this CM before CM start in Grand Concert scenario,,,,,,,,Rice Shower,Front Runner,Ace built for this CM before CM start in Grand Concert scenario,,,,,,,,Grass Wonder,End Closer,Debuffer,,,,,,,,4 Attempts - 20 Races total,18,Day 2,,,,,,,,,,,,,,Re-use Day 1 - Team Comp 1 as Day 2 - Team Comp 1,,,,,,,,,,4 Attempts - 20 Races total,16,Day 3,,,,,,,,,,,,,,,Re-use Day 2 - Team Comp 1 as Day 3 - Team Comp 1,A Group,,,,,,,,,,4 Attempts - 20 Races total,14,Day 4,,,,,,,,,,,,,,,Re-use Day 3 - Team Comp 1 as Day 4 - Team Comp 1,A Group,,,,,,,,,,4 Attempts - 20 Races total,15,Go to Submit page,,,,,,,,,,,,,,,A Finals,,Re-use Day 4 - Team Comp 1 as Finals Team Comp,,,,,,,,,,https://drive.google.com/open?id=1W_1wlxqJQLQrOlgwpTKhsVhAIY-vBS5T,1st,,,,,,,,,,,,,,,,,,,,
8/14/2026 6:21:59,Eyefizz13,Graded (No Uma Restrictions),"Win A finals with ""oshi"" uma",I accept these terms,Finals,Windows,$101-500,,31-45 (roughly 5-6 per day),Discord - MooMooCord - https://discord.gg/Hc7cP9GB,,,Rice Shower (Halloween),Pace Chaser,Ace built for this CM before CM start in Grand Concert scenario,3,0,0,0,2,1,0,Mayano Top Gun (Wedding),Front Runner,Debuffer,0,1,1,1,3,0,0,Nice Nature,Late Surger,Debuffer,0,1,1,1,3,0,0,4 Attempts - 20 Races total,10,Day 2,,,,,,,,,,,,,,Add new Team Comp as Day 2 - Team Comp 1,Rice Shower (Halloween),Pace Chaser,Ace built for this CM before CM start in Grand Concert scenario,Symboli Rudolf,Front Runner,Debuffer,Grass Wonder,Late Surger,Debuffer,4 Attempts - 20 Races total,10,Day 3,,,,,,,,,,,,,,,Re-use Day 2 - Team Comp 1 as Day 3 - Team Comp 1,A Group,,,,,,,,,,4 Attempts - 20 Races total,10,Day 4,,,,,,,,,,,,,,,Re-use Day 3 - Team Comp 1 as Day 4 - Team Comp 1,A Group,,,,,,,,,,4 Attempts - 20 Races total,11,Go to Submit page,,,,,,,,,,,,,,,A Finals,7645,Re-use Day 4 - Team Comp 1 as Finals Team Comp,,,,,,,,,,https://drive.google.com/open?id=1q7bWtnf_R5SFVHhPcjaZZbKCkQofFVr7,1st,,,,,,,,,,,That's my clothes mane. That's gross mane.,https://drive.google.com/open?id=1wCY2a3s1eAmxVjBNgdqNU2faEExCV_F0,https://drive.google.com/open?id=1npmwCtLoKk8kidvRedDn5x0-30ycwqaD,,0,6,0,0,0,https://drive.google.com/open?id=1KkclAqVB8dEqZgvXZQmDr43glcjvMnuX
8/14/2026 5:32:52,Adop <3 Curren,Graded (No Uma Restrictions),Collect participation rewards,I accept these terms,Finals,,$501-1000,826,,,,,Oguri Cap (Christmas),Pace Chaser,Ace built for this CM before CM start in Grand Concert scenario,,,,,,,,Special Week,Late Surger,Ace built for this CM before CM start in Grand Concert scenario,,,,,,,,Gold City (Festival),Late Surger,Ace built for this CM before CM start in Grand Concert scenario,,,,,,,,4 Attempts - 20 Races total,16,Day 2,,,,,,,,,,,,,,Re-use Day 1 - Team Comp 1 as Day 2 - Team Comp 1,,,,,,,,,,4 Attempts - 20 Races total,14,Day 3,,,,,,,,,,,,,,,Re-use Day 2 - Team Comp 1 as Day 3 - Team Comp 1,A Group,,,,,,,,,,4 Attempts - 20 Races total,6,Day 4,,,,,,,,,,,,,,,Re-use Day 3 - Team Comp 1 as Day 4 - Team Comp 1,A Group,,,,,,,,,,4 Attempts - 20 Races total,12,Finals,,,,,,,,,,,,,,,A Finals,9732,Re-use Day 4 - Team Comp 1 as Finals Team Comp,,,,,,,,,,,1st,,,,,,,,,,,,,,,,,,,,
8/14/2026 5:29:55,Rizzler-sama,Graded (No Uma Restrictions),Collect participation rewards,I accept these terms,Day 4,Windows,$0,413,6-10 (roughly 1 per day),YouTube - MooMooCows - https://www.youtube.com/@MooMooCows,5,,,,,,,,,,,,,,,,,,,,,,,,,,,,,,,,,,,,,,,,,,,,,,,,,,,,,,,,,,,,,,,,,,,,,,,,,,,,,,,,,,,,,,,,,,,,,,,,,,,,,,,Re-use Day 3 - Team Comp 1 as Day 4 - Team Comp 1,B Group,,,,,,,,,,4 Attempts - 20 Races total,5,Finals,,,,,,,,,,,,,,,B Finals,1154,Re-use Day 4 - Team Comp 1 as Finals Team Comp,,,,,,,,,,https://drive.google.com/open?id=1CCp1Qyus-UCce9Rqni5GwqmlbAUMBFZC,2nd,Yes,https://drive.google.com/open?id=1SNVFoTRgMMnvOnzcKQDKkrLl92JUe3F2,https://drive.google.com/open?id=1G7z3lOu40MaFtltNWYviSCEsi471IhB6,,3,6,0,2,0,https://drive.google.com/open?id=1VVn5CrkuHkVRukBplVf_d-qR8KSqMNe0,,,,,,,,,,
8/14/2026 20:53:35,Jupiter,Graded (No Uma Restrictions),Get into A finals,I accept these terms,Finals,"Android - phone or tablet, Windows",$101-500,1447,21-30 (roughly 3-4 per day),YouTube - MooMooCows - https://www.youtube.com/@MooMooCows,5,,Agnes Digital,Late Surger,Ace built for this CM before CM start in Grand Concert scenario,2,1,0,0,2,1,0,Mayano Top Gun (Wedding),End Closer,Debuffer,,,,,,,,Nice Nature,End Closer,Debuffer,,,,,,,,4 Attempts - 20 Races total,12,Day 2,,,,,,,,,,,,,,Add new Team Comp as Day 2 - Team Comp 1,Agnes Digital,Late Surger,Ace built for this CM before CM start in Grand Concert scenario,Symboli Rudolf,End Closer,Debuffer,Agnes Tachyon,Front Runner,Debuffer,4 Attempts - 20 Races total,15,Day 3,,,,,,,,,,,,,,,Re-use Day 2 - Team Comp 1 as Day 3 - Team Comp 1,A Group,,,,,,,,,,4 Attempts - 20 Races total,14,Day 4,,,,,,,,,,,,,,,Re-use Day 3 - Team Comp 1 as Day 4 - Team Comp 1,A Group,,,,,,,,,,4 Attempts - 20 Races total,11,Finals,,,,,,,,,,,,,,,A Finals,10702,Re-use Day 4 - Team Comp 1 as Finals Team Comp,,,,,,,,,,https://drive.google.com/open?id=1Py4AgdB-A1iFrxOh8DpPzoc6cH-NXryu,1st,,,,,,,,,,,,https://drive.google.com/open?id=170abxyklfXRWpzSOUDHb8PMhe2EXFCuI,https://drive.google.com/open?id=1fUsrOc-bFJv-3mrmaStgkFZpz10oVSfX,,2,13,0,0,0,https://drive.google.com/open?id=1qbWhuMuZ1pgd3ad8anCQ4fcVWbpTCvSS
8/14/2026 5:48:06,BMinous,Graded (No Uma Restrictions),"Win A finals with ""oshi"" uma",I accept these terms,Finals,Linux,$101-500,1077,31-45 (roughly 5-6 per day),"Discord - MooMooCord - https://discord.gg/Hc7cP9GB, Twitch - MooMooCows - https://www.twitch.tv/moomoomoocows, YouTube - MooMooCows - https://www.youtube.com/@MooMooCows",5,,,,,,,,,,,,,,,,,,,,,,,,,,,,,,,,,,,,,,,,,,,,,,,,,,,,,,,,,,,,,,,,,,,,,,,,,,,,,,,,,,,,,,,,,,,,,,,,,,,,,,,,,,,,,,,,,,,,,,,,,,,,,,,,,,,A Finals,15347,Re-use Day 4 - Team Comp 1 as Finals Team Comp,,,,,,,,,,https://drive.google.com/open?id=10p6RJTT-Fa5sZcEEfOd2ssGmtGWHKBwQ,1st,,,,,,,,,,,Potential Uma has the potential to do anything,https://drive.google.com/open?id=1fr18TFmjqVb2kUcmrLHdY3ukLNu3ODX7,https://drive.google.com/open?id=1K1Sp_RU2ldbezXlKLAO69ziCCIxjG-tP,,2,10,3,0,0,https://drive.google.com/open?id=1OnSzS8Amrq_bNlBeAtSMbgqad_Vr8iWX
8/14/2026 5:53:32,NumenX,Graded (No Uma Restrictions),Win A finals with any uma,I accept these terms,Day 1,Windows,$501-1000,2350,46+ (more than 6 per day),,,,Oguri Cap (Christmas),Pace Chaser,Ace built for this CM before CM start in Grand Concert scenario,2,1,,,2,1,,Grass Wonder,End Closer,Debuffer,1,,1,,3,1,,Symboli Rudolf,End Closer,Debuffer,1,,1,,3,1,,4 Attempts - 20 Races total,15,Day 2,,,,,,,,,,,,,,Re-use Day 1 - Team Comp 1 as Day 2 - Team Comp 1,,,,,,,,,,4 Attempts - 20 Races total,18,Day 3,,,,,,,,,,,,,,,Re-use Day 2 - Team Comp 1 as Day 3 - Team Comp 1,A Group,,,,,,,,,,4 Attempts - 20 Races total,17,Day 4,,,,,,,,,,,,,,,Re-use Day 3 - Team Comp 1 as Day 4 - Team Comp 1,A Group,,,,,,,,,,4 Attempts - 20 Races total,16,Finals,,,,,,,,,,,,,,,A Finals,11870,Re-use Day 4 - Team Comp 1 as Finals Team Comp,,,,,,,,,,https://drive.google.com/open?id=1WsW5bxkxXUNhP9RjvVdRXHE7WQWOFMFE,1st,,,,,,,,,,,Being lazy making aces is needed in this economy,https://drive.google.com/open?id=1oCuqG4rdfLWla5ZASkwlaHhehcGeWgbr,https://drive.google.com/open?id=1E28CgMp_O0pL-KtmxzkWwFc38ZvixGt2,,5,8,2,,,https://drive.google.com/open?id=1nmkZlkVVjW5x9Df8-AgG2dP0TnuY7lyS
8/14/2026 5:54:52,appleplorp,Graded (No Uma Restrictions),"Win A finals with ""oshi"" uma",I accept these terms,Finals,"Android - phone or tablet, Windows",$0,889,6-10 (roughly 1 per day),Friend sent me the link,5,,,,,,,,,,,,,,,,,,,,,,,,,,,,,,,,,,,,,,,,,,,,,,,,,,,,,,,,,,,,,,,,,,,,,,,,,,,,,,,,,,,,,,,,,,,,,,,,,,,,,,,,,,,,,,,,,,,,,,,,,,,,,,,,,,,A Finals,10363,Add new Team Comp as Finals Team Comp,Mejiro Dober,Late Surger,Mid-CM Ace build in Grand Concert scenario,Gold City,Late Surger,Ace built for this CM before CM start in Grand Concert scenario,Oguri Cap (Christmas),Pace Chaser,Ace built for this CM before CM start in Grand Concert scenario,https://drive.google.com/open?id=1QNAhNyAfHAkrt9kDhUFySVeYaQmJ7KMd,1st,,,,,,,,,,,Christmas will come and go but the City stays shining,https://drive.google.com/open?id=1pb436jWqcz_UKotUszbKcImid0Hj2dGZ,https://drive.google.com/open?id=1j0JMiZfjvuiGShNbviXOvVe_GQwe19wg,,4,,11,,,https://drive.google.com/open?id=1qUthwO3igpFa9F-gDZIMMoXXiZm17oVD
8/14/2026 6:06:18,JBTheBootyHunter,Graded (No Uma Restrictions),"Win A finals with ""oshi"" uma",I accept these terms,Day 1,"Android - phone or tablet, Windows",$1001-5000,2182,46+ (more than 6 per day),Discord - MooMooCord - https://discord.gg/Hc7cP9GB,5,,Hishi Amazon,End Closer,Ace built for this CM before CM start in Grand Concert scenario,2,1,,,2,1,,Agnes Digital,End Closer,Ace built for this CM before CM start in Grand Concert scenario,2,1,,,2,1,,Inari One,End Closer,Ace built for this CM before CM start in Grand Concert scenario,3,,,,2,1,,4 Attempts - 20 Races total,11,Day 2,,,,,,,,,,,,,,Re-use Day 1 - Team Comp 1 as Day 2 - Team Comp 1,,,,,,,,,,4 Attempts - 20 Races total,8,Day 3,,,,,,,,,,,,,,,Re-use Day 2 - Team Comp 1 as Day 3 - Team Comp 1,A Group,,,,,,,,,,4 Attempts - 20 Races total,8,Day 4,,,,,,,,,,,,,,,Re-use Day 3 - Team Comp 1 as Day 4 - Team Comp 1,A Group,,,,,,,,,,4 Attempts - 20 Races total,11,Finals,,,,,,,,,,,,,,,A Finals,7253,Re-use Day 4 - Team Comp 1 as Finals Team Comp,,,,,,,,,,https://drive.google.com/open?id=1DO_0LZ2Uzajv0JsN-fk33Wc8Jl_had-i,1st,,,,,,,,,,,JONATHAN BANE! BOUNTY HUNTER!,https://drive.google.com/open?id=131m2hDu4IId5GqfshbMqpetEyPIdtmyS,https://drive.google.com/open?id=1ImxJ2ossO7hvtOygt6FrE_NR6j1qVk2D,,3,4,1,,0,https://drive.google.com/open?id=1SOvWr3ua5r7vdBwFcfEZDWKf6t5u0bGa
8/14/2026 6:07:16,Fnaa27,Graded (No Uma Restrictions),Get into A finals,I accept these terms,Day 1,,,,,,4,,Grass Wonder,Late Surger,Debuffer,,,,,,,,Agnes Tachyon,Late Surger,Debuffer,,,,,,,,Oguri Cap (Christmas),Pace Chaser,Ace built for this CM before CM start in Grand Concert scenario,,,,,,,,4 Attempts - 20 Races total,16,Day 2,,,,,,,,,,,,,,Re-use Day 1 - Team Comp 1 as Day 2 - Team Comp 1,,,,,,,,,,4 Attempts - 20 Races total,14,Day 3,,,,,,,,,,,,,,,Re-use Day 2 - Team Comp 1 as Day 3 - Team Comp 1,A Group,,,,,,,,,,4 Attempts - 20 Races total,14,Day 4,,,,,,,,,,,,,,,Re-use Day 3 - Team Comp 1 as Day 4 - Team Comp 1,A Group,,,,,,,,,,4 Attempts - 20 Races total,14,Finals,,,,,,,,,,,,,,,A Finals,15167,Re-use Day 4 - Team Comp 1 as Finals Team Comp,,,,,,,,,,https://drive.google.com/open?id=1rJs6-rgzhG4hgZ1SbwYZ4S_9AXMd9cKN,1st,,,,,,,,,,,,,,,,,,,,
8/14/2026 6:15:34,Ashe~,Graded (No Uma Restrictions),Get into B finals,I accept these terms,Finals,Windows,$1-100,1273,11-20 (roughly 2-3 per day),YouTube - MooMooCows - https://www.youtube.com/@MooMooCows,5,,,,,,,,,,,,,,,,,,,,,,,,,,,,,,,,,,,,,,,,,,,,,,,,,,,,,,,,,,,,,,,,,,,,,,,,,,,,,,,,,,,,,,,,,,,,,,,,,,,,,,,,,,,,,,,,,,,,,,,,,,,,,,,,,,,A Finals,6346,Re-use Day 4 - Team Comp 1 as Finals Team Comp,,,,,,,,,,https://drive.google.com/open?id=1ywp9zf4eOAZaY6Jv11sWjA1EE_CQI3cH,1st,,,,,,,,,,,,https://drive.google.com/open?id=1Ee9vxDUdiKYK6PGwxTe1-S1Ep4S4HH36,https://drive.google.com/open?id=1uyswQ3TKUvsjqbR9VkfMwpaVglC--6g2,,2,5,1,0,2,https://drive.google.com/open?id=174kynQPXkGo00TWY4qG6-9a332d_OQYg
8/14/2026 6:15:51,Tiphxodia,Graded (No Uma Restrictions),"Win A finals with ""oshi"" uma",I accept these terms,Day 1,Android - phone or tablet,$1-100,1876,46+ (more than 6 per day),Discord - MooMooCord - https://discord.gg/Hc7cP9GB,5,,El Condor Pasa,Pace Chaser,Ace built for this CM before CM start in Grand Concert scenario,2,1,0,0,2,1,0,Agnes Tachyon,Front Runner,Debuffer,2,0,1,0,2,1,0,Grass Wonder,End Closer,Debuffer,2,0,1,0,2,1,0,4 Attempts - 20 Races total,15,Day 2,,,,,,,,,,,,,,Re-use Day 1 - Team Comp 1 as Day 2 - Team Comp 1,,,,,,,,,,4 Attempts - 20 Races total,14,Day 3,,,,,,,,,,,,,,,Re-use Day 2 - Team Comp 1 as Day 3 - Team Comp 1,A Group,,,,,,,,,,4 Attempts - 20 Races total,15,Day 4,,,,,,,,,,,,,,,Re-use Day 3 - Team Comp 1 as Day 4 - Team Comp 1,A Group,,,,,,,,,,4 Attempts - 20 Races total,13,Finals,,,,,,,,,,,,,,,A Finals,11319,Re-use Day 4 - Team Comp 1 as Finals Team Comp,,,,,,,,,,https://drive.google.com/open?id=1a2PLoPtgRJy10ri1C8xGSEGMb5c96e-S,1st,,,,,,,,,,,Lock in,https://drive.google.com/open?id=1rL21ave89qez3Hmft0YQbRJRPN79sFpY,https://drive.google.com/open?id=1m6-N7QeJv1HBtcaC7W470sbBahK-1agJ,,0,8,7,0,0,https://drive.google.com/open?id=1urOsS_e5t46QIIN9zDHCePFoP3Tef_B5
8/14/2026 6:16:41,Alu,Graded (No Uma Restrictions),"Win A finals with ""oshi"" uma",I accept these terms,Day 1,Windows,$1-100,1294,31-45 (roughly 5-6 per day),Discord - MooMooCord - https://discord.gg/Hc7cP9GB,5,,Silence Suzuka,Front Runner,Ace built for this CM before CM start in Grand Concert scenario,2,1,,,2,1,,El Condor Pasa,Front Runner,Ace built for this CM before CM start in Grand Concert scenario,2,1,,,2,1,,Maruzensky (Summer),Front Runner,Ace built for this CM before CM start in Grand Concert scenario,2,1,,,2,1,,4 Attempts - 20 Races total,9,Day 2,,,,,,,,,,,,,,Re-use Day 1 - Team Comp 1 as Day 2 - Team Comp 1,,,,,,,,,,4 Attempts - 20 Races total,11,Day 3,,,,,,,,,,,,,,,Re-use Day 2 - Team Comp 1 as Day 3 - Team Comp 1,A Group,,,,,,,,,,4 Attempts - 20 Races total,7,Day 4,,,,,,,,,,,,,,,Re-use Day 3 - Team Comp 1 as Day 4 - Team Comp 1,A Group,,,,,,,,,,4 Attempts - 20 Races total,6,Finals,,,,,,,,,,,,,,,A Finals,6181,Re-use Day 4 - Team Comp 1 as Finals Team Comp,,,,,,,,,,https://drive.google.com/open?id=155W5rLIAYb1hKNc6aPc-kYcitkzTZtfy,1st,,,,,,,,,,,I stand alone among debuffers and XOguri's - victorious,https://drive.google.com/open?id=14KvvRsBwjkLeyslfwIk_h-6-cBGq61P_,https://drive.google.com/open?id=1UC5YlUN55m2Ym8LuLmQWU8wdDC2QNmC1,,,2,12,,,https://drive.google.com/open?id=1Lrg_j9yysca1KckL57lxSoh0lA-5hE3n
8/14/2026 6:23:50,Jovion,Graded (No Uma Restrictions),Get into A finals,I accept these terms,Finals,Windows,$1001-5000,863,11-20 (roughly 2-3 per day),Discord - MooMooCord - https://discord.gg/Hc7cP9GB,5,,,,,,,,,,,,,,,,,,,,,,,,,,,,,,,,,,,,,,,,,,,,,,,,,,,,,,,,,,,,,,,,,,,,,,,,,,,,,,,,,,,,,,,,,,,,,,,,,,,,,,,,,,,,,,,,,,,,,,,,,,,,,,,,,,,A Finals,7615,Add new Team Comp as Finals Team Comp,Oguri Cap (Christmas),Pace Chaser,Ace built for this CM before CM start in Grand Concert scenario,Agnes Tachyon,Late Surger,Debuffer,Symboli Rudolf,Late Surger,Debuffer,https://drive.google.com/open?id=1ujoKYofXSMiGD1q83t6UbdmHImxEuyuT,1st,,,,,,,,,,,,https://drive.google.com/open?id=1dO5eguF7avMWqCAJGcVZqS4pQxk3GgaH,https://drive.google.com/open?id=1U5OuZ6HRiilAc1e6oYHbSAUYxUnsHCu8,,,,16,,,https://drive.google.com/open?id=1daxa0SeojftyYJYQFJhLxd3szehXM1dF
8/14/2026 6:25:11,Treeglare,Graded (No Uma Restrictions),"Win A finals with ""oshi"" uma",I accept these terms,Day 1,"Android - phone or tablet, Windows",$101-500,2434,46+ (more than 6 per day),Discord - MooMooCord - https://discord.gg/Hc7cP9GB,,,T.M. Opera O (New Year),Pace Chaser,Ace built for this CM before CM start in Grand Concert scenario,2,,1,,2,1,,Yaeno Muteki,Late Surger,Ace built for this CM before CM start in Grand Concert scenario,2,1,,,2,1,,Mejiro Palmer,Front Runner,Ace built for this CM before CM start in Grand Concert scenario,3,,1,,1,1,,4 Attempts - 20 Races total,17,Day 2,,,,,,,,,,,,,,Re-use Day 1 - Team Comp 1 as Day 2 - Team Comp 1,,,,,,,,,,4 Attempts - 20 Races total,16,Day 3,,,,,,,,,,,,,,,Re-use Day 2 - Team Comp 1 as Day 3 - Team Comp 1,A Group,,,,,,,,,,4 Attempts - 20 Races total,12,Day 4,,,,,,,,,,,,,,,Re-use Day 3 - Team Comp 1 as Day 4 - Team Comp 1,A Group,,,,,,,,,,4 Attempts - 20 Races total,14,Finals,,,,,,,,,,,,,,,A Finals,11082,Re-use Day 4 - Team Comp 1 as Finals Team Comp,,,,,,,,,,https://drive.google.com/open?id=1kZ8Fxq3ecvp8ktmy1wJPUygtfazx8J6l,1st,,,,,,,,,,,"Ms. Victoria standing between two Oguris, peak",https://drive.google.com/open?id=1xIja58Be9HhCGzt3hgufg0IYa82_Fpzc,https://drive.google.com/open?id=1uJ-YM-91cRWAlhlyEuKz0uSzFJmsDNAg,,0,11,2,0,3,https://drive.google.com/open?id=1bUYZSnCkxuvMdyYdcD4wPfuF9ZckPKkA
8/14/2026 6:27:57,Ryuu,Graded (No Uma Restrictions),"Win A finals with ""oshi"" uma",I accept these terms,Finals,Windows,$1-100,1500,31-45 (roughly 5-6 per day),Discord - MooMooCord - https://discord.gg/Hc7cP9GB,4,,,,,,,,,,,,,,,,,,,,,,,,,,,,,,,,,,,,,,,,,,,,,,,,,,,,,,,,,,,,,,,,,,,,,,,,,,,,,,,,,,,,,,,,,,,,,,,,,,,,,,,,,,,,,,,,,,,,,,,,,,,,,,,,,,,A Finals,,Add new Team Comp as Finals Team Comp,Haru Urara,Late Surger,Ace built for this CM before CM start in Grand Concert scenario,Grass Wonder,Front Runner,Debuffer,Nice Nature (Cheerleader),Front Runner,Debuffer,https://drive.google.com/open?id=13byKPJZOQjtl9vve3qsRyNnX3EP8rXPY,1st,,,,,,,,,,,She never gave up,https://drive.google.com/open?id=1X2Kw-SOU2BwTiypsFQTh_61OVPbo-LfZ,https://drive.google.com/open?id=1m3io87gHliXUdzqw8lnB8mGJFRDVZv1B,,,11,4,,,https://drive.google.com/open?id=1Fo42j8ZEBbxApw6trmMiSY4uLkKZeoKY
8/14/2026 6:34:20,Patch,Graded (No Uma Restrictions),Collect participation rewards,I accept these terms,Day 1,,,1668,21-30 (roughly 3-4 per day),"Discord - MooMooCord - https://discord.gg/Hc7cP9GB, YouTube - MooMooCows - https://www.youtube.com/@MooMooCows",5,,Oguri Cap (Christmas),Pace Chaser,Ace built for this CM before CM start in Grand Concert scenario,2,0,0,0,3,1,0,Eishin Flash (Valentine),Late Surger,Debuffer,2,1,0,0,3,0,0,Nice Nature (Cheerleader),Late Surger,Debuffer,2,1,0,0,3,0,0,4 Attempts - 20 Races total,11,Day 2,,,,,,,,,,,,,,Re-use Day 1 - Team Comp 1 as Day 2 - Team Comp 1,,,,,,,,,,4 Attempts - 20 Races total,12,Day 3,,,,,,,,,,,,,,,Add new Team Comp as Day 3 - Team Comp 1,A Group,Oguri Cap (Christmas),Pace Chaser,Mid-CM Ace build in Grand Concert scenario,Eishin Flash (Valentine),Late Surger,Debuffer,Nice Nature (Cheerleader),Late Surger,Debuffer,4 Attempts - 20 Races total,12,Day 4,,,,,,,,,,,,,,,Re-use Day 3 - Team Comp 1 as Day 4 - Team Comp 1,A Group,,,,,,,,,,4 Attempts - 20 Races total,14,Finals,,,,,,,,,,,,,,,A Finals,11653,Re-use Day 4 - Team Comp 1 as Finals Team Comp,,,,,,,,,,https://drive.google.com/open?id=1NsvcuzIvl3cj9kXQhal7-gSW6zXQUv6-,1st,,,,,,,,,,,,https://drive.google.com/open?id=1ZNp-UzQab8C6UhmQtBBWsgRSNmw5dlok,https://drive.google.com/open?id=19aTnnrI9_06apsSdECBmSsLzx4NOQeU_,,3,9,6,0,0,https://drive.google.com/open?id=1wNeDbjga-AzZw7zOgGY1acbgqvs1C_HK
8/14/2026 6:41:03,AAAAAAAAAAAAAAA,Graded (No Uma Restrictions),"Win A finals with ""oshi"" uma",I accept these terms,Finals,"Android - phone or tablet, Windows",$5000+,3614,46+ (more than 6 per day),"Discord - MooMooCord - https://discord.gg/Hc7cP9GB, Discord - Pakacord! - https://discord.gg/6mwHqhBm, Reddit - /r/umamusumeGame, Twitch - MooMooCows - https://www.twitch.tv/moomoomoocows",5,,,,,,,,,,,,,,,,,,,,,,,,,,,,,,,,,,,,,,,,,,,,,,,,,,,,,,,,,,,,,,,,,,,,,,,,,,,,,,,,,,,,,,,,,,,,,,,,,,,,,,,,,,,,,,,,,,,,,,,,,,,,,,,,,,,A Finals,11560,Re-use Day 4 - Team Comp 2 as Finals Team Comp,,,,,,,,,,https://drive.google.com/open?id=1uWKBv4GHWz5upHgK8Aq2JAXh1RswnykS,1st,,,,,,,,,,,A?,https://drive.google.com/open?id=1pL8Du6JdE7ceo3UmpvWlnTjmnagkFmq_,https://drive.google.com/open?id=1K6351_H_702F0eN967KyH8YakKvFyHS8,,0,13,3,0,0,https://drive.google.com/open?id=1MaDw4yLOCTzFb8fCzLhKN7cosfpfs02f
8/14/2026 6:43:34,Dorf,Graded (No Uma Restrictions),Get into A finals,I accept these terms,Day 1,Windows,$0,1211,21-30 (roughly 3-4 per day),YouTube - MooMooCows - https://www.youtube.com/@MooMooCows,3,,Oguri Cap (Christmas),Pace Chaser,Ace built for this CM before CM start in Grand Concert scenario,2,0,0,0,3,1,0,Grass Wonder,Late Surger,Debuffer,1,0,0,1,4,0,0,Nice Nature (Cheerleader),Late Surger,Debuffer,0,1,1,1,3,0,0,4 Attempts - 20 Races total,12,Day 2,,,,,,,,,,,,,,Re-use Day 1 - Team Comp 1 as Day 2 - Team Comp 1,,,,,,,,,,4 Attempts - 20 Races total,10,Day 3,,,,,,,,,,,,,,,Re-use Day 2 - Team Comp 1 as Day 3 - Team Comp 1,A Group,,,,,,,,,,4 Attempts - 20 Races total,8,Day 4,,,,,,,,,,,,,,,Re-use Day 3 - Team Comp 1 as Day 4 - Team Comp 1,A Group,,,,,,,,,,4 Attempts - 20 Races total,10,Finals,,,,,,,,,,,,,,,A Finals,5489,Re-use Day 4 - Team Comp 1 as Finals Team Comp,,,,,,,,,,https://drive.google.com/open?id=1ebVghyMuI68OJxWTC5Z5NWR1o5iE7aRi,1st,,,,,,,,,,,,https://drive.google.com/open?id=1027-GS5HwTRMXJQKxaRgc3b3ikS-5O-e,https://drive.google.com/open?id=1MeYeFuvlY3H54B3k-9UdBM7Wqzs6ylry,,0,17,0,0,0,https://drive.google.com/open?id=1An6R1_h5X_uWwweeEe1fUAjwC6Nr3zam
8/14/2026 6:53:59,zae,Graded (No Uma Restrictions),"Win A finals with ""oshi"" uma",I accept these terms,Day 1,"Android - phone or tablet, Windows",$101-500,1647,31-45 (roughly 5-6 per day),Discord - MooMooCord - https://discord.gg/Hc7cP9GB,5,,Gold Ship,End Closer,Ace built for this CM before CM start in Grand Concert scenario,2,1,0,0,2,1,0,Grass Wonder,Front Runner,Debuffer,1,1,1,0,2,1,0,Agnes Tachyon,Front Runner,Debuffer,1,1,1,0,2,1,0,4 Attempts - 20 Races total,9,Day 2,,,,,,,,,,,,,,Re-use Day 1 - Team Comp 1 as Day 2 - Team Comp 1,,,,,,,,,,4 Attempts - 20 Races total,10,Day 3,,,,,,,,,,,,,,,Re-use Day 2 - Team Comp 1 as Day 3 - Team Comp 1,A Group,,,,,,,,,,4 Attempts - 20 Races total,7,Day 4,,,,,,,,,,,,,,,Re-use Day 3 - Team Comp 1 as Day 4 - Team Comp 1,A Group,,,,,,,,,,4 Attempts - 20 Races total,8,Finals,,,,,,,,,,,,,,,A Finals,10555,Re-use Day 4 - Team Comp 1 as Finals Team Comp,,,,,,,,,,https://drive.google.com/open?id=1JILFfS5-4_b8jK9HbYcNyNZaPQ02hrc3,1st,,,,,,,,,,,IN GOLDSHIP I TRUST ,https://drive.google.com/open?id=1rayt3zpuQCu1pUMQRwJlejsOaCw_5d7w,https://drive.google.com/open?id=148ak8RNPZucRL9F6JSoWUxEotKbkn6VK,,0,7,4,0,0,https://drive.google.com/open?id=1QWXLmATxNRb69uL1IUvUuK3-5cN3iBKY
8/14/2026 6:54:23,Mr. J,Graded (No Uma Restrictions),Win A finals with any uma,I accept these terms,Finals,Windows,$0,1373,46+ (more than 6 per day),YouTube - MooMooCows - https://www.youtube.com/@MooMooCows,,,,,,,,,,,,,,,,,,,,,,,,,,,,,,,,,,,,,,,,,,,,,,,,,,,,,,,,,,,,,,,,,,,,,,,,,,,,,,,,,,,,,,,,,,,,,,,,,,,,,,,,,,,,,,,,,,,,,,,,,,,,,,,,,,,,A Finals,8156,Add new Team Comp as Finals Team Comp,Copano Rickey,Front Runner,Ace built for this CM before CM start in Grand Concert scenario,Smart Falcon (Grand Concert),Front Runner,Ace built for this CM before CM start in Grand Concert scenario,Nice Nature,Late Surger,Debuffer,https://drive.google.com/open?id=1JIjuqUHstdaesuik-QlE01SnAPV8Q0k0,1st,,,,,,,,,,,,https://drive.google.com/open?id=1MIW1KGZemeAFGLPgflAZ17wdB-Ny5xvk,,,,12,5,,,https://drive.google.com/open?id=1_zVcQkN3tCzyqQWqW5pnhSU7Itp1UP0z
8/14/2026 6:54:37,hootmf,Graded (No Uma Restrictions),"Win A finals with ""oshi"" uma",I accept these terms,Day 1,Windows,$1-100,1568,31-45 (roughly 5-6 per day),Discord - MooMooCord - https://discord.gg/Hc7cP9GB,4,,Sweep Tosho,Late Surger,Ace built for this CM before CM start in Grand Concert scenario,2,1,0,0,2,1,0,Mayano Top Gun (Wedding),Front Runner,Debuffer,2,1,0,0,3,0,0,Nice Nature,Late Surger,Debuffer,2,1,0,0,3,0,0,0 Attempts - 0 Races total,0,Day 2,,,,,,,,,,,,,,Re-use Day 1 - Team Comp 1 as Day 2 - Team Comp 1,,,,,,,,,,0 Attempts - 0 Races total,0,Day 3,,,,,,,,,,,,,,,Re-use Day 2 - Team Comp 1 as Day 3 - Team Comp 1,B Group,,,,,,,,,,4 Attempts - 20 Races total,14,Day 4,,,,,,,,,,,,,,,Re-use Day 3 - Team Comp 1 as Day 4 - Team Comp 1,B Group,,,,,,,,,,4 Attempts - 20 Races total,16,Finals,,,,,,,,,,,,,,,B Finals,3023,Re-use Day 4 - Team Comp 1 as Finals Team Comp,,,,,,,,,,https://drive.google.com/open?id=1ZKA_wrczN1XCDmTzhd4AYFK7DIS7EfUe,1st,,,,,,,,,,,,,,,,,,,,https://drive.google.com/open?id=1kmoq-n8xQePl9WN1EzjejRao7_JLclBu
8/14/2026 7:15:56,MINENEMA,Graded (No Uma Restrictions),Get into A finals,I accept these terms,Finals,"Android - phone or tablet, Windows",$1-100,1627,21-30 (roughly 3-4 per day),"Discord - MooMooCord - https://discord.gg/Hc7cP9GB, YouTube - MooMooCows - https://www.youtube.com/@MooMooCows",5,,,,,,,,,,,,,,,,,,,,,,,,,,,,,,,,,,,,,,,,,,,,,,,,,,,,,,,,,,,,,,,,,,,,,,,,,,,,,,,,,,,,,,,,,,,,,,,,,,,,,,,,,,,,,,,,,,,,,,,,,,,,,,,,,,,A Finals,9905,Add new Team Comp as Finals Team Comp,Oguri Cap (Christmas),Pace Chaser,Mid-CM Ace build in Grand Concert scenario,Super Creek (Halloween),Late Surger,Debuffer,Nice Nature,Late Surger,Debuffer,https://drive.google.com/open?id=1P3r3CThdkA22Vl_hFgNb-iWgUl6pVBgw,1st,,,,,,,,,,,,https://drive.google.com/open?id=1FczpjzOsNsf81Z-M4KFpzettpJ6cn5yH,https://drive.google.com/open?id=1E0UM8mq5POs39Au7NG_37l8zBD3uRNBL,,,15,2,,,https://drive.google.com/open?id=1PnZDfDCsrFujzpiAU9r1bmCFuIyL8M4S
8/14/2026 7:17:58,adof,Graded (No Uma Restrictions),Collect participation rewards,I accept these terms,Day 1,Windows,$0,,6-10 (roughly 1 per day),YouTube - MooMooCows - https://www.youtube.com/@MooMooCows,,,Oguri Cap (Christmas),Pace Chaser,Ace built for this CM before CM start in Grand Concert scenario,3,0,0,0,2,1,0,Taiki Shuttle (Camping),Pace Chaser,Ace built for this CM before CM start in Grand Concert scenario,2,2,0,0,1,1,0,Gold City (Festival),Late Surger,Ace built for this CM before CM start in Grand Concert scenario,2,0,0,0,3,1,0,2 Attempts - 10 Races total,7,Day 2,,,,,,,,,,,,,,Re-use Day 1 - Team Comp 1 as Day 2 - Team Comp 1,,,,,,,,,,2 Attempts - 10 Races total,6,Day 3,,,,,,,,,,,,,,,Re-use Day 2 - Team Comp 1 as Day 3 - Team Comp 1,A Group,,,,,,,,,,4 Attempts - 20 Races total,8,Day 4,,,,,,,,,,,,,,,Re-use Day 3 - Team Comp 1 as Day 4 - Team Comp 1,A Group,,,,,,,,,,4 Attempts - 20 Races total,8,Finals,,,,,,,,,,,,,,,A Finals,10502,Re-use Day 4 - Team Comp 1 as Finals Team Comp,,,,,,,,,,https://drive.google.com/open?id=1vDREFp5ECM9Emxhv63MfY6fFh1oEW_B8,1st,,,,,,,,,,,,https://drive.google.com/open?id=1lUAYPbx52O3GeAhPybC8JhVQQ9yxE3GR,https://drive.google.com/open?id=14RIdY_-GkyS2EBBPAN6-eRX2EJkBIvbr,,0,18,0,0,0,https://drive.google.com/open?id=1dVipl1FdxodC_BWbpV7Aw6OC3TtsYEtT
8/14/2026 7:25:40,Karate Pawn,Graded (No Uma Restrictions),"Win A finals with ""oshi"" uma",I accept these terms,Day 1,Windows,$0,565,6-10 (roughly 1 per day),YouTube - MooMooCows - https://www.youtube.com/@MooMooCows,5,,Agnes Digital,Late Surger,Ace built for this CM before CM start in Grand Concert scenario,2,1,0,0,2,1,0,Copano Rickey,Late Surger,Ace built for this CM before CM start in Grand Concert scenario,3,1,0,0,1,1,0,Gold City (Festival),Late Surger,Ace built for this CM before CM start in Grand Concert scenario,2,1,0,0,2,1,0,4 Attempts - 20 Races total,15,Day 2,,,,,,,,,,,,,,Re-use Day 1 - Team Comp 1 as Day 2 - Team Comp 1,,,,,,,,,,4 Attempts - 20 Races total,11,Day 3,,,,,,,,,,,,,,,Re-use Day 2 - Team Comp 1 as Day 3 - Team Comp 1,A Group,,,,,,,,,,4 Attempts - 20 Races total,8,Day 4,,,,,,,,,,,,,,,Re-use Day 3 - Team Comp 1 as Day 4 - Team Comp 1,A Group,,,,,,,,,,4 Attempts - 20 Races total,10,Finals,,,,,,,,,,,,,,,A Finals,5613,Re-use Day 4 - Team Comp 1 as Finals Team Comp,,,,,,,,,,https://drive.google.com/open?id=1Tp9iJwBfDNG1LX7NpBIOrlxVx4E7QKqF,1st,,,,,,,,,,,,https://drive.google.com/open?id=1yA3igKFHTjU-erG70fJ1p6XXmcEDafXj,https://drive.google.com/open?id=1rtE2NFGB8rEWUpbg1TuP_CKQc7CeYA2X,,0,15,0,0,0,https://drive.google.com/open?id=1ErV0ZIXpFHkzVLAQYJ8eJYiJ1CkIOrxv
8/14/2026 7:27:12,Larry Gittus,Graded (No Uma Restrictions),"Win A finals with ""oshi"" uma",I accept these terms,Day 1,iOS - phone or tablet,$1001-5000,1278,0-5 (less than 1 per day),YouTube - MooMooCows - https://www.youtube.com/@MooMooCows,5,,Manhattan Cafe,Late Surger,Ace built for this CM before CM start in Grand Concert scenario,2,1,,,2,1,,Symboli Rudolf,Front Runner,Debuffer,,,,,,,,Nice Nature,Late Surger,Debuffer,,,,,,,,4 Attempts - 20 Races total,15,Day 2,,,,,,,,,,,,,,Add new Team Comp as Day 2 - Team Comp 1,Manhattan Cafe,Late Surger,Ace built for this CM before CM start in Grand Concert scenario,Symboli Rudolf,Front Runner,Debuffer,Agnes Tachyon,Front Runner,Debuffer,4 Attempts - 20 Races total,16,Day 3,,,,,,,,,,,,,,,Re-use Day 2 - Team Comp 2 as Day 3 - Team Comp 1,A Group,,,,,,,,,,4 Attempts - 20 Races total,10,Day 4,,,,,,,,,,,,,,,Re-use Day 3 - Team Comp 1 as Day 4 - Team Comp 1,A Group,,,,,,,,,,4 Attempts - 20 Races total,10,Finals,,,,,,,,,,,,,,,A Finals,10328,Re-use Day 4 - Team Comp 2 as Finals Team Comp,,,,,,,,,,https://drive.google.com/open?id=1BX3e-e1nXx-xueIfcDYUMvJHwtQks5vs,1st,,,,,,,,,,,fatty ate too many cheeseburgers,https://drive.google.com/open?id=1ExMM3pJCYcbpYH6O6Kus4LKfbyGnWeL0,https://drive.google.com/open?id=1EvvSpWxBYANyxxTNV8FoqPgOrdMu8_oD,,,2,4,2,4,https://drive.google.com/open?id=1SH5CM-o6rzWzLpQPsp-bYUrxk_VlkPjD
8/14/2026 7:32:49,Irrulevant,Graded (No Uma Restrictions),Get into A finals,I accept these terms,Day 1,"Android - phone or tablet, Windows",$1-100,804,6-10 (roughly 1 per day),"Discord - MooMooCord - https://discord.gg/Hc7cP9GB, YouTube - MooMooCows - https://www.youtube.com/@MooMooCows",5,,Gold City,Late Surger,Ace built for this CM before CM start in Grand Concert scenario,3,1,,,1,1,,Nice Nature,Late Surger,Debuffer,,,,,,,,Grass Wonder,Late Surger,Debuffer,,,,,,,,4 Attempts - 20 Races total,9,Day 2,,,,,,,,,,,,,,Re-use Day 1 - Team Comp 1 as Day 2 - Team Comp 1,,,,,,,,,,3 Attempts - 15 Races total,9,Day 3,,,,,,,,,,,,,,,Add new Team Comp as Day 3 - Team Comp 1,A Group,Gold City,Late Surger,Mid-CM Ace build in Grand Concert scenario,Symboli Rudolf,Late Surger,Debuffer,Grass Wonder,Late Surger,Debuffer,4 Attempts - 20 Races total,10,Day 4,,,,,,,,,,,,,,,Re-use Day 3 - Team Comp 1 as Day 4 - Team Comp 1,A Group,,,,,,,,,,4 Attempts - 20 Races total,3,Finals,,,,,,,,,,,,,,,A Finals,4352,Re-use Day 4 - Team Comp 1 as Finals Team Comp,,,,,,,,,,https://drive.google.com/open?id=1D4y8dkEvfnSPCxxLYDa5rzPW0yzyQkMF,1st,,,,,,,,,,,Simply hit 4 accels and have a lobby of bots.,https://drive.google.com/open?id=1I_EkhnhQool4LEDgRm10Rq2_WNzhK-fk,https://drive.google.com/open?id=10jDieKOsm9K9b1d4VrPEwUiUvlsUvcY2,,2,10,,,,https://drive.google.com/open?id=1CaHUPVDFWNwi8W-IzHIeNthSF4cZ0jWy
8/14/2026 7:50:31,Jude,Graded (No Uma Restrictions),"Win A finals with ""oshi"" uma",I accept these terms,Day 1,iOS - phone or tablet,$0,,21-30 (roughly 3-4 per day),Discord - MooMooCord - https://discord.gg/Hc7cP9GB,4,Make the oshi award quote textbox a paragraph one rather than a scrolling one.,Copano Rickey,Front Runner,Ace built for this CM before CM start in Grand Concert scenario,3,1,0,0,1,1,0,Seiun Sky,Front Runner,Ace built for this CM before CM start in Grand Concert scenario,2,1,0,0,2,1,0,Special Week,Pace Chaser,Ace built for this CM before CM start in Grand Concert scenario,3,1,0,0,1,1,0,4 Attempts - 20 Races total,14,Day 2,,,,,,,,,,,,,,Re-use Day 1 - Team Comp 1 as Day 2 - Team Comp 1,,,,,,,,,,4 Attempts - 20 Races total,14,Day 3,,,,,,,,,,,,,,,Re-use Day 2 - Team Comp 1 as Day 3 - Team Comp 1,A Group,,,,,,,,,,4 Attempts - 20 Races total,10,Day 4,,,,,,,,,,,,,,,Re-use Day 3 - Team Comp 1 as Day 4 - Team Comp 1,A Group,,,,,,,,,,4 Attempts - 20 Races total,7,Finals,,,,,,,,,,,,,,,A Finals,6829,Re-use Day 4 - Team Comp 1 as Finals Team Comp,,,,,,,,,,https://drive.google.com/open?id=1PdIszUMKPWd2sD-Xi3SNDktf904GWan1,1st,,,,,,,,,,,So turns out all I needed to do to win a CM was to run John Umamusume. Who knew?,https://drive.google.com/open?id=1iMKp7SLIcx6OpRuyfytFDMbfG2s7X2dm,https://drive.google.com/open?id=1Fxl3JNpmbfUQOMqS4XCw8DdTVOP8X8ma,,0,9,2,0,1,https://drive.google.com/open?id=17o6sUuhSSt2LNxM5P3CITxFr1F6j3cAB
8/14/2026 7:57:53,Th3Saint,Graded (No Uma Restrictions),Get into A finals,I accept these terms,Day 1,"Android - phone or tablet, Windows",$501-1000,,21-30 (roughly 3-4 per day),"Discord - MooMooCord - https://discord.gg/Hc7cP9GB, Twitch - MooMooCows - https://www.twitch.tv/moomoomoocows, YouTube - MooMooCows - https://www.youtube.com/@MooMooCows",5,,Oguri Cap (Christmas),Pace Chaser,Ace built for this CM before CM start in Grand Concert scenario,2,1,,,2,1,,Agnes Digital,Late Surger,Ace built for this CM before CM start in Grand Concert scenario,3,1,,,1,1,,Mayano Top Gun (Wedding),Late Surger,Ace built for this CM before CM start in Grand Concert scenario,3,1,,,1,1,,2 Attempts - 10 Races total,8,Finals,,,,,,,,,,,,,,Re-use Day 1 - Team Comp 1 as Day 2 - Team Comp 1,,,,,,,,,,3 Attempts - 15 Races total,13,Day 3,,,,,,,,,,,,,,,Re-use Day 2 - Team Comp 1 as Day 3 - Team Comp 1,A Group,,,,,,,,,,3 Attempts - 15 Races total,10,Day 4,,,,,,,,,,,,,,,Re-use Day 3 - Team Comp 1 as Day 4 - Team Comp 1,A Group,,,,,,,,,,3 Attempts - 15 Races total,12,Finals,,,,,,,,,,,,,,,A Finals,9916,Re-use Day 4 - Team Comp 1 as Finals Team Comp,,,,,,,,,,https://drive.google.com/open?id=18g26kxhN45wFrS6akZgnpQWEQTMrzX81,1st,,,,,,,,,,,The greatest Oshi is the Oshi Hunter,https://drive.google.com/open?id=14Bd6ulEUmlZ8vXtrwQP4MFzRfoZXw9la,https://drive.google.com/open?id=12J72gYpTXS-B8OnyG5majHo-mwxZCbsX,,,15,3,,,https://drive.google.com/open?id=18hGQlRXDM1tbpYPmZdOx-Z2MwtuYn0Tt
8/14/2026 8:03:13,hansumkorean,Graded (No Uma Restrictions),Get into A finals,I accept these terms,Finals,Android - phone or tablet,$101-500,1446,6-10 (roughly 1 per day),"Discord - MooMooCord - https://discord.gg/Hc7cP9GB, Twitch - MooMooCows - https://www.twitch.tv/moomoomoocows, YouTube - MooMooCows - https://www.youtube.com/@MooMooCows",4,,,,,,,,,,,,,,,,,,,,,,,,,,,,,,,,,,,,,,,,,,,,,,,,,,,,,,,,,,,,,,,,,,,,,,,,,,,,,,,,,,,,,,,,,,,,,,,,,,,,,,,,,,,,,,,,,,,,,,,,,,,,,,,,,,,A Finals,14186,Re-use Day 4 - Team Comp 1 as Finals Team Comp,,,,,,,,,,https://drive.google.com/open?id=1Y7zU38rbQl1Npul2fYIx8UJQPiyQ4wny,2nd,Yes,https://drive.google.com/open?id=1PqnvHrvsTp5T7BTBwHKnWqhHuCZYqoI0,https://drive.google.com/open?id=1OAr7S-71fV_DayZgs7L_r9H4_mRyqF5I,,,9,4,,1,https://drive.google.com/open?id=1HHa-4ShXkrmJGqR2GAHGSfqHYWfV-5gZ,,,,,,,,,,
8/14/2026 8:04:06,Metaaaaa,Graded (No Uma Restrictions),Win A finals with any uma,I accept these terms,Day 1,Windows,$501-1000,,,,,,Oguri Cap (Christmas),Pace Chaser,Ace built for this CM before CM start in Grand Concert scenario,,,,,,,,Grass Wonder,End Closer,Debuffer,,,,,,,,Agnes Tachyon,End Closer,Debuffer,,,,,,,,4 Attempts - 20 Races total,17,Day 2,,,,,,,,,,,,,,Re-use Day 1 - Team Comp 1 as Day 2 - Team Comp 1,,,,,,,,,,4 Attempts - 20 Races total,17,Day 3,,,,,,,,,,,,,,,Re-use Day 2 - Team Comp 1 as Day 3 - Team Comp 1,A Group,,,,,,,,,,4 Attempts - 20 Races total,15,Day 4,,,,,,,,,,,,,,,Re-use Day 3 - Team Comp 1 as Day 4 - Team Comp 1,A Group,,,,,,,,,,4 Attempts - 20 Races total,16,Finals,,,,,,,,,,,,,,,A Finals,11975,Add new Team Comp as Finals Team Comp,Oguri Cap (Christmas),Pace Chaser,Ace built for this CM before CM start in Grand Concert scenario,Nice Nature,Late Surger,Debuffer,Super Creek (Halloween),Late Surger,Debuffer,https://drive.google.com/open?id=1t1AxFDw7yXSw3kDRsyKSMfKwyE7Pk3rz,1st,,,,,,,,,,,,,,,,,,,,
8/14/2026 8:16:08,Cater,Graded (No Uma Restrictions),Win A finals with any uma,I accept these terms,Day 1,Android - phone or tablet,$501-1000,1554,46+ (more than 6 per day),YouTube - MooMooCows - https://www.youtube.com/@MooMooCows,5,,Copano Rickey,Front Runner,Ace built for this CM before CM start in Grand Concert scenario,3,0,0,0,2,1,0,Smart Falcon,Front Runner,Ace built for this CM before CM start in Grand Concert scenario,3,0,0,0,2,1,0,Oguri Cap (Christmas),Pace Chaser,Ace built for this CM before CM start in Grand Concert scenario,3,0,0,0,2,1,0,4 Attempts - 20 Races total,18,Day 2,,,,,,,,,,,,,,Re-use Day 1 - Team Comp 1 as Day 2 - Team Comp 1,,,,,,,,,,4 Attempts - 20 Races total,14,Day 3,,,,,,,,,,,,,,,Re-use Day 2 - Team Comp 1 as Day 3 - Team Comp 1,A Group,,,,,,,,,,4 Attempts - 20 Races total,15,Day 4,,,,,,,,,,,,,,,Re-use Day 3 - Team Comp 1 as Day 4 - Team Comp 1,A Group,,,,,,,,,,4 Attempts - 20 Races total,17,Finals,,,,,,,,,,,,,,,A Finals,12589,Re-use Day 4 - Team Comp 1 as Finals Team Comp,,,,,,,,,,https://drive.google.com/open?id=1YadzM_yI9N5iI3r9QW7bOqhRNBkZf_mM,1st,,,,,,,,,,,,https://drive.google.com/open?id=1Dy4MerQdKFXwJC67BxGlNcdeqY7d-7eE,https://drive.google.com/open?id=1W9CgPhqhSFvbRGnQAe8k1nKcswI1HTWX,,0,15,3,0,0,https://drive.google.com/open?id=1euuMuer2JD9a4iOIkqf4c0jiaqkbyYi_
8/14/2026 8:22:48,Vin,Graded (No Uma Restrictions),Get into A finals,I accept these terms,Day 1,Android - phone or tablet,$101-500,2140,31-45 (roughly 5-6 per day),Discord - MooMooCord - https://discord.gg/Hc7cP9GB,5,,Oguri Cap (Christmas),Pace Chaser,Ace built for this CM before CM start in Grand Concert scenario,3,0,0,0,2,1,0,Nice Nature,Late Surger,Debuffer,1,1,0,0,4,0,0,Super Creek (Halloween),Late Surger,Debuffer,1,1,0,0,4,0,0,4 Attempts - 20 Races total,10,Day 2,,,,,,,,,,,,,,Re-use Day 1 - Team Comp 1 as Day 2 - Team Comp 1,,,,,,,,,,4 Attempts - 20 Races total,13,Day 3,,,,,,,,,,,,,,,Re-use Day 2 - Team Comp 1 as Day 3 - Team Comp 1,A Group,,,,,,,,,,4 Attempts - 20 Races total,10,Day 4,,,,,,,,,,,,,,,Re-use Day 3 - Team Comp 1 as Day 4 - Team Comp 1,A Group,,,,,,,,,,4 Attempts - 20 Races total,5,Finals,,,,,,,,,,,,,,,A Finals,13208,Re-use Day 4 - Team Comp 1 as Finals Team Comp,,,,,,,,,,https://drive.google.com/open?id=13E7BEYMu0VQkhgUzAB0CWmot1XVQbxQn,3rd,Yes,https://drive.google.com/open?id=1kYB0VbLKef3j2PBjgfHUExTsP-W-gi9K,https://drive.google.com/open?id=1HoOr22NoNRV4OiqiXtR-QYG2QRatH6UP,,0,12,0,0,2,https://drive.google.com/open?id=1BKDofpQCcaPaF4ugBi5xgNA0XTctIIXA,,,,,,,,,,
8/14/2026 8:25:10,Shykin,Graded (No Uma Restrictions),Get into A finals,I accept these terms,Day 1,Windows,$1-100,,,,5,,Oguri Cap (Christmas),Pace Chaser,Ace built for this CM before CM start in Grand Concert scenario,3,,,,2,1,,Grass Wonder,Late Surger,Debuffer,,,,,,,,Agnes Tachyon,Late Surger,Debuffer,,,,,,,,4 Attempts - 20 Races total,18,Day 2,,,,,,,,,,,,,,Re-use Day 1 - Team Comp 1 as Day 2 - Team Comp 1,,,,,,,,,,4 Attempts - 20 Races total,20,Day 3,,,,,,,,,,,,,,,Re-use Day 2 - Team Comp 1 as Day 3 - Team Comp 1,A Group,,,,,,,,,,4 Attempts - 20 Races total,16,Day 4,,,,,,,,,,,,,,,Re-use Day 3 - Team Comp 1 as Day 4 - Team Comp 1,A Group,,,,,,,,,,4 Attempts - 20 Races total,20,Finals,,,,,,,,,,,,,,,A Finals,14932,Re-use Day 4 - Team Comp 1 as Finals Team Comp,,,,,,,,,,https://drive.google.com/open?id=16d4cpEL-EcIm0_D6Imhe7CY79cB-e2ND,3rd,No (goes to Submit page),,,,,,,,,,,,,,,,,,,
8/14/2026 8:27:51,DrifterDane,Graded (No Uma Restrictions),Get into A finals,I accept these terms,Day 1,"Android - phone or tablet, Windows",$1-100,,46+ (more than 6 per day),"Friend sent me the link, Discord - MooMooCord - https://discord.gg/Hc7cP9GB, Twitch - MooMooCows - https://www.twitch.tv/moomoomoocows, YouTube - MooMooCows - https://www.youtube.com/@MooMooCows",5,,Inari One,End Closer,Ace built for this CM before CM start in Grand Concert scenario,2,1,,,2,1,,Oguri Cap,Late Surger,Ace built for this CM before CM start in Grand Concert scenario,2,1,,,2,1,,Nice Nature,Front Runner,Debuffer,1,1,,,4,,,4 Attempts - 20 Races total,16,Day 2,,,,,,,,,,,,,,Re-use Day 1 - Team Comp 1 as Day 2 - Team Comp 1,,,,,,,,,,4 Attempts - 20 Races total,14,Day 3,,,,,,,,,,,,,,,Re-use Day 2 - Team Comp 1 as Day 3 - Team Comp 1,A Group,,,,,,,,,,4 Attempts - 20 Races total,7,Day 4,,,,,,,,,,,,,,,Re-use Day 3 - Team Comp 1 as Day 4 - Team Comp 1,A Group,,,,,,,,,,4 Attempts - 20 Races total,12,Finals,,,,,,,,,,,,,,,A Finals,15836,Re-use Day 4 - Team Comp 1 as Finals Team Comp,,,,,,,,,,https://drive.google.com/open?id=127fojz3uaIPP6QTL9XG01MSsM51b9w9l,2nd,No (goes to Submit page),,,,,,,,,,,,,,,,,,,
8/14/2026 8:34:48,Gord,Graded (No Uma Restrictions),Get into A finals,I accept these terms,Day 1,"Android - phone or tablet, Windows",$101-500,1098,,Discord - MooMooCord - https://discord.gg/Hc7cP9GB,5,,Oguri Cap (Christmas),Pace Chaser,Ace built for this CM before CM start in Grand Concert scenario,2,1,0,0,2,1,0,Grass Wonder,Late Surger,Debuffer,,,,,,,,Nice Nature,Late Surger,Debuffer,,,,,,,,4 Attempts - 20 Races total,15,Day 2,,,,,,,,,,,,,,Re-use Day 1 - Team Comp 1 as Day 2 - Team Comp 1,,,,,,,,,,4 Attempts - 20 Races total,15,Day 3,,,,,,,,,,,,,,,Re-use Day 2 - Team Comp 1 as Day 3 - Team Comp 1,A Group,,,,,,,,,,4 Attempts - 20 Races total,11,Day 4,,,,,,,,,,,,,,,Add a new Team Comp as Day 4 - Team Comp 1,A Group,Oguri Cap (Christmas),Pace Chaser,Ace built for this CM before CM start in Grand Concert scenario,Grass Wonder,Late Surger,Debuffer,Agnes Tachyon,Late Surger,Mid-CM Ace build in Grand Concert scenario,4 Attempts - 20 Races total,12,Finals,,,,,,,,,,,,,,,A Finals,11179,Re-use Day 4 - Team Comp 1 as Finals Team Comp,,,,,,,,,,https://drive.google.com/open?id=1e1Kb5zVQz7dgFwdploT3rc5MrvunIgSb,1st,,,,,,,,,,,,,,,,,,,,
8/14/2026 8:46:26,Izuru,Graded (No Uma Restrictions),"Win A finals with ""oshi"" uma",I accept these terms,Finals,Windows,$1-100,,21-30 (roughly 3-4 per day),Discord - MooMooCord - https://discord.gg/Hc7cP9GB,5,,,,,,,,,,,,,,,,,,,,,,,,,,,,,,,,,,,,,,,,,,,,,,,,,,,,,,,,,,,,,,,,,,,,,,,,,,,,,,,,,,,,,,,,,,,,,,,,,,,,,,,,,,,,,,,,,,,,,,,,,,,,,,,,,,,A Finals,,Add new Team Comp as Finals Team Comp,Rice Shower (Halloween),Pace Chaser,Ace built for this CM before CM start in Grand Concert scenario,Silence Suzuka,Runaway,Debuffer,Agnes Tachyon,Late Surger,Debuffer,https://drive.google.com/open?id=18fxzzWKSRsm-LHx-SP6DSHez3bH-cdjN,1st,,,,,,,,,,,Rice is law,https://drive.google.com/open?id=1aRzZ4n28u_RZOO4-KqM3DG4-x2gWXqUr,https://drive.google.com/open?id=1AF8LFe8RkJ6BhWH7jSuTZ5bF3_FYUG8M,,2,7,5,,,https://drive.google.com/open?id=1G1J9dH9E0fAEdWHCU52cgxquPtYIMv4J
8/14/2026 9:19:58,bilencebuzuka,Graded (No Uma Restrictions),Get into A finals,I accept these terms,Day 1,"Android - phone or tablet, Windows",$1-100,,,Reddit - /r/umamusumeGame,,,Mejiro Palmer,Runaway,Ace built for this CM before CM start in Grand Concert scenario,3,0,0,0,2,1,0,Oguri Cap (Christmas),Pace Chaser,Ace built for this CM before CM start in Grand Concert scenario,2,1,0,0,2,1,0,Smart Falcon,Front Runner,Ace built for this CM before CM start in Grand Concert scenario,3,0,0,0,2,1,0,4 Attempts - 20 Races total,11,Day 2,,,,,,,,,,,,,,Re-use Day 1 - Team Comp 1 as Day 2 - Team Comp 1,,,,,,,,,,4 Attempts - 20 Races total,12,Day 3,,,,,,,,,,,,,,,Re-use Day 2 - Team Comp 1 as Day 3 - Team Comp 1,A Group,,,,,,,,,,2 Attempts - 10 Races total,1,Day 3 - Add 2nd Team,Add new Team Comp as Day 3 - Team Comp 2,Mejiro Palmer,Runaway,Ace built for this CM before CM start in Grand Concert scenario,Oguri Cap (Christmas),Pace Chaser,Ace built for this CM before CM start in Grand Concert scenario,Nice Nature,Late Surger,Debuffer,2 Attempts - 10 Races total,5,2 teams,Day 4,Re-use Day 3 - Team Comp 2 as Day 4 - Team Comp 1,A Group,,,,,,,,,,1 Attempt - 5 Races total,4,Day 4 - Add 2nd team,Add new Team Comp as Day 4 - Team Comp 2,Mejiro Palmer,Runaway,Ace built for this CM before CM start in Grand Concert scenario,Oguri Cap (Christmas),Pace Chaser,Ace built for this CM before CM start in Grand Concert scenario,Taiki Shuttle (Camping),Pace Chaser,Mid-CM Ace build in Grand Concert scenario,3 Attempts - 15 Races total,8,2 teams,Finals,A Finals,8814,Re-use Day 4 - Team Comp 1 as Finals Team Comp,,,,,,,,,,https://drive.google.com/open?id=1bNQxFmhbEhnVKip1lgoMC-ZF6H0PWUty,1st,,,,,,,,,,,,https://drive.google.com/open?id=1EEjmgAcQ9vbRrzdcYUQjHt-HpIQ31jp7,https://drive.google.com/open?id=1Dfx8Fb4XM6uIkntBzWN2IEo-VT2NI_w-,,0,10,1,0,2,https://drive.google.com/open?id=1eFTMzXNR5MK3Va8yR1FbMEEUQtq4QwuU
8/14/2026 10:02:23,Rustie,Graded (No Uma Restrictions),"Win A finals with ""oshi"" uma",I accept these terms,Day 1,"Android - phone or tablet, Windows",$1-100,847,11-20 (roughly 2-3 per day),YouTube - MooMooCows - https://www.youtube.com/@MooMooCows,5,,Smart Falcon,Front Runner,Ace built for this CM before CM start in Grand Concert scenario,2,1,0,0,2,1,0,Grass Wonder,Late Surger,Debuffer,0,0,1,,5,0,0,Symboli Rudolf,Late Surger,Debuffer,0,0,1,0,5,0,0,4 Attempts - 20 Races total,12,Day 2,,,,,,,,,,,,,,Re-use Day 1 - Team Comp 1 as Day 2 - Team Comp 1,,,,,,,,,,4 Attempts - 20 Races total,13,Day 3,,,,,,,,,,,,,,,Re-use Day 2 - Team Comp 1 as Day 3 - Team Comp 1,A Group,,,,,,,,,,4 Attempts - 20 Races total,10,Day 4,,,,,,,,,,,,,,,Re-use Day 3 - Team Comp 1 as Day 4 - Team Comp 1,A Group,,,,,,,,,,4 Attempts - 20 Races total,12,Finals,,,,,,,,,,,,,,,A Finals,11036,Re-use Day 4 - Team Comp 1 as Finals Team Comp,,,,,,,,,,https://drive.google.com/open?id=1Y_gkhzgIFJjWtP7nNtiwEAMxqycsl4pv,1st,,,,,,,,,,,That's my umadol!,https://drive.google.com/open?id=1gPtSMeZgzHZbTz7j6cQ31-AiAPCxnFG5,https://drive.google.com/open?id=1wKwuXD4sTgQwgtAPF8B5PZoB_amVu8ON,,3,15,0,0,0,https://drive.google.com/open?id=1UJXfReoH2EqSuB4k74rr3QPc8VG1Iv1W
8/14/2026 10:12:11,Wolfzee,Graded (No Uma Restrictions),"Win A finals with ""oshi"" uma",I accept these terms,Finals,Windows,$101-500,2884,46+ (more than 6 per day),"Friend sent me the link, Discord - MooMooCord - https://discord.gg/Hc7cP9GB",4,,,,,,,,,,,,,,,,,,,,,,,,,,,,,,,,,,,,,,,,,,,,,,,,,,,,,,,,,,,,,,,,,,,,,,,,,,,,,,,,,,,,,,,,,,,,,,,,,,,,,,,,,,,,,,,,,,,,,,,,,,,,,,,,,,,A Finals,7722,Re-use Day 4 - Team Comp 1 as Finals Team Comp,,,,,,,,,,https://drive.google.com/open?id=1GC4pEFn7SaRESaIlA_HXdKje55l28_Uq,1st,,,,,,,,,,,"There is no path before me, only in my wake.",https://drive.google.com/open?id=1N0zK7ihuzlj3px3TNgbKceCLXXVvmQoW,https://drive.google.com/open?id=1R7nH0nyWQ1C4DCkvUs_YlkH_BCb5TVdH,,0,13,3,0,0,https://drive.google.com/open?id=1FJpzzZDJOFvFfy8WpoxlDccBTUE_lpMR
8/14/2026 10:35:10,Sir Richard,Graded (No Uma Restrictions),Get into A finals,I accept these terms,Day 1,Windows,$1001-5000,1255,31-45 (roughly 5-6 per day),Discord - MooMooCord - https://discord.gg/Hc7cP9GB,4,,Smart Falcon,Front Runner,Ace built for this CM before CM start in Grand Concert scenario,2,1,,,2,1,,Agnes Digital,Late Surger,Ace built for this CM before CM start in Grand Concert scenario,2,1,,,2,1,,Nice Nature,Late Surger,Debuffer,2,1,,,2,1,,4 Attempts - 20 Races total,10,Day 3,,,,,,,,,,,,,,Re-use Day 1 - Team Comp 1 as Day 2 - Team Comp 1,,,,,,,,,,4 Attempts - 20 Races total,13,Day 1,,,,,,,,,,,,,,,Re-use Day 2 - Team Comp 1 as Day 3 - Team Comp 1,A Group,,,,,,,,,,4 Attempts - 20 Races total,6,Day 4,,,,,,,,,,,,,,,Re-use Day 3 - Team Comp 1 as Day 4 - Team Comp 1,A Group,,,,,,,,,,4 Attempts - 20 Races total,8,Finals,,,,,,,,,,,,,,,A Finals,11774,Re-use Day 4 - Team Comp 1 as Finals Team Comp,,,,,,,,,,https://drive.google.com/open?id=1IpebmIS-A6XMv-AsH35YWqDwauV07AzJ,3rd,Yes,https://drive.google.com/open?id=1OaKCjUVvi8YGcL8E2DXIJHCCF6_eyMbI,https://drive.google.com/open?id=1ev1SksgAl54myz8aft1U4nJpItbQsjSx,,,3,13,,,https://drive.google.com/open?id=1EbzRyAPCj1FCNzArTAky1itfEBpXd4P-,,,,,,,,,,
8/14/2026 10:49:02,Lefebvre,Graded (No Uma Restrictions),"Win A finals with ""oshi"" uma",I accept these terms,Day 1,Windows,$1-100,887,21-30 (roughly 3-4 per day),Discord - MooMooCord - https://discord.gg/Hc7cP9GB,,,Haru Urara (New Year),Late Surger,Ace built for this CM before CM start in Grand Concert scenario,3,1,,,,1,,Oguri Cap,Pace Chaser,Blocker/Overtake target/Throwaway/Niche role,,,,,,,,El Condor Pasa,Front Runner,Blocker/Overtake target/Throwaway/Niche role,,,,,,,,3 Attempts - 15 Races total,3,Day 2,,,,,,,,,,,,,,Re-use Day 1 - Team Comp 1 as Day 2 - Team Comp 1,,,,,,,,,,3 Attempts - 15 Races total,3,Day 3,,,,,,,,,,,,,,,Re-use Day 2 - Team Comp 1 as Day 3 - Team Comp 1,B Group,,,,,,,,,,3 Attempts - 15 Races total,10,Day 4,,,,,,,,,,,,,,,Re-use Day 3 - Team Comp 1 as Day 4 - Team Comp 1,B Group,,,,,,,,,,3 Attempts - 15 Races total,10,Finals,,,,,,,,,,,,,,,B Finals,2422,Re-use Day 4 - Team Comp 1 as Finals Team Comp,,,,,,,,,,https://drive.google.com/open?id=1qDtnJ6aJS7pbwuEey3QZopHHZ422HrpS,1st,,,,,,,,,,,,https://drive.google.com/open?id=118AoTiiWF8XD-P5HBBOJFmXRVg4RnxsN,https://drive.google.com/open?id=1e7jFCLn16QuIs0JFSwE8H_kgCyxYKQda,,,10,2,,,https://drive.google.com/open?id=1BzFi_CWI0LUXf2qg00HWKltTztJmbX8D
8/14/2026 11:10:11,SeanyB,Graded (No Uma Restrictions),Win A finals with any uma,I accept these terms,Day 1,iOS - phone or tablet,$1-100,,31-45 (roughly 5-6 per day),YouTube - MooMooCows - https://www.youtube.com/@MooMooCows,5,,Oguri Cap (Christmas),Pace Chaser,Ace built for this CM before CM start in Grand Concert scenario,2,1,0,0,2,1,0,Grass Wonder,End Closer,Debuffer,2,0,0,0,3,1,0,Agnes Tachyon,End Closer,Debuffer,2,0,0,0,3,0,0,4 Attempts - 20 Races total,14,Day 2,,,,,,,,,,,,,,Re-use Day 1 - Team Comp 1 as Day 2 - Team Comp 1,,,,,,,,,,4 Attempts - 20 Races total,15,Day 3,,,,,,,,,,,,,,,Re-use Day 2 - Team Comp 1 as Day 3 - Team Comp 1,A Group,,,,,,,,,,4 Attempts - 20 Races total,11,Day 4,,,,,,,,,,,,,,,Re-use Day 3 - Team Comp 1 as Day 4 - Team Comp 1,A Group,,,,,,,,,,4 Attempts - 20 Races total,15,Finals,,,,,,,,,,,,,,,A Finals,11331,Re-use Day 4 - Team Comp 1 as Finals Team Comp,,,,,,,,,,https://drive.google.com/open?id=1Eb4m_zinyntmN1ffPJZh9I1xpIuPlbRI,1st,,,,,,,,,,,,https://drive.google.com/open?id=1jw3chFdIyHSQ_gtszqtEg5IQhTd1N_2j,https://drive.google.com/open?id=1AlXDN3U8Vk1j87_FXHdS0lazppsIZi0J,,,,,,1,https://drive.google.com/open?id=1Ie1yTZHO7s8I9v6I7Y8xPM2sqbJnhcLf
8/14/2026 11:13:42,armedpandabear,Graded (No Uma Restrictions),Get into A finals,I accept these terms,Finals,"Android - phone or tablet, Windows",$1-100,1082,46+ (more than 6 per day),Discord - MooMooCord - https://discord.gg/Hc7cP9GB,5,,,,,,,,,,,,,,,,,,,,,,,,,,,,,,,,,,,,,,,,,,,,,,,,,,,,,,,,,,,,,,,,,,,,,,,,,,,,,,,,,,,,,,,,,,,,,,,,,,,,,,,,,,,,,,,,,,,,,,,,,,,,,,,,,,,A Finals,9046,Re-use Day 4 - Team Comp 2 as Finals Team Comp,,,,,,,,,,https://drive.google.com/open?id=1Z9FNa8nMTK4avLelhaMi0_49zEqsSKdM,1st,,,,,,,,,,,,,,,,,,,,
8/14/2026 11:28:30,Kai Aiya,Graded (No Uma Restrictions),"Win A finals with ""oshi"" uma",I accept these terms,Day 1,Windows,$0,,46+ (more than 6 per day),,,,Oguri Cap (Christmas),Pace Chaser,Ace built for this CM before CM start in Grand Concert scenario,2,1,,,2,1,,Copano Rickey,Front Runner,Ace built for this CM before CM start in Grand Concert scenario,2,1,,,2,1,,Eishin Flash (Valentine),End Closer,Debuffer,,,,,,,,4 Attempts - 20 Races total,17,Day 2,,,,,,,,,,,,,,Re-use Day 1 - Team Comp 1 as Day 2 - Team Comp 1,,,,,,,,,,4 Attempts - 20 Races total,18,Day 3,,,,,,,,,,,,,,,Re-use Day 2 - Team Comp 1 as Day 3 - Team Comp 1,A Group,,,,,,,,,,4 Attempts - 20 Races total,17,Day 4,,,,,,,,,,,,,,,Re-use Day 3 - Team Comp 1 as Day 4 - Team Comp 1,A Group,,,,,,,,,,4 Attempts - 20 Races total,19,Finals,,,,,,,,,,,,,,,A Finals,11958,Re-use Day 4 - Team Comp 1 as Finals Team Comp,,,,,,,,,,https://drive.google.com/open?id=1p6WTgKTU2pxJyjyo-gdqHhw9bGGf1Yx_,1st,,,,,,,,,,,"My Oshis are Christmas Oguri, Neo Universe, Sakura Laurel, and Gentildonna",https://drive.google.com/open?id=1wIr353QhV3mzIuK2Idu6QosnuM2jUSUg,https://drive.google.com/open?id=1MzLCzlDjnUfJaSXPXtAbkdeYiS6GapI5,,,,,,,https://drive.google.com/open?id=1RtLCRktUgk0c-ji0yp7MrQZThJDvDEe1
8/14/2026 11:30:43,InuGami,Graded (No Uma Restrictions),Get into A finals,I accept these terms,Finals,Android - phone or tablet,$1-100,511,6-10 (roughly 1 per day),YouTube - MooMooCows - https://www.youtube.com/@MooMooCows,5,,,,,,,,,,,,,,,,,,,,,,,,,,,,,,,,,,,,,,,,,,,,,,,,,,,,,,,,,,,,,,,,,,,,,,,,,,,,,,,,,,,,,,,,,,,,,,,,,,,,,,,,,,,,,,,,,,,,,,,,,,,,,,,,,,,A Finals,9459,Add new Team Comp as Finals Team Comp,Oguri Cap,Late Surger,Mid-CM Ace build in Grand Concert scenario,Agnes Tachyon,Late Surger,Debuffer,Nice Nature,Late Surger,Debuffer,https://drive.google.com/open?id=1joxi7ZSaQBjS8lgaE_XfZJDIUVbDa3TT,1st,,,,,,,,,,,,,,,,,,,,
8/14/2026 11:35:59,Kanseru,Graded (No Uma Restrictions),Get into A finals,I accept these terms,Day 1,"Android - phone or tablet, Windows",$501-1000,1304,11-20 (roughly 2-3 per day),"Discord - MooMooCord - https://discord.gg/Hc7cP9GB, YouTube - MooMooCows - https://www.youtube.com/@MooMooCows",4,,Nice Nature (Cheerleader),Late Surger,Ace built for this CM before CM start in Grand Concert scenario,3,1,,,1,1,,Agnes Digital,Late Surger,Ace built for this CM before CM start in Grand Concert scenario,2,1,,,2,1,,Oguri Cap (Christmas),Pace Chaser,Ace built for this CM before CM start in Grand Concert scenario,3,,,,2,1,,4 Attempts - 20 Races total,11,Day 2,,,,,,,,,,,,,,Re-use Day 1 - Team Comp 1 as Day 2 - Team Comp 1,,,,,,,,,,4 Attempts - 20 Races total,17,Day 3,,,,,,,,,,,,,,,Re-use Day 2 - Team Comp 1 as Day 3 - Team Comp 1,A Group,,,,,,,,,,4 Attempts - 20 Races total,9,Day 4,,,,,,,,,,,,,,,Re-use Day 3 - Team Comp 1 as Day 4 - Team Comp 1,A Group,,,,,,,,,,4 Attempts - 20 Races total,11,Finals,,,,,,,,,,,,,,,A Finals,11959,Re-use Day 4 - Team Comp 1 as Finals Team Comp,,,,,,,,,,,2nd,No (goes to Submit page),,,,,,,,,,,,,,,,,,,
8/14/2026 11:36:12,silverslime,Graded (No Uma Restrictions),"Win A finals with ""oshi"" uma",I accept these terms,Finals,,$0,,6-10 (roughly 1 per day),,,,,,,,,,,,,,,,,,,,,,,,,,,,,,,,,,,,,,,,,,,,,,,,,,,,,,,,,,,,,,,,,,,,,,,,,,,,,,,,,,,,,,,,,,,,,,,,,,,,,,,,,,,,,,,,,,,,,,,,,,,,,,,,,,,,,A Finals,5997,Add new Team Comp as Finals Team Comp,Meisho Doto,Late Surger,Ace built for this CM before CM start in Grand Concert scenario,Nice Nature,Late Surger,Debuffer,Symboli Rudolf,Front Runner,Blocker/Overtake target/Throwaway/Niche role,https://drive.google.com/open?id=1sty_rhaOxIg8eW3N5VrrKbv-0sl7ORXC,1st,,,,,,,,,,,dotomogging chudmis chudguris with no med s doto. fully charged+run over front dom = kinda consistent overtake,https://drive.google.com/open?id=1n77XO3IKfosDF6aM_g0o8zYFNwzBH6lm,https://drive.google.com/open?id=1ucrMLolJGUJhMbnPhcmjeg2ZQoQHMOMK,,,,,,,https://drive.google.com/open?id=1MLI1JIRyWWvkrY0l7GpMYCl-PuqLODZ_
8/14/2026 11:41:10,Gio,Graded (No Uma Restrictions),"Win A finals with ""oshi"" uma",I accept these terms,Finals,"Android - phone or tablet, Windows",$1-100,1334,21-30 (roughly 3-4 per day),Friend sent me the link,5,Include full teams to account for things like debuffer compositions and running style compositions,,,,,,,,,,,,,,,,,,,,,,,,,,,,,,,,,,,,,,,,,,,,,,,,,,,,,,,,,,,,,,,,,,,,,,,,,,,,,,,,,,,,,,,,,,,,,,,,,,,,,,,,,,,,,,,,,,,,,,,,,,,,,,,,,,A Finals,12853,Re-use Day 4 - Team Comp 1 as Finals Team Comp,,,,,,,,,,https://drive.google.com/open?id=1pDhSbzG2KM6S8OddD-LOnX_dYwGixLP5,1st,,,,,,,,,,,Mejiro Palmer,https://drive.google.com/open?id=1z3Eqfph4i1MybL1FWiz4PqTYJs4svyYp,https://drive.google.com/open?id=1rgR844fPD4njEHuQo-2J2cio_we43Bad,,,11,6,,,https://drive.google.com/open?id=1PlJZdANqbUTqCI0XUDdAaTQ2bXV-rg41
8/14/2026 11:53:24,kurokawfee,Graded (No Uma Restrictions),Use weird Umas for fun cause I was certain I can't beat XOguri,I accept these terms,Go to Submit page,"Android - phone or tablet, Linux",$0,598,11-20 (roughly 2-3 per day),YouTube - MooMooCows - https://www.youtube.com/@MooMooCows,,,,,,,,,,,,,,,,,,,,,,,,,,,,,,,,,,,,,,,,,,,,,,,,,,,,,,,,,,,,,,,,,,,,,,,,,,,,,,,,,,,,,,,,,,,,,,,,,,,,,,,,,,,,,,,,,,,,,,,,,,,,,,,,,,,,,,,,,,,,,,,,,,,,,,,,,,,,,,,,,,,,,
8/14/2026 12:01:52,Naena,Graded (No Uma Restrictions),Get into A finals,I accept these terms,Day 1,Windows,$1-100,1419,31-45 (roughly 5-6 per day),"Discord - MooMooCord - https://discord.gg/Hc7cP9GB, YouTube - MooMooCows - https://www.youtube.com/@MooMooCows",,,Copano Rickey,Late Surger,Ace built for this CM before CM start in Grand Concert scenario,3,,,,2,1,,Nice Nature,Front Runner,Debuffer,,,,,,,,Mayano Top Gun (Wedding),Pace Chaser,Debuffer,,,,,,,,4 Attempts - 20 Races total,13,Day 2,,,,,,,,,,,,,,Re-use Day 1 - Team Comp 1 as Day 2 - Team Comp 1,,,,,,,,,,4 Attempts - 20 Races total,13,Day 3,,,,,,,,,,,,,,,Re-use Day 2 - Team Comp 1 as Day 3 - Team Comp 1,A Group,,,,,,,,,,4 Attempts - 20 Races total,7,Day 4,,,,,,,,,,,,,,,Re-use Day 3 - Team Comp 1 as Day 4 - Team Comp 1,A Group,,,,,,,,,,4 Attempts - 20 Races total,17,Finals,,,,,,,,,,,,,,,A Finals,12118,Re-use Day 4 - Team Comp 1 as Finals Team Comp,,,,,,,,,,https://drive.google.com/open?id=1XYbG5JWa6s2-EU_WXhMHTQVxKdERWGFu,3rd,No (goes to Submit page),,,,,,,,,,,,,,,,,,,
8/14/2026 12:15:10,rsnation,Graded (No Uma Restrictions),Get into A finals,I accept these terms,Day 1,"Android - phone or tablet, Windows",$1001-5000,867,46+ (more than 6 per day),"Discord - MooMooCord - https://discord.gg/Hc7cP9GB, YouTube - MooMooCows - https://www.youtube.com/@MooMooCows",4,,Oguri Cap (Christmas),Pace Chaser,Ace built for this CM before CM start in Grand Concert scenario,2,1,0,0,2,1,0,Symboli Rudolf,End Closer,Debuffer,2,0,0,1,3,0,0,Eishin Flash (Valentine),End Closer,Debuffer,2,0,0,1,3,0,0,4 Attempts - 20 Races total,18,Day 2,,,,,,,,,,,,,,Re-use Day 1 - Team Comp 1 as Day 2 - Team Comp 1,,,,,,,,,,4 Attempts - 20 Races total,16,Day 3,,,,,,,,,,,,,,,Re-use Day 2 - Team Comp 1 as Day 3 - Team Comp 1,A Group,,,,,,,,,,4 Attempts - 20 Races total,11,Day 4,,,,,,,,,,,,,,,Re-use Day 3 - Team Comp 1 as Day 4 - Team Comp 1,A Group,,,,,,,,,,4 Attempts - 20 Races total,12,Finals,,,,,,,,,,,,,,,A Finals,11545,Re-use Day 4 - Team Comp 1 as Finals Team Comp,,,,,,,,,,https://drive.google.com/open?id=1Gt0n24jDY8jVTaXZJ6Q7fjWze4E7e3sL,1st,,,,,,,,,,,,https://drive.google.com/open?id=1zQjPABjJEzkszPXi5pQOiXf79Q9B2rVy,https://drive.google.com/open?id=14KgnusxLJvuYUpjL1WKxw_rntoULL-F3,,6,2,1,0,1,https://drive.google.com/open?id=1HO1R1k44ycwZgPS-CstP9S19VYNxi-GW
8/14/2026 13:37:19,PenguinNinja,Graded (No Uma Restrictions),Win with an only Independent Learners team,I accept these terms,Finals,"Android - phone or tablet, Windows",$101-500,621,6-10 (roughly 1 per day),"Discord - MooMooCord - https://discord.gg/Hc7cP9GB, YouTube - MooMooCows - https://www.youtube.com/@MooMooCows",5,,,,,,,,,,,,,,,,,,,,,,,,,,,,,,,,,,,,,,,,,,,,,,,,,,,,,,,,,,,,,,,,,,,,,,,,,,,,,,,,,,,,,,,,,,,,,,,,,,,,,,,,,,,,,,,,,,,,,,,,,,,,,,,,,,,A Finals,6535,Re-use Day 4 - Team Comp 1 as Finals Team Comp,,,,,,,,,,https://drive.google.com/open?id=1mmWNtDNX-g5TY6wMGF0EccJdPRixoTbO,1st,,,,,,,,,,,Just a jobber who wanted to show the power of learning on your own ^^,https://drive.google.com/open?id=1Ebj3JI9vOHzV3uCFZ4grp9hFhZATn5Lv,https://drive.google.com/open?id=1oD8unu5BQ6BAqAJKNmOYVM_AHQ0DgFh4,,3,5,5,2,0,https://drive.google.com/open?id=1UCeREZQdtBzeuVsDAKlT5dq5y6XCnE5e
8/14/2026 12:59:46,Israfiil,Graded (No Uma Restrictions),"Win A finals with ""oshi"" uma",I accept these terms,Finals,"iOS - phone or tablet, Windows",$501-1000,1111,11-20 (roughly 2-3 per day),"Discord - MooMooCord - https://discord.gg/Hc7cP9GB, Twitch - MooMooCows - https://www.twitch.tv/moomoomoocows, YouTube - MooMooCows - https://www.youtube.com/@MooMooCows",5,NIL,,,,,,,,,,,,,,,,,,,,,,,,,,,,,,,,,,,,,,,,,,,,,,,,,,,,,,,,,,,,,,,,,,,,,,,,,,,,,,,,,,,,,,,,,,,,,,,,,,,,,,,,,,,,,,,,,,,,,,,,,,,,,,,,,,A Finals,13371,Re-use Day 4 - Team Comp 1 as Finals Team Comp,,,,,,,,,,https://drive.google.com/open?id=1g9SzBCTVer15PfoKyTAx_GyOqQuqU5in,1st,,,,,,,,,,,Hopefully I win I guess xdd,https://drive.google.com/open?id=1W6N9ipAVdShlbUjdSUfaotU43qcDwkuu,https://drive.google.com/open?id=14iDmTy5792ipjmOd8UQXC_TWoRaFRr7g,,2,8,,2,1,https://drive.google.com/open?id=1bg5JtJ9no1w5LOUDFtYZqa1qijs1w-3M
8/14/2026 13:03:59,Innocent guy eating ramen,Graded (No Uma Restrictions),Collect participation rewards,I accept these terms,Day 1,"Android - phone or tablet, Windows",$0,687,21-30 (roughly 3-4 per day),Discord - MooMooCord - https://discord.gg/Hc7cP9GB,5,,El Condor Pasa,Pace Chaser,Ace built for Team Trials,3,0,0,0,2,1,0,Taiki Shuttle,Pace Chaser,Ace built for older CM,,,,,,,,Maruzensky (Summer),Front Runner,Ace built for older CM,,,,,,,,3 Attempts - 15 Races total,1,Day 2,,,,,,,,,,,,,,Add new Team Comp as Day 2 - Team Comp 1,El Condor Pasa,Pace Chaser,Ace built for older CM,Gold City,Late Surger,Mid-CM Ace build in Grand Concert scenario,Taiki Shuttle,Pace Chaser,Ace built for older CM,3 Attempts - 15 Races total,3,Day 3,,,,,,,,,,,,,,,Re-use Day 2 - Team Comp 2 as Day 3 - Team Comp 1,B Group,,,,,,,,,,3 Attempts - 15 Races total,9,Day 4,,,,,,,,,,,,,,,Re-use Day 3 - Team Comp 1 as Day 4 - Team Comp 1,B Group,,,,,,,,,,4 Attempts - 20 Races total,12,Finals,,,,,,,,,,,,,,,B Finals,667,Re-use Day 4 - Team Comp 1 as Finals Team Comp,,,,,,,,,,,2nd,No (goes to Submit page),,,,,,,,,,,,,,,,,,,
8/14/2026 14:14:08,MisterGiggles,Graded (No Uma Restrictions),Get into A finals,I accept these terms,Day 1,,$1001-5000,1745,31-45 (roughly 5-6 per day),"Twitch - MooMooCows - https://www.twitch.tv/moomoomoocows, YouTube - MooMooCows - https://www.youtube.com/@MooMooCows",5,,Maruzensky (Summer),Front Runner,Ace built for this CM before CM start in Grand Concert scenario,2,1,0,0,2,1,0,Smart Falcon,Front Runner,Ace built for this CM before CM start in Grand Concert scenario,3,1,0,0,1,1,0,Agnes Tachyon,Pace Chaser,Ace built for this CM before CM start in Grand Concert scenario,3,1,0,0,1,1,0,4 Attempts - 20 Races total,17,Day 2,,,,,,,,,,,,,,Re-use Day 1 - Team Comp 1 as Day 2 - Team Comp 1,,,,,,,,,,4 Attempts - 20 Races total,15,Day 3,,,,,,,,,,,,,,,Re-use Day 2 - Team Comp 1 as Day 3 - Team Comp 1,A Group,,,,,,,,,,4 Attempts - 20 Races total,7,Day 4,,,,,,,,,,,,,,,Add a new Team Comp as Day 4 - Team Comp 1,A Group,Maruzensky (Summer),Front Runner,Ace built for this CM before CM start in Grand Concert scenario,Agnes Tachyon,Pace Chaser,Ace built for this CM before CM start in Grand Concert scenario,Symboli Rudolf,Front Runner,Debuffer,4 Attempts - 20 Races total,7,Finals,,,,,,,,,,,,,,,A Finals,11547,Re-use Day 4 - Team Comp 1 as Finals Team Comp,,,,,,,,,,https://drive.google.com/open?id=1tXPDLnaSd8voUZ3VY1yv13oZ60-QtvSA,3rd,Yes,https://drive.google.com/open?id=1-ngp6NWUF3b3-RjScwIc90uQy0QxMSaX,https://drive.google.com/open?id=1-XEICdM6_ucwsUYqtu-GrdBEJzvKuOAJ,,,10,6,,,https://drive.google.com/open?id=1DPx8vVlpmlwAQoRkvIfWDQ3dDJep2otD,,,,,,,,,,
8/14/2026 15:15:47,Bstende,Graded (No Uma Restrictions),"Win A finals with ""oshi"" uma",I accept these terms,Day 1,Windows,$101-500,1454,11-20 (roughly 2-3 per day),YouTube - MooMooCows - https://www.youtube.com/@MooMooCows,5,,Narita Taishin (Steampunk),End Closer,Ace built for this CM before CM start in Grand Concert scenario,2,0,,,2,0,,Yaeno Muteki,Late Surger,Ace built for this CM before CM start in Grand Concert scenario,2,0,,,2,0,,Agnes Digital,Late Surger,Ace built for this CM before CM start in Grand Concert scenario,2,0,,,2,0,,4 Attempts - 20 Races total,9,Day 2,,,,,,,,,,,,,,Re-use Day 1 - Team Comp 1 as Day 2 - Team Comp 1,,,,,,,,,,4 Attempts - 20 Races total,13,Day 3,,,,,,,,,,,,,,,Re-use Day 2 - Team Comp 1 as Day 3 - Team Comp 1,A Group,,,,,,,,,,4 Attempts - 20 Races total,12,Day 4,,,,,,,,,,,,,,,Re-use Day 3 - Team Comp 1 as Day 4 - Team Comp 1,A Group,,,,,,,,,,4 Attempts - 20 Races total,14,Finals,,,,,,,,,,,,,,,A Finals,7613,Re-use Day 4 - Team Comp 1 as Finals Team Comp,,,,,,,,,,https://drive.google.com/open?id=1bI1evEmHy_jRmB9SCNIxIGQFi71z-kIk,1st,,,,,,,,,,,Taishin is down in the dirt and UP IN THE PODIUM!,https://drive.google.com/open?id=1t0EY3MaMLW7HY1xCI_2OOkkSm_p17kv5,https://drive.google.com/open?id=15FfxEyGDIKqNdJltFccqz4ug02cw41_z,,,10,2,,3,https://drive.google.com/open?id=1fmS06FW_bZmFtITUWCybnB5lJw-5esHO
8/14/2026 15:24:54,Nofi,Graded (No Uma Restrictions),Get into A finals,I accept these terms,Day 1,Android - phone or tablet,$101-500,1888,31-45 (roughly 5-6 per day),"Discord - MooMooCord - https://discord.gg/Hc7cP9GB, YouTube - MooMooCows - https://www.youtube.com/@MooMooCows",5,,Mihono Bourbon (Valentine),Front Runner,Ace built for this CM before CM start in Grand Concert scenario,2,1,,,2,0,,Oguri Cap (Christmas),Pace Chaser,Ace built for this CM before CM start in Grand Concert scenario,2,1,,,2,0,,Silence Suzuka,Runaway,Blocker/Overtake target/Throwaway/Niche role,,1,1,,4,,,4 Attempts - 20 Races total,13,Day 2,,,,,,,,,,,,,,Re-use Day 1 - Team Comp 1 as Day 2 - Team Comp 1,,,,,,,,,,4 Attempts - 20 Races total,12,Day 3,,,,,,,,,,,,,,,Re-use Day 2 - Team Comp 1 as Day 3 - Team Comp 1,A Group,,,,,,,,,,4 Attempts - 20 Races total,12,Day 4,,,,,,,,,,,,,,,Re-use Day 3 - Team Comp 1 as Day 4 - Team Comp 1,A Group,,,,,,,,,,4 Attempts - 20 Races total,12,Finals,,,,,,,,,,,,,,,A Finals,9459,Re-use Day 4 - Team Comp 1 as Finals Team Comp,,,,,,,,,,https://drive.google.com/open?id=1zEfTsYWUoMBsnsiuigby5f7aM65DZfhw,1st,,,,,,,,,,,,https://drive.google.com/open?id=10cT2SBCKjMlHUJhfCqaG1ji8uPnkSsMZ,https://drive.google.com/open?id=1nkPCnavKEsOEoV19Biu28yJRM4ct2Ico,,4,8,2,,,https://drive.google.com/open?id=1a2mStmRB4abmondxPiMWqB-gRuSDvUM4
8/14/2026 15:47:56,NA,Graded (No Uma Restrictions),Get into A finals,I accept these terms,Day 1,iOS - phone or tablet,$0,,21-30 (roughly 3-4 per day),YouTube - MooMooCows - https://www.youtube.com/@MooMooCows,5,,T.M. Opera O (New Year),Late Surger,Ace built for this CM before CM start in Grand Concert scenario,3,0,0,0,2,1,0,Grass Wonder,Late Surger,Debuffer,,,,,,,,Agnes Tachyon,Late Surger,Debuffer,,,,,,,,1 Attempt - 5 Races total,3,Day 1 - Add 2nd Team,T.M. Opera O (New Year),Late Surger,Mid-CM Ace build in Grand Concert scenario,Nice Nature,Late Surger,Debuffer,Grass Wonder,Late Surger,Debuffer,3 Attempts - 15 Races total,8,2 teams,Day 2,Re-use Day 1 - Team Comp 2 as Day 2 - Team Comp 1,,,,,,,,,,2 Attempts - 10 Races total,4,Day 2 - Add 2nd Team,Re-use Day 1 - Team Comp 1 as Day 2 - Team Comp 2,,,,,,,,,,2 Attempts - 10 Races total,7,2 teams,Day 3,Re-use Day 2 - Team Comp 2 as Day 3 - Team Comp 1,A Group,,,,,,,,,,4 Attempts - 20 Races total,5,Day 4,,,,,,,,,,,,,,,Re-use Day 3 - Team Comp 1 as Day 4 - Team Comp 1,A Group,,,,,,,,,,4 Attempts - 20 Races total,15,Finals,,,,,,,,,,,,,,,A Finals,6225,Re-use Day 4 - Team Comp 1 as Finals Team Comp,,,,,,,,,,https://drive.google.com/open?id=1IdEv8-0_5Q3Asw0XVbetkrIYhUNbULGr,1st,,,,,,,,,,,,https://drive.google.com/open?id=1VMpPpUTb4By2HDDxK_rbzl5nI0mbhS03,https://drive.google.com/open?id=1bCKs89GdNEh5pLE_BL_hwOf8swIPofWR,,3,11,0,1,0,https://drive.google.com/open?id=1Y8j4NcISAiwr9eAWim9GQqyiS4ts4ikh
8/14/2026 16:13:50,Tomahawk,Graded (No Uma Restrictions),Get into A finals,I accept these terms,Finals,Windows,$0,1355,11-20 (roughly 2-3 per day),Discord - MooMooCord - https://discord.gg/Hc7cP9GB,5,,,,,,,,,,,,,,,,,,,,,,,,,,,,,,,,,,,,,,,,,,,,,,,,,,,,,,,,,,,,,,,,,,,,,,,,,,,,,,,,,,,,,,,,,,,,,,,,,,,,,,,,,,,,,,,,,,,,,,,,,,,,,,,,,,,A Finals,9856,Re-use Day 4 - Team Comp 1 as Finals Team Comp,,,,,,,,,,https://drive.google.com/open?id=1bZQkHQJW9AI5W4h5YJL72PclK3rJbbsN,1st,,,,,,,,,,,,https://drive.google.com/open?id=1-ZMhZZ0IqG1Gemi9s-pXG72ljZ71e41G,https://drive.google.com/open?id=1HmOrLOWmJzSDkKP3akcZA4QP_7PXtE20,,0,17,0,0,0,https://drive.google.com/open?id=1H_WeUDSRz4fQrad64PbClfQcagv29rbW
8/14/2026 21:17:27,Miso,Graded (No Uma Restrictions),"Win A finals with ""oshi"" uma",I accept these terms,Day 1,Windows,$101-500,1033,21-30 (roughly 3-4 per day),"Discord - MooMooCord - https://discord.gg/Hc7cP9GB, return",4,,Gold City,Late Surger,Ace built for this CM before CM start in Grand Concert scenario,2,1,0,0,2,1,0,Eishin Flash (Valentine),Late Surger,Debuffer,3,0,1,0,2,0,0,Agnes Tachyon,Front Runner,Debuffer,2,0,0,0,3,1,0,4 Attempts - 20 Races total,11,Day 2,,,,,,,,,,,,,,Add new Team Comp as Day 2 - Team Comp 1,Gold City,Late Surger,Ace built for this CM before CM start in Grand Concert scenario,Eishin Flash (Valentine),Late Surger,Debuffer,Symboli Rudolf,Front Runner,Debuffer,1 Attempt - 5 Races total,0,Day 2 - Add 2nd Team,Re-use Day 1 - Team Comp 1 as Day 2 - Team Comp 2,,,,,,,,,,3 Attempts - 15 Races total,6,2 teams,Day 3,Re-use Day 2 - Team Comp 2 as Day 3 - Team Comp 1,A Group,,,,,,,,,,4 Attempts - 20 Races total,4,Day 4,,,,,,,,,,,,,,,Re-use Day 3 - Team Comp 1 as Day 4 - Team Comp 1,A Group,,,,,,,,,,4 Attempts - 20 Races total,7,Finals,,,,,,,,,,,,,,,A Finals,6553,Re-use Day 4 - Team Comp 1 as Finals Team Comp,,,,,,,,,,https://drive.google.com/open?id=13mYIBC10i1ILcMys--TBArm4f7qMMr2O,1st,,,,,,,,,,,"Look upon her strength, ye xoguri, and despair.",https://drive.google.com/open?id=1I-KQzM22u-lBaHwlUQXv7YYy6jC0Serg,https://drive.google.com/open?id=1h3L-1V_S5K_GAyLTVLi1EgetXjtL29j6,,,13,2,,,https://drive.google.com/open?id=1GTZ0QGzZSTurNu_ORpyMfXTSepXF5BCI
8/14/2026 17:19:04,Kogata39,Graded (No Uma Restrictions),"Win A finals with ""oshi"" uma",I accept these terms,Finals,Linux,,1100,21-30 (roughly 3-4 per day),Discord - MooMooCord - https://discord.gg/Hc7cP9GB,4,,,,,,,,,,,,,,,,,,,,,,,,,,,,,,,,,,,,,,,,,,,,,,,,,,,,,,,,,,,,,,,,,,,,,,,,,,,,,,,,,,,,,,,,,,,,,,,,,,,,,,,,,,,,,,,,,,,,,,,,,,,,,,,,,,,A Finals,8692,Add new Team Comp as Finals Team Comp,Tokai Teio (Anime Collab),Pace Chaser,Ace built for this CM before CM start in Grand Concert scenario,Mejiro McQueen (Anime Collab),Pace Chaser,Ace built for this CM before CM start in Grand Concert scenario,Tamamo Cross,End Closer,Mid-CM Ace build in Grand Concert scenario,https://drive.google.com/open?id=1NO8ggVskjQpeU4DPqaOs4X1wT0qDVr8n,1st,,,,,,,,,,,Daily honey intake will improve your performance,https://drive.google.com/open?id=10tkoOIS6AHQtUk69VHoUcBXwm4uPAdve,https://drive.google.com/open?id=1EKgnKduL6ehuB7YFVNl7cSlJCRzDbV8x,,0,4,12,,,https://drive.google.com/open?id=1tZxia7KJkf0k2jET3kjNddDLtRfv5EIU
8/14/2026 18:36:57,Craddyren,Graded (No Uma Restrictions),Get into A finals,I accept these terms,Day 1,"Android - phone or tablet, Windows",$101-500,1550,31-45 (roughly 5-6 per day),Discord - MooMooCord - https://discord.gg/Hc7cP9GB,5,,Oguri Cap (Christmas),Pace Chaser,Ace built for this CM before CM start in Grand Concert scenario,2,0,1,0,2,1,0,Grass Wonder,Late Surger,Debuffer,0,2,1,0,3,0,0,Eishin Flash (Valentine),Late Surger,Debuffer,1,1,1,0,3,0,0,4 Attempts - 20 Races total,19,Day 2,,,,,,,,,,,,,,Add new Team Comp as Day 2 - Team Comp 1,Oguri Cap (Christmas),Pace Chaser,Ace built for this CM before CM start in Grand Concert scenario,Grass Wonder,Late Surger,Debuffer,Eishin Flash (Valentine),Late Surger,Debuffer,4 Attempts - 20 Races total,17,Day 3,,,,,,,,,,,,,,,Re-use Day 2 - Team Comp 1 as Day 3 - Team Comp 1,A Group,,,,,,,,,,4 Attempts - 20 Races total,16,Day 4,,,,,,,,,,,,,,,Re-use Day 3 - Team Comp 1 as Day 4 - Team Comp 1,A Group,,,,,,,,,,4 Attempts - 20 Races total,19,Finals,,,,,,,,,,,,,,,A Finals,15754,Add new Team Comp as Finals Team Comp,Oguri Cap (Christmas),Pace Chaser,Ace built for this CM before CM start in Grand Concert scenario,Grass Wonder,Late Surger,Debuffer,Eishin Flash (Valentine),Late Surger,Debuffer,https://drive.google.com/open?id=1PC2ae-JIsBsB_4VcqaQz2F4MmX1Cm7Wi,1st,,,,,,,,,,,"Oguri Cap is my Oshi, I swear!",https://drive.google.com/open?id=1t3d80eVyQO8RF4D9TXrCmO1gyyRw9uzl,https://drive.google.com/open?id=1YuI6QdCT50ej6BvCtiRxlbwSWFaD2zlw,,,14,,,,https://drive.google.com/open?id=1rz8pTVGI_hSFJ54Z8bW6bs50y_cFsVQn
8/14/2026 18:36:45,wh00ps,Graded (No Uma Restrictions),"Win A finals with ""oshi"" uma",I accept these terms,Day 1,Windows,$1-100,1508,31-45 (roughly 5-6 per day),VF stream,5,,Mejiro McQueen (Summer),Pace Chaser,Ace built for this CM before CM start in Grand Concert scenario,2,1,0,0,2,1,,Oguri Cap (Christmas),Pace Chaser,Ace built for this CM before CM start in Grand Concert scenario,2,1,0,0,2,1,,Smart Falcon,Front Runner,Ace built for Team Trials,3,0,0,0,2,1,,4 Attempts - 20 Races total,16,Day 2,,,,,,,,,,,,,,Add new Team Comp as Day 2 - Team Comp 1,Mejiro McQueen (Summer),Pace Chaser,Same Ace,Oguri Cap (Christmas),Pace Chaser,Same Ace,Agnes Tachyon,Front Runner,Debuffer,4 Attempts - 20 Races total,18,Day 3,,,,,,,,,,,,,,,Re-use Day 2 - Team Comp 2 as Day 3 - Team Comp 1,A Group,,,,,,,,,,4 Attempts - 20 Races total,12,Day 4,,,,,,,,,,,,,,,Re-use Day 3 - Team Comp 2 as Day 4 - Team Comp 1,A Group,,,,,,,,,,4 Attempts - 20 Races total,14,Finals,,,,,,,,,,,,,,,A Finals,8635,Re-use Day 4 - Team Comp 2 as Finals Team Comp,,,,,,,,,,https://drive.google.com/open?id=14gkWgzT17Exa3CDyak6V1Ka2LKAtAMmu,1st,,,,,,,,,,,,,,,,,,,,
8/14/2026 18:46:22,VirtualRN,Graded (No Uma Restrictions),Get into A finals,I accept these terms,Day 1,Linux,$101-500,1071,11-20 (roughly 2-3 per day),Twitch - MooMooCows - https://www.twitch.tv/moomoomoocows,,,Smart Falcon,Front Runner,Ace built for this CM before CM start in Grand Concert scenario,2,1,0,0,2,1,0,Oguri Cap,Late Surger,Ace built for this CM before CM start in Grand Concert scenario,2,1,0,0,2,1,0,Inari One,End Closer,Ace built for this CM before CM start in Grand Concert scenario,3,0,0,0,2,1,0,1 Attempt - 5 Races total,3,Day 1 - Add 2nd Team,Smart Falcon,Front Runner,Ace built for this CM before CM start in Grand Concert scenario,Inari One,End Closer,Ace built for this CM before CM start in Grand Concert scenario,Grass Wonder,Late Surger,Debuffer,3 Attempts - 15 Races total,9,2 teams,Day 2,Re-use Day 1 - Team Comp 2 as Day 2 - Team Comp 1,,,,,,,,,,4 Attempts - 20 Races total,16,Day 3,,,,,,,,,,,,,,,Re-use Day 2 - Team Comp 1 as Day 3 - Team Comp 1,A Group,,,,,,,,,,4 Attempts - 20 Races total,9,Day 4,,,,,,,,,,,,,,,Add a new Team Comp as Day 4 - Team Comp 1,A Group,Smart Falcon,Front Runner,Ace built for this CM before CM start in Grand Concert scenario,Inari One,End Closer,Ace built for this CM before CM start in Grand Concert scenario,Oguri Cap,Late Surger,Ace built for this CM before CM start in Grand Concert scenario,4 Attempts - 20 Races total,10,Finals,,,,,,,,,,,,,,,A Finals,10893,Re-use Day 4 - Team Comp 1 as Finals Team Comp,,,,,,,,,,https://drive.google.com/open?id=1M8F8hSud5FBdwdcrF6LhoTGatvAnj66A,1st,,,,,,,,,,,,https://drive.google.com/open?id=1a52xSVdb9o7rh-C6F6zBfOItz0vqfTos,https://drive.google.com/open?id=1hpzel4B6WmkCyhRbalEySoaMZ-MsUV33,,0,13,0,1,0,https://drive.google.com/open?id=1Jp1TIBl2IfALEoTpuf9lAcuEPv9EYk_o
8/14/2026 19:22:13,OnlyUmaMusume's,Graded (No Uma Restrictions),I'm focusing on team trials because of the new scenario and because I don't have either Xmas Oguri or Copano.,I accept these terms,Day 1,Linux,$0,894,11-20 (roughly 2-3 per day),"Reddit - /r/umamusumeGame, YouTube - MooMooCows - https://www.youtube.com/@MooMooCows",5,,Oguri Cap,Late Surger,Ace built for Team Trials,2,,,,3,1,,El Condor Pasa,Pace Chaser,Ace built for Team Trials,2,,,,3,1,,Gold City,Late Surger,Ace built for Team Trials,2,,2,,2,,,1 Attempt - 5 Races total,0,Day 1 - Add 2nd Team,Oguri Cap,Pace Chaser,Mid-CM Ace build in Grand Concert scenario,El Condor Pasa,Pace Chaser,Ace built for older CM,Gold City,Late Surger,Ace built for Team Trials,2 Attempts - 10 Races total,4,2 teams,Day 2,Re-use Day 1 - Team Comp 2 as Day 2 - Team Comp 1,,,,,,,,,,3 Attempts - 15 Races total,8,Day 3,,,,,,,,,,,,,,,Re-use Day 2 - Team Comp 2 as Day 3 - Team Comp 1,A Group,,,,,,,,,,3 Attempts - 15 Races total,1,Day 4,,,,,,,,,,,,,,,Add a new Team Comp as Day 4 - Team Comp 1,A Group,Oguri Cap,Pace Chaser,Mid-CM Ace build in Grand Concert scenario,El Condor Pasa,Pace Chaser,Ace built for older CM,Grass Wonder,Late Surger,Debuffer,3 Attempts - 15 Races total,2,Finals,,,,,,,,,,,,,,,B Finals,978,Add new Team Comp as Finals Team Comp,Oguri Cap,Pace Chaser,Mid-CM Ace build in Grand Concert scenario,Eishin Flash (Valentine),Late Surger,Debuffer,Grass Wonder,Late Surger,Debuffer,https://drive.google.com/open?id=1XzlhCtKiHiO2N35S1qlvi7vayu4eHkK-,1st,,,,,,,,,,,,,,,,,6,3,,
8/14/2026 19:33:59,"Yep, Clock",Graded (No Uma Restrictions),"Win A finals with ""oshi"" uma",I accept these terms,Finals,Android - phone or tablet,$501-1000,,0-5 (less than 1 per day),Discord - MooMooCord - https://discord.gg/Hc7cP9GB,5,Doto,,,,,,,,,,,,,,,,,,,,,,,,,,,,,,,,,,,,,,,,,,,,,,,,,,,,,,,,,,,,,,,,,,,,,,,,,,,,,,,,,,,,,,,,,,,,,,,,,,,,,,,,,,,,,,,,,,,,,,,,,,,,,,,,,,A Finals,10380,Add new Team Comp as Finals Team Comp,Meisho Doto,Pace Chaser,Ace built for this CM before CM start in Grand Concert scenario,Mayano Top Gun (Wedding),Late Surger,Debuffer,Nice Nature,Late Surger,Debuffer,https://drive.google.com/open?id=1UVBXVf9aAShq5AUl_hOyjh0pWNMQ6zEY,1st,,,,,,,,,,,"After 4 cms lose streak, we at last get the W",,,,,,,,,https://drive.google.com/open?id=1d3lj1lAJV8RCsUnckjMUHP5zHMHlmJXz
8/14/2026 20:21:05,Elves,Graded (No Uma Restrictions),Get into B finals,I accept these terms,Finals,Windows,Rather not say,819,11-20 (roughly 2-3 per day),Reddit - /r/umamusumeGame,,,,,,,,,,,,,,,,,,,,,,,,,,,,,,,,,,,,,,,,,,,,,,,,,,,,,,,,,,,,,,,,,,,,,,,,,,,,,,,,,,,,,,,,,,,,,,,,,,,,,,,,,,,,,,,,,,,,,,,,,,,,,,,,,,,,B Finals,2832,Re-use Day 4 - Team Comp 1 as Finals Team Comp,,,,,,,,,,https://drive.google.com/open?id=1IyKKjU-ZYAY2xoPwOcJvGtbKxFcxIXSb,1st,,,,,,,,,,,,,,,,,,,,
8/14/2026 20:32:27,BadLuckPoppy,Graded (No Uma Restrictions),Win A finals with any uma,I accept these terms,Finals,"Android - phone or tablet, Linux",$1-100,1080,31-45 (roughly 5-6 per day),Discord - MooMooCord - https://discord.gg/Hc7cP9GB,5,,,,,,,,,,,,,,,,,,,,,,,,,,,,,,,,,,,,,,,,,,,,,,,,,,,,,,,,,,,,,,,,,,,,,,,,,,,,,,,,,,,,,,,,,,,,,,,,,,,,,,,,,,,,,,,,,,,,,,,,,,,,,,,,,,,A Finals,14492,Re-use Day 4 - Team Comp 1 as Finals Team Comp,,,,,,,,,,https://drive.google.com/open?id=1mDaMdl312Ogws3sYNVjPztLF_quRmeaM,3rd,No (goes to Submit page),,,,,,,,,,,,,,,,,,,
8/14/2026 20:41:59,Adqm,Graded (No Uma Restrictions),Get into A finals,I accept these terms,Day 1,Android - phone or tablet,$101-500,445,11-20 (roughly 2-3 per day),"Discord - MooMooCord - https://discord.gg/Hc7cP9GB, YouTube - MooMooCows - https://www.youtube.com/@MooMooCows",4,,Oguri Cap (Christmas),Pace Chaser,Ace built for this CM before CM start in Grand Concert scenario,2,1,0,0,2,1,0,Agnes Tachyon,Pace Chaser,Debuffer,2,1,0,0,2,1,0,Nice Nature,Late Surger,Debuffer,2,1,0,0,2,1,0,1 Attempt - 5 Races total,2,Day 2,,,,,,,,,,,,,,Re-use Day 1 - Team Comp 1 as Day 2 - Team Comp 1,,,,,,,,,,2 Attempts - 10 Races total,6,Day 3,,,,,,,,,,,,,,,Re-use Day 2 - Team Comp 1 as Day 3 - Team Comp 1,A Group,,,,,,,,,,3 Attempts - 15 Races total,13,Day 4,,,,,,,,,,,,,,,Re-use Day 3 - Team Comp 1 as Day 4 - Team Comp 1,A Group,,,,,,,,,,2 Attempts - 10 Races total,10,Finals,,,,,,,,,,,,,,,A Finals,6618,Re-use Day 4 - Team Comp 1 as Finals Team Comp,,,,,,,,,,https://drive.google.com/open?id=17wQzltEOwcv8sl6kr7rm1Q5aHymVaceO,3rd,No (goes to Submit page),,,,,,,,,,,,,,,,,,,
8/14/2026 21:49:55,Mallets,Graded (No Uma Restrictions),"Win A finals with ""oshi"" uma",I accept these terms,Day 1,"Android - phone or tablet, Windows",$0,832,11-20 (roughly 2-3 per day),YouTube - MooMooCows - https://www.youtube.com/@MooMooCows,4,,Taiki Shuttle (Camping),Pace Chaser,Ace built for this CM before CM start in Grand Concert scenario,3,1,,,1,1,,Grass Wonder,Late Surger,Debuffer,,,,,,,,Agnes Tachyon,Late Surger,Debuffer,,,,,,,,3 Attempts - 15 Races total,11,Finals,,,,,,,,,,,,,,Re-use Day 1 - Team Comp 1 as Day 2 - Team Comp 1,,,,,,,,,,4 Attempts - 20 Races total,14,Day 3,,,,,,,,,,,,,,,Re-use Day 2 - Team Comp 1 as Day 3 - Team Comp 1,A Group,,,,,,,,,,3 Attempts - 15 Races total,10,Day 4,,,,,,,,,,,,,,,Re-use Day 3 - Team Comp 1 as Day 4 - Team Comp 1,A Group,,,,,,,,,,4 Attempts - 20 Races total,15,Day 1,,,,,,,,,,,,,,,A Finals,12172,Re-use Day 4 - Team Comp 1 as Finals Team Comp,,,,,,,,,,https://drive.google.com/open?id=1r5K75djSIHbCqUKzMI_ZIhOkcX-I2ZAD,1st,,,,,,,,,,,Taiki <3,https://drive.google.com/open?id=1879j7EbZJ1g86ytGU0nrGXM6yKK9Ks_4,https://drive.google.com/open?id=1tGMtLUcZ7VLhqHKQUe6IJWozYpx8EFqb,,,13,,2,,https://drive.google.com/open?id=1rPyvAhLSfRvt2isnAY4OffZ-DryqARbS
8/14/2026 22:49:52,ssamachi,Open (A+ Grade and Lower Umas Only),Win A finals with any uma,I accept these terms,Day 1,"Android - phone or tablet, Windows",$0,466,0-5 (less than 1 per day),YouTube - MooMooCows - https://www.youtube.com/@MooMooCows,5,,Smart Falcon (Grand Concert),Front Runner,Ace built for this CM before CM start in Unity Cup scenario,3,,1,,2,,,Oguri Cap,Late Surger,Ace built for this CM before CM start in Unity Cup scenario,2,,2,,2,,,T.M. Opera O (New Year),Late Surger,Ace built for this CM before CM start in Unity Cup scenario,2,,2,,2,,,4 Attempts - 20 Races total,19,Day 2,,,,,,,,,,,,,,Re-use Day 1 - Team Comp 1 as Day 2 - Team Comp 1,,,,,,,,,,4 Attempts - 20 Races total,19,Day 3,,,,,,,,,,,,,,,Re-use Day 2 - Team Comp 1 as Day 3 - Team Comp 1,A Group,,,,,,,,,,4 Attempts - 20 Races total,19,Day 4,,,,,,,,,,,,,,,Re-use Day 3 - Team Comp 1 as Day 4 - Team Comp 1,A Group,,,,,,,,,,4 Attempts - 20 Races total,17,Finals,,,,,,,,,,,,,,,A Finals,7440,Re-use Day 4 - Team Comp 1 as Finals Team Comp,,,,,,,,,,https://drive.google.com/open?id=1OJ8tT_OrNTwblfmnTmmwqr6nPKamMAvv,1st,,,,,,,,,,,,,,,,,,,,
8/15/2026 0:24:43,ZT,Graded (No Uma Restrictions),Win A finals with any uma,I accept these terms,Day 1,Windows,$101-500,1211,46+ (more than 6 per day),Discord - MooMooCord - https://discord.gg/Hc7cP9GB,5,I'm back after 4 CM and we still don't have individual uma win rate...,Oguri Cap (Christmas),Pace Chaser,Ace built for this CM before CM start in Grand Concert scenario,3,1,0,0,1,1,0,Copano Rickey,Pace Chaser,Ace built for this CM before CM start in Grand Concert scenario,3,1,0,0,1,1,0,Nice Nature,Late Surger,Debuffer,0,1,1,0,3,1,0,1 Attempt - 5 Races total,5,Day 1 - Add 2nd Team,Oguri Cap (Christmas),Pace Chaser,Ace built for this CM before CM start in Grand Concert scenario,Mayano Top Gun (Wedding),Late Surger,Debuffer,Nice Nature,Late Surger,Debuffer,3 Attempts - 15 Races total,11,2 teams,Day 2,Re-use Day 1 - Team Comp 1 as Day 2 - Team Comp 1,,,,,,,,,,4 Attempts - 20 Races total,20,Day 3,,,,,,,,,,,,,,,Re-use Day 2 - Team Comp 1 as Day 3 - Team Comp 1,A Group,,,,,,,,,,4 Attempts - 20 Races total,18,Day 4,,,,,,,,,,,,,,,Re-use Day 3 - Team Comp 1 as Day 4 - Team Comp 1,A Group,,,,,,,,,,4 Attempts - 20 Races total,19,Finals,,,,,,,,,,,,,,,A Finals,12048,Add new Team Comp as Finals Team Comp,Oguri Cap (Christmas),Pace Chaser,Ace built for this CM before CM start in Grand Concert scenario,Copano Rickey,Pace Chaser,Ace built for this CM before CM start in Grand Concert scenario,Agnes Tachyon,Late Surger,Debuffer,https://drive.google.com/open?id=1YQ6P1pI3pJLbBz5oai_hC6T-2x4_mEFh,1st,,,,,,,,,,,,https://drive.google.com/open?id=1mm5Pul92RrOFJdx-EAjEvfwFskLK_dW2,https://drive.google.com/open?id=1r7-4vwzublkdb19zn5155DROhBJ0axI4,,0,11,2,0,0,https://drive.google.com/open?id=1O5nidQCMYTfR962Ulerr1lRNXpGGtTzl
8/15/2026 1:23:14,Heiroalco,Open (A+ Grade and Lower Umas Only),Get into A finals,I accept these terms,Day 1,Android - phone or tablet,$101-500,2092,21-30 (roughly 3-4 per day),Twitch - MooMooCows - https://www.twitch.tv/moomoomoocows,,,Copano Rickey,Late Surger,Ace built for this CM before CM start in Grand Concert scenario,2,1,,,2,1,,Oguri Cap (Christmas),Pace Chaser,Ace built for this CM before CM start in Grand Concert scenario,2,1,,,2,1,,Nice Nature,Late Surger,Debuffer,1,,2,,3,,,4 Attempts - 20 Races total,14,Day 2,,,,,,,,,,,,,,Re-use Day 1 - Team Comp 1 as Day 2 - Team Comp 1,,,,,,,,,,4 Attempts - 20 Races total,13,Day 3,,,,,,,,,,,,,,,Re-use Day 2 - Team Comp 1 as Day 3 - Team Comp 1,A Group,,,,,,,,,,4 Attempts - 20 Races total,7,Day 4,,,,,,,,,,,,,,,Re-use Day 3 - Team Comp 1 as Day 4 - Team Comp 1,A Group,,,,,,,,,,4 Attempts - 20 Races total,10,Finals,,,,,,,,,,,,,,,A Finals,9259,Re-use Day 4 - Team Comp 1 as Finals Team Comp,,,,,,,,,,,1st,,,,,,,,,,,,,,,3,7,2,,2,
8/15/2026 2:22:22,Rihito_21,Graded (No Uma Restrictions),Win A finals with any uma,I accept these terms,Day 1,,,963,31-45 (roughly 5-6 per day),,4,,Oguri Cap (Christmas),Pace Chaser,Ace built for this CM before CM start in Grand Concert scenario,3,0,0,0,2,1,0,Grass Wonder,Late Surger,Debuffer,,,,,,,,Nice Nature,Late Surger,Debuffer,,,,,,,,4 Attempts - 20 Races total,14,Day 2,,,,,,,,,,,,,,Re-use Day 1 - Team Comp 1 as Day 2 - Team Comp 1,,,,,,,,,,4 Attempts - 20 Races total,14,Day 3,,,,,,,,,,,,,,,Re-use Day 2 - Team Comp 1 as Day 3 - Team Comp 1,A Group,,,,,,,,,,4 Attempts - 20 Races total,9,Day 4,,,,,,,,,,,,,,,Add a new Team Comp as Day 4 - Team Comp 1,A Group,Oguri Cap (Christmas),Pace Chaser,Mid-CM Ace build in Grand Concert scenario,Copano Rickey,Late Surger,Mid-CM Ace build in Grand Concert scenario,Grass Wonder,Late Surger,Debuffer,4 Attempts - 20 Races total,11,Finals,,,,,,,,,,,,,,,A Finals,10601,Re-use Day 4 - Team Comp 1 as Finals Team Comp,,,,,,,,,,https://drive.google.com/open?id=1nVjxMiwx3RbbeAfskOhyDBfjOvPO4qiV,1st,,,,,,,,,,,,,,,,,,,,
8/15/2026 3:11:39,Kronen,Graded (No Uma Restrictions),Collect participation rewards,I accept these terms,Finals,iOS - phone or tablet,$0,993,6-10 (roughly 1 per day),Discord - MooMooCord - https://discord.gg/Hc7cP9GB,5,,Oguri Cap (Christmas),Pace Chaser,Ace built for this CM before CM start in Grand Concert scenario,3,,,,2,1,,Mayano Top Gun,End Closer,Ace built for this CM before CM start in Grand Concert scenario,3,,,,2,1,,Gold City,Late Surger,Ace built for this CM before CM start in Grand Concert scenario,3,,,,2,1,,4 Attempts - 20 Races total,14,Day 2,,,,,,,,,,,,,,Re-use Day 1 - Team Comp 1 as Day 2 - Team Comp 1,,,,,,,,,,4 Attempts - 20 Races total,12,Day 3,,,,,,,,,,,,,,,Re-use Day 2 - Team Comp 1 as Day 3 - Team Comp 1,A Group,,,,,,,,,,4 Attempts - 20 Races total,8,Day 4,,,,,,,,,,,,,,,Re-use Day 3 - Team Comp 1 as Day 4 - Team Comp 1,A Group,,,,,,,,,,4 Attempts - 20 Races total,9,Go to Submit page,,,,,,,,,,,,,,,A Finals,8244,Re-use Day 4 - Team Comp 1 as Finals Team Comp,,,,,,,,,,,2nd,No (goes to Submit page),,,,,,,,,,,,,,,,,,,
8/15/2026 3:17:20,Coldster,Graded (No Uma Restrictions),Win A finals with any uma,I accept these terms,Day 1,Windows,$501-1000,1709,31-45 (roughly 5-6 per day),Discord - MooMooCord - https://discord.gg/Hc7cP9GB,5,,Mayano Top Gun (Wedding),End Closer,Debuffer,2,1,0,0,3,0,0,Nice Nature,Late Surger,Debuffer,2,2,0,0,2,0,0,Oguri Cap (Christmas),Pace Chaser,Ace built for this CM before CM start in Grand Concert scenario,3,0,0,0,2,1,0,4 Attempts - 20 Races total,14,Day 2,,,,,,,,,,,,,,Re-use Day 1 - Team Comp 1 as Day 2 - Team Comp 1,,,,,,,,,,4 Attempts - 20 Races total,16,Day 3,,,,,,,,,,,,,,,Re-use Day 2 - Team Comp 1 as Day 3 - Team Comp 1,A Group,,,,,,,,,,4 Attempts - 20 Races total,12,Day 4,,,,,,,,,,,,,,,Add a new Team Comp as Day 4 - Team Comp 1,A Group,Eishin Flash (Valentine),Late Surger,Debuffer,Grass Wonder,End Closer,Debuffer,Oguri Cap (Christmas),Pace Chaser,Ace built for this CM before CM start in Grand Concert scenario,4 Attempts - 20 Races total,15,Finals,,,,,,,,,,,,,,,A Finals,13373,Add new Team Comp as Finals Team Comp,Eishin Flash (Valentine),Late Surger,Debuffer,Smart Falcon,Front Runner,Blocker/Overtake target/Throwaway/Niche role,Oguri Cap (Christmas),Pace Chaser,Ace built for this CM before CM start in Grand Concert scenario,https://drive.google.com/open?id=1LMMs8kTE-QYveHDqmkXhC6gSZ58GRvyG,1st,,,,,,,,,,,,https://drive.google.com/open?id=1IfivmaTahLp91v2_CpoRB2m18Avjy-qo,https://drive.google.com/open?id=132o7pLhzcfEsMcM3j7NCE9r6KVSM35Lu,,0,10,5,0,0,https://drive.google.com/open?id=1RkKRA8K-RaMaHc_fD_jjOZi4EcBiMRvz
8/15/2026 3:37:24,WideAnsTim,Graded (No Uma Restrictions),Meta Skate with that shitlord Oguri,I accept these terms,Finals,Android - phone or tablet,$501-1000,938,6-10 (roughly 1 per day),Discord - MooMooCord - https://discord.gg/Hc7cP9GB,4,which accels where used on the uma,,,,,,,,,,,,,,,,,,,,,,,,,,,,,,,,,,,,,,,,,,,,,,,,,,,,,,,,,,,,,,,,,,,,,,,,,,,,,,,,,,,,,,,,,,,,,,,,,,,,,,,,,,,,,,,,,,,,,,,,,,,,,,,,,,A Finals,6701,Add new Team Comp as Finals Team Comp,Oguri Cap (Christmas),Pace Chaser,Ace built for this CM before CM start in Grand Concert scenario,Agnes Tachyon,Late Surger,Debuffer,Grass Wonder,Late Surger,Debuffer,https://drive.google.com/open?id=1P9uNCBWiT7lOYHDlmuZZUO-ILMT_WVQU,1st,,,,,,,,,,,"""I did not care for The Godfather."" Peter Oguriffon",,,,3,11,2,,,https://drive.google.com/open?id=1LuPxsyY_n98LAcmaKMXpYmiHCtb2342S
8/15/2026 4:04:32,Jinnt,Graded (No Uma Restrictions),Get into A finals,I accept these terms,Day 2,"iOS - phone or tablet, Windows",$501-1000,279,6-10 (roughly 1 per day),YouTube - MooMooCows - https://www.youtube.com/@MooMooCows,,,,,,,,,,,,,,,,,,,,,,,,,,,,,,,,,,,,,,,,,,,,,,,,,Add new Team Comp as Day 2 - Team Comp 1,Agnes Digital,Late Surger,Mid-CM Ace build in Grand Concert scenario,Mejiro Palmer,Runaway,Blocker/Overtake target/Throwaway/Niche role,Daiwa Scarlet,Front Runner,Mid-CM Ace build in Grand Concert scenario,4 Attempts - 20 Races total,7,Day 3,,,,,,,,,,,,,,,Re-use Day 2 - Team Comp 1 as Day 3 - Team Comp 1,A Group,,,,,,,,,,1 Attempt - 5 Races total,2,Day 4,,,,,,,,,,,,,,,Re-use Day 3 - Team Comp 1 as Day 4 - Team Comp 1,A Group,,,,,,,,,,4 Attempts - 20 Races total,5,Finals,,,,,,,,,,,,,,,A Finals,7307,Re-use Day 4 - Team Comp 1 as Finals Team Comp,,,,,,,,,,https://drive.google.com/open?id=1NYURXLlmWxo2U12KNNQo1DnHMfRjrb3l,2nd,No (goes to Submit page),,,,,,,,,,,,,,,,,,,
8/15/2026 4:15:55,Gilbert,Graded (No Uma Restrictions),Get into A finals,I accept these terms,Day 1,iOS - phone or tablet,$0,1325,6-10 (roughly 1 per day),Discord - MooMooCord - https://discord.gg/Hc7cP9GB,5,,Copano Rickey,Pace Chaser,Ace built for this CM before CM start in Grand Concert scenario,3,1,,,1,1,,Symboli Rudolf,Late Surger,Debuffer,1,2,,,2,1,,Nice Nature,Late Surger,Debuffer,1,2,,,2,1,,4 Attempts - 20 Races total,16,Day 2,,,,,,,,,,,,,,Re-use Day 1 - Team Comp 1 as Day 2 - Team Comp 1,,,,,,,,,,4 Attempts - 20 Races total,14,Day 3,,,,,,,,,,,,,,,Add new Team Comp as Day 3 - Team Comp 1,A Group,Copano Rickey,Pace Chaser,Ace built for this CM before CM start in Grand Concert scenario,Symboli Rudolf,Late Surger,Debuffer,Nice Nature (Cheerleader),Late Surger,Debuffer,4 Attempts - 20 Races total,14,Day 4,,,,,,,,,,,,,,,Re-use Day 3 - Team Comp 1 as Day 4 - Team Comp 1,A Group,,,,,,,,,,4 Attempts - 20 Races total,15,Finals,,,,,,,,,,,,,,,A Finals,14743,Re-use Day 4 - Team Comp 1 as Finals Team Comp,,,,,,,,,,https://drive.google.com/open?id=1EJbGa_mSWwwwll5urOE0tJ4cOC-NnjOz,1st,,,,,,,,,,,,https://drive.google.com/open?id=1bSdvnu3Z6AvkVEEl_GqFFXtbmBx_JHC3,https://drive.google.com/open?id=1IK70fiFrKg8xxUthBKEhB_kjEbnVDe6_,,15,,2,,,https://drive.google.com/open?id=16w3EO2ynLoDfFOZC_TYWjNe8lDUSgMR_
8/15/2026 5:16:17,Umi,Graded (No Uma Restrictions),Get into A finals,I accept these terms,Go to Submit page,Android - phone or tablet,$501-1000,1753,21-30 (roughly 3-4 per day),,,,Oguri Cap (Christmas),Pace Chaser,Ace built for this CM before CM start in Grand Concert scenario,2,1,0,0,2,1,0,Mayano Top Gun (Wedding),End Closer,Debuffer,0,2,1,0,3,0,0,Nice Nature,Late Surger,Debuffer,0,2,1,0,3,0,0,4 Attempts - 20 Races total,13,Day 2,,,,,,,,,,,,,,Re-use Day 1 - Team Comp 1 as Day 2 - Team Comp 1,,,,,,,,,,4 Attempts - 20 Races total,16,Day 3,,,,,,,,,,,,,,,Re-use Day 2 - Team Comp 1 as Day 3 - Team Comp 1,A Group,,,,,,,,,,1 Attempt - 5 Races total,3,Day 3 - Add 2nd Team,Add new Team Comp as Day 3 - Team Comp 2,Oguri Cap (Christmas),Pace Chaser,Ace built for this CM before CM start in Grand Concert scenario,Grass Wonder,Late Surger,Debuffer,Agnes Tachyon,Late Surger,Debuffer,3 Attempts - 15 Races total,11,2 teams,Day 4,Re-use Day 3 - Team Comp 2 as Day 4 - Team Comp 1,A Group,,,,,,,,,,4 Attempts - 20 Races total,13,Finals,,,,,,,,,,,,,,,A Finals,10928,Re-use Day 4 - Team Comp 1 as Finals Team Comp,,,,,,,,,,https://drive.google.com/open?id=1bCf278_UnMsadiL28PhdYsRmShiKOfil,2nd,No (goes to Submit page),,,,,,,,,,,,,,,,,,,
8/15/2026 10:18:16,ArgonZee,Graded (No Uma Restrictions),Get into B finals,I accept these terms,Finals,Android - phone or tablet,$0,468,0-5 (less than 1 per day),YouTube - MooMooCows - https://www.youtube.com/@MooMooCows,5,,,,,,,,,,,,,,,,,,,,,,,,,,,,,,,,,,,,,,,,,,,,,,,,,,,,,,,,,,,,,,,,,,,,,,,,,,,,,,,,,,,,,,,,,,,,,,,,,,,,,,,,,,,,,,,,,,,,,,,,,,,,,,,,,,,B Finals,3185,Re-use Day 4 - Team Comp 1 as Finals Team Comp,,,,,,,,,,,3rd,No (goes to Submit page),,,,,,,,,,,,,,,,,,,
