Timestamp,Unique display name,League Selection,What is your goal this CM?,Consent,Select day,OPTIONAL - Operating system(s) most frequently used to play Umamusume: Pretty Derby?,OPTIONAL - Roughly how much have you spent on the game so far? (EUR/USD),OPTIONAL - Careers Completed on the Account,OPTIONAL - Weekly Career Count,OPTIONAL - How did you find out about this survey?,"OPTIONAL - Star rating for filling this form (1=lowest, 5=highest)",OPTIONAL - Suggestions how to improve this form for future Champions Meeting data collection,Day 1 - Team Comp 1 - Uma 1 - Name,Day 1 - Team Comp 1 - Uma 1 - Running Style,Day 1 - Team Comp 1 - Uma 1 - Role,OPTIONAL - Day 1 - Team Comp 1 - Uma 1 - Cards Used to Build [Speed],OPTIONAL - Day 1 - Team Comp 1 - Uma 1 - Cards Used to Build [Stamina],OPTIONAL - Day 1 - Team Comp 1 - Uma 1 - Cards Used to Build [Power],OPTIONAL - Day 1 - Team Comp 1 - Uma 1 - Cards Used to Build [Guts],OPTIONAL - Day 1 - Team Comp 1 - Uma 1 - Cards Used to Build [Wit],OPTIONAL - Day 1 - Team Comp 1 - Uma 1 - Cards Used to Build [Pal],OPTIONAL - Day 1 - Team Comp 1 - Uma 1 - Cards Used to Build [Group],Day 1 - Team Comp 1 - Uma 2 - Name,Day 1 - Team Comp 1 - Uma 2 - Running Style,Day 1 - Team Comp 1 - Uma 2 - Role,OPTIONAL - Day 1 - Team Comp 1 - Uma 2 - Cards Used to Build [Speed],OPTIONAL - Day 1 - Team Comp 1 - Uma 2 - Cards Used to Build [Stamina],OPTIONAL - Day 1 - Team Comp 1 - Uma 2 - Cards Used to Build [Power],OPTIONAL - Day 1 - Team Comp 1 - Uma 2 - Cards Used to Build [Guts],OPTIONAL - Day 1 - Team Comp 1 - Uma 2 - Cards Used to Build [Wit],OPTIONAL - Day 1 - Team Comp 1 - Uma 2 - Cards Used to Build [Pal],OPTIONAL - Day 1 - Team Comp 1 - Uma 2 - Cards Used to Build [Group],Day 1 - Team Comp 1 - Uma 3 - Name,Day 1 - Team Comp 1 - Uma 3 - Running Style,Day 1 - Team Comp 1 - Uma 3 - Role,OPTIONAL - Day 1 - Team Comp 1 - Uma 3 - Cards Used to Build [Speed],OPTIONAL - Day 1 - Team Comp 1 - Uma 3 - Cards Used to Build [Stamina],OPTIONAL - Day 1 - Team Comp 1 - Uma 3 - Cards Used to Build [Power],OPTIONAL - Day 1 - Team Comp 1 - Uma 3 - Cards Used to Build [Guts],OPTIONAL - Day 1 - Team Comp 1 - Uma 3 - Cards Used to Build [Wit],OPTIONAL - Day 1 - Team Comp 1 - Uma 3 - Cards Used to Build [Pal],OPTIONAL - Day 1 - Team Comp 1 - Uma 3 - Cards Used to Build [Group],Day 1 - Team Comp 1 - Number of attempts/races,Day 1 - Team Comp 1 - Number of wins,"Go to Submit page, add 2nd Day 1 team, or fill in another day?",Day 1 - Team Comp 2 - Uma 1 - Name,Day 1 - Team Comp 2 - Uma 1 - Running Style,Day 1 - Team Comp 2 - Uma 1 - Role,Day 1 - Team Comp 2 - Uma 2 - Name,Day 1 - Team Comp 2 - Uma 2 - Running Style,Day 1 - Team Comp 2 - Uma 2 - Role,Day 1 - Team Comp 2 - Uma 3 - Name,Day 1 - Team Comp 2 - Uma 3 - Running Style,Day 1 - Team Comp 2 - Uma 3 - Role,Day 1 - Team Comp 2 - Number of attempts/races,Day 1 - Team Comp 2 - Number of wins,Day 1 - How many team comps total?,Go to Submit page or fill in another day?,Re-use a Team Comp from Day 1 as your Day 2 - Team Comp 1?,Day 2 - Team Comp 1 - Uma 1 - Name,Day 2 - Team Comp 1 - Uma 1 - Running Style,Day 2 - Team Comp 1 - Uma 1 - Role,Day 2 - Team Comp 1 - Uma 2 - Name,Day 2 - Team Comp 1 - Uma 2 - Running Style,Day 2 - Team Comp 1 - Uma 2 - Role,Day 2 - Team Comp 1 - Uma 3 - Name,Day 2 - Team Comp 1 - Uma 3 - Running Style,Day 2 - Team Comp 1 - Uma 3 - Role,Day 2 - Team Comp 1 - Number of attempts/races played,Day 2 - Team Comp 1 - Number of wins,"Go to Submit page, add 2nd Day 2 team, or fill in another day?",Re-use a Team Comp from Day 1 as your Day 2 - Team Comp 2?,Day 2 - Team Comp 2 - Uma 1 - Name,Day 2 - Team Comp 2 - Uma 1 - Running Style,Day 2 - Team Comp 2 - Uma 1 - Role,Day 2 - Team Comp 2 - Uma 2 - Name,Day 2 - Team Comp 2 - Uma 2 - Running Style,Day 2 - Team Comp 2 - Uma 2 - Role,Day 2 - Team Comp 2 - Uma 3 - Name,Day 2 - Team Comp 2 - Uma 3 - Running Style,Day 2 - Team Comp 2 - Uma 3 - Role,Day 2 - Team Comp 2 - Number of attempts/races,Day 2 - Team Comp 2 - Number of wins,Day 2 - How many team comps total?,Go to Submit page or fill in another day?,Re-use a Team Comp from Day 2 as your Day 3 - Team Comp 1?,A Group or B Group?,Day 3 - Team Comp 1 - Uma 1 - Name,Day 3 - Team Comp 1 - Uma 1 - Running Style,Day 3 - Team Comp 1 - Uma 1 - Role,Day 3 - Team Comp 1 - Uma 2 - Name,Day 3 - Team Comp 1 - Uma 2 - Running Style,Day 3 - Team Comp 1 - Uma 2 - Role,Day 3 - Team Comp 1 - Uma 3 - Name,Day 3 - Team Comp 1 - Uma 3 - Running Style,Day 3 - Team Comp 1 - Uma 3 - Role,Day 3 - Team Comp 1 - Number of attempts/races played,Day 3 - Team Comp 1 - Number of wins,"Go to Submit page, add 2nd Day 3 team, or fill in another day?",Re-use your Day 2 - Team Comp 2 as your Day 3 - Team Comp 2?,Day 3 - Team Comp 2 - Uma 1 - Name,Day 3 - Team Comp 2 - Uma 1 - Running Style,Day 3 - Team Comp 2 - Uma 1 - Role,Day 3 - Team Comp 2 - Uma 2 - Name,Day 3 - Team Comp 2 - Uma 2 - Running Style,Day 3 - Team Comp 2 - Uma 2 - Role,Day 3 - Team Comp 2 - Uma 3 - Name,Day 3 - Team Comp 2 - Uma 3 - Running Style,Day 3 - Team Comp 2 - Uma 3 - Role,Day 3 - Team Comp 2 - No. of attempts/races played,Day 3 - Team Comp 2 - Number of wins,Day 3 - How many team comps total?,Go to Submit page or fill in another day?,Re-use a Team Comp from Day 3 as your Day 4 - Team Comp 1?,A Group or B Group?,Day 4 - Team Comp 1 - Uma 1 - Name,Day 4 - Team Comp 1 - Uma 1 - Running Style,Day 4 - Team Comp 1 - Uma 1 - Role,Day 4 - Team Comp 1 - Uma 2 - Name,Day 4 - Team Comp 1 - Uma 2 - Running Style,Day 4 - Team Comp 1 - Uma 2 - Role,Day 4 - Team Comp 1 - Uma 3 - Name,Day 4 - Team Comp 1 - Uma 3 - Running Style,Day 4 - Team Comp 1 - Uma 3 - Role,Day 4 - Team Comp 1 - Number of attempts/races played,Day 4 - Team Comp 1 - Number of wins,"Go to Submit page, add 2nd Day 4 team, or fill in another day?",Re-use your Day 3 - Team Comp 2 as your Day 4 - Team Comp 2?,Day 4 - Team Comp 2 - Uma 1 - Name,Day 4 - Team Comp 2 - Uma 1 - Running Style,Day 4 - Team Comp 2 - Uma 1 - Role,Day 4 - Team Comp 2 - Uma 2 - Name,Day 4 - Team Comp 2 - Uma 2 - Running Style,Day 4 - Team Comp 2 - Uma 2 - Role,Day 4 - Team Comp 2 - Uma 3 - Name,Day 4 - Team Comp 2 - Uma 3 - Running Style,Day 4 - Team Comp 2 - Uma 3 - Role,Day 4 - Team Comp 2 - No. of attempts/races played,Day 4 - Team Comp 2 - Number of wins,Day 4 - How many team comps total?,Go to Submit page or fill in another day?,A or B Finals?,OPTIONAL - Lobby Denominator,Re-use a Team Comp from Day 4 as your Finals Team Comp?,Finals - Team Comp - Uma 1 - Name,Finals - Team Comp - Uma 1 - Running Style,Finals - Team Comp - Uma 1 - Role,Finals - Team Comp - Uma 2 - Name,Finals - Team Comp - Uma 2 - Running Style,Finals - Team Comp - Uma 2 - Role,Finals - Team Comp - Uma 3 - Name,Finals - Team Comp - Uma 3 - Running Style,Finals - Team Comp - Uma 3 - Role,Finals - Results List - Upload Screenshot,Finals result?,Would like to submit opponent winner uma screenshots?,Optional - Finals - Opponent Winner - Screenshot - Stat Screen (First Image),Optional - Finals - Opponent Winner - Screenshot - Stat Screen (Second Image),Optional - Finals - Opponent Winner - Screenshot - Stat Screen (Third Image),Optional - Finals - Opponent Winner - Blue Sparks Total [Speed],Optional - Finals - Opponent Winner - Blue Sparks Total [Stamina],Optional - Finals - Opponent Winner - Blue Sparks Total [Power],Optional - Finals - Opponent Winner - Blue Sparks Total [Guts],Optional - Finals - Opponent Winner - Blue Sparks Total [Wit],Optional - Finals - Opponent Winner - Screenshot - Deck,"Is the own winner uma an ""oshi"" uma?",Finals - Own Winner - Oshi Award Quote (in case you end up winning one),Optional - Finals - Own Winner - Screenshot - Stat Screen (First Image),Optional - Finals - Own Winner - Screenshot - Stat Screen (Second Image),Optional - Finals - Own Winner - Screenshot - Stat Screen (Third Image),Optional - Finals - Own Winner - Blue Sparks Total [Speed],Optional - Finals - Own Winner - Blue Sparks Total [Stamina],Optional - Finals - Own Winner - Blue Sparks Total [Power],Optional - Finals - Own Winner - Blue Sparks Total [Guts],Optional - Finals - Own Winner - Blue Sparks Total [Wit],Optional - Finals - Own Winner - Screenshot - Deck
9/3/2026 1:19:42,JohnnyZB,Graded (No Uma Restrictions),Get into A finals,I accept these terms,Finals,"Windows, SteamOS - Steam Deck",$101-500,562,0-5 (less than 1 per day),Discord - MooMooCord - https://discord.gg/Hc7cP9GB,,,Grass Wonder,Late Surger,Ace built for this CM before CM start in Grand Concert scenario,2,0,1,0,2,1,0,Fuji Kiseki (Ballroom),Pace Chaser,Ace built for this CM before CM start in Grand Concert scenario,3,0,0,0,2,1,0,Nishino Flower,Pace Chaser,Ace built for this CM before CM start in Grand Concert scenario,3,0,0,0,2,1,0,4 Attempts - 20 Races total,12,Go to Submit page,,,,,,,,,,,,,,Re-use Day 1 - Team Comp 1 as Day 2 - Team Comp 1,,,,,,,,,,4 Attempts - 20 Races total,17,Go to Submit page,,,,,,,,,,,,,,,Re-use Day 2 - Team Comp 1 as Day 3 - Team Comp 1,A Group,,,,,,,,,,4 Attempts - 20 Races total,6,Go to Submit page,,,,,,,,,,,,,,,Re-use Day 3 - Team Comp 1 as Day 4 - Team Comp 1,A Group,,,,,,,,,,4 Attempts - 20 Races total,8,Go to Submit page,,,,,,,,,,,,,,,A Finals,9728,Re-use Day 4 - Team Comp 1 as Finals Team Comp,,,,,,,,,,https://drive.google.com/open?id=1LkrTmhMVQh_oXPalB7IpVqyU_4q5LI53,2nd,Yes,https://drive.google.com/open?id=137W_YnfSSixEhKaWmZgWAGYjqrzev8hN,https://drive.google.com/open?id=1qYuZ1doXIFCXE67wRGFw6LKN0pRnoH0Y,,0,8,6,0,0,https://drive.google.com/open?id=11pWJAy5OZFXQaBWe1pQaVd8k_w8vOfcS,,,,,,,,,,,
9/2/2026 23:31:31,mylightningrocks,Graded (No Uma Restrictions),Win A finals,I accept these terms,Finals,"Android - phone or tablet, Windows",$1001-5000,2798,46+ (more than 6 per day),Discord - MooMooCord - https://discord.gg/Hc7cP9GB,5,,Admire Vega,End Closer,Ace built for this CM before CM start in Grand Concert scenario,2,0,1,0,2,1,0,Gold City (Festival),Late Surger,Ace built for this CM before CM start in Grand Concert scenario,3,0,0,0,2,1,0,Fine Motion (Wedding),Pace Chaser,Ace built for this CM before CM start in Grand Concert scenario,3,0,0,0,2,1,0,4 Attempts - 20 Races total,16,Go to Submit page,,,,,,,,,,,,,,Re-use Day 1 - Team Comp 1 as Day 2 - Team Comp 1,,,,,,,,,,4 Attempts - 20 Races total,13,Go to Submit page,,,,,,,,,,,,,,,Re-use Day 2 - Team Comp 1 as Day 3 - Team Comp 1,A Group,,,,,,,,,,4 Attempts - 20 Races total,13,Go to Submit page,,,,,,,,,,,,,,,Re-use Day 3 - Team Comp 1 as Day 4 - Team Comp 1,A Group,,,,,,,,,,4 Attempts - 20 Races total,14,Go to Submit page,,,,,,,,,,,,,,,A Finals,12577,Re-use Day 4 - Team Comp 1 as Finals Team Comp,,,,,,,,,,https://drive.google.com/open?id=1J3SodSgjl2Hproa0lram5NrADQtmH5Di,2nd,Yes,https://drive.google.com/open?id=12xmFJIO-DvXV4xHIIETA4igDLv-pZDaI,https://drive.google.com/open?id=1V-WPkHpn-x-zMklP_PgirUNd4E0jFAtu,,5,0,9,0,0,https://drive.google.com/open?id=1eXsTR99abnzJGrMpe9kL1hhCPp7_dUOe,,,,,,,,,,,
9/2/2026 17:26:35,Herlx,Graded (No Uma Restrictions),Get into A finals,I accept these terms,Finals,Linux,$0,1100,21-30 (roughly 3-4 per day),Discord - MooMooCord - https://discord.gg/Hc7cP9GB,,,Narita Taishin,Late Surger,Ace built for this CM before CM start in Grand Concert scenario,3,,,,2,1,,Taiki Shuttle,Pace Chaser,Ace built for this CM before CM start in Grand Concert scenario,3,,,,2,1,,Grass Wonder,End Closer,Debuffer,3,,,,2,1,,4 Attempts - 20 Races total,14,Go to Submit page,,,,,,,,,,,,,,Re-use Day 1 - Team Comp 1 as Day 2 - Team Comp 1,,,,,,,,,,4 Attempts - 20 Races total,13,Go to Submit page,,,,,,,,,,,,,,,Re-use Day 2 - Team Comp 1 as Day 3 - Team Comp 1,A Group,,,,,,,,,,4 Attempts - 20 Races total,8,Go to Submit page,,,,,,,,,,,,,,,Re-use Day 3 - Team Comp 1 as Day 4 - Team Comp 1,A Group,,,,,,,,,,4 Attempts - 20 Races total,12,Go to Submit page,,,,,,,,,,,,,,,A Finals,8766,Re-use Day 4 - Team Comp 1 as Finals Team Comp,,,,,,,,,,https://drive.google.com/open?id=16rp-bztBjLkOyElCuA3ujMFLIqPMXovF,1st,,,,,,,,,,,No,,https://drive.google.com/open?id=1DrAJum_SkX5l9W1fW1q3LzZ3EZhUN0ZS,https://drive.google.com/open?id=1jicxGiYutcuEkrizcVf_-eMWB7t8VVXY,,3,3,10,,,https://drive.google.com/open?id=1ffzSsKZAe-yEJNOkpiVJy4o65xQ5fiTY
9/2/2026 15:22:07,Hayashi,Graded (No Uma Restrictions),Win A finals,I accept these terms,Finals,"Android - phone or tablet, Windows",$1001-5000,1959,21-30 (roughly 3-4 per day),Discord - MooMooCord - https://discord.gg/Hc7cP9GB,,,Daiwa Scarlet,Pace Chaser,Ace built for this CM before CM start in Grand Concert scenario,3,,,,2,1,,Vodka,Late Surger,Ace built for this CM before CM start in Grand Concert scenario,2,,,,3,1,,Aston Machan,Front Runner,Ace built for this CM before CM start in Grand Concert scenario,3,,,,2,1,,4 Attempts - 20 Races total,13,Go to Submit page,,,,,,,,,,,,,,Re-use Day 1 - Team Comp 1 as Day 2 - Team Comp 1,,,,,,,,,,4 Attempts - 20 Races total,14,Go to Submit page,,,,,,,,,,,,,,,Re-use Day 2 - Team Comp 1 as Day 3 - Team Comp 1,A Group,,,,,,,,,,4 Attempts - 20 Races total,11,Go to Submit page,,,,,,,,,,,,,,,Re-use Day 3 - Team Comp 1 as Day 4 - Team Comp 1,A Group,,,,,,,,,,4 Attempts - 20 Races total,6,Go to Submit page,,,,,,,,,,,,,,,A Finals,,Re-use Day 4 - Team Comp 1 as Finals Team Comp,,,,,,,,,,,3rd,No (goes to Submit page),,,,,,,,,,,,,,,,,,,,
9/2/2026 19:26:26,Kukubara,Graded (No Uma Restrictions),Win A finals,I accept these terms,Finals,Windows,$501-1000,3600,46+ (more than 6 per day),"Discord - MooMooCord - https://discord.gg/Hc7cP9GB, Twitch - MooMooCows - https://www.twitch.tv/moomoomoocows",5,,Fine Motion (Wedding),Pace Chaser,Ace built for this CM before CM start in Grand Concert scenario,3,0,0,0,2,1,0,Taiki Shuttle,Pace Chaser,Ace built for this CM before CM start in Grand Concert scenario,3,0,0,0,2,1,0,Silence Suzuka,Runaway,Ace built for this CM before CM start in Grand Concert scenario,3,0,0,0,2,1,0,4 Attempts - 20 Races total,14,Go to Submit page,,,,,,,,,,,,,,Re-use Day 1 - Team Comp 1 as Day 2 - Team Comp 1,,,,,,,,,,4 Attempts - 20 Races total,18,Go to Submit page,,,,,,,,,,,,,,,Re-use Day 2 - Team Comp 1 as Day 3 - Team Comp 1,A Group,,,,,,,,,,4 Attempts - 20 Races total,13,Go to Submit page,,,,,,,,,,,,,,,Re-use Day 3 - Team Comp 1 as Day 4 - Team Comp 1,A Group,,,,,,,,,,4 Attempts - 20 Races total,18,Go to Submit page,,,,,,,,,,,,,,,A Finals,11815,Re-use Day 4 - Team Comp 1 as Finals Team Comp,,,,,,,,,,https://drive.google.com/open?id=1Oa3842hquD9-Wr_lJbNCeluY4AVAt95r,2nd,No (goes to Submit page),,,,,,,,,,,,,,,,,,,,
9/2/2026 15:24:57,veee,Graded (No Uma Restrictions),Get into A finals,I accept these terms,Finals,Windows,$501-1000,1149,31-45 (roughly 5-6 per day),Discord - MooMooCord - https://discord.gg/Hc7cP9GB,5,"add independent training thing for ""weekly career count"" question pls",Taiki Shuttle (Camping),Pace Chaser,Ace built for this CM before CM start in Grand Concert scenario,3,0,0,0,2,1,0,Yukino Bijin,Pace Chaser,Ace built for this CM before CM start in Grand Concert scenario,3,0,0,0,2,1,0,Fuji Kiseki,Pace Chaser,Ace built for this CM before CM start in Grand Concert scenario,3,0,0,0,2,1,0,4 Attempts - 20 Races total,16,Go to Submit page,,,,,,,,,,,,,,Re-use Day 1 - Team Comp 1 as Day 2 - Team Comp 1,,,,,,,,,,4 Attempts - 20 Races total,14,Go to Submit page,,,,,,,,,,,,,,,Re-use Day 2 - Team Comp 1 as Day 3 - Team Comp 1,A Group,,,,,,,,,,4 Attempts - 20 Races total,10,Go to Submit page,,,,,,,,,,,,,,,Re-use Day 3 - Team Comp 1 as Day 4 - Team Comp 1,A Group,,,,,,,,,,4 Attempts - 20 Races total,16,Go to Submit page,,,,,,,,,,,,,,,A Finals,,Re-use Day 4 - Team Comp 1 as Finals Team Comp,,,,,,,,,,,2nd,No (goes to Submit page),,,,,,,,,,,,,,,,,,,,
9/3/2026 0:34:40,Kagetsuwaru,Graded (No Uma Restrictions),Win A finals,I accept these terms,Finals,Windows,$1-100,1225,11-20 (roughly 2-3 per day),Discord - MooMooCord - https://discord.gg/Hc7cP9GB,,,Tamamo Cross,Late Surger,Ace built for this CM before CM start in Grand Concert scenario,3,,1,,1,1,,Nishino Flower,Pace Chaser,Ace built for this CM before CM start in Grand Concert scenario,3,,0,,2,1,,Fuji Kiseki,Pace Chaser,Ace built for this CM before CM start in Grand Concert scenario,3,,,,2,1,,4 Attempts - 20 Races total,17,Go to Submit page,,,,,,,,,,,,,,Re-use Day 1 - Team Comp 1 as Day 2 - Team Comp 1,,,,,,,,,,4 Attempts - 20 Races total,12,Go to Submit page,,,,,,,,,,,,,,,Re-use Day 2 - Team Comp 1 as Day 3 - Team Comp 1,A Group,,,,,,,,,,4 Attempts - 20 Races total,10,Go to Submit page,,,,,,,,,,,,,,,Re-use Day 3 - Team Comp 1 as Day 4 - Team Comp 1,A Group,,,,,,,,,,2 Attempts - 10 Races total,5,Go to Submit page,,,,,,,,,,,,,,,A Finals,8722,Add new Team Comp as Finals Team Comp,Tamamo Cross,Late Surger,Ace built for this CM before CM start in Grand Concert scenario,Agnes Tachyon,End Closer,Debuffer,Grass Wonder,End Closer,Debuffer,https://drive.google.com/open?id=1GAoRmtD34yJ5OXB0y1Wc_KDbeI2LPVpD,1st,,,,,,,,,,,Yes,From Russia with Love,https://drive.google.com/open?id=1TGyeHhODjEPiJr4xTdt8oS8XT5RJYkQ9,https://drive.google.com/open?id=1kjWW7ZlDbaPuDgfK0JXsr98jzwUDvAcR,,,,,,14,https://drive.google.com/open?id=1F6h8LyE1r6IoKLqjpC1nAneC68ygsJI6
9/2/2026 15:12:08,JoSE_205,Graded (No Uma Restrictions),Collect participation rewards,I accept these terms,Finals,"Android - phone or tablet, Windows",$501-1000,1552,21-30 (roughly 3-4 per day),Discord - MooMooCord - https://discord.gg/Hc7cP9GB,5,,Vodka,Late Surger,Ace built for this CM before CM start in Grand Concert scenario,2,0,1,0,2,1,0,Gold City,Late Surger,Ace built for this CM before CM start in Grand Concert scenario,2,0,1,0,2,1,0,Maruzensky (Summer),Front Runner,Ace built for this CM before CM start in Grand Concert scenario,3,0,0,0,2,1,0,4 Attempts - 20 Races total,10,Go to Submit page,,,,,,,,,,,,,,Re-use Day 1 - Team Comp 1 as Day 2 - Team Comp 1,,,,,,,,,,4 Attempts - 20 Races total,7,Go to Submit page,,,,,,,,,,,,,,,Re-use Day 2 - Team Comp 1 as Day 3 - Team Comp 1,A Group,,,,,,,,,,4 Attempts - 20 Races total,9,Go to Submit page,,,,,,,,,,,,,,,Re-use Day 3 - Team Comp 1 as Day 4 - Team Comp 1,A Group,,,,,,,,,,4 Attempts - 20 Races total,9,Go to Submit page,,,,,,,,,,,,,,,A Finals,8933,Re-use Day 4 - Team Comp 1 as Finals Team Comp,,,,,,,,,,,2nd,No (goes to Submit page),,,,,,,,,,,,,,,,,,,,
9/2/2026 15:11:10,Mattipus,Graded (No Uma Restrictions),Get into A finals,I accept these terms,Finals,Android - phone or tablet,$1001-5000,2216,31-45 (roughly 5-6 per day),"Discord - MooMooCord - https://discord.gg/Hc7cP9GB, Twitch - MooMooCows - https://www.twitch.tv/moomoomoocows, YouTube - MooMooCows - https://www.youtube.com/@MooMooCows",4,,Aston Machan,Pace Chaser,Ace built for this CM before CM start in Grand Concert scenario,3,,,,2,1,,Daiwa Scarlet,Pace Chaser,Ace built for this CM before CM start in Grand Concert scenario,3,,,,2,1,,Vodka,Late Surger,Ace built for this CM before CM start in Grand Concert scenario,3,,,,2,1,,4 Attempts - 20 Races total,18,Go to Submit page,,,,,,,,,,,,,,Re-use Day 1 - Team Comp 1 as Day 2 - Team Comp 1,,,,,,,,,,4 Attempts - 20 Races total,16,Go to Submit page,,,,,,,,,,,,,,,Re-use Day 2 - Team Comp 1 as Day 3 - Team Comp 1,A Group,,,,,,,,,,4 Attempts - 20 Races total,11,Go to Submit page,,,,,,,,,,,,,,,Re-use Day 3 - Team Comp 1 as Day 4 - Team Comp 1,A Group,,,,,,,,,,4 Attempts - 20 Races total,11,Go to Submit page,,,,,,,,,,,,,,,A Finals,11646,Re-use Day 4 - Team Comp 1 as Finals Team Comp,,,,,,,,,,https://drive.google.com/open?id=1hEqez13ZfkGBq_JW2YnxF-JkJ2lD6DJU,3rd,Yes,https://drive.google.com/open?id=1BOJVfIn0eaO-HmI7GU19Uu1NX3nl0gg2,https://drive.google.com/open?id=1tbueWgUERsjoSVDJnGGxYSdlVxV_u5YI,,,12,3,,3,https://drive.google.com/open?id=1gtkjaA2fs8JPWUQ5PHtZn1yzpAdf1mJR,,,,,,,,,,,
9/2/2026 19:35:55,Ari Mochizuki,Graded (No Uma Restrictions),Win A finals,I accept these terms,Finals,"Android - phone or tablet, Windows",$1-100,996,21-30 (roughly 3-4 per day),Discord - MooMooCord - https://discord.gg/Hc7cP9GB,5,,Daiwa Scarlet,Pace Chaser,Ace built for this CM before CM start in Grand Concert scenario,3,,,,2,1,,Taiki Shuttle (Camping),Pace Chaser,Ace built for this CM before CM start in Grand Concert scenario,3,,,,2,1,,Silence Suzuka,Runaway,Ace built for this CM before CM start in Grand Concert scenario,2,,,,3,1,,4 Attempts - 20 Races total,18,Go to Submit page,,,,,,,,,,,,,,Re-use Day 1 - Team Comp 1 as Day 2 - Team Comp 1,,,,,,,,,,4 Attempts - 20 Races total,16,Go to Submit page,,,,,,,,,,,,,,,Re-use Day 2 - Team Comp 1 as Day 3 - Team Comp 1,A Group,,,,,,,,,,4 Attempts - 20 Races total,14,Go to Submit page,,,,,,,,,,,,,,,Re-use Day 3 - Team Comp 1 as Day 4 - Team Comp 1,A Group,,,,,,,,,,4 Attempts - 20 Races total,10,Go to Submit page,,,,,,,,,,,,,,,A Finals,13933,Re-use Day 4 - Team Comp 1 as Finals Team Comp,,,,,,,,,,,2nd,No (goes to Submit page),,,,,,,,,,,,,,,,,,,,
9/2/2026 15:06:25,Clarobollo,Graded (No Uma Restrictions),Get into A finals,I accept these terms,Finals,"Android - phone or tablet, Windows, Linux",$0,441,6-10 (roughly 1 per day),Friend sent me the link,5,,Hishi Amazon,End Closer,Ace built for this CM before CM start in Grand Concert scenario,3,0,0,0,2,1,,Tamamo Cross,End Closer,Ace built for this CM before CM start in Grand Concert scenario,3,0,0,0,2,1,0,Air Shakur,End Closer,Ace built for this CM before CM start in Grand Concert scenario,3,0,0,0,2,1,0,4 Attempts - 20 Races total,6,Go to Submit page,,,,,,,,,,,,,,Re-use Day 1 - Team Comp 1 as Day 2 - Team Comp 1,,,,,,,,,,4 Attempts - 20 Races total,8,Go to Submit page,,,,,,,,,,,,,,,Re-use Day 2 - Team Comp 1 as Day 3 - Team Comp 1,A Group,,,,,,,,,,4 Attempts - 20 Races total,7,Go to Submit page,,,,,,,,,,,,,,,Re-use Day 3 - Team Comp 1 as Day 4 - Team Comp 1,A Group,,,,,,,,,,4 Attempts - 20 Races total,3,Go to Submit page,,,,,,,,,,,,,,,A Finals,,Re-use Day 4 - Team Comp 1 as Finals Team Comp,,,,,,,,,,,3rd,No (goes to Submit page),,,,,,,,,,,,,,,,,,,,
9/3/2026 8:32:16,Bober,Graded (No Uma Restrictions),Win A finals,I accept these terms,Finals,"Android - phone or tablet, Windows",$1-100,1799,21-30 (roughly 3-4 per day),Discord - MooMooCord - https://discord.gg/Hc7cP9GB,,,Vodka,Late Surger,Ace built for this CM before CM start in Grand Concert scenario,2,,1,,2,1,,Grass Wonder,End Closer,Debuffer,1,1,1,,3,,,Nice Nature (Cheerleader),End Closer,Debuffer,1,1,1,,3,,,4 Attempts - 20 Races total,15,Go to Submit page,,,,,,,,,,,,,,Re-use Day 1 - Team Comp 1 as Day 2 - Team Comp 1,,,,,,,,,,4 Attempts - 20 Races total,12,Day 3,,,,,,,,,,,,,,,Re-use Day 2 - Team Comp 1 as Day 3 - Team Comp 1,A Group,,,,,,,,,,4 Attempts - 20 Races total,10,Day 4,,,,,,,,,,,,,,,Re-use Day 3 - Team Comp 1 as Day 4 - Team Comp 1,A Group,,,,,,,,,,4 Attempts - 20 Races total,11,Go to Submit page,,,,,,,,,,,,,,,A Finals,13740,Re-use Day 4 - Team Comp 1 as Finals Team Comp,,,,,,,,,,https://drive.google.com/open?id=1uJmotPghqfBKd6s6s1UrPOkF8Zz_KUa3,2nd,No (goes to Submit page),,,,,,,,,,,,,,,,,,,,
9/2/2026 15:24:28,Senk0,Graded (No Uma Restrictions),Get into A finals,I accept these terms,Finals,Windows,$501-1000,1400,11-20 (roughly 2-3 per day),,,,Hishi Akebono,Pace Chaser,Ace built for this CM before CM start in Grand Concert scenario,3,0,0,0,2,1,0,Mayano Top Gun (Wedding),Pace Chaser,Ace built for this CM before CM start in Grand Concert scenario,3,0,0,0,2,1,0,Symboli Rudolf,Late Surger,Ace built for this CM before CM start in Grand Concert scenario,3,0,1,0,1,1,0,4 Attempts - 20 Races total,12,Go to Submit page,,,,,,,,,,,,,,Re-use Day 1 - Team Comp 1 as Day 2 - Team Comp 1,,,,,,,,,,4 Attempts - 20 Races total,9,Go to Submit page,,,,,,,,,,,,,,,Re-use Day 2 - Team Comp 1 as Day 3 - Team Comp 1,A Group,,,,,,,,,,3 Attempts - 15 Races total,5,Day 3 - Add 2nd Team,Add new Team Comp as Day 3 - Team Comp 2,Taiki Shuttle,Pace Chaser,5v5 Draft uma,Hishi Akebono,Pace Chaser,Ace built for this CM before CM start in Grand Concert scenario,Symboli Rudolf,Late Surger,Ace built for this CM before CM start in Grand Concert scenario,1 Attempt - 5 Races total,2,2 teams,Go to Submit page,Re-use Day 3 - Team Comp 1 as Day 4 - Team Comp 1,A Group,,,,,,,,,,4 Attempts - 20 Races total,7,Go to Submit page,,,,,,,,,,,,,,,A Finals,5942,Re-use Day 4 - Team Comp 1 as Finals Team Comp,,,,,,,,,,https://drive.google.com/open?id=1zDaJO3I3eCVj2iXoq6e3bSeY13t6Rtc7,2nd,No (goes to Submit page),,,,,,,,,,,,,,,,,,,,
9/2/2026 15:46:36,Excelt,Graded (No Uma Restrictions),Rather not say,I accept these terms,Finals,,$0,,31-45 (roughly 5-6 per day),,,,T.M. Opera O,Pace Chaser,Ace built for this CM before CM start in Grand Concert scenario,3,0,0,0,2,1,0,Grass Wonder,End Closer,Debuffer,,,,,,,,Agnes Tachyon,End Closer,Debuffer,,,,,,,,4 Attempts - 20 Races total,14,Go to Submit page,,,,,,,,,,,,,,Re-use Day 1 - Team Comp 1 as Day 2 - Team Comp 1,,,,,,,,,,4 Attempts - 20 Races total,16,Go to Submit page,,,,,,,,,,,,,,,Re-use Day 2 - Team Comp 1 as Day 3 - Team Comp 1,A Group,,,,,,,,,,4 Attempts - 20 Races total,14,Go to Submit page,,,,,,,,,,,,,,,Re-use Day 3 - Team Comp 1 as Day 4 - Team Comp 1,A Group,,,,,,,,,,4 Attempts - 20 Races total,13,Go to Submit page,,,,,,,,,,,,,,,A Finals,,Re-use Day 4 - Team Comp 1 as Finals Team Comp,,,,,,,,,,,3rd,No (goes to Submit page),,,,,,,,,,,,,,,,,,,,
9/2/2026 15:10:51,awdzzz,Graded (No Uma Restrictions),Win A finals,I accept these terms,Finals,Windows,$0,1829,31-45 (roughly 5-6 per day),"Discord - MooMooCord - https://discord.gg/Hc7cP9GB, Twitch - MooMooCows - https://www.twitch.tv/moomoomoocows",4,,Haru Urara,Late Surger,Ace built for this CM before CM start in Grand Concert scenario,2,0,0,0,3,1,0,Grass Wonder,Late Surger,Debuffer,,,,,,,,Agnes Tachyon,End Closer,Debuffer,,,,,,,,4 Attempts - 20 Races total,13,Go to Submit page,,,,,,,,,,,,,,Re-use Day 1 - Team Comp 1 as Day 2 - Team Comp 1,,,,,,,,,,4 Attempts - 20 Races total,11,Go to Submit page,,,,,,,,,,,,,,,Re-use Day 2 - Team Comp 1 as Day 3 - Team Comp 1,A Group,,,,,,,,,,3 Attempts - 15 Races total,3,Day 3 - Add 2nd Team,Add new Team Comp as Day 3 - Team Comp 2,Haru Urara,Late Surger,Ace built for this CM before CM start in Grand Concert scenario,Grass Wonder,Late Surger,Debuffer,Agnes Tachyon,End Closer,Debuffer,1 Attempt - 5 Races total,0,2 teams,Go to Submit page,Add a new Team Comp as Day 4 - Team Comp 1,A Group,Haru Urara,Late Surger,Mid-CM Ace build in Grand Concert scenario,Grass Wonder,Late Surger,Debuffer,Agnes Tachyon,End Closer,Debuffer,4 Attempts - 20 Races total,12,Go to Submit page,,,,,,,,,,,,,,,A Finals,9429,Re-use Day 4 - Team Comp 1 as Finals Team Comp,,,,,,,,,,https://drive.google.com/open?id=1VgPpw0SLlkyDXEZtVUPJwrOv4jklPREw,3rd,Yes,https://drive.google.com/open?id=10FrBdmolyCAMKXotXGfb598Z0N-C4_E8,https://drive.google.com/open?id=1M6-hHmliwV27CAaUZ12Qu7lprt_GbkXJ,,0,6,6,2,0,https://drive.google.com/open?id=1uPzoVT_EKD0bIzZyLrszlDYOuERqaG4c,,,,,,,,,,,
9/2/2026 17:15:46,kammie,Graded (No Uma Restrictions),bro idc,I accept these terms,Finals,Android - phone or tablet,$1001-5000,1451,46+ (more than 6 per day),Discord - MooMooCord - https://discord.gg/Hc7cP9GB,,,Biwa Hayahide,Pace Chaser,Ace built for this CM before CM start in Grand Concert scenario,3,,,,2,1,,Agnes Digital,Pace Chaser,Ace built for this CM before CM start in Grand Concert scenario,2,,1,,2,1,,Fine Motion (Wedding),Pace Chaser,Ace built for this CM before CM start in Grand Concert scenario,3,,,,2,0,,4 Attempts - 20 Races total,12,Go to Submit page,,,,,,,,,,,,,,Re-use Day 1 - Team Comp 1 as Day 2 - Team Comp 1,,,,,,,,,,4 Attempts - 20 Races total,13,Go to Submit page,,,,,,,,,,,,,,,Re-use Day 2 - Team Comp 1 as Day 3 - Team Comp 1,A Group,,,,,,,,,,4 Attempts - 20 Races total,12,Day 4,,,,,,,,,,,,,,,Re-use Day 3 - Team Comp 1 as Day 4 - Team Comp 1,A Group,,,,,,,,,,4 Attempts - 20 Races total,12,Go to Submit page,,,,,,,,,,,,,,,A Finals,,Re-use Day 4 - Team Comp 1 as Finals Team Comp,,,,,,,,,,https://drive.google.com/open?id=1uYOJOetpRQ05xIi7JJuaW5Sti3MRX6ZL,1st,,,,,,,,,,,Yes,finally the ACTUAL biwa main gets her oshi award <3,https://drive.google.com/open?id=1Vqw18SpzUxRXWFNk9hWsXdCU3pmKuzFb,https://drive.google.com/open?id=1f22an8d7A2gdvq5t3Gthi50D_PQ4yW8o,,,2,11,,,https://drive.google.com/open?id=1KROeBqklok9N6_IWVzn6KEEGovx9HjL8
9/2/2026 16:10:43,Evir,Graded (No Uma Restrictions),Win A finals,I accept these terms,Finals,"Android - phone or tablet, Windows",$1-100,1185,46+ (more than 6 per day),Discord - MooMooCord - https://discord.gg/Hc7cP9GB,5,,Mejiro Dober (Camping),Late Surger,Ace built for this CM before CM start in Grand Concert scenario,2,,1,,2,1,,Bamboo memory,Late Surger,Ace built for this CM before CM start in Grand Concert scenario,2,,1,,2,1,,Taiki Shuttle (Camping),Pace Chaser,Ace built for this CM before CM start in Grand Concert scenario,3,,,,2,1,,4 Attempts - 20 Races total,17,Go to Submit page,,,,,,,,,,,,,,Re-use Day 1 - Team Comp 1 as Day 2 - Team Comp 1,,,,,,,,,,4 Attempts - 20 Races total,15,Go to Submit page,,,,,,,,,,,,,,,Re-use Day 2 - Team Comp 1 as Day 3 - Team Comp 1,A Group,,,,,,,,,,4 Attempts - 20 Races total,8,Go to Submit page,,,,,,,,,,,,,,,Re-use Day 3 - Team Comp 1 as Day 4 - Team Comp 1,A Group,,,,,,,,,,4 Attempts - 20 Races total,16,Go to Submit page,,,,,,,,,,,,,,,A Finals,15106,Re-use Day 4 - Team Comp 1 as Finals Team Comp,,,,,,,,,,https://drive.google.com/open?id=1lw0wGgs8CTqjWFzQte325ytIfQ_4Ban7,2nd,No (goes to Submit page),,,,,,,,,,,,,,,,,,,,
9/2/2026 15:26:14,Croix du Nord,Graded (No Uma Restrictions),Win A finals,I accept these terms,Finals,"Android - phone or tablet, Windows",$0,1600,21-30 (roughly 3-4 per day),,5,,Ines Fujin,Front Runner,Ace built for this CM before CM start in Grand Concert scenario,3,,,,2,1,,Seiun Sky,Front Runner,Ace built for this CM before CM start in Grand Concert scenario,3,,,,2,1,,Yaeno Muteki,Pace Chaser,Ace built for this CM before CM start in Grand Concert scenario,3,,,,2,1,,4 Attempts - 20 Races total,15,Go to Submit page,,,,,,,,,,,,,,Re-use Day 1 - Team Comp 1 as Day 2 - Team Comp 1,,,,,,,,,,4 Attempts - 20 Races total,16,Go to Submit page,,,,,,,,,,,,,,,Re-use Day 2 - Team Comp 1 as Day 3 - Team Comp 1,A Group,,,,,,,,,,4 Attempts - 20 Races total,11,Go to Submit page,,,,,,,,,,,,,,,Re-use Day 3 - Team Comp 1 as Day 4 - Team Comp 1,A Group,,,,,,,,,,4 Attempts - 20 Races total,11,Go to Submit page,,,,,,,,,,,,,,,A Finals,9001,Re-use Day 4 - Team Comp 1 as Finals Team Comp,,,,,,,,,,https://drive.google.com/open?id=1GD2toJ3HYG9yUxg6Yirlg8mQbP21WCof,1st,,,,,,,,,,,Yes,Ines Fujin my beloved,https://drive.google.com/open?id=1ekJ46uLDfAqZ00MyiRJdNujJKELZRLw_,https://drive.google.com/open?id=1PBVfySc-yAeefzZM4sBRomn0UjHhsXkD,,3,10,2,0,0,https://drive.google.com/open?id=1Wxscy0oEhOiU97wl-ydHS0XKppEMNFWY
9/2/2026 20:11:39,Pokedude,Graded (No Uma Restrictions),Win A finals,I accept these terms,Finals,"Android - phone or tablet, Windows",$0,1907,31-45 (roughly 5-6 per day),Discord - MooMooCord - https://discord.gg/Hc7cP9GB,5,,Eishin Flash,Late Surger,Ace built for this CM before CM start in Grand Concert scenario,3,0,0,0,2,1,0,Narita Taishin,End Closer,Ace built for this CM before CM start in Grand Concert scenario,3,0,1,0,1,1,0,Agnes Digital,Late Surger,Ace built for this CM before CM start in Grand Concert scenario,2,0,1,0,2,1,,4 Attempts - 20 Races total,15,Go to Submit page,,,,,,,,,,,,,,Re-use Day 1 - Team Comp 1 as Day 2 - Team Comp 1,,,,,,,,,,4 Attempts - 20 Races total,13,Go to Submit page,,,,,,,,,,,,,,,Re-use Day 2 - Team Comp 1 as Day 3 - Team Comp 1,A Group,,,,,,,,,,4 Attempts - 20 Races total,11,Go to Submit page,,,,,,,,,,,,,,,Re-use Day 3 - Team Comp 1 as Day 4 - Team Comp 1,A Group,,,,,,,,,,4 Attempts - 20 Races total,9,Go to Submit page,,,,,,,,,,,,,,,A Finals,7224,Re-use Day 4 - Team Comp 1 as Finals Team Comp,,,,,,,,,,https://drive.google.com/open?id=1TDxbcS_ebUUNI63EFemDF0J9J885SG0s,1st,,,,,,,,,,,No,,https://drive.google.com/open?id=1VSNCAqzt1K9nWRUyYb_n7s-qV-ImT0Bx,https://drive.google.com/open?id=1TLdulMUDQH5Sgq2c89VQ6sv45g0bLyTS,,2,6,0,0,7,https://drive.google.com/open?id=1Jby0bfCI8GbUX5qUX7ENytk-iM83Oo6c
9/2/2026 19:35:55,P3 Renegade,Graded (No Uma Restrictions),Win A finals,I accept these terms,Finals,Windows,$101-500,1285,11-20 (roughly 2-3 per day),,,,Tamamo Cross,Late Surger,Ace built for this CM before CM start in Grand Concert scenario,3,,1,,1,1,,Oguri Cap,Pace Chaser,Ace built for this CM before CM start in Grand Concert scenario,3,,,,2,1,,Sweep Tosho,End Closer,Ace built for this CM before CM start in Grand Concert scenario,2,,1,,2,1,,4 Attempts - 20 Races total,10,Go to Submit page,,,,,,,,,,,,,,Re-use Day 1 - Team Comp 1 as Day 2 - Team Comp 1,,,,,,,,,,4 Attempts - 20 Races total,16,Go to Submit page,,,,,,,,,,,,,,,Re-use Day 2 - Team Comp 1 as Day 3 - Team Comp 1,A Group,,,,,,,,,,4 Attempts - 20 Races total,10,Go to Submit page,,,,,,,,,,,,,,,Re-use Day 3 - Team Comp 1 as Day 4 - Team Comp 1,A Group,,,,,,,,,,4 Attempts - 20 Races total,10,Go to Submit page,,,,,,,,,,,,,,,A Finals,10120,Re-use Day 4 - Team Comp 1 as Finals Team Comp,,,,,,,,,,https://drive.google.com/open?id=1XAQdp9ZD2HdyOn-kiYfsY6-4dVANVPvv,3rd,No (goes to Submit page),,,,,,,,,,,,,,,,,,,,
9/2/2026 15:16:24,blipblip/shauce,Graded (No Uma Restrictions),Get into A finals,I accept these terms,Finals,"Android - phone or tablet, Windows, Linux",$101-500,1650,11-20 (roughly 2-3 per day),,,,Haru Urara (New Year),End Closer,Ace built for this CM before CM start in Grand Concert scenario,3,,,,2,1,,Silence Suzuka,Runaway,Blocker/Overtake target/Throwaway/Niche role,,,,,,,,Grass Wonder,Late Surger,Debuffer,,,,,,,,4 Attempts - 20 Races total,4,Go to Submit page,,,,,,,,,,,,,,Add new Team Comp as Day 2 - Team Comp 1,Haru Urara (New Year),End Closer,Ace built for this CM before CM start in Grand Concert scenario,Eishin Flash (Valentine),End Closer,Debuffer,Grass Wonder,End Closer,Debuffer,4 Attempts - 20 Races total,9,Go to Submit page,,,,,,,,,,,,,,,Re-use Day 2 - Team Comp 1 as Day 3 - Team Comp 1,A Group,,,,,,,,,,4 Attempts - 20 Races total,6,Day 4,,,,,,,,,,,,,,,Re-use Day 3 - Team Comp 1 as Day 4 - Team Comp 1,A Group,,,,,,,,,,4 Attempts - 20 Races total,8,Go to Submit page,,,,,,,,,,,,,,,A Finals,11530,Re-use Day 4 - Team Comp 1 as Finals Team Comp,,,,,,,,,,https://drive.google.com/open?id=1Ex43y3pWSmSSYYYBSjcf1JFq3g6FHEQB,3rd,No (goes to Submit page),,,,,,,,,,,,,,,,,,,,
9/2/2026 15:55:56,KEKW,Graded (No Uma Restrictions),Win A finals,I accept these terms,Finals,Windows,$101-500,952,21-30 (roughly 3-4 per day),Discord - MooMooCord - https://discord.gg/Hc7cP9GB,4,FOR THE LOVE OF GOD ALLOW COPY PASTE SCREEN SHOTS IF YOU CAN..SPEEDS UP SUBMISSION RATHER THAN COPY IMAGE THEN SAVE ONTO FILE.,Oguri Cap (Christmas),End Closer,Ace built for this CM before CM start in Grand Concert scenario,2,0,1,0,2,1,,Agnes Tachyon,Late Surger,Debuffer,,,,,,,,Grass Wonder,Late Surger,Debuffer,,,,,,,,4 Attempts - 20 Races total,17,Go to Submit page,,,,,,,,,,,,,,Re-use Day 1 - Team Comp 2 as Day 2 - Team Comp 1,,,,,,,,,,4 Attempts - 20 Races total,14,Day 3,,,,,,,,,,,,,,,Re-use Day 2 - Team Comp 2 as Day 3 - Team Comp 1,A Group,,,,,,,,,,4 Attempts - 20 Races total,17,Go to Submit page,,,,,,,,,,,,,,,Re-use Day 3 - Team Comp 2 as Day 4 - Team Comp 1,A Group,,,,,,,,,,4 Attempts - 20 Races total,17,Go to Submit page,,,,,,,,,,,,,,,A Finals,13736,Re-use Day 4 - Team Comp 2 as Finals Team Comp,,,,,,,,,,https://drive.google.com/open?id=1Z-2V8pquzQHyVAivTPZ373AnYjsWVTnB,1st,,,,,,,,,,,No,,https://drive.google.com/open?id=1WFsW0-BOoU8OVLwFbO_qyNQ7B8jnHS60,https://drive.google.com/open?id=18kZvdcV4seg9N209YhwiG1LrZH_IYya-,,,,10,2,,https://drive.google.com/open?id=1plPS31QvFlXEYZiIvQP-7vThH3P_l0-G
9/2/2026 15:07:08,TheToad,Graded (No Uma Restrictions),Win A finals,I accept these terms,Finals,Windows,$1-100,1580,11-20 (roughly 2-3 per day),Discord - MooMooCord - https://discord.gg/Hc7cP9GB,5,I assume weekly career count doesn't include independent training? Might be an idea to specify it.,Nishino Flower,Pace Chaser,Ace built for this CM before CM start in Grand Concert scenario,3,0,0,,2,1,0,Special Week,Pace Chaser,Ace built for this CM before CM start in Grand Concert scenario,3,,1,,1,1,,Nice Nature (Cheerleader),End Closer,Debuffer,1,1,,,3,1,,4 Attempts - 20 Races total,17,Go to Submit page,,,,,,,,,,,,,,Re-use Day 1 - Team Comp 1 as Day 2 - Team Comp 1,,,,,,,,,,4 Attempts - 20 Races total,14,Go to Submit page,,,,,,,,,,,,,,,Re-use Day 2 - Team Comp 1 as Day 3 - Team Comp 1,A Group,,,,,,,,,,4 Attempts - 20 Races total,13,Go to Submit page,,,,,,,,,,,,,,,Re-use Day 3 - Team Comp 1 as Day 4 - Team Comp 1,A Group,,,,,,,,,,4 Attempts - 20 Races total,7,Go to Submit page,,,,,,,,,,,,,,,A Finals,12869,Re-use Day 4 - Team Comp 1 as Finals Team Comp,,,,,,,,,,,3rd,No (goes to Submit page),,,,,,,,,,,,,,,,,,,,
9/2/2026 16:34:43,Darkrosario,Graded (No Uma Restrictions),Win A finals,I accept these terms,Finals,"Android - phone or tablet, Windows",$5000+,1155,31-45 (roughly 5-6 per day),"Discord - MooMooCord - https://discord.gg/Hc7cP9GB, Twitch - MooMooCows - https://www.twitch.tv/moomoomoocows, YouTube - MooMooCows - https://www.youtube.com/@MooMooCows",5,,Rice Shower,Pace Chaser,Ace built for this CM before CM start in Grand Concert scenario,3,0,0,0,2,1,0,Grass Wonder,Late Surger,Ace built for this CM before CM start in Grand Concert scenario,2,0,1,0,2,1,0,Sweep Tosho,End Closer,Ace built for this CM before CM start in Grand Concert scenario,2,0,1,0,2,1,0,4 Attempts - 20 Races total,13,Go to Submit page,,,,,,,,,,,,,,Re-use Day 1 - Team Comp 1 as Day 2 - Team Comp 1,,,,,,,,,,4 Attempts - 20 Races total,17,Go to Submit page,,,,,,,,,,,,,,,Add new Team Comp as Day 3 - Team Comp 1,A Group,Rice Shower,Pace Chaser,Ace built for this CM before CM start in Grand Concert scenario,Grass Wonder,Late Surger,Ace built for this CM before CM start in Grand Concert scenario,Sweep Tosho,End Closer,Mid-CM Ace build in Grand Concert scenario,4 Attempts - 20 Races total,14,Go to Submit page,,,,,,,,,,,,,,,Add a new Team Comp as Day 4 - Team Comp 1,A Group,Rice Shower,Pace Chaser,Mid-CM Ace build in Grand Concert scenario,Grass Wonder,Late Surger,Ace built for this CM before CM start in Grand Concert scenario,Sweep Tosho,End Closer,Mid-CM Ace build in Grand Concert scenario,4 Attempts - 20 Races total,13,Go to Submit page,,,,,,,,,,,,,,,A Finals,10936,Re-use Day 4 - Team Comp 2 as Finals Team Comp,,,,,,,,,,https://drive.google.com/open?id=1OAZBDXmEzrYT9mJulBN4JQeX2AursGNP,3rd,No (goes to Submit page),,,,,,,,,,,,,,,,,,,,
9/2/2026 15:09:15,hagspam,Graded (No Uma Restrictions),Win A finals,I accept these terms,Finals,Windows,$501-1000,800,6-10 (roughly 1 per day),,,,Tamamo Cross,Late Surger,Ace built for this CM before CM start in Grand Concert scenario,,,,,,,,Mejiro Dober (Camping),Late Surger,Ace built for this CM before CM start in Grand Concert scenario,,,,,,,,Bamboo memory,Late Surger,Ace built for this CM before CM start in Grand Concert scenario,,,,,,,,4 Attempts - 20 Races total,9,Go to Submit page,,,,,,,,,,,,,,Re-use Day 1 - Team Comp 1 as Day 2 - Team Comp 1,,,,,,,,,,4 Attempts - 20 Races total,15,Go to Submit page,,,,,,,,,,,,,,,Re-use Day 2 - Team Comp 1 as Day 3 - Team Comp 1,A Group,,,,,,,,,,4 Attempts - 20 Races total,9,Go to Submit page,,,,,,,,,,,,,,,Re-use Day 3 - Team Comp 1 as Day 4 - Team Comp 1,A Group,,,,,,,,,,4 Attempts - 20 Races total,6,Go to Submit page,,,,,,,,,,,,,,,A Finals,5479,Re-use Day 4 - Team Comp 1 as Finals Team Comp,,,,,,,,,,https://drive.google.com/open?id=1vDxSAEUnp_NlEdVx7i_GrFri-1E9qGpr,1st,,,,,,,,,,,No,,,,,,,,,,
9/2/2026 15:19:47,Rho,Graded (No Uma Restrictions),Win A finals,I accept these terms,Finals,,,,,,,,Oguri Cap (Christmas),End Closer,Ace built for this CM before CM start in Grand Concert scenario,2,0,1,0,2,1,0,Symboli Rudolf,End Closer,Debuffer,1,0,1,0,3,1,0,Eishin Flash (Valentine),End Closer,Debuffer,1,1,0,0,3,1,0,4 Attempts - 20 Races total,15,Go to Submit page,,,,,,,,,,,,,,Re-use Day 1 - Team Comp 1 as Day 2 - Team Comp 1,,,,,,,,,,4 Attempts - 20 Races total,16,Go to Submit page,,,,,,,,,,,,,,,Re-use Day 2 - Team Comp 1 as Day 3 - Team Comp 1,A Group,,,,,,,,,,4 Attempts - 20 Races total,14,Go to Submit page,,,,,,,,,,,,,,,Re-use Day 3 - Team Comp 1 as Day 4 - Team Comp 1,A Group,,,,,,,,,,4 Attempts - 20 Races total,13,Go to Submit page,,,,,,,,,,,,,,,A Finals,10636,Re-use Day 4 - Team Comp 1 as Finals Team Comp,,,,,,,,,,https://drive.google.com/open?id=1xiF6OriXqkLpvXyO182Fy_JNvNCyFwzB,1st,,,,,,,,,,,No,,,,,,,,,,
8/31/2026 16:19:35,Timmy,Graded (No Uma Restrictions),Win A finals,I accept these terms,Day 4,"iOS - phone or tablet, Linux",$101-500,1002,21-30 (roughly 3-4 per day),Discord - MooMooCord - https://discord.gg/Hc7cP9GB,4,,Meisho Doto (Halloween),Pace Chaser,Ace built for this CM before CM start in Grand Concert scenario,3,0,0,0,2,1,,Grass Wonder,Late Surger,Debuffer,1,,,,4,1,,Symboli Rudolf,End Closer,Debuffer,1,,,,4,1,,1 Attempt - 5 Races total,4,Day 1 - Add 2nd Team,Meisho Doto (Halloween),Pace Chaser,Ace built for this CM before CM start in Grand Concert scenario,Silence Suzuka,Front Runner,Ace built for this CM before CM start in Grand Concert scenario,Symboli Rudolf,End Closer,Debuffer,3 Attempts - 15 Races total,7,2 teams,Go to Submit page,Re-use Day 1 - Team Comp 2 as Day 2 - Team Comp 1,,,,,,,,,,4 Attempts - 20 Races total,14,Go to Submit page,,,,,,,,,,,,,,,Add new Team Comp as Day 3 - Team Comp 1,A Group,Seiun Sky,Front Runner,Ace built for this CM before CM start in Grand Concert scenario,Meisho Doto (Halloween),Pace Chaser,Ace built for this CM before CM start in Grand Concert scenario,Symboli Rudolf,End Closer,Debuffer,4 Attempts - 20 Races total,9,Go to Submit page,,,,,,,,,,,,,,,Add a new Team Comp as Day 4 - Team Comp 1,A Group,Meisho Doto (Halloween),Pace Chaser,Mid-CM Ace build in Grand Concert scenario,Seiun Sky,Front Runner,Ace built for this CM before CM start in Grand Concert scenario,Symboli Rudolf,End Closer,Debuffer,3 Attempts - 15 Races total,7,Day 4 - Add 2nd team,Add new Team Comp as Day 4 - Team Comp 2,Meisho Doto (Halloween),Pace Chaser,Mid-CM Ace build in Grand Concert scenario,Grass Wonder,Late Surger,Debuffer,Symboli Rudolf,End Closer,Debuffer,1 Attempt - 5 Races total,3,2 teams,Go to Submit page,,,,,,,,,,,,,,,,,,,,,,,,,,,,,,,,,,,
9/2/2026 15:37:46,StormieSkies,Graded (No Uma Restrictions),Win A finals,I accept these terms,Finals,iOS - phone or tablet,$0,769,31-45 (roughly 5-6 per day),"Discord - MooMooCord - https://discord.gg/Hc7cP9GB, Reddit - /r/umamusumeGame",,,Curren Chan,Pace Chaser,Ace built for this CM before CM start in Grand Concert scenario,3,0,0,0,2,1,0,Fine Motion (Wedding),Pace Chaser,Ace built for this CM before CM start in Grand Concert scenario,3,0,0,0,2,1,0,Fuji Kiseki,Pace Chaser,Ace built for this CM before CM start in Grand Concert scenario,3,0,0,0,2,1,0,4 Attempts - 20 Races total,11,Go to Submit page,,,,,,,,,,,,,,Re-use Day 1 - Team Comp 1 as Day 2 - Team Comp 1,,,,,,,,,,4 Attempts - 20 Races total,7,Go to Submit page,,,,,,,,,,,,,,,Re-use Day 2 - Team Comp 1 as Day 3 - Team Comp 1,A Group,,,,,,,,,,4 Attempts - 20 Races total,8,Go to Submit page,,,,,,,,,,,,,,,Re-use Day 3 - Team Comp 1 as Day 4 - Team Comp 1,A Group,,,,,,,,,,4 Attempts - 20 Races total,11,Go to Submit page,,,,,,,,,,,,,,,A Finals,6730,Re-use Day 4 - Team Comp 1 as Finals Team Comp,,,,,,,,,,https://drive.google.com/open?id=1MClXS673SX1W_cvRAvRyrK2_fXvVeVSi,1st,,,,,,,,,,,No,,https://drive.google.com/open?id=1i_QaYTYKqWc_AFkOgF5V2bKExq9szL88,https://drive.google.com/open?id=1zX2G7zCuFxawm5mlBNhRjIh4OXbUkaEZ,,5,5,6,0,0,https://drive.google.com/open?id=1mWYvG39BumBLaFU0dRSNxnsVFZx_yHWm
9/2/2026 15:18:05,pppp,Graded (No Uma Restrictions),Win A finals,I accept these terms,Finals,Windows,$101-500,1444,31-45 (roughly 5-6 per day),Discord - MooMooCord - https://discord.gg/Hc7cP9GB,5,,Narita Taishin,End Closer,Ace built for this CM before CM start in Grand Concert scenario,2,0,1,0,2,1,,Taiki Shuttle,Pace Chaser,Ace built for this CM before CM start in Grand Concert scenario,3,0,0,0,2,1,0,Seeking the Pearl,Pace Chaser,Ace built for this CM before CM start in Grand Concert scenario,3,0,0,0,2,1,0,4 Attempts - 20 Races total,17,Go to Submit page,,,,,,,,,,,,,,Re-use Day 1 - Team Comp 1 as Day 2 - Team Comp 1,,,,,,,,,,4 Attempts - 20 Races total,14,Go to Submit page,,,,,,,,,,,,,,,Add new Team Comp as Day 3 - Team Comp 1,A Group,Narita Taishin,End Closer,Ace built for this CM before CM start in Grand Concert scenario,Taiki Shuttle,Pace Chaser,Ace built for this CM before CM start in Grand Concert scenario,Grass Wonder,End Closer,Debuffer,4 Attempts - 20 Races total,15,Go to Submit page,,,,,,,,,,,,,,,Re-use Day 3 - Team Comp 1 as Day 4 - Team Comp 1,A Group,,,,,,,,,,4 Attempts - 20 Races total,15,Go to Submit page,,,,,,,,,,,,,,,A Finals,11181,Re-use Day 4 - Team Comp 1 as Finals Team Comp,,,,,,,,,,https://drive.google.com/open?id=1jP80H9fJCtTu3FVXOnINppLHWjHyhFgD,1st,,,,,,,,,,,No,,https://drive.google.com/open?id=1mAhanR1gXDqMSiBOfRdIIXd5baeC512Z,https://drive.google.com/open?id=1rlVSqpN6xIMpfStXCCDvHaD4wuch2X6g,,0,8,6,0,0,https://drive.google.com/open?id=1DViTU1gLx8A_EUNqC7nqhRu8M43_Vp8e
9/2/2026 18:42:43,JaxomofRuatha,Graded (No Uma Restrictions),Win A finals,I accept these terms,Finals,Android - phone or tablet,$101-500,1707,31-45 (roughly 5-6 per day),Discord - MooMooCord - https://discord.gg/Hc7cP9GB,5,,Agnes Digital,Late Surger,Ace built for this CM before CM start in Grand Concert scenario,2,0,1,0,2,1,0,Narita Brian,Late Surger,Ace built for this CM before CM start in Grand Concert scenario,2,0,1,0,2,1,0,Eishin Flash (Valentine),End Closer,Debuffer,1,0,2,0,3,0,0,4 Attempts - 20 Races total,14,Go to Submit page,,,,,,,,,,,,,,Re-use Day 1 - Team Comp 1 as Day 2 - Team Comp 1,,,,,,,,,,4 Attempts - 20 Races total,16,Go to Submit page,,,,,,,,,,,,,,,Re-use Day 2 - Team Comp 1 as Day 3 - Team Comp 1,A Group,,,,,,,,,,4 Attempts - 20 Races total,15,Go to Submit page,,,,,,,,,,,,,,,Re-use Day 3 - Team Comp 1 as Day 4 - Team Comp 1,A Group,,,,,,,,,,4 Attempts - 20 Races total,16,Go to Submit page,,,,,,,,,,,,,,,A Finals,7574,Re-use Day 4 - Team Comp 1 as Finals Team Comp,,,,,,,,,,https://drive.google.com/open?id=1H4MqRIdCRqB0fqaXNenl0KDZfm204fCd,1st,,,,,,,,,,,Yes,Interesting race. It was almost a challenge.,https://drive.google.com/open?id=1_r-j93aa6tNF2Wiz7IgLxlQgZ7eadvQm,https://drive.google.com/open?id=1LYMrDWPOwq0jA9W9L7oG05M17-MKwx95,,2,8,2,0,1,https://drive.google.com/open?id=1B9miBkAY6pcRhazo6KP89FYW6Sop0CGp
9/2/2026 21:53:53,iZallen,Graded (No Uma Restrictions),Get into A finals,I accept these terms,Finals,,$501-1000,1310,11-20 (roughly 2-3 per day),,,,Mihono Bourbon (Valentine),Front Runner,Ace built for this CM before CM start in Grand Concert scenario,3,0,,,2,1,,Seiun Sky,Front Runner,Ace built for this CM before CM start in Grand Concert scenario,3,,,,2,1,,Symboli Rudolf,Late Surger,Debuffer,,,,,,,,4 Attempts - 20 Races total,12,Go to Submit page,,,,,,,,,,,,,,Add new Team Comp as Day 2 - Team Comp 1,Mihono Bourbon (Valentine),Front Runner,Ace built for this CM before CM start in Grand Concert scenario,Seiun Sky,Front Runner,Ace built for this CM before CM start in Grand Concert scenario,Taiki Shuttle,Pace Chaser,Mid-CM Ace build in Grand Concert scenario,4 Attempts - 20 Races total,15,Go to Submit page,,,,,,,,,,,,,,,Re-use Day 2 - Team Comp 1 as Day 3 - Team Comp 1,A Group,,,,,,,,,,4 Attempts - 20 Races total,12,Go to Submit page,,,,,,,,,,,,,,,Add a new Team Comp as Day 4 - Team Comp 1,A Group,Mihono Bourbon (Valentine),Front Runner,Ace built for this CM before CM start in Grand Concert scenario,Seiun Sky,Front Runner,Ace built for this CM before CM start in Grand Concert scenario,Symboli Rudolf,Late Surger,Debuffer,4 Attempts - 20 Races total,16,Go to Submit page,,,,,,,,,,,,,,,A Finals,11455,Re-use Day 4 - Team Comp 2 as Finals Team Comp,,,,,,,,,,,1st,,,,,,,,,,,No,,,,,8,6,3,0,0,
9/2/2026 15:32:53,Omega,Graded (No Uma Restrictions),Win A finals,I accept these terms,Finals,"Android - phone or tablet, Windows",$101-500,2179,31-45 (roughly 5-6 per day),Discord - MooMooCord - https://discord.gg/Hc7cP9GB,4,,King Halo (Cheerleader),End Closer,Ace built for this CM before CM start in Grand Concert scenario,3,0,0,0,2,1,0,Oguri Cap (Christmas),End Closer,Ace built for this CM before CM start in Grand Concert scenario,2,0,0,0,3,1,0,Taiki Shuttle (Camping),Pace Chaser,Ace built for this CM before CM start in Grand Concert scenario,3,0,0,0,2,1,0,4 Attempts - 20 Races total,14,Go to Submit page,,,,,,,,,,,,,,Re-use Day 1 - Team Comp 1 as Day 2 - Team Comp 1,,,,,,,,,,4 Attempts - 20 Races total,16,Go to Submit page,,,,,,,,,,,,,,,Re-use Day 2 - Team Comp 1 as Day 3 - Team Comp 1,A Group,,,,,,,,,,4 Attempts - 20 Races total,12,Go to Submit page,,,,,,,,,,,,,,,Re-use Day 3 - Team Comp 1 as Day 4 - Team Comp 1,A Group,,,,,,,,,,4 Attempts - 20 Races total,11,Go to Submit page,,,,,,,,,,,,,,,A Finals,11315,Re-use Day 4 - Team Comp 1 as Finals Team Comp,,,,,,,,,,https://drive.google.com/open?id=1OQXID464Sjd5TgyJd7XX3gusrtNgwK6t,1st,,,,,,,,,,,No,,https://drive.google.com/open?id=1ShL6PLSP2sjsw4jyHswnu_NbohObVF3_,https://drive.google.com/open?id=1UEzEXNhPAuF6dpblejN9cjhN3oKyD79-,,3,6,5,0,0,https://drive.google.com/open?id=1yxOEATnN4MGJ8xSy5TOjqfg1489FZppn
9/2/2026 15:13:20,explorde,Graded (No Uma Restrictions),Get into A finals,I accept these terms,Finals,"iOS - phone or tablet, Windows",$101-500,1214,31-45 (roughly 5-6 per day),Discord - MooMooCord - https://discord.gg/Hc7cP9GB,4,,Oguri Cap (Christmas),End Closer,Ace built for this CM before CM start in Grand Concert scenario,2,0,1,0,2,1,0,Symboli Rudolf,End Closer,Debuffer,,,,,,,,Grass Wonder,End Closer,Debuffer,,,,,,,,4 Attempts - 20 Races total,10,Go to Submit page,,,,,,,,,,,,,,Re-use Day 1 - Team Comp 1 as Day 2 - Team Comp 1,,,,,,,,,,4 Attempts - 20 Races total,11,Go to Submit page,,,,,,,,,,,,,,,Re-use Day 2 - Team Comp 1 as Day 3 - Team Comp 1,A Group,,,,,,,,,,4 Attempts - 20 Races total,11,Go to Submit page,,,,,,,,,,,,,,,Re-use Day 3 - Team Comp 1 as Day 4 - Team Comp 1,A Group,,,,,,,,,,4 Attempts - 20 Races total,10,Go to Submit page,,,,,,,,,,,,,,,A Finals,9730,Re-use Day 4 - Team Comp 1 as Finals Team Comp,,,,,,,,,,https://drive.google.com/open?id=12rsZkgIPetsno4aOQGieKuelf2-5Ss7c,1st,,,,,,,,,,,No,,https://drive.google.com/open?id=1LSXSbCU5LCY_NXsf4tOUDLox_SyIq5aN,https://drive.google.com/open?id=1YRm012BdccM0g8BEPQmFOu6svHEUeNBU,,5,1,4,0,1,https://drive.google.com/open?id=1ND2PhXEntVkGMlJLBpYu_QvUI5pAaPbE
9/2/2026 16:40:38,Syphon,Graded (No Uma Restrictions),Get into A finals,I accept these terms,Finals,Android - phone or tablet,$0,1100,11-20 (roughly 2-3 per day),Discord - MooMooCord - https://discord.gg/Hc7cP9GB,5,,Manhattan Cafe,Late Surger,Ace built for this CM before CM start in Grand Concert scenario,3,0,0,0,2,1,0,Taiki Shuttle,Pace Chaser,Ace built for this CM before CM start in Grand Concert scenario,2,0,0,0,3,1,0,Narita Taishin,End Closer,Ace built for this CM before CM start in Grand Concert scenario,2,0,1,0,2,1,0,4 Attempts - 20 Races total,8,Go to Submit page,,,,,,,,,,,,,,Re-use Day 1 - Team Comp 1 as Day 2 - Team Comp 1,,,,,,,,,,4 Attempts - 20 Races total,10,Go to Submit page,,,,,,,,,,,,,,,Re-use Day 2 - Team Comp 1 as Day 3 - Team Comp 1,A Group,,,,,,,,,,4 Attempts - 20 Races total,6,Go to Submit page,,,,,,,,,,,,,,,Re-use Day 3 - Team Comp 1 as Day 4 - Team Comp 1,B Group,,,,,,,,,,4 Attempts - 20 Races total,6,Go to Submit page,,,,,,,,,,,,,,,B Finals,2677,Re-use Day 4 - Team Comp 1 as Finals Team Comp,,,,,,,,,,https://drive.google.com/open?id=1p2B1Zf44qCP6mRgb5c__-ueUWG47mrGT,1st,,,,,,,,,,,No,,https://drive.google.com/open?id=1IhTWc5Z6NFnZNptaD0UI0LWhu8_9K4f-,https://drive.google.com/open?id=1jOodk39Lfx2M-j7oLVmcs3_pZ8qUPo47,,6,,2,3,2,https://drive.google.com/open?id=1WQIvKADVDpSvt3R56slKTyK-rZaouolK
9/2/2026 15:54:47,robo,Graded (No Uma Restrictions),Win A finals,I accept these terms,Day 4,,$1001-5000,2643,46+ (more than 6 per day),,,Slides Automation Team: Cing,Gold Ship (Summer),End Closer,Ace built for this CM before CM start in Grand Concert scenario,,,,,,,,Grass Wonder,End Closer,Debuffer,,,,,,,,Eishin Flash (Valentine),End Closer,Debuffer,,,,,,,,4 Attempts - 20 Races total,16,Go to Submit page,,,,,,,,,,,,,,Re-use Day 1 - Team Comp 1 as Day 2 - Team Comp 1,,,,,,,,,,4 Attempts - 20 Races total,18,Go to Submit page,,,,,,,,,,,,,,,Re-use Day 2 - Team Comp 1 as Day 3 - Team Comp 1,A Group,,,,,,,,,,4 Attempts - 20 Races total,14,Go to Submit page,,,,,,,,,,,,,,,Re-use Day 3 - Team Comp 1 as Day 4 - Team Comp 1,A Group,,,,,,,,,,4 Attempts - 20 Races total,11,Finals,,,,,,,,,,,,,,,A Finals,14709,Re-use Day 4 - Team Comp 1 as Finals Team Comp,,,,,,,,,,https://drive.google.com/open?id=1Hp-3ckQf1ARfOQn9n_H4L6brDX3KyR8J,1st,,,,,,,,,,,Yes,"For me, it's Gold Ship. What a great umamusume.",https://drive.google.com/open?id=1XwQxSllZCwLTXRo45fxDnIeSHV3pu8sa,https://drive.google.com/open?id=1PtJKMlv-lKJ5Ef-AZX5o-YrGXrKE7O9Q,,,,,,,https://drive.google.com/open?id=1hO0NyFnL-EWA2iPTsRrf54tLcU4fPjfZ
9/2/2026 15:28:08,lulu ☆ミ,Graded (No Uma Restrictions),Get into A finals,I accept these terms,Finals,iOS - phone or tablet,$1-100,1269,31-45 (roughly 5-6 per day),Discord - MooMooCord - https://discord.gg/Hc7cP9GB,,,Matikanefukukitaru (Full Armor),Late Surger,Ace built for this CM before CM start in Grand Concert scenario,,,,,,,,Agnes Digital,Late Surger,Ace built for this CM before CM start in Grand Concert scenario,,,,,,,,Oguri Cap (Christmas),End Closer,Ace built for this CM before CM start in Grand Concert scenario,,,,,,,,4 Attempts - 20 Races total,15,Go to Submit page,,,,,,,,,,,,,,Re-use Day 1 - Team Comp 1 as Day 2 - Team Comp 1,,,,,,,,,,4 Attempts - 20 Races total,16,Day 1,,,,,,,,,,,,,,,Re-use Day 2 - Team Comp 1 as Day 3 - Team Comp 1,A Group,,,,,,,,,,4 Attempts - 20 Races total,9,Go to Submit page,,,,,,,,,,,,,,,Add a new Team Comp as Day 4 - Team Comp 1,A Group,Matikanefukukitaru (Full Armor),Late Surger,Ace built for this CM before CM start in Grand Concert scenario,Oguri Cap (Christmas),End Closer,Ace built for this CM before CM start in Grand Concert scenario,Agnes Tachyon,End Closer,Debuffer,4 Attempts - 20 Races total,13,Go to Submit page,,,,,,,,,,,,,,,A Finals,9171,Re-use Day 4 - Team Comp 1 as Finals Team Comp,,,,,,,,,,https://drive.google.com/open?id=1lvqch_gcNXcJ8efCpxkfEsVcXGGd1fgx,2nd,Yes,https://drive.google.com/open?id=1-2V9bkl-SsvxvjsHjMGTU0kM3NmsNV3F,https://drive.google.com/open?id=1t_yM9e07b0Ke25guAlkr-5ziJfW-m8RD,https://drive.google.com/open?id=1Az3WeRakto8nasvgT3nCmy5gDnQRb2T8,,,,,,,,,,,,,,,,,
9/2/2026 17:01:47,Recetyl,Graded (No Uma Restrictions),Win A finals,I accept these terms,Finals,Windows,$101-500,1758,46+ (more than 6 per day),Discord - MooMooCord - https://discord.gg/Hc7cP9GB,4,,Admire Vega,End Closer,Ace built for this CM before CM start in Grand Concert scenario,2,,1,,2,1,,Fine Motion (Wedding),Pace Chaser,Ace built for this CM before CM start in Grand Concert scenario,3,,,,2,1,,Grass Wonder,Pace Chaser,Debuffer,,,,,,,,4 Attempts - 20 Races total,18,Day 3,,,,,,,,,,,,,,Re-use Day 1 - Team Comp 1 as Day 2 - Team Comp 1,,,,,,,,,,4 Attempts - 20 Races total,15,Go to Submit page,,,,,,,,,,,,,,,Add new Team Comp as Day 3 - Team Comp 1,A Group,Admire Vega,End Closer,Ace built for this CM before CM start in Grand Concert scenario,Fine Motion (Wedding),Pace Chaser,Ace built for this CM before CM start in Grand Concert scenario,Grass Wonder,End Closer,Debuffer,4 Attempts - 20 Races total,17,Go to Submit page,,,,,,,,,,,,,,,Re-use Day 3 - Team Comp 2 as Day 4 - Team Comp 1,A Group,,,,,,,,,,4 Attempts - 20 Races total,18,Go to Submit page,,,,,,,,,,,,,,,A Finals,13908,Re-use Day 4 - Team Comp 2 as Finals Team Comp,,,,,,,,,,https://drive.google.com/open?id=1l6ZOEXuOXgZpiLWYYn7y6e7VI-R34cuh,1st,,,,,,,,,,,Yes,"I wish upon this shooting star for she is the brightest in the sky, if only for this brief moment.",https://drive.google.com/open?id=1xeTnWMyKYnoobkhnqY3Sf1tygJO19neB,https://drive.google.com/open?id=1ni1ez69tkic3iR9e_Bz_vNoGBe3Pfv9E,,1,6,,2,2,https://drive.google.com/open?id=1IfkzLz6e7z39wpgbqiCKxDDC2Hnixc4N
9/2/2026 15:29:45,kasteai,Graded (No Uma Restrictions),Win A finals,I accept these terms,Finals,,$1-100,,11-20 (roughly 2-3 per day),,,,Bamboo memory,Late Surger,Ace built for this CM before CM start in Grand Concert scenario,,,,,,,,Oguri Cap,Pace Chaser,Ace built for this CM before CM start in Grand Concert scenario,,,,,,,,Tamamo Cross,End Closer,Ace built for this CM before CM start in Grand Concert scenario,,,,,,,,4 Attempts - 20 Races total,15,Go to Submit page,,,,,,,,,,,,,,Re-use Day 1 - Team Comp 1 as Day 2 - Team Comp 1,,,,,,,,,,4 Attempts - 20 Races total,14,Go to Submit page,,,,,,,,,,,,,,,Re-use Day 2 - Team Comp 1 as Day 3 - Team Comp 1,A Group,,,,,,,,,,4 Attempts - 20 Races total,13,Go to Submit page,,,,,,,,,,,,,,,Re-use Day 3 - Team Comp 1 as Day 4 - Team Comp 1,A Group,,,,,,,,,,4 Attempts - 20 Races total,12,Go to Submit page,,,,,,,,,,,,,,,A Finals,14330,Re-use Day 4 - Team Comp 1 as Finals Team Comp,,,,,,,,,,https://drive.google.com/open?id=1Y04n9BDHtLs7mu65n5WcfpBhmwc-bzRg,1st,,,,,,,,,,,Yes,"When in doubt, run them down.",https://drive.google.com/open?id=16MoXrMMxZ9U7Q_i39Y1mkWO8GdC80nNd,https://drive.google.com/open?id=1Afqp8_pzBUtAU_CETcc5hu0zi0Mq95IR,,5,5,5,,,https://drive.google.com/open?id=1kRJPDv5FSw_FgiAVG6Jxj_kikXndonX1
9/2/2026 15:21:55,hash2,Graded (No Uma Restrictions),Get into B finals,I accept these terms,Finals,"Android - phone or tablet, Windows",$1-100,1480,6-10 (roughly 1 per day),Discord - MooMooCord - https://discord.gg/Hc7cP9GB,,,Oguri Cap (Christmas),End Closer,Ace built for this CM before CM start in Grand Concert scenario,2,0,1,0,2,1,0,Nishino Flower,Pace Chaser,Ace built for this CM before CM start in Grand Concert scenario,3,0,0,0,2,1,0,Grass Wonder,End Closer,Debuffer,2,0,0,0,3,1,0,3 Attempts - 15 Races total,6,Go to Submit page,,,,,,,,,,,,,,,,,,,,,,,,,,,,,,,,,,,,,,,,,Re-use Day 2 - Team Comp 1 as Day 3 - Team Comp 1,B Group,,,,,,,,,,4 Attempts - 20 Races total,17,Go to Submit page,,,,,,,,,,,,,,,Re-use Day 3 - Team Comp 1 as Day 4 - Team Comp 1,B Group,,,,,,,,,,4 Attempts - 20 Races total,19,Go to Submit page,,,,,,,,,,,,,,,B Finals,,Re-use Day 4 - Team Comp 1 as Finals Team Comp,,,,,,,,,,https://drive.google.com/open?id=1--QYcSUJIxnzUFO1EEjsT1RpAICshs5Y,1st,,,,,,,,,,,No,,https://drive.google.com/open?id=1Ke0tqMrMXZDiQIX_0Hd2_4fjtMf442LI,https://drive.google.com/open?id=1YS7I7J2A_Xd-9iyMNusv5ieRRs90NQB-,,,,,,,
9/3/2026 5:29:45,Eyefizz13,Graded (No Uma Restrictions),Get into A finals,I accept these terms,Finals,Windows,$501-1000,,31-45 (roughly 5-6 per day),Discord - MooMooCord - https://discord.gg/Hc7cP9GB,,,Taiki Shuttle (Camping),Pace Chaser,Ace built for this CM before CM start in Grand Concert scenario,3,0,0,0,2,1,0,Mejiro Palmer,Front Runner,Ace built for this CM before CM start in Grand Concert scenario,3,0,0,0,2,1,0,Grass Wonder,End Closer,Debuffer,1,0,1,0,3,1,0,4 Attempts - 20 Races total,13,Go to Submit page,,,,,,,,,,,,,,Re-use Day 1 - Team Comp 1 as Day 2 - Team Comp 1,,,,,,,,,,4 Attempts - 20 Races total,15,Day 3,,,,,,,,,,,,,,,Re-use Day 2 - Team Comp 1 as Day 3 - Team Comp 1,A Group,,,,,,,,,,4 Attempts - 20 Races total,12,Go to Submit page,,,,,,,,,,,,,,,Re-use Day 3 - Team Comp 1 as Day 4 - Team Comp 1,A Group,,,,,,,,,,4 Attempts - 20 Races total,7,Go to Submit page,,,,,,,,,,,,,,,A Finals,8227,Re-use Day 4 - Team Comp 1 as Finals Team Comp,,,,,,,,,,https://drive.google.com/open?id=1EclGItTpEM2yIPiFifOgOezjS35G2DNl,1st,,,,,,,,,,,Yes,I know I'm not winning it so who cares,https://drive.google.com/open?id=1mcj4JBjnVMDLaWyQM6H6wARdh6ERCWm-,https://drive.google.com/open?id=1reTaHFM6aEjnht4WRw2QEE6aWhmgTZcH,,0,1,0,0,2,https://drive.google.com/open?id=1VHin35ZxQ0J2CTP7IXQJ2MFVHpKH1ryE
9/2/2026 15:32:11,LePetouche,Graded (No Uma Restrictions),Win A finals,I accept these terms,Finals,Windows,Rather not say,2000,31-45 (roughly 5-6 per day),,,,Gold Ship (Summer),Pace Chaser,Ace built for this CM before CM start in Grand Concert scenario,,,,,,,,Fuji Kiseki,Pace Chaser,Ace built for this CM before CM start in Grand Concert scenario,,,,,,,,Fine Motion (Wedding),Pace Chaser,Ace built for this CM before CM start in Grand Concert scenario,,,,,,,,4 Attempts - 20 Races total,17,Go to Submit page,,,,,,,,,,,,,,Re-use Day 1 - Team Comp 1 as Day 2 - Team Comp 1,,,,,,,,,,4 Attempts - 20 Races total,15,Go to Submit page,,,,,,,,,,,,,,,Re-use Day 2 - Team Comp 1 as Day 3 - Team Comp 1,A Group,,,,,,,,,,4 Attempts - 20 Races total,11,Go to Submit page,,,,,,,,,,,,,,,Re-use Day 3 - Team Comp 1 as Day 4 - Team Comp 1,A Group,,,,,,,,,,4 Attempts - 20 Races total,14,Go to Submit page,,,,,,,,,,,,,,,A Finals,9659,Re-use Day 4 - Team Comp 1 as Finals Team Comp,,,,,,,,,,https://drive.google.com/open?id=1yGvkEo74xmnjESTKe-SB_18TPxmlqXt_,1st,,,,,,,,,,,No,,https://drive.google.com/open?id=1kFXDmkfRdt0pUbnXeACEMuc_ljAtsZ6h,https://drive.google.com/open?id=1BrtoPzeMRTAfKc3K1V73bpi0MpjoG4iR,,,,,,,https://drive.google.com/open?id=1Bf-5MYbA2Ma9TqezgiXXXUr0ZYJ_f12_
9/2/2026 16:07:16,Hines,Graded (No Uma Restrictions),Win A finals,I accept these terms,Finals,Windows,$1-100,1678,21-30 (roughly 3-4 per day),Discord - MooMooCord - https://discord.gg/Hc7cP9GB,5,,Special Week,Pace Chaser,Ace built for this CM before CM start in Grand Concert scenario,3,0,0,0,2,1,,Nishino Flower,Pace Chaser,Ace built for this CM before CM start in Grand Concert scenario,3,0,0,0,2,1,0,Symboli Rudolf,End Closer,Debuffer,,,,,,,,4 Attempts - 20 Races total,16,Go to Submit page,,,,,,,,,,,,,,Re-use Day 1 - Team Comp 1 as Day 2 - Team Comp 1,,,,,,,,,,4 Attempts - 20 Races total,19,Go to Submit page,,,,,,,,,,,,,,,Re-use Day 2 - Team Comp 1 as Day 3 - Team Comp 1,A Group,,,,,,,,,,4 Attempts - 20 Races total,14,Go to Submit page,,,,,,,,,,,,,,,Re-use Day 3 - Team Comp 1 as Day 4 - Team Comp 1,A Group,,,,,,,,,,4 Attempts - 20 Races total,11,Go to Submit page,,,,,,,,,,,,,,,A Finals,9509,Re-use Day 4 - Team Comp 1 as Finals Team Comp,,,,,,,,,,https://drive.google.com/open?id=1O7gKAtSj1arulmPmMnXGgBBG-J5BA6Wp,1st,,,,,,,,,,,Yes,I love spechunky,https://drive.google.com/open?id=1fTuOj4a2guqdr27ixuKf1bKns78VNNtO,https://drive.google.com/open?id=1KcGxW6lFABYCXtlsMDlHV6QwoHQmF5xq,,4,7,2,,,https://drive.google.com/open?id=1bQwvYM8pCpAmICge5cFgav0LwHukt9Hz
9/2/2026 15:49:46,TsukiAva,Graded (No Uma Restrictions),Win A finals,I accept these terms,Finals,Android - phone or tablet,$1-100,860,6-10 (roughly 1 per day),Discord - MooMooCord - https://discord.gg/Hc7cP9GB,5,,Agnes Tachyon,Pace Chaser,Ace built for this CM before CM start in Grand Concert scenario,2,0,1,0,2,1,0,Fuji Kiseki (Ballroom),Pace Chaser,Ace built for this CM before CM start in Grand Concert scenario,2,0,1,0,2,1,0,Agnes Digital (Halloween),Pace Chaser,Ace built for this CM before CM start in Grand Concert scenario,2,0,1,0,2,1,0,4 Attempts - 20 Races total,11,Go to Submit page,,,,,,,,,,,,,,Re-use Day 1 - Team Comp 1 as Day 2 - Team Comp 1,,,,,,,,,,4 Attempts - 20 Races total,12,Go to Submit page,,,,,,,,,,,,,,,Re-use Day 2 - Team Comp 1 as Day 3 - Team Comp 1,A Group,,,,,,,,,,4 Attempts - 20 Races total,8,Go to Submit page,,,,,,,,,,,,,,,Re-use Day 3 - Team Comp 1 as Day 4 - Team Comp 1,A Group,,,,,,,,,,4 Attempts - 20 Races total,7,Go to Submit page,,,,,,,,,,,,,,,A Finals,9676,Re-use Day 4 - Team Comp 1 as Finals Team Comp,,,,,,,,,,https://drive.google.com/open?id=1MK_GoWdcFFneX1l8smIb9TePTukIlarU,1st,,,,,,,,,,,Yes,Wouldn't it be funny if the SS+ Fuji Kiseki won in finals?,https://drive.google.com/open?id=1L6OGHTgURSKaz7Gu2x32Cwc5s4mEd6PC,https://drive.google.com/open?id=146OOEBbyzgMMPxvpdr7qhlMoo6yJESSt,,2,3,0,0,6,https://drive.google.com/open?id=1hpoNGf9GYyi46o9t2a6rWp4GQaBPs-QO
9/2/2026 15:55:29,Soggyfries,Graded (No Uma Restrictions),Rather not say,I accept these terms,Finals,iOS - phone or tablet,$1-100,996,11-20 (roughly 2-3 per day),Discord - MooMooCord - https://discord.gg/Hc7cP9GB,4,,Narita Taishin,End Closer,Ace built for this CM before CM start in Grand Concert scenario,3,0,0,0,2,1,0,Special Week,Late Surger,Ace built for this CM before CM start in Grand Concert scenario,3,0,0,0,2,1,0,Agnes Tachyon,End Closer,Debuffer,,,1,,3,1,0,4 Attempts - 20 Races total,19,Go to Submit page,,,,,,,,,,,,,,Re-use Day 1 - Team Comp 1 as Day 2 - Team Comp 1,,,,,,,,,,4 Attempts - 20 Races total,19,Go to Submit page,,,,,,,,,,,,,,,Re-use Day 2 - Team Comp 1 as Day 3 - Team Comp 1,A Group,,,,,,,,,,4 Attempts - 20 Races total,14,Go to Submit page,,,,,,,,,,,,,,,Re-use Day 3 - Team Comp 1 as Day 4 - Team Comp 1,A Group,,,,,,,,,,4 Attempts - 20 Races total,16,Go to Submit page,,,,,,,,,,,,,,,A Finals,13295,Re-use Day 4 - Team Comp 1 as Finals Team Comp,,,,,,,,,,https://drive.google.com/open?id=1hRIBBHLInpzqakLTmoVz0I1NpPMjJyBu,1st,,,,,,,,,,,No,,,,,,,,,,
9/2/2026 19:36:35,Dynanate,Graded (No Uma Restrictions),Win A finals,I accept these terms,Finals,"iOS - phone or tablet, SteamOS - Steam Deck",$0,1066,31-45 (roughly 5-6 per day),Discord - MooMooCord - https://discord.gg/Hc7cP9GB,4,,Mihono Bourbon (Valentine),Front Runner,Ace built for this CM before CM start in Grand Concert scenario,3,,,,2,1,,El Condor Pasa,Front Runner,Ace built for this CM before CM start in Grand Concert scenario,3,,,,2,1,,Copano Rickey,Front Runner,Ace built for this CM before CM start in Grand Concert scenario,3,,,,2,1,,4 Attempts - 20 Races total,16,Go to Submit page,,,,,,,,,,,,,,Re-use Day 1 - Team Comp 1 as Day 2 - Team Comp 1,,,,,,,,,,4 Attempts - 20 Races total,16,Go to Submit page,,,,,,,,,,,,,,,Re-use Day 2 - Team Comp 1 as Day 3 - Team Comp 1,A Group,,,,,,,,,,4 Attempts - 20 Races total,14,Go to Submit page,,,,,,,,,,,,,,,Re-use Day 3 - Team Comp 2 as Day 4 - Team Comp 1,A Group,,,,,,,,,,4 Attempts - 20 Races total,16,Go to Submit page,,,,,,,,,,,,,,,A Finals,9033,Re-use Day 4 - Team Comp 1 as Finals Team Comp,,,,,,,,,,https://drive.google.com/open?id=1C7ryogUgjOkcsQV1bd82UVesmB2aGbi0,1st,,,,,,,,,,,No,,https://drive.google.com/open?id=1D5kldM8eDvp_RwCE9aipcDhh8EX-CAGN,https://drive.google.com/open?id=1LhbWY-d6RqAKkc7jZlDIU9U6xsK7G0gD,,,9,2,3,1,https://drive.google.com/open?id=1v1r_Wm4ciWhlhs3GFCqCi2EzyT0DojGn
9/2/2026 16:09:01,jet4sale,Graded (No Uma Restrictions),Get into A finals,I accept these terms,Finals,"Android - phone or tablet, Windows",$501-1000,1905,21-30 (roughly 3-4 per day),"Discord - MooMooCord - https://discord.gg/Hc7cP9GB, Twitch - MooMooCows - https://www.twitch.tv/moomoomoocows, YouTube - MooMooCows - https://www.youtube.com/@MooMooCows",5,,Fuji Kiseki,Pace Chaser,Ace built for this CM before CM start in Grand Concert scenario,3,0,0,0,2,1,0,Taiki Shuttle (Camping),Pace Chaser,Ace built for this CM before CM start in Grand Concert scenario,3,0,0,0,2,1,0,Fine Motion (Wedding),Pace Chaser,Ace built for this CM before CM start in Grand Concert scenario,3,0,0,0,2,1,0,4 Attempts - 20 Races total,14,Go to Submit page,,,,,,,,,,,,,,Re-use Day 1 - Team Comp 1 as Day 2 - Team Comp 1,,,,,,,,,,4 Attempts - 20 Races total,19,Go to Submit page,,,,,,,,,,,,,,,Re-use Day 2 - Team Comp 1 as Day 3 - Team Comp 1,A Group,,,,,,,,,,4 Attempts - 20 Races total,15,Go to Submit page,,,,,,,,,,,,,,,Re-use Day 3 - Team Comp 1 as Day 4 - Team Comp 1,A Group,,,,,,,,,,4 Attempts - 20 Races total,14,Go to Submit page,,,,,,,,,,,,,,,A Finals,10027,Re-use Day 4 - Team Comp 1 as Finals Team Comp,,,,,,,,,,https://drive.google.com/open?id=1WAO_w0POSwq8YjzaDPVEtdQgorBJ8d-_,1st,,,,,,,,,,,No,,https://drive.google.com/open?id=1l6J48VTmzdJhal32EItQ6GBOIqZJmSkU,https://drive.google.com/open?id=1iv9r6Pgl-FSPuLMUA2aQsm9mTzHU3cjB,,2,7,3,0,3,https://drive.google.com/open?id=1JKfF1BxuSdkZLNhv7p_mOogM7xKTT9qb
9/2/2026 17:18:41,mellow,Graded (No Uma Restrictions),see raff lose a finals,I accept these terms,Finals,,$101-500,,46+ (more than 6 per day),Discord - MooMooCord - https://discord.gg/Hc7cP9GB,,,Narita Taishin,End Closer,Ace built for this CM before CM start in Grand Concert scenario,,,,,,,,Agnes Tachyon,Front Runner,Debuffer,,,,,,,,Grass Wonder,End Closer,Debuffer,,,,,,,,4 Attempts - 20 Races total,16,Go to Submit page,,,,,,,,,,,,,,Re-use Day 1 - Team Comp 1 as Day 2 - Team Comp 1,,,,,,,,,,4 Attempts - 20 Races total,19,Go to Submit page,,,,,,,,,,,,,,,Re-use Day 2 - Team Comp 1 as Day 3 - Team Comp 1,A Group,,,,,,,,,,4 Attempts - 20 Races total,15,Go to Submit page,,,,,,,,,,,,,,,Re-use Day 3 - Team Comp 1 as Day 4 - Team Comp 1,A Group,,,,,,,,,,4 Attempts - 20 Races total,15,Go to Submit page,,,,,,,,,,,,,,,A Finals,13464,Re-use Day 4 - Team Comp 1 as Finals Team Comp,,,,,,,,,,https://drive.google.com/open?id=1fW8TR_9GsUwWKYcEB8puoqAn_toruybL,1st,,,,,,,,,,,Yes,taishin moment 10,https://drive.google.com/open?id=1t9UX4sGTNc5KeHfY8khpjsT_q_GWsJ2b,https://drive.google.com/open?id=1407_hp4acukEDiO0PTtz0edl_fmE27nd,,,3,7,,2,https://drive.google.com/open?id=1mxefh0esgBm3pJMOs2Ul-v3namA9VA_p
9/2/2026 16:52:14,Carakuza,Graded (No Uma Restrictions),Win A finals,I accept these terms,Finals,,,,,,,,Admire Vega,End Closer,Ace built for this CM before CM start in Grand Concert scenario,3,0,0,0,2,1,,Taiki Shuttle,Pace Chaser,Ace built for this CM before CM start in Grand Concert scenario,3,0,0,0,2,1,,Agnes Tachyon,End Closer,Debuffer,,,,,,,,4 Attempts - 20 Races total,18,Go to Submit page,,,,,,,,,,,,,,Re-use Day 1 - Team Comp 1 as Day 2 - Team Comp 1,,,,,,,,,,4 Attempts - 20 Races total,16,Go to Submit page,,,,,,,,,,,,,,,Re-use Day 2 - Team Comp 1 as Day 3 - Team Comp 1,A Group,,,,,,,,,,4 Attempts - 20 Races total,15,Go to Submit page,,,,,,,,,,,,,,,Re-use Day 3 - Team Comp 1 as Day 4 - Team Comp 1,A Group,,,,,,,,,,4 Attempts - 20 Races total,15,Go to Submit page,,,,,,,,,,,,,,,A Finals,,Re-use Day 4 - Team Comp 1 as Finals Team Comp,,,,,,,,,,,3rd,No (goes to Submit page),,,,,,,,,,,,,,,,,,,,
9/3/2026 3:04:51,Jellyx,Graded (No Uma Restrictions),Win A finals,I accept these terms,Finals,"Android - phone or tablet, Windows",$501-1000,1800,46+ (more than 6 per day),Discord - MooMooCord - https://discord.gg/Hc7cP9GB,,,Grass Wonder,Late Surger,Ace built for this CM before CM start in Grand Concert scenario,3,0,0,0,2,1,0,Nice Nature (Cheerleader),Late Surger,Debuffer,,,,,,,,Agnes Tachyon,Front Runner,Debuffer,,,,,,,,4 Attempts - 20 Races total,16,Go to Submit page,,,,,,,,,,,,,,Re-use Day 1 - Team Comp 1 as Day 2 - Team Comp 1,,,,,,,,,,4 Attempts - 20 Races total,15,Go to Submit page,,,,,,,,,,,,,,,Re-use Day 2 - Team Comp 1 as Day 3 - Team Comp 1,A Group,,,,,,,,,,4 Attempts - 20 Races total,12,Go to Submit page,,,,,,,,,,,,,,,Re-use Day 3 - Team Comp 1 as Day 4 - Team Comp 1,A Group,,,,,,,,,,4 Attempts - 20 Races total,15,Go to Submit page,,,,,,,,,,,,,,,A Finals,10205,Re-use Day 4 - Team Comp 1 as Finals Team Comp,,,,,,,,,,https://drive.google.com/open?id=18YhglluBdT3rUF_3RhZhFT3wsvOyw2Rg,1st,,,,,,,,,,,Yes,"More than a debuffer, she will dominate you",https://drive.google.com/open?id=1FHipOF678PUBTy3LXIhjO68vCzFVT9QZ,https://drive.google.com/open?id=1MpTJp9JkVQlTQVsmo7GJWnXIBeZJJElf,,,7,1,3,,https://drive.google.com/open?id=1x50gSwrpAsX9oQROaf-Gq2JI-dUx0jxZ
9/2/2026 16:01:47,Big Slic3,Graded (No Uma Restrictions),I don’t care about winning I just want Raff to lose ,I accept these terms,Finals,iOS - phone or tablet,$101-500,,21-30 (roughly 3-4 per day),"Discord - MooMooCord - https://discord.gg/Hc7cP9GB, Twitch - MooMooCows - https://www.twitch.tv/moomoomoocows, YouTube - MooMooCows - https://www.youtube.com/@MooMooCows",5,,Grass Wonder,Late Surger,Ace built for this CM before CM start in Grand Concert scenario,3,,,,2,1,,Vodka,Late Surger,Ace built for this CM before CM start in Grand Concert scenario,3,,,,2,1,,Agnes Tachyon,End Closer,Debuffer,,,,,,,,4 Attempts - 20 Races total,13,Go to Submit page,,,,,,,,,,,,,,Add new Team Comp as Day 2 - Team Comp 1,Grass Wonder,Late Surger,Ace built for this CM before CM start in Grand Concert scenario,Symboli Rudolf,End Closer,Debuffer,Agnes Tachyon,End Closer,Debuffer,4 Attempts - 20 Races total,10,Go to Submit page,,,,,,,,,,,,,,,Re-use Day 2 - Team Comp 1 as Day 3 - Team Comp 1,A Group,,,,,,,,,,4 Attempts - 20 Races total,8,Go to Submit page,,,,,,,,,,,,,,,Re-use Day 3 - Team Comp 1 as Day 4 - Team Comp 1,A Group,,,,,,,,,,4 Attempts - 20 Races total,13,Go to Submit page,,,,,,,,,,,,,,,A Finals,8345,Re-use Day 4 - Team Comp 1 as Finals Team Comp,,,,,,,,,,https://drive.google.com/open?id=1k_FhRQoGfueaad3Y6bNwUlnei4p-7lt9,1st,,,,,,,,,,,Yes,"Where there’s a will, There’s a Way ",https://drive.google.com/open?id=1_gnYbV8_-Nj_pQkt9xpRU22zrynp1nll,,,,,,,,
9/2/2026 15:27:16,Kiv,Graded (No Uma Restrictions),Win A finals,I accept these terms,Finals,"iOS - phone or tablet, Windows",$1-100,1536,31-45 (roughly 5-6 per day),Discord - MooMooCord - https://discord.gg/Hc7cP9GB,5,,Agnes Digital,Late Surger,Ace built for this CM before CM start in Grand Concert scenario,2,,1,,2,1,,Grass Wonder,End Closer,Debuffer,,,,,,,,Agnes Tachyon,End Closer,Debuffer,,,,,,,,4 Attempts - 20 Races total,15,Go to Submit page,,,,,,,,,,,,,,Re-use Day 1 - Team Comp 1 as Day 2 - Team Comp 1,,,,,,,,,,4 Attempts - 20 Races total,14,Go to Submit page,,,,,,,,,,,,,,,Re-use Day 2 - Team Comp 1 as Day 3 - Team Comp 1,A Group,,,,,,,,,,4 Attempts - 20 Races total,14,Go to Submit page,,,,,,,,,,,,,,,Re-use Day 3 - Team Comp 1 as Day 4 - Team Comp 1,A Group,,,,,,,,,,4 Attempts - 20 Races total,11,Go to Submit page,,,,,,,,,,,,,,,A Finals,10209,Re-use Day 4 - Team Comp 1 as Finals Team Comp,,,,,,,,,,https://drive.google.com/open?id=1PPAzoHk9mOGwt2uOB24SUBlQIEWssfqF,2nd,Yes,https://drive.google.com/open?id=1iyBN9eNad5jsOMb8HEjCJcwhjhQNAWDB,https://drive.google.com/open?id=1-0ugWyN0nJMOoPssHDj0PsePqS24-Ikn,,0,6,11,0,0,https://drive.google.com/open?id=13uIsx6trzogazdyvmai__oshcCM55GgV,,,,,,,,,,,
9/2/2026 15:40:20,DillFlavored,Graded (No Uma Restrictions),Win A finals,I accept these terms,Finals,Linux,$1001-5000,2206,6-10 (roughly 1 per day),Discord - MooMooCord - https://discord.gg/Hc7cP9GB,,,Tamamo Cross,Late Surger,Ace built for this CM before CM start in Grand Concert scenario,3,,,,2,1,,Bamboo memory,Late Surger,Ace built for this CM before CM start in Grand Concert scenario,3,,,,2,1,,Special Week,Pace Chaser,Ace built for this CM before CM start in Grand Concert scenario,3,,,,2,1,,4 Attempts - 20 Races total,16,Go to Submit page,,,,,,,,,,,,,,Re-use Day 1 - Team Comp 1 as Day 2 - Team Comp 1,,,,,,,,,,4 Attempts - 20 Races total,7,Go to Submit page,,,,,,,,,,,,,,,Re-use Day 2 - Team Comp 1 as Day 3 - Team Comp 1,A Group,,,,,,,,,,4 Attempts - 20 Races total,17,Go to Submit page,,,,,,,,,,,,,,,Re-use Day 3 - Team Comp 1 as Day 4 - Team Comp 1,A Group,,,,,,,,,,4 Attempts - 20 Races total,16,Go to Submit page,,,,,,,,,,,,,,,A Finals,9748,Re-use Day 4 - Team Comp 1 as Finals Team Comp,,,,,,,,,,https://drive.google.com/open?id=178LjQ9_rNXJ_1M2LLpJJgwH7CkKjCAB3,1st,,,,,,,,,,,Yes,Only took 11 CMs for her to finally lock in!,https://drive.google.com/open?id=1rHyO1STgTPDULtX6UkDWytB3J6cDezQ2,https://drive.google.com/open?id=1eFyTgZDquUN24DQcJ01LoOq-gIQWx_5P,,4,5,2,0,2,https://drive.google.com/open?id=1U8kA9k3Xt4UGQ0ve8ywNA-HizBjXAIHl
9/2/2026 16:42:26,Ghant,Graded (No Uma Restrictions),Get into A finals,I accept these terms,Finals,"Android - phone or tablet, Windows",$0,601,21-30 (roughly 3-4 per day),"Discord - MooMooCord - https://discord.gg/Hc7cP9GB, YouTube - MooMooCows - https://www.youtube.com/@MooMooCows",5,,Manhattan Cafe,Late Surger,Ace built for this CM before CM start in Grand Concert scenario,3,0,0,0,2,1,0,Mayano Top Gun,Pace Chaser,Ace built for this CM before CM start in Grand Concert scenario,3,0,0,0,2,1,0,Curren Chan,Pace Chaser,Ace built for this CM before CM start in Grand Concert scenario,3,0,0,0,2,1,0,4 Attempts - 20 Races total,13,Go to Submit page,,,,,,,,,,,,,,Re-use Day 1 - Team Comp 1 as Day 2 - Team Comp 1,,,,,,,,,,4 Attempts - 20 Races total,14,Go to Submit page,,,,,,,,,,,,,,,Re-use Day 2 - Team Comp 1 as Day 3 - Team Comp 1,A Group,,,,,,,,,,4 Attempts - 20 Races total,8,Go to Submit page,,,,,,,,,,,,,,,Re-use Day 3 - Team Comp 1 as Day 4 - Team Comp 1,A Group,,,,,,,,,,4 Attempts - 20 Races total,8,Go to Submit page,,,,,,,,,,,,,,,A Finals,13990,Re-use Day 4 - Team Comp 1 as Finals Team Comp,,,,,,,,,,https://drive.google.com/open?id=1eqS3XgZWMylPIJ7NWGSv0i9AKhWGZ8If,2nd,Yes,https://drive.google.com/open?id=1i11AAVIC-YK58LUE70cyYhdhQIaYQ-gS,https://drive.google.com/open?id=1xGTRiKKLGLpJgSF6Z50gVB4NYeUQb9zg,,3,3,12,,,https://drive.google.com/open?id=1faAGoeUwftJ-HlAGO9Yw_ROY1N2VA_-U,,,,,,,,,,,
9/2/2026 15:49:12,NelsG,Graded (No Uma Restrictions),Win A finals,I accept these terms,Day 4,Windows,$0,1767,31-45 (roughly 5-6 per day),,4,,Tosen Jordan,Late Surger,Ace built for this CM before CM start in Grand Concert scenario,3,0,0,0,2,1,0,Tamamo Cross,Pace Chaser,Ace built for this CM before CM start in Grand Concert scenario,3,0,0,0,2,1,0,Grass Wonder,End Closer,Debuffer,,,,,,,,4 Attempts - 20 Races total,19,Go to Submit page,,,,,,,,,,,,,,Re-use Day 1 - Team Comp 1 as Day 2 - Team Comp 1,,,,,,,,,,4 Attempts - 20 Races total,15,Go to Submit page,,,,,,,,,,,,,,,Re-use Day 2 - Team Comp 1 as Day 3 - Team Comp 1,A Group,,,,,,,,,,4 Attempts - 20 Races total,11,Go to Submit page,,,,,,,,,,,,,,,Re-use Day 3 - Team Comp 1 as Day 4 - Team Comp 1,A Group,,,,,,,,,,4 Attempts - 20 Races total,14,Finals,,,,,,,,,,,,,,,A Finals,11733,Add new Team Comp as Finals Team Comp,Tosen Jordan,Late Surger,Ace built for this CM before CM start in Grand Concert scenario,Eishin Flash (Valentine),End Closer,Debuffer,Grass Wonder,End Closer,Debuffer,https://drive.google.com/open?id=1qwZAfSCivp4_2VJsPu6nXiBbj6XWSG2B,1st,,,,,,,,,,,Yes,"No 3d Nail Art this time, sad",https://drive.google.com/open?id=1qky74w0oR6g_KgrOU9I2GWYZ9lWgrT9y,https://drive.google.com/open?id=1jMiWC-nlVkr9nIDTVwKTHPJtVcbZuFyd,,0,3,10,0,3,https://drive.google.com/open?id=14dFfH3Jk0ihr1bffvf8DCXSlWyrEyrbC
9/2/2026 15:17:23,Zenith,Graded (No Uma Restrictions),Collect participation rewards,I accept these terms,Finals,Windows,$0,1185,21-30 (roughly 3-4 per day),"Discord - MooMooCord - https://discord.gg/Hc7cP9GB, YouTube - MooMooCows - https://www.youtube.com/@MooMooCows",5,,Seiun Sky,Front Runner,Ace built for this CM before CM start in Grand Concert scenario,3,,,,1,0,,Aston Machan,Front Runner,Ace built for this CM before CM start in Grand Concert scenario,2,,,,3,0,,El Condor Pasa,Pace Chaser,Ace built for this CM before CM start in Grand Concert scenario,2,,,,3,0,,4 Attempts - 20 Races total,14,Go to Submit page,,,,,,,,,,,,,,Re-use Day 1 - Team Comp 1 as Day 2 - Team Comp 1,,,,,,,,,,4 Attempts - 20 Races total,16,Go to Submit page,,,,,,,,,,,,,,,Re-use Day 2 - Team Comp 1 as Day 3 - Team Comp 1,A Group,,,,,,,,,,4 Attempts - 20 Races total,11,Go to Submit page,,,,,,,,,,,,,,,Re-use Day 3 - Team Comp 1 as Day 4 - Team Comp 1,A Group,,,,,,,,,,4 Attempts - 20 Races total,13,Go to Submit page,,,,,,,,,,,,,,,A Finals,13366,Re-use Day 4 - Team Comp 1 as Finals Team Comp,,,,,,,,,,https://drive.google.com/open?id=1x3fVvVH81F6t_LfhKNEKB6Y6skDXPlGq,2nd,Yes,https://drive.google.com/open?id=1RoPlP-uMJIsu4phheeHd8g487VFLZ_Uh,https://drive.google.com/open?id=1ruuKY5CF0lmk3Ml2L_hcYBl9uhRNUsyF,,,4,8,2,,https://drive.google.com/open?id=1qeMF676uEuUpKrR1LagTr_5xVXaksbib,,,,,,,,,,,
9/2/2026 15:35:51,Explain,Graded (No Uma Restrictions),Win A finals,I accept these terms,Finals,"Android - phone or tablet, Windows",$1-100,1412,11-20 (roughly 2-3 per day),"Discord - MooMooCord - https://discord.gg/Hc7cP9GB, Twitch - MooMooCows - https://www.twitch.tv/moomoomoocows, YouTube - MooMooCows - https://www.youtube.com/@MooMooCows",,,Seiun Sky,Front Runner,Ace built for this CM before CM start in Grand Concert scenario,3,0,0,0,2,1,0,Mihono Bourbon (Valentine),Front Runner,Ace built for this CM before CM start in Grand Concert scenario,3,0,0,0,2,1,0,Maruzensky (Summer),Front Runner,Ace built for this CM before CM start in Grand Concert scenario,3,0,0,0,2,1,0,4 Attempts - 20 Races total,12,Go to Submit page,,,,,,,,,,,,,,Re-use Day 1 - Team Comp 1 as Day 2 - Team Comp 1,,,,,,,,,,4 Attempts - 20 Races total,18,Go to Submit page,,,,,,,,,,,,,,,Re-use Day 2 - Team Comp 1 as Day 3 - Team Comp 1,A Group,,,,,,,,,,4 Attempts - 20 Races total,15,Go to Submit page,,,,,,,,,,,,,,,Re-use Day 3 - Team Comp 1 as Day 4 - Team Comp 1,A Group,,,,,,,,,,4 Attempts - 20 Races total,15,Go to Submit page,,,,,,,,,,,,,,,A Finals,11358,Re-use Day 4 - Team Comp 1 as Finals Team Comp,,,,,,,,,,https://drive.google.com/open?id=1_wDeXaTyZFT3jB2XmAnlAwduZWBUqtvR,1st,,,,,,,,,,,No,,https://drive.google.com/open?id=1wCrrkvISo5pn3Gi2bdll1tv1viXhPiC9,https://drive.google.com/open?id=15S8vwj_kZcybqWxWXWMOJ2qUWHsfNCqj,,0,9,4,0,0,https://drive.google.com/open?id=1XwwDTq3S7zUC3-15Puul_a37PUP3G2RF
9/2/2026 17:55:33,Rayna,Graded (No Uma Restrictions),Get into A finals,I accept these terms,Finals,Android - phone or tablet,$1-100,1859,21-30 (roughly 3-4 per day),Discord - MooMooCord - https://discord.gg/Hc7cP9GB,,,Oguri Cap,Late Surger,Ace built for this CM before CM start in Grand Concert scenario,2,0,0,0,3,1,0,Seeking the Pearl,Pace Chaser,Ace built for this CM before CM start in Grand Concert scenario,3,0,0,0,2,1,0,Mejiro Dober (Camping),Late Surger,Ace built for this CM before CM start in Grand Concert scenario,2,0,0,0,3,1,0,4 Attempts - 20 Races total,17,Go to Submit page,,,,,,,,,,,,,,Re-use Day 1 - Team Comp 1 as Day 2 - Team Comp 1,,,,,,,,,,4 Attempts - 20 Races total,13,Go to Submit page,,,,,,,,,,,,,,,Re-use Day 2 - Team Comp 1 as Day 3 - Team Comp 1,A Group,,,,,,,,,,4 Attempts - 20 Races total,8,Go to Submit page,,,,,,,,,,,,,,,Re-use Day 3 - Team Comp 1 as Day 4 - Team Comp 1,A Group,,,,,,,,,,4 Attempts - 20 Races total,10,Go to Submit page,,,,,,,,,,,,,,,A Finals,10929,Re-use Day 4 - Team Comp 1 as Finals Team Comp,,,,,,,,,,https://drive.google.com/open?id=1DruGvD7X7R3n_c9KZtvWJqtqzj8mLKna,1st,,,,,,,,,,,No,,https://drive.google.com/open?id=1hFd0N8xzu5mFfGGBPwWvSdXG8waIrY05,https://drive.google.com/open?id=1jzz2O_w_Yxe9M8GrEjQgx_dzrsG1_mfH,,0,6,4,0,2,https://drive.google.com/open?id=1xujBY5GTGKRDeKe8_na80h4UJB6ehekc
9/2/2026 17:17:49,Fake Life,Graded (No Uma Restrictions),Win A finals,I accept these terms,Finals,"Android - phone or tablet, Windows",$1-100,2651,21-30 (roughly 3-4 per day),Discord - MooMooCord - https://discord.gg/Hc7cP9GB,4,,Mayano Top Gun (Wedding),Late Surger,Ace built for this CM before CM start in Grand Concert scenario,3,0,1,0,1,1,0,Eishin Flash (Valentine),End Closer,Debuffer,,,,,,,,Grass Wonder,Front Runner,Debuffer,,,,,,,,4 Attempts - 20 Races total,15,Go to Submit page,,,,,,,,,,,,,,Re-use Day 1 - Team Comp 1 as Day 2 - Team Comp 1,,,,,,,,,,4 Attempts - 20 Races total,14,Go to Submit page,,,,,,,,,,,,,,,Re-use Day 2 - Team Comp 1 as Day 3 - Team Comp 1,A Group,,,,,,,,,,4 Attempts - 20 Races total,12,Go to Submit page,,,,,,,,,,,,,,,Re-use Day 3 - Team Comp 1 as Day 4 - Team Comp 1,A Group,,,,,,,,,,4 Attempts - 20 Races total,10,Go to Submit page,,,,,,,,,,,,,,,A Finals,12628,Re-use Day 4 - Team Comp 1 as Finals Team Comp,,,,,,,,,,https://drive.google.com/open?id=1VIxZLH-IbsTiHrNLLLgZ5nKM0daO6QQ6,1st,,,,,,,,,,,Yes,"Sprint: checked, Mile: checked, Medium: checked, Long: checked",https://drive.google.com/open?id=1a9kIYtdE7V7bzqff6glJIWqZYiR7PWbv,https://drive.google.com/open?id=1JvDYIg6nEBMy5rjrZOSKxF31bQvqjWAj,,0,5,2,2,6,https://drive.google.com/open?id=13oUWXy9WrbY5Dm42FXz8T4eIBf1PXrpb
9/2/2026 15:37:11,ChatBox,Graded (No Uma Restrictions),Get into A finals,I accept these terms,Finals,,,,31-45 (roughly 5-6 per day),,,,Silence Suzuka,Runaway,Blocker/Overtake target/Throwaway/Niche role,,,,,,,,Tokai Teio (Anime Collab),Pace Chaser,Ace built for this CM before CM start in Grand Concert scenario,,,,,,,,Agnes Tachyon,Late Surger,Debuffer,,,,,,,,4 Attempts - 20 Races total,11,Go to Submit page,,,,,,,,,,,,,,Add new Team Comp as Day 2 - Team Comp 1,Taiki Shuttle,Pace Chaser,Ace built for this CM before CM start in Grand Concert scenario,Tokai Teio (Anime Collab),Pace Chaser,Ace built for this CM before CM start in Grand Concert scenario,El Condor Pasa,End Closer,Ace built for this CM before CM start in Grand Concert scenario,4 Attempts - 20 Races total,14,Go to Submit page,,,,,,,,,,,,,,,Add new Team Comp as Day 3 - Team Comp 1,A Group,Silence Suzuka,Runaway,Ace built for this CM before CM start in Grand Concert scenario,Tokai Teio (Anime Collab),Pace Chaser,Ace built for this CM before CM start in Grand Concert scenario,Taiki Shuttle,Pace Chaser,Ace built for this CM before CM start in Grand Concert scenario,4 Attempts - 20 Races total,13,Go to Submit page,,,,,,,,,,,,,,,Re-use Day 3 - Team Comp 1 as Day 4 - Team Comp 1,A Group,,,,,,,,,,4 Attempts - 20 Races total,12,Go to Submit page,,,,,,,,,,,,,,,A Finals,7695,Re-use Day 4 - Team Comp 1 as Finals Team Comp,,,,,,,,,,https://drive.google.com/open?id=1PIW_v3OvoMOrU61JqzgA6aS6faLD8X4z,1st,,,,,,,,,,,Yes,The phoneix does not bother with land runners,https://drive.google.com/open?id=1vxbk4ObAezWR6tbZnJWa9wmP-sPwtpl5,https://drive.google.com/open?id=10asXUdfGmOcJRbjbv69GuGurhtnGP5T-,,,,,,,https://drive.google.com/open?id=1XSBUjaMzqjxdVeKKPkNgNQgkeMEF5fn7
9/2/2026 15:55:20,DMNGames,Graded (No Uma Restrictions),Win A finals,I accept these terms,Finals,Windows,Rather not say,1370,46+ (more than 6 per day),Friend sent me the link,5,,Taiki Shuttle (Camping),Pace Chaser,Ace built for this CM before CM start in Grand Concert scenario,2,,,,2,1,2,Grass Wonder,End Closer,Debuffer,1,,1,,3,1,,Agnes Tachyon,End Closer,Debuffer,1,,1,,3,1,,4 Attempts - 20 Races total,17,Go to Submit page,,,,,,,,,,,,,,Re-use Day 1 - Team Comp 1 as Day 2 - Team Comp 1,,,,,,,,,,4 Attempts - 20 Races total,16,Go to Submit page,,,,,,,,,,,,,,,Re-use Day 2 - Team Comp 1 as Day 3 - Team Comp 1,A Group,,,,,,,,,,4 Attempts - 20 Races total,13,Go to Submit page,,,,,,,,,,,,,,,Re-use Day 3 - Team Comp 1 as Day 4 - Team Comp 1,A Group,,,,,,,,,,4 Attempts - 20 Races total,10,Go to Submit page,,,,,,,,,,,,,,,A Finals,,Re-use Day 4 - Team Comp 1 as Finals Team Comp,,,,,,,,,,,2nd,No (goes to Submit page),,,,,,,,,,,,,,,,,,,,
9/2/2026 16:42:53,Toruxas,Graded (No Uma Restrictions),Win A finals,I accept these terms,Finals,Windows,$1-100,1270,31-45 (roughly 5-6 per day),Thanks Cing,5,,Oguri Cap,Late Surger,Ace built for this CM before CM start in Grand Concert scenario,2,,1,,2,1,,Tamamo Cross,Late Surger,Ace built for this CM before CM start in Grand Concert scenario,2,,1,,2,1,,Grass Wonder,Late Surger,Debuffer,,,,,,,,4 Attempts - 20 Races total,12,Go to Submit page,,,,,,,,,,,,,,Re-use Day 1 - Team Comp 1 as Day 2 - Team Comp 1,,,,,,,,,,4 Attempts - 20 Races total,16,Go to Submit page,,,,,,,,,,,,,,,Re-use Day 2 - Team Comp 1 as Day 3 - Team Comp 1,A Group,,,,,,,,,,4 Attempts - 20 Races total,8,Go to Submit page,,,,,,,,,,,,,,,Re-use Day 3 - Team Comp 1 as Day 4 - Team Comp 1,A Group,,,,,,,,,,4 Attempts - 20 Races total,13,Go to Submit page,,,,,,,,,,,,,,,A Finals,8185,Re-use Day 4 - Team Comp 1 as Finals Team Comp,,,,,,,,,,https://drive.google.com/open?id=1t_rYjbFOgd8cXAmyhA35IpUKrrB5NnVC,2nd,Yes,https://drive.google.com/open?id=1_JehANoIXjsTtG_kfbpHjuCET9TmAsOg,https://drive.google.com/open?id=1JYMEUmXk9GG3wAfCpDWGOnz1Ou4YoMAn,,,14,,,3,https://drive.google.com/open?id=1Gk5CjI-DGPNNQ_WNGFVkdw1uCJwt3lE1,,,,,,,,,,,
9/2/2026 15:09:54,armedpandabear,Graded (No Uma Restrictions),Win A finals,I accept these terms,Finals,"Android - phone or tablet, Windows, SteamOS - Steam Deck",$1-100,1180,21-30 (roughly 3-4 per day),Discord - MooMooCord - https://discord.gg/Hc7cP9GB,5,,El Condor Pasa,Pace Chaser,Ace built for this CM before CM start in Grand Concert scenario,3,,,,2,1,,Grass Wonder,Late Surger,Ace built for this CM before CM start in Grand Concert scenario,3,,,,2,1,,Mejiro Dober (Camping),Late Surger,Ace built for this CM before CM start in Grand Concert scenario,3,,,,2,1,,4 Attempts - 20 Races total,9,Go to Submit page,,,,,,,,,,,,,,Add new Team Comp as Day 2 - Team Comp 1,El Condor Pasa,Pace Chaser,Ace built for this CM before CM start in Grand Concert scenario,Nice Nature (Cheerleader),Late Surger,Debuffer,Grass Wonder,Late Surger,Debuffer,3 Attempts - 15 Races total,12,Day 2 - Add 2nd Team,Re-use Day 1 - Team Comp 1 as Day 2 - Team Comp 2,,,,,,,,,,1 Attempt - 5 Races total,3,2 teams,Go to Submit page,Re-use Day 2 - Team Comp 2 as Day 3 - Team Comp 1,A Group,,,,,,,,,,4 Attempts - 20 Races total,12,Go to Submit page,,,,,,,,,,,,,,,Re-use Day 3 - Team Comp 2 as Day 4 - Team Comp 1,A Group,,,,,,,,,,4 Attempts - 20 Races total,9,Go to Submit page,,,,,,,,,,,,,,,A Finals,12159,Re-use Day 4 - Team Comp 2 as Finals Team Comp,,,,,,,,,,https://drive.google.com/open?id=1ESf6NpHN5sYk_3wh8wvTF-V42Sjs5uRn,2nd,No (goes to Submit page),,,,,,,,,,,,,,,,,,,,
9/2/2026 16:03:45,Oscar,Graded (No Uma Restrictions),Win A finals,I accept these terms,Finals,"Android - phone or tablet, Windows",$1-100,1825,31-45 (roughly 5-6 per day),Discord - MooMooCord - https://discord.gg/Hc7cP9GB,5,,Mejiro McQueen,Pace Chaser,Ace built for this CM before CM start in Grand Concert scenario,3,,,,2,1,,Fuji Kiseki,Pace Chaser,Ace built for this CM before CM start in Grand Concert scenario,3,,,,2,1,,Grass Wonder,Late Surger,Debuffer,,,,,,,,4 Attempts - 20 Races total,19,Go to Submit page,,,,,,,,,,,,,,Re-use Day 1 - Team Comp 1 as Day 2 - Team Comp 1,,,,,,,,,,4 Attempts - 20 Races total,16,Go to Submit page,,,,,,,,,,,,,,,Re-use Day 2 - Team Comp 1 as Day 3 - Team Comp 1,A Group,,,,,,,,,,4 Attempts - 20 Races total,12,Go to Submit page,,,,,,,,,,,,,,,Re-use Day 3 - Team Comp 1 as Day 4 - Team Comp 1,A Group,,,,,,,,,,4 Attempts - 20 Races total,18,Go to Submit page,,,,,,,,,,,,,,,A Finals,13558,Re-use Day 4 - Team Comp 1 as Finals Team Comp,,,,,,,,,,https://drive.google.com/open?id=1RIh-pmot32PNef8sVpXywQLiuE0a7YwZ,1st,,,,,,,,,,,Yes,My McQueen looking a bit darker :cowclueless:,https://drive.google.com/open?id=17WPFoYD5LmJlfVSzfwdt1V06AQ0IYanF,https://drive.google.com/open?id=1zBG9nFFRTaji4E00csIumtE4X3ssJhYM,,2,8,4,,,https://drive.google.com/open?id=113QoNAlfSQrrenigFnWsU0ShymLLrYR9
9/2/2026 23:55:44,Wraith,Graded (No Uma Restrictions),Win A finals,I accept these terms,Day 2,"Android - phone or tablet, Windows",$501-1000,,31-45 (roughly 5-6 per day),"Discord - MooMooCord - https://discord.gg/Hc7cP9GB, Twitch - MooMooCows - https://www.twitch.tv/moomoomoocows, YouTube - MooMooCows - https://www.youtube.com/@MooMooCows",,,Silence Suzuka,Runaway,Ace built for this CM before CM start in Grand Concert scenario,2,,,,3,1,,Nishino Flower,Pace Chaser,Ace built for this CM before CM start in Grand Concert scenario,2,,,,3,1,,Fine Motion,Pace Chaser,Ace built for this CM before CM start in Grand Concert scenario,3,,,,2,1,,4 Attempts - 20 Races total,18,Go to Submit page,,,,,,,,,,,,,,Re-use Day 1 - Team Comp 1 as Day 2 - Team Comp 1,,,,,,,,,,4 Attempts - 20 Races total,14,Day 3,,,,,,,,,,,,,,,Re-use Day 2 - Team Comp 1 as Day 3 - Team Comp 1,A Group,,,,,,,,,,4 Attempts - 20 Races total,15,Day 4,,,,,,,,,,,,,,,Re-use Day 3 - Team Comp 1 as Day 4 - Team Comp 1,A Group,,,,,,,,,,4 Attempts - 20 Races total,11,Finals,,,,,,,,,,,,,,,A Finals,9676,Re-use Day 4 - Team Comp 1 as Finals Team Comp,,,,,,,,,,https://drive.google.com/open?id=1DFwUOuhmvc9RPg70gKlPI_89uzJXp7nX,1st,,,,,,,,,,,Yes,Runaway sacrifice? No! Runaway Ace!,https://drive.google.com/open?id=1K3QGddEYvZ7Xu-dcspJArOoxCpgOZ7JD,https://drive.google.com/open?id=1fWwKN4JLQCMKvHTod8d3h7aAcDs2C2Wx,,0,9,6,0,3,https://drive.google.com/open?id=1mmRAtnf1dRNGV3q9XBNIeGfDTUc2rip1
8/28/2026 17:33:49,ran5z,Graded (No Uma Restrictions),Get into A finals,I accept these terms,Day 1,,$501-1000,,46+ (more than 6 per day),"Discord - MooMooCord - https://discord.gg/Hc7cP9GB, YouTube - MooMooCows - https://www.youtube.com/@MooMooCows",5,,Special Week,Late Surger,Ace built for this CM before CM start in Grand Concert scenario,3,,,,2,,1,Agnes Digital (Halloween),Late Surger,Ace built for this CM before CM start in Grand Concert scenario,3,,,,2,,1,Grass Wonder,Late Surger,Debuffer,,,,,,,,4 Attempts - 20 Races total,16,Go to Submit page,,,,,,,,,,,,,,,,,,,,,,,,,,,,,,,,,,,,,,,,,,,,,,,,,,,,,,,,,,,,,,,,,,,,,,,,,,,,,,,,,,,,,,,,,,,,,,,,,,,,,,,,,,,,,,,,,,,,,,,,,,,,,,,,,,,
8/30/2026 18:40:59,IamJ16 ,Graded (No Uma Restrictions),Get into A finals,I accept these terms,Day 3,"Android - phone or tablet, Windows",$101-500,1310,11-20 (roughly 2-3 per day),Discord - MooMooCord - https://discord.gg/Hc7cP9GB,,,Oguri Cap,Late Surger,Ace built for this CM before CM start in Grand Concert scenario,2,,1,,2,1,,Grass Wonder,Late Surger,Ace built for this CM before CM start in Grand Concert scenario,2,,1,,2,1,,Taiki Shuttle,Pace Chaser,Ace built for this CM before CM start in Grand Concert scenario,3,,,,2,1,,4 Attempts - 20 Races total,15,Go to Submit page,,,,,,,,,,,,,,Re-use Day 1 - Team Comp 1 as Day 2 - Team Comp 1,,,,,,,,,,4 Attempts - 20 Races total,12,Go to Submit page,,,,,,,,,,,,,,,Re-use Day 2 - Team Comp 1 as Day 3 - Team Comp 1,A Group,,,,,,,,,,4 Attempts - 20 Races total,12,Go to Submit page,,,,,,,,,,,,,,,,,,,,,,,,,,,,,,,,,,,,,,,,,,,,,,,,,,,,,,,,,,,,,,,,,,,,,,,,,,,,,
9/2/2026 16:37:53,PiggyMcbacon,Graded (No Uma Restrictions),Win A finals,I accept these terms,Finals,Windows,$101-500,1793,46+ (more than 6 per day),Discord - MooMooCord - https://discord.gg/Hc7cP9GB,,,Narita Taishin,End Closer,Ace built for this CM before CM start in Grand Concert scenario,2,0,1,0,2,1,0,Narita Brian,End Closer,Ace built for this CM before CM start in Grand Concert scenario,2,0,1,0,2,1,0,Oguri Cap (Christmas),End Closer,Ace built for this CM before CM start in Grand Concert scenario,2,0,1,0,2,1,0,4 Attempts - 20 Races total,12,Go to Submit page,,,,,,,,,,,,,,Re-use Day 1 - Team Comp 1 as Day 2 - Team Comp 1,,,,,,,,,,4 Attempts - 20 Races total,12,Go to Submit page,,,,,,,,,,,,,,,Re-use Day 2 - Team Comp 1 as Day 3 - Team Comp 1,A Group,,,,,,,,,,4 Attempts - 20 Races total,10,Go to Submit page,,,,,,,,,,,,,,,Re-use Day 3 - Team Comp 1 as Day 4 - Team Comp 1,A Group,,,,,,,,,,4 Attempts - 20 Races total,9,Go to Submit page,,,,,,,,,,,,,,,A Finals,14437,Re-use Day 4 - Team Comp 1 as Finals Team Comp,,,,,,,,,,https://drive.google.com/open?id=1KGJr6B-RrgzETpyqZ7gugBo6HsidMN5J,3rd,Yes,https://drive.google.com/open?id=1oDntQUMQIFUN5GIhJtjrmNdbsZmgc_3Y,https://drive.google.com/open?id=17ojvC8Rzfp0pQL2plyiIu771YO3Z7mMu,https://drive.google.com/open?id=1nLGtwNekoBC81nI9Tuw21K1MkFJD7ZeW,0,1,5,0,5,https://drive.google.com/open?id=1yds43MsDFtcUFX-J5dU8Dgay35yuwn5y,,,,,,,,,,,
9/2/2026 20:20:05,someone325,Graded (No Uma Restrictions),Get into A finals,I accept these terms,Finals,Android - phone or tablet,$1-100,892,21-30 (roughly 3-4 per day),"Discord - MooMooCord - https://discord.gg/Hc7cP9GB, Twitch - MooMooCows - https://www.twitch.tv/moomoomoocows, YouTube - MooMooCows - https://www.youtube.com/@MooMooCows",5,save id and name from previous forms,Silence Suzuka,Runaway,Ace built for this CM before CM start in Grand Concert scenario,2,0,1,0,2,1,0,Fine Motion (Wedding),Pace Chaser,Ace built for this CM before CM start in Grand Concert scenario,3,0,0,0,2,1,0,Taiki Shuttle,Pace Chaser,Ace built for this CM before CM start in Grand Concert scenario,2,0,1,0,2,1,0,4 Attempts - 20 Races total,15,Go to Submit page,,,,,,,,,,,,,,Re-use Day 1 - Team Comp 1 as Day 2 - Team Comp 1,,,,,,,,,,4 Attempts - 20 Races total,16,Go to Submit page,,,,,,,,,,,,,,,Re-use Day 2 - Team Comp 1 as Day 3 - Team Comp 1,A Group,,,,,,,,,,4 Attempts - 20 Races total,16,Go to Submit page,,,,,,,,,,,,,,,Re-use Day 3 - Team Comp 1 as Day 4 - Team Comp 1,A Group,,,,,,,,,,4 Attempts - 20 Races total,12,Go to Submit page,,,,,,,,,,,,,,,A Finals,11990,Re-use Day 4 - Team Comp 1 as Finals Team Comp,,,,,,,,,,https://drive.google.com/open?id=1tSWbG1KMXCBheHlInrwZeMJGSoSywnII,2nd,Yes,https://drive.google.com/open?id=1b7yR_ejZjLoVgc64P6Gc4H1z5t4M4MiQ,https://drive.google.com/open?id=1xrlQ0XMH9iOSYaiS11JYqbPnSppMD3h_,https://drive.google.com/open?id=1o-17GAgOrAO6UopMmZQ_lhk8d3nAC5so,,,,,,https://drive.google.com/open?id=1Wli1F1PAsd0hUPf2DPvbFWW-W_ZZbdXL,,,,,,,,,,,
9/2/2026 15:30:51,Callum05,Graded (No Uma Restrictions),Win A finals,I accept these terms,Finals,Android - phone or tablet,$1001-5000,1172,21-30 (roughly 3-4 per day),Discord - MooMooCord - https://discord.gg/Hc7cP9GB,5,,Mihono Bourbon (Valentine),Front Runner,Ace built for this CM before CM start in Grand Concert scenario,3,,,,2,1,,Agnes Tachyon,End Closer,Debuffer,,,,,,,,Grass Wonder,End Closer,Debuffer,,,,,,,,4 Attempts - 20 Races total,16,Go to Submit page,,,,,,,,,,,,,,Re-use Day 1 - Team Comp 1 as Day 2 - Team Comp 1,,,,,,,,,,4 Attempts - 20 Races total,18,Go to Submit page,,,,,,,,,,,,,,,Re-use Day 2 - Team Comp 1 as Day 3 - Team Comp 1,A Group,,,,,,,,,,4 Attempts - 20 Races total,13,Go to Submit page,,,,,,,,,,,,,,,Re-use Day 3 - Team Comp 1 as Day 4 - Team Comp 1,A Group,,,,,,,,,,4 Attempts - 20 Races total,14,Go to Submit page,,,,,,,,,,,,,,,A Finals,11472,Re-use Day 4 - Team Comp 1 as Finals Team Comp,,,,,,,,,,https://drive.google.com/open?id=1XeS05Ff92E18k1vN5h7Ff53hNXTPvE9T,1st,,,,,,,,,,,No,,,,,,,,,,
9/1/2026 3:33:35,hydro,Graded (No Uma Restrictions),Get into A finals,I accept these terms,Day 1,Windows,$101-500,1463,11-20 (roughly 2-3 per day),Discord - MooMooCord - https://discord.gg/Hc7cP9GB,5,,Rice Shower,Pace Chaser,Ace built for this CM before CM start in Grand Concert scenario,3,,,,2,1,,Copano Rickey,Pace Chaser,Ace built for this CM before CM start in Unity Cup scenario,3,,,,2,1,,Silence Suzuka,Runaway,Blocker/Overtake target/Throwaway/Niche role,2,,,,3,1,,4 Attempts - 20 Races total,9,Day 2,,,,,,,,,,,,,,Re-use Day 1 - Team Comp 1 as Day 2 - Team Comp 1,,,,,,,,,,4 Attempts - 20 Races total,8,Day 3,,,,,,,,,,,,,,,Re-use Day 2 - Team Comp 1 as Day 3 - Team Comp 1,A Group,,,,,,,,,,4 Attempts - 20 Races total,9,Day 4,,,,,,,,,,,,,,,Re-use Day 3 - Team Comp 1 as Day 4 - Team Comp 1,A Group,,,,,,,,,,4 Attempts - 20 Races total,5,Go to Submit page,,,,,,,,,,,,,,,,,,,,,,,,,,,,,,,,,,,,,,,,,,,,,,,,,
9/2/2026 17:51:24,Aurus,Graded (No Uma Restrictions),Get into A finals,I accept these terms,Finals,iOS - phone or tablet,$101-500,1877,31-45 (roughly 5-6 per day),Discord - MooMooCord - https://discord.gg/Hc7cP9GB,5,,Narita Taishin,End Closer,Ace built for this CM before CM start in Grand Concert scenario,2,,1,,2,1,,Oguri Cap,Late Surger,Ace built for this CM before CM start in Grand Concert scenario,2,,1,,2,1,,Grass Wonder,End Closer,Debuffer,1,,1,,4,,,4 Attempts - 20 Races total,18,Go to Submit page,,,,,,,,,,,,,,Re-use Day 1 - Team Comp 1 as Day 2 - Team Comp 1,,,,,,,,,,4 Attempts - 20 Races total,16,Go to Submit page,,,,,,,,,,,,,,,Re-use Day 2 - Team Comp 1 as Day 3 - Team Comp 1,A Group,,,,,,,,,,4 Attempts - 20 Races total,14,Go to Submit page,,,,,,,,,,,,,,,Re-use Day 3 - Team Comp 1 as Day 4 - Team Comp 1,A Group,,,,,,,,,,4 Attempts - 20 Races total,16,Go to Submit page,,,,,,,,,,,,,,,A Finals,10875,Re-use Day 4 - Team Comp 1 as Finals Team Comp,,,,,,,,,,https://drive.google.com/open?id=13Ut_lKz54rnXiH_4kXEjAfJX40NZH_AR,1st,,,,,,,,,,,Yes,"Love Taishin, Love Lightning Surge, Love Capitalism",https://drive.google.com/open?id=1UQ0lcPugxs4SUOHsMurQAlGeUDAz0BFt,https://drive.google.com/open?id=193i9OUKyHTZPELI_6uqbO-iC9HOj4VNU,,,8,8,,,https://drive.google.com/open?id=1hWJVhbkwgE28vDCkddaP6ori65a3ouu6
9/3/2026 2:24:24,Kman,Graded (No Uma Restrictions),Get into A finals,I accept these terms,Finals,Android - phone or tablet,$1-100,,21-30 (roughly 3-4 per day),Discord - MooMooCord - https://discord.gg/Hc7cP9GB,5,,Nishino Flower,Pace Chaser,Ace built for this CM before CM start in Grand Concert scenario,3,,,,2,1,,Grass Wonder,Late Surger,Ace built for this CM before CM start in Grand Concert scenario,2,,1,,2,1,,Oguri Cap,Pace Chaser,Ace built for this CM before CM start in Grand Concert scenario,2,,1,,2,1,,4 Attempts - 20 Races total,17,Go to Submit page,,,,,,,,,,,,,,Add new Team Comp as Day 2 - Team Comp 1,Nishino Flower,Pace Chaser,Ace built for this CM before CM start in Grand Concert scenario,Grass Wonder,Late Surger,Ace built for this CM before CM start in Grand Concert scenario,Taiki Shuttle,Pace Chaser,Mid-CM Ace build in Grand Concert scenario,4 Attempts - 20 Races total,14,Go to Submit page,,,,,,,,,,,,,,,Re-use Day 2 - Team Comp 2 as Day 3 - Team Comp 1,A Group,,,,,,,,,,4 Attempts - 20 Races total,9,Go to Submit page,,,,,,,,,,,,,,,Re-use Day 3 - Team Comp 1 as Day 4 - Team Comp 1,A Group,,,,,,,,,,4 Attempts - 20 Races total,10,Go to Submit page,,,,,,,,,,,,,,,A Finals,11834,Re-use Day 4 - Team Comp 1 as Finals Team Comp,,,,,,,,,,https://drive.google.com/open?id=1P7Kj8wzDREAp0RLv748zOwcCa4d66Plp,1st,,,,,,,,,,,No,,,,,,,,,,
9/2/2026 15:09:05,Levea,Graded (No Uma Restrictions),Win A finals,I accept these terms,Finals,Windows,$1-100,3459,46+ (more than 6 per day),Rather not say,5,,Taiki Shuttle (Camping),Pace Chaser,Ace built for this CM before CM start in Grand Concert scenario,3,0,0,0,2,1,,Agnes Tachyon,End Closer,Debuffer,,,,,,,,Grass Wonder,End Closer,Debuffer,,,,,,,,4 Attempts - 20 Races total,18,Go to Submit page,,,,,,,,,,,,,,Re-use Day 1 - Team Comp 1 as Day 2 - Team Comp 1,,,,,,,,,,4 Attempts - 20 Races total,18,Go to Submit page,,,,,,,,,,,,,,,Re-use Day 2 - Team Comp 1 as Day 3 - Team Comp 1,A Group,,,,,,,,,,4 Attempts - 20 Races total,13,Go to Submit page,,,,,,,,,,,,,,,Re-use Day 3 - Team Comp 1 as Day 4 - Team Comp 1,A Group,,,,,,,,,,4 Attempts - 20 Races total,15,Go to Submit page,,,,,,,,,,,,,,,A Finals,8867,Re-use Day 4 - Team Comp 1 as Finals Team Comp,,,,,,,,,,https://drive.google.com/open?id=1sW9AzN3oE1umcWrFHvSfu8KaxsNYi71S,1st,,,,,,,,,,,No,,https://drive.google.com/open?id=1pQKnaTAG-p6ku9EAjkRjlWIJi2lPP2mt,https://drive.google.com/open?id=1qfiSgP-G5px-QdPUImTho_s9GecDsEdn,,,,,,,https://drive.google.com/open?id=1B_KU_ROr9ZC-X7joI1p4kUp--xThmK9l
9/2/2026 15:09:54,SkepticalFool,Graded (No Uma Restrictions),Win A finals,I accept these terms,Finals,Android - phone or tablet,$0,1300,31-45 (roughly 5-6 per day),Discord - MooMooCord - https://discord.gg/Hc7cP9GB,5,,Nishino Flower,Pace Chaser,Ace built for this CM before CM start in Grand Concert scenario,3,,,,2,1,,Taiki Shuttle (Camping),Pace Chaser,Ace built for this CM before CM start in Grand Concert scenario,3,,,,2,1,,Grass Wonder,Late Surger,Ace built for this CM before CM start in Grand Concert scenario,3,,,,2,1,,4 Attempts - 20 Races total,13,Go to Submit page,,,,,,,,,,,,,,Re-use Day 1 - Team Comp 1 as Day 2 - Team Comp 1,,,,,,,,,,4 Attempts - 20 Races total,14,Go to Submit page,,,,,,,,,,,,,,,Re-use Day 2 - Team Comp 1 as Day 3 - Team Comp 1,A Group,,,,,,,,,,4 Attempts - 20 Races total,9,Go to Submit page,,,,,,,,,,,,,,,Re-use Day 3 - Team Comp 1 as Day 4 - Team Comp 1,A Group,,,,,,,,,,4 Attempts - 20 Races total,13,Go to Submit page,,,,,,,,,,,,,,,A Finals,8495,Re-use Day 4 - Team Comp 1 as Finals Team Comp,,,,,,,,,,https://drive.google.com/open?id=1Z3Dv6RJJAJ2ktSG_Ak3nqUgDNFw4RZcY,1st,,,,,,,,,,,No,,,,,,,,,,
9/2/2026 17:37:45,MINENEMA,Graded (No Uma Restrictions),Win A finals,I accept these terms,Finals,"Android - phone or tablet, Windows",$1-100,1727,21-30 (roughly 3-4 per day),"Discord - MooMooCord - https://discord.gg/Hc7cP9GB, YouTube - MooMooCows - https://www.youtube.com/@MooMooCows",5,,Tosen Jordan,Late Surger,Ace built for this CM before CM start in Grand Concert scenario,3,0,1,0,1,1,0,Rice Shower,Pace Chaser,Ace built for this CM before CM start in Grand Concert scenario,3,0,0,0,2,1,,Grass Wonder,Late Surger,Debuffer,2,0,1,0,2,1,0,4 Attempts - 20 Races total,16,Go to Submit page,,,,,,,,,,,,,,Re-use Day 1 - Team Comp 1 as Day 2 - Team Comp 1,,,,,,,,,,4 Attempts - 20 Races total,16,Go to Submit page,,,,,,,,,,,,,,,Re-use Day 2 - Team Comp 1 as Day 3 - Team Comp 1,A Group,,,,,,,,,,4 Attempts - 20 Races total,10,Go to Submit page,,,,,,,,,,,,,,,Re-use Day 3 - Team Comp 1 as Day 4 - Team Comp 1,A Group,,,,,,,,,,4 Attempts - 20 Races total,10,Go to Submit page,,,,,,,,,,,,,,,A Finals,9253,Re-use Day 4 - Team Comp 1 as Finals Team Comp,,,,,,,,,,https://drive.google.com/open?id=19z9ZUuNqKPPm3dmKG9PW_yufFo_eyUff,1st,,,,,,,,,,,Yes,cute horses,https://drive.google.com/open?id=1Bp9UqtuG08XuXG_WIZD3Pqpo9zrD3-6u,https://drive.google.com/open?id=1G_Rhvi2odec6EbV2lfmh09UkZKAu0PRa,,6,6,4,0,0,https://drive.google.com/open?id=1ePXrqqCGyewFC84NhDdGOQYc5a6nqqjg
9/2/2026 16:19:56,Kyee,Graded (No Uma Restrictions),Win A finals,I accept these terms,Day 4,"Android - phone or tablet, Linux",$101-500,1012,11-20 (roughly 2-3 per day),Discord - MooMooCord - https://discord.gg/Hc7cP9GB,,,Tokai Teio,Pace Chaser,Ace built for this CM before CM start in Grand Concert scenario,2,0,1,0,2,1,0,Mayano Top Gun,Pace Chaser,Ace built for this CM before CM start in Grand Concert scenario,3,0,0,0,2,1,0,Sweep Tosho,End Closer,Ace built for this CM before CM start in Grand Concert scenario,3,0,0,0,2,1,0,4 Attempts - 20 Races total,11,Go to Submit page,,,,,,,,,,,,,,Re-use Day 1 - Team Comp 1 as Day 2 - Team Comp 1,,,,,,,,,,4 Attempts - 20 Races total,10,Go to Submit page,,,,,,,,,,,,,,,Re-use Day 2 - Team Comp 1 as Day 3 - Team Comp 1,A Group,,,,,,,,,,4 Attempts - 20 Races total,7,Go to Submit page,,,,,,,,,,,,,,,Re-use Day 3 - Team Comp 1 as Day 4 - Team Comp 1,A Group,,,,,,,,,,4 Attempts - 20 Races total,6,Finals,,,,,,,,,,,,,,,A Finals,7464,Re-use Day 4 - Team Comp 1 as Finals Team Comp,,,,,,,,,,https://drive.google.com/open?id=1naDCyzLyWl5zfMy4G3rSdqnYLydJchI0,2nd,No (goes to Submit page),,,,,,,,,,,,,,,,,,,,
9/2/2026 15:03:20,Nana,Graded (No Uma Restrictions),Win A finals,I accept these terms,Finals,"Android - phone or tablet, Windows",$101-500,1839,46+ (more than 6 per day),Discord - MooMooCord - https://discord.gg/Hc7cP9GB,5,,Nice Nature,Pace Chaser,Ace built for this CM before CM start in Grand Concert scenario,3,0,0,0,2,1,0,Mejiro Dober (Camping),Late Surger,Ace built for this CM before CM start in Grand Concert scenario,2,0,1,0,2,1,0,Oguri Cap (Christmas),End Closer,Ace built for this CM before CM start in Grand Concert scenario,2,0,1,0,2,1,0,4 Attempts - 20 Races total,19,Go to Submit page,,,,,,,,,,,,,,Re-use Day 1 - Team Comp 1 as Day 2 - Team Comp 1,,,,,,,,,,4 Attempts - 20 Races total,12,Go to Submit page,,,,,,,,,,,,,,,Add new Team Comp as Day 3 - Team Comp 1,A Group,Fine Motion,Pace Chaser,Ace built for this CM before CM start in Grand Concert scenario,Mejiro Dober (Camping),Late Surger,Ace built for this CM before CM start in Grand Concert scenario,Oguri Cap (Christmas),End Closer,Ace built for this CM before CM start in Grand Concert scenario,4 Attempts - 20 Races total,12,Go to Submit page,,,,,,,,,,,,,,,Re-use Day 3 - Team Comp 1 as Day 4 - Team Comp 1,A Group,,,,,,,,,,4 Attempts - 20 Races total,13,Go to Submit page,,,,,,,,,,,,,,,A Finals,,Re-use Day 4 - Team Comp 1 as Finals Team Comp,,,,,,,,,,,2nd,No (goes to Submit page),,,,,,,,,,,,,,,,,,,,
9/2/2026 16:12:24,Alexa,Graded (No Uma Restrictions),Get into A finals,I accept these terms,Day 4,,Rather not say,,21-30 (roughly 3-4 per day),,,,Mejiro Dober (Camping),Late Surger,Ace built for this CM before CM start in Grand Concert scenario,2,,1,0,2,1,0,Special Week,Late Surger,Ace built for this CM before CM start in Grand Concert scenario,2,0,1,0,2,1,0,Manhattan Cafe,Late Surger,Ace built for this CM before CM start in Grand Concert scenario,3,0,1,0,1,1,0,4 Attempts - 20 Races total,15,Go to Submit page,,,,,,,,,,,,,,Re-use Day 1 - Team Comp 1 as Day 2 - Team Comp 1,,,,,,,,,,4 Attempts - 20 Races total,14,Go to Submit page,,,,,,,,,,,,,,,Re-use Day 2 - Team Comp 1 as Day 3 - Team Comp 1,A Group,,,,,,,,,,4 Attempts - 20 Races total,14,Day 4,,,,,,,,,,,,,,,Re-use Day 3 - Team Comp 1 as Day 4 - Team Comp 1,A Group,,,,,,,,,,4 Attempts - 20 Races total,8,Finals,,,,,,,,,,,,,,,A Finals,7204,Re-use Day 4 - Team Comp 1 as Finals Team Comp,,,,,,,,,,https://drive.google.com/open?id=1_VZO_KXlx42JGvsGo0YJbpcegeI4pHIo,1st,,,,,,,,,,,No,,,,,,,,,,
9/3/2026 0:11:17,Sable@JOBBER,Graded (No Uma Restrictions),Win A finals,I accept these terms,Finals,,$1-100,,,Discord - MooMooCord - https://discord.gg/Hc7cP9GB,5,,Seeking the Pearl,Late Surger,Ace built for this CM before CM start in Grand Concert scenario,3,,,,2,1,,Agnes Tachyon,End Closer,Debuffer,1,,,,4,1,,Eishin Flash (Valentine),Late Surger,Debuffer,1,,,,4,1,,4 Attempts - 20 Races total,16,Go to Submit page,,,,,,,,,,,,,,Re-use Day 1 - Team Comp 1 as Day 2 - Team Comp 1,,,,,,,,,,4 Attempts - 20 Races total,11,Day 3,,,,,,,,,,,,,,,Re-use Day 2 - Team Comp 1 as Day 3 - Team Comp 1,A Group,,,,,,,,,,4 Attempts - 20 Races total,11,Go to Submit page,,,,,,,,,,,,,,,Re-use Day 3 - Team Comp 1 as Day 4 - Team Comp 1,A Group,,,,,,,,,,4 Attempts - 20 Races total,11,Go to Submit page,,,,,,,,,,,,,,,A Finals,,Re-use Day 4 - Team Comp 1 as Finals Team Comp,,,,,,,,,,,3rd,No (goes to Submit page),,,,,,,,,,,,,,,,,,,,
8/28/2026 17:39:34,globs,Graded (No Uma Restrictions),Get into A finals,I accept these terms,Day 1,"iOS - phone or tablet, Windows",$1-100,,,,,,Seiun Sky,Front Runner,Ace built for this CM before CM start in Grand Concert scenario,3,,,,2,1,,Grass Wonder,Late Surger,Debuffer,2,,,,3,1,,Symboli Rudolf,Late Surger,Debuffer,2,1,,,2,1,,2 Attempts - 10 Races total,6,Go to Submit page,,,,,,,,,,,,,,,,,,,,,,,,,,,,,,,,,,,,,,,,,,,,,,,,,,,,,,,,,,,,,,,,,,,,,,,,,,,,,,,,,,,,,,,,,,,,,,,,,,,,,,,,,,,,,,,,,,,,,,,,,,,,,,,,,,,
9/2/2026 15:51:54,Doosey,Graded (No Uma Restrictions),Get into A finals,I accept these terms,Finals,iOS - phone or tablet,$1-100,,6-10 (roughly 1 per day),Discord - MooMooCord - https://discord.gg/Hc7cP9GB,4,,Tamamo Cross,Late Surger,Ace built for this CM before CM start in Grand Concert scenario,3,,,,2,1,,T.M. Opera O (New Year),Late Surger,Ace built for this CM before CM start in Grand Concert scenario,3,,,,2,1,,Grass Wonder,Late Surger,Debuffer,,,,,,,,4 Attempts - 20 Races total,16,Go to Submit page,,,,,,,,,,,,,,Re-use Day 1 - Team Comp 1 as Day 2 - Team Comp 1,,,,,,,,,,4 Attempts - 20 Races total,12,Go to Submit page,,,,,,,,,,,,,,,Add new Team Comp as Day 3 - Team Comp 1,A Group,Tamamo Cross,Late Surger,Ace built for this CM before CM start in Grand Concert scenario,Grass Wonder,Late Surger,Debuffer,Symboli Rudolf,End Closer,Debuffer,4 Attempts - 20 Races total,10,Go to Submit page,,,,,,,,,,,,,,,Re-use Day 3 - Team Comp 2 as Day 4 - Team Comp 1,A Group,,,,,,,,,,4 Attempts - 20 Races total,9,Go to Submit page,,,,,,,,,,,,,,,A Finals,9057,Re-use Day 4 - Team Comp 1 as Finals Team Comp,,,,,,,,,,https://drive.google.com/open?id=1D_qUMWROhm_-SbwenjEryLdpLRBGObzC,1st,,,,,,,,,,,Yes,The White Lightning came through!,https://drive.google.com/open?id=1O29x7eJRybOlWI0kTRa6iR0ol1sJ1KXY,https://drive.google.com/open?id=1YYhXmBZPyMQgZkq2pe3UJDzMHPgK3UFi,,,,,,,
9/2/2026 17:02:09,Kithric,Graded (No Uma Restrictions),Win A finals,I accept these terms,Finals,,$1001-5000,1450,0-5 (less than 1 per day),,,,Mejiro Dober (Camping),Late Surger,Ace built for this CM before CM start in Grand Concert scenario,2,0,1,0,2,1,0,Taiki Shuttle (Camping),Pace Chaser,Ace built for this CM before CM start in Grand Concert scenario,3,0,0,0,2,1,0,Nishino Flower,Pace Chaser,Ace built for this CM before CM start in Grand Concert scenario,3,0,0,0,2,1,0,4 Attempts - 20 Races total,17,Go to Submit page,,,,,,,,,,,,,,Re-use Day 1 - Team Comp 1 as Day 2 - Team Comp 1,,,,,,,,,,4 Attempts - 20 Races total,12,Go to Submit page,,,,,,,,,,,,,,,Re-use Day 2 - Team Comp 1 as Day 3 - Team Comp 1,A Group,,,,,,,,,,4 Attempts - 20 Races total,11,Go to Submit page,,,,,,,,,,,,,,,Re-use Day 3 - Team Comp 1 as Day 4 - Team Comp 1,A Group,,,,,,,,,,4 Attempts - 20 Races total,13,Go to Submit page,,,,,,,,,,,,,,,A Finals,8526,Re-use Day 4 - Team Comp 1 as Finals Team Comp,,,,,,,,,,https://drive.google.com/open?id=1OUcUj9995cbtDwZ5CxzwkH98RbSg74As,1st,,,,,,,,,,,No,,https://drive.google.com/open?id=1boiHk91e57rLRcK0VqqMdL3aGXISCjdj,https://drive.google.com/open?id=1wWUQ_w6ycf3NA40kHjxkHdu3X5H-Cig-,,2,7,3,2,0,https://drive.google.com/open?id=1KMzMfklz5jW2Qpsj-Cby8firUNPLkDAO
9/2/2026 19:54:25,Deextra,Graded (No Uma Restrictions),Win A finals,I accept these terms,Finals,iOS - phone or tablet,$101-500,,46+ (more than 6 per day),Discord - MooMooCord - https://discord.gg/Hc7cP9GB,5,,Mihono Bourbon (Valentine),Front Runner,Ace built for this CM before CM start in Grand Concert scenario,3,0,0,0,2,1,0,Taiki Shuttle,Pace Chaser,Ace built for this CM before CM start in Grand Concert scenario,3,0,0,0,2,1,0,Silence Suzuka,Runaway,Ace built for this CM before CM start in Grand Concert scenario,3,0,0,0,2,1,0,4 Attempts - 20 Races total,16,Day 2,,,,,,,,,,,,,,Re-use Day 1 - Team Comp 1 as Day 2 - Team Comp 1,,,,,,,,,,4 Attempts - 20 Races total,16,Go to Submit page,,,,,,,,,,,,,,,Re-use Day 2 - Team Comp 1 as Day 3 - Team Comp 1,A Group,,,,,,,,,,4 Attempts - 20 Races total,13,Go to Submit page,,,,,,,,,,,,,,,Re-use Day 3 - Team Comp 1 as Day 4 - Team Comp 1,A Group,,,,,,,,,,4 Attempts - 20 Races total,15,Go to Submit page,,,,,,,,,,,,,,,A Finals,9638,Re-use Day 4 - Team Comp 1 as Finals Team Comp,,,,,,,,,,,1st,,,,,,,,,,,No,,,,,,,,,,
9/3/2026 19:42:25,Mackrel,Graded (No Uma Restrictions),Get into A finals,I accept these terms,Day 4,iOS - phone or tablet,$1-100,741,6-10 (roughly 1 per day),Discord - MooMooCord - https://discord.gg/Hc7cP9GB,5,,Grass Wonder,Late Surger,Ace built for this CM before CM start in Grand Concert scenario,2,0,1,0,2,1,0,Oguri Cap,Pace Chaser,Ace built for this CM before CM start in Grand Concert scenario,3,0,0,0,2,1,0,Nishino Flower,Pace Chaser,Ace built for this CM before CM start in Grand Concert scenario,3,0,0,0,2,1,0,4 Attempts - 20 Races total,16,Go to Submit page,,,,,,,,,,,,,,Re-use Day 1 - Team Comp 1 as Day 2 - Team Comp 1,,,,,,,,,,4 Attempts - 20 Races total,15,Go to Submit page,,,,,,,,,,,,,,,Re-use Day 2 - Team Comp 1 as Day 3 - Team Comp 1,A Group,,,,,,,,,,4 Attempts - 20 Races total,12,Day 4,,,,,,,,,,,,,,,Re-use Day 3 - Team Comp 1 as Day 4 - Team Comp 1,A Group,,,,,,,,,,4 Attempts - 20 Races total,12,Finals,,,,,,,,,,,,,,,A Finals,,Re-use Day 4 - Team Comp 1 as Finals Team Comp,,,,,,,,,,,3rd,No (goes to Submit page),,,,,,,,,,,,,,,,,,,,
9/2/2026 15:54:40,Realside,Graded (No Uma Restrictions),Win finals with machan,I accept these terms,Finals,"iOS - phone or tablet, Windows",$501-1000,,21-30 (roughly 3-4 per day),Discord - MooMooCord - https://discord.gg/Hc7cP9GB,4,,Aston Machan,Front Runner,Ace built for this CM before CM start in Grand Concert scenario,3,,,,2,1,,Seiun Sky,Front Runner,Ace built for this CM before CM start in Grand Concert scenario,3,,,,1,0,,Symboli Rudolf,Late Surger,Debuffer,,1,2,,3,,,4 Attempts - 20 Races total,20,Go to Submit page,,,,,,,,,,,,,,Re-use Day 1 - Team Comp 1 as Day 2 - Team Comp 1,,,,,,,,,,4 Attempts - 20 Races total,19,Go to Submit page,,,,,,,,,,,,,,,Re-use Day 2 - Team Comp 1 as Day 3 - Team Comp 1,A Group,,,,,,,,,,4 Attempts - 20 Races total,17,Go to Submit page,,,,,,,,,,,,,,,Re-use Day 3 - Team Comp 1 as Day 4 - Team Comp 1,A Group,,,,,,,,,,4 Attempts - 20 Races total,17,Go to Submit page,,,,,,,,,,,,,,,A Finals,18695,Add new Team Comp as Finals Team Comp,Aston Machan,Front Runner,Ace built for this CM before CM start in Grand Concert scenario,Symboli Rudolf,Late Surger,Debuffer,Grass Wonder,Late Surger,Debuffer,https://drive.google.com/open?id=1XoxlGYMIA5f7TAcObF2NeQ2ZbtGbd8yN,1st,,,,,,,,,,,Yes,"Machan deserves everything , she won’t be forgotten",https://drive.google.com/open?id=1SmOwqaXxtUItvxkroTXXcxO0TLVyDMa3,,,3,,,,2,https://drive.google.com/open?id=1VasWJ6_lSvDCkRBtuouhJlTKVGqOxHjZ
9/2/2026 15:36:44,Nehireta,Graded (No Uma Restrictions),Win A finals,I accept these terms,Finals,Windows,$0,2094,21-30 (roughly 3-4 per day),Discord - MooMooCord - https://discord.gg/Hc7cP9GB,4,,Fine Motion (Wedding),Pace Chaser,Ace built for this CM before CM start in Grand Concert scenario,3,0,0,0,2,1,0,Vodka,Late Surger,Ace built for this CM before CM start in Grand Concert scenario,3,0,0,0,2,1,0,Grass Wonder,End Closer,Debuffer,2,1,0,0,3,0,0,4 Attempts - 20 Races total,16,Go to Submit page,,,,,,,,,,,,,,Re-use Day 1 - Team Comp 1 as Day 2 - Team Comp 1,,,,,,,,,,4 Attempts - 20 Races total,16,Go to Submit page,,,,,,,,,,,,,,,Re-use Day 2 - Team Comp 1 as Day 3 - Team Comp 1,A Group,,,,,,,,,,4 Attempts - 20 Races total,7,Go to Submit page,,,,,,,,,,,,,,,Add a new Team Comp as Day 4 - Team Comp 1,A Group,Fine Motion (Wedding),Pace Chaser,Ace built for this CM before CM start in Grand Concert scenario,Taiki Shuttle,Pace Chaser,Mid-CM Ace build in Grand Concert scenario,Vodka,Late Surger,Ace built for this CM before CM start in Grand Concert scenario,4 Attempts - 20 Races total,14,Go to Submit page,,,,,,,,,,,,,,,A Finals,14369,Re-use Day 4 - Team Comp 1 as Finals Team Comp,,,,,,,,,,https://drive.google.com/open?id=17W4QBMzJOsUqph8ckBf9rus2am_ttqKC,2nd,Yes,https://drive.google.com/open?id=1oe2feKVengTxrPJNe7XVczYvMhqOITO7,https://drive.google.com/open?id=1iH_3s58Bw6hDL-1S8z7JZKayH_mhwkEF,,4,4,2,2,0,https://drive.google.com/open?id=1DmOoSBDKQz0WTyxIbfsyX50XamcftOKh,,,,,,,,,,,
9/2/2026 15:56:51,PeachBleach,Graded (No Uma Restrictions),Get into A finals,I accept these terms,Finals,Windows,$1-100,1293,31-45 (roughly 5-6 per day),Discord - MooMooCord - https://discord.gg/Hc7cP9GB,,,Silence Suzuka,Front Runner,Ace built for this CM before CM start in Grand Concert scenario,3,0,0,0,2,1,0,Mihono Bourbon (Valentine),Front Runner,Ace built for this CM before CM start in Grand Concert scenario,3,0,0,0,2,1,0,Taiki Shuttle,Front Runner,Ace built for this CM before CM start in Grand Concert scenario,2,0,0,0,3,1,0,4 Attempts - 20 Races total,13,Go to Submit page,,,,,,,,,,,,,,Re-use Day 1 - Team Comp 1 as Day 2 - Team Comp 1,,,,,,,,,,4 Attempts - 20 Races total,15,Go to Submit page,,,,,,,,,,,,,,,Re-use Day 2 - Team Comp 1 as Day 3 - Team Comp 1,A Group,,,,,,,,,,4 Attempts - 20 Races total,7,Go to Submit page,,,,,,,,,,,,,,,Re-use Day 3 - Team Comp 1 as Day 4 - Team Comp 1,A Group,,,,,,,,,,4 Attempts - 20 Races total,6,Go to Submit page,,,,,,,,,,,,,,,A Finals,9184,Re-use Day 4 - Team Comp 1 as Finals Team Comp,,,,,,,,,,https://drive.google.com/open?id=1Q7STFbzAJwm5BS8dtLt_HRvt60OdbW9_,3rd,No (goes to Submit page),,,,,,,,,,,,,,,,,,,,
9/2/2026 16:11:57,グラスKTDK,Graded (No Uma Restrictions),Win A finals,I accept these terms,Day 4,"iOS - phone or tablet, Windows",$0,2002,31-45 (roughly 5-6 per day),"Discord - MooMooCord - https://discord.gg/Hc7cP9GB, YouTube - MooMooCows - https://www.youtube.com/@MooMooCows",4,,Grass Wonder,Late Surger,Ace built for this CM before CM start in Grand Concert scenario,2,0,0,0,2,0,1,Special Week,Late Surger,Ace built for this CM before CM start in Grand Concert scenario,3,,,,2,1,,Agnes Tachyon,End Closer,Debuffer,,,,,,,,4 Attempts - 20 Races total,18,Go to Submit page,,,,,,,,,,,,,,Re-use Day 1 - Team Comp 1 as Day 2 - Team Comp 1,,,,,,,,,,4 Attempts - 20 Races total,18,Go to Submit page,,,,,,,,,,,,,,,Re-use Day 2 - Team Comp 1 as Day 3 - Team Comp 1,A Group,,,,,,,,,,4 Attempts - 20 Races total,14,Go to Submit page,,,,,,,,,,,,,,,Re-use Day 3 - Team Comp 1 as Day 4 - Team Comp 1,A Group,,,,,,,,,,4 Attempts - 20 Races total,8,Finals,,,,,,,,,,,,,,,A Finals,8763,Re-use Day 4 - Team Comp 1 as Finals Team Comp,,,,,,,,,,https://drive.google.com/open?id=1N2z1ZEwOLi-QhULDlvPewGV7OEmkvXpn,1st,,,,,,,,,,,Yes,IDK what should i write,https://drive.google.com/open?id=1Gaf_3xbLGEO7PWUm-zn5F24FA5xct7rj,https://drive.google.com/open?id=1JPo20BWEKXH69qWldMvXvCntXHRaV6Nr,,,,,,,https://drive.google.com/open?id=1SZKSyKijQJe6xMQ3NzArYpyRRDazY_Lc
9/2/2026 16:02:24,OverzealouSloth,Graded (No Uma Restrictions),Win A finals,I accept these terms,Finals,"Android - phone or tablet, Windows",$101-500,1600,6-10 (roughly 1 per day),,5,,Oguri Cap (Christmas),End Closer,Ace built for this CM before CM start in Grand Concert scenario,2,0,1,0,2,1,0,Fine Motion (Wedding),Pace Chaser,Ace built for this CM before CM start in Grand Concert scenario,3,0,0,0,2,1,0,Nishino Flower,Pace Chaser,Ace built for this CM before CM start in Grand Concert scenario,3,0,0,0,2,1,,4 Attempts - 20 Races total,13,Go to Submit page,,,,,,,,,,,,,,Re-use Day 1 - Team Comp 1 as Day 2 - Team Comp 1,,,,,,,,,,4 Attempts - 20 Races total,13,Go to Submit page,,,,,,,,,,,,,,,Re-use Day 2 - Team Comp 1 as Day 3 - Team Comp 1,A Group,,,,,,,,,,4 Attempts - 20 Races total,14,Go to Submit page,,,,,,,,,,,,,,,Re-use Day 3 - Team Comp 1 as Day 4 - Team Comp 1,A Group,,,,,,,,,,4 Attempts - 20 Races total,11,Go to Submit page,,,,,,,,,,,,,,,A Finals,13374,Re-use Day 4 - Team Comp 1 as Finals Team Comp,,,,,,,,,,https://drive.google.com/open?id=1wvAe6gQ4a91nZm3TC5LfWLUafhgIoiqH,1st,,,,,,,,,,,No,,,,,,,,,,
8/29/2026 20:31:31,Taetarou,Graded (No Uma Restrictions),Win A finals,I accept these terms,Day 2,"iOS - phone or tablet, Windows",$101-500,1021,,Discord - MooMooCord - https://discord.gg/Hc7cP9GB,3,,Rice Shower,Pace Chaser,Ace built for this CM before CM start in Grand Concert scenario,2,0,0,1,2,1,0,Mihono Bourbon (Valentine),Front Runner,Ace built for this CM before CM start in Grand Concert scenario,3,0,0,0,2,1,0,Maruzensky (Summer),Front Runner,Ace built for this CM before CM start in Grand Concert scenario,3,0,0,0,2,1,0,4 Attempts - 20 Races total,14,Go to Submit page,,,,,,,,,,,,,,Re-use Day 1 - Team Comp 1 as Day 2 - Team Comp 1,,,,,,,,,,4 Attempts - 20 Races total,14,Go to Submit page,,,,,,,,,,,,,,,,,,,,,,,,,,,,,,,,,,,,,,,,,,,,,,,,,,,,,,,,,,,,,,,,,,,,,,,,,,,,,,,,,,,,,,,,,,,,,,,,,,,,,,,,,
9/2/2026 17:43:46,Morideth,Graded (No Uma Restrictions),Win A finals,I accept these terms,Day 4,Windows,$1001-5000,1186,21-30 (roughly 3-4 per day),Discord - MooMooCord - https://discord.gg/Hc7cP9GB,5,,Nishino Flower,Pace Chaser,Ace built for this CM before CM start in Grand Concert scenario,3,0,0,0,2,1,0,Taiki Shuttle,Pace Chaser,Ace built for this CM before CM start in Grand Concert scenario,3,0,0,0,2,1,0,Biwa Hayahide (Christmas),Pace Chaser,Ace built for this CM before CM start in Grand Concert scenario,2,0,1,0,2,1,0,4 Attempts - 20 Races total,18,Go to Submit page,,,,,,,,,,,,,,Re-use Day 1 - Team Comp 1 as Day 2 - Team Comp 1,,,,,,,,,,3 Attempts - 15 Races total,7,Go to Submit page,,,,,,,,,,,,,,,Re-use Day 2 - Team Comp 1 as Day 3 - Team Comp 1,A Group,,,,,,,,,,3 Attempts - 15 Races total,6,Day 4,,,,,,,,,,,,,,,Re-use Day 3 - Team Comp 1 as Day 4 - Team Comp 1,A Group,,,,,,,,,,3 Attempts - 15 Races total,11,Finals,,,,,,,,,,,,,,,A Finals,7681,Re-use Day 4 - Team Comp 1 as Finals Team Comp,,,,,,,,,,https://drive.google.com/open?id=1MCHsjOgZlGVvjl9oHKjJ_NOGnqEyJhly,1st,,,,,,,,,,,Yes,Christmas has come early this year.,https://drive.google.com/open?id=1SYckzziNPPVdEborT9-xIqgi74wrAvxF,https://drive.google.com/open?id=1lw_33czemeEa35jwgG4XGEFYVcFnfRI_,,1,1,7,,3,https://drive.google.com/open?id=1w05Kw4ghD2XmsW-3Mj_xmv9L1HwpDHkd
9/2/2026 17:24:02,arkem,Graded (No Uma Restrictions),Get into A finals,I accept these terms,Finals,Windows,$101-500,979,11-20 (roughly 2-3 per day),,,,Taiki Shuttle,Pace Chaser,Ace built for this CM before CM start in Grand Concert scenario,2,0,0,0,3,1,0,Nishino Flower,Pace Chaser,Ace built for this CM before CM start in Grand Concert scenario,3,0,0,0,2,1,0,Special Week,Pace Chaser,Ace built for this CM before CM start in Grand Concert scenario,3,0,0,0,2,1,0,4 Attempts - 20 Races total,14,Go to Submit page,,,,,,,,,,,,,,Re-use Day 1 - Team Comp 1 as Day 2 - Team Comp 1,,,,,,,,,,4 Attempts - 20 Races total,15,Go to Submit page,,,,,,,,,,,,,,,Re-use Day 2 - Team Comp 1 as Day 3 - Team Comp 1,A Group,,,,,,,,,,4 Attempts - 20 Races total,11,Go to Submit page,,,,,,,,,,,,,,,Re-use Day 3 - Team Comp 1 as Day 4 - Team Comp 1,A Group,,,,,,,,,,4 Attempts - 20 Races total,7,Go to Submit page,,,,,,,,,,,,,,,A Finals,10728,Re-use Day 4 - Team Comp 1 as Finals Team Comp,,,,,,,,,,https://drive.google.com/open?id=1PGp4Q87XzYtDlEWTkrcjRICUPa43luNm,3rd,Yes,https://drive.google.com/open?id=1opohOF68AF43JrpdaMMF2ymfSELNSJFi,https://drive.google.com/open?id=1eo0dkKn1o58QQH4ZawRtJ-ZlCQ8UAtQP,,1,9,6,0,0,https://drive.google.com/open?id=10h2wh6Rg33WIDMmfk55Qw59yHmBOKkjH,,,,,,,,,,,
9/2/2026 15:21:28,Ein,Graded (No Uma Restrictions),Get into A finals,I accept these terms,Finals,Android - phone or tablet,$0,880,6-10 (roughly 1 per day),,5,,Taiki Shuttle (Camping),Pace Chaser,Ace built for this CM before CM start in Grand Concert scenario,,,,,,,,Silence Suzuka,Runaway,Ace/Front Blocker,,,,,,,,Vodka,Late Surger,Ace built for this CM before CM start in Grand Concert scenario,,,,,,,,4 Attempts - 20 Races total,14,Go to Submit page,,,,,,,,,,,,,,Re-use Day 1 - Team Comp 1 as Day 2 - Team Comp 1,,,,,,,,,,4 Attempts - 20 Races total,15,Go to Submit page,,,,,,,,,,,,,,,Re-use Day 2 - Team Comp 1 as Day 3 - Team Comp 1,A Group,,,,,,,,,,4 Attempts - 20 Races total,13,Go to Submit page,,,,,,,,,,,,,,,Re-use Day 3 - Team Comp 1 as Day 4 - Team Comp 1,A Group,,,,,,,,,,4 Attempts - 20 Races total,12,Go to Submit page,,,,,,,,,,,,,,,A Finals,10158,Add new Team Comp as Finals Team Comp,Taiki Shuttle (Camping),Pace Chaser,Ace built for this CM before CM start in Grand Concert scenario,Silence Suzuka,Runaway,Ace built for this CM before CM start in Grand Concert scenario,Eishin Flash (Valentine),Late Surger,Debuffer,https://drive.google.com/open?id=1nHqwnmS7SNM4e--9oknmfVH2vt3RBClh,1st,,,,,,,,,,,No,,https://drive.google.com/open?id=1Od_YqcVqOngRUAdeSfX2iYhx35RQVo_g,https://drive.google.com/open?id=1z4QL89MR0DzyYDRG4LCMB6tPF_DtQWND,,,12,5,,,
9/2/2026 15:31:53,Drey,Graded (No Uma Restrictions),Get into A finals,I accept these terms,Finals,Windows,$101-500,,6-10 (roughly 1 per day),Discord - MooMooCord - https://discord.gg/Hc7cP9GB,,,Mejiro Dober (Camping),Late Surger,Ace built for this CM before CM start in Grand Concert scenario,3,,1,,1,1,,Kawakami Princess,Late Surger,Ace built for this CM before CM start in Grand Concert scenario,3,,,,2,1,,Rice Shower,Pace Chaser,Hybrid (ace + debuffer),3,,,,2,1,,4 Attempts - 20 Races total,14,Go to Submit page,,,,,,,,,,,,,,Re-use Day 1 - Team Comp 1 as Day 2 - Team Comp 1,,,,,,,,,,4 Attempts - 20 Races total,15,Go to Submit page,,,,,,,,,,,,,,,Re-use Day 2 - Team Comp 1 as Day 3 - Team Comp 1,A Group,,,,,,,,,,4 Attempts - 20 Races total,10,Go to Submit page,,,,,,,,,,,,,,,Re-use Day 3 - Team Comp 1 as Day 4 - Team Comp 1,A Group,,,,,,,,,,4 Attempts - 20 Races total,14,Go to Submit page,,,,,,,,,,,,,,,A Finals,12646,Re-use Day 4 - Team Comp 1 as Finals Team Comp,,,,,,,,,,https://drive.google.com/open?id=1HhV46V-9qpBMrVwmQGAV1QtKekERTzrp,1st,,,,,,,,,,,Yes,Dober love.,https://drive.google.com/open?id=1mHiq6Ws0VzL3WDjcuzxPo2IaJSB8Khmm,https://drive.google.com/open?id=1fRlSEEnFkYU1Q9Kol7XmU1fqMy7M-_R8,,,,,,,https://drive.google.com/open?id=1k9sMFmapo03qX6q_2hUsk30gKpUXOKg2
9/2/2026 16:05:48,MIHO,Graded (No Uma Restrictions),Win A finals,I accept these terms,Finals,"Android - phone or tablet, Windows",$1-100,1204,21-30 (roughly 3-4 per day),Discord - MooMooCord - https://discord.gg/Hc7cP9GB,5,,Oguri Cap (Christmas),End Closer,Ace built for this CM before CM start in Grand Concert scenario,2,,1,,2,1,,Grass Wonder,Late Surger,Debuffer,,,,,,,,Symboli Rudolf,Late Surger,Debuffer,,,,,,,,4 Attempts - 20 Races total,18,Go to Submit page,,,,,,,,,,,,,,Re-use Day 1 - Team Comp 1 as Day 2 - Team Comp 1,,,,,,,,,,4 Attempts - 20 Races total,11,Go to Submit page,,,,,,,,,,,,,,,Re-use Day 2 - Team Comp 1 as Day 3 - Team Comp 1,A Group,,,,,,,,,,4 Attempts - 20 Races total,15,Go to Submit page,,,,,,,,,,,,,,,Re-use Day 3 - Team Comp 1 as Day 4 - Team Comp 1,A Group,,,,,,,,,,4 Attempts - 20 Races total,15,Go to Submit page,,,,,,,,,,,,,,,A Finals,11599,Re-use Day 4 - Team Comp 1 as Finals Team Comp,,,,,,,,,,https://drive.google.com/open?id=1KcYBkQEs9ORqAGEE3Ph9UwKli3Efn0h3,1st,,,,,,,,,,,No,,https://drive.google.com/open?id=1K3dnAsl3mU4OQGStb-BmpXi4ptb55jsi,https://drive.google.com/open?id=1wRskIOoUluLsSCvq3BuRVGvLqqrWWaKl,,,1,5,,,https://drive.google.com/open?id=1WcNJCkousccqXBr4VvNREWlZwTfoWJZ1
9/2/2026 17:39:12,Midnight,Graded (No Uma Restrictions),Win A finals,I accept these terms,Finals,"Android - phone or tablet, Windows",$101-500,2127,31-45 (roughly 5-6 per day),Discord - MooMooCord - https://discord.gg/Hc7cP9GB,,,Taiki Shuttle (Camping),Pace Chaser,Ace built for this CM before CM start in Grand Concert scenario,3,0,0,0,2,1,0,Fine Motion,Pace Chaser,Ace built for this CM before CM start in Grand Concert scenario,3,0,0,0,2,1,0,Air Shakur,End Closer,Ace built for this CM before CM start in Grand Concert scenario,3,0,1,0,1,1,0,4 Attempts - 20 Races total,17,Go to Submit page,,,,,,,,,,,,,,Re-use Day 1 - Team Comp 1 as Day 2 - Team Comp 1,,,,,,,,,,4 Attempts - 20 Races total,15,Go to Submit page,,,,,,,,,,,,,,,Re-use Day 2 - Team Comp 1 as Day 3 - Team Comp 1,A Group,,,,,,,,,,4 Attempts - 20 Races total,17,Go to Submit page,,,,,,,,,,,,,,,Re-use Day 3 - Team Comp 1 as Day 4 - Team Comp 1,A Group,,,,,,,,,,4 Attempts - 20 Races total,10,Go to Submit page,,,,,,,,,,,,,,,A Finals,8916,Re-use Day 4 - Team Comp 1 as Finals Team Comp,,,,,,,,,,https://drive.google.com/open?id=1MExXR1OcDwqbTwaPX4Ba3Mj7-NeNzu4S,1st,,,,,,,,,,,Yes,"Shakur = ""Winner"" if Gamble else Glue",https://drive.google.com/open?id=1dXpXh2HfgV6OoMyz5bkQQHAnlWK9Na0w,https://drive.google.com/open?id=1l75PyTBeggKbSWTdk2fYvsczAt8fhHmY,,0,6,5,0,0,https://drive.google.com/open?id=12fefJeaCWHgQdPO9yz9iCCN-e-HS_4ep
9/2/2026 19:28:49,PeaceOut,Graded (No Uma Restrictions),Win A finals,I accept these terms,Finals,"iOS - phone or tablet, Windows",$1-100,2379,46+ (more than 6 per day),"Reddit - /r/umamusumeGame, YouTube - MooMooCows - https://www.youtube.com/@MooMooCows",,,Taiki Shuttle (Camping),Pace Chaser,Ace built for this CM before CM start in Grand Concert scenario,3,,,,1,0,,Mejiro Dober (Camping),Late Surger,Ace built for this CM before CM start in Grand Concert scenario,2,,1,,2,1,,Symboli Rudolf,End Closer,Debuffer,,,,,,,,4 Attempts - 20 Races total,19,Go to Submit page,,,,,,,,,,,,,,Re-use Day 1 - Team Comp 1 as Day 2 - Team Comp 1,,,,,,,,,,4 Attempts - 20 Races total,17,Go to Submit page,,,,,,,,,,,,,,,Re-use Day 2 - Team Comp 1 as Day 3 - Team Comp 1,A Group,,,,,,,,,,4 Attempts - 20 Races total,16,Go to Submit page,,,,,,,,,,,,,,,Re-use Day 3 - Team Comp 1 as Day 4 - Team Comp 1,A Group,,,,,,,,,,4 Attempts - 20 Races total,16,Go to Submit page,,,,,,,,,,,,,,,A Finals,10496,Re-use Day 4 - Team Comp 1 as Finals Team Comp,,,,,,,,,,https://drive.google.com/open?id=11y4c0vAtQVqUEqk1T2hrQVAcXTdIgufW,1st,,,,,,,,,,,Yes,"don't be fooled, she's just a sidegrade of regular dober' '...but she's got a new hat!'",https://drive.google.com/open?id=1JTAfUZnkG-bJ58K1sMk5-MGC4QqrgmNv,https://drive.google.com/open?id=1ME1uDZ7qRpTKTFrd2LuDyrRB8ywZ77Dn,,,9,5,,3,https://drive.google.com/open?id=1dJLEQecT2c6nblyA8GyeEIb0wjwutqlX
9/2/2026 15:38:31,Mao,Graded (No Uma Restrictions),Win A finals,I accept these terms,Finals,Windows,,2286,46+ (more than 6 per day),,4,,Daiwa Scarlet,Front Runner,Ace built for this CM before CM start in Grand Concert scenario,3,,,,2,1,,Curren Chan (Wedding),Front Runner,Debuffer,,,,,,,,Silence Suzuka,Runaway,Debuffer,,,,,,,,4 Attempts - 20 Races total,17,Go to Submit page,,,,,,,,,,,,,,Re-use Day 1 - Team Comp 1 as Day 2 - Team Comp 1,,,,,,,,,,4 Attempts - 20 Races total,18,Go to Submit page,,,,,,,,,,,,,,,Re-use Day 2 - Team Comp 1 as Day 3 - Team Comp 1,A Group,,,,,,,,,,4 Attempts - 20 Races total,17,Go to Submit page,,,,,,,,,,,,,,,Re-use Day 3 - Team Comp 1 as Day 4 - Team Comp 1,A Group,,,,,,,,,,4 Attempts - 20 Races total,10,Go to Submit page,,,,,,,,,,,,,,,A Finals,11840,Re-use Day 4 - Team Comp 1 as Finals Team Comp,,,,,,,,,,https://drive.google.com/open?id=19lQcbnWhjwdR_qtxKMmvJS2h20-wB9H0,2nd,No (goes to Submit page),,,,,,,,,,,,,,,,,,,,
8/31/2026 12:59:57,Puppy,Graded (No Uma Restrictions),Win A finals,I accept these terms,Day 1,iOS - phone or tablet,$101-500,688,11-20 (roughly 2-3 per day),Discord - MooMooCord - https://discord.gg/Hc7cP9GB,5,,Oguri Cap (Christmas),End Closer,Ace built for this CM before CM start in Grand Concert scenario,3,0,0,0,2,1,0,Grass Wonder,End Closer,Debuffer,,,,,,,,Eishin Flash (Valentine),End Closer,Debuffer,,,,,,,,4 Attempts - 20 Races total,15,Day 2,,,,,,,,,,,,,,Re-use Day 1 - Team Comp 1 as Day 2 - Team Comp 1,,,,,,,,,,4 Attempts - 20 Races total,17,Day 3,,,,,,,,,,,,,,,Re-use Day 2 - Team Comp 1 as Day 3 - Team Comp 1,A Group,,,,,,,,,,4 Attempts - 20 Races total,15,Go to Submit page,,,,,,,,,,,,,,,,,,,,,,,,,,,,,,,,,,,,,,,,,,,,,,,,,,,,,,,,,,,,,,,,,,,,,,,,,,,,,
9/1/2026 13:41:02,Uniqai,Graded (No Uma Restrictions),Win A finals,I accept these terms,Day 4,Windows,$5000+,2278,21-30 (roughly 3-4 per day),Discord - MooMooCord - https://discord.gg/Hc7cP9GB,5,,Aston Machan,Front Runner,Ace built for this CM before CM start in Grand Concert scenario,3,0,0,0,2,0,0,Vodka,Late Surger,Ace built for this CM before CM start in Grand Concert scenario,3,0,0,0,2,1,0,Yukino Bijin,Pace Chaser,Ace built for this CM before CM start in Grand Concert scenario,3,0,0,0,2,1,0,4 Attempts - 20 Races total,12,Go to Submit page,,,,,,,,,,,,,,Re-use Day 1 - Team Comp 1 as Day 2 - Team Comp 1,,,,,,,,,,4 Attempts - 20 Races total,14,Go to Submit page,,,,,,,,,,,,,,,Re-use Day 2 - Team Comp 1 as Day 3 - Team Comp 1,A Group,,,,,,,,,,4 Attempts - 20 Races total,16,Go to Submit page,,,,,,,,,,,,,,,Re-use Day 3 - Team Comp 1 as Day 4 - Team Comp 1,A Group,,,,,,,,,,4 Attempts - 20 Races total,14,Go to Submit page,,,,,,,,,,,,,,,,,,,,,,,,,,,,,,,,,,,,,,,,,,,,,,,,,
9/2/2026 15:20:12,Krystalkitty,Graded (No Uma Restrictions),Win A finals,I accept these terms,Finals,Windows,$501-1000,2950,21-30 (roughly 3-4 per day),"Discord - MooMooCord - https://discord.gg/Hc7cP9GB, Twitch - MooMooCows - https://www.twitch.tv/moomoomoocows, YouTube - MooMooCows - https://www.youtube.com/@MooMooCows",5,,Sweep Tosho,End Closer,Ace built for this CM before CM start in Grand Concert scenario,3,0,1,0,2,1,0,Taiki Shuttle,Pace Chaser,Ace built for this CM before CM start in Grand Concert scenario,3,0,0,0,2,1,0,Sakura Chiyono O,Pace Chaser,Ace built for this CM before CM start in Grand Concert scenario,3,0,0,0,2,1,0,4 Attempts - 20 Races total,16,Go to Submit page,,,,,,,,,,,,,,Re-use Day 1 - Team Comp 1 as Day 2 - Team Comp 1,,,,,,,,,,4 Attempts - 20 Races total,15,Go to Submit page,,,,,,,,,,,,,,,Re-use Day 2 - Team Comp 1 as Day 3 - Team Comp 1,A Group,,,,,,,,,,4 Attempts - 20 Races total,15,Go to Submit page,,,,,,,,,,,,,,,Re-use Day 3 - Team Comp 1 as Day 4 - Team Comp 1,A Group,,,,,,,,,,4 Attempts - 20 Races total,15,Go to Submit page,,,,,,,,,,,,,,,A Finals,12339,Re-use Day 4 - Team Comp 1 as Finals Team Comp,,,,,,,,,,,3rd,No (goes to Submit page),,,,,,,,,,,,,,,,,,,,
9/2/2026 16:21:51,Cherry,Graded (No Uma Restrictions),Win A finals,I accept these terms,Finals,iOS - phone or tablet,$101-500,1905,21-30 (roughly 3-4 per day),Discord - MooMooCord - https://discord.gg/Hc7cP9GB,3,,Mejiro McQueen,Pace Chaser,Ace built for this CM before CM start in Grand Concert scenario,,,,,,,,Mejiro Dober (Camping),Late Surger,Ace built for this CM before CM start in Grand Concert scenario,,,,,,,,Aston Machan,Front Runner,Ace built for this CM before CM start in Grand Concert scenario,,,,,,,,4 Attempts - 20 Races total,16,Go to Submit page,,,,,,,,,,,,,,Re-use Day 1 - Team Comp 1 as Day 2 - Team Comp 1,,,,,,,,,,4 Attempts - 20 Races total,18,Go to Submit page,,,,,,,,,,,,,,,Re-use Day 2 - Team Comp 1 as Day 3 - Team Comp 1,A Group,,,,,,,,,,3 Attempts - 15 Races total,5,Go to Submit page,,,,,,,,,,,,,,,Re-use Day 3 - Team Comp 1 as Day 4 - Team Comp 1,A Group,,,,,,,,,,4 Attempts - 20 Races total,15,Go to Submit page,,,,,,,,,,,,,,,A Finals,,Re-use Day 4 - Team Comp 1 as Finals Team Comp,,,,,,,,,,https://drive.google.com/open?id=1zj-xHx4oZ_0sPLLwUfoU2SfVkoAbRSzr,3rd,No (goes to Submit page),,,,,,,,,,,,,,,,,,,,
9/2/2026 15:50:07,Victoria Secret,Graded (No Uma Restrictions),Win A finals,I accept these terms,Finals,Android - phone or tablet,$1-100,2139,31-45 (roughly 5-6 per day),Discord - MooMooCord - https://discord.gg/Hc7cP9GB,5,,Mayano Top Gun,Front Runner,Ace built for this CM before CM start in Grand Concert scenario,3,,,,2,1,,Maruzensky (Summer),Front Runner,Ace built for this CM before CM start in Grand Concert scenario,2,,,,3,1,,Silence Suzuka,Runaway,Ace built for this CM before CM start in Grand Concert scenario,3,,,,2,1,,4 Attempts - 20 Races total,15,Go to Submit page,,,,,,,,,,,,,,Re-use Day 1 - Team Comp 1 as Day 2 - Team Comp 1,,,,,,,,,,4 Attempts - 20 Races total,13,Go to Submit page,,,,,,,,,,,,,,,Re-use Day 2 - Team Comp 1 as Day 3 - Team Comp 1,A Group,,,,,,,,,,4 Attempts - 20 Races total,10,Go to Submit page,,,,,,,,,,,,,,,Re-use Day 3 - Team Comp 1 as Day 4 - Team Comp 1,A Group,,,,,,,,,,4 Attempts - 20 Races total,14,Go to Submit page,,,,,,,,,,,,,,,A Finals,9414,Add new Team Comp as Finals Team Comp,Mayano Top Gun,Front Runner,Mid-CM Ace build in Grand Concert scenario,Silence Suzuka,Runaway,Debuffer,Symboli Rudolf,Late Surger,Debuffer,https://drive.google.com/open?id=1_8nXe3yVrayRGfjkEljouubLcd00usue,2nd,No (goes to Submit page),,,,,,,,,,,,,,,,,,,,
9/2/2026 16:08:04,VHLAN,Graded (No Uma Restrictions),Win A finals,I accept these terms,Day 3,"Android - phone or tablet, Windows",$101-500,1800,31-45 (roughly 5-6 per day),Discord - MooMooCord - https://discord.gg/Hc7cP9GB,5,,Mihono Bourbon (Valentine),Front Runner,Ace built for this CM before CM start in Grand Concert scenario,3,0,0,0,2,1,0,Nishino Flower,Pace Chaser,Ace built for this CM before CM start in Grand Concert scenario,3,0,0,0,2,1,0,Narita Taishin,End Closer,Ace built for this CM before CM start in Grand Concert scenario,2,0,1,0,2,1,0,4 Attempts - 20 Races total,16,Go to Submit page,,,,,,,,,,,,,,Re-use Day 1 - Team Comp 1 as Day 2 - Team Comp 1,,,,,,,,,,4 Attempts - 20 Races total,16,Go to Submit page,,,,,,,,,,,,,,,Re-use Day 2 - Team Comp 1 as Day 3 - Team Comp 1,A Group,,,,,,,,,,4 Attempts - 20 Races total,12,Day 4,,,,,,,,,,,,,,,Add a new Team Comp as Day 4 - Team Comp 1,A Group,Silence Suzuka,Runaway,Ace built for this CM before CM start in Grand Concert scenario,Narita Taishin,End Closer,Ace built for this CM before CM start in Grand Concert scenario,Nishino Flower,Pace Chaser,Ace built for this CM before CM start in Grand Concert scenario,4 Attempts - 20 Races total,14,Finals,,,,,,,,,,,,,,,A Finals,12254,Re-use Day 4 - Team Comp 1 as Finals Team Comp,,,,,,,,,,https://drive.google.com/open?id=1b_jlLZaEo3ASSjAk_rR-xokG96Lf7M8L,1st,,,,,,,,,,,No,,https://drive.google.com/open?id=1BPAL2HDUBAlPKvvu381MfZ_s1VilYk1q,https://drive.google.com/open?id=1yl-Gh-w9rkgimE9Fdqwrv656wgW7F57d,,2,9,6,0,0,https://drive.google.com/open?id=1qEKfQRZVN3dxqDa2U4DCPAnxTCoj-1wB
9/2/2026 16:25:00,zazor701,Graded (No Uma Restrictions),Get into A finals,I accept these terms,Finals,Android - phone or tablet,$1001-5000,756,11-20 (roughly 2-3 per day),Discord - MooMooCord - https://discord.gg/Hc7cP9GB,5,,Hishi Amazon,End Closer,Ace built for this CM before CM start in Grand Concert scenario,2,0,1,0,2,1,0,Narita Taishin,End Closer,Ace built for this CM before CM start in Grand Concert scenario,2,0,1,0,2,1,0,Sweep Tosho,End Closer,Ace built for this CM before CM start in Grand Concert scenario,2,0,1,0,2,1,0,4 Attempts - 20 Races total,12,Go to Submit page,,,,,,,,,,,,,,Re-use Day 1 - Team Comp 1 as Day 2 - Team Comp 1,,,,,,,,,,4 Attempts - 20 Races total,12,Go to Submit page,,,,,,,,,,,,,,,Re-use Day 2 - Team Comp 1 as Day 3 - Team Comp 1,A Group,,,,,,,,,,4 Attempts - 20 Races total,11,Go to Submit page,,,,,,,,,,,,,,,Re-use Day 3 - Team Comp 1 as Day 4 - Team Comp 1,A Group,,,,,,,,,,4 Attempts - 20 Races total,10,Go to Submit page,,,,,,,,,,,,,,,A Finals,5845,Re-use Day 4 - Team Comp 1 as Finals Team Comp,,,,,,,,,,https://drive.google.com/open?id=1Qg_hDo_0tiasJ95rSAe7UTnRSY0cex4W,1st,,,,,,,,,,,Yes,Sweepy swept,https://drive.google.com/open?id=1hc4ltlOHOZsPG6cjOVoZRKK6_oQgDQPO,https://drive.google.com/open?id=1i4hgeEYHqdlIX9ktFTUxEUbGYl4yBEvH,,4,8,2,0,0,https://drive.google.com/open?id=1yT5l5CwKDUdFr3L8hQr73zecoZLwi-oO
8/31/2026 16:12:38,Trux,Graded (No Uma Restrictions),Get into A finals,I accept these terms,Day 4,iOS - phone or tablet,$5000+,,21-30 (roughly 3-4 per day),,,,Taiki Shuttle,Pace Chaser,Ace built for this CM before CM start in Grand Concert scenario,3,,,,2,1,,Nishino Flower,Pace Chaser,Ace built for this CM before CM start in Grand Concert scenario,3,,,,2,1,,Oguri Cap (Christmas),End Closer,Ace built for this CM before CM start in Grand Concert scenario,2,,1,,2,1,,3 Attempts - 15 Races total,9,Day 1 - Add 2nd Team,Taiki Shuttle,Pace Chaser,Ace built for this CM before CM start in Grand Concert scenario,Nishino Flower,Pace Chaser,Ace built for this CM before CM start in Grand Concert scenario,Silence Suzuka,Runaway,Blocker/Overtake target/Throwaway/Niche role,1 Attempt - 5 Races total,2,2 teams,Go to Submit page,Add new Team Comp as Day 2 - Team Comp 1,Taiki Shuttle,Pace Chaser,Ace built for this CM before CM start in Grand Concert scenario,Oguri Cap (Christmas),End Closer,Mid-CM Ace build in Grand Concert scenario,Nishino Flower,Pace Chaser,Ace built for this CM before CM start in Grand Concert scenario,4 Attempts - 20 Races total,15,Go to Submit page,,,,,,,,,,,,,,,Add new Team Comp as Day 3 - Team Comp 1,A Group,Taiki Shuttle,Pace Chaser,Ace built for this CM before CM start in Grand Concert scenario,Oguri Cap (Christmas),End Closer,Mid-CM Ace build in Grand Concert scenario,Nishino Flower,Pace Chaser,Ace built for this CM before CM start in Grand Concert scenario,4 Attempts - 20 Races total,9,Go to Submit page,,,,,,,,,,,,,,,Re-use Day 3 - Team Comp 1 as Day 4 - Team Comp 1,A Group,,,,,,,,,,3 Attempts - 15 Races total,9,Day 4 - Add 2nd team,Add new Team Comp as Day 4 - Team Comp 2,Taiki Shuttle,Pace Chaser,Ace built for this CM before CM start in Grand Concert scenario,Oguri Cap (Christmas),End Closer,Mid-CM Ace build in Grand Concert scenario,Grass Wonder,End Closer,Debuffer,1 Attempt - 5 Races total,2,2 teams,Go to Submit page,,,,,,,,,,,,,,,,,,,,,,,,,,,,,,,,,,,
9/2/2026 17:36:59,Vin,Graded (No Uma Restrictions),Get into A finals,I accept these terms,Finals,Windows,$101-500,2405,31-45 (roughly 5-6 per day),Discord - MooMooCord - https://discord.gg/Hc7cP9GB,,,Gold City,Late Surger,Ace built for this CM before CM start in Grand Concert scenario,3,,,,2,1,,Rice Shower,Pace Chaser,Ace built for this CM before CM start in Grand Concert scenario,3,,,,2,1,,Taiki Shuttle,Pace Chaser,Ace built for this CM before CM start in Grand Concert scenario,3,,,,2,1,,4 Attempts - 20 Races total,12,Go to Submit page,,,,,,,,,,,,,,Re-use Day 1 - Team Comp 1 as Day 2 - Team Comp 1,,,,,,,,,,4 Attempts - 20 Races total,14,Go to Submit page,,,,,,,,,,,,,,,Re-use Day 2 - Team Comp 1 as Day 3 - Team Comp 1,A Group,,,,,,,,,,4 Attempts - 20 Races total,6,Go to Submit page,,,,,,,,,,,,,,,Re-use Day 3 - Team Comp 1 as Day 4 - Team Comp 1,A Group,,,,,,,,,,4 Attempts - 20 Races total,13,Go to Submit page,,,,,,,,,,,,,,,A Finals,7158,Re-use Day 4 - Team Comp 1 as Finals Team Comp,,,,,,,,,,https://drive.google.com/open?id=1Th5ptFbNR5uP3HeiFNS-QOin0Bg2k7e4,2nd,Yes,https://drive.google.com/open?id=1uP3ZSb4tfahm7crTcasbdmddmAu9YzpO,https://drive.google.com/open?id=15_hrBzFkLjmJNlU2yArx8Q_csQtOx8N5,,0,3,11,3,0,https://drive.google.com/open?id=1cZAn7TRhYSUVfZ22oSUw9JC9-AB_isLU,,,,,,,,,,,
9/2/2026 22:50:00,Bresh,Graded (No Uma Restrictions),Win A finals,I accept these terms,Finals,iOS - phone or tablet,$501-1000,1937,31-45 (roughly 5-6 per day),"Discord - MooMooCord - https://discord.gg/Hc7cP9GB, Twitch - MooMooCows - https://www.twitch.tv/moomoomoocows, YouTube - MooMooCows - https://www.youtube.com/@MooMooCows",5,,Hishi Amazon,End Closer,Ace built for this CM before CM start in Grand Concert scenario,3,0,0,,2,1,0,Sweep Tosho,End Closer,Ace built for this CM before CM start in Grand Concert scenario,3,0,0,0,2,1,0,Vodka,Late Surger,Ace built for this CM before CM start in Grand Concert scenario,3,0,0,,2,1,,4 Attempts - 20 Races total,12,Go to Submit page,,,,,,,,,,,,,,Re-use Day 1 - Team Comp 1 as Day 2 - Team Comp 1,,,,,,,,,,4 Attempts - 20 Races total,15,Go to Submit page,,,,,,,,,,,,,,,Re-use Day 2 - Team Comp 1 as Day 3 - Team Comp 1,A Group,,,,,,,,,,4 Attempts - 20 Races total,8,Go to Submit page,,,,,,,,,,,,,,,Re-use Day 3 - Team Comp 1 as Day 4 - Team Comp 1,A Group,,,,,,,,,,4 Attempts - 20 Races total,10,Go to Submit page,,,,,,,,,,,,,,,A Finals,10154,Re-use Day 4 - Team Comp 1 as Finals Team Comp,,,,,,,,,,https://drive.google.com/open?id=1tqNZ3aA2a7GyN0Ace4j5-YGaSdf_G45z,1st,,,,,,,,,,,Yes,Mare propaganda,https://drive.google.com/open?id=1Qyc0MfeSEn_n5AUSzirmcD2uY40h1gpA,https://drive.google.com/open?id=1xiMnc1GJlbsucND9vga6bpafrdlK_5gz,,,9,6,,,https://drive.google.com/open?id=1K7v2mCcL9GruRtshdNR3xn8YR7NfA8ds
9/2/2026 18:01:26,JaydeSun,Graded (No Uma Restrictions),Win A finals,I accept these terms,Finals,"Android - phone or tablet, Windows",$1-100,977,0-5 (less than 1 per day),Discord - MooMooCord - https://discord.gg/Hc7cP9GB,,,Oguri Cap (Christmas),End Closer,Ace built for this CM before CM start in Grand Concert scenario,2,0,0,0,3,1,0,Grass Wonder,Front Runner,Debuffer,,,,,,,,Eishin Flash (Valentine),Front Runner,Debuffer,,,,,,,,4 Attempts - 20 Races total,19,Go to Submit page,,,,,,,,,,,,,,Re-use Day 1 - Team Comp 1 as Day 2 - Team Comp 1,,,,,,,,,,4 Attempts - 20 Races total,17,Go to Submit page,,,,,,,,,,,,,,,Re-use Day 2 - Team Comp 1 as Day 3 - Team Comp 1,A Group,,,,,,,,,,4 Attempts - 20 Races total,16,Go to Submit page,,,,,,,,,,,,,,,Re-use Day 3 - Team Comp 1 as Day 4 - Team Comp 1,A Group,,,,,,,,,,4 Attempts - 20 Races total,18,Go to Submit page,,,,,,,,,,,,,,,A Finals,12185,Re-use Day 4 - Team Comp 1 as Finals Team Comp,,,,,,,,,,https://drive.google.com/open?id=19ZlBy5j_y0ozeS4tEldzrn7QlgmAr_r7,1st,,,,,,,,,,,Yes,Just hit,,,,0,2,12,0,0,
9/2/2026 22:39:02,C#,Graded (No Uma Restrictions),Get into A finals,I accept these terms,Finals,Android - phone or tablet,$1-100,810,11-20 (roughly 2-3 per day),"Discord - MooMooCord - https://discord.gg/Hc7cP9GB, YouTube - MooMooCows - https://www.youtube.com/@MooMooCows",,,Maruzensky (Summer),Front Runner,Ace built for this CM before CM start in Grand Concert scenario,2,0,0,0,3,1,0,Mihono Bourbon (Valentine),Front Runner,Ace built for this CM before CM start in Grand Concert scenario,3,0,0,0,2,1,0,Grass Wonder,End Closer,Debuffer,,,,,,,,4 Attempts - 20 Races total,17,Go to Submit page,,,,,,,,,,,,,,Re-use Day 1 - Team Comp 1 as Day 2 - Team Comp 1,,,,,,,,,,4 Attempts - 20 Races total,14,Go to Submit page,,,,,,,,,,,,,,,Re-use Day 2 - Team Comp 1 as Day 3 - Team Comp 1,A Group,,,,,,,,,,4 Attempts - 20 Races total,14,Go to Submit page,,,,,,,,,,,,,,,Re-use Day 3 - Team Comp 1 as Day 4 - Team Comp 1,A Group,,,,,,,,,,4 Attempts - 20 Races total,12,Go to Submit page,,,,,,,,,,,,,,,A Finals,13445,Re-use Day 4 - Team Comp 1 as Finals Team Comp,,,,,,,,,,https://drive.google.com/open?id=1mrd16Az42JQ05S2cQbSUcgFP6sIiCaY9,1st,,,,,,,,,,,No,,https://drive.google.com/open?id=16QZkapro-B1GVbmEcMvoxItg9ru2fQSy,https://drive.google.com/open?id=1Mum_5bIWmauaQJ_lMpGCr_loU1YWJCq8,,,,,,,https://drive.google.com/open?id=1dPDLzLtb_w-byG-FEsREqz8NijPDuDLO
9/2/2026 17:39:50,IanDakar,Graded (No Uma Restrictions),Get into A finals,I accept these terms,Finals,Android - phone or tablet,$1-100,1431,31-45 (roughly 5-6 per day),,,,Daiwa Scarlet,Front Runner,Ace built for this CM before CM start in Grand Concert scenario,3,0,0,0,2,1,0,Taiki Shuttle,Front Runner,Ace built for this CM before CM start in Grand Concert scenario,3,0,0,0,2,1,0,Silence Suzuka,Runaway,Blocker/Overtake target/Throwaway/Niche role,1,1,0,0,4,0,0,3 Attempts - 15 Races total,9,Go to Submit page,,,,,,,,,,,,,,Re-use Day 1 - Team Comp 1 as Day 2 - Team Comp 1,,,,,,,,,,3 Attempts - 15 Races total,7,Go to Submit page,,,,,,,,,,,,,,,Re-use Day 2 - Team Comp 1 as Day 3 - Team Comp 1,A Group,,,,,,,,,,4 Attempts - 20 Races total,9,Go to Submit page,,,,,,,,,,,,,,,Re-use Day 3 - Team Comp 1 as Day 4 - Team Comp 1,A Group,,,,,,,,,,4 Attempts - 20 Races total,10,Go to Submit page,,,,,,,,,,,,,,,A Finals,10638,Re-use Day 4 - Team Comp 1 as Finals Team Comp,,,,,,,,,,https://drive.google.com/open?id=1NVh1Wl_PlJCbpFft9kbpl6FDft_Y_-Ab,1st,,,,,,,,,,,Yes,It took 6 years to build a rocket that could go to the moon.  It took one to build one to slay a demon. ,https://drive.google.com/open?id=17ucF3tWl7ENK3qPM1pFH5LJ8aCHdsFlb,https://drive.google.com/open?id=1ryMSZHJ62F8mDwI3UQV8laVcyRjUMdNJ,,0,4,11,0,0,https://drive.google.com/open?id=1nfDL9CIyt-XHPyGKR7UM5-_15rLjPUxi
8/30/2026 15:57:22,FalKs,Graded (No Uma Restrictions),Win A finals,I accept these terms,Day 3,"Android - phone or tablet, Windows",$101-500,1655,31-45 (roughly 5-6 per day),Discord - MooMooCord - https://discord.gg/Hc7cP9GB,5,,Oguri Cap,Pace Chaser,Ace built for this CM before CM start in Grand Concert scenario,3,,,,2,1,,Vodka,Late Surger,Ace built for this CM before CM start in Grand Concert scenario,3,,,,2,1,,Agnes Digital,Late Surger,Ace built for this CM before CM start in Grand Concert scenario,3,,,,2,1,,4 Attempts - 20 Races total,13,Go to Submit page,,,,,,,,,,,,,,Re-use Day 1 - Team Comp 1 as Day 2 - Team Comp 1,,,,,,,,,,4 Attempts - 20 Races total,18,Go to Submit page,,,,,,,,,,,,,,,Re-use Day 2 - Team Comp 1 as Day 3 - Team Comp 1,A Group,,,,,,,,,,4 Attempts - 20 Races total,13,Go to Submit page,,,,,,,,,,,,,,,,,,,,,,,,,,,,,,,,,,,,,,,,,,,,,,,,,,,,,,,,,,,,,,,,,,,,,,,,,,,,,
9/2/2026 17:12:31,Nazhaz@MMC,Graded (No Uma Restrictions),Get into A finals,I accept these terms,Finals,Windows,$101-500,1797,46+ (more than 6 per day),Discord - MooMooCord - https://discord.gg/Hc7cP9GB,5,,Seiun Sky,Front Runner,Ace built for this CM before CM start in Grand Concert scenario,3,0,0,0,2,1,0,Mihono Bourbon (Valentine),Front Runner,Ace built for this CM before CM start in Grand Concert scenario,2,0,0,0,3,1,0,Grass Wonder,End Closer,Debuffer,2,0,0,0,3,0,1,4 Attempts - 20 Races total,15,Go to Submit page,,,,,,,,,,,,,,Re-use Day 1 - Team Comp 1 as Day 2 - Team Comp 1,,,,,,,,,,4 Attempts - 20 Races total,16,Go to Submit page,,,,,,,,,,,,,,,Re-use Day 2 - Team Comp 1 as Day 3 - Team Comp 1,A Group,,,,,,,,,,4 Attempts - 20 Races total,12,Go to Submit page,,,,,,,,,,,,,,,Re-use Day 3 - Team Comp 1 as Day 4 - Team Comp 1,A Group,,,,,,,,,,4 Attempts - 20 Races total,12,Go to Submit page,,,,,,,,,,,,,,,A Finals,11025,Re-use Day 4 - Team Comp 1 as Finals Team Comp,,,,,,,,,,https://drive.google.com/open?id=1xRZibUoltA-0OQ0fGFBFrrsL0grOBc-h,1st,,,,,,,,,,,No,,https://drive.google.com/open?id=1BWacTzAyXKvqEEnxviCTBHibON4PYM5j,https://drive.google.com/open?id=14t34DTyRkG233ZH3wocD7Z6dd7pZdJBs,,0,5,4,1,2,https://drive.google.com/open?id=1Pw0tFJnq0ptaA02bsQ25lhANfniKC8wD
8/31/2026 16:12:14,Arfixy,Graded (No Uma Restrictions),Get into A finals,I accept these terms,Day 4,Windows,$1-100,1823,46+ (more than 6 per day),Friend sent me the link,5,,Aston Machan,Front Runner,Ace built for this CM before CM start in Grand Concert scenario,3,0,0,0,2,1,0,Seiun Sky,Front Runner,Ace built for this CM before CM start in Grand Concert scenario,3,0,0,0,2,1,0,Oguri Cap (Christmas),End Closer,Ace built for this CM before CM start in Grand Concert scenario,2,0,1,0,2,1,0,4 Attempts - 20 Races total,16,Go to Submit page,,,,,,,,,,,,,,Re-use Day 1 - Team Comp 1 as Day 2 - Team Comp 1,,,,,,,,,,4 Attempts - 20 Races total,16,Go to Submit page,,,,,,,,,,,,,,,Re-use Day 2 - Team Comp 1 as Day 3 - Team Comp 1,A Group,,,,,,,,,,4 Attempts - 20 Races total,15,Go to Submit page,,,,,,,,,,,,,,,Re-use Day 3 - Team Comp 1 as Day 4 - Team Comp 1,A Group,,,,,,,,,,4 Attempts - 20 Races total,15,Go to Submit page,,,,,,,,,,,,,,,,,,,,,,,,,,,,,,,,,,,,,,,,,,,,,,,,,
8/30/2026 15:29:07,Plati,Graded (No Uma Restrictions),Get into A finals,I accept these terms,Day 2,"Android - phone or tablet, Windows",$101-500,2000+,21-30 (roughly 3-4 per day),Discord - MooMooCord - https://discord.gg/Hc7cP9GB,,,Fine Motion (Wedding),Pace Chaser,Ace built for this CM before CM start in Grand Concert scenario,,,,,,,,Taiki Shuttle (Camping),Pace Chaser,Ace built for this CM before CM start in Grand Concert scenario,,,,,,,,Oguri Cap (Christmas),End Closer,Ace built for this CM before CM start in Grand Concert scenario,,,,,,,,4 Attempts - 20 Races total,14,Go to Submit page,,,,,,,,,,,,,,Add new Team Comp as Day 2 - Team Comp 1,Fine Motion (Wedding),Pace Chaser,Ace built for this CM before CM start in Grand Concert scenario,Oguri Cap (Christmas),End Closer,Ace built for this CM before CM start in Grand Concert scenario,Symboli Rudolf,End Closer,Debuffer,4 Attempts - 20 Races total,17,Day 3,,,,,,,,,,,,,,,Re-use Day 2 - Team Comp 2 as Day 3 - Team Comp 1,A Group,,,,,,,,,,4 Attempts - 20 Races total,12,Go to Submit page,,,,,,,,,,,,,,,,,,,,,,,,,,,,,,,,,,,,,,,,,,,,,,,,,,,,,,,,,,,,,,,,,,,,,,,,,,,,,
8/28/2026 18:21:15,Downtoplaybass,Graded (No Uma Restrictions),Win A finals,I accept these terms,Day 1,"Android - phone or tablet, Windows",$101-500,700~,11-20 (roughly 2-3 per day),Discord - MooMooCord - https://discord.gg/Hc7cP9GB,5,,Nishino Flower,Pace Chaser,Ace built for this CM before CM start in Grand Concert scenario,3,0,0,0,2,1,0,Sweep Tosho,End Closer,Ace built for this CM before CM start in Grand Concert scenario,3,0,0,0,2,1,0,Haru Urara (New Year),Late Surger,Ace built for this CM before CM start in Grand Concert scenario,3,0,0,0,2,1,0,4 Attempts - 20 Races total,17,Go to Submit page,,,,,,,,,,,,,,,,,,,,,,,,,,,,,,,,,,,,,,,,,,,,,,,,,,,,,,,,,,,,,,,,,,,,,,,,,,,,,,,,,,,,,,,,,,,,,,,,,,,,,,,,,,,,,,,,,,,,,,,,,,,,,,,,,,,
8/31/2026 19:21:37,Earthwork@Jim,Graded (No Uma Restrictions),Get into A finals,I accept these terms,Day 2,,$501-1000,,21-30 (roughly 3-4 per day),Discord - MooMooCord - https://discord.gg/Hc7cP9GB,4,,Fine Motion (Wedding),Pace Chaser,Ace built for this CM before CM start in Grand Concert scenario,3,1,,,1,1,,Agnes Tachyon,Late Surger,Debuffer,2,1,,,6,,,Agnes Digital,Late Surger,Ace built for this CM before CM start in Grand Concert scenario,2,,1,,2,1,,4 Attempts - 20 Races total,15,Go to Submit page,,,,,,,,,,,,,,Re-use Day 1 - Team Comp 1 as Day 2 - Team Comp 1,,,,,,,,,,4 Attempts - 20 Races total,11,Day 3,,,,,,,,,,,,,,,Re-use Day 2 - Team Comp 1 as Day 3 - Team Comp 1,A Group,,,,,,,,,,4 Attempts - 20 Races total,12,Day 4,,,,,,,,,,,,,,,Re-use Day 3 - Team Comp 1 as Day 4 - Team Comp 1,A Group,,,,,,,,,,4 Attempts - 20 Races total,12,Go to Submit page,,,,,,,,,,,,,,,,,,,,,,,,,,,,,,,,,,,,,,,,,,,,,,,,,
9/2/2026 15:54:00,Chrll,Graded (No Uma Restrictions),Get into A finals,I accept these terms,Finals,"Android - phone or tablet, Windows",$1001-5000,3437,46+ (more than 6 per day),Discord - MooMooCord - https://discord.gg/Hc7cP9GB,5,,Mejiro McQueen,Pace Chaser,Ace built for this CM before CM start in Grand Concert scenario,3,0,0,0,2,1,0,Nishino Flower,Pace Chaser,Ace built for this CM before CM start in Grand Concert scenario,3,0,0,0,2,1,0,Seiun Sky,Front Runner,Ace built for this CM before CM start in Grand Concert scenario,3,0,0,0,2,1,0,4 Attempts - 20 Races total,17,Go to Submit page,,,,,,,,,,,,,,Re-use Day 1 - Team Comp 1 as Day 2 - Team Comp 1,,,,,,,,,,4 Attempts - 20 Races total,15,Go to Submit page,,,,,,,,,,,,,,,Re-use Day 2 - Team Comp 1 as Day 3 - Team Comp 1,A Group,,,,,,,,,,4 Attempts - 20 Races total,16,Go to Submit page,,,,,,,,,,,,,,,Re-use Day 3 - Team Comp 1 as Day 4 - Team Comp 1,A Group,,,,,,,,,,4 Attempts - 20 Races total,18,Go to Submit page,,,,,,,,,,,,,,,A Finals,8534,Re-use Day 4 - Team Comp 1 as Finals Team Comp,,,,,,,,,,https://drive.google.com/open?id=1hZFhwKP4Hkqlxii0CJxkZmAUGGLAn0vP,1st,,,,,,,,,,,Yes,Slime runaway!,https://drive.google.com/open?id=1NDpsJWQWOxJh7YzNXf7Q8ls6XXPSAoww,https://drive.google.com/open?id=1kiN2Mx31DTeFkUh1iRgLfUprZbCV4FBh,,0,6,6,0,3,https://drive.google.com/open?id=1UN4ziRrgkQ1AfnUwiSHAo-cA5puHtfR7
9/2/2026 15:03:03,Wully,Graded (No Uma Restrictions),Win A finals,I accept these terms,Finals,Windows,$1001-5000,,21-30 (roughly 3-4 per day),,,,Vodka,Late Surger,Ace built for this CM before CM start in Grand Concert scenario,2,,1,,2,1,,Nishino Flower,Pace Chaser,Ace built for this CM before CM start in Grand Concert scenario,3,,,,2,1,,Silence Suzuka,Runaway,Ace built for this CM before CM start in Grand Concert scenario,3,,,,2,1,,4 Attempts - 20 Races total,14,Go to Submit page,,,,,,,,,,,,,,Re-use Day 1 - Team Comp 1 as Day 2 - Team Comp 1,,,,,,,,,,4 Attempts - 20 Races total,18,Go to Submit page,,,,,,,,,,,,,,,Re-use Day 2 - Team Comp 1 as Day 3 - Team Comp 1,A Group,,,,,,,,,,4 Attempts - 20 Races total,18,Go to Submit page,,,,,,,,,,,,,,,Re-use Day 3 - Team Comp 1 as Day 4 - Team Comp 1,A Group,,,,,,,,,,4 Attempts - 20 Races total,13,Go to Submit page,,,,,,,,,,,,,,,A Finals,,Re-use Day 4 - Team Comp 1 as Finals Team Comp,,,,,,,,,,,3rd,No (goes to Submit page),,,,,,,,,,,,,,,,,,,,
9/2/2026 16:03:12,Sion,Graded (No Uma Restrictions),Win A finals,I accept these terms,Finals,"Android - phone or tablet, Windows",$1-100,1322,46+ (more than 6 per day),Discord - MooMooCord - https://discord.gg/Hc7cP9GB,,,Silence Suzuka,Runaway,Ace built for this CM before CM start in Grand Concert scenario,3,0,0,0,2,1,0,Mihono Bourbon (Valentine),Front Runner,Ace built for this CM before CM start in Grand Concert scenario,3,0,0,,2,1,0,Taiki Shuttle (Camping),Pace Chaser,Ace built for this CM before CM start in Grand Concert scenario,3,0,0,0,2,1,0,4 Attempts - 20 Races total,13,Go to Submit page,,,,,,,,,,,,,,Re-use Day 1 - Team Comp 1 as Day 2 - Team Comp 1,,,,,,,,,,4 Attempts - 20 Races total,17,Go to Submit page,,,,,,,,,,,,,,,Re-use Day 2 - Team Comp 1 as Day 3 - Team Comp 1,A Group,,,,,,,,,,4 Attempts - 20 Races total,12,Go to Submit page,,,,,,,,,,,,,,,Re-use Day 3 - Team Comp 1 as Day 4 - Team Comp 1,A Group,,,,,,,,,,4 Attempts - 20 Races total,10,Go to Submit page,,,,,,,,,,,,,,,A Finals,14036,Re-use Day 4 - Team Comp 1 as Finals Team Comp,,,,,,,,,,https://drive.google.com/open?id=1Ww--_PSQMcE5W-OEEI06dUd6RxQpnVqb,1st,,,,,,,,,,,No,,https://drive.google.com/open?id=1AQaF0xETVpV3LshltCACM3tXvJ86n2Km,https://drive.google.com/open?id=1YdYQ7i76STDCrqXnfih_1lTF_DPlCDt2,,,9,3,,3,https://drive.google.com/open?id=19RdeKdwDKaW-qz71hsnvKRumXBD0KMQp
9/2/2026 15:25:18,Ika,Graded (No Uma Restrictions),Get into A finals,I accept these terms,Finals,Android - phone or tablet,$101-500,2426,11-20 (roughly 2-3 per day),YouTube - MooMooCows - https://www.youtube.com/@MooMooCows,5,,Seiun Sky,Front Runner,Ace built for this CM before CM start in Grand Concert scenario,3,,,,2,1,,Nishino Flower,Pace Chaser,Ace built for this CM before CM start in Grand Concert scenario,3,,,,2,1,,Grass Wonder,Late Surger,Ace built for this CM before CM start in Grand Concert scenario,3,,,,2,1,,4 Attempts - 20 Races total,15,Day 2,,,,,,,,,,,,,,Add new Team Comp as Day 2 - Team Comp 1,Seiun Sky,Front Runner,Ace built for this CM before CM start in Grand Concert scenario,Nishino Flower,Pace Chaser,Ace built for this CM before CM start in Grand Concert scenario,Grass Wonder,Late Surger,Mid-CM Ace build in Grand Concert scenario,4 Attempts - 20 Races total,19,Day 3,,,,,,,,,,,,,,,Re-use Day 2 - Team Comp 1 as Day 3 - Team Comp 1,A Group,,,,,,,,,,4 Attempts - 20 Races total,13,Go to Submit page,,,,,,,,,,,,,,,Re-use Day 3 - Team Comp 1 as Day 4 - Team Comp 1,A Group,,,,,,,,,,4 Attempts - 20 Races total,14,Go to Submit page,,,,,,,,,,,,,,,A Finals,9690,Re-use Day 4 - Team Comp 1 as Finals Team Comp,,,,,,,,,,https://drive.google.com/open?id=14yS37_GBM4X52kqyfaop_O56LIpFF7Hs,1st,,,,,,,,,,,No,,https://drive.google.com/open?id=14Dqp7pU_WboksaOtdDxP9RCIllBWvSiq,https://drive.google.com/open?id=1lh3rh9l2qV7FjYc6xC2zSjuHja9YguSi,,,9,3,2,2,https://drive.google.com/open?id=1tW3D5igaCrY2YqCnsxsIJ9PBv8EY1lYr
9/2/2026 15:35:47,Luxter,Graded (No Uma Restrictions),Win A finals,I accept these terms,Finals,"Android - phone or tablet, Windows",$101-500,1772,21-30 (roughly 3-4 per day),Discord - MooMooCord - https://discord.gg/Hc7cP9GB,5,,Oguri Cap,Pace Chaser,Ace built for this CM before CM start in Grand Concert scenario,2,0,0,0,3,1,0,Agnes Tachyon,Late Surger,Debuffer,,,,,,,,Grass Wonder,Late Surger,Debuffer,,,,,,,,4 Attempts - 20 Races total,13,Go to Submit page,,,,,,,,,,,,,,Add new Team Comp as Day 2 - Team Comp 1,Oguri Cap,Pace Chaser,Mid-CM Ace build in Grand Concert scenario,Agnes Tachyon,Late Surger,Debuffer,Grass Wonder,Late Surger,Debuffer,4 Attempts - 20 Races total,14,Go to Submit page,,,,,,,,,,,,,,,Re-use Day 2 - Team Comp 2 as Day 3 - Team Comp 1,A Group,,,,,,,,,,4 Attempts - 20 Races total,11,Go to Submit page,,,,,,,,,,,,,,,Re-use Day 3 - Team Comp 1 as Day 4 - Team Comp 1,A Group,,,,,,,,,,4 Attempts - 20 Races total,11,Go to Submit page,,,,,,,,,,,,,,,A Finals,9410,Re-use Day 4 - Team Comp 1 as Finals Team Comp,,,,,,,,,,https://drive.google.com/open?id=18DGlAfbrJOGizxWwxa2wWJ11P7E69YNZ,2nd,No (goes to Submit page),,,,,,,,,,,,,,,,,,,,
9/2/2026 16:08:26,Nogamy,Graded (No Uma Restrictions),Get into A finals,I accept these terms,Finals,"Android - phone or tablet, Windows",$501-1000,1464,46+ (more than 6 per day),Discord - MooMooCord - https://discord.gg/Hc7cP9GB,,,Mayano Top Gun (Wedding),Late Surger,Ace built for this CM before CM start in Grand Concert scenario,3,0,0,0,2,1,0,Nishino Flower,Pace Chaser,Ace built for this CM before CM start in Grand Concert scenario,3,0,0,0,2,1,0,Oguri Cap (Christmas),End Closer,Ace built for this CM before CM start in Grand Concert scenario,2,0,1,0,2,1,0,4 Attempts - 20 Races total,17,Go to Submit page,,,,,,,,,,,,,,Re-use Day 1 - Team Comp 1 as Day 2 - Team Comp 1,,,,,,,,,,4 Attempts - 20 Races total,18,Go to Submit page,,,,,,,,,,,,,,,Re-use Day 2 - Team Comp 1 as Day 3 - Team Comp 1,A Group,,,,,,,,,,4 Attempts - 20 Races total,15,Go to Submit page,,,,,,,,,,,,,,,Re-use Day 3 - Team Comp 1 as Day 4 - Team Comp 1,A Group,,,,,,,,,,4 Attempts - 20 Races total,14,Go to Submit page,,,,,,,,,,,,,,,A Finals,11197,Re-use Day 4 - Team Comp 1 as Finals Team Comp,,,,,,,,,,https://drive.google.com/open?id=16HaIcFl2bJ9S7yi4G-BpGIYNVftnRDKd,1st,,,,,,,,,,,Yes,1 billion years in the parent looping mines paid off!,https://drive.google.com/open?id=1YTrLXtzi9-3TpS7NUr5UN1cM3mpoJhmQ,https://drive.google.com/open?id=1XTRkMFADBwBHcOzjA2ionaQHBPsgMWHa,,2,8,0,0,2,https://drive.google.com/open?id=1Wn-NWMDgqxJHf5B0anaaZB9yMYMRNUF-
9/2/2026 17:39:11,SusPyro,Graded (No Uma Restrictions),Win A finals,I accept these terms,Finals,"Android - phone or tablet, Windows",$0,1446,31-45 (roughly 5-6 per day),Discord - MooMooCord - https://discord.gg/Hc7cP9GB,4,,Fine Motion,Pace Chaser,Ace built for this CM before CM start in Grand Concert scenario,3,0,0,0,2,1,0,Sweep Tosho,End Closer,Ace built for this CM before CM start in Grand Concert scenario,2,0,1,0,2,1,0,Nishino Flower,Pace Chaser,Ace built for this CM before CM start in Grand Concert scenario,3,0,0,0,2,2,0,4 Attempts - 20 Races total,16,Go to Submit page,,,,,,,,,,,,,,Re-use Day 1 - Team Comp 1 as Day 2 - Team Comp 1,,,,,,,,,,4 Attempts - 20 Races total,17,Go to Submit page,,,,,,,,,,,,,,,Re-use Day 2 - Team Comp 1 as Day 3 - Team Comp 1,A Group,,,,,,,,,,4 Attempts - 20 Races total,16,Go to Submit page,,,,,,,,,,,,,,,Re-use Day 3 - Team Comp 1 as Day 4 - Team Comp 1,A Group,,,,,,,,,,4 Attempts - 20 Races total,11,Go to Submit page,,,,,,,,,,,,,,,A Finals,10910,Re-use Day 4 - Team Comp 1 as Finals Team Comp,,,,,,,,,,https://drive.google.com/open?id=1zZdrlK7BaFkbDzakKOE8jNJPk9iYvuZY,1st,,,,,,,,,,,No,,https://drive.google.com/open?id=1K2nyDGfjDkUXUhRILHT6d5wlpg5BfM3i,,,3,5,5,0,0,https://drive.google.com/open?id=1qyWdjaNQs6-J38sWOZ4X_GizA0v7qs9D
9/2/2026 19:06:21,bowotan,Graded (No Uma Restrictions),Win A finals,I accept these terms,Finals,"Android - phone or tablet, Windows",$1001-5000,2165,31-45 (roughly 5-6 per day),Discord - MooMooCord - https://discord.gg/Hc7cP9GB,,,Rice Shower (Halloween),Pace Chaser,Ace built for this CM before CM start in Grand Concert scenario,3,,1,,1,1,,Meisho Doto (Halloween),Pace Chaser,Ace built for this CM before CM start in Grand Concert scenario,3,,,,2,1,,Agnes Digital (Halloween),Late Surger,Ace built for this CM before CM start in Grand Concert scenario,3,,,,2,1,,4 Attempts - 20 Races total,15,Go to Submit page,,,,,,,,,,,,,,Re-use Day 1 - Team Comp 1 as Day 2 - Team Comp 1,,,,,,,,,,4 Attempts - 20 Races total,14,Go to Submit page,,,,,,,,,,,,,,,Re-use Day 2 - Team Comp 1 as Day 3 - Team Comp 1,A Group,,,,,,,,,,4 Attempts - 20 Races total,9,Go to Submit page,,,,,,,,,,,,,,,Re-use Day 3 - Team Comp 1 as Day 4 - Team Comp 1,A Group,,,,,,,,,,4 Attempts - 20 Races total,12,Go to Submit page,,,,,,,,,,,,,,,A Finals,9034,Re-use Day 4 - Team Comp 1 as Finals Team Comp,,,,,,,,,,https://drive.google.com/open?id=1U_01NredIlO7Wv6lF2WhcLOCRr5Ing2h,1st,,,,,,,,,,,Yes,awawa,https://drive.google.com/open?id=1IQpByovgND83MQSrSrarbV3SxWVh8RZ1,https://drive.google.com/open?id=1YVy6PfdmsC6Mp9B45RMP_-8P88aLvxXK,,2,8,3,,3,https://drive.google.com/open?id=1XWVvs913eyUKE9zbWo_Uo050i9w0bEuq
9/2/2026 15:53:09,SolemnLament,Graded (No Uma Restrictions),Win A finals,I accept these terms,Finals,iOS - phone or tablet,$1001-5000,,31-45 (roughly 5-6 per day),,,,Seiun Sky,Front Runner,Ace built for this CM before CM start in Grand Concert scenario,,,,,,,,Oguri Cap (Christmas),End Closer,Ace built for this CM before CM start in Grand Concert scenario,,,,,,,,Narita Taishin,End Closer,Ace built for this CM before CM start in Grand Concert scenario,,,,,,,,4 Attempts - 20 Races total,17,Go to Submit page,,,,,,,,,,,,,,Re-use Day 1 - Team Comp 1 as Day 2 - Team Comp 1,,,,,,,,,,4 Attempts - 20 Races total,16,Go to Submit page,,,,,,,,,,,,,,,Re-use Day 2 - Team Comp 1 as Day 3 - Team Comp 1,A Group,,,,,,,,,,4 Attempts - 20 Races total,15,Go to Submit page,,,,,,,,,,,,,,,Re-use Day 3 - Team Comp 1 as Day 4 - Team Comp 1,A Group,,,,,,,,,,4 Attempts - 20 Races total,13,Go to Submit page,,,,,,,,,,,,,,,A Finals,9557,Re-use Day 4 - Team Comp 1 as Finals Team Comp,,,,,,,,,,https://drive.google.com/open?id=1ysTY0jT4tH-Ybwn2eri3AZiSCI43BRUZ,1st,,,,,,,,,,,No,,,,,,,,,,
9/2/2026 15:29:52,DanFPS,Graded (No Uma Restrictions),Win A finals,I accept these terms,Finals,Windows,Rather not say,2113,31-45 (roughly 5-6 per day),Discord - MooMooCord - https://discord.gg/Hc7cP9GB,5,,Mihono Bourbon (Valentine),Front Runner,Ace built for this CM before CM start in Grand Concert scenario,3,,,,2,0,,Maruzensky (Summer),Front Runner,Ace built for this CM before CM start in Grand Concert scenario,3,,,,2,0,,Oguri Cap,Pace Chaser,Ace built for this CM before CM start in Grand Concert scenario,3,,,,2,0,,4 Attempts - 20 Races total,19,Go to Submit page,,,,,,,,,,,,,,Re-use Day 1 - Team Comp 1 as Day 2 - Team Comp 1,,,,,,,,,,4 Attempts - 20 Races total,17,Go to Submit page,,,,,,,,,,,,,,,Re-use Day 2 - Team Comp 1 as Day 3 - Team Comp 1,A Group,,,,,,,,,,4 Attempts - 20 Races total,13,Go to Submit page,,,,,,,,,,,,,,,Re-use Day 3 - Team Comp 1 as Day 4 - Team Comp 1,A Group,,,,,,,,,,4 Attempts - 20 Races total,13,Go to Submit page,,,,,,,,,,,,,,,A Finals,12438,Re-use Day 4 - Team Comp 1 as Finals Team Comp,,,,,,,,,,https://drive.google.com/open?id=1hhzLomQafphbEdGvheReBqVsqBRK7U5x,1st,,,,,,,,,,,No,,https://drive.google.com/open?id=1rMxCJpmsNvyUTvc0i3iIZET8VLlbYzX_,https://drive.google.com/open?id=14oiRokAjnesp9Mi9PxDG_IiZMOF4vMbv,,,9,8,,,https://drive.google.com/open?id=1kvDQ33iN78jORNx8FzrRE_yhAEXbahGa
9/2/2026 19:46:43,Prearo,Graded (No Uma Restrictions),Win A finals,I accept these terms,Finals,,,,,,,,Silence Suzuka,Runaway,Debuffer,1,0,1,1,3,0,0,Seiun Sky,Front Runner,Ace built for this CM before CM start in Grand Concert scenario,3,0,0,0,2,1,0,Mihono Bourbon (Valentine),Front Runner,Ace built for this CM before CM start in Grand Concert scenario,3,0,0,0,2,1,0,4 Attempts - 20 Races total,18,Go to Submit page,,,,,,,,,,,,,,Re-use Day 1 - Team Comp 1 as Day 2 - Team Comp 1,,,,,,,,,,4 Attempts - 20 Races total,14,Go to Submit page,,,,,,,,,,,,,,,Re-use Day 2 - Team Comp 1 as Day 3 - Team Comp 1,A Group,,,,,,,,,,4 Attempts - 20 Races total,13,Go to Submit page,,,,,,,,,,,,,,,Re-use Day 3 - Team Comp 1 as Day 4 - Team Comp 1,A Group,,,,,,,,,,4 Attempts - 20 Races total,16,Go to Submit page,,,,,,,,,,,,,,,A Finals,10208,Re-use Day 4 - Team Comp 1 as Finals Team Comp,,,,,,,,,,https://drive.google.com/open?id=1MZyyGMqC-vhghEixFYp-ImB4F6NLH7p7,1st,,,,,,,,,,,No,,https://drive.google.com/open?id=1mF7Z2tQHv8leDCWwNufwDReKj_-pZds6,https://drive.google.com/open?id=1yW_Hh13nNdFie3nQFx6sB1cICzJ1uBf3,,3,3,11,0,0,https://drive.google.com/open?id=1YWqEIsGuim1fuoMRsFr9yyil-RPV4QdU
9/2/2026 18:51:10,firekirin,Graded (No Uma Restrictions),Get into A finals,I accept these terms,Finals,Windows,$0,1316,31-45 (roughly 5-6 per day),Discord - MooMooCord - https://discord.gg/Hc7cP9GB,,,Agnes Tachyon,Pace Chaser,Ace built for this CM before CM start in Grand Concert scenario,3,0,0,0,2,1,0,Nishino Flower,Pace Chaser,Ace built for this CM before CM start in Grand Concert scenario,3,0,0,0,2,1,0,Silence Suzuka,Runaway,Debuffer,,,,,,,,4 Attempts - 20 Races total,11,Go to Submit page,,,,,,,,,,,,,,Re-use Day 1 - Team Comp 1 as Day 2 - Team Comp 1,,,,,,,,,,4 Attempts - 20 Races total,16,Go to Submit page,,,,,,,,,,,,,,,Re-use Day 2 - Team Comp 1 as Day 3 - Team Comp 1,A Group,,,,,,,,,,4 Attempts - 20 Races total,11,Go to Submit page,,,,,,,,,,,,,,,Re-use Day 3 - Team Comp 1 as Day 4 - Team Comp 1,A Group,,,,,,,,,,4 Attempts - 20 Races total,8,Go to Submit page,,,,,,,,,,,,,,,A Finals,13189,Re-use Day 4 - Team Comp 1 as Finals Team Comp,,,,,,,,,,https://drive.google.com/open?id=13GT0k5y4LpE5PfVz4B50t3RV3eO7g0VK,1st,,,,,,,,,,,Yes,tachyon!! <3,https://drive.google.com/open?id=1-twlXL0gFmmP0ILGVC9S0zKDZwBh8glg,https://drive.google.com/open?id=1TFXXV6Xb601gb5Jg_Gj0IeUEPkSTFWYd,,2,5,8,0,0,https://drive.google.com/open?id=1CmrK3D_CoT4qSBT8QxWGTbWVMmE1voUE
9/2/2026 17:51:26,Phantom,Graded (No Uma Restrictions),Win A finals,I accept these terms,Finals,,,,,,,,Mihono Bourbon (Valentine),Front Runner,Ace built for this CM before CM start in Grand Concert scenario,3,,,,1,0,,Seiun Sky,Front Runner,Ace built for this CM before CM start in Grand Concert scenario,3,,,,2,1,,Taiki Shuttle,Pace Chaser,Ace built for this CM before CM start in Grand Concert scenario,3,,,,2,1,,4 Attempts - 20 Races total,14,Go to Submit page,,,,,,,,,,,,,,Re-use Day 1 - Team Comp 1 as Day 2 - Team Comp 1,,,,,,,,,,4 Attempts - 20 Races total,14,Go to Submit page,,,,,,,,,,,,,,,Re-use Day 2 - Team Comp 1 as Day 3 - Team Comp 1,A Group,,,,,,,,,,4 Attempts - 20 Races total,15,Go to Submit page,,,,,,,,,,,,,,,Re-use Day 3 - Team Comp 1 as Day 4 - Team Comp 1,A Group,,,,,,,,,,4 Attempts - 20 Races total,12,Go to Submit page,,,,,,,,,,,,,,,A Finals,10203,Re-use Day 4 - Team Comp 1 as Finals Team Comp,,,,,,,,,,,1st,,,,,,,,,,,No,,,,,,,,,,
9/2/2026 18:18:17,Maurin,Graded (No Uma Restrictions),Get into A finals,I accept these terms,Finals,iOS - phone or tablet,$0,391,11-20 (roughly 2-3 per day),Discord - MooMooCord - https://discord.gg/Hc7cP9GB,5,,Mihono Bourbon (Valentine),Front Runner,Ace built for this CM before CM start in Grand Concert scenario,3,,,,2,1,,Sakura Chiyono O,Pace Chaser,Ace built for this CM before CM start in Grand Concert scenario,3,,,,2,1,,Air Groove (Wedding),Pace Chaser,Ace built for this CM before CM start in Grand Concert scenario,3,,,,2,1,,4 Attempts - 20 Races total,11,Day 2,,,,,,,,,,,,,,Re-use Day 1 - Team Comp 1 as Day 2 - Team Comp 1,,,,,,,,,,2 Attempts - 10 Races total,9,Day 2 - Add 2nd Team,Add new Team Comp as Day 2 - Team Comp 2,King Halo (Cheerleader),End Closer,Ace built for this CM before CM start in Grand Concert scenario,Sakura Chiyono O,Pace Chaser,Ace built for this CM before CM start in Grand Concert scenario,Air Groove (Wedding),Pace Chaser,Ace built for this CM before CM start in Grand Concert scenario,2 Attempts - 10 Races total,3,2 teams,Go to Submit page,Re-use Day 2 - Team Comp 1 as Day 3 - Team Comp 1,A Group,,,,,,,,,,4 Attempts - 20 Races total,9,Day 4,,,,,,,,,,,,,,,Add a new Team Comp as Day 4 - Team Comp 1,A Group,Mihono Bourbon (Valentine),Front Runner,Ace built for this CM before CM start in Grand Concert scenario,Sakura Chiyono O,Pace Chaser,Ace built for this CM before CM start in Grand Concert scenario,King Halo (Cheerleader),End Closer,Ace built for this CM before CM start in Grand Concert scenario,4 Attempts - 20 Races total,8,Go to Submit page,,,,,,,,,,,,,,,A Finals,11276,Add new Team Comp as Finals Team Comp,Sakura Chiyono O,Pace Chaser,Ace built for this CM before CM start in Grand Concert scenario,Mihono Bourbon (Valentine),Front Runner,Ace built for this CM before CM start in Grand Concert scenario,Air Groove (Wedding),Pace Chaser,Ace built for this CM before CM start in Grand Concert scenario,https://drive.google.com/open?id=12JwKqHei9pVk8CJ6C3Rm35PqKrat1rhh,3rd,No (goes to Submit page),,,,,,,,,,,,,,,,,,,,
9/2/2026 21:21:02,thecrecarc,Graded (No Uma Restrictions),Win A finals,I accept these terms,Day 4,,$1-100,,,,,,Symboli Rudolf (Festival),Pace Chaser,Ace built for this CM before CM start in Grand Concert scenario,2,,1,,2,1,,Nishino Flower,Late Surger,Ace built for this CM before CM start in Grand Concert scenario,2,,1,,2,1,,Grass Wonder,End Closer,Debuffer,,,,,,,,4 Attempts - 20 Races total,17,Day 2,,,,,,,,,,,,,,Re-use Day 1 - Team Comp 1 as Day 2 - Team Comp 1,,,,,,,,,,4 Attempts - 20 Races total,13,Go to Submit page,,,,,,,,,,,,,,,Re-use Day 2 - Team Comp 1 as Day 3 - Team Comp 1,A Group,,,,,,,,,,4 Attempts - 20 Races total,15,Go to Submit page,,,,,,,,,,,,,,,Re-use Day 3 - Team Comp 1 as Day 4 - Team Comp 1,A Group,,,,,,,,,,4 Attempts - 20 Races total,14,Finals,,,,,,,,,,,,,,,A Finals,12309,Re-use Day 4 - Team Comp 1 as Finals Team Comp,,,,,,,,,,https://drive.google.com/open?id=1RxfpdQS3uO6Y4QVp7eD9qd29wAu7y5Uw,1st,,,,,,,,,,,No,,,,,,,,,,
9/2/2026 18:20:21,Zaza,Graded (No Uma Restrictions),Win A finals,I accept these terms,Finals,"Android - phone or tablet, Windows",$101-500,2015,46+ (more than 6 per day),"Discord - MooMooCord - https://discord.gg/Hc7cP9GB, YouTube - MooMooCows - https://www.youtube.com/@MooMooCows",,,Seiun Sky,Front Runner,Ace built for this CM before CM start in Grand Concert scenario,3,,,,2,1,,Mihono Bourbon (Valentine),Front Runner,Ace built for this CM before CM start in Grand Concert scenario,3,,,,2,1,,Agnes Tachyon,Late Surger,Debuffer,2,1,,,2,1,,4 Attempts - 20 Races total,17,Go to Submit page,,,,,,,,,,,,,,Re-use Day 1 - Team Comp 1 as Day 2 - Team Comp 1,,,,,,,,,,4 Attempts - 20 Races total,18,Go to Submit page,,,,,,,,,,,,,,,Re-use Day 2 - Team Comp 1 as Day 3 - Team Comp 1,A Group,,,,,,,,,,4 Attempts - 20 Races total,16,Go to Submit page,,,,,,,,,,,,,,,Re-use Day 3 - Team Comp 1 as Day 4 - Team Comp 1,A Group,,,,,,,,,,4 Attempts - 20 Races total,15,Go to Submit page,,,,,,,,,,,,,,,A Finals,11716,Re-use Day 4 - Team Comp 1 as Finals Team Comp,,,,,,,,,,https://drive.google.com/open?id=1MP1DAt8_J6DJYEl6x9UPLsTD3ZipF7zJ,1st,,,,,,,,,,,No,,https://drive.google.com/open?id=1LYgWNXwTsfnQNYR_0drOM7lBKzPFK9AM,,,,6,7,,,https://drive.google.com/open?id=1khnuN-iFs3kS5I8b502-tsCxxJN-LOn6
9/2/2026 15:33:39,Knighted,Graded (No Uma Restrictions),Win A finals,I accept these terms,Finals,Windows,$1001-5000,1588,46+ (more than 6 per day),Discord - MooMooCord - https://discord.gg/Hc7cP9GB,,,Mayano Top Gun (Wedding),Pace Chaser,Ace built for this CM before CM start in Grand Concert scenario,3,0,0,0,2,1,0,Curren Chan (Wedding),Pace Chaser,Ace built for this CM before CM start in Grand Concert scenario,3,0,0,0,2,1,0,Silence Suzuka,Runaway,Blocker/Overtake target/Throwaway/Niche role,3,0,0,0,2,1,0,4 Attempts - 20 Races total,13,Go to Submit page,,,,,,,,,,,,,,Re-use Day 1 - Team Comp 1 as Day 2 - Team Comp 1,,,,,,,,,,4 Attempts - 20 Races total,17,Go to Submit page,,,,,,,,,,,,,,,Re-use Day 2 - Team Comp 1 as Day 3 - Team Comp 1,A Group,,,,,,,,,,4 Attempts - 20 Races total,10,Go to Submit page,,,,,,,,,,,,,,,Re-use Day 3 - Team Comp 1 as Day 4 - Team Comp 1,A Group,,,,,,,,,,4 Attempts - 20 Races total,12,Go to Submit page,,,,,,,,,,,,,,,A Finals,10372,Re-use Day 4 - Team Comp 1 as Finals Team Comp,,,,,,,,,,https://drive.google.com/open?id=1kCJQMoCqihTEnyGLzxMGInT0IirzwoOS,1st,,,,,,,,,,,Yes,i just wanna see maya win,https://drive.google.com/open?id=1fgfDJvHTMB5CpBumZtvNXPeyDDl-dJlK,https://drive.google.com/open?id=1SqRhimYZULi53EY8DhHOP4CjJ9KgUoso,,1,5,5,0,1,https://drive.google.com/open?id=1YO7RFOzWfzFMTyAGrFBWSL9P0aXowyPI
9/2/2026 18:09:03,Zorem,Graded (No Uma Restrictions),Get into A finals,I accept these terms,Finals,Windows,$501-1000,1427,21-30 (roughly 3-4 per day),Discord - MooMooCord - https://discord.gg/Hc7cP9GB,,,Nishino Flower,Pace Chaser,Ace built for this CM before CM start in Grand Concert scenario,3,,,,2,1,,Fine Motion (Wedding),Pace Chaser,Ace built for this CM before CM start in Grand Concert scenario,3,,,,2,1,,Taiki Shuttle (Camping),Pace Chaser,Ace built for this CM before CM start in Grand Concert scenario,3,,,,2,1,,4 Attempts - 20 Races total,18,Go to Submit page,,,,,,,,,,,,,,Re-use Day 1 - Team Comp 1 as Day 2 - Team Comp 1,,,,,,,,,,2 Attempts - 10 Races total,5,Day 2 - Add 2nd Team,Add new Team Comp as Day 2 - Team Comp 2,Fine Motion (Wedding),Pace Chaser,Ace built for this CM before CM start in Grand Concert scenario,Taiki Shuttle (Camping),Pace Chaser,Ace built for this CM before CM start in Grand Concert scenario,Silence Suzuka,Runaway,Ace built for this CM before CM start in Grand Concert scenario,2 Attempts - 10 Races total,8,2 teams,Go to Submit page,Re-use Day 2 - Team Comp 2 as Day 3 - Team Comp 1,A Group,,,,,,,,,,4 Attempts - 20 Races total,13,Go to Submit page,,,,,,,,,,,,,,,Re-use Day 3 - Team Comp 1 as Day 4 - Team Comp 1,A Group,,,,,,,,,,4 Attempts - 20 Races total,11,Go to Submit page,,,,,,,,,,,,,,,A Finals,14975,Re-use Day 4 - Team Comp 1 as Finals Team Comp,,,,,,,,,,https://drive.google.com/open?id=1buqYlcpqotaldoQYRSlSyzB66XkJ0Wkg,3rd,No (goes to Submit page),,,,,,,,,,,,,,,,,,,,
9/2/2026 16:10:39,Chair,Graded (No Uma Restrictions),Get into A finals,I accept these terms,Finals,Windows,$501-1000,1964,21-30 (roughly 3-4 per day),Discord - MooMooCord - https://discord.gg/Hc7cP9GB,,,Silence Suzuka,Runaway,Ace built for this CM before CM start in Grand Concert scenario,3,,,,2,1,,Mihono Bourbon (Valentine),Front Runner,Ace built for this CM before CM start in Grand Concert scenario,3,,,,2,1,,Yaeno Muteki,Pace Chaser,Ace built for this CM before CM start in Grand Concert scenario,3,,1,,1,1,,4 Attempts - 20 Races total,11,Go to Submit page,,,,,,,,,,,,,,Re-use Day 1 - Team Comp 1 as Day 2 - Team Comp 1,,,,,,,,,,4 Attempts - 20 Races total,10,Go to Submit page,,,,,,,,,,,,,,,Re-use Day 2 - Team Comp 1 as Day 3 - Team Comp 1,A Group,,,,,,,,,,4 Attempts - 20 Races total,5,Go to Submit page,,,,,,,,,,,,,,,Re-use Day 3 - Team Comp 1 as Day 4 - Team Comp 1,A Group,,,,,,,,,,4 Attempts - 20 Races total,10,Go to Submit page,,,,,,,,,,,,,,,A Finals,12576,Re-use Day 4 - Team Comp 1 as Finals Team Comp,,,,,,,,,,https://drive.google.com/open?id=13EQwKAu17z2J_EJWqaIL5t8iBDvfCjTk,3rd,No (goes to Submit page),,,,,,,,,,,,,,,,,,,,
9/2/2026 15:42:42,Robert,Graded (No Uma Restrictions),Win A finals,I accept these terms,Finals,Windows,$0,1849,21-30 (roughly 3-4 per day),Discord - MooMooCord - https://discord.gg/Hc7cP9GB,,,Seeking the Pearl,Pace Chaser,Ace built for this CM before CM start in Grand Concert scenario,3,0,0,0,2,1,0,Agnes Tachyon,Late Surger,Debuffer,1,2,0,0,3,0,0,Grass Wonder,Late Surger,Debuffer,1,2,0,0,3,0,0,4 Attempts - 20 Races total,18,Go to Submit page,,,,,,,,,,,,,,Re-use Day 1 - Team Comp 1 as Day 2 - Team Comp 1,,,,,,,,,,4 Attempts - 20 Races total,18,Go to Submit page,,,,,,,,,,,,,,,Re-use Day 2 - Team Comp 1 as Day 3 - Team Comp 1,A Group,,,,,,,,,,4 Attempts - 20 Races total,13,Go to Submit page,,,,,,,,,,,,,,,Re-use Day 3 - Team Comp 1 as Day 4 - Team Comp 1,A Group,,,,,,,,,,4 Attempts - 20 Races total,14,Go to Submit page,,,,,,,,,,,,,,,A Finals,10668,Re-use Day 4 - Team Comp 1 as Finals Team Comp,,,,,,,,,,https://drive.google.com/open?id=1seSa7tZE78jYfXMxbAYOgq02od2_HQUG,1st,,,,,,,,,,,Yes,There's like 50 other dudes with Pearl. I don't think I'm getting this award.,https://drive.google.com/open?id=1aEyee_wD5cIAMAOkal2LyS7ZXT04Y5SU,https://drive.google.com/open?id=1gA2PysycuC4cX4IOG5gUpbzM7EgPADXY,,3,0,0,0,2,https://drive.google.com/open?id=1Mxd0CxoBjdUhYgViXKsJXwZl4Fu1ZpFP
9/3/2026 11:05:58,asdfhi0588,Graded (No Uma Restrictions),Win A finals,I accept these terms,Finals,"Android - phone or tablet, Windows",$0,1153,21-30 (roughly 3-4 per day),"Discord - MooMooCord - https://discord.gg/Hc7cP9GB, Reddit - /r/umamusumeGame",5,,Vodka,Late Surger,Ace built for this CM before CM start in Grand Concert scenario,3,,,,2,1,,Grass Wonder,End Closer,Debuffer,,,,,,,,Agnes Tachyon,End Closer,Debuffer,,,,,,,,4 Attempts - 20 Races total,12,Go to Submit page,,,,,,,,,,,,,,Re-use Day 1 - Team Comp 1 as Day 2 - Team Comp 1,,,,,,,,,,4 Attempts - 20 Races total,12,Go to Submit page,,,,,,,,,,,,,,,Re-use Day 2 - Team Comp 1 as Day 3 - Team Comp 1,A Group,,,,,,,,,,4 Attempts - 20 Races total,12,Go to Submit page,,,,,,,,,,,,,,,Re-use Day 3 - Team Comp 1 as Day 4 - Team Comp 1,A Group,,,,,,,,,,4 Attempts - 20 Races total,13,Go to Submit page,,,,,,,,,,,,,,,A Finals,7446,Re-use Day 4 - Team Comp 1 as Finals Team Comp,,,,,,,,,,https://drive.google.com/open?id=1VwxpxVRzes7P94qcAUpXmBKRxg35S8hp,2nd,No (goes to Submit page),,,,,,,,,,,,,,,,,,,,
9/2/2026 23:15:34,ShogunShin,Graded (No Uma Restrictions),Win A finals,I accept these terms,Finals,"iOS - phone or tablet, Android - phone or tablet, Windows",$501-1000,1085,21-30 (roughly 3-4 per day),,,,Fuji Kiseki (Ballroom),Pace Chaser,Ace built for this CM before CM start in Grand Concert scenario,,,,,,,,Mejiro Dober (Camping),Late Surger,Ace built for this CM before CM start in Grand Concert scenario,,,,,,,,Taiki Shuttle (Camping),Pace Chaser,Ace built for this CM before CM start in Grand Concert scenario,,,,,,,,4 Attempts - 20 Races total,12,Go to Submit page,,,,,,,,,,,,,,Re-use Day 1 - Team Comp 1 as Day 2 - Team Comp 1,,,,,,,,,,4 Attempts - 20 Races total,10,Go to Submit page,,,,,,,,,,,,,,,Re-use Day 2 - Team Comp 1 as Day 3 - Team Comp 1,A Group,,,,,,,,,,4 Attempts - 20 Races total,11,Go to Submit page,,,,,,,,,,,,,,,Re-use Day 3 - Team Comp 1 as Day 4 - Team Comp 1,A Group,,,,,,,,,,4 Attempts - 20 Races total,12,Go to Submit page,,,,,,,,,,,,,,,A Finals,4762,Re-use Day 4 - Team Comp 1 as Finals Team Comp,,,,,,,,,,https://drive.google.com/open?id=1IXMRwfaOeXceCKxR5ohd_7M2dMFia027,1st,,,,,,,,,,,No,,https://drive.google.com/open?id=1KMMi_KWRuXPPpzfJ8NHjVVmu13dMQ1oz,https://drive.google.com/open?id=1nWQSiiZ9Npk5bpxGmQAHv3-pNhZQoAaP,,3,,2,,,https://drive.google.com/open?id=1klv9O9nX_xfZwxkERC2UaBawboGjyCl8
9/2/2026 19:53:46,Dojyaan,Graded (No Uma Restrictions),Get into A finals,I accept these terms,Finals,"Android - phone or tablet, Windows",$1-100,1334,6-10 (roughly 1 per day),Discord - MooMooCord - https://discord.gg/Hc7cP9GB,4,,Narita Taishin,End Closer,Ace built for this CM before CM start in Grand Concert scenario,2,,1,,2,1,,Tamamo Cross,End Closer,Ace built for older CM,2,,1,,3,,,Oguri Cap,Pace Chaser,Ace built for older CM,1,,,3,2,,,3 Attempts - 15 Races total,8,Go to Submit page,,,,,,,,,,,,,,Re-use Day 1 - Team Comp 1 as Day 2 - Team Comp 1,,,,,,,,,,3 Attempts - 15 Races total,11,Go to Submit page,,,,,,,,,,,,,,,Re-use Day 2 - Team Comp 1 as Day 3 - Team Comp 1,A Group,,,,,,,,,,3 Attempts - 15 Races total,6,Go to Submit page,,,,,,,,,,,,,,,Re-use Day 3 - Team Comp 1 as Day 4 - Team Comp 1,A Group,,,,,,,,,,3 Attempts - 15 Races total,4,Go to Submit page,,,,,,,,,,,,,,,A Finals,9192,Re-use Day 4 - Team Comp 1 as Finals Team Comp,,,,,,,,,,https://drive.google.com/open?id=11tc6YRQbe1B1RpmVZUhinKy8PlkWLxlE,2nd,No (goes to Submit page),,,,,,,,,,,,,,,,,,,,
9/2/2026 18:04:13,Caesar_SPQR,Graded (No Uma Restrictions),Win A finals,I accept these terms,Finals,"iOS - phone or tablet, Windows",$101-500,1193,31-45 (roughly 5-6 per day),Discord - MooMooCord - https://discord.gg/Hc7cP9GB,,,Mejiro Palmer,Runaway,Ace built for this CM before CM start in Grand Concert scenario,3,,,,2,1,,Mihono Bourbon (Valentine),Front Runner,Ace built for this CM before CM start in Grand Concert scenario,3,,,,2,1,,Silence Suzuka,Front Runner,Ace built for this CM before CM start in Grand Concert scenario,3,,,,2,1,,4 Attempts - 20 Races total,12,Go to Submit page,,,,,,,,,,,,,,Re-use Day 1 - Team Comp 1 as Day 2 - Team Comp 1,,,,,,,,,,4 Attempts - 20 Races total,14,Go to Submit page,,,,,,,,,,,,,,,Re-use Day 2 - Team Comp 1 as Day 3 - Team Comp 1,A Group,,,,,,,,,,4 Attempts - 20 Races total,8,Go to Submit page,,,,,,,,,,,,,,,Re-use Day 3 - Team Comp 1 as Day 4 - Team Comp 1,A Group,,,,,,,,,,4 Attempts - 20 Races total,12,Go to Submit page,,,,,,,,,,,,,,,A Finals,11399,Re-use Day 4 - Team Comp 1 as Finals Team Comp,,,,,,,,,,https://drive.google.com/open?id=1lJAQkE4FzzPbKOKx9P0eg66AUYM2vhY5,1st,,,,,,,,,,,No,,https://drive.google.com/open?id=1lU_MD-V_QZXjMR2AI2FPAOAC2KrqWXWN,https://drive.google.com/open?id=1sf5J065eaGI2ryb4cxX9HlA8iYxMI7NN,,2,5,9,,,https://drive.google.com/open?id=1rO27LpX6qX7mSERWiICvZUoxHkBxNSw1
9/2/2026 22:21:33,Umaskyl,Graded (No Uma Restrictions),Win A finals,I accept these terms,Finals,"Android - phone or tablet, Windows",$1-100,1600,31-45 (roughly 5-6 per day),Discord - MooMooCord - https://discord.gg/Hc7cP9GB,,,Mejiro Dober (Camping),Late Surger,Ace built for this CM before CM start in Grand Concert scenario,2,0,1,0,2,1,0,Grass Wonder,End Closer,Debuffer,,,,,,,,Eishin Flash (Valentine),Late Surger,Debuffer,,,,,,,,4 Attempts - 20 Races total,18,Go to Submit page,,,,,,,,,,,,,,Re-use Day 1 - Team Comp 1 as Day 2 - Team Comp 1,,,,,,,,,,4 Attempts - 20 Races total,16,Go to Submit page,,,,,,,,,,,,,,,Re-use Day 2 - Team Comp 1 as Day 3 - Team Comp 1,A Group,,,,,,,,,,4 Attempts - 20 Races total,14,Go to Submit page,,,,,,,,,,,,,,,Re-use Day 3 - Team Comp 1 as Day 4 - Team Comp 1,A Group,,,,,,,,,,4 Attempts - 20 Races total,16,Go to Submit page,,,,,,,,,,,,,,,A Finals,,Re-use Day 4 - Team Comp 1 as Finals Team Comp,,,,,,,,,,,2nd,No (goes to Submit page),,,,,,,,,,,,,,,,,,,,
9/2/2026 18:33:17,Bunkeronii,Graded (No Uma Restrictions),Win A finals,I accept these terms,Finals,Windows,$0,1154,11-20 (roughly 2-3 per day),Discord - MooMooCord - https://discord.gg/Hc7cP9GB,,,Daiwa Scarlet,Pace Chaser,Ace built for this CM before CM start in Grand Concert scenario,3,0,0,0,2,1,,Taiki Shuttle (Camping),Pace Chaser,Ace built for this CM before CM start in Grand Concert scenario,3,0,0,0,2,0,,Agnes Digital,Late Surger,Ace built for this CM before CM start in Grand Concert scenario,3,0,0,0,2,1,,4 Attempts - 20 Races total,14,Go to Submit page,,,,,,,,,,,,,,,,,,,,,,,,,,,,,,,,,,,,,,,,,Re-use Day 2 - Team Comp 1 as Day 3 - Team Comp 1,A Group,,,,,,,,,,4 Attempts - 20 Races total,8,Go to Submit page,,,,,,,,,,,,,,,,,,,,,,,,,,,,,,,,,,,,,,,,,,,A Finals,5877,Re-use Day 4 - Team Comp 1 as Finals Team Comp,,,,,,,,,,https://drive.google.com/open?id=1HWFEvAKJW2ccyIV7Kdx0pgRmKlh_blFr,1st,,,,,,,,,,,No,,https://drive.google.com/open?id=1-ktuJLzFL6jAv12zUVcEOSCNTeth9eg-,https://drive.google.com/open?id=1TwGBX2NfKNyY_gtF8gC7GhjwdmE4v-qn,,0,6,10,0,0,https://drive.google.com/open?id=1O8lGQH0FNCjjvyOL1dq61faISOXgJfyl
9/2/2026 15:12:15,Compilingjay,Graded (No Uma Restrictions),shit,I accept these terms,Finals,,$0,1046,11-20 (roughly 2-3 per day),Discord - MooMooCord - https://discord.gg/Hc7cP9GB,,,Aston Machan,Front Runner,you think I'm building before cm start its GC,3,0,0,0,2,1,0,Tokai Teio,Late Surger,Ace built for this CM before CM start in Grand Concert scenario,2,0,1,0,2,1,0,Symboli Rudolf,Front Runner,Debuffer,0,0,1,0,4,1,0,4 Attempts - 20 Races total,8,Go to Submit page,,,,,,,,,,,,,,Re-use Day 1 - Team Comp 1 as Day 2 - Team Comp 1,,,,,,,,,,4 Attempts - 20 Races total,13,Go to Submit page,,,,,,,,,,,,,,,Re-use Day 2 - Team Comp 1 as Day 3 - Team Comp 1,A Group,,,,,,,,,,4 Attempts - 20 Races total,10,Go to Submit page,,,,,,,,,,,,,,,Re-use Day 3 - Team Comp 1 as Day 4 - Team Comp 1,A Group,,,,,,,,,,4 Attempts - 20 Races total,13,Go to Submit page,,,,,,,,,,,,,,,A Finals,11580,Add new Team Comp as Finals Team Comp,Tokai Teio,Late Surger,Ace built for this CM before CM start in Grand Concert scenario,Grass Wonder,End Closer,Debuffer,Symboli Rudolf,End Closer,Debuffer,https://drive.google.com/open?id=1T9OlLlmZRLJ1p50GKzNx3_FlbhRlxeX8,2nd,No (goes to Submit page),,,,,,,,,,,,,,,,,,,,
9/2/2026 16:22:52,wandering_pleb,Graded (No Uma Restrictions),Win A finals,I accept these terms,Finals,"Android - phone or tablet, Windows",$101-500,1637,21-30 (roughly 3-4 per day),"Discord - MooMooCord - https://discord.gg/Hc7cP9GB, YouTube - MooMooCows - https://www.youtube.com/@MooMooCows",4,,Maruzensky (Summer),Front Runner,Ace built for this CM before CM start in Grand Concert scenario,3,0,0,,2,1,0,Aston Machan,Front Runner,Ace built for this CM before CM start in Grand Concert scenario,3,0,0,0,2,1,0,Grass Wonder,Late Surger,Ace built for this CM before CM start in Grand Concert scenario,2,0,1,0,2,1,0,4 Attempts - 20 Races total,14,Go to Submit page,,,,,,,,,,,,,,Re-use Day 1 - Team Comp 1 as Day 2 - Team Comp 1,,,,,,,,,,4 Attempts - 20 Races total,16,Go to Submit page,,,,,,,,,,,,,,,Re-use Day 2 - Team Comp 1 as Day 3 - Team Comp 1,A Group,,,,,,,,,,4 Attempts - 20 Races total,14,Go to Submit page,,,,,,,,,,,,,,,Re-use Day 3 - Team Comp 1 as Day 4 - Team Comp 1,A Group,,,,,,,,,,4 Attempts - 20 Races total,12,Go to Submit page,,,,,,,,,,,,,,,A Finals,9964,Re-use Day 4 - Team Comp 1 as Finals Team Comp,,,,,,,,,,https://drive.google.com/open?id=1CVg6Oo6BQSS9pC00n6jtDYOPMb8iWkrF,1st,,,,,,,,,,,No,,https://drive.google.com/open?id=1UiWv7NF2w4RWDs3V0s8sYKdpUKcvGbX1,https://drive.google.com/open?id=1SkTZtnMmwRuAqWp7u_i8eSpdfFKMh_jH,,0,5,5,0,5,https://drive.google.com/open?id=15k8VQqUX47ylnJ7YQ10gROtJb4zKYI6u
9/2/2026 17:41:56,benj,Graded (No Uma Restrictions),Win A finals,I accept these terms,Finals,Windows,$1-100,1450,6-10 (roughly 1 per day),Discord - MooMooCord - https://discord.gg/Hc7cP9GB,2,USE JOTFORM,Nishino Flower,Pace Chaser,Ace built for this CM before CM start in Grand Concert scenario,3,,,,1,0,,Grass Wonder,Late Surger,Ace built for this CM before CM start in Grand Concert scenario,3,,,,1,0,,Tamamo Cross,Late Surger,Ace built for this CM before CM start in Grand Concert scenario,3,,,,1,0,,4 Attempts - 20 Races total,18,Go to Submit page,,,,,,,,,,,,,,,,,,,,,,,,,,,,,,,,,,,,,,,,,,,,,,,,,,,,,,,,,,,,,,,,,,,,,,,,,,,,,,,,,,,,,,,,,,,,,,,,,A Finals,10867,Re-use Day 4 - Team Comp 1 as Finals Team Comp,,,,,,,,,,https://drive.google.com/open?id=1hEeZPzJVYds0Ni9Omfw4Np1mWxHK84sA,1st,,,,,,,,,,,Yes,Lightning Do Be Comin' through,https://drive.google.com/open?id=1WeMA1gO8PfB0LgZQwZCd1uRakvUhXISu,https://drive.google.com/open?id=18KPHAHkOkInKY5NffxI7lgM7pwKr78Z_,,2,9,3,,2,https://drive.google.com/open?id=1nFCflACNKHQlLwAq-zJlc2ZNyeqJnUyp
9/2/2026 17:38:21,Xearomis,Graded (No Uma Restrictions),Win A finals,I accept these terms,Finals,"Android - phone or tablet, Windows",$1-100,,31-45 (roughly 5-6 per day),"Discord - MooMooCord - https://discord.gg/Hc7cP9GB, Twitch - MooMooCows - https://www.twitch.tv/moomoomoocows, YouTube - MooMooCows - https://www.youtube.com/@MooMooCows",,,Vodka,Late Surger,Ace built for this CM before CM start in Grand Concert scenario,,,,,,,,Taiki Shuttle,Pace Chaser,Ace built for this CM before CM start in Grand Concert scenario,,,,,,,,Oguri Cap (Christmas),End Closer,Ace built for this CM before CM start in Grand Concert scenario,,,,,,,,4 Attempts - 20 Races total,19,Go to Submit page,,,,,,,,,,,,,,Re-use Day 1 - Team Comp 1 as Day 2 - Team Comp 1,,,,,,,,,,4 Attempts - 20 Races total,18,Go to Submit page,,,,,,,,,,,,,,,Re-use Day 2 - Team Comp 1 as Day 3 - Team Comp 1,A Group,,,,,,,,,,4 Attempts - 20 Races total,16,Go to Submit page,,,,,,,,,,,,,,,Re-use Day 3 - Team Comp 1 as Day 4 - Team Comp 1,A Group,,,,,,,,,,4 Attempts - 20 Races total,14,Go to Submit page,,,,,,,,,,,,,,,A Finals,11560,Re-use Day 4 - Team Comp 1 as Finals Team Comp,,,,,,,,,,https://drive.google.com/open?id=1vq8haO9rlDP4PDYQJvF-LwpdNYF4LPge,1st,,,,,,,,,,,No,,,,,,,,,,
9/2/2026 21:52:25,Gryfko,Graded (No Uma Restrictions),Win A finals,I accept these terms,Finals,Windows,$1-100,2079,21-30 (roughly 3-4 per day),,,"please add search when you choose your umas, there is going to be even more of them and finding the one you use is sometimes annoying",Fine Motion (Wedding),Pace Chaser,Ace built for this CM before CM start in Grand Concert scenario,3,,,,2,1,,Narita Taishin,End Closer,Ace built for this CM before CM start in Grand Concert scenario,2,,1,,2,1,,Oguri Cap (Christmas),End Closer,Ace built for this CM before CM start in Grand Concert scenario,2,,1,,2,1,,4 Attempts - 20 Races total,15,Go to Submit page,,,,,,,,,,,,,,Re-use Day 1 - Team Comp 1 as Day 2 - Team Comp 1,,,,,,,,,,4 Attempts - 20 Races total,15,Go to Submit page,,,,,,,,,,,,,,,Re-use Day 2 - Team Comp 1 as Day 3 - Team Comp 1,A Group,,,,,,,,,,4 Attempts - 20 Races total,15,Go to Submit page,,,,,,,,,,,,,,,Re-use Day 3 - Team Comp 1 as Day 4 - Team Comp 1,A Group,,,,,,,,,,4 Attempts - 20 Races total,18,Go to Submit page,,,,,,,,,,,,,,,A Finals,10643,Re-use Day 4 - Team Comp 1 as Finals Team Comp,,,,,,,,,,https://drive.google.com/open?id=172kzyyZrqZKB36of7OCwVUTNxlZT2BD5,2nd,Yes,https://drive.google.com/open?id=1UBLv3PPBFy4VQBZSYSRGsl49FBaWgduQ,https://drive.google.com/open?id=1u8QZpugLu0cS81uMufUVfnYNfuPG_StF,https://drive.google.com/open?id=1c4XM2w2werfiYeTu5oWlgr5CTU_tynpi,8,,2,,3,https://drive.google.com/open?id=1m-3ZFulBymbdFLdCLVHo2o5kk5KjeaL9,,,,,,,,,,,
9/2/2026 18:55:52,ChunkyNutButter,Graded (No Uma Restrictions),Win A finals,I accept these terms,Finals,"Android - phone or tablet, Windows",$1001-5000,979,11-20 (roughly 2-3 per day),"Discord - MooMooCord - https://discord.gg/Hc7cP9GB, Twitch - MooMooCows - https://www.twitch.tv/moomoomoocows, YouTube - MooMooCows - https://www.youtube.com/@MooMooCows",,,Oguri Cap (Christmas),End Closer,Ace built for this CM before CM start in Grand Concert scenario,2,0,1,0,2,1,0,Bamboo memory,Late Surger,Ace built for this CM before CM start in Grand Concert scenario,3,0,0,0,2,1,0,Fine Motion (Wedding),Pace Chaser,Ace built for this CM before CM start in Grand Concert scenario,3,0,0,0,2,1,0,4 Attempts - 20 Races total,17,Go to Submit page,,,,,,,,,,,,,,Re-use Day 1 - Team Comp 1 as Day 2 - Team Comp 1,,,,,,,,,,3 Attempts - 15 Races total,12,Day 3,,,,,,,,,,,,,,,Re-use Day 2 - Team Comp 1 as Day 3 - Team Comp 1,A Group,,,,,,,,,,3 Attempts - 15 Races total,7,Go to Submit page,,,,,,,,,,,,,,,Re-use Day 3 - Team Comp 1 as Day 4 - Team Comp 1,A Group,,,,,,,,,,3 Attempts - 15 Races total,10,Go to Submit page,,,,,,,,,,,,,,,A Finals,7864,Re-use Day 4 - Team Comp 1 as Finals Team Comp,,,,,,,,,,https://drive.google.com/open?id=1Po_OP_EHFJrbHL1cEQx0feQ6qGV2dV9l,2nd,Yes,https://drive.google.com/open?id=1wFyXUnE50RZXYwqhWf9xvde2gAm42zZU,https://drive.google.com/open?id=1GkbDczGsoftNPRBgDVEkRZsJTnlZ3bHL,https://drive.google.com/open?id=1nFo2GxQEw2dScDhQNeQiBverqvqdcQc-,3,9,5,0,0,https://drive.google.com/open?id=1_JGDFtBtlq4bMCOUAaJopSQtUAxffaiF,,,,,,,,,,,
9/2/2026 20:13:48,thefakeshadow,Graded (No Uma Restrictions),Win A finals,I accept these terms,Finals,"Android - phone or tablet, Windows",$0,1388,31-45 (roughly 5-6 per day),Discord - MooMooCord - https://discord.gg/Hc7cP9GB,4,,Oguri Cap,Pace Chaser,Ace built for this CM before CM start in Grand Concert scenario,2,0,1,0,2,1,0,Nishino Flower,Pace Chaser,Ace built for this CM before CM start in Grand Concert scenario,3,0,0,0,2,1,0,Taiki Shuttle,Pace Chaser,Ace built for this CM before CM start in Grand Concert scenario,2,0,1,0,2,1,0,4 Attempts - 20 Races total,12,Go to Submit page,,,,,,,,,,,,,,Re-use Day 1 - Team Comp 1 as Day 2 - Team Comp 1,,,,,,,,,,4 Attempts - 20 Races total,13,Go to Submit page,,,,,,,,,,,,,,,Add new Team Comp as Day 3 - Team Comp 1,A Group,Oguri Cap,Pace Chaser,Ace built for this CM before CM start in Grand Concert scenario,Nishino Flower,Pace Chaser,Ace built for this CM before CM start in Grand Concert scenario,Grass Wonder,Late Surger,Debuffer,4 Attempts - 20 Races total,10,Go to Submit page,,,,,,,,,,,,,,,Add a new Team Comp as Day 4 - Team Comp 1,A Group,Oguri Cap,Pace Chaser,Ace built for this CM before CM start in Grand Concert scenario,Taiki Shuttle,Pace Chaser,Ace built for this CM before CM start in Grand Concert scenario,Grass Wonder,End Closer,Debuffer,4 Attempts - 20 Races total,14,Go to Submit page,,,,,,,,,,,,,,,A Finals,11535,Re-use Day 4 - Team Comp 1 as Finals Team Comp,,,,,,,,,,https://drive.google.com/open?id=1D-SCN8mIu25DiKgrzxVULmCnaLyfqek9,1st,,,,,,,,,,,Yes,Make them believe in you Oguri,https://drive.google.com/open?id=1MtKNqP0QJ1SFLwSzB9AQMdQcaa15TluV,https://drive.google.com/open?id=1Jgm3JvfhapMEuyotqUm_dqqDvgXbIN9y,,3,8,5,0,0,https://drive.google.com/open?id=1asMPskPzDlbeTiTyoixz4mcuJZKm_oBB
9/2/2026 18:36:56,PD,Graded (No Uma Restrictions),Win A finals,I accept these terms,Finals,iOS - phone or tablet,$1001-5000,,21-30 (roughly 3-4 per day),Discord - MooMooCord - https://discord.gg/Hc7cP9GB,5,,Narita Brian,Late Surger,Ace built for this CM before CM start in Grand Concert scenario,2,,1,,2,1,,Yaeno Muteki,Late Surger,Ace built for this CM before CM start in Grand Concert scenario,3,,,,2,1,,King Halo,Late Surger,Ace built for this CM before CM start in Grand Concert scenario,3,,,,2,1,,4 Attempts - 20 Races total,14,Go to Submit page,,,,,,,,,,,,,,Re-use Day 1 - Team Comp 1 as Day 2 - Team Comp 1,,,,,,,,,,3 Attempts - 15 Races total,7,Day 2 - Add 2nd Team,Add new Team Comp as Day 2 - Team Comp 2,Narita Brian,Late Surger,Ace built for this CM before CM start in Grand Concert scenario,Yaeno Muteki,Late Surger,Ace built for this CM before CM start in Grand Concert scenario,Eishin Flash (Valentine),Late Surger,Debuffer,1 Attempt - 5 Races total,5,2 teams,Go to Submit page,Re-use Day 2 - Team Comp 2 as Day 3 - Team Comp 1,A Group,,,,,,,,,,4 Attempts - 20 Races total,11,Go to Submit page,,,,,,,,,,,,,,,Re-use Day 3 - Team Comp 2 as Day 4 - Team Comp 1,A Group,,,,,,,,,,4 Attempts - 20 Races total,13,Go to Submit page,,,,,,,,,,,,,,,A Finals,,Re-use Day 4 - Team Comp 2 as Finals Team Comp,,,,,,,,,,https://drive.google.com/open?id=1nGjE-4kwpv3uNusWZXrPSrwzMWg7mO_d,1st,,,,,,,,,,,Yes,The BLAZE Brian waiting room continues,https://drive.google.com/open?id=1hEuAglLdQuZReL7vEUx6nxY2NHi4zTcz,https://drive.google.com/open?id=1m4t1km90tIcOD6Bt2uD1A1DIVpaycugO,,3,11,,2,2,https://drive.google.com/open?id=1eTCqUGRbNplIuJvk3taFCiEACQKJ3kw8
9/2/2026 19:49:38,TokyoGabagool,Graded (No Uma Restrictions),Win A finals,I accept these terms,Finals,"iOS - phone or tablet, Windows",$101-500,2013,31-45 (roughly 5-6 per day),Discord - MooMooCord - https://discord.gg/Hc7cP9GB,5,,Mejiro Dober (Camping),Late Surger,Ace built for this CM before CM start in Grand Concert scenario,3,,,,2,1,,Taiki Shuttle (Camping),Pace Chaser,Ace built for this CM before CM start in Grand Concert scenario,3,,,,2,1,,Eishin Flash (Valentine),End Closer,Debuffer,,,,,,,,4 Attempts - 20 Races total,19,Go to Submit page,,,,,,,,,,,,,,Re-use Day 1 - Team Comp 1 as Day 2 - Team Comp 1,,,,,,,,,,4 Attempts - 20 Races total,14,Go to Submit page,,,,,,,,,,,,,,,Re-use Day 2 - Team Comp 1 as Day 3 - Team Comp 1,A Group,,,,,,,,,,4 Attempts - 20 Races total,10,Go to Submit page,,,,,,,,,,,,,,,Re-use Day 3 - Team Comp 1 as Day 4 - Team Comp 1,A Group,,,,,,,,,,4 Attempts - 20 Races total,15,Go to Submit page,,,,,,,,,,,,,,,A Finals,13702,Re-use Day 4 - Team Comp 1 as Finals Team Comp,,,,,,,,,,https://drive.google.com/open?id=13Vw6Aa8GfJrFxYIrtggzP4a6G4gCDeeJ,3rd,Yes,https://drive.google.com/open?id=1Cx9M_6Esr97mgERPFZmqJ5TXGUSE3-zw,https://drive.google.com/open?id=1kUlHv_mqd6WoBcM4BtgcZzGWBjWidzho,,,2,4,3,5,https://drive.google.com/open?id=1cJ9peP2icEaJlCAvO__cF1-Fi-C3mFUh,,,,,,,,,,,
8/30/2026 21:52:20,Kevin27,Graded (No Uma Restrictions),Get into A finals,I accept these terms,Day 2,iOS - phone or tablet,$101-500,1314,21-30 (roughly 3-4 per day),Discord - MooMooCord - https://discord.gg/Hc7cP9GB,5,,Silence Suzuka,Front Runner,Ace built for this CM before CM start in Grand Concert scenario,3,0,0,0,2,1,0,Ines Fujin,Front Runner,Ace built for this CM before CM start in Grand Concert scenario,3,0,0,0,2,1,0,Mihono Bourbon (Valentine),Front Runner,Ace built for this CM before CM start in Grand Concert scenario,3,0,0,0,2,1,0,4 Attempts - 20 Races total,13,Go to Submit page,,,,,,,,,,,,,,Re-use Day 1 - Team Comp 1 as Day 2 - Team Comp 1,,,,,,,,,,4 Attempts - 20 Races total,12,Day 3,,,,,,,,,,,,,,,Re-use Day 2 - Team Comp 1 as Day 3 - Team Comp 1,A Group,,,,,,,,,,4 Attempts - 20 Races total,8,Go to Submit page,,,,,,,,,,,,,,,,,,,,,,,,,,,,,,,,,,,,,,,,,,,,,,,,,,,,,,,,,,,,,,,,,,,,,,,,,,,,,
9/2/2026 20:04:37,kadobin79,Graded (No Uma Restrictions),Get into A finals,I accept these terms,Finals,Windows,$0,1488,11-20 (roughly 2-3 per day),"Discord - Pakacord! - https://discord.gg/6mwHqhBm, Twitch - MooMooCows - https://www.twitch.tv/moomoomoocows",5,,Silence Suzuka,Runaway,Blocker/Overtake target/Throwaway/Niche role,1,,1,,3,1,,Matikanetannhauser,Pace Chaser,Ace built for this CM before CM start in Grand Concert scenario,3,,,,2,1,,Oguri Cap,Pace Chaser,Ace built for this CM before CM start in Grand Concert scenario,3,,,,2,1,,4 Attempts - 20 Races total,17,Go to Submit page,,,,,,,,,,,,,,Re-use Day 1 - Team Comp 1 as Day 2 - Team Comp 1,,,,,,,,,,4 Attempts - 20 Races total,16,Go to Submit page,,,,,,,,,,,,,,,Re-use Day 2 - Team Comp 1 as Day 3 - Team Comp 1,A Group,,,,,,,,,,4 Attempts - 20 Races total,13,Go to Submit page,,,,,,,,,,,,,,,Re-use Day 3 - Team Comp 1 as Day 4 - Team Comp 1,A Group,,,,,,,,,,4 Attempts - 20 Races total,13,Go to Submit page,,,,,,,,,,,,,,,A Finals,14266,Re-use Day 4 - Team Comp 1 as Finals Team Comp,,,,,,,,,,,3rd,No (goes to Submit page),,,,,,,,,,,,,,,,,,,,
9/2/2026 15:57:45,Ikuyoru,Graded (No Uma Restrictions),Get into A finals,I accept these terms,Finals,Windows,$0,683,6-10 (roughly 1 per day),Discord - MooMooCord - https://discord.gg/Hc7cP9GB,5,,Nishino Flower,Pace Chaser,Ace built for this CM before CM start in Grand Concert scenario,3,0,0,0,2,1,0,Fuji Kiseki (Ballroom),Pace Chaser,Ace built for this CM before CM start in Grand Concert scenario,3,0,0,0,2,1,0,Taiki Shuttle,Pace Chaser,Ace built for this CM before CM start in Grand Concert scenario,2,0,1,0,2,1,0,4 Attempts - 20 Races total,14,Go to Submit page,,,,,,,,,,,,,,Re-use Day 1 - Team Comp 1 as Day 2 - Team Comp 1,,,,,,,,,,4 Attempts - 20 Races total,14,Go to Submit page,,,,,,,,,,,,,,,Re-use Day 2 - Team Comp 1 as Day 3 - Team Comp 1,A Group,,,,,,,,,,4 Attempts - 20 Races total,12,Go to Submit page,,,,,,,,,,,,,,,Re-use Day 3 - Team Comp 1 as Day 4 - Team Comp 1,A Group,,,,,,,,,,4 Attempts - 20 Races total,8,Go to Submit page,,,,,,,,,,,,,,,A Finals,7035,Re-use Day 4 - Team Comp 1 as Finals Team Comp,,,,,,,,,,https://drive.google.com/open?id=16uxQCF9T4GLsK7yP6cIwkWXU67AXiLbE,1st,,,,,,,,,,,No,,https://drive.google.com/open?id=1c5ykg4nNhN6qI99ZAMVoy331HdecO0Tc,https://drive.google.com/open?id=1NuhDBhHGwqCk1wE0xnMFBsqBgyGMbgmx,,0,8,3,0,4,https://drive.google.com/open?id=1Tes2mWes8opmUH8S_UyrI6PVsk_9T0y0
8/31/2026 23:34:36,OurBoiiNyx,Graded (No Uma Restrictions),Get into A finals,I accept these terms,Day 4,"Android - phone or tablet, Windows",$1-100,,6-10 (roughly 1 per day),Discord - MooMooCord - https://discord.gg/Hc7cP9GB,,,Oguri Cap (Christmas),End Closer,Ace built for this CM before CM start in Grand Concert scenario,2,,1,,2,1,,Silence Suzuka,Runaway,Ace built for this CM before CM start in Grand Concert scenario,1,,,,3,1,,Taiki Shuttle,Pace Chaser,Ace built for this CM before CM start in Grand Concert scenario,3,,,,2,1,,3 Attempts - 15 Races total,7,Go to Submit page,,,,,,,,,,,,,,Re-use Day 1 - Team Comp 1 as Day 2 - Team Comp 1,,,,,,,,,,1 Attempt - 5 Races total,3,Day 3,,,,,,,,,,,,,,,Re-use Day 2 - Team Comp 1 as Day 3 - Team Comp 1,A Group,,,,,,,,,,4 Attempts - 20 Races total,12,Go to Submit page,,,,,,,,,,,,,,,Re-use Day 3 - Team Comp 1 as Day 4 - Team Comp 1,A Group,,,,,,,,,,4 Attempts - 20 Races total,7,Go to Submit page,,,,,,,,,,,,,,,,,,,,,,,,,,,,,,,,,,,,,,,,,,,,,,,,,
9/2/2026 20:09:31,th33beat,Graded (No Uma Restrictions),Win A finals,I accept these terms,Day 4,"Android - phone or tablet, Windows",$501-1000,1893,46+ (more than 6 per day),Discord - MooMooCord - https://discord.gg/Hc7cP9GB,5,,Nice Nature (Cheerleader),Late Surger,Ace built for this CM before CM start in Grand Concert scenario,2,,1,,2,0,,Mejiro Dober (Camping),Late Surger,Ace built for this CM before CM start in Grand Concert scenario,2,,1,,2,1,,Symboli Rudolf,Front Runner,Debuffer,,,,,,,,4 Attempts - 20 Races total,15,Go to Submit page,,,,,,,,,,,,,,Re-use Day 1 - Team Comp 1 as Day 2 - Team Comp 1,,,,,,,,,,4 Attempts - 20 Races total,15,Go to Submit page,,,,,,,,,,,,,,,Re-use Day 2 - Team Comp 1 as Day 3 - Team Comp 1,A Group,,,,,,,,,,4 Attempts - 20 Races total,16,Go to Submit page,,,,,,,,,,,,,,,Re-use Day 3 - Team Comp 1 as Day 4 - Team Comp 1,A Group,,,,,,,,,,4 Attempts - 20 Races total,13,Finals,,,,,,,,,,,,,,,A Finals,9200,Re-use Day 4 - Team Comp 1 as Finals Team Comp,,,,,,,,,,https://drive.google.com/open?id=1U4ghnyZNyb-983f1-cGg3f2NS2QGmnmS,1st,,,,,,,,,,,Yes,"She can win a second time, right?",https://drive.google.com/open?id=194mqjMsGavFNlMw0NBRB2i9Pu_ZMOWYx,https://drive.google.com/open?id=1yzY6slJR7B7_aNk-lpZndfPnKD-SCcoB,,3,6,8,0,0,https://drive.google.com/open?id=19Onk3AqDixO0BbJfITIg2eoCVRBBi7Jv
9/2/2026 16:55:21,Ethreall,Graded (No Uma Restrictions),Win A finals,I accept these terms,Day 2,,Rather not say,877,,Discord - MooMooCord - https://discord.gg/Hc7cP9GB,,,Copano Rickey,Front Runner,Ace built for this CM before CM start in Grand Concert scenario,3,,,,2,1,,Mihono Bourbon (Valentine),Front Runner,Ace built for this CM before CM start in Grand Concert scenario,3,1,,,1,1,,Oguri Cap (Christmas),Front Runner,Ace built for this CM before CM start in Grand Concert scenario,3,1,,,1,1,,2 Attempts - 10 Races total,6,Day 1 - Add 2nd Team,Copano Rickey,Front Runner,Ace built for this CM before CM start in Grand Concert scenario,Mihono Bourbon (Valentine),Front Runner,Ace built for this CM before CM start in Grand Concert scenario,Sweep Tosho,End Closer,Debuffer,2 Attempts - 10 Races total,6,2 teams,Go to Submit page,Re-use Day 1 - Team Comp 2 as Day 2 - Team Comp 1,,,,,,,,,,4 Attempts - 20 Races total,11,Go to Submit page,,,,,,,,,,,,,,,Re-use Day 2 - Team Comp 2 as Day 3 - Team Comp 1,A Group,,,,,,,,,,4 Attempts - 20 Races total,9,Day 4,,,,,,,,,,,,,,,Re-use Day 3 - Team Comp 1 as Day 4 - Team Comp 1,A Group,,,,,,,,,,4 Attempts - 20 Races total,8,Finals,,,,,,,,,,,,,,,A Finals,8163,Add new Team Comp as Finals Team Comp,Mihono Bourbon (Valentine),Front Runner,Ace built for this CM before CM start in Grand Concert scenario,Copano Rickey,Front Runner,Mid-CM Ace build in Grand Concert scenario,Taiki Shuttle,Pace Chaser,Mid-CM Ace build in Grand Concert scenario,https://drive.google.com/open?id=1gHkkrMuorNgLyiDfcYbADeJEs0atOip9,1st,,,,,,,,,,,Yes,I love Taiki and her Shuttles,https://drive.google.com/open?id=1hJnJTHzFnTPMkmm9dOoPsh6SwhY-hl9J,https://drive.google.com/open?id=15ukrpYnETA7fyzr00xYW5zMvJIVTom_O,,,5,6,,2,https://drive.google.com/open?id=1jU6VuwWHE67V6ugYGQp9nQ5zGHIksFo-
9/2/2026 15:54:18,Synii,Graded (No Uma Restrictions),Win A finals,I accept these terms,Finals,Windows,$0,,,,,,Aston Machan,Front Runner,Ace built for this CM before CM start in Grand Concert scenario,3,,,,2,1,,Silence Suzuka,Runaway,Debuffer,,,,,,,,Grass Wonder,End Closer,Debuffer,,,,,,,,4 Attempts - 20 Races total,12,Go to Submit page,,,,,,,,,,,,,,Re-use Day 1 - Team Comp 1 as Day 2 - Team Comp 1,,,,,,,,,,4 Attempts - 20 Races total,11,Day 3,,,,,,,,,,,,,,,Re-use Day 2 - Team Comp 1 as Day 3 - Team Comp 1,A Group,,,,,,,,,,4 Attempts - 20 Races total,12,Go to Submit page,,,,,,,,,,,,,,,,,,,,,,,,,,,,,,,,,,,,,,,,,,,A Finals,5719,Re-use Day 4 - Team Comp 1 as Finals Team Comp,,,,,,,,,,https://drive.google.com/open?id=1y3TJD07W3RkDWvGWo-jhfND4k7Iuej0Q,1st,,,,,,,,,,,Yes,Lost 11 Graded A finals in a row before this. Ignore that I meta slopped CM17,https://drive.google.com/open?id=1DaxlYMKZaw1l2NzYBHc3_hCFe_wiITE9,https://drive.google.com/open?id=1-M-axbGzKulVDjcFicjNPSpTYi96eZ0G,,3,5,3,3,0,https://drive.google.com/open?id=1Po5cOu_r2YkwM6J1NNNJ37mwtCKGv_MO
9/2/2026 22:17:09,Ess,Graded (No Uma Restrictions),Get into A finals,I accept these terms,Finals,Windows,$501-1000,,11-20 (roughly 2-3 per day),,,,Tosen Jordan,Late Surger,Ace built for this CM before CM start in Grand Concert scenario,2,0,1,0,2,1,0,Grass Wonder,Late Surger,Ace built for this CM before CM start in Grand Concert scenario,2,0,1,0,2,1,0,Gold City (Festival),Late Surger,Ace built for this CM before CM start in Grand Concert scenario,2,0,1,0,2,1,,4 Attempts - 20 Races total,12,Go to Submit page,,,,,,,,,,,,,,Re-use Day 1 - Team Comp 1 as Day 2 - Team Comp 1,,,,,,,,,,4 Attempts - 20 Races total,13,Go to Submit page,,,,,,,,,,,,,,,Re-use Day 2 - Team Comp 1 as Day 3 - Team Comp 1,A Group,,,,,,,,,,4 Attempts - 20 Races total,6,Go to Submit page,,,,,,,,,,,,,,,Re-use Day 3 - Team Comp 1 as Day 4 - Team Comp 1,A Group,,,,,,,,,,4 Attempts - 20 Races total,13,Go to Submit page,,,,,,,,,,,,,,,A Finals,,Re-use Day 4 - Team Comp 1 as Finals Team Comp,,,,,,,,,,https://drive.google.com/open?id=1qo1D91VFTetQaIMJmbk7pzT8zB9ysLYh,2nd,No (goes to Submit page),,,,,,,,,,,,,,,,,,,,
9/2/2026 15:15:57,Toffee,Graded (No Uma Restrictions),Win A finals,I accept these terms,Finals,Android - phone or tablet,$101-500,1381,31-45 (roughly 5-6 per day),Discord - MooMooCord - https://discord.gg/Hc7cP9GB,,,Manhattan Cafe,Late Surger,Ace built for this CM before CM start in Grand Concert scenario,2,0,1,0,2,1,0,Special Week,Late Surger,Ace built for this CM before CM start in Grand Concert scenario,2,0,1,0,2,1,0,Silence Suzuka,Runaway,Ace built for this CM before CM start in Grand Concert scenario,2,0,0,0,3,1,0,4 Attempts - 20 Races total,9,Go to Submit page,,,,,,,,,,,,,,Re-use Day 1 - Team Comp 1 as Day 2 - Team Comp 1,,,,,,,,,,4 Attempts - 20 Races total,12,Go to Submit page,,,,,,,,,,,,,,,Re-use Day 2 - Team Comp 1 as Day 3 - Team Comp 1,A Group,,,,,,,,,,4 Attempts - 20 Races total,9,Go to Submit page,,,,,,,,,,,,,,,Re-use Day 3 - Team Comp 1 as Day 4 - Team Comp 1,A Group,,,,,,,,,,4 Attempts - 20 Races total,11,Go to Submit page,,,,,,,,,,,,,,,A Finals,12187,Re-use Day 4 - Team Comp 1 as Finals Team Comp,,,,,,,,,,https://drive.google.com/open?id=13sh2TSuNHJQQy_se3KFee-97ELHjZB7z,2nd,No (goes to Submit page),,,,,,,,,,,,,,,,,,,,
9/2/2026 19:24:24,Naomikho,Graded (No Uma Restrictions),Win A finals,I accept these terms,Finals,"Android - phone or tablet, Windows",$101-500,,,Discord - MooMooCord - https://discord.gg/Hc7cP9GB,,,Oguri Cap (Christmas),End Closer,Ace built for this CM before CM start in Grand Concert scenario,2,0,1,0,2,1,0,Agnes Tachyon,Late Surger,Debuffer,,,,,,,,Grass Wonder,Late Surger,Debuffer,,,,,,,,4 Attempts - 20 Races total,11,Go to Submit page,,,,,,,,,,,,,,Re-use Day 1 - Team Comp 1 as Day 2 - Team Comp 1,,,,,,,,,,4 Attempts - 20 Races total,11,Day 3,,,,,,,,,,,,,,,Re-use Day 2 - Team Comp 1 as Day 3 - Team Comp 1,A Group,,,,,,,,,,4 Attempts - 20 Races total,11,Day 4,,,,,,,,,,,,,,,Re-use Day 3 - Team Comp 1 as Day 4 - Team Comp 1,A Group,,,,,,,,,,4 Attempts - 20 Races total,16,Go to Submit page,,,,,,,,,,,,,,,A Finals,13415,Re-use Day 4 - Team Comp 1 as Finals Team Comp,,,,,,,,,,,2nd,No (goes to Submit page),,,,,,,,,,,,,,,,,,,,
9/2/2026 15:06:43,Instru,Graded (No Uma Restrictions),Win A finals,I accept these terms,Finals,"Android - phone or tablet, Windows",,1254,21-30 (roughly 3-4 per day),"Discord - MooMooCord - https://discord.gg/Hc7cP9GB, Twitch - MooMooCows - https://www.twitch.tv/moomoomoocows, YouTube - MooMooCows - https://www.youtube.com/@MooMooCows",5,,Sakura Chiyono O,Pace Chaser,Ace built for this CM before CM start in Grand Concert scenario,3,0,0,0,2,1,0,Taiki Shuttle (Camping),Pace Chaser,Ace built for this CM before CM start in Grand Concert scenario,3,0,0,0,2,1,0,Nishino Flower,Pace Chaser,Ace built for this CM before CM start in Grand Concert scenario,3,0,0,0,2,1,0,4 Attempts - 20 Races total,19,Go to Submit page,,,,,,,,,,,,,,Re-use Day 1 - Team Comp 1 as Day 2 - Team Comp 1,,,,,,,,,,4 Attempts - 20 Races total,14,Go to Submit page,,,,,,,,,,,,,,,Re-use Day 2 - Team Comp 1 as Day 3 - Team Comp 1,A Group,,,,,,,,,,4 Attempts - 20 Races total,13,Go to Submit page,,,,,,,,,,,,,,,Re-use Day 3 - Team Comp 1 as Day 4 - Team Comp 1,A Group,,,,,,,,,,4 Attempts - 20 Races total,13,Go to Submit page,,,,,,,,,,,,,,,A Finals,12824,Re-use Day 4 - Team Comp 1 as Finals Team Comp,,,,,,,,,,,1st,,,,,,,,,,,No,,,,,,,,,,
9/2/2026 16:14:23,Veronius,Graded (No Uma Restrictions),Get into A finals,I accept these terms,Finals,Windows,$101-500,2224,46+ (more than 6 per day),Discord - MooMooCord - https://discord.gg/Hc7cP9GB,,,Mejiro Dober (Camping),Late Surger,Ace built for this CM before CM start in Grand Concert scenario,3,0,0,0,2,1,0,Mejiro Ryan,Late Surger,Ace built for this CM before CM start in Grand Concert scenario,3,0,0,0,2,1,0,Mejiro Bright,End Closer,Ace built for this CM before CM start in Grand Concert scenario,3,0,0,0,2,1,0,4 Attempts - 20 Races total,14,Go to Submit page,,,,,,,,,,,,,,Re-use Day 1 - Team Comp 1 as Day 2 - Team Comp 1,,,,,,,,,,4 Attempts - 20 Races total,17,Go to Submit page,,,,,,,,,,,,,,,Re-use Day 2 - Team Comp 1 as Day 3 - Team Comp 1,A Group,,,,,,,,,,4 Attempts - 20 Races total,11,Go to Submit page,,,,,,,,,,,,,,,Re-use Day 3 - Team Comp 1 as Day 4 - Team Comp 1,A Group,,,,,,,,,,4 Attempts - 20 Races total,15,Go to Submit page,,,,,,,,,,,,,,,A Finals,9678,Re-use Day 4 - Team Comp 1 as Finals Team Comp,,,,,,,,,,https://drive.google.com/open?id=1y933og30gDSzE_SCRDuV254Cd5dbaRqc,1st,,,,,,,,,,,Yes,Apparently this wonder leads me to the podium,https://drive.google.com/open?id=1aTjF0CFxJLPkP7CKgOk7P8mPUv0vWP-J,https://drive.google.com/open?id=1tAidh0kT2xUPJhzIolry1MgU-DqpOCmG,,,5,11,,,https://drive.google.com/open?id=1mjOPRaQ9XuLh_MsIcBKbD2pG8X1sk0yL
9/2/2026 16:17:01,Sc0undrel,Graded (No Uma Restrictions),Win A finals,I accept these terms,Finals,iOS - phone or tablet,$101-500,1883,46+ (more than 6 per day),Discord - MooMooCord - https://discord.gg/Hc7cP9GB,5,,Mejiro Dober (Camping),Late Surger,Ace built for this CM before CM start in Grand Concert scenario,2,,1,,2,1,,Taiki Shuttle (Camping),Pace Chaser,Ace built for this CM before CM start in Grand Concert scenario,3,,,,2,1,,Nishino Flower,Pace Chaser,Ace built for this CM before CM start in Grand Concert scenario,3,,,,2,1,,4 Attempts - 20 Races total,19,Go to Submit page,,,,,,,,,,,,,,Re-use Day 1 - Team Comp 1 as Day 2 - Team Comp 1,,,,,,,,,,4 Attempts - 20 Races total,16,Go to Submit page,,,,,,,,,,,,,,,Re-use Day 2 - Team Comp 1 as Day 3 - Team Comp 1,A Group,,,,,,,,,,4 Attempts - 20 Races total,17,Go to Submit page,,,,,,,,,,,,,,,Re-use Day 3 - Team Comp 1 as Day 4 - Team Comp 1,A Group,,,,,,,,,,4 Attempts - 20 Races total,15,Go to Submit page,,,,,,,,,,,,,,,A Finals,10545,Re-use Day 4 - Team Comp 1 as Finals Team Comp,,,,,,,,,,https://drive.google.com/open?id=1vDVd0F0KrM0gvw1g3khF7MPje7MwhpZp,1st,,,,,,,,,,,No,,https://drive.google.com/open?id=14ziqpHCIFQmaJlAcSEzqRj59-afJK1N_,https://drive.google.com/open?id=1WtNgBrL7MgL_QVz7vruGed3ST3aFfg-T,,0,5,7,,,https://drive.google.com/open?id=1EGGzuwj64x-4iAYO7Xno2WXEFHy-ztYk
9/2/2026 22:23:26,dolphinscry,Graded (No Uma Restrictions),Get into A finals,I accept these terms,Finals,"Android - phone or tablet, Windows",$501-1000,378,6-10 (roughly 1 per day),"Discord - MooMooCord - https://discord.gg/Hc7cP9GB, Twitch - MooMooCows - https://www.twitch.tv/moomoomoocows, YouTube - MooMooCows - https://www.youtube.com/@MooMooCows",5,,El Condor Pasa,Pace Chaser,Ace built for this CM before CM start in Grand Concert scenario,3,,,,2,1,,Grass Wonder,Late Surger,Hybrid (ace + debuffer),2,,,,3,1,,Oguri Cap,Pace Chaser,Ace built for this CM before CM start in Grand Concert scenario,2,,1,,2,1,,4 Attempts - 20 Races total,10,Day 2,,,,,,,,,,,,,,Add new Team Comp as Day 2 - Team Comp 1,El Condor Pasa,Pace Chaser,Ace built for this CM before CM start in Grand Concert scenario,Nice Nature,Late Surger,Debuffer,Oguri Cap,Pace Chaser,Ace built for this CM before CM start in Grand Concert scenario,4 Attempts - 20 Races total,9,Day 3,,,,,,,,,,,,,,,Re-use Day 2 - Team Comp 1 as Day 3 - Team Comp 1,A Group,,,,,,,,,,4 Attempts - 20 Races total,8,Go to Submit page,,,,,,,,,,,,,,,Re-use Day 3 - Team Comp 1 as Day 4 - Team Comp 1,A Group,,,,,,,,,,4 Attempts - 20 Races total,8,Go to Submit page,,,,,,,,,,,,,,,A Finals,6629,Re-use Day 4 - Team Comp 1 as Finals Team Comp,,,,,,,,,,,1st,,,,,,,,,,,No,,,,,,,,,,
9/2/2026 15:05:39,Z3RO111,Graded (No Uma Restrictions),Get into A finals,I accept these terms,Finals,Windows,$101-500,1527,31-45 (roughly 5-6 per day),"Discord - MooMooCord - https://discord.gg/Hc7cP9GB, YouTube - MooMooCows - https://www.youtube.com/@MooMooCows",5,,Silence Suzuka,Front Runner,Ace built for this CM before CM start in Grand Concert scenario,2,0,0,0,3,1,0,Mihono Bourbon (Valentine),Front Runner,Ace built for this CM before CM start in Grand Concert scenario,3,0,0,0,2,1,0,Sakura Chiyono O,Pace Chaser,Ace built for this CM before CM start in Grand Concert scenario,2,0,1,0,2,1,0,4 Attempts - 20 Races total,15,Go to Submit page,,,,,,,,,,,,,,Re-use Day 1 - Team Comp 1 as Day 2 - Team Comp 1,,,,,,,,,,4 Attempts - 20 Races total,16,Go to Submit page,,,,,,,,,,,,,,,Re-use Day 2 - Team Comp 1 as Day 3 - Team Comp 1,A Group,,,,,,,,,,4 Attempts - 20 Races total,14,Go to Submit page,,,,,,,,,,,,,,,Re-use Day 3 - Team Comp 1 as Day 4 - Team Comp 1,A Group,,,,,,,,,,4 Attempts - 20 Races total,14,Go to Submit page,,,,,,,,,,,,,,,A Finals,8737,Re-use Day 4 - Team Comp 1 as Finals Team Comp,,,,,,,,,,,3rd,No (goes to Submit page),,,,,,,,,,,,,,,,,,,,
9/2/2026 15:08:26,MustachedMadman,Graded (No Uma Restrictions),Get into A finals,I accept these terms,Day 1,iOS - phone or tablet,$0,1199,11-20 (roughly 2-3 per day),Discord - MooMooCord - https://discord.gg/Hc7cP9GB,5,,Nishino Flower,Pace Chaser,Ace built for this CM before CM start in Grand Concert scenario,3,0,0,0,2,1,0,Grass Wonder,End Closer,Debuffer,,,,,,,,Agnes Tachyon,End Closer,Debuffer,,,,,,,,4 Attempts - 20 Races total,13,Day 2,,,,,,,,,,,,,,Re-use Day 1 - Team Comp 1 as Day 2 - Team Comp 1,,,,,,,,,,4 Attempts - 20 Races total,16,Day 3,,,,,,,,,,,,,,,Re-use Day 2 - Team Comp 1 as Day 3 - Team Comp 1,A Group,,,,,,,,,,4 Attempts - 20 Races total,10,Day 4,,,,,,,,,,,,,,,Re-use Day 3 - Team Comp 1 as Day 4 - Team Comp 1,A Group,,,,,,,,,,4 Attempts - 20 Races total,17,Finals,,,,,,,,,,,,,,,A Finals,10906,Re-use Day 4 - Team Comp 1 as Finals Team Comp,,,,,,,,,,https://drive.google.com/open?id=17pDCiALZTpLoP23KiOSnpl_uB6le_6KK,3rd,No (goes to Submit page),,,,,,,,,,,,,,,,,,,,
9/2/2026 21:48:19,DeltaMint,Graded (No Uma Restrictions),Get into A finals,I accept these terms,Finals,iOS - phone or tablet,$0,,6-10 (roughly 1 per day),Discord - MooMooCord - https://discord.gg/Hc7cP9GB,,,Daiwa Scarlet,Front Runner,Ace built for this CM before CM start in Grand Concert scenario,3,,,,2,1,,Seiun Sky,Front Runner,Ace built for this CM before CM start in Grand Concert scenario,3,,,,2,1,,Taiki Shuttle,Pace Chaser,Ace built for this CM before CM start in Grand Concert scenario,3,,,,2,1,,4 Attempts - 20 Races total,14,Go to Submit page,,,,,,,,,,,,,,Re-use Day 1 - Team Comp 1 as Day 2 - Team Comp 1,,,,,,,,,,4 Attempts - 20 Races total,11,Go to Submit page,,,,,,,,,,,,,,,Re-use Day 2 - Team Comp 1 as Day 3 - Team Comp 1,A Group,,,,,,,,,,4 Attempts - 20 Races total,5,Go to Submit page,,,,,,,,,,,,,,,Re-use Day 3 - Team Comp 1 as Day 4 - Team Comp 1,A Group,,,,,,,,,,4 Attempts - 20 Races total,6,Go to Submit page,,,,,,,,,,,,,,,A Finals,,Re-use Day 4 - Team Comp 1 as Finals Team Comp,,,,,,,,,,,3rd,No (goes to Submit page),,,,,,,,,,,,,,,,,,,,
8/31/2026 18:44:17,Goh Shi Shi,Graded (No Uma Restrictions),Get into A finals,I accept these terms,Day 4,Android - phone or tablet,$101-500,1268,6-10 (roughly 1 per day),Discord - MooMooCord - https://discord.gg/Hc7cP9GB,5,,Maruzensky (Summer),Front Runner,Ace built for this CM before CM start in Grand Concert scenario,3,0,0,0,2,1,0,Seiun Sky,Front Runner,Ace built for this CM before CM start in Grand Concert scenario,3,0,0,0,2,1,0,Mihono Bourbon (Valentine),Front Runner,Ace built for this CM before CM start in Grand Concert scenario,3,0,0,0,2,1,0,4 Attempts - 20 Races total,17,Go to Submit page,,,,,,,,,,,,,,Re-use Day 1 - Team Comp 1 as Day 2 - Team Comp 1,,,,,,,,,,4 Attempts - 20 Races total,14,Go to Submit page,,,,,,,,,,,,,,,Re-use Day 2 - Team Comp 1 as Day 3 - Team Comp 1,A Group,,,,,,,,,,4 Attempts - 20 Races total,9,Go to Submit page,,,,,,,,,,,,,,,Re-use Day 3 - Team Comp 1 as Day 4 - Team Comp 1,A Group,,,,,,,,,,4 Attempts - 20 Races total,8,Go to Submit page,,,,,,,,,,,,,,,,,,,,,,,,,,,,,,,,,,,,,,,,,,,,,,,,,
9/2/2026 15:37:10,Gandelphox,Graded (No Uma Restrictions),Get into A finals,I accept these terms,Finals,"Android - phone or tablet, Windows",$101-500,777,6-10 (roughly 1 per day),Discord - MooMooCord - https://discord.gg/Hc7cP9GB,,,Silence Suzuka,Front Runner,Ace built for this CM before CM start in Grand Concert scenario,3,0,0,0,2,1,0,Gold City (Festival),Late Surger,Ace built for this CM before CM start in Grand Concert scenario,3,0,0,0,2,1,0,Vodka,Late Surger,Ace built for this CM before CM start in Grand Concert scenario,3,0,0,0,2,1,0,3 Attempts - 15 Races total,8,Go to Submit page,,,,,,,,,,,,,,Re-use Day 1 - Team Comp 1 as Day 2 - Team Comp 1,,,,,,,,,,3 Attempts - 15 Races total,7,Go to Submit page,,,,,,,,,,,,,,,Re-use Day 2 - Team Comp 1 as Day 3 - Team Comp 1,A Group,,,,,,,,,,3 Attempts - 15 Races total,7,Go to Submit page,,,,,,,,,,,,,,,Re-use Day 3 - Team Comp 1 as Day 4 - Team Comp 1,A Group,,,,,,,,,,3 Attempts - 15 Races total,6,Go to Submit page,,,,,,,,,,,,,,,A Finals,7209,Re-use Day 4 - Team Comp 1 as Finals Team Comp,,,,,,,,,,https://drive.google.com/open?id=19fKHu4F_bsc8w7YWufVlHSlHFT0jyiea,2nd,No (goes to Submit page),,,,,,,,,,,,,,,,,,,,
9/2/2026 15:49:02,LeToucan,Graded (No Uma Restrictions),Win A finals,I accept these terms,Finals,Windows,$0,,31-45 (roughly 5-6 per day),,,,Sweep Tosho,End Closer,Ace built for this CM before CM start in Grand Concert scenario,2,,1,,2,1,,Narita Taishin,End Closer,Ace built for this CM before CM start in Grand Concert scenario,3,,,,2,1,,Grass Wonder,End Closer,Debuffer,,,,,,,,4 Attempts - 20 Races total,15,Go to Submit page,,,,,,,,,,,,,,Re-use Day 1 - Team Comp 1 as Day 2 - Team Comp 1,,,,,,,,,,4 Attempts - 20 Races total,19,Go to Submit page,,,,,,,,,,,,,,,Re-use Day 2 - Team Comp 1 as Day 3 - Team Comp 1,A Group,,,,,,,,,,4 Attempts - 20 Races total,15,Go to Submit page,,,,,,,,,,,,,,,Re-use Day 3 - Team Comp 1 as Day 4 - Team Comp 1,A Group,,,,,,,,,,4 Attempts - 20 Races total,14,Go to Submit page,,,,,,,,,,,,,,,A Finals,9874,Re-use Day 4 - Team Comp 1 as Finals Team Comp,,,,,,,,,,https://drive.google.com/open?id=1nwOgAcQM45EaC9PvX_zL9kEtRXmtUf2y,1st,,,,,,,,,,,Yes,Absolute Sweep,https://drive.google.com/open?id=1JaQi8n-fbJNgPnKvqq9aqYy6m4LFaQj4,https://drive.google.com/open?id=1B5ci96qvATTvvMnKNdi6AH_Nmad5croL,,2,2,8,,2,https://drive.google.com/open?id=1rhlcfZiT-zYtcYTb9na3qWcZERRDYvEd
9/2/2026 15:12:30,bettycrockerUS,Graded (No Uma Restrictions),Win A finals,I accept these terms,Finals,"Android - phone or tablet, Windows",$1-100,1235,46+ (more than 6 per day),,5,,King Halo (Cheerleader),Late Surger,Ace built for this CM before CM start in Grand Concert scenario,2,,1,,2,1,,Special Week,Late Surger,Ace built for this CM before CM start in Grand Concert scenario,3,,,,2,1,,Grass Wonder,Late Surger,Ace built for this CM before CM start in Grand Concert scenario,2,,1,,2,1,,4 Attempts - 20 Races total,15,Go to Submit page,,,,,,,,,,,,,,Re-use Day 1 - Team Comp 1 as Day 2 - Team Comp 1,,,,,,,,,,4 Attempts - 20 Races total,15,Go to Submit page,,,,,,,,,,,,,,,Re-use Day 2 - Team Comp 1 as Day 3 - Team Comp 1,A Group,,,,,,,,,,4 Attempts - 20 Races total,12,Go to Submit page,,,,,,,,,,,,,,,Re-use Day 3 - Team Comp 1 as Day 4 - Team Comp 1,A Group,,,,,,,,,,4 Attempts - 20 Races total,16,Go to Submit page,,,,,,,,,,,,,,,A Finals,11635,Re-use Day 4 - Team Comp 1 as Finals Team Comp,,,,,,,,,,https://drive.google.com/open?id=1C0fen6QCMMwpY-WXkW-mbpEs9VQG0ueV,1st,,,,,,,,,,,No,,https://drive.google.com/open?id=1aieTZf-ygTujIz_weM0SmjYy6emQmv_5,https://drive.google.com/open?id=1SoLqih8ausizLI5fZECDF5IxaGtAEAQe,,3,6,2,2,1,https://drive.google.com/open?id=1Vr3GSEjEAC4C85iIYD7S0im2sV2sxXUC
9/2/2026 16:30:31,Muu,Graded (No Uma Restrictions),Win A finals,I accept these terms,Finals,"Android - phone or tablet, Windows",$1001-5000,1504,46+ (more than 6 per day),Discord - MooMooCord - https://discord.gg/Hc7cP9GB,5,,Meisho Doto (Halloween),Pace Chaser,Ace built for this CM before CM start in Grand Concert scenario,,,,,,,,Taiki Shuttle,Pace Chaser,Ace built for this CM before CM start in Grand Concert scenario,,,,,,,,Mihono Bourbon (Valentine),Front Runner,Ace built for this CM before CM start in Grand Concert scenario,,,,,,,,4 Attempts - 20 Races total,14,Go to Submit page,,,,,,,,,,,,,,Re-use Day 1 - Team Comp 1 as Day 2 - Team Comp 1,,,,,,,,,,4 Attempts - 20 Races total,14,Go to Submit page,,,,,,,,,,,,,,,Re-use Day 2 - Team Comp 1 as Day 3 - Team Comp 1,A Group,,,,,,,,,,4 Attempts - 20 Races total,9,Go to Submit page,,,,,,,,,,,,,,,Re-use Day 3 - Team Comp 1 as Day 4 - Team Comp 1,A Group,,,,,,,,,,4 Attempts - 20 Races total,10,Go to Submit page,,,,,,,,,,,,,,,A Finals,9695,Re-use Day 4 - Team Comp 1 as Finals Team Comp,,,,,,,,,,,2nd,No (goes to Submit page),,,,,,,,,,,,,,,,,,,,
9/2/2026 15:46:45,Grafted Scion,Graded (No Uma Restrictions),Win A finals,I accept these terms,Finals,"iOS - phone or tablet, Windows",$101-500,,6-10 (roughly 1 per day),"Discord - MooMooCord - https://discord.gg/Hc7cP9GB, Twitch - MooMooCows - https://www.twitch.tv/moomoomoocows",5,,Seiun Sky,Front Runner,Ace built for this CM before CM start in Grand Concert scenario,3,,,,2,1,,Bamboo memory,Late Surger,Ace built for this CM before CM start in Grand Concert scenario,3,,,,2,0,,Symboli Rudolf,Front Runner,Debuffer,1,,,1,4,,,4 Attempts - 20 Races total,12,Go to Submit page,,,,,,,,,,,,,,Add new Team Comp as Day 2 - Team Comp 1,Seiun Sky,Front Runner,Ace built for this CM before CM start in Grand Concert scenario,Bamboo memory,Late Surger,Ace built for this CM before CM start in Grand Concert scenario,Taiki Shuttle (Camping),Pace Chaser,Mid-CM Ace build in Grand Concert scenario,4 Attempts - 20 Races total,16,Go to Submit page,,,,,,,,,,,,,,,Re-use Day 2 - Team Comp 2 as Day 3 - Team Comp 1,A Group,,,,,,,,,,4 Attempts - 20 Races total,9,Go to Submit page,,,,,,,,,,,,,,,Re-use Day 3 - Team Comp 1 as Day 4 - Team Comp 1,A Group,,,,,,,,,,4 Attempts - 20 Races total,10,Go to Submit page,,,,,,,,,,,,,,,A Finals,11773,Re-use Day 4 - Team Comp 1 as Finals Team Comp,,,,,,,,,,https://drive.google.com/open?id=1TSOK-YfdHXuh1MnFEGrTKYQHYBo8wIuA,2nd,Yes,https://drive.google.com/open?id=1bCcJur6QoTm08ZkjySTzl9-RETJVG924,https://drive.google.com/open?id=1huQzqSqACLRofP2O6SSKeXcJpybYMfV4,,,,,,,https://drive.google.com/open?id=1_oYuHMUmlDRIZMxwR71tAdy5NgCHyOyi,,,,,,,,,,,
9/2/2026 19:19:23,abstractshrimp,Graded (No Uma Restrictions),Get into A finals,I accept these terms,Day 1,"iOS - phone or tablet, Windows",$1-100,,21-30 (roughly 3-4 per day),"Discord - MooMooCord - https://discord.gg/Hc7cP9GB, Twitch - MooMooCows - https://www.twitch.tv/moomoomoocows",,,Tamamo Cross,Late Surger,Ace built for this CM before CM start in Grand Concert scenario,3,,,,2,1,,Grass Wonder,End Closer,Debuffer,,,,,,,,Symboli Rudolf,End Closer,Debuffer,,,,,,,,2 Attempts - 10 Races total,5,Day 2,,,,,,,,,,,,,,Re-use Day 1 - Team Comp 1 as Day 2 - Team Comp 1,,,,,,,,,,2 Attempts - 10 Races total,7,Day 3,,,,,,,,,,,,,,,Re-use Day 2 - Team Comp 1 as Day 3 - Team Comp 1,A Group,,,,,,,,,,4 Attempts - 20 Races total,12,Day 4,,,,,,,,,,,,,,,Re-use Day 3 - Team Comp 1 as Day 4 - Team Comp 1,A Group,,,,,,,,,,4 Attempts - 20 Races total,12,Finals,,,,,,,,,,,,,,,A Finals,9677,Re-use Day 4 - Team Comp 1 as Finals Team Comp,,,,,,,,,,https://drive.google.com/open?id=1ipBi5Gw9FJYkw7ZmpeUAQycJpoEzzFqO,3rd,Yes,https://drive.google.com/open?id=1NmgpvlfkWo-kdqwBcaX-DS3K6O9qPx3s,https://drive.google.com/open?id=1Vz7dV1lS_zydngv-cjxmdwTyaarvCnXD,,2,2,8,2,,https://drive.google.com/open?id=1_nZBv0f5JT7eCSaL7mQS83H9c7wyKses,,,,,,,,,,,
9/2/2026 17:06:25,paslebcallanc,Graded (No Uma Restrictions),Get into A finals,I accept these terms,Day 3,Windows,$0,630,21-30 (roughly 3-4 per day),Discord - MooMooCord - https://discord.gg/Hc7cP9GB,4,,Aston Machan,Front Runner,Ace built for this CM before CM start in Grand Concert scenario,3,0,0,0,2,1,0,El Condor Pasa,Front Runner,Blocker/Overtake target/Throwaway/Niche role,,,,,,,,Grass Wonder,Late Surger,Debuffer,,,,,,,,4 Attempts - 20 Races total,9,Go to Submit page,,,,,,,,,,,,,,Add new Team Comp as Day 2 - Team Comp 1,Aston Machan,Front Runner,Ace built for this CM before CM start in Grand Concert scenario,Grass Wonder,Late Surger,Debuffer,Agnes Tachyon,Late Surger,Debuffer,4 Attempts - 20 Races total,10,Go to Submit page,,,,,,,,,,,,,,,Re-use Day 2 - Team Comp 2 as Day 3 - Team Comp 1,A Group,,,,,,,,,,0 Attempts - 0 Races total,0,Day 4,,,,,,,,,,,,,,,Re-use Day 3 - Team Comp 1 as Day 4 - Team Comp 1,A Group,,,,,,,,,,4 Attempts - 20 Races total,5,Finals,,,,,,,,,,,,,,,A Finals,,Re-use Day 4 - Team Comp 1 as Finals Team Comp,,,,,,,,,,https://drive.google.com/open?id=1M3UToTaqJ7lvjHxRJ-asJ03DXYqQA-q3,1st,,,,,,,,,,,Yes,macchan over oguri,https://drive.google.com/open?id=14euIbamn1HY-EsIDyPhdn4VYYlkCW068,https://drive.google.com/open?id=1BgwOb0brUYGWyvFd8JCBlsZjXi1C8Ovz,,0,7,6,0,0,https://drive.google.com/open?id=1PELClQuoAXPf2Os_eExCmsaJbiviTxq2
9/2/2026 15:37:53,wife＠ライスシャワー脚香香,Graded (No Uma Restrictions),Win A finals,I accept these terms,Finals,"Android - phone or tablet, Windows",$1-100,1450,46+ (more than 6 per day),Discord - MooMooCord - https://discord.gg/Hc7cP9GB,5,,Rice Shower,Late Surger,Ace built for this CM before CM start in Grand Concert scenario,3,0,0,0,2,1,,Agnes Digital,Late Surger,Ace built for this CM before CM start in Grand Concert scenario,3,0,0,0,2,1,0,Mihono Bourbon (Valentine),Front Runner,Ace built for this CM before CM start in Grand Concert scenario,3,0,0,0,2,1,0,4 Attempts - 20 Races total,18,Go to Submit page,,,,,,,,,,,,,,Re-use Day 1 - Team Comp 1 as Day 2 - Team Comp 1,,,,,,,,,,4 Attempts - 20 Races total,16,Go to Submit page,,,,,,,,,,,,,,,Re-use Day 2 - Team Comp 1 as Day 3 - Team Comp 1,A Group,,,,,,,,,,4 Attempts - 20 Races total,16,Go to Submit page,,,,,,,,,,,,,,,Re-use Day 3 - Team Comp 1 as Day 4 - Team Comp 1,A Group,,,,,,,,,,4 Attempts - 20 Races total,17,Go to Submit page,,,,,,,,,,,,,,,A Finals,14038,Re-use Day 4 - Team Comp 1 as Finals Team Comp,,,,,,,,,,,2nd,No (goes to Submit page),,,,,,,,,,,,,,,,,,,,
9/2/2026 16:02:55,Zimpel,Graded (No Uma Restrictions),Get into A finals,I accept these terms,Finals,Windows,$1-100,1608,11-20 (roughly 2-3 per day),"Discord - MooMooCord - https://discord.gg/Hc7cP9GB, Twitch - MooMooCows - https://www.twitch.tv/moomoomoocows",5,,Meisho Doto (Halloween),Pace Chaser,Ace built for this CM before CM start in Grand Concert scenario,3,0,0,0,2,1,0,Aston Machan,Pace Chaser,Ace built for this CM before CM start in Grand Concert scenario,2,0,0,0,3,1,0,Fine Motion (Wedding),Pace Chaser,Ace built for this CM before CM start in Grand Concert scenario,3,0,0,0,2,1,0,4 Attempts - 20 Races total,16,Go to Submit page,,,,,,,,,,,,,,Re-use Day 1 - Team Comp 1 as Day 2 - Team Comp 1,,,,,,,,,,4 Attempts - 20 Races total,12,Go to Submit page,,,,,,,,,,,,,,,Re-use Day 2 - Team Comp 1 as Day 3 - Team Comp 1,A Group,,,,,,,,,,4 Attempts - 20 Races total,13,Go to Submit page,,,,,,,,,,,,,,,Re-use Day 3 - Team Comp 1 as Day 4 - Team Comp 1,A Group,,,,,,,,,,4 Attempts - 20 Races total,13,Go to Submit page,,,,,,,,,,,,,,,A Finals,12777,Re-use Day 4 - Team Comp 1 as Finals Team Comp,,,,,,,,,,https://drive.google.com/open?id=1cf4LACLqAMbC_dc4hQNfw-oZh7Np4HES,2nd,No (goes to Submit page),,,,,,,,,,,,,,,,,,,,
9/2/2026 17:40:05,Mintylicious,Graded (No Uma Restrictions),Get into A finals,I accept these terms,Finals,"Android - phone or tablet, Windows",$1-100,,21-30 (roughly 3-4 per day),Discord - MooMooCord - https://discord.gg/Hc7cP9GB,5,,Vodka,Late Surger,Ace built for this CM before CM start in Grand Concert scenario,,,,,,,,Taiki Shuttle,Pace Chaser,Ace built for this CM before CM start in Grand Concert scenario,,,,,,,,Eishin Flash (Valentine),End Closer,Debuffer,,,,,,,,4 Attempts - 20 Races total,11,Go to Submit page,,,,,,,,,,,,,,Re-use Day 1 - Team Comp 1 as Day 2 - Team Comp 1,,,,,,,,,,4 Attempts - 20 Races total,11,Go to Submit page,,,,,,,,,,,,,,,Re-use Day 2 - Team Comp 1 as Day 3 - Team Comp 1,A Group,,,,,,,,,,4 Attempts - 20 Races total,11,Go to Submit page,,,,,,,,,,,,,,,Re-use Day 3 - Team Comp 1 as Day 4 - Team Comp 1,A Group,,,,,,,,,,4 Attempts - 20 Races total,8,Go to Submit page,,,,,,,,,,,,,,,A Finals,9247,Re-use Day 4 - Team Comp 1 as Finals Team Comp,,,,,,,,,,https://drive.google.com/open?id=1u6fgZ3JfrVZHX4kFmWkyCkgTwPug18_7,1st,,,,,,,,,,,No,,,,,,,,,,
9/2/2026 15:21:28,Rime,Graded (No Uma Restrictions),Win A finals,I accept these terms,Finals,Windows,$1001-5000,1440,21-30 (roughly 3-4 per day),Discord - MooMooCord - https://discord.gg/Hc7cP9GB,4,,Aston Machan,Front Runner,Ace built for this CM before CM start in Grand Concert scenario,3,0,0,0,2,1,0,Mihono Bourbon (Valentine),Front Runner,Ace built for this CM before CM start in Grand Concert scenario,3,0,0,0,2,1,0,Grass Wonder,Late Surger,Debuffer,0,0,0,0,2,0,0,4 Attempts - 20 Races total,17,Go to Submit page,,,,,,,,,,,,,,Re-use Day 1 - Team Comp 1 as Day 2 - Team Comp 1,,,,,,,,,,4 Attempts - 20 Races total,20,Go to Submit page,,,,,,,,,,,,,,,Re-use Day 2 - Team Comp 1 as Day 3 - Team Comp 1,A Group,,,,,,,,,,4 Attempts - 20 Races total,16,Go to Submit page,,,,,,,,,,,,,,,Re-use Day 3 - Team Comp 1 as Day 4 - Team Comp 1,A Group,,,,,,,,,,4 Attempts - 20 Races total,13,Go to Submit page,,,,,,,,,,,,,,,A Finals,11707,Re-use Day 4 - Team Comp 1 as Finals Team Comp,,,,,,,,,,https://drive.google.com/open?id=1JShpIakPJC_cGkaSAUMGO_ARIhcuz0WJ,1st,,,,,,,,,,,No,,https://drive.google.com/open?id=1qpgGU7PDC3fLEzsqYeXi5OChF4fJ33iv,https://drive.google.com/open?id=1Sk4zhrDzT2YDoIZBmzSPv3tsKeYv_Eg_,,0,9,2,2,0,https://drive.google.com/open?id=16xAy6UVuyn6w0DdyOaxBMLrF4m_2P6ar
9/2/2026 20:22:33,That Cedric Guy,Graded (No Uma Restrictions),Win A finals,I accept these terms,Day 4,"Android - phone or tablet, Windows",$1-100,1018,11-20 (roughly 2-3 per day),"Discord - MooMooCord - https://discord.gg/Hc7cP9GB, YouTube - MooMooCows - https://www.youtube.com/@MooMooCows",5,,Tokai Teio,Pace Chaser,Ace built for this CM before CM start in Grand Concert scenario,3,0,0,0,2,1,0,Symboli Rudolf,End Closer,Debuffer,,,,,,,,Nice Nature (Cheerleader),End Closer,Debuffer,,,,,,,,4 Attempts - 20 Races total,16,Go to Submit page,,,,,,,,,,,,,,Re-use Day 1 - Team Comp 1 as Day 2 - Team Comp 1,,,,,,,,,,4 Attempts - 20 Races total,11,Go to Submit page,,,,,,,,,,,,,,,Re-use Day 2 - Team Comp 1 as Day 3 - Team Comp 1,A Group,,,,,,,,,,4 Attempts - 20 Races total,15,Go to Submit page,,,,,,,,,,,,,,,Re-use Day 3 - Team Comp 1 as Day 4 - Team Comp 1,A Group,,,,,,,,,,4 Attempts - 20 Races total,14,Finals,,,,,,,,,,,,,,,A Finals,10453,Re-use Day 4 - Team Comp 1 as Finals Team Comp,,,,,,,,,,https://drive.google.com/open?id=1EZFL2XCeTmZOjspO8JpQtOMe2lpMSaRs,1st,,,,,,,,,,,Yes,"""No matter what, I'm winning!""",https://drive.google.com/open?id=1hrieg5vlBmcpU3TwsGqriAusyKXyvE3O,https://drive.google.com/open?id=1Ipj1C9hLPnZgpYKptbngXyExl2eQ7BPo,,3,6,8,0,0,https://drive.google.com/open?id=197PfEs5QQVn_B1NVieunaRji1Zy_YPAX
8/31/2026 20:55:56,Magicannon,Graded (No Uma Restrictions),Get into A finals,I accept these terms,Day 3,"Android - phone or tablet, Windows",$101-500,742,6-10 (roughly 1 per day),"Discord - MooMooCord - https://discord.gg/Hc7cP9GB, Reddit - /r/umamusumeGame",,,Mihono Bourbon (Valentine),Front Runner,Ace built for this CM before CM start in Grand Concert scenario,3,,,,2,1,,Seiun Sky,Front Runner,Ace built for this CM before CM start in Grand Concert scenario,3,,,,2,1,,Fine Motion,Pace Chaser,Ace built for this CM before CM start in Grand Concert scenario,3,,,,2,1,,4 Attempts - 20 Races total,14,Go to Submit page,,,,,,,,,,,,,,Re-use Day 1 - Team Comp 1 as Day 2 - Team Comp 1,,,,,,,,,,4 Attempts - 20 Races total,11,Go to Submit page,,,,,,,,,,,,,,,Re-use Day 2 - Team Comp 1 as Day 3 - Team Comp 1,A Group,,,,,,,,,,4 Attempts - 20 Races total,6,Day 4,,,,,,,,,,,,,,,Add a new Team Comp as Day 4 - Team Comp 1,A Group,Mihono Bourbon (Valentine),Front Runner,Ace built for this CM before CM start in Grand Concert scenario,Seiun Sky,Front Runner,Ace built for this CM before CM start in Grand Concert scenario,Grass Wonder,Late Surger,Debuffer,4 Attempts - 20 Races total,10,Go to Submit page,,,,,,,,,,,,,,,,,,,,,,,,,,,,,,,,,,,,,,,,,,,,,,,,,
9/2/2026 19:59:36,Deetdee,Graded (No Uma Restrictions),Win A finals,I accept these terms,Finals,"Android - phone or tablet, Windows",$1-100,1108,11-20 (roughly 2-3 per day),,,,Seeking the Pearl,Pace Chaser,Ace built for this CM before CM start in Grand Concert scenario,3,,,,2,1,,Rice Shower,Pace Chaser,Ace built for this CM before CM start in Grand Concert scenario,3,,,,2,1,,Grass Wonder,Late Surger,Ace built for this CM before CM start in Grand Concert scenario,2,,1,,2,1,,4 Attempts - 20 Races total,12,Go to Submit page,,,,,,,,,,,,,,Re-use Day 1 - Team Comp 1 as Day 2 - Team Comp 1,,,,,,,,,,4 Attempts - 20 Races total,17,Go to Submit page,,,,,,,,,,,,,,,Re-use Day 2 - Team Comp 1 as Day 3 - Team Comp 1,A Group,,,,,,,,,,4 Attempts - 20 Races total,13,Go to Submit page,,,,,,,,,,,,,,,Re-use Day 3 - Team Comp 1 as Day 4 - Team Comp 1,A Group,,,,,,,,,,4 Attempts - 20 Races total,11,Go to Submit page,,,,,,,,,,,,,,,A Finals,10466,Re-use Day 4 - Team Comp 1 as Finals Team Comp,,,,,,,,,,https://drive.google.com/open?id=14io5NsF5DeWMwOtqBOrXrViqM5nX0o71,1st,,,,,,,,,,,Yes,SEEKING THE WIN to throw a pearl party!,https://drive.google.com/open?id=1G-O5LKGlVltTVvmFghQ4qN2RwFCoKWZL,https://drive.google.com/open?id=1P7Ez-Ui7eq4KdBc3ThmlbI3De8agV5oY,,3,5,3,,4,https://drive.google.com/open?id=1FBd8n4neYCSaNTgYe9Mkmd1dCNxOku_e
8/28/2026 20:22:36,DuckFinn,Graded (No Uma Restrictions),Win A finals,I accept these terms,Day 1,"iOS - phone or tablet, Windows",$5000+,2579,46+ (more than 6 per day),Discord - MooMooCord - https://discord.gg/Hc7cP9GB,,,Oguri Cap (Christmas),End Closer,Ace built for this CM before CM start in Grand Concert scenario,2,0,1,0,2,1,0,Nishino Flower,Pace Chaser,Ace built for this CM before CM start in Grand Concert scenario,3,0,0,0,2,1,0,Grass Wonder,End Closer,Debuffer,1,1,1,0,3,0,0,4 Attempts - 20 Races total,17,Go to Submit page,,,,,,,,,,,,,,,,,,,,,,,,,,,,,,,,,,,,,,,,,,,,,,,,,,,,,,,,,,,,,,,,,,,,,,,,,,,,,,,,,,,,,,,,,,,,,,,,,,,,,,,,,,,,,,,,,,,,,,,,,,,,,,,,,,,
9/2/2026 19:42:23,Gore,Graded (No Uma Restrictions),Win A finals,I accept these terms,Finals,"Android - phone or tablet, Windows",$1-100,802,11-20 (roughly 2-3 per day),YouTube - MooMooCows - https://www.youtube.com/@MooMooCows,4,,Mihono Bourbon (Valentine),Front Runner,Ace built for this CM before CM start in Grand Concert scenario,3,,,,2,1,,Maruzensky (Summer),Front Runner,Blocker/Overtake target/Throwaway/Niche role,,,,,,,,Grass Wonder,End Closer,Debuffer,,,,,,,,4 Attempts - 20 Races total,15,Go to Submit page,,,,,,,,,,,,,,Re-use Day 1 - Team Comp 1 as Day 2 - Team Comp 1,,,,,,,,,,4 Attempts - 20 Races total,15,Go to Submit page,,,,,,,,,,,,,,,Add new Team Comp as Day 3 - Team Comp 1,A Group,Mihono Bourbon (Valentine),Front Runner,Ace built for this CM before CM start in Grand Concert scenario,Maruzensky (Summer),Front Runner,Ace built for this CM before CM start in Grand Concert scenario,Nishino Flower,Pace Chaser,Ace built for this CM before CM start in Grand Concert scenario,4 Attempts - 20 Races total,11,Go to Submit page,,,,,,,,,,,,,,,Add a new Team Comp as Day 4 - Team Comp 1,A Group,Mihono Bourbon (Valentine),Front Runner,Ace built for this CM before CM start in Grand Concert scenario,Maruzensky (Summer),Front Runner,Blocker/Overtake target/Throwaway/Niche role,Grass Wonder,End Closer,Debuffer,4 Attempts - 20 Races total,10,Go to Submit page,,,,,,,,,,,,,,,A Finals,9382,Re-use Day 4 - Team Comp 1 as Finals Team Comp,,,,,,,,,,https://drive.google.com/open?id=1_OUeBMEDCNFCB-ZuKDoN3qB2UfDMQO8Q,1st,,,,,,,,,,,Yes,We won! Boom! ,https://drive.google.com/open?id=1yAbwiZ_9d2loMosU2KOGN-RTVAIDEvFl,https://drive.google.com/open?id=1mRQIABvrOLGlnG0GjX8fx_khxSYzlOsC,,2,8,2,,2,https://drive.google.com/open?id=1HCIlp4zFuChIOSMYeYcUm4aDrE3mZTW2
9/2/2026 15:43:34,DyaYei ,Graded (No Uma Restrictions),Win A finals,I accept these terms,Finals,"Android - phone or tablet, Windows",$1-100,1828,21-30 (roughly 3-4 per day),Discord - MooMooCord - https://discord.gg/Hc7cP9GB,4,None,Meisho Doto (Halloween),Pace Chaser,Ace built for this CM before CM start in Grand Concert scenario,3,0,0,,2,1,0,Symboli Rudolf,Late Surger,Debuffer,,,,,,,,Silence Suzuka,Runaway,Blocker/Overtake target/Throwaway/Niche role,,,,,,,,2 Attempts - 10 Races total,6,Day 1 - Add 2nd Team,Meisho Doto (Halloween),Pace Chaser,Ace built for this CM before CM start in Grand Concert scenario,Symboli Rudolf,Late Surger,Debuffer,Agnes Tachyon,Late Surger,Debuffer,2 Attempts - 10 Races total,8,2 teams,Go to Submit page,Re-use Day 1 - Team Comp 1 as Day 2 - Team Comp 1,,,,,,,,,,3 Attempts - 15 Races total,11,Day 2 - Add 2nd Team,Add new Team Comp as Day 2 - Team Comp 2,Meisho Doto (Halloween),Pace Chaser,Ace built for this CM before CM start in Grand Concert scenario,Symboli Rudolf,Late Surger,Debuffer,Nice Nature (Cheerleader),Late Surger,Debuffer,1 Attempt - 5 Races total,5,2 teams,Go to Submit page,Re-use Day 2 - Team Comp 1 as Day 3 - Team Comp 1,A Group,,,,,,,,,,3 Attempts - 15 Races total,9,Day 3 - Add 2nd Team,Re-use Day 2 - Team Comp 2 as Day 3 - Team Comp 2,,,,,,,,,,1 Attempt - 5 Races total,4,2 teams,Go to Submit page,Re-use Day 3 - Team Comp 2 as Day 4 - Team Comp 1,A Group,,,,,,,,,,4 Attempts - 20 Races total,13,Go to Submit page,,,,,,,,,,,,,,,A Finals,11016,Re-use Day 4 - Team Comp 2 as Finals Team Comp,,,,,,,,,,https://drive.google.com/open?id=1S40PzuEZuiwNqQ0vviWvHLfRtefQcT9P,2nd,No (goes to Submit page),,,,,,,,,,,,,,,,,,,,
8/30/2026 22:02:15,ghostofsashimi,Graded (No Uma Restrictions),Win A finals,I accept these terms,Day 2,iOS - phone or tablet,$1-100,438,6-10 (roughly 1 per day),"Discord - MooMooCord - https://discord.gg/Hc7cP9GB, YouTube - MooMooCows - https://www.youtube.com/@MooMooCows",4,,Rice Shower,Pace Chaser,Ace built for this CM before CM start in Grand Concert scenario,3,0,0,0,2,1,0,Nishino Flower,Pace Chaser,Ace built for this CM before CM start in Grand Concert scenario,3,0,0,0,2,1,0,Oguri Cap (Christmas),End Closer,Ace built for this CM before CM start in Grand Concert scenario,3,0,0,0,2,1,0,1 Attempt - 5 Races total,4,Day 1 - Add 2nd Team,Rice Shower,Pace Chaser,Ace built for this CM before CM start in Grand Concert scenario,Nishino Flower,Pace Chaser,Ace built for this CM before CM start in Grand Concert scenario,Oguri Cap,Pace Chaser,Ace built for this CM before CM start in Grand Concert scenario,1 Attempt - 5 Races total,3,2 teams,Go to Submit page,Re-use Day 1 - Team Comp 1 as Day 2 - Team Comp 1,,,,,,,,,,1 Attempt - 5 Races total,2,Day 2 - Add 2nd Team,Re-use Day 1 - Team Comp 2 as Day 2 - Team Comp 2,,,,,,,,,,1 Attempt - 5 Races total,2,2 teams,Day 3,Re-use Day 2 - Team Comp 1 as Day 3 - Team Comp 1,A Group,,,,,,,,,,2 Attempts - 10 Races total,5,Day 3 - Add 2nd Team,Re-use Day 2 - Team Comp 2 as Day 3 - Team Comp 2,,,,,,,,,,2 Attempts - 10 Races total,5,2 teams,Go to Submit page,,,,,,,,,,,,,,,,,,,,,,,,,,,,,,,,,,,,,,,,,,,,,,,,,,,,,,,,,,,,,,,
9/2/2026 17:26:14,Sundae ヽ（￣▽￣）ノ,Graded (No Uma Restrictions),Get into A finals,I accept these terms,Finals,Android - phone or tablet,$101-500,2113,21-30 (roughly 3-4 per day),"Twitch - MooMooCows - https://www.twitch.tv/moomoomoocows, YouTube - MooMooCows - https://www.youtube.com/@MooMooCows",,,Taiki Shuttle (Camping),Pace Chaser,Ace built for this CM before CM start in Grand Concert scenario,2,0,0,0,3,1,0,Mejiro Dober (Camping),Late Surger,Ace built for this CM before CM start in Grand Concert scenario,2,0,1,0,2,1,0,Nice Nature,Late Surger,Debuffer,1,1,0,1,3,0,0,4 Attempts - 20 Races total,16,Go to Submit page,,,,,,,,,,,,,,Re-use Day 1 - Team Comp 1 as Day 2 - Team Comp 1,,,,,,,,,,4 Attempts - 20 Races total,12,Go to Submit page,,,,,,,,,,,,,,,Re-use Day 2 - Team Comp 1 as Day 3 - Team Comp 1,A Group,,,,,,,,,,4 Attempts - 20 Races total,14,Go to Submit page,,,,,,,,,,,,,,,Re-use Day 3 - Team Comp 1 as Day 4 - Team Comp 1,A Group,,,,,,,,,,4 Attempts - 20 Races total,16,Go to Submit page,,,,,,,,,,,,,,,A Finals,11625,Re-use Day 4 - Team Comp 1 as Finals Team Comp,,,,,,,,,,https://drive.google.com/open?id=1YhhHJrxspCbu0d8jWUNp1WnYtRuExxzU,1st,,,,,,,,,,,No,,,,,,,,,,
9/2/2026 16:41:13,Zeoxys,Graded (No Uma Restrictions),Win A finals with Zephyr,I accept these terms,Finals,Android - phone or tablet,$101-500,1745,21-30 (roughly 3-4 per day),"Twitch - MooMooCows - https://www.twitch.tv/moomoomoocows, YouTube - MooMooCows - https://www.youtube.com/@MooMooCows",5,,Tokai Teio (Anime Collab),Pace Chaser,Ace built for this CM before CM start in Grand Concert scenario,3,0,0,0,2,1,0,Nishino Flower,Pace Chaser,Ace built for this CM before CM start in Grand Concert scenario,3,0,0,0,2,1,0,Taiki Shuttle (Camping),Pace Chaser,Ace built for this CM before CM start in Grand Concert scenario,3,0,0,0,2,1,0,4 Attempts - 20 Races total,15,Go to Submit page,,,,,,,,,,,,,,Add new Team Comp as Day 2 - Team Comp 1,Tokai Teio (Anime Collab),Pace Chaser,Ace built for this CM before CM start in Grand Concert scenario,Nishino Flower,Pace Chaser,Ace built for this CM before CM start in Grand Concert scenario,Grass Wonder,End Closer,Debuffer,4 Attempts - 20 Races total,12,Go to Submit page,,,,,,,,,,,,,,,Re-use Day 2 - Team Comp 1 as Day 3 - Team Comp 1,A Group,,,,,,,,,,4 Attempts - 20 Races total,13,Go to Submit page,,,,,,,,,,,,,,,Re-use Day 3 - Team Comp 1 as Day 4 - Team Comp 1,A Group,,,,,,,,,,4 Attempts - 20 Races total,12,Go to Submit page,,,,,,,,,,,,,,,A Finals,13126,Add new Team Comp as Finals Team Comp,Yamanin Zephyr,Pace Chaser,Mid-CM Ace build in Grand Concert scenario,Tokai Teio (Anime Collab),Pace Chaser,Ace built for this CM before CM start in Grand Concert scenario,Nishino Flower,Pace Chaser,Ace built for this CM before CM start in Grand Concert scenario,,2nd,No (goes to Submit page),,,,,,,,,,,,,,,,,,,,
9/2/2026 17:31:30,Skwagely,Graded (No Uma Restrictions),Get into A finals,I accept these terms,Finals,Windows,$1-100,1093,31-45 (roughly 5-6 per day),,,,Tamamo Cross,Late Surger,Ace built for this CM before CM start in Grand Concert scenario,3,,,,2,1,,Silence Suzuka,Runaway,Ace built for this CM before CM start in Grand Concert scenario,3,,,,2,1,,Agnes Tachyon,Pace Chaser,Debuffer,1,,1,,3,1,,4 Attempts - 20 Races total,11,Go to Submit page,,,,,,,,,,,,,,Re-use Day 1 - Team Comp 1 as Day 2 - Team Comp 1,,,,,,,,,,4 Attempts - 20 Races total,10,Go to Submit page,,,,,,,,,,,,,,,Re-use Day 2 - Team Comp 1 as Day 3 - Team Comp 1,A Group,,,,,,,,,,4 Attempts - 20 Races total,8,Go to Submit page,,,,,,,,,,,,,,,Re-use Day 3 - Team Comp 1 as Day 4 - Team Comp 1,A Group,,,,,,,,,,4 Attempts - 20 Races total,8,Go to Submit page,,,,,,,,,,,,,,,A Finals,11640,Re-use Day 4 - Team Comp 1 as Finals Team Comp,,,,,,,,,,https://drive.google.com/open?id=15rssvyWIXJGz9JS5Z_PDCChr7XD9pzYN,2nd,Yes,https://drive.google.com/open?id=1N64Om3oBP-KWMhGKdNdkJVEs6fNDtFp9,,https://drive.google.com/open?id=1Bq4ZS4Ow7rHHJ1szqBeE2U4GE6xd33H7,,8,2,4,,https://drive.google.com/open?id=1xj1nKN5-T8VArF3gjmA9nkxeO5b0_FKu,,,,,,,,,,,
9/2/2026 15:14:31,trillkun,Graded (No Uma Restrictions),Win A finals,I accept these terms,Finals,"iOS - phone or tablet, Windows",$1001-5000,1791,31-45 (roughly 5-6 per day),Discord - MooMooCord - https://discord.gg/Hc7cP9GB,5,,Seiun Sky,Front Runner,Ace built for this CM before CM start in Grand Concert scenario,3,0,0,0,2,1,,Mihono Bourbon (Valentine),Front Runner,Ace built for this CM before CM start in Grand Concert scenario,3,0,0,0,2,1,,Fine Motion (Wedding),Pace Chaser,Ace built for this CM before CM start in Grand Concert scenario,3,0,0,0,2,1,,4 Attempts - 20 Races total,14,Go to Submit page,,,,,,,,,,,,,,Re-use Day 1 - Team Comp 1 as Day 2 - Team Comp 1,,,,,,,,,,4 Attempts - 20 Races total,16,Go to Submit page,,,,,,,,,,,,,,,Re-use Day 2 - Team Comp 1 as Day 3 - Team Comp 1,A Group,,,,,,,,,,4 Attempts - 20 Races total,14,Go to Submit page,,,,,,,,,,,,,,,Re-use Day 3 - Team Comp 1 as Day 4 - Team Comp 1,A Group,,,,,,,,,,4 Attempts - 20 Races total,9,Go to Submit page,,,,,,,,,,,,,,,A Finals,9207,Re-use Day 4 - Team Comp 1 as Finals Team Comp,,,,,,,,,,https://drive.google.com/open?id=1q2wCzl5lQB2NkTqF08kgo9EHGxdGeyoT,1st,,,,,,,,,,,No,,https://drive.google.com/open?id=152hF-volo1kqx2s3J7Cp3hyBljxwGNwL,https://drive.google.com/open?id=1iuO5srvMpdEygXr6SG_1uHhkQiSqhPvM,,0,9,9,0,0,https://drive.google.com/open?id=1BPD13YtkuG8KIH2U9pKW7WmR2T44qHFn
9/2/2026 16:00:54,LuseLunam,Graded (No Uma Restrictions),Get into A finals,I accept these terms,Day 1,"Android - phone or tablet, Windows",$0,989,21-30 (roughly 3-4 per day),Discord - MooMooCord - https://discord.gg/Hc7cP9GB,5,,Vodka,Late Surger,Ace built for this CM before CM start in Grand Concert scenario,2,,1,,2,1,,Sakura Chiyono O,Pace Chaser,Ace built for this CM before CM start in Grand Concert scenario,3,,,,2,1,,Narita Taishin,End Closer,Ace built for this CM before CM start in Grand Concert scenario,2,,1,,2,1,,1 Attempt - 5 Races total,4,Day 1 - Add 2nd Team,Sakura Chiyono O,Pace Chaser,Ace built for this CM before CM start in Grand Concert scenario,Narita Taishin,End Closer,Ace built for this CM before CM start in Grand Concert scenario,Kawakami Princess,Late Surger,Mid-CM Ace build in Grand Concert scenario,1 Attempt - 5 Races total,4,4 teams,Day 2,Re-use Day 1 - Team Comp 2 as Day 2 - Team Comp 1,,,,,,,,,,4 Attempts - 20 Races total,12,Day 3,,,,,,,,,,,,,,,Add new Team Comp as Day 3 - Team Comp 1,A Group,Taiki Shuttle (Camping),Pace Chaser,Mid-CM Ace build in Grand Concert scenario,Sakura Chiyono O,Pace Chaser,Ace built for this CM before CM start in Grand Concert scenario,Narita Taishin,End Closer,Ace built for this CM before CM start in Grand Concert scenario,2 Attempts - 10 Races total,5,Day 3 - Add 2nd Team,Re-use Day 2 - Team Comp 2 as Day 3 - Team Comp 2,,,,,,,,,,2 Attempts - 10 Races total,4,2 teams,Day 4,Re-use Day 3 - Team Comp 2 as Day 4 - Team Comp 1,A Group,,,,,,,,,,4 Attempts - 20 Races total,17,Finals,,,,,,,,,,,,,,,A Finals,14634,Re-use Day 4 - Team Comp 1 as Finals Team Comp,,,,,,,,,,https://drive.google.com/open?id=13ox_n5djKMICgTm7l3rbGksRZvmbs-i1,2nd,No (goes to Submit page),,,,,,,,,,,,,,,,,,,,
9/2/2026 16:01:16,_Alex_,Graded (No Uma Restrictions),Get into A finals,I accept these terms,Finals,"Android - phone or tablet, Linux",$1-100,687,31-45 (roughly 5-6 per day),"Discord - MooMooCord - https://discord.gg/Hc7cP9GB, Discord - Pakacord! - https://discord.gg/6mwHqhBm, Reddit - /r/umamusumeGame, Twitch - MooMooCows - https://www.twitch.tv/moomoomoocows, YouTube - MooMooCows - https://www.youtube.com/@MooMooCows",5,,Oguri Cap,Late Surger,Ace built for this CM before CM start in Grand Concert scenario,2,,1,,2,1,,Narita Taishin,End Closer,Ace built for this CM before CM start in Grand Concert scenario,3,,1,,1,1,,Grass Wonder,End Closer,Debuffer,,,,,,,,4 Attempts - 20 Races total,14,Go to Submit page,,,,,,,,,,,,,,Re-use Day 1 - Team Comp 1 as Day 2 - Team Comp 1,,,,,,,,,,4 Attempts - 20 Races total,14,Go to Submit page,,,,,,,,,,,,,,,Re-use Day 2 - Team Comp 1 as Day 3 - Team Comp 1,A Group,,,,,,,,,,4 Attempts - 20 Races total,7,Go to Submit page,,,,,,,,,,,,,,,Re-use Day 3 - Team Comp 1 as Day 4 - Team Comp 1,A Group,,,,,,,,,,4 Attempts - 20 Races total,15,Go to Submit page,,,,,,,,,,,,,,,A Finals,9564,Re-use Day 4 - Team Comp 1 as Finals Team Comp,,,,,,,,,,,2nd,No (goes to Submit page),,,,,,,,,,,,,,,,,,,,
9/2/2026 17:21:27,Matayoh,Graded (No Uma Restrictions),Win A finals,I accept these terms,Finals,"Android - phone or tablet, Windows",$1001-5000,,11-20 (roughly 2-3 per day),,,,Gold City (Festival),Late Surger,Ace built for this CM before CM start in Grand Concert scenario,3,,,,2,1,,Grass Wonder,Late Surger,Ace built for this CM before CM start in Grand Concert scenario,2,,1,,2,1,,Narita Taishin,End Closer,Ace built for this CM before CM start in Grand Concert scenario,3,,,,2,1,,4 Attempts - 20 Races total,18,Go to Submit page,,,,,,,,,,,,,,Re-use Day 1 - Team Comp 1 as Day 2 - Team Comp 1,,,,,,,,,,4 Attempts - 20 Races total,15,Go to Submit page,,,,,,,,,,,,,,,Re-use Day 2 - Team Comp 1 as Day 3 - Team Comp 1,A Group,,,,,,,,,,4 Attempts - 20 Races total,13,Go to Submit page,,,,,,,,,,,,,,,Re-use Day 3 - Team Comp 1 as Day 4 - Team Comp 1,A Group,,,,,,,,,,4 Attempts - 20 Races total,16,Go to Submit page,,,,,,,,,,,,,,,A Finals,14266,Re-use Day 4 - Team Comp 1 as Finals Team Comp,,,,,,,,,,https://drive.google.com/open?id=13TmA3CTGb5dRcwAGBqjtEBJAae6kBXvW,1st,,,,,,,,,,,Yes,More than just a pretty face!,https://drive.google.com/open?id=1sxs_I1ySEroE69fxW7LCpgU5FY2k7nMu,https://drive.google.com/open?id=1QJlwmCZx5ugTDcQ5L-L-aqxTHvrFNaSf,,,8,3,,5,https://drive.google.com/open?id=1QuSuTYJKg6XVwc6bBq2WvHTQbwIj4TNc
9/3/2026 6:28:05,Poetra,Graded (No Uma Restrictions),Get into A finals,I accept these terms,Finals,Android - phone or tablet,$0,1232,6-10 (roughly 1 per day),Discord - MooMooCord - https://discord.gg/Hc7cP9GB,5,,Fuji Kiseki,Pace Chaser,Ace built for this CM before CM start in Grand Concert scenario,3,0,0,0,2,1,,Nishino Flower,Pace Chaser,Ace built for this CM before CM start in Grand Concert scenario,3,0,0,0,2,1,,Oguri Cap (Christmas),End Closer,Ace built for this CM before CM start in Grand Concert scenario,3,0,0,0,2,1,,4 Attempts - 20 Races total,17,Go to Submit page,,,,,,,,,,,,,,Re-use Day 1 - Team Comp 1 as Day 2 - Team Comp 1,,,,,,,,,,4 Attempts - 20 Races total,12,Go to Submit page,,,,,,,,,,,,,,,Re-use Day 2 - Team Comp 1 as Day 3 - Team Comp 1,A Group,,,,,,,,,,4 Attempts - 20 Races total,11,Go to Submit page,,,,,,,,,,,,,,,Re-use Day 3 - Team Comp 1 as Day 4 - Team Comp 1,A Group,,,,,,,,,,4 Attempts - 20 Races total,17,Go to Submit page,,,,,,,,,,,,,,,A Finals,11763,Re-use Day 4 - Team Comp 1 as Finals Team Comp,,,,,,,,,,https://drive.google.com/open?id=1NADeC_o0qXiNPfdsNUF2idBFEONphTfJ,2nd,No (goes to Submit page),,,,,,,,,,,,,,,,,,,,
9/2/2026 17:37:07,Tea,Graded (No Uma Restrictions),Win A finals,I accept these terms,Finals,"iOS - phone or tablet, Android - phone or tablet, Windows",$1-100,1314,31-45 (roughly 5-6 per day),Rather not say,5,,Sweep Tosho,End Closer,Ace built for this CM before CM start in Grand Concert scenario,2,0,1,0,2,1,0,Agnes Tachyon,Pace Chaser,Debuffer,2,0,0,0,4,0,0,Grass Wonder,Late Surger,Debuffer,2,0,0,0,4,0,0,4 Attempts - 20 Races total,16,Go to Submit page,,,,,,,,,,,,,,Re-use Day 1 - Team Comp 1 as Day 2 - Team Comp 1,,,,,,,,,,4 Attempts - 20 Races total,12,Go to Submit page,,,,,,,,,,,,,,,Re-use Day 2 - Team Comp 1 as Day 3 - Team Comp 1,A Group,,,,,,,,,,4 Attempts - 20 Races total,12,Day 4,,,,,,,,,,,,,,,Re-use Day 3 - Team Comp 1 as Day 4 - Team Comp 1,A Group,,,,,,,,,,4 Attempts - 20 Races total,12,Go to Submit page,,,,,,,,,,,,,,,A Finals,12589,Re-use Day 4 - Team Comp 1 as Finals Team Comp,,,,,,,,,,https://drive.google.com/open?id=1Q9MM9ZneppIeT2XbLo8ufVFovBVjVMz6,3rd,No (goes to Submit page),,,,,,,,,,,,,,,,,,,,
9/2/2026 18:27:57,Kekginger,Graded (No Uma Restrictions),Win A finals,I accept these terms,Finals,"iOS - phone or tablet, Windows",Rather not say,1113,11-20 (roughly 2-3 per day),"Discord - MooMooCord - https://discord.gg/Hc7cP9GB, YouTube - MooMooCows - https://www.youtube.com/@MooMooCows",5,,Silence Suzuka,Runaway,Ace built for this CM before CM start in Grand Concert scenario,2,1,0,0,2,1,0,Mihono Bourbon (Valentine),Front Runner,Ace built for this CM before CM start in Grand Concert scenario,3,0,0,0,2,1,0,Nishino Flower,Pace Chaser,Ace built for this CM before CM start in Grand Concert scenario,3,0,0,0,2,1,0,4 Attempts - 20 Races total,14,Go to Submit page,,,,,,,,,,,,,,Re-use Day 1 - Team Comp 1 as Day 2 - Team Comp 1,,,,,,,,,,4 Attempts - 20 Races total,13,Go to Submit page,,,,,,,,,,,,,,,Re-use Day 2 - Team Comp 1 as Day 3 - Team Comp 1,A Group,,,,,,,,,,4 Attempts - 20 Races total,10,Go to Submit page,,,,,,,,,,,,,,,Re-use Day 3 - Team Comp 1 as Day 4 - Team Comp 1,A Group,,,,,,,,,,4 Attempts - 20 Races total,14,Go to Submit page,,,,,,,,,,,,,,,A Finals,11899,Re-use Day 4 - Team Comp 1 as Finals Team Comp,,,,,,,,,,https://drive.google.com/open?id=1HnerzhjUgKW0q7AzWwzGkrpcypP5Vn78,3rd,Yes,https://drive.google.com/open?id=1TtMvkOoYEmXZjxGJymjig8xVSIbS8UJ9,https://drive.google.com/open?id=1PdQUycoye6D3SpFxuPi9NmgpClzdjfMt,,,9,8,,,https://drive.google.com/open?id=1tDCgWEXhj2GYDnLts-G0jEKc27vrSFJy,,,,,,,,,,,
9/2/2026 17:56:14,MercuryEpsilon,Graded (No Uma Restrictions),Win A finals,I accept these terms,Finals,iOS - phone or tablet,$0,464,6-10 (roughly 1 per day),Discord - MooMooCord - https://discord.gg/Hc7cP9GB,4,,Grass Wonder,Late Surger,Ace built for this CM before CM start in Grand Concert scenario,3,0,0,0,2,1,0,Vodka,Late Surger,Ace built for this CM before CM start in Grand Concert scenario,2,0,1,0,2,1,0,Tamamo Cross,End Closer,Ace built for this CM before CM start in Grand Concert scenario,3,0,0,0,2,1,0,4 Attempts - 20 Races total,13,Go to Submit page,,,,,,,,,,,,,,Re-use Day 1 - Team Comp 1 as Day 2 - Team Comp 1,,,,,,,,,,4 Attempts - 20 Races total,14,Go to Submit page,,,,,,,,,,,,,,,Add new Team Comp as Day 3 - Team Comp 1,A Group,Grass Wonder,Late Surger,Ace built for this CM before CM start in Grand Concert scenario,Air Groove,Pace Chaser,Mid-CM Ace build in Grand Concert scenario,Vodka,Late Surger,Ace built for this CM before CM start in Grand Concert scenario,4 Attempts - 20 Races total,7,Go to Submit page,,,,,,,,,,,,,,,Re-use Day 3 - Team Comp 1 as Day 4 - Team Comp 1,A Group,,,,,,,,,,4 Attempts - 20 Races total,11,Go to Submit page,,,,,,,,,,,,,,,A Finals,11762,Re-use Day 4 - Team Comp 1 as Finals Team Comp,,,,,,,,,,https://drive.google.com/open?id=1e7okfbNV-y8R8QX6GIhGPe3A_jh2PLbg,3rd,Yes,https://drive.google.com/open?id=1Fxx77ZJHJ67vZHweX2E6IXWGlCAARweF,https://drive.google.com/open?id=1eOWzp9QqI7I7IkY1UWjpgiUcpWJrcVE_,,0,9,6,0,3,https://drive.google.com/open?id=1by-yzEgESLbJprQ8GUl-hrz9McgC3hwI,,,,,,,,,,,
9/2/2026 17:09:21,neo.,Graded (No Uma Restrictions),Win A finals,I accept these terms,Finals,Android - phone or tablet,$101-500,1374,31-45 (roughly 5-6 per day),Discord - MooMooCord - https://discord.gg/Hc7cP9GB,5,,Fine Motion,Pace Chaser,Ace built for this CM before CM start in Grand Concert scenario,3,0,0,0,2,1,0,Taiki Shuttle,Pace Chaser,Ace built for this CM before CM start in Grand Concert scenario,2,0,1,0,2,1,0,Oguri Cap (Christmas),End Closer,Ace built for this CM before CM start in Grand Concert scenario,2,0,1,0,2,1,0,4 Attempts - 20 Races total,19,Go to Submit page,,,,,,,,,,,,,,Re-use Day 1 - Team Comp 1 as Day 2 - Team Comp 1,,,,,,,,,,2 Attempts - 10 Races total,6,Day 2 - Add 2nd Team,Add new Team Comp as Day 2 - Team Comp 2,Oguri Cap (Christmas),End Closer,Mid-CM Ace build in Grand Concert scenario,Grass Wonder,Late Surger,Debuffer,Taiki Shuttle,Pace Chaser,Ace built for this CM before CM start in Grand Concert scenario,2 Attempts - 10 Races total,9,2 teams,Go to Submit page,Re-use Day 2 - Team Comp 2 as Day 3 - Team Comp 1,A Group,,,,,,,,,,4 Attempts - 20 Races total,13,Go to Submit page,,,,,,,,,,,,,,,Re-use Day 3 - Team Comp 1 as Day 4 - Team Comp 1,A Group,,,,,,,,,,4 Attempts - 20 Races total,16,Go to Submit page,,,,,,,,,,,,,,,A Finals,9737,Re-use Day 4 - Team Comp 1 as Finals Team Comp,,,,,,,,,,https://drive.google.com/open?id=1GyBi88DyyxpFPkTk08Fm_mpH_VNu6CLo,1st,,,,,,,,,,,No,,https://drive.google.com/open?id=19tMGnpfm5AcDYdehN3L6bNd9WQk2DZ04,https://drive.google.com/open?id=1_sJhOklLp146YZu_hDfr5Cs1V5_4SgCp,,3,4,5,0,1,https://drive.google.com/open?id=18AcyJ6691dSlkSw60xUb4THi11sB78z7
8/31/2026 17:30:45,Herodotus,Graded (No Uma Restrictions),Win A finals,I accept these terms,Day 3,Android - phone or tablet,$101-500,1950,31-45 (roughly 5-6 per day),Discord - MooMooCord - https://discord.gg/Hc7cP9GB,,,Manhattan Cafe,Late Surger,Ace built for this CM before CM start in Grand Concert scenario,3,0,1,0,1,1,0,Agnes Tachyon,End Closer,Debuffer,1,1,1,0,2,1,0,Grass Wonder,End Closer,Debuffer,1,1,1,0,2,1,0,4 Attempts - 20 Races total,11,Go to Submit page,,,,,,,,,,,,,,Re-use Day 1 - Team Comp 1 as Day 2 - Team Comp 1,,,,,,,,,,4 Attempts - 20 Races total,12,Day 3,,,,,,,,,,,,,,,Re-use Day 2 - Team Comp 1 as Day 3 - Team Comp 1,A Group,,,,,,,,,,4 Attempts - 20 Races total,7,Day 4,,,,,,,,,,,,,,,Re-use Day 3 - Team Comp 1 as Day 4 - Team Comp 1,A Group,,,,,,,,,,4 Attempts - 20 Races total,4,Go to Submit page,,,,,,,,,,,,,,,,,,,,,,,,,,,,,,,,,,,,,,,,,,,,,,,,,
9/2/2026 15:48:13,Kaina,Graded (No Uma Restrictions),"These sparks are fantastic, just needs to work on 3 stamina, 3 power, 3 dirt, 3 med, 3 mile, 3 long, 3 green, 3 nimble nimble navigator, 3 uma stan, 3 racing spirit stamina, 3 racing spirit power, 3 racing spirit mood, 3 ignited spirit PWR, 3 ignited spirit WIT, 3 restraint, 3 ramp up, 3 playtime's over, 3 tail held high, 3 slip stream, 3 corner adept, 3 straight adept, 3 corner recovery, 3 straightaway recovery, 3 distance corners, 3 distance straights, 3 style corners, 3 style straights, 3 early lead, 3 dodging danger, 3 prudent positioning, 3 groundwork, 3 straightaway spurt, 3 slick surge, 3 take the chance, 3 leap forward, 3 final push, 3 head-on, 3 straight descent, 3 pedal to the medal, 3 full throttle, and 3 firm resolve.",I accept these terms,Finals,,,,,,,buh cing 7,Mejiro Dober (Camping),Late Surger,Ace built for this CM before CM start in Grand Concert scenario,,,,,,,,Grass Wonder,End Closer,Debuffer,,,,,,,,Symboli Rudolf,End Closer,Debuffer,,,,,,,,4 Attempts - 20 Races total,14,Go to Submit page,,,,,,,,,,,,,,Re-use Day 1 - Team Comp 1 as Day 2 - Team Comp 1,,,,,,,,,,4 Attempts - 20 Races total,17,Go to Submit page,,,,,,,,,,,,,,,Re-use Day 2 - Team Comp 1 as Day 3 - Team Comp 1,A Group,,,,,,,,,,4 Attempts - 20 Races total,15,Go to Submit page,,,,,,,,,,,,,,,Re-use Day 3 - Team Comp 1 as Day 4 - Team Comp 1,A Group,,,,,,,,,,4 Attempts - 20 Races total,17,Go to Submit page,,,,,,,,,,,,,,,A Finals,,Re-use Day 4 - Team Comp 1 as Finals Team Comp,,,,,,,,,,https://drive.google.com/open?id=18b68FozfpNvw0WyQoqvYeujIw-T4v3_S,1st,,,,,,,,,,,No,,https://drive.google.com/open?id=1uY1vjh-qyolUfQ_0dvsSQNBmtF2gi0TI,https://drive.google.com/open?id=1gX7gMh8j75cjfCfXkaD2y_MU8fEcDph0,,,6,2,3,1,https://drive.google.com/open?id=15qma_JQqDjxTbOVgb1EfSbxp4etZgoLl
9/2/2026 19:20:26,BoltingCake,Graded (No Uma Restrictions),Win A finals,I accept these terms,Finals,"iOS - phone or tablet, Windows",$101-500,890,11-20 (roughly 2-3 per day),"Discord - MooMooCord - https://discord.gg/Hc7cP9GB, YouTube - MooMooCows - https://www.youtube.com/@MooMooCows",,,Gold City,Late Surger,Ace built for this CM before CM start in Grand Concert scenario,3,0,0,0,2,1,0,Taiki Shuttle,Pace Chaser,Ace built for this CM after CM start in Grand Concert,3,0,0,0,2,1,0,Nice Nature (Cheerleader),Late Surger,Debuffer,2,0,1,0,3,0,0,4 Attempts - 20 Races total,15,Go to Submit page,,,,,,,,,,,,,,Re-use Day 1 - Team Comp 1 as Day 2 - Team Comp 1,,,,,,,,,,4 Attempts - 20 Races total,15,Day 3,,,,,,,,,,,,,,,Re-use Day 2 - Team Comp 1 as Day 3 - Team Comp 1,A Group,,,,,,,,,,4 Attempts - 20 Races total,15,Go to Submit page,,,,,,,,,,,,,,,Re-use Day 3 - Team Comp 1 as Day 4 - Team Comp 1,A Group,,,,,,,,,,4 Attempts - 20 Races total,14,Go to Submit page,,,,,,,,,,,,,,,A Finals,11525,Re-use Day 4 - Team Comp 1 as Finals Team Comp,,,,,,,,,,https://drive.google.com/open?id=1NdFttzs056ouN6S1tEjrdEDhlKAnFak-,1st,,,,,,,,,,,Yes,Gold City on top!!,https://drive.google.com/open?id=11cvqZgDe8Ofho6Xhhl4jFhEDLggnNKQv,https://drive.google.com/open?id=1fnUjXnIpfP4wJS2hTh7mxXGDYAVHqoE2,,,6,11,,,https://drive.google.com/open?id=1LMkrdJjXAPA2xjhmkWivRGB33DnoWjGb
9/3/2026 10:49:01,Ulvida,Graded (No Uma Restrictions),Win A finals,I accept these terms,Finals,Windows,$0,674,6-10 (roughly 1 per day),Discord - MooMooCord - https://discord.gg/Hc7cP9GB,5,-,Gold Ship (Summer),Pace Chaser,Ace built for this CM before CM start in Grand Concert scenario,3,0,0,0,2,1,0,Seeking the Pearl,Pace Chaser,Ace built for this CM before CM start in Grand Concert scenario,3,0,0,0,2,1,0,Grass Wonder,Late Surger,Debuffer,2,0,0,0,3,1,0,4 Attempts - 20 Races total,17,Go to Submit page,,,,,,,,,,,,,,Re-use Day 1 - Team Comp 1 as Day 2 - Team Comp 1,,,,,,,,,,4 Attempts - 20 Races total,10,Go to Submit page,,,,,,,,,,,,,,,Re-use Day 2 - Team Comp 1 as Day 3 - Team Comp 1,A Group,,,,,,,,,,4 Attempts - 20 Races total,11,Go to Submit page,,,,,,,,,,,,,,,Re-use Day 3 - Team Comp 1 as Day 4 - Team Comp 1,A Group,,,,,,,,,,4 Attempts - 20 Races total,15,Go to Submit page,,,,,,,,,,,,,,,A Finals,12342,Re-use Day 4 - Team Comp 1 as Finals Team Comp,,,,,,,,,,https://drive.google.com/open?id=1lo1L7aZqu7HE73bD6ChDmhzxUg-oi6HM,2nd,Yes,https://drive.google.com/open?id=1Eath1PnsGHvpPkn9CIQkN8wtRflgOZIQ,https://drive.google.com/open?id=1nAUCPEmQ4Lm-Oqh1NTjRCR6YuQuo2JLA,https://drive.google.com/open?id=13OAmFeTpiSIc-tXGmGS8Fz1Xgc8HGXnm,0,7,9,0,0,https://drive.google.com/open?id=1X3gYJuCjd0UJQPajoQSY4BhreZQHT47c,,,,,,,,,,,
9/2/2026 22:31:32,Psssking,Graded (No Uma Restrictions),Win A finals,I accept these terms,Finals,Windows,$501-1000,1407,31-45 (roughly 5-6 per day),Rather not say,5,,Taiki Shuttle (Camping),Pace Chaser,Ace built for this CM before CM start in Grand Concert scenario,3,0,0,,2,1,0,Oguri Cap (Christmas),End Closer,Ace built for this CM before CM start in Grand Concert scenario,2,0,1,0,2,1,0,Nice Nature (Cheerleader),Late Surger,Debuffer,1,0,2,,2,1,0,4 Attempts - 20 Races total,18,Go to Submit page,,,,,,,,,,,,,,Re-use Day 1 - Team Comp 1 as Day 2 - Team Comp 1,,,,,,,,,,4 Attempts - 20 Races total,17,Go to Submit page,,,,,,,,,,,,,,,Re-use Day 2 - Team Comp 1 as Day 3 - Team Comp 1,A Group,,,,,,,,,,4 Attempts - 20 Races total,14,Go to Submit page,,,,,,,,,,,,,,,Re-use Day 3 - Team Comp 1 as Day 4 - Team Comp 1,A Group,,,,,,,,,,4 Attempts - 20 Races total,17,Go to Submit page,,,,,,,,,,,,,,,A Finals,12920,Re-use Day 4 - Team Comp 1 as Finals Team Comp,,,,,,,,,,https://drive.google.com/open?id=1BoInNIIiKmGBLRKr-06uIXlzHqRN5Rv9,1st,,,,,,,,,,,Yes,i dunno im oshi or not,https://drive.google.com/open?id=17zaP9Vd_y_uOUP4q3rfYIUKT8AADQWxY,https://drive.google.com/open?id=1jK_K1bcKqnFdQY4iB3Fi-uuE9M1GQkXd,,3,3,5,6,0,https://drive.google.com/open?id=1aAsHh191QG5xgzKJzZvXquuBZfHZcItd
9/2/2026 15:39:38,Dexil,Graded (No Uma Restrictions),Get into A finals,I accept these terms,Finals,"iOS - phone or tablet, Windows",$1-100,550,,Discord - MooMooCord - https://discord.gg/Hc7cP9GB,,,Oguri Cap,Late Surger,Ace built for this CM before CM start in Grand Concert scenario,2,0,1,0,2,1,0,Nice Nature (Cheerleader),End Closer,Debuffer,1,1,1,0,2,1,0,Grass Wonder,End Closer,Debuffer,1,0,1,0,3,1,0,4 Attempts - 20 Races total,16,Go to Submit page,,,,,,,,,,,,,,Re-use Day 1 - Team Comp 1 as Day 2 - Team Comp 1,,,,,,,,,,4 Attempts - 20 Races total,14,Go to Submit page,,,,,,,,,,,,,,,Re-use Day 2 - Team Comp 1 as Day 3 - Team Comp 1,A Group,,,,,,,,,,4 Attempts - 20 Races total,8,Go to Submit page,,,,,,,,,,,,,,,Re-use Day 3 - Team Comp 1 as Day 4 - Team Comp 1,A Group,,,,,,,,,,4 Attempts - 20 Races total,10,Go to Submit page,,,,,,,,,,,,,,,A Finals,7178,Re-use Day 4 - Team Comp 1 as Finals Team Comp,,,,,,,,,,https://drive.google.com/open?id=1ixtGes3722hKzu7tzA88X-VmqwmPq7fK,3rd,No (goes to Submit page),,,,,,,,,,,,,,,,,,,,
8/31/2026 7:23:14,Rkid,Graded (No Uma Restrictions),Win A finals,I accept these terms,Day 2,"Android - phone or tablet, Windows",$101-500,1650,46+ (more than 6 per day),"Discord - MooMooCord - https://discord.gg/Hc7cP9GB, YouTube - MooMooCows - https://www.youtube.com/@MooMooCows",,,Rice Shower,Pace Chaser,Ace built for this CM before CM start in Grand Concert scenario,3,0,0,0,2,1,0,Taiki Shuttle,Pace Chaser,Ace built for this CM before CM start in Grand Concert scenario,3,0,0,0,2,1,0,Mejiro Dober (Camping),Late Surger,Ace built for this CM before CM start in Grand Concert scenario,2,0,1,0,2,1,0,4 Attempts - 20 Races total,16,Go to Submit page,,,,,,,,,,,,,,Re-use Day 1 - Team Comp 1 as Day 2 - Team Comp 1,,,,,,,,,,4 Attempts - 20 Races total,16,Day 3,,,,,,,,,,,,,,,Re-use Day 2 - Team Comp 1 as Day 3 - Team Comp 1,A Group,,,,,,,,,,4 Attempts - 20 Races total,12,Go to Submit page,,,,,,,,,,,,,,,,,,,,,,,,,,,,,,,,,,,,,,,,,,,,,,,,,,,,,,,,,,,,,,,,,,,,,,,,,,,,,
9/2/2026 16:32:46,SiX,Graded (No Uma Restrictions),Get into A finals,I accept these terms,Finals,Linux,$101-500,,,"Twitch - MooMooCows - https://www.twitch.tv/moomoomoocows, YouTube - MooMooCows - https://www.youtube.com/@MooMooCows",,,Oguri Cap,Pace Chaser,Ace built for this CM before CM start in Grand Concert scenario,2,,1,,2,1,,Taiki Shuttle,Pace Chaser,Ace built for this CM before CM start in Grand Concert scenario,2,,1,,2,1,,Fine Motion,Pace Chaser,Ace built for this CM before CM start in Grand Concert scenario,3,,1,,1,1,,4 Attempts - 20 Races total,14,Go to Submit page,,,,,,,,,,,,,,Re-use Day 1 - Team Comp 1 as Day 2 - Team Comp 1,,,,,,,,,,4 Attempts - 20 Races total,7,Go to Submit page,,,,,,,,,,,,,,,Re-use Day 2 - Team Comp 1 as Day 3 - Team Comp 1,A Group,,,,,,,,,,4 Attempts - 20 Races total,7,Go to Submit page,,,,,,,,,,,,,,,Re-use Day 3 - Team Comp 1 as Day 4 - Team Comp 1,A Group,,,,,,,,,,4 Attempts - 20 Races total,6,Go to Submit page,,,,,,,,,,,,,,,B Finals,3520,Re-use Day 4 - Team Comp 1 as Finals Team Comp,,,,,,,,,,https://drive.google.com/open?id=1CWrqEwslLvjMqOLCBqg-QmcqvLVVk2Xo,1st,,,,,,,,,,,Yes,B,,,,,,,,,
9/2/2026 15:14:17,Anoxic,Graded (No Uma Restrictions),Get into A finals,I accept these terms,Finals,"Android - phone or tablet, Windows",$1-100,,21-30 (roughly 3-4 per day),"Discord - MooMooCord - https://discord.gg/Hc7cP9GB, Reddit - /r/umamusumeGame",5,,Special Week (Summer),Late Surger,Ace built for this CM before CM start in Grand Concert scenario,3,,1,,1,1,,Grass Wonder,Late Surger,Ace built for this CM before CM start in Grand Concert scenario,2,,2,,2,1,,King Halo (Cheerleader),Late Surger,Ace built for this CM before CM start in Grand Concert scenario,3,,1,,1,1,,4 Attempts - 20 Races total,13,Go to Submit page,,,,,,,,,,,,,,Add new Team Comp as Day 2 - Team Comp 1,Special Week (Summer),Late Surger,Ace built for this CM before CM start in Grand Concert scenario,Grass Wonder,Late Surger,Ace built for this CM before CM start in Grand Concert scenario,Nice Nature (Cheerleader),Late Surger,Debuffer,4 Attempts - 20 Races total,13,Go to Submit page,,,,,,,,,,,,,,,Re-use Day 2 - Team Comp 2 as Day 3 - Team Comp 1,A Group,,,,,,,,,,4 Attempts - 20 Races total,12,Day 4,,,,,,,,,,,,,,,Re-use Day 3 - Team Comp 2 as Day 4 - Team Comp 1,A Group,,,,,,,,,,4 Attempts - 20 Races total,16,Go to Submit page,,,,,,,,,,,,,,,A Finals,11379,Re-use Day 4 - Team Comp 2 as Finals Team Comp,,,,,,,,,,,2nd,No (goes to Submit page),,,,,,,,,,,,,,,,,,,,
9/2/2026 16:22:08,Lumi,Graded (No Uma Restrictions),Win A finals,I accept these terms,Finals,Windows,$101-500,,46+ (more than 6 per day),YouTube - MooMooCows - https://www.youtube.com/@MooMooCows,,,Fine Motion (Wedding),Pace Chaser,Ace built for this CM before CM start in Grand Concert scenario,3,0,0,0,2,1,0,Silence Suzuka,Runaway,Ace built for this CM before CM start in Grand Concert scenario,3,0,0,0,2,1,0,Nishino Flower,Pace Chaser,Ace built for this CM before CM start in Grand Concert scenario,3,0,0,0,2,1,0,4 Attempts - 20 Races total,17,Go to Submit page,,,,,,,,,,,,,,Re-use Day 1 - Team Comp 1 as Day 2 - Team Comp 1,,,,,,,,,,4 Attempts - 20 Races total,18,Go to Submit page,,,,,,,,,,,,,,,Re-use Day 2 - Team Comp 1 as Day 3 - Team Comp 1,A Group,,,,,,,,,,4 Attempts - 20 Races total,12,Go to Submit page,,,,,,,,,,,,,,,Re-use Day 3 - Team Comp 1 as Day 4 - Team Comp 1,A Group,,,,,,,,,,4 Attempts - 20 Races total,11,Go to Submit page,,,,,,,,,,,,,,,A Finals,11561,Re-use Day 4 - Team Comp 1 as Finals Team Comp,,,,,,,,,,https://drive.google.com/open?id=1FNOhicwsADRDggMPN57HkhvekbAjspoZ,1st,,,,,,,,,,,Yes,"First or nine, she'll be fine.",https://drive.google.com/open?id=1nnv8aCT92fJy_HrutcxComvHK4Pbi1V_,https://drive.google.com/open?id=1SdSNB2jSxxX5n4BQPvvL8PBxKunoPOiO,,3,8,6,0,0,https://drive.google.com/open?id=1Qs41HneXJyRXX37L_lWuxg4CgTDYdc-_
9/2/2026 17:46:40,Frasl,Graded (No Uma Restrictions),Win A finals,I accept these terms,Finals,Windows,$0,1076,21-30 (roughly 3-4 per day),Twitch - MooMooCows - https://www.twitch.tv/moomoomoocows,4,,Gold City,Late Surger,Ace built for this CM before CM start in Grand Concert scenario,3,0,1,0,1,1,0,Agnes Digital,Late Surger,Ace built for this CM before CM start in Grand Concert scenario,3,0,1,0,1,1,0,Oguri Cap,Late Surger,Ace built for this CM before CM start in Grand Concert scenario,3,0,1,0,1,1,0,4 Attempts - 20 Races total,10,Go to Submit page,,,,,,,,,,,,,,Re-use Day 1 - Team Comp 1 as Day 2 - Team Comp 1,,,,,,,,,,4 Attempts - 20 Races total,16,Go to Submit page,,,,,,,,,,,,,,,Re-use Day 2 - Team Comp 1 as Day 3 - Team Comp 1,A Group,,,,,,,,,,4 Attempts - 20 Races total,14,Go to Submit page,,,,,,,,,,,,,,,Re-use Day 3 - Team Comp 1 as Day 4 - Team Comp 1,A Group,,,,,,,,,,4 Attempts - 20 Races total,10,Go to Submit page,,,,,,,,,,,,,,,A Finals,8305,Re-use Day 4 - Team Comp 1 as Finals Team Comp,,,,,,,,,,https://drive.google.com/open?id=1R-jJmpjmYFzfCCC_oVACdeqZzKu5DCoB,1st,,,,,,,,,,,Yes,"We showed them, City's not just a pretty face.",https://drive.google.com/open?id=1rDFDJdp59rDM--GbgWChqdkjoBLdTAw6,https://drive.google.com/open?id=1mbx9aYiGHIA8isJbauDJuwrlkI5Uttxx,,0,10,4,0,0,https://drive.google.com/open?id=1TibQfFSLRcWPJEwVFQxRNErrLgM0-Yo7
8/31/2026 21:04:28,Jay1047 ッ,Graded (No Uma Restrictions),Win A finals,I accept these terms,Day 3,"iOS - phone or tablet, Windows",$101-500,1400,11-20 (roughly 2-3 per day),Discord - MooMooCord - https://discord.gg/Hc7cP9GB,5,,Mejiro McQueen (Anime Collab),Pace Chaser,Ace built for this CM before CM start in Grand Concert scenario,3,0,0,0,2,1,,Agnes Tachyon,Late Surger,Debuffer,,,,,,,,Eishin Flash (Valentine),End Closer,Debuffer,,,,,,,,4 Attempts - 20 Races total,17,Go to Submit page,,,,,,,,,,,,,,Re-use Day 1 - Team Comp 1 as Day 2 - Team Comp 1,,,,,,,,,,4 Attempts - 20 Races total,15,Go to Submit page,,,,,,,,,,,,,,,Re-use Day 2 - Team Comp 1 as Day 3 - Team Comp 1,A Group,,,,,,,,,,4 Attempts - 20 Races total,10,Day 4,,,,,,,,,,,,,,,Re-use Day 3 - Team Comp 1 as Day 4 - Team Comp 1,A Group,,,,,,,,,,4 Attempts - 20 Races total,15,Go to Submit page,,,,,,,,,,,,,,,,,,,,,,,,,,,,,,,,,,,,,,,,,,,,,,,,,
9/2/2026 18:55:29,Gary - Neicha husband,Graded (No Uma Restrictions),Win A finals,I accept these terms,Finals,,$1001-5000,,,,,,Nice Nature (Cheerleader),Late Surger,Ace built for this CM before CM start in Grand Concert scenario,,,,,,,,Taiki Shuttle,Pace Chaser,Ace built for this CM before CM start in Grand Concert scenario,,,,,,,,Silence Suzuka,Runaway,Blocker/Overtake target/Throwaway/Niche role,,,,,,,,4 Attempts - 20 Races total,16,Go to Submit page,,,,,,,,,,,,,,Re-use Day 1 - Team Comp 1 as Day 2 - Team Comp 1,,,,,,,,,,4 Attempts - 20 Races total,15,Go to Submit page,,,,,,,,,,,,,,,Re-use Day 2 - Team Comp 1 as Day 3 - Team Comp 1,A Group,,,,,,,,,,4 Attempts - 20 Races total,10,Go to Submit page,,,,,,,,,,,,,,,Add a new Team Comp as Day 4 - Team Comp 1,A Group,Nice Nature (Cheerleader),Late Surger,Ace built for this CM before CM start in Grand Concert scenario,Taiki Shuttle,Pace Chaser,Ace built for this CM before CM start in Grand Concert scenario,Agnes Tachyon,End Closer,Debuffer,4 Attempts - 20 Races total,14,Go to Submit page,,,,,,,,,,,,,,,A Finals,8218,Re-use Day 4 - Team Comp 2 as Finals Team Comp,,,,,,,,,,https://drive.google.com/open?id=13II_3OYv3tSKRPbTEb0U-8XSuQh2JAAL,1st,,,,,,,,,,,Yes,"In our darkest moments (xoguri), our oshi shines the brightest ",https://drive.google.com/open?id=1QNxNbJf2jtfQkoI4oN0SaRCV6XNWKggY,https://drive.google.com/open?id=15cQf3ukGbw3xv7M9Rx09DFZFBW2qec8M,,,11,6,,,https://drive.google.com/open?id=1UpLwUyOfeBk5ME9q8V9wZ9jWYB1mlGnQ
9/2/2026 16:51:10,GS | Yuuno,Graded (No Uma Restrictions),Win A finals,I accept these terms,Finals,Android - phone or tablet,Rather not say,,,Discord - MooMooCord - https://discord.gg/Hc7cP9GB,4,,Tamamo Cross,Late Surger,Ace built for this CM before CM start in Grand Concert scenario,3,0,0,0,2,1,,Grass Wonder,Late Surger,Debuffer,,,,,,,,Symboli Rudolf,Late Surger,Debuffer,,,,,,,,4 Attempts - 20 Races total,13,Go to Submit page,,,,,,,,,,,,,,Re-use Day 1 - Team Comp 1 as Day 2 - Team Comp 1,,,,,,,,,,4 Attempts - 20 Races total,17,Go to Submit page,,,,,,,,,,,,,,,Re-use Day 2 - Team Comp 1 as Day 3 - Team Comp 1,A Group,,,,,,,,,,4 Attempts - 20 Races total,12,Go to Submit page,,,,,,,,,,,,,,,Re-use Day 3 - Team Comp 1 as Day 4 - Team Comp 1,A Group,,,,,,,,,,4 Attempts - 20 Races total,10,Go to Submit page,,,,,,,,,,,,,,,A Finals,9462,Re-use Day 4 - Team Comp 1 as Finals Team Comp,,,,,,,,,,https://drive.google.com/open?id=11i7fPTGq6OefNLMH6foBww_m5Q6hIESN,1st,,,,,,,,,,,Yes,OYL whiffs and its tamamover,https://drive.google.com/open?id=1ui5Vr1Kl5A4e6NkqjBDH50U7HROHD7nd,https://drive.google.com/open?id=1tBpysrnHop0b9sYRu4V8_0ZlY6K01tbL,,,,,,,
9/2/2026 19:28:33,DenZX,Graded (No Uma Restrictions),Collect participation rewards,I accept these terms,Finals,Android - phone or tablet,$101-500,1516,21-30 (roughly 3-4 per day),Discord - MooMooCord - https://discord.gg/Hc7cP9GB,5,,Narita Taishin,End Closer,Ace built for this CM before CM start in Grand Concert scenario,2,0,0,0,3,1,0,Taiki Shuttle (Camping),Pace Chaser,Ace built for this CM before CM start in Grand Concert scenario,3,0,0,0,2,1,0,Nice Nature (Cheerleader),Late Surger,Debuffer,1,0,0,0,4,1,0,4 Attempts - 20 Races total,19,Go to Submit page,,,,,,,,,,,,,,Re-use Day 1 - Team Comp 1 as Day 2 - Team Comp 1,,,,,,,,,,4 Attempts - 20 Races total,18,Go to Submit page,,,,,,,,,,,,,,,Re-use Day 2 - Team Comp 1 as Day 3 - Team Comp 1,A Group,,,,,,,,,,4 Attempts - 20 Races total,15,Go to Submit page,,,,,,,,,,,,,,,Re-use Day 3 - Team Comp 1 as Day 4 - Team Comp 1,A Group,,,,,,,,,,4 Attempts - 20 Races total,11,Go to Submit page,,,,,,,,,,,,,,,A Finals,13538,Re-use Day 4 - Team Comp 1 as Finals Team Comp,,,,,,,,,,https://drive.google.com/open?id=1ZXWbz5E4FcIiEkBf12dGSixnTU7-vZpk,1st,,,,,,,,,,,No,,https://drive.google.com/open?id=1AMaDWHdM7qPI0BKWtI1Rx5x-R_tjPYcu,https://drive.google.com/open?id=1lY1GV4CHFo5rHBJ288v-7Knmat1c1BlB,,0,11,6,2,0,https://drive.google.com/open?id=1UwuG5Z6cIpOyvj65k5Xl9rH8SA0MkZu5
8/31/2026 18:38:33,Confound,Graded (No Uma Restrictions),Win A finals,I accept these terms,Day 4,Windows,$1-100,1276,31-45 (roughly 5-6 per day),Discord - MooMooCord - https://discord.gg/Hc7cP9GB,5,,Rice Shower (Halloween),Pace Chaser,Ace built for this CM before CM start in Grand Concert scenario,3,,,,2,1,,Grass Wonder,Late Surger,Debuffer,1,,,,5,,,Eishin Flash (Valentine),Late Surger,Debuffer,1,,,,5,,,4 Attempts - 20 Races total,13,Go to Submit page,,,,,,,,,,,,,,Re-use Day 1 - Team Comp 1 as Day 2 - Team Comp 1,,,,,,,,,,4 Attempts - 20 Races total,10,Go to Submit page,,,,,,,,,,,,,,,Add new Team Comp as Day 3 - Team Comp 1,A Group,Rice Shower (Halloween),Pace Chaser,Mid-CM Ace build in Grand Concert scenario,Silence Suzuka,Runaway,Blocker/Overtake target/Throwaway/Niche role,Grass Wonder,Late Surger,Debuffer,4 Attempts - 20 Races total,9,Go to Submit page,,,,,,,,,,,,,,,Re-use Day 3 - Team Comp 1 as Day 4 - Team Comp 1,A Group,,,,,,,,,,4 Attempts - 20 Races total,10,Go to Submit page,,,,,,,,,,,,,,,,,,,,,,,,,,,,,,,,,,,,,,,,,,,,,,,,,
8/30/2026 23:45:48,lightchip,Graded (No Uma Restrictions),Win A finals,I accept these terms,Day 2,iOS - phone or tablet,$0,1300,46+ (more than 6 per day),Discord - MooMooCord - https://discord.gg/Hc7cP9GB,,,Silence Suzuka,Runaway,Ace built for this CM before CM start in Grand Concert scenario,3,,,,2,1,,Mihono Bourbon (Valentine),Front Runner,Ace built for this CM before CM start in Grand Concert scenario,3,,,,2,1,,Nishino Flower,Pace Chaser,Ace built for this CM before CM start in Grand Concert scenario,3,,,,2,1,,4 Attempts - 20 Races total,15,Go to Submit page,,,,,,,,,,,,,,Re-use Day 1 - Team Comp 1 as Day 2 - Team Comp 1,,,,,,,,,,4 Attempts - 20 Races total,12,Day 3,,,,,,,,,,,,,,,Re-use Day 2 - Team Comp 1 as Day 3 - Team Comp 1,A Group,,,,,,,,,,4 Attempts - 20 Races total,8,Go to Submit page,,,,,,,,,,,,,,,,,,,,,,,,,,,,,,,,,,,,,,,,,,,,,,,,,,,,,,,,,,,,,,,,,,,,,,,,,,,,,
8/28/2026 21:16:30,Shura@TTA,Graded (No Uma Restrictions),Win A finals,I accept these terms,Day 1,iOS - phone or tablet,$0,787,21-30 (roughly 3-4 per day),Discord - MooMooCord - https://discord.gg/Hc7cP9GB,5,,Aston Machan,Front Runner,Ace built for this CM before CM start in Grand Concert scenario,3,,,,2,1,,Yukino Bijin,Pace Chaser,Ace built for this CM before CM start in Grand Concert scenario,3,,,,2,1,,Kawakami Princess,Late Surger,Ace built for this CM before CM start in Grand Concert scenario,3,,,,2,1,,4 Attempts - 20 Races total,12,Go to Submit page,,,,,,,,,,,,,,,,,,,,,,,,,,,,,,,,,,,,,,,,,,,,,,,,,,,,,,,,,,,,,,,,,,,,,,,,,,,,,,,,,,,,,,,,,,,,,,,,,,,,,,,,,,,,,,,,,,,,,,,,,,,,,,,,,,,
9/2/2026 15:50:11,Robzerino,Graded (No Uma Restrictions),Win A finals,I accept these terms,Finals,iOS - phone or tablet,$1-100,1389,21-30 (roughly 3-4 per day),Discord - MooMooCord - https://discord.gg/Hc7cP9GB,5,,Mihono Bourbon (Valentine),Front Runner,Ace built for this CM before CM start in Grand Concert scenario,3,,,,2,1,,Seiun Sky,Front Runner,Ace built for this CM before CM start in Grand Concert scenario,3,,,,2,1,,Seeking the Pearl,Pace Chaser,Ace built for this CM before CM start in Grand Concert scenario,3,,,,2,1,,4 Attempts - 20 Races total,15,Go to Submit page,,,,,,,,,,,,,,Re-use Day 1 - Team Comp 1 as Day 2 - Team Comp 1,,,,,,,,,,4 Attempts - 20 Races total,15,Go to Submit page,,,,,,,,,,,,,,,Re-use Day 2 - Team Comp 1 as Day 3 - Team Comp 1,A Group,,,,,,,,,,4 Attempts - 20 Races total,12,Go to Submit page,,,,,,,,,,,,,,,Re-use Day 3 - Team Comp 1 as Day 4 - Team Comp 1,A Group,,,,,,,,,,4 Attempts - 20 Races total,12,Go to Submit page,,,,,,,,,,,,,,,A Finals,10794,Re-use Day 4 - Team Comp 1 as Finals Team Comp,,,,,,,,,,https://drive.google.com/open?id=1UfhaRc2GD9HFGFD9mll7nzFjI0JJ7QKB,1st,,,,,,,,,,,No,,,,,,,,,,
9/2/2026 22:55:41,mochatwo,Graded (No Uma Restrictions),Win A finals,I accept these terms,Finals,"iOS - phone or tablet, Windows",$101-500,1642,31-45 (roughly 5-6 per day),"Discord - MooMooCord - https://discord.gg/Hc7cP9GB, Reddit - /r/umamusumeGame",5,,Symboli Rudolf (Festival),Pace Chaser,Ace built for this CM before CM start in Grand Concert scenario,3,,,,2,1,,Grass Wonder,Late Surger,Debuffer,1,,1,,3,1,,Agnes Tachyon,Late Surger,Debuffer,2,,2,,3,2,,4 Attempts - 20 Races total,18,Go to Submit page,,,,,,,,,,,,,,Re-use Day 1 - Team Comp 1 as Day 2 - Team Comp 1,,,,,,,,,,4 Attempts - 20 Races total,14,Go to Submit page,,,,,,,,,,,,,,,Re-use Day 2 - Team Comp 1 as Day 3 - Team Comp 1,A Group,,,,,,,,,,4 Attempts - 20 Races total,14,Go to Submit page,,,,,,,,,,,,,,,Re-use Day 3 - Team Comp 1 as Day 4 - Team Comp 1,A Group,,,,,,,,,,4 Attempts - 20 Races total,11,Finals,,,,,,,,,,,,,,,A Finals,9526,Re-use Day 4 - Team Comp 1 as Finals Team Comp,,,,,,,,,,https://drive.google.com/open?id=1o2HZOoWgnwvpPl6ohlXeXjnddfHEWkA8,1st,,,,,,,,,,,Yes,tung tung tung rudolf,https://drive.google.com/open?id=1KWoXJRdBCzMv0VVYqwXZAHNimtH5MJyX,https://drive.google.com/open?id=1njezwObQ5rX09zctZzCzDzLGu_lB7hUz,,,8,6,,2,https://drive.google.com/open?id=1xR19h9EvgVCg_nGyyvrgFeFQYCnFMNcU
9/2/2026 20:57:51,Reinigen,Graded (No Uma Restrictions),Win A finals,I accept these terms,Finals,"Android - phone or tablet, Windows",$1001-5000,1930,31-45 (roughly 5-6 per day),Discord - MooMooCord - https://discord.gg/Hc7cP9GB,5,,Special Week,Late Surger,Ace built for this CM before CM start in Grand Concert scenario,3,0,0,0,2,1,0,Narita Taishin,End Closer,Ace built for this CM before CM start in Grand Concert scenario,2,0,1,0,2,1,0,Oguri Cap (Christmas),End Closer,Ace built for this CM before CM start in Grand Concert scenario,2,0,1,0,2,1,0,4 Attempts - 20 Races total,16,Go to Submit page,,,,,,,,,,,,,,Re-use Day 1 - Team Comp 1 as Day 2 - Team Comp 1,,,,,,,,,,4 Attempts - 20 Races total,16,Go to Submit page,,,,,,,,,,,,,,,Re-use Day 2 - Team Comp 1 as Day 3 - Team Comp 1,A Group,,,,,,,,,,4 Attempts - 20 Races total,17,Go to Submit page,,,,,,,,,,,,,,,Re-use Day 3 - Team Comp 1 as Day 4 - Team Comp 1,A Group,,,,,,,,,,4 Attempts - 20 Races total,16,Go to Submit page,,,,,,,,,,,,,,,A Finals,11673,Re-use Day 4 - Team Comp 1 as Finals Team Comp,,,,,,,,,,https://drive.google.com/open?id=1HMsCZDYYDFvvADL8B0epqd87o7oUtQt5,1st,,,,,,,,,,,No,,https://drive.google.com/open?id=1wQPT-WV0MfT50WzwWlV1HVoCChgjPsqY,https://drive.google.com/open?id=1I0mm31F1qC6xLCQZkUdvry_iHOs8Rmi_,,6,3,2,0,2,https://drive.google.com/open?id=1ssAEP3UlvqEQT_2x81QQHHBDreTUO3WW
9/2/2026 23:49:21,AlphaCake,Graded (No Uma Restrictions),Win A finals,I accept these terms,Finals,Android - phone or tablet,$1-100,2380,46+ (more than 6 per day),Discord - MooMooCord - https://discord.gg/Hc7cP9GB,5,,Seiun Sky,Front Runner,Ace built for this CM before CM start in Grand Concert scenario,3,0,0,0,2,1,0,Mihono Bourbon (Valentine),Front Runner,Ace built for this CM before CM start in Grand Concert scenario,3,0,0,0,2,1,0,Grass Wonder,End Closer,Debuffer,,,,,,,,4 Attempts - 20 Races total,17,Go to Submit page,,,,,,,,,,,,,,Re-use Day 1 - Team Comp 1 as Day 2 - Team Comp 1,,,,,,,,,,4 Attempts - 20 Races total,18,Go to Submit page,,,,,,,,,,,,,,,Re-use Day 2 - Team Comp 1 as Day 3 - Team Comp 1,A Group,,,,,,,,,,4 Attempts - 20 Races total,16,Go to Submit page,,,,,,,,,,,,,,,Re-use Day 3 - Team Comp 1 as Day 4 - Team Comp 1,A Group,,,,,,,,,,4 Attempts - 20 Races total,17,Go to Submit page,,,,,,,,,,,,,,,A Finals,11613,Re-use Day 4 - Team Comp 1 as Finals Team Comp,,,,,,,,,,https://drive.google.com/open?id=1psNcqAYLHTxK6H3W4sHW8nsMx_xcvajQ,1st,,,,,,,,,,,Yes,"reject xoguri slop, embrace fih uma",https://drive.google.com/open?id=16RK-pfJXN9wwO12ofxafTKVj_RDjXL9d,,,,2,10,,2,https://drive.google.com/open?id=1IhSjoGsjIxyzbu6b-eXpYS0yuOQEP9rn
8/31/2026 17:28:17,FonkTheHorse,Graded (No Uma Restrictions),Get into A finals,I accept these terms,Day 4,,$1-100,1683,46+ (more than 6 per day),Twitch - MooMooCows - https://www.twitch.tv/moomoomoocows,3,,Tamamo Cross,Late Surger,Ace built for this CM before CM start in Grand Concert scenario,3,,,,2,0,,Oguri Cap (Christmas),End Closer,Ace built for this CM before CM start in Grand Concert scenario,3,,,,2,1,,Nishino Flower,Pace Chaser,Ace built for this CM before CM start in Grand Concert scenario,3,,,,2,1,,3 Attempts - 15 Races total,10,Day 1 - Add 2nd Team,Tamamo Cross,Late Surger,Ace built for this CM before CM start in Grand Concert scenario,Oguri Cap (Christmas),End Closer,Ace built for this CM before CM start in Grand Concert scenario,Tosen Jordan,Pace Chaser,Ace built for this CM before CM start in Grand Concert scenario,1 Attempt - 5 Races total,3,2 teams,Go to Submit page,Add new Team Comp as Day 2 - Team Comp 1,Oguri Cap (Christmas),End Closer,Ace built for this CM before CM start in Grand Concert scenario,Tamamo Cross,Late Surger,Ace built for this CM before CM start in Grand Concert scenario,Grass Wonder,End Closer,Debuffer,4 Attempts - 20 Races total,17,Go to Submit page,,,,,,,,,,,,,,,Re-use Day 2 - Team Comp 1 as Day 3 - Team Comp 1,A Group,,,,,,,,,,4 Attempts - 20 Races total,13,Go to Submit page,,,,,,,,,,,,,,,Re-use Day 3 - Team Comp 1 as Day 4 - Team Comp 1,A Group,,,,,,,,,,4 Attempts - 20 Races total,7,Go to Submit page,,,,,,,,,,,,,,,,,,,,,,,,,,,,,,,,,,,,,,,,,,,,,,,,,
9/3/2026 0:35:49,shiblu,Graded (No Uma Restrictions),Win A finals,I accept these terms,Finals,"Android - phone or tablet, Windows",$0,1602,31-45 (roughly 5-6 per day),Discord - MooMooCord - https://discord.gg/Hc7cP9GB,5,"does the ""Weekly Career Count"" count independent training?",Taiki Shuttle (Camping),Pace Chaser,Ace built for this CM before CM start in Grand Concert scenario,3,,,,2,1,,Oguri Cap,Late Surger,Ace built for this CM before CM start in Grand Concert scenario,2,,1,,2,1,,Fuji Kiseki,Pace Chaser,Ace built for this CM before CM start in Grand Concert scenario,2,,1,,2,1,,4 Attempts - 20 Races total,12,Go to Submit page,,,,,,,,,,,,,,Re-use Day 1 - Team Comp 1 as Day 2 - Team Comp 1,,,,,,,,,,4 Attempts - 20 Races total,11,Go to Submit page,,,,,,,,,,,,,,,Re-use Day 2 - Team Comp 1 as Day 3 - Team Comp 1,A Group,,,,,,,,,,4 Attempts - 20 Races total,12,Go to Submit page,,,,,,,,,,,,,,,Re-use Day 3 - Team Comp 1 as Day 4 - Team Comp 1,A Group,,,,,,,,,,4 Attempts - 20 Races total,14,Go to Submit page,,,,,,,,,,,,,,,A Finals,10042,Re-use Day 4 - Team Comp 1 as Finals Team Comp,,,,,,,,,,https://drive.google.com/open?id=1AQbA7fY8_E6zLF90CA6MKdVUSUeknLZ0,2nd,No (goes to Submit page),,,,,,,,,,,,,,,,,,,,
8/28/2026 21:27:22,Machine,Graded (No Uma Restrictions),Win A finals,I accept these terms,Day 1,"Android - phone or tablet, Windows",$101-500,751,46+ (more than 6 per day),"Discord - MooMooCord - https://discord.gg/Hc7cP9GB, YouTube - MooMooCows - https://www.youtube.com/@MooMooCows",5,,Oguri Cap,Late Surger,Ace built for this CM before CM start in Grand Concert scenario,2,,0,,2,,,Grass Wonder,Late Surger,Debuffer,,,,,,,,Symboli Rudolf,Late Surger,Debuffer,,,,,,,,4 Attempts - 20 Races total,15,Go to Submit page,,,,,,,,,,,,,,,,,,,,,,,,,,,,,,,,,,,,,,,,,,,,,,,,,,,,,,,,,,,,,,,,,,,,,,,,,,,,,,,,,,,,,,,,,,,,,,,,,,,,,,,,,,,,,,,,,,,,,,,,,,,,,,,,,,,
9/2/2026 17:35:21,Lem0nteaGG,Graded (No Uma Restrictions),Get into A finals,I accept these terms,Finals,,$501-1000,,21-30 (roughly 3-4 per day),,,,Grass Wonder,Late Surger,Ace built for this CM before CM start in Grand Concert scenario,2,0,1,0,2,1,0,Taiki Shuttle,Pace Chaser,Ace built for this CM before CM start in Grand Concert scenario,3,0,0,0,2,1,0,Oguri Cap,Late Surger,Ace built for this CM before CM start in Grand Concert scenario,2,0,1,0,2,1,0,4 Attempts - 20 Races total,13,Go to Submit page,,,,,,,,,,,,,,Re-use Day 1 - Team Comp 1 as Day 2 - Team Comp 1,,,,,,,,,,4 Attempts - 20 Races total,18,Go to Submit page,,,,,,,,,,,,,,,Re-use Day 2 - Team Comp 1 as Day 3 - Team Comp 1,A Group,,,,,,,,,,4 Attempts - 20 Races total,11,Go to Submit page,,,,,,,,,,,,,,,Re-use Day 3 - Team Comp 1 as Day 4 - Team Comp 1,A Group,,,,,,,,,,4 Attempts - 20 Races total,14,Go to Submit page,,,,,,,,,,,,,,,A Finals,11272,Re-use Day 4 - Team Comp 1 as Finals Team Comp,,,,,,,,,,,1st,,,,,,,,,,,No,,,,,,,,,,
9/3/2026 9:37:38,Torra,Graded (No Uma Restrictions),Win A finals,I accept these terms,Day 1,iOS - phone or tablet,$1-100,,31-45 (roughly 5-6 per day),"Discord - MooMooCord - https://discord.gg/Hc7cP9GB, YouTube - MooMooCows - https://www.youtube.com/@MooMooCows",5,,Fine Motion (Wedding),Pace Chaser,Ace built for this CM before CM start in Grand Concert scenario,3,0,0,0,2,1,0,Grass Wonder,End Closer,Debuffer,,,,,,,,Agnes Tachyon,End Closer,Debuffer,,,,,,,,4 Attempts - 20 Races total,14,Day 2,,,,,,,,,,,,,,Add new Team Comp as Day 2 - Team Comp 1,Fine Motion (Wedding),Pace Chaser,Mid-CM Ace build in Grand Concert scenario,Grass Wonder,End Closer,Debuffer,Agnes Tachyon,End Closer,Debuffer,4 Attempts - 20 Races total,16,Day 3,,,,,,,,,,,,,,,Re-use Day 2 - Team Comp 1 as Day 3 - Team Comp 1,A Group,,,,,,,,,,4 Attempts - 20 Races total,12,Day 4,,,,,,,,,,,,,,,Re-use Day 3 - Team Comp 1 as Day 4 - Team Comp 1,A Group,,,,,,,,,,4 Attempts - 20 Races total,11,Finals,,,,,,,,,,,,,,,A Finals,10620,Re-use Day 4 - Team Comp 1 as Finals Team Comp,,,,,,,,,,https://drive.google.com/open?id=1RzTSwKu0DIaOI4BX3gAurrz_lJxS0Ae9,1st,,,,,,,,,,,Yes,I love my Irish princess umawife,https://drive.google.com/open?id=16Y2rOtglIhVbn1z2Ca8nkdQlM9xQ69h6,https://drive.google.com/open?id=1G7hJwFm2PVvZNz6_i5w2k08oCeOwq82p,,,,,,,https://drive.google.com/open?id=1Wd8tXTH8MUnEVcm4lnkeSMS4fTOqZDFT
9/2/2026 17:43:01,kshynnn,Graded (No Uma Restrictions),Get into A finals,I accept these terms,Finals,,$1-100,816,,YouTube - MooMooCows - https://www.youtube.com/@MooMooCows,,,Taiki Shuttle (Camping),Pace Chaser,Ace built for this CM before CM start in Grand Concert scenario,,,,,,,,Grass Wonder,Late Surger,Debuffer,,,,,,,,Symboli Rudolf,Late Surger,Debuffer,,,,,,,,3 Attempts - 15 Races total,11,Go to Submit page,,,,,,,,,,,,,,Re-use Day 1 - Team Comp 1 as Day 2 - Team Comp 1,,,,,,,,,,3 Attempts - 15 Races total,13,Go to Submit page,,,,,,,,,,,,,,,Re-use Day 2 - Team Comp 1 as Day 3 - Team Comp 1,A Group,,,,,,,,,,4 Attempts - 20 Races total,13,Go to Submit page,,,,,,,,,,,,,,,Re-use Day 3 - Team Comp 1 as Day 4 - Team Comp 1,A Group,,,,,,,,,,4 Attempts - 20 Races total,10,Go to Submit page,,,,,,,,,,,,,,,A Finals,7652,Re-use Day 4 - Team Comp 1 as Finals Team Comp,,,,,,,,,,https://drive.google.com/open?id=1zqeqbnIO_kuung-U08SLsW_YE4v0d0Sr,2nd,No (goes to Submit page),,,,,,,,,,,,,,,,,,,,
9/2/2026 15:17:14,SweeperZero,Graded (No Uma Restrictions),Get into A finals,I accept these terms,Finals,,$1-100,,11-20 (roughly 2-3 per day),"Twitch - MooMooCows - https://www.twitch.tv/moomoomoocows, YouTube - MooMooCows - https://www.youtube.com/@MooMooCows",,,Mihono Bourbon,Front Runner,Ace built for this CM before CM start in Grand Concert scenario,3,,,,2,1,,Nishino Flower,Pace Chaser,Ace built for this CM before CM start in Grand Concert scenario,3,,,,2,1,,Taiki Shuttle,Pace Chaser,Ace built for this CM before CM start in Grand Concert scenario,3,,,,2,1,,4 Attempts - 20 Races total,12,Go to Submit page,,,,,,,,,,,,,,Re-use Day 1 - Team Comp 1 as Day 2 - Team Comp 1,,,,,,,,,,4 Attempts - 20 Races total,14,Go to Submit page,,,,,,,,,,,,,,,Re-use Day 2 - Team Comp 1 as Day 3 - Team Comp 1,A Group,,,,,,,,,,4 Attempts - 20 Races total,9,Go to Submit page,,,,,,,,,,,,,,,Re-use Day 3 - Team Comp 1 as Day 4 - Team Comp 1,A Group,,,,,,,,,,4 Attempts - 20 Races total,7,Go to Submit page,,,,,,,,,,,,,,,A Finals,9364,Re-use Day 4 - Team Comp 1 as Finals Team Comp,,,,,,,,,,https://drive.google.com/open?id=1sx7N3HDQtDagC5uISvYY2Us6WjQNGCbS,1st,,,,,,,,,,,No,,https://drive.google.com/open?id=1cDy4_0tZXDdraUuXgYAJmJ5or_lgy_Lo,https://drive.google.com/open?id=1Th9jVOZxAdM0QJwopDTOC_RIgpHmo_PR,,,8,8,,,https://drive.google.com/open?id=1HuC8UniIZxLSjn1IH_1WojIyCBVYCeqt
9/2/2026 15:08:54,AsianManDan,Graded (No Uma Restrictions),Win A finals,I accept these terms,Finals,Windows,$0,1426,31-45 (roughly 5-6 per day),"Discord - MooMooCord - https://discord.gg/Hc7cP9GB, Twitch - MooMooCows - https://www.twitch.tv/moomoomoocows, YouTube - MooMooCows - https://www.youtube.com/@MooMooCows",5,,Taiki Shuttle (Camping),Pace Chaser,Ace built for this CM before CM start in Grand Concert scenario,3,,,,2,1,,Oguri Cap (Christmas),End Closer,Ace built for this CM before CM start in Grand Concert scenario,3,,,,2,1,,Fuji Kiseki,Pace Chaser,Ace built for this CM before CM start in Grand Concert scenario,3,,,,2,1,,4 Attempts - 20 Races total,20,Go to Submit page,,,,,,,,,,,,,,Re-use Day 1 - Team Comp 1 as Day 2 - Team Comp 1,,,,,,,,,,4 Attempts - 20 Races total,18,Go to Submit page,,,,,,,,,,,,,,,Re-use Day 2 - Team Comp 1 as Day 3 - Team Comp 1,A Group,,,,,,,,,,4 Attempts - 20 Races total,16,Go to Submit page,,,,,,,,,,,,,,,Re-use Day 3 - Team Comp 1 as Day 4 - Team Comp 1,A Group,,,,,,,,,,4 Attempts - 20 Races total,13,Go to Submit page,,,,,,,,,,,,,,,A Finals,11711,Re-use Day 4 - Team Comp 1 as Finals Team Comp,,,,,,,,,,https://drive.google.com/open?id=1aVXtnRHLRtRXeH3D0n8CNdxITYUK3kcr,3rd,No (goes to Submit page),,,,,,,,,,,,,,,,,,,,
9/3/2026 0:26:37,Isaac,Graded (No Uma Restrictions),Win A finals,I accept these terms,Finals,Windows,$0,213,11-20 (roughly 2-3 per day),Discord - MooMooCord - https://discord.gg/Hc7cP9GB,5,,Oguri Cap,Pace Chaser,Ace built for this CM before CM start in Grand Concert scenario,3,0,0,0,2,1,0,Narita Brian,Pace Chaser,Ace built for this CM before CM start in Grand Concert scenario,3,0,0,0,2,1,0,Symboli Rudolf,Late Surger,Debuffer,1,0,0,0,4,1,0,4 Attempts - 20 Races total,13,Go to Submit page,,,,,,,,,,,,,,Re-use Day 1 - Team Comp 1 as Day 2 - Team Comp 1,,,,,,,,,,4 Attempts - 20 Races total,13,Go to Submit page,,,,,,,,,,,,,,,Re-use Day 2 - Team Comp 1 as Day 3 - Team Comp 1,A Group,,,,,,,,,,4 Attempts - 20 Races total,10,Go to Submit page,,,,,,,,,,,,,,,Re-use Day 3 - Team Comp 1 as Day 4 - Team Comp 1,A Group,,,,,,,,,,4 Attempts - 20 Races total,6,Go to Submit page,,,,,,,,,,,,,,,A Finals,10761,Re-use Day 4 - Team Comp 1 as Finals Team Comp,,,,,,,,,,,3rd,No (goes to Submit page),,,,,,,,,,,,,,,,,,,,
9/2/2026 18:26:48,Rhaya,Graded (No Uma Restrictions),Get into A finals,I accept these terms,Finals,Windows,$501-1000,1638,31-45 (roughly 5-6 per day),YouTube - MooMooCows - https://www.youtube.com/@MooMooCows,5,,Narita Brian,Late Surger,Ace built for this CM before CM start in Grand Concert scenario,2,,1,,2,1,,Symboli Rudolf,Front Runner,Debuffer,1,,,,4,1,,Grass Wonder,End Closer,Debuffer,1,,,,4,1,,4 Attempts - 20 Races total,18,Go to Submit page,,,,,,,,,,,,,,Re-use Day 1 - Team Comp 1 as Day 2 - Team Comp 1,,,,,,,,,,4 Attempts - 20 Races total,10,Go to Submit page,,,,,,,,,,,,,,,Re-use Day 2 - Team Comp 1 as Day 3 - Team Comp 1,A Group,,,,,,,,,,4 Attempts - 20 Races total,16,Go to Submit page,,,,,,,,,,,,,,,Re-use Day 3 - Team Comp 1 as Day 4 - Team Comp 1,A Group,,,,,,,,,,4 Attempts - 20 Races total,14,Go to Submit page,,,,,,,,,,,,,,,A Finals,15054,Re-use Day 4 - Team Comp 1 as Finals Team Comp,,,,,,,,,,https://drive.google.com/open?id=1SWrHEjK7ZrNvJRfMBzLNMOB7JEy408qw,1st,,,,,,,,,,,Yes,Brian my 2x Libra Cup champion I love youuu,https://drive.google.com/open?id=1i5I4t79xRQiX21Qlh-ntYun_nPPGaNGo,https://drive.google.com/open?id=1rCMbkRh-d5wMceAmMJfKBHNrTSzlvpxB,,2,10,,,3,https://drive.google.com/open?id=1oHuCcS-PMhncxmxO776pjdSg1IQ36jH5
9/2/2026 19:08:54,John Trainer,Graded (No Uma Restrictions),Get into A finals,I accept these terms,Finals,Android - phone or tablet,$101-500,1360,11-20 (roughly 2-3 per day),"Discord - MooMooCord - https://discord.gg/Hc7cP9GB, YouTube - MooMooCows - https://www.youtube.com/@MooMooCows",,,Mihono Bourbon (Valentine),Front Runner,Ace built for this CM before CM start in Unity Cup scenario,3,,,,1,1,,Seiun Sky,Front Runner,Ace built for this CM before CM start in Unity Cup scenario,3,,,,2,1,,Silence Suzuka,Front Runner,Ace built for this CM before CM start in Unity Cup scenario,3,,,,2,1,,4 Attempts - 20 Races total,17,Go to Submit page,,,,,,,,,,,,,,Re-use Day 1 - Team Comp 1 as Day 2 - Team Comp 1,,,,,,,,,,4 Attempts - 20 Races total,14,Go to Submit page,,,,,,,,,,,,,,,Re-use Day 2 - Team Comp 1 as Day 3 - Team Comp 1,A Group,,,,,,,,,,4 Attempts - 20 Races total,13,Go to Submit page,,,,,,,,,,,,,,,Re-use Day 3 - Team Comp 1 as Day 4 - Team Comp 1,A Group,,,,,,,,,,4 Attempts - 20 Races total,11,Go to Submit page,,,,,,,,,,,,,,,A Finals,9245,Re-use Day 4 - Team Comp 1 as Finals Team Comp,,,,,,,,,,https://drive.google.com/open?id=1NQGT2Otb-OP1sHtmn_9dLUsln2mADKno,1st,,,,,,,,,,,No,,https://drive.google.com/open?id=1p80eqVJEVn2ScxFBJ_fU3XvmbB0xljx7,https://drive.google.com/open?id=1YWNsSEqUpFzM5WvdRJgbXxKd3t2Hwqws,,,8,4,2,,https://drive.google.com/open?id=1P9G3rYfuV3jz8wv4bUWI_JCu-6kXT22c
9/2/2026 15:34:20,FzyBny,Graded (No Uma Restrictions),Get into A finals,I accept these terms,Finals,"Android - phone or tablet, Windows",$501-1000,2025,21-30 (roughly 3-4 per day),Discord - MooMooCord - https://discord.gg/Hc7cP9GB,5,,Fine Motion (Wedding),Pace Chaser,Ace built for this CM before CM start in Grand Concert scenario,3,,,,2,1,,Oguri Cap,Pace Chaser,Ace built for this CM before CM start in Grand Concert scenario,2,,,,3,1,,Taiki Shuttle,Pace Chaser,Ace built for this CM before CM start in Grand Concert scenario,2,,,,3,1,,4 Attempts - 20 Races total,12,Go to Submit page,,,,,,,,,,,,,,Re-use Day 1 - Team Comp 1 as Day 2 - Team Comp 1,,,,,,,,,,4 Attempts - 20 Races total,17,Go to Submit page,,,,,,,,,,,,,,,Re-use Day 2 - Team Comp 2 as Day 3 - Team Comp 1,A Group,Fine Motion (Wedding),Pace Chaser,Ace built for this CM before CM start in Grand Concert scenario,Grass Wonder,End Closer,Debuffer,Eishin Flash (Valentine),End Closer,Debuffer,3 Attempts - 15 Races total,5,Day 3 - Add 2nd Team,Add new Team Comp as Day 3 - Team Comp 2,Fine Motion (Wedding),Pace Chaser,Ace built for this CM before CM start in Grand Concert scenario,Grass Wonder,End Closer,Debuffer,Eishin Flash (Valentine),End Closer,Debuffer,1 Attempt - 5 Races total,3,2 teams,Go to Submit page,Re-use Day 3 - Team Comp 2 as Day 4 - Team Comp 1,A Group,,,,,,,,,,4 Attempts - 20 Races total,12,Go to Submit page,,,,,,,,,,,,,,,A Finals,9636,Re-use Day 4 - Team Comp 1 as Finals Team Comp,,,,,,,,,,https://drive.google.com/open?id=1JdvF_v8g2P5ZXxPNfq2o7_a250HydvLJ,1st,,,,,,,,,,,Yes,I would like to thank the Princess' bodyguards and their guns for this win.,https://drive.google.com/open?id=1PmMqyCHGjjIKC7MwMAWs2eijVhImhrJr,https://drive.google.com/open?id=1isKpVBnWp1C96amx_PZygrBQMnN7uNPZ,,5,,3,,5,https://drive.google.com/open?id=1jTmaNNA8GGDEKVwT50QjChm9iktyWXKP
9/2/2026 21:45:46,kona,Graded (No Uma Restrictions),Get into A finals,I accept these terms,Finals,Windows,$501-1000,1150,11-20 (roughly 2-3 per day),YouTube - MooMooCows - https://www.youtube.com/@MooMooCows,4,,Rice Shower,Pace Chaser,Ace built for this CM before CM start in Grand Concert scenario,3,0,0,0,2,1,0,Mihono Bourbon (Valentine),Front Runner,Ace built for this CM before CM start in Grand Concert scenario,3,0,0,0,2,1,0,Silence Suzuka,Front Runner,Ace built for this CM before CM start in Grand Concert scenario,3,0,0,0,2,1,0,4 Attempts - 20 Races total,15,Go to Submit page,,,,,,,,,,,,,,Re-use Day 1 - Team Comp 1 as Day 2 - Team Comp 1,,,,,,,,,,4 Attempts - 20 Races total,14,Go to Submit page,,,,,,,,,,,,,,,Re-use Day 2 - Team Comp 1 as Day 3 - Team Comp 1,A Group,,,,,,,,,,4 Attempts - 20 Races total,9,Day 4,,,,,,,,,,,,,,,Re-use Day 3 - Team Comp 1 as Day 4 - Team Comp 1,A Group,,,,,,,,,,4 Attempts - 20 Races total,15,Go to Submit page,,,,,,,,,,,,,,,A Finals,10906,Re-use Day 4 - Team Comp 1 as Finals Team Comp,,,,,,,,,,https://drive.google.com/open?id=1kdqKIghSnBtDsyxLID-N0RN_qpZaNPjh,1st,,,,,,,,,,,No,Simply outrun all the XOguris,https://drive.google.com/open?id=1nhnNlFfHdom-gqFO_y4L-faygOYWiaR3,https://drive.google.com/open?id=1G20ItRlvpANssj7ulfdX8amFdyLKCWqO,,0,6,9,0,3,https://drive.google.com/open?id=1w8XhqAYicdDo7eKstYBEDEB9K1WJQtwf
8/30/2026 7:37:38,I.eat.small.uma,Graded (No Uma Restrictions),Win A finals,I accept these terms,Day 2,Android - phone or tablet,$1-100,,,"Discord - MooMooCord - https://discord.gg/Hc7cP9GB, YouTube - MooMooCows - https://www.youtube.com/@MooMooCows",,,Oguri Cap (Christmas),End Closer,Ace built for this CM before CM start in Grand Concert scenario,2,0,1,0,2,1,,Agnes Tachyon,End Closer,Debuffer,,,,,,,,Grass Wonder,End Closer,Debuffer,,,,,,,,3 Attempts - 15 Races total,10,Day 1 - Add 2nd Team,Taiki Shuttle,Pace Chaser,Mid-CM Ace build in Grand Concert scenario,Nishino Flower,Pace Chaser,Ace built for this CM before CM start in Grand Concert scenario,Oguri Cap (Christmas),End Closer,Ace built for this CM before CM start in Grand Concert scenario,1 Attempt - 5 Races total,5,2 teams,Go to Submit page,Re-use Day 1 - Team Comp 2 as Day 2 - Team Comp 1,,,,,,,,,,4 Attempts - 20 Races total,11,Go to Submit page,,,,,,,,,,,,,,,,,,,,,,,,,,,,,,,,,,,,,,,,,,,,,,,,,,,,,,,,,,,,,,,,,,,,,,,,,,,,,,,,,,,,,,,,,,,,,,,,,,,,,,,,,
9/2/2026 16:39:48,Andromalious,Graded (No Uma Restrictions),Win A finals,I accept these terms,Finals,Windows,$501-1000,1053,21-30 (roughly 3-4 per day),"Discord - MooMooCord - https://discord.gg/Hc7cP9GB, Twitch - MooMooCows - https://www.twitch.tv/moomoomoocows",5,,Oguri Cap (Christmas),End Closer,Ace built for this CM before CM start in Grand Concert scenario,2,0,1,0,2,1,0,Narita Taishin,End Closer,Ace built for this CM before CM start in Grand Concert scenario,2,0,1,0,2,1,0,Taiki Shuttle (Camping),Pace Chaser,Ace built for this CM before CM start in Grand Concert scenario,3,0,0,0,2,1,0,4 Attempts - 20 Races total,18,Go to Submit page,,,,,,,,,,,,,,Re-use Day 1 - Team Comp 1 as Day 2 - Team Comp 1,,,,,,,,,,4 Attempts - 20 Races total,11,Go to Submit page,,,,,,,,,,,,,,,Re-use Day 2 - Team Comp 1 as Day 3 - Team Comp 1,A Group,,,,,,,,,,4 Attempts - 20 Races total,16,Go to Submit page,,,,,,,,,,,,,,,Re-use Day 3 - Team Comp 1 as Day 4 - Team Comp 1,A Group,,,,,,,,,,4 Attempts - 20 Races total,15,Go to Submit page,,,,,,,,,,,,,,,A Finals,13226,Re-use Day 4 - Team Comp 1 as Finals Team Comp,,,,,,,,,,https://drive.google.com/open?id=1dsoEBj3TFsGyoULxcU7ra6o_GsqqEUaR,1st,,,,,,,,,,,Yes,Once again Xoguri dominates the competition even without debuffers.,https://drive.google.com/open?id=1iTlf9QhLetqHFw0d2pr2Sxbv-2GwDSIV,https://drive.google.com/open?id=1ByB6NXlUTtUyfqmtKvp8gsVveH9bMmwR,,0,2,10,2,0,https://drive.google.com/open?id=1s3Trcg7og7PIlx4peAJf_H4oGgs5engU
9/2/2026 21:49:19,Imaginemod,Graded (No Uma Restrictions),Win A finals,I accept these terms,Finals,"Android - phone or tablet, Windows",$101-500,1442,31-45 (roughly 5-6 per day),Twitch - MooMooCows - https://www.twitch.tv/moomoomoocows,4,Should ask how many wins each uma in the team got,Meisho Doto (Halloween),Pace Chaser,Ace built for this CM before CM start in Grand Concert scenario,3,0,0,0,2,1,0,Mejiro Dober (Camping),Late Surger,Ace built for this CM before CM start in Grand Concert scenario,2,0,1,0,2,1,0,Nishino Flower,Pace Chaser,Ace built for this CM before CM start in Grand Concert scenario,3,0,0,0,2,1,0,4 Attempts - 20 Races total,17,Go to Submit page,,,,,,,,,,,,,,Re-use Day 1 - Team Comp 1 as Day 2 - Team Comp 1,,,,,,,,,,4 Attempts - 20 Races total,15,Day 3,,,,,,,,,,,,,,,Re-use Day 2 - Team Comp 1 as Day 3 - Team Comp 1,A Group,,,,,,,,,,4 Attempts - 20 Races total,11,Go to Submit page,,,,,,,,,,,,,,,Re-use Day 3 - Team Comp 1 as Day 4 - Team Comp 1,A Group,,,,,,,,,,4 Attempts - 20 Races total,14,Go to Submit page,,,,,,,,,,,,,,,A Finals,14944,Re-use Day 4 - Team Comp 1 as Finals Team Comp,,,,,,,,,,https://drive.google.com/open?id=1A05b3Dvwt2i5uQaji3vEsndtq_N5DYND,3rd,No (goes to Submit page),,,,,,,,,,,,,,,,,,,,
8/30/2026 17:58:37,Aowoki,Graded (No Uma Restrictions),to feel pain,I accept these terms,Day 2,"iOS - phone or tablet, Windows",$101-500,1155,11-20 (roughly 2-3 per day),revealed to me in a dream,4,"needs more umas, im scared of this survey DID I GET THE JOB",Seiun Sky,Front Runner,Ace built for this CM before CM start in Grand Concert scenario,3,,,,2,1,,Mihono Bourbon (Valentine),Front Runner,Ace built for this CM before CM start in Grand Concert scenario,3,,,,2,1,,Special Week,Late Surger,Ace built for this CM before CM start in Grand Concert scenario,3,,,,2,1,,4 Attempts - 20 Races total,16,Go to Submit page,,,,,,,,,,,,,,Re-use Day 1 - Team Comp 1 as Day 2 - Team Comp 1,,,,,,,,,,4 Attempts - 20 Races total,16,Go to Submit page,,,,,,,,,,,,,,,,,,,,,,,,,,,,,,,,,,,,,,,,,,,,,,,,,,,,,,,,,,,,,,,,,,,,,,,,,,,,,,,,,,,,,,,,,,,,,,,,,,,,,,,,,
9/1/2026 2:54:38,DarkPaloma,Graded (No Uma Restrictions),Get into A finals,I accept these terms,Day 4,Android - phone or tablet,$0,612,6-10 (roughly 1 per day),YouTube - MooMooCows - https://www.youtube.com/@MooMooCows,4,,Fuji Kiseki (Ballroom),Pace Chaser,Ace built for this CM before CM start in Grand Concert scenario,3,0,0,0,2,1,0,Taiki Shuttle,Pace Chaser,Ace built for this CM before CM start in Grand Concert scenario,3,0,0,0,2,1,0,Grass Wonder,Late Surger,Debuffer,,,,,,,,3 Attempts - 15 Races total,7,Go to Submit page,,,,,,,,,,,,,,Re-use Day 1 - Team Comp 1 as Day 2 - Team Comp 1,,,,,,,,,,1 Attempt - 5 Races total,4,Go to Submit page,,,,,,,,,,,,,,,Re-use Day 2 - Team Comp 1 as Day 3 - Team Comp 1,A Group,,,,,,,,,,4 Attempts - 20 Races total,9,Go to Submit page,,,,,,,,,,,,,,,Re-use Day 3 - Team Comp 1 as Day 4 - Team Comp 1,A Group,,,,,,,,,,4 Attempts - 20 Races total,12,Go to Submit page,,,,,,,,,,,,,,,,,,,,,,,,,,,,,,,,,,,,,,,,,,,,,,,,,
9/2/2026 16:20:01,Ace VX,Graded (No Uma Restrictions),Win A finals,I accept these terms,Finals,Android - phone or tablet,$1-100,1200,11-20 (roughly 2-3 per day),"Discord - MooMooCord - https://discord.gg/Hc7cP9GB, Reddit - /r/umamusumeGame, Twitch - MooMooCows - https://www.twitch.tv/moomoomoocows, YouTube - MooMooCows - https://www.youtube.com/@MooMooCows",5,,Oguri Cap (Christmas),End Closer,Ace built for this CM before CM start in Grand Concert scenario,2,0,0,0,3,1,0,T.M. Opera O,Pace Chaser,Ace built for this CM before CM start in Grand Concert scenario,3,0,0,0,2,1,0,Fuji Kiseki,Pace Chaser,Ace built for this CM before CM start in Grand Concert scenario,3,0,0,0,2,1,0,4 Attempts - 20 Races total,17,Go to Submit page,,,,,,,,,,,,,,Re-use Day 1 - Team Comp 1 as Day 2 - Team Comp 1,,,,,,,,,,4 Attempts - 20 Races total,11,Go to Submit page,,,,,,,,,,,,,,,Re-use Day 2 - Team Comp 1 as Day 3 - Team Comp 1,A Group,,,,,,,,,,4 Attempts - 20 Races total,16,Go to Submit page,,,,,,,,,,,,,,,Re-use Day 3 - Team Comp 1 as Day 4 - Team Comp 1,A Group,,,,,,,,,,4 Attempts - 20 Races total,18,Go to Submit page,,,,,,,,,,,,,,,A Finals,10630,Re-use Day 4 - Team Comp 1 as Finals Team Comp,,,,,,,,,,https://drive.google.com/open?id=1hE-k1gBBdcZOuuehjXTdPABAAEW6MUkx,1st,,,,,,,,,,,Yes,*laughs in Opera*,https://drive.google.com/open?id=1Tb4lqp7Og8rVzaJSfl8vwxdC3ktNR9cS,https://drive.google.com/open?id=1W35U_lWV8WvWyJlC_EZd0r9U96aq2Cgq,,0,8,6,0,3,https://drive.google.com/open?id=13CqvvWvy1y6CXs8h8t_9wztlpq9BnbDb
9/2/2026 20:23:02,RavenCorp,Graded (No Uma Restrictions),Get into A finals,I accept these terms,Finals,Windows,$1-100,1036,11-20 (roughly 2-3 per day),Discord - MooMooCord - https://discord.gg/Hc7cP9GB,5,,Oguri Cap,Pace Chaser,Ace built for this CM before CM start in Grand Concert scenario,3,,,,2,1,,Biwa Hayahide (Christmas),Pace Chaser,Ace built for this CM before CM start in Grand Concert scenario,3,,,,2,1,,Agnes Tachyon,Late Surger,Debuffer,2,,,,4,,,4 Attempts - 20 Races total,13,Go to Submit page,,,,,,,,,,,,,,Re-use Day 1 - Team Comp 1 as Day 2 - Team Comp 1,,,,,,,,,,4 Attempts - 20 Races total,7,Go to Submit page,,,,,,,,,,,,,,,Re-use Day 2 - Team Comp 1 as Day 3 - Team Comp 1,A Group,,,,,,,,,,4 Attempts - 20 Races total,8,Go to Submit page,,,,,,,,,,,,,,,Re-use Day 3 - Team Comp 1 as Day 4 - Team Comp 1,A Group,,,,,,,,,,4 Attempts - 20 Races total,14,Go to Submit page,,,,,,,,,,,,,,,A Finals,8019,Re-use Day 4 - Team Comp 1 as Finals Team Comp,,,,,,,,,,https://drive.google.com/open?id=1LzWWeQbufyY1KSg9U6gxklN5spwxJnF8,1st,,,,,,,,,,,No,,https://drive.google.com/open?id=11JCT76cYtSrMbFlz7Fjb6A8o7wyr7bKk,https://drive.google.com/open?id=1N6T5pZ8MYyYgylDWJx_VN-AaNsaCRxga,,,6,9,,,https://drive.google.com/open?id=1GSo0pv3LLSINcZoUIcvJwxN8y7bNgg_K
9/2/2026 15:36:14,Zeruul,Graded (No Uma Restrictions),Get into A finals,I accept these terms,Finals,iOS - phone or tablet,$101-500,,21-30 (roughly 3-4 per day),Discord - MooMooCord - https://discord.gg/Hc7cP9GB,,,Seiun Sky,Front Runner,Ace built for this CM before CM start in Grand Concert scenario,,,,,,,,Mihono Bourbon (Valentine),Front Runner,Ace built for this CM before CM start in Grand Concert scenario,,,,,,,,Oguri Cap (Christmas),End Closer,Ace built for this CM before CM start in Grand Concert scenario,,,,,,,,4 Attempts - 20 Races total,14,Go to Submit page,,,,,,,,,,,,,,Re-use Day 1 - Team Comp 1 as Day 2 - Team Comp 1,,,,,,,,,,4 Attempts - 20 Races total,17,Go to Submit page,,,,,,,,,,,,,,,Re-use Day 2 - Team Comp 1 as Day 3 - Team Comp 1,A Group,,,,,,,,,,4 Attempts - 20 Races total,16,Go to Submit page,,,,,,,,,,,,,,,Re-use Day 3 - Team Comp 1 as Day 4 - Team Comp 1,A Group,,,,,,,,,,4 Attempts - 20 Races total,14,Go to Submit page,,,,,,,,,,,,,,,A Finals,13415,Re-use Day 4 - Team Comp 1 as Finals Team Comp,,,,,,,,,,https://drive.google.com/open?id=16xnmx2D1J40NhH-gGOVjnQTJBEYFyn7e,1st,,,,,,,,,,,No,,https://drive.google.com/open?id=1fkMiCxlAFFkr_nIn_f8sUuC7tw_k4Uz0,,,,,,,,
9/2/2026 20:15:04,just me 503,Graded (No Uma Restrictions),Win A finals,I accept these terms,Finals,"iOS - phone or tablet, Windows",$1-100,603,21-30 (roughly 3-4 per day),"Discord - MooMooCord - https://discord.gg/Hc7cP9GB, Twitch - MooMooCows - https://www.twitch.tv/moomoomoocows, YouTube - MooMooCows - https://www.youtube.com/@MooMooCows",4,,Maruzensky (Summer),Front Runner,Ace built for this CM before CM start in Grand Concert scenario,3,,,,2,1,,Mihono Bourbon (Valentine),Front Runner,Ace built for this CM before CM start in Grand Concert scenario,3,,,,2,1,,Taiki Shuttle,Pace Chaser,Ace built for this CM before CM start in Grand Concert scenario,2,,,,3,1,,4 Attempts - 20 Races total,6,Go to Submit page,,,,,,,,,,,,,,Add new Team Comp as Day 2 - Team Comp 1,Mihono Bourbon (Valentine),Front Runner,Ace built for this CM before CM start in Grand Concert scenario,Maruzensky (Summer),Front Runner,Ace built for this CM before CM start in Grand Concert scenario,Grass Wonder,Late Surger,Debuffer,4 Attempts - 20 Races total,11,Go to Submit page,,,,,,,,,,,,,,,Re-use Day 2 - Team Comp 2 as Day 3 - Team Comp 1,A Group,,,,,,,,,,4 Attempts - 20 Races total,6,Go to Submit page,,,,,,,,,,,,,,,Re-use Day 3 - Team Comp 1 as Day 4 - Team Comp 1,A Group,,,,,,,,,,4 Attempts - 20 Races total,4,Go to Submit page,,,,,,,,,,,,,,,B Finals,4083,Re-use Day 4 - Team Comp 1 as Finals Team Comp,,,,,,,,,,,1st,,,,,,,,,,,No,,,,,,,,,,
9/2/2026 20:49:55,Dan,Graded (No Uma Restrictions),Win A finals,I accept these terms,Finals,"Android - phone or tablet, Windows",$1-100,1513,11-20 (roughly 2-3 per day),"Discord - MooMooCord - https://discord.gg/Hc7cP9GB, Reddit - /r/umamusumeGame",5,,Grass Wonder,Late Surger,Debuffer,2,,2,,2,,,Inari One,End Closer,Ace built for this CM before CM start in Grand Concert scenario,3,,,,2,1,,Nice Nature (Cheerleader),Late Surger,Ace built for this CM before CM start in Grand Concert scenario,3,,1,,1,1,,3 Attempts - 15 Races total,9,Go to Submit page,,,,,,,,,,,,,,Add new Team Comp as Day 2 - Team Comp 1,Grass Wonder,Late Surger,Debuffer,Inari One,Late Surger,Ace built for this CM before CM start in Grand Concert scenario,Nice Nature (Cheerleader),Late Surger,Ace built for this CM before CM start in Grand Concert scenario,3 Attempts - 15 Races total,12,Go to Submit page,,,,,,,,,,,,,,,Re-use Day 2 - Team Comp 1 as Day 3 - Team Comp 1,A Group,,,,,,,,,,4 Attempts - 20 Races total,7,Go to Submit page,,,,,,,,,,,,,,,Add a new Team Comp as Day 4 - Team Comp 1,A Group,Grass Wonder,Late Surger,Debuffer,Inari One,Late Surger,Mid-CM Ace build in Grand Concert scenario,Nice Nature (Cheerleader),Late Surger,Ace built for this CM before CM start in Grand Concert scenario,4 Attempts - 20 Races total,12,Go to Submit page,,,,,,,,,,,,,,,A Finals,8338,Add new Team Comp as Finals Team Comp,Grass Wonder,Late Surger,Debuffer,Inari One,Late Surger,Ace built for this CM before CM start in Grand Concert scenario,Nice Nature (Cheerleader),Late Surger,Ace built for this CM before CM start in Grand Concert scenario,https://drive.google.com/open?id=1wd1oU_mzzDmaC46ro3ZChZubjgVWtr_J,1st,,,,,,,,,,,Yes,"Got my Libra Platinum ☆. Thank you, Sexy One.",https://drive.google.com/open?id=1ibyQ8g54lXjoEcuvk8Gzg4iMGbmDODnz,https://drive.google.com/open?id=178aj9WdHhsc9vKbvW0z7b0q21YAmxQL_,,9,5,,,3,https://drive.google.com/open?id=1IVWeWpeXzJOSQDa4Lf88MDPeNReO-7Rl
9/2/2026 16:28:41,Typhoon Carter,Graded (No Uma Restrictions),Win A finals,I accept these terms,Go to Submit page,Windows,$1-100,,21-30 (roughly 3-4 per day),,,Put an optional section where you can ask people to put their opponent's umas win rates/opponent's overall winrate for finals if applicable to see if there is any correlation with lobby denominator score. ,Narita Taishin,End Closer,Ace built for this CM before CM start in Grand Concert scenario,3,,,,2,1,,Mihono Bourbon (Valentine),Front Runner,Ace built for this CM before CM start in Grand Concert scenario,3,,,,2,1,,Seiun Sky,Front Runner,Ace built for this CM before CM start in Grand Concert scenario,3,,,,2,1,,4 Attempts - 20 Races total,14,Day 2,,,,,,,,,,,,,,Re-use Day 1 - Team Comp 1 as Day 2 - Team Comp 1,,,,,,,,,,4 Attempts - 20 Races total,15,Go to Submit page,,,,,,,,,,,,,,,Re-use Day 2 - Team Comp 1 as Day 3 - Team Comp 1,A Group,,,,,,,,,,4 Attempts - 20 Races total,12,Go to Submit page,,,,,,,,,,,,,,,Re-use Day 3 - Team Comp 1 as Day 4 - Team Comp 1,A Group,,,,,,,,,,4 Attempts - 20 Races total,14,Go to Submit page,,,,,,,,,,,,,,,A Finals,15720,Re-use Day 4 - Team Comp 1 as Finals Team Comp,,,,,,,,,,https://drive.google.com/open?id=1leArsOR4UFExj7vHB_elkYCXrs-BSfXg,1st,,,,,,,,,,,No,,https://drive.google.com/open?id=10Ktt1kkmCavwFRuMvtrS-f2mj3AJV0xN,https://drive.google.com/open?id=13XiOytBsWkFg-_Qmwboh8dQiEGrb-Gou,,,13,2,,,https://drive.google.com/open?id=1XsjMeWYu2k9gfmQ-Hr4NDAX_8qMQTeVc
9/2/2026 19:23:12,TPK,Graded (No Uma Restrictions),Get into A finals,I accept these terms,Day 1,"Android - phone or tablet, Windows",$501-1000,,,,,,Air Shakur,End Closer,Ace built for this CM before CM start in Grand Concert scenario,,,,,,,,Admire Vega,End Closer,Ace built for this CM before CM start in Grand Concert scenario,,,,,,,,Symboli Rudolf,Late Surger,Debuffer,,,,,,,,4 Attempts - 20 Races total,14,Day 2,,,,,,,,,,,,,,Add new Team Comp as Day 2 - Team Comp 1,Air Shakur,End Closer,Ace built for this CM before CM start in Grand Concert scenario,Narita Taishin,End Closer,Mid-CM Ace build in Grand Concert scenario,Symboli Rudolf,Late Surger,Debuffer,4 Attempts - 20 Races total,15,Day 3,,,,,,,,,,,,,,,Re-use Day 2 - Team Comp 1 as Day 3 - Team Comp 1,A Group,,,,,,,,,,4 Attempts - 20 Races total,9,Day 4,,,,,,,,,,,,,,,Add a new Team Comp as Day 4 - Team Comp 1,A Group,Air Shakur,End Closer,Ace built for this CM before CM start in Grand Concert scenario,Inari One,End Closer,Mid-CM Ace build in Grand Concert scenario,Symboli Rudolf,Late Surger,Debuffer,4 Attempts - 20 Races total,13,Finals,,,,,,,,,,,,,,,A Finals,13145,Re-use Day 4 - Team Comp 1 as Finals Team Comp,,,,,,,,,,https://drive.google.com/open?id=1PK0DqIxRIF9Boh2Iyk4gCTXa3OdhqztU,2nd,No (goes to Submit page),,,,,,,,,,,,,,,,,,,,
9/2/2026 15:38:02,CellistiaCat,Graded (No Uma Restrictions),Get into A finals,I accept these terms,Finals,"iOS - phone or tablet, Windows",$1-100,1272,21-30 (roughly 3-4 per day),YouTube - MooMooCows - https://www.youtube.com/@MooMooCows,5,,Nice Nature (Cheerleader),Late Surger,Ace built for this CM before CM start in Grand Concert scenario,2,0,1,0,2,1,0,Seiun Sky,Front Runner,Ace built for this CM before CM start in Grand Concert scenario,3,0,0,0,2,1,0,El Condor Pasa,Front Runner,Ace built for this CM before CM start in Grand Concert scenario,3,0,0,0,2,1,0,4 Attempts - 20 Races total,15,Go to Submit page,,,,,,,,,,,,,,Re-use Day 1 - Team Comp 1 as Day 2 - Team Comp 1,,,,,,,,,,4 Attempts - 20 Races total,17,Go to Submit page,,,,,,,,,,,,,,,Re-use Day 2 - Team Comp 1 as Day 3 - Team Comp 1,A Group,,,,,,,,,,4 Attempts - 20 Races total,11,Go to Submit page,,,,,,,,,,,,,,,Re-use Day 3 - Team Comp 1 as Day 4 - Team Comp 1,A Group,,,,,,,,,,4 Attempts - 20 Races total,14,Go to Submit page,,,,,,,,,,,,,,,A Finals,11444,Re-use Day 4 - Team Comp 1 as Finals Team Comp,,,,,,,,,,https://drive.google.com/open?id=1ZjkUZDw7kTUP-uMui5Gqx9bD27EQyCiS,2nd,Yes,https://drive.google.com/open?id=1MVb6tLY9jyea8QUiAB27Jl-gq-VPkjKi,https://drive.google.com/open?id=1Pb3pDuKvPBQm1X6xCmshpcgzaSsZgaBa,,0,11,4,0,0,https://drive.google.com/open?id=1w9sYTeDBjA1YwGx24qBY7RPePbAmeKbK,,,,,,,,,,,
9/3/2026 5:58:11,Asiano_pies,Graded (No Uma Restrictions),Get into A finals,I accept these terms,Finals,"iOS - phone or tablet, Windows",$0,709,11-20 (roughly 2-3 per day),Discord - MooMooCord - https://discord.gg/Hc7cP9GB,5,,Oguri Cap,Late Surger,Ace built for this CM before CM start in Grand Concert scenario,3,,,,2,1,,Special Week,Late Surger,Ace built for this CM before CM start in Grand Concert scenario,3,,,,2,1,,Grass Wonder,End Closer,Debuffer,1,,,,4,1,,4 Attempts - 20 Races total,14,Go to Submit page,,,,,,,,,,,,,,Re-use Day 1 - Team Comp 1 as Day 2 - Team Comp 1,,,,,,,,,,4 Attempts - 20 Races total,14,Go to Submit page,,,,,,,,,,,,,,,Re-use Day 2 - Team Comp 1 as Day 3 - Team Comp 1,A Group,,,,,,,,,,4 Attempts - 20 Races total,10,Go to Submit page,,,,,,,,,,,,,,,Re-use Day 3 - Team Comp 1 as Day 4 - Team Comp 1,A Group,,,,,,,,,,4 Attempts - 20 Races total,12,Go to Submit page,,,,,,,,,,,,,,,A Finals,8239,Re-use Day 4 - Team Comp 1 as Finals Team Comp,,,,,,,,,,https://drive.google.com/open?id=1wN9O4PHYrRoa5OdyzT2iumfUcZobebMT,1st,,,,,,,,,,,Yes,SPECIAL WEEK IS THE BETTER FATTY (especially cm with xoguri meta),https://drive.google.com/open?id=1sHs9j9NrkdebtlbqF_PUua5jwnqL4i0T,https://drive.google.com/open?id=1QUVPfhrmJFB1YSW5RBTo8ZA1tV693SLQ,,,9,5,,,https://drive.google.com/open?id=1YUY5inZQk2CiKo9ODWdXzZcjUwRIf7tM
9/2/2026 19:40:20,a_kun97,Graded (No Uma Restrictions),Get into A finals,I accept these terms,Finals,Windows,$101-500,894,6-10 (roughly 1 per day),Discord - MooMooCord - https://discord.gg/Hc7cP9GB,5,,Aston Machan,Front Runner,Ace built for this CM before CM start in Grand Concert scenario,3,0,0,0,2,1,0,Daiwa Scarlet,Front Runner,Ace built for this CM before CM start in Grand Concert scenario,3,0,0,0,2,1,0,Seiun Sky,Front Runner,Ace built for this CM before CM start in Grand Concert scenario,3,0,0,0,2,1,0,4 Attempts - 20 Races total,13,Go to Submit page,,,,,,,,,,,,,,Re-use Day 1 - Team Comp 1 as Day 2 - Team Comp 1,,,,,,,,,,3 Attempts - 15 Races total,5,Day 2 - Add 2nd Team,Add new Team Comp as Day 2 - Team Comp 2,Aston Machan,Front Runner,Ace built for this CM before CM start in Grand Concert scenario,Daiwa Scarlet,Front Runner,Ace built for this CM before CM start in Grand Concert scenario,Silence Suzuka,Runaway,Blocker/Overtake target/Throwaway/Niche role,1 Attempt - 5 Races total,2,2 teams,Go to Submit page,Re-use Day 2 - Team Comp 2 as Day 3 - Team Comp 1,A Group,,,,,,,,,,4 Attempts - 20 Races total,11,Go to Submit page,,,,,,,,,,,,,,,Re-use Day 3 - Team Comp 1 as Day 4 - Team Comp 1,A Group,,,,,,,,,,4 Attempts - 20 Races total,12,Go to Submit page,,,,,,,,,,,,,,,A Finals,11173,Re-use Day 4 - Team Comp 1 as Finals Team Comp,,,,,,,,,,https://drive.google.com/open?id=1bME8sbosyYdo-UYoI_19ulcuAlFYsMMR,2nd,Yes,https://drive.google.com/open?id=1Hn3YjiLg8SlQ5qcjGn25JYjSYR7WaH7O,https://drive.google.com/open?id=1dq227aBBio2jsoSHIchZVUqjfZEz6Aaz,,5,,5,2,3,https://drive.google.com/open?id=1vPwcawxEE2kdUgMaP6GQsNDJFXNnOodb,,,,,,,,,,,
9/2/2026 17:19:30,Yagoo,Graded (No Uma Restrictions),Get into A finals,I accept these terms,Finals,Windows,$1-100,,11-20 (roughly 2-3 per day),Rather not say,4,,Seiun Sky,Front Runner,Ace built for this CM before CM start in Grand Concert scenario,3,0,0,0,2,1,0,Mihono Bourbon (Valentine),Front Runner,Ace built for this CM before CM start in Grand Concert scenario,3,0,0,0,2,1,0,Symboli Rudolf,Pace Chaser,Debuffer,1,1,0,0,3,1,0,4 Attempts - 20 Races total,15,Go to Submit page,,,,,,,,,,,,,,Re-use Day 1 - Team Comp 1 as Day 2 - Team Comp 1,,,,,,,,,,4 Attempts - 20 Races total,17,Go to Submit page,,,,,,,,,,,,,,,Re-use Day 2 - Team Comp 1 as Day 3 - Team Comp 1,A Group,,,,,,,,,,4 Attempts - 20 Races total,15,Go to Submit page,,,,,,,,,,,,,,,Re-use Day 3 - Team Comp 1 as Day 4 - Team Comp 1,A Group,,,,,,,,,,4 Attempts - 20 Races total,14,Go to Submit page,,,,,,,,,,,,,,,A Finals,8526,Re-use Day 4 - Team Comp 1 as Finals Team Comp,,,,,,,,,,https://drive.google.com/open?id=1bYdR32ErdlqEplUolXC0eOtBv51Y9Loq,1st,,,,,,,,,,,No,,,,,,,,,,
9/2/2026 22:06:25,Wultan,Graded (No Uma Restrictions),Win A finals,I accept these terms,Day 1,,$1-100,700,11-20 (roughly 2-3 per day),,5,,Copano Rickey,Pace Chaser,Ace built for this CM before CM start in Grand Concert scenario,3,,,,2,1,,Nishino Flower,Pace Chaser,Ace built for this CM before CM start in Grand Concert scenario,3,,,,2,1,,Oguri Cap (Christmas),End Closer,Ace built for this CM before CM start in Grand Concert scenario,2,,1,,2,1,,4 Attempts - 20 Races total,16,Day 2,,,,,,,,,,,,,,Re-use Day 1 - Team Comp 1 as Day 2 - Team Comp 1,,,,,,,,,,4 Attempts - 20 Races total,20,Day 3,,,,,,,,,,,,,,,Add new Team Comp as Day 3 - Team Comp 1,A Group,Grass Wonder,Front Runner,Debuffer,Nishino Flower,Pace Chaser,Ace built for this CM before CM start in Grand Concert scenario,Oguri Cap (Christmas),End Closer,Ace built for this CM before CM start in Grand Concert scenario,4 Attempts - 20 Races total,15,Day 4,,,,,,,,,,,,,,,Re-use Day 3 - Team Comp 1 as Day 4 - Team Comp 1,A Group,,,,,,,,,,4 Attempts - 20 Races total,15,Finals,,,,,,,,,,,,,,,A Finals,,Re-use Day 4 - Team Comp 1 as Finals Team Comp,,,,,,,,,,https://drive.google.com/open?id=1XO7BXRSaPa2bYw97Y16tLzeehj7FO1xF,3rd,Yes,https://drive.google.com/open?id=1uvJ3Fy6SsgeNxCO9cT_6N755bjA-F4bD,https://drive.google.com/open?id=15qG26FqG05pc4l1PKMeFL6vAplkWJQnu,,,7,6,,2,https://drive.google.com/open?id=14tzlQVcvsnakaczjvA9o-ragJpDAhcD9,,,,,,,,,,,
9/2/2026 21:28:15,Ipex,Graded (No Uma Restrictions),Collect participation rewards,I accept these terms,Finals,Windows,$1001-5000,1727,11-20 (roughly 2-3 per day),Discord - MooMooCord - https://discord.gg/Hc7cP9GB,5,,Seiun Sky,Front Runner,Ace built for this CM before CM start in Grand Concert scenario,3,,,,2,1,,Mihono Bourbon (Valentine),Front Runner,Ace built for this CM before CM start in Grand Concert scenario,3,,,,2,1,,Oguri Cap (Christmas),End Closer,Ace built for this CM before CM start in Grand Concert scenario,2,,1,,2,1,,4 Attempts - 20 Races total,19,Go to Submit page,,,,,,,,,,,,,,Re-use Day 1 - Team Comp 1 as Day 2 - Team Comp 1,,,,,,,,,,4 Attempts - 20 Races total,20,Go to Submit page,,,,,,,,,,,,,,,Re-use Day 2 - Team Comp 1 as Day 3 - Team Comp 1,A Group,,,,,,,,,,4 Attempts - 20 Races total,14,Go to Submit page,,,,,,,,,,,,,,,Re-use Day 3 - Team Comp 1 as Day 4 - Team Comp 1,A Group,,,,,,,,,,4 Attempts - 20 Races total,18,Go to Submit page,,,,,,,,,,,,,,,A Finals,13568,Re-use Day 4 - Team Comp 1 as Finals Team Comp,,,,,,,,,,https://drive.google.com/open?id=1QllBRtlafX2vX3HQRAMWZ5hsV4_I-ZUR,1st,,,,,,,,,,,No,,https://drive.google.com/open?id=1XSVuYVbhSvZ7vUbkev0lo6JxNMJpvo_8,https://drive.google.com/open?id=1HhdpSuCZjEMKCUgyfsnSQyNKS1v3jFBv,,2,1,6,,3,https://drive.google.com/open?id=11flFUNKtUj-a4m8wzR-IDt7v-eXu9UaS
9/2/2026 18:08:21,giveyouthesquid,Graded (No Uma Restrictions),Win A finals,I accept these terms,Day 1,Windows,$0,710,21-30 (roughly 3-4 per day),YouTube - MooMooCows - https://www.youtube.com/@MooMooCows,5,,Silence Suzuka,Runaway,Ace built for this CM before CM start in Grand Concert scenario,3,0,0,0,2,1,0,Aston Machan,Front Runner,Ace built for this CM before CM start in Grand Concert scenario,3,0,0,0,2,1,0,Rice Shower (Halloween),Pace Chaser,Ace built for this CM before CM start in Grand Concert scenario,3,0,0,0,2,1,0,4 Attempts - 20 Races total,16,Day 2,,,,,,,,,,,,,,Re-use Day 1 - Team Comp 1 as Day 2 - Team Comp 1,,,,,,,,,,4 Attempts - 20 Races total,17,Day 3,,,,,,,,,,,,,,,Re-use Day 2 - Team Comp 1 as Day 3 - Team Comp 1,A Group,,,,,,,,,,4 Attempts - 20 Races total,13,Day 4,,,,,,,,,,,,,,,Re-use Day 3 - Team Comp 1 as Day 4 - Team Comp 1,A Group,,,,,,,,,,4 Attempts - 20 Races total,8,Finals,,,,,,,,,,,,,,,A Finals,13617,Re-use Day 4 - Team Comp 1 as Finals Team Comp,,,,,,,,,,https://drive.google.com/open?id=1KvpikMP6u7OnaA72HfuvvK2eIuOyJMsG,3rd,Yes,https://drive.google.com/open?id=16ZM6uVvPSs8mz_hNjGsdwo4UO_53SW5L,https://drive.google.com/open?id=16DEVZ1Ze8CrfvK3Qt0qvgRpjMKtSVP6O,,0,2,6,0,0,https://drive.google.com/open?id=1VE2Mx7eBzHSGQGoGJYeKsFLQiU_lMSBp,,,,,,,,,,,
9/2/2026 15:53:52,Mike,Graded (No Uma Restrictions),Win A finals,I accept these terms,Finals,,$1-100,1750,,YouTube - MooMooCows - https://www.youtube.com/@MooMooCows,1,,Seiun Sky,Front Runner,Ace built for this CM before CM start in Grand Concert scenario,3,,,,2,1,,T.M. Opera O (New Year),Front Runner,Ace built for this CM before CM start in Grand Concert scenario,3,,,,2,1,,Grass Wonder,End Closer,Debuffer,,,,,,,,4 Attempts - 20 Races total,16,Go to Submit page,,,,,,,,,,,,,,Re-use Day 1 - Team Comp 1 as Day 2 - Team Comp 1,,,,,,,,,,4 Attempts - 20 Races total,17,Go to Submit page,,,,,,,,,,,,,,,Re-use Day 2 - Team Comp 1 as Day 3 - Team Comp 1,A Group,,,,,,,,,,4 Attempts - 20 Races total,14,Go to Submit page,,,,,,,,,,,,,,,Re-use Day 3 - Team Comp 1 as Day 4 - Team Comp 1,A Group,,,,,,,,,,4 Attempts - 20 Races total,13,Go to Submit page,,,,,,,,,,,,,,,A Finals,10952,Re-use Day 4 - Team Comp 1 as Finals Team Comp,,,,,,,,,,https://drive.google.com/open?id=1qqnF6F1Bk75yLohbftYwmhvnlLMxfuvW,1st,,,,,,,,,,,Yes,Best option with least effort wins again,https://drive.google.com/open?id=1npOVXR_wJ_IZ109G-3JGlt2J-BvfUAwZ,https://drive.google.com/open?id=1KFUjUL8EfTIkxLrJCa-cLjbkW3HqwjI6,,,7,3,,2,https://drive.google.com/open?id=1-RZ6F0Shb1wLQpVd6xjSu-JNWnWopv4U
9/3/2026 0:40:59,Yama,Graded (No Uma Restrictions),Collect participation rewards,I accept these terms,Finals,Windows,$501-1000,,21-30 (roughly 3-4 per day),Discord - MooMooCord - https://discord.gg/Hc7cP9GB,,,Taiki Shuttle,Pace Chaser,Ace built for this CM before CM start in Grand Concert scenario,,,,,,,,Nishino Flower,Pace Chaser,Ace built for this CM before CM start in Grand Concert scenario,,,,,,,,Symboli Rudolf,Late Surger,Debuffer,,,,,,,,4 Attempts - 20 Races total,17,Go to Submit page,,,,,,,,,,,,,,Re-use Day 1 - Team Comp 1 as Day 2 - Team Comp 1,,,,,,,,,,4 Attempts - 20 Races total,18,Day 3,,,,,,,,,,,,,,,Re-use Day 2 - Team Comp 1 as Day 3 - Team Comp 1,A Group,,,,,,,,,,4 Attempts - 20 Races total,16,Go to Submit page,,,,,,,,,,,,,,,Re-use Day 3 - Team Comp 1 as Day 4 - Team Comp 1,A Group,,,,,,,,,,4 Attempts - 20 Races total,14,Go to Submit page,,,,,,,,,,,,,,,A Finals,,Re-use Day 4 - Team Comp 1 as Finals Team Comp,,,,,,,,,,,1st,,,,,,,,,,,No,,,,,,,,,,
9/2/2026 16:10:18,Soren,Graded (No Uma Restrictions),Get into A finals,I accept these terms,Finals,"iOS - phone or tablet, Windows",$101-500,1274,11-20 (roughly 2-3 per day),"Discord - MooMooCord - https://discord.gg/Hc7cP9GB, Twitch - MooMooCows - https://www.twitch.tv/moomoomoocows, YouTube - MooMooCows - https://www.youtube.com/@MooMooCows",,,Rice Shower,Pace Chaser,Ace built for this CM before CM start in Grand Concert scenario,3,0,0,0,2,1,0,Oguri Cap (Christmas),End Closer,Ace built for this CM before CM start in Grand Concert scenario,2,0,1,0,2,1,0,Agnes Tachyon,Late Surger,Debuffer,2,0,0,0,3,1,0,4 Attempts - 20 Races total,19,Go to Submit page,,,,,,,,,,,,,,Re-use Day 1 - Team Comp 1 as Day 2 - Team Comp 1,,,,,,,,,,4 Attempts - 20 Races total,16,Go to Submit page,,,,,,,,,,,,,,,Re-use Day 2 - Team Comp 1 as Day 3 - Team Comp 1,A Group,,,,,,,,,,4 Attempts - 20 Races total,15,Go to Submit page,,,,,,,,,,,,,,,Re-use Day 3 - Team Comp 1 as Day 4 - Team Comp 1,A Group,,,,,,,,,,4 Attempts - 20 Races total,15,Go to Submit page,,,,,,,,,,,,,,,A Finals,13404,Re-use Day 4 - Team Comp 1 as Finals Team Comp,,,,,,,,,,https://drive.google.com/open?id=1ljjj6OKvjI_5mfSvzuW_TBtXn7yCiGKa,1st,,,,,,,,,,,No,,,,,,,,,,
9/2/2026 15:38:51,Trollinater,Graded (No Uma Restrictions),Get into A finals,I accept these terms,Finals,"Android - phone or tablet, Windows",$501-1000,1918,46+ (more than 6 per day),Discord - MooMooCord - https://discord.gg/Hc7cP9GB,5,,Aston Machan,Front Runner,Ace built for this CM before CM start in Grand Concert scenario,3,,,,2,1,,Seiun Sky,Front Runner,Ace built for this CM before CM start in Grand Concert scenario,3,,,,2,1,,Grass Wonder,Late Surger,Debuffer,1,,1,,3,1,,4 Attempts - 20 Races total,16,Go to Submit page,,,,,,,,,,,,,,Re-use Day 1 - Team Comp 1 as Day 2 - Team Comp 1,,,,,,,,,,4 Attempts - 20 Races total,16,Go to Submit page,,,,,,,,,,,,,,,Re-use Day 2 - Team Comp 1 as Day 3 - Team Comp 1,A Group,,,,,,,,,,4 Attempts - 20 Races total,11,Go to Submit page,,,,,,,,,,,,,,,Re-use Day 3 - Team Comp 1 as Day 4 - Team Comp 1,A Group,,,,,,,,,,4 Attempts - 20 Races total,13,Go to Submit page,,,,,,,,,,,,,,,A Finals,8335,Re-use Day 4 - Team Comp 1 as Finals Team Comp,,,,,,,,,,https://drive.google.com/open?id=1L1I5ILRFqLfhi_kaPB6TSyUrVVUeKN00,1st,,,,,,,,,,,No,,https://drive.google.com/open?id=1Tht4anmoXsRhxQ979ExcwZ3hAYoJYu7V,https://drive.google.com/open?id=1VNto7zyI3Cdj7KiQtYPIzXWYVLidqRtF,,,6,6,,2,https://drive.google.com/open?id=1c91Vpi2Qe5pZG8Z4mcfHwsst7SdLq4_e
9/3/2026 10:38:48,H8R,Graded (No Uma Restrictions),Win A finals,I accept these terms,Day 3,,$101-500,,46+ (more than 6 per day),,,,Oguri Cap (Christmas),End Closer,Ace built for this CM before CM start in Grand Concert scenario,,,,,,,,Grass Wonder,Late Surger,Debuffer,,,,,,,,Symboli Rudolf,Late Surger,Debuffer,,,,,,,,4 Attempts - 20 Races total,15,Go to Submit page,,,,,,,,,,,,,,Re-use Day 1 - Team Comp 1 as Day 2 - Team Comp 1,,,,,,,,,,4 Attempts - 20 Races total,18,Go to Submit page,,,,,,,,,,,,,,,Re-use Day 2 - Team Comp 1 as Day 3 - Team Comp 1,A Group,,,,,,,,,,4 Attempts - 20 Races total,13,Day 4,,,,,,,,,,,,,,,Re-use Day 3 - Team Comp 1 as Day 4 - Team Comp 1,A Group,,,,,,,,,,4 Attempts - 20 Races total,17,Finals,,,,,,,,,,,,,,,A Finals,,Re-use Day 4 - Team Comp 1 as Finals Team Comp,,,,,,,,,,,1st,,,,,,,,,,,No,,,,,,,,,,
9/3/2026 0:43:03,Akranite,Graded (No Uma Restrictions),Win A finals,I accept these terms,Day 4,"Android - phone or tablet, Windows",$1001-5000,1231,21-30 (roughly 3-4 per day),"Discord - MooMooCord - https://discord.gg/Hc7cP9GB, Twitch - MooMooCows - https://www.twitch.tv/moomoomoocows, YouTube - MooMooCows - https://www.youtube.com/@MooMooCows",,,Taiki Shuttle (Camping),Pace Chaser,Ace built for this CM before CM start in Grand Concert scenario,3,0,0,0,2,1,0,Fuji Kiseki (Ballroom),Pace Chaser,Ace built for this CM before CM start in Grand Concert scenario,3,0,0,0,2,1,0,Fine Motion,Pace Chaser,Ace built for this CM before CM start in Grand Concert scenario,3,0,0,0,2,1,0,4 Attempts - 20 Races total,14,Go to Submit page,,,,,,,,,,,,,,Re-use Day 1 - Team Comp 1 as Day 2 - Team Comp 1,,,,,,,,,,4 Attempts - 20 Races total,12,Go to Submit page,,,,,,,,,,,,,,,Re-use Day 2 - Team Comp 1 as Day 3 - Team Comp 1,A Group,,,,,,,,,,4 Attempts - 20 Races total,10,Day 4,,,,,,,,,,,,,,,Re-use Day 3 - Team Comp 1 as Day 4 - Team Comp 1,A Group,,,,,,,,,,4 Attempts - 20 Races total,12,Finals,,,,,,,,,,,,,,,A Finals,9493,Re-use Day 4 - Team Comp 1 as Finals Team Comp,,,,,,,,,,https://drive.google.com/open?id=1To9z4Uwcs8wnjklv6Fk7HFximV7oEGMM,1st,,,,,,,,,,,Yes,A fine day to you.,https://drive.google.com/open?id=1y3a5s1rLmOKsrHC2BySSya4xH_Ia2psT,https://drive.google.com/open?id=1euT2R9jnEsWMk2nRLKrEtP3pENZ0vUtC,,0,8,5,0,1,https://drive.google.com/open?id=1yRyni7_UAA9CFJHtA-HqX_0YGetph7Xl
8/28/2026 22:11:34,Reon,Graded (No Uma Restrictions),Win A finals,I accept these terms,Day 1,,,,,,,,Agnes Digital,Late Surger,Ace built for this CM before CM start in Grand Concert scenario,,,,,,,,Mayano Top Gun (Wedding),Pace Chaser,Ace built for this CM before CM start in Grand Concert scenario,,,,,,,,Tokai Teio (Anime Collab),Pace Chaser,Ace built for this CM before CM start in Grand Concert scenario,,,,,,,,4 Attempts - 20 Races total,18,Go to Submit page,,,,,,,,,,,,,,,,,,,,,,,,,,,,,,,,,,,,,,,,,,,,,,,,,,,,,,,,,,,,,,,,,,,,,,,,,,,,,,,,,,,,,,,,,,,,,,,,,,,,,,,,,,,,,,,,,,,,,,,,,,,,,,,,,,,
9/2/2026 15:28:34,Snootbooping,Graded (No Uma Restrictions),Win A finals,I accept these terms,Finals,"iOS - phone or tablet, Windows",$501-1000,1821,31-45 (roughly 5-6 per day),Discord - MooMooCord - https://discord.gg/Hc7cP9GB,,,Vodka,Late Surger,Ace built for this CM before CM start in Grand Concert scenario,3,0,0,0,2,1,,Fine Motion (Wedding),Pace Chaser,Ace built for this CM before CM start in Grand Concert scenario,3,0,0,0,2,1,0,Oguri Cap (Christmas),End Closer,Ace built for this CM before CM start in Grand Concert scenario,2,0,1,0,2,1,0,4 Attempts - 20 Races total,19,Go to Submit page,,,,,,,,,,,,,,Re-use Day 1 - Team Comp 1 as Day 2 - Team Comp 1,,,,,,,,,,4 Attempts - 20 Races total,16,Go to Submit page,,,,,,,,,,,,,,,Re-use Day 2 - Team Comp 1 as Day 3 - Team Comp 1,A Group,,,,,,,,,,4 Attempts - 20 Races total,13,Go to Submit page,,,,,,,,,,,,,,,Re-use Day 3 - Team Comp 1 as Day 4 - Team Comp 1,A Group,,,,,,,,,,4 Attempts - 20 Races total,16,Go to Submit page,,,,,,,,,,,,,,,A Finals,14887,Re-use Day 4 - Team Comp 1 as Finals Team Comp,,,,,,,,,,https://drive.google.com/open?id=1Wf5b6X92Y8tv39nqx13u74gdXcydjTup,2nd,No (goes to Submit page),,,,,,,,,,,,,,,,,,,,
9/2/2026 16:21:20,llamatar,Graded (No Uma Restrictions),Win A finals,I accept these terms,Finals,"Android - phone or tablet, Linux",$0,1568,46+ (more than 6 per day),Discord - my current club's server,4,,Rice Shower,Pace Chaser,Ace built for this CM before CM start in Grand Concert scenario,3,0,0,0,2,1,0,Symboli Rudolf,Late Surger,Debuffer,,,,,,,,Nice Nature (Cheerleader),Late Surger,Debuffer,,,,,,,,4 Attempts - 20 Races total,18,Go to Submit page,,,,,,,,,,,,,,Re-use Day 1 - Team Comp 1 as Day 2 - Team Comp 1,,,,,,,,,,4 Attempts - 20 Races total,17,Go to Submit page,,,,,,,,,,,,,,,Re-use Day 2 - Team Comp 1 as Day 3 - Team Comp 1,A Group,,,,,,,,,,4 Attempts - 20 Races total,10,Go to Submit page,,,,,,,,,,,,,,,Re-use Day 3 - Team Comp 1 as Day 4 - Team Comp 1,A Group,,,,,,,,,,4 Attempts - 20 Races total,13,Go to Submit page,,,,,,,,,,,,,,,A Finals,11537,Re-use Day 4 - Team Comp 1 as Finals Team Comp,,,,,,,,,,https://drive.google.com/open?id=1IWxB1RmFnFY6bcFv_PhIO1jhymXFoxEb,2nd,Yes,https://drive.google.com/open?id=18pPw13COgHlaaRdWgzEYYP63p5z49cyr,https://drive.google.com/open?id=1k3I4BAqdBIoki55lYoNDLkRJAIC8gLt7,,,,,,,https://drive.google.com/open?id=1cCwX3isIOU23U9NlRvCCAXkTL-7Y3OWQ,,,,,,,,,,,
9/2/2026 17:45:47,JyeroTea,Graded (No Uma Restrictions),Get into B finals,I accept these terms,Finals,"Android - phone or tablet, Windows",$101-500,664,11-20 (roughly 2-3 per day),"Friend sent me the link, Discord - MooMooCord - https://discord.gg/Hc7cP9GB",4,,Narita Taishin,End Closer,Ace built for this CM before CM start in Grand Concert scenario,3,,,,2,1,,Gold City (Festival),Late Surger,Debuffer,,,,,,,,Nice Nature (Cheerleader),Late Surger,Debuffer,,,,,,,,4 Attempts - 20 Races total,4,Go to Submit page,,,,,,,,,,,,,,Re-use Day 1 - Team Comp 1 as Day 2 - Team Comp 1,,,,,,,,,,2 Attempts - 10 Races total,1,Day 2 - Add 2nd Team,Add new Team Comp as Day 2 - Team Comp 2,Narita Taishin,End Closer,Mid-CM Ace build in Grand Concert scenario,Gold City (Festival),Late Surger,Debuffer,Nice Nature (Cheerleader),Late Surger,Debuffer,2 Attempts - 10 Races total,5,2 teams,Go to Submit page,Re-use Day 2 - Team Comp 2 as Day 3 - Team Comp 1,A Group,,,,,,,,,,4 Attempts - 20 Races total,4,Go to Submit page,,,,,,,,,,,,,,,Re-use Day 3 - Team Comp 1 as Day 4 - Team Comp 1,A Group,,,,,,,,,,4 Attempts - 20 Races total,5,Go to Submit page,,,,,,,,,,,,,,,B Finals,1748,Re-use Day 4 - Team Comp 1 as Finals Team Comp,,,,,,,,,,https://drive.google.com/open?id=1MnEyHcPyjexsTAoVMIE7bHplczbq7R9z,1st,,,,,,,,,,,Yes,Reds win races :D,,,,0,7,7,0,0,https://drive.google.com/open?id=1tC8qacs8A3imTjbVJJzirpH1I-ZpabqT
9/2/2026 20:27:44,Pootez,Graded (No Uma Restrictions),Win A finals,I accept these terms,Finals,"iOS - phone or tablet, Windows",$101-500,868,21-30 (roughly 3-4 per day),"Discord - MooMooCord - https://discord.gg/Hc7cP9GB, YouTube - MooMooCows - https://www.youtube.com/@MooMooCows",,,Narita Taishin,End Closer,Ace built for this CM before CM start in Grand Concert scenario,2,0,1,0,2,1,0,Grass Wonder,Late Surger,Debuffer,,0,0,0,5,0,0,Nice Nature (Cheerleader),End Closer,Debuffer,2,0,1,,2,1,0,4 Attempts - 20 Races total,15,Day 2,,,,,,,,,,,,,,Re-use Day 1 - Team Comp 1 as Day 2 - Team Comp 1,,,,,,,,,,4 Attempts - 20 Races total,15,Go to Submit page,,,,,,,,,,,,,,,Re-use Day 2 - Team Comp 1 as Day 3 - Team Comp 1,A Group,,,,,,,,,,4 Attempts - 20 Races total,14,Go to Submit page,,,,,,,,,,,,,,,Re-use Day 3 - Team Comp 1 as Day 4 - Team Comp 1,A Group,,,,,,,,,,4 Attempts - 20 Races total,12,Go to Submit page,,,,,,,,,,,,,,,A Finals,,Re-use Day 4 - Team Comp 1 as Finals Team Comp,,,,,,,,,,https://drive.google.com/open?id=1edsWJfVzARxYG2VqH9YLR4wwkAS_jvVI,3rd,No (goes to Submit page),,,,,,,,,,,,,,,,,,,,
9/2/2026 15:54:43,theBobbles117,Graded (No Uma Restrictions),Win A finals,I accept these terms,Finals,iOS - phone or tablet,$501-1000,1208,21-30 (roughly 3-4 per day),Discord - MooMooCord - https://discord.gg/Hc7cP9GB,5,,Oguri Cap (Christmas),End Closer,Ace built for this CM before CM start in Grand Concert scenario,3,0,0,0,2,1,0,Narita Taishin,End Closer,Ace built for this CM before CM start in Grand Concert scenario,2,0,1,,2,1,0,Gold Ship,End Closer,Ace built for this CM before CM start in Grand Concert scenario,2,0,1,0,2,1,0,4 Attempts - 20 Races total,18,Go to Submit page,,,,,,,,,,,,,,Re-use Day 1 - Team Comp 1 as Day 2 - Team Comp 1,,,,,,,,,,4 Attempts - 20 Races total,16,Go to Submit page,,,,,,,,,,,,,,,Re-use Day 2 - Team Comp 1 as Day 3 - Team Comp 1,A Group,,,,,,,,,,4 Attempts - 20 Races total,11,Go to Submit page,,,,,,,,,,,,,,,Re-use Day 3 - Team Comp 1 as Day 4 - Team Comp 1,A Group,,,,,,,,,,4 Attempts - 20 Races total,12,Go to Submit page,,,,,,,,,,,,,,,A Finals,14570,Re-use Day 4 - Team Comp 1 as Finals Team Comp,,,,,,,,,,https://drive.google.com/open?id=1AJl-jxac50QcDudohosr-ngr5XOV1VuB,2nd,Yes,https://drive.google.com/open?id=1UGabO0aXK588iZ1LWMEsckRxt0p1Xisr,https://drive.google.com/open?id=1ERFMWDpeqUVlpJ0Dqciz9tI7ZinC07BE,https://drive.google.com/open?id=1ArmgBSyNIEhrZVobv9QC7RS2KEEhMy5D,1,,,,,https://drive.google.com/open?id=1dXvT2LR1VZhJKJ2MwIVx_DciBMqeYT-w,,,,,,,,,,,
9/3/2026 11:08:30,Indiefarer,Graded (No Uma Restrictions),Win A finals,I accept these terms,Finals,iOS - phone or tablet,$101-500,720,6-10 (roughly 1 per day),Discord - MooMooCord - https://discord.gg/Hc7cP9GB,,,Air Groove (Wedding),Pace Chaser,Ace built for this CM before CM start in Grand Concert scenario,3,0,0,0,2,1,0,Symboli Rudolf,Pace Chaser,Debuffer,2,0,1,1,2,0,0,Silence Suzuka,Runaway,Blocker/Overtake target/Throwaway/Niche role,1,,1,0,4,0,,4 Attempts - 20 Races total,16,Go to Submit page,,,,,,,,,,,,,,Re-use Day 1 - Team Comp 1 as Day 2 - Team Comp 1,,,,,,,,,,4 Attempts - 20 Races total,16,Go to Submit page,,,,,,,,,,,,,,,Re-use Day 2 - Team Comp 1 as Day 3 - Team Comp 1,A Group,,,,,,,,,,4 Attempts - 20 Races total,11,Go to Submit page,,,,,,,,,,,,,,,Re-use Day 3 - Team Comp 1 as Day 4 - Team Comp 1,A Group,,,,,,,,,,4 Attempts - 20 Races total,14,Go to Submit page,,,,,,,,,,,,,,,A Finals,12700,Re-use Day 4 - Team Comp 1 as Finals Team Comp,,,,,,,,,,https://drive.google.com/open?id=1h4s0hsdJayBnQCWJw3pRRjtHVYlPeo8C,1st,,,,,,,,,,,Yes,"Everything I do, I do it for her!",https://drive.google.com/open?id=14T9puNbaD3pXFwuDZDqtyMZgDI4HYfzC,https://drive.google.com/open?id=1AL5HUQWC8aoD_Jp0GPcUdKnF8h5d847E,,,5,3,,6,https://drive.google.com/open?id=1-rO8RdS_esprt9YWIJmRG9jVYnGwb6v9
9/2/2026 16:23:17,lordsavor,Graded (No Uma Restrictions),Win A finals,I accept these terms,Day 4,Android - phone or tablet,$1-100,1114,21-30 (roughly 3-4 per day),Discord - MooMooCord - https://discord.gg/Hc7cP9GB,,,Nishino Flower,Pace Chaser,Ace built for this CM before CM start in Grand Concert scenario,3,,,,2,1,,Agnes Tachyon,Late Surger,Debuffer,1,,1,,3,1,,Grass Wonder,Late Surger,Ace built for this CM before CM start in Grand Concert scenario,1,,1,,3,1,,4 Attempts - 20 Races total,15,Go to Submit page,,,,,,,,,,,,,,Re-use Day 1 - Team Comp 1 as Day 2 - Team Comp 1,,,,,,,,,,4 Attempts - 20 Races total,15,Go to Submit page,,,,,,,,,,,,,,,Re-use Day 2 - Team Comp 1 as Day 3 - Team Comp 1,A Group,,,,,,,,,,4 Attempts - 20 Races total,12,Go to Submit page,,,,,,,,,,,,,,,Re-use Day 3 - Team Comp 1 as Day 4 - Team Comp 1,A Group,,,,,,,,,,4 Attempts - 20 Races total,13,Finals,,,,,,,,,,,,,,,A Finals,8456,Re-use Day 4 - Team Comp 1 as Finals Team Comp,,,,,,,,,,https://drive.google.com/open?id=134eHpb6gHvYQT00SwOhrOk_70uJ_thUU,2nd,No (goes to Submit page),,,,,,,,,,,,,,,,,,,,
9/2/2026 20:07:29,BonkChoy,Graded (No Uma Restrictions),Win A finals,I accept these terms,Finals,"Android - phone or tablet, Windows",$501-1000,1950,21-30 (roughly 3-4 per day),"Twitch - MooMooCows - https://www.twitch.tv/moomoomoocows, YouTube - MooMooCows - https://www.youtube.com/@MooMooCows",,,Mejiro Ardan,Pace Chaser,Ace built for this CM before CM start in Grand Concert scenario,3,0,0,0,2,1,0,Taiki Shuttle,Pace Chaser,Ace built for this CM before CM start in Grand Concert scenario,3,0,0,0,2,1,0,Seiun Sky,Front Runner,Ace built for this CM before CM start in Grand Concert scenario,3,0,0,0,2,1,0,4 Attempts - 20 Races total,15,Go to Submit page,,,,,,,,,,,,,,Add new Team Comp as Day 2 - Team Comp 1,Mejiro Ardan,Pace Chaser,Ace built for this CM before CM start in Grand Concert scenario,Aston Machan,Front Runner,Ace built for this CM before CM start in Grand Concert scenario,Maruzensky (Summer),Front Runner,Ace built for this CM before CM start in Grand Concert scenario,4 Attempts - 20 Races total,12,Go to Submit page,,,,,,,,,,,,,,,Add new Team Comp as Day 3 - Team Comp 1,A Group,Maruzensky (Summer),Front Runner,Ace built for this CM before CM start in Grand Concert scenario,Aston Machan,Front Runner,Ace built for this CM before CM start in Grand Concert scenario,Eishin Flash (Valentine),Late Surger,Debuffer,4 Attempts - 20 Races total,10,Go to Submit page,,,,,,,,,,,,,,,Add a new Team Comp as Day 4 - Team Comp 1,A Group,Aston Machan,Front Runner,Ace built for this CM before CM start in Grand Concert scenario,Seiun Sky,Front Runner,Ace built for this CM before CM start in Grand Concert scenario,Taiki Shuttle,Pace Chaser,Ace built for this CM before CM start in Grand Concert scenario,4 Attempts - 20 Races total,13,Go to Submit page,,,,,,,,,,,,,,,A Finals,9823,Add new Team Comp as Finals Team Comp,Aston Machan,Front Runner,Ace built for this CM before CM start in Grand Concert scenario,Seiun Sky,Front Runner,Ace built for this CM before CM start in Grand Concert scenario,Eishin Flash (Valentine),Late Surger,Debuffer,https://drive.google.com/open?id=1bk7voGsJqhvNNAMKeZBUZM-Uyyvip_Y6,1st,,,,,,,,,,,No,,https://drive.google.com/open?id=1CJuVV1P8gpbrDThC_8KyzBG7lGLTrHsb,https://drive.google.com/open?id=19OgJOPKKcrJ07Gm9UOe03K2jz3Wb3wOm,,7,,9,,,https://drive.google.com/open?id=1CDtRBJXalu3LotdsTbH4Hmdd8CIqIphI
9/2/2026 18:03:47,Artica,Graded (No Uma Restrictions),Win A finals,I accept these terms,Finals,Windows,$501-1000,1030,11-20 (roughly 2-3 per day),Discord - MooMooCord - https://discord.gg/Hc7cP9GB,,,Oguri Cap (Christmas),End Closer,Ace built for this CM before CM start in Grand Concert scenario,2,,1,,2,1,,Symboli Rudolf,Late Surger,Debuffer,,,,,,,,Grass Wonder,Late Surger,Debuffer,,,,,,,,3 Attempts - 15 Races total,7,Go to Submit page,,,,,,,,,,,,,,Re-use Day 1 - Team Comp 1 as Day 2 - Team Comp 1,,,,,,,,,,4 Attempts - 20 Races total,10,Go to Submit page,,,,,,,,,,,,,,,Add new Team Comp as Day 3 - Team Comp 1,A Group,Oguri Cap (Christmas),End Closer,Ace built for this CM before CM start in Grand Concert scenario,Taiki Shuttle,Pace Chaser,Mid-CM Ace build in Grand Concert scenario,Air Groove (Wedding),Pace Chaser,Mid-CM Ace build in Grand Concert scenario,4 Attempts - 20 Races total,11,Go to Submit page,,,,,,,,,,,,,,,Re-use Day 3 - Team Comp 1 as Day 4 - Team Comp 1,A Group,,,,,,,,,,4 Attempts - 20 Races total,12,Go to Submit page,,,,,,,,,,,,,,,A Finals,8511,Re-use Day 4 - Team Comp 1 as Finals Team Comp,,,,,,,,,,https://drive.google.com/open?id=1Et0Fm0e2mEjMcatI8MntpyOJzRsdKC6V,1st,,,,,,,,,,,Yes,I can't believe I ate the whole thing,,,,,,,,,
9/2/2026 17:29:59,Princeofjupiter,Graded (No Uma Restrictions),Win A finals,I accept these terms,Finals,"Android - phone or tablet, Windows",$101-500,1567,31-45 (roughly 5-6 per day),"Discord - MooMooCord - https://discord.gg/Hc7cP9GB, Discord - Pakacord! - https://discord.gg/6mwHqhBm",,,Gold City (Festival),Late Surger,Ace built for this CM before CM start in Grand Concert scenario,3,0,0,0,2,1,0,Meisho Doto,Late Surger,Ace built for this CM before CM start in Grand Concert scenario,3,0,0,0,2,1,0,Grass Wonder,End Closer,Debuffer,,,,,,,,4 Attempts - 20 Races total,13,Go to Submit page,,,,,,,,,,,,,,Re-use Day 1 - Team Comp 1 as Day 2 - Team Comp 1,,,,,,,,,,4 Attempts - 20 Races total,15,Go to Submit page,,,,,,,,,,,,,,,Re-use Day 2 - Team Comp 1 as Day 3 - Team Comp 1,A Group,,,,,,,,,,4 Attempts - 20 Races total,14,Go to Submit page,,,,,,,,,,,,,,,Re-use Day 3 - Team Comp 1 as Day 4 - Team Comp 1,A Group,,,,,,,,,,4 Attempts - 20 Races total,12,Go to Submit page,,,,,,,,,,,,,,,A Finals,9711,Re-use Day 4 - Team Comp 1 as Finals Team Comp,,,,,,,,,,https://drive.google.com/open?id=1AdiiYqDpORK50t1Tkf5m3Xr3Dc-bwERB,1st,,,,,,,,,,,Yes,何があっても君を走らせるって約束する。,https://drive.google.com/open?id=1T1t0az7A3vLeEQ2pLwTeCR2hjifztVJZ,https://drive.google.com/open?id=1dpondo6nNz2wwqOImrJgl3xlJURg-OvC,,1,8,5,,,https://drive.google.com/open?id=11rB7-nFBrMwsDtvelPonDq1hHNGv65lZ
9/2/2026 18:34:11,Chrno,Graded (No Uma Restrictions),Get into A finals,I accept these terms,Finals,"Android - phone or tablet, Windows",$0,1569,31-45 (roughly 5-6 per day),"Discord - MooMooCord - https://discord.gg/Hc7cP9GB, YouTube - MooMooCows - https://www.youtube.com/@MooMooCows",5,,Seiun Sky,Front Runner,Ace built for this CM before CM start in Grand Concert scenario,3,0,0,0,2,1,0,Grass Wonder,Late Surger,Ace built for this CM before CM start in Grand Concert scenario,3,0,1,0,1,1,0,Agnes Tachyon,Late Surger,Debuffer,1,0,1,0,3,1,0,4 Attempts - 20 Races total,17,Go to Submit page,,,,,,,,,,,,,,Re-use Day 1 - Team Comp 1 as Day 2 - Team Comp 1,,,,,,,,,,4 Attempts - 20 Races total,14,Go to Submit page,,,,,,,,,,,,,,,Re-use Day 2 - Team Comp 1 as Day 3 - Team Comp 1,A Group,,,,,,,,,,4 Attempts - 20 Races total,11,Go to Submit page,,,,,,,,,,,,,,,Re-use Day 3 - Team Comp 1 as Day 4 - Team Comp 1,A Group,,,,,,,,,,4 Attempts - 20 Races total,9,Go to Submit page,,,,,,,,,,,,,,,A Finals,10856,Re-use Day 4 - Team Comp 1 as Finals Team Comp,,,,,,,,,,https://drive.google.com/open?id=1WBllr8uvEBTJzWQRBVPGyCgEE8UErqxZ,1st,,,,,,,,,,,No,,https://drive.google.com/open?id=12iXOyk4MfaEGcVb1nA9y_VcD7OqGEWir,https://drive.google.com/open?id=1VlkHS9FxmP0CcEsSi_G6d4s3p-1bOjCn,,,,,,,https://drive.google.com/open?id=1_OHxFm7htsZeb0VT27w9bGtzxdjmaIO6
8/28/2026 22:40:14,kat_deadinside,Graded (No Uma Restrictions),Win A finals,I accept these terms,Day 1,Windows,$1-100,1059,11-20 (roughly 2-3 per day),Discord - MooMooCord - https://discord.gg/Hc7cP9GB,4,The section for team comp wins feels like it would benefit from being per uma rather than cumulative. ,Manhattan Cafe,End Closer,Ace built for this CM before CM start in Grand Concert scenario,2,0,0,0,3,1,0,Narita Taishin,End Closer,Ace built for this CM before CM start in Grand Concert scenario,2,0,0,0,3,1,0,Sweep Tosho,End Closer,Ace built for this CM before CM start in Grand Concert scenario,2,0,0,0,3,1,0,4 Attempts - 20 Races total,12,Go to Submit page,,,,,,,,,,,,,,,,,,,,,,,,,,,,,,,,,,,,,,,,,,,,,,,,,,,,,,,,,,,,,,,,,,,,,,,,,,,,,,,,,,,,,,,,,,,,,,,,,,,,,,,,,,,,,,,,,,,,,,,,,,,,,,,,,,,
9/2/2026 17:03:20,Thama,Graded (No Uma Restrictions),Win A finals,I accept these terms,Day 4,"iOS - phone or tablet, Android - phone or tablet, Windows",$101-500,1380,31-45 (roughly 5-6 per day),Discord - MooMooCord - https://discord.gg/Hc7cP9GB,,,Daiwa Scarlet,Front Runner,Ace built for this CM before CM start in Grand Concert scenario,3,0,0,0,2,1,0,Seiun Sky,Front Runner,Ace built for this CM before CM start in Grand Concert scenario,3,0,0,0,2,1,0,Mihono Bourbon (Valentine),Front Runner,Ace built for this CM before CM start in Grand Concert scenario,3,0,0,0,2,1,0,4 Attempts - 20 Races total,16,Go to Submit page,,,,,,,,,,,,,,Re-use Day 1 - Team Comp 1 as Day 2 - Team Comp 1,,,,,,,,,,4 Attempts - 20 Races total,17,Go to Submit page,,,,,,,,,,,,,,,Re-use Day 2 - Team Comp 1 as Day 3 - Team Comp 1,A Group,,,,,,,,,,4 Attempts - 20 Races total,14,Go to Submit page,,,,,,,,,,,,,,,Re-use Day 3 - Team Comp 1 as Day 4 - Team Comp 1,A Group,,,,,,,,,,4 Attempts - 20 Races total,14,Finals,,,,,,,,,,,,,,,A Finals,14929,Re-use Day 4 - Team Comp 1 as Finals Team Comp,,,,,,,,,,https://drive.google.com/open?id=1SEJ7QndSfuk4flhYGRABNIhbmV1TKOA2,1st,,,,,,,,,,,Yes,Thank everyone for bringing suzuka to help extent my lead,https://drive.google.com/open?id=1oncrN7_AxRxLJcu1TJ3NgZp78M_0FeYP,https://drive.google.com/open?id=1c3kT9KNzeZmj9hV3Oei0Qv_g3-ULDjBe,,2,11,3,0,0,https://drive.google.com/open?id=19lCqSUv5Ne3yJeSXgAmsZCBSqAih8uky
9/2/2026 22:22:41,Sirrah,Graded (No Uma Restrictions),Get into A finals,I accept these terms,Finals,Windows,$1-100,1103,21-30 (roughly 3-4 per day),Discord - MooMooCord - https://discord.gg/Hc7cP9GB,,,Nishino Flower,Pace Chaser,Ace built for this CM before CM start in Grand Concert scenario,3,0,0,0,2,1,0,Mayano Top Gun,Pace Chaser,Ace built for this CM before CM start in Grand Concert scenario,3,0,0,0,2,1,0,Gold City (Festival),Late Surger,Ace built for this CM before CM start in Grand Concert scenario,3,0,0,0,2,1,0,4 Attempts - 20 Races total,10,Go to Submit page,,,,,,,,,,,,,,Re-use Day 1 - Team Comp 1 as Day 2 - Team Comp 1,,,,,,,,,,4 Attempts - 20 Races total,13,Go to Submit page,,,,,,,,,,,,,,,Re-use Day 2 - Team Comp 1 as Day 3 - Team Comp 1,A Group,,,,,,,,,,4 Attempts - 20 Races total,7,Go to Submit page,,,,,,,,,,,,,,,Re-use Day 3 - Team Comp 1 as Day 4 - Team Comp 1,A Group,,,,,,,,,,4 Attempts - 20 Races total,9,Go to Submit page,,,,,,,,,,,,,,,A Finals,6082,Re-use Day 4 - Team Comp 1 as Finals Team Comp,,,,,,,,,,https://drive.google.com/open?id=1W8pnXiNcURAtg1qayWvxHKS_lD09En-p,3rd,No (goes to Submit page),,,,,,,,,,,,,,,,,,,,
9/3/2026 1:02:30,Tri,Graded (No Uma Restrictions),Win A finals,I accept these terms,Finals,Android - phone or tablet,$1001-5000,960,31-45 (roughly 5-6 per day),YouTube - MooMooCows - https://www.youtube.com/@MooMooCows,,,Yukino Bijin,Pace Chaser,Ace built for this CM before CM start in Grand Concert scenario,3,0,0,0,2,1,0,Gold City (Festival),Late Surger,Ace built for this CM before CM start in Grand Concert scenario,3,0,0,0,2,1,0,Agnes Tachyon,Late Surger,Debuffer,1,0,1,0,3,1,0,4 Attempts - 20 Races total,18,Go to Submit page,,,,,,,,,,,,,,Re-use Day 1 - Team Comp 1 as Day 2 - Team Comp 1,,,,,,,,,,4 Attempts - 20 Races total,15,Go to Submit page,,,,,,,,,,,,,,,Re-use Day 2 - Team Comp 1 as Day 3 - Team Comp 1,A Group,,,,,,,,,,4 Attempts - 20 Races total,13,Go to Submit page,,,,,,,,,,,,,,,Re-use Day 3 - Team Comp 1 as Day 4 - Team Comp 1,A Group,,,,,,,,,,4 Attempts - 20 Races total,12,Go to Submit page,,,,,,,,,,,,,,,A Finals,10674,Re-use Day 4 - Team Comp 1 as Finals Team Comp,,,,,,,,,,,2nd,No (goes to Submit page),,,,,,,,,,,,,,,,,,,,
9/2/2026 15:23:49,Dyath,Graded (No Uma Restrictions),Win A finals,I accept these terms,Finals,Windows,$101-500,1835,31-45 (roughly 5-6 per day),Twitch - MooMooCows - https://www.twitch.tv/moomoomoocows,5,,Mejiro Dober (Camping),Late Surger,Ace built for this CM before CM start in Grand Concert scenario,3,0,0,0,2,1,0,Oguri Cap,Late Surger,Ace built for this CM before CM start in Grand Concert scenario,3,0,0,0,2,1,0,Seeking the Pearl,Late Surger,Ace built for this CM before CM start in Grand Concert scenario,3,0,0,0,2,1,0,4 Attempts - 20 Races total,15,Go to Submit page,,,,,,,,,,,,,,Re-use Day 1 - Team Comp 1 as Day 2 - Team Comp 1,,,,,,,,,,4 Attempts - 20 Races total,17,Go to Submit page,,,,,,,,,,,,,,,Re-use Day 2 - Team Comp 1 as Day 3 - Team Comp 1,A Group,,,,,,,,,,4 Attempts - 20 Races total,9,Go to Submit page,,,,,,,,,,,,,,,Re-use Day 3 - Team Comp 1 as Day 4 - Team Comp 1,A Group,,,,,,,,,,4 Attempts - 20 Races total,10,Go to Submit page,,,,,,,,,,,,,,,A Finals,10475,Re-use Day 4 - Team Comp 1 as Finals Team Comp,,,,,,,,,,https://drive.google.com/open?id=1iYblC23eTLGqlM0JtAROIsEI7j4EsxGf,1st,,,,,,,,,,,No,,https://drive.google.com/open?id=1XpQBP-a-ZBiLzHACTlaqOYTO3N8NBznC,https://drive.google.com/open?id=1hGLebJB8BAHk6VjMlwRiHvwQk-540IdK,,0,14,0,2,0,https://drive.google.com/open?id=1DwPXDaPoSJDzBJt0gP2tK0ll6s7r3cim
8/31/2026 19:49:43,PikaT,Graded (No Uma Restrictions),Win A finals,I accept these terms,Day 4,Windows,$0,956,21-30 (roughly 3-4 per day),Friend sent me the link,5,,Vodka,Late Surger,Ace built for this CM before CM start in Grand Concert scenario,2,,1,,2,1,,Tokai Teio,Late Surger,Ace built for this CM before CM start in Grand Concert scenario,2,,1,,2,1,,Oguri Cap,Late Surger,Ace built for this CM before CM start in Grand Concert scenario,2,,1,,2,1,,4 Attempts - 20 Races total,14,Go to Submit page,,,,,,,,,,,,,,Re-use Day 1 - Team Comp 1 as Day 2 - Team Comp 1,,,,,,,,,,4 Attempts - 20 Races total,16,Go to Submit page,,,,,,,,,,,,,,,Re-use Day 2 - Team Comp 1 as Day 3 - Team Comp 1,A Group,,,,,,,,,,4 Attempts - 20 Races total,11,Go to Submit page,,,,,,,,,,,,,,,Re-use Day 3 - Team Comp 1 as Day 4 - Team Comp 1,A Group,,,,,,,,,,4 Attempts - 20 Races total,11,Go to Submit page,,,,,,,,,,,,,,,,,,,,,,,,,,,,,,,,,,,,,,,,,,,,,,,,,
9/2/2026 20:48:28,RDofFF,Graded (No Uma Restrictions),Win A finals,I accept these terms,Day 4,Android - phone or tablet,$5000+,2131,46+ (more than 6 per day),Discord - MooMooCord - https://discord.gg/Hc7cP9GB,4,,Narita Taishin,End Closer,Ace built for this CM before CM start in Grand Concert scenario,2,,1,,2,1,,Nice Nature (Cheerleader),Late Surger,Debuffer,1,,1,,3,1,,Symboli Rudolf,Late Surger,Debuffer,1,,1,,3,1,,4 Attempts - 20 Races total,17,Go to Submit page,,,,,,,,,,,,,,Re-use Day 1 - Team Comp 1 as Day 2 - Team Comp 1,,,,,,,,,,4 Attempts - 20 Races total,17,Go to Submit page,,,,,,,,,,,,,,,Re-use Day 2 - Team Comp 1 as Day 3 - Team Comp 1,A Group,,,,,,,,,,4 Attempts - 20 Races total,8,Go to Submit page,,,,,,,,,,,,,,,Re-use Day 3 - Team Comp 1 as Day 4 - Team Comp 1,A Group,,,,,,,,,,4 Attempts - 20 Races total,16,Finals,,,,,,,,,,,,,,,A Finals,8422,Re-use Day 4 - Team Comp 1 as Finals Team Comp,,,,,,,,,,https://drive.google.com/open?id=1-57PIcYbk0b0L3iuhX5HSNXkosJmv7UA,1st,,,,,,,,,,,Yes,I finally got to hear her sing Victoria ❤️,https://drive.google.com/open?id=1PCV9lT0qNmVC7NG80sEC_NNM0Nd88nZ_,https://drive.google.com/open?id=1stQWapm2OJOVo7LdXRn-o1PgIEwbkMtu,,2,0,7,4,0,https://drive.google.com/open?id=1Zr8lb17ME472RGsxgB65Bda2x8m5yPqE
9/2/2026 20:46:21,QuantumS,Graded (No Uma Restrictions),Get into A finals,I accept these terms,Day 4,"iOS - phone or tablet, Android - phone or tablet",$101-500,2076,31-45 (roughly 5-6 per day),YouTube - MooMooCows - https://www.youtube.com/@MooMooCows,5,,Fine Motion (Wedding),Pace Chaser,Ace built for this CM before CM start in Grand Concert scenario,3,,,,2,1,,Nishino Flower,Pace Chaser,Ace built for this CM before CM start in Grand Concert scenario,3,,,,2,1,,Oguri Cap (Christmas),End Closer,Ace built for this CM before CM start in Grand Concert scenario,2,,1,,2,1,,2 Attempts - 10 Races total,9,Go to Submit page,,,,,,,,,,,,,,Re-use Day 1 - Team Comp 1 as Day 2 - Team Comp 1,,,,,,,,,,2 Attempts - 10 Races total,6,Go to Submit page,,,,,,,,,,,,,,,Re-use Day 2 - Team Comp 1 as Day 3 - Team Comp 1,A Group,,,,,,,,,,4 Attempts - 20 Races total,13,Go to Submit page,,,,,,,,,,,,,,,Re-use Day 3 - Team Comp 1 as Day 4 - Team Comp 1,A Group,,,,,,,,,,4 Attempts - 20 Races total,9,Finals,,,,,,,,,,,,,,,A Finals,9421,Re-use Day 4 - Team Comp 1 as Finals Team Comp,,,,,,,,,,https://drive.google.com/open?id=1uJmvBqiavld8xukhGElSwzZaaz0c-owx,3rd,No (goes to Submit page),,,,,,,,,,,,,,,,,,,,
9/2/2026 20:41:41,megamelon999,Graded (No Uma Restrictions),Win A finals,I accept these terms,Finals,Android - phone or tablet,$1-100,909,21-30 (roughly 3-4 per day),"Discord - MooMooCord - https://discord.gg/Hc7cP9GB, YouTube - MooMooCows - https://www.youtube.com/@MooMooCows",,,Mejiro Ardan,Pace Chaser,Ace built for this CM before CM start in Grand Concert scenario,3,0,0,0,2,1,0,Special Week,Pace Chaser,Ace built for this CM before CM start in Grand Concert scenario,3,0,0,0,2,1,0,Taiki Shuttle,Pace Chaser,Ace built for this CM before CM start in Grand Concert scenario,3,0,0,0,2,1,0,4 Attempts - 20 Races total,14,Go to Submit page,,,,,,,,,,,,,,Re-use Day 1 - Team Comp 1 as Day 2 - Team Comp 1,,,,,,,,,,4 Attempts - 20 Races total,9,Go to Submit page,,,,,,,,,,,,,,,Re-use Day 2 - Team Comp 1 as Day 3 - Team Comp 1,A Group,,,,,,,,,,4 Attempts - 20 Races total,6,Go to Submit page,,,,,,,,,,,,,,,Re-use Day 3 - Team Comp 1 as Day 4 - Team Comp 1,A Group,,,,,,,,,,4 Attempts - 20 Races total,12,Go to Submit page,,,,,,,,,,,,,,,A Finals,9237,Re-use Day 4 - Team Comp 1 as Finals Team Comp,,,,,,,,,,,2nd,No (goes to Submit page),,,,,,,,,,,,,,,,,,,,
9/2/2026 17:10:54,Squid Eater,Graded (No Uma Restrictions),Win A finals,I accept these terms,Finals,Android - phone or tablet,$101-500,1421,11-20 (roughly 2-3 per day),Twitch - MooMooCows - https://www.twitch.tv/moomoomoocows,,,Winning Ticket (Steampunk),Late Surger,Ace built for this CM before CM start in Grand Concert scenario,3,0,0,0,2,1,0,Oguri Cap (Christmas),End Closer,Ace built for this CM before CM start in Grand Concert scenario,3,0,1,0,1,1,0,Maruzensky (Summer),Front Runner,Ace built for this CM before CM start in Grand Concert scenario,3,,,,2,1,0,4 Attempts - 20 Races total,13,Go to Submit page,,,,,,,,,,,,,,Re-use Day 1 - Team Comp 1 as Day 2 - Team Comp 1,,,,,,,,,,4 Attempts - 20 Races total,9,Go to Submit page,,,,,,,,,,,,,,,Add new Team Comp as Day 3 - Team Comp 1,A Group,Winning Ticket (Steampunk),Late Surger,Ace built for this CM before CM start in Grand Concert scenario,Oguri Cap (Christmas),End Closer,Ace built for this CM before CM start in Grand Concert scenario,Grass Wonder,Late Surger,Debuffer,4 Attempts - 20 Races total,9,Go to Submit page,,,,,,,,,,,,,,,Re-use Day 3 - Team Comp 1 as Day 4 - Team Comp 1,A Group,,,,,,,,,,4 Attempts - 20 Races total,10,Go to Submit page,,,,,,,,,,,,,,,A Finals,12295,Re-use Day 4 - Team Comp 1 as Finals Team Comp,,,,,,,,,,https://drive.google.com/open?id=1ET84l1WILuOCllZNUwomYkoK1eE3HfJn,1st,,,,,,,,,,,No,,https://drive.google.com/open?id=1C7XVTbESKMUZ_UyFN1jwHQaRg_PsDaWd,https://drive.google.com/open?id=17O8ZRRVAsLo6gP_5Tv1q03KPFNiOarbQ,,8,2,2,0,2,https://drive.google.com/open?id=1ePGKPU3vtA11sXaF7FRE2SgRwGUla5XH
9/1/2026 21:01:04,Myss,Graded (No Uma Restrictions),Get into A finals,I accept these terms,Day 2,Windows,$101-500,1162,11-20 (roughly 2-3 per day),Discord - MooMooCord - https://discord.gg/Hc7cP9GB,4,,Mihono Bourbon (Valentine),Front Runner,Ace built for this CM before CM start in Grand Concert scenario,3,,,,1,0,,Seiun Sky,Front Runner,Ace built for this CM before CM start in Grand Concert scenario,3,,,,1,0,,Nishino Flower,Pace Chaser,Ace built for this CM before CM start in Grand Concert scenario,3,,,,1,0,,3 Attempts - 15 Races total,13,Go to Submit page,,,,,,,,,,,,,,Re-use Day 1 - Team Comp 1 as Day 2 - Team Comp 1,,,,,,,,,,3 Attempts - 15 Races total,8,Day 3,,,,,,,,,,,,,,,Re-use Day 2 - Team Comp 1 as Day 3 - Team Comp 1,A Group,,,,,,,,,,3 Attempts - 15 Races total,2,Go to Submit page,,,,,,,,,,,,,,,,,,,,,,,,,,,,,,,,,,,,,,,,,,,,,,,,,,,,,,,,,,,,,,,,,,,,,,,,,,,,,
9/2/2026 18:26:09,Azshre,Graded (No Uma Restrictions),Win A finals,I accept these terms,Finals,iOS - phone or tablet,$501-1000,,21-30 (roughly 3-4 per day),YouTube - MooMooCows - https://www.youtube.com/@MooMooCows,5,,Oguri Cap (Christmas),End Closer,Ace built for this CM before CM start in Grand Concert scenario,2,,1,,2,1,,Special Week,Late Surger,Ace built for this CM before CM start in Grand Concert scenario,2,,1,,2,1,,Vodka,Late Surger,Ace built for this CM before CM start in Grand Concert scenario,2,,1,,2,1,,4 Attempts - 20 Races total,16,Go to Submit page,,,,,,,,,,,,,,Re-use Day 1 - Team Comp 1 as Day 2 - Team Comp 1,,,,,,,,,,4 Attempts - 20 Races total,18,Go to Submit page,,,,,,,,,,,,,,,Re-use Day 2 - Team Comp 1 as Day 3 - Team Comp 1,A Group,,,,,,,,,,4 Attempts - 20 Races total,15,Go to Submit page,,,,,,,,,,,,,,,Re-use Day 3 - Team Comp 1 as Day 4 - Team Comp 1,A Group,,,,,,,,,,4 Attempts - 20 Races total,13,Go to Submit page,,,,,,,,,,,,,,,A Finals,12315,Add new Team Comp as Finals Team Comp,Oguri Cap (Christmas),End Closer,Ace built for this CM before CM start in Grand Concert scenario,Special Week,Late Surger,Ace built for this CM before CM start in Grand Concert scenario,Grass Wonder,Late Surger,Mid-CM Ace build in Grand Concert scenario,https://drive.google.com/open?id=1AgXTFCvTq1FfA0sAjZ43sQqzLTna0ZDc,1st,,,,,,,,,,,No,,https://drive.google.com/open?id=1nS5BeXrCG7FuRPfS83f3VTKIJUemcro6,https://drive.google.com/open?id=17AUajXywcsGlG3t9-DAMrLgjga_omsqr,,,,,,,https://drive.google.com/open?id=1WEUUC1DOmSYCdqZj2lC6K6adFPupblt1
9/2/2026 17:38:33,Cave,Graded (No Uma Restrictions),Win A finals,I accept these terms,Finals,,$1-100,881,11-20 (roughly 2-3 per day),,,,Seiun Sky,Front Runner,Ace built for this CM before CM start in Grand Concert scenario,,,,,,,,Mihono Bourbon (Valentine),Front Runner,Ace built for this CM before CM start in Grand Concert scenario,,,,,,,,Silence Suzuka,Runaway,Debuffer,,,,,,,,4 Attempts - 20 Races total,16,Go to Submit page,,,,,,,,,,,,,,Re-use Day 1 - Team Comp 1 as Day 2 - Team Comp 1,,,,,,,,,,4 Attempts - 20 Races total,17,Go to Submit page,,,,,,,,,,,,,,,Re-use Day 2 - Team Comp 1 as Day 3 - Team Comp 1,A Group,,,,,,,,,,4 Attempts - 20 Races total,13,Go to Submit page,,,,,,,,,,,,,,,Add a new Team Comp as Day 4 - Team Comp 1,A Group,Seiun Sky,Front Runner,Ace built for this CM before CM start in Grand Concert scenario,Mihono Bourbon (Valentine),Front Runner,Ace built for this CM before CM start in Grand Concert scenario,Eishin Flash (Valentine),Late Surger,Debuffer,4 Attempts - 20 Races total,19,Go to Submit page,,,,,,,,,,,,,,,A Finals,13023,Re-use Day 4 - Team Comp 1 as Finals Team Comp,,,,,,,,,,,1st,,,,,,,,,,,No,,,,,,9,6,,,
8/28/2026 23:11:35,Wum,Graded (No Uma Restrictions),Get into A finals,I accept these terms,Day 1,Windows,$1-100,868,6-10 (roughly 1 per day),Discord - MooMooCord - https://discord.gg/Hc7cP9GB,5,,Oguri Cap (Christmas),End Closer,Ace built for this CM before CM start in Grand Concert scenario,3,0,0,0,2,1,0,Seiun Sky,Front Runner,Ace built for this CM before CM start in Grand Concert scenario,3,0,0,0,2,1,0,Taiki Shuttle,Pace Chaser,Ace built for this CM before CM start in Grand Concert scenario,2,0,1,0,2,1,0,4 Attempts - 20 Races total,16,Go to Submit page,,,,,,,,,,,,,,,,,,,,,,,,,,,,,,,,,,,,,,,,,,,,,,,,,,,,,,,,,,,,,,,,,,,,,,,,,,,,,,,,,,,,,,,,,,,,,,,,,,,,,,,,,,,,,,,,,,,,,,,,,,,,,,,,,,,
9/2/2026 16:00:54,skuchi4,Graded (No Uma Restrictions),Get into A finals,I accept these terms,Finals,"Android - phone or tablet, Windows",$501-1000,1445,46+ (more than 6 per day),Discord - MooMooCord - https://discord.gg/Hc7cP9GB,5,,Oguri Cap (Christmas),End Closer,Ace built for this CM before CM start in Grand Concert scenario,2,0,1,0,2,1,0,Narita Taishin,End Closer,Ace built for this CM before CM start in Grand Concert scenario,2,0,1,0,2,1,0,Taiki Shuttle,Pace Chaser,Ace built for this CM before CM start in Grand Concert scenario,2,0,1,0,2,1,0,4 Attempts - 20 Races total,18,Go to Submit page,,,,,,,,,,,,,,Re-use Day 1 - Team Comp 1 as Day 2 - Team Comp 1,,,,,,,,,,4 Attempts - 20 Races total,18,Go to Submit page,,,,,,,,,,,,,,,Re-use Day 2 - Team Comp 1 as Day 3 - Team Comp 1,A Group,,,,,,,,,,4 Attempts - 20 Races total,16,Go to Submit page,,,,,,,,,,,,,,,Re-use Day 3 - Team Comp 1 as Day 4 - Team Comp 1,A Group,,,,,,,,,,4 Attempts - 20 Races total,9,Go to Submit page,,,,,,,,,,,,,,,A Finals,11816,Re-use Day 4 - Team Comp 1 as Finals Team Comp,,,,,,,,,,https://drive.google.com/open?id=1DaOsLOnsTWTR2_pG0LvZXe6AklGf4Y-1,2nd,Yes,https://drive.google.com/open?id=1m8Wa_GF7feOzaraBFHYhv6-NplbchFhv,https://drive.google.com/open?id=1k2TOoNTlkFORSAxxGl6-Nmekr4p3woLr,,0,5,6,0,2,https://drive.google.com/open?id=1v80Bj5G03m1welZFcsHxfDXdgLI6NVcA,,,,,,,,,,,
9/2/2026 16:17:47,Tom,Graded (No Uma Restrictions),Win A finals,I accept these terms,Finals,"iOS - phone or tablet, Windows",$101-500,872,6-10 (roughly 1 per day),Discord - MooMooCord - https://discord.gg/Hc7cP9GB,,,Rice Shower,Pace Chaser,Ace built for this CM before CM start in Grand Concert scenario,3,,,,2,1,,Seiun Sky,Front Runner,Ace built for this CM before CM start in Grand Concert scenario,3,,,,2,1,,Taiki Shuttle,Pace Chaser,Ace built for this CM before CM start in Grand Concert scenario,3,,,,2,1,,4 Attempts - 20 Races total,16,Go to Submit page,,,,,,,,,,,,,,Re-use Day 1 - Team Comp 1 as Day 2 - Team Comp 1,,,,,,,,,,4 Attempts - 20 Races total,13,Go to Submit page,,,,,,,,,,,,,,,Re-use Day 2 - Team Comp 1 as Day 3 - Team Comp 1,A Group,,,,,,,,,,4 Attempts - 20 Races total,10,Go to Submit page,,,,,,,,,,,,,,,Re-use Day 3 - Team Comp 1 as Day 4 - Team Comp 1,A Group,,,,,,,,,,4 Attempts - 20 Races total,10,Go to Submit page,,,,,,,,,,,,,,,A Finals,14542,Re-use Day 4 - Team Comp 1 as Finals Team Comp,,,,,,,,,,,2nd,No (goes to Submit page),,,,,,,,,,,,,,,,,,,,
9/2/2026 22:02:48,Martinik,Graded (No Uma Restrictions),Get into A finals,I accept these terms,Finals,,$501-1000,1916,21-30 (roughly 3-4 per day),,5,,Silence Suzuka,Runaway,Ace built for this CM before CM start in Grand Concert scenario,3,,,,2,1,,Nishino Flower,Pace Chaser,Ace built for this CM before CM start in Grand Concert scenario,3,,,,2,1,,Sweep Tosho,End Closer,Ace built for this CM before CM start in Grand Concert scenario,2,,1,,,1,,2 Attempts - 10 Races total,5,Go to Submit page,,,,,,,,,,,,,,Re-use Day 1 - Team Comp 1 as Day 2 - Team Comp 1,,,,,,,,,,3 Attempts - 15 Races total,12,Go to Submit page,,,,,,,,,,,,,,,Re-use Day 2 - Team Comp 1 as Day 3 - Team Comp 1,A Group,,,,,,,,,,4 Attempts - 20 Races total,10,Go to Submit page,,,,,,,,,,,,,,,Re-use Day 3 - Team Comp 1 as Day 4 - Team Comp 1,A Group,,,,,,,,,,4 Attempts - 20 Races total,11,Go to Submit page,,,,,,,,,,,,,,,A Finals,12290,Re-use Day 4 - Team Comp 1 as Finals Team Comp,,,,,,,,,,https://drive.google.com/open?id=18ToHqpLOpYQ4ygld5NSPjcdNVphqOhI5,2nd,Yes,https://drive.google.com/open?id=1mEEFJe5lCA3uHdT4hnwAbXv_MRRFBNzZ,https://drive.google.com/open?id=1_sVaEsCh9NH6_D1xBjYGFe-58bcKkx42,https://drive.google.com/open?id=1R1EucyJJMppZ6p2eUos22uC0QjRjL0RI,,,,,,https://drive.google.com/open?id=18J6nqk4OgBIEQp2yjsm0d60PBU7CWXaz,,,,,,,,,,,
9/2/2026 22:17:29,Whatsthis,Graded (No Uma Restrictions),Win A finals,I accept these terms,Finals,"Android - phone or tablet, Windows",$1001-5000,2325,21-30 (roughly 3-4 per day),Twitch - MooMooCows - https://www.twitch.tv/moomoomoocows,,,Nishino Flower,Pace Chaser,Ace built for this CM before CM start in Grand Concert scenario,,,,,,,,Oguri Cap (Christmas),End Closer,Ace built for this CM before CM start in Grand Concert scenario,,,,,,,,Eishin Flash (Valentine),End Closer,Debuffer,,,,,,,,4 Attempts - 20 Races total,18,Go to Submit page,,,,,,,,,,,,,,Re-use Day 1 - Team Comp 1 as Day 2 - Team Comp 1,,,,,,,,,,4 Attempts - 20 Races total,15,Go to Submit page,,,,,,,,,,,,,,,Re-use Day 2 - Team Comp 1 as Day 3 - Team Comp 1,A Group,,,,,,,,,,4 Attempts - 20 Races total,14,Go to Submit page,,,,,,,,,,,,,,,Add a new Team Comp as Day 4 - Team Comp 1,A Group,Air Groove (Wedding),Pace Chaser,Ace built for this CM before CM start in Grand Concert scenario,Oguri Cap (Christmas),End Closer,Ace built for this CM before CM start in Grand Concert scenario,Nishino Flower,Pace Chaser,Ace built for this CM before CM start in Grand Concert scenario,4 Attempts - 20 Races total,15,Go to Submit page,,,,,,,,,,,,,,,A Finals,11976,Re-use Day 4 - Team Comp 1 as Finals Team Comp,,,,,,,,,,https://drive.google.com/open?id=1i8kI3Ed1klzN47TEVSrpHfHcBm9ZEDVm,1st,,,,,,,,,,,No,,https://drive.google.com/open?id=1ZOUVmP4JDZXr4Mgv5Jw6IYmzjt6mOxUv,https://drive.google.com/open?id=1XMVE7oeO4SAfUhYPhIg8EBO5JADN-Jp4,,,,,,,https://drive.google.com/open?id=1NUW1KCjGYyHs3MvZyGbwljDS91Fdn9K7
9/2/2026 23:11:43,ExtraTricky,Graded (No Uma Restrictions),80%,I accept these terms,Finals,Windows,$101-500,2192,46+ (more than 6 per day),Discord - MooMooCord - https://discord.gg/Hc7cP9GB,5,Maybe split independent and manual weekly career count?,Sweep Tosho,End Closer,Ace built for this CM before CM start in Grand Concert scenario,3,0,0,0,2,1,0,Oguri Cap (Christmas),End Closer,Ace built for this CM before CM start in Grand Concert scenario,3,0,0,0,2,1,0,Narita Taishin,End Closer,Ace built for this CM before CM start in Grand Concert scenario,3,0,0,0,2,1,0,4 Attempts - 20 Races total,20,Go to Submit page,,,,,,,,,,,,,,Re-use Day 1 - Team Comp 1 as Day 2 - Team Comp 1,,,,,,,,,,4 Attempts - 20 Races total,17,Go to Submit page,,,,,,,,,,,,,,,Re-use Day 2 - Team Comp 1 as Day 3 - Team Comp 1,A Group,,,,,,,,,,4 Attempts - 20 Races total,17,Go to Submit page,,,,,,,,,,,,,,,Re-use Day 3 - Team Comp 1 as Day 4 - Team Comp 1,A Group,,,,,,,,,,4 Attempts - 20 Races total,18,Go to Submit page,,,,,,,,,,,,,,,A Finals,11767,Re-use Day 4 - Team Comp 1 as Finals Team Comp,,,,,,,,,,https://drive.google.com/open?id=13bLHfMZQUu4dS5KnRC8OrwjSgsg3T4gS,1st,,,,,,,,,,,No,,https://drive.google.com/open?id=1faJOaQeYL1J2g4p_EiMhdZfUTSrBcO9b,https://drive.google.com/open?id=1cQ74Dc3EN04TSZggoq8DR5Ob3a_Kdr5x,,0,5,2,4,3,https://drive.google.com/open?id=1NE96FCd2iY49fjL2Pnkq2Z0QTBem8dOV
9/2/2026 23:26:06,Nao Nao,Graded (No Uma Restrictions),Win A finals,I accept these terms,Finals,"Android - phone or tablet, Windows",$501-1000,1992,21-30 (roughly 3-4 per day),Discord - MooMooCord - https://discord.gg/Hc7cP9GB,5,,Kitasan Black,Front Runner,Ace built for this CM before CM start in Grand Concert scenario,3,0,0,0,2,1,0,Silence Suzuka,Runaway,Blocker/Overtake target/Throwaway/Niche role,,,,,,,,Symboli Rudolf,Front Runner,Debuffer,,,,,,,,4 Attempts - 20 Races total,6,Go to Submit page,,,,,,,,,,,,,,Re-use Day 1 - Team Comp 1 as Day 2 - Team Comp 1,,,,,,,,,,4 Attempts - 20 Races total,9,Go to Submit page,,,,,,,,,,,,,,,Re-use Day 2 - Team Comp 1 as Day 3 - Team Comp 1,A Group,,,,,,,,,,4 Attempts - 20 Races total,6,Go to Submit page,,,,,,,,,,,,,,,Re-use Day 3 - Team Comp 1 as Day 4 - Team Comp 1,A Group,,,,,,,,,,4 Attempts - 20 Races total,10,Go to Submit page,,,,,,,,,,,,,,,A Finals,7994,Re-use Day 4 - Team Comp 1 as Finals Team Comp,,,,,,,,,,https://drive.google.com/open?id=13oFnm6KZFU-5FZrZw8AGPXDsO_yMSSh6,3rd,No (goes to Submit page),,,,,,,,,,,,,,,,,,,,
9/2/2026 22:27:55,oaT,Graded (No Uma Restrictions),Get into A finals,I accept these terms,Finals,"Android - phone or tablet, Windows",$101-500,2213,31-45 (roughly 5-6 per day),YouTube - MooMooCows - https://www.youtube.com/@MooMooCows,5,,Silence Suzuka,Runaway,Ace built for this CM before CM start in Grand Concert scenario,2,0,0,0,3,1,0,Air Groove (Wedding),Front Runner,Ace built for this CM before CM start in Grand Concert scenario,3,0,0,0,2,1,0,Fuji Kiseki,Front Runner,Ace built for this CM before CM start in Grand Concert scenario,3,0,0,0,2,1,0,4 Attempts - 20 Races total,16,Go to Submit page,,,,,,,,,,,,,,Re-use Day 1 - Team Comp 1 as Day 2 - Team Comp 1,,,,,,,,,,4 Attempts - 20 Races total,17,Go to Submit page,,,,,,,,,,,,,,,Re-use Day 2 - Team Comp 1 as Day 3 - Team Comp 1,A Group,,,,,,,,,,4 Attempts - 20 Races total,12,Go to Submit page,,,,,,,,,,,,,,,Re-use Day 3 - Team Comp 1 as Day 4 - Team Comp 1,A Group,,,,,,,,,,4 Attempts - 20 Races total,13,Go to Submit page,,,,,,,,,,,,,,,A Finals,8756,Re-use Day 4 - Team Comp 1 as Finals Team Comp,,,,,,,,,,https://drive.google.com/open?id=1AMxFuA5nGPe67HtJ5mtO8FFg0XC-0Fe9,1st,,,,,,,,,,,No,,https://drive.google.com/open?id=1bK8MyahVYhqgKRXHTvEXy-c1lehLQkoi,https://drive.google.com/open?id=1Nmsf5fkQNg-Y2p4khSvdZ_19HTYG4n-b,,0,12,5,0,0,https://drive.google.com/open?id=1-dFjU0xpu2IoL1M6OkIT4ZUVbRjqMIE-
8/28/2026 23:30:15,bobo,Graded (No Uma Restrictions),Win A finals,I accept these terms,Day 1,Android - phone or tablet,$1-100,,21-30 (roughly 3-4 per day),Discord - MooMooCord - https://discord.gg/Hc7cP9GB,,,Grass Wonder,Late Surger,Ace built for this CM before CM start in Grand Concert scenario,2,0,1,0,2,1,0,Taiki Shuttle,Pace Chaser,Ace built for this CM before CM start in Grand Concert scenario,3,0,0,0,2,1,0,Nishino Flower,Pace Chaser,Ace built for this CM before CM start in Grand Concert scenario,3,0,0,0,2,1,0,1 Attempt - 5 Races total,2,Go to Submit page,,,,,,,,,,,,,,,,,,,,,,,,,,,,,,,,,,,,,,,,,,,,,,,,,,,,,,,,,,,,,,,,,,,,,,,,,,,,,,,,,,,,,,,,,,,,,,,,,,,,,,,,,,,,,,,,,,,,,,,,,,,,,,,,,,,
9/2/2026 19:35:25,Khryses,Graded (No Uma Restrictions),Win A finals,I accept these terms,Finals,"Android - phone or tablet, Windows",$101-500,1057,21-30 (roughly 3-4 per day),"Discord - MooMooCord - https://discord.gg/Hc7cP9GB, YouTube - MooMooCows - https://www.youtube.com/@MooMooCows",5,,Oguri Cap (Christmas),End Closer,Ace built for this CM before CM start in Grand Concert scenario,2,0,1,0,2,1,0,Agnes Tachyon,End Closer,Debuffer,1,0,1,0,4,0,0,Grass Wonder,End Closer,Debuffer,1,0,1,,4,0,0,4 Attempts - 20 Races total,17,Go to Submit page,,,,,,,,,,,,,,Re-use Day 1 - Team Comp 1 as Day 2 - Team Comp 1,,,,,,,,,,2 Attempts - 10 Races total,8,Day 3,,,,,,,,,,,,,,,Re-use Day 2 - Team Comp 1 as Day 3 - Team Comp 1,A Group,,,,,,,,,,4 Attempts - 20 Races total,17,Day 4,,,,,,,,,,,,,,,Re-use Day 3 - Team Comp 1 as Day 4 - Team Comp 1,A Group,,,,,,,,,,2 Attempts - 10 Races total,8,Go to Submit page,,,,,,,,,,,,,,,A Finals,8833,Re-use Day 4 - Team Comp 1 as Finals Team Comp,,,,,,,,,,https://drive.google.com/open?id=10vcPB5bRdTcy2FhwvsXljl-O0OBjjjcp,1st,,,,,,,,,,,No,,https://drive.google.com/open?id=1Lg2WzK-9zX69jBMv9XkWDT-FvNGe1izN,https://drive.google.com/open?id=15999nrn7-7rk91a6eej9C8f4_pEZe6ZF,,3,0,11,0,2,https://drive.google.com/open?id=1jmmo7ZYWP-uLbTio03XUI0ZKs4RWYX03
8/28/2026 23:39:27,soblessed,Graded (No Uma Restrictions),Get into A finals,I accept these terms,Day 1,"Android - phone or tablet, Windows",$501-1000,1854,46+ (more than 6 per day),,5,,Gold City,Late Surger,Ace built for this CM before CM start in Grand Concert scenario,3,0,0,0,2,1,0,Agnes Digital,Late Surger,Ace built for this CM before CM start in Grand Concert scenario,3,0,0,0,2,1,0,Oguri Cap,Late Surger,Ace built for this CM before CM start in Grand Concert scenario,2,0,1,0,2,1,0,4 Attempts - 20 Races total,16,Go to Submit page,,,,,,,,,,,,,,,,,,,,,,,,,,,,,,,,,,,,,,,,,,,,,,,,,,,,,,,,,,,,,,,,,,,,,,,,,,,,,,,,,,,,,,,,,,,,,,,,,,,,,,,,,,,,,,,,,,,,,,,,,,,,,,,,,,,
9/2/2026 16:20:08,evo,Graded (No Uma Restrictions),Get into A finals,I accept these terms,Finals,"Android - phone or tablet, Windows",$101-500,,31-45 (roughly 5-6 per day),,4,,Oguri Cap,Pace Chaser,Ace built for this CM before CM start in Grand Concert scenario,2,0,1,0,2,1,0,Sakura Bakushin O,Pace Chaser,Ace built for this CM before CM start in Grand Concert scenario,2,0,1,0,2,1,0,Narita Taishin,End Closer,Ace built for this CM before CM start in Grand Concert scenario,2,0,1,0,2,1,0,4 Attempts - 20 Races total,12,Go to Submit page,,,,,,,,,,,,,,Re-use Day 1 - Team Comp 1 as Day 2 - Team Comp 1,,,,,,,,,,4 Attempts - 20 Races total,14,Go to Submit page,,,,,,,,,,,,,,,Re-use Day 2 - Team Comp 1 as Day 3 - Team Comp 1,A Group,,,,,,,,,,4 Attempts - 20 Races total,16,Go to Submit page,,,,,,,,,,,,,,,Re-use Day 3 - Team Comp 1 as Day 4 - Team Comp 1,A Group,,,,,,,,,,4 Attempts - 20 Races total,10,Go to Submit page,,,,,,,,,,,,,,,A Finals,12295,Re-use Day 4 - Team Comp 1 as Finals Team Comp,,,,,,,,,,,3rd,No (goes to Submit page),,,,,,,,,,,,,,,,,,,,
9/2/2026 23:58:49,universerene,Graded (No Uma Restrictions),Get into A finals,I accept these terms,Day 1,Windows,$0,1023,11-20 (roughly 2-3 per day),Discord - MooMooCord - https://discord.gg/Hc7cP9GB,5,,Agnes Digital,Late Surger,Ace built for this CM before CM start in Grand Concert scenario,3,,,,2,1,,Oguri Cap,Late Surger,Ace built for this CM before CM start in Grand Concert scenario,3,,,,2,1,,Special Week,Late Surger,Ace built for this CM before CM start in Grand Concert scenario,3,,,,2,1,,2 Attempts - 10 Races total,6,Day 2,,,,,,,,,,,,,,Re-use Day 1 - Team Comp 1 as Day 2 - Team Comp 1,,,,,,,,,,2 Attempts - 10 Races total,9,Day 3,,,,,,,,,,,,,,,Re-use Day 2 - Team Comp 1 as Day 3 - Team Comp 1,A Group,,,,,,,,,,4 Attempts - 20 Races total,12,Day 4,,,,,,,,,,,,,,,Re-use Day 3 - Team Comp 1 as Day 4 - Team Comp 1,A Group,,,,,,,,,,4 Attempts - 20 Races total,10,Finals,,,,,,,,,,,,,,,A Finals,,Re-use Day 4 - Team Comp 1 as Finals Team Comp,,,,,,,,,,,3rd,No (goes to Submit page),,,,,,,,,,,,,,,,,,,,
9/2/2026 15:11:27,Sky2high,Graded (No Uma Restrictions),Get into A finals,I accept these terms,Finals,iOS - phone or tablet,$1001-5000,1380,11-20 (roughly 2-3 per day),Discord - MooMooCord - https://discord.gg/Hc7cP9GB,5,,Oguri Cap (Christmas),End Closer,Ace built for this CM before CM start in Grand Concert scenario,2,0,1,0,2,1,0,Mihono Bourbon (Valentine),Front Runner,Ace built for this CM before CM start in Grand Concert scenario,3,0,0,0,2,1,0,Seiun Sky,Front Runner,Ace built for this CM before CM start in Grand Concert scenario,3,0,0,0,2,1,0,4 Attempts - 20 Races total,16,Go to Submit page,,,,,,,,,,,,,,Re-use Day 1 - Team Comp 1 as Day 2 - Team Comp 1,,,,,,,,,,4 Attempts - 20 Races total,20,Go to Submit page,,,,,,,,,,,,,,,Re-use Day 2 - Team Comp 1 as Day 3 - Team Comp 1,A Group,,,,,,,,,,4 Attempts - 20 Races total,13,Go to Submit page,,,,,,,,,,,,,,,Re-use Day 3 - Team Comp 1 as Day 4 - Team Comp 1,A Group,,,,,,,,,,4 Attempts - 20 Races total,16,Go to Submit page,,,,,,,,,,,,,,,A Finals,13258,Re-use Day 4 - Team Comp 1 as Finals Team Comp,,,,,,,,,,https://drive.google.com/open?id=1vwK9ADWdK_ZW-mZdE0cdHCPYb7WMs-rg,2nd,No (goes to Submit page),,,,,,,,,,,,,,,,,,,,
9/1/2026 6:30:31,Ginzuka,Graded (No Uma Restrictions),Win A finals,I accept these terms,Day 4,,$101-500,,46+ (more than 6 per day),,,,Hishi Amazon,End Closer,Ace built for this CM before CM start in Grand Concert scenario,3,,,,2,1,,Fine Motion (Wedding),Pace Chaser,Ace built for this CM before CM start in Grand Concert scenario,3,,,,2,1,,Eishin Flash (Valentine),End Closer,Debuffer,,,,,,,,4 Attempts - 20 Races total,12,Go to Submit page,,,,,,,,,,,,,,Add new Team Comp as Day 2 - Team Comp 1,Hishi Amazon,End Closer,Ace built for this CM before CM start in Grand Concert scenario,Vodka,Late Surger,Mid-CM Ace build in Grand Concert scenario,Fine Motion (Wedding),Pace Chaser,Ace built for this CM before CM start in Grand Concert scenario,4 Attempts - 20 Races total,11,Go to Submit page,,,,,,,,,,,,,,,Re-use Day 2 - Team Comp 1 as Day 3 - Team Comp 1,A Group,,,,,,,,,,4 Attempts - 20 Races total,10,Go to Submit page,,,,,,,,,,,,,,,Re-use Day 3 - Team Comp 1 as Day 4 - Team Comp 1,A Group,,,,,,,,,,4 Attempts - 20 Races total,13,Go to Submit page,,,,,,,,,,,,,,,,,,,,,,,,,,,,,,,,,,,,,,,,,,,,,,,,,
8/28/2026 23:47:36,Shrimp...,Graded (No Uma Restrictions),Win A finals,I accept these terms,Day 1,Android - phone or tablet,$0,1104,31-45 (roughly 5-6 per day),Discord - MooMooCord - https://discord.gg/Hc7cP9GB,5,,T.M. Opera O (New Year),Pace Chaser,Ace built for this CM before CM start in Grand Concert scenario,3,,,,2,0,,Nishino Flower,Pace Chaser,Ace built for this CM before CM start in Grand Concert scenario,3,,,,2,0,,Taiki Shuttle,Pace Chaser,Ace built for this CM before CM start in Grand Concert scenario,3,,,,2,0,,4 Attempts - 20 Races total,14,Go to Submit page,,,,,,,,,,,,,,,,,,,,,,,,,,,,,,,,,,,,,,,,,,,,,,,,,,,,,,,,,,,,,,,,,,,,,,,,,,,,,,,,,,,,,,,,,,,,,,,,,,,,,,,,,,,,,,,,,,,,,,,,,,,,,,,,,,,
9/2/2026 18:54:36,Fishnet,Graded (No Uma Restrictions),Get into A finals,I accept these terms,Finals,Windows,$101-500,2280,46+ (more than 6 per day),"Discord - MooMooCord - https://discord.gg/Hc7cP9GB, Twitch - MooMooCows - https://www.twitch.tv/moomoomoocows, YouTube - MooMooCows - https://www.youtube.com/@MooMooCows",,,Kitasan Black,Front Runner,Ace built for this CM before CM start in Grand Concert scenario,3,,,,2,,1,Seiun Sky,Front Runner,Ace built for this CM before CM start in Grand Concert scenario,3,,,,2,,1,Taiki Shuttle,Pace Chaser,Ace built for this CM before CM start in Grand Concert scenario,2,,,,3,,1,4 Attempts - 20 Races total,14,Go to Submit page,,,,,,,,,,,,,,Re-use Day 1 - Team Comp 1 as Day 2 - Team Comp 1,,,,,,,,,,4 Attempts - 20 Races total,13,Day 3,,,,,,,,,,,,,,,Re-use Day 2 - Team Comp 1 as Day 3 - Team Comp 1,A Group,,,,,,,,,,4 Attempts - 20 Races total,11,Go to Submit page,,,,,,,,,,,,,,,,,,,,,,,,,,,,,,,,,,,,,,,,,,,A Finals,8556,Re-use Day 4 - Team Comp 1 as Finals Team Comp,,,,,,,,,,https://drive.google.com/open?id=165O9IvK9zdltrUq4cdhw4g-kzDKrWVRy,1st,,,,,,,,,,,Yes,She's Back In Black ,https://drive.google.com/open?id=1jTncRYJaXasAGYnsRomIWXJjCPriDwIB,https://drive.google.com/open?id=1h5IbVMd117VhbWIyRtyAhgYwxrGa701P,,0,8,8,,0,https://drive.google.com/open?id=1xAIEBszNNq6hNf5KGlvVm8CRBxdj6IuB
8/28/2026 23:49:51,potatofos,Graded (No Uma Restrictions),Win A finals,I accept these terms,Day 1,iOS - phone or tablet,$1-100,2117,31-45 (roughly 5-6 per day),Discord - MooMooCord - https://discord.gg/Hc7cP9GB,5,,Hishi Amazon,End Closer,Ace built for this CM before CM start in Grand Concert scenario,3,0,0,0,2,1,0,Sweep Tosho,End Closer,Ace built for this CM before CM start in Grand Concert scenario,2,0,0,0,3,1,0,Grass Wonder,End Closer,Debuffer,1,0,1,0,3,1,0,4 Attempts - 20 Races total,15,Go to Submit page,,,,,,,,,,,,,,,,,,,,,,,,,,,,,,,,,,,,,,,,,,,,,,,,,,,,,,,,,,,,,,,,,,,,,,,,,,,,,,,,,,,,,,,,,,,,,,,,,,,,,,,,,,,,,,,,,,,,,,,,,,,,,,,,,,,
9/2/2026 22:34:38,MisterGiggles,Graded (No Uma Restrictions),Win A finals,I accept these terms,Finals,Windows,$1001-5000,1878,31-45 (roughly 5-6 per day),Twitch - MooMooCows - https://www.twitch.tv/moomoomoocows,5,,Agnes Tachyon,End Closer,Ace built for this CM before CM start in Grand Concert scenario,3,0,0,0,2,1,0,Oguri Cap (Christmas),End Closer,Ace built for this CM before CM start in Grand Concert scenario,3,0,0,0,2,1,0,Aston Machan,Pace Chaser,Ace built for this CM before CM start in Grand Concert scenario,1,0,0,2,2,1,0,4 Attempts - 20 Races total,18,Go to Submit page,,,,,,,,,,,,,,,,,,,,,,,,,,,,,,,,,,,,,,,,,,,,,,,,,,,,,,,,,,,,,,,,,,,,,,,,,,,,,,,,,,,,,,,,,,,,,,,,,A Finals,10466,Re-use Day 4 - Team Comp 1 as Finals Team Comp,,,,,,,,,,https://drive.google.com/open?id=1tHgj-g5FXI85IR9Msw2-6kHuY6uYN39Z,1st,,,,,,,,,,,No,,https://drive.google.com/open?id=1UFAg3bz9_TFFvEUS5Sy5aPT7yvISuejW,https://drive.google.com/open?id=17XfAzsmdTAx4WcdTZa4bmewe61zOyKup,,2,2,6,5,,https://drive.google.com/open?id=10sVbKtlKzRJViB7J-wWU6oE9F3PRXnTO
9/2/2026 21:21:39,Theodore,Graded (No Uma Restrictions),Get to A finals while waiting for oshis,I accept these terms,Finals,iOS - phone or tablet,$501-1000,1748,21-30 (roughly 3-4 per day),"Twitch - MooMooCows - https://www.twitch.tv/moomoomoocows, YouTube - MooMooCows - https://www.youtube.com/@MooMooCows",4,,Taiki Shuttle (Camping),Pace Chaser,Ace built for this CM before CM start in Grand Concert scenario,3,,,,2,1,,Seeking the Pearl,Pace Chaser,Ace built for this CM before CM start in Grand Concert scenario,3,,,,2,1,,Grass Wonder,Late Surger,Debuffer,1,1,,,3,1,,4 Attempts - 20 Races total,16,Go to Submit page,,,,,,,,,,,,,,Re-use Day 1 - Team Comp 1 as Day 2 - Team Comp 1,,,,,,,,,,4 Attempts - 20 Races total,14,Go to Submit page,,,,,,,,,,,,,,,Re-use Day 2 - Team Comp 1 as Day 3 - Team Comp 1,A Group,,,,,,,,,,4 Attempts - 20 Races total,13,Go to Submit page,,,,,,,,,,,,,,,Re-use Day 3 - Team Comp 1 as Day 4 - Team Comp 1,A Group,,,,,,,,,,4 Attempts - 20 Races total,11,Go to Submit page,,,,,,,,,,,,,,,A Finals,13457,Re-use Day 4 - Team Comp 1 as Finals Team Comp,,,,,,,,,,https://drive.google.com/open?id=1UERk2cLZsf42Z-Kqmzbxg0fuqCgePIbq,3rd,Yes,https://drive.google.com/open?id=1dBH-JsNmXa3q5DLsqTu1-IN6V8_y3et2,https://drive.google.com/open?id=1GiJbfVPsKb6yTcYtNxrsNiEBNhNOdF1a,,3,4,6,,,https://drive.google.com/open?id=10DCfTal5wGTnku9CLhZ5lyoTh2j0qFGN,,,,,,,,,,,
9/2/2026 17:34:51,Lawlypop,Graded (No Uma Restrictions),Win A finals,I accept these terms,Finals,"iOS - phone or tablet, Windows",$101-500,2289,31-45 (roughly 5-6 per day),YouTube - MooMooCows - https://www.youtube.com/@MooMooCows,4,,Taiki Shuttle (Camping),Pace Chaser,Ace built for this CM before CM start in Grand Concert scenario,3,,,,2,1,,Mejiro Dober (Camping),Late Surger,Ace built for this CM before CM start in Grand Concert scenario,3,,,,2,1,,Oguri Cap (Christmas),End Closer,Ace built for this CM before CM start in Grand Concert scenario,3,,,,2,1,,4 Attempts - 20 Races total,17,Go to Submit page,,,,,,,,,,,,,,Re-use Day 1 - Team Comp 1 as Day 2 - Team Comp 1,,,,,,,,,,4 Attempts - 20 Races total,18,Go to Submit page,,,,,,,,,,,,,,,Re-use Day 2 - Team Comp 1 as Day 3 - Team Comp 1,A Group,,,,,,,,,,4 Attempts - 20 Races total,17,Go to Submit page,,,,,,,,,,,,,,,Re-use Day 3 - Team Comp 1 as Day 4 - Team Comp 1,A Group,,,,,,,,,,4 Attempts - 20 Races total,17,Go to Submit page,,,,,,,,,,,,,,,A Finals,10067,Re-use Day 4 - Team Comp 1 as Finals Team Comp,,,,,,,,,,https://drive.google.com/open?id=1ggFoiq42R3D1Uw1eW0YWcAM5nNu2ilYm,1st,,,,,,,,,,,No,,https://drive.google.com/open?id=1IbTijqkSkHCY_ZPz_GxdXwE3LxKJmwJH,https://drive.google.com/open?id=1YBNYV_lN49UjWM4jVXqt7TvBf87GaXRA,,,,8,3,2,https://drive.google.com/open?id=1NPY2Zihf4n9qyk97LzdxSqoKiMEgvY_8
9/2/2026 15:59:53,Shen,Graded (No Uma Restrictions),Get into A finals,I accept these terms,Finals,Android - phone or tablet,$101-500,2181,11-20 (roughly 2-3 per day),"Discord - MooMooCord - https://discord.gg/Hc7cP9GB, Twitch - MooMooCows - https://www.twitch.tv/moomoomoocows, YouTube - MooMooCows - https://www.youtube.com/@MooMooCows",5,,Grass Wonder,Late Surger,Ace built for this CM before CM start in Grand Concert scenario,2,,1,,2,1,,Eishin Flash,Late Surger,Ace built for this CM before CM start in Grand Concert scenario,3,,1,,1,1,,Aston Machan,Pace Chaser,Ace built for this CM before CM start in Grand Concert scenario,3,,,,2,1,,4 Attempts - 20 Races total,15,Go to Submit page,,,,,,,,,,,,,,Re-use Day 1 - Team Comp 2 as Day 2 - Team Comp 1,,,,,,,,,,4 Attempts - 20 Races total,14,Go to Submit page,,,,,,,,,,,,,,,Re-use Day 2 - Team Comp 1 as Day 3 - Team Comp 1,A Group,,,,,,,,,,4 Attempts - 20 Races total,11,Go to Submit page,,,,,,,,,,,,,,,Re-use Day 3 - Team Comp 1 as Day 4 - Team Comp 1,A Group,,,,,,,,,,4 Attempts - 20 Races total,15,Go to Submit page,,,,,,,,,,,,,,,A Finals,9892,Re-use Day 4 - Team Comp 1 as Finals Team Comp,,,,,,,,,,https://drive.google.com/open?id=1Jw7CNGhpu7P-QGdVoB2gENIWtsqc4-WX,1st,,,,,,,,,,,No,,https://drive.google.com/open?id=1UBCQy-0scOKa-eNIPC1Pkdmia5-IaYT6,https://drive.google.com/open?id=1zs6QFvr-KG-P54fLQYU9GxRPBI-9RHvt,,6,,4,,2,https://drive.google.com/open?id=1hgtYNLth_ZQIQhn3luMUIiDzqkHIvtWu
9/2/2026 18:24:24,SeanyB,Graded (No Uma Restrictions),Win A finals,I accept these terms,Finals,iOS - phone or tablet,$1-100,1645,31-45 (roughly 5-6 per day),YouTube - MooMooCows - https://www.youtube.com/@MooMooCows,5,,Taiki Shuttle (Camping),Pace Chaser,Ace built for this CM before CM start in Grand Concert scenario,3,0,0,0,2,1,0,Oguri Cap,Late Surger,Ace built for this CM before CM start in Grand Concert scenario,2,0,0,0,3,1,0,Nishino Flower,Pace Chaser,Ace built for this CM before CM start in Grand Concert scenario,2,0,0,0,3,1,0,4 Attempts - 20 Races total,17,Go to Submit page,,,,,,,,,,,,,,Add new Team Comp as Day 2 - Team Comp 1,Taiki Shuttle (Camping),Pace Chaser,Ace built for this CM before CM start in Grand Concert scenario,Oguri Cap,Late Surger,Ace built for this CM before CM start in Grand Concert scenario,Agnes Tachyon,End Closer,Debuffer,4 Attempts - 20 Races total,16,Go to Submit page,,,,,,,,,,,,,,,Add new Team Comp as Day 3 - Team Comp 1,A Group,Taiki Shuttle (Camping),Pace Chaser,Ace built for this CM before CM start in Grand Concert scenario,Oguri Cap,Late Surger,Ace built for this CM before CM start in Grand Concert scenario,Nishino Flower,Pace Chaser,Ace built for this CM before CM start in Grand Concert scenario,4 Attempts - 20 Races total,13,Go to Submit page,,,,,,,,,,,,,,,Add a new Team Comp as Day 4 - Team Comp 1,A Group,Taiki Shuttle (Camping),Pace Chaser,Ace built for this CM before CM start in Grand Concert scenario,Oguri Cap,Late Surger,Ace built for this CM before CM start in Grand Concert scenario,Agnes Tachyon,End Closer,Debuffer,4 Attempts - 20 Races total,13,Go to Submit page,,,,,,,,,,,,,,,A Finals,12769,Re-use Day 4 - Team Comp 1 as Finals Team Comp,,,,,,,,,,https://drive.google.com/open?id=1YggjG4EeJG-C9e6EYvOwA6mOdAmaY4Dz,1st,,,,,,,,,,,No,,https://drive.google.com/open?id=10W-hfZEPdHeSDNu_K0VyOPSXrw6EdKy0,https://drive.google.com/open?id=1GJxqRew82JEMZuaX2lH4Ni1b4pJlbJop,,,1,,,,https://drive.google.com/open?id=1Wm00YVvHYDMW_jfnmQy0rui4H_BpNad0
9/2/2026 22:10:19,Moisty,Graded (No Uma Restrictions),Win A finals,I accept these terms,Finals,"Android - phone or tablet, Windows",$0,,46+ (more than 6 per day),,4,,Taiki Shuttle,Pace Chaser,Ace built for this CM before CM start in Grand Concert scenario,3,,,,2,1,,Silence Suzuka,Runaway,Ace built for this CM before CM start in Grand Concert scenario,3,,,,2,1,,Rice Shower,Pace Chaser,Ace built for this CM before CM start in Grand Concert scenario,3,,,,2,1,,4 Attempts - 20 Races total,16,Go to Submit page,,,,,,,,,,,,,,Re-use Day 1 - Team Comp 1 as Day 2 - Team Comp 1,,,,,,,,,,4 Attempts - 20 Races total,13,Go to Submit page,,,,,,,,,,,,,,,Re-use Day 2 - Team Comp 1 as Day 3 - Team Comp 1,A Group,,,,,,,,,,4 Attempts - 20 Races total,11,Go to Submit page,,,,,,,,,,,,,,,Re-use Day 3 - Team Comp 1 as Day 4 - Team Comp 1,A Group,,,,,,,,,,4 Attempts - 20 Races total,12,Go to Submit page,,,,,,,,,,,,,,,A Finals,10060,Re-use Day 4 - Team Comp 1 as Finals Team Comp,,,,,,,,,,https://drive.google.com/open?id=1YjtPneY2JOvp_9s4tqAsiRoZJpSajuCv,1st,,,,,,,,,,,No,,https://drive.google.com/open?id=12pPIXTm4pCDuQ6faC16sLiP1x2OwFv6w,https://drive.google.com/open?id=19YMG1zSOA09PlUHmfjqZx_SGYIY3_xPM,,,10,6,,,https://drive.google.com/open?id=1x68peuyz9-Fsn7vg4KRLwR-3UmriOiha
9/2/2026 23:28:51,Riri,Graded (No Uma Restrictions),Get into A finals,I accept these terms,Finals,Android - phone or tablet,$101-500,2215,21-30 (roughly 3-4 per day),,4,,El Condor Pasa (Fantasy),Late Surger,Ace built for this CM before CM start in Grand Concert scenario,2,0,1,0,2,1,0,Yaeno Muteki,Late Surger,Ace built for this CM before CM start in Grand Concert scenario,2,0,1,0,2,1,0,Narita Taishin,End Closer,Ace built for this CM before CM start in Grand Concert scenario,2,0,1,0,2,1,0,4 Attempts - 20 Races total,13,Go to Submit page,,,,,,,,,,,,,,Re-use Day 1 - Team Comp 1 as Day 2 - Team Comp 1,,,,,,,,,,4 Attempts - 20 Races total,16,Go to Submit page,,,,,,,,,,,,,,,Re-use Day 2 - Team Comp 1 as Day 3 - Team Comp 1,A Group,,,,,,,,,,4 Attempts - 20 Races total,14,Go to Submit page,,,,,,,,,,,,,,,Re-use Day 3 - Team Comp 1 as Day 4 - Team Comp 1,A Group,,,,,,,,,,4 Attempts - 20 Races total,13,Go to Submit page,,,,,,,,,,,,,,,A Finals,12593,Re-use Day 4 - Team Comp 1 as Finals Team Comp,,,,,,,,,,,2nd,No (goes to Submit page),,,,,,,,,,,,,,,,,,,,
9/2/2026 16:41:08,TGM,Graded (No Uma Restrictions),Get into A finals,I accept these terms,Finals,"Android - phone or tablet, Windows",$101-500,817,11-20 (roughly 2-3 per day),YouTube - MooMooCows - https://www.youtube.com/@MooMooCows,5,,Seiun Sky,Front Runner,Ace built for this CM before CM start in Grand Concert scenario,3,0,0,,2,1,0,Aston Machan,Front Runner,Ace built for this CM before CM start in Grand Concert scenario,3,0,0,0,2,1,0,Fine Motion (Wedding),Pace Chaser,Ace built for this CM before CM start in Grand Concert scenario,3,0,0,0,2,1,0,1 Attempt - 5 Races total,1,Day 1 - Add 2nd Team,Seiun Sky,Front Runner,Ace built for this CM before CM start in Grand Concert scenario,Aston Machan,Front Runner,Ace built for this CM before CM start in Grand Concert scenario,Grass Wonder,Late Surger,Debuffer,3 Attempts - 15 Races total,13,2 teams,Go to Submit page,Re-use Day 1 - Team Comp 2 as Day 2 - Team Comp 1,,,,,,,,,,4 Attempts - 20 Races total,17,Day 3,,,,,,,,,,,,,,,Re-use Day 2 - Team Comp 1 as Day 3 - Team Comp 1,A Group,,,,,,,,,,4 Attempts - 20 Races total,8,Day 4,,,,,,,,,,,,,,,Re-use Day 3 - Team Comp 1 as Day 4 - Team Comp 1,A Group,,,,,,,,,,4 Attempts - 20 Races total,12,Go to Submit page,,,,,,,,,,,,,,,A Finals,7642,Re-use Day 4 - Team Comp 1 as Finals Team Comp,,,,,,,,,,https://drive.google.com/open?id=11quRMJjd-kGk4yUmECW7cVnIW8fPVwU7,1st,,,,,,,,,,,Yes,"""You can teach a man to fish, but the horse might not drink.""",https://drive.google.com/open?id=11tbn56jIbuVPs5MfRYwMxr9dpzpKL8Xj,https://drive.google.com/open?id=1UY-sIyhG535D3t9ms6YKRb-IDTKOyerB,,0,12,2,0,0,https://drive.google.com/open?id=1f6K16Vs18FbhPsNhro-2gjhzzo0jj9tH
9/2/2026 18:13:47,h10meta,Graded (No Uma Restrictions),Win A finals,I accept these terms,Finals,"Android - phone or tablet, Linux",$101-500,2157,21-30 (roughly 3-4 per day),"Discord - MooMooCord - https://discord.gg/Hc7cP9GB, YouTube - MooMooCows - https://www.youtube.com/@MooMooCows",5,,Narita Taishin,End Closer,Ace built for this CM before CM start in Grand Concert scenario,3,0,0,0,2,1,0,Fine Motion,Pace Chaser,Ace built for this CM before CM start in Grand Concert scenario,3,0,0,0,2,1,0,Grass Wonder,Late Surger,Debuffer,,,,,,,,4 Attempts - 20 Races total,14,Day 2,,,,,,,,,,,,,,Re-use Day 1 - Team Comp 1 as Day 2 - Team Comp 1,,,,,,,,,,4 Attempts - 20 Races total,18,Day 3,,,,,,,,,,,,,,,Re-use Day 2 - Team Comp 1 as Day 3 - Team Comp 1,A Group,,,,,,,,,,4 Attempts - 20 Races total,15,Day 4,,,,,,,,,,,,,,,Re-use Day 3 - Team Comp 1 as Day 4 - Team Comp 1,A Group,,,,,,,,,,4 Attempts - 20 Races total,6,Finals,,,,,,,,,,,,,,,A Finals,9462,Re-use Day 4 - Team Comp 1 as Finals Team Comp,,,,,,,,,,https://drive.google.com/open?id=1TeEy7cLsd3OedCwvmVkltkIjb5Nyty0O,1st,,,,,,,,,,,Yes,Narita Taishin is the coolest uma!,https://drive.google.com/open?id=1YmdvgvGgMXAo-nxtrjrZtagfKvq6EuvN,https://drive.google.com/open?id=18LxJZsofY33dVSDAICVHE5sNxDqkkG9R,,4,0,8,3,0,https://drive.google.com/open?id=1WFC7vkz8wWBC4qT4ilJj4Zdnqft_e5Gu
9/2/2026 18:40:24,WhiteTinyFins,Graded (No Uma Restrictions),Win A finals,I accept these terms,Finals,Windows,$1-100,1800,11-20 (roughly 2-3 per day),Discord - MooMooCord - https://discord.gg/Hc7cP9GB,3,,Mihono Bourbon (Valentine),Front Runner,Ace built for this CM before CM start in Grand Concert scenario,3,0,0,0,2,1,0,Rice Shower,Pace Chaser,Ace built for this CM before CM start in Grand Concert scenario,3,0,0,0,2,1,0,Silence Suzuka,Runaway,Blocker/Overtake target/Throwaway/Niche role,1,0,1,0,3,1,0,4 Attempts - 20 Races total,19,Day 2,,,,,,,,,,,,,,Re-use Day 1 - Team Comp 1 as Day 2 - Team Comp 1,,,,,,,,,,4 Attempts - 20 Races total,14,Go to Submit page,,,,,,,,,,,,,,,Re-use Day 2 - Team Comp 1 as Day 3 - Team Comp 1,A Group,,,,,,,,,,4 Attempts - 20 Races total,14,Go to Submit page,,,,,,,,,,,,,,,Re-use Day 3 - Team Comp 1 as Day 4 - Team Comp 1,A Group,,,,,,,,,,4 Attempts - 20 Races total,15,Go to Submit page,,,,,,,,,,,,,,,A Finals,10276,Re-use Day 4 - Team Comp 1 as Finals Team Comp,,,,,,,,,,https://drive.google.com/open?id=1sS7sw6lmg5iB1YTPZvrA374ByMIP9f2H,1st,,,,,,,,,,,Yes,Peak,,,,,,,,,
9/2/2026 18:40:47,Fate,Graded (No Uma Restrictions),Win A finals,I accept these terms,Finals,"iOS - phone or tablet, Windows",$0,1867,31-45 (roughly 5-6 per day),YouTube - MooMooCows - https://www.youtube.com/@MooMooCows,5,,Mayano Top Gun,Front Runner,Ace built for this CM before CM start in Grand Concert scenario,3,0,0,0,2,1,0,Mihono Bourbon (Valentine),Front Runner,Ace built for this CM before CM start in Grand Concert scenario,3,0,0,0,2,1,0,Taiki Shuttle,Pace Chaser,Ace built for this CM before CM start in Grand Concert scenario,3,0,0,0,2,1,0,4 Attempts - 20 Races total,13,Day 2,,,,,,,,,,,,,,Re-use Day 1 - Team Comp 1 as Day 2 - Team Comp 1,,,,,,,,,,4 Attempts - 20 Races total,12,Go to Submit page,,,,,,,,,,,,,,,Re-use Day 2 - Team Comp 1 as Day 3 - Team Comp 1,A Group,,,,,,,,,,4 Attempts - 20 Races total,10,Go to Submit page,,,,,,,,,,,,,,,Re-use Day 3 - Team Comp 1 as Day 4 - Team Comp 1,A Group,,,,,,,,,,4 Attempts - 20 Races total,12,Go to Submit page,,,,,,,,,,,,,,,A Finals,9243,Re-use Day 4 - Team Comp 1 as Finals Team Comp,,,,,,,,,,https://drive.google.com/open?id=1UKuMeLZejf6E8njkkL2CUk3liVkbEKoe,1st,,,,,,,,,,,No,,https://drive.google.com/open?id=1ZxmzK2kWb8tmIc2vEHuXHHiIx2x7fauz,https://drive.google.com/open?id=11rXh_nmJZi5PBudIxRLmdooaPtwlNDbd,,0,11,2,2,0,https://drive.google.com/open?id=1jK2sdmd5pahxdFUCAMGX6IFKyjLDwsCe
9/3/2026 6:07:01,Sol,Graded (No Uma Restrictions),Win A finals,I accept these terms,Finals,"Android - phone or tablet, Windows",$101-500,2232,46+ (more than 6 per day),"Twitch - MooMooCows - https://www.twitch.tv/moomoomoocows, YouTube - MooMooCows - https://www.youtube.com/@MooMooCows",5,,Symboli Rudolf,Late Surger,Ace built for this CM before CM start in Grand Concert scenario,3,0,1,0,1,1,0,Mejiro Dober (Camping),Late Surger,Ace built for this CM before CM start in Grand Concert scenario,2,0,1,0,2,1,0,Oguri Cap (Christmas),End Closer,Ace built for this CM before CM start in Grand Concert scenario,2,0,1,0,2,1,0,4 Attempts - 20 Races total,16,Go to Submit page,,,,,,,,,,,,,,Re-use Day 1 - Team Comp 1 as Day 2 - Team Comp 1,,,,,,,,,,4 Attempts - 20 Races total,15,Go to Submit page,,,,,,,,,,,,,,,Re-use Day 2 - Team Comp 1 as Day 3 - Team Comp 1,A Group,,,,,,,,,,4 Attempts - 20 Races total,14,Go to Submit page,,,,,,,,,,,,,,,Re-use Day 3 - Team Comp 1 as Day 4 - Team Comp 1,A Group,,,,,,,,,,4 Attempts - 20 Races total,14,Go to Submit page,,,,,,,,,,,,,,,A Finals,11599,Re-use Day 4 - Team Comp 1 as Finals Team Comp,,,,,,,,,,,2nd,No (goes to Submit page),,,,,,,,,,,,,,,,,,,,
9/2/2026 22:36:09,Viy,Graded (No Uma Restrictions),Win A finals,I accept these terms,Finals,Windows,Rather not say,2088,31-45 (roughly 5-6 per day),YouTube - MooMooCows - https://www.youtube.com/@MooMooCows,5,,Seeking the Pearl,Pace Chaser,Ace built for this CM before CM start in Grand Concert scenario,3,0,0,0,2,1,0,Taiki Shuttle (Camping),Pace Chaser,Ace built for this CM before CM start in Grand Concert scenario,3,0,0,0,2,1,0,Silence Suzuka,Runaway,Ace built for this CM before CM start in Grand Concert scenario,3,0,0,0,2,1,0,4 Attempts - 20 Races total,17,Go to Submit page,,,,,,,,,,,,,,Re-use Day 1 - Team Comp 1 as Day 2 - Team Comp 1,,,,,,,,,,4 Attempts - 20 Races total,14,Go to Submit page,,,,,,,,,,,,,,,Re-use Day 2 - Team Comp 1 as Day 3 - Team Comp 1,A Group,,,,,,,,,,4 Attempts - 20 Races total,14,Go to Submit page,,,,,,,,,,,,,,,Re-use Day 3 - Team Comp 1 as Day 4 - Team Comp 1,A Group,,,,,,,,,,4 Attempts - 20 Races total,12,Go to Submit page,,,,,,,,,,,,,,,A Finals,9702,Re-use Day 4 - Team Comp 1 as Finals Team Comp,,,,,,,,,,https://drive.google.com/open?id=1Y56Xs1wpnkoepfYdyw7tV4uPIAi3n6H9,1st,,,,,,,,,,,Yes,It's not a Pearl party without Seeking the Pearl!,https://drive.google.com/open?id=11j0Xrg3mS69-dNWLVCyj2fLm1r_rpIIb,https://drive.google.com/open?id=1kvemQHyrXtR2AITunU1v8ew4GSukJoAW,,0,11,6,0,0,https://drive.google.com/open?id=1Yiexx4bQoGgqsqNq1voiqkET-ZpTf5BN
9/2/2026 15:52:24,Cedric,Graded (No Uma Restrictions),Get into A finals,I accept these terms,Finals,"Android - phone or tablet, Windows",$0,1318,11-20 (roughly 2-3 per day),Discord - MooMooCord - https://discord.gg/Hc7cP9GB,,,Taiki Shuttle,Pace Chaser,Ace built for this CM before CM start in Grand Concert scenario,3,0,0,0,2,1,0,Agnes Tachyon,Late Surger,Debuffer,1,0,1,0,3,1,0,Grass Wonder,Late Surger,Debuffer,1,0,0,1,3,1,0,4 Attempts - 20 Races total,10,Go to Submit page,,,,,,,,,,,,,,Re-use Day 1 - Team Comp 1 as Day 2 - Team Comp 1,,,,,,,,,,4 Attempts - 20 Races total,6,Day 3,,,,,,,,,,,,,,,Re-use Day 2 - Team Comp 1 as Day 3 - Team Comp 1,A Group,,,,,,,,,,4 Attempts - 20 Races total,3,Go to Submit page,,,,,,,,,,,,,,,Re-use Day 3 - Team Comp 1 as Day 4 - Team Comp 1,A Group,,,,,,,,,,4 Attempts - 20 Races total,7,Go to Submit page,,,,,,,,,,,,,,,A Finals,6381,Re-use Day 4 - Team Comp 1 as Finals Team Comp,,,,,,,,,,https://drive.google.com/open?id=1Gq89CRDNClqLJeNgY_LP4UR8YQtiCJ5e,2nd,Yes,https://drive.google.com/open?id=1HJebb_x8TCKCARwAc5H80GfLvRyz4eE1,https://drive.google.com/open?id=1CswoHjP686QK-CQvICbbVLzhy7ZVe1cQ,,,,,,,https://drive.google.com/open?id=1mSKK1WItiARg2K2OTrafmYC8B5DqDvvS,,,,,,,,,,,
9/2/2026 15:08:42,laugh_,Graded (No Uma Restrictions),Win A finals,I accept these terms,Finals,iOS - phone or tablet,$101-500,664,21-30 (roughly 3-4 per day),,5,,Nishino Flower,Pace Chaser,Ace built for this CM before CM start in Grand Concert scenario,3,,,,2,1,,Taiki Shuttle,Pace Chaser,Ace built for this CM before CM start in Grand Concert scenario,3,,,,2,,1,Grass Wonder,Late Surger,Ace built for this CM before CM start in Grand Concert scenario,3,,,,2,1,,4 Attempts - 20 Races total,14,Go to Submit page,,,,,,,,,,,,,,Re-use Day 1 - Team Comp 1 as Day 2 - Team Comp 1,,,,,,,,,,4 Attempts - 20 Races total,11,Go to Submit page,,,,,,,,,,,,,,,Re-use Day 2 - Team Comp 1 as Day 3 - Team Comp 1,A Group,,,,,,,,,,4 Attempts - 20 Races total,16,Go to Submit page,,,,,,,,,,,,,,,Re-use Day 3 - Team Comp 1 as Day 4 - Team Comp 1,A Group,,,,,,,,,,4 Attempts - 20 Races total,12,Go to Submit page,,,,,,,,,,,,,,,A Finals,,Re-use Day 4 - Team Comp 1 as Finals Team Comp,,,,,,,,,,,2nd,No (goes to Submit page),,,,,,,,,,,,,,,,,,,,
8/29/2026 0:37:02,Eschnu,Graded (No Uma Restrictions),Collect participation rewards,I accept these terms,Day 1,"Android - phone or tablet, Windows, SteamOS - Steam Deck",$1-100,1122,6-10 (roughly 1 per day),YouTube - MooMooCows - https://www.youtube.com/@MooMooCows,4,,Oguri Cap (Christmas),End Closer,Ace built for this CM before CM start in Grand Concert scenario,3,,,,2,0,,Symboli Rudolf,End Closer,Debuffer,,,,,,,,Grass Wonder,End Closer,Debuffer,,,,,,,,3 Attempts - 15 Races total,9,Go to Submit page,,,,,,,,,,,,,,,,,,,,,,,,,,,,,,,,,,,,,,,,,,,,,,,,,,,,,,,,,,,,,,,,,,,,,,,,,,,,,,,,,,,,,,,,,,,,,,,,,,,,,,,,,,,,,,,,,,,,,,,,,,,,,,,,,,,
9/3/2026 3:08:24,happyh0rse,Graded (No Uma Restrictions),Get into A finals,I accept these terms,Finals,,$501-1000,1850,11-20 (roughly 2-3 per day),,,,Mihono Bourbon (Valentine),Front Runner,Ace built for this CM before CM start in Grand Concert scenario,3,,,,2,1,,Taiki Shuttle,Pace Chaser,Ace built for this CM before CM start in Grand Concert scenario,3,,,,2,1,,Oguri Cap,Late Surger,Ace built for this CM before CM start in Grand Concert scenario,2,,1,,2,1,,4 Attempts - 20 Races total,11,Go to Submit page,,,,,,,,,,,,,,Re-use Day 1 - Team Comp 1 as Day 2 - Team Comp 1,,,,,,,,,,4 Attempts - 20 Races total,17,Go to Submit page,,,,,,,,,,,,,,,Re-use Day 2 - Team Comp 1 as Day 3 - Team Comp 1,A Group,,,,,,,,,,4 Attempts - 20 Races total,11,Go to Submit page,,,,,,,,,,,,,,,Re-use Day 3 - Team Comp 1 as Day 4 - Team Comp 1,A Group,,,,,,,,,,4 Attempts - 20 Races total,14,Go to Submit page,,,,,,,,,,,,,,,A Finals,11025,Re-use Day 4 - Team Comp 1 as Finals Team Comp,,,,,,,,,,https://drive.google.com/open?id=1pwEWaBuD7qy9t_So6hCfebN_lAcpgkBk,1st,,,,,,,,,,,No,,,,,,9,3,,6,
9/3/2026 12:29:06,Morjoko,Graded (No Uma Restrictions),Win A finals,I accept these terms,Finals,"iOS - phone or tablet, Windows",$101-500,1096,11-20 (roughly 2-3 per day),Discord - MooMooCord - https://discord.gg/Hc7cP9GB,5,,Taiki Shuttle (Camping),Pace Chaser,Ace built for this CM before CM start in Grand Concert scenario,3,,,,2,1,,Mejiro Dober (Camping),Late Surger,Ace built for this CM before CM start in Grand Concert scenario,2,,1,,2,1,,Symboli Rudolf,Late Surger,Debuffer,,,,,,,,4 Attempts - 20 Races total,18,Go to Submit page,,,,,,,,,,,,,,Re-use Day 1 - Team Comp 1 as Day 2 - Team Comp 1,,,,,,,,,,4 Attempts - 20 Races total,18,Go to Submit page,,,,,,,,,,,,,,,Re-use Day 2 - Team Comp 1 as Day 3 - Team Comp 1,A Group,,,,,,,,,,4 Attempts - 20 Races total,12,Go to Submit page,,,,,,,,,,,,,,,Re-use Day 3 - Team Comp 1 as Day 4 - Team Comp 1,A Group,,,,,,,,,,4 Attempts - 20 Races total,11,Go to Submit page,,,,,,,,,,,,,,,A Finals,14697,Re-use Day 4 - Team Comp 1 as Finals Team Comp,,,,,,,,,,https://drive.google.com/open?id=1TpYEfmyIDtdxjawL-5tBbWyZi4owWtCW,2nd,No (goes to Submit page),,,,,,,,,,,,,,,,,,,,
9/2/2026 19:07:46,Kai,Graded (No Uma Restrictions),Win A finals,I accept these terms,Finals,"iOS - phone or tablet, Windows",$101-500,1627,11-20 (roughly 2-3 per day),"Discord - MooMooCord - https://discord.gg/Hc7cP9GB, YouTube - MooMooCows - https://www.youtube.com/@MooMooCows",5,,Aston Machan,Front Runner,Ace built for this CM before CM start in Grand Concert scenario,2,0,0,0,3,1,0,Seiun Sky,Front Runner,Ace built for this CM before CM start in Grand Concert scenario,3,0,0,0,2,1,0,Curren Chan,Pace Chaser,Ace built for this CM before CM start in Grand Concert scenario,3,0,0,0,2,1,0,4 Attempts - 20 Races total,16,Go to Submit page,,,,,,,,,,,,,,Re-use Day 1 - Team Comp 1 as Day 2 - Team Comp 1,,,,,,,,,,4 Attempts - 20 Races total,17,Go to Submit page,,,,,,,,,,,,,,,Re-use Day 2 - Team Comp 1 as Day 3 - Team Comp 1,A Group,,,,,,,,,,4 Attempts - 20 Races total,8,Go to Submit page,,,,,,,,,,,,,,,Re-use Day 3 - Team Comp 1 as Day 4 - Team Comp 1,A Group,,,,,,,,,,4 Attempts - 20 Races total,13,Go to Submit page,,,,,,,,,,,,,,,A Finals,10627,Re-use Day 4 - Team Comp 1 as Finals Team Comp,,,,,,,,,,,1st,,,,,,,,,,,No,,,,,0,5,9,0,0,
9/2/2026 15:10:29,Malevian,Graded (No Uma Restrictions),Get into A finals,I accept these terms,Finals,Windows,$1-100,1348,6-10 (roughly 1 per day),,,,Tamamo Cross,Late Surger,Ace built for this CM before CM start in Grand Concert scenario,3,,,,2,1,,Oguri Cap (Christmas),End Closer,Ace built for this CM before CM start in Grand Concert scenario,3,,,,2,1,,Taiki Shuttle (Camping),Pace Chaser,Ace built for this CM before CM start in Grand Concert scenario,3,,,,2,1,,4 Attempts - 20 Races total,9,Go to Submit page,,,,,,,,,,,,,,Re-use Day 1 - Team Comp 1 as Day 2 - Team Comp 1,,,,,,,,,,4 Attempts - 20 Races total,13,Go to Submit page,,,,,,,,,,,,,,,Re-use Day 2 - Team Comp 1 as Day 3 - Team Comp 1,A Group,,,,,,,,,,4 Attempts - 20 Races total,10,Go to Submit page,,,,,,,,,,,,,,,Re-use Day 3 - Team Comp 1 as Day 4 - Team Comp 1,A Group,,,,,,,,,,4 Attempts - 20 Races total,12,Go to Submit page,,,,,,,,,,,,,,,A Finals,7564,Re-use Day 4 - Team Comp 1 as Finals Team Comp,,,,,,,,,,https://drive.google.com/open?id=1GjF3DOukdAQmAIPjAcjpuU14oAxXMC0I,1st,,,,,,,,,,,No,,,,,,,,,,
9/3/2026 0:04:23,Clister,Graded (No Uma Restrictions),Get into B finals,I accept these terms,Finals,iOS - phone or tablet,$101-500,1000,21-30 (roughly 3-4 per day),Discord - MooMooCord - https://discord.gg/Hc7cP9GB,5,,Silence Suzuka,Runaway,Ace built for this CM before CM start in Grand Concert scenario,,,,,,,,Mihono Bourbon (Valentine),Front Runner,Ace built for this CM before CM start in Grand Concert scenario,,,,,,,,Aston Machan,Front Runner,Ace built for this CM before CM start in Grand Concert scenario,,,,,,,,4 Attempts - 20 Races total,15,Go to Submit page,,,,,,,,,,,,,,Re-use Day 1 - Team Comp 1 as Day 2 - Team Comp 1,,,,,,,,,,4 Attempts - 20 Races total,10,Go to Submit page,,,,,,,,,,,,,,,Re-use Day 2 - Team Comp 1 as Day 3 - Team Comp 1,A Group,,,,,,,,,,4 Attempts - 20 Races total,10,Go to Submit page,,,,,,,,,,,,,,,Add a new Team Comp as Day 4 - Team Comp 1,A Group,Silence Suzuka,Runaway,Ace built for this CM before CM start in Grand Concert scenario,Mihono Bourbon,Front Runner,Ace built for this CM before CM start in Grand Concert scenario,Grass Wonder,Late Surger,Debuffer,4 Attempts - 20 Races total,11,Go to Submit page,,,,,,,,,,,,,,,A Finals,12856,Re-use Day 4 - Team Comp 1 as Finals Team Comp,,,,,,,,,,https://drive.google.com/open?id=1whpfKhohQBxN2yt5CwS7mrmi6sqoG4a5,3rd,Yes,https://drive.google.com/open?id=15Iyfo2YqgK_djWdCFnZqdencbHFBvp_U,https://drive.google.com/open?id=1b9LAZYETMbOhvcRPsZgIosM_xJek2uAP,https://drive.google.com/open?id=1qzQV8sPRm1tROUbYTE5s-3yUy5zmz8dB,,,,,,https://drive.google.com/open?id=1pZkBccCkSc2hrA0ycjy817J0E5OlFsyj,,,,,,,,,,,
9/2/2026 21:02:01,hannahmuffins,Graded (No Uma Restrictions),Win A finals,I accept these terms,Finals,"Android - phone or tablet, Linux",$501-1000,1947,46+ (more than 6 per day),,,,Narita Taishin,End Closer,Ace built for this CM before CM start in Grand Concert scenario,3,0,0,0,2,1,0,Agnes Tachyon,End Closer,Debuffer,1,1,0,0,4,0,0,Grass Wonder,End Closer,Debuffer,1,1,0,0,4,0,0,4 Attempts - 20 Races total,18,Go to Submit page,,,,,,,,,,,,,,Re-use Day 1 - Team Comp 1 as Day 2 - Team Comp 1,,,,,,,,,,4 Attempts - 20 Races total,16,Go to Submit page,,,,,,,,,,,,,,,Re-use Day 2 - Team Comp 1 as Day 3 - Team Comp 1,A Group,,,,,,,,,,4 Attempts - 20 Races total,16,Go to Submit page,,,,,,,,,,,,,,,Re-use Day 3 - Team Comp 1 as Day 4 - Team Comp 1,A Group,,,,,,,,,,4 Attempts - 20 Races total,12,Go to Submit page,,,,,,,,,,,,,,,A Finals,10253,Re-use Day 4 - Team Comp 1 as Finals Team Comp,,,,,,,,,,https://drive.google.com/open?id=1K1hi_kJQmlruKNcoOSOn5wJ_sVSFM1WA,1st,,,,,,,,,,,Yes,taishin gaming,https://drive.google.com/open?id=1z2g4s5J5AjrSnKvndJ94l6RTAxyjqP5M,https://drive.google.com/open?id=113GJVjF2rmXv4OyOtl4HEB_ImjW9VKXA,,2,6,6,0,0,https://drive.google.com/open?id=1M0WmN2q8H28Wl5pXBjGm1YMfLu_EdIFK
9/2/2026 18:22:59,snowstorm,Graded (No Uma Restrictions),Win A finals,I accept these terms,Day 4,,$0,1379,31-45 (roughly 5-6 per day),,5,,Special Week,Late Surger,Ace built for this CM before CM start in Grand Concert scenario,3,0,0,0,2,1,,Agnes Tachyon,Pace Chaser,Debuffer,,,,,,,,Grass Wonder,End Closer,Debuffer,,,,,,,,4 Attempts - 20 Races total,16,Go to Submit page,,,,,,,,,,,,,,Re-use Day 1 - Team Comp 1 as Day 2 - Team Comp 1,,,,,,,,,,4 Attempts - 20 Races total,16,Go to Submit page,,,,,,,,,,,,,,,Re-use Day 2 - Team Comp 1 as Day 3 - Team Comp 1,A Group,,,,,,,,,,4 Attempts - 20 Races total,13,Go to Submit page,,,,,,,,,,,,,,,Re-use Day 3 - Team Comp 1 as Day 4 - Team Comp 1,A Group,,,,,,,,,,4 Attempts - 20 Races total,11,Finals,,,,,,,,,,,,,,,A Finals,15954,Re-use Day 4 - Team Comp 1 as Finals Team Comp,,,,,,,,,,https://drive.google.com/open?id=1eQj6jULGyrPIE3kzOs5epdYBlxLWZx5h,1st,,,,,,,,,,,Yes,spechonky the strongest,https://drive.google.com/open?id=1R-1kjc9HAtAfl3uiFshISAAFM_wPQ-bO,https://drive.google.com/open?id=1HRNXJyUGTxb5F6zww2dr8R5v8XtmSCRk,,0,6,2,2,2,https://drive.google.com/open?id=1sA_xrkSRvUeyhOLG6xYcZdymCDSTBnM8
9/2/2026 19:14:08,Zalnw770,Graded (No Uma Restrictions),Get into A finals,I accept these terms,Finals,"iOS - phone or tablet, Windows",$101-500,1500,21-30 (roughly 3-4 per day),Discord - MooMooCord - https://discord.gg/Hc7cP9GB,5,,Vodka,Late Surger,Ace built for this CM before CM start in Grand Concert scenario,3,0,0,0,2,1,0,Grass Wonder,Late Surger,Ace built for this CM before CM start in Grand Concert scenario,2,0,1,,2,1,0,Tamamo Cross,Late Surger,Ace built for this CM before CM start in Grand Concert scenario,3,0,0,0,2,1,0,4 Attempts - 20 Races total,15,Go to Submit page,,,,,,,,,,,,,,Re-use Day 1 - Team Comp 1 as Day 2 - Team Comp 1,,,,,,,,,,4 Attempts - 20 Races total,14,Go to Submit page,,,,,,,,,,,,,,,Re-use Day 2 - Team Comp 1 as Day 3 - Team Comp 1,A Group,,,,,,,,,,4 Attempts - 20 Races total,14,Go to Submit page,,,,,,,,,,,,,,,Re-use Day 3 - Team Comp 1 as Day 4 - Team Comp 1,A Group,,,,,,,,,,4 Attempts - 20 Races total,13,Go to Submit page,,,,,,,,,,,,,,,A Finals,8973,Re-use Day 4 - Team Comp 1 as Finals Team Comp,,,,,,,,,,https://drive.google.com/open?id=18Gn3hCFQf4K1W8ppQopX3vsCrgEr3H2Q,1st,,,,,,,,,,,Yes,Go Tama!,https://drive.google.com/open?id=1SBzDEJFU9r7Iemb0l926BrUaGDKp_XqW,https://drive.google.com/open?id=1B-5QbbwCKm8lfUBYrZNtPd6iOX2x7BJi,,5,8,2,0,0,https://drive.google.com/open?id=17rZAiyCU5RSopRZdUOkekWIRuGcGRyTE
9/2/2026 21:50:11,Kyosu,Graded (No Uma Restrictions),Get into A finals,I accept these terms,Finals,Windows,$101-500,1608,46+ (more than 6 per day),"Discord - MooMooCord - https://discord.gg/Hc7cP9GB, YouTube - MooMooCows - https://www.youtube.com/@MooMooCows",,,Fine Motion,Pace Chaser,Ace built for this CM before CM start in Grand Concert scenario,3,,,,2,1,,Taiki Shuttle,Pace Chaser,Ace built for this CM before CM start in Grand Concert scenario,2,,1,,2,1,,Oguri Cap,Late Surger,Ace built for this CM before CM start in Grand Concert scenario,3,,,,2,1,,4 Attempts - 20 Races total,15,Go to Submit page,,,,,,,,,,,,,,Re-use Day 1 - Team Comp 1 as Day 2 - Team Comp 1,,,,,,,,,,4 Attempts - 20 Races total,14,Go to Submit page,,,,,,,,,,,,,,,Re-use Day 2 - Team Comp 1 as Day 3 - Team Comp 1,A Group,,,,,,,,,,4 Attempts - 20 Races total,9,Go to Submit page,,,,,,,,,,,,,,,Re-use Day 3 - Team Comp 1 as Day 4 - Team Comp 1,A Group,,,,,,,,,,4 Attempts - 20 Races total,15,Go to Submit page,,,,,,,,,,,,,,,A Finals,12376,Re-use Day 4 - Team Comp 1 as Finals Team Comp,,,,,,,,,,https://drive.google.com/open?id=1mY5WLg6KpXvwVfzfV5AQUwztSahWGerl,1st,,,,,,,,,,,Yes,"You did fine, Motion",https://drive.google.com/open?id=1W8bEWvowlJQ_RkaYUeMZhVTEs2kcpKZ4,https://drive.google.com/open?id=11lD12i4lR741kkLSbR-vb4YgCQjkVxoN,,,12,5,,,https://drive.google.com/open?id=13ADSv1yANxoWtZZc78hIiVIF7lQ6viFE
9/2/2026 19:18:59,UnKn0wN2,Graded (No Uma Restrictions),Win A finals,I accept these terms,Finals,Windows,$0,1503,46+ (more than 6 per day),Rather not say,5,,Seiun Sky,Front Runner,Ace built for this CM before CM start in Grand Concert scenario,3,,,,2,1,,Taiki Shuttle,Front Runner,Ace built for this CM before CM start in Grand Concert scenario,3,,,,2,1,,Silence Suzuka,Runaway,Blocker/Overtake target/Throwaway/Niche role,1,,,,4,1,,4 Attempts - 20 Races total,14,Go to Submit page,,,,,,,,,,,,,,Re-use Day 1 - Team Comp 1 as Day 2 - Team Comp 1,,,,,,,,,,4 Attempts - 20 Races total,14,Go to Submit page,,,,,,,,,,,,,,,Re-use Day 2 - Team Comp 1 as Day 3 - Team Comp 1,A Group,,,,,,,,,,4 Attempts - 20 Races total,10,Go to Submit page,,,,,,,,,,,,,,,Re-use Day 3 - Team Comp 1 as Day 4 - Team Comp 1,A Group,,,,,,,,,,4 Attempts - 20 Races total,12,Go to Submit page,,,,,,,,,,,,,,,A Finals,13698,Re-use Day 4 - Team Comp 1 as Finals Team Comp,,,,,,,,,,https://drive.google.com/open?id=1c4w4zNwlHKqRAjLMh7ed-xpNJhDSTSWf,2nd,No (goes to Submit page),,,,,,,,,,,,,,,,,,,,
8/31/2026 22:30:11,janjan,Graded (No Uma Restrictions),Win A finals,I accept these terms,Day 4,Android - phone or tablet,$1-100,1017,21-30 (roughly 3-4 per day),YouTube - MooMooCows - https://www.youtube.com/@MooMooCows,5,,Seiun Sky,Front Runner,Ace built for this CM before CM start in Grand Concert scenario,3,,,,2,1,,Silence Suzuka,Front Runner,Ace built for this CM before CM start in Grand Concert scenario,3,,,,2,1,,Mejiro Dober (Camping),Late Surger,Ace built for this CM before CM start in Grand Concert scenario,3,,,,2,1,,4 Attempts - 20 Races total,18,Go to Submit page,,,,,,,,,,,,,,Re-use Day 1 - Team Comp 1 as Day 2 - Team Comp 1,,,,,,,,,,4 Attempts - 20 Races total,17,Go to Submit page,,,,,,,,,,,,,,,Re-use Day 2 - Team Comp 1 as Day 3 - Team Comp 1,A Group,,,,,,,,,,4 Attempts - 20 Races total,14,Go to Submit page,,,,,,,,,,,,,,,Re-use Day 3 - Team Comp 1 as Day 4 - Team Comp 1,A Group,,,,,,,,,,4 Attempts - 20 Races total,14,Go to Submit page,,,,,,,,,,,,,,,,,,,,,,,,,,,,,,,,,,,,,,,,,,,,,,,,,
9/2/2026 15:17:10,Extrosis,Graded (No Uma Restrictions),Win A finals,I accept these terms,Finals,"Android - phone or tablet, Windows",$1001-5000,1879,31-45 (roughly 5-6 per day),Discord - MooMooCord - https://discord.gg/Hc7cP9GB,,,Hishi Amazon,End Closer,Ace built for this CM before CM start in Grand Concert scenario,3,0,0,0,2,1,0,Symboli Rudolf,End Closer,Debuffer,2,,,,3,1,,Nice Nature (Cheerleader),End Closer,Debuffer,2,,,,3,1,,4 Attempts - 20 Races total,20,Go to Submit page,,,,,,,,,,,,,,Re-use Day 1 - Team Comp 1 as Day 2 - Team Comp 1,,,,,,,,,,4 Attempts - 20 Races total,17,Go to Submit page,,,,,,,,,,,,,,,Re-use Day 2 - Team Comp 1 as Day 3 - Team Comp 1,A Group,,,,,,,,,,4 Attempts - 20 Races total,14,Go to Submit page,,,,,,,,,,,,,,,Re-use Day 3 - Team Comp 1 as Day 4 - Team Comp 1,A Group,,,,,,,,,,4 Attempts - 20 Races total,15,Go to Submit page,,,,,,,,,,,,,,,A Finals,14353,Re-use Day 4 - Team Comp 1 as Finals Team Comp,,,,,,,,,,https://drive.google.com/open?id=1kzTXbSn8ejHf5IV19NE0AdnBORuL_3rg,3rd,No (goes to Submit page),,,,,,,,,,,,,,,,,,,,
9/2/2026 21:05:06,BottlesMan,Graded (No Uma Restrictions),Win A finals,I accept these terms,Finals,"Android - phone or tablet, Windows",$101-500,1210,11-20 (roughly 2-3 per day),"Discord - MooMooCord - https://discord.gg/Hc7cP9GB, Twitch - MooMooCows - https://www.twitch.tv/moomoomoocows, YouTube - MooMooCows - https://www.youtube.com/@MooMooCows",4,,Mihono Bourbon (Valentine),Front Runner,Ace built for this CM before CM start in Grand Concert scenario,3,0,0,0,2,1,0,Seiun Sky,Front Runner,Ace built for this CM before CM start in Grand Concert scenario,3,0,0,0,2,1,0,Nishino Flower,Pace Chaser,Ace built for this CM before CM start in Grand Concert scenario,3,0,0,0,2,1,0,4 Attempts - 20 Races total,15,Go to Submit page,,,,,,,,,,,,,,Re-use Day 1 - Team Comp 1 as Day 2 - Team Comp 1,,,,,,,,,,4 Attempts - 20 Races total,13,Go to Submit page,,,,,,,,,,,,,,,Re-use Day 2 - Team Comp 1 as Day 3 - Team Comp 1,A Group,,,,,,,,,,4 Attempts - 20 Races total,14,Go to Submit page,,,,,,,,,,,,,,,Re-use Day 3 - Team Comp 1 as Day 4 - Team Comp 1,A Group,,,,,,,,,,4 Attempts - 20 Races total,14,Go to Submit page,,,,,,,,,,,,,,,A Finals,10183,Re-use Day 4 - Team Comp 1 as Finals Team Comp,,,,,,,,,,https://drive.google.com/open?id=1Ag7TXIU7PdMKYNSG6RGEHvjbSc1x3yj2,1st,,,,,,,,,,,No,,https://drive.google.com/open?id=1apB0BcTbk8qjXRxUGq54eKHl2eiXUg_F,https://drive.google.com/open?id=1TTohGULiQ3gHLFyvMd7Z1u5q3bedDBMb,,0,9,9,0,0,https://drive.google.com/open?id=1exqnxqvVfcIYvbj4V5PqvpYcDMvZNO64
8/30/2026 6:26:25,Moxanna,Graded (No Uma Restrictions),Win A finals,I accept these terms,Day 2,"iOS - phone or tablet, Windows",$501-1000,,46+ (more than 6 per day),YouTube - MooMooCows - https://www.youtube.com/@MooMooCows,4,Please fix Bamboo Memory in the Uma selection list to have both words capitalized!!! (currently still 'Bamboo memory' T_T),Admire Vega,End Closer,Ace built for this CM before CM start in Grand Concert scenario,2,,1,,2,1,,Seeking the Pearl,Pace Chaser,Ace built for this CM before CM start in Grand Concert scenario,3,,,,1,0,,Bamboo memory,Late Surger,Ace built for this CM before CM start in Grand Concert scenario,3,,,,1,0,,4 Attempts - 20 Races total,15,Go to Submit page,,,,,,,,,,,,,,Re-use Day 1 - Team Comp 1 as Day 2 - Team Comp 1,,,,,,,,,,4 Attempts - 20 Races total,15,Go to Submit page,,,,,,,,,,,,,,,,,,,,,,,,,,,,,,,,,,,,,,,,,,,,,,,,,,,,,,,,,,,,,,,,,,,,,,,,,,,,,,,,,,,,,,,,,,,,,,,,,,,,,,,,,
9/3/2026 1:36:49,Triszari,Graded (No Uma Restrictions),Win A finals,I accept these terms,Finals,Windows,$101-500,1774,31-45 (roughly 5-6 per day),Discord - MooMooCord - https://discord.gg/Hc7cP9GB,,,Special Week,Late Surger,Ace built for this CM before CM start in Grand Concert scenario,3,,,,2,0,,Sweep Tosho,End Closer,Ace built for this CM before CM start in Grand Concert scenario,2,,1,,2,1,,Grass Wonder,Late Surger,Debuffer,,,,,,,,4 Attempts - 20 Races total,18,Go to Submit page,,,,,,,,,,,,,,Re-use Day 1 - Team Comp 1 as Day 2 - Team Comp 1,,,,,,,,,,4 Attempts - 20 Races total,17,Go to Submit page,,,,,,,,,,,,,,,Re-use Day 2 - Team Comp 1 as Day 3 - Team Comp 1,A Group,,,,,,,,,,4 Attempts - 20 Races total,14,Go to Submit page,,,,,,,,,,,,,,,Re-use Day 3 - Team Comp 1 as Day 4 - Team Comp 1,A Group,,,,,,,,,,4 Attempts - 20 Races total,14,Go to Submit page,,,,,,,,,,,,,,,A Finals,10537,Re-use Day 4 - Team Comp 1 as Finals Team Comp,,,,,,,,,,https://drive.google.com/open?id=1ikS5IesX5w70N-HqJl9z4k0X_zZL93a5,1st,,,,,,,,,,,No,,,,,,,,,,https://drive.google.com/open?id=1exA-O8YkzNs769ol3WjJbYK4BB1uUBjM
9/3/2026 2:23:24,dracoraz,Graded (No Uma Restrictions),Get into A finals,I accept these terms,Finals,Windows,$1-100,1219,6-10 (roughly 1 per day),"Discord - MooMooCord - https://discord.gg/Hc7cP9GB, Twitch - MooMooCows - https://www.twitch.tv/moomoomoocows",5,,Agnes Tachyon,Pace Chaser,Ace built for this CM before CM start in Grand Concert scenario,3,0,0,0,2,1,0,Grass Wonder,Late Surger,Debuffer,,,,,,,,Symboli Rudolf,Late Surger,Debuffer,,,,,,,,4 Attempts - 20 Races total,12,Go to Submit page,,,,,,,,,,,,,,Re-use Day 1 - Team Comp 1 as Day 2 - Team Comp 1,,,,,,,,,,4 Attempts - 20 Races total,10,Go to Submit page,,,,,,,,,,,,,,,Re-use Day 2 - Team Comp 1 as Day 3 - Team Comp 1,A Group,,,,,,,,,,4 Attempts - 20 Races total,8,Go to Submit page,,,,,,,,,,,,,,,Re-use Day 3 - Team Comp 1 as Day 4 - Team Comp 1,A Group,,,,,,,,,,4 Attempts - 20 Races total,5,Go to Submit page,,,,,,,,,,,,,,,A Finals,8915,Re-use Day 4 - Team Comp 1 as Finals Team Comp,,,,,,,,,,,3rd,No (goes to Submit page),,,,,,,,,,,,,,,,,,,,
9/2/2026 15:18:50,Soff,Graded (No Uma Restrictions),Get into A finals,I accept these terms,Finals,Windows,$0,1349,21-30 (roughly 3-4 per day),Rather not say,,,Sakura Chiyono O,Pace Chaser,Ace built for this CM before CM start in Grand Concert scenario,3,,,,2,1,,Fuji Kiseki,Pace Chaser,Ace built for this CM before CM start in Grand Concert scenario,3,,,,2,1,,Bamboo memory,Late Surger,Ace built for this CM before CM start in Grand Concert scenario,3,,,,2,1,,4 Attempts - 20 Races total,13,Go to Submit page,,,,,,,,,,,,,,Re-use Day 1 - Team Comp 1 as Day 2 - Team Comp 1,,,,,,,,,,4 Attempts - 20 Races total,11,Go to Submit page,,,,,,,,,,,,,,,Re-use Day 2 - Team Comp 1 as Day 3 - Team Comp 1,A Group,,,,,,,,,,4 Attempts - 20 Races total,8,Go to Submit page,,,,,,,,,,,,,,,Re-use Day 3 - Team Comp 1 as Day 4 - Team Comp 1,A Group,,,,,,,,,,4 Attempts - 20 Races total,14,Go to Submit page,,,,,,,,,,,,,,,A Finals,8077,Re-use Day 4 - Team Comp 1 as Finals Team Comp,,,,,,,,,,https://drive.google.com/open?id=14xwuyTw9fAkJDaujKMs3uy4fN7piHDG1,1st,,,,,,,,,,,No,,https://drive.google.com/open?id=1l85qEdVia5rspuhZ-6KN6CemuTsvlcyT,https://drive.google.com/open?id=1EIVgc_5HvVpaye26PBVrltzmYNqVXXtE,,,12,2,,,https://drive.google.com/open?id=1DJVUYxbnf-vlGDT9QY40IDt97cQfoXh6
9/2/2026 15:56:21,Clan Ping,Graded (No Uma Restrictions),Win A finals,I accept these terms,Finals,"iOS - phone or tablet, Windows",$0,1125,21-30 (roughly 3-4 per day),Discord - MooMooCord - https://discord.gg/Hc7cP9GB,,,Narita Taishin,End Closer,Ace built for this CM before CM start in Grand Concert scenario,2,0,1,0,2,1,0,Grass Wonder,Late Surger,Ace built for this CM before CM start in Grand Concert scenario,2,0,1,0,2,1,0,Taiki Shuttle,Pace Chaser,Ace built for this CM before CM start in Grand Concert scenario,2,0,0,0,3,1,0,4 Attempts - 20 Races total,18,Go to Submit page,,,,,,,,,,,,,,Re-use Day 1 - Team Comp 1 as Day 2 - Team Comp 1,,,,,,,,,,4 Attempts - 20 Races total,13,Go to Submit page,,,,,,,,,,,,,,,Re-use Day 2 - Team Comp 1 as Day 3 - Team Comp 1,A Group,,,,,,,,,,4 Attempts - 20 Races total,16,Go to Submit page,,,,,,,,,,,,,,,Re-use Day 3 - Team Comp 1 as Day 4 - Team Comp 1,A Group,,,,,,,,,,4 Attempts - 20 Races total,13,Go to Submit page,,,,,,,,,,,,,,,A Finals,7680,Re-use Day 4 - Team Comp 1 as Finals Team Comp,,,,,,,,,,https://drive.google.com/open?id=1xtP25OauwRv9kF0JxIBRgWx4E05Hxkol,1st,,,,,,,,,,,No,,https://drive.google.com/open?id=1qpBh51dLtca6MC1N7BT6sqLCDpUx6I76,https://drive.google.com/open?id=12Y45O8PDxmHUFPL5dx1Hz-gazDqO2XRJ,,,3,6,9,,https://drive.google.com/open?id=1sHimhGTdeEFRhJDqkCjVyAXWoqsS4B_1
9/2/2026 23:48:42,Salt,Graded (No Uma Restrictions),Win A finals,I accept these terms,Finals,,$0,1908,21-30 (roughly 3-4 per day),YouTube - MooMooCows - https://www.youtube.com/@MooMooCows,5,,Manhattan Cafe,Pace Chaser,Ace built for this CM before CM start in Grand Concert scenario,3,0,0,0,2,1,0,Agnes Digital,Late Surger,Ace built for this CM before CM start in Grand Concert scenario,3,0,0,0,2,1,0,Fine Motion,Pace Chaser,Ace built for this CM before CM start in Grand Concert scenario,3,0,0,0,2,1,0,4 Attempts - 20 Races total,16,Go to Submit page,,,,,,,,,,,,,,Re-use Day 1 - Team Comp 1 as Day 2 - Team Comp 1,,,,,,,,,,4 Attempts - 20 Races total,14,Go to Submit page,,,,,,,,,,,,,,,Re-use Day 2 - Team Comp 1 as Day 3 - Team Comp 1,A Group,,,,,,,,,,4 Attempts - 20 Races total,13,Go to Submit page,,,,,,,,,,,,,,,Re-use Day 3 - Team Comp 1 as Day 4 - Team Comp 1,A Group,,,,,,,,,,4 Attempts - 20 Races total,12,Go to Submit page,,,,,,,,,,,,,,,A Finals,12792,Re-use Day 4 - Team Comp 1 as Finals Team Comp,,,,,,,,,,,2nd,No (goes to Submit page),,,,,,,,,,,,,,,,,,,,
9/2/2026 15:42:06,Incinerize,Graded (No Uma Restrictions),Win A finals,I accept these terms,Finals,Android - phone or tablet,$1-100,1680,31-45 (roughly 5-6 per day),Discord - MooMooCord - https://discord.gg/Hc7cP9GB,,,Silence Suzuka,Runaway,Ace built for this CM before CM start in Grand Concert scenario,3,,,,2,1,,Symboli Rudolf,End Closer,Debuffer,,,,,,,,Oguri Cap (Christmas),End Closer,Ace built for this CM before CM start in Grand Concert scenario,2,,,,3,1,,4 Attempts - 20 Races total,14,Go to Submit page,,,,,,,,,,,,,,Add new Team Comp as Day 2 - Team Comp 1,Silence Suzuka,Runaway,Ace built for this CM before CM start in Grand Concert scenario,Grass Wonder,Late Surger,Mid-CM Ace build in Grand Concert scenario,Oguri Cap (Christmas),End Closer,Ace built for this CM before CM start in Grand Concert scenario,4 Attempts - 20 Races total,17,Go to Submit page,,,,,,,,,,,,,,,Re-use Day 2 - Team Comp 1 as Day 3 - Team Comp 1,A Group,,,,,,,,,,4 Attempts - 20 Races total,11,Go to Submit page,,,,,,,,,,,,,,,Add a new Team Comp as Day 4 - Team Comp 1,A Group,Silence Suzuka,Runaway,Ace built for this CM before CM start in Grand Concert scenario,Grass Wonder,Late Surger,Mid-CM Ace build in Grand Concert scenario,Oguri Cap (Christmas),End Closer,Ace built for this CM before CM start in Grand Concert scenario,4 Attempts - 20 Races total,13,Go to Submit page,,,,,,,,,,,,,,,A Finals,13728,Re-use Day 4 - Team Comp 1 as Finals Team Comp,,,,,,,,,,https://drive.google.com/open?id=19vqb-fxLiscos8rXDu8d3agrG0Ld2Kjp,2nd,Yes,https://drive.google.com/open?id=1he0_8_w04GQnazM221xqmnARQwms-sc9,https://drive.google.com/open?id=181BOwzwYhxVlskwBx4mYAbwCkOOIx9O-,,,9,6,,,https://drive.google.com/open?id=1UfVLOooSQN_ejBXI__CPWA92nuqdHzgP,,,,,,,,,,,
9/2/2026 22:30:11,Jau ZP,Graded (No Uma Restrictions),Get into A finals,I accept these terms,Finals,"Android - phone or tablet, Windows",$5000+,1684,11-20 (roughly 2-3 per day),Discord - MooMooCord - https://discord.gg/Hc7cP9GB,,,Aston Machan,Front Runner,Ace built for this CM before CM start in Grand Concert scenario,3,0,0,0,2,1,0,Daiwa Scarlet,Front Runner,Ace built for this CM before CM start in Grand Concert scenario,3,0,0,0,2,1,0,Vodka,Late Surger,Ace built for this CM before CM start in Grand Concert scenario,3,0,0,0,2,1,0,4 Attempts - 20 Races total,11,Go to Submit page,,,,,,,,,,,,,,Add new Team Comp as Day 2 - Team Comp 1,Aston Machan,Front Runner,Ace built for this CM before CM start in Grand Concert scenario,Seiun Sky,Front Runner,Mid-CM Ace build in Grand Concert scenario,Oguri Cap (Christmas),End Closer,Ace built for this CM before CM start in Grand Concert scenario,4 Attempts - 20 Races total,17,Go to Submit page,,,,,,,,,,,,,,,Re-use Day 2 - Team Comp 2 as Day 3 - Team Comp 1,A Group,,,,,,,,,,4 Attempts - 20 Races total,12,Go to Submit page,,,,,,,,,,,,,,,Re-use Day 3 - Team Comp 1 as Day 4 - Team Comp 1,A Group,,,,,,,,,,4 Attempts - 20 Races total,16,Go to Submit page,,,,,,,,,,,,,,,A Finals,11918,Re-use Day 4 - Team Comp 1 as Finals Team Comp,,,,,,,,,,https://drive.google.com/open?id=10lvGE-tktOiIEUmhlX6A-mIsAL8xaO7M,1st,,,,,,,,,,,No,,https://drive.google.com/open?id=1SmHaQxtfmvQ53JZTkg5LZ8y6BgSNb9TE,https://drive.google.com/open?id=1o9orxME1cxbeAUv9keChOYn4-XvN0hFR,,2,9,5,0,0,https://drive.google.com/open?id=1qZ5PtpRYNCcAj3CKaYMHFnfuKtE9gTuM
9/2/2026 19:49:59,Zennr,Graded (No Uma Restrictions),Get into A finals,I accept these terms,Finals,"Android - phone or tablet, Windows",$501-1000,1128,31-45 (roughly 5-6 per day),,,,T.M. Opera O (New Year),Late Surger,Ace built for this CM before CM start in Grand Concert scenario,2,,1,,2,1,,Vodka,Late Surger,Ace built for this CM before CM start in Grand Concert scenario,2,,1,,2,1,,Oguri Cap,Late Surger,Ace built for this CM before CM start in Grand Concert scenario,2,,1,,2,1,,4 Attempts - 20 Races total,12,Go to Submit page,,,,,,,,,,,,,,Re-use Day 1 - Team Comp 1 as Day 2 - Team Comp 1,,,,,,,,,,4 Attempts - 20 Races total,14,Go to Submit page,,,,,,,,,,,,,,,Re-use Day 2 - Team Comp 1 as Day 3 - Team Comp 1,A Group,,,,,,,,,,4 Attempts - 20 Races total,8,Go to Submit page,,,,,,,,,,,,,,,Re-use Day 3 - Team Comp 1 as Day 4 - Team Comp 1,A Group,,,,,,,,,,4 Attempts - 20 Races total,9,Go to Submit page,,,,,,,,,,,,,,,A Finals,8301,Re-use Day 4 - Team Comp 1 as Finals Team Comp,,,,,,,,,,https://drive.google.com/open?id=1dxt5RWf0vFEbNanQtbcpS7zl1hufA2EA,1st,,,,,,,,,,,Yes,Bask in my eloquence and stand proud to have raced me,https://drive.google.com/open?id=14a0EFPLlgTxVPESNWVXSxCnE2xIXzMo1,https://drive.google.com/open?id=1osqhqxDKfx_9pOK0lLi1i2Xk6xiVe2N1,,,,,,,https://drive.google.com/open?id=1So0HLwTM9eDKGPJNx-bHlRyviGI9o5PY
9/1/2026 1:09:41,Venge,Graded (No Uma Restrictions),Get into A finals,I accept these terms,Day 3,,,,,,,,Mihono Bourbon (Valentine),Front Runner,Ace built for this CM before CM start in Grand Concert scenario,3,0,0,0,2,1,0,Seiun Sky,Front Runner,Ace built for this CM before CM start in Grand Concert scenario,3,0,0,0,2,1,0,Mayano Top Gun,Front Runner,Ace built for this CM before CM start in Grand Concert scenario,3,0,0,0,2,1,0,3 Attempts - 15 Races total,7,Go to Submit page,,,,,,,,,,,,,,Re-use Day 1 - Team Comp 1 as Day 2 - Team Comp 1,,,,,,,,,,2 Attempts - 10 Races total,4,Day 3,,,,,,,,,,,,,,,Re-use Day 2 - Team Comp 1 as Day 3 - Team Comp 1,A Group,,,,,,,,,,4 Attempts - 20 Races total,6,Day 4,,,,,,,,,,,,,,,Re-use Day 3 - Team Comp 1 as Day 4 - Team Comp 1,A Group,,,,,,,,,,4 Attempts - 20 Races total,6,Go to Submit page,,,,,,,,,,,,,,,,,,,,,,,,,,,,,,,,,,,,,,,,,,,,,,,,,
9/2/2026 15:21:59,axiander333,Graded (No Uma Restrictions),Get into A finals,I accept these terms,Finals,iOS - phone or tablet,$1-100,266,6-10 (roughly 1 per day),YouTube - MooMooCows - https://www.youtube.com/@MooMooCows,5,,Fine Motion (Wedding),Pace Chaser,Ace built for this CM before CM start in Grand Concert scenario,3,0,0,0,2,1,0,Taiki Shuttle (Camping),Pace Chaser,Ace built for this CM before CM start in Grand Concert scenario,3,0,0,0,2,1,0,Symboli Rudolf,End Closer,Debuffer,1,0,0,0,4,1,0,4 Attempts - 20 Races total,15,Go to Submit page,,,,,,,,,,,,,,Re-use Day 1 - Team Comp 1 as Day 2 - Team Comp 1,,,,,,,,,,4 Attempts - 20 Races total,16,Day 3,,,,,,,,,,,,,,,Re-use Day 2 - Team Comp 1 as Day 3 - Team Comp 1,A Group,,,,,,,,,,4 Attempts - 20 Races total,14,Go to Submit page,,,,,,,,,,,,,,,Re-use Day 3 - Team Comp 1 as Day 4 - Team Comp 1,A Group,,,,,,,,,,4 Attempts - 20 Races total,10,Go to Submit page,,,,,,,,,,,,,,,A Finals,11107,Re-use Day 4 - Team Comp 1 as Finals Team Comp,,,,,,,,,,https://drive.google.com/open?id=1-c56RCNwe1NKuIo3iZ5QKDSpmxDHW-zz,1st,,,,,,,,,,,No,,,,,,,,,,
9/3/2026 0:59:58,Spinorange,Graded (No Uma Restrictions),Win A finals,I accept these terms,Day 2,Windows,$0,,21-30 (roughly 3-4 per day),Discord - MooMooCord - https://discord.gg/Hc7cP9GB,5,,Aston Machan,Front Runner,Ace built for this CM before CM start in Grand Concert scenario,3,,,,2,1,,Daiwa Scarlet,Front Runner,Ace built for this CM before CM start in Grand Concert scenario,3,,,,2,1,,Vodka,Late Surger,Ace built for this CM before CM start in Grand Concert scenario,2,,1,,2,1,,4 Attempts - 20 Races total,16,Go to Submit page,,,,,,,,,,,,,,Re-use Day 1 - Team Comp 1 as Day 2 - Team Comp 1,,,,,,,,,,4 Attempts - 20 Races total,12,Day 3,,,,,,,,,,,,,,,Re-use Day 2 - Team Comp 1 as Day 3 - Team Comp 1,A Group,,,,,,,,,,4 Attempts - 20 Races total,10,Day 4,,,,,,,,,,,,,,,Re-use Day 3 - Team Comp 1 as Day 4 - Team Comp 1,A Group,,,,,,,,,,4 Attempts - 20 Races total,8,Finals,,,,,,,,,,,,,,,A Finals,7899,Re-use Day 4 - Team Comp 1 as Finals Team Comp,,,,,,,,,,https://drive.google.com/open?id=1uEuJenh5uvnaxpjtvuUCwb_3v6indEKx,1st,,,,,,,,,,,Yes,Is it by a whisker? Vodka?,https://drive.google.com/open?id=1f2p2_okO5ZN76Ol7U16tzmwNQubVeKKz,https://drive.google.com/open?id=1cM4vySCQiCweUEG4ookp01n_qVQd3-tu,,0,9,3,3,0,https://drive.google.com/open?id=12pyM27eEMWII8C4sWszM265nY_HFU08Q
9/2/2026 17:24:28,EvnSparks,Graded (No Uma Restrictions),Get into A finals,I accept these terms,Finals,"iOS - phone or tablet, Windows",$101-500,1146,11-20 (roughly 2-3 per day),,5,,Oguri Cap (Christmas),End Closer,Ace built for this CM before CM start in Grand Concert scenario,3,0,0,0,2,1,0,Grass Wonder,Late Surger,Debuffer,,,,,,,,Symboli Rudolf,Late Surger,Debuffer,,,,,,,,4 Attempts - 20 Races total,17,Go to Submit page,,,,,,,,,,,,,,Re-use Day 1 - Team Comp 1 as Day 2 - Team Comp 1,,,,,,,,,,4 Attempts - 20 Races total,15,Go to Submit page,,,,,,,,,,,,,,,Re-use Day 2 - Team Comp 1 as Day 3 - Team Comp 1,A Group,,,,,,,,,,4 Attempts - 20 Races total,6,Go to Submit page,,,,,,,,,,,,,,,Re-use Day 3 - Team Comp 1 as Day 4 - Team Comp 1,A Group,,,,,,,,,,4 Attempts - 20 Races total,11,Go to Submit page,,,,,,,,,,,,,,,A Finals,13632,Re-use Day 4 - Team Comp 1 as Finals Team Comp,,,,,,,,,,https://drive.google.com/open?id=1knLLo7Z2zwtJB_zrTqcIenYs1aoFL2J6,1st,,,,,,,,,,,Yes,That's my Goat right there!,https://drive.google.com/open?id=1EYs-n9bDg4XkkzzpXFYdy00mWH90a1l8,https://drive.google.com/open?id=1a0JXnaz3vY6Ci3X5rve9bptdS6zS6lpb,,0,8,2,,3,https://drive.google.com/open?id=1pkdeZiSehe8m7c5FOF15LPD9sLYyqzYo
9/2/2026 20:53:01,qqey,Graded (No Uma Restrictions),Win A finals,I accept these terms,Finals,iOS - phone or tablet,$101-500,1363,11-20 (roughly 2-3 per day),"Discord - MooMooCord - https://discord.gg/Hc7cP9GB, Twitch - MooMooCows - https://www.twitch.tv/moomoomoocows, YouTube - MooMooCows - https://www.youtube.com/@MooMooCows",,,Oguri Cap (Christmas),End Closer,Ace built for this CM before CM start in Grand Concert scenario,2,0,1,0,2,1,0,Taiki Shuttle (Camping),Pace Chaser,Ace built for this CM before CM start in Grand Concert scenario,3,0,0,0,2,1,0,Fine Motion,Pace Chaser,Ace built for this CM before CM start in Grand Concert scenario,3,0,0,0,2,1,0,4 Attempts - 20 Races total,14,Go to Submit page,,,,,,,,,,,,,,Re-use Day 1 - Team Comp 1 as Day 2 - Team Comp 1,,,,,,,,,,4 Attempts - 20 Races total,17,Go to Submit page,,,,,,,,,,,,,,,Re-use Day 2 - Team Comp 1 as Day 3 - Team Comp 1,A Group,,,,,,,,,,4 Attempts - 20 Races total,14,Go to Submit page,,,,,,,,,,,,,,,Re-use Day 3 - Team Comp 1 as Day 4 - Team Comp 1,A Group,,,,,,,,,,4 Attempts - 20 Races total,12,Go to Submit page,,,,,,,,,,,,,,,A Finals,10454,Re-use Day 4 - Team Comp 1 as Finals Team Comp,,,,,,,,,,https://drive.google.com/open?id=1CVT1612EsyHTfLK5stX0Lpzxi2gSV74V,3rd,Yes,https://drive.google.com/open?id=1l_0dOdUOWFa1LSp4zqL1zz7OldTv_OEL,https://drive.google.com/open?id=1rV4fRDxeDCZQ60wE6yUB7B9xSncJcr2j,,6,6,6,0,0,https://drive.google.com/open?id=1DQ5V2RiumLmvkcCY2gUa1XdoOM4R_QqZ,,,,,,,,,,,
9/3/2026 2:46:57,6>Suri,Graded (No Uma Restrictions),Get into A finals,I accept these terms,Day 3,Android - phone or tablet,$0,972,11-20 (roughly 2-3 per day),"Discord - MooMooCord - https://discord.gg/Hc7cP9GB, Twitch - MooMooCows - https://www.twitch.tv/moomoomoocows, YouTube - MooMooCows - https://www.youtube.com/@MooMooCows",3,,Taiki Shuttle (Camping),Pace Chaser,Ace built for this CM before CM start in Grand Concert scenario,,,,,,,,Symboli Rudolf,Late Surger,Debuffer,,,,,,,,Grass Wonder,Late Surger,Debuffer,,,,,,,,4 Attempts - 20 Races total,13,Go to Submit page,,,,,,,,,,,,,,Re-use Day 1 - Team Comp 1 as Day 2 - Team Comp 1,,,,,,,,,,4 Attempts - 20 Races total,17,Go to Submit page,,,,,,,,,,,,,,,Re-use Day 2 - Team Comp 1 as Day 3 - Team Comp 1,A Group,,,,,,,,,,3 Attempts - 15 Races total,11,Day 4,,,,,,,,,,,,,,,Re-use Day 3 - Team Comp 1 as Day 4 - Team Comp 1,A Group,,,,,,,,,,4 Attempts - 20 Races total,15,Go to Submit page,,,,,,,,,,,,,,,A Finals,11293,Re-use Day 4 - Team Comp 1 as Finals Team Comp,,,,,,,,,,https://drive.google.com/open?id=1xR8oPIGvbh0vOqbwMKyXj00_zSRDvBoH,1st,,,,,,,,,,,No,,,,,,,,,,
9/3/2026 2:47:49,4>EsJeruk,Graded (No Uma Restrictions),Get into A finals,I accept these terms,Day 3,Android - phone or tablet,$0,460,6-10 (roughly 1 per day),"Discord - MooMooCord - https://discord.gg/Hc7cP9GB, Twitch - MooMooCows - https://www.twitch.tv/moomoomoocows, YouTube - MooMooCows - https://www.youtube.com/@MooMooCows",3,,Oguri Cap (Christmas),End Closer,Ace built for this CM before CM start in Grand Concert scenario,,,,,,,,Eishin Flash (Valentine),Late Surger,Debuffer,,,,,,,,Grass Wonder,Late Surger,Debuffer,,,,,,,,4 Attempts - 20 Races total,13,Go to Submit page,,,,,,,,,,,,,,Re-use Day 1 - Team Comp 1 as Day 2 - Team Comp 1,,,,,,,,,,4 Attempts - 20 Races total,15,Go to Submit page,,,,,,,,,,,,,,,Re-use Day 2 - Team Comp 1 as Day 3 - Team Comp 1,A Group,,,,,,,,,,4 Attempts - 20 Races total,12,Day 4,,,,,,,,,,,,,,,Re-use Day 3 - Team Comp 1 as Day 4 - Team Comp 1,A Group,,,,,,,,,,4 Attempts - 20 Races total,12,Go to Submit page,,,,,,,,,,,,,,,A Finals,10430,Re-use Day 4 - Team Comp 1 as Finals Team Comp,,,,,,,,,,https://drive.google.com/open?id=1Rr9_LAUqk-SJEr8run_mAFtOudknrgTC,3rd,No (goes to Submit page),,,,,,,,,,,,,,,,,,,,
9/3/2026 2:48:47,1>EsJeruk,Graded (No Uma Restrictions),Get into A finals,I accept these terms,Day 3,Android - phone or tablet,$0,530,11-20 (roughly 2-3 per day),"Discord - MooMooCord - https://discord.gg/Hc7cP9GB, Twitch - MooMooCows - https://www.twitch.tv/moomoomoocows, YouTube - MooMooCows - https://www.youtube.com/@MooMooCows",3,,Narita Taishin,End Closer,Ace built for this CM before CM start in Grand Concert scenario,,,,,,,,Agnes Tachyon,Late Surger,Debuffer,,,,,,,,Grass Wonder,Late Surger,Debuffer,,,,,,,,4 Attempts - 20 Races total,13,Go to Submit page,,,,,,,,,,,,,,Re-use Day 1 - Team Comp 1 as Day 2 - Team Comp 1,,,,,,,,,,4 Attempts - 20 Races total,11,Go to Submit page,,,,,,,,,,,,,,,Re-use Day 2 - Team Comp 1 as Day 3 - Team Comp 1,A Group,,,,,,,,,,4 Attempts - 20 Races total,9,Day 4,,,,,,,,,,,,,,,Re-use Day 3 - Team Comp 1 as Day 4 - Team Comp 1,A Group,,,,,,,,,,4 Attempts - 20 Races total,7,Go to Submit page,,,,,,,,,,,,,,,A Finals,9050,Re-use Day 4 - Team Comp 1 as Finals Team Comp,,,,,,,,,,https://drive.google.com/open?id=1IJdFdOl011Z8JQrrzhL1uUrZlExBT1xD,3rd,No (goes to Submit page),,,,,,,,,,,,,,,,,,,,
9/2/2026 16:36:36,OSoverspike,Graded (No Uma Restrictions),Win A finals,I accept these terms,Finals,Android - phone or tablet,$0,,31-45 (roughly 5-6 per day),Discord - MooMooCord - https://discord.gg/Hc7cP9GB,4,,Curren Chan (Wedding),Pace Chaser,Ace built for this CM before CM start in Grand Concert scenario,2,0,1,0,2,1,0,Fine Motion (Wedding),Pace Chaser,Ace built for this CM before CM start in Grand Concert scenario,3,0,0,0,2,1,0,Taiki Shuttle,Pace Chaser,Ace built for this CM before CM start in Grand Concert scenario,2,0,1,0,2,1,0,4 Attempts - 20 Races total,18,Go to Submit page,,,,,,,,,,,,,,Re-use Day 1 - Team Comp 1 as Day 2 - Team Comp 1,,,,,,,,,,4 Attempts - 20 Races total,17,Go to Submit page,,,,,,,,,,,,,,,Re-use Day 2 - Team Comp 1 as Day 3 - Team Comp 1,A Group,,,,,,,,,,4 Attempts - 20 Races total,14,Go to Submit page,,,,,,,,,,,,,,,Re-use Day 3 - Team Comp 1 as Day 4 - Team Comp 1,A Group,,,,,,,,,,4 Attempts - 20 Races total,11,Go to Submit page,,,,,,,,,,,,,,,A Finals,12343,Re-use Day 4 - Team Comp 1 as Finals Team Comp,,,,,,,,,,https://drive.google.com/open?id=1nxEAtLzSUeqZp310xIN0uAZsa3pZOw52,1st,,,,,,,,,,,Yes,"There were so many people watching, yet all I could think about was the smile I'd put on your face when I crossed the finish line. Ehe, thank you for making me the cutest, Big Sis! ♪",https://drive.google.com/open?id=1J6dIY9q_Fl6SD1TmcPBEc0JFWuytFrI6,https://drive.google.com/open?id=1zGDsiQAqC5qCYWJSm-yKtvKSUwvmmBbX,,7,6,3,0,0,https://drive.google.com/open?id=1KC26uqoDiIAYZREkSwyoeFob6D2tApVl
8/31/2026 20:15:34,Ketsura,Graded (No Uma Restrictions),Get into A finals,I accept these terms,Day 4,Windows,$101-500,2167,31-45 (roughly 5-6 per day),Discord - MooMooCord - https://discord.gg/Hc7cP9GB,,,Oguri Cap (Christmas),End Closer,Ace built for this CM before CM start in Grand Concert scenario,3,0,0,0,2,1,0,Nishino Flower,Pace Chaser,Ace built for this CM before CM start in Grand Concert scenario,3,0,0,0,2,1,0,Taiki Shuttle,Pace Chaser,Ace built for this CM before CM start in Grand Concert scenario,3,0,0,0,2,1,0,3 Attempts - 15 Races total,10,Go to Submit page,,,,,,,,,,,,,,Re-use Day 1 - Team Comp 1 as Day 2 - Team Comp 1,,,,,,,,,,3 Attempts - 15 Races total,11,Go to Submit page,,,,,,,,,,,,,,,Re-use Day 2 - Team Comp 1 as Day 3 - Team Comp 1,A Group,,,,,,,,,,4 Attempts - 20 Races total,12,Go to Submit page,,,,,,,,,,,,,,,Re-use Day 3 - Team Comp 1 as Day 4 - Team Comp 1,A Group,,,,,,,,,,4 Attempts - 20 Races total,13,Go to Submit page,,,,,,,,,,,,,,,,,,,,,,,,,,,,,,,,,,,,,,,,,,,,,,,,,
9/2/2026 17:22:02,FriedNomeler,Graded (No Uma Restrictions),Win A finals,I accept these terms,Finals,iOS - phone or tablet,$0,638,11-20 (roughly 2-3 per day),Discord - MooMooCord - https://discord.gg/Hc7cP9GB,5,,T.M. Opera O,Pace Chaser,Ace built for this CM before CM start in Grand Concert scenario,3,0,0,0,2,1,0,Special Week,Pace Chaser,Ace built for this CM before CM start in Grand Concert scenario,3,0,0,0,2,1,0,Grass Wonder,End Closer,Debuffer,2,0,0,0,3,1,0,4 Attempts - 20 Races total,13,Go to Submit page,,,,,,,,,,,,,,Re-use Day 1 - Team Comp 1 as Day 2 - Team Comp 1,,,,,,,,,,4 Attempts - 20 Races total,13,Go to Submit page,,,,,,,,,,,,,,,Re-use Day 2 - Team Comp 1 as Day 3 - Team Comp 1,A Group,,,,,,,,,,4 Attempts - 20 Races total,12,Go to Submit page,,,,,,,,,,,,,,,Re-use Day 3 - Team Comp 1 as Day 4 - Team Comp 1,A Group,,,,,,,,,,4 Attempts - 20 Races total,14,Go to Submit page,,,,,,,,,,,,,,,A Finals,10354,Re-use Day 4 - Team Comp 1 as Finals Team Comp,,,,,,,,,,https://drive.google.com/open?id=1HhddpsadDrH9YL2CdaIVeopNqKB6s-B6,1st,,,,,,,,,,,Yes,“There’s food at the finish line!”,https://drive.google.com/open?id=12j1K31Poo7txgwoceO2vozxmmoCDlL_3,https://drive.google.com/open?id=1bWuVbaHv9CGXIZosM-RP-QopVdiEQjSA,,0,2,9,1,0,https://drive.google.com/open?id=1Ft8PVH_oD0Lvczm4mVEme7MRRzg0wawv
9/3/2026 0:35:07,rly.,Graded (No Uma Restrictions),Win A finals,I accept these terms,Finals,"Android - phone or tablet, Windows",$1-100,2126,46+ (more than 6 per day),Discord - MooMooCord - https://discord.gg/Hc7cP9GB,,,King Halo,Late Surger,Ace built for this CM before CM start in Grand Concert scenario,3,0,0,0,2,1,0,Special Week,Late Surger,Ace built for this CM before CM start in Grand Concert scenario,3,0,0,0,2,1,0,Grass Wonder,End Closer,Debuffer,,,,,,,,4 Attempts - 20 Races total,16,Go to Submit page,,,,,,,,,,,,,,Re-use Day 1 - Team Comp 1 as Day 2 - Team Comp 1,,,,,,,,,,4 Attempts - 20 Races total,14,Go to Submit page,,,,,,,,,,,,,,,Add new Team Comp as Day 3 - Team Comp 1,A Group,King Halo,Late Surger,Ace built for this CM before CM start in Grand Concert scenario,Nice Nature (Cheerleader),Late Surger,Debuffer,Grass Wonder,End Closer,Debuffer,4 Attempts - 20 Races total,11,Go to Submit page,,,,,,,,,,,,,,,Re-use Day 3 - Team Comp 2 as Day 4 - Team Comp 1,A Group,,,,,,,,,,4 Attempts - 20 Races total,15,Go to Submit page,,,,,,,,,,,,,,,A Finals,12967,Re-use Day 4 - Team Comp 2 as Finals Team Comp,,,,,,,,,,https://drive.google.com/open?id=1PxNUUtb398SbEMHnTu2MuE1xme3xERpT,2nd,No (goes to Submit page),,,,,,,,,,,,,,,,,,,,
9/2/2026 21:00:13,Zellak,Graded (No Uma Restrictions),Get into A finals,I accept these terms,Finals,Windows,$101-500,559,6-10 (roughly 1 per day),"Twitch - MooMooCows - https://www.twitch.tv/moomoomoocows, YouTube - MooMooCows - https://www.youtube.com/@MooMooCows",5,,Mihono Bourbon (Valentine),Front Runner,Ace built for this CM before CM start in Grand Concert scenario,3,0,0,0,2,1,0,Seiun Sky,Front Runner,Ace built for this CM before CM start in Grand Concert scenario,3,0,0,0,2,1,0,Ines Fujin,Front Runner,Ace built for this CM before CM start in Grand Concert scenario,2,0,1,0,2,1,0,4 Attempts - 20 Races total,15,Go to Submit page,,,,,,,,,,,,,,Re-use Day 1 - Team Comp 1 as Day 2 - Team Comp 1,,,,,,,,,,4 Attempts - 20 Races total,13,Go to Submit page,,,,,,,,,,,,,,,Re-use Day 2 - Team Comp 1 as Day 3 - Team Comp 1,A Group,,,,,,,,,,4 Attempts - 20 Races total,10,Go to Submit page,,,,,,,,,,,,,,,Re-use Day 3 - Team Comp 1 as Day 4 - Team Comp 1,A Group,,,,,,,,,,4 Attempts - 20 Races total,10,Go to Submit page,,,,,,,,,,,,,,,A Finals,7153,Re-use Day 4 - Team Comp 1 as Finals Team Comp,,,,,,,,,,https://drive.google.com/open?id=1hcXatr_VfPKRCfwv3yLBtposL7RHPGU0,1st,,,,,,,,,,,No,,https://drive.google.com/open?id=1NmA10lkJm9kmq5xIC4pkviOCA73F2Min,https://drive.google.com/open?id=11qKjySHP2K8d69p3Z5xiTto2GEU5Wy1g,,0,15,0,0,0,https://drive.google.com/open?id=1CZ2-FEyFLvexuDxQlHBZKz740emdZFjt
9/2/2026 16:42:18,Tyste,Graded (No Uma Restrictions),Win A finals,I accept these terms,Day 4,Windows,$501-1000,2702,11-20 (roughly 2-3 per day),Discord - MooMooCord - https://discord.gg/Hc7cP9GB,4,,Aston Machan,Front Runner,Ace built for this CM before CM start in Grand Concert scenario,3,,,,2,1,,Mihono Bourbon (Valentine),Front Runner,Ace built for this CM before CM start in Grand Concert scenario,3,,,,2,1,,Fine Motion (Wedding),Pace Chaser,Ace built for this CM before CM start in Grand Concert scenario,3,,,,2,1,,4 Attempts - 20 Races total,16,Go to Submit page,,,,,,,,,,,,,,Add new Team Comp as Day 2 - Team Comp 1,Mihono Bourbon (Valentine),Front Runner,Ace built for this CM before CM start in Grand Concert scenario,Aston Machan,Front Runner,Ace built for this CM before CM start in Grand Concert scenario,El Condor Pasa (Fantasy),Late Surger,Mid-CM Ace build in Grand Concert scenario,4 Attempts - 20 Races total,16,Go to Submit page,,,,,,,,,,,,,,,Add new Team Comp as Day 3 - Team Comp 1,A Group,Mihono Bourbon (Valentine),Front Runner,Ace built for this CM before CM start in Grand Concert scenario,Seiun Sky,Front Runner,Mid-CM Ace build in Grand Concert scenario,Nice Nature (Cheerleader),Late Surger,Debuffer,4 Attempts - 20 Races total,13,Go to Submit page,,,,,,,,,,,,,,,Re-use Day 3 - Team Comp 1 as Day 4 - Team Comp 1,A Group,,,,,,,,,,4 Attempts - 20 Races total,15,Finals,,,,,,,,,,,,,,,A Finals,9830,Re-use Day 4 - Team Comp 1 as Finals Team Comp,,,,,,,,,,https://drive.google.com/open?id=1hz8j2YZL3a3RY4A9hCMhv79x4_6MitJz,1st,,,,,,,,,,,No,,https://drive.google.com/open?id=1G0ubol8FBJNrC1aI39ZPiC3_8tlar83A,https://drive.google.com/open?id=1nCygjwNpoMgpwWTeYG2CJMFKMnNm4T-c,,,15,3,,,https://drive.google.com/open?id=1VBMZlKcLFEG-fWhCENTmmxhcer-EhE2f
9/3/2026 1:44:34,norse,Graded (No Uma Restrictions),Win A finals,I accept these terms,Finals,,$101-500,1958,31-45 (roughly 5-6 per day),Discord - MooMooCord - https://discord.gg/Hc7cP9GB,,,Gold Ship,End Closer,Ace built for this CM before CM start in Grand Concert scenario,3,,,,2,1,,Grass Wonder,Late Surger,Debuffer,1,1,,,3,1,,Agnes Tachyon,Late Surger,Debuffer,1,1,,,3,1,,4 Attempts - 20 Races total,18,Go to Submit page,,,,,,,,,,,,,,Re-use Day 1 - Team Comp 1 as Day 2 - Team Comp 1,,,,,,,,,,4 Attempts - 20 Races total,16,Go to Submit page,,,,,,,,,,,,,,,Re-use Day 2 - Team Comp 1 as Day 3 - Team Comp 1,A Group,,,,,,,,,,4 Attempts - 20 Races total,14,Go to Submit page,,,,,,,,,,,,,,,Re-use Day 3 - Team Comp 1 as Day 4 - Team Comp 1,A Group,,,,,,,,,,4 Attempts - 20 Races total,12,Go to Submit page,,,,,,,,,,,,,,,A Finals,11895,Re-use Day 4 - Team Comp 1 as Finals Team Comp,,,,,,,,,,https://drive.google.com/open?id=1eBc4JXjjTYMl_XIWAKVlqaBAiBDyJ97q,1st,,,,,,,,,,,Yes,peace peace,https://drive.google.com/open?id=16EQUHs5Virf4OvSPqOtTwPf2OMf1lFF8,https://drive.google.com/open?id=1lnHENFMhUVZeJEVgYkn8nOXd_L5nbhGj,,,7,6,,1,https://drive.google.com/open?id=12C8IPbui5LD_1G8HvMwh1OoYmw5Lt_6M
9/1/2026 7:40:51,Aelmar,Graded (No Uma Restrictions),Win A finals,I accept these terms,Day 4,"Android - phone or tablet, Windows",$101-500,1714,31-45 (roughly 5-6 per day),Discord - MooMooCord - https://discord.gg/Hc7cP9GB,,,Seiun Sky,Front Runner,Ace built for this CM before CM start in Grand Concert scenario,3,,,,2,1,,Nishino Flower,Pace Chaser,Ace built for this CM before CM start in Grand Concert scenario,3,,,,2,1,,Mihono Bourbon (Valentine),Front Runner,Ace built for this CM before CM start in Grand Concert scenario,3,,,,2,1,,4 Attempts - 20 Races total,17,Go to Submit page,,,,,,,,,,,,,,Re-use Day 1 - Team Comp 1 as Day 2 - Team Comp 1,,,,,,,,,,4 Attempts - 20 Races total,18,Go to Submit page,,,,,,,,,,,,,,,Re-use Day 2 - Team Comp 1 as Day 3 - Team Comp 1,A Group,,,,,,,,,,4 Attempts - 20 Races total,19,Go to Submit page,,,,,,,,,,,,,,,Re-use Day 3 - Team Comp 1 as Day 4 - Team Comp 1,A Group,,,,,,,,,,4 Attempts - 20 Races total,18,Go to Submit page,,,,,,,,,,,,,,,,,,,,,,,,,,,,,,,,,,,,,,,,,,,,,,,,,
9/1/2026 2:58:27,BaronneDeFleur,Graded (No Uma Restrictions),Win A finals,I accept these terms,Day 4,Android - phone or tablet,$1-100,1016,0-5 (less than 1 per day),,3,,Special Week,Late Surger,Ace built for this CM before CM start in Grand Concert scenario,,,,,,,,Fine Motion (Wedding),Pace Chaser,Ace built for this CM before CM start in Grand Concert scenario,,,,,,,,Grass Wonder,Late Surger,Debuffer,,,,,,,,4 Attempts - 20 Races total,13,Go to Submit page,,,,,,,,,,,,,,Re-use Day 1 - Team Comp 1 as Day 2 - Team Comp 1,,,,,,,,,,4 Attempts - 20 Races total,14,Go to Submit page,,,,,,,,,,,,,,,Re-use Day 2 - Team Comp 1 as Day 3 - Team Comp 1,A Group,,,,,,,,,,4 Attempts - 20 Races total,12,Go to Submit page,,,,,,,,,,,,,,,Re-use Day 3 - Team Comp 1 as Day 4 - Team Comp 1,A Group,,,,,,,,,,4 Attempts - 20 Races total,8,Go to Submit page,,,,,,,,,,,,,,,,,,,,,,,,,,,,,,,,,,,,,,,,,,,,,,,,,
9/2/2026 20:08:40,Holic,Graded (No Uma Restrictions),Get into A finals,I accept these terms,Finals,"Android - phone or tablet, Windows",$0,971,11-20 (roughly 2-3 per day),Discord - MooMooCord - https://discord.gg/Hc7cP9GB,5,N/A,Mejiro Dober (Camping),Late Surger,Ace built for this CM before CM start in Grand Concert scenario,2,,,,3,1,,Aston Machan,Front Runner,Ace built for this CM before CM start in Grand Concert scenario,2,,,,3,0,,Maruzensky (Summer),Front Runner,Ace built for this CM before CM start in Grand Concert scenario,2,,1,,2,0,,4 Attempts - 20 Races total,10,Go to Submit page,,,,,,,,,,,,,,Re-use Day 1 - Team Comp 1 as Day 2 - Team Comp 1,,,,,,,,,,4 Attempts - 20 Races total,10,Go to Submit page,,,,,,,,,,,,,,,Re-use Day 2 - Team Comp 1 as Day 3 - Team Comp 1,A Group,,,,,,,,,,4 Attempts - 20 Races total,7,Go to Submit page,,,,,,,,,,,,,,,Re-use Day 3 - Team Comp 1 as Day 4 - Team Comp 1,A Group,,,,,,,,,,4 Attempts - 20 Races total,8,Go to Submit page,,,,,,,,,,,,,,,A Finals,7769,Re-use Day 4 - Team Comp 1 as Finals Team Comp,,,,,,,,,,,3rd,No (goes to Submit page),,,,,,,,,,,,,,,,,,,,
8/29/2026 3:46:25,veryshoort,Graded (No Uma Restrictions),Get into A finals,I accept these terms,Day 1,Android - phone or tablet,$0,,11-20 (roughly 2-3 per day),Discord - MooMooCord - https://discord.gg/Hc7cP9GB,5,,Oguri Cap (Christmas),End Closer,Ace built for this CM before CM start in Grand Concert scenario,2,0,1,0,2,1,0,El Condor Pasa,Pace Chaser,Ace built for this CM before CM start in Grand Concert scenario,3,0,0,0,2,1,0,Taiki Shuttle,Pace Chaser,Ace built for this CM before CM start in Grand Concert scenario,3,0,0,0,2,1,0,4 Attempts - 20 Races total,16,Go to Submit page,,,,,,,,,,,,,,,,,,,,,,,,,,,,,,,,,,,,,,,,,,,,,,,,,,,,,,,,,,,,,,,,,,,,,,,,,,,,,,,,,,,,,,,,,,,,,,,,,,,,,,,,,,,,,,,,,,,,,,,,,,,,,,,,,,,
9/2/2026 15:38:20,J,Graded (No Uma Restrictions),Get into A finals,I accept these terms,Finals,"Android - phone or tablet, Windows",$1001-5000,1936,31-45 (roughly 5-6 per day),Discord - MooMooCord - https://discord.gg/Hc7cP9GB,,,Mejiro Dober (Camping),Late Surger,Ace built for this CM before CM start in Grand Concert scenario,3,,,,2,1,,Oguri Cap (Christmas),End Closer,Ace built for this CM before CM start in Grand Concert scenario,2,,1,,2,1,,Symboli Rudolf,End Closer,Debuffer,,,,,,,,4 Attempts - 20 Races total,18,Go to Submit page,,,,,,,,,,,,,,Re-use Day 1 - Team Comp 1 as Day 2 - Team Comp 1,,,,,,,,,,4 Attempts - 20 Races total,18,Go to Submit page,,,,,,,,,,,,,,,Re-use Day 2 - Team Comp 1 as Day 3 - Team Comp 1,A Group,,,,,,,,,,4 Attempts - 20 Races total,16,Go to Submit page,,,,,,,,,,,,,,,Re-use Day 3 - Team Comp 1 as Day 4 - Team Comp 1,A Group,,,,,,,,,,4 Attempts - 20 Races total,19,Go to Submit page,,,,,,,,,,,,,,,A Finals,13467,Re-use Day 4 - Team Comp 1 as Finals Team Comp,,,,,,,,,,https://drive.google.com/open?id=1l_mlzixAejHlD9ls6Oi6NNItuDEaoJ8G,1st,,,,,,,,,,,No,,https://drive.google.com/open?id=1K8yIQC0nRV-6p9OoygSTB5M4do2zPT5X,https://drive.google.com/open?id=1gTUxaCEK3EGEr4GgFSS2pRXiJCRQu9T9,,,,,,,https://drive.google.com/open?id=1T-4Ic1TlT6w2r4CJWXvruraxs2jAttSY
9/2/2026 15:22:44,BlastHardcheese,Graded (No Uma Restrictions),Win A finals,I accept these terms,Finals,Windows,$0,1231,11-20 (roughly 2-3 per day),Twitch - MooMooCows - https://www.twitch.tv/moomoomoocows,,,Special Week,Late Surger,Ace built for this CM before CM start in Grand Concert scenario,3,0,0,0,2,1,0,King Halo,Late Surger,Ace built for this CM before CM start in Grand Concert scenario,3,0,0,0,2,1,0,El Condor Pasa,Pace Chaser,Ace built for this CM before CM start in Grand Concert scenario,2,0,1,0,2,1,0,4 Attempts - 20 Races total,15,Go to Submit page,,,,,,,,,,,,,,Re-use Day 1 - Team Comp 1 as Day 2 - Team Comp 1,,,,,,,,,,4 Attempts - 20 Races total,15,Go to Submit page,,,,,,,,,,,,,,,Re-use Day 2 - Team Comp 1 as Day 3 - Team Comp 1,A Group,,,,,,,,,,4 Attempts - 20 Races total,5,Go to Submit page,,,,,,,,,,,,,,,Re-use Day 3 - Team Comp 1 as Day 4 - Team Comp 1,A Group,,,,,,,,,,4 Attempts - 20 Races total,11,Go to Submit page,,,,,,,,,,,,,,,A Finals,6675,Re-use Day 4 - Team Comp 1 as Finals Team Comp,,,,,,,,,,https://drive.google.com/open?id=1IKC09PsO03ueFndndej6iLYeKFX1UZyf,2nd,Yes,https://drive.google.com/open?id=1oZA1ARdmeMnJ26bdOsM30WiKAod0JuAa,https://drive.google.com/open?id=1SF1I9dV5dK38hUv5Bsz_KuWEiu9BGIv2,,2,11,0,0,3,https://drive.google.com/open?id=1F-yi_MYg3LBKHg7OWp_pBHqd8fLRGjJt,,,,,,,,,,,
9/2/2026 23:51:03,Temu Admirevega,Graded (No Uma Restrictions),Win A finals,I accept these terms,Finals,"Android - phone or tablet, Windows",$1-100,1770,31-45 (roughly 5-6 per day),Discord - MooMooCord - https://discord.gg/Hc7cP9GB,5,,Admire Vega,End Closer,Ace built for this CM before CM start in Grand Concert scenario,2,,0,,2,1,,Narita Taishin,End Closer,Ace built for this CM before CM start in Grand Concert scenario,3,,,,2,0,,Agnes Tachyon,End Closer,Debuffer,,,,,,,,4 Attempts - 20 Races total,16,Go to Submit page,,,,,,,,,,,,,,Re-use Day 1 - Team Comp 1 as Day 2 - Team Comp 1,,,,,,,,,,4 Attempts - 20 Races total,15,Go to Submit page,,,,,,,,,,,,,,,Re-use Day 2 - Team Comp 1 as Day 3 - Team Comp 1,A Group,,,,,,,,,,4 Attempts - 20 Races total,12,Go to Submit page,,,,,,,,,,,,,,,Re-use Day 3 - Team Comp 1 as Day 4 - Team Comp 1,A Group,,,,,,,,,,4 Attempts - 20 Races total,10,Go to Submit page,,,,,,,,,,,,,,,A Finals,13141,Re-use Day 4 - Team Comp 1 as Finals Team Comp,,,,,,,,,,https://drive.google.com/open?id=19N6jABJ6Bg5uVlZSrgVzo-p8W1IzAGea,2nd,No (goes to Submit page),,,,,,,,,,,,,,,,,,,,
9/2/2026 19:11:24,Linh124,Graded (No Uma Restrictions),Get into A finals,I accept these terms,Finals,Windows,$1-100,2188,31-45 (roughly 5-6 per day),Discord - MooMooCord - https://discord.gg/Hc7cP9GB,,,Taiki Shuttle (Camping),Pace Chaser,Ace built for this CM before CM start in Grand Concert scenario,3,0,0,0,2,1,0,Mejiro Dober (Camping),Pace Chaser,Ace built for this CM before CM start in Grand Concert scenario,2,0,1,0,2,1,0,Nishino Flower,Pace Chaser,Ace built for this CM before CM start in Grand Concert scenario,2,0,0,0,3,1,0,4 Attempts - 20 Races total,14,Go to Submit page,,,,,,,,,,,,,,Re-use Day 1 - Team Comp 1 as Day 2 - Team Comp 1,,,,,,,,,,4 Attempts - 20 Races total,14,Go to Submit page,,,,,,,,,,,,,,,Re-use Day 2 - Team Comp 1 as Day 3 - Team Comp 1,A Group,,,,,,,,,,4 Attempts - 20 Races total,9,Go to Submit page,,,,,,,,,,,,,,,Re-use Day 3 - Team Comp 1 as Day 4 - Team Comp 1,A Group,,,,,,,,,,4 Attempts - 20 Races total,10,Go to Submit page,,,,,,,,,,,,,,,A Finals,6871,Re-use Day 4 - Team Comp 1 as Finals Team Comp,,,,,,,,,,https://drive.google.com/open?id=1iicMEvk5TxHIOkp1ugEg5egxt2CBg4y_,1st,,,,,,,,,,,No,,https://drive.google.com/open?id=1VDYdfm3muXAzfI3Cl13lMZojEkF2_snk,https://drive.google.com/open?id=1g_H1XKBCDI0ScCjQwNZZltemvOcB_C2S,,0,8,4,0,1,https://drive.google.com/open?id=1BMNpE1a-s_YujVeJlprx2N-1q711M61z
9/2/2026 18:05:51,qwoot,Graded (No Uma Restrictions),Win A finals,I accept these terms,Finals,"iOS - phone or tablet, Windows",$0,1283,21-30 (roughly 3-4 per day),Discord - MooMooCord - https://discord.gg/Hc7cP9GB,,,Oguri Cap (Christmas),End Closer,Ace built for this CM before CM start in Grand Concert scenario,3,0,0,0,2,1,0,Narita Taishin,End Closer,Ace built for this CM before CM start in Grand Concert scenario,3,0,0,0,2,1,0,Grass Wonder,Late Surger,Debuffer,,,,,,,,4 Attempts - 20 Races total,15,Go to Submit page,,,,,,,,,,,,,,Re-use Day 1 - Team Comp 1 as Day 2 - Team Comp 1,,,,,,,,,,4 Attempts - 20 Races total,17,Go to Submit page,,,,,,,,,,,,,,,Re-use Day 2 - Team Comp 1 as Day 3 - Team Comp 1,A Group,,,,,,,,,,4 Attempts - 20 Races total,11,Go to Submit page,,,,,,,,,,,,,,,Re-use Day 3 - Team Comp 1 as Day 4 - Team Comp 1,A Group,,,,,,,,,,4 Attempts - 20 Races total,16,Go to Submit page,,,,,,,,,,,,,,,A Finals,12656,Re-use Day 4 - Team Comp 1 as Finals Team Comp,,,,,,,,,,,3rd,No (goes to Submit page),,,,,,,,,,,,,,,,,,,,
9/3/2026 14:10:07,ori,Graded (No Uma Restrictions),Get into A finals,I accept these terms,Day 2,Windows,$1-100,1769,21-30 (roughly 3-4 per day),Discord - MooMooCord - https://discord.gg/Hc7cP9GB,5,,Fine Motion,Pace Chaser,Ace built for this CM before CM start in Grand Concert scenario,3,0,1,0,1,1,0,Narita Taishin,End Closer,Ace built for this CM before CM start in Grand Concert scenario,3,0,0,0,2,1,0,Symboli Rudolf,End Closer,Debuffer,1,0,0,0,3,2,0,4 Attempts - 20 Races total,19,Go to Submit page,,,,,,,,,,,,,,Add new Team Comp as Day 2 - Team Comp 1,Narita Taishin,End Closer,Ace built for this CM before CM start in Grand Concert scenario,Grass Wonder,End Closer,Debuffer,Symboli Rudolf,End Closer,Debuffer,4 Attempts - 20 Races total,17,Day 3,,,,,,,,,,,,,,,Re-use Day 2 - Team Comp 1 as Day 3 - Team Comp 1,A Group,,,,,,,,,,4 Attempts - 20 Races total,7,Day 4,,,,,,,,,,,,,,,Re-use Day 3 - Team Comp 1 as Day 4 - Team Comp 1,A Group,,,,,,,,,,4 Attempts - 20 Races total,9,Finals,,,,,,,,,,,,,,,A Finals,11803,Re-use Day 4 - Team Comp 1 as Finals Team Comp,,,,,,,,,,https://drive.google.com/open?id=15qgEeN3v-gnM2k1JEbXCGFo1xuKMfxd3,1st,,,,,,,,,,,Yes,gremlin conquer,https://drive.google.com/open?id=1SMK-jRnUALTDh2Kqj7ohJ_xYOE1TttyN,https://drive.google.com/open?id=1qZ0TaqHVv8vbgs_LZfVD601eIiXEybyw,,1,11,2,0,0,https://drive.google.com/open?id=1vAy5GEPxOX5aBAsQykXw_AalOqX4nMAH
9/2/2026 15:13:20,Origami,Graded (No Uma Restrictions),Win A finals,I accept these terms,Finals,Windows,$0,1025,6-10 (roughly 1 per day),"Twitch - MooMooCows - https://www.twitch.tv/moomoomoocows, YouTube - MooMooCows - https://www.youtube.com/@MooMooCows",5,,Air Groove,Pace Chaser,Ace built for this CM before CM start in Grand Concert scenario,3,,,,2,1,,Seeking the Pearl,End Closer,Ace built for this CM before CM start in Grand Concert scenario,3,,1,,1,1,,Sweep Tosho,End Closer,Ace built for this CM before CM start in Grand Concert scenario,3,,1,,1,1,,4 Attempts - 20 Races total,10,Go to Submit page,,,,,,,,,,,,,,Re-use Day 1 - Team Comp 1 as Day 2 - Team Comp 1,,,,,,,,,,4 Attempts - 20 Races total,16,Go to Submit page,,,,,,,,,,,,,,,Re-use Day 2 - Team Comp 1 as Day 3 - Team Comp 1,A Group,,,,,,,,,,4 Attempts - 20 Races total,8,Go to Submit page,,,,,,,,,,,,,,,Re-use Day 3 - Team Comp 1 as Day 4 - Team Comp 1,A Group,,,,,,,,,,4 Attempts - 20 Races total,15,Go to Submit page,,,,,,,,,,,,,,,A Finals,10277,Re-use Day 4 - Team Comp 1 as Finals Team Comp,,,,,,,,,,,2nd,No (goes to Submit page),,,,,,,,,,,,,,,,,,,,
9/3/2026 2:04:03,Lasercar,Graded (No Uma Restrictions),Get into A finals,I accept these terms,Finals,Windows,$1-100,1583,46+ (more than 6 per day),"Discord - MooMooCord - https://discord.gg/Hc7cP9GB, Twitch - MooMooCows - https://www.twitch.tv/moomoomoocows",5,,Silence Suzuka,Runaway,Ace built for this CM before CM start in Grand Concert scenario,3,,,,2,1,,Mihono Bourbon (Valentine),Front Runner,Ace built for this CM before CM start in Grand Concert scenario,3,,,,2,1,,Seiun Sky,Front Runner,Ace built for this CM before CM start in Grand Concert scenario,3,,,,2,1,,4 Attempts - 20 Races total,13,Go to Submit page,,,,,,,,,,,,,,Re-use Day 1 - Team Comp 1 as Day 2 - Team Comp 1,,,,,,,,,,4 Attempts - 20 Races total,14,Day 3,,,,,,,,,,,,,,,Re-use Day 2 - Team Comp 1 as Day 3 - Team Comp 1,A Group,,,,,,,,,,4 Attempts - 20 Races total,7,Go to Submit page,,,,,,,,,,,,,,,Add a new Team Comp as Day 4 - Team Comp 1,A Group,Mihono Bourbon (Valentine),Front Runner,Ace built for this CM before CM start in Grand Concert scenario,Seiun Sky,Front Runner,Ace built for this CM before CM start in Grand Concert scenario,Grass Wonder,End Closer,Debuffer,4 Attempts - 20 Races total,9,Go to Submit page,,,,,,,,,,,,,,,A Finals,10285,Re-use Day 4 - Team Comp 1 as Finals Team Comp,,,,,,,,,,https://drive.google.com/open?id=1cJ1_55ga1vbQF3icsYBF_ssPmXPoBRNQ,2nd,Yes,https://drive.google.com/open?id=1kUxdzqGxFpNLT-Z0Sot-awbNuGws7saA,https://drive.google.com/open?id=1ZBqeKkRfAFUJEftf2b7S0OA4OpIm2g93,,,9,,,9,https://drive.google.com/open?id=1R5tBKT8Hk_2Hq3dt5va2vb_31KI0gHfR,,,,,,,,,,,
9/2/2026 15:35:52,X-ite_SDF,Graded (No Uma Restrictions),Get into A finals,I accept these terms,Finals,,,,,,,,Silence Suzuka,Runaway,Ace built for this CM before CM start in Grand Concert scenario,2,,,,3,1,,Daiwa Scarlet,Front Runner,Ace built for this CM before CM start in Grand Concert scenario,3,,,,3,,,Agnes Tachyon,Front Runner,Ace built for this CM before CM start in Grand Concert scenario,3,,,,3,,,4 Attempts - 20 Races total,17,Go to Submit page,,,,,,,,,,,,,,Re-use Day 1 - Team Comp 1 as Day 2 - Team Comp 1,,,,,,,,,,4 Attempts - 20 Races total,16,Go to Submit page,,,,,,,,,,,,,,,Re-use Day 2 - Team Comp 1 as Day 3 - Team Comp 1,A Group,,,,,,,,,,4 Attempts - 20 Races total,17,Go to Submit page,,,,,,,,,,,,,,,Re-use Day 3 - Team Comp 1 as Day 4 - Team Comp 1,A Group,,,,,,,,,,4 Attempts - 20 Races total,12,Go to Submit page,,,,,,,,,,,,,,,A Finals,10264,Re-use Day 4 - Team Comp 1 as Finals Team Comp,,,,,,,,,,https://drive.google.com/open?id=1HRwroUOhq3pvyaBIta-Z9MLXRi5xemT-,2nd,No (goes to Submit page),,,,,,,,,,,,,,,,,,,,
9/2/2026 15:09:25,SoupEnergy,Graded (No Uma Restrictions),Collect participation rewards,I accept these terms,Finals,"iOS - phone or tablet, MacOS",$0,,,,,,Agnes Digital (Halloween),Late Surger,Ace built for this CM before CM start in Unity Cup scenario,,,,,,,,Oguri Cap,Late Surger,Ace built for this CM before CM start in Unity Cup scenario,,,,,,,,Nice Nature,Late Surger,Ace built for this CM before CM start in Unity Cup scenario,,,,,,,,3 Attempts - 15 Races total,7,Go to Submit page,,,,,,,,,,,,,,Re-use Day 1 - Team Comp 1 as Day 2 - Team Comp 1,,,,,,,,,,3 Attempts - 15 Races total,8,Go to Submit page,,,,,,,,,,,,,,,Re-use Day 2 - Team Comp 1 as Day 3 - Team Comp 1,A Group,,,,,,,,,,3 Attempts - 15 Races total,2,Go to Submit page,,,,,,,,,,,,,,,Re-use Day 3 - Team Comp 1 as Day 4 - Team Comp 1,A Group,,,,,,,,,,3 Attempts - 15 Races total,3,Go to Submit page,,,,,,,,,,,,,,,A Finals,,Re-use Day 4 - Team Comp 1 as Finals Team Comp,,,,,,,,,,,2nd,No (goes to Submit page),,,,,,,,,,,,,,,,,,,,
9/2/2026 20:09:00,GotNames,Graded (No Uma Restrictions),Get into A finals,I accept these terms,Finals,Android - phone or tablet,$1-100,,6-10 (roughly 1 per day),Discord - MooMooCord - https://discord.gg/Hc7cP9GB,,,Manhattan Cafe,Late Surger,Ace built for this CM before CM start in Grand Concert scenario,2,0,0,0,3,1,0,Seiun Sky,Front Runner,Ace built for this CM before CM start in Grand Concert scenario,3,0,0,0,2,1,0,Mihono Bourbon (Valentine),Front Runner,Ace built for this CM before CM start in Grand Concert scenario,3,0,0,0,2,1,0,4 Attempts - 20 Races total,14,Go to Submit page,,,,,,,,,,,,,,Re-use Day 1 - Team Comp 1 as Day 2 - Team Comp 1,,,,,,,,,,4 Attempts - 20 Races total,15,Go to Submit page,,,,,,,,,,,,,,,Re-use Day 2 - Team Comp 1 as Day 3 - Team Comp 1,A Group,,,,,,,,,,4 Attempts - 20 Races total,11,Go to Submit page,,,,,,,,,,,,,,,Re-use Day 3 - Team Comp 1 as Day 4 - Team Comp 1,A Group,,,,,,,,,,4 Attempts - 20 Races total,11,Go to Submit page,,,,,,,,,,,,,,,A Finals,7933,Re-use Day 4 - Team Comp 1 as Finals Team Comp,,,,,,,,,,https://drive.google.com/open?id=1zeauB46NeCM85maKo_WBETDTLyW5Qki9,1st,,,,,,,,,,,No,,https://drive.google.com/open?id=1xKVhjxs6zeyn6NHl0rrOCgG9_-MiCL1f,https://drive.google.com/open?id=1FeukHIn_Qd9cau7340vOiBLBy9oEOTAU,,0,6,8,0,0,https://drive.google.com/open?id=1ejOnWON4HTvomPGeh5_TKy2-MjuKxL_G
9/2/2026 21:48:30,Tamatama,Graded (No Uma Restrictions),Get into A finals,I accept these terms,Finals,"Android - phone or tablet, Windows",$1-100,,21-30 (roughly 3-4 per day),"Discord - MooMooCord - https://discord.gg/Hc7cP9GB, Twitch - MooMooCows - https://www.twitch.tv/moomoomoocows, YouTube - MooMooCows - https://www.youtube.com/@MooMooCows",5,,Oguri Cap (Christmas),End Closer,Ace built for this CM before CM start in Grand Concert scenario,3,,1,,1,1,,Grass Wonder,Late Surger,Ace built for this CM before CM start in Grand Concert scenario,2,,1,,2,1,,Taiki Shuttle,Pace Chaser,Ace built for this CM before CM start in Grand Concert scenario,2,,1,,2,1,,4 Attempts - 20 Races total,11,Go to Submit page,,,,,,,,,,,,,,Re-use Day 1 - Team Comp 1 as Day 2 - Team Comp 1,,,,,,,,,,4 Attempts - 20 Races total,13,Go to Submit page,,,,,,,,,,,,,,,Re-use Day 2 - Team Comp 1 as Day 3 - Team Comp 1,A Group,,,,,,,,,,4 Attempts - 20 Races total,14,Go to Submit page,,,,,,,,,,,,,,,Re-use Day 3 - Team Comp 1 as Day 4 - Team Comp 1,A Group,,,,,,,,,,4 Attempts - 20 Races total,4,Go to Submit page,,,,,,,,,,,,,,,A Finals,9707,Re-use Day 4 - Team Comp 1 as Finals Team Comp,,,,,,,,,,https://drive.google.com/open?id=1Jj4tqlBSZDilwdRp4FG4yAW950d70MbX,2nd,Yes,https://drive.google.com/open?id=1Hzto4GdN-INV8zngeQJ0LUhtUZudp5_u,https://drive.google.com/open?id=1HpNeyQsgdNxYxtyx2SiAC34sYat04a3g,https://drive.google.com/open?id=1dBGmxXhMXzH6uH0EkWWaVyoXikGeE-xk,5,3,8,,,,,,,,,,,,,,
9/2/2026 16:03:09,Maximus,Graded (No Uma Restrictions),Get into A finals,I accept these terms,Day 4,Android - phone or tablet,$501-1000,,11-20 (roughly 2-3 per day),Discord - MooMooCord - https://discord.gg/Hc7cP9GB,,,Special Week,Late Surger,Ace built for this CM before CM start in Grand Concert scenario,,,,,,,,Taiki Shuttle,Pace Chaser,Ace built for this CM before CM start in Grand Concert scenario,,,,,,,,Grass Wonder,Late Surger,Debuffer,,,,,,,,4 Attempts - 20 Races total,14,Go to Submit page,,,,,,,,,,,,,,Re-use Day 1 - Team Comp 1 as Day 2 - Team Comp 1,,,,,,,,,,4 Attempts - 20 Races total,17,Day 3,,,,,,,,,,,,,,,Re-use Day 2 - Team Comp 1 as Day 3 - Team Comp 1,A Group,,,,,,,,,,4 Attempts - 20 Races total,18,Day 4,,,,,,,,,,,,,,,Re-use Day 3 - Team Comp 1 as Day 4 - Team Comp 1,A Group,,,,,,,,,,4 Attempts - 20 Races total,12,Finals,,,,,,,,,,,,,,,A Finals,11096,Re-use Day 4 - Team Comp 1 as Finals Team Comp,,,,,,,,,,https://drive.google.com/open?id=1nMWib9Sw_orL4rPYbMo_xn0mXyNdj-in,1st,,,,,,,,,,,No,,https://drive.google.com/open?id=1niNBbVaO7HGbNyfzu5MMHUoP_KGvm3li,https://drive.google.com/open?id=1Vk1BgzsUkBP8Gnw0k7NNjcRw7w4oivgN,,,,,,,https://drive.google.com/open?id=1o7IoLvO_shMDs-FCifMq4o6GlrMkifm0
9/3/2026 1:53:39,enzo1029,Graded (No Uma Restrictions),Get into A finals,I accept these terms,Finals,"Android - phone or tablet, Windows",$101-500,1266,11-20 (roughly 2-3 per day),Discord - MooMooCord - https://discord.gg/Hc7cP9GB,,add qualified A finals/A group as option,Mejiro Dober (Camping),Late Surger,Ace built for this CM before CM start in Grand Concert scenario,2,,1,0,2,1,0,Aston Machan,Front Runner,Ace built for this CM before CM start in Grand Concert scenario,2,0,1,0,2,1,0,Silence Suzuka,Runaway,Ace built for this CM before CM start in Grand Concert scenario,2,,,,3,1,,4 Attempts - 20 Races total,10,Go to Submit page,,,,,,,,,,,,,,Re-use Day 1 - Team Comp 1 as Day 2 - Team Comp 1,,,,,,,,,,4 Attempts - 20 Races total,14,Go to Submit page,,,,,,,,,,,,,,,Re-use Day 2 - Team Comp 1 as Day 3 - Team Comp 1,A Group,,,,,,,,,,4 Attempts - 20 Races total,7,Go to Submit page,,,,,,,,,,,,,,,Add a new Team Comp as Day 4 - Team Comp 1,A Group,Mejiro Dober (Camping),Late Surger,Ace built for this CM before CM start in Grand Concert scenario,Aston Machan,Front Runner,Ace built for this CM before CM start in Grand Concert scenario,Agnes Tachyon,Front Runner,Debuffer,4 Attempts - 20 Races total,8,Go to Submit page,,,,,,,,,,,,,,,A Finals,8969,Re-use Day 4 - Team Comp 1 as Finals Team Comp,,,,,,,,,,https://drive.google.com/open?id=17iCRDaFSecgcnQXrvZBp13mG4mtAc1re,1st,,,,,,,,,,,Yes,congrats realside,https://drive.google.com/open?id=19yb1kU194pXvoZ7QwNNiODlU9QAUg6nO,https://drive.google.com/open?id=1ETuzq86XuQ2OvzlcHtU2FPkZk-CZPtUO,,0,6,9,0,2,https://drive.google.com/open?id=101xCFE7E6_aH6TfjfdRBDvjxknCQu_pc
9/3/2026 3:46:38,Crkva,Graded (No Uma Restrictions),Win A finals,I accept these terms,Finals,Windows,$0,1312,21-30 (roughly 3-4 per day),Discord - MooMooCord - https://discord.gg/Hc7cP9GB,,,El Condor Pasa,Pace Chaser,Ace built for this CM before CM start in Grand Concert scenario,3,0,0,0,2,1,0,Copano Rickey,Pace Chaser,Ace built for this CM before CM start in Grand Concert scenario,3,0,0,0,2,1,0,Taiki Shuttle (Camping),Pace Chaser,Ace built for this CM before CM start in Grand Concert scenario,3,0,0,0,2,1,0,2 Attempts - 10 Races total,7,Day 1 - Add 2nd Team,El Condor Pasa (Fantasy),Late Surger,Ace built for this CM before CM start in Grand Concert scenario,Copano Rickey,Pace Chaser,Ace built for this CM before CM start in Grand Concert scenario,T.M. Opera O (New Year),Pace Chaser,Ace built for this CM before CM start in Grand Concert scenario,2 Attempts - 10 Races total,7,2 teams,Go to Submit page,Add new Team Comp as Day 2 - Team Comp 1,T.M. Opera O (New Year),Pace Chaser,Ace built for this CM before CM start in Grand Concert scenario,Copano Rickey,Pace Chaser,Ace built for this CM before CM start in Grand Concert scenario,Taiki Shuttle (Camping),Pace Chaser,Ace built for this CM before CM start in Grand Concert scenario,2 Attempts - 10 Races total,6,Day 2 - Add 2nd Team,Add new Team Comp as Day 2 - Team Comp 2,Copano Rickey,Pace Chaser,Ace built for this CM before CM start in Grand Concert scenario,El Condor Pasa,Pace Chaser,Ace built for this CM before CM start in Grand Concert scenario,Taiki Shuttle (Camping),Pace Chaser,Ace built for this CM before CM start in Grand Concert scenario,2 Attempts - 10 Races total,7,3 teams,Go to Submit page,Add new Team Comp as Day 3 - Team Comp 1,A Group,El Condor Pasa (Fantasy),Late Surger,Ace built for this CM before CM start in Grand Concert scenario,Taiki Shuttle (Camping),Pace Chaser,Ace built for this CM before CM start in Grand Concert scenario,Copano Rickey,Pace Chaser,Ace built for this CM before CM start in Grand Concert scenario,3 Attempts - 15 Races total,4,Day 3 - Add 2nd Team,Add new Team Comp as Day 3 - Team Comp 2,T.M. Opera O (New Year),Pace Chaser,Ace built for this CM before CM start in Grand Concert scenario,Copano Rickey,Pace Chaser,Ace built for this CM before CM start in Grand Concert scenario,Taiki Shuttle (Camping),Pace Chaser,Ace built for this CM before CM start in Grand Concert scenario,1 Attempt - 5 Races total,4,3 teams,Go to Submit page,Add a new Team Comp as Day 4 - Team Comp 1,A Group,T.M. Opera O (New Year),Pace Chaser,Ace built for this CM before CM start in Grand Concert scenario,Copano Rickey,Pace Chaser,Ace built for this CM before CM start in Grand Concert scenario,Taiki Shuttle (Camping),Pace Chaser,Ace built for this CM before CM start in Grand Concert scenario,2 Attempts - 10 Races total,5,Day 4 - Add 2nd team,Add new Team Comp as Day 4 - Team Comp 2,El Condor Pasa (Fantasy),Late Surger,Ace built for this CM before CM start in Grand Concert scenario,Copano Rickey,Pace Chaser,Ace built for this CM before CM start in Grand Concert scenario,Taiki Shuttle (Camping),Pace Chaser,Ace built for this CM before CM start in Grand Concert scenario,2 Attempts - 10 Races total,3,3 teams,Go to Submit page,A Finals,9371,Add new Team Comp as Finals Team Comp,Taiki Shuttle (Camping),Pace Chaser,Ace built for this CM before CM start in Grand Concert scenario,T.M. Opera O (New Year),Pace Chaser,Ace built for this CM before CM start in Grand Concert scenario,El Condor Pasa (Fantasy),Late Surger,Ace built for this CM before CM start in Grand Concert scenario,https://drive.google.com/open?id=1XYZ9TRkGt1sBixr8YRiyOTcCqLmrlyIJ,2nd,No (goes to Submit page),,,,,,,,,,,,,,,,,,,,
9/2/2026 17:04:27,jamelephant,Graded (No Uma Restrictions),Get into A finals,I accept these terms,Finals,"iOS - phone or tablet, Android - phone or tablet",$1001-5000,1538,11-20 (roughly 2-3 per day),"Discord - MooMooCord - https://discord.gg/Hc7cP9GB, YouTube - MooMooCows - https://www.youtube.com/@MooMooCows",5,,Mihono Bourbon (Valentine),Front Runner,Ace built for this CM before CM start in Grand Concert scenario,3,,,,2,1,,Oguri Cap (Christmas),End Closer,Ace built for this CM before CM start in Grand Concert scenario,2,,1,,2,1,,Taiki Shuttle (Camping),Pace Chaser,Ace built for this CM before CM start in Grand Concert scenario,3,,,,2,1,,4 Attempts - 20 Races total,15,Go to Submit page,,,,,,,,,,,,,,Re-use Day 1 - Team Comp 1 as Day 2 - Team Comp 1,,,,,,,,,,4 Attempts - 20 Races total,17,Day 1,,,,,,,,,,,,,,,Re-use Day 2 - Team Comp 1 as Day 3 - Team Comp 1,A Group,,,,,,,,,,4 Attempts - 20 Races total,10,Go to Submit page,,,,,,,,,,,,,,,Re-use Day 3 - Team Comp 1 as Day 4 - Team Comp 1,A Group,,,,,,,,,,4 Attempts - 20 Races total,6,Go to Submit page,,,,,,,,,,,,,,,A Finals,9440,Add new Team Comp as Finals Team Comp,Oguri Cap (Christmas),End Closer,Ace built for this CM before CM start in Grand Concert scenario,Taiki Shuttle (Camping),Pace Chaser,Ace built for this CM before CM start in Grand Concert scenario,Grass Wonder,Late Surger,Debuffer,,1st,,,,,,,,,,,No,,,,,,,,,,
9/2/2026 15:16:36,Coco,Graded (No Uma Restrictions),Get into A finals,I accept these terms,Finals,"Android - phone or tablet, Windows",$101-500,2038,46+ (more than 6 per day),"Discord - MooMooCord - https://discord.gg/Hc7cP9GB, Twitch - MooMooCows - https://www.twitch.tv/moomoomoocows, YouTube - MooMooCows - https://www.youtube.com/@MooMooCows",5,,Curren Chan,Pace Chaser,Ace built for this CM before CM start in Grand Concert scenario,3,,1,,1,1,,Bamboo memory,Late Surger,Ace built for this CM before CM start in Grand Concert scenario,3,,,,2,1,,Symboli Rudolf,Front Runner,Debuffer,1,,,1,4,,,4 Attempts - 20 Races total,9,Go to Submit page,,,,,,,,,,,,,,Re-use Day 1 - Team Comp 1 as Day 2 - Team Comp 1,,,,,,,,,,4 Attempts - 20 Races total,16,Go to Submit page,,,,,,,,,,,,,,,Re-use Day 2 - Team Comp 1 as Day 3 - Team Comp 1,A Group,,,,,,,,,,4 Attempts - 20 Races total,8,Go to Submit page,,,,,,,,,,,,,,,Re-use Day 3 - Team Comp 1 as Day 4 - Team Comp 1,A Group,,,,,,,,,,4 Attempts - 20 Races total,12,Go to Submit page,,,,,,,,,,,,,,,A Finals,6698,Re-use Day 4 - Team Comp 1 as Finals Team Comp,,,,,,,,,,https://drive.google.com/open?id=15iGjYWJcrwYY4izaciMidffFVXIDof-d,1st,,,,,,,,,,,Yes,Curren Chan always makes Onee-Chan proud! <3,https://drive.google.com/open?id=11LjmoVOQNo6C5NMzHd0WAqBGTTu8heEd,https://drive.google.com/open?id=1LkRj9Hgacy0XTBITvudcIQ79GcFbYJNM,,,5,7,,,https://drive.google.com/open?id=1ynp0JC1XUMXT9wpc5Gc5Xf37SW2yLcO2
9/1/2026 7:18:44,PotatoP,Graded (No Uma Restrictions),Get into A finals,I accept these terms,Day 4,"Android - phone or tablet, Windows",$0,1825,21-30 (roughly 3-4 per day),"Discord - MooMooCord - https://discord.gg/Hc7cP9GB, Twitch - MooMooCows - https://www.twitch.tv/moomoomoocows",4,,Smart Falcon,Front Runner,Ace built for this CM before CM start in Grand Concert scenario,3,,,,2,1,,Mihono Bourbon (Valentine),Front Runner,Ace built for this CM before CM start in Grand Concert scenario,3,,,,2,1,,Silence Suzuka,Runaway,Ace built for this CM before CM start in Grand Concert scenario,3,,,,2,1,,4 Attempts - 20 Races total,13,Go to Submit page,,,,,,,,,,,,,,Re-use Day 1 - Team Comp 1 as Day 2 - Team Comp 1,,,,,,,,,,4 Attempts - 20 Races total,13,Go to Submit page,,,,,,,,,,,,,,,Re-use Day 2 - Team Comp 1 as Day 3 - Team Comp 1,A Group,,,,,,,,,,4 Attempts - 20 Races total,10,Go to Submit page,,,,,,,,,,,,,,,Re-use Day 3 - Team Comp 1 as Day 4 - Team Comp 1,A Group,,,,,,,,,,4 Attempts - 20 Races total,6,Go to Submit page,,,,,,,,,,,,,,,,,,,,,,,,,,,,,,,,,,,,,,,,,,,,,,,,,
9/2/2026 19:04:50,umai,Graded (No Uma Restrictions),Win A finals,I accept these terms,Finals,iOS - phone or tablet,$501-1000,1447,31-45 (roughly 5-6 per day),Discord - MooMooCord - https://discord.gg/Hc7cP9GB,5,,Seiun Sky,Front Runner,Ace built for this CM before CM start in Grand Concert scenario,3,0,0,0,2,1,0,Fuji Kiseki (Ballroom),Pace Chaser,Ace built for this CM before CM start in Grand Concert scenario,3,0,0,0,2,1,0,Nishino Flower,Pace Chaser,Ace built for this CM before CM start in Grand Concert scenario,3,0,0,0,2,1,0,4 Attempts - 20 Races total,15,Go to Submit page,,,,,,,,,,,,,,Re-use Day 1 - Team Comp 1 as Day 2 - Team Comp 1,,,,,,,,,,4 Attempts - 20 Races total,17,Go to Submit page,,,,,,,,,,,,,,,Re-use Day 2 - Team Comp 1 as Day 3 - Team Comp 1,A Group,,,,,,,,,,4 Attempts - 20 Races total,13,Go to Submit page,,,,,,,,,,,,,,,Re-use Day 3 - Team Comp 1 as Day 4 - Team Comp 1,A Group,,,,,,,,,,4 Attempts - 20 Races total,18,Go to Submit page,,,,,,,,,,,,,,,A Finals,11657,Re-use Day 4 - Team Comp 1 as Finals Team Comp,,,,,,,,,,https://drive.google.com/open?id=1wqsyZ7dAX3Virrtis5j16-L1r0IAoVAY,2nd,Yes,https://drive.google.com/open?id=1qMfzv5lgB_68WD_LNT54sjPM2I2qk55D,https://drive.google.com/open?id=1kaRLWIgM2Xc9H2vrYVmBBSs_WfeHTThA,https://drive.google.com/open?id=1_CPcZTXwP_LUnW-DWc9aWF6tDOqdDNy9,2,10,2,0,0,https://drive.google.com/open?id=1HiF48gvDgKR7mDGdAs7eiX46K_LPiXIo,,,,,,,,,,,
9/3/2026 5:59:07,MushroomBaracks,Graded (No Uma Restrictions),Win A finals,I accept these terms,Finals,Windows,$0,860,31-45 (roughly 5-6 per day),"Discord - MooMooCord - https://discord.gg/Hc7cP9GB, YouTube - MooMooCows - https://www.youtube.com/@MooMooCows",5,,Silence Suzuka,Runaway,Ace built for this CM before CM start in Grand Concert scenario,3,,,,2,1,,Mejiro McQueen,Front Runner,Ace built for this CM before CM start in Grand Concert scenario,3,,,,2,1,,Mihono Bourbon (Valentine),Front Runner,Ace built for this CM before CM start in Grand Concert scenario,3,,,,2,1,,4 Attempts - 20 Races total,10,Go to Submit page,,,,,,,,,,,,,,Re-use Day 1 - Team Comp 1 as Day 2 - Team Comp 1,,,,,,,,,,4 Attempts - 20 Races total,11,Go to Submit page,,,,,,,,,,,,,,,Re-use Day 2 - Team Comp 1 as Day 3 - Team Comp 1,A Group,,,,,,,,,,4 Attempts - 20 Races total,12,Go to Submit page,,,,,,,,,,,,,,,Re-use Day 3 - Team Comp 1 as Day 4 - Team Comp 1,A Group,,,,,,,,,,4 Attempts - 20 Races total,13,Go to Submit page,,,,,,,,,,,,,,,A Finals,8970,Re-use Day 4 - Team Comp 1 as Finals Team Comp,,,,,,,,,,https://drive.google.com/open?id=1NduK0zgkv73d9AJBdOwoIvmVFW23KqIR,2nd,No (goes to Submit page),,,,,,,,,,,,,,,,,,,,
9/3/2026 11:34:47,kinjoleef,Graded (No Uma Restrictions),Win A finals,I accept these terms,Finals,"Android - phone or tablet, Windows",$0,1380,21-30 (roughly 3-4 per day),Discord - MooMooCord - https://discord.gg/Hc7cP9GB,5,,Oguri Cap (Christmas),End Closer,Ace built for this CM before CM start in Grand Concert scenario,2,0,1,0,2,1,0,Taiki Shuttle,Pace Chaser,Ace built for this CM before CM start in Grand Concert scenario,2,0,1,0,2,1,0,Mihono Bourbon (Valentine),Front Runner,Ace built for this CM before CM start in Grand Concert scenario,3,0,0,0,2,1,0,3 Attempts - 15 Races total,8,Go to Submit page,,,,,,,,,,,,,,Re-use Day 1 - Team Comp 1 as Day 2 - Team Comp 1,,,,,,,,,,3 Attempts - 15 Races total,8,Go to Submit page,,,,,,,,,,,,,,,Re-use Day 2 - Team Comp 1 as Day 3 - Team Comp 1,A Group,,,,,,,,,,4 Attempts - 20 Races total,14,Go to Submit page,,,,,,,,,,,,,,,Re-use Day 3 - Team Comp 1 as Day 4 - Team Comp 1,A Group,,,,,,,,,,4 Attempts - 20 Races total,10,Go to Submit page,,,,,,,,,,,,,,,A Finals,9878,Re-use Day 4 - Team Comp 1 as Finals Team Comp,,,,,,,,,,https://drive.google.com/open?id=1LObWLRITff8NtxV-ubDBH-y8SlzhNhrM,2nd,Yes,https://drive.google.com/open?id=1x-ychIrYHbmobQg8tcpi2dRHC7nPAXey,https://drive.google.com/open?id=12tZy_-sJOtNeNmSRCgz9DJVlkjovVefb,,2,13,0,0,0,https://drive.google.com/open?id=196JulayUQFQ1xLHSLpyBFmsuYDZItmFw,,,,,,,,,,,
9/2/2026 22:00:23,RandomlyCasual,Graded (No Uma Restrictions),Win A finals,I accept these terms,Finals,,$501-1000,1202,31-45 (roughly 5-6 per day),,,,Silence Suzuka,Runaway,Ace built for this CM before CM start in Grand Concert scenario,2,0,1,0,2,1,0,Nishino Flower,Pace Chaser,Ace built for this CM before CM start in Grand Concert scenario,3,0,0,0,2,1,0,Grass Wonder,Late Surger,Debuffer,2,1,0,0,2,0,0,4 Attempts - 20 Races total,12,Go to Submit page,,,,,,,,,,,,,,Re-use Day 1 - Team Comp 1 as Day 2 - Team Comp 1,,,,,,,,,,4 Attempts - 20 Races total,16,Go to Submit page,,,,,,,,,,,,,,,Re-use Day 2 - Team Comp 1 as Day 3 - Team Comp 1,A Group,,,,,,,,,,4 Attempts - 20 Races total,9,Go to Submit page,,,,,,,,,,,,,,,Re-use Day 3 - Team Comp 1 as Day 4 - Team Comp 1,A Group,,,,,,,,,,4 Attempts - 20 Races total,15,Go to Submit page,,,,,,,,,,,,,,,A Finals,10532,Re-use Day 4 - Team Comp 1 as Finals Team Comp,,,,,,,,,,https://drive.google.com/open?id=1snCtFq-Mi5Gb_aoZPxz_H8ifMFIlTEmY,3rd,Yes,https://drive.google.com/open?id=1Sq058u_4RCqeeIpIWYFV-GLBSZxWkNzd,https://drive.google.com/open?id=1ZIIbojMkLmAsVCt9cEK0k8uSNT6U3QQB,,3,0,0,0,2,https://drive.google.com/open?id=1goLWWXpey0kpymvtRhubh7O5ANDud1_W,,,,,,,,,,,
9/2/2026 22:28:10,Dyllyn,Graded (No Uma Restrictions),Get into A finals,I accept these terms,Day 2,"Android - phone or tablet, Windows",$1001-5000,1472,21-30 (roughly 3-4 per day),Discord - MooMooCord - https://discord.gg/Hc7cP9GB,5,"keep it up, good work!",Mejiro Palmer,Runaway,Ace built for this CM before CM start in Grand Concert scenario,3,0,0,0,2,1,0,Eishin Flash (Valentine),End Closer,Debuffer,1,1,0,0,3,1,0,Nice Nature (Cheerleader),Late Surger,Debuffer,1,1,0,0,3,1,0,4 Attempts - 20 Races total,9,Go to Submit page,,,,,,,,,,,,,,Re-use Day 1 - Team Comp 1 as Day 2 - Team Comp 1,,,,,,,,,,4 Attempts - 20 Races total,11,Day 3,,,,,,,,,,,,,,,Re-use Day 2 - Team Comp 1 as Day 3 - Team Comp 1,A Group,,,,,,,,,,4 Attempts - 20 Races total,11,Day 4,,,,,,,,,,,,,,,Re-use Day 3 - Team Comp 1 as Day 4 - Team Comp 1,A Group,,,,,,,,,,4 Attempts - 20 Races total,3,Finals,,,,,,,,,,,,,,,A Finals,9917,Re-use Day 4 - Team Comp 1 as Finals Team Comp,,,,,,,,,,https://drive.google.com/open?id=1fglJaxIhy4_KtkC8nKi5GwLo8rHiKXeX,1st,,,,,,,,,,,Yes,"Eat my dust, xOguri",https://drive.google.com/open?id=1obBq5IdxQ8eAzV1_2fk5dDDYAZTHT8XG,https://drive.google.com/open?id=1Lvm5Bencsfz77W_Drs53BwWkeklPuBfo,,0,8,9,0,0,https://drive.google.com/open?id=16DrLEY7LTICLh3kSibS2aBMz1Vg4UFEu
9/3/2026 0:24:40,Samur4i,Graded (No Uma Restrictions),Get into A finals,I accept these terms,Finals,"Android - phone or tablet, Windows",$1-100,1410,46+ (more than 6 per day),Friend sent me the link,5,,Haru Urara (New Year),Late Surger,Ace built for this CM before CM start in Grand Concert scenario,3,0,0,0,2,1,0,Oguri Cap,Late Surger,Ace built for this CM before CM start in Grand Concert scenario,3,0,0,0,2,1,0,Aston Machan,Front Runner,Ace built for this CM before CM start in Grand Concert scenario,3,0,0,0,2,1,0,4 Attempts - 20 Races total,13,Go to Submit page,,,,,,,,,,,,,,Re-use Day 1 - Team Comp 1 as Day 2 - Team Comp 1,,,,,,,,,,4 Attempts - 20 Races total,12,Go to Submit page,,,,,,,,,,,,,,,Re-use Day 2 - Team Comp 1 as Day 3 - Team Comp 1,A Group,,,,,,,,,,4 Attempts - 20 Races total,11,Go to Submit page,,,,,,,,,,,,,,,Add a new Team Comp as Day 4 - Team Comp 1,A Group,Haru Urara (New Year),Late Surger,Ace built for this CM before CM start in Grand Concert scenario,Grass Wonder,End Closer,Debuffer,Agnes Tachyon,End Closer,Debuffer,4 Attempts - 20 Races total,13,Go to Submit page,,,,,,,,,,,,,,,A Finals,10686,Re-use Day 4 - Team Comp 1 as Finals Team Comp,,,,,,,,,,https://drive.google.com/open?id=18wGsAjNLUNRctsy6uJZlXksFLZGg-Etr,2nd,No (goes to Submit page),,,,,,,,,,,,,,,,,,,,
8/29/2026 7:24:32,Easternhorse,Graded (No Uma Restrictions),Collect participation rewards,I accept these terms,Day 1,Android - phone or tablet,Rather not say,,,,,,Oguri Cap (Christmas),End Closer,Ace built for this CM before CM start in Grand Concert scenario,2,0,0,0,3,0,,Agnes Digital,Late Surger,Debuffer,,,,,,,,Grass Wonder,Late Surger,Debuffer,,,,,,,,4 Attempts - 20 Races total,12,Go to Submit page,,,,,,,,,,,,,,,,,,,,,,,,,,,,,,,,,,,,,,,,,,,,,,,,,,,,,,,,,,,,,,,,,,,,,,,,,,,,,,,,,,,,,,,,,,,,,,,,,,,,,,,,,,,,,,,,,,,,,,,,,,,,,,,,,,,
9/3/2026 8:25:23,Fnoot,Graded (No Uma Restrictions),Get into A finals,I accept these terms,Finals,Windows,$501-1000,923,6-10 (roughly 1 per day),Discord - MooMooCord - https://discord.gg/Hc7cP9GB,4,,Oguri Cap,Pace Chaser,Ace built for this CM before CM start in Grand Concert scenario,2,,1,,2,1,,Aston Machan,Front Runner,Ace built for this CM before CM start in Grand Concert scenario,2,,,,3,1,,Vodka,Late Surger,Ace built for this CM before CM start in Grand Concert scenario,2,,,,3,1,,4 Attempts - 20 Races total,2,Go to Submit page,,,,,,,,,,,,,,Re-use Day 1 - Team Comp 1 as Day 2 - Team Comp 1,,,,,,,,,,4 Attempts - 20 Races total,3,Go to Submit page,,,,,,,,,,,,,,,Re-use Day 2 - Team Comp 1 as Day 3 - Team Comp 1,B Group,,,,,,,,,,4 Attempts - 20 Races total,11,Go to Submit page,,,,,,,,,,,,,,,Re-use Day 3 - Team Comp 1 as Day 4 - Team Comp 1,B Group,,,,,,,,,,4 Attempts - 20 Races total,7,Go to Submit page,,,,,,,,,,,,,,,B Finals,4000,Re-use Day 4 - Team Comp 1 as Finals Team Comp,,,,,,,,,,https://drive.google.com/open?id=174Cdkrlp26FH9h508bAPSZlDAo7yvpnv,1st,,,,,,,,,,,Yes,Who even needs Ug rank,https://drive.google.com/open?id=17GvQwfB3Iijh3L_RBOMPR2HhjRyWjKcW,https://drive.google.com/open?id=1X7JLsYDDj9wyFhfITr19QONBDifl7irz,,,3,8,,4,https://drive.google.com/open?id=1FBCeP9dyjWWiG0dxJ3YSYnanCnlQxW6n
9/2/2026 18:06:21,Yuunako,Graded (No Uma Restrictions),Win A finals,I accept these terms,Finals,Android - phone or tablet,$0,1847,31-45 (roughly 5-6 per day),Discord - MooMooCord - https://discord.gg/Hc7cP9GB,5,,Meisho Doto (Halloween),Pace Chaser,Ace built for this CM before CM start in Grand Concert scenario,3,0,0,0,2,1,0,T.M. Opera O (New Year),Pace Chaser,Ace built for this CM before CM start in Grand Concert scenario,3,0,0,0,2,1,0,Agnes Digital (Halloween),Late Surger,Ace built for this CM before CM start in Grand Concert scenario,3,0,0,0,2,1,0,4 Attempts - 20 Races total,16,Go to Submit page,,,,,,,,,,,,,,Re-use Day 1 - Team Comp 1 as Day 2 - Team Comp 1,,,,,,,,,,4 Attempts - 20 Races total,17,Go to Submit page,,,,,,,,,,,,,,,Re-use Day 2 - Team Comp 1 as Day 3 - Team Comp 1,A Group,,,,,,,,,,4 Attempts - 20 Races total,11,Go to Submit page,,,,,,,,,,,,,,,Re-use Day 3 - Team Comp 1 as Day 4 - Team Comp 1,A Group,,,,,,,,,,4 Attempts - 20 Races total,11,Go to Submit page,,,,,,,,,,,,,,,A Finals,11720,Re-use Day 4 - Team Comp 1 as Finals Team Comp,,,,,,,,,,,2nd,No (goes to Submit page),,,,,,,,,,,,,,,,,,,,
9/2/2026 20:01:56,Tenbirds,Graded (No Uma Restrictions),Win A finals,I accept these terms,Finals,"Android - phone or tablet, Windows",$101-500,802,6-10 (roughly 1 per day),"Discord - MooMooCord - https://discord.gg/Hc7cP9GB, YouTube - MooMooCows - https://www.youtube.com/@MooMooCows",5,,Fine Motion (Wedding),Pace Chaser,Ace built for this CM before CM start in Grand Concert scenario,3,0,0,0,2,1,0,Aston Machan,Front Runner,Ace built for this CM before CM start in Grand Concert scenario,2,0,0,0,3,1,0,Mihono Bourbon (Valentine),Front Runner,Ace built for this CM before CM start in Grand Concert scenario,3,0,0,0,2,1,0,4 Attempts - 20 Races total,18,Go to Submit page,,,,,,,,,,,,,,Add new Team Comp as Day 2 - Team Comp 1,Fine Motion (Wedding),Pace Chaser,Ace built for this CM before CM start in Grand Concert scenario,Aston Machan,Front Runner,Mid-CM Ace build in Grand Concert scenario,Mihono Bourbon (Valentine),Front Runner,Ace built for this CM before CM start in Grand Concert scenario,4 Attempts - 20 Races total,17,Go to Submit page,,,,,,,,,,,,,,,Re-use Day 2 - Team Comp 1 as Day 3 - Team Comp 1,A Group,,,,,,,,,,4 Attempts - 20 Races total,14,Go to Submit page,,,,,,,,,,,,,,,Re-use Day 3 - Team Comp 1 as Day 4 - Team Comp 1,A Group,,,,,,,,,,4 Attempts - 20 Races total,19,Go to Submit page,,,,,,,,,,,,,,,A Finals,8125,Re-use Day 4 - Team Comp 1 as Finals Team Comp,,,,,,,,,,https://drive.google.com/open?id=1iUcbSozSzyqrmceOaaunaMSg3HXj26xm,1st,,,,,,,,,,,Yes,Machan won!,https://drive.google.com/open?id=1GSp19FwPPwc9TVkh-L7gfERAvNyLGWtv,https://drive.google.com/open?id=1pzNOFLT59wbGQqIk0bddXHnF8W-oJM80,,2,5,6,0,2,https://drive.google.com/open?id=1_dGyS68LvlQGDcObZgahiRBGJmPMJLGJ
8/29/2026 7:45:04,Incanium,Graded (No Uma Restrictions),Win A finals,I accept these terms,Day 1,"Android - phone or tablet, Windows",$101-500,1922,46+ (more than 6 per day),Discord - MooMooCord - https://discord.gg/Hc7cP9GB,4,,Admire Vega,Late Surger,Ace built for this CM before CM start in Grand Concert scenario,2,,0,,2,0,,Silence Suzuka,Runaway,Ace built for Team Trials,3,,,,1,0,,Grass Wonder,Late Surger,Debuffer,,,,,,,,4 Attempts - 20 Races total,15,Go to Submit page,,,,,,,,,,,,,,,,,,,,,,,,,,,,,,,,,,,,,,,,,,,,,,,,,,,,,,,,,,,,,,,,,,,,,,,,,,,,,,,,,,,,,,,,,,,,,,,,,,,,,,,,,,,,,,,,,,,,,,,,,,,,,,,,,,,
9/2/2026 16:12:34,SMaru's 25 TEs,Graded (No Uma Restrictions),Win A finals,I accept these terms,Finals,"Android - phone or tablet, Windows",$1001-5000,2895,31-45 (roughly 5-6 per day),Discord - MooMooCord - https://discord.gg/Hc7cP9GB,,,Seeking the Pearl,Pace Chaser,Ace built for this CM before CM start in Grand Concert scenario,3,,,,3,1,,Taiki Shuttle (Camping),Pace Chaser,Ace built for this CM before CM start in Grand Concert scenario,3,,,,2,1,,Fine Motion (Wedding),Pace Chaser,Ace built for this CM before CM start in Grand Concert scenario,3,,,,2,1,,4 Attempts - 20 Races total,13,Go to Submit page,,,,,,,,,,,,,,Re-use Day 1 - Team Comp 1 as Day 2 - Team Comp 1,,,,,,,,,,4 Attempts - 20 Races total,16,Go to Submit page,,,,,,,,,,,,,,,Re-use Day 2 - Team Comp 1 as Day 3 - Team Comp 1,A Group,,,,,,,,,,4 Attempts - 20 Races total,14,Go to Submit page,,,,,,,,,,,,,,,Re-use Day 3 - Team Comp 1 as Day 4 - Team Comp 1,A Group,,,,,,,,,,4 Attempts - 20 Races total,14,Go to Submit page,,,,,,,,,,,,,,,A Finals,11419,Re-use Day 4 - Team Comp 1 as Finals Team Comp,,,,,,,,,,https://drive.google.com/open?id=1QDDjUpdFuuHkQqgHlmYzYg4Z-dLS04bi,1st,,,,,,,,,,,Yes,I Proved I'm Possible,https://drive.google.com/open?id=1wGrFV-3NLJJ4Q88JAr0ZuFiJ8Z8JKnhA,https://drive.google.com/open?id=16U3ffMYsSfRV6Y_O-kB0Q_NtiRF9QKQR,,,6,6,,,https://drive.google.com/open?id=1HHLbLAPRxflNiqisSoYi4qf3iKJb0zTF
8/31/2026 15:55:31,Specz,Graded (No Uma Restrictions),Get into A finals,I accept these terms,Day 4,"Android - phone or tablet, Windows",$101-500,616,6-10 (roughly 1 per day),YouTube - MooMooCows - https://www.youtube.com/@MooMooCows,5,,Gold Ship,End Closer,Ace built for this CM before CM start in Grand Concert scenario,2,,1,,2,1,,Narita Taishin,End Closer,Ace built for this CM before CM start in Grand Concert scenario,2,,1,,2,1,,Grass Wonder,Front Runner,Debuffer,1,,,1,4,,,4 Attempts - 20 Races total,14,Go to Submit page,,,,,,,,,,,,,,Re-use Day 1 - Team Comp 1 as Day 2 - Team Comp 1,,,,,,,,,,4 Attempts - 20 Races total,14,Go to Submit page,,,,,,,,,,,,,,,Re-use Day 2 - Team Comp 1 as Day 3 - Team Comp 1,A Group,,,,,,,,,,4 Attempts - 20 Races total,11,Go to Submit page,,,,,,,,,,,,,,,Re-use Day 3 - Team Comp 1 as Day 4 - Team Comp 1,A Group,,,,,,,,,,4 Attempts - 20 Races total,16,Go to Submit page,,,,,,,,,,,,,,,,,,,,,,,,,,,,,,,,,,,,,,,,,,,,,,,,,
9/3/2026 3:51:47,clormz,Graded (No Uma Restrictions),Get into A finals,I accept these terms,Finals,"iOS - phone or tablet, Windows",$1-100,1144,6-10 (roughly 1 per day),Discord - MooMooCord - https://discord.gg/Hc7cP9GB,5,,Fine Motion (Wedding),Pace Chaser,Ace built for this CM before CM start in Grand Concert scenario,3,0,0,0,2,1,0,Taiki Shuttle (Camping),Pace Chaser,Ace built for this CM before CM start in Grand Concert scenario,3,0,0,0,2,1,0,Silence Suzuka,Front Runner,Ace built for this CM before CM start in Grand Concert scenario,3,0,0,0,2,1,0,4 Attempts - 20 Races total,13,Go to Submit page,,,,,,,,,,,,,,Re-use Day 1 - Team Comp 1 as Day 2 - Team Comp 1,,,,,,,,,,4 Attempts - 20 Races total,15,Go to Submit page,,,,,,,,,,,,,,,Re-use Day 2 - Team Comp 1 as Day 3 - Team Comp 1,A Group,,,,,,,,,,4 Attempts - 20 Races total,12,Go to Submit page,,,,,,,,,,,,,,,Re-use Day 3 - Team Comp 1 as Day 4 - Team Comp 1,A Group,,,,,,,,,,4 Attempts - 20 Races total,13,Go to Submit page,,,,,,,,,,,,,,,A Finals,12764,Re-use Day 4 - Team Comp 1 as Finals Team Comp,,,,,,,,,,https://drive.google.com/open?id=1GlkO6YORpJ7rglsHtR5Lu1rzbjQqfksx,1st,,,,,,,,,,,No,,https://drive.google.com/open?id=1Wf3bVCh6DWGCtGT_BkXj_PVmPNz9ke70,https://drive.google.com/open?id=1qqF4Vitb8J7-u81zWfoQlJM9C1tEK6Zq,,,,,,,https://drive.google.com/open?id=1Vi5aErIBeuZKdx0NfmYbhHzGGnTd8rJq
9/2/2026 16:48:54,PrinzRohan,Graded (No Uma Restrictions),Win A finals,I accept these terms,Finals,"Android - phone or tablet, Windows",$1001-5000,762,11-20 (roughly 2-3 per day),"Discord - MooMooCord - https://discord.gg/Hc7cP9GB, Reddit - /r/umamusumeGame, YouTube - MooMooCows - https://www.youtube.com/@MooMooCows",,,Fine Motion (Wedding),Pace Chaser,Ace built for this CM before CM start in Grand Concert scenario,,,,,,,,Nishino Flower,Pace Chaser,Ace built for this CM before CM start in Grand Concert scenario,,,,,,,,Mejiro Dober (Camping),Late Surger,Ace built for this CM before CM start in Grand Concert scenario,,,,,,,,4 Attempts - 20 Races total,15,Go to Submit page,,,,,,,,,,,,,,Re-use Day 1 - Team Comp 1 as Day 2 - Team Comp 1,,,,,,,,,,4 Attempts - 20 Races total,15,Go to Submit page,,,,,,,,,,,,,,,Re-use Day 2 - Team Comp 1 as Day 3 - Team Comp 1,A Group,,,,,,,,,,4 Attempts - 20 Races total,12,Go to Submit page,,,,,,,,,,,,,,,Re-use Day 3 - Team Comp 1 as Day 4 - Team Comp 1,A Group,,,,,,,,,,4 Attempts - 20 Races total,12,Go to Submit page,,,,,,,,,,,,,,,A Finals,10747,Re-use Day 4 - Team Comp 1 as Finals Team Comp,,,,,,,,,,,1st,,,,,,,,,,,No,,https://drive.google.com/open?id=1DS1lwy5fsztsqbs1GX6UaNH5F5P4yJj1,https://drive.google.com/open?id=1A6Q_WifkzDrPwnanuGYGO3bZg25Yz5T9,,,,,,,https://drive.google.com/open?id=1c-I23wONDZsuj6H6oRR7q4BbGrzDcFQL
9/2/2026 20:10:23,Anaxagoras,Graded (No Uma Restrictions),Win A finals,I accept these terms,Day 4,Windows,$1001-5000,1169,31-45 (roughly 5-6 per day),"Discord - MooMooCord - https://discord.gg/Hc7cP9GB, YouTube - MooMooCows - https://www.youtube.com/@MooMooCows",,,Gold City (Festival),Late Surger,Ace built for this CM before CM start in Grand Concert scenario,2,0,1,0,2,1,0,Air Groove (Wedding),Late Surger,Ace built for this CM before CM start in Grand Concert scenario,2,0,1,0,2,1,0,Mayano Top Gun (Wedding),Late Surger,Ace built for this CM before CM start in Grand Concert scenario,3,0,0,0,2,1,0,4 Attempts - 20 Races total,16,Go to Submit page,,,,,,,,,,,,,,Re-use Day 1 - Team Comp 1 as Day 2 - Team Comp 1,,,,,,,,,,4 Attempts - 20 Races total,16,Day 3,,,,,,,,,,,,,,,Re-use Day 2 - Team Comp 1 as Day 3 - Team Comp 1,A Group,,,,,,,,,,4 Attempts - 20 Races total,10,Day 4,,,,,,,,,,,,,,,Re-use Day 3 - Team Comp 1 as Day 4 - Team Comp 1,A Group,,,,,,,,,,4 Attempts - 20 Races total,13,Finals,,,,,,,,,,,,,,,A Finals,9995,Re-use Day 4 - Team Comp 1 as Finals Team Comp,,,,,,,,,,https://drive.google.com/open?id=1pm9z1KWMdZ8rlhbSqAkP_Tz-Uan5E5HZ,1st,,,,,,,,,,,Yes,"With this divine power, I'll run all umas",https://drive.google.com/open?id=1M2gmmWKe3wruGtVgnoVehojeH8AitZOW,https://drive.google.com/open?id=1t3juqLtoszyptS7V5mYqOwquPby-P3tS,,2,6,5,0,0,https://drive.google.com/open?id=1ZAwnHuMsvO3QJunNS1Pjo_iSYPHBBPXS
9/3/2026 3:46:38,Acornsmasher,Graded (No Uma Restrictions),Win A finals,I accept these terms,Finals,"Android - phone or tablet, Windows",$1001-5000,749,21-30 (roughly 3-4 per day),Discord - MooMooCord - https://discord.gg/Hc7cP9GB,5,,Taiki Shuttle,Pace Chaser,Ace built for this CM before CM start in Grand Concert scenario,3,,,,2,1,,Silence Suzuka,Front Runner,Ace built for this CM before CM start in Grand Concert scenario,3,,,,2,1,,Aston Machan,Front Runner,Ace built for this CM before CM start in Grand Concert scenario,3,,,,2,1,,2 Attempts - 10 Races total,6,Day 1 - Add 2nd Team,Taiki Shuttle,Pace Chaser,Ace built for this CM before CM start in Grand Concert scenario,Seiun Sky,Front Runner,Ace built for this CM before CM start in Grand Concert scenario,Silence Suzuka,Front Runner,Ace built for this CM before CM start in Grand Concert scenario,2 Attempts - 10 Races total,4,3 teams,Go to Submit page,Re-use Day 1 - Team Comp 1 as Day 2 - Team Comp 1,,,,,,,,,,3 Attempts - 15 Races total,5,Day 2 - Add 2nd Team,Re-use Day 1 - Team Comp 2 as Day 2 - Team Comp 2,,,,,,,,,,1 Attempt - 5 Races total,4,3 teams,Go to Submit page,Add new Team Comp as Day 3 - Team Comp 1,A Group,Taiki Shuttle,Front Runner,Ace built for this CM before CM start in Grand Concert scenario,Silence Suzuka,Front Runner,Ace built for this CM before CM start in Grand Concert scenario,Aston Machan,Front Runner,Mid-CM Ace build in Grand Concert scenario,2 Attempts - 10 Races total,3,Day 3 - Add 2nd Team,Add new Team Comp as Day 3 - Team Comp 2,Taiki Shuttle,Pace Chaser,Ace built for this CM before CM start in Grand Concert scenario,Silence Suzuka,Front Runner,Ace built for this CM before CM start in Grand Concert scenario,Seiun Sky,Front Runner,Ace built for this CM before CM start in Grand Concert scenario,2 Attempts - 10 Races total,4,3 teams,Go to Submit page,Add a new Team Comp as Day 4 - Team Comp 1,A Group,Aston Machan,Front Runner,Mid-CM Ace build in Grand Concert scenario,Taiki Shuttle,Pace Chaser,Ace built for this CM before CM start in Grand Concert scenario,Grass Wonder,Late Surger,Debuffer,3 Attempts - 15 Races total,8,Day 4 - Add 2nd team,Add new Team Comp as Day 4 - Team Comp 2,Silence Suzuka,Front Runner,Ace built for this CM before CM start in Grand Concert scenario,Taiki Shuttle,Pace Chaser,Ace built for this CM before CM start in Grand Concert scenario,Grass Wonder,Late Surger,Debuffer,1 Attempt - 5 Races total,4,4 teams,Go to Submit page,A Finals,8122,Add new Team Comp as Finals Team Comp,Silence Suzuka,Front Runner,Ace built for this CM before CM start in Grand Concert scenario,Taiki Shuttle,Pace Chaser,Ace built for this CM before CM start in Grand Concert scenario,Grass Wonder,Late Surger,Debuffer,https://drive.google.com/open?id=14oh8LWLAaxLB3AmcoJ3BqdxC6M1fu0Ya,2nd,Yes,https://drive.google.com/open?id=1tU5LLr21u6ZYXg9J9C1hXjUPxwV3mAM9,https://drive.google.com/open?id=10X27T2bKQrnA7cEbxLo_7vI2BHIlEZ6H,,3,3,9,0,3,https://drive.google.com/open?id=19tGqB416gauer9OoJSUZMSasYtoT6IKT,,,,,,,,,,,
9/2/2026 19:45:28,Casual Lettuce,Open (A+ Grade and Lower Umas Only),Win A finals,I accept these terms,Finals,"Android - phone or tablet, Windows",$0,686,21-30 (roughly 3-4 per day),Discord - MooMooCord - https://discord.gg/Hc7cP9GB,4,,Nice Nature,Late Surger,Hybrid (ace + debuffer),2,0,2,1,1,0,0,Special Week,End Closer,Ace built for this CM before CM start in Unity Cup scenario,2,0,3,0,1,0,0,Taiki Shuttle,Pace Chaser,Ace built for this CM before CM start in Grand Concert scenario,2,0,2,0,1,1,0,1 Attempt - 5 Races total,3,Go to Submit page,,,,,,,,,,,,,,Re-use Day 1 - Team Comp 1 as Day 2 - Team Comp 1,,,,,,,,,,3 Attempts - 15 Races total,13,Go to Submit page,,,,,,,,,,,,,,,Re-use Day 2 - Team Comp 1 as Day 3 - Team Comp 1,A Group,,,,,,,,,,4 Attempts - 20 Races total,16,Go to Submit page,,,,,,,,,,,,,,,Re-use Day 3 - Team Comp 1 as Day 4 - Team Comp 1,A Group,,,,,,,,,,4 Attempts - 20 Races total,13,Go to Submit page,,,,,,,,,,,,,,,A Finals,5484,Re-use Day 4 - Team Comp 1 as Finals Team Comp,,,,,,,,,,https://drive.google.com/open?id=1eN7SYkMP8JK5ZJe7bwT1DLP9f8dwg6z1,2nd,Yes,https://drive.google.com/open?id=1q6yUoN24qf_nijTPPAbWcVOHH70tEEcM,https://drive.google.com/open?id=13Jeq1F9nZf4ulHGkvS_DJuij79fU_V9D,,6,0,0,2,0,https://drive.google.com/open?id=14k8kydFlhyUScQAAqJs4tuCF-O7PzUc1,,,,,,,,,,,
9/2/2026 21:30:09,QuietTsan,Graded (No Uma Restrictions),Get into A finals,I accept these terms,Day 1,"Android - phone or tablet, Linux",$0,411,6-10 (roughly 1 per day),Discord - MooMooCord - https://discord.gg/Hc7cP9GB,5,,Oguri Cap (Christmas),End Closer,Ace built for this CM before CM start in Grand Concert scenario,,,,,,,,Haru Urara (New Year),Late Surger,Ace built for older CM,2,,,,4,,,Hishi Akebono,Pace Chaser,Ace built for older CM,,,,,,,,3 Attempts - 15 Races total,7,Day 1 - Add 2nd Team,Oguri Cap (Christmas),End Closer,Ace built for this CM before CM start in Grand Concert scenario,Haru Urara (New Year),Late Surger,Ace built for older CM,Agnes Digital (Halloween),Late Surger,Ace built for this CM before CM start in Unity Cup scenario,1 Attempt - 5 Races total,1,3 teams,Day 2,Re-use Day 1 - Team Comp 1 as Day 2 - Team Comp 1,,,,,,,,,,3 Attempts - 15 Races total,8,Day 2 - Add 2nd Team,Add new Team Comp as Day 2 - Team Comp 2,Oguri Cap (Christmas),End Closer,Ace built for this CM before CM start in Grand Concert scenario,Haru Urara (New Year),Late Surger,Ace built for older CM,Daiwa Scarlet,Pace Chaser,Ace built for this CM before CM start in Grand Concert scenario,1 Attempt - 5 Races total,2,2 teams,Day 3,Re-use Day 2 - Team Comp 1 as Day 3 - Team Comp 1,A Group,,,,,,,,,,3 Attempts - 15 Races total,1,Day 4,,,,,,,,,,,,,,,Re-use Day 3 - Team Comp 1 as Day 4 - Team Comp 1,A Group,,,,,,,,,,2 Attempts - 10 Races total,0,Finals,,,,,,,,,,,,,,,B Finals,2434,Re-use Day 4 - Team Comp 1 as Finals Team Comp,,,,,,,,,,,1st,,,,,,,,,,,No,,,,,,,,,,
9/2/2026 15:25:45,Whims,Graded (No Uma Restrictions),Win A finals,I accept these terms,Finals,Windows,$101-500,1758,46+ (more than 6 per day),Discord - MooMooCord - https://discord.gg/Hc7cP9GB,,,Rice Shower,Pace Chaser,Ace built for this CM before CM start in Grand Concert scenario,3,0,0,0,2,1,0,Seiun Sky,Front Runner,Ace built for this CM before CM start in Grand Concert scenario,3,0,0,0,2,1,0,Aston Machan,Front Runner,Ace built for this CM before CM start in Grand Concert scenario,3,0,0,0,2,1,0,4 Attempts - 20 Races total,18,Go to Submit page,,,,,,,,,,,,,,Re-use Day 1 - Team Comp 1 as Day 2 - Team Comp 1,,,,,,,,,,4 Attempts - 20 Races total,19,Go to Submit page,,,,,,,,,,,,,,,Re-use Day 2 - Team Comp 1 as Day 3 - Team Comp 1,A Group,,,,,,,,,,4 Attempts - 20 Races total,14,Go to Submit page,,,,,,,,,,,,,,,Re-use Day 3 - Team Comp 1 as Day 4 - Team Comp 1,A Group,,,,,,,,,,4 Attempts - 20 Races total,14,Go to Submit page,,,,,,,,,,,,,,,A Finals,11826,Re-use Day 4 - Team Comp 1 as Finals Team Comp,,,,,,,,,,https://drive.google.com/open?id=1kzOMBKZC8qRHwo5K1ScvdxJhZvdagJ2p,1st,,,,,,,,,,,Yes,4-0 against xOguri and counting,https://drive.google.com/open?id=1yZ2u0ROSYcU9ZH5tpsYREiDUQBTHWNSr,https://drive.google.com/open?id=1Iq901qFMxiLrh-7_8Ez28L1k7SbLcKie,,2,2,2,5,2,https://drive.google.com/open?id=11zUkVZLBv01t4TLqypVapYhSMHkLSTD7
9/3/2026 1:53:02,Doesnt_Matter,Graded (No Uma Restrictions),Try to win with waifu.,I accept these terms,Finals,Windows,$1-100,I spam auto,46+ (more than 6 per day),Discord - MooMooCord - https://discord.gg/Hc7cP9GB,,,Mejiro McQueen,Pace Chaser,Ace built for this CM before CM start in Grand Concert scenario,3,,,,2,1,,Silence Suzuka,Runaway,Ace built for this CM before CM start in Grand Concert scenario,3,,,,2,1,,Eishin Flash (Valentine),End Closer,Debuffer,,,,,,,,4 Attempts - 20 Races total,16,Go to Submit page,,,,,,,,,,,,,,Re-use Day 1 - Team Comp 1 as Day 2 - Team Comp 1,,,,,,,,,,4 Attempts - 20 Races total,12,Go to Submit page,,,,,,,,,,,,,,,Re-use Day 2 - Team Comp 1 as Day 3 - Team Comp 1,A Group,,,,,,,,,,4 Attempts - 20 Races total,11,Go to Submit page,,,,,,,,,,,,,,,Re-use Day 3 - Team Comp 1 as Day 4 - Team Comp 1,A Group,,,,,,,,,,4 Attempts - 20 Races total,15,Go to Submit page,,,,,,,,,,,,,,,A Finals,7480,Re-use Day 4 - Team Comp 1 as Finals Team Comp,,,,,,,,,,https://drive.google.com/open?id=1FnTTIvqojGkTUBq9BJS3BWERMjS0rO0e,2nd,No (goes to Submit page),,,,,,,,,,,,,,,,,,,,
9/2/2026 19:54:27,Meghanet,Graded (No Uma Restrictions),Win A finals,I accept these terms,Finals,"iOS - phone or tablet, Windows",$501-1000,1175,21-30 (roughly 3-4 per day),Discord - MooMooCord - https://discord.gg/Hc7cP9GB,5,,Rice Shower,Pace Chaser,Ace built for this CM before CM start in Grand Concert scenario,3,,,,2,1,,Nishino Flower,Pace Chaser,Ace built for this CM before CM start in Grand Concert scenario,3,,,,2,1,,Silence Suzuka,Runaway,Ace built for this CM before CM start in Grand Concert scenario,3,,,,2,1,,4 Attempts - 20 Races total,16,Go to Submit page,,,,,,,,,,,,,,Re-use Day 1 - Team Comp 1 as Day 2 - Team Comp 1,,,,,,,,,,4 Attempts - 20 Races total,14,Go to Submit page,,,,,,,,,,,,,,,Re-use Day 2 - Team Comp 1 as Day 3 - Team Comp 1,A Group,,,,,,,,,,4 Attempts - 20 Races total,12,Day 4,,,,,,,,,,,,,,,Re-use Day 3 - Team Comp 1 as Day 4 - Team Comp 1,A Group,,,,,,,,,,4 Attempts - 20 Races total,13,Go to Submit page,,,,,,,,,,,,,,,A Finals,11217,Re-use Day 4 - Team Comp 1 as Finals Team Comp,,,,,,,,,,https://drive.google.com/open?id=1-9iR8_47Jey68d7X4qfVbhzHMZ28EocB,1st,,,,,,,,,,,No,,https://drive.google.com/open?id=1UeAZTTdk1DLMkMlNeJ8yJPsbSwYgLje6,https://drive.google.com/open?id=1sNrKlE5jETUJ7mdcAWF90huFTNZVSZyo,,,3,8,1,2,https://drive.google.com/open?id=1QxYeLOFmxCHH67fPEDbCCbay6jkN1r7W
9/2/2026 19:21:10,Kaskaen,Graded (No Uma Restrictions),Get into A finals,I accept these terms,Finals,Windows,$501-1000,1091,11-20 (roughly 2-3 per day),Discord - MooMooCord - https://discord.gg/Hc7cP9GB,5,,Oguri Cap (Christmas),End Closer,Ace built for this CM before CM start in Grand Concert scenario,2,0,0,0,3,1,0,Taiki Shuttle,Pace Chaser,Ace built for this CM before CM start in Grand Concert scenario,3,0,0,0,2,1,0,Fuji Kiseki,Pace Chaser,Ace built for this CM before CM start in Grand Concert scenario,3,0,0,0,2,1,0,4 Attempts - 20 Races total,15,Go to Submit page,,,,,,,,,,,,,,Re-use Day 1 - Team Comp 1 as Day 2 - Team Comp 1,,,,,,,,,,4 Attempts - 20 Races total,14,Go to Submit page,,,,,,,,,,,,,,,Re-use Day 2 - Team Comp 1 as Day 3 - Team Comp 1,A Group,,,,,,,,,,4 Attempts - 20 Races total,10,Go to Submit page,,,,,,,,,,,,,,,Re-use Day 3 - Team Comp 1 as Day 4 - Team Comp 1,A Group,,,,,,,,,,4 Attempts - 20 Races total,12,Go to Submit page,,,,,,,,,,,,,,,A Finals,,Re-use Day 4 - Team Comp 1 as Finals Team Comp,,,,,,,,,,,2nd,No (goes to Submit page),,,,,,,,,,,,,,,,,,,,
9/1/2026 10:28:00,keichiju,Graded (No Uma Restrictions),Win A finals,I accept these terms,Day 3,"Android - phone or tablet, Windows",$0,651,11-20 (roughly 2-3 per day),YouTube - MooMooCows - https://www.youtube.com/@MooMooCows,5,,Rice Shower,Pace Chaser,Ace built for this CM before CM start in Grand Concert scenario,3,0,0,0,2,1,0,Agnes Digital (Halloween),Late Surger,Ace built for this CM before CM start in Grand Concert scenario,2,0,1,0,2,1,0,Grass Wonder,Late Surger,Debuffer,1,,,1,4,,,3 Attempts - 15 Races total,14,Go to Submit page,,,,,,,,,,,,,,Re-use Day 1 - Team Comp 1 as Day 2 - Team Comp 1,,,,,,,,,,4 Attempts - 20 Races total,16,Go to Submit page,,,,,,,,,,,,,,,Re-use Day 2 - Team Comp 1 as Day 3 - Team Comp 1,A Group,,,,,,,,,,4 Attempts - 20 Races total,12,Day 4,,,,,,,,,,,,,,,Re-use Day 3 - Team Comp 1 as Day 4 - Team Comp 1,A Group,,,,,,,,,,4 Attempts - 20 Races total,10,Go to Submit page,,,,,,,,,,,,,,,,,,,,,,,,,,,,,,,,,,,,,,,,,,,,,,,,,
9/2/2026 17:59:12,Derren,Graded (No Uma Restrictions),Win A finals,I accept these terms,Finals,iOS - phone or tablet,$1001-5000,2499,46+ (more than 6 per day),,,,Oguri Cap (Christmas),End Closer,Ace built for this CM before CM start in Grand Concert scenario,2,0,1,0,2,1,0,Nice Nature (Cheerleader),Front Runner,Debuffer,1,0,1,0,3,1,0,Grass Wonder,Front Runner,Debuffer,1,0,0,0,4,1,0,4 Attempts - 20 Races total,16,Go to Submit page,,,,,,,,,,,,,,Re-use Day 1 - Team Comp 1 as Day 2 - Team Comp 1,,,,,,,,,,4 Attempts - 20 Races total,17,Go to Submit page,,,,,,,,,,,,,,,Re-use Day 2 - Team Comp 1 as Day 3 - Team Comp 1,A Group,,,,,,,,,,4 Attempts - 20 Races total,16,Go to Submit page,,,,,,,,,,,,,,,Re-use Day 3 - Team Comp 1 as Day 4 - Team Comp 1,A Group,,,,,,,,,,4 Attempts - 20 Races total,15,Go to Submit page,,,,,,,,,,,,,,,A Finals,12295,Re-use Day 4 - Team Comp 1 as Finals Team Comp,,,,,,,,,,https://drive.google.com/open?id=1ULTny5T10YS3gIXkKA_8a6iMJJGxX628,1st,,,,,,,,,,,No,,https://drive.google.com/open?id=1EIlhotS26SyI7_TMVQ5WmQStgDiXPRi_,https://drive.google.com/open?id=1-af18tDmzoanFcNemKDgTtprfkc3ADTl,,0,3,12,2,0,https://drive.google.com/open?id=1JA6sL8ntSoeepnoIaK3ZoiZPAASDEIky
8/31/2026 18:43:38,Mayvin,Graded (No Uma Restrictions),Win A finals,I accept these terms,Day 4,"iOS - phone or tablet, Windows",$0,648,11-20 (roughly 2-3 per day),Discord - MooMooCord - https://discord.gg/Hc7cP9GB,,,Admire Vega,End Closer,Ace built for this CM before CM start in Grand Concert scenario,,,,,,,,Agnes Tachyon,Late Surger,Debuffer,,,,,,,,Nice Nature (Cheerleader),Late Surger,Debuffer,,,,,,,,4 Attempts - 20 Races total,6,Go to Submit page,,,,,,,,,,,,,,Re-use Day 1 - Team Comp 1 as Day 2 - Team Comp 1,,,,,,,,,,4 Attempts - 20 Races total,10,Go to Submit page,,,,,,,,,,,,,,,Re-use Day 2 - Team Comp 1 as Day 3 - Team Comp 1,A Group,,,,,,,,,,4 Attempts - 20 Races total,5,Go to Submit page,,,,,,,,,,,,,,,Re-use Day 3 - Team Comp 1 as Day 4 - Team Comp 1,A Group,,,,,,,,,,4 Attempts - 20 Races total,7,Go to Submit page,,,,,,,,,,,,,,,,,,,,,,,,,,,,,,,,,,,,,,,,,,,,,,,,,
9/1/2026 5:14:27,Eggy,Graded (No Uma Restrictions),Collect participation rewards,I accept these terms,Day 4,"iOS - phone or tablet, Windows",Rather not say,873,21-30 (roughly 3-4 per day),"Discord - MooMooCord - https://discord.gg/Hc7cP9GB, Twitch - MooMooCows - https://www.twitch.tv/moomoomoocows, YouTube - MooMooCows - https://www.youtube.com/@MooMooCows",,,Meisho Doto (Halloween),Pace Chaser,Ace built for this CM before CM start in Grand Concert scenario,3,0,0,0,2,1,0,Silence Suzuka,Runaway,Debuffer,1,1,1,0,2,1,0,Grass Wonder,Late Surger,Debuffer,2,1,0,0,2,1,0,4 Attempts - 20 Races total,10,Day 2,,,,,,,,,,,,,,Re-use Day 1 - Team Comp 1 as Day 2 - Team Comp 1,,,,,,,,,,3 Attempts - 15 Races total,8,Day 3,,,,,,,,,,,,,,,Re-use Day 2 - Team Comp 1 as Day 3 - Team Comp 1,A Group,,,,,,,,,,4 Attempts - 20 Races total,8,Go to Submit page,,,,,,,,,,,,,,,Re-use Day 3 - Team Comp 1 as Day 4 - Team Comp 1,A Group,,,,,,,,,,3 Attempts - 15 Races total,6,Go to Submit page,,,,,,,,,,,,,,,,,,,,,,,,,,,,,,,,,,,,,,,,,,,,,,,,,
9/2/2026 17:06:54,Dexokami,Graded (No Uma Restrictions),Get into A finals,I accept these terms,Finals,Windows,$0,1023,21-30 (roughly 3-4 per day),Discord - MooMooCord - https://discord.gg/Hc7cP9GB,,,Mihono Bourbon (Valentine),Front Runner,Ace built for this CM before CM start in Grand Concert scenario,3,,,,2,1,,Grass Wonder,Late Surger,Ace built for this CM before CM start in Grand Concert scenario,2,,1,,2,1,,Gold City,Late Surger,Ace built for this CM before CM start in Grand Concert scenario,3,,1,,1,1,,4 Attempts - 20 Races total,12,Go to Submit page,,,,,,,,,,,,,,Re-use Day 1 - Team Comp 1 as Day 2 - Team Comp 1,,,,,,,,,,4 Attempts - 20 Races total,12,Go to Submit page,,,,,,,,,,,,,,,Re-use Day 2 - Team Comp 1 as Day 3 - Team Comp 1,A Group,,,,,,,,,,4 Attempts - 20 Races total,12,Go to Submit page,,,,,,,,,,,,,,,Re-use Day 3 - Team Comp 1 as Day 4 - Team Comp 1,A Group,,,,,,,,,,4 Attempts - 20 Races total,15,Go to Submit page,,,,,,,,,,,,,,,A Finals,11660,Re-use Day 4 - Team Comp 1 as Finals Team Comp,,,,,,,,,,https://drive.google.com/open?id=1pLJoFfoLltyFTq_ZEQqn9homE7p4WXRx,3rd,Yes,https://drive.google.com/open?id=1YFlN7afARk4ezqJt5OvYGBGmqXJQMenH,https://drive.google.com/open?id=1hmFp28p1HLFQTvgHwqtqbRpRwzxcag51,https://drive.google.com/open?id=1dkBAnwWqIFtvFu2Kmdgt4s89crjyvzoJ,,,,,,https://drive.google.com/open?id=1eRUnENm-oYCnDNk0yaLg9jDY_pIBmAI2,,,,,,,,,,,
9/3/2026 0:24:27,Mono,Graded (No Uma Restrictions),Get into A finals,I accept these terms,Finals,Windows,$1-100,2483,,,,,Nishino Flower,Pace Chaser,Ace built for this CM before CM start in Grand Concert scenario,3,,,,2,1,,Taiki Shuttle,Pace Chaser,Ace built for this CM before CM start in Grand Concert scenario,2,,,,3,1,,Oguri Cap (Christmas),End Closer,Ace built for this CM before CM start in Grand Concert scenario,2,,1,,2,1,,4 Attempts - 20 Races total,15,Go to Submit page,,,,,,,,,,,,,,Re-use Day 1 - Team Comp 1 as Day 2 - Team Comp 1,,,,,,,,,,4 Attempts - 20 Races total,18,Go to Submit page,,,,,,,,,,,,,,,Re-use Day 2 - Team Comp 1 as Day 3 - Team Comp 1,A Group,,,,,,,,,,4 Attempts - 20 Races total,16,Go to Submit page,,,,,,,,,,,,,,,Re-use Day 3 - Team Comp 1 as Day 4 - Team Comp 1,A Group,,,,,,,,,,4 Attempts - 20 Races total,15,Go to Submit page,,,,,,,,,,,,,,,A Finals,13119,Re-use Day 4 - Team Comp 1 as Finals Team Comp,,,,,,,,,,https://drive.google.com/open?id=1-_idFPITVTFuQ7ApqXpamJ61tKut88lV,1st,,,,,,,,,,,No,,https://drive.google.com/open?id=1cj3lLM8_Y_donewvgQgWurcLixm_xP0x,https://drive.google.com/open?id=1sq3RYqXz8RRJtQdViudSbfqN64NIiIMq,,10,,2,,,https://drive.google.com/open?id=1TcZWrqw-TCJ8-SLuQojKc_UVttdQDu22
9/2/2026 17:17:30,Axl,Graded (No Uma Restrictions),Get into A finals,I accept these terms,Finals,Android - phone or tablet,$0,1214,21-30 (roughly 3-4 per day),Discord - MooMooCord - https://discord.gg/Hc7cP9GB,,,Mihono Bourbon (Valentine),Front Runner,Ace built for this CM before CM start in Grand Concert scenario,,,,,,,,Seiun Sky,Front Runner,Ace built for this CM before CM start in Grand Concert scenario,,,,,,,,Grass Wonder,Late Surger,Ace built for this CM before CM start in Grand Concert scenario,,,,,,,,4 Attempts - 20 Races total,17,Go to Submit page,,,,,,,,,,,,,,Re-use Day 1 - Team Comp 1 as Day 2 - Team Comp 1,,,,,,,,,,4 Attempts - 20 Races total,13,Go to Submit page,,,,,,,,,,,,,,,Re-use Day 2 - Team Comp 1 as Day 3 - Team Comp 1,A Group,,,,,,,,,,4 Attempts - 20 Races total,10,Go to Submit page,,,,,,,,,,,,,,,Re-use Day 3 - Team Comp 1 as Day 4 - Team Comp 1,A Group,,,,,,,,,,4 Attempts - 20 Races total,12,Go to Submit page,,,,,,,,,,,,,,,A Finals,9742,Re-use Day 4 - Team Comp 1 as Finals Team Comp,,,,,,,,,,https://drive.google.com/open?id=1chXXy0Gx7Vcid02KuDWE_DgAQSt7SkO-,3rd,Yes,https://drive.google.com/open?id=1V47uzAvLGzMvSIRgaFr4N8uMqe5u6bMY,https://drive.google.com/open?id=13fXaZcqY2CFZsYsehfDaTxZH2fNyPCpJ,,,,,,,https://drive.google.com/open?id=1guf5nG-KTGyP9KXM6VIyjvm8XVHniObn,,,,,,,,,,,
9/2/2026 17:35:36,SleekCarpet,Graded (No Uma Restrictions),Win A finals,I accept these terms,Finals,"Android - phone or tablet, Windows",$1-100,1050,11-20 (roughly 2-3 per day),Discord - MooMooCord - https://discord.gg/Hc7cP9GB,,,Nishino Flower,Pace Chaser,Ace built for this CM before CM start in Grand Concert scenario,3,,,,2,1,,Mihono Bourbon (Valentine),Front Runner,Ace built for this CM before CM start in Grand Concert scenario,3,,,,2,1,,Silence Suzuka,Runaway,Blocker/Overtake target/Throwaway/Niche role,3,,,,2,1,,4 Attempts - 20 Races total,13,Go to Submit page,,,,,,,,,,,,,,Re-use Day 1 - Team Comp 1 as Day 2 - Team Comp 1,,,,,,,,,,4 Attempts - 20 Races total,12,Go to Submit page,,,,,,,,,,,,,,,Re-use Day 2 - Team Comp 1 as Day 3 - Team Comp 1,A Group,,,,,,,,,,4 Attempts - 20 Races total,11,Day 4,,,,,,,,,,,,,,,Re-use Day 3 - Team Comp 1 as Day 4 - Team Comp 1,A Group,,,,,,,,,,4 Attempts - 20 Races total,5,Go to Submit page,,,,,,,,,,,,,,,A Finals,10606,Re-use Day 4 - Team Comp 1 as Finals Team Comp,,,,,,,,,,https://drive.google.com/open?id=1a6JORYF7VZbzVJAJWyhd51Jq8htpaPow,2nd,No (goes to Submit page),,,,,,,,,,,,,,,,,,,,
9/2/2026 16:55:58,Kaioo,Graded (No Uma Restrictions),Win A finals,I accept these terms,Finals,Windows,$101-500,2085,31-45 (roughly 5-6 per day),Discord - MooMooCord - https://discord.gg/Hc7cP9GB,5,,Oguri Cap (Christmas),End Closer,Ace built for this CM before CM start in Grand Concert scenario,3,0,0,0,2,1,0,Bamboo memory,End Closer,Ace built for this CM before CM start in Grand Concert scenario,3,0,0,0,2,1,0,Symboli Rudolf,End Closer,Debuffer,,,,,,,,4 Attempts - 20 Races total,18,Go to Submit page,,,,,,,,,,,,,,Re-use Day 1 - Team Comp 1 as Day 2 - Team Comp 1,,,,,,,,,,4 Attempts - 20 Races total,17,Go to Submit page,,,,,,,,,,,,,,,Re-use Day 2 - Team Comp 1 as Day 3 - Team Comp 1,A Group,,,,,,,,,,4 Attempts - 20 Races total,15,Go to Submit page,,,,,,,,,,,,,,,Re-use Day 3 - Team Comp 1 as Day 4 - Team Comp 1,A Group,,,,,,,,,,4 Attempts - 20 Races total,13,Go to Submit page,,,,,,,,,,,,,,,A Finals,11436,Re-use Day 4 - Team Comp 1 as Finals Team Comp,,,,,,,,,,https://drive.google.com/open?id=1Y0Nn-asOmwb_TqMaOENnyOANyLfEU3ot,3rd,No (goes to Submit page),,,,,,,,,,,,,,,,,,,,
8/29/2026 11:18:48,RagerBlazer,Graded (No Uma Restrictions),Combat the overrated use of X Oguri ,I accept these terms,Day 1,Android - phone or tablet,$0,381,31-45 (roughly 5-6 per day),Discord - MooMooCord - https://discord.gg/Hc7cP9GB,5,,Aston Machan,Front Runner,Ace built for this CM before CM start in Grand Concert scenario,2,0,0,0,3,1,0,Daiwa Scarlet,Front Runner,Ace built for this CM before CM start in Grand Concert scenario,3,0,0,0,2,1,0,Vodka,Late Surger,Ace built for this CM before CM start in Grand Concert scenario,2,0,1,0,2,1,0,4 Attempts - 20 Races total,11,Go to Submit page,,,,,,,,,,,,,,,,,,,,,,,,,,,,,,,,,,,,,,,,,,,,,,,,,,,,,,,,,,,,,,,,,,,,,,,,,,,,,,,,,,,,,,,,,,,,,,,,,,,,,,,,,,,,,,,,,,,,,,,,,,,,,,,,,,,
9/3/2026 10:29:29,Kanseru,Graded (No Uma Restrictions),Collect participation rewards,I accept these terms,Finals,"Android - phone or tablet, Windows",$501-1000,1358,11-20 (roughly 2-3 per day),,,,Silence Suzuka,Runaway,Ace built for this CM before CM start in Grand Concert scenario,3,,,,2,0,,Seiun Sky,Front Runner,Hybrid (ace + debuffer),3,,,,2,1,,Mihono Bourbon (Valentine),Front Runner,Hybrid (ace + debuffer),3,,,,2,1,,4 Attempts - 20 Races total,10,Go to Submit page,,,,,,,,,,,,,,Re-use Day 1 - Team Comp 1 as Day 2 - Team Comp 1,,,,,,,,,,4 Attempts - 20 Races total,11,Go to Submit page,,,,,,,,,,,,,,,Re-use Day 2 - Team Comp 1 as Day 3 - Team Comp 1,A Group,,,,,,,,,,4 Attempts - 20 Races total,6,Go to Submit page,,,,,,,,,,,,,,,Re-use Day 3 - Team Comp 1 as Day 4 - Team Comp 1,A Group,,,,,,,,,,4 Attempts - 20 Races total,10,Go to Submit page,,,,,,,,,,,,,,,A Finals,,Re-use Day 4 - Team Comp 1 as Finals Team Comp,,,,,,,,,,,3rd,No (goes to Submit page),,,,,,,,,,,,,,,,,,,,
9/2/2026 23:11:33,LumberjackDream,Graded (No Uma Restrictions),Get into A finals,I accept these terms,Finals,Windows,$101-500,1936,31-45 (roughly 5-6 per day),"Discord - MooMooCord - https://discord.gg/Hc7cP9GB, YouTube - MooMooCows - https://www.youtube.com/@MooMooCows",,,Mayano Top Gun,Front Runner,Ace built for this CM before CM start in Grand Concert scenario,3,,,,2,1,,Taiki Shuttle,Pace Chaser,Ace built for this CM before CM start in Grand Concert scenario,2,,,,3,1,,Mihono Bourbon (Valentine),Front Runner,Ace built for this CM before CM start in Grand Concert scenario,3,,,,2,1,,4 Attempts - 20 Races total,8,Go to Submit page,,,,,,,,,,,,,,Re-use Day 1 - Team Comp 1 as Day 2 - Team Comp 1,,,,,,,,,,4 Attempts - 20 Races total,13,Go to Submit page,,,,,,,,,,,,,,,Re-use Day 2 - Team Comp 1 as Day 3 - Team Comp 1,A Group,,,,,,,,,,4 Attempts - 20 Races total,10,Go to Submit page,,,,,,,,,,,,,,,Re-use Day 3 - Team Comp 1 as Day 4 - Team Comp 1,A Group,,,,,,,,,,4 Attempts - 20 Races total,10,Go to Submit page,,,,,,,,,,,,,,,A Finals,12286,Re-use Day 4 - Team Comp 1 as Finals Team Comp,,,,,,,,,,https://drive.google.com/open?id=1O2THk8ylkecofyjZ-sIYhDAG0FbH3kwq,2nd,Yes,https://drive.google.com/open?id=11VFIjbs5Iv8gvnfRgMzWbLLRibgXrswZ,https://drive.google.com/open?id=14MVmEKleWHVEcg1iphR2c4ZvGTiXYB9S,https://drive.google.com/open?id=18cpFIlvIgOFdJRlJrLmzeMYSQ2av8tRc,,11,5,,,https://drive.google.com/open?id=1CGpr27W0kwh6NNzXHlWGAF49tNQ8UQTf,,,,,,,,,,,
9/2/2026 22:12:40,matrydimn2,Graded (No Uma Restrictions),Get into A finals,I accept these terms,Finals,Windows,$101-500,486,21-30 (roughly 3-4 per day),YouTube - MooMooCows - https://www.youtube.com/@MooMooCows,5,,Aston Machan,Front Runner,Ace built for this CM before CM start in Grand Concert scenario,3,,,,2,1,,Mihono Bourbon (Valentine),Front Runner,Ace built for this CM before CM start in Grand Concert scenario,3,,,,2,1,,Seiun Sky,Front Runner,Ace built for this CM before CM start in Grand Concert scenario,3,,,,2,1,,4 Attempts - 20 Races total,15,Go to Submit page,,,,,,,,,,,,,,Re-use Day 1 - Team Comp 1 as Day 2 - Team Comp 1,,,,,,,,,,4 Attempts - 20 Races total,15,Day 3,,,,,,,,,,,,,,,Re-use Day 2 - Team Comp 1 as Day 3 - Team Comp 1,A Group,,,,,,,,,,4 Attempts - 20 Races total,11,Go to Submit page,,,,,,,,,,,,,,,Re-use Day 3 - Team Comp 1 as Day 4 - Team Comp 1,A Group,,,,,,,,,,4 Attempts - 20 Races total,7,Go to Submit page,,,,,,,,,,,,,,,A Finals,11020,Re-use Day 4 - Team Comp 1 as Finals Team Comp,,,,,,,,,,https://drive.google.com/open?id=12qz2eUjJouk9E7TnnFYiePF9YnDHUvWx,2nd,No (goes to Submit page),,,,,,,,,,,,,,,,,,,,
9/3/2026 5:50:48,Smeric,Graded (No Uma Restrictions),Win A finals,I accept these terms,Day 2,Windows,$0,706,0-5 (less than 1 per day),"Friend sent me the link, Discord - MooMooCord - https://discord.gg/Hc7cP9GB",5,,Oguri Cap (Christmas),End Closer,Ace built for this CM before CM start in Grand Concert scenario,3,0,0,0,2,1,0,Nice Nature,Front Runner,Debuffer,2,1,0,0,3,0,0,Mejiro Dober,Front Runner,Debuffer,2,1,0,1,2,0,0,4 Attempts - 20 Races total,9,Go to Submit page,,,,,,,,,,,,,,Re-use Day 1 - Team Comp 1 as Day 2 - Team Comp 1,,,,,,,,,,4 Attempts - 20 Races total,14,Day 3,,,,,,,,,,,,,,,Re-use Day 2 - Team Comp 1 as Day 3 - Team Comp 1,A Group,,,,,,,,,,4 Attempts - 20 Races total,9,Day 4,,,,,,,,,,,,,,,Re-use Day 3 - Team Comp 1 as Day 4 - Team Comp 1,A Group,,,,,,,,,,4 Attempts - 20 Races total,10,Finals,,,,,,,,,,,,,,,A Finals,11750,Re-use Day 4 - Team Comp 1 as Finals Team Comp,,,,,,,,,,https://drive.google.com/open?id=1cIjw2egQRARRf936eVhtrarRulqlw0v0,2nd,No (goes to Submit page),,,,,,,,,,,,,,,,,,,,
9/2/2026 16:25:05,JoJoCheck,Graded (No Uma Restrictions),Get into A finals,I accept these terms,Finals,,$101-500,1163,6-10 (roughly 1 per day),,,,Taiki Shuttle,Pace Chaser,Ace built for this CM before CM start in Grand Concert scenario,3,0,0,0,2,1,0,Silence Suzuka,Runaway,Blocker/Overtake target/Throwaway/Niche role,3,0,0,0,2,1,0,Mejiro Ryan,Late Surger,Ace built for this CM before CM start in Grand Concert scenario,3,0,1,0,1,1,0,4 Attempts - 20 Races total,11,Go to Submit page,,,,,,,,,,,,,,Re-use Day 1 - Team Comp 1 as Day 2 - Team Comp 1,,,,,,,,,,4 Attempts - 20 Races total,9,Go to Submit page,,,,,,,,,,,,,,,Add new Team Comp as Day 3 - Team Comp 1,A Group,Taiki Shuttle,Pace Chaser,Ace built for this CM before CM start in Grand Concert scenario,Silence Suzuka,Runaway,Blocker/Overtake target/Throwaway/Niche role,Tamamo Cross,Late Surger,Mid-CM Ace build in Grand Concert scenario,4 Attempts - 20 Races total,9,Go to Submit page,,,,,,,,,,,,,,,Re-use Day 3 - Team Comp 1 as Day 4 - Team Comp 1,A Group,,,,,,,,,,4 Attempts - 20 Races total,13,Go to Submit page,,,,,,,,,,,,,,,A Finals,10938,Re-use Day 4 - Team Comp 1 as Finals Team Comp,,,,,,,,,,https://drive.google.com/open?id=1kuTnEIqWrSzcgu-cKocnYuY3yJtp977o,3rd,Yes,https://drive.google.com/open?id=1oQ9g9sQlfwjGeJZrgweG-ZkI0hs_yrEm,https://drive.google.com/open?id=15nWnAMWKuWewkmryyhzJytNyS4g8keg5,,0,7,6,0,2,https://drive.google.com/open?id=1s7-ta0UBzMugOf1Y_gB9BE_daVNyU2Ed,,,,,,,,,,,
9/2/2026 16:04:40,Kasai Seigyo,Graded (No Uma Restrictions),Get into A finals,I accept these terms,Day 3,Android - phone or tablet,$0,1369,21-30 (roughly 3-4 per day),Discord - MooMooCord - https://discord.gg/Hc7cP9GB,5,,Seiun Sky,Front Runner,Ace built for this CM before CM start in Grand Concert scenario,3,,,,2,1,,Oguri Cap (Christmas),End Closer,Ace built for this CM before CM start in Grand Concert scenario,3,,,,2,1,,Nice Nature (Cheerleader),End Closer,Debuffer,1,,,,4,1,,1 Attempt - 5 Races total,3,Go to Submit page,,,,,,,,,,,,,,Re-use Day 1 - Team Comp 1 as Day 2 - Team Comp 1,,,,,,,,,,3 Attempts - 15 Races total,7,Go to Submit page,,,,,,,,,,,,,,,Re-use Day 2 - Team Comp 1 as Day 3 - Team Comp 1,A Group,,,,,,,,,,0 Attempts - 0 Races total,0,Day 4,,,,,,,,,,,,,,,Re-use Day 3 - Team Comp 1 as Day 4 - Team Comp 1,A Group,,,,,,,,,,4 Attempts - 20 Races total,4,Go to Submit page,,,,,,,,,,,,,,,A Finals,9316,Re-use Day 4 - Team Comp 1 as Finals Team Comp,,,,,,,,,,https://drive.google.com/open?id=1gNgtF1fKs-q1hs_QfBO7GW_Bs4BUqCEm,3rd,Yes,https://drive.google.com/open?id=1cS0gCTbB0SktS6gQaqVbdv_u9oLMBECx,https://drive.google.com/open?id=1P0r2TWxxIFM_u8oyK1N9_rtcOvjZDfM0,,,8,9,,,https://drive.google.com/open?id=1JU7o2B00DY0ryAmDPnjXmLRpFsbEEh1r,,,,,,,,,,,
9/2/2026 18:27:08,Wumbo,Graded (No Uma Restrictions),Win A finals,I accept these terms,Go to Submit page,Windows,$1001-5000,1185,11-20 (roughly 2-3 per day),Discord - MooMooCord - https://discord.gg/Hc7cP9GB,5,,Mejiro Dober (Camping),Late Surger,Ace built for this CM before CM start in Grand Concert scenario,2,0,1,0,2,1,0,Taiki Shuttle (Camping),Pace Chaser,Ace built for this CM before CM start in Grand Concert scenario,3,0,0,0,2,1,0,Nishino Flower,Pace Chaser,Ace built for this CM before CM start in Grand Concert scenario,3,0,0,0,2,1,0,4 Attempts - 20 Races total,16,Day 2,,,,,,,,,,,,,,Re-use Day 1 - Team Comp 1 as Day 2 - Team Comp 1,,,,,,,,,,4 Attempts - 20 Races total,14,Day 3,,,,,,,,,,,,,,,Re-use Day 2 - Team Comp 1 as Day 3 - Team Comp 1,A Group,,,,,,,,,,4 Attempts - 20 Races total,12,Day 4,,,,,,,,,,,,,,,Re-use Day 3 - Team Comp 1 as Day 4 - Team Comp 1,A Group,,,,,,,,,,4 Attempts - 20 Races total,15,Finals,,,,,,,,,,,,,,,A Finals,11946,Add new Team Comp as Finals Team Comp,Yamanin Zephyr,Pace Chaser,Mid-CM Ace build in Grand Concert scenario,Mejiro Dober (Camping),Late Surger,Ace built for this CM before CM start in Grand Concert scenario,Taiki Shuttle (Camping),Pace Chaser,Ace built for this CM before CM start in Grand Concert scenario,https://drive.google.com/open?id=1LxSmQ1ij0oaNPSoWllsVou9rQ7jlBTm2,2nd,Yes,https://drive.google.com/open?id=1948Rc54_i9TCOTZ3jiXqHerMU2UdRtlA,https://drive.google.com/open?id=1FfrNYZ-E4v7Lyf85k68ZSia61htHMGnj,https://drive.google.com/open?id=1ZX3cdVWDZ_bzj2LWOgPaH8Xf9Y1xNzpu,0,6,12,0,0,https://drive.google.com/open?id=1dikfBLgsCAF0i2IkEe3tWZb6V2ZlljWa,,,,,,,,,,,
9/2/2026 15:16:15,Kenny,Graded (No Uma Restrictions),Get into A finals,I accept these terms,Finals,iOS - phone or tablet,$0,,6-10 (roughly 1 per day),Discord - MooMooCord - https://discord.gg/Hc7cP9GB,5,,Taiki Shuttle (Camping),Pace Chaser,Ace built for this CM before CM start in Grand Concert scenario,3,,,,2,1,,Fine Motion (Wedding),Pace Chaser,Ace built for this CM before CM start in Grand Concert scenario,3,,,,2,1,,Nishino Flower,Pace Chaser,Ace built for this CM before CM start in Grand Concert scenario,3,,,,2,1,,4 Attempts - 20 Races total,12,Go to Submit page,,,,,,,,,,,,,,Re-use Day 1 - Team Comp 1 as Day 2 - Team Comp 1,,,,,,,,,,4 Attempts - 20 Races total,7,Go to Submit page,,,,,,,,,,,,,,,Re-use Day 2 - Team Comp 1 as Day 3 - Team Comp 1,A Group,,,,,,,,,,4 Attempts - 20 Races total,11,Go to Submit page,,,,,,,,,,,,,,,Re-use Day 3 - Team Comp 1 as Day 4 - Team Comp 1,A Group,,,,,,,,,,4 Attempts - 20 Races total,11,Go to Submit page,,,,,,,,,,,,,,,A Finals,11943,Re-use Day 4 - Team Comp 1 as Finals Team Comp,,,,,,,,,,,2nd,No (goes to Submit page),,,,,,,,,,,,,,,,,,,,
9/2/2026 23:57:55,suppa,Graded (No Uma Restrictions),Win A finals,I accept these terms,Finals,Windows,$501-1000,1283,31-45 (roughly 5-6 per day),"Discord - MooMooCord - https://discord.gg/Hc7cP9GB, YouTube - MooMooCows - https://www.youtube.com/@MooMooCows",,,Nishino Flower,Pace Chaser,Ace built for this CM before CM start in Grand Concert scenario,3,,,,2,1,,Grass Wonder,Late Surger,Ace built for this CM before CM start in Grand Concert scenario,3,0,0,0,2,1,0,Seeking the Pearl,Pace Chaser,Ace built for this CM before CM start in Grand Concert scenario,3,0,0,0,2,1,0,4 Attempts - 20 Races total,15,Go to Submit page,,,,,,,,,,,,,,Add new Team Comp as Day 2 - Team Comp 1,Grass Wonder,Late Surger,Ace built for this CM before CM start in Grand Concert scenario,Nishino Flower,Pace Chaser,Ace built for this CM before CM start in Grand Concert scenario,Eishin Flash (Valentine),Late Surger,Debuffer,4 Attempts - 20 Races total,14,Go to Submit page,,,,,,,,,,,,,,,Re-use Day 2 - Team Comp 1 as Day 3 - Team Comp 1,A Group,,,,,,,,,,4 Attempts - 20 Races total,11,Day 4,,,,,,,,,,,,,,,Re-use Day 3 - Team Comp 1 as Day 4 - Team Comp 1,A Group,,,,,,,,,,4 Attempts - 20 Races total,16,Go to Submit page,,,,,,,,,,,,,,,A Finals,,Re-use Day 4 - Team Comp 1 as Finals Team Comp,,,,,,,,,,https://drive.google.com/open?id=1UKGn92qKh4OZmgHDDNEkvl53xPCGNNNL,1st,,,,,,,,,,,No,,,https://drive.google.com/open?id=1PLRpxgmfWypjQAjC3czg9BF85St9wefm,https://drive.google.com/open?id=1pmMYqQKiOsbZtdlmlmxuAIiGsYoZ4iAw,,3,12,,,
9/2/2026 16:06:31,Fokx,Graded (No Uma Restrictions),Win A finals,I accept these terms,Finals,"iOS - phone or tablet, Windows",$501-1000,2360,21-30 (roughly 3-4 per day),Discord - MooMooCord - https://discord.gg/Hc7cP9GB,4,,Tamamo Cross,Late Surger,Ace built for this CM before CM start in Grand Concert scenario,3,0,1,0,1,1,0,Manhattan Cafe,Late Surger,Ace built for this CM before CM start in Grand Concert scenario,3,0,1,0,1,1,0,Agnes Tachyon,Pace Chaser,Ace built for this CM before CM start in Grand Concert scenario,2,0,1,0,2,1,0,4 Attempts - 20 Races total,16,Go to Submit page,,,,,,,,,,,,,,Re-use Day 1 - Team Comp 1 as Day 2 - Team Comp 1,,,,,,,,,,4 Attempts - 20 Races total,17,Go to Submit page,,,,,,,,,,,,,,,Re-use Day 2 - Team Comp 1 as Day 3 - Team Comp 1,A Group,,,,,,,,,,4 Attempts - 20 Races total,7,Go to Submit page,,,,,,,,,,,,,,,Re-use Day 3 - Team Comp 1 as Day 4 - Team Comp 1,A Group,,,,,,,,,,4 Attempts - 20 Races total,10,Go to Submit page,,,,,,,,,,,,,,,A Finals,10371,Re-use Day 4 - Team Comp 1 as Finals Team Comp,,,,,,,,,,https://drive.google.com/open?id=1oFoR6-4G3j2yzJ_1nSAib1gtfHcxE0p9,2nd,No (goes to Submit page),,,,,,,,,,,,,,,,,,,,
8/29/2026 14:40:50,Bartolomeon,Graded (No Uma Restrictions),Get into A finals,I accept these terms,Day 1,"Android - phone or tablet, Windows",$1-100,583,11-20 (roughly 2-3 per day),Discord - MooMooCord - https://discord.gg/Hc7cP9GB,5,,Manhattan Cafe,End Closer,Ace built for this CM before CM start in Grand Concert scenario,3,0,0,0,2,1,0,Agnes Tachyon,Late Surger,Debuffer,,,,,,,,Grass Wonder,End Closer,Debuffer,,,,,,,,2 Attempts - 10 Races total,4,Go to Submit page,,,,,,,,,,,,,,,,,,,,,,,,,,,,,,,,,,,,,,,,,,,,,,,,,,,,,,,,,,,,,,,,,,,,,,,,,,,,,,,,,,,,,,,,,,,,,,,,,,,,,,,,,,,,,,,,,,,,,,,,,,,,,,,,,,,
9/3/2026 1:25:33,Karhumies,Graded (No Uma Restrictions),Win A finals,I accept these terms,Finals,Android - phone or tablet,$1-100,,6-10 (roughly 1 per day),I made it,,,El Condor Pasa (Fantasy),End Closer,Ace built for this CM before CM start in Grand Concert scenario,2,0,1,0,2,1,0,Fuji Kiseki,Pace Chaser,Ace built for this CM before CM start in Grand Concert scenario,2,0,1,0,2,1,0,Eishin Flash (Valentine),Late Surger,Debuffer,,,,,,,,2 Attempts - 10 Races total,8,Day 1 - Add 2nd Team,El Condor Pasa (Fantasy),End Closer,Ace built for this CM before CM start in Grand Concert scenario,Fuji Kiseki,Pace Chaser,Ace built for this CM before CM start in Grand Concert scenario,Grass Wonder,Late Surger,Mid-CM Ace build in Grand Concert scenario,2 Attempts - 10 Races total,9,3 teams,Go to Submit page,Re-use Day 1 - Team Comp 2 as Day 2 - Team Comp 1,,,,,,,,,,4 Attempts - 20 Races total,14,Go to Submit page,,,,,,,,,,,,,,,Re-use Day 2 - Team Comp 1 as Day 3 - Team Comp 1,A Group,,,,,,,,,,4 Attempts - 20 Races total,13,Go to Submit page,,,,,,,,,,,,,,,Add a new Team Comp as Day 4 - Team Comp 1,A Group,El Condor Pasa (Fantasy),End Closer,Mid-CM Ace build in Grand Concert scenario,Grass Wonder,Late Surger,Mid-CM Ace build in Grand Concert scenario,Fuji Kiseki,Pace Chaser,Ace built for this CM before CM start in Grand Concert scenario,4 Attempts - 20 Races total,10,Go to Submit page,,,,,,,,,,,,,,,A Finals,9245,Re-use Day 4 - Team Comp 1 as Finals Team Comp,,,,,,,,,,https://drive.google.com/open?id=1Z4BNLIKDUMoYlp1SaO8-8ptbhcCt_zbB,1st,,,,,,,,,,,Yes,"Overshot 1.0 worth of acceleration skills (Furious Feat, Condor's Fury & Pump inherit). Won platinum anyway with just Lightning Surge proc.",https://drive.google.com/open?id=1QQ0FUoFlmc4KcPaI7dExbmKH7uhotb9K,https://drive.google.com/open?id=1M3km43FnmB5SEkG61-NiQ7YeRwM5TOZD,,0,6,8,0,0,https://drive.google.com/open?id=10ccdI442ezPWGzlgMeLiNXeEZY8XPesS
9/2/2026 15:09:56,Czerwona Latarnia,Graded (No Uma Restrictions),Get into A finals,I accept these terms,Finals,"Android - phone or tablet, Windows",$501-1000,905,21-30 (roughly 3-4 per day),Discord - MooMooCord - https://discord.gg/Hc7cP9GB,5,,Mihono Bourbon (Valentine),Front Runner,Ace built for this CM before CM start in Grand Concert scenario,3,0,0,0,2,1,0,Nice Nature (Cheerleader),End Closer,Debuffer,1,0,1,0,3,1,0,Grass Wonder,Late Surger,Debuffer,1,0,1,0,4,0,0,4 Attempts - 20 Races total,8,Go to Submit page,,,,,,,,,,,,,,Add new Team Comp as Day 2 - Team Comp 1,Mihono Bourbon (Valentine),Front Runner,Mid-CM Ace build in Grand Concert scenario,Nice Nature (Cheerleader),End Closer,Debuffer,Grass Wonder,Late Surger,Debuffer,2 Attempts - 10 Races total,6,Day 2 - Add 2nd Team,Add new Team Comp as Day 2 - Team Comp 2,Mihono Bourbon (Valentine),Front Runner,Mid-CM Ace build in Grand Concert scenario,Nice Nature (Cheerleader),End Closer,Debuffer,Grass Wonder,Late Surger,Debuffer,2 Attempts - 10 Races total,9,2 teams,Go to Submit page,Re-use Day 2 - Team Comp 2 as Day 3 - Team Comp 1,A Group,,,,,,,,,,4 Attempts - 20 Races total,15,Go to Submit page,,,,,,,,,,,,,,,Re-use Day 3 - Team Comp 1 as Day 4 - Team Comp 1,A Group,,,,,,,,,,4 Attempts - 20 Races total,8,Go to Submit page,,,,,,,,,,,,,,,A Finals,16148,Re-use Day 4 - Team Comp 1 as Finals Team Comp,,,,,,,,,,https://drive.google.com/open?id=1UIBJNZxnMO-nnGoNlf06ZTWW3YYHDzE7,3rd,No (goes to Submit page),,,,,,,,,,,,,,,,,,,,
9/2/2026 18:20:36,Geglash,Graded (No Uma Restrictions),Win A finals,I accept these terms,Finals,Windows,$1001-5000,398,6-10 (roughly 1 per day),Rather not say,5,,Yukino Bijin,Pace Chaser,Ace built for this CM before CM start in Grand Concert scenario,3,0,0,0,2,1,0,Mejiro Dober (Camping),Late Surger,Ace built for this CM before CM start in Grand Concert scenario,3,0,0,0,2,1,0,Tamamo Cross,End Closer,Ace built for this CM before CM start in Grand Concert scenario,3,0,0,0,2,1,0,4 Attempts - 20 Races total,13,Go to Submit page,,,,,,,,,,,,,,Re-use Day 1 - Team Comp 1 as Day 2 - Team Comp 1,,,,,,,,,,4 Attempts - 20 Races total,16,Go to Submit page,,,,,,,,,,,,,,,Re-use Day 2 - Team Comp 1 as Day 3 - Team Comp 1,A Group,,,,,,,,,,4 Attempts - 20 Races total,12,Go to Submit page,,,,,,,,,,,,,,,Re-use Day 3 - Team Comp 1 as Day 4 - Team Comp 1,A Group,,,,,,,,,,4 Attempts - 20 Races total,15,Go to Submit page,,,,,,,,,,,,,,,A Finals,11574,Re-use Day 4 - Team Comp 1 as Finals Team Comp,,,,,,,,,,https://drive.google.com/open?id=1EjDDBDRY55y1NntZ7Zwa0w98n_-emUZo,1st,,,,,,,,,,,No,,https://drive.google.com/open?id=19J3f2PqDe7ZezI-kLlgqb5Kxdeo5N0l-,https://drive.google.com/open?id=10nQG3Q8DiCUeiovB8BimCRbVaSwiPyab,,3,11,2,0,0,https://drive.google.com/open?id=18m5_Mb5ap9v7E0laz0jk4zo9JUQe-pvy
9/3/2026 2:20:55,Soupaman,Graded (No Uma Restrictions),Win A finals,I accept these terms,Finals,"Android - phone or tablet, Windows",$1001-5000,,6-10 (roughly 1 per day),Discord - MooMooCord - https://discord.gg/Hc7cP9GB,5,,Oguri Cap (Christmas),End Closer,Ace built for this CM before CM start in Grand Concert scenario,,,,,,,,Taiki Shuttle,Pace Chaser,Ace built for this CM before CM start in Grand Concert scenario,,,,,,,,Seiun Sky,Front Runner,Ace built for this CM before CM start in Grand Concert scenario,,,,,,,,4 Attempts - 20 Races total,17,Go to Submit page,,,,,,,,,,,,,,Re-use Day 1 - Team Comp 1 as Day 2 - Team Comp 1,,,,,,,,,,4 Attempts - 20 Races total,13,Go to Submit page,,,,,,,,,,,,,,,Re-use Day 2 - Team Comp 1 as Day 3 - Team Comp 1,A Group,,,,,,,,,,4 Attempts - 20 Races total,13,Go to Submit page,,,,,,,,,,,,,,,Re-use Day 3 - Team Comp 1 as Day 4 - Team Comp 1,A Group,,,,,,,,,,4 Attempts - 20 Races total,9,Go to Submit page,,,,,,,,,,,,,,,A Finals,9694,Re-use Day 4 - Team Comp 1 as Finals Team Comp,,,,,,,,,,,1st,,,,,,,,,,,No,,,,,,,,,,
9/3/2026 7:44:10,Kamefist,Graded (No Uma Restrictions),Win A finals,I accept these terms,Finals,"Android - phone or tablet, Windows",$1-100,1029,21-30 (roughly 3-4 per day),"Discord - MooMooCord - https://discord.gg/Hc7cP9GB, Reddit - /r/umamusumeGame, YouTube - MooMooCows - https://www.youtube.com/@MooMooCows",5,,Rice Shower,Pace Chaser,Ace built for this CM before CM start in Grand Concert scenario,3,0,0,0,2,1,0,Mejiro Ardan,Pace Chaser,Ace built for this CM before CM start in Grand Concert scenario,3,0,0,0,2,0,0,Fine Motion,Pace Chaser,Ace built for this CM before CM start in Grand Concert scenario,3,0,0,0,2,1,0,4 Attempts - 20 Races total,14,Go to Submit page,,,,,,,,,,,,,,Re-use Day 1 - Team Comp 1 as Day 2 - Team Comp 1,,,,,,,,,,4 Attempts - 20 Races total,10,Go to Submit page,,,,,,,,,,,,,,,Re-use Day 2 - Team Comp 1 as Day 3 - Team Comp 1,A Group,,,,,,,,,,4 Attempts - 20 Races total,15,Go to Submit page,,,,,,,,,,,,,,,Re-use Day 3 - Team Comp 1 as Day 4 - Team Comp 1,A Group,,,,,,,,,,4 Attempts - 20 Races total,14,Go to Submit page,,,,,,,,,,,,,,,A Finals,8757,Re-use Day 4 - Team Comp 1 as Finals Team Comp,,,,,,,,,,https://drive.google.com/open?id=1t8U-L20Lucil1E74ECrbNJXKkPbuScUU,1st,,,,,,,,,,,No,,https://drive.google.com/open?id=1X_v81SWzDq9VTpQXenp4Kt8fG6rxGIFA,https://drive.google.com/open?id=1hRYHskUX_FExND726WDoXGfuFQ-cBMQC,,2,5,7,0,0,https://drive.google.com/open?id=1WA-Cy_4a-_bW6Y-55KDS8eCQGO76arHl
9/2/2026 17:37:36,Kade,Graded (No Uma Restrictions),Win A finals,I accept these terms,Finals,Android - phone or tablet,$1-100,1050,21-30 (roughly 3-4 per day),Discord - MooMooCord - https://discord.gg/Hc7cP9GB,5,,Taiki Shuttle (Camping),Pace Chaser,Ace built for this CM before CM start in Grand Concert scenario,,,,,,,,Grass Wonder,Late Surger,Debuffer,,,,,,,,Nice Nature (Cheerleader),Late Surger,Debuffer,,,,,,,,4 Attempts - 20 Races total,15,Day 2,,,,,,,,,,,,,,Re-use Day 1 - Team Comp 1 as Day 2 - Team Comp 1,,,,,,,,,,4 Attempts - 20 Races total,16,Day 3,,,,,,,,,,,,,,,Re-use Day 2 - Team Comp 1 as Day 3 - Team Comp 1,A Group,,,,,,,,,,4 Attempts - 20 Races total,16,Go to Submit page,,,,,,,,,,,,,,,Re-use Day 3 - Team Comp 1 as Day 4 - Team Comp 1,A Group,,,,,,,,,,4 Attempts - 20 Races total,15,Go to Submit page,,,,,,,,,,,,,,,A Finals,13860,Re-use Day 4 - Team Comp 1 as Finals Team Comp,,,,,,,,,,https://drive.google.com/open?id=1tZKfkdIZeFkSQ6KQ_kLIPgUnGrzhsKyk,1st,,,,,,,,,,,No,,https://drive.google.com/open?id=1e9_QKYDatDeR8IWserEMwX8A0zYvLR6N,https://drive.google.com/open?id=1lKn-LIcxVLNAv2c4A2B3vcTExyK_Dx3V,,,,,,,
9/3/2026 18:28:25,Fallensyndicate,Graded (No Uma Restrictions),Get into A finals,I accept these terms,Finals,"Android - phone or tablet, Windows",$501-1000,1284,11-20 (roughly 2-3 per day),,,,Silence Suzuka,Runaway,Ace built for this CM before CM start in Grand Concert scenario,3,0,0,0,2,1,0,Taiki Shuttle,Front Runner,Ace built for this CM before CM start in Grand Concert scenario,2,0,1,0,2,1,0,Copano Rickey,Front Runner,Ace built for this CM before CM start in Grand Concert scenario,3,0,0,0,2,1,0,3 Attempts - 15 Races total,12,Go to Submit page,,,,,,,,,,,,,,Re-use Day 1 - Team Comp 1 as Day 2 - Team Comp 1,,,,,,,,,,3 Attempts - 15 Races total,8,Go to Submit page,,,,,,,,,,,,,,,Re-use Day 2 - Team Comp 1 as Day 3 - Team Comp 1,A Group,,,,,,,,,,4 Attempts - 20 Races total,12,Day 4,,,,,,,,,,,,,,,Re-use Day 3 - Team Comp 1 as Day 4 - Team Comp 1,A Group,,,,,,,,,,4 Attempts - 20 Races total,10,Go to Submit page,,,,,,,,,,,,,,,A Finals,,Re-use Day 4 - Team Comp 1 as Finals Team Comp,,,,,,,,,,,2nd,No (goes to Submit page),,,,,,,,,,,,,,,,,,,,
9/2/2026 15:12:24,hamster,Graded (No Uma Restrictions),Get into A finals,I accept these terms,Finals,Windows,$0,,11-20 (roughly 2-3 per day),Discord - MooMooCord - https://discord.gg/Hc7cP9GB,,,Matikanefukukitaru (Full Armor),Late Surger,Ace built for this CM before CM start in Grand Concert scenario,2,0,1,0,2,1,0,Gold Ship,End Closer,Ace built for this CM before CM start in Grand Concert scenario,2,0,1,0,2,1,0,Symboli Rudolf,End Closer,Debuffer,,,,,,,,4 Attempts - 20 Races total,13,Go to Submit page,,,,,,,,,,,,,,Re-use Day 1 - Team Comp 1 as Day 2 - Team Comp 1,,,,,,,,,,4 Attempts - 20 Races total,15,Go to Submit page,,,,,,,,,,,,,,,Re-use Day 2 - Team Comp 1 as Day 3 - Team Comp 1,A Group,,,,,,,,,,4 Attempts - 20 Races total,12,Go to Submit page,,,,,,,,,,,,,,,Re-use Day 3 - Team Comp 1 as Day 4 - Team Comp 1,A Group,,,,,,,,,,4 Attempts - 20 Races total,15,Go to Submit page,,,,,,,,,,,,,,,A Finals,12589,Re-use Day 4 - Team Comp 1 as Finals Team Comp,,,,,,,,,,https://drive.google.com/open?id=1WHBMPHxCshp_-HVE9CFntht75GirexnQ,1st,,,,,,,,,,,No,,,,,,,,,,
9/2/2026 15:19:13,really_californian,Graded (No Uma Restrictions),Get into A finals,I accept these terms,Finals,Linux,$101-500,2196,21-30 (roughly 3-4 per day),,,,Silence Suzuka,Runaway,Ace built for this CM before CM start in Grand Concert scenario,2,,,,3,1,,Seiun Sky,Front Runner,Ace built for this CM before CM start in Grand Concert scenario,3,,,,2,1,,Mihono Bourbon (Valentine),Front Runner,Ace built for this CM before CM start in Grand Concert scenario,3,,,,2,1,,4 Attempts - 20 Races total,11,Day 2,,,,,,,,,,,,,,Re-use Day 1 - Team Comp 1 as Day 2 - Team Comp 1,,,,,,,,,,4 Attempts - 20 Races total,15,Go to Submit page,,,,,,,,,,,,,,,Re-use Day 2 - Team Comp 1 as Day 3 - Team Comp 1,A Group,,,,,,,,,,4 Attempts - 20 Races total,11,Go to Submit page,,,,,,,,,,,,,,,Re-use Day 3 - Team Comp 1 as Day 4 - Team Comp 1,A Group,,,,,,,,,,4 Attempts - 20 Races total,13,Go to Submit page,,,,,,,,,,,,,,,A Finals,10120,Re-use Day 4 - Team Comp 1 as Finals Team Comp,,,,,,,,,,https://drive.google.com/open?id=1JT7FF7Oc_EC4Jd-ezPoroN0Mtujs0bup,1st,,,,,,,,,,,Yes,fish,https://drive.google.com/open?id=1P8Wqe2uzou67otshRcbKBAR3WP_eiTmt,https://drive.google.com/open?id=17RKLw2wQSCjBjeF-dljh-PqFL47uiruq,,,6,12,,,https://drive.google.com/open?id=15AJm7Ly-2ti34G9bedePyhyoR9prBRQb
8/31/2026 21:08:02,Fabianorar,Graded (No Uma Restrictions),Win A finals,I accept these terms,Day 3,Android - phone or tablet,$0,713,6-10 (roughly 1 per day),"Discord - MooMooCord - https://discord.gg/Hc7cP9GB, YouTube - MooMooCows - https://www.youtube.com/@MooMooCows",,,Rice Shower,Pace Chaser,Ace built for this CM before CM start in Grand Concert scenario,3,0,0,0,2,1,0,Oguri Cap,Pace Chaser,Ace built for this CM before CM start in Grand Concert scenario,3,0,0,0,2,1,0,Taiki Shuttle,Pace Chaser,Ace built for this CM before CM start in Grand Concert scenario,3,0,0,0,2,1,0,4 Attempts - 20 Races total,11,Go to Submit page,,,,,,,,,,,,,,Re-use Day 1 - Team Comp 1 as Day 2 - Team Comp 1,,,,,,,,,,4 Attempts - 20 Races total,11,Go to Submit page,,,,,,,,,,,,,,,Re-use Day 2 - Team Comp 1 as Day 3 - Team Comp 1,A Group,,,,,,,,,,4 Attempts - 20 Races total,10,Day 4,,,,,,,,,,,,,,,Re-use Day 3 - Team Comp 1 as Day 4 - Team Comp 1,A Group,,,,,,,,,,4 Attempts - 20 Races total,12,Go to Submit page,,,,,,,,,,,,,,,,,,,,,,,,,,,,,,,,,,,,,,,,,,,,,,,,,
9/2/2026 16:09:00,4Queen,Graded (No Uma Restrictions),Get into A finals,I accept these terms,Finals,Windows,$1-100,833,11-20 (roughly 2-3 per day),Discord - MooMooCord - https://discord.gg/Hc7cP9GB,5,,Seiun Sky,Front Runner,Ace built for this CM before CM start in Grand Concert scenario,3,,,,2,1,,Oguri Cap (Christmas),End Closer,Ace built for this CM before CM start in Grand Concert scenario,3,,,,2,1,,Grass Wonder,Late Surger,Debuffer,1,1,,1,3,,,4 Attempts - 20 Races total,18,Day 2,,,,,,,,,,,,,,Re-use Day 1 - Team Comp 1 as Day 2 - Team Comp 1,,,,,,,,,,4 Attempts - 20 Races total,16,Go to Submit page,,,,,,,,,,,,,,,Re-use Day 2 - Team Comp 1 as Day 3 - Team Comp 1,A Group,,,,,,,,,,4 Attempts - 20 Races total,15,Go to Submit page,,,,,,,,,,,,,,,Re-use Day 3 - Team Comp 1 as Day 4 - Team Comp 1,A Group,,,,,,,,,,4 Attempts - 20 Races total,9,Go to Submit page,,,,,,,,,,,,,,,A Finals,9620,Re-use Day 4 - Team Comp 1 as Finals Team Comp,,,,,,,,,,https://drive.google.com/open?id=12QWFsCljwp-4OYVDcCHYV9EzlTLsp2FF,1st,,,,,,,,,,,No,,https://drive.google.com/open?id=1xNvGDVelT3PC7S-ZXrX1toReuRqkl8hk,https://drive.google.com/open?id=1NGViF2P5m2TllDfuOfgplj6jKOvd4MMZ,,,,11,,6,https://drive.google.com/open?id=1VaIScMGVKInzQ1m_Ww1MPLy5LDYry5vA
9/2/2026 15:10:50,chia,Graded (No Uma Restrictions),Win A finals,I accept these terms,Finals,Windows,$1001-5000,6239,46+ (more than 6 per day),,5,,Fine Motion (Wedding),Pace Chaser,Ace built for this CM before CM start in Grand Concert scenario,3,,,,2,1,,Silence Suzuka,Runaway,Blocker/Overtake target/Throwaway/Niche role,,,,,,,,Grass Wonder,End Closer,Debuffer,,,,,,,,4 Attempts - 20 Races total,17,Day 2,,,,,,,,,,,,,,Re-use Day 1 - Team Comp 1 as Day 2 - Team Comp 1,,,,,,,,,,4 Attempts - 20 Races total,18,Go to Submit page,,,,,,,,,,,,,,,Re-use Day 2 - Team Comp 1 as Day 3 - Team Comp 1,A Group,,,,,,,,,,4 Attempts - 20 Races total,13,Go to Submit page,,,,,,,,,,,,,,,Re-use Day 3 - Team Comp 1 as Day 4 - Team Comp 1,A Group,,,,,,,,,,4 Attempts - 20 Races total,12,Go to Submit page,,,,,,,,,,,,,,,A Finals,11741,Re-use Day 4 - Team Comp 1 as Finals Team Comp,,,,,,,,,,https://drive.google.com/open?id=14I3fYPRBt9slzwJpvoDNMyco4oSL8JUd,1st,,,,,,,,,,,Yes,still a princess to me,https://drive.google.com/open?id=1W8e8EyW6oIVZ7G2qcMi17-8QAO1iUgC5,https://drive.google.com/open?id=1XGSMLJDu0w9GFP-8xTdjbfHFJU_W5sQN,,,,7,4,3,https://drive.google.com/open?id=1iyU3PoMMH12mMIa2Qumrljy4vszC4iyo
9/3/2026 8:29:29,Tiger,Graded (No Uma Restrictions),Get into A finals,I accept these terms,Finals,Android - phone or tablet,$101-500,1390,11-20 (roughly 2-3 per day),Discord - MooMooCord - https://discord.gg/Hc7cP9GB,5,,Gold City,Late Surger,Ace built for this CM before CM start in Grand Concert scenario,3,0,0,0,2,1,0,Grass Wonder,Late Surger,Ace built for this CM before CM start in Grand Concert scenario,3,0,0,0,2,1,0,Mejiro Dober (Camping),Late Surger,Ace built for this CM before CM start in Grand Concert scenario,3,0,0,0,2,1,0,4 Attempts - 20 Races total,16,Go to Submit page,,,,,,,,,,,,,,Re-use Day 1 - Team Comp 1 as Day 2 - Team Comp 1,,,,,,,,,,4 Attempts - 20 Races total,11,Go to Submit page,,,,,,,,,,,,,,,Re-use Day 2 - Team Comp 1 as Day 3 - Team Comp 1,A Group,,,,,,,,,,4 Attempts - 20 Races total,12,Go to Submit page,,,,,,,,,,,,,,,Re-use Day 3 - Team Comp 1 as Day 4 - Team Comp 1,A Group,,,,,,,,,,4 Attempts - 20 Races total,14,Go to Submit page,,,,,,,,,,,,,,,A Finals,13279,Re-use Day 4 - Team Comp 1 as Finals Team Comp,,,,,,,,,,https://drive.google.com/open?id=1UoZk6KKmyl6UYpEdo3jXGpZGwagZ-lE5,1st,,,,,,,,,,,Yes,0% Speed Growth in GC = Torture using <3 Speed Cards,https://drive.google.com/open?id=1G1p22VVq_z0mvf5NWow5ZBBifLb-Z-5V,https://drive.google.com/open?id=1UeSFxEQ7sO87mArvrz16oYZZGG_rogxp,,,,,,,https://drive.google.com/open?id=1NgoJ-th1n5yjqroDq4ClrpGd6YxvWTKk
9/3/2026 3:18:33,ByeBye,Graded (No Uma Restrictions),Get into A finals,I accept these terms,Day 4,Android - phone or tablet,$101-500,1203,6-10 (roughly 1 per day),Discord - MooMooCord - https://discord.gg/Hc7cP9GB,5,,Maruzensky (Summer),Front Runner,Ace built for this CM before CM start in Grand Concert scenario,3,0,0,0,2,1,0,Mihono Bourbon (Valentine),Front Runner,Ace built for this CM before CM start in Grand Concert scenario,3,0,0,0,2,1,0,Taiki Shuttle,Pace Chaser,Ace built for this CM before CM start in Grand Concert scenario,3,0,0,0,2,1,0,4 Attempts - 20 Races total,17,Day 2,,,,,,,,,,,,,,Re-use Day 1 - Team Comp 1 as Day 2 - Team Comp 1,,,,,,,,,,4 Attempts - 20 Races total,19,Go to Submit page,,,,,,,,,,,,,,,Re-use Day 2 - Team Comp 1 as Day 3 - Team Comp 1,A Group,,,,,,,,,,4 Attempts - 20 Races total,10,Day 4,,,,,,,,,,,,,,,Re-use Day 3 - Team Comp 1 as Day 4 - Team Comp 1,A Group,,,,,,,,,,4 Attempts - 20 Races total,16,Finals,,,,,,,,,,,,,,,A Finals,6596,Add new Team Comp as Finals Team Comp,Mihono Bourbon (Valentine),Front Runner,Ace built for this CM before CM start in Grand Concert scenario,Taiki Shuttle,Pace Chaser,Ace built for this CM before CM start in Grand Concert scenario,Gold City,Late Surger,Ace built for this CM before CM start in Grand Concert scenario,https://drive.google.com/open?id=1SoAI9cIUElAjBfm74E7yrnORJUTQG6ex,3rd,Yes,https://drive.google.com/open?id=1f7k0fH1MYyTO3KJRXDvtthccMXlYh01v,https://drive.google.com/open?id=13HcAMB3YMBdOLSCr0NpXrIxpFNIEAXFR,,3,5,7,0,0,https://drive.google.com/open?id=10-zvMCir5Ni8FJTUueMD_HiCKfr8h5D4,,,,,,,,,,,
9/2/2026 21:31:08,Magu,Graded (No Uma Restrictions),Collect participation rewards,I accept these terms,Day 4,,$1-100,,11-20 (roughly 2-3 per day),Discord - MooMooCord - https://discord.gg/Hc7cP9GB,,,Tokai Teio,Pace Chaser,Ace built for this CM before CM start in Grand Concert scenario,3,,,,2,1,,Symboli Rudolf (Festival),Pace Chaser,Ace built for this CM before CM start in Grand Concert scenario,3,,,,2,1,,Grass Wonder,Late Surger,Debuffer,1,,,1,4,,,4 Attempts - 20 Races total,14,Day 2,,,,,,,,,,,,,,Re-use Day 1 - Team Comp 1 as Day 2 - Team Comp 1,,,,,,,,,,4 Attempts - 20 Races total,14,Go to Submit page,,,,,,,,,,,,,,,Add new Team Comp as Day 3 - Team Comp 1,A Group,Tokai Teio,Pace Chaser,Ace built for this CM before CM start in Grand Concert scenario,Symboli Rudolf (Festival),Pace Chaser,Ace built for this CM before CM start in Grand Concert scenario,Vodka,Late Surger,Mid-CM Ace build in Grand Concert scenario,4 Attempts - 20 Races total,8,Go to Submit page,,,,,,,,,,,,,,,Add a new Team Comp as Day 4 - Team Comp 1,A Group,Tokai Teio,Pace Chaser,Ace built for this CM before CM start in Grand Concert scenario,Grass Wonder,Late Surger,Debuffer,Agnes Tachyon,Late Surger,Debuffer,4 Attempts - 20 Races total,12,Finals,,,,,,,,,,,,,,,A Finals,9635,Re-use Day 4 - Team Comp 1 as Finals Team Comp,,,,,,,,,,https://drive.google.com/open?id=1Rf290bAZX5g6sGPH0vLP_3SrGGt3hKQ-,1st,,,,,,,,,,,Yes,"Teio step a top tier unique, never doubt teio step",https://drive.google.com/open?id=16IOw_xxwLY1KOkQMqYTs47xt8_eIiLL1,https://drive.google.com/open?id=1ASxeKRZ6VGwxGxEKQKcPt_vymmuyK_80,,,,,,,https://drive.google.com/open?id=12NmpJsIaGpoB1qDcdgyG1BJUe0z_MFSr
9/2/2026 16:00:15,Furcas,Graded (No Uma Restrictions),Get into A finals,I accept these terms,Finals,Android - phone or tablet,$1-100,960,11-20 (roughly 2-3 per day),Discord - MooMooCord - https://discord.gg/Hc7cP9GB,5,,Silence Suzuka,Runaway,Ace built for this CM before CM start in Grand Concert scenario,3,,,,2,1,,Nishino Flower,Pace Chaser,Ace built for this CM before CM start in Grand Concert scenario,3,,,,2,1,,Taiki Shuttle,Pace Chaser,Ace built for this CM before CM start in Grand Concert scenario,3,,,,2,1,,4 Attempts - 20 Races total,16,Day 2,,,,,,,,,,,,,,Re-use Day 1 - Team Comp 1 as Day 2 - Team Comp 1,,,,,,,,,,4 Attempts - 20 Races total,14,Go to Submit page,,,,,,,,,,,,,,,Re-use Day 2 - Team Comp 1 as Day 3 - Team Comp 1,A Group,,,,,,,,,,4 Attempts - 20 Races total,8,Go to Submit page,,,,,,,,,,,,,,,Re-use Day 3 - Team Comp 1 as Day 4 - Team Comp 1,A Group,,,,,,,,,,4 Attempts - 20 Races total,8,Go to Submit page,,,,,,,,,,,,,,,A Finals,11111,Re-use Day 4 - Team Comp 1 as Finals Team Comp,,,,,,,,,,https://drive.google.com/open?id=1icrBn93Zt7gZGTHrJZioYcp64qrwBGW5,1st,,,,,,,,,,,No,,https://drive.google.com/open?id=1l8VpiMGiOLGlyu84PSXiZaEAw5ZwZjmn,https://drive.google.com/open?id=11SqrOTQjrO87HMrbWGABSzQ_a7Q3Ua9O,,3,9,3,,2,https://drive.google.com/open?id=16O5-JVeavO_3eRZO3SXv4ojPtFwJ2gII
8/31/2026 18:21:22,Nekoing,Graded (No Uma Restrictions),Win A finals,I accept these terms,Day 4,"iOS - phone or tablet, Windows",$1-100,1646,21-30 (roughly 3-4 per day),YouTube - MooMooCows - https://www.youtube.com/@MooMooCows,,,Seiun Sky,Front Runner,Ace built for this CM before CM start in Grand Concert scenario,3,,,,2,1,,Aston Machan,Front Runner,Ace built for this CM before CM start in Grand Concert scenario,3,,,,2,1,,Nishino Flower,Pace Chaser,Ace built for this CM before CM start in Grand Concert scenario,2,,,,3,1,,4 Attempts - 20 Races total,16,Day 2,,,,,,,,,,,,,,Re-use Day 1 - Team Comp 1 as Day 2 - Team Comp 1,,,,,,,,,,4 Attempts - 20 Races total,17,Go to Submit page,,,,,,,,,,,,,,,Re-use Day 2 - Team Comp 1 as Day 3 - Team Comp 1,A Group,,,,,,,,,,4 Attempts - 20 Races total,12,Go to Submit page,,,,,,,,,,,,,,,Add a new Team Comp as Day 4 - Team Comp 1,A Group,Seiun Sky,Front Runner,Ace built for this CM before CM start in Grand Concert scenario,Aston Machan,Front Runner,Ace built for this CM before CM start in Grand Concert scenario,Grass Wonder,Late Surger,Mid-CM Ace build in Grand Concert scenario,4 Attempts - 20 Races total,18,Go to Submit page,,,,,,,,,,,,,,,,,,,,,,,,,,,,,,,,,,,,,,,,,,,,,,,,,
9/2/2026 17:41:36,pab94,Graded (No Uma Restrictions),Rather not say,I accept these terms,Finals,Windows,$1-100,530,6-10 (roughly 1 per day),Twitch - MooMooCows - https://www.twitch.tv/moomoomoocows,4,,Mejiro Ardan,Pace Chaser,Ace built for this CM before CM start in Grand Concert scenario,3,,,,2,1,,Sakura Chiyono O,Pace Chaser,Ace built for this CM before CM start in Grand Concert scenario,3,,,,2,1,,Taiki Shuttle,Pace Chaser,Ace built for this CM before CM start in Grand Concert scenario,3,,,,2,1,,4 Attempts - 20 Races total,12,Go to Submit page,,,,,,,,,,,,,,Re-use Day 1 - Team Comp 1 as Day 2 - Team Comp 1,,,,,,,,,,4 Attempts - 20 Races total,9,Go to Submit page,,,,,,,,,,,,,,,Re-use Day 2 - Team Comp 1 as Day 3 - Team Comp 1,A Group,,,,,,,,,,4 Attempts - 20 Races total,8,Go to Submit page,,,,,,,,,,,,,,,Re-use Day 3 - Team Comp 1 as Day 4 - Team Comp 1,A Group,,,,,,,,,,4 Attempts - 20 Races total,10,Go to Submit page,,,,,,,,,,,,,,,A Finals,7741,Add new Team Comp as Finals Team Comp,Mejiro Ardan,Pace Chaser,Ace built for this CM before CM start in Grand Concert scenario,Fuji Kiseki,Pace Chaser,Mid-CM Ace build in Grand Concert scenario,Taiki Shuttle,Pace Chaser,Ace built for this CM before CM start in Grand Concert scenario,https://drive.google.com/open?id=1pPgMrpCraqeOLmrn-3BYwBuV3OGXjIo4,1st,,,,,,,,,,,No,,,,,,,4,,2,
8/29/2026 16:46:37,Nardir42,Graded (No Uma Restrictions),Get into A finals,I accept these terms,Day 1,"Android - phone or tablet, Windows",$1-100,761,,Discord - MooMooCord - https://discord.gg/Hc7cP9GB,,,Grass Wonder,Late Surger,Ace built for this CM before CM start in Grand Concert scenario,3,,,,2,1,,Silence Suzuka,Runaway,Ace built for this CM before CM start in Grand Concert scenario,3,,,,2,1,,Agnes Tachyon,Pace Chaser,Debuffer,,,,,4,2,,4 Attempts - 20 Races total,15,Go to Submit page,,,,,,,,,,,,,,,,,,,,,,,,,,,,,,,,,,,,,,,,,,,,,,,,,,,,,,,,,,,,,,,,,,,,,,,,,,,,,,,,,,,,,,,,,,,,,,,,,,,,,,,,,,,,,,,,,,,,,,,,,,,,,,,,,,,
9/3/2026 4:21:06,Pandae,Graded (No Uma Restrictions),Win A finals,I accept these terms,Finals,Android - phone or tablet,$501-1000,517,11-20 (roughly 2-3 per day),Discord - MooMooCord - https://discord.gg/Hc7cP9GB,5,,Aston Machan,Front Runner,Ace built for this CM before CM start in Grand Concert scenario,3,0,0,0,2,1,0,Mejiro Dober (Camping),Late Surger,Ace built for this CM before CM start in Grand Concert scenario,3,0,0,0,2,1,0,Fine Motion,Pace Chaser,Ace built for this CM before CM start in Grand Concert scenario,3,0,0,0,2,1,0,4 Attempts - 20 Races total,12,Go to Submit page,,,,,,,,,,,,,,Re-use Day 1 - Team Comp 1 as Day 2 - Team Comp 1,,,,,,,,,,4 Attempts - 20 Races total,14,Go to Submit page,,,,,,,,,,,,,,,Re-use Day 2 - Team Comp 1 as Day 3 - Team Comp 1,A Group,,,,,,,,,,4 Attempts - 20 Races total,11,Go to Submit page,,,,,,,,,,,,,,,Re-use Day 3 - Team Comp 1 as Day 4 - Team Comp 1,A Group,,,,,,,,,,4 Attempts - 20 Races total,12,Go to Submit page,,,,,,,,,,,,,,,A Finals,10878,Re-use Day 4 - Team Comp 1 as Finals Team Comp,,,,,,,,,,https://drive.google.com/open?id=1Tg6DUQrcdF5_EWJwZ5oQGjtlPqPkPocA,3rd,No (goes to Submit page),,,,,,,,,,,,,,,,,,,,
9/2/2026 15:23:37,TheHeavenlyRice,Graded (No Uma Restrictions),Win A finals,I accept these terms,Finals,"iOS - phone or tablet, Windows",$1001-5000,946,31-45 (roughly 5-6 per day),,,,Hishi Amazon,Late Surger,Ace built for this CM before CM start in Grand Concert scenario,2,0,1,0,2,1,0,Agnes Tachyon,End Closer,Debuffer,,,,,,,,Nice Nature (Cheerleader),End Closer,Debuffer,,,,,,,,4 Attempts - 20 Races total,14,Day 2,,,,,,,,,,,,,,Re-use Day 1 - Team Comp 1 as Day 2 - Team Comp 1,,,,,,,,,,4 Attempts - 20 Races total,8,Go to Submit page,,,,,,,,,,,,,,,Re-use Day 2 - Team Comp 1 as Day 3 - Team Comp 1,A Group,,,,,,,,,,4 Attempts - 20 Races total,7,Go to Submit page,,,,,,,,,,,,,,,Re-use Day 3 - Team Comp 1 as Day 4 - Team Comp 1,A Group,,,,,,,,,,4 Attempts - 20 Races total,11,Go to Submit page,,,,,,,,,,,,,,,A Finals,9661,Re-use Day 4 - Team Comp 1 as Finals Team Comp,,,,,,,,,,https://drive.google.com/open?id=1qKlhXrR23TBWMqJiHfJIB85VTkayytP0,3rd,No (goes to Submit page),,,,,,,,,,,,,,,,,,,,
9/2/2026 15:28:55,C_Salty,Graded (No Uma Restrictions),Win A finals,I accept these terms,Finals,Windows,$101-500,1269,21-30 (roughly 3-4 per day),Discord - MooMooCord - https://discord.gg/Hc7cP9GB,5,,Symboli Rudolf,End Closer,Ace built for this CM before CM start in Grand Concert scenario,3,0,0,0,2,1,0,Manhattan Cafe,End Closer,Ace built for this CM before CM start in Grand Concert scenario,3,0,0,0,2,1,0,Nice Nature (Cheerleader),End Closer,Ace built for this CM before CM start in Grand Concert scenario,3,0,0,0,2,1,0,4 Attempts - 20 Races total,10,Day 2,,,,,,,,,,,,,,Re-use Day 1 - Team Comp 1 as Day 2 - Team Comp 1,,,,,,,,,,4 Attempts - 20 Races total,12,Go to Submit page,,,,,,,,,,,,,,,Re-use Day 2 - Team Comp 1 as Day 3 - Team Comp 1,A Group,,,,,,,,,,4 Attempts - 20 Races total,7,Go to Submit page,,,,,,,,,,,,,,,Re-use Day 3 - Team Comp 1 as Day 4 - Team Comp 1,A Group,,,,,,,,,,4 Attempts - 20 Races total,9,Go to Submit page,,,,,,,,,,,,,,,A Finals,8638,Re-use Day 4 - Team Comp 1 as Finals Team Comp,,,,,,,,,,,2nd,Yes,https://drive.google.com/open?id=1KhQTQdQWdSJHk3i__ULkS_j5_Nef1SMd,https://drive.google.com/open?id=1jMXp9k1SzcZCvGWzoeADa2ZIff6Aa2is,,,,,,,https://drive.google.com/open?id=1gWdPLc_AC1Fy5ed_a6aYFzX_-aw33LR3,,,,,,,,,,,
8/31/2026 17:30:34,Tiypo,Graded (No Uma Restrictions),Win A finals,I accept these terms,Day 3,"Android - phone or tablet, Windows",$501-1000,843,21-30 (roughly 3-4 per day),Discord - MooMooCord - https://discord.gg/Hc7cP9GB,5,,Narita Taishin,End Closer,Ace built for this CM before CM start in Grand Concert scenario,3,0,0,0,2,1,0,Taiki Shuttle,Pace Chaser,Ace built for this CM before CM start in Grand Concert scenario,3,0,0,0,2,1,0,Agnes Digital,Late Surger,Ace built for this CM before CM start in Grand Concert scenario,3,0,0,0,2,1,0,4 Attempts - 20 Races total,15,Day 2,,,,,,,,,,,,,,Re-use Day 1 - Team Comp 1 as Day 2 - Team Comp 1,,,,,,,,,,4 Attempts - 20 Races total,19,Go to Submit page,,,,,,,,,,,,,,,Re-use Day 2 - Team Comp 1 as Day 3 - Team Comp 1,A Group,,,,,,,,,,4 Attempts - 20 Races total,5,Day 4,,,,,,,,,,,,,,,Re-use Day 3 - Team Comp 1 as Day 4 - Team Comp 1,A Group,,,,,,,,,,4 Attempts - 20 Races total,5,Go to Submit page,,,,,,,,,,,,,,,,,,,,,,,,,,,,,,,,,,,,,,,,,,,,,,,,,
8/31/2026 17:01:59,Daily＿Ditto＿,Graded (No Uma Restrictions),Win A finals,I accept these terms,Day 4,iOS - phone or tablet,$1-100,1116,11-20 (roughly 2-3 per day),Discord - MooMooCord - https://discord.gg/Hc7cP9GB,5,,Yaeno Muteki,Pace Chaser,Ace built for this CM before CM start in Grand Concert scenario,3,,,,1,0,,Taiki Shuttle (Camping),Pace Chaser,Ace built for this CM before CM start in Grand Concert scenario,3,,,,1,0,,Silence Suzuka,Runaway,Debuffer,1,1,1,,2,,1,4 Attempts - 20 Races total,16,Day 2,,,,,,,,,,,,,,Re-use Day 1 - Team Comp 1 as Day 2 - Team Comp 1,,,,,,,,,,4 Attempts - 20 Races total,19,Go to Submit page,,,,,,,,,,,,,,,Re-use Day 2 - Team Comp 1 as Day 3 - Team Comp 1,A Group,,,,,,,,,,4 Attempts - 20 Races total,13,Go to Submit page,,,,,,,,,,,,,,,Re-use Day 3 - Team Comp 1 as Day 4 - Team Comp 1,A Group,,,,,,,,,,4 Attempts - 20 Races total,11,Go to Submit page,,,,,,,,,,,,,,,,,,,,,,,,,,,,,,,,,,,,,,,,,,,,,,,,,
9/2/2026 16:17:28,Marz2023,Graded (No Uma Restrictions),Win A finals,I accept these terms,Finals,"iOS - phone or tablet, SteamOS - Steam Deck",Rather not say,,21-30 (roughly 3-4 per day),,5,N/A,Manhattan Cafe,Late Surger,Ace built for this CM before CM start in Grand Concert scenario,3,0,1,0,1,1,0,Copano Rickey,Pace Chaser,Ace built for this CM before CM start in Grand Concert scenario,3,0,1,0,1,1,0,Fine Motion (Wedding),Pace Chaser,Ace built for this CM before CM start in Grand Concert scenario,3,0,1,0,1,1,0,3 Attempts - 15 Races total,7,Day 2,,,,,,,,,,,,,,Re-use Day 1 - Team Comp 1 as Day 2 - Team Comp 1,,,,,,,,,,3 Attempts - 15 Races total,8,Go to Submit page,,,,,,,,,,,,,,,Re-use Day 2 - Team Comp 1 as Day 3 - Team Comp 1,A Group,,,,,,,,,,3 Attempts - 15 Races total,5,Go to Submit page,,,,,,,,,,,,,,,Re-use Day 3 - Team Comp 1 as Day 4 - Team Comp 1,A Group,,,,,,,,,,3 Attempts - 15 Races total,6,Go to Submit page,,,,,,,,,,,,,,,A Finals,5576,Re-use Day 4 - Team Comp 1 as Finals Team Comp,,,,,,,,,,https://drive.google.com/open?id=1Osq111z_nEanDIBf8e-Z8sX8UDy4onmn,1st,,,,,,,,,,,Yes,"When Cafe hits, she hits.",https://drive.google.com/open?id=1x7UXwOsdOemRLTV9RyL-oP20ZlVquaQO,https://drive.google.com/open?id=1hqo6qSs-F5tLSSKptYTlgDwTwwmdw-lD,https://drive.google.com/open?id=1hLK_X3pUJjYsPJsa9FR71j7x2bbtJfrT,,3,8,,5,https://drive.google.com/open?id=1kDDTghuod7MUebUUzyOcG830bjUmsn7e
9/2/2026 17:56:22,FlameMaster,Graded (No Uma Restrictions),Get into A finals,I accept these terms,Finals,Android - phone or tablet,$101-500,880,6-10 (roughly 1 per day),Discord - MooMooCord - https://discord.gg/Hc7cP9GB,4,,Air Groove (Wedding),Pace Chaser,Ace built for this CM before CM start in Grand Concert scenario,3,0,0,,2,1,0,Symboli Rudolf,End Closer,Debuffer,1,0,2,0,3,0,0,Grass Wonder,Late Surger,Debuffer,1,0,2,0,3,0,0,3 Attempts - 15 Races total,5,Day 2,,,,,,,,,,,,,,Re-use Day 1 - Team Comp 1 as Day 2 - Team Comp 1,,,,,,,,,,4 Attempts - 20 Races total,6,Go to Submit page,,,,,,,,,,,,,,,Re-use Day 2 - Team Comp 1 as Day 3 - Team Comp 1,A Group,,,,,,,,,,4 Attempts - 20 Races total,10,Go to Submit page,,,,,,,,,,,,,,,Re-use Day 3 - Team Comp 1 as Day 4 - Team Comp 1,A Group,,,,,,,,,,4 Attempts - 20 Races total,7,Go to Submit page,,,,,,,,,,,,,,,A Finals,5953,Re-use Day 4 - Team Comp 1 as Finals Team Comp,,,,,,,,,,https://drive.google.com/open?id=1fU_FTDjcaq1eI8r1e0goHEAWYKPa56yF,1st,,,,,,,,,,,Yes,Fast Learner FTW!,https://drive.google.com/open?id=1dZ1f6t0PC1jrBGHvxOgnn_wKCe47EKpJ,https://drive.google.com/open?id=1KKBDwyyq5TJEQvT2aRNPvebLyHdwscZE,,0,3,5,0,0,https://drive.google.com/open?id=1DLzu3X2yKMohb_MNJWiFk4V_z9gQifmq
9/2/2026 18:39:36,byup,Graded (No Uma Restrictions),Win A finals,I accept these terms,Finals,"Android - phone or tablet, Windows",$0,1089,46+ (more than 6 per day),"Discord - MooMooCord - https://discord.gg/Hc7cP9GB, Twitch - MooMooCows - https://www.twitch.tv/moomoomoocows, YouTube - MooMooCows - https://www.youtube.com/@MooMooCows",5,,Daiwa Scarlet,Front Runner,Ace built for this CM before CM start in Grand Concert scenario,3,0,0,0,2,1,0,Silence Suzuka,Runaway,Blocker/Overtake target/Throwaway/Niche role,,,,,,,,Grass Wonder,Late Surger,Debuffer,,,,,,,,4 Attempts - 20 Races total,15,Day 2,,,,,,,,,,,,,,Re-use Day 1 - Team Comp 1 as Day 2 - Team Comp 1,,,,,,,,,,4 Attempts - 20 Races total,14,Go to Submit page,,,,,,,,,,,,,,,Re-use Day 2 - Team Comp 1 as Day 3 - Team Comp 1,A Group,,,,,,,,,,4 Attempts - 20 Races total,10,Go to Submit page,,,,,,,,,,,,,,,Re-use Day 3 - Team Comp 1 as Day 4 - Team Comp 1,A Group,,,,,,,,,,4 Attempts - 20 Races total,12,Go to Submit page,,,,,,,,,,,,,,,A Finals,8097,Re-use Day 4 - Team Comp 1 as Finals Team Comp,,,,,,,,,,,3rd,No (goes to Submit page),,,,,,,,,,,,,,,,,,,,
9/2/2026 15:19:54,DarnedBen,Graded (No Uma Restrictions),Win A finals,I accept these terms,Finals,Windows,$1-100,826,21-30 (roughly 3-4 per day),Discord - MooMooCord - https://discord.gg/Hc7cP9GB,,,Maruzensky (Summer),Front Runner,Ace built for this CM before CM start in Grand Concert scenario,2,,,,3,1,,Mihono Bourbon (Valentine),Front Runner,Ace built for this CM before CM start in Grand Concert scenario,3,,,,2,1,,Copano Rickey,Front Runner,Ace built for this CM before CM start in Grand Concert scenario,3,,,,2,1,,4 Attempts - 20 Races total,8,Day 2,,,,,,,,,,,,,,Re-use Day 1 - Team Comp 1 as Day 2 - Team Comp 1,,,,,,,,,,4 Attempts - 20 Races total,15,Go to Submit page,,,,,,,,,,,,,,,Re-use Day 2 - Team Comp 1 as Day 3 - Team Comp 1,A Group,,,,,,,,,,4 Attempts - 20 Races total,8,Go to Submit page,,,,,,,,,,,,,,,Re-use Day 3 - Team Comp 1 as Day 4 - Team Comp 1,A Group,,,,,,,,,,4 Attempts - 20 Races total,10,Go to Submit page,,,,,,,,,,,,,,,A Finals,7931,Re-use Day 4 - Team Comp 1 as Finals Team Comp,,,,,,,,,,https://drive.google.com/open?id=1XNyhjozx3sG2Af1-DNWosMaSVo3yr5Ed,1st,,,,,,,,,,,No,,https://drive.google.com/open?id=1mKDFbB-HN-a9Z4ynqQsewqcx3dnEsM8j,https://drive.google.com/open?id=17MAB2qchjumaDEkJ55GNUaGu70RXUypa,,0,7,7,0,0,https://drive.google.com/open?id=1af8kAEYv6V52CxnQUvYccVT-vr0ne9zd
9/2/2026 15:43:47,Sandrean,Graded (No Uma Restrictions),Win A finals,I accept these terms,Day 1,Windows,$0,1581,21-30 (roughly 3-4 per day),Discord - MooMooCord - https://discord.gg/Hc7cP9GB,5,,Satono Diamond,Late Surger,Ace built for this CM before CM start in Grand Concert scenario,3,0,0,0,2,1,0,Symboli Rudolf,Front Runner,Debuffer,2,0,1,0,3,0,0,Grass Wonder,Front Runner,Debuffer,2,0,1,0,3,0,0,4 Attempts - 20 Races total,15,Day 2,,,,,,,,,,,,,,Add new Team Comp as Day 2 - Team Comp 1,Satono Diamond,Late Surger,Ace built for this CM before CM start in Grand Concert scenario,Grass Wonder,Pace Chaser,Debuffer,Symboli Rudolf,Front Runner,Debuffer,4 Attempts - 20 Races total,15,Day 3,,,,,,,,,,,,,,,Re-use Day 2 - Team Comp 2 as Day 3 - Team Comp 1,A Group,,,,,,,,,,4 Attempts - 20 Races total,8,Day 4,,,,,,,,,,,,,,,Add a new Team Comp as Day 4 - Team Comp 1,A Group,Satono Diamond,Late Surger,Ace built for this CM before CM start in Grand Concert scenario,Agnes Tachyon,End Closer,Debuffer,Grass Wonder,Front Runner,Debuffer,4 Attempts - 20 Races total,11,Finals,,,,,,,,,,,,,,,A Finals,10246,Re-use Day 4 - Team Comp 1 as Finals Team Comp,,,,,,,,,,,2nd,No (goes to Submit page),,,,,,,,,,,,,,,,,,,,
8/31/2026 17:34:34,Mayoi,Graded (No Uma Restrictions),Collect participation rewards,I accept these terms,Day 4,"iOS - phone or tablet, Windows, SteamOS - Steam Deck",$501-1000,1750,21-30 (roughly 3-4 per day),Discord - MooMooCord - https://discord.gg/Hc7cP9GB,5,,Oguri Cap (Christmas),End Closer,Ace built for this CM before CM start in Grand Concert scenario,2,0,1,0,2,1,0,Tokai Teio,Pace Chaser,Ace built for this CM before CM start in Grand Concert scenario,2,0,0,0,3,1,0,Nice Nature (Cheerleader),Late Surger,Debuffer,2,0,0,0,4,0,0,4 Attempts - 20 Races total,16,Day 2,,,,,,,,,,,,,,Re-use Day 1 - Team Comp 1 as Day 2 - Team Comp 1,,,,,,,,,,4 Attempts - 20 Races total,14,Go to Submit page,,,,,,,,,,,,,,,Re-use Day 2 - Team Comp 1 as Day 3 - Team Comp 1,A Group,,,,,,,,,,4 Attempts - 20 Races total,11,Go to Submit page,,,,,,,,,,,,,,,Re-use Day 3 - Team Comp 1 as Day 4 - Team Comp 1,A Group,,,,,,,,,,4 Attempts - 20 Races total,11,Go to Submit page,,,,,,,,,,,,,,,,,,,,,,,,,,,,,,,,,,,,,,,,,,,,,,,,,
8/29/2026 18:20:02,Realside,Graded (No Uma Restrictions),Win with A finals with machan,I accept these terms,Day 2,"iOS - phone or tablet, Windows",$501-1000,,21-30 (roughly 3-4 per day),Discord - MooMooCord - https://discord.gg/Hc7cP9GB,4,,,,,,,,,,,,,,,,,,,,,,,,,,,,,,,,,,,,,,,,,,,,,,,,Re-use Day 1 - Team Comp 1 as Day 2 - Team Comp 1,,,,,,,,,,4 Attempts - 20 Races total,19,Go to Submit page,,,,,,,,,,,,,,,,,,,,,,,,,,,,,,,,,,,,,,,,,,,,,,,,,,,,,,,,,,,,,,,,,,,,,,,,,,,,,,,,,,,,,,,,,,,,,,,,,,,,,,,,,
9/2/2026 19:21:03,Feirayn,Open (A+ Grade and Lower Umas Only),Win A finals,I accept these terms,Finals,Android - phone or tablet,$0,76,6-10 (roughly 1 per day),"Discord - MooMooCord - https://discord.gg/Hc7cP9GB, Twitch - MooMooCows - https://www.twitch.tv/moomoomoocows, YouTube - MooMooCows - https://www.youtube.com/@MooMooCows",,,,,,,,,,,,,,,,,,,,,,,,,,,,,,,,,,,,,,,,,,,,,,,,,Add new Team Comp as Day 2 - Team Comp 1,Seeking the Pearl,Front Runner,Mid-CM Ace build in Grand Concert scenario,Agnes Tachyon,Late Surger,Debuffer,Grass Wonder,Late Surger,Debuffer,4 Attempts - 20 Races total,11,Go to Submit page,,,,,,,,,,,,,,,Add new Team Comp as Day 3 - Team Comp 1,A Group,Seeking the Pearl,Pace Chaser,Ace built for this CM before CM start in Grand Concert scenario,Sweep Tosho,End Closer,Mid-CM Ace build in Grand Concert scenario,Grass Wonder,Late Surger,Debuffer,4 Attempts - 20 Races total,18,Go to Submit page,,,,,,,,,,,,,,,Re-use Day 3 - Team Comp 1 as Day 4 - Team Comp 1,A Group,,,,,,,,,,4 Attempts - 20 Races total,15,Go to Submit page,,,,,,,,,,,,,,,A Finals,5112,Re-use Day 4 - Team Comp 1 as Finals Team Comp,,,,,,,,,,,1st,,,,,,,,,,,No,,,,,,,,,,
9/2/2026 15:13:56,Zer0,Graded (No Uma Restrictions),Collect participation rewards,I accept these terms,Finals,Windows,$0,821,6-10 (roughly 1 per day),Discord - MooMooCord - https://discord.gg/Hc7cP9GB,,,Narita Taishin,End Closer,Ace built for this CM before CM start in Grand Concert scenario,2,,1,,2,1,,Gold City,Late Surger,Ace built for this CM before CM start in Grand Concert scenario,2,,1,,2,1,,Taiki Shuttle (Camping),Pace Chaser,Ace built for this CM before CM start in Grand Concert scenario,3,,,,2,1,,3 Attempts - 15 Races total,10,Day 2,,,,,,,,,,,,,,Re-use Day 1 - Team Comp 1 as Day 2 - Team Comp 1,,,,,,,,,,3 Attempts - 15 Races total,6,Go to Submit page,,,,,,,,,,,,,,,Re-use Day 2 - Team Comp 1 as Day 3 - Team Comp 1,A Group,,,,,,,,,,3 Attempts - 15 Races total,7,Go to Submit page,,,,,,,,,,,,,,,Re-use Day 3 - Team Comp 1 as Day 4 - Team Comp 1,A Group,,,,,,,,,,3 Attempts - 15 Races total,5,Go to Submit page,,,,,,,,,,,,,,,A Finals,7447,Re-use Day 4 - Team Comp 1 as Finals Team Comp,,,,,,,,,,https://drive.google.com/open?id=10oQTUPGSLnwSyZ6sw8wqOKXQ3X0VFiYm,3rd,No (goes to Submit page),,,,,,,,,,,,,,,,,,,,
9/2/2026 22:24:18,minimalswitch ,Graded (No Uma Restrictions),Get into A finals,I accept these terms,Finals,Windows,$1-100,,31-45 (roughly 5-6 per day),Twitch - MooMooCows - https://www.twitch.tv/moomoomoocows,,,,,,,,,,,,,,,,,,,,,,,,,,,,,,,,,,,,,,,,,,,,,,,,,Re-use Day 1 - Team Comp 1 as Day 2 - Team Comp 1,,,,,,,,,,4 Attempts - 20 Races total,15,Go to Submit page,,,,,,,,,,,,,,,Re-use Day 2 - Team Comp 1 as Day 3 - Team Comp 1,A Group,,,,,,,,,,4 Attempts - 20 Races total,12,Go to Submit page,,,,,,,,,,,,,,,,,,,,,,,,,,,,,,,,,,,,,,,,,,,A Finals,7341,Re-use Day 4 - Team Comp 1 as Finals Team Comp,,,,,,,,,,https://drive.google.com/open?id=1ZW8QkgNbtcxWOh671NOwBtnJS8vpIJxB,1st,,,,,,,,,,,No,,,,,,,,,,
9/2/2026 17:19:37,rice,Graded (No Uma Restrictions),Get into A finals,I accept these terms,Finals,,,,,,,,Oguri Cap,Pace Chaser,Ace built for this CM before CM start in Grand Concert scenario,3,0,0,0,1,0,,Nishino Flower,Pace Chaser,Ace built for this CM before CM start in Grand Concert scenario,3,0,0,0,2,1,,Taiki Shuttle,Pace Chaser,Ace built for this CM before CM start in Grand Concert scenario,3,0,0,0,2,1,,4 Attempts - 20 Races total,15,Go to Submit page,,,,,,,,,,,,,,Re-use Day 1 - Team Comp 1 as Day 2 - Team Comp 1,,,,,,,,,,4 Attempts - 20 Races total,7,Day 3,,,,,,,,,,,,,,,Re-use Day 2 - Team Comp 1 as Day 3 - Team Comp 1,A Group,,,,,,,,,,4 Attempts - 20 Races total,10,Go to Submit page,,,,,,,,,,,,,,,Re-use Day 3 - Team Comp 1 as Day 4 - Team Comp 1,A Group,,,,,,,,,,4 Attempts - 20 Races total,13,Go to Submit page,,,,,,,,,,,,,,,A Finals,,Re-use Day 4 - Team Comp 1 as Finals Team Comp,,,,,,,,,,,3rd,No (goes to Submit page),,,,,,,,,,,,,,,,,,,,
8/31/2026 18:51:34,Jinnt,Graded (No Uma Restrictions),Get into A finals,I accept these terms,Day 4,iOS - phone or tablet,$101-500,300,6-10 (roughly 1 per day),YouTube - MooMooCows - https://www.youtube.com/@MooMooCows,,,Aston Machan,Front Runner,Ace built for this CM before CM start in Grand Concert scenario,2,0,0,0,3,1,0,Daiwa Scarlet,Pace Chaser,Ace built for this CM before CM start in Grand Concert scenario,3,0,0,0,2,1,0,Vodka,Late Surger,Ace built for this CM before CM start in Grand Concert scenario,3,0,0,0,2,1,0,4 Attempts - 20 Races total,6,Day 2,,,,,,,,,,,,,,Re-use Day 1 - Team Comp 1 as Day 2 - Team Comp 1,,,,,,,,,,4 Attempts - 20 Races total,7,Go to Submit page,,,,,,,,,,,,,,,Re-use Day 2 - Team Comp 1 as Day 3 - Team Comp 1,A Group,,,,,,,,,,4 Attempts - 20 Races total,7,Go to Submit page,,,,,,,,,,,,,,,Re-use Day 3 - Team Comp 1 as Day 4 - Team Comp 1,A Group,,,,,,,,,,4 Attempts - 20 Races total,6,Go to Submit page,,,,,,,,,,,,,,,,,,,,,,,,,,,,,,,,,,,,,,,,,,,,,,,,,
9/2/2026 23:55:52,Sac,Graded (No Uma Restrictions),Win A finals,I accept these terms,Finals,Android - phone or tablet,$0,1425,21-30 (roughly 3-4 per day),YouTube - MooMooCows - https://www.youtube.com/@MooMooCows,5,dont close the prev cm form so early,Agnes Digital,Late Surger,Ace built for this CM before CM start in Grand Concert scenario,3,0,0,0,2,1,0,Oguri Cap,Late Surger,Ace built for this CM before CM start in Grand Concert scenario,2,0,1,0,2,1,0,Grass Wonder,Late Surger,Debuffer,1,1,0,0,3,1,0,4 Attempts - 20 Races total,19,Day 2,,,,,,,,,,,,,,Re-use Day 1 - Team Comp 1 as Day 2 - Team Comp 1,,,,,,,,,,4 Attempts - 20 Races total,11,Go to Submit page,,,,,,,,,,,,,,,Re-use Day 2 - Team Comp 1 as Day 3 - Team Comp 1,A Group,,,,,,,,,,4 Attempts - 20 Races total,13,Go to Submit page,,,,,,,,,,,,,,,Re-use Day 3 - Team Comp 1 as Day 4 - Team Comp 1,A Group,,,,,,,,,,4 Attempts - 20 Races total,12,Go to Submit page,,,,,,,,,,,,,,,A Finals,13084,Re-use Day 4 - Team Comp 1 as Finals Team Comp,,,,,,,,,,https://drive.google.com/open?id=1kRZACVzLIXadAJezG1jpYy0qzJXb4BfR,1st,,,,,,,,,,,Yes,Late Gambling is the best!,https://drive.google.com/open?id=1fclctEIphkSBHjNEY_Q0WSJRTQbeL24i,https://drive.google.com/open?id=1K-zkD3OYTWypVdAm-G595rRmaFi_5kEp,,0,8,5,0,2,https://drive.google.com/open?id=1iaeTLBdgLSAw4thSi0Djpl0ksmMVqkhI
9/2/2026 16:19:13,hirezo@MMC,Graded (No Uma Restrictions),Win A finals,I accept these terms,Day 1,Android - phone or tablet,$0,,6-10 (roughly 1 per day),,,,Nishino Flower,Pace Chaser,Ace built for this CM before CM start in Grand Concert scenario,3,,,,2,0,,Oguri Cap,Pace Chaser,Ace built for this CM before CM start in Grand Concert scenario,2,,,,3,0,,Special Week,Pace Chaser,Ace built for this CM before CM start in Grand Concert scenario,2,,,,3,0,,4 Attempts - 20 Races total,14,Day 2,,,,,,,,,,,,,,Re-use Day 1 - Team Comp 1 as Day 2 - Team Comp 1,,,,,,,,,,4 Attempts - 20 Races total,11,Day 3,,,,,,,,,,,,,,,Re-use Day 2 - Team Comp 1 as Day 3 - Team Comp 1,A Group,,,,,,,,,,4 Attempts - 20 Races total,12,Day 4,,,,,,,,,,,,,,,Re-use Day 3 - Team Comp 1 as Day 4 - Team Comp 1,A Group,,,,,,,,,,4 Attempts - 20 Races total,9,Finals,,,,,,,,,,,,,,,A Finals,12056,Re-use Day 4 - Team Comp 1 as Finals Team Comp,,,,,,,,,,https://drive.google.com/open?id=1pyydb1Cu0l5YoW3ECDiDta6_zSoIjQmZ,3rd,No (goes to Submit page),,,,,,,,,,,,,,,,,,,,
9/2/2026 18:23:34,Wasobi,Graded (No Uma Restrictions),Win A finals,I accept these terms,Finals,Windows,$101-500,,,,,,Mihono Bourbon (Valentine),Front Runner,Ace built for this CM before CM start in Grand Concert scenario,3,0,0,0,2,1,0,Seiun Sky,Front Runner,Ace built for this CM before CM start in Grand Concert scenario,3,0,0,0,2,1,0,Silence Suzuka,Runaway,Ace built for this CM before CM start in Grand Concert scenario,3,0,0,0,2,1,0,4 Attempts - 20 Races total,15,Go to Submit page,,,,,,,,,,,,,,Re-use Day 1 - Team Comp 1 as Day 2 - Team Comp 1,,,,,,,,,,4 Attempts - 20 Races total,10,Go to Submit page,,,,,,,,,,,,,,,Re-use Day 2 - Team Comp 1 as Day 3 - Team Comp 1,A Group,,,,,,,,,,2 Attempts - 10 Races total,4,Day 3 - Add 2nd Team,Add new Team Comp as Day 3 - Team Comp 2,Mihono Bourbon (Valentine),Front Runner,Ace built for this CM before CM start in Grand Concert scenario,Seiun Sky,Front Runner,Ace built for this CM before CM start in Grand Concert scenario,Grass Wonder,Late Surger,Debuffer,2 Attempts - 10 Races total,6,2 teams,Go to Submit page,Re-use Day 3 - Team Comp 2 as Day 4 - Team Comp 1,A Group,,,,,,,,,,4 Attempts - 20 Races total,16,Go to Submit page,,,,,,,,,,,,,,,A Finals,11135,Re-use Day 4 - Team Comp 1 as Finals Team Comp,,,,,,,,,,https://drive.google.com/open?id=1nKdqeLPld-TCJiRAdBoy6xqxQRg5ULf7,1st,,,,,,,,,,,No,,https://drive.google.com/open?id=1Ly7uKStTNUcXEiAFJH0qghI_h_Fx2Iur,https://drive.google.com/open?id=10JDmvN-NitvuqGUlAimB7tVaSXt77blN,,0,9,3,0,0,https://drive.google.com/open?id=1sY360Z1iVMMwVgZ-XWUvFqSloPYVWqrS
8/30/2026 9:03:30,N.atsu0,Graded (No Uma Restrictions),Get into A finals,I accept these terms,Day 2,Windows,$1-100,1781,31-45 (roughly 5-6 per day),Discord - MooMooCord - https://discord.gg/Hc7cP9GB,5,,Narita Taishin,End Closer,Ace built for this CM before CM start in Grand Concert scenario,3,0,1,0,2,0,0,Mejiro Ryan,Late Surger,Ace built for this CM before CM start in Grand Concert scenario,3,0,1,0,2,0,0,Curren Chan,Pace Chaser,Ace built for this CM before CM start in Grand Concert scenario,3,0,0,0,2,1,0,4 Attempts - 20 Races total,14,Go to Submit page,,,,,,,,,,,,,,Re-use Day 1 - Team Comp 1 as Day 2 - Team Comp 1,,,,,,,,,,4 Attempts - 20 Races total,14,Go to Submit page,,,,,,,,,,,,,,,,,,,,,,,,,,,,,,,,,,,,,,,,,,,,,,,,,,,,,,,,,,,,,,,,,,,,,,,,,,,,,,,,,,,,,,,,,,,,,,,,,,,,,,,,,
9/2/2026 16:40:52,Dragonbee,Graded (No Uma Restrictions),Get into A finals,I accept these terms,Finals,iOS - phone or tablet,$101-500,1334,11-20 (roughly 2-3 per day),Discord - MooMooCord - https://discord.gg/Hc7cP9GB,5,,Tamamo Cross,Late Surger,Ace built for this CM before CM start in Grand Concert scenario,3,,,,2,1,,T.M. Opera O (New Year),Pace Chaser,Ace built for this CM before CM start in Grand Concert scenario,3,,,,2,1,,Fuji Kiseki,Pace Chaser,Ace built for this CM before CM start in Grand Concert scenario,3,,,,2,1,,3 Attempts - 15 Races total,10,Day 2,,,,,,,,,,,,,,Re-use Day 1 - Team Comp 1 as Day 2 - Team Comp 1,,,,,,,,,,3 Attempts - 15 Races total,11,Go to Submit page,,,,,,,,,,,,,,,Re-use Day 2 - Team Comp 1 as Day 3 - Team Comp 1,A Group,,,,,,,,,,4 Attempts - 20 Races total,14,Go to Submit page,,,,,,,,,,,,,,,Re-use Day 3 - Team Comp 1 as Day 4 - Team Comp 1,A Group,,,,,,,,,,4 Attempts - 20 Races total,10,Go to Submit page,,,,,,,,,,,,,,,A Finals,11314,Re-use Day 4 - Team Comp 1 as Finals Team Comp,,,,,,,,,,https://drive.google.com/open?id=1hxtfblLSTqGeRPjQLh38aN1x_xX9SkZ7,3rd,Yes,https://drive.google.com/open?id=1aEVkgkAzXYwnnF-nBxtswK7DFIhET92p,https://drive.google.com/open?id=1NKGnMdrkgwQ3JSKBpz0D7t_Cceuk08q5,https://drive.google.com/open?id=1wmZimU6e5iht9Ia6j3r6-FMcFwYfBJwF,,3,13,,,https://drive.google.com/open?id=1joEi7-X7TdWWOgqt-0spAbZjHL1n4Yal,,,,,,,,,,,
8/31/2026 20:17:44,roboticjo,Graded (No Uma Restrictions),Win A finals,I accept these terms,Day 3,"Android - phone or tablet, Windows",$1-100,2659,46+ (more than 6 per day),"Discord - MooMooCord - https://discord.gg/Hc7cP9GB, YouTube - MooMooCows - https://www.youtube.com/@MooMooCows",5,,Gold Ship (Summer),Late Surger,Ace built for this CM before CM start in Grand Concert scenario,3,,,,2,1,,Fine Motion (Wedding),Pace Chaser,Ace built for this CM before CM start in Grand Concert scenario,3,,,,2,1,,Special Week,Late Surger,Ace built for this CM before CM start in Grand Concert scenario,3,,,,2,1,,4 Attempts - 20 Races total,18,Day 2,,,,,,,,,,,,,,Re-use Day 1 - Team Comp 1 as Day 2 - Team Comp 1,,,,,,,,,,4 Attempts - 20 Races total,18,Go to Submit page,,,,,,,,,,,,,,,Re-use Day 2 - Team Comp 1 as Day 3 - Team Comp 1,A Group,,,,,,,,,,4 Attempts - 20 Races total,13,Day 4,,,,,,,,,,,,,,,Re-use Day 3 - Team Comp 1 as Day 4 - Team Comp 1,A Group,,,,,,,,,,4 Attempts - 20 Races total,12,Go to Submit page,,,,,,,,,,,,,,,,,,,,,,,,,,,,,,,,,,,,,,,,,,,,,,,,,
9/2/2026 15:15:23,indigo,Graded (No Uma Restrictions),Win A finals,I accept these terms,Day 4,,$1-100,,21-30 (roughly 3-4 per day),,,,Fine Motion (Wedding),Pace Chaser,Ace built for this CM before CM start in Grand Concert scenario,,,,,,,,Fuji Kiseki,Pace Chaser,Ace built for this CM before CM start in Grand Concert scenario,,,,,,,,Oguri Cap (Christmas),End Closer,Ace built for this CM before CM start in Grand Concert scenario,,,,,,,,4 Attempts - 20 Races total,15,Day 2,,,,,,,,,,,,,,Re-use Day 1 - Team Comp 1 as Day 2 - Team Comp 1,,,,,,,,,,4 Attempts - 20 Races total,15,Day 3,,,,,,,,,,,,,,,Re-use Day 2 - Team Comp 1 as Day 3 - Team Comp 1,A Group,,,,,,,,,,4 Attempts - 20 Races total,16,Day 4,,,,,,,,,,,,,,,Re-use Day 3 - Team Comp 1 as Day 4 - Team Comp 1,A Group,,,,,,,,,,4 Attempts - 20 Races total,9,Finals,,,,,,,,,,,,,,,A Finals,8432,Re-use Day 4 - Team Comp 1 as Finals Team Comp,,,,,,,,,,https://drive.google.com/open?id=1s6DWbet6d60L1xHATDPF06rqgDp2lArl,1st,,,,,,,,,,,No,,,,,,,,,,
9/2/2026 15:55:47,Razor,Graded (No Uma Restrictions),Get into A finals,I accept these terms,Day 4,"Android - phone or tablet, Windows",$0,1325,21-30 (roughly 3-4 per day),,,,Vodka,Late Surger,Ace built for this CM before CM start in Grand Concert scenario,3,0,0,0,2,1,0,Mejiro Dober (Camping),Late Surger,Ace built for this CM before CM start in Grand Concert scenario,3,0,0,0,2,1,0,Nishino Flower,Pace Chaser,Ace built for this CM before CM start in Grand Concert scenario,3,0,0,,2,1,0,4 Attempts - 20 Races total,12,Day 2,,,,,,,,,,,,,,Re-use Day 1 - Team Comp 1 as Day 2 - Team Comp 1,,,,,,,,,,4 Attempts - 20 Races total,16,Day 3,,,,,,,,,,,,,,,Re-use Day 2 - Team Comp 1 as Day 3 - Team Comp 1,A Group,,,,,,,,,,4 Attempts - 20 Races total,15,Day 4,,,,,,,,,,,,,,,Re-use Day 3 - Team Comp 1 as Day 4 - Team Comp 1,A Group,,,,,,,,,,4 Attempts - 20 Races total,14,Finals,,,,,,,,,,,,,,,A Finals,7440,Re-use Day 4 - Team Comp 1 as Finals Team Comp,,,,,,,,,,https://drive.google.com/open?id=1DiiOxTDg1iCPC9KtOQTFrOl4WOGw2Esf,3rd,Yes,https://drive.google.com/open?id=1ruCHc-GuoNUIrg_we0Q7CXtOv0r47iiu,https://drive.google.com/open?id=19KC6HCzdLJbYV0EQQRo_8MdejrtpiyhR,,3,9,3,0,6,https://drive.google.com/open?id=1TfWqXTx2wAKNZtrwmYXCxGx9KQnjZe8o,,,,,,,,,,,
9/2/2026 15:43:03,Maya,Graded (No Uma Restrictions),Get into A finals,I accept these terms,Finals,Android - phone or tablet,$101-500,1206,21-30 (roughly 3-4 per day),Discord - MooMooCord - https://discord.gg/Hc7cP9GB,4,,Taiki Shuttle (Camping),Pace Chaser,Ace built for this CM before CM start in Grand Concert scenario,3,,,,2,1,,Special Week,Late Surger,Ace built for this CM before CM start in Grand Concert scenario,3,,1,,1,1,,Grass Wonder,Late Surger,Debuffer,,,,,,,,2 Attempts - 10 Races total,8,Day 1 - Add 2nd Team,Taiki Shuttle (Camping),Pace Chaser,Ace built for this CM before CM start in Grand Concert scenario,Vodka,Late Surger,Ace built for this CM before CM start in Grand Concert scenario,Grass Wonder,Late Surger,Debuffer,2 Attempts - 10 Races total,9,2 teams,Day 2,Re-use Day 1 - Team Comp 1 as Day 2 - Team Comp 1,,,,,,,,,,4 Attempts - 20 Races total,12,Day 3,,,,,,,,,,,,,,,Re-use Day 2 - Team Comp 1 as Day 3 - Team Comp 1,A Group,,,,,,,,,,4 Attempts - 20 Races total,15,Day 4,,,,,,,,,,,,,,,Re-use Day 3 - Team Comp 1 as Day 4 - Team Comp 1,A Group,,,,,,,,,,4 Attempts - 20 Races total,10,Go to Submit page,,,,,,,,,,,,,,,A Finals,,Add new Team Comp as Finals Team Comp,Taiki Shuttle (Camping),Pace Chaser,Mid-CM Ace build in Grand Concert scenario,Special Week,Late Surger,Ace built for this CM before CM start in Grand Concert scenario,Grass Wonder,Late Surger,Debuffer,https://drive.google.com/open?id=1I5SYQtP8jvsnn2nPbQBeeKoraWIRbB7l,1st,,,,,,,,,,,Yes,You dont need mile S when you're the main character!,https://drive.google.com/open?id=11lCoT_ZbpYDx-3ppcaY8hGMp53Cvt-1-,https://drive.google.com/open?id=1b0JHYKKih9HdfbyDaJ67E7cBEFZsVwYj,,0,9,5,2,0,https://drive.google.com/open?id=1pCC4mcCEt_BgCofLaLJk2E_CXH3mpO6J
9/2/2026 17:37:03,Gibgab,Graded (No Uma Restrictions),Get into A finals,I accept these terms,Finals,"Android - phone or tablet, Windows",$101-500,590,11-20 (roughly 2-3 per day),Discord - MooMooCord - https://discord.gg/Hc7cP9GB,5,,Oguri Cap (Christmas),End Closer,Ace built for this CM before CM start in Grand Concert scenario,2,0,1,0,2,1,0,Grass Wonder,Late Surger,Ace built for this CM before CM start in Grand Concert scenario,2,0,1,0,2,1,0,Silence Suzuka,Front Runner,Ace built for Team Trials,3,0,0,0,2,1,0,3 Attempts - 15 Races total,6,Day 2,,,,,,,,,,,,,,Re-use Day 1 - Team Comp 1 as Day 2 - Team Comp 1,,,,,,,,,,4 Attempts - 20 Races total,13,Go to Submit page,,,,,,,,,,,,,,,Re-use Day 2 - Team Comp 1 as Day 3 - Team Comp 1,A Group,,,,,,,,,,4 Attempts - 20 Races total,7,Go to Submit page,,,,,,,,,,,,,,,Re-use Day 3 - Team Comp 1 as Day 4 - Team Comp 1,A Group,,,,,,,,,,4 Attempts - 20 Races total,7,Go to Submit page,,,,,,,,,,,,,,,A Finals,7772,Re-use Day 4 - Team Comp 1 as Finals Team Comp,,,,,,,,,,https://drive.google.com/open?id=1gn9NckddhPcFWIDf_Xg6gOX7s1aPsbAZ,3rd,Yes,https://drive.google.com/open?id=1gHWbP7bVAEnfHpSj9ULW4GV7IyjGt5lf,https://drive.google.com/open?id=1JXkmYvn0xooID8ZKmOh5FZggvdNMSIGu,,,,,,,https://drive.google.com/open?id=1tpPZJsuKrrz8-HnBLpSIHTiBFAoN7EYw,,,,,,,,,,,
8/30/2026 16:47:59,Jaja,Graded (No Uma Restrictions),Get into A finals,I accept these terms,Day 3,"Android - phone or tablet, Windows",$1-100,699,6-10 (roughly 1 per day),"Discord - MooMooCord - https://discord.gg/Hc7cP9GB, YouTube - MooMooCows - https://www.youtube.com/@MooMooCows",4,,Mihono Bourbon (Valentine),Front Runner,Ace built for this CM before CM start in Grand Concert scenario,3,,,,2,1,,Maruzensky (Summer),Front Runner,Ace built for this CM before CM start in Grand Concert scenario,3,,,,2,1,,Nishino Flower,Pace Chaser,Ace built for this CM before CM start in Grand Concert scenario,3,,,,2,1,,4 Attempts - 20 Races total,12,Day 2,,,,,,,,,,,,,,Re-use Day 1 - Team Comp 1 as Day 2 - Team Comp 1,,,,,,,,,,4 Attempts - 20 Races total,19,Go to Submit page,,,,,,,,,,,,,,,Re-use Day 2 - Team Comp 1 as Day 3 - Team Comp 1,A Group,,,,,,,,,,4 Attempts - 20 Races total,11,Go to Submit page,,,,,,,,,,,,,,,,,,,,,,,,,,,,,,,,,,,,,,,,,,,,,,,,,,,,,,,,,,,,,,,,,,,,,,,,,,,,,
9/2/2026 15:49:10,Barrel,Graded (No Uma Restrictions),Get into A finals,I accept these terms,Finals,"Android - phone or tablet, Windows",$1-100,,31-45 (roughly 5-6 per day),,,,Rice Shower,Pace Chaser,Ace built for this CM before CM start in Grand Concert scenario,3,0,0,0,2,1,0,Sweep Tosho,End Closer,Ace built for this CM before CM start in Grand Concert scenario,2,0,1,0,2,1,0,Narita Taishin,End Closer,Ace built for this CM before CM start in Grand Concert scenario,3,0,0,0,2,1,0,4 Attempts - 20 Races total,16,Go to Submit page,,,,,,,,,,,,,,Add new Team Comp as Day 2 - Team Comp 1,Rice Shower (Halloween),Pace Chaser,Mid-CM Ace build in Grand Concert scenario,Sweep Tosho,End Closer,Ace built for this CM before CM start in Grand Concert scenario,Narita Taishin,End Closer,Ace built for this CM before CM start in Grand Concert scenario,4 Attempts - 20 Races total,10,Day 1,,,,,,,,,,,,,,,Re-use Day 2 - Team Comp 1 as Day 3 - Team Comp 1,A Group,,,,,,,,,,4 Attempts - 20 Races total,11,Go to Submit page,,,,,,,,,,,,,,,Re-use Day 3 - Team Comp 1 as Day 4 - Team Comp 1,A Group,,,,,,,,,,4 Attempts - 20 Races total,10,Go to Submit page,,,,,,,,,,,,,,,A Finals,8106,Re-use Day 4 - Team Comp 2 as Finals Team Comp,,,,,,,,,,,3rd,No (goes to Submit page),,,,,,,,,,,,,,,,,,,,
9/2/2026 18:06:36,Monikun123,Graded (No Uma Restrictions),Get into A finals,I accept these terms,Finals,Android - phone or tablet,$1-100,,21-30 (roughly 3-4 per day),Discord - MooMooCord - https://discord.gg/Hc7cP9GB,4,,Grass Wonder,Late Surger,Ace built for this CM before CM start in Grand Concert scenario,3,0,0,0,2,1,0,Oguri Cap,Late Surger,Ace built for this CM before CM start in Grand Concert scenario,3,0,0,0,2,1,0,Taiki Shuttle,Pace Chaser,Ace built for this CM before CM start in Grand Concert scenario,3,0,0,0,2,1,0,4 Attempts - 20 Races total,16,Day 2,,,,,,,,,,,,,,Re-use Day 1 - Team Comp 1 as Day 2 - Team Comp 1,,,,,,,,,,4 Attempts - 20 Races total,15,Go to Submit page,,,,,,,,,,,,,,,Re-use Day 2 - Team Comp 1 as Day 3 - Team Comp 1,A Group,,,,,,,,,,4 Attempts - 20 Races total,11,Go to Submit page,,,,,,,,,,,,,,,Re-use Day 3 - Team Comp 1 as Day 4 - Team Comp 1,A Group,,,,,,,,,,4 Attempts - 20 Races total,8,Go to Submit page,,,,,,,,,,,,,,,A Finals,8462,Re-use Day 4 - Team Comp 1 as Finals Team Comp,,,,,,,,,,https://drive.google.com/open?id=1HJesCQ6fAgZjQSogGHGbCXMFzIAzkjDr,1st,,,,,,,,,,,No,,https://drive.google.com/open?id=128QughI8De_ojm54WIediXJFnLip2VHx,https://drive.google.com/open?id=1Sj3aJWsnnITs9EURtdSQ951G6_rggF85,,,8,7,,,https://drive.google.com/open?id=1yc-JFSfMv-l0l05iIKE2bkQ6SMNzRVEg
9/2/2026 16:43:41,puhico,Graded (No Uma Restrictions),Win A finals,I accept these terms,Finals,,,,,,,,Copano Rickey,Pace Chaser,Ace built for this CM before CM start in Grand Concert scenario,,,,,,,,Nishino Flower,Pace Chaser,Ace built for this CM before CM start in Grand Concert scenario,,,,,,,,Oguri Cap (Christmas),End Closer,Ace built for this CM before CM start in Grand Concert scenario,,,,,,,,4 Attempts - 20 Races total,16,Day 2,,,,,,,,,,,,,,Re-use Day 1 - Team Comp 1 as Day 2 - Team Comp 1,,,,,,,,,,4 Attempts - 20 Races total,19,Go to Submit page,,,,,,,,,,,,,,,Re-use Day 2 - Team Comp 1 as Day 3 - Team Comp 1,A Group,,,,,,,,,,4 Attempts - 20 Races total,17,Go to Submit page,,,,,,,,,,,,,,,Re-use Day 3 - Team Comp 1 as Day 4 - Team Comp 1,A Group,,,,,,,,,,4 Attempts - 20 Races total,15,Go to Submit page,,,,,,,,,,,,,,,A Finals,12734,Re-use Day 4 - Team Comp 1 as Finals Team Comp,,,,,,,,,,https://drive.google.com/open?id=14XUbTtp7NccE4YuvW4MqYHaokotEp0SR,1st,,,,,,,,,,,No,,,,,,,,,,
9/2/2026 15:17:10,DT46,Graded (No Uma Restrictions),Win A finals,I accept these terms,Finals,"Android - phone or tablet, Windows",$101-500,,6-10 (roughly 1 per day),,,,Narita Taishin,End Closer,Ace built for this CM before CM start in Grand Concert scenario,,,,,,,,Special Week,Late Surger,Ace built for this CM before CM start in Grand Concert scenario,,,,,,,,Taiki Shuttle,Pace Chaser,Ace built for this CM before CM start in Grand Concert scenario,,,,,,,,4 Attempts - 20 Races total,11,Day 2,,,,,,,,,,,,,,Re-use Day 1 - Team Comp 1 as Day 2 - Team Comp 1,,,,,,,,,,4 Attempts - 20 Races total,5,Go to Submit page,,,,,,,,,,,,,,,Re-use Day 2 - Team Comp 1 as Day 3 - Team Comp 1,A Group,,,,,,,,,,4 Attempts - 20 Races total,5,Go to Submit page,,,,,,,,,,,,,,,Re-use Day 3 - Team Comp 1 as Day 4 - Team Comp 1,A Group,,,,,,,,,,4 Attempts - 20 Races total,8,Go to Submit page,,,,,,,,,,,,,,,A Finals,8689,Re-use Day 4 - Team Comp 1 as Finals Team Comp,,,,,,,,,,,1st,,,,,,,,,,,No,,,,,,,,,,
9/2/2026 19:43:44,Sui,Graded (No Uma Restrictions),Win A finals,I accept these terms,Finals,Android - phone or tablet,$1-100,,46+ (more than 6 per day),Rather not say,5,,Oguri Cap (Christmas),End Closer,Ace built for this CM before CM start in Grand Concert scenario,,,,,,,,Agnes Tachyon,Late Surger,Debuffer,,,,,,,,Nice Nature (Cheerleader),Late Surger,Debuffer,,,,,,,,4 Attempts - 20 Races total,14,Day 2,,,,,,,,,,,,,,Re-use Day 1 - Team Comp 1 as Day 2 - Team Comp 1,,,,,,,,,,4 Attempts - 20 Races total,14,Go to Submit page,,,,,,,,,,,,,,,Re-use Day 2 - Team Comp 1 as Day 3 - Team Comp 1,A Group,,,,,,,,,,4 Attempts - 20 Races total,14,Go to Submit page,,,,,,,,,,,,,,,Re-use Day 3 - Team Comp 1 as Day 4 - Team Comp 1,A Group,,,,,,,,,,4 Attempts - 20 Races total,17,Go to Submit page,,,,,,,,,,,,,,,A Finals,,Re-use Day 4 - Team Comp 1 as Finals Team Comp,,,,,,,,,,,1st,,,,,,,,,,,No,,,,,,,,,,
9/2/2026 17:55:56,th1rte3n,Graded (No Uma Restrictions),Win A finals,I accept these terms,Finals,,$1001-5000,2946,46+ (more than 6 per day),Rather not say,5,,Mihono Bourbon (Valentine),Front Runner,Ace built for this CM before CM start in Grand Concert scenario,3,0,0,0,2,1,0,Seiun Sky,Front Runner,Ace built for this CM before CM start in Grand Concert scenario,3,0,0,0,2,1,0,Fine Motion (Wedding),Pace Chaser,Ace built for this CM before CM start in Grand Concert scenario,3,0,0,0,2,1,0,4 Attempts - 20 Races total,16,Day 2,,,,,,,,,,,,,,Re-use Day 1 - Team Comp 1 as Day 2 - Team Comp 1,,,,,,,,,,4 Attempts - 20 Races total,18,Go to Submit page,,,,,,,,,,,,,,,Re-use Day 2 - Team Comp 1 as Day 3 - Team Comp 1,A Group,,,,,,,,,,4 Attempts - 20 Races total,10,Go to Submit page,,,,,,,,,,,,,,,Re-use Day 3 - Team Comp 1 as Day 4 - Team Comp 1,A Group,,,,,,,,,,4 Attempts - 20 Races total,15,Go to Submit page,,,,,,,,,,,,,,,A Finals,8829,Re-use Day 4 - Team Comp 1 as Finals Team Comp,,,,,,,,,,https://drive.google.com/open?id=1Rhmc1dQ2d6Jt63VQfyEk7Ca1pdZSzZ2l,1st,,,,,,,,,,,No,,https://drive.google.com/open?id=1QuzVQzC79MA3ndA0z-BbjhTABB2W5RhU,https://drive.google.com/open?id=1br_GjDCPv5yfvDxSH5ZnRxWhkN5Q7DSP,,3,6,6,0,2,https://drive.google.com/open?id=1VvF4XiRfFoICUcCUoN5h_vJTqym8hB3s
8/31/2026 21:44:58,NeoUniMCSR,Graded (No Uma Restrictions),Win A finals,I accept these terms,Day 3,"Android - phone or tablet, Linux",$101-500,,31-45 (roughly 5-6 per day),Discord - MooMooCord - https://discord.gg/Hc7cP9GB,5,,Rice Shower (Halloween),Pace Chaser,Ace built for this CM before CM start in Grand Concert scenario,3,,,,,1,,Grass Wonder,End Closer,Debuffer,1,,,,4,1,,Agnes Tachyon,End Closer,Debuffer,1,,,,4,1,,4 Attempts - 20 Races total,17,Day 2,,,,,,,,,,,,,,Re-use Day 1 - Team Comp 1 as Day 2 - Team Comp 1,,,,,,,,,,4 Attempts - 20 Races total,14,Go to Submit page,,,,,,,,,,,,,,,Re-use Day 2 - Team Comp 1 as Day 3 - Team Comp 1,A Group,,,,,,,,,,4 Attempts - 20 Races total,14,Day 4,,,,,,,,,,,,,,,Re-use Day 3 - Team Comp 1 as Day 4 - Team Comp 1,A Group,,,,,,,,,,4 Attempts - 20 Races total,16,Go to Submit page,,,,,,,,,,,,,,,,,,,,,,,,,,,,,,,,,,,,,,,,,,,,,,,,,
9/2/2026 20:29:57,Ojom,Graded (No Uma Restrictions),Win A finals,I accept these terms,Day 4,Android - phone or tablet,$101-500,,6-10 (roughly 1 per day),Discord - MooMooCord - https://discord.gg/Hc7cP9GB,5,,Oguri Cap,Pace Chaser,Ace built for this CM before CM start in Grand Concert scenario,3,,,,2,1,,Taiki Shuttle,Pace Chaser,Ace built for this CM before CM start in Grand Concert scenario,3,,,,2,1,,Curren Chan (Wedding),Pace Chaser,Ace built for this CM before CM start in Grand Concert scenario,3,,,,2,1,,4 Attempts - 20 Races total,16,Go to Submit page,,,,,,,,,,,,,,Re-use Day 1 - Team Comp 1 as Day 2 - Team Comp 1,,,,,,,,,,4 Attempts - 20 Races total,14,Go to Submit page,,,,,,,,,,,,,,,Re-use Day 2 - Team Comp 1 as Day 3 - Team Comp 1,A Group,,,,,,,,,,4 Attempts - 20 Races total,11,Day 4,,,,,,,,,,,,,,,Re-use Day 3 - Team Comp 1 as Day 4 - Team Comp 1,A Group,,,,,,,,,,4 Attempts - 20 Races total,8,Finals,,,,,,,,,,,,,,,A Finals,,Re-use Day 4 - Team Comp 1 as Finals Team Comp,,,,,,,,,,,2nd,No (goes to Submit page),,,,,,,,,,,,,,,,,,,,
9/2/2026 19:48:02,giantsoybean,Graded (No Uma Restrictions),Win A finals,I accept these terms,Finals,Windows,$1-100,,31-45 (roughly 5-6 per day),Discord - MooMooCord - https://discord.gg/Hc7cP9GB,5,,Grass Wonder,Late Surger,Ace built for this CM before CM start in Grand Concert scenario,2,,1,,2,1,,Hishi Amazon,End Closer,Ace built for this CM before CM start in Grand Concert scenario,3,,,,2,1,,Nishino Flower,Pace Chaser,Ace built for this CM before CM start in Grand Concert scenario,3,,,,2,1,,4 Attempts - 20 Races total,16,Day 2,,,,,,,,,,,,,,Re-use Day 1 - Team Comp 1 as Day 2 - Team Comp 1,,,,,,,,,,4 Attempts - 20 Races total,18,Day 3,,,,,,,,,,,,,,,Re-use Day 2 - Team Comp 1 as Day 3 - Team Comp 1,A Group,,,,,,,,,,4 Attempts - 20 Races total,15,Day 4,,,,,,,,,,,,,,,Re-use Day 3 - Team Comp 1 as Day 4 - Team Comp 1,A Group,,,,,,,,,,4 Attempts - 20 Races total,14,Go to Submit page,,,,,,,,,,,,,,,A Finals,12652,Re-use Day 4 - Team Comp 1 as Finals Team Comp,,,,,,,,,,,2nd,No (goes to Submit page),,,,,,,,,,,,,,,,,,,,
9/2/2026 22:33:11,Kareka,Graded (No Uma Restrictions),Get into A finals,I accept these terms,Day 3,Android - phone or tablet,$501-1000,805,11-20 (roughly 2-3 per day),Discord - MooMooCord - https://discord.gg/Hc7cP9GB,5,,Taiki Shuttle,Pace Chaser,Ace built for this CM before CM start in Grand Concert scenario,3,0,1,0,1,1,0,Fine Motion,Pace Chaser,Ace built for this CM before CM start in Grand Concert scenario,3,0,0,0,2,1,0,Eishin Flash,Late Surger,Ace built for this CM before CM start in Grand Concert scenario,3,0,1,0,1,1,0,4 Attempts - 20 Races total,5,Day 2,,,,,,,,,,,,,,Re-use Day 1 - Team Comp 1 as Day 2 - Team Comp 1,,,,,,,,,,4 Attempts - 20 Races total,12,Go to Submit page,,,,,,,,,,,,,,,Re-use Day 2 - Team Comp 1 as Day 3 - Team Comp 1,A Group,,,,,,,,,,4 Attempts - 20 Races total,7,Day 4,,,,,,,,,,,,,,,Re-use Day 3 - Team Comp 1 as Day 4 - Team Comp 1,A Group,,,,,,,,,,4 Attempts - 20 Races total,7,Finals,,,,,,,,,,,,,,,A Finals,6867,Re-use Day 4 - Team Comp 1 as Finals Team Comp,,,,,,,,,,https://drive.google.com/open?id=1xEhhpKRiPw8sukLHlfppufz91x8bXSGV,3rd,No (goes to Submit page),,,,,,,,,,,,,,,,,,,,
9/2/2026 20:20:13,Lwynn,Graded (No Uma Restrictions),Get into A finals,I accept these terms,Finals,Android - phone or tablet,$1001-5000,,11-20 (roughly 2-3 per day),,,,Mihono Bourbon (Valentine),Front Runner,Ace built for this CM before CM start in Grand Concert scenario,2,,,,3,1,,Seiun Sky,Front Runner,Ace built for this CM before CM start in Grand Concert scenario,3,,,,2,1,,Silence Suzuka,Front Runner,Ace built for this CM before CM start in Grand Concert scenario,2,,,,3,1,,4 Attempts - 20 Races total,16,Day 2,,,,,,,,,,,,,,Re-use Day 1 - Team Comp 1 as Day 2 - Team Comp 1,,,,,,,,,,4 Attempts - 20 Races total,13,Go to Submit page,,,,,,,,,,,,,,,Re-use Day 2 - Team Comp 1 as Day 3 - Team Comp 1,A Group,,,,,,,,,,4 Attempts - 20 Races total,13,Go to Submit page,,,,,,,,,,,,,,,Re-use Day 3 - Team Comp 1 as Day 4 - Team Comp 1,A Group,,,,,,,,,,4 Attempts - 20 Races total,13,Go to Submit page,,,,,,,,,,,,,,,A Finals,11194,Re-use Day 4 - Team Comp 1 as Finals Team Comp,,,,,,,,,,https://drive.google.com/open?id=1YRXBXyITqbacU9W8zvGEwFzTZDemBska,2nd,Yes,https://drive.google.com/open?id=1eISlipfGkkH7Kz5zk8gN0Bi5DfEXU1lX,https://drive.google.com/open?id=1ITP_Zy8NdnUfdJR_nGw2WLKWMflU0m2w,,1,10,,2,,https://drive.google.com/open?id=1oyauh5pEJKr53tE67mWUcSO-QPqVwQSO,,,,,,,,,,,
8/31/2026 22:12:07,Matade,Graded (No Uma Restrictions),Get into B finals,I accept these terms,Day 4,"Android - phone or tablet, Windows",$1-100,,6-10 (roughly 1 per day),"Discord - MooMooCord - https://discord.gg/Hc7cP9GB, YouTube - MooMooCows - https://www.youtube.com/@MooMooCows",,,Grass Wonder,Late Surger,Ace built for this CM before CM start in Grand Concert scenario,2,0,1,0,2,1,0,Mejiro Dober (Camping),Late Surger,Ace built for this CM before CM start in Grand Concert scenario,2,0,1,0,2,1,0,Mejiro Ardan,Pace Chaser,Ace built for this CM before CM start in Grand Concert scenario,3,0,0,0,2,1,0,4 Attempts - 20 Races total,12,Day 2,,,,,,,,,,,,,,Re-use Day 1 - Team Comp 1 as Day 2 - Team Comp 1,,,,,,,,,,4 Attempts - 20 Races total,13,Go to Submit page,,,,,,,,,,,,,,,Re-use Day 2 - Team Comp 1 as Day 3 - Team Comp 1,A Group,,,,,,,,,,4 Attempts - 20 Races total,12,Go to Submit page,,,,,,,,,,,,,,,Re-use Day 3 - Team Comp 1 as Day 4 - Team Comp 1,A Group,,,,,,,,,,4 Attempts - 20 Races total,9,Go to Submit page,,,,,,,,,,,,,,,,,,,,,,,,,,,,,,,,,,,,,,,,,,,,,,,,,
9/2/2026 19:43:58,Drat,Graded (No Uma Restrictions),Win A finals,I accept these terms,Finals,,$101-500,2213,,,5,,Oguri Cap (Christmas),End Closer,Ace built for this CM before CM start in Grand Concert scenario,2,0,1,0,2,1,0,Grass Wonder,End Closer,Debuffer,1,1,1,0,3,0,0,Agnes Tachyon,End Closer,Debuffer,1,1,1,0,3,0,0,4 Attempts - 20 Races total,19,Go to Submit page,,,,,,,,,,,,,,Re-use Day 1 - Team Comp 1 as Day 2 - Team Comp 1,,,,,,,,,,4 Attempts - 20 Races total,19,Day 1,,,,,,,,,,,,,,,Re-use Day 2 - Team Comp 1 as Day 3 - Team Comp 1,A Group,,,,,,,,,,4 Attempts - 20 Races total,15,Go to Submit page,,,,,,,,,,,,,,,Re-use Day 3 - Team Comp 1 as Day 4 - Team Comp 1,A Group,,,,,,,,,,4 Attempts - 20 Races total,15,Go to Submit page,,,,,,,,,,,,,,,A Finals,12279,Re-use Day 4 - Team Comp 1 as Finals Team Comp,,,,,,,,,,https://drive.google.com/open?id=1-umnC9R4GA3aF-LxYAPbkHTv6DjpVFnv,1st,,,,,,,,,,,No,,https://drive.google.com/open?id=1kev5QgoUlzMCp-79T-TNiGbzLghqDHD8,https://drive.google.com/open?id=1ZRR4anJ9rtlxKJJewabxjz6KiXGZycQH,,2,3,6,2,0,https://drive.google.com/open?id=17gVF196xQHpvg9mNtVYhD7C_q4ANtoYr
8/31/2026 21:44:18,estella,Graded (No Uma Restrictions),Win A finals,I accept these terms,Day 3,"Android - phone or tablet, Windows",$501-1000,,11-20 (roughly 2-3 per day),Discord - MooMooCord - https://discord.gg/Hc7cP9GB,,,Aston Machan,Front Runner,Ace built for this CM before CM start in Grand Concert scenario,3,,,,2,1,,Seiun Sky,Front Runner,Ace built for this CM before CM start in Grand Concert scenario,3,,,,2,1,,Mihono Bourbon (Valentine),Front Runner,Ace built for this CM before CM start in Grand Concert scenario,3,,,,2,1,,4 Attempts - 20 Races total,18,Day 2,,,,,,,,,,,,,,Re-use Day 1 - Team Comp 1 as Day 2 - Team Comp 1,,,,,,,,,,4 Attempts - 20 Races total,17,Go to Submit page,,,,,,,,,,,,,,,Re-use Day 2 - Team Comp 1 as Day 3 - Team Comp 1,A Group,,,,,,,,,,4 Attempts - 20 Races total,10,Day 4,,,,,,,,,,,,,,,Re-use Day 3 - Team Comp 1 as Day 4 - Team Comp 1,A Group,,,,,,,,,,4 Attempts - 20 Races total,13,Go to Submit page,,,,,,,,,,,,,,,,,,,,,,,,,,,,,,,,,,,,,,,,,,,,,,,,,
9/2/2026 16:52:50,Ska,Graded (No Uma Restrictions),Get into A finals,I accept these terms,Finals,Windows,$0,1070,6-10 (roughly 1 per day),Discord - MooMooCord - https://discord.gg/Hc7cP9GB,5,rer,T.M. Opera O,Pace Chaser,Ace built for this CM before CM start in Grand Concert scenario,,,,,,,,Fine Motion (Wedding),Pace Chaser,Ace built for this CM before CM start in Grand Concert scenario,,,,,,,,Mihono Bourbon (Valentine),Front Runner,Ace built for this CM before CM start in Grand Concert scenario,,,,,,,,4 Attempts - 20 Races total,5,Day 2,,,,,,,,,,,,,,Re-use Day 1 - Team Comp 1 as Day 2 - Team Comp 1,,,,,,,,,,4 Attempts - 20 Races total,14,Go to Submit page,,,,,,,,,,,,,,,Re-use Day 2 - Team Comp 1 as Day 3 - Team Comp 1,A Group,,,,,,,,,,4 Attempts - 20 Races total,7,Day 4,,,,,,,,,,,,,,,Add a new Team Comp as Day 4 - Team Comp 1,A Group,Oguri Cap (Christmas),End Closer,Mid-CM Ace build in Grand Concert scenario,Fine Motion (Wedding),Pace Chaser,Mid-CM Ace build in Grand Concert scenario,Nishino Flower,Pace Chaser,Mid-CM Ace build in Grand Concert scenario,4 Attempts - 20 Races total,9,Go to Submit page,,,,,,,,,,,,,,,A Finals,8344,Add new Team Comp as Finals Team Comp,T.M. Opera O,Pace Chaser,Mid-CM Ace build in Grand Concert scenario,Nishino Flower,Pace Chaser,Mid-CM Ace build in Grand Concert scenario,Fine Motion (Wedding),Pace Chaser,Mid-CM Ace build in Grand Concert scenario,https://drive.google.com/open?id=1e1oMsFnWUjjRx3a5DrSfSZJqetWu24FV,3rd,Yes,https://drive.google.com/open?id=1lDN6fjN7W1uZAyHcdF8S7YX0jhijg6D_,https://drive.google.com/open?id=1CJTyiJeHifz0Nd5rI8iA31TZWBWMLMwo,,4,2,3,2,3,https://drive.google.com/open?id=1F-TBKPSIhy2Seo2ys7GB95e1ykM4S_Il,,,,,,,,,,,
9/2/2026 15:48:48,ty,Graded (No Uma Restrictions),Win A finals,I accept these terms,Finals,"Android - phone or tablet, Windows",$1-100,,,Discord - MooMooCord - https://discord.gg/Hc7cP9GB,5,,Admire Vega,End Closer,Ace built for this CM before CM start in Grand Concert scenario,3,0,0,0,2,1,0,Agnes Tachyon,Late Surger,Debuffer,1,1,0,2,2,0,0,Grass Wonder,Late Surger,Debuffer,1,1,2,0,2,0,0,4 Attempts - 20 Races total,13,Day 2,,,,,,,,,,,,,,Re-use Day 1 - Team Comp 1 as Day 2 - Team Comp 1,,,,,,,,,,4 Attempts - 20 Races total,15,Go to Submit page,,,,,,,,,,,,,,,Re-use Day 2 - Team Comp 1 as Day 3 - Team Comp 1,A Group,,,,,,,,,,4 Attempts - 20 Races total,8,Day 4,,,,,,,,,,,,,,,Re-use Day 3 - Team Comp 1 as Day 4 - Team Comp 1,A Group,,,,,,,,,,4 Attempts - 20 Races total,13,Go to Submit page,,,,,,,,,,,,,,,A Finals,11811,Re-use Day 4 - Team Comp 1 as Finals Team Comp,,,,,,,,,,https://drive.google.com/open?id=1wBufxzDRJ5s6lQ1xRFvCG1eQw_v_GSRA,2nd,No (goes to Submit page),,,,,,,,,,,,,,,,,,,,
8/29/2026 22:10:44,Aruko,Graded (No Uma Restrictions),Get into A finals,I accept these terms,Day 2,Windows,$0,897,31-45 (roughly 5-6 per day),"Twitch - MooMooCows - https://www.twitch.tv/moomoomoocows, YouTube - MooMooCows - https://www.youtube.com/@MooMooCows",5,,Curren Chan,Pace Chaser,Ace built for this CM before CM start in Grand Concert scenario,3,0,0,0,2,1,0,Admire Vega,End Closer,Ace built for this CM before CM start in Grand Concert scenario,3,0,0,0,2,1,0,Rice Shower,Pace Chaser,Ace built for this CM before CM start in Grand Concert scenario,3,0,0,0,2,1,0,4 Attempts - 20 Races total,12,Day 2,,,,,,,,,,,,,,Add new Team Comp as Day 2 - Team Comp 1,Curren Chan,Pace Chaser,Ace built for this CM before CM start in Grand Concert scenario,Grass Wonder,End Closer,Debuffer,Agnes Tachyon,End Closer,Debuffer,4 Attempts - 20 Races total,12,Go to Submit page,,,,,,,,,,,,,,,,,,,,,,,,,,,,,,,,,,,,,,,,,,,,,,,,,,,,,,,,,,,,,,,,,,,,,,,,,,,,,,,,,,,,,,,,,,,,,,,,,,,,,,,,,
8/29/2026 22:23:10,Rith,Graded (No Uma Restrictions),Get into A finals,I accept these terms,Day 1,"Android - phone or tablet, Windows",$501-1000,,31-45 (roughly 5-6 per day),,5,,Taiki Shuttle (Camping),Pace Chaser,Ace built for this CM before CM start in Grand Concert scenario,,,,,,,,Oguri Cap (Christmas),End Closer,Ace built for this CM before CM start in Grand Concert scenario,,,,,,,,Grass Wonder,Late Surger,Debuffer,,,,,,,,4 Attempts - 20 Races total,16,Day 2,,,,,,,,,,,,,,Re-use Day 1 - Team Comp 1 as Day 2 - Team Comp 1,,,,,,,,,,4 Attempts - 20 Races total,16,Go to Submit page,,,,,,,,,,,,,,,,,,,,,,,,,,,,,,,,,,,,,,,,,,,,,,,,,,,,,,,,,,,,,,,,,,,,,,,,,,,,,,,,,,,,,,,,,,,,,,,,,,,,,,,,,
9/2/2026 15:41:44,Monterra,Graded (No Uma Restrictions),Get into A finals,I accept these terms,Finals,Linux,$0,681,11-20 (roughly 2-3 per day),Twitch - MooMooCows - https://www.twitch.tv/moomoomoocows,5,,Seiun Sky,Front Runner,Ace built for this CM before CM start in Grand Concert scenario,3,0,0,0,2,1,0,Manhattan Cafe,Late Surger,Ace built for this CM before CM start in Grand Concert scenario,2,0,1,0,2,1,0,Nice Nature (Cheerleader),End Closer,Ace built for this CM before CM start in Grand Concert scenario,2,0,1,0,2,1,0,4 Attempts - 20 Races total,8,Day 2,,,,,,,,,,,,,,Re-use Day 1 - Team Comp 1 as Day 2 - Team Comp 1,,,,,,,,,,4 Attempts - 20 Races total,12,Day 3,,,,,,,,,,,,,,,Re-use Day 2 - Team Comp 1 as Day 3 - Team Comp 1,A Group,,,,,,,,,,4 Attempts - 20 Races total,7,Day 4,,,,,,,,,,,,,,,Re-use Day 3 - Team Comp 1 as Day 4 - Team Comp 1,A Group,,,,,,,,,,4 Attempts - 20 Races total,8,Go to Submit page,,,,,,,,,,,,,,,A Finals,11659,Re-use Day 4 - Team Comp 1 as Finals Team Comp,,,,,,,,,,https://drive.google.com/open?id=1bLS_v0ytlernfsKQJAAq_7V-B_N3JSnb,3rd,Yes,https://drive.google.com/open?id=1IUq5XOZROJ6urdZKh-w6mggU3CMdLKHU,https://drive.google.com/open?id=1y4isRflEGFlAF1Aagoi8h54C1J80XXLx,,0,10,5,0,0,https://drive.google.com/open?id=1Ik4vvmqD-_svBhlw-aLGhwksC5NO2Oq1,,,,,,,,,,,
9/2/2026 18:53:53,SammySlug,Graded (No Uma Restrictions),Win A finals,I accept these terms,Day 4,"Android - phone or tablet, Windows",$101-500,780,11-20 (roughly 2-3 per day),"Discord - MooMooCord - https://discord.gg/Hc7cP9GB, YouTube - MooMooCows - https://www.youtube.com/@MooMooCows",5,,Mayano Top Gun (Wedding),Late Surger,Ace built for this CM before CM start in Grand Concert scenario,3,,,,2,1,,Narita Taishin,End Closer,Ace built for this CM before CM start in Grand Concert scenario,3,,,,2,1,,Tamamo Cross,Late Surger,Ace built for this CM before CM start in Grand Concert scenario,3,,,,2,1,,4 Attempts - 20 Races total,13,Day 2,,,,,,,,,,,,,,Re-use Day 1 - Team Comp 1 as Day 2 - Team Comp 1,,,,,,,,,,4 Attempts - 20 Races total,14,Day 3,,,,,,,,,,,,,,,Re-use Day 2 - Team Comp 1 as Day 3 - Team Comp 1,A Group,,,,,,,,,,4 Attempts - 20 Races total,11,Go to Submit page,,,,,,,,,,,,,,,Re-use Day 3 - Team Comp 1 as Day 4 - Team Comp 1,A Group,,,,,,,,,,4 Attempts - 20 Races total,12,Finals,,,,,,,,,,,,,,,A Finals,9442,Re-use Day 4 - Team Comp 1 as Finals Team Comp,,,,,,,,,,https://drive.google.com/open?id=1IhhwvbT01JGH4grL3bQiJ2hGzvbYGrq1,1st,,,,,,,,,,,Yes,Brother my heart was going doki doki after this one; by a f**king nose,https://drive.google.com/open?id=1jJSX4TddVkhL_nmnz6bRJUTcU_RPHyUN,https://drive.google.com/open?id=1tCW8uYJK81O-g346lLbktbdYtQJ6oDr1,,,,11,,2,https://drive.google.com/open?id=1_1KSvI-TbSxDU9S9HKZLWIQ7uVwfSX-k
9/2/2026 22:39:29,Bstende,Graded (No Uma Restrictions),Win A finals,I accept these terms,Finals,Windows,$101-500,1642,46+ (more than 6 per day),YouTube - MooMooCows - https://www.youtube.com/@MooMooCows,5,,Narita Taishin,End Closer,Ace built for this CM before CM start in Grand Concert scenario,2,0,1,0,2,1,0,Mayano Top Gun (Wedding),Late Surger,Ace built for this CM before CM start in Grand Concert scenario,2,0,1,0,2,1,0,Grass Wonder,Late Surger,Ace built for this CM before CM start in Grand Concert scenario,2,0,1,0,2,1,0,4 Attempts - 20 Races total,14,Go to Submit page,,,,,,,,,,,,,,Re-use Day 1 - Team Comp 1 as Day 2 - Team Comp 1,,,,,,,,,,4 Attempts - 20 Races total,18,Day 3,,,,,,,,,,,,,,,Re-use Day 2 - Team Comp 1 as Day 3 - Team Comp 1,A Group,,,,,,,,,,4 Attempts - 20 Races total,13,Go to Submit page,,,,,,,,,,,,,,,Re-use Day 3 - Team Comp 1 as Day 4 - Team Comp 1,A Group,,,,,,,,,,4 Attempts - 20 Races total,12,Go to Submit page,,,,,,,,,,,,,,,A Finals,14739,Re-use Day 4 - Team Comp 1 as Finals Team Comp,,,,,,,,,,https://drive.google.com/open?id=1LgE9i_DvBuBp1GR7sDHQYUMGPm4UW24-,1st,,,,,,,,,,,No,,https://drive.google.com/open?id=1kSPF_-6QobkgUyTE9MYznanRT_uca5GE,https://drive.google.com/open?id=1qprnq1nhsum2l4TYAAUC1p6YbphwJwnH,,1,8,2,0,0,https://drive.google.com/open?id=1YjnTp0wL0eFzsaKq-sCssyr-fBQDrQMw
9/3/2026 17:34:32,shonkenthusiast,Graded (No Uma Restrictions),Win A finals,I accept these terms,Finals,Windows,$1-100,,11-20 (roughly 2-3 per day),"Discord - MooMooCord - https://discord.gg/Hc7cP9GB, YouTube - MooMooCows - https://www.youtube.com/@MooMooCows",5,,Maruzensky (Summer),Front Runner,Ace built for this CM before CM start in Grand Concert scenario,3,0,0,0,2,1,,Meisho Doto (Halloween),Pace Chaser,Ace built for this CM before CM start in Grand Concert scenario,3,0,0,0,2,1,0,Taiki Shuttle,Pace Chaser,Ace built for this CM before CM start in Grand Concert scenario,3,0,0,0,2,1,0,4 Attempts - 20 Races total,14,Day 2,,,,,,,,,,,,,,Re-use Day 1 - Team Comp 1 as Day 2 - Team Comp 1,,,,,,,,,,4 Attempts - 20 Races total,17,Go to Submit page,,,,,,,,,,,,,,,Add new Team Comp as Day 3 - Team Comp 1,A Group,Maruzensky (Summer),Front Runner,Ace built for this CM before CM start in Grand Concert scenario,Meisho Doto (Halloween),Pace Chaser,Ace built for this CM before CM start in Grand Concert scenario,Taiki Shuttle,Pace Chaser,Mid-CM Ace build in Grand Concert scenario,4 Attempts - 20 Races total,12,Day 4,,,,,,,,,,,,,,,Re-use Day 3 - Team Comp 2 as Day 4 - Team Comp 1,A Group,,,,,,,,,,4 Attempts - 20 Races total,10,Go to Submit page,,,,,,,,,,,,,,,A Finals,9036,Re-use Day 4 - Team Comp 2 as Finals Team Comp,,,,,,,,,,,3rd,No (goes to Submit page),,,,,,,,,,,,,,,,,,,,
8/31/2026 22:32:48,zo.official,Graded (No Uma Restrictions),Get into A finals,I accept these terms,Day 3,"Android - phone or tablet, Windows",$0,1356,46+ (more than 6 per day),Discord - MooMooCord - https://discord.gg/Hc7cP9GB,5,,Silence Suzuka,Runaway,Ace built for this CM before CM start in Grand Concert scenario,3,0,0,0,2,1,,Daiwa Scarlet,Front Runner,Ace built for this CM before CM start in Grand Concert scenario,3,0,0,0,2,1,0,Taiki Shuttle,Front Runner,Ace built for this CM before CM start in Grand Concert scenario,3,0,0,0,2,1,0,4 Attempts - 20 Races total,14,Day 2,,,,,,,,,,,,,,Re-use Day 1 - Team Comp 1 as Day 2 - Team Comp 1,,,,,,,,,,4 Attempts - 20 Races total,17,Go to Submit page,,,,,,,,,,,,,,,Re-use Day 2 - Team Comp 1 as Day 3 - Team Comp 1,A Group,,,,,,,,,,4 Attempts - 20 Races total,10,Day 4,,,,,,,,,,,,,,,Re-use Day 3 - Team Comp 1 as Day 4 - Team Comp 1,A Group,,,,,,,,,,4 Attempts - 20 Races total,14,Go to Submit page,,,,,,,,,,,,,,,,,,,,,,,,,,,,,,,,,,,,,,,,,,,,,,,,,
9/3/2026 4:03:39,Bomragon,Graded (No Uma Restrictions),Win A finals,I accept these terms,Finals,Windows,$1-100,1493,21-30 (roughly 3-4 per day),"Discord - MooMooCord - https://discord.gg/Hc7cP9GB, Twitch - MooMooCows - https://www.twitch.tv/moomoomoocows, YouTube - MooMooCows - https://www.youtube.com/@MooMooCows",4,"i missed the borrow card for ace question, or maybe could ask the deck used",Seiun Sky,Front Runner,Ace built for this CM before CM start in Grand Concert scenario,3,0,0,0,2,1,0,Taiki Shuttle,Pace Chaser,Ace built for this CM before CM start in Grand Concert scenario,3,0,0,0,2,1,0,Oguri Cap (Christmas),End Closer,Ace built for this CM before CM start in Grand Concert scenario,2,0,1,0,2,1,0,4 Attempts - 20 Races total,16,Go to Submit page,,,,,,,,,,,,,,Re-use Day 1 - Team Comp 1 as Day 2 - Team Comp 1,,,,,,,,,,4 Attempts - 20 Races total,18,Go to Submit page,,,,,,,,,,,,,,,Re-use Day 2 - Team Comp 1 as Day 3 - Team Comp 1,A Group,,,,,,,,,,4 Attempts - 20 Races total,13,Go to Submit page,,,,,,,,,,,,,,,Re-use Day 3 - Team Comp 1 as Day 4 - Team Comp 1,A Group,,,,,,,,,,4 Attempts - 20 Races total,11,Go to Submit page,,,,,,,,,,,,,,,A Finals,14521,Re-use Day 4 - Team Comp 1 as Finals Team Comp,,,,,,,,,,https://drive.google.com/open?id=1gDqPtRsU163-pgC2CXnZu50aeHzxrIb5,3rd,No (goes to Submit page),,,,,,,,,,,,,,,,,,,,
9/3/2026 14:45:51,Phanta,Graded (No Uma Restrictions),Win A finals,I accept these terms,Finals,Windows,$1-100,1200,46+ (more than 6 per day),Discord - MooMooCord - https://discord.gg/Hc7cP9GB,,,Maruzensky (Summer),Front Runner,Ace built for this CM before CM start in Grand Concert scenario,3,0,0,0,2,1,0,Mihono Bourbon (Valentine),Front Runner,Ace built for this CM before CM start in Grand Concert scenario,3,0,0,0,2,1,0,Grass Wonder,Late Surger,Ace built for this CM before CM start in Grand Concert scenario,2,0,1,0,2,1,0,4 Attempts - 20 Races total,16,Day 2,,,,,,,,,,,,,,Re-use Day 1 - Team Comp 1 as Day 2 - Team Comp 1,,,,,,,,,,4 Attempts - 20 Races total,19,Go to Submit page,,,,,,,,,,,,,,,Re-use Day 2 - Team Comp 1 as Day 3 - Team Comp 1,A Group,,,,,,,,,,4 Attempts - 20 Races total,10,Day 4,,,,,,,,,,,,,,,Re-use Day 3 - Team Comp 1 as Day 4 - Team Comp 1,A Group,,,,,,,,,,4 Attempts - 20 Races total,16,Go to Submit page,,,,,,,,,,,,,,,A Finals,13810,Re-use Day 4 - Team Comp 1 as Finals Team Comp,,,,,,,,,,,2nd,No (goes to Submit page),,,,,,,,,,,,,,,,,,,,
9/2/2026 15:29:17,Katsuji,Graded (No Uma Restrictions),Win A finals,I accept these terms,Finals,"Android - phone or tablet, Windows",$501-1000,1970,31-45 (roughly 5-6 per day),Discord - MooMooCord - https://discord.gg/Hc7cP9GB,5,,Admire Vega,End Closer,Ace built for this CM before CM start in Grand Concert scenario,2,0,1,0,2,1,,Grass Wonder,Late Surger,Debuffer,1,0,1,0,2,1,,Symboli Rudolf,Late Surger,Debuffer,1,0,1,0,3,1,,4 Attempts - 20 Races total,17,Go to Submit page,,,,,,,,,,,,,,Re-use Day 1 - Team Comp 1 as Day 2 - Team Comp 1,,,,,,,,,,4 Attempts - 20 Races total,12,Go to Submit page,,,,,,,,,,,,,,,Re-use Day 2 - Team Comp 1 as Day 3 - Team Comp 1,A Group,,,,,,,,,,4 Attempts - 20 Races total,11,Go to Submit page,,,,,,,,,,,,,,,Re-use Day 3 - Team Comp 1 as Day 4 - Team Comp 1,A Group,,,,,,,,,,4 Attempts - 20 Races total,11,Go to Submit page,,,,,,,,,,,,,,,A Finals,12309,Re-use Day 4 - Team Comp 1 as Finals Team Comp,,,,,,,,,,https://drive.google.com/open?id=1abR4C-SIIZBBslOQTijuLkrYqxo8i944,1st,,,,,,,,,,,Yes,What a Glorious Moment,https://drive.google.com/open?id=1xjIZXvXqN8Y1snMF8QZ0buHI98_w38Sn,https://drive.google.com/open?id=1u8lq29qS9mar8K28D_wwmmJlGkAcYwu0,,3,12,,,,https://drive.google.com/open?id=1r_UdjpZvCj9b-dYGgZs2yd-DD2e12wq_
9/2/2026 19:29:44,Nunuchu42,Graded (No Uma Restrictions),Get into A finals,I accept these terms,Finals,Android - phone or tablet,$0,834,21-30 (roughly 3-4 per day),Discord - MooMooCord - https://discord.gg/Hc7cP9GB,4,,Special Week,Late Surger,Ace built for this CM before CM start in Grand Concert scenario,3,,,,2,1,,Grass Wonder,Late Surger,Ace built for this CM before CM start in Grand Concert scenario,2,,1,,2,1,,Taiki Shuttle,Pace Chaser,Ace built for this CM before CM start in Grand Concert scenario,2,,1,,2,1,,1 Attempt - 5 Races total,5,Day 1 - Add 2nd Team,Special Week,Late Surger,Mid-CM Ace build in Grand Concert scenario,Grass Wonder,Late Surger,Ace built for this CM before CM start in Grand Concert scenario,Taiki Shuttle,Pace Chaser,Ace built for this CM before CM start in Grand Concert scenario,3 Attempts - 15 Races total,10,3 teams,Go to Submit page,Add new Team Comp as Day 2 - Team Comp 1,Special Week,Late Surger,Mid-CM Ace build in Grand Concert scenario,Grass Wonder,Late Surger,Ace built for this CM before CM start in Grand Concert scenario,Mayano Top Gun (Wedding),End Closer,Mid-CM Ace build in Grand Concert scenario,4 Attempts - 20 Races total,14,Go to Submit page,,,,,,,,,,,,,,,Add new Team Comp as Day 3 - Team Comp 1,A Group,Special Week,Late Surger,Mid-CM Ace build in Grand Concert scenario,Grass Wonder,Late Surger,Ace built for this CM before CM start in Grand Concert scenario,Tamamo Cross,Late Surger,Mid-CM Ace build in Grand Concert scenario,4 Attempts - 20 Races total,10,Go to Submit page,,,,,,,,,,,,,,,Re-use Day 3 - Team Comp 1 as Day 4 - Team Comp 1,A Group,,,,,,,,,,4 Attempts - 20 Races total,10,Go to Submit page,,,,,,,,,,,,,,,A Finals,13443,Re-use Day 4 - Team Comp 1 as Finals Team Comp,,,,,,,,,,https://drive.google.com/open?id=1YVUsnGmOi3fAHkfkY6heTw25GfhnYtzT,1st,,,,,,,,,,,No,,https://drive.google.com/open?id=1h0KQq99dgH3XurIIKU-F3jNFZ6uHw0vy,https://drive.google.com/open?id=1yOPBDBLXmTmj90u0l7sTIxU_pvfv49zl,,4,7,2,,,https://drive.google.com/open?id=1YeMmP-1pl2p15_OuKWVZ9Wj37BHcTRDM
9/3/2026 6:50:31,TheMidjet,Graded (No Uma Restrictions),Get into A finals,I accept these terms,Day 3,Android + PC,$1-100,,,Discord - MooMooCord - https://discord.gg/Hc7cP9GB,,,Fine Motion (Wedding),Pace Chaser,Ace built for this CM before CM start in Grand Concert scenario,3,0,0,0,2,1,0,Grass Wonder,Late Surger,Debuffer,1,0,0,0,4,1,0,Agnes Tachyon,Late Surger,Debuffer,1,0,0,0,4,1,0,4 Attempts - 20 Races total,17,Day 2,,,,,,,,,,,,,,Re-use Day 1 - Team Comp 1 as Day 2 - Team Comp 1,,,,,,,,,,4 Attempts - 20 Races total,16,Go to Submit page,,,,,,,,,,,,,,,Re-use Day 2 - Team Comp 1 as Day 3 - Team Comp 1,A Group,,,,,,,,,,4 Attempts - 20 Races total,15,Day 4,,,,,,,,,,,,,,,Re-use Day 3 - Team Comp 1 as Day 4 - Team Comp 1,A Group,,,,,,,,,,4 Attempts - 20 Races total,11,Finals,,,,,,,,,,,,,,,A Finals,14683,Re-use Day 4 - Team Comp 1 as Finals Team Comp,,,,,,,,,,https://drive.google.com/open?id=1LQvqnC0gL6QvLEjEdvBBmA0Sp19YtAqQ,1st,,,,,,,,,,,No,,,,,,,,,,
9/3/2026 3:55:28,Tatatweet,Graded (No Uma Restrictions),Get into A finals,I accept these terms,Day 4,"Android - phone or tablet, Windows",$0,773,11-20 (roughly 2-3 per day),Discord - MooMooCord - https://discord.gg/Hc7cP9GB,5,,Symboli Rudolf,Late Surger,Ace built for this CM before CM start in Grand Concert scenario,3,,,,2,1,,Rice Shower,Pace Chaser,Ace built for this CM before CM start in Grand Concert scenario,3,,,,2,1,,Sakura Chiyono O,Pace Chaser,Ace built for this CM before CM start in Grand Concert scenario,3,,,,2,1,,1 Attempt - 5 Races total,2,Day 1 - Add 2nd Team,Symboli Rudolf,Late Surger,Mid-CM Ace build in Grand Concert scenario,Rice Shower,Pace Chaser,Mid-CM Ace build in Grand Concert scenario,Grass Wonder,Late Surger,Debuffer,1 Attempt - 5 Races total,3,4 teams,Day 2,Add new Team Comp as Day 2 - Team Comp 1,Symboli Rudolf,Late Surger,Mid-CM Ace build in Grand Concert scenario,Rice Shower,Pace Chaser,Mid-CM Ace build in Grand Concert scenario,Grass Wonder,Late Surger,Debuffer,3 Attempts - 15 Races total,12,Day 2 - Add 2nd Team,Re-use Day 1 - Team Comp 2 as Day 2 - Team Comp 2,,,,,,,,,,1 Attempt - 5 Races total,2,4 teams,Go to Submit page,Re-use Day 2 - Team Comp 1 as Day 3 - Team Comp 1,A Group,,,,,,,,,,4 Attempts - 20 Races total,10,Go to Submit page,,,,,,,,,,,,,,,Re-use Day 3 - Team Comp 1 as Day 4 - Team Comp 1,A Group,,,,,,,,,,4 Attempts - 20 Races total,9,Finals,,,,,,,,,,,,,,,A Finals,10540,Re-use Day 4 - Team Comp 1 as Finals Team Comp,,,,,,,,,,https://drive.google.com/open?id=1te6h5eY9w8FjSd4X_hpc8Qb_ZKwNHZa7,2nd,No (goes to Submit page),,,,,,,,,,,,,,,,,,,,
9/3/2026 16:14:31,pete,Graded (No Uma Restrictions),Win A finals,I accept these terms,Day 3,"Android - phone or tablet, Windows",$501-1000,742,46+ (more than 6 per day),Discord - MooMooCord - https://discord.gg/Hc7cP9GB,,,Fine Motion (Wedding),Pace Chaser,Ace built for this CM before CM start in Grand Concert scenario,3,0,0,0,2,1,0,Biwa Hayahide (Christmas),Pace Chaser,Ace built for this CM before CM start in Grand Concert scenario,3,0,0,0,2,0,0,Seiun Sky (Ballroom),Front Runner,Ace built for this CM before CM start in Grand Concert scenario,3,0,0,0,2,0,0,4 Attempts - 20 Races total,13,Day 2,,,,,,,,,,,,,,Re-use Day 1 - Team Comp 1 as Day 2 - Team Comp 1,,,,,,,,,,4 Attempts - 20 Races total,14,Go to Submit page,,,,,,,,,,,,,,,Re-use Day 2 - Team Comp 1 as Day 3 - Team Comp 1,A Group,,,,,,,,,,4 Attempts - 20 Races total,10,Day 4,,,,,,,,,,,,,,,Re-use Day 3 - Team Comp 1 as Day 4 - Team Comp 1,A Group,,,,,,,,,,4 Attempts - 20 Races total,7,Finals,,,,,,,,,,,,,,,A Finals,,Re-use Day 4 - Team Comp 1 as Finals Team Comp,,,,,,,,,,,3rd,No (goes to Submit page),,,,,,,,,,,,,,,,,,,,
9/3/2026 10:50:57,Aero,Graded (No Uma Restrictions),Collect participation rewards,I accept these terms,Finals,iOS - phone or tablet,$101-500,1550,0-5 (less than 1 per day),Discord - MooMooCord - https://discord.gg/Hc7cP9GB,,,Winning Ticket (Steampunk),Late Surger,Ace built for this CM before CM start in Grand Concert scenario,2,,1,,2,1,,Grass Wonder,Late Surger,Ace built for this CM before CM start in Grand Concert scenario,3,,1,,1,1,,Seiun Sky,Front Runner,Ace built for this CM before CM start in Grand Concert scenario,3,,1,,1,1,,4 Attempts - 20 Races total,13,Day 2,,,,,,,,,,,,,,Re-use Day 1 - Team Comp 1 as Day 2 - Team Comp 1,,,,,,,,,,4 Attempts - 20 Races total,11,Go to Submit page,,,,,,,,,,,,,,,Re-use Day 2 - Team Comp 1 as Day 3 - Team Comp 1,A Group,,,,,,,,,,4 Attempts - 20 Races total,5,Go to Submit page,,,,,,,,,,,,,,,Re-use Day 3 - Team Comp 1 as Day 4 - Team Comp 1,A Group,,,,,,,,,,4 Attempts - 20 Races total,13,Go to Submit page,,,,,,,,,,,,,,,A Finals,7540,Re-use Day 4 - Team Comp 1 as Finals Team Comp,,,,,,,,,,https://drive.google.com/open?id=13igipWnpJArvRKhY_lEcZmcfiic4caA2,1st,,,,,,,,,,,Yes,Wife Buff is the Real Deal,https://drive.google.com/open?id=1fNyaF80UYRA1YQKAT4jtTCZSOSYa_9sU,https://drive.google.com/open?id=1OsMdeX4b3A1hO_AEHrBE9j2-EOnLd47y,,2,8,2,,3,https://drive.google.com/open?id=1mlMMtDMCkSBapS4iWDwkBC-2tFlO3jMd
9/2/2026 15:16:42,HawkkVince,Graded (No Uma Restrictions),Get into A finals,I accept these terms,Finals,,$5000+,,6-10 (roughly 1 per day),,,,Oguri Cap (Christmas),End Closer,Ace built for this CM before CM start in Grand Concert scenario,,,,,,,,Grass Wonder,Late Surger,Debuffer,,,,,,,,Symboli Rudolf,End Closer,Debuffer,,,,,,,,4 Attempts - 20 Races total,14,Day 2,,,,,,,,,,,,,,Re-use Day 1 - Team Comp 1 as Day 2 - Team Comp 1,,,,,,,,,,4 Attempts - 20 Races total,17,Go to Submit page,,,,,,,,,,,,,,,Re-use Day 2 - Team Comp 1 as Day 3 - Team Comp 1,A Group,,,,,,,,,,4 Attempts - 20 Races total,14,Go to Submit page,,,,,,,,,,,,,,,Re-use Day 3 - Team Comp 1 as Day 4 - Team Comp 1,A Group,,,,,,,,,,4 Attempts - 20 Races total,12,Go to Submit page,,,,,,,,,,,,,,,A Finals,9215,Re-use Day 4 - Team Comp 1 as Finals Team Comp,,,,,,,,,,,1st,,,,,,,,,,,No,,,,,,,,,,
9/2/2026 22:33:43,JONAZGAMING,Graded (No Uma Restrictions),Win A finals,I accept these terms,Finals,Windows,$101-500,1770,46+ (more than 6 per day),"Discord - MooMooCord - https://discord.gg/Hc7cP9GB, Twitch - MooMooCows - https://www.twitch.tv/moomoomoocows, YouTube - MooMooCows - https://www.youtube.com/@MooMooCows",4,,Seiun Sky,Front Runner,Ace built for this CM before CM start in Grand Concert scenario,3,0,0,0,2,1,0,Grass Wonder,Late Surger,Debuffer,,,,,6,,,Symboli Rudolf,Late Surger,Debuffer,,,,,6,,,4 Attempts - 20 Races total,15,Day 2,,,,,,,,,,,,,,Add new Team Comp as Day 2 - Team Comp 1,Seiun Sky,Front Runner,Ace built for this CM before CM start in Grand Concert scenario,Mihono Bourbon (Valentine),Front Runner,Ace built for this CM before CM start in Grand Concert scenario,Grass Wonder,Late Surger,Debuffer,4 Attempts - 20 Races total,19,Go to Submit page,,,,,,,,,,,,,,,Re-use Day 2 - Team Comp 1 as Day 3 - Team Comp 1,A Group,,,,,,,,,,4 Attempts - 20 Races total,14,Go to Submit page,,,,,,,,,,,,,,,Re-use Day 3 - Team Comp 1 as Day 4 - Team Comp 1,A Group,,,,,,,,,,4 Attempts - 20 Races total,14,Go to Submit page,,,,,,,,,,,,,,,A Finals,10416,Re-use Day 4 - Team Comp 1 as Finals Team Comp,,,,,,,,,,https://drive.google.com/open?id=1E-W2Z-9KBKV-sBwrz-21Zx8C5KczR-hN,1st,,,,,,,,,,,No,,,https://drive.google.com/open?id=1ApYw8oPRZKp3WmIWjzMbECqtsVRdB-6E,,3,9,3,,3,https://drive.google.com/open?id=1LcK2Nv0nbgVJ5jfWfKiJEHCBnxA8RyuA
9/1/2026 11:57:43,neol,Graded (No Uma Restrictions),Win A finals,I accept these terms,Day 4,,,,,,,,Mejiro McQueen,Pace Chaser,Ace built for this CM before CM start in Grand Concert scenario,3,,,,2,1,,Mejiro Ardan,Pace Chaser,Ace built for this CM before CM start in Grand Concert scenario,3,,,,2,1,,Mejiro Dober (Camping),Late Surger,Ace built for this CM before CM start in Grand Concert scenario,2,,1,,2,1,,4 Attempts - 20 Races total,15,Day 2,,,,,,,,,,,,,,Re-use Day 1 - Team Comp 1 as Day 2 - Team Comp 1,,,,,,,,,,4 Attempts - 20 Races total,16,Go to Submit page,,,,,,,,,,,,,,,Re-use Day 2 - Team Comp 1 as Day 3 - Team Comp 1,A Group,,,,,,,,,,4 Attempts - 20 Races total,14,Go to Submit page,,,,,,,,,,,,,,,Re-use Day 3 - Team Comp 1 as Day 4 - Team Comp 1,A Group,,,,,,,,,,4 Attempts - 20 Races total,15,Go to Submit page,,,,,,,,,,,,,,,,,,,,,,,,,,,,,,,,,,,,,,,,,,,,,,,,,
9/2/2026 18:42:51,ForestArdan,Graded (No Uma Restrictions),Win A finals,I accept these terms,Finals,"Android - phone or tablet, Windows",$0,1110,11-20 (roughly 2-3 per day),Discord - MooMooCord - https://discord.gg/Hc7cP9GB,5,,Mejiro Ardan,Pace Chaser,Ace built for this CM before CM start in Grand Concert scenario,3,0,1,0,1,1,0,Nishino Flower,Pace Chaser,Ace built for this CM before CM start in Grand Concert scenario,2,0,1,0,2,1,0,Taiki Shuttle,Pace Chaser,Ace built for this CM before CM start in Grand Concert scenario,3,0,1,0,1,1,0,4 Attempts - 20 Races total,13,Day 2,,,,,,,,,,,,,,Add new Team Comp as Day 2 - Team Comp 1,Mejiro Ardan,Pace Chaser,Ace built for this CM before CM start in Grand Concert scenario,Taiki Shuttle,Pace Chaser,Ace built for this CM before CM start in Grand Concert scenario,Nishino Flower,Pace Chaser,Mid-CM Ace build in Grand Concert scenario,1 Attempt - 5 Races total,2,Day 2 - Add 2nd Team,Re-use Day 1 - Team Comp 1 as Day 2 - Team Comp 2,,,,,,,,,,1 Attempt - 5 Races total,2,2 teams,Go to Submit page,Add new Team Comp as Day 3 - Team Comp 1,A Group,Nishino Flower,Pace Chaser,Ace built for this CM before CM start in Grand Concert scenario,Mejiro Ardan,Pace Chaser,Mid-CM Ace build in Grand Concert scenario,Taiki Shuttle,Pace Chaser,Ace built for this CM before CM start in Grand Concert scenario,4 Attempts - 20 Races total,3,Day 4,,,,,,,,,,,,,,,Re-use Day 3 - Team Comp 1 as Day 4 - Team Comp 1,A Group,,,,,,,,,,4 Attempts - 20 Races total,9,Go to Submit page,,,,,,,,,,,,,,,A Finals,9681,Add new Team Comp as Finals Team Comp,Nishino Flower,Pace Chaser,Ace built for this CM before CM start in Grand Concert scenario,Mejiro Ardan,Pace Chaser,Mid-CM Ace build in Grand Concert scenario,Agnes Tachyon,Late Surger,Debuffer,https://drive.google.com/open?id=1SDUxBAZHj4fQnZ-1mLEqoGRUFjSqB2RE,2nd,Yes,https://drive.google.com/open?id=1CQ_wGOo--3t8XqvqH0JLE9-eWWBrnNR3,https://drive.google.com/open?id=1pNFXm3vsn1GNCUO2pg08CxSxy22cYMA9,https://drive.google.com/open?id=1N5hVstlVa06R8iiystFm_OW5cEFXcqby,,,,,,https://drive.google.com/open?id=1_C-KeIXZPQ09yh_dqu8ywWo1Oh_QMZRu,,,,,,,,,,,
9/2/2026 19:53:38,Briar,Graded (No Uma Restrictions),Get into A finals,I accept these terms,Finals,Android - phone or tablet,$101-500,,11-20 (roughly 2-3 per day),,5,,Seiun Sky,Front Runner,Ace built for this CM before CM start in Grand Concert scenario,3,0,0,0,2,1,0,Mihono Bourbon (Valentine),Front Runner,Ace built for this CM before CM start in Grand Concert scenario,3,0,0,0,2,1,0,Maruzensky (Summer),Front Runner,Ace built for this CM before CM start in Grand Concert scenario,3,0,0,0,2,1,0,4 Attempts - 20 Races total,12,Day 2,,,,,,,,,,,,,,Re-use Day 1 - Team Comp 1 as Day 2 - Team Comp 1,,,,,,,,,,4 Attempts - 20 Races total,12,Go to Submit page,,,,,,,,,,,,,,,Re-use Day 2 - Team Comp 1 as Day 3 - Team Comp 1,A Group,,,,,,,,,,4 Attempts - 20 Races total,6,Go to Submit page,,,,,,,,,,,,,,,Re-use Day 3 - Team Comp 1 as Day 4 - Team Comp 1,A Group,,,,,,,,,,4 Attempts - 20 Races total,6,Go to Submit page,,,,,,,,,,,,,,,B Finals,3382,Re-use Day 4 - Team Comp 1 as Finals Team Comp,,,,,,,,,,https://drive.google.com/open?id=1JnATWwAvttjCXH17yc-7WZjs5M92rGqq,1st,,,,,,,,,,,No,,,,,,,,,,
9/2/2026 20:12:10,Zap,Graded (No Uma Restrictions),Get into A finals,I accept these terms,Finals,Windows,$101-500,783,6-10 (roughly 1 per day),Discord - MooMooCord - https://discord.gg/Hc7cP9GB,4,,Narita Taishin,End Closer,Ace built for this CM before CM start in Grand Concert scenario,2,,1,,2,1,,Gold City,Late Surger,Ace built for this CM before CM start in Grand Concert scenario,3,,1,,1,1,,Mejiro Ryan,Late Surger,stand in from parents,1,,2,,2,1,,4 Attempts - 20 Races total,16,Day 2,,,,,,,,,,,,,,Add new Team Comp as Day 2 - Team Comp 1,Narita Taishin,End Closer,Ace built for this CM before CM start in Grand Concert scenario,Gold City,Late Surger,Ace built for this CM before CM start in Grand Concert scenario,Vodka,Late Surger,Mid-CM Ace build in Grand Concert scenario,4 Attempts - 20 Races total,15,Go to Submit page,,,,,,,,,,,,,,,Re-use Day 2 - Team Comp 1 as Day 3 - Team Comp 1,A Group,,,,,,,,,,4 Attempts - 20 Races total,9,Go to Submit page,,,,,,,,,,,,,,,Re-use Day 3 - Team Comp 1 as Day 4 - Team Comp 1,A Group,,,,,,,,,,1 Attempt - 5 Races total,3,Go to Submit page,,,,,,,,,,,,,,,A Finals,8620,Re-use Day 4 - Team Comp 1 as Finals Team Comp,,,,,,,,,,https://drive.google.com/open?id=1dsLgWVOPlR_N6vB739xEiCNr9r9ipe7X,1st,,,,,,,,,,,Yes,Taishin testo!,https://drive.google.com/open?id=1tmPp_QvaRQjO9ZPnt-Yght7bZk02RbKL,https://drive.google.com/open?id=1pv2pdA44_WcldcLl0Ur578SZwB7cv5NF,,,9,6,,,https://drive.google.com/open?id=1IfAkGwhiHi501mMGDvmLz1dy5P5O2GiK
9/1/2026 6:13:29,HiryuXD,Graded (No Uma Restrictions),Win A finals,I accept these terms,Day 4,"Android - phone or tablet, Windows",$5000+,1507,46+ (more than 6 per day),Discord - MooMooCord - https://discord.gg/Hc7cP9GB,,,Oguri Cap (Christmas),End Closer,Ace built for this CM before CM start in Grand Concert scenario,2,0,1,0,2,1,0,Grass Wonder,End Closer,Debuffer,1,0,1,0,3,1,0,Symboli Rudolf,End Closer,Debuffer,1,0,1,0,3,1,0,4 Attempts - 20 Races total,20,Go to Submit page,,,,,,,,,,,,,,Re-use Day 1 - Team Comp 1 as Day 2 - Team Comp 1,,,,,,,,,,4 Attempts - 20 Races total,18,Go to Submit page,,,,,,,,,,,,,,,Re-use Day 2 - Team Comp 1 as Day 3 - Team Comp 1,A Group,,,,,,,,,,4 Attempts - 20 Races total,17,Go to Submit page,,,,,,,,,,,,,,,Re-use Day 3 - Team Comp 1 as Day 4 - Team Comp 1,A Group,,,,,,,,,,4 Attempts - 20 Races total,17,Go to Submit page,,,,,,,,,,,,,,,,,,,,,,,,,,,,,,,,,,,,,,,,,,,,,,,,,
9/2/2026 15:42:51,BlazingTofu,Graded (No Uma Restrictions),Get into A finals,I accept these terms,Finals,"Android - phone or tablet, Windows",$101-500,1235,6-10 (roughly 1 per day),"Discord - MooMooCord - https://discord.gg/Hc7cP9GB, Twitch - MooMooCows - https://www.twitch.tv/moomoomoocows, YouTube - MooMooCows - https://www.youtube.com/@MooMooCows",5,,Taiki Shuttle (Camping),Pace Chaser,Ace built for this CM before CM start in Grand Concert scenario,3,,,,2,1,,Nishino Flower,Pace Chaser,Ace built for this CM before CM start in Grand Concert scenario,3,,,,2,1,,Fuji Kiseki,Pace Chaser,Ace built for this CM before CM start in Grand Concert scenario,3,,,,2,1,,4 Attempts - 20 Races total,15,Day 2,,,,,,,,,,,,,,Re-use Day 1 - Team Comp 1 as Day 2 - Team Comp 1,,,,,,,,,,4 Attempts - 20 Races total,19,Go to Submit page,,,,,,,,,,,,,,,Re-use Day 2 - Team Comp 1 as Day 3 - Team Comp 1,A Group,,,,,,,,,,4 Attempts - 20 Races total,13,Go to Submit page,,,,,,,,,,,,,,,Re-use Day 3 - Team Comp 1 as Day 4 - Team Comp 1,A Group,,,,,,,,,,4 Attempts - 20 Races total,13,Go to Submit page,,,,,,,,,,,,,,,A Finals,12287,Re-use Day 4 - Team Comp 1 as Finals Team Comp,,,,,,,,,,https://drive.google.com/open?id=1wddX4rtiakUB-A7Uof3yAFXEKzhb7XtU,1st,,,,,,,,,,,No,,,https://drive.google.com/open?id=1MOQ_aliy6Sa-dj34GGw73m4_JG0zDIxo,https://drive.google.com/open?id=1uzjdUMOcQzTNo_SOPrH-Mv-Y4gunZyMw,,8,7,,,https://drive.google.com/open?id=1iCOzrBgUa4Ss3V6Sg03VOH7IzkRejz5j
9/3/2026 3:05:59,Lenya,Graded (No Uma Restrictions),Collect participation rewards,I accept these terms,Finals,Android - phone or tablet,$0,,6-10 (roughly 1 per day),Discord - MooMooCord - https://discord.gg/Hc7cP9GB,5,,Narita Taishin,End Closer,Ace built for this CM before CM start in Grand Concert scenario,3,0,0,0,2,1,0,Symboli Rudolf,End Closer,Debuffer,,,,,,,,Grass Wonder,End Closer,Debuffer,,,,,,,,4 Attempts - 20 Races total,7,Go to Submit page,,,,,,,,,,,,,,Re-use Day 1 - Team Comp 1 as Day 2 - Team Comp 1,,,,,,,,,,4 Attempts - 20 Races total,9,Go to Submit page,,,,,,,,,,,,,,,Re-use Day 2 - Team Comp 1 as Day 3 - Team Comp 1,A Group,,,,,,,,,,4 Attempts - 20 Races total,10,Day 4,,,,,,,,,,,,,,,Re-use Day 3 - Team Comp 1 as Day 4 - Team Comp 1,A Group,,,,,,,,,,4 Attempts - 20 Races total,8,Go to Submit page,,,,,,,,,,,,,,,A Finals,8076,Re-use Day 4 - Team Comp 1 as Finals Team Comp,,,,,,,,,,https://drive.google.com/open?id=1rWdKjbV8uyjDwTb0tfLd3Yk_wqZCxa8y,3rd,No (goes to Submit page),,,,,,,,,,,,,,,,,,,,
9/3/2026 5:33:52,BladeChu,Graded (No Uma Restrictions),Win A finals,I accept these terms,Day 4,Android - phone or tablet,,1467,31-45 (roughly 5-6 per day),Discord - MooMooCord - https://discord.gg/Hc7cP9GB,4,"Too lazy to upload uma stat images, provide a text answer option?",Oguri Cap (Christmas),End Closer,Ace built for this CM before CM start in Grand Concert scenario,2,,0,,2,0,,Grass Wonder,Late Surger,Ace built for this CM before CM start in Grand Concert scenario,2,,,,3,0,,Special Week,Late Surger,Ace built for this CM before CM start in Grand Concert scenario,3,,,,2,0,,4 Attempts - 20 Races total,19,Day 2,,,,,,,,,,,,,,Re-use Day 1 - Team Comp 1 as Day 2 - Team Comp 1,,,,,,,,,,4 Attempts - 20 Races total,17,Go to Submit page,,,,,,,,,,,,,,,Re-use Day 2 - Team Comp 1 as Day 3 - Team Comp 1,A Group,,,,,,,,,,4 Attempts - 20 Races total,16,Go to Submit page,,,,,,,,,,,,,,,Re-use Day 3 - Team Comp 1 as Day 4 - Team Comp 1,A Group,,,,,,,,,,4 Attempts - 20 Races total,15,Finals,,,,,,,,,,,,,,,A Finals,12124,Re-use Day 4 - Team Comp 1 as Finals Team Comp,,,,,,,,,,https://drive.google.com/open?id=1jUEJ_WXPtOHFmMhhMOWzKmrueJXvTFL1,1st,,,,,,,,,,,No,,,,,0,1,6,0,5,
9/2/2026 18:58:02,lppfnlcst,Graded (No Uma Restrictions),Win A finals,I accept these terms,Finals,"Android - phone or tablet, Windows",$0,,6-10 (roughly 1 per day),Discord - MooMooCord - https://discord.gg/Hc7cP9GB,5,,Nishino Flower,Pace Chaser,Ace built for this CM before CM start in Grand Concert scenario,3,0,0,0,2,1,0,Taiki Shuttle,Pace Chaser,Ace built for this CM before CM start in Grand Concert scenario,3,0,0,0,2,1,0,Oguri Cap,Pace Chaser,Ace built for this CM before CM start in Grand Concert scenario,3,0,0,0,2,1,0,4 Attempts - 20 Races total,18,Day 2,,,,,,,,,,,,,,Re-use Day 1 - Team Comp 1 as Day 2 - Team Comp 1,,,,,,,,,,4 Attempts - 20 Races total,14,Go to Submit page,,,,,,,,,,,,,,,Re-use Day 2 - Team Comp 1 as Day 3 - Team Comp 1,A Group,,,,,,,,,,4 Attempts - 20 Races total,11,Go to Submit page,,,,,,,,,,,,,,,Re-use Day 3 - Team Comp 1 as Day 4 - Team Comp 1,A Group,,,,,,,,,,4 Attempts - 20 Races total,10,Go to Submit page,,,,,,,,,,,,,,,A Finals,12143,Re-use Day 4 - Team Comp 1 as Finals Team Comp,,,,,,,,,,https://drive.google.com/open?id=1iAuHNCbT-ETrVN1xCsFXj4LC-JeFqzQ1,1st,,,,,,,,,,,No,,https://drive.google.com/open?id=1-5omJZhbgmVwh_eHunccXJoAKlCLVvf4,https://drive.google.com/open?id=1fZBV9z8xDQhbr7M08rMtkr_k3HXXz2FH,,0,6,12,0,0,https://drive.google.com/open?id=11idYeCDsEVvEXEAmZuhFavGF3Zk1NjBc
9/2/2026 20:46:12,Chrysene,Graded (No Uma Restrictions),Win A finals,I accept these terms,Finals,"iOS - phone or tablet, Windows",$0,2009,31-45 (roughly 5-6 per day),"Twitch - MooMooCows - https://www.twitch.tv/moomoomoocows, YouTube - MooMooCows - https://www.youtube.com/@MooMooCows",5,"Website (moomamusume dashboard) needs to be updated earlier. bit.ly link for the forms wasn't working even during finals day. It's difficult to find the link to this form, which may reduce participation in the surveys. Up until the final day, the only working link I could find was in Discord.

On the sheets, on the stats page, the 2nd leaderboard should be top umas excluding the top x% used umas (maybe 70% or 80%). Seeing Camping Taiki or Taishin on the leaderboard when they're the top 7th or 8th most used umas (as of day 3 ) isn't very interesting or exciting.",Eishin Flash (Valentine),Late Surger,Ace built for this CM before CM start in Grand Concert scenario,3,,,,2,0,,Air Groove,Late Surger,Ace built for this CM before CM start in Grand Concert scenario,3,,,,1,0,,Vodka,Late Surger,Ace built for this CM before CM start in Grand Concert scenario,3,,,,2,1,,4 Attempts - 20 Races total,15,Day 2,,,,,,,,,,,,,,Re-use Day 1 - Team Comp 1 as Day 2 - Team Comp 1,,,,,,,,,,4 Attempts - 20 Races total,17,Go to Submit page,,,,,,,,,,,,,,,Re-use Day 2 - Team Comp 1 as Day 3 - Team Comp 1,A Group,,,,,,,,,,4 Attempts - 20 Races total,12,Go to Submit page,,,,,,,,,,,,,,,Re-use Day 3 - Team Comp 1 as Day 4 - Team Comp 1,A Group,,,,,,,,,,4 Attempts - 20 Races total,12,Go to Submit page,,,,,,,,,,,,,,,A Finals,14207,Re-use Day 4 - Team Comp 1 as Finals Team Comp,,,,,,,,,,https://drive.google.com/open?id=1z9SZj-6sMr0E_Cazy3rgjY143alyrBkX,2nd,No (goes to Submit page),,,,,,,,,,,,,,,,,,,,
9/3/2026 7:49:55,Rin,Graded (No Uma Restrictions),Win A finals,I accept these terms,Go to Submit page,Android - phone or tablet,$501-1000,1586,21-30 (roughly 3-4 per day),Discord - MooMooCord - https://discord.gg/Hc7cP9GB,5,,Oguri Cap,Pace Chaser,Ace built for this CM before CM start in Grand Concert scenario,2,0,0,0,3,1,0,Taiki Shuttle,Pace Chaser,Ace built for this CM before CM start in Grand Concert scenario,2,0,0,0,3,1,0,Grass Wonder,Late Surger,Debuffer,2,0,0,0,3,1,0,4 Attempts - 20 Races total,12,Go to Submit page,,,,,,,,,,,,,,Re-use Day 1 - Team Comp 1 as Day 2 - Team Comp 1,,,,,,,,,,4 Attempts - 20 Races total,11,Go to Submit page,,,,,,,,,,,,,,,Re-use Day 2 - Team Comp 1 as Day 3 - Team Comp 1,A Group,,,,,,,,,,4 Attempts - 20 Races total,13,Go to Submit page,,,,,,,,,,,,,,,Re-use Day 3 - Team Comp 1 as Day 4 - Team Comp 1,A Group,,,,,,,,,,4 Attempts - 20 Races total,9,Go to Submit page,,,,,,,,,,,,,,,A Finals,9910,Re-use Day 4 - Team Comp 1 as Finals Team Comp,,,,,,,,,,https://drive.google.com/open?id=1BBuQ9xhyFYSc4MXm3thNDlsB7ecUAnkI,1st,,,,,,,,,,,Yes,Oguri? Oguri!,https://drive.google.com/open?id=1wQfCJWZSH-PS_ErhAe1uQyW1R2kiaeB_,https://drive.google.com/open?id=1aB95lfPzeEiY88DHdsEkAbNiHdX5R2gr,,,7,9,,,https://drive.google.com/open?id=1dZkvYUXDa4CPlQAHlX-GrtM7naadQ0qf
9/1/2026 16:41:57,PsntSlayer,Graded (No Uma Restrictions),Win A finals,I accept these terms,Day 4,"Android - phone or tablet, Windows",$0,656,11-20 (roughly 2-3 per day),YouTube - MooMooCows - https://www.youtube.com/@MooMooCows,5,,Rice Shower (Halloween),Pace Chaser,Ace built for this CM before CM start in Grand Concert scenario,3,0,0,0,2,1,0,Grass Wonder,Late Surger,Ace built for this CM before CM start in Grand Concert scenario,3,0,0,0,2,1,0,Vodka,Late Surger,Ace built for this CM before CM start in Grand Concert scenario,3,0,0,0,2,1,0,4 Attempts - 20 Races total,11,Go to Submit page,,,,,,,,,,,,,,Re-use Day 1 - Team Comp 1 as Day 2 - Team Comp 1,,,,,,,,,,4 Attempts - 20 Races total,16,Go to Submit page,,,,,,,,,,,,,,,Re-use Day 2 - Team Comp 1 as Day 3 - Team Comp 1,A Group,,,,,,,,,,4 Attempts - 20 Races total,8,Go to Submit page,,,,,,,,,,,,,,,Re-use Day 3 - Team Comp 1 as Day 4 - Team Comp 1,A Group,,,,,,,,,,4 Attempts - 20 Races total,8,Go to Submit page,,,,,,,,,,,,,,,,,,,,,,,,,,,,,,,,,,,,,,,,,,,,,,,,,
9/3/2026 11:47:57,JRhey,Graded (No Uma Restrictions),Win A finals,I accept these terms,Finals,"iOS - phone or tablet, Windows",$501-1000,1024,31-45 (roughly 5-6 per day),Discord - MooMooCord - https://discord.gg/Hc7cP9GB,4,,Aston Machan,Front Runner,Ace built for this CM before CM start in Grand Concert scenario,3,,,,2,1,,Daiwa Scarlet,Pace Chaser,Ace built for this CM before CM start in Grand Concert scenario,3,,,,2,1,,Vodka,Late Surger,Ace built for this CM before CM start in Grand Concert scenario,3,,,,2,1,,4 Attempts - 20 Races total,13,Day 2,,,,,,,,,,,,,,Re-use Day 1 - Team Comp 1 as Day 2 - Team Comp 1,,,,,,,,,,4 Attempts - 20 Races total,11,Go to Submit page,,,,,,,,,,,,,,,Re-use Day 2 - Team Comp 1 as Day 3 - Team Comp 1,A Group,,,,,,,,,,4 Attempts - 20 Races total,9,Go to Submit page,,,,,,,,,,,,,,,Re-use Day 3 - Team Comp 1 as Day 4 - Team Comp 1,A Group,,,,,,,,,,4 Attempts - 20 Races total,4,Go to Submit page,,,,,,,,,,,,,,,A Finals,6395,Re-use Day 4 - Team Comp 1 as Finals Team Comp,,,,,,,,,,https://drive.google.com/open?id=13BL18j1JTgMkjVFOA9SIjx_5D3WepN-w,1st,,,,,,,,,,,No,,https://drive.google.com/open?id=1Nk7enugDkrPMboG53wpdLXQ2Ifrdv0TS,https://drive.google.com/open?id=1GIp9oJ8kY4GHK1ILEhTC0OC-U0_0nU_4,,,8,5,,3,https://drive.google.com/open?id=1PF762TnsIrIKKGnmELjIelm6IuahoTuo
8/31/2026 18:57:01,Lily,Graded (No Uma Restrictions),Get into A finals,I accept these terms,Day 3,,,,,,,,Silence Suzuka,Runaway,Ace built for this CM before CM start in Grand Concert scenario,,,,,,,,Taiki Shuttle (Camping),Pace Chaser,Ace built for this CM before CM start in Grand Concert scenario,,,,,,,,Nice Nature (Cheerleader),Pace Chaser,Ace built for this CM before CM start in Grand Concert scenario,,,,,,,,4 Attempts - 20 Races total,13,Day 2,,,,,,,,,,,,,,Re-use Day 1 - Team Comp 1 as Day 2 - Team Comp 1,,,,,,,,,,4 Attempts - 20 Races total,13,Go to Submit page,,,,,,,,,,,,,,,Re-use Day 2 - Team Comp 1 as Day 3 - Team Comp 1,A Group,,,,,,,,,,4 Attempts - 20 Races total,9,Day 4,,,,,,,,,,,,,,,Re-use Day 3 - Team Comp 1 as Day 4 - Team Comp 1,A Group,,,,,,,,,,4 Attempts - 20 Races total,11,Go to Submit page,,,,,,,,,,,,,,,,,,,,,,,,,,,,,,,,,,,,,,,,,,,,,,,,,
9/2/2026 17:35:42,Hyaz,Graded (No Uma Restrictions),Get into A finals,I accept these terms,Finals,"Android - phone or tablet, Windows",$1001-5000,905,11-20 (roughly 2-3 per day),Discord - MooMooCord - https://discord.gg/Hc7cP9GB,,,Sweep Tosho,End Closer,Ace built for this CM before CM start in Grand Concert scenario,2,0,1,0,2,1,0,Symboli Rudolf,End Closer,Debuffer,,,,,,,,Eishin Flash (Valentine),End Closer,Debuffer,,,,,,,,4 Attempts - 20 Races total,12,Day 2,,,,,,,,,,,,,,Re-use Day 1 - Team Comp 1 as Day 2 - Team Comp 1,,,,,,,,,,4 Attempts - 20 Races total,12,Go to Submit page,,,,,,,,,,,,,,,Re-use Day 2 - Team Comp 1 as Day 3 - Team Comp 1,A Group,,,,,,,,,,4 Attempts - 20 Races total,8,Day 4,,,,,,,,,,,,,,,Re-use Day 3 - Team Comp 1 as Day 4 - Team Comp 1,A Group,,,,,,,,,,4 Attempts - 20 Races total,12,Go to Submit page,,,,,,,,,,,,,,,A Finals,9029,Add new Team Comp as Finals Team Comp,Sweep Tosho,End Closer,Mid-CM Ace build in Grand Concert scenario,Eishin Flash (Valentine),Late Surger,Debuffer,Symboli Rudolf,Late Surger,Debuffer,https://drive.google.com/open?id=1p8uq3_ozquPVx_AaoUdqOikQH-Z46hcG,2nd,Yes,https://drive.google.com/open?id=1W6_tQ1q1zz_If00To2U-SxbqMGYLIXtr,https://drive.google.com/open?id=1JenMseV_15a3nCkk9Y-NxyjRgm0JbKnD,,3,0,11,1,0,https://drive.google.com/open?id=1OQvGvgM2JodEN5WkB8vYJFEYXVOgJcUY,,,,,,,,,,,
9/3/2026 0:47:44,Cody Rhodes,Graded (No Uma Restrictions),Win A finals,I accept these terms,Finals,"Android - phone or tablet, Windows",$0,779,21-30 (roughly 3-4 per day),Discord - MooMooCord - https://discord.gg/Hc7cP9GB,,,Gold City,Late Surger,Ace built for this CM before CM start in Grand Concert scenario,3,,,,2,1,,Satono Diamond,Late Surger,Ace built for this CM before CM start in Grand Concert scenario,3,,,,2,1,,Vodka,Late Surger,Ace built for this CM before CM start in Grand Concert scenario,3,,,,2,1,,4 Attempts - 20 Races total,10,Day 2,,,,,,,,,,,,,,Re-use Day 1 - Team Comp 1 as Day 2 - Team Comp 1,,,,,,,,,,4 Attempts - 20 Races total,17,Day 3,,,,,,,,,,,,,,,Re-use Day 2 - Team Comp 1 as Day 3 - Team Comp 1,A Group,,,,,,,,,,4 Attempts - 20 Races total,4,Day 4,,,,,,,,,,,,,,,Re-use Day 3 - Team Comp 1 as Day 4 - Team Comp 1,A Group,,,,,,,,,,4 Attempts - 20 Races total,10,Go to Submit page,,,,,,,,,,,,,,,A Finals,5645,Re-use Day 4 - Team Comp 1 as Finals Team Comp,,,,,,,,,,https://drive.google.com/open?id=1VdUIvLRJF1AqBSZFfO9-NhPb6G-RMO1V,1st,,,,,,,,,,,No,,https://drive.google.com/open?id=1TIoJFc-JSjmF6JvFLp2XgSRu52ABaLSq,https://drive.google.com/open?id=1stk2qrpSzaAlZrDW232TK_ghA9u-AcPh,,,,17,,,https://drive.google.com/open?id=1AM7NuZ5R_e2uXy7vv8haHoFEVCSLGQZA
9/2/2026 20:30:04,Lee,Graded (No Uma Restrictions),Get into A finals,I accept these terms,Finals,iOS - phone or tablet,$1-100,,31-45 (roughly 5-6 per day),Discord - MooMooCord - https://discord.gg/Hc7cP9GB,4,,Satono Diamond,Late Surger,Ace built for this CM before CM start in Grand Concert scenario,3,0,0,0,2,1,0,Special Week,Late Surger,Ace built for this CM before CM start in Grand Concert scenario,3,0,0,0,2,1,0,Eishin Flash (Valentine),Late Surger,Debuffer,1,0,0,0,4,1,0,4 Attempts - 20 Races total,15,Day 2,,,,,,,,,,,,,,Re-use Day 1 - Team Comp 1 as Day 2 - Team Comp 1,,,,,,,,,,4 Attempts - 20 Races total,20,Go to Submit page,,,,,,,,,,,,,,,Re-use Day 2 - Team Comp 1 as Day 3 - Team Comp 1,A Group,,,,,,,,,,4 Attempts - 20 Races total,12,Go to Submit page,,,,,,,,,,,,,,,Re-use Day 3 - Team Comp 1 as Day 4 - Team Comp 1,A Group,,,,,,,,,,4 Attempts - 20 Races total,14,Go to Submit page,,,,,,,,,,,,,,,A Finals,14579,Re-use Day 4 - Team Comp 1 as Finals Team Comp,,,,,,,,,,https://drive.google.com/open?id=1MfuTdN2MznfWmuoIG5ebybBUFQ59pzqk,1st,,,,,,,,,,,No,,https://drive.google.com/open?id=1W-g3Rv8ZDdQIVT5LeFafC9eTkzuSOIVh,https://drive.google.com/open?id=1RdkBRJlxR8bCz8yx6ltVHuARBLahq4j4,,4,6,6,,,
9/2/2026 15:12:46,Kitty,Graded (No Uma Restrictions),win b finals with oshis,I accept these terms,Day 1,iOS - phone or tablet,$1-100,457,,Discord - MooMooCord - https://discord.gg/Hc7cP9GB,5,,Sweep Tosho,End Closer,Ace built for this CM before CM start in Unity Cup scenario,2,0,1,0,2,1,0,Kawakami Princess,Late Surger,Ace built for this CM before CM start in Unity Cup scenario,2,0,2,0,2,0,0,Nishino Flower,Pace Chaser,Ace built for this CM before CM start in Unity Cup scenario,2,0,1,0,3,0,0,3 Attempts - 15 Races total,4,Day 2,,,,,,,,,,,,,,Re-use Day 1 - Team Comp 1 as Day 2 - Team Comp 1,,,,,,,,,,3 Attempts - 15 Races total,7,Day 3,,,,,,,,,,,,,,,Re-use Day 2 - Team Comp 1 as Day 3 - Team Comp 1,A Group,,,,,,,,,,3 Attempts - 15 Races total,5,Day 4,,,,,,,,,,,,,,,Re-use Day 3 - Team Comp 1 as Day 4 - Team Comp 1,A Group,,,,,,,,,,4 Attempts - 20 Races total,4,Finals,,,,,,,,,,,,,,,B Finals,1461,Re-use Day 4 - Team Comp 1 as Finals Team Comp,,,,,,,,,,,1st,,,,,,,,,,,No,,,,,,,,,,
9/3/2026 10:24:43,TomTom,Graded (No Uma Restrictions),Win A finals,I accept these terms,Finals,Windows,$101-500,2545,0-5 (less than 1 per day),,5,,Tokai Teio (Anime Collab),Pace Chaser,Ace built for this CM before CM start in Grand Concert scenario,3,,,,2,1,,Silence Suzuka,Runaway,Blocker/Overtake target/Throwaway/Niche role,,,,,,,,Grass Wonder,End Closer,Debuffer,,,,,,,,4 Attempts - 20 Races total,13,Day 2,,,,,,,,,,,,,,Re-use Day 1 - Team Comp 1 as Day 2 - Team Comp 1,,,,,,,,,,4 Attempts - 20 Races total,17,Go to Submit page,,,,,,,,,,,,,,,Re-use Day 2 - Team Comp 1 as Day 3 - Team Comp 1,A Group,,,,,,,,,,4 Attempts - 20 Races total,13,Go to Submit page,,,,,,,,,,,,,,,Re-use Day 3 - Team Comp 1 as Day 4 - Team Comp 1,A Group,,,,,,,,,,4 Attempts - 20 Races total,14,Go to Submit page,,,,,,,,,,,,,,,A Finals,,Re-use Day 4 - Team Comp 1 as Finals Team Comp,,,,,,,,,,,2nd,No (goes to Submit page),,,,,,,,,,,,,,,,,,,,
9/2/2026 20:19:22,FXFuSe,Graded (No Uma Restrictions),Win A finals,I accept these terms,Day 4,,$1-100,,31-45 (roughly 5-6 per day),Discord - MooMooCord - https://discord.gg/Hc7cP9GB,5,,Silence Suzuka,Runaway,Ace built for this CM before CM start in Grand Concert scenario,3,0,0,,2,1,0,Daiwa Scarlet,Front Runner,Ace built for this CM before CM start in Grand Concert scenario,3,0,0,0,2,1,0,Special Week,Late Surger,Ace built for this CM before CM start in Grand Concert scenario,3,0,0,0,2,1,0,4 Attempts - 20 Races total,17,Day 2,,,,,,,,,,,,,,Re-use Day 1 - Team Comp 1 as Day 2 - Team Comp 1,,,,,,,,,,4 Attempts - 20 Races total,14,Go to Submit page,,,,,,,,,,,,,,,Re-use Day 2 - Team Comp 1 as Day 3 - Team Comp 1,A Group,,,,,,,,,,4 Attempts - 20 Races total,16,Go to Submit page,,,,,,,,,,,,,,,Add a new Team Comp as Day 4 - Team Comp 1,A Group,Silence Suzuka,Runaway,Ace built for this CM before CM start in Grand Concert scenario,Daiwa Scarlet,Front Runner,Ace built for this CM before CM start in Grand Concert scenario,Special Week,Pace Chaser,Mid-CM Ace build in Grand Concert scenario,4 Attempts - 20 Races total,10,Finals,,,,,,,,,,,,,,,A Finals,10028,Re-use Day 4 - Team Comp 1 as Finals Team Comp,,,,,,,,,,https://drive.google.com/open?id=1CLrCXIkkphW69oV0h1A7Cre1ZMW_pp3M,1st,,,,,,,,,,,Yes,SPECHONKY ICHIBAN DESU,https://drive.google.com/open?id=1vO0ggpfBti5NdLeHugme-C2bhx2LhZ_X,https://drive.google.com/open?id=1HhkEy9W4iDok76pPoQMDisLgCZMUnj9x,,5,5,3,1,0,https://drive.google.com/open?id=1ddOuJNWxG1OXsL-cWEqIp8UtWmer1crL
9/3/2026 16:30:57,Brendo,Graded (No Uma Restrictions),Get into A finals,I accept these terms,Finals,Android - phone or tablet,$0,1685,21-30 (roughly 3-4 per day),"Twitch - MooMooCows - https://www.twitch.tv/moomoomoocows, YouTube - MooMooCows - https://www.youtube.com/@MooMooCows",,,Special Week,Late Surger,Ace built for this CM before CM start in Grand Concert scenario,3,,,,2,1,,Oguri Cap (Christmas),End Closer,Ace built for this CM before CM start in Grand Concert scenario,3,,,,2,1,,Symboli Rudolf,End Closer,Debuffer,,,,,,,,4 Attempts - 20 Races total,17,Go to Submit page,,,,,,,,,,,,,,Re-use Day 1 - Team Comp 1 as Day 2 - Team Comp 1,,,,,,,,,,4 Attempts - 20 Races total,15,Go to Submit page,,,,,,,,,,,,,,,Re-use Day 2 - Team Comp 1 as Day 3 - Team Comp 1,A Group,,,,,,,,,,4 Attempts - 20 Races total,12,Day 4,,,,,,,,,,,,,,,Re-use Day 3 - Team Comp 1 as Day 4 - Team Comp 1,A Group,,,,,,,,,,4 Attempts - 20 Races total,13,Go to Submit page,,,,,,,,,,,,,,,A Finals,,Re-use Day 4 - Team Comp 1 as Finals Team Comp,,,,,,,,,,https://drive.google.com/open?id=12OnrRr8cAmiPpprCpsHaQpT5KSRVh7jE,1st,,,,,,,,,,,No,,https://drive.google.com/open?id=1WxvfuHWXpbQug5xTUa_TzzpRQpko7tZm,https://drive.google.com/open?id=1jwiHJiqN9zrDr5J1rmOzod8_7mq2uGYs,,4,3,3,,5,https://drive.google.com/open?id=1bGUKDDTCv4UOuRwq_NhxECpa6xqn4uDq
9/3/2026 0:42:28,altaria96,Graded (No Uma Restrictions),Get into A finals,I accept these terms,Finals,Linux,$501-1000,973,21-30 (roughly 3-4 per day),Discord - MooMooCord - https://discord.gg/Hc7cP9GB,5,,Oguri Cap (Christmas),End Closer,Ace built for this CM before CM start in Grand Concert scenario,3,0,0,0,2,1,0,Grass Wonder,Late Surger,Debuffer,1,1,1,0,2,1,0,Symboli Rudolf,Late Surger,Debuffer,1,0,2,0,2,1,0,4 Attempts - 20 Races total,10,Day 2,,,,,,,,,,,,,,Re-use Day 1 - Team Comp 1 as Day 2 - Team Comp 1,,,,,,,,,,4 Attempts - 20 Races total,17,Go to Submit page,,,,,,,,,,,,,,,Re-use Day 2 - Team Comp 1 as Day 3 - Team Comp 1,A Group,,,,,,,,,,4 Attempts - 20 Races total,11,Go to Submit page,,,,,,,,,,,,,,,Re-use Day 3 - Team Comp 1 as Day 4 - Team Comp 1,A Group,,,,,,,,,,4 Attempts - 20 Races total,13,Go to Submit page,,,,,,,,,,,,,,,A Finals,14235,Re-use Day 4 - Team Comp 1 as Finals Team Comp,,,,,,,,,,https://drive.google.com/open?id=1s6H4H4q6WurVa2T6VJ5PiHii4jg6QRvy,1st,,,,,,,,,,,No,,https://drive.google.com/open?id=1dNydHrf-xmJLO7ODLaEUwaK5AU23Bw3M,https://drive.google.com/open?id=16IVCMc2B22N4UEqnzrzskzQH6vu-VRY_,,2,,5,2,2,https://drive.google.com/open?id=184lDWZMiHtFiKBc85OG6TwbpFBP43i_t
9/2/2026 16:47:02,SuperFightRobot,Graded (No Uma Restrictions),Get into A finals,I accept these terms,Finals,Android - phone or tablet,$0,,6-10 (roughly 1 per day),,5,,Agnes Tachyon,Late Surger,Debuffer,,,,,,,,Grass Wonder,Late Surger,Debuffer,,,,,,,,Nishino Flower,Pace Chaser,Ace built for this CM before CM start in Grand Concert scenario,2,,1,,2,1,,4 Attempts - 20 Races total,15,Day 2,,,,,,,,,,,,,,Re-use Day 1 - Team Comp 1 as Day 2 - Team Comp 1,,,,,,,,,,4 Attempts - 20 Races total,8,Go to Submit page,,,,,,,,,,,,,,,Re-use Day 2 - Team Comp 1 as Day 3 - Team Comp 1,A Group,,,,,,,,,,4 Attempts - 20 Races total,7,Go to Submit page,,,,,,,,,,,,,,,Re-use Day 3 - Team Comp 1 as Day 4 - Team Comp 1,A Group,,,,,,,,,,4 Attempts - 20 Races total,8,Go to Submit page,,,,,,,,,,,,,,,A Finals,7996,Re-use Day 4 - Team Comp 1 as Finals Team Comp,,,,,,,,,,https://drive.google.com/open?id=1Qg4UPqZ8KTbbN1O5HixjzlN7oieZ6XbU,1st,,,,,,,,,,,Yes,As expected of the Queen of Cherry Blossoms,https://drive.google.com/open?id=1ZYaSeykbsIwBo3nuuEjgiT_PxMy0ULy5,https://drive.google.com/open?id=1HAB6nvtBN_rQzI4NRF7Fsiitl1W78gVf,,,2,3,,2,https://drive.google.com/open?id=1mdLKd20kUizHfDFH5IJ2XhrqElfmExGk
9/2/2026 15:20:49,Tappu,Graded (No Uma Restrictions),Win A finals,I accept these terms,Finals,"Android - phone or tablet, Windows",$101-500,,31-45 (roughly 5-6 per day),Discord - MooMooCord - https://discord.gg/Hc7cP9GB,5,,Fine Motion (Wedding),Pace Chaser,Ace built for this CM before CM start in Grand Concert scenario,3,,,,2,1,,Symboli Rudolf,End Closer,Debuffer,,,,,,,,Grass Wonder,Late Surger,Debuffer,,,,,,,,4 Attempts - 20 Races total,16,Go to Submit page,,,,,,,,,,,,,,Re-use Day 1 - Team Comp 1 as Day 2 - Team Comp 1,,,,,,,,,,4 Attempts - 20 Races total,19,Go to Submit page,,,,,,,,,,,,,,,Re-use Day 2 - Team Comp 1 as Day 3 - Team Comp 1,A Group,,,,,,,,,,4 Attempts - 20 Races total,15,Go to Submit page,,,,,,,,,,,,,,,Re-use Day 3 - Team Comp 1 as Day 4 - Team Comp 1,A Group,,,,,,,,,,4 Attempts - 20 Races total,17,Go to Submit page,,,,,,,,,,,,,,,A Finals,9697,Re-use Day 4 - Team Comp 1 as Finals Team Comp,,,,,,,,,,https://drive.google.com/open?id=1icMM3lGwlxG46bS-nbyJxvbkvbMZMo8u,3rd,No (goes to Submit page),,,,,,,,,,,,,,,,,,,,
9/3/2026 5:24:12,xDD,Graded (No Uma Restrictions),Win A finals,I accept these terms,Finals,Android - phone or tablet,$0,1526,31-45 (roughly 5-6 per day),"Discord - MooMooCord - https://discord.gg/Hc7cP9GB, YouTube - MooMooCows - https://www.youtube.com/@MooMooCows",5,,Mayano Top Gun (Wedding),End Closer,Ace built for this CM before CM start in Grand Concert scenario,3,,,,2,1,,Oguri Cap (Christmas),End Closer,Ace built for this CM before CM start in Grand Concert scenario,2,,1,,2,1,,Silence Suzuka,Runaway,Debuffer,3,,1,,2,,,4 Attempts - 20 Races total,19,Day 2,,,,,,,,,,,,,,Re-use Day 1 - Team Comp 1 as Day 2 - Team Comp 1,,,,,,,,,,4 Attempts - 20 Races total,19,Go to Submit page,,,,,,,,,,,,,,,Re-use Day 2 - Team Comp 1 as Day 3 - Team Comp 1,A Group,,,,,,,,,,4 Attempts - 20 Races total,15,Day 4,,,,,,,,,,,,,,,Re-use Day 3 - Team Comp 1 as Day 4 - Team Comp 1,A Group,,,,,,,,,,4 Attempts - 20 Races total,16,Go to Submit page,,,,,,,,,,,,,,,A Finals,12187,Re-use Day 4 - Team Comp 1 as Finals Team Comp,,,,,,,,,,https://drive.google.com/open?id=11hE6i7qzXfg2sPlHCFgT-4QmsoMk1lM2,1st,,,,,,,,,,,Yes,Ice Coffee,https://drive.google.com/open?id=1vOHthS6-zsCA_PxRao-uo-VZlI0c1qKS,https://drive.google.com/open?id=11TD8_cKyeK8uhEFPleVdsuDFyDaM8VPC,,,,9,,3,https://drive.google.com/open?id=1h7vQPoK7eSSlrJepw-Vm-RB93HiGxrqP
8/31/2026 19:28:27,Haunt,Graded (No Uma Restrictions),Get into A finals,I accept these terms,Day 4,Android - phone or tablet,$0,1411,46+ (more than 6 per day),Rather not say,4,,Oguri Cap,Pace Chaser,Ace built for this CM before CM start in Grand Concert scenario,2,,,,3,0,,Nishino Flower,Pace Chaser,Ace built for this CM before CM start in Grand Concert scenario,2,,,,3,1,,Copano Rickey,Pace Chaser,Ace built for this CM before CM start in Grand Concert scenario,3,,,,2,1,,4 Attempts - 20 Races total,10,Day 2,,,,,,,,,,,,,,Add new Team Comp as Day 2 - Team Comp 1,Oguri Cap (Christmas),End Closer,Mid-CM Ace build in Grand Concert scenario,Copano Rickey,Pace Chaser,Ace built for this CM before CM start in Grand Concert scenario,Nishino Flower,Pace Chaser,Ace built for this CM before CM start in Grand Concert scenario,4 Attempts - 20 Races total,12,Go to Submit page,,,,,,,,,,,,,,,Re-use Day 2 - Team Comp 2 as Day 3 - Team Comp 1,A Group,,,,,,,,,,4 Attempts - 20 Races total,12,Go to Submit page,,,,,,,,,,,,,,,Re-use Day 3 - Team Comp 2 as Day 4 - Team Comp 1,A Group,,,,,,,,,,4 Attempts - 20 Races total,11,Go to Submit page,,,,,,,,,,,,,,,,,,,,,,,,,,,,,,,,,,,,,,,,,,,,,,,,,
9/3/2026 8:39:20,blackred,Graded (No Uma Restrictions),Get into A finals,I accept these terms,Finals,"Android - phone or tablet, Windows",$1-100,,0-5 (less than 1 per day),Discord - MooMooCord - https://discord.gg/Hc7cP9GB,,,Oguri Cap (Christmas),End Closer,Ace built for this CM before CM start in Grand Concert scenario,3,,,,1,0,,Grass Wonder,Late Surger,Debuffer,,,,,6,,,Agnes Tachyon,Late Surger,Debuffer,,,,,6,,,4 Attempts - 20 Races total,14,Day 2,,,,,,,,,,,,,,Re-use Day 1 - Team Comp 1 as Day 2 - Team Comp 1,,,,,,,,,,3 Attempts - 15 Races total,11,Go to Submit page,,,,,,,,,,,,,,,Re-use Day 2 - Team Comp 1 as Day 3 - Team Comp 1,A Group,,,,,,,,,,4 Attempts - 20 Races total,12,Go to Submit page,,,,,,,,,,,,,,,Re-use Day 3 - Team Comp 1 as Day 4 - Team Comp 1,A Group,,,,,,,,,,4 Attempts - 20 Races total,6,Go to Submit page,,,,,,,,,,,,,,,A Finals,9498,Re-use Day 4 - Team Comp 1 as Finals Team Comp,,,,,,,,,,https://drive.google.com/open?id=1SbXss5gWefbEvd_TdXr4_2OjQ6iUBodT,1st,,,,,,,,,,,No,,https://drive.google.com/open?id=1l1kgKmOHg1SZQatBj7fOxBJKDvTmSqTx,https://drive.google.com/open?id=1D9_FidFSxcxiwTgE8Ij-95kGn0lYsPys,,2,,13,,0,https://drive.google.com/open?id=1ItjzDQyD-uDRCX-h82-noOR3fZl9Wlju
9/3/2026 0:35:30,sun,Graded (No Uma Restrictions),Win A finals,I accept these terms,Day 3,iOS - phone or tablet,$1-100,1191,21-30 (roughly 3-4 per day),Discord - MooMooCord - https://discord.gg/Hc7cP9GB,,,Seiun Sky,Front Runner,Ace built for this CM before CM start in Grand Concert scenario,3,,,,2,1,,Mihono Bourbon (Valentine),Front Runner,Ace built for this CM before CM start in Grand Concert scenario,3,,,,2,1,,Oguri Cap (Christmas),End Closer,Ace built for this CM before CM start in Grand Concert scenario,2,,1,,2,1,,4 Attempts - 20 Races total,19,Day 2,,,,,,,,,,,,,,Re-use Day 1 - Team Comp 1 as Day 2 - Team Comp 1,,,,,,,,,,4 Attempts - 20 Races total,15,Go to Submit page,,,,,,,,,,,,,,,Re-use Day 2 - Team Comp 1 as Day 3 - Team Comp 1,A Group,,,,,,,,,,4 Attempts - 20 Races total,16,Day 4,,,,,,,,,,,,,,,Re-use Day 3 - Team Comp 1 as Day 4 - Team Comp 1,A Group,,,,,,,,,,4 Attempts - 20 Races total,15,Finals,,,,,,,,,,,,,,,A Finals,13949,Re-use Day 4 - Team Comp 1 as Finals Team Comp,,,,,,,,,,https://drive.google.com/open?id=1lDOeT07FG7VRrF3PWjLzlnHj7LGEj08H,1st,,,,,,,,,,,No,,https://drive.google.com/open?id=1No9XOEcIzuwv3PnqeQT2YhegkSW10LA-,https://drive.google.com/open?id=1pNLzabeWJcsH84Id4hA-8xsQz7vLdJim,,,9,4,,3,https://drive.google.com/open?id=1_UDAOa-l8RSmIwzWsfKWhun3sdBYWfgp
9/1/2026 10:39:22,hootmf,Graded (No Uma Restrictions),Win A finals,I accept these terms,Day 3,Windows,$1-100,1661,31-45 (roughly 5-6 per day),Discord - MooMooCord - https://discord.gg/Hc7cP9GB,3,,Sweep Tosho,Late Surger,Ace built for this CM before CM start in Grand Concert scenario,3,0,0,0,2,1,0,Grass Wonder,Late Surger,Debuffer,1,0,0,0,3,1,0,Symboli Rudolf,Front Runner,Debuffer,1,0,0,0,3,1,0,4 Attempts - 20 Races total,13,Day 2,,,,,,,,,,,,,,Re-use Day 1 - Team Comp 1 as Day 2 - Team Comp 1,,,,,,,,,,4 Attempts - 20 Races total,13,Go to Submit page,,,,,,,,,,,,,,,Re-use Day 2 - Team Comp 1 as Day 3 - Team Comp 1,A Group,,,,,,,,,,4 Attempts - 20 Races total,4,Day 4,,,,,,,,,,,,,,,Re-use Day 3 - Team Comp 1 as Day 4 - Team Comp 1,A Group,,,,,,,,,,4 Attempts - 20 Races total,6,Go to Submit page,,,,,,,,,,,,,,,,,,,,,,,,,,,,,,,,,,,,,,,,,,,,,,,,,
9/2/2026 17:10:20,Silaven,Graded (No Uma Restrictions),Get into A finals,I accept these terms,Day 3,"Android - phone or tablet, Windows",$1001-5000,774,11-20 (roughly 2-3 per day),Discord - MooMooCord - https://discord.gg/Hc7cP9GB,5,,Oguri Cap,Late Surger,Ace built for this CM before CM start in Grand Concert scenario,,,,,,,,Gold City (Festival),Late Surger,Ace built for this CM before CM start in Grand Concert scenario,,,,,,,,Smart Falcon,Front Runner,Ace built for Team Trials,,,,,,,,4 Attempts - 20 Races total,16,Day 2,,,,,,,,,,,,,,Re-use Day 1 - Team Comp 1 as Day 2 - Team Comp 1,,,,,,,,,,4 Attempts - 20 Races total,16,Go to Submit page,,,,,,,,,,,,,,,Add new Team Comp as Day 3 - Team Comp 1,A Group,Oguri Cap,Late Surger,Ace built for this CM before CM start in Grand Concert scenario,Gold City (Festival),Late Surger,Ace built for this CM before CM start in Grand Concert scenario,Mejiro Dober,Late Surger,Mid-CM Ace build in Grand Concert scenario,4 Attempts - 20 Races total,9,Day 4,,,,,,,,,,,,,,,Re-use Day 3 - Team Comp 1 as Day 4 - Team Comp 1,A Group,,,,,,,,,,3 Attempts - 15 Races total,7,Finals,,,,,,,,,,,,,,,A Finals,8736,Re-use Day 4 - Team Comp 1 as Finals Team Comp,,,,,,,,,,https://drive.google.com/open?id=19U1CgupnUFTQv0VXeY6BgT6gdgK3qIdy,1st,,,,,,,,,,,Yes,"She truly is cooler, stronger, and more brilliant than anyone else! ",https://drive.google.com/open?id=1XdPES4DIUY_Dp2EvZH59qJ6HHR1eEaWZ,https://drive.google.com/open?id=1Ddp9t7o0qVNX10nxpC8PoJFabWeqSmrP,,,,,,,https://drive.google.com/open?id=16Sr2c_tStHeciwpVWlgenHsW-gs94i0f
9/1/2026 10:04:59,Homu,Graded (No Uma Restrictions),Get into A finals,I accept these terms,Day 3,Android - phone or tablet,$0,1212,31-45 (roughly 5-6 per day),Discord - MooMooCord - https://discord.gg/Hc7cP9GB,,I would find it interesting if there was an optional section asking where the knowledge for the CM builds comes from.,Sweep Tosho,End Closer,Ace built for this CM before CM start in Grand Concert scenario,3,0,0,0,2,1,0,Nishino Flower,Pace Chaser,Ace built for this CM before CM start in Grand Concert scenario,3,0,0,0,2,1,0,Silence Suzuka,Runaway,Blocker/Overtake target/Throwaway/Niche role,2,0,1,0,2,1,0,3 Attempts - 15 Races total,7,Day 1 - Add 2nd Team,Sweep Tosho,End Closer,Ace built for this CM before CM start in Grand Concert scenario,Nishino Flower,Pace Chaser,Mid-CM Ace build in Grand Concert scenario,Mihono Bourbon (Valentine),Front Runner,Mid-CM Ace build in Grand Concert scenario,1 Attempt - 5 Races total,4,2 teams,Day 2,Re-use Day 1 - Team Comp 2 as Day 2 - Team Comp 1,,,,,,,,,,4 Attempts - 20 Races total,18,Go to Submit page,,,,,,,,,,,,,,,Re-use Day 2 - Team Comp 1 as Day 3 - Team Comp 1,A Group,,,,,,,,,,4 Attempts - 20 Races total,12,Day 4,,,,,,,,,,,,,,,Re-use Day 3 - Team Comp 1 as Day 4 - Team Comp 1,A Group,,,,,,,,,,4 Attempts - 20 Races total,12,Go to Submit page,,,,,,,,,,,,,,,,,,,,,,,,,,,,,,,,,,,,,,,,,,,,,,,,,
8/30/2026 14:55:00,Bastian,Graded (No Uma Restrictions),Win A finals,I accept these terms,Day 1,Windows,$0,,21-30 (roughly 3-4 per day),,,,Oguri Cap (Christmas),End Closer,Ace built for this CM before CM start in Grand Concert scenario,3,,,,2,1,,Manhattan Cafe,Late Surger,Ace built for this CM before CM start in Grand Concert scenario,3,,,,2,1,,Symboli Rudolf,Late Surger,Debuffer,,,,,,,,4 Attempts - 20 Races total,14,Day 2,,,,,,,,,,,,,,Re-use Day 1 - Team Comp 1 as Day 2 - Team Comp 1,,,,,,,,,,4 Attempts - 20 Races total,15,Go to Submit page,,,,,,,,,,,,,,,,,,,,,,,,,,,,,,,,,,,,,,,,,,,,,,,,,,,,,,,,,,,,,,,,,,,,,,,,,,,,,,,,,,,,,,,,,,,,,,,,,,,,,,,,,
9/3/2026 8:37:28,Caphao,Graded (No Uma Restrictions),Win A finals,I accept these terms,Finals,"Android - phone or tablet, Windows",$1-100,1298,31-45 (roughly 5-6 per day),"Rather not say, Friend sent me the link, Discord - MooMooCord - https://discord.gg/Hc7cP9GB, Discord - Pakacord! - https://discord.gg/6mwHqhBm, Reddit - /r/umamusumeGame, Twitch - MooMooCows - https://www.twitch.tv/moomoomoocows, YouTube - MooMooCows - https://www.youtube.com/@MooMooCows, ",5,,Vodka,Late Surger,Ace built for this CM before CM start in Grand Concert scenario,3,,,,2,1,,Special Week,Late Surger,Ace built for this CM before CM start in Grand Concert scenario,3,,,,2,1,,Seiun Sky,Front Runner,Ace built for this CM before CM start in Grand Concert scenario,3,,,,2,1,,4 Attempts - 20 Races total,12,Go to Submit page,,,,,,,,,,,,,,Add new Team Comp as Day 2 - Team Comp 1,Special Week,Late Surger,Ace built for this CM before CM start in Grand Concert scenario,Grass Wonder,Late Surger,Mid-CM Ace build in Grand Concert scenario,Seiun Sky,Front Runner,Mid-CM Ace build in Grand Concert scenario,4 Attempts - 20 Races total,13,Go to Submit page,,,,,,,,,,,,,,,Re-use Day 2 - Team Comp 1 as Day 3 - Team Comp 1,A Group,,,,,,,,,,4 Attempts - 20 Races total,11,Go to Submit page,,,,,,,,,,,,,,,Add a new Team Comp as Day 4 - Team Comp 1,A Group,Special Week,Late Surger,Ace built for this CM before CM start in Grand Concert scenario,El Condor Pasa,Pace Chaser,Mid-CM Ace build in Grand Concert scenario,Seiun Sky,Front Runner,Mid-CM Ace build in Grand Concert scenario,4 Attempts - 20 Races total,19,Go to Submit page,,,,,,,,,,,,,,,A Finals,11215,Re-use Day 4 - Team Comp 1 as Finals Team Comp,,,,,,,,,,https://drive.google.com/open?id=1RfWtMQFLP4gOJtONXOSPgzkwV8oPtFzy,1st,,,,,,,,,,,Yes,"It does not matter how many races you lose, as long as you're El Numero 1 in the last one.",https://drive.google.com/open?id=1-DxYxO3KtkMn5b6tT9o6rjU0l4KrO9rU,https://drive.google.com/open?id=17lBZKDW4cNFUPkgiEUTnJ8i5duo2BmZp,,2,7,2,,,https://drive.google.com/open?id=1Ya6gLrSsdBRPxNKP2EYOwokapmNAKttV
8/30/2026 15:57:10,AntWolf,Graded (No Uma Restrictions),Win with high winrate,I accept these terms,Day 3,"iOS - phone or tablet, Windows",$101-500,2269,21-30 (roughly 3-4 per day),Discord - MooMooCord - https://discord.gg/Hc7cP9GB,5,,Rice Shower,Pace Chaser,Ace built for this CM before CM start in Grand Concert scenario,3,,,,2,0,,Curren Chan,Pace Chaser,Ace built for this CM before CM start in Grand Concert scenario,3,,,,2,0,,Narita Taishin,End Closer,Ace built for this CM before CM start in Grand Concert scenario,3,,,,2,0,,4 Attempts - 20 Races total,11,Day 2,,,,,,,,,,,,,,Re-use Day 1 - Team Comp 1 as Day 2 - Team Comp 1,,,,,,,,,,4 Attempts - 20 Races total,12,Go to Submit page,,,,,,,,,,,,,,,Re-use Day 2 - Team Comp 1 as Day 3 - Team Comp 1,A Group,,,,,,,,,,4 Attempts - 20 Races total,8,Go to Submit page,,,,,,,,,,,,,,,,,,,,,,,,,,,,,,,,,,,,,,,,,,,,,,,,,,,,,,,,,,,,,,,,,,,,,,,,,,,,,
9/3/2026 5:42:49,Aoi,Graded (No Uma Restrictions),Collect participation rewards,I accept these terms,Finals,Android - phone or tablet,$501-1000,,6-10 (roughly 1 per day),Discord - MooMooCord - https://discord.gg/Hc7cP9GB,,Still confuse... Where to pick oshi? I think I have become grandpa already XD,Narita Brian,Pace Chaser,Ace built for this CM before CM start in Grand Concert scenario,3,,,,2,1,,Taiki Shuttle,Pace Chaser,Ace built for this CM before CM start in Grand Concert scenario,3,,,,2,1,,Vodka,Late Surger,Ace built for this CM before CM start in Grand Concert scenario,2,,1,,2,1,,3 Attempts - 15 Races total,7,Day 2,,,,,,,,,,,,,,Re-use Day 1 - Team Comp 1 as Day 2 - Team Comp 1,,,,,,,,,,3 Attempts - 15 Races total,8,Go to Submit page,,,,,,,,,,,,,,,Re-use Day 2 - Team Comp 1 as Day 3 - Team Comp 1,A Group,,,,,,,,,,3 Attempts - 15 Races total,7,Finals,,,,,,,,,,,,,,,Re-use Day 3 - Team Comp 1 as Day 4 - Team Comp 1,A Group,,,,,,,,,,3 Attempts - 15 Races total,6,Day 3,,,,,,,,,,,,,,,A Finals,11097,Re-use Day 4 - Team Comp 1 as Finals Team Comp,,,,,,,,,,https://drive.google.com/open?id=1P0-jckk5oPKl1SQjnVvcBYB0FZS1zUlH,3rd,No (goes to Submit page),,,,,,,,,,,,,,,,,,,,
9/3/2026 16:37:57,Ceobe,Graded (No Uma Restrictions),Win A finals,I accept these terms,Finals,,$501-1000,1938,31-45 (roughly 5-6 per day),Rather not say,,,Manhattan Cafe,Late Surger,Ace built for this CM before CM start in Grand Concert scenario,3,0,1,0,1,1,0,Fine Motion,Pace Chaser,Ace built for this CM before CM start in Grand Concert scenario,3,0,0,0,2,1,0,Fuji Kiseki,Pace Chaser,Ace built for this CM before CM start in Grand Concert scenario,3,0,0,0,2,1,0,4 Attempts - 20 Races total,18,Go to Submit page,,,,,,,,,,,,,,Add new Team Comp as Day 2 - Team Comp 1,Manhattan Cafe,Late Surger,Ace built for this CM before CM start in Grand Concert scenario,Fine Motion,Pace Chaser,Ace built for this CM before CM start in Grand Concert scenario,Mayano Top Gun,Pace Chaser,Mid-CM Ace build in Grand Concert scenario,4 Attempts - 20 Races total,15,Day 3,,,,,,,,,,,,,,,Re-use Day 2 - Team Comp 2 as Day 3 - Team Comp 1,A Group,,,,,,,,,,4 Attempts - 20 Races total,14,Go to Submit page,,,,,,,,,,,,,,,Re-use Day 3 - Team Comp 2 as Day 4 - Team Comp 1,A Group,,,,,,,,,,4 Attempts - 20 Races total,12,Go to Submit page,,,,,,,,,,,,,,,A Finals,13621,Re-use Day 4 - Team Comp 2 as Finals Team Comp,,,,,,,,,,,2nd,No (goes to Submit page),,,,,,,,,,,,,,,,,,,,
9/2/2026 15:49:42,Amasuro,Graded (No Uma Restrictions),Win A finals,I accept these terms,Day 4,"Android - phone or tablet, Windows",$1-100,1429,31-45 (roughly 5-6 per day),"Discord - MooMooCord - https://discord.gg/Hc7cP9GB, YouTube - MooMooCows - https://www.youtube.com/@MooMooCows",5,,Gold City,Late Surger,Ace built for this CM before CM start in Grand Concert scenario,2,,1,,2,1,,Fine Motion,Pace Chaser,Ace built for this CM before CM start in Grand Concert scenario,3,,,,2,1,,Yukino Bijin,Pace Chaser,Ace built for this CM before CM start in Grand Concert scenario,3,,,,2,1,,4 Attempts - 20 Races total,15,Day 2,,,,,,,,,,,,,,Re-use Day 1 - Team Comp 1 as Day 2 - Team Comp 1,,,,,,,,,,4 Attempts - 20 Races total,16,Day 3,,,,,,,,,,,,,,,Re-use Day 2 - Team Comp 1 as Day 3 - Team Comp 1,A Group,,,,,,,,,,4 Attempts - 20 Races total,10,Go to Submit page,,,,,,,,,,,,,,,Re-use Day 3 - Team Comp 1 as Day 4 - Team Comp 1,A Group,,,,,,,,,,4 Attempts - 20 Races total,13,Finals,,,,,,,,,,,,,,,A Finals,11410,Re-use Day 4 - Team Comp 1 as Finals Team Comp,,,,,,,,,,https://drive.google.com/open?id=1wzRR7mOrJWDeqZ7jToXsmWjigKwnN-DR,1st,,,,,,,,,,,Yes,There ain't no way I'm the only FineMo winner,https://drive.google.com/open?id=12D764GBpoo2x0zodJB5GHlCKxR4kQ1p8,https://drive.google.com/open?id=1bpvxqb4aqJCynbA1Y56PlXJSViTXHRdY,,3,4,1,,3,https://drive.google.com/open?id=1djf6NsCPZaJcv0Noyx4KHxLgAMo6c4rg
9/2/2026 18:04:03,Nepped Hazama,Graded (No Uma Restrictions),Win A finals,I accept these terms,Finals,"Android - phone or tablet, Windows",$101-500,686,21-30 (roughly 3-4 per day),Discord - MooMooCord - https://discord.gg/Hc7cP9GB,5,,Narita Taishin,End Closer,Ace built for this CM before CM start in Grand Concert scenario,2,,1,,2,1,,Taiki Shuttle,Pace Chaser,Ace built for this CM before CM start in Grand Concert scenario,3,,,,2,1,,Seiun Sky,Front Runner,Ace built for this CM before CM start in Grand Concert scenario,3,,,,2,1,,4 Attempts - 20 Races total,8,Day 2,,,,,,,,,,,,,,Re-use Day 1 - Team Comp 1 as Day 2 - Team Comp 1,,,,,,,,,,4 Attempts - 20 Races total,11,Day 3,,,,,,,,,,,,,,,Add new Team Comp as Day 3 - Team Comp 1,A Group,Narita Taishin,End Closer,Mid-CM Ace build in Grand Concert scenario,Taiki Shuttle,Pace Chaser,Mid-CM Ace build in Grand Concert scenario,Seiun Sky,Front Runner,Ace built for this CM before CM start in Grand Concert scenario,4 Attempts - 20 Races total,4,Go to Submit page,,,,,,,,,,,,,,,Re-use Day 3 - Team Comp 1 as Day 4 - Team Comp 1,A Group,,,,,,,,,,1 Attempt - 5 Races total,0,Day 4 - Add 2nd team,Add new Team Comp as Day 4 - Team Comp 2,Narita Taishin,End Closer,Ace built for this CM before CM start in Grand Concert scenario,Taiki Shuttle,Pace Chaser,Mid-CM Ace build in Grand Concert scenario,Seiun Sky,Front Runner,Ace built for this CM before CM start in Grand Concert scenario,3 Attempts - 15 Races total,7,2 teams,Go to Submit page,A Finals,11945,Re-use Day 4 - Team Comp 2 as Finals Team Comp,,,,,,,,,,https://drive.google.com/open?id=1tXYtf1a72d8djIZ-AChK2wjzUo4pgqLs,2nd,No (goes to Submit page),,,,,,,,,,,,,,,,,,,,
8/30/2026 16:17:35,Frozencup,Graded (No Uma Restrictions),Win A finals,I accept these terms,Day 1,Windows,$0,,21-30 (roughly 3-4 per day),,,,Silence Suzuka,Runaway,Ace built for this CM before CM start in Grand Concert scenario,3,,,,2,1,,Fine Motion (Wedding),Pace Chaser,Ace built for this CM before CM start in Grand Concert scenario,3,,,,2,1,,Fuji Kiseki,Front Runner,Ace built for this CM before CM start in Grand Concert scenario,3,,,,2,1,,4 Attempts - 20 Races total,11,Day 2,,,,,,,,,,,,,,Re-use Day 1 - Team Comp 1 as Day 2 - Team Comp 1,,,,,,,,,,4 Attempts - 20 Races total,17,Day 3,,,,,,,,,,,,,,,Re-use Day 2 - Team Comp 1 as Day 3 - Team Comp 1,A Group,,,,,,,,,,4 Attempts - 20 Races total,7,Go to Submit page,,,,,,,,,,,,,,,,,,,,,,,,,,,,,,,,,,,,,,,,,,,,,,,,,,,,,,,,,,,,,,,,,,,,,,,,,,,,,
8/31/2026 16:05:56,Sakura ChiyonoO,Graded (No Uma Restrictions),Win A finals,I accept these terms,Day 3,Windows,$0,,6-10 (roughly 1 per day),,,,Sakura Chiyono O,Pace Chaser,Ace built for this CM before CM start in Grand Concert scenario,3,,,,2,1,,Nishino Flower,Pace Chaser,Ace built for this CM before CM start in Grand Concert scenario,2,,1,,2,1,,Special Week,Pace Chaser,Ace built for this CM before CM start in Grand Concert scenario,3,,,,2,1,,4 Attempts - 20 Races total,13,Day 2,,,,,,,,,,,,,,Re-use Day 1 - Team Comp 1 as Day 2 - Team Comp 1,,,,,,,,,,4 Attempts - 20 Races total,12,Go to Submit page,,,,,,,,,,,,,,,Re-use Day 2 - Team Comp 1 as Day 3 - Team Comp 1,A Group,,,,,,,,,,4 Attempts - 20 Races total,9,Day 4,,,,,,,,,,,,,,,Re-use Day 3 - Team Comp 1 as Day 4 - Team Comp 1,A Group,,,,,,,,,,4 Attempts - 20 Races total,10,Go to Submit page,,,,,,,,,,,,,,,,,,,,,,,,,,,,,,,,,,,,,,,,,,,,,,,,,
9/3/2026 18:32:28,Machine,Graded (No Uma Restrictions),Win A finals,I accept these terms,Finals,"Android - phone or tablet, Windows",$101-500,780,46+ (more than 6 per day),"Discord - MooMooCord - https://discord.gg/Hc7cP9GB, YouTube - MooMooCows - https://www.youtube.com/@MooMooCows",,,Grass Wonder,Late Surger,Debuffer,,,,,,,,Oguri Cap,Late Surger,Ace built for this CM before CM start in Grand Concert scenario,2,,1,,2,1,,Symboli Rudolf,Late Surger,Debuffer,,,,,,,,4 Attempts - 20 Races total,14,Day 2,,,,,,,,,,,,,,Re-use Day 1 - Team Comp 1 as Day 2 - Team Comp 1,,,,,,,,,,4 Attempts - 20 Races total,19,Go to Submit page,,,,,,,,,,,,,,,Re-use Day 2 - Team Comp 1 as Day 3 - Team Comp 1,A Group,,,,,,,,,,4 Attempts - 20 Races total,11,Day 4,,,,,,,,,,,,,,,Re-use Day 3 - Team Comp 1 as Day 4 - Team Comp 1,A Group,,,,,,,,,,4 Attempts - 20 Races total,13,Go to Submit page,,,,,,,,,,,,,,,A Finals,,Re-use Day 4 - Team Comp 1 as Finals Team Comp,,,,,,,,,,,1st,,,,,,,,,,,Yes,CHILE CAMPEÓN!!!!!!,,,,,,,,,
9/2/2026 16:04:36,Mindory,Graded (No Uma Restrictions),Get into A finals,I accept these terms,Finals,"Android - phone or tablet, Windows",$1-100,617,11-20 (roughly 2-3 per day),Discord - MooMooCord - https://discord.gg/Hc7cP9GB,,,Kitasan Black,Front Runner,Ace built for this CM before CM start in Grand Concert scenario,3,0,0,0,2,1,0,Mihono Bourbon (Valentine),Front Runner,Ace built for this CM before CM start in Grand Concert scenario,2,0,0,0,3,1,0,Silence Suzuka,Runaway,Blocker/Overtake target/Throwaway/Niche role,0,0,1,0,3,2,0,3 Attempts - 15 Races total,5,Day 1 - Add 2nd Team,Kitasan Black,Front Runner,Ace built for this CM before CM start in Grand Concert scenario,Mihono Bourbon (Valentine),Front Runner,Ace built for this CM before CM start in Grand Concert scenario,Grass Wonder,Late Surger,Debuffer,1 Attempt - 5 Races total,2,2 teams,Day 2,Re-use Day 1 - Team Comp 2 as Day 2 - Team Comp 1,,,,,,,,,,1 Attempt - 5 Races total,3,Day 2 - Add 2nd Team,Re-use Day 1 - Team Comp 1 as Day 2 - Team Comp 2,,,,,,,,,,3 Attempts - 15 Races total,7,2 teams,Go to Submit page,Add new Team Comp as Day 3 - Team Comp 1,A Group,Kitasan Black,Front Runner,Ace built for this CM before CM start in Grand Concert scenario,Mihono Bourbon (Valentine),Front Runner,Ace built for this CM before CM start in Grand Concert scenario,Silence Suzuka,Runaway,Blocker/Overtake target/Throwaway/Niche role,4 Attempts - 20 Races total,6,Go to Submit page,,,,,,,,,,,,,,,Re-use Day 3 - Team Comp 1 as Day 4 - Team Comp 1,A Group,,,,,,,,,,4 Attempts - 20 Races total,6,Go to Submit page,,,,,,,,,,,,,,,A Finals,7588,Re-use Day 4 - Team Comp 1 as Finals Team Comp,,,,,,,,,,https://drive.google.com/open?id=1_909no4d2hUlW_XIWT85uiZW17cN6Z7o,3rd,No (goes to Submit page),,,,,,,,,,,,,,,,,,,,
9/2/2026 17:15:52,13deltas,Graded (No Uma Restrictions),Get into A finals,I accept these terms,Finals,iOS - phone or tablet,$0,1760,31-45 (roughly 5-6 per day),Discord - MooMooCord - https://discord.gg/Hc7cP9GB,5,:),Special Week,Pace Chaser,Ace built for this CM before CM start in Grand Concert scenario,3,,,,2,1,,Oguri Cap,Pace Chaser,Ace built for this CM before CM start in Grand Concert scenario,3,,,,2,1,,Taiki Shuttle,Pace Chaser,Ace built for this CM before CM start in Grand Concert scenario,3,,,,2,1,,4 Attempts - 20 Races total,14,Go to Submit page,,,,,,,,,,,,,,Re-use Day 1 - Team Comp 1 as Day 2 - Team Comp 1,,,,,,,,,,4 Attempts - 20 Races total,14,Go to Submit page,,,,,,,,,,,,,,,Re-use Day 2 - Team Comp 1 as Day 3 - Team Comp 1,A Group,,,,,,,,,,4 Attempts - 20 Races total,12,Go to Submit page,,,,,,,,,,,,,,,Re-use Day 3 - Team Comp 1 as Day 4 - Team Comp 1,A Group,,,,,,,,,,4 Attempts - 20 Races total,9,Go to Submit page,,,,,,,,,,,,,,,A Finals,10206,Re-use Day 4 - Team Comp 1 as Finals Team Comp,,,,,,,,,,https://drive.google.com/open?id=1RxqthRSSlVmTuNPHYwOK8NEYs6V6s5eM,2nd,Yes,https://drive.google.com/open?id=1x2oQqUZK9pLkJheHlWjEs70-pkzlPS8F,https://drive.google.com/open?id=1VLAv4VJHnVY4CkqhT6xyWmKRWOuuWwnY,,0,13,3,,0,https://drive.google.com/open?id=1DhMjXavwqIZDf7bd6vZDuoJOEqi0VGeW,,,,,,,,,,,
9/2/2026 17:36:15,Fnaa27,Graded (No Uma Restrictions),Win A finals,I accept these terms,Day 4,Windows,$0,,,YouTube - MooMooCows - https://www.youtube.com/@MooMooCows,4,,Grass Wonder,Late Surger,Ace built for this CM before CM start in Grand Concert scenario,,,,,,,,Agnes Tachyon,End Closer,Debuffer,,,,,,,,Symboli Rudolf,End Closer,Debuffer,,,,,,,,4 Attempts - 20 Races total,18,Day 2,,,,,,,,,,,,,,Re-use Day 1 - Team Comp 1 as Day 2 - Team Comp 1,,,,,,,,,,4 Attempts - 20 Races total,15,Day 3,,,,,,,,,,,,,,,Re-use Day 2 - Team Comp 1 as Day 3 - Team Comp 1,A Group,,,,,,,,,,4 Attempts - 20 Races total,16,Go to Submit page,,,,,,,,,,,,,,,Re-use Day 3 - Team Comp 1 as Day 4 - Team Comp 1,A Group,,,,,,,,,,4 Attempts - 20 Races total,15,Finals,,,,,,,,,,,,,,,A Finals,9429,Re-use Day 4 - Team Comp 1 as Finals Team Comp,,,,,,,,,,https://drive.google.com/open?id=1pNabgGMQXKPwEJZu7Lpzm1SXWWWfQiUH,1st,,,,,,,,,,,Yes,"The Lightning didn't Surger, but On Your Left there a Budding Blossom lead us to victory.",https://drive.google.com/open?id=1-QZLPeUsQkyohjPVErZO8y0bY01YaoBV,https://drive.google.com/open?id=1qMa5MxqW9g9YNfjwkLZ1o1SGs5pmjV4K,,,,,,,https://drive.google.com/open?id=1FNUmb0v-b9yK9evr_V3GQH20BhNbkMlw
9/2/2026 19:46:37,Oyasumi,Graded (No Uma Restrictions),Win A finals,I accept these terms,Finals,iOS - phone or tablet,$1-100,705,,Discord - MooMooCord - https://discord.gg/Hc7cP9GB,4,,,,,,,,,,,,,,,,,,,,,,,,,,,,,,,,,,,,,,,,,,,,,,,,,,,,,,,,,,,,,,,,,,,,,,,,,,,Add new Team Comp as Day 3 - Team Comp 1,A Group,Nice Nature,Late Surger,Mid-CM Ace build in Grand Concert scenario,King Halo,Late Surger,Mid-CM Ace build in Grand Concert scenario,Grass Wonder,End Closer,Debuffer,4 Attempts - 20 Races total,11,Go to Submit page,,,,,,,,,,,,,,,Re-use Day 3 - Team Comp 1 as Day 4 - Team Comp 1,A Group,,,,,,,,,,4 Attempts - 20 Races total,11,Go to Submit page,,,,,,,,,,,,,,,A Finals,13145,Re-use Day 4 - Team Comp 1 as Finals Team Comp,,,,,,,,,,,3rd,No (goes to Submit page),,,,,,,,,,,,,,,,,,,,
9/3/2026 3:07:13,Kaedenoki,Graded (No Uma Restrictions),Win A finals,I accept these terms,Day 4,,$1-100,2150,46+ (more than 6 per day),,,,Mayano Top Gun (Wedding),End Closer,Ace built for this CM before CM start in Grand Concert scenario,3,0,0,0,2,1,0,Grass Wonder,Front Runner,Blocker/Overtake target/Throwaway/Niche role,,,,,,,,Agnes Tachyon,End Closer,Debuffer,,,,,,,,4 Attempts - 20 Races total,14,Day 2,,,,,,,,,,,,,,Re-use Day 1 - Team Comp 1 as Day 2 - Team Comp 1,,,,,,,,,,4 Attempts - 20 Races total,11,Day 3,,,,,,,,,,,,,,,Re-use Day 2 - Team Comp 1 as Day 3 - Team Comp 1,A Group,,,,,,,,,,4 Attempts - 20 Races total,12,Go to Submit page,,,,,,,,,,,,,,,Re-use Day 3 - Team Comp 1 as Day 4 - Team Comp 1,A Group,,,,,,,,,,4 Attempts - 20 Races total,13,Finals,,,,,,,,,,,,,,,A Finals,6250,Re-use Day 4 - Team Comp 1 as Finals Team Comp,,,,,,,,,,,1st,,,,,,,,,,,Yes,kiseki-rem,,,,,,,,,
9/2/2026 16:37:10,Baskyat,Graded (No Uma Restrictions),Get into A finals,I accept these terms,Finals,"Android - phone or tablet, Windows",$101-500,1332,31-45 (roughly 5-6 per day),Discord - MooMooCord - https://discord.gg/Hc7cP9GB,5,,Kitasan Black,Front Runner,Ace built for this CM before CM start in Grand Concert scenario,3,0,0,0,2,1,0,Mihono Bourbon (Valentine),Front Runner,Ace built for this CM before CM start in Grand Concert scenario,3,0,0,0,2,1,0,Maruzensky (Summer),Front Runner,Ace built for this CM before CM start in Grand Concert scenario,3,0,0,0,2,1,0,4 Attempts - 20 Races total,12,Day 2,,,,,,,,,,,,,,Add new Team Comp as Day 2 - Team Comp 1,Kitasan Black,Front Runner,Ace built for this CM before CM start in Grand Concert scenario,Mihono Bourbon (Valentine),Front Runner,Ace built for this CM before CM start in Grand Concert scenario,Grass Wonder,Late Surger,Debuffer,4 Attempts - 20 Races total,15,Day 3,,,,,,,,,,,,,,,Re-use Day 2 - Team Comp 1 as Day 3 - Team Comp 1,A Group,,,,,,,,,,4 Attempts - 20 Races total,9,Go to Submit page,,,,,,,,,,,,,,,Re-use Day 3 - Team Comp 1 as Day 4 - Team Comp 1,A Group,,,,,,,,,,4 Attempts - 20 Races total,10,Go to Submit page,,,,,,,,,,,,,,,A Finals,12164,Re-use Day 4 - Team Comp 1 as Finals Team Comp,,,,,,,,,,https://drive.google.com/open?id=1Ni7md-gXGL0g4UNUc2Zg-OC4kkhesjOs,1st,,,,,,,,,,,Yes,I didn't even know her ult doesn't work coming into the CM,https://drive.google.com/open?id=1fZ_15SkEbfvRzfUX29qrZF4HtRPa0hyY,https://drive.google.com/open?id=1gW6CnuGpjxCwbVoCTWdjGDV2R_IrkAHV,,0,12,3,0,0,https://drive.google.com/open?id=1sriGuT4f4yzRvGYAKU-wBS_LvoiqmpoV
9/2/2026 17:14:51,Peanut,Graded (No Uma Restrictions),Win A finals,I accept these terms,Finals,"Android - phone or tablet, Windows",$5000+,1548,46+ (more than 6 per day),Discord - MooMooCord - https://discord.gg/Hc7cP9GB,4,Blessge,Rice Shower,Pace Chaser,Ace built for this CM before CM start in Grand Concert scenario,3,,,,2,1,,Grass Wonder,Late Surger,Ace built for this CM before CM start in Grand Concert scenario,2,,1,,2,1,,Sakura Chiyono O,Pace Chaser,Ace built for this CM before CM start in Grand Concert scenario,3,,,,2,1,,4 Attempts - 20 Races total,16,Day 2,,,,,,,,,,,,,,Re-use Day 1 - Team Comp 1 as Day 2 - Team Comp 1,,,,,,,,,,4 Attempts - 20 Races total,17,Day 3,,,,,,,,,,,,,,,Re-use Day 2 - Team Comp 1 as Day 3 - Team Comp 1,A Group,,,,,,,,,,4 Attempts - 20 Races total,15,Go to Submit page,,,,,,,,,,,,,,,Re-use Day 3 - Team Comp 1 as Day 4 - Team Comp 1,A Group,,,,,,,,,,4 Attempts - 20 Races total,16,Go to Submit page,,,,,,,,,,,,,,,A Finals,10170,Re-use Day 4 - Team Comp 1 as Finals Team Comp,,,,,,,,,,https://drive.google.com/open?id=1n0QawDmhdR4pEA0TWdaehb_OIg4QWmdb,1st,,,,,,,,,,,No,,https://drive.google.com/open?id=1RGP-pqQKsbtQR7bv4ZHK_uZlpRyGVsTw,https://drive.google.com/open?id=10GEiMBQxGMfpwUAdtGenb1YmwY_uRAAm,,,8,9,,,https://drive.google.com/open?id=1PleoLffBZyMxKBK8u2WlTVYI4tuPS9ey
9/2/2026 18:02:26,lp,Graded (No Uma Restrictions),Win A finals,I accept these terms,Finals,"iOS - phone or tablet, Windows",$0,1450,6-10 (roughly 1 per day),,,,Taiki Shuttle,Pace Chaser,Ace built for this CM before CM start in Grand Concert scenario,3,0,0,0,2,1,0,Seeking the Pearl,Pace Chaser,Ace built for this CM before CM start in Grand Concert scenario,3,0,0,0,2,1,0,Hishi Amazon,End Closer,Ace built for this CM before CM start in Grand Concert scenario,3,0,0,0,2,1,0,4 Attempts - 20 Races total,12,Day 2,,,,,,,,,,,,,,Add new Team Comp as Day 2 - Team Comp 1,Seeking the Pearl,Pace Chaser,Ace built for this CM before CM start in Grand Concert scenario,Hishi Amazon,End Closer,Ace built for this CM before CM start in Grand Concert scenario,Grass Wonder,End Closer,Debuffer,4 Attempts - 20 Races total,13,Day 3,,,,,,,,,,,,,,,Add new Team Comp as Day 3 - Team Comp 1,A Group,Seeking the Pearl,Pace Chaser,Ace built for this CM before CM start in Grand Concert scenario,Taiki Shuttle,Pace Chaser,Ace built for this CM before CM start in Grand Concert scenario,Grass Wonder,End Closer,Debuffer,4 Attempts - 20 Races total,10,Go to Submit page,,,,,,,,,,,,,,,Re-use Day 3 - Team Comp 1 as Day 4 - Team Comp 1,A Group,,,,,,,,,,4 Attempts - 20 Races total,14,Go to Submit page,,,,,,,,,,,,,,,A Finals,10242,Re-use Day 4 - Team Comp 1 as Finals Team Comp,,,,,,,,,,,2nd,No (goes to Submit page),,,,,,,,,,,,,,,,,,,,
9/2/2026 22:23:27,Xyba,Graded (No Uma Restrictions),Win A finals,I accept these terms,Finals,Windows,$1-100,1512,31-45 (roughly 5-6 per day),Discord - MooMooCord - https://discord.gg/Hc7cP9GB,5,,Mayano Top Gun,Pace Chaser,Ace built for this CM before CM start in Grand Concert scenario,3,0,0,0,2,1,0,Oguri Cap,Pace Chaser,Ace built for this CM before CM start in Grand Concert scenario,3,0,0,0,2,1,0,Grass Wonder,Late Surger,Debuffer,3,0,0,0,3,0,0,4 Attempts - 20 Races total,12,Day 2,,,,,,,,,,,,,,Re-use Day 1 - Team Comp 1 as Day 2 - Team Comp 1,,,,,,,,,,4 Attempts - 20 Races total,15,Go to Submit page,,,,,,,,,,,,,,,Re-use Day 2 - Team Comp 1 as Day 3 - Team Comp 1,A Group,,,,,,,,,,4 Attempts - 20 Races total,8,Go to Submit page,,,,,,,,,,,,,,,Re-use Day 3 - Team Comp 1 as Day 4 - Team Comp 1,A Group,,,,,,,,,,4 Attempts - 20 Races total,13,Go to Submit page,,,,,,,,,,,,,,,A Finals,12127,Re-use Day 4 - Team Comp 1 as Finals Team Comp,,,,,,,,,,https://drive.google.com/open?id=1DST5eapHCQVJ_r2ImXWGUoSOqW41eH98,1st,,,,,,,,,,,No,"there's no way this wins Oshi Award, lol",https://drive.google.com/open?id=1NJCtJKVxuCFoHyVRjff47EbBVqLbbLUu,https://drive.google.com/open?id=1Dg3MD5C9DtX1BpVAaHxSq3r0SCreDz1p,,2,10,2,0,0,https://drive.google.com/open?id=1nvLZQw7E35FX0wyH-tymYtZBDNbSM-0P
8/31/2026 15:38:48,bignuts5547,Graded (No Uma Restrictions),Win A finals,I accept these terms,Day 4,"iOS - phone or tablet, Windows",$1-100,910,31-45 (roughly 5-6 per day),"Discord - MooMooCord - https://discord.gg/Hc7cP9GB, YouTube - MooMooCows - https://www.youtube.com/@MooMooCows",5,,Meisho Doto (Halloween),Pace Chaser,Ace built for this CM before CM start in Grand Concert scenario,3,,,,1,0,,Taiki Shuttle,Pace Chaser,Ace built for this CM before CM start in Grand Concert scenario,3,,,,1,0,,Grass Wonder,Late Surger,Debuffer,,,,1,5,,,4 Attempts - 20 Races total,16,Day 2,,,,,,,,,,,,,,Re-use Day 1 - Team Comp 1 as Day 2 - Team Comp 1,,,,,,,,,,4 Attempts - 20 Races total,11,Day 3,,,,,,,,,,,,,,,Re-use Day 2 - Team Comp 1 as Day 3 - Team Comp 1,A Group,,,,,,,,,,4 Attempts - 20 Races total,12,Go to Submit page,,,,,,,,,,,,,,,Re-use Day 3 - Team Comp 1 as Day 4 - Team Comp 1,A Group,,,,,,,,,,4 Attempts - 20 Races total,8,Go to Submit page,,,,,,,,,,,,,,,,,,,,,,,,,,,,,,,,,,,,,,,,,,,,,,,,,
9/2/2026 18:00:25,levi,Graded (No Uma Restrictions),Win A finals,I accept these terms,Finals,"iOS - phone or tablet, Windows",$101-500,,31-45 (roughly 5-6 per day),"Discord - MooMooCord - https://discord.gg/Hc7cP9GB, Twitch - MooMooCows - https://www.twitch.tv/moomoomoocows, YouTube - MooMooCows - https://www.youtube.com/@MooMooCows",4,,Fine Motion (Wedding),Pace Chaser,Ace built for this CM before CM start in Grand Concert scenario,3,,,,2,1,,Grass Wonder,End Closer,Debuffer,,,,,,,,Eishin Flash (Valentine),Front Runner,Debuffer,,,,,,,,4 Attempts - 20 Races total,17,Day 2,,,,,,,,,,,,,,Re-use Day 1 - Team Comp 1 as Day 2 - Team Comp 1,,,,,,,,,,4 Attempts - 20 Races total,17,Day 3,,,,,,,,,,,,,,,Re-use Day 2 - Team Comp 1 as Day 3 - Team Comp 1,A Group,,,,,,,,,,4 Attempts - 20 Races total,11,Go to Submit page,,,,,,,,,,,,,,,Re-use Day 3 - Team Comp 1 as Day 4 - Team Comp 1,A Group,,,,,,,,,,4 Attempts - 20 Races total,14,Go to Submit page,,,,,,,,,,,,,,,A Finals,13409,Re-use Day 4 - Team Comp 1 as Finals Team Comp,,,,,,,,,,https://drive.google.com/open?id=1LdtNo2NLKzvDG1f1tydRTyx_lzNfBbdf,1st,,,,,,,,,,,No,,,,,,,,,,
9/2/2026 22:28:01,Murada,Graded (No Uma Restrictions),Win A finals,I accept these terms,Day 1,Android - phone or tablet,$1-100,,21-30 (roughly 3-4 per day),Twitch - MooMooCows - https://www.twitch.tv/moomoomoocows,5,,Mihono Bourbon (Valentine),Front Runner,Ace built for this CM before CM start in Grand Concert scenario,3,,,,2,0,,Seiun Sky,Front Runner,Ace built for this CM before CM start in Grand Concert scenario,3,,,,2,0,,Fine Motion (Wedding),Pace Chaser,Ace built for this CM before CM start in Grand Concert scenario,3,,,,2,0,,4 Attempts - 20 Races total,16,Day 2,,,,,,,,,,,,,,Re-use Day 1 - Team Comp 1 as Day 2 - Team Comp 1,,,,,,,,,,4 Attempts - 20 Races total,16,Day 3,,,,,,,,,,,,,,,Re-use Day 2 - Team Comp 1 as Day 3 - Team Comp 1,A Group,,,,,,,,,,4 Attempts - 20 Races total,16,Day 4,,,,,,,,,,,,,,,Re-use Day 3 - Team Comp 1 as Day 4 - Team Comp 1,A Group,,,,,,,,,,4 Attempts - 20 Races total,13,Finals,,,,,,,,,,,,,,,A Finals,9901,Re-use Day 4 - Team Comp 1 as Finals Team Comp,,,,,,,,,,https://drive.google.com/open?id=1Ouo1aNU7Im3fRl7_LEPq_pWOiUUDcgAM,1st,,,,,,,,,,,Yes,shame on xoguri players,https://drive.google.com/open?id=1HjmxItGVkAO--aYx2aSWPJ_BbWZT3veN,https://drive.google.com/open?id=1OydxqUH5NpHNaBYXNKWheWp6qIuV2Yep,,,,,,,
8/31/2026 20:57:32,HFS,Graded (No Uma Restrictions),Win A finals,I accept these terms,Day 4,"Android - phone or tablet, Windows",$101-500,,31-45 (roughly 5-6 per day),Discord - MooMooCord - https://discord.gg/Hc7cP9GB,5,,Matikanetannhauser,Late Surger,Ace built for this CM before CM start in Grand Concert scenario,3,0,0,0,2,1,0,Special Week,Late Surger,Ace built for this CM before CM start in Grand Concert scenario,3,0,0,0,2,1,0,Symboli Rudolf,End Closer,Debuffer,2,0,1,0,2,1,0,4 Attempts - 20 Races total,15,Day 2,,,,,,,,,,,,,,Re-use Day 1 - Team Comp 1 as Day 2 - Team Comp 1,,,,,,,,,,4 Attempts - 20 Races total,13,Day 3,,,,,,,,,,,,,,,Re-use Day 2 - Team Comp 1 as Day 3 - Team Comp 1,A Group,,,,,,,,,,4 Attempts - 20 Races total,11,Go to Submit page,,,,,,,,,,,,,,,Re-use Day 3 - Team Comp 1 as Day 4 - Team Comp 1,A Group,,,,,,,,,,4 Attempts - 20 Races total,13,Go to Submit page,,,,,,,,,,,,,,,,,,,,,,,,,,,,,,,,,,,,,,,,,,,,,,,,,
8/31/2026 19:51:56,Lorli,Graded (No Uma Restrictions),Win A finals,I accept these terms,Day 3,Android - phone or tablet,$0,3000,46+ (more than 6 per day),Discord - MooMooCord - https://discord.gg/Hc7cP9GB,5,,Oguri Cap (Christmas),End Closer,Ace built for this CM before CM start in Grand Concert scenario,2,0,1,0,2,1,0,Nishino Flower,Pace Chaser,Ace built for this CM before CM start in Grand Concert scenario,3,,0,0,2,1,0,Taiki Shuttle,Pace Chaser,Ace built for this CM before CM start in Grand Concert scenario,3,0,0,0,2,1,0,4 Attempts - 20 Races total,12,Day 2,,,,,,,,,,,,,,Re-use Day 1 - Team Comp 1 as Day 2 - Team Comp 1,,,,,,,,,,4 Attempts - 20 Races total,13,Go to Submit page,,,,,,,,,,,,,,,Re-use Day 2 - Team Comp 1 as Day 3 - Team Comp 1,A Group,,,,,,,,,,4 Attempts - 20 Races total,10,Day 4,,,,,,,,,,,,,,,Re-use Day 3 - Team Comp 1 as Day 4 - Team Comp 1,A Group,,,,,,,,,,4 Attempts - 20 Races total,10,Go to Submit page,,,,,,,,,,,,,,,,,,,,,,,,,,,,,,,,,,,,,,,,,,,,,,,,,
9/2/2026 16:45:34,Pakay,Graded (No Uma Restrictions),Get into A finals,I accept these terms,Finals,"Android - phone or tablet, Windows",$0,1115,31-45 (roughly 5-6 per day),"Twitch - MooMooCows - https://www.twitch.tv/moomoomoocows, YouTube - MooMooCows - https://www.youtube.com/@MooMooCows",5,,Seiun Sky,Front Runner,Ace built for this CM before CM start in Grand Concert scenario,3,0,0,0,2,1,0,Narita Brian,Pace Chaser,Ace built for this CM before CM start in Grand Concert scenario,3,0,0,0,2,1,0,Oguri Cap (Christmas),End Closer,Ace built for this CM before CM start in Grand Concert scenario,3,0,0,0,2,1,0,4 Attempts - 20 Races total,14,Day 2,,,,,,,,,,,,,,Re-use Day 1 - Team Comp 1 as Day 2 - Team Comp 1,,,,,,,,,,4 Attempts - 20 Races total,17,Day 3,,,,,,,,,,,,,,,Add new Team Comp as Day 3 - Team Comp 1,A Group,Seiun Sky,Front Runner,Ace built for this CM before CM start in Grand Concert scenario,Taiki Shuttle,Pace Chaser,Ace built for this CM before CM start in Grand Concert scenario,Oguri Cap (Christmas),End Closer,Ace built for this CM before CM start in Grand Concert scenario,4 Attempts - 20 Races total,15,Go to Submit page,,,,,,,,,,,,,,,Add a new Team Comp as Day 4 - Team Comp 1,A Group,Seiun Sky,Front Runner,Ace built for this CM before CM start in Grand Concert scenario,Taiki Shuttle,Pace Chaser,Mid-CM Ace build in Grand Concert scenario,Oguri Cap (Christmas),End Closer,Ace built for this CM before CM start in Grand Concert scenario,4 Attempts - 20 Races total,12,Go to Submit page,,,,,,,,,,,,,,,A Finals,9728,Re-use Day 4 - Team Comp 1 as Finals Team Comp,,,,,,,,,,https://drive.google.com/open?id=1CjjzM0g1_xlRpNFTNC2HdCpwg1RuYrFI,2nd,No (goes to Submit page),,,,,,,,,,,,,,,,,,,,
9/2/2026 15:58:42,Patch,Graded (No Uma Restrictions),Win A finals,I accept these terms,Finals,,$5000+,1742,21-30 (roughly 3-4 per day),"Discord - MooMooCord - https://discord.gg/Hc7cP9GB, YouTube - MooMooCows - https://www.youtube.com/@MooMooCows",5,,Rice Shower,Pace Chaser,Ace built for this CM before CM start in Grand Concert scenario,3,0,0,0,2,1,0,Mihono Bourbon (Valentine),Front Runner,Ace built for this CM before CM start in Grand Concert scenario,3,0,0,0,2,1,0,Silence Suzuka,Runaway,Ace built for this CM before CM start in Grand Concert scenario,2,0,0,0,3,1,0,4 Attempts - 20 Races total,16,Day 2,,,,,,,,,,,,,,Re-use Day 1 - Team Comp 1 as Day 2 - Team Comp 1,,,,,,,,,,4 Attempts - 20 Races total,16,Day 3,,,,,,,,,,,,,,,Re-use Day 2 - Team Comp 1 as Day 3 - Team Comp 1,A Group,,,,,,,,,,4 Attempts - 20 Races total,12,Go to Submit page,,,,,,,,,,,,,,,Re-use Day 3 - Team Comp 1 as Day 4 - Team Comp 1,A Group,,,,,,,,,,4 Attempts - 20 Races total,10,Go to Submit page,,,,,,,,,,,,,,,A Finals,10549,Re-use Day 4 - Team Comp 1 as Finals Team Comp,,,,,,,,,,https://drive.google.com/open?id=1TlDxT_aOj28tcwnSpV4YWsDSZn6csUVF,1st,,,,,,,,,,,Yes,No. 9 Fav; 1st place.,https://drive.google.com/open?id=1Amk_squwuSeXqEqm1JJ4R9-R9pCRtEr_,https://drive.google.com/open?id=1HO780NGQuaTD67Ehc2_C_1JFn9KQq83R,,2,8,5,0,0,https://drive.google.com/open?id=16mc5NfVEMIlfQFtqjRafK0RBzhV88mdt
9/1/2026 6:01:28,NEGUS,Graded (No Uma Restrictions),Win A finals,I accept these terms,Day 3,"iOS - phone or tablet, Windows",,,,,,,Mejiro Dober (Camping),Late Surger,Ace built for this CM before CM start in Grand Concert scenario,,,,,,,,Taiki Shuttle (Camping),Pace Chaser,Ace built for this CM before CM start in Grand Concert scenario,,,,,,,,Symboli Rudolf,End Closer,Debuffer,,,,,,,,4 Attempts - 20 Races total,19,Day 2,,,,,,,,,,,,,,Re-use Day 1 - Team Comp 1 as Day 2 - Team Comp 1,,,,,,,,,,4 Attempts - 20 Races total,15,Day 3,,,,,,,,,,,,,,,Re-use Day 2 - Team Comp 1 as Day 3 - Team Comp 1,A Group,,,,,,,,,,4 Attempts - 20 Races total,14,Day 4,,,,,,,,,,,,,,,Re-use Day 3 - Team Comp 1 as Day 4 - Team Comp 1,A Group,,,,,,,,,,4 Attempts - 20 Races total,14,Go to Submit page,,,,,,,,,,,,,,,,,,,,,,,,,,,,,,,,,,,,,,,,,,,,,,,,,
9/2/2026 15:51:26,Arice12180,Graded (No Uma Restrictions),Win A finals,I accept these terms,Finals,Windows,$501-1000,2335,46+ (more than 6 per day),Discord - MooMooCord - https://discord.gg/Hc7cP9GB,5,,Smart Falcon,Front Runner,Ace built for this CM before CM start in Grand Concert scenario,3,0,0,0,2,1,0,Symboli Rudolf,End Closer,Debuffer,,,,,,,,Grass Wonder,End Closer,Debuffer,,,,,,,,4 Attempts - 20 Races total,13,Day 2,,,,,,,,,,,,,,Re-use Day 1 - Team Comp 1 as Day 2 - Team Comp 1,,,,,,,,,,4 Attempts - 20 Races total,18,Day 3,,,,,,,,,,,,,,,Re-use Day 2 - Team Comp 1 as Day 3 - Team Comp 1,A Group,,,,,,,,,,4 Attempts - 20 Races total,18,Go to Submit page,,,,,,,,,,,,,,,Re-use Day 3 - Team Comp 1 as Day 4 - Team Comp 1,A Group,,,,,,,,,,4 Attempts - 20 Races total,14,Go to Submit page,,,,,,,,,,,,,,,A Finals,10956,Re-use Day 4 - Team Comp 1 as Finals Team Comp,,,,,,,,,,https://drive.google.com/open?id=1z29CVKrXsozLutGfCDSFt_hoGA3Iw7Hi,1st,,,,,,,,,,,Yes,Buy Maverick ,https://drive.google.com/open?id=1KqgGjK7e7ljgH6zMfxovNOcMLvtQpxSW,https://drive.google.com/open?id=1bGbbr6PxftyRvbZIfLlg0zx6QTHCYOeP,,2,6,8,0,0,https://drive.google.com/open?id=14HAVd6TqW3H6P_8y8nAvHUcLf81KrMtp
9/2/2026 19:04:31,Aqua Tech,Graded (No Uma Restrictions),Win A finals,I accept these terms,Finals,Windows,$1-100,1151,31-45 (roughly 5-6 per day),Discord - MooMooCord - https://discord.gg/Hc7cP9GB,4,Clarify if the weekly career count include independent run or only count manual run,Agnes Digital,End Closer,Ace built for this CM before CM start in Grand Concert scenario,3,0,1,0,1,1,0,Taiki Shuttle,Pace Chaser,Ace built for this CM before CM start in Grand Concert scenario,2,0,0,0,3,1,0,Symboli Rudolf,Front Runner,Debuffer,1,1,0,0,4,0,0,4 Attempts - 20 Races total,13,Day 2,,,,,,,,,,,,,,Add new Team Comp as Day 2 - Team Comp 1,Agnes Digital,Late Surger,Mid-CM Ace build in Grand Concert scenario,Taiki Shuttle,Pace Chaser,Ace built for this CM before CM start in Grand Concert scenario,Symboli Rudolf,Front Runner,Debuffer,4 Attempts - 20 Races total,14,Day 3,,,,,,,,,,,,,,,Re-use Day 2 - Team Comp 1 as Day 3 - Team Comp 1,A Group,,,,,,,,,,4 Attempts - 20 Races total,14,Go to Submit page,,,,,,,,,,,,,,,Re-use Day 3 - Team Comp 1 as Day 4 - Team Comp 1,A Group,,,,,,,,,,4 Attempts - 20 Races total,18,Go to Submit page,,,,,,,,,,,,,,,A Finals,11188,Re-use Day 4 - Team Comp 1 as Finals Team Comp,,,,,,,,,,https://drive.google.com/open?id=1kdhwGOeQf0hFBrMDjCGUqyIPBuPrjd_8,2nd,Yes,https://drive.google.com/open?id=1rwmnx62jHBVCmZuUj0grO28c_YVpCdmC,https://drive.google.com/open?id=1TQcV3wSJeNzR4GL-dj9hlmZwKe3MdJUj,https://drive.google.com/open?id=1GvSlzDVbuy365hcY3s9lQsXJLQE1aDvn,0,13,0,1,0,https://drive.google.com/open?id=1aYF4KqRY4XAWcVn2d0l3PeHZbC4NHC0L,,,,,,,,,,,
9/3/2026 3:47:02,Yoximura,Graded (No Uma Restrictions),Win A finals,I accept these terms,Day 4,"iOS - phone or tablet, Windows",$101-500,935,31-45 (roughly 5-6 per day),Discord - MooMooCord - https://discord.gg/Hc7cP9GB,5,,Fine Motion,Pace Chaser,Ace built for this CM before CM start in Grand Concert scenario,3,0,0,0,2,1,,Tamamo Cross,Late Surger,Ace built for this CM before CM start in Grand Concert scenario,2,0,1,0,1,1,,Inari One,Late Surger,Ace built for this CM before CM start in Grand Concert scenario,2,0,1,0,1,1,,4 Attempts - 20 Races total,13,Day 2,,,,,,,,,,,,,,Add new Team Comp as Day 2 - Team Comp 1,Tamamo Cross,Late Surger,Ace built for this CM before CM start in Unity Cup scenario,Fine Motion,Pace Chaser,Ace built for this CM before CM start in Grand Concert scenario,Narita Taishin,End Closer,Mid-CM Ace build in Grand Concert scenario,4 Attempts - 20 Races total,17,Day 3,,,,,,,,,,,,,,,Re-use Day 2 - Team Comp 2 as Day 3 - Team Comp 1,A Group,,,,,,,,,,4 Attempts - 20 Races total,11,Go to Submit page,,,,,,,,,,,,,,,Re-use Day 3 - Team Comp 1 as Day 4 - Team Comp 1,A Group,,,,,,,,,,4 Attempts - 20 Races total,15,Finals,,,,,,,,,,,,,,,A Finals,10809,Add new Team Comp as Finals Team Comp,Tamamo Cross,Late Surger,Ace built for this CM before CM start in Grand Concert scenario,Fine Motion,Pace Chaser,Ace built for this CM before CM start in Grand Concert scenario,Special Week,Late Surger,Mid-CM Ace build in Grand Concert scenario,https://drive.google.com/open?id=1s4S6QmWoV8Q0iZX-ZF3iJdTljFa2UJa5,1st,,,,,,,,,,,Yes,Tamamo Cross,https://drive.google.com/open?id=1ALBK75mRjcFOHS36blxEoxUdV8xf6hIj,https://drive.google.com/open?id=1u1vF3kGmWj9jBCI7f-GIjCXG2NxqmdnQ,,2,3,10,0,0,https://drive.google.com/open?id=1_uxaykgdYO4ftCxpuT9g8RnZBpWwnTmW
9/2/2026 20:26:09,Cinder,Graded (No Uma Restrictions),Win A finals,I accept these terms,Finals,"iOS - phone or tablet, Windows",$501-1000,1237,31-45 (roughly 5-6 per day),Discord - MooMooCord - https://discord.gg/Hc7cP9GB,5,,Daiwa Scarlet,Front Runner,Ace built for this CM before CM start in Grand Concert scenario,3,0,0,0,2,1,0,Seiun Sky,Front Runner,Ace built for this CM before CM start in Grand Concert scenario,3,0,0,0,2,1,0,Taiki Shuttle,Pace Chaser,Ace built for this CM before CM start in Grand Concert scenario,3,0,0,0,2,1,0,4 Attempts - 20 Races total,12,Day 2,,,,,,,,,,,,,,Re-use Day 1 - Team Comp 1 as Day 2 - Team Comp 1,,,,,,,,,,4 Attempts - 20 Races total,13,Day 3,,,,,,,,,,,,,,,Re-use Day 2 - Team Comp 1 as Day 3 - Team Comp 1,A Group,,,,,,,,,,4 Attempts - 20 Races total,13,Go to Submit page,,,,,,,,,,,,,,,Re-use Day 3 - Team Comp 1 as Day 4 - Team Comp 1,A Group,,,,,,,,,,4 Attempts - 20 Races total,9,Go to Submit page,,,,,,,,,,,,,,,A Finals,10659,Re-use Day 4 - Team Comp 1 as Finals Team Comp,,,,,,,,,,https://drive.google.com/open?id=1mqAbPu8CrRKAMy4ry_Anv-2uIlWvDqqo,2nd,Yes,https://drive.google.com/open?id=138emO7Y73cBWG6L1vhw9mrJ7JbHRemue,https://drive.google.com/open?id=12WSr2m-kNBm8WeQZI1Hwgbj2iuoMJESz,,0,4,12,0,0,https://drive.google.com/open?id=13YJCvlYWcoOFiJb81Fsxn3RY2Xusdilc,,,,,,,,,,,
8/31/2026 20:42:11,Jikuto,Graded (No Uma Restrictions),Win A finals,I accept these terms,Day 4,"Android - phone or tablet, Windows",$1-100,1538,21-30 (roughly 3-4 per day),Rather not say,,,Oguri Cap (Christmas),End Closer,Ace built for this CM before CM start in Grand Concert scenario,2,0,1,0,2,1,0,Nishino Flower,Pace Chaser,Ace built for this CM before CM start in Grand Concert scenario,3,0,0,0,2,1,0,Grass Wonder,Late Surger,Debuffer,1,0,0,0,5,0,0,4 Attempts - 20 Races total,15,Day 2,,,,,,,,,,,,,,Re-use Day 1 - Team Comp 1 as Day 2 - Team Comp 1,,,,,,,,,,4 Attempts - 20 Races total,17,Day 3,,,,,,,,,,,,,,,Re-use Day 2 - Team Comp 1 as Day 3 - Team Comp 1,A Group,,,,,,,,,,4 Attempts - 20 Races total,15,Go to Submit page,,,,,,,,,,,,,,,Re-use Day 3 - Team Comp 1 as Day 4 - Team Comp 1,A Group,,,,,,,,,,4 Attempts - 20 Races total,12,Go to Submit page,,,,,,,,,,,,,,,,,,,,,,,,,,,,,,,,,,,,,,,,,,,,,,,,,
9/2/2026 19:47:51,nightsandwich,Graded (No Uma Restrictions),Win A finals,I accept these terms,Finals,"Android - phone or tablet, Windows",$1-100,,31-45 (roughly 5-6 per day),Discord - MooMooCord - https://discord.gg/Hc7cP9GB,,,T.M. Opera O,Pace Chaser,Ace built for this CM before CM start in Grand Concert scenario,3,0,0,0,2,1,0,Oguri Cap (Christmas),End Closer,Ace built for this CM before CM start in Grand Concert scenario,2,0,1,0,2,1,0,Grass Wonder,Late Surger,Debuffer,1,0,1,0,3,1,0,4 Attempts - 20 Races total,15,Day 2,,,,,,,,,,,,,,Re-use Day 1 - Team Comp 1 as Day 2 - Team Comp 1,,,,,,,,,,4 Attempts - 20 Races total,14,Go to Submit page,,,,,,,,,,,,,,,Re-use Day 2 - Team Comp 1 as Day 3 - Team Comp 1,A Group,,,,,,,,,,4 Attempts - 20 Races total,9,Go to Submit page,,,,,,,,,,,,,,,Re-use Day 3 - Team Comp 1 as Day 4 - Team Comp 1,A Group,,,,,,,,,,4 Attempts - 20 Races total,12,Go to Submit page,,,,,,,,,,,,,,,A Finals,,Re-use Day 4 - Team Comp 1 as Finals Team Comp,,,,,,,,,,,3rd,No (goes to Submit page),,,,,,,,,,,,,,,,,,,,
9/1/2026 2:43:08,Seeher,Graded (No Uma Restrictions),Win A finals,I accept these terms,Day 4,"Android - phone or tablet, Windows",$0,2037,31-45 (roughly 5-6 per day),Discord - MooMooCord - https://discord.gg/Hc7cP9GB,5,,Aston Machan,Front Runner,Ace built for this CM before CM start in Grand Concert scenario,2,0,1,0,2,1,0,Silence Suzuka,Runaway,Ace built for this CM before CM start in Grand Concert scenario,2,0,1,0,2,1,0,Mihono Bourbon (Valentine),Front Runner,Ace built for this CM before CM start in Grand Concert scenario,3,0,0,0,2,1,0,4 Attempts - 20 Races total,15,Day 2,,,,,,,,,,,,,,Re-use Day 1 - Team Comp 1 as Day 2 - Team Comp 1,,,,,,,,,,4 Attempts - 20 Races total,15,Day 3,,,,,,,,,,,,,,,Re-use Day 2 - Team Comp 1 as Day 3 - Team Comp 1,A Group,,,,,,,,,,4 Attempts - 20 Races total,14,Go to Submit page,,,,,,,,,,,,,,,Re-use Day 3 - Team Comp 1 as Day 4 - Team Comp 1,A Group,,,,,,,,,,4 Attempts - 20 Races total,14,Go to Submit page,,,,,,,,,,,,,,,,,,,,,,,,,,,,,,,,,,,,,,,,,,,,,,,,,
9/2/2026 17:43:51,Enel,Graded (No Uma Restrictions),Win A finals,I accept these terms,Finals,Windows,$1-100,,,Discord - MooMooCord - https://discord.gg/Hc7cP9GB,,,Yukino Bijin,Pace Chaser,Ace built for this CM before CM start in Grand Concert scenario,3,,,,2,1,,Grass Wonder,Late Surger,Debuffer,,,,,,,,Symboli Rudolf,End Closer,Debuffer,,,,,,,,4 Attempts - 20 Races total,14,Day 2,,,,,,,,,,,,,,Re-use Day 1 - Team Comp 1 as Day 2 - Team Comp 1,,,,,,,,,,4 Attempts - 20 Races total,14,Day 3,,,,,,,,,,,,,,,Re-use Day 2 - Team Comp 1 as Day 3 - Team Comp 1,A Group,,,,,,,,,,4 Attempts - 20 Races total,14,Go to Submit page,,,,,,,,,,,,,,,Re-use Day 3 - Team Comp 1 as Day 4 - Team Comp 1,A Group,,,,,,,,,,4 Attempts - 20 Races total,14,Finals,,,,,,,,,,,,,,,A Finals,15132,Re-use Day 4 - Team Comp 1 as Finals Team Comp,,,,,,,,,,https://drive.google.com/open?id=1AaK-uav1P-_mAOIi7dI3clwuzoVMEVhr,1st,,,,,,,,,,,Yes,I LOVE GENKI GIRLS,https://drive.google.com/open?id=19FQ8rFgiN1cbf_V0Qc5p9ZEokSHyRB5m,https://drive.google.com/open?id=1N_LBcfFRXdwwKbK8_Y23v9XrK3sOtiGu,,,6,11,,,https://drive.google.com/open?id=1ti3r19YwtOvGFW1CrfpmSfE2XZbf7mmF
9/1/2026 7:18:34,Haiji@FLNA,Graded (No Uma Restrictions),Get into A finals,I accept these terms,Day 1,Android - phone or tablet,$0,630,21-30 (roughly 3-4 per day),Discord - MooMooCord - https://discord.gg/Hc7cP9GB,5,"Nothing really, good form!",Silence Suzuka,Front Runner,Ace built for this CM before CM start in Grand Concert scenario,3,,,,2,1,,Mejiro Dober (Camping),Late Surger,Ace built for this CM before CM start in Grand Concert scenario,2,,1,,2,1,,Taiki Shuttle,Pace Chaser,Ace built for this CM before CM start in Grand Concert scenario,3,,,,2,1,,4 Attempts - 20 Races total,8,Day 2,,,,,,,,,,,,,,Re-use Day 1 - Team Comp 1 as Day 2 - Team Comp 1,,,,,,,,,,4 Attempts - 20 Races total,9,Day 3,,,,,,,,,,,,,,,Add new Team Comp as Day 3 - Team Comp 1,A Group,Taiki Shuttle,Pace Chaser,Mid-CM Ace build in Grand Concert scenario,Mejiro Dober (Camping),Late Surger,Mid-CM Ace build in Grand Concert scenario,Fine Motion,Pace Chaser,Mid-CM Ace build in Grand Concert scenario,4 Attempts - 20 Races total,7,Day 4,,,,,,,,,,,,,,,Re-use Day 3 - Team Comp 1 as Day 4 - Team Comp 1,A Group,,,,,,,,,,4 Attempts - 20 Races total,3,Go to Submit page,,,,,,,,,,,,,,,,,,,,,,,,,,,,,,,,,,,,,,,,,,,,,,,,,
9/2/2026 15:36:12,iSushi,Graded (No Uma Restrictions),Collect participation rewards,I accept these terms,Finals,"iOS - phone or tablet, Windows",$1001-5000,,6-10 (roughly 1 per day),"Discord - Pakacord! - https://discord.gg/6mwHqhBm, YouTube - MooMooCows - https://www.youtube.com/@MooMooCows",5,,King Halo,Late Surger,Ace built for this CM before CM start in Grand Concert scenario,2,0,1,0,2,1,0,Oguri Cap,Late Surger,Ace built for this CM before CM start in Grand Concert scenario,2,0,1,0,2,1,0,Fuji Kiseki,Pace Chaser,Ace built for this CM before CM start in Grand Concert scenario,3,0,0,0,2,1,0,4 Attempts - 20 Races total,17,Day 2,,,,,,,,,,,,,,Re-use Day 1 - Team Comp 1 as Day 2 - Team Comp 1,,,,,,,,,,4 Attempts - 20 Races total,16,Day 3,,,,,,,,,,,,,,,Re-use Day 2 - Team Comp 1 as Day 3 - Team Comp 1,A Group,,,,,,,,,,4 Attempts - 20 Races total,17,Go to Submit page,,,,,,,,,,,,,,,Re-use Day 3 - Team Comp 1 as Day 4 - Team Comp 1,A Group,,,,,,,,,,4 Attempts - 20 Races total,14,Go to Submit page,,,,,,,,,,,,,,,A Finals,,Re-use Day 4 - Team Comp 1 as Finals Team Comp,,,,,,,,,,https://drive.google.com/open?id=121I9o0RDhwqeCXaBYpwnptFXoYyxmanh,2nd,No (goes to Submit page),,,,,,,,,,,,,,,,,,,,
9/2/2026 17:25:07,KazLess,Graded (No Uma Restrictions),Oshi award,I accept these terms,Finals,PC and Phone,$1-100,1965,6-10 (roughly 1 per day),Rednu youtube,3,,Nishino Flower,Pace Chaser,Ace built for this CM before CM start in Grand Concert scenario,,,,,,,,Grass Wonder,Late Surger,Debuffer,,,,,,,,Symboli Rudolf,Late Surger,Debuffer,,,,,,,,4 Attempts - 20 Races total,10,Day 2,,,,,,,,,,,,,,Re-use Day 1 - Team Comp 1 as Day 2 - Team Comp 1,,,,,,,,,,4 Attempts - 20 Races total,8,Day 3,,,,,,,,,,,,,,,Re-use Day 2 - Team Comp 1 as Day 3 - Team Comp 1,A Group,,,,,,,,,,4 Attempts - 20 Races total,10,Go to Submit page,,,,,,,,,,,,,,,Re-use Day 3 - Team Comp 1 as Day 4 - Team Comp 1,A Group,,,,,,,,,,4 Attempts - 20 Races total,12,Go to Submit page,,,,,,,,,,,,,,,A Finals,9219,Re-use Day 4 - Team Comp 1 as Finals Team Comp,,,,,,,,,,https://drive.google.com/open?id=1mY61pwj0Zm8MQFcDcDgYWHraatRjUz9k,2nd,Yes,https://drive.google.com/open?id=1sWgh9FhOo4U4DdqOmAA7YuCjQLehIXGS,https://drive.google.com/open?id=1g4oSIn8_KqtalrYFrh45QIMTqQfZr44q,,,,,,,https://drive.google.com/open?id=1d_K71sxzugfAkYrcAAJI8EX8aNOFF6To,,,,,,,,,,,
9/2/2026 16:07:10,Teracyte,Graded (No Uma Restrictions),Win A finals,I accept these terms,Day 1,"Android - phone or tablet, Windows, SteamOS - Steam Deck",$101-500,700,6-10 (roughly 1 per day),,,,Vodka,Late Surger,Ace built for this CM before CM start in Grand Concert scenario,3,0,0,0,2,1,0,Yaeno Muteki,Late Surger,Ace built for this CM before CM start in Grand Concert scenario,3,0,0,0,2,1,0,Grass Wonder,Late Surger,Ace built for this CM before CM start in Grand Concert scenario,2,0,1,0,2,1,0,4 Attempts - 20 Races total,15,Go to Submit page,,,,,,,,,,,,,,Re-use Day 1 - Team Comp 1 as Day 2 - Team Comp 1,,,,,,,,,,4 Attempts - 20 Races total,14,Day 3,,,,,,,,,,,,,,,Re-use Day 2 - Team Comp 1 as Day 3 - Team Comp 1,A Group,,,,,,,,,,4 Attempts - 20 Races total,9,Go to Submit page,,,,,,,,,,,,,,,Re-use Day 3 - Team Comp 1 as Day 4 - Team Comp 1,A Group,,,,,,,,,,4 Attempts - 20 Races total,7,Go to Submit page,,,,,,,,,,,,,,,A Finals,8340,Re-use Day 4 - Team Comp 1 as Finals Team Comp,,,,,,,,,,https://drive.google.com/open?id=1MV2c-gCTQ6D_I8fx1uUNZBus9o8LCSVX,1st,,,,,,,,,,,No,,https://drive.google.com/open?id=1TcxV0nLW71pPWyTbZfqx-umMXRcXL7BC,https://drive.google.com/open?id=1SiBn5IXFirFBuqFN_v4PL4reW4x2ks8N,,0,7,2,0,5,https://drive.google.com/open?id=1-7kM2yP6C6y8_FloKca90YQlclcJY1SW
9/3/2026 3:14:57,procker,Graded (No Uma Restrictions),Get into A finals,I accept these terms,Finals,"Android - phone or tablet, Windows",$1-100,616,11-20 (roughly 2-3 per day),"Discord - MooMooCord - https://discord.gg/Hc7cP9GB, Twitch - MooMooCows - https://www.twitch.tv/moomoomoocows",5,,Oguri Cap (Christmas),End Closer,Ace built for this CM before CM start in Grand Concert scenario,2,,1,,2,1,,Agnes Tachyon,Late Surger,Debuffer,,,,,,,,Grass Wonder,Late Surger,Debuffer,,,,,,,,4 Attempts - 20 Races total,13,Day 2,,,,,,,,,,,,,,Re-use Day 1 - Team Comp 1 as Day 2 - Team Comp 1,,,,,,,,,,4 Attempts - 20 Races total,12,Day 3,,,,,,,,,,,,,,,Re-use Day 2 - Team Comp 1 as Day 3 - Team Comp 1,A Group,,,,,,,,,,4 Attempts - 20 Races total,12,Go to Submit page,,,,,,,,,,,,,,,Re-use Day 3 - Team Comp 1 as Day 4 - Team Comp 1,A Group,,,,,,,,,,4 Attempts - 20 Races total,10,Go to Submit page,,,,,,,,,,,,,,,A Finals,11117,Re-use Day 4 - Team Comp 1 as Finals Team Comp,,,,,,,,,,https://drive.google.com/open?id=1rAt9fyfFc_g_TYVwAf-7NiXs1tx6d4bV,2nd,Yes,https://drive.google.com/open?id=1lHFDKlVDTDcsMnx6DT0HBprT6dagNnRz,https://drive.google.com/open?id=1Ttx1pH20Z05nGDQZCTjgguuw-ewomaLt,,8,,3,,6,https://drive.google.com/open?id=1yRkPXq3bd9dswY9ye0lcyFwTSNHOiQE4,,,,,,,,,,,
9/1/2026 1:18:12,Cata,Graded (No Uma Restrictions),Win A finals,I accept these terms,Day 4,Android - phone or tablet,$101-500,,46+ (more than 6 per day),Discord - MooMooCord - https://discord.gg/Hc7cP9GB,,,Oguri Cap,Pace Chaser,Ace built for this CM before CM start in Grand Concert scenario,3,,,,2,1,,Tamamo Cross,Late Surger,Ace built for this CM before CM start in Grand Concert scenario,3,,,,2,1,,Inari One,Late Surger,Ace built for this CM before CM start in Grand Concert scenario,3,,,,2,1,,4 Attempts - 20 Races total,15,Day 2,,,,,,,,,,,,,,Re-use Day 1 - Team Comp 1 as Day 2 - Team Comp 1,,,,,,,,,,4 Attempts - 20 Races total,15,Day 3,,,,,,,,,,,,,,,Re-use Day 2 - Team Comp 1 as Day 3 - Team Comp 1,A Group,,,,,,,,,,4 Attempts - 20 Races total,14,Go to Submit page,,,,,,,,,,,,,,,Re-use Day 3 - Team Comp 1 as Day 4 - Team Comp 1,A Group,,,,,,,,,,4 Attempts - 20 Races total,12,Go to Submit page,,,,,,,,,,,,,,,,,,,,,,,,,,,,,,,,,,,,,,,,,,,,,,,,,
9/3/2026 15:57:36,ToniiiN,Graded (No Uma Restrictions),Get into A finals,I accept these terms,Finals,"iOS - phone or tablet, Windows",$101-500,1157,31-45 (roughly 5-6 per day),"Twitch - MooMooCows - https://www.twitch.tv/moomoomoocows, YouTube - MooMooCows - https://www.youtube.com/@MooMooCows",5,,Oguri Cap (Christmas),End Closer,Ace built for this CM before CM start in Grand Concert scenario,2,,1,,2,1,,Taiki Shuttle,Pace Chaser,Ace built for this CM before CM start in Grand Concert scenario,2,,1,,2,1,,Grass Wonder,End Closer,Debuffer,1,,1,,3,1,,4 Attempts - 20 Races total,11,Go to Submit page,,,,,,,,,,,,,,Re-use Day 1 - Team Comp 1 as Day 2 - Team Comp 1,,,,,,,,,,4 Attempts - 20 Races total,17,Day 3,,,,,,,,,,,,,,,Re-use Day 2 - Team Comp 1 as Day 3 - Team Comp 1,A Group,,,,,,,,,,4 Attempts - 20 Races total,11,Day 4,,,,,,,,,,,,,,,Re-use Day 3 - Team Comp 1 as Day 4 - Team Comp 1,A Group,,,,,,,,,,4 Attempts - 20 Races total,15,Go to Submit page,,,,,,,,,,,,,,,A Finals,11374,Re-use Day 4 - Team Comp 1 as Finals Team Comp,,,,,,,,,,,1st,,,,,,,,,,,No,,,,,,,,,,
9/2/2026 17:48:11,ItachiNight,Graded (No Uma Restrictions),Win A finals,I accept these terms,Finals,"Android - phone or tablet, Windows",$101-500,2125,31-45 (roughly 5-6 per day),Discord - MooMooCord - https://discord.gg/Hc7cP9GB,5,,Seiun Sky,Front Runner,Ace built for this CM before CM start in Grand Concert scenario,3,,,,2,1,,Mihono Bourbon (Valentine),Front Runner,Ace built for this CM before CM start in Grand Concert scenario,3,,,,2,1,,Nishino Flower,Pace Chaser,Ace built for this CM before CM start in Grand Concert scenario,3,,,,2,1,,4 Attempts - 20 Races total,17,Day 2,,,,,,,,,,,,,,Re-use Day 1 - Team Comp 1 as Day 2 - Team Comp 1,,,,,,,,,,4 Attempts - 20 Races total,16,Day 3,,,,,,,,,,,,,,,Re-use Day 2 - Team Comp 1 as Day 3 - Team Comp 1,A Group,,,,,,,,,,4 Attempts - 20 Races total,15,Day 4,,,,,,,,,,,,,,,Re-use Day 3 - Team Comp 1 as Day 4 - Team Comp 1,A Group,,,,,,,,,,4 Attempts - 20 Races total,14,Go to Submit page,,,,,,,,,,,,,,,A Finals,11665,Re-use Day 4 - Team Comp 1 as Finals Team Comp,,,,,,,,,,https://drive.google.com/open?id=1QbRsjPIdUrLNEIoI35eLy08zCKX69iOi,1st,,,,,,,,,,,No,,https://drive.google.com/open?id=1j205KwvKYtjh2keUVECA6mfoIVj7fzjb,https://drive.google.com/open?id=1qbAx5qOghzQCtBifAxK5SgDPgH14vRLL,,,6,4,2,,https://drive.google.com/open?id=11FbzkQM_DVJ4wd81Zcib1c27W1GN6DcP
9/2/2026 22:48:16,terryt_t,Graded (No Uma Restrictions),Get into A finals,I accept these terms,Day 1,Android - phone or tablet,$0,919,11-20 (roughly 2-3 per day),Discord - MooMooCord - https://discord.gg/Hc7cP9GB,4,cowpreg,Vodka,Late Surger,Ace built for this CM before CM start in Grand Concert scenario,2,0,1,0,2,1,0,Manhattan Cafe,Late Surger,Ace built for this CM before CM start in Grand Concert scenario,2,0,1,0,2,1,0,Gold City,Late Surger,Ace built for this CM before CM start in Grand Concert scenario,2,0,1,0,2,1,0,4 Attempts - 20 Races total,14,Finals,,,,,,,,,,,,,,Re-use Day 1 - Team Comp 1 as Day 2 - Team Comp 1,,,,,,,,,,4 Attempts - 20 Races total,14,Day 3,,,,,,,,,,,,,,,Re-use Day 2 - Team Comp 1 as Day 3 - Team Comp 1,A Group,,,,,,,,,,4 Attempts - 20 Races total,7,Day 4,,,,,,,,,,,,,,,Re-use Day 3 - Team Comp 1 as Day 4 - Team Comp 1,A Group,,,,,,,,,,4 Attempts - 20 Races total,11,Day 1,,,,,,,,,,,,,,,A Finals,9512,Re-use Day 4 - Team Comp 1 as Finals Team Comp,,,,,,,,,,https://drive.google.com/open?id=1CbzwL9bHLH6Ab0_Yd7Nbr_NtvfGcc1rn,1st,,,,,,,,,,,Yes,SS demanded a win so she had to lock in,https://drive.google.com/open?id=167iYQUGuFSxY5vx8dOoySP2-4TFlYXkj,https://drive.google.com/open?id=1yaPeaQRGbBKXozo0EBI55kNSqgNlOBnT,,,5,7,0,,https://drive.google.com/open?id=1jDgpYbYWQjzaaGsQ2o0csPidhGERIZKS
9/2/2026 15:26:38,Caelint,Graded (No Uma Restrictions),Win A finals,I accept these terms,Finals,Windows,$1-100,600,6-10 (roughly 1 per day),Discord - MooMooCord - https://discord.gg/Hc7cP9GB,5,,Taiki Shuttle,Pace Chaser,Ace built for this CM before CM start in Grand Concert scenario,2,,,,3,1,,Tokai Teio,Pace Chaser,Ace built for this CM before CM start in Grand Concert scenario,2,,,,3,1,,Narita Taishin,End Closer,Ace built for this CM before CM start in Grand Concert scenario,3,,,,2,1,,4 Attempts - 20 Races total,10,Day 2,,,,,,,,,,,,,,Re-use Day 1 - Team Comp 1 as Day 2 - Team Comp 1,,,,,,,,,,4 Attempts - 20 Races total,17,Day 3,,,,,,,,,,,,,,,Re-use Day 2 - Team Comp 1 as Day 3 - Team Comp 1,A Group,,,,,,,,,,4 Attempts - 20 Races total,9,Day 4,,,,,,,,,,,,,,,Re-use Day 3 - Team Comp 1 as Day 4 - Team Comp 1,A Group,,,,,,,,,,4 Attempts - 20 Races total,6,Go to Submit page,,,,,,,,,,,,,,,A Finals,8541,Re-use Day 4 - Team Comp 1 as Finals Team Comp,,,,,,,,,,,2nd,No (goes to Submit page),,,,,,,,,,,,,,,,,,,,
9/2/2026 16:38:05,Beri (Waif Motion),Graded (No Uma Restrictions),Win A finals,I accept these terms,Day 1,"Android - phone or tablet, Windows",$101-500,2151,46+ (more than 6 per day),Discord - MooMooCord - https://discord.gg/Hc7cP9GB,5,,Fine Motion (Wedding),Pace Chaser,Ace built for this CM before CM start in Grand Concert scenario,3,0,0,0,2,1,0,Grass Wonder,Late Surger,Debuffer,,,,,,,,Symboli Rudolf,Late Surger,Debuffer,,,,,,,,4 Attempts - 20 Races total,19,Day 2,,,,,,,,,,,,,,Re-use Day 1 - Team Comp 1 as Day 2 - Team Comp 1,,,,,,,,,,4 Attempts - 20 Races total,19,Day 3,,,,,,,,,,,,,,,Re-use Day 2 - Team Comp 1 as Day 3 - Team Comp 1,A Group,,,,,,,,,,4 Attempts - 20 Races total,15,Day 4,,,,,,,,,,,,,,,Re-use Day 3 - Team Comp 1 as Day 4 - Team Comp 1,A Group,,,,,,,,,,4 Attempts - 20 Races total,16,Finals,,,,,,,,,,,,,,,A Finals,14269,Re-use Day 4 - Team Comp 1 as Finals Team Comp,,,,,,,,,,https://drive.google.com/open?id=1p6ZBWLp4cP1EKRNKiC3XDWU0Ft9LzC_D,1st,,,,,,,,,,,Yes,Waif Motion,https://drive.google.com/open?id=1sU05QB1IxwrlNJZTiBub3GQ2FpflaI4U,https://drive.google.com/open?id=1HMasXi2da91HD7EvJX7UM8x6RNlFwTVN,,3,8,4,,,https://drive.google.com/open?id=1TdmpD3YFpRXsCrNq3o1htjx0-gThylfr
8/31/2026 16:40:05,Mitty,Graded (No Uma Restrictions),Get into A finals,I accept these terms,Day 1,"Android - phone or tablet, Windows",$0,,21-30 (roughly 3-4 per day),Discord - MooMooCord - https://discord.gg/Hc7cP9GB,5,,Hishi Amazon,End Closer,Ace built for this CM before CM start in Grand Concert scenario,3,0,0,0,2,1,0,Oguri Cap (Christmas),End Closer,Ace built for this CM before CM start in Grand Concert scenario,2,1,0,0,2,1,,Narita Brian,Pace Chaser,Ace built for this CM before CM start in Grand Concert scenario,2,1,0,0,2,1,0,4 Attempts - 20 Races total,9,Day 2,,,,,,,,,,,,,,Re-use Day 1 - Team Comp 1 as Day 2 - Team Comp 1,,,,,,,,,,4 Attempts - 20 Races total,9,Day 3,,,,,,,,,,,,,,,Re-use Day 2 - Team Comp 1 as Day 3 - Team Comp 1,A Group,,,,,,,,,,4 Attempts - 20 Races total,10,Go to Submit page,,,,,,,,,,,,,,,,,,,,,,,,,,,,,,,,,,,,,,,,,,,,,,,,,,,,,,,,,,,,,,,,,,,,,,,,,,,,,
9/2/2026 16:13:17,Lange,Graded (No Uma Restrictions),Get into A finals,I accept these terms,Finals,Android - phone or tablet,$101-500,1308,11-20 (roughly 2-3 per day),Discord - MooMooCord - https://discord.gg/Hc7cP9GB,3,,Silence Suzuka,Runaway,Ace built for this CM before CM start in Grand Concert scenario,3,,,,2,0,,Mihono Bourbon (Valentine),Front Runner,Ace built for this CM before CM start in Grand Concert scenario,3,,,,2,0,,Nishino Flower,Pace Chaser,Ace built for this CM before CM start in Grand Concert scenario,3,,,,2,0,,4 Attempts - 20 Races total,12,Day 2,,,,,,,,,,,,,,Re-use Day 1 - Team Comp 1 as Day 2 - Team Comp 1,,,,,,,,,,4 Attempts - 20 Races total,15,Day 3,,,,,,,,,,,,,,,Re-use Day 2 - Team Comp 1 as Day 3 - Team Comp 1,A Group,,,,,,,,,,4 Attempts - 20 Races total,8,Day 4,,,,,,,,,,,,,,,Re-use Day 3 - Team Comp 1 as Day 4 - Team Comp 1,A Group,,,,,,,,,,4 Attempts - 20 Races total,11,Go to Submit page,,,,,,,,,,,,,,,A Finals,7511,Re-use Day 4 - Team Comp 1 as Finals Team Comp,,,,,,,,,,https://drive.google.com/open?id=1WFGYfpFwIeDGfEx5guGxMxR0_93KgHQ6,1st,,,,,,,,,,,No,,https://drive.google.com/open?id=1icHkVRq7zT5mUjflawQTbkDHCWHGALzV,https://drive.google.com/open?id=1qW_tPwkmL-F5dX81p9SrLqb5kvgHxizY,,0,9,1,0,3,https://drive.google.com/open?id=1MvDfB9NI2wnbezxUnpn6fkMvkaxVkGFr
9/2/2026 16:23:35,DeathQrow,Graded (No Uma Restrictions),Win A finals,I accept these terms,Finals,,,2067,46+ (more than 6 per day),,,,Tokai Teio,Pace Chaser,Ace built for this CM before CM start in Grand Concert scenario,3,0,0,0,2,1,0,Agnes Digital (Halloween),Late Surger,Ace built for this CM before CM start in Grand Concert scenario,3,0,0,0,2,1,0,Copano Rickey,Pace Chaser,Ace built for this CM before CM start in Grand Concert scenario,3,0,0,0,2,1,0,4 Attempts - 20 Races total,12,Day 2,,,,,,,,,,,,,,Add new Team Comp as Day 2 - Team Comp 1,Tokai Teio,Pace Chaser,Ace built for this CM before CM start in Grand Concert scenario,Agnes Digital (Halloween),Late Surger,Ace built for this CM before CM start in Grand Concert scenario,Grass Wonder,Late Surger,Debuffer,4 Attempts - 20 Races total,16,Day 3,,,,,,,,,,,,,,,Re-use Day 2 - Team Comp 1 as Day 3 - Team Comp 1,A Group,,,,,,,,,,4 Attempts - 20 Races total,15,Day 4,,,,,,,,,,,,,,,Re-use Day 3 - Team Comp 1 as Day 4 - Team Comp 1,A Group,,,,,,,,,,4 Attempts - 20 Races total,11,Go to Submit page,,,,,,,,,,,,,,,A Finals,14026,Re-use Day 4 - Team Comp 1 as Finals Team Comp,,,,,,,,,,https://drive.google.com/open?id=1cHz0opEaTn6LTygOT85fuJUkV_ivTupW,2nd,No (goes to Submit page),,,,,,,,,,,,,,,,,,,,
8/31/2026 17:10:01,Spectre,Graded (No Uma Restrictions),Get into A finals,I accept these terms,Day 1,"Android - phone or tablet, Windows",$1001-5000,1804,21-30 (roughly 3-4 per day),Discord - MooMooCord - https://discord.gg/Hc7cP9GB,4,,Manhattan Cafe,Late Surger,Ace built for this CM before CM start in Grand Concert scenario,2,,1,,2,1,,Bamboo memory,Late Surger,Ace built for this CM before CM start in Grand Concert scenario,2,,1,,2,1,,Grass Wonder,Late Surger,Ace built for this CM before CM start in Grand Concert scenario,2,,1,,2,1,,4 Attempts - 20 Races total,11,Day 2,,,,,,,,,,,,,,Re-use Day 1 - Team Comp 1 as Day 2 - Team Comp 1,,,,,,,,,,4 Attempts - 20 Races total,13,Day 3,,,,,,,,,,,,,,,Re-use Day 2 - Team Comp 1 as Day 3 - Team Comp 1,A Group,,,,,,,,,,4 Attempts - 20 Races total,13,Day 4,,,,,,,,,,,,,,,Re-use Day 3 - Team Comp 1 as Day 4 - Team Comp 1,A Group,,,,,,,,,,4 Attempts - 20 Races total,12,Go to Submit page,,,,,,,,,,,,,,,,,,,,,,,,,,,,,,,,,,,,,,,,,,,,,,,,,
9/2/2026 18:07:03,Ch | en ◎,Graded (No Uma Restrictions),Win A finals,I accept these terms,Finals,,,,46+ (more than 6 per day),,,,Nishino Flower,Pace Chaser,Ace built for this CM before CM start in Grand Concert scenario,3,,,,2,1,,Rice Shower,Pace Chaser,Ace built for this CM before CM start in Grand Concert scenario,3,,,,2,1,,Silence Suzuka,Runaway,Blocker/Overtake target/Throwaway/Niche role,3,,,,2,1,,4 Attempts - 20 Races total,14,Day 2,,,,,,,,,,,,,,Re-use Day 1 - Team Comp 1 as Day 2 - Team Comp 1,,,,,,,,,,4 Attempts - 20 Races total,10,Day 3,,,,,,,,,,,,,,,Re-use Day 2 - Team Comp 1 as Day 3 - Team Comp 1,A Group,,,,,,,,,,4 Attempts - 20 Races total,13,Day 4,,,,,,,,,,,,,,,Re-use Day 3 - Team Comp 1 as Day 4 - Team Comp 1,A Group,,,,,,,,,,4 Attempts - 20 Races total,14,Go to Submit page,,,,,,,,,,,,,,,A Finals,,Re-use Day 4 - Team Comp 1 as Finals Team Comp,,,,,,,,,,,2nd,No (goes to Submit page),,,,,,,,,,,,,,,,,,,,
8/31/2026 18:11:33,DxD,Graded (No Uma Restrictions),Win A finals,I accept these terms,Day 1,iOS - phone or tablet,$1001-5000,,31-45 (roughly 5-6 per day),"Friend sent me the link, Discord - MooMooCord - https://discord.gg/Hc7cP9GB",5,,Mihono Bourbon (Valentine),Front Runner,Ace built for this CM before CM start in Grand Concert scenario,3,,,,2,1,,Maruzensky (Summer),Front Runner,Blocker/Overtake target/Throwaway/Niche role,3,,,,2,1,,Grass Wonder,End Closer,Debuffer,1,1,1,,2,1,,4 Attempts - 20 Races total,15,Day 2,,,,,,,,,,,,,,Re-use Day 1 - Team Comp 1 as Day 2 - Team Comp 1,,,,,,,,,,4 Attempts - 20 Races total,17,Day 3,,,,,,,,,,,,,,,Re-use Day 2 - Team Comp 1 as Day 3 - Team Comp 1,A Group,,,,,,,,,,4 Attempts - 20 Races total,17,Day 4,,,,,,,,,,,,,,,Re-use Day 3 - Team Comp 1 as Day 4 - Team Comp 1,A Group,,,,,,,,,,4 Attempts - 20 Races total,19,Go to Submit page,,,,,,,,,,,,,,,,,,,,,,,,,,,,,,,,,,,,,,,,,,,,,,,,,
9/3/2026 2:13:37,BunBun,Graded (No Uma Restrictions),Win A finals,I accept these terms,Finals,Android - phone or tablet,$0,,31-45 (roughly 5-6 per day),Discord - MooMooCord - https://discord.gg/Hc7cP9GB,5,,Oguri Cap (Christmas),End Closer,Ace built for this CM before CM start in Grand Concert scenario,2,0,1,0,2,1,0,Narita Taishin,End Closer,Ace built for this CM before CM start in Grand Concert scenario,2,0,1,0,2,1,0,Grass Wonder,Front Runner,Debuffer,1,,,,5,,,4 Attempts - 20 Races total,16,Day 2,,,,,,,,,,,,,,Re-use Day 1 - Team Comp 1 as Day 2 - Team Comp 1,,,,,,,,,,4 Attempts - 20 Races total,14,Day 3,,,,,,,,,,,,,,,Re-use Day 2 - Team Comp 1 as Day 3 - Team Comp 1,A Group,,,,,,,,,,4 Attempts - 20 Races total,17,Go to Submit page,,,,,,,,,,,,,,,Re-use Day 3 - Team Comp 1 as Day 4 - Team Comp 1,A Group,,,,,,,,,,4 Attempts - 20 Races total,15,Go to Submit page,,,,,,,,,,,,,,,A Finals,11545,Re-use Day 4 - Team Comp 1 as Finals Team Comp,,,,,,,,,,https://drive.google.com/open?id=1IFylLMGsCegzdAJ-UNF3SiduDxkIR-JN,2nd,No (goes to Submit page),,,,,,,,,,,,,,,,,,,,
9/2/2026 17:16:24,Waff ,Graded (No Uma Restrictions),Win A finals,I accept these terms,Finals,"Android - phone or tablet, Windows",$1-100,,6-10 (roughly 1 per day),Friend sent me the link,5,,Special Week,Late Surger,Ace built for this CM before CM start in Grand Concert scenario,3,,,,2,1,,Agnes Tachyon,End Closer,Debuffer,,,,,6,,,Symboli Rudolf,Front Runner,Debuffer,,,,,6,,,4 Attempts - 20 Races total,15,Go to Submit page,,,,,,,,,,,,,,Re-use Day 1 - Team Comp 1 as Day 2 - Team Comp 1,,,,,,,,,,4 Attempts - 20 Races total,14,Go to Submit page,,,,,,,,,,,,,,,Re-use Day 2 - Team Comp 1 as Day 3 - Team Comp 1,A Group,,,,,,,,,,4 Attempts - 20 Races total,12,Day 4,,,,,,,,,,,,,,,Re-use Day 3 - Team Comp 1 as Day 4 - Team Comp 1,A Group,,,,,,,,,,4 Attempts - 20 Races total,11,Go to Submit page,,,,,,,,,,,,,,,A Finals,,Re-use Day 4 - Team Comp 1 as Finals Team Comp,,,,,,,,,,,1st,,,,,,,,,,,Yes,"Believe in your oshi, become the best in Japan!!",,,,,,,,,
9/2/2026 17:17:04,SevenEvilMuffins,Graded (No Uma Restrictions),Win A finals,I accept these terms,Finals,Windows,$1001-5000,1438,31-45 (roughly 5-6 per day),Discord - MooMooCord - https://discord.gg/Hc7cP9GB,4,,Rice Shower (Halloween),Front Runner,Ace built for this CM before CM start in Grand Concert scenario,3,,,,1,0,,Aston Machan,Front Runner,Ace built for this CM before CM start in Grand Concert scenario,3,,,,1,0,,Silence Suzuka,Runaway,Ace built for this CM before CM start in Grand Concert scenario,3,,,,1,0,,4 Attempts - 20 Races total,12,Day 2,,,,,,,,,,,,,,Re-use Day 1 - Team Comp 1 as Day 2 - Team Comp 1,,,,,,,,,,4 Attempts - 20 Races total,13,Day 3,,,,,,,,,,,,,,,Re-use Day 2 - Team Comp 1 as Day 3 - Team Comp 1,A Group,,,,,,,,,,4 Attempts - 20 Races total,15,Day 4,,,,,,,,,,,,,,,Re-use Day 3 - Team Comp 1 as Day 4 - Team Comp 1,A Group,,,,,,,,,,4 Attempts - 20 Races total,13,Go to Submit page,,,,,,,,,,,,,,,A Finals,9121,Re-use Day 4 - Team Comp 1 as Finals Team Comp,,,,,,,,,,https://drive.google.com/open?id=11GqlIUQX1nt-H0JLzT6h72PC7vx3uUE9,1st,,,,,,,,,,,Yes,"Turns out Aston Martin's Heart of Racing beats on the turf, too",https://drive.google.com/open?id=130mXv_fIPxRi2waoosnFaosLXGtvKzXJ,https://drive.google.com/open?id=12m1bEm_9WtO3km9FuODBRngmHxOr6zUr,,5,6,,6,,https://drive.google.com/open?id=1BhYQIApZgQPfeWu9n5hiGwCLWtIP3EAl
9/2/2026 17:28:31,Lefebvre,Graded (No Uma Restrictions),Win A finals,I accept these terms,Day 4,Windows,$1-100,970,31-45 (roughly 5-6 per day),Discord - MooMooCord - https://discord.gg/Hc7cP9GB,,,Haru Urara (New Year),Late Surger,Ace built for this CM before CM start in Grand Concert scenario,3,,,,2,1,,Symboli Rudolf,Late Surger,Debuffer,,,,,,,,Grass Wonder,Late Surger,Debuffer,,,,,,,,3 Attempts - 15 Races total,8,Day 2,,,,,,,,,,,,,,Re-use Day 1 - Team Comp 1 as Day 2 - Team Comp 1,,,,,,,,,,3 Attempts - 15 Races total,7,Day 3,,,,,,,,,,,,,,,Re-use Day 2 - Team Comp 1 as Day 3 - Team Comp 1,A Group,,,,,,,,,,3 Attempts - 15 Races total,6,Day 4,,,,,,,,,,,,,,,Re-use Day 3 - Team Comp 1 as Day 4 - Team Comp 1,A Group,,,,,,,,,,3 Attempts - 15 Races total,6,Finals,,,,,,,,,,,,,,,A Finals,7430,Re-use Day 4 - Team Comp 1 as Finals Team Comp,,,,,,,,,,https://drive.google.com/open?id=1f08wODFqP5q9vME0ppr3rGSyiLX9GlSv,3rd,Yes,https://drive.google.com/open?id=1FyFpDYWvvdcSfPxqbZ7E9v4p04q9JKmI,https://drive.google.com/open?id=1_KFHc9OckouBKmNfE7McyacK3ETZWgtu,,5,,,,,https://drive.google.com/open?id=1zmeKpGF4V1er1U06m9xUdZJR5m9_uuXW,,,,,,,,,,,
9/3/2026 1:18:53,Paslos,Graded (No Uma Restrictions),Get into A finals,I accept these terms,Finals,,,,,,,,Seeking the Pearl,Pace Chaser,Ace built for this CM before CM start in Grand Concert scenario,,,,,,,,Nishino Flower,Pace Chaser,Ace built for this CM before CM start in Grand Concert scenario,,,,,,,,Meisho Doto,Pace Chaser,Ace built for this CM before CM start in Grand Concert scenario,,,,,,,,4 Attempts - 20 Races total,8,Day 2,,,,,,,,,,,,,,Re-use Day 1 - Team Comp 1 as Day 2 - Team Comp 1,,,,,,,,,,4 Attempts - 20 Races total,13,Day 3,,,,,,,,,,,,,,,Re-use Day 2 - Team Comp 1 as Day 3 - Team Comp 1,A Group,,,,,,,,,,4 Attempts - 20 Races total,7,Day 4,,,,,,,,,,,,,,,Re-use Day 3 - Team Comp 1 as Day 4 - Team Comp 1,A Group,,,,,,,,,,4 Attempts - 20 Races total,10,Go to Submit page,,,,,,,,,,,,,,,A Finals,,Re-use Day 4 - Team Comp 1 as Finals Team Comp,,,,,,,,,,https://drive.google.com/open?id=1S9SLpaMAovOB6p8TjbxbSIB27xqGJSnc,3rd,No (goes to Submit page),,,,,,,,,,,,,,,,,,,,
9/2/2026 19:02:19,tiddledoo,Graded (No Uma Restrictions),Win A finals,I accept these terms,Finals,Android - phone or tablet,,,,,,,Agnes Digital,Late Surger,Ace built for this CM before CM start in Grand Concert scenario,,,,,,,,Manhattan Cafe,Late Surger,Ace built for this CM before CM start in Grand Concert scenario,,,,,,,,Grass Wonder,End Closer,Debuffer,,,,,,,,4 Attempts - 20 Races total,19,Go to Submit page,,,,,,,,,,,,,,Re-use Day 1 - Team Comp 1 as Day 2 - Team Comp 1,,,,,,,,,,4 Attempts - 20 Races total,17,Day 1,,,,,,,,,,,,,,,Re-use Day 2 - Team Comp 1 as Day 3 - Team Comp 1,A Group,,,,,,,,,,4 Attempts - 20 Races total,17,Day 2,,,,,,,,,,,,,,,Re-use Day 3 - Team Comp 1 as Day 4 - Team Comp 1,A Group,,,,,,,,,,4 Attempts - 20 Races total,17,Go to Submit page,,,,,,,,,,,,,,,A Finals,,Re-use Day 4 - Team Comp 1 as Finals Team Comp,,,,,,,,,,https://drive.google.com/open?id=1n-5kOXdROTQiEgp4qpwHEdh5THq1HQSk,1st,,,,,,,,,,,Yes,The view from the rear is mine,https://drive.google.com/open?id=15sJzGMCHgS-goEpZrRGJYkOwYIk_4Tsa,https://drive.google.com/open?id=1DCTZ2pvginVZQo6CTpy1j57JSKkNGn8O,,,,,,,
9/2/2026 16:16:07,x3woots,Graded (No Uma Restrictions),Win A finals,I accept these terms,Finals,Android - phone or tablet,$0,845,21-30 (roughly 3-4 per day),"Discord - MooMooCord - https://discord.gg/Hc7cP9GB, YouTube - MooMooCows - https://www.youtube.com/@MooMooCows",5,,Fine Motion (Wedding),Pace Chaser,Ace built for this CM before CM start in Grand Concert scenario,2,,,,3,1,,Taiki Shuttle,Pace Chaser,Ace built for this CM before CM start in Grand Concert scenario,2,,,,3,1,,Oguri Cap (Christmas),End Closer,Ace built for this CM before CM start in Grand Concert scenario,2,,,,3,1,,3 Attempts - 15 Races total,12,Day 2,,,,,,,,,,,,,,Re-use Day 1 - Team Comp 1 as Day 2 - Team Comp 1,,,,,,,,,,1 Attempt - 5 Races total,4,Day 3,,,,,,,,,,,,,,,Re-use Day 2 - Team Comp 1 as Day 3 - Team Comp 1,A Group,,,,,,,,,,3 Attempts - 15 Races total,9,Go to Submit page,,,,,,,,,,,,,,,,,,,,,,,,,,,,,,,,,,,,,,,,,,,A Finals,5741,Re-use Day 4 - Team Comp 1 as Finals Team Comp,,,,,,,,,,https://drive.google.com/open?id=1n0Cd-Dvn9X9v5V1pdRhCQAgSxZ46Z-id,1st,,,,,,,,,,,No,,https://drive.google.com/open?id=1pl-kk4BdrTQDQz9v4Av5S7MXoAjkU82p,https://drive.google.com/open?id=1jiy6BAhUwk4mkapNncBURGyPQBD4sAAk,,0,3,15,0,0,https://drive.google.com/open?id=1njVx9GpexA7QIpSb9S6AYjTxuF3TscMA
8/31/2026 20:16:32,Rei,Graded (No Uma Restrictions),Win A finals,I accept these terms,Day 1,iOS - phone or tablet,$1001-5000,1718,31-45 (roughly 5-6 per day),Discord - MooMooCord - https://discord.gg/Hc7cP9GB,5,,Mejiro Palmer,Runaway,Ace built for this CM before CM start in Grand Concert scenario,3,0,0,0,2,1,0,Taiki Shuttle (Camping),Pace Chaser,Ace built for this CM before CM start in Grand Concert scenario,3,0,0,0,2,1,0,Mejiro Dober (Camping),Late Surger,Ace built for this CM before CM start in Grand Concert scenario,2,0,1,0,2,1,0,4 Attempts - 20 Races total,17,Day 2,,,,,,,,,,,,,,Re-use Day 1 - Team Comp 1 as Day 2 - Team Comp 1,,,,,,,,,,4 Attempts - 20 Races total,16,Day 3,,,,,,,,,,,,,,,Re-use Day 2 - Team Comp 1 as Day 3 - Team Comp 1,A Group,,,,,,,,,,4 Attempts - 20 Races total,14,Day 4,,,,,,,,,,,,,,,Re-use Day 3 - Team Comp 1 as Day 4 - Team Comp 1,A Group,,,,,,,,,,4 Attempts - 20 Races total,12,Go to Submit page,,,,,,,,,,,,,,,,,,,,,,,,,,,,,,,,,,,,,,,,,,,,,,,,,
9/2/2026 19:24:31,nonaddict,Graded (No Uma Restrictions),Get into A finals,I accept these terms,Finals,Windows,$101-500,939,11-20 (roughly 2-3 per day),Discord - MooMooCord - https://discord.gg/Hc7cP9GB,5,,Fuji Kiseki,Pace Chaser,Ace built for this CM before CM start in Grand Concert scenario,3,0,0,0,2,1,0,Fine Motion (Wedding),Pace Chaser,Ace built for this CM before CM start in Grand Concert scenario,3,0,0,0,2,1,0,Taiki Shuttle (Camping),Pace Chaser,Ace built for this CM before CM start in Grand Concert scenario,3,0,0,0,2,1,0,2 Attempts - 10 Races total,6,Day 2,,,,,,,,,,,,,,Re-use Day 1 - Team Comp 1 as Day 2 - Team Comp 1,,,,,,,,,,2 Attempts - 10 Races total,8,Day 3,,,,,,,,,,,,,,,Re-use Day 2 - Team Comp 1 as Day 3 - Team Comp 1,A Group,,,,,,,,,,4 Attempts - 20 Races total,11,Day 4,,,,,,,,,,,,,,,Re-use Day 3 - Team Comp 1 as Day 4 - Team Comp 1,A Group,,,,,,,,,,4 Attempts - 20 Races total,15,Go to Submit page,,,,,,,,,,,,,,,A Finals,8108,Re-use Day 4 - Team Comp 1 as Finals Team Comp,,,,,,,,,,https://drive.google.com/open?id=1k6kfu8yICxFojAKhnJxXo2cV-BR-2CS4,1st,,,,,,,,,,,No,,https://drive.google.com/open?id=16AGkI0XH5EtaxyLFCFTM8QMcSZmMmxVW,https://drive.google.com/open?id=1qo6XWYcv85hVtZXcqaDoBbL4GK6berGb,,0,10,2,0,2,https://drive.google.com/open?id=1kJpWAiZvdrpKPkfjo5_A-s_x9liRnI5c
9/2/2026 17:30:01,pogosparky,Graded (No Uma Restrictions),Win A finals,I accept these terms,Finals,Android - phone or tablet,$501-1000,963,11-20 (roughly 2-3 per day),Reddit - /r/umamusumeGame,5,,Daiwa Scarlet,Late Surger,Ace built for this CM before CM start in Grand Concert scenario,2,,1,,2,1,,Bamboo memory,Late Surger,Ace built for this CM before CM start in Grand Concert scenario,2,,1,,2,1,,Grass Wonder,Late Surger,Ace built for this CM before CM start in Grand Concert scenario,2,,1,,2,1,,4 Attempts - 20 Races total,11,Day 2,,,,,,,,,,,,,,Re-use Day 1 - Team Comp 1 as Day 2 - Team Comp 1,,,,,,,,,,4 Attempts - 20 Races total,11,Day 3,,,,,,,,,,,,,,,Re-use Day 2 - Team Comp 1 as Day 3 - Team Comp 1,A Group,,,,,,,,,,4 Attempts - 20 Races total,12,Day 4,,,,,,,,,,,,,,,Re-use Day 3 - Team Comp 1 as Day 4 - Team Comp 1,A Group,,,,,,,,,,4 Attempts - 20 Races total,12,Go to Submit page,,,,,,,,,,,,,,,A Finals,,Re-use Day 4 - Team Comp 1 as Finals Team Comp,,,,,,,,,,https://drive.google.com/open?id=1CHeyeRmlTgi0ER_t1jp8nR2ZrPnebbMS,2nd,No (goes to Submit page),,,,,,,,,,,,,,,,,,,,
9/2/2026 18:36:54,haruko,Graded (No Uma Restrictions),Get into A finals,I accept these terms,Finals,"Android - phone or tablet, Windows, SteamOS - Steam Deck",$101-500,769,6-10 (roughly 1 per day),"Discord - MooMooCord - https://discord.gg/Hc7cP9GB, Twitch - MooMooCows - https://www.twitch.tv/moomoomoocows, YouTube - MooMooCows - https://www.youtube.com/@MooMooCows",5,,Seiun Sky,Front Runner,Ace built for this CM before CM start in Grand Concert scenario,3,0,0,0,2,1,0,Taiki Shuttle (Camping),Pace Chaser,Ace built for this CM before CM start in Grand Concert scenario,3,0,0,0,2,1,0,Nishino Flower,Pace Chaser,Ace built for this CM before CM start in Grand Concert scenario,3,0,0,0,2,1,0,4 Attempts - 20 Races total,14,Go to Submit page,,,,,,,,,,,,,,Re-use Day 1 - Team Comp 1 as Day 2 - Team Comp 1,,,,,,,,,,4 Attempts - 20 Races total,17,Day 3,,,,,,,,,,,,,,,Re-use Day 2 - Team Comp 1 as Day 3 - Team Comp 1,A Group,,,,,,,,,,4 Attempts - 20 Races total,11,Day 4,,,,,,,,,,,,,,,Re-use Day 3 - Team Comp 1 as Day 4 - Team Comp 1,A Group,,,,,,,,,,4 Attempts - 20 Races total,11,Go to Submit page,,,,,,,,,,,,,,,A Finals,13223,Re-use Day 4 - Team Comp 1 as Finals Team Comp,,,,,,,,,,https://drive.google.com/open?id=1K1TQ3eD19Iv-055QvjTzrf-rzmfeT2i4,1st,,,,,,,,,,,No,,https://drive.google.com/open?id=1Yj1wPkl7SK5mZxbj3QHhk0m0DVFjbaSI,https://drive.google.com/open?id=1BqrhJ7ObFNkcVyRvcuujfNgN3_DepCGW,,3,0,0,0,2,https://drive.google.com/open?id=1Sgors3npgCv2yYBtWvaSmiIE0Ni11eTv
9/3/2026 3:42:36,MASTER,Graded (No Uma Restrictions),Oshi Gaming (DAIWA DESERVES A WIN),I accept these terms,Finals,Android - phone or tablet,$0,,11-20 (roughly 2-3 per day),Discord - MooMooCord - https://discord.gg/Hc7cP9GB,5,,Silence Suzuka,Runaway,Blocker/Overtake target/Throwaway/Niche role,,,,,,,,Nishino Flower,Pace Chaser,Ace built for this CM before CM start in Grand Concert scenario,3,0,0,0,2,1,0,Daiwa Scarlet,Front Runner,Ace built for this CM before CM start in Grand Concert scenario,3,0,0,0,2,1,0,4 Attempts - 20 Races total,14,Day 2,,,,,,,,,,,,,,Re-use Day 1 - Team Comp 1 as Day 2 - Team Comp 1,,,,,,,,,,4 Attempts - 20 Races total,18,Day 3,,,,,,,,,,,,,,,Re-use Day 2 - Team Comp 1 as Day 3 - Team Comp 1,A Group,,,,,,,,,,4 Attempts - 20 Races total,11,Day 4,,,,,,,,,,,,,,,Re-use Day 3 - Team Comp 1 as Day 4 - Team Comp 1,A Group,,,,,,,,,,4 Attempts - 20 Races total,13,Go to Submit page,,,,,,,,,,,,,,,A Finals,13615,Re-use Day 4 - Team Comp 1 as Finals Team Comp,,,,,,,,,,https://drive.google.com/open?id=1l0GZthXyaY5wTV7X1CRGFZTP0VK67fql,2nd,Yes,,,,,,,,,,,,,,,,,,,,
9/2/2026 18:11:47,Naivora,Graded (No Uma Restrictions),Win A finals,I accept these terms,Finals,Android - phone or tablet,$501-1000,1006,6-10 (roughly 1 per day),"Discord - MooMooCord - https://discord.gg/Hc7cP9GB, YouTube - MooMooCows - https://www.youtube.com/@MooMooCows",5,,Air Groove (Wedding),Pace Chaser,Ace built for this CM before CM start in Grand Concert scenario,3,0,0,0,2,1,0,Seeking the Pearl,Pace Chaser,Ace built for this CM before CM start in Grand Concert scenario,3,0,0,0,2,1,0,Agnes Tachyon,Late Surger,Debuffer,,,,,,,,4 Attempts - 20 Races total,11,Day 2,,,,,,,,,,,,,,Re-use Day 1 - Team Comp 1 as Day 2 - Team Comp 1,,,,,,,,,,4 Attempts - 20 Races total,12,Day 3,,,,,,,,,,,,,,,Re-use Day 2 - Team Comp 1 as Day 3 - Team Comp 1,A Group,,,,,,,,,,4 Attempts - 20 Races total,9,Day 4,,,,,,,,,,,,,,,Re-use Day 3 - Team Comp 1 as Day 4 - Team Comp 1,A Group,,,,,,,,,,4 Attempts - 20 Races total,8,Go to Submit page,,,,,,,,,,,,,,,A Finals,8514,Re-use Day 4 - Team Comp 1 as Finals Team Comp,,,,,,,,,,https://drive.google.com/open?id=1tSI2yUN6npOE-JLNlONFXc-jeoP0T28b,1st,,,,,,,,,,,Yes,Air Groove has been my oshi since day 1 and this is the first time in a long time she's been the one to bring home gold. I am VERY happy <3,https://drive.google.com/open?id=16OoL6yVsFQdjKo_YM6baJWMNTUPIPrqv,https://drive.google.com/open?id=1DAonQIPPowJWuYqUoStqn6NH4LfYbQGd,,0,7,0,0,9,https://drive.google.com/open?id=1cAG5gdSLs96cMEM6h9cDdlrmBo5YqLPe
8/31/2026 23:37:27,Marie Poppo,Graded (No Uma Restrictions),Win A finals,I accept these terms,Day 4,Android - phone or tablet,Rather not say,,46+ (more than 6 per day),Discord - MooMooCord - https://discord.gg/Hc7cP9GB,5,,Gold Ship (Summer),End Closer,Ace built for this CM before CM start in Grand Concert scenario,3,0,0,0,2,1,,Agnes Tachyon,Late Surger,Debuffer,,,,,,,,Grass Wonder,Late Surger,Debuffer,,,,,,,,4 Attempts - 20 Races total,13,Day 2,,,,,,,,,,,,,,Re-use Day 1 - Team Comp 1 as Day 2 - Team Comp 1,,,,,,,,,,4 Attempts - 20 Races total,10,Day 3,,,,,,,,,,,,,,,Re-use Day 2 - Team Comp 1 as Day 3 - Team Comp 1,A Group,,,,,,,,,,4 Attempts - 20 Races total,8,Go to Submit page,,,,,,,,,,,,,,,Re-use Day 3 - Team Comp 1 as Day 4 - Team Comp 1,A Group,,,,,,,,,,4 Attempts - 20 Races total,8,Go to Submit page,,,,,,,,,,,,,,,,,,,,,,,,,,,,,,,,,,,,,,,,,,,,,,,,,
9/2/2026 17:46:43,Calvin,Graded (No Uma Restrictions),Get into A finals,I accept these terms,Finals,"Android - phone or tablet, Windows",$501-1000,1429,31-45 (roughly 5-6 per day),Reddit - /r/umamusumeGame,,,El Condor Pasa,Pace Chaser,Ace built for this CM before CM start in Grand Concert scenario,3,0,0,0,2,1,0,Oguri Cap (Christmas),End Closer,Ace built for this CM before CM start in Grand Concert scenario,2,0,1,0,2,1,0,Special Week,Late Surger,Ace built for this CM before CM start in Grand Concert scenario,3,0,0,0,2,1,0,4 Attempts - 20 Races total,16,Day 2,,,,,,,,,,,,,,Re-use Day 1 - Team Comp 1 as Day 2 - Team Comp 1,,,,,,,,,,4 Attempts - 20 Races total,17,Day 3,,,,,,,,,,,,,,,Re-use Day 2 - Team Comp 1 as Day 3 - Team Comp 1,A Group,,,,,,,,,,4 Attempts - 20 Races total,12,Day 4,,,,,,,,,,,,,,,Re-use Day 3 - Team Comp 1 as Day 4 - Team Comp 1,A Group,,,,,,,,,,4 Attempts - 20 Races total,15,Go to Submit page,,,,,,,,,,,,,,,A Finals,8104,Re-use Day 4 - Team Comp 1 as Finals Team Comp,,,,,,,,,,https://drive.google.com/open?id=1FcpJ9lrI4w92PDZGJulozzLo8ErWl4NJ,1st,,,,,,,,,,,No,,https://drive.google.com/open?id=1WQTgOhno81zr0s-_LjJzHRFsEjwWmkra,https://drive.google.com/open?id=1_G9Cgwv5fKMe5Qw1hHf03Y5bKIEXMK0C,,2,6,7,0,0,https://drive.google.com/open?id=11FzqzcVYn5qnUdE8qnnHE7_mtFHrt1bi
9/2/2026 17:05:06,Levinity,Graded (No Uma Restrictions),Get into A finals,I accept these terms,Finals,"Android - phone or tablet, Windows",$1-100,1029,0-5 (less than 1 per day),"Discord - MooMooCord - https://discord.gg/Hc7cP9GB, Twitch - MooMooCows - https://www.twitch.tv/moomoomoocows, YouTube - MooMooCows - https://www.youtube.com/@MooMooCows",4,,Mejiro McQueen (Anime Collab),Pace Chaser,Ace built for this CM before CM start in Grand Concert scenario,3,0,0,0,2,1,0,Grass Wonder,Late Surger,Debuffer,1,1,0,0,3,1,0,Eishin Flash (Valentine),Late Surger,Debuffer,1,1,0,0,3,1,0,4 Attempts - 20 Races total,10,Day 2,,,,,,,,,,,,,,Re-use Day 1 - Team Comp 1 as Day 2 - Team Comp 1,,,,,,,,,,4 Attempts - 20 Races total,15,Day 3,,,,,,,,,,,,,,,Re-use Day 2 - Team Comp 1 as Day 3 - Team Comp 1,A Group,,,,,,,,,,4 Attempts - 20 Races total,14,Day 4,,,,,,,,,,,,,,,Re-use Day 3 - Team Comp 1 as Day 4 - Team Comp 1,A Group,,,,,,,,,,4 Attempts - 20 Races total,11,Go to Submit page,,,,,,,,,,,,,,,A Finals,10179,Re-use Day 4 - Team Comp 1 as Finals Team Comp,,,,,,,,,,https://drive.google.com/open?id=1dnUt4yFMJe-3YAN0H8D-WfDYGSBM8qlW,1st,,,,,,,,,,,Yes,absolute cinuma desuwa!!!,https://drive.google.com/open?id=1BDXUyUJiCSm_2Jmyh_HY3T3UUlvH3BsO,https://drive.google.com/open?id=1J77cL6lUDeLX0JPnpcMhZNwOx0ShBNoh,,0,8,8,0,0,https://drive.google.com/open?id=1Crls2UkPQzwpCFe1sWIUPA7xGb-NAXkz
8/31/2026 21:54:52,Nightsythe,Graded (No Uma Restrictions),Win A finals,I accept these terms,Day 1,Android - phone or tablet,$1001-5000,1153,31-45 (roughly 5-6 per day),Discord - MooMooCord - https://discord.gg/Hc7cP9GB,3,,Mihono Bourbon (Valentine),Front Runner,Ace built for this CM before CM start in Grand Concert scenario,3,0,0,0,2,0,,Seiun Sky,Front Runner,Ace built for this CM before CM start in Grand Concert scenario,3,0,0,0,2,0,,Eishin Flash (Valentine),Late Surger,Debuffer,1,1,1,1,1,1,,4 Attempts - 20 Races total,16,Day 2,,,,,,,,,,,,,,Re-use Day 1 - Team Comp 1 as Day 2 - Team Comp 1,,,,,,,,,,4 Attempts - 20 Races total,20,Day 3,,,,,,,,,,,,,,,Re-use Day 2 - Team Comp 1 as Day 3 - Team Comp 1,A Group,,,,,,,,,,4 Attempts - 20 Races total,14,Day 4,,,,,,,,,,,,,,,Re-use Day 3 - Team Comp 1 as Day 4 - Team Comp 1,A Group,,,,,,,,,,4 Attempts - 20 Races total,12,Go to Submit page,,,,,,,,,,,,,,,,,,,,,,,,,,,,,,,,,,,,,,,,,,,,,,,,,
9/3/2026 0:49:09,Browsing,Graded (No Uma Restrictions),Get into A finals,I accept these terms,Finals,"Android - phone or tablet, Windows",$101-500,1222,6-10 (roughly 1 per day),Discord - MooMooCord - https://discord.gg/Hc7cP9GB,4,n/a,Taiki Shuttle,Pace Chaser,Ace built for this CM before CM start in Grand Concert scenario,2,0,1,0,2,1,0,Nishino Flower,Pace Chaser,Ace built for this CM before CM start in Grand Concert scenario,2,0,1,0,2,1,0,Oguri Cap (Christmas),End Closer,Ace built for this CM before CM start in Grand Concert scenario,2,0,1,0,2,1,0,4 Attempts - 20 Races total,16,Day 2,,,,,,,,,,,,,,Re-use Day 1 - Team Comp 1 as Day 2 - Team Comp 1,,,,,,,,,,4 Attempts - 20 Races total,14,Day 3,,,,,,,,,,,,,,,Re-use Day 2 - Team Comp 1 as Day 3 - Team Comp 1,A Group,,,,,,,,,,4 Attempts - 20 Races total,15,Day 4,,,,,,,,,,,,,,,Re-use Day 3 - Team Comp 1 as Day 4 - Team Comp 1,A Group,,,,,,,,,,4 Attempts - 20 Races total,14,Go to Submit page,,,,,,,,,,,,,,,A Finals,9481,Re-use Day 4 - Team Comp 1 as Finals Team Comp,,,,,,,,,,https://drive.google.com/open?id=1rfW2vKjgqdpMFf2LD7kZpKWIRTlaQm51,1st,,,,,,,,,,,Yes,"""Oshii gaming is just using the Uma who you love to train. I love to train whoever will give me my true Oshii, CM wins.""",https://drive.google.com/open?id=1YTa-RnOYl73FhYUf_zDUAjcu1-NJTQS1,https://drive.google.com/open?id=1sMQfuJ1Fzbbf-98m3dE35JD4Xr653b2W,,0,7,2,0,2,https://drive.google.com/open?id=10MLephRzjTNtiDzCjKY1ZQFrzOWG6tuX
9/2/2026 16:52:02,nina,Graded (No Uma Restrictions),Win A finals,I accept these terms,Finals,"Android - phone or tablet, Windows",$0,,31-45 (roughly 5-6 per day),Discord - MooMooCord - https://discord.gg/Hc7cP9GB,5,,Mihono Bourbon (Valentine),Front Runner,Ace built for this CM before CM start in Grand Concert scenario,3,,,,2,0,,Air Groove,Late Surger,Debuffer,,,,,,,,Grass Wonder,Late Surger,Debuffer,,,,,,,,4 Attempts - 20 Races total,18,Day 2,,,,,,,,,,,,,,Re-use Day 1 - Team Comp 1 as Day 2 - Team Comp 1,,,,,,,,,,4 Attempts - 20 Races total,19,Go to Submit page,,,,,,,,,,,,,,,Re-use Day 2 - Team Comp 1 as Day 3 - Team Comp 1,A Group,,,,,,,,,,4 Attempts - 20 Races total,13,Day 1,,,,,,,,,,,,,,,Re-use Day 3 - Team Comp 1 as Day 4 - Team Comp 1,A Group,,,,,,,,,,4 Attempts - 20 Races total,17,Day 1,,,,,,,,,,,,,,,A Finals,12855,Re-use Day 4 - Team Comp 1 as Finals Team Comp,,,,,,,,,,https://drive.google.com/open?id=1pAkqoK_kJtANsUYRx60T-VFg2Z1Vt3b3,1st,,,,,,,,,,,Yes,"Whether it's Turf, Dirt, Long, Sprint, Sunny or Raining. She shall stand above it all, Victorious",https://drive.google.com/open?id=1nfr41OUjMdCIdvSD2oJrOlojI6cNotTw,https://drive.google.com/open?id=1Ubwf5eeEwHxd26CMh5J8QErgBWr1IABe,,,,,,,https://drive.google.com/open?id=11YVDV5cHkzEnaEd1xPrYb81JsisKRYv1
9/3/2026 8:36:23,VirtualRN,Graded (No Uma Restrictions),Win A finals,I accept these terms,Finals,Linux,$101-500,1174,11-20 (roughly 2-3 per day),Twitch - MooMooCows - https://www.twitch.tv/moomoomoocows,,,Fine Motion,Pace Chaser,Ace built for this CM before CM start in Grand Concert scenario,3,0,0,0,2,1,0,Taiki Shuttle,Pace Chaser,Ace built for this CM before CM start in Grand Concert scenario,3,0,0,0,2,1,0,Silence Suzuka,Front Runner,Ace built for this CM before CM start in Grand Concert scenario,3,0,0,0,2,1,0,2 Attempts - 10 Races total,5,Day 1 - Add 2nd Team,Fine Motion,Pace Chaser,Ace built for this CM before CM start in Grand Concert scenario,Taiki Shuttle,Pace Chaser,Ace built for this CM before CM start in Grand Concert scenario,Air Groove (Wedding),Pace Chaser,Ace built for this CM before CM start in Grand Concert scenario,2 Attempts - 10 Races total,4,2 teams,Day 2,Add new Team Comp as Day 2 - Team Comp 1,Fine Motion,Pace Chaser,Ace built for this CM before CM start in Grand Concert scenario,Taiki Shuttle,Pace Chaser,Ace built for this CM before CM start in Grand Concert scenario,Grass Wonder,Late Surger,Debuffer,4 Attempts - 20 Races total,14,Day 3,,,,,,,,,,,,,,,Re-use Day 2 - Team Comp 1 as Day 3 - Team Comp 1,A Group,,,,,,,,,,1 Attempt - 5 Races total,4,Day 3 - Add 2nd Team,Add new Team Comp as Day 3 - Team Comp 2,Fine Motion,Pace Chaser,Ace built for this CM before CM start in Grand Concert scenario,Mejiro Dober (Camping),Late Surger,Ace built for this CM before CM start in Grand Concert scenario,Grass Wonder,Late Surger,Debuffer,3 Attempts - 15 Races total,6,2 teams,Day 4,Add a new Team Comp as Day 4 - Team Comp 1,A Group,Fine Motion,Pace Chaser,Ace built for this CM before CM start in Grand Concert scenario,Mejiro Dober (Camping),Late Surger,Ace built for this CM before CM start in Grand Concert scenario,Vodka,Late Surger,Mid-CM Ace build in Grand Concert scenario,3 Attempts - 15 Races total,11,Day 4 - Add 2nd team,Add new Team Comp as Day 4 - Team Comp 2,Fine Motion,Pace Chaser,Ace built for this CM before CM start in Grand Concert scenario,Smart Falcon,Front Runner,Ace built for this CM before CM start in Grand Concert scenario,Vodka,Late Surger,Mid-CM Ace build in Grand Concert scenario,1 Attempt - 5 Races total,2,2 teams,Go to Submit page,A Finals,11820,Re-use Day 4 - Team Comp 1 as Finals Team Comp,,,,,,,,,,https://drive.google.com/open?id=1H7C8wQuX5-UlLhvNdvDKa4HTcQmucFAE,3rd,Yes,https://drive.google.com/open?id=1w-uiMZVYN2d0H0OJWzBF8eQFxybiT1jm,https://drive.google.com/open?id=1VcSQldQl-7eK39E1KywR_8SAhjuNvtIK,,6,3,3,0,6,https://drive.google.com/open?id=15WCowWJmlSRrDBh0ewzxGzPCjQPEMKza,,,,,,,,,,,
9/2/2026 15:32:36,DuckleberryFinn,Graded (No Uma Restrictions),Win A finals,I accept these terms,Finals,"iOS - phone or tablet, Windows",$5000+,2618,46+ (more than 6 per day),Discord - MooMooCord - https://discord.gg/Hc7cP9GB,,,Oguri Cap (Christmas),End Closer,Ace built for this CM before CM start in Grand Concert scenario,2,0,1,0,2,1,0,Nishino Flower,Pace Chaser,Ace built for this CM before CM start in Grand Concert scenario,3,0,0,,2,1,0,Grass Wonder,End Closer,Debuffer,,,,,,,,4 Attempts - 20 Races total,17,Day 2,,,,,,,,,,,,,,Re-use Day 1 - Team Comp 1 as Day 2 - Team Comp 1,,,,,,,,,,4 Attempts - 20 Races total,19,Day 3,,,,,,,,,,,,,,,Re-use Day 2 - Team Comp 1 as Day 3 - Team Comp 1,A Group,,,,,,,,,,4 Attempts - 20 Races total,17,Day 4,,,,,,,,,,,,,,,Re-use Day 3 - Team Comp 1 as Day 4 - Team Comp 1,A Group,,,,,,,,,,4 Attempts - 20 Races total,15,Go to Submit page,,,,,,,,,,,,,,,A Finals,16642,Re-use Day 4 - Team Comp 1 as Finals Team Comp,,,,,,,,,,https://drive.google.com/open?id=1jvE21Ha4E_Grsq2SzeVAZy8msc3w4R1V,1st,,,,,,,,,,,No,,https://drive.google.com/open?id=1StJpc0z7Tg90Lr_JDwyQuA4EuikvBdnD,https://drive.google.com/open?id=1efpGq8QTeJ5-yUH8QtFGAtdLrbFwijkL,,7,0,4,0,2,https://drive.google.com/open?id=13tiUS3WVKmU44iw0dfCC8kFpxPhIw2m-
9/2/2026 16:48:35,Ramiro,Graded (No Uma Restrictions),Win A finals,I accept these terms,Day 1,"Android - phone or tablet, Windows",$1-100,,,,,,T.M. Opera O,Pace Chaser,Ace built for this CM before CM start in Grand Concert scenario,3,,,,2,1,,Mejiro Dober (Camping),Late Surger,Ace built for this CM before CM start in Grand Concert scenario,,,,,,,,Nishino Flower,Pace Chaser,Ace built for this CM before CM start in Grand Concert scenario,,,,,,,,4 Attempts - 20 Races total,16,Day 2,,,,,,,,,,,,,,Re-use Day 1 - Team Comp 1 as Day 2 - Team Comp 1,T.M. Opera O,Pace Chaser,Ace built for this CM before CM start in Grand Concert scenario,Nishino Flower,Pace Chaser,Ace built for this CM before CM start in Grand Concert scenario,Mejiro Dober (Camping),Late Surger,Mid-CM Ace build in Grand Concert scenario,4 Attempts - 20 Races total,15,Day 3,,,,,,,,,,,,,,,Re-use Day 2 - Team Comp 1 as Day 3 - Team Comp 1,A Group,,,,,,,,,,4 Attempts - 20 Races total,15,Day 4,,,,,,,,,,,,,,,Re-use Day 3 - Team Comp 1 as Day 4 - Team Comp 1,A Group,,,,,,,,,,4 Attempts - 20 Races total,15,Finals,,,,,,,,,,,,,,,A Finals,8677,Re-use Day 4 - Team Comp 1 as Finals Team Comp,,,,,,,,,,https://drive.google.com/open?id=18FVfdo_bq2kQvXZfl0iLSKd1VOwB3YmK,1st,,,,,,,,,,,Yes,Haaah ha ha ha hah!,https://drive.google.com/open?id=1cnjHpNjfFaqb9fyGrZuUJQsk93WIdIqc,https://drive.google.com/open?id=1kQMw8joB6olq7K7et7u4kxzfZicVHD3l,,0,0,13,0,1,https://drive.google.com/open?id=194NlDbCZYyHLiSu1aPs7uaYgGzCbmcL1
9/1/2026 1:30:43,rng42,Graded (No Uma Restrictions),Win A finals,I accept these terms,Day 1,"Windows, SteamOS - Steam Deck",$101-500,,11-20 (roughly 2-3 per day),"Discord - MooMooCord - https://discord.gg/Hc7cP9GB, Twitch - MooMooCows - https://www.twitch.tv/moomoomoocows",,,Narita Taishin,End Closer,Ace built for this CM before CM start in Grand Concert scenario,2,0,1,0,2,1,0,Oguri Cap (Christmas),End Closer,Ace built for this CM before CM start in Grand Concert scenario,2,0,1,0,2,1,0,Mejiro Dober (Camping),Late Surger,Ace built for this CM before CM start in Grand Concert scenario,2,0,1,0,2,1,0,4 Attempts - 20 Races total,16,Day 3,,,,,,,,,,,,,,Re-use Day 1 - Team Comp 1 as Day 2 - Team Comp 1,,,,,,,,,,4 Attempts - 20 Races total,18,Day 1,,,,,,,,,,,,,,,Re-use Day 2 - Team Comp 1 as Day 3 - Team Comp 1,A Group,,,,,,,,,,4 Attempts - 20 Races total,15,Day 4,,,,,,,,,,,,,,,Re-use Day 3 - Team Comp 1 as Day 4 - Team Comp 1,A Group,,,,,,,,,,4 Attempts - 20 Races total,12,Go to Submit page,,,,,,,,,,,,,,,,,,,,,,,,,,,,,,,,,,,,,,,,,,,,,,,,,
9/2/2026 17:48:55,Umi,Graded (No Uma Restrictions),Win A finals,I accept these terms,Finals,Android - phone or tablet,$501-1000,1896,21-30 (roughly 3-4 per day),Discord - MooMooCord - https://discord.gg/Hc7cP9GB,,,Silence Suzuka,Runaway,Ace built for this CM before CM start in Grand Concert scenario,3,0,0,0,2,1,0,Taiki Shuttle,Pace Chaser,Ace built for this CM before CM start in Grand Concert scenario,3,0,0,0,2,1,0,Nishino Flower,Pace Chaser,Ace built for this CM before CM start in Grand Concert scenario,3,0,0,0,2,1,0,4 Attempts - 20 Races total,17,Day 2,,,,,,,,,,,,,,Re-use Day 1 - Team Comp 1 as Day 2 - Team Comp 1,,,,,,,,,,4 Attempts - 20 Races total,10,Day 3,,,,,,,,,,,,,,,Re-use Day 2 - Team Comp 1 as Day 3 - Team Comp 1,A Group,,,,,,,,,,4 Attempts - 20 Races total,11,Day 4,,,,,,,,,,,,,,,Re-use Day 3 - Team Comp 1 as Day 4 - Team Comp 1,A Group,,,,,,,,,,4 Attempts - 20 Races total,13,Go to Submit page,,,,,,,,,,,,,,,A Finals,13078,Add new Team Comp as Finals Team Comp,Silence Suzuka,Runaway,Ace built for this CM before CM start in Grand Concert scenario,Nishino Flower,Pace Chaser,Ace built for this CM before CM start in Grand Concert scenario,Oguri Cap (Christmas),End Closer,Mid-CM Ace build in Grand Concert scenario,https://drive.google.com/open?id=19THccQCFOs7SeSIPpdTszqKX_vI2simD,1st,,,,,,,,,,,No,,https://drive.google.com/open?id=1WHHhD-b3f46m6v6_bEe2OVvg9R02dycB,https://drive.google.com/open?id=1EkUIKybrj8EJaSvT4AWI3gZYDpwlIhAI,,4,0,6,0,3,https://drive.google.com/open?id=12ndBKPGdl1RQhI68pPsUeaR4dxxikUlf
9/3/2026 4:49:22,Splatman678,Graded (No Uma Restrictions),Win A finals,I accept these terms,Finals,Windows,$0,1200,6-10 (roughly 1 per day),Discord - MooMooCord - https://discord.gg/Hc7cP9GB,,,Fine Motion (Wedding),Pace Chaser,Ace built for this CM before CM start in Grand Concert scenario,3,,,,2,1,,Bamboo memory,Late Surger,Ace built for this CM before CM start in Grand Concert scenario,3,,1,,1,1,,Narita Taishin,End Closer,Ace built for this CM before CM start in Grand Concert scenario,3,,1,,1,1,,4 Attempts - 20 Races total,11,Day 2,,,,,,,,,,,,,,Re-use Day 1 - Team Comp 1 as Day 2 - Team Comp 1,,,,,,,,,,4 Attempts - 20 Races total,13,Day 3,,,,,,,,,,,,,,,Add new Team Comp as Day 3 - Team Comp 1,A Group,Fine Motion (Wedding),Pace Chaser,Ace built for this CM before CM start in Grand Concert scenario,Bamboo memory,Late Surger,Ace built for this CM before CM start in Grand Concert scenario,Narita Taishin,End Closer,Ace built for this CM before CM start in Grand Concert scenario,4 Attempts - 20 Races total,11,Day 4,,,,,,,,,,,,,,,Add a new Team Comp as Day 4 - Team Comp 1,A Group,Fine Motion (Wedding),Pace Chaser,Ace built for this CM before CM start in Grand Concert scenario,Bamboo memory,Late Surger,Ace built for this CM before CM start in Grand Concert scenario,Narita Taishin,End Closer,Ace built for this CM before CM start in Grand Concert scenario,4 Attempts - 20 Races total,12,Go to Submit page,,,,,,,,,,,,,,,A Finals,10004,Re-use Day 4 - Team Comp 1 as Finals Team Comp,,,,,,,,,,https://drive.google.com/open?id=1hBgg0ii7v_qd6XCAv0bdBC-TEmoDwRFX,1st,,,,,,,,,,,No,,https://drive.google.com/open?id=1p-2HktxjSsjnZS14zlQ3u-RCokp1BaKs,https://drive.google.com/open?id=1U1-zhZQUAdbeveuIgGwjZ1zdLfHGfisK,,,5,9,,2,https://drive.google.com/open?id=1rLiHc77V1RUfBk2QMF_qwaobfarmvGbK
9/1/2026 3:25:15,FreakySky,Graded (No Uma Restrictions),Win A finals,I accept these terms,Day 1,Windows,$1-100,,31-45 (roughly 5-6 per day),Friend sent me the link,4,,Seiun Sky,Front Runner,Ace built for this CM before CM start in Grand Concert scenario,3,0,0,0,2,1,0,Oguri Cap (Christmas),End Closer,Ace built for this CM before CM start in Grand Concert scenario,3,0,0,0,2,1,0,Grass Wonder,End Closer,Debuffer,2,0,0,0,3,1,0,4 Attempts - 20 Races total,19,Day 2,,,,,,,,,,,,,,Re-use Day 1 - Team Comp 1 as Day 2 - Team Comp 1,,,,,,,,,,4 Attempts - 20 Races total,18,Day 3,,,,,,,,,,,,,,,Re-use Day 2 - Team Comp 1 as Day 3 - Team Comp 1,A Group,,,,,,,,,,4 Attempts - 20 Races total,16,Day 4,,,,,,,,,,,,,,,Re-use Day 3 - Team Comp 1 as Day 4 - Team Comp 1,A Group,,,,,,,,,,4 Attempts - 20 Races total,16,Go to Submit page,,,,,,,,,,,,,,,,,,,,,,,,,,,,,,,,,,,,,,,,,,,,,,,,,
9/1/2026 3:57:25,ーーー,Graded (No Uma Restrictions),Get into A finals,I accept these terms,Day 3,Windows,$0,,,,,,Seiun Sky,Front Runner,Ace built for this CM before CM start in Grand Concert scenario,3,,,,2,1,,Mihono Bourbon (Valentine),Front Runner,Ace built for this CM before CM start in Grand Concert scenario,3,,,,2,1,,Taiki Shuttle,Pace Chaser,Ace built for this CM before CM start in Grand Concert scenario,3,,,,2,1,,4 Attempts - 20 Races total,8,Day 2,,,,,,,,,,,,,,Re-use Day 1 - Team Comp 1 as Day 2 - Team Comp 1,,,,,,,,,,4 Attempts - 20 Races total,11,Day 3,,,,,,,,,,,,,,,Re-use Day 2 - Team Comp 1 as Day 3 - Team Comp 1,A Group,,,,,,,,,,4 Attempts - 20 Races total,8,Go to Submit page,,,,,,,,,,,,,,,Re-use Day 3 - Team Comp 1 as Day 4 - Team Comp 1,A Group,,,,,,,,,,4 Attempts - 20 Races total,12,Go to Submit page,,,,,,,,,,,,,,,,,,,,,,,,,,,,,,,,,,,,,,,,,,,,,,,,,
9/2/2026 16:34:35,Malf,Graded (No Uma Restrictions),Win A finals,I accept these terms,Finals,"Android - phone or tablet, Windows, SteamOS - Steam Deck",$501-1000,1920,46+ (more than 6 per day),Discord - MooMooCord - https://discord.gg/Hc7cP9GB,,,Seiun Sky,Front Runner,Ace built for this CM before CM start in Grand Concert scenario,3,0,0,0,2,1,0,Fuji Kiseki,Front Runner,Ace built for this CM before CM start in Grand Concert scenario,3,0,0,0,2,1,0,Nishino Flower,Front Runner,Ace built for this CM before CM start in Grand Concert scenario,3,0,0,0,2,1,0,4 Attempts - 20 Races total,16,Day 2,,,,,,,,,,,,,,Re-use Day 1 - Team Comp 1 as Day 2 - Team Comp 1,,,,,,,,,,4 Attempts - 20 Races total,16,Day 3,,,,,,,,,,,,,,,Re-use Day 2 - Team Comp 1 as Day 3 - Team Comp 1,A Group,,,,,,,,,,4 Attempts - 20 Races total,11,Day 4,,,,,,,,,,,,,,,Re-use Day 3 - Team Comp 1 as Day 4 - Team Comp 1,A Group,,,,,,,,,,4 Attempts - 20 Races total,10,Go to Submit page,,,,,,,,,,,,,,,A Finals,10794,Re-use Day 4 - Team Comp 1 as Finals Team Comp,,,,,,,,,,https://drive.google.com/open?id=1NPPcBHP5cc7apq_RK94M2LevmHPrgbIJ,1st,,,,,,,,,,,No,,https://drive.google.com/open?id=1acf3TldTDqy0C0hioyJS7iEkHB-1GtCh,https://drive.google.com/open?id=1CjfjYKWfAjRGhyEAbFzaXf5YnfwQVL4b,,5,6,3,0,0,https://drive.google.com/open?id=1vr_vg7nn0hreZtJQTHsNjH8wVqsccPaW
9/3/2026 10:27:06,xAlse,Graded (No Uma Restrictions),Win A finals,I accept these terms,Day 4,Windows,$0,1250,11-20 (roughly 2-3 per day),Discord - MooMooCord - https://discord.gg/Hc7cP9GB,5,,Oguri Cap (Christmas),End Closer,Ace built for this CM before CM start in Grand Concert scenario,3,0,0,0,2,1,0,Symboli Rudolf,Late Surger,Debuffer,2,0,0,0,3,1,0,Grass Wonder,Late Surger,Debuffer,2,0,0,0,3,1,0,4 Attempts - 20 Races total,15,Day 2,,,,,,,,,,,,,,Re-use Day 1 - Team Comp 1 as Day 2 - Team Comp 1,,,,,,,,,,4 Attempts - 20 Races total,15,Day 3,,,,,,,,,,,,,,,Re-use Day 2 - Team Comp 1 as Day 3 - Team Comp 1,A Group,,,,,,,,,,4 Attempts - 20 Races total,15,Go to Submit page,,,,,,,,,,,,,,,Re-use Day 3 - Team Comp 1 as Day 4 - Team Comp 1,A Group,,,,,,,,,,4 Attempts - 20 Races total,10,Finals,,,,,,,,,,,,,,,A Finals,9192,Re-use Day 4 - Team Comp 1 as Finals Team Comp,,,,,,,,,,https://drive.google.com/open?id=1y2l7y1DgtrZHCstYOB2RhGeO7oAaNz3x,1st,,,,,,,,,,,No,,,,,,,,,,
9/2/2026 16:14:09,TMK1k,Graded (No Uma Restrictions),Win A finals,I accept these terms,Finals,Windows,$101-500,1236,,,,,Copano Rickey,Front Runner,Ace built for this CM before CM start in Grand Concert scenario,3,0,0,0,2,1,0,Grass Wonder,Late Surger,Debuffer,,,,,,,,Nice Nature (Cheerleader),Late Surger,Debuffer,,,,,,,,4 Attempts - 20 Races total,14,Day 2,,,,,,,,,,,,,,Re-use Day 1 - Team Comp 1 as Day 2 - Team Comp 1,,,,,,,,,,4 Attempts - 20 Races total,17,Day 3,,,,,,,,,,,,,,,Re-use Day 2 - Team Comp 1 as Day 3 - Team Comp 1,A Group,,,,,,,,,,4 Attempts - 20 Races total,17,Day 4,,,,,,,,,,,,,,,Re-use Day 3 - Team Comp 1 as Day 4 - Team Comp 1,A Group,,,,,,,,,,4 Attempts - 20 Races total,14,Go to Submit page,,,,,,,,,,,,,,,A Finals,12118,Re-use Day 4 - Team Comp 1 as Finals Team Comp,,,,,,,,,,https://drive.google.com/open?id=1wpZQgYARdjEag28d8rqLP9kMksPj-GlU,1st,,,,,,,,,,,Yes,The furniture was placed correctly,https://drive.google.com/open?id=18zpKAHTa1SCCj218LGxjOTj2krm8R-bW,https://drive.google.com/open?id=1ieC1b7QIdij9QURDLwO8oTtUbyjXd85R,,0,6,6,0,2,https://drive.google.com/open?id=1n6bHJ09aX_Cye9FutQOZcwcnzm89KWlm
9/3/2026 4:20:55,GameFanBR,Graded (No Uma Restrictions),Win A finals,I accept these terms,Finals,"Android - phone or tablet, Windows",$1-100,1279,21-30 (roughly 3-4 per day),Discord - MooMooCord - https://discord.gg/Hc7cP9GB,5,,Silence Suzuka,Front Runner,Ace built for this CM before CM start in Grand Concert scenario,2,0,0,0,3,1,0,Aston Machan,Front Runner,Ace built for this CM before CM start in Grand Concert scenario,2,0,0,0,3,1,0,Symboli Rudolf,End Closer,Debuffer,2,0,0,0,3,1,0,4 Attempts - 20 Races total,10,Day 2,,,,,,,,,,,,,,Re-use Day 1 - Team Comp 1 as Day 2 - Team Comp 1,,,,,,,,,,4 Attempts - 20 Races total,11,Day 3,,,,,,,,,,,,,,,Re-use Day 2 - Team Comp 1 as Day 3 - Team Comp 1,A Group,,,,,,,,,,4 Attempts - 20 Races total,8,Day 4,,,,,,,,,,,,,,,Re-use Day 3 - Team Comp 1 as Day 4 - Team Comp 1,A Group,,,,,,,,,,4 Attempts - 20 Races total,12,Go to Submit page,,,,,,,,,,,,,,,A Finals,6122,Re-use Day 4 - Team Comp 1 as Finals Team Comp,,,,,,,,,,https://drive.google.com/open?id=1o1CntBIBC0SHvGuX2B9gxtgM20p3Oawn,2nd,Yes,https://drive.google.com/open?id=1z0-KbYfYhQrH-2c6UNQ58VD_E7Wdceoe,https://drive.google.com/open?id=17VinU1qi9bFZDYvTes0yJXWOB23Hmwvz,https://drive.google.com/open?id=1VZSwUrrUG4mJlvxrm6L6TEVF0IaDhXUK,0,8,8,0,0,https://drive.google.com/open?id=1nroc8F8QYR3QWW_RrKx2NGCXJ74bGlkf,,,,,,,,,,,
9/3/2026 1:31:13,fiannez,Graded (No Uma Restrictions),Win A finals,I accept these terms,Finals,"iOS - phone or tablet, Windows",$0,1035,11-20 (roughly 2-3 per day),Discord - MooMooCord - https://discord.gg/Hc7cP9GB,5,,Aston Machan,Front Runner,Ace built for this CM before CM start in Grand Concert scenario,3,,,,2,1,,Silence Suzuka,Front Runner,Ace built for this CM before CM start in Grand Concert scenario,3,,,,2,1,,Fine Motion,Pace Chaser,Ace built for this CM before CM start in Grand Concert scenario,3,,,,2,1,,4 Attempts - 20 Races total,6,Day 2,,,,,,,,,,,,,,Add new Team Comp as Day 2 - Team Comp 1,Aston Machan,Front Runner,Mid-CM Ace build in Grand Concert scenario,Silence Suzuka,Front Runner,Ace built for this CM before CM start in Grand Concert scenario,Fine Motion,Pace Chaser,Ace built for this CM before CM start in Grand Concert scenario,4 Attempts - 20 Races total,15,Day 3,,,,,,,,,,,,,,,Re-use Day 2 - Team Comp 1 as Day 3 - Team Comp 1,A Group,,,,,,,,,,4 Attempts - 20 Races total,2,Day 4,,,,,,,,,,,,,,,Add a new Team Comp as Day 4 - Team Comp 1,A Group,Aston Machan,Front Runner,Mid-CM Ace build in Grand Concert scenario,Silence Suzuka,Runaway,Mid-CM Ace build in Grand Concert scenario,Fine Motion,Pace Chaser,Mid-CM Ace build in Grand Concert scenario,4 Attempts - 20 Races total,12,Go to Submit page,,,,,,,,,,,,,,,A Finals,7168,Re-use Day 4 - Team Comp 1 as Finals Team Comp,,,,,,,,,,https://drive.google.com/open?id=1dF8IXV6FbQsxbEe1vmhY5NE7wIYO-N0n,2nd,No (goes to Submit page),,,,,,,,,,,,,,,,,,,,
9/3/2026 7:12:19,Dion,Graded (No Uma Restrictions),Win A finals,I accept these terms,Finals,"iOS - phone or tablet, Windows",$0,1607,6-10 (roughly 1 per day),Discord - MooMooCord - https://discord.gg/Hc7cP9GB,,,Oguri Cap (Christmas),End Closer,Ace built for this CM before CM start in Grand Concert scenario,3,,,,2,1,,Grass Wonder,Late Surger,Debuffer,,,,,,,,Eishin Flash (Valentine),Late Surger,Debuffer,,,,,,,,2 Attempts - 10 Races total,5,Day 2,Oguri Cap (Christmas),End Closer,Ace built for this CM before CM start in Grand Concert scenario,Taiki Shuttle,Pace Chaser,Mid-CM Ace build in Grand Concert scenario,Grass Wonder,End Closer,Debuffer,2 Attempts - 10 Races total,6,2 teams,Go to Submit page,Re-use Day 1 - Team Comp 2 as Day 2 - Team Comp 1,,,,,,,,,,4 Attempts - 20 Races total,12,Day 3,,,,,,,,,,,,,,,Add new Team Comp as Day 3 - Team Comp 1,A Group,Oguri Cap (Christmas),End Closer,Mid-CM Ace build in Grand Concert scenario,Taiki Shuttle,Pace Chaser,Mid-CM Ace build in Grand Concert scenario,Grass Wonder,End Closer,Debuffer,4 Attempts - 20 Races total,16,Day 4,,,,,,,,,,,,,,,Re-use Day 3 - Team Comp 1 as Day 4 - Team Comp 1,A Group,,,,,,,,,,4 Attempts - 20 Races total,14,Go to Submit page,,,,,,,,,,,,,,,A Finals,9597,Re-use Day 4 - Team Comp 1 as Finals Team Comp,,,,,,,,,,https://drive.google.com/open?id=17Q0fFkKnNijITwZ0fHSOQgUz2TLEXuYp,1st,,,,,,,,,,,No,,https://drive.google.com/open?id=1YyET6PH26_ywkZdalvDiTFzG4oi7VajT,https://drive.google.com/open?id=1ecAkPS9dfG5ih1TJKWvYIXwFhMYjzyQY,,4,5,3,1,,https://drive.google.com/open?id=1HpxZO7TbHhYqBUdW7KojQFeSG9uIpZfu
9/2/2026 17:04:35,NEXGENEEZY,Graded (No Uma Restrictions),demoralize casuals and free to play,I accept these terms,Finals,iOS - phone or tablet,Rather not say,3349,,i keep getting pinged by Cing and i dont wanna leave him hanging but now hes got some bot doing it or at least i assume its his bot but now i dont wanna leave the bot hanging  ,4,i dont wanna find an empty row in the spreadsheet,Fine Motion (Wedding),Pace Chaser,Ace built for this CM before CM start in Grand Concert scenario,3,,,,2,1,,T.M. Opera O,Late Surger,Ace built for this CM before CM start in Grand Concert scenario,3,,,,2,1,,Nice Nature (Cheerleader),Late Surger,Ace built for this CM before CM start in Grand Concert scenario,3,,,,2,1,,4 Attempts - 20 Races total,16,Day 2,,,,,,,,,,,,,,Re-use Day 1 - Team Comp 1 as Day 2 - Team Comp 1,,,,,,,,,,4 Attempts - 20 Races total,17,Day 3,,,,,,,,,,,,,,,Re-use Day 2 - Team Comp 1 as Day 3 - Team Comp 1,A Group,,,,,,,,,,4 Attempts - 20 Races total,15,Day 4,,,,,,,,,,,,,,,Re-use Day 3 - Team Comp 1 as Day 4 - Team Comp 1,A Group,,,,,,,,,,4 Attempts - 20 Races total,14,Go to Submit page,,,,,,,,,,,,,,,A Finals,,Re-use Day 4 - Team Comp 1 as Finals Team Comp,,,,,,,,,,https://drive.google.com/open?id=1vTWYXmjUA8xoMrF3MAHqmwxcntRa2dlN,1st,,,,,,,,,,,Yes,there's no shot this is an oshi award because i watched someone else win with wedding finemo lol,,,,,,,,,
9/1/2026 8:16:39,chunguslieben,Open (A+ Grade and Lower Umas Only),Win A finals,I accept these terms,Day 1,Android - phone or tablet,$101-500,1400,21-30 (roughly 3-4 per day),Discord - MooMooCord - https://discord.gg/Hc7cP9GB,,,Narita Taishin,End Closer,Ace built for this CM before CM start in Grand Concert scenario,3,0,0,0,2,1,0,Agnes Tachyon,End Closer,Debuffer,,,,,,,,Grass Wonder,End Closer,Debuffer,,,,,,,,4 Attempts - 20 Races total,15,Day 2,,,,,,,,,,,,,,Re-use Day 1 - Team Comp 1 as Day 2 - Team Comp 1,,,,,,,,,,4 Attempts - 20 Races total,12,Day 3,,,,,,,,,,,,,,,Re-use Day 2 - Team Comp 1 as Day 3 - Team Comp 1,A Group,,,,,,,,,,4 Attempts - 20 Races total,13,Day 4,,,,,,,,,,,,,,,Re-use Day 3 - Team Comp 1 as Day 4 - Team Comp 1,A Group,,,,,,,,,,4 Attempts - 20 Races total,10,Go to Submit page,,,,,,,,,,,,,,,,,,,,,,,,,,,,,,,,,,,,,,,,,,,,,,,,,
9/2/2026 18:40:24,Rice,Graded (No Uma Restrictions),Win A finals,I accept these terms,Finals,Windows,$0,2309,31-45 (roughly 5-6 per day),Discord - MooMooCord - https://discord.gg/Hc7cP9GB,5,,Sweep Tosho,Late Surger,Ace built for this CM before CM start in Grand Concert scenario,3,0,0,0,2,1,0,Tamamo Cross,Late Surger,Ace built for this CM before CM start in Grand Concert scenario,3,0,0,0,2,1,0,Grass Wonder,Late Surger,Ace built for this CM before CM start in Grand Concert scenario,2,0,1,0,2,1,0,4 Attempts - 20 Races total,10,Day 2,,,,,,,,,,,,,,Re-use Day 1 - Team Comp 1 as Day 2 - Team Comp 1,,,,,,,,,,4 Attempts - 20 Races total,9,Day 3,,,,,,,,,,,,,,,Re-use Day 2 - Team Comp 1 as Day 3 - Team Comp 1,A Group,,,,,,,,,,4 Attempts - 20 Races total,12,Day 4,,,,,,,,,,,,,,,Re-use Day 3 - Team Comp 1 as Day 4 - Team Comp 1,A Group,,,,,,,,,,4 Attempts - 20 Races total,17,Go to Submit page,,,,,,,,,,,,,,,A Finals,9839,Re-use Day 4 - Team Comp 1 as Finals Team Comp,,,,,,,,,,https://drive.google.com/open?id=1u4-jOqFmqDOd9FbBIxiciZeOoAJsA1uR,1st,,,,,,,,,,,Yes,"Twinkle, Twinkle! I'll show them how magical my spells are!",https://drive.google.com/open?id=1ekA67JITdD6hRyAzB9loN0KIGEzvDSIg,https://drive.google.com/open?id=1WbMiXEKVFiq_CGkGXbneNhWs_Cplkk2f,,2,6,7,0,0,https://drive.google.com/open?id=1CwneGJIDlqU0PbuuA6KzfhI47L8KCY_l
9/3/2026 9:16:09,Migory,Graded (No Uma Restrictions),Get into A finals,I accept these terms,Finals,Windows,$501-1000,1272,11-20 (roughly 2-3 per day),YouTube - MooMooCows - https://www.youtube.com/@MooMooCows,4,,Daiwa Scarlet,Front Runner,Ace built for this CM before CM start in Grand Concert scenario,3,0,0,0,2,1,0,Grass Wonder,Late Surger,Debuffer,1,1,1,0,2,1,0,Silence Suzuka,Runaway,Blocker/Overtake target/Throwaway/Niche role,1,0,0,1,4,0,0,3 Attempts - 15 Races total,11,Day 2,,,,,,,,,,,,,,Re-use Day 1 - Team Comp 1 as Day 2 - Team Comp 1,,,,,,,,,,3 Attempts - 15 Races total,11,Day 3,,,,,,,,,,,,,,,Add new Team Comp as Day 3 - Team Comp 1,A Group,Daiwa Scarlet,Front Runner,Ace built for this CM before CM start in Grand Concert scenario,Grass Wonder,Late Surger,Debuffer,Nice Nature (Cheerleader),Late Surger,Debuffer,3 Attempts - 15 Races total,9,Day 4,,,,,,,,,,,,,,,Re-use Day 3 - Team Comp 1 as Day 4 - Team Comp 1,A Group,,,,,,,,,,3 Attempts - 15 Races total,8,Go to Submit page,,,,,,,,,,,,,,,A Finals,8166,Re-use Day 4 - Team Comp 1 as Finals Team Comp,,,,,,,,,,,3rd,No (goes to Submit page),,,,,,,,,,,,,,,,,,,,
9/2/2026 15:36:21,Wecondo,Graded (No Uma Restrictions),Get into A finals,I accept these terms,Finals,Windows,$501-1000,,21-30 (roughly 3-4 per day),Friend sent me the link,4,,Mejiro Ardan,Pace Chaser,Ace built for this CM before CM start in Grand Concert scenario,3,,1,,1,1,,Agnes Tachyon,End Closer,Debuffer,1,1,,,4,,,Grass Wonder,End Closer,Debuffer,1,1,,,4,,,4 Attempts - 20 Races total,17,Day 2,,,,,,,,,,,,,,Re-use Day 1 - Team Comp 1 as Day 2 - Team Comp 1,,,,,,,,,,4 Attempts - 20 Races total,16,Day 3,,,,,,,,,,,,,,,Re-use Day 2 - Team Comp 1 as Day 3 - Team Comp 1,A Group,,,,,,,,,,4 Attempts - 20 Races total,12,Day 4,,,,,,,,,,,,,,,Re-use Day 3 - Team Comp 1 as Day 4 - Team Comp 1,A Group,,,,,,,,,,4 Attempts - 20 Races total,13,Go to Submit page,,,,,,,,,,,,,,,A Finals,15458,Add new Team Comp as Finals Team Comp,Yamanin Zephyr,Pace Chaser,Mid-CM Ace build in Grand Concert scenario,Agnes Tachyon,End Closer,Debuffer,Grass Wonder,End Closer,Debuffer,https://drive.google.com/open?id=1l-pPum54EZGuPwA-3ySMeovnqWjiBZO_,1st,,,,,,,,,,,Yes,"Like a rushing gale... she runs, bending the air itself to her will.",https://drive.google.com/open?id=1Z2OFVN3VhI5WVOW2OKfRbOfRwQeufpvR,https://drive.google.com/open?id=1WrP-JORtDI9AhJ7pVEcEMf5OJqeFZoJf,,,11,2,,3,https://drive.google.com/open?id=1LU9f1MWQJuKWuhLwq1gnpa-hI6jhnFCJ
9/2/2026 17:11:17,Iota,Graded (No Uma Restrictions),Get into A finals,I accept these terms,Finals,"iOS - phone or tablet, Windows",$101-500,932,6-10 (roughly 1 per day),Discord - MooMooCord - https://discord.gg/Hc7cP9GB,5,,Mejiro Dober (Camping),Late Surger,Ace built for this CM before CM start in Grand Concert scenario,2,,1,,2,1,,Symboli Rudolf (Festival),Pace Chaser,Ace built for this CM before CM start in Grand Concert scenario,3,,,,2,1,,Taiki Shuttle,Pace Chaser,Ace built for this CM before CM start in Grand Concert scenario,3,,,,2,1,,3 Attempts - 15 Races total,9,Day 2,,,,,,,,,,,,,,Re-use Day 1 - Team Comp 1 as Day 2 - Team Comp 1,,,,,,,,,,2 Attempts - 10 Races total,4,Day 3,,,,,,,,,,,,,,,Re-use Day 2 - Team Comp 1 as Day 3 - Team Comp 1,A Group,,,,,,,,,,3 Attempts - 15 Races total,7,Day 4,,,,,,,,,,,,,,,Re-use Day 3 - Team Comp 1 as Day 4 - Team Comp 1,A Group,,,,,,,,,,4 Attempts - 20 Races total,10,Go to Submit page,,,,,,,,,,,,,,,A Finals,7694,Re-use Day 4 - Team Comp 1 as Finals Team Comp,,,,,,,,,,https://drive.google.com/open?id=1FsbcWL6uaAWijb9luup6RiFz61ZRXkBs,2nd,No (goes to Submit page),,,,,,,,,,,,,,,,,,,,
9/2/2026 17:44:09,Serge,Graded (No Uma Restrictions),Win A finals,I accept these terms,Finals,Windows,$1001-5000,628,11-20 (roughly 2-3 per day),"Discord - MooMooCord - https://discord.gg/Hc7cP9GB, YouTube - MooMooCows - https://www.youtube.com/@MooMooCows",5,,Taiki Shuttle (Camping),Pace Chaser,Ace built for this CM before CM start in Grand Concert scenario,3,,,,2,0,,Aston Machan,Front Runner,Ace built for this CM before CM start in Grand Concert scenario,3,,,,2,1,,Mihono Bourbon (Valentine),Front Runner,Ace built for this CM before CM start in Grand Concert scenario,3,,,,2,1,,4 Attempts - 20 Races total,15,Day 2,,,,,,,,,,,,,,Re-use Day 1 - Team Comp 1 as Day 2 - Team Comp 1,,,,,,,,,,4 Attempts - 20 Races total,14,Day 3,,,,,,,,,,,,,,,Re-use Day 2 - Team Comp 1 as Day 3 - Team Comp 1,A Group,,,,,,,,,,4 Attempts - 20 Races total,12,Day 4,,,,,,,,,,,,,,,Re-use Day 3 - Team Comp 1 as Day 4 - Team Comp 1,A Group,,,,,,,,,,4 Attempts - 20 Races total,15,Go to Submit page,,,,,,,,,,,,,,,A Finals,10261,Re-use Day 4 - Team Comp 1 as Finals Team Comp,,,,,,,,,,https://drive.google.com/open?id=1DBdo0nHyLVZiBObx7qe7VQIiwGqCZXla,1st,,,,,,,,,,,No,,https://drive.google.com/open?id=1n3YP7X1wCNy5Dqag4v1MilNtbbl16jpG,https://drive.google.com/open?id=1tx5qGM7MWm7On22AV3-HAqmz_hYJ9flM,,,11,,2,,https://drive.google.com/open?id=1dPRWchi-7JCsR7Wl80YAKth5aUpsz6QM
9/2/2026 18:41:32,pugdog,Graded (No Uma Restrictions),Doto win finals,I accept these terms,Finals,Windows,$1001-5000,2740,46+ (more than 6 per day),Twitch - MooMooCows - https://www.twitch.tv/moomoomoocows,5,,Meisho Doto,Late Surger,Ace built for this CM before CM start in Grand Concert scenario,2,,1,,2,1,,Bamboo memory,Late Surger,Ace built for this CM before CM start in Grand Concert scenario,2,,1,,2,1,,Grass Wonder,Late Surger,Debuffer,,,,,,,,4 Attempts - 20 Races total,8,Day 2,,,,,,,,,,,,,,Add new Team Comp as Day 2 - Team Comp 1,Meisho Doto,Late Surger,Mid-CM Ace build in Grand Concert scenario,Bamboo memory,Late Surger,Mid-CM Ace build in Grand Concert scenario,Taiki Shuttle (Camping),Pace Chaser,Mid-CM Ace build in Grand Concert scenario,4 Attempts - 20 Races total,14,Day 3,,,,,,,,,,,,,,,Re-use Day 2 - Team Comp 2 as Day 3 - Team Comp 1,A Group,,,,,,,,,,4 Attempts - 20 Races total,15,Day 4,,,,,,,,,,,,,,,Re-use Day 3 - Team Comp 2 as Day 4 - Team Comp 1,A Group,,,,,,,,,,4 Attempts - 20 Races total,15,Go to Submit page,,,,,,,,,,,,,,,A Finals,11969,Re-use Day 4 - Team Comp 2 as Finals Team Comp,,,,,,,,,,https://drive.google.com/open?id=1zQNoHWPxDKkylV8sr3ZBQY8th9NGNGNr,1st,,,,,,,,,,,No,,https://drive.google.com/open?id=11q7WdIWytRFdgwWlboGIdh-TN950HYXH,https://drive.google.com/open?id=1JGyweBnU8mBIPr8_LHskd53betmvqcS2,,,1,5,4,,https://drive.google.com/open?id=1QrmbksfZRkEHPOLV_eU1F8ECCh-B662Y
9/2/2026 15:57:52,GracefulShade,Graded (No Uma Restrictions),Win A finals,I accept these terms,Finals,iOS - phone or tablet,$1-100,"1,473",31-45 (roughly 5-6 per day),YouTube - MooMooCows - https://www.youtube.com/@MooMooCows,5,,Smart Falcon,Front Runner,Ace built for this CM before CM start in Grand Concert scenario,2,0,0,0,3,1,0,Mihono Bourbon (Valentine),Front Runner,Ace built for this CM before CM start in Grand Concert scenario,3,0,0,0,2,1,0,Nishino Flower,Pace Chaser,Ace built for this CM before CM start in Grand Concert scenario,3,0,0,0,2,1,0,4 Attempts - 20 Races total,16,Day 2,,,,,,,,,,,,,,Re-use Day 1 - Team Comp 1 as Day 2 - Team Comp 1,,,,,,,,,,4 Attempts - 20 Races total,15,Day 3,,,,,,,,,,,,,,,Re-use Day 2 - Team Comp 1 as Day 3 - Team Comp 1,A Group,,,,,,,,,,4 Attempts - 20 Races total,13,Day 4,,,,,,,,,,,,,,,Re-use Day 3 - Team Comp 1 as Day 4 - Team Comp 1,A Group,,,,,,,,,,4 Attempts - 20 Races total,15,Go to Submit page,,,,,,,,,,,,,,,A Finals,10928,Re-use Day 4 - Team Comp 1 as Finals Team Comp,,,,,,,,,,https://drive.google.com/open?id=1sutqIr33pif0ZoPoFuivy5LcmfS2BGb9,1st,,,,,,,,,,,No,,https://drive.google.com/open?id=1LNr5qsz-JqSDVBb6SnZD0XJVCLppUP7k,https://drive.google.com/open?id=1kvQHT2Ak6tjKVErXoAqDRfp-ka2qhwC6,,0,7,2,1,2,https://drive.google.com/open?id=1jEaO9EAxg2BC-rEVf3TVMicAGZB2X5eM
9/3/2026 4:31:15,Roger Sumatera,Graded (No Uma Restrictions),Collect participation rewards,I accept these terms,Day 3,Android - phone or tablet,$1-100,539,11-20 (roughly 2-3 per day),Reddit - /r/umamusumeGame,3,,,,,,,,,,,,,,,,,,,,,,,,,,,,,,,,,,,,,,,,,,,,,,,,,,,,,,,,,,,,,,,,,,,,,,,,,,,Re-use Day 2 - Team Comp 1 as Day 3 - Team Comp 1,A Group,,,,,,,,,,4 Attempts - 20 Races total,5,Day 4,,,,,,,,,,,,,,,Re-use Day 3 - Team Comp 1 as Day 4 - Team Comp 1,A Group,,,,,,,,,,4 Attempts - 20 Races total,8,Finals,,,,,,,,,,,,,,,A Finals,6391,Re-use Day 4 - Team Comp 1 as Finals Team Comp,,,,,,,,,,https://drive.google.com/open?id=1E2e9ZzxKO7Wqm8m0q5_Im1Y3z3kEiYuG,3rd,No (goes to Submit page),,,,,,,,,,,,,,,,,,,,
9/2/2026 15:55:56,Kimono,Graded (No Uma Restrictions),Win A finals,I accept these terms,Finals,"Android - phone or tablet, Windows",$1-100,1067,11-20 (roughly 2-3 per day),Discord - MooMooCord - https://discord.gg/Hc7cP9GB,5,,Sweep Tosho,End Closer,Ace built for this CM before CM start in Grand Concert scenario,2,0,1,0,2,1,0,Special Week,Late Surger,Ace built for this CM before CM start in Grand Concert scenario,3,0,0,0,2,1,0,Nishino Flower,Pace Chaser,Ace built for this CM before CM start in Grand Concert scenario,3,0,0,0,2,1,0,4 Attempts - 20 Races total,15,Day 2,,,,,,,,,,,,,,Re-use Day 1 - Team Comp 1 as Day 2 - Team Comp 1,,,,,,,,,,3 Attempts - 15 Races total,7,Day 3,,,,,,,,,,,,,,,Re-use Day 2 - Team Comp 1 as Day 3 - Team Comp 1,A Group,,,,,,,,,,4 Attempts - 20 Races total,10,Day 4,,,,,,,,,,,,,,,Re-use Day 3 - Team Comp 1 as Day 4 - Team Comp 1,A Group,,,,,,,,,,4 Attempts - 20 Races total,11,Go to Submit page,,,,,,,,,,,,,,,A Finals,14139,Re-use Day 4 - Team Comp 1 as Finals Team Comp,,,,,,,,,,https://drive.google.com/open?id=1dtf-kdTGgUwCRNDG-mvOKMKI0mntexeg,2nd,No (goes to Submit page),,,,,,,,,,,,,,,,,,,,
9/2/2026 4:01:49,FragLemon,Graded (No Uma Restrictions),Win A finals,I accept these terms,Day 1,Android - phone or tablet,$501-1000,1400,21-30 (roughly 3-4 per day),Discord - MooMooCord - https://discord.gg/Hc7cP9GB,5,,Silence Suzuka,Runaway,Ace built for this CM before CM start in Grand Concert scenario,2,0,0,0,3,1,0,Mayano Top Gun,Front Runner,Ace built for this CM before CM start in Grand Concert scenario,3,0,0,0,2,1,0,Mihono Bourbon,Front Runner,Ace built for this CM before CM start in Grand Concert scenario,3,0,0,0,2,1,0,4 Attempts - 20 Races total,15,Day 2,,,,,,,,,,,,,,Re-use Day 1 - Team Comp 1 as Day 2 - Team Comp 1,,,,,,,,,,4 Attempts - 20 Races total,18,Day 3,,,,,,,,,,,,,,,Re-use Day 2 - Team Comp 1 as Day 3 - Team Comp 1,A Group,,,,,,,,,,4 Attempts - 20 Races total,15,Day 4,,,,,,,,,,,,,,,Re-use Day 3 - Team Comp 1 as Day 4 - Team Comp 1,A Group,,,,,,,,,,4 Attempts - 20 Races total,9,Go to Submit page,,,,,,,,,,,,,,,,,,,,,,,,,,,,,,,,,,,,,,,,,,,,,,,,,
9/2/2026 15:27:20,BrickyTen,Graded (No Uma Restrictions),Win A finals,I accept these terms,Finals,Windows,$101-500,2000,31-45 (roughly 5-6 per day),Discord - MooMooCord - https://discord.gg/Hc7cP9GB,5,"yo guys make something with your website https://moomamusumedashboard.streamlit.app/ cause I've been getting new links to these forms from there. It displays CM17 when its CM18 Finals, so I had to go over to Discord to find link this time",Copano Rickey,Front Runner,Ace built for this CM before CM start in Grand Concert scenario,3,0,0,0,2,1,0,Seiun Sky,Front Runner,Ace built for this CM before CM start in Grand Concert scenario,3,0,0,0,2,1,0,Silence Suzuka,Runaway,Ace built for this CM before CM start in Grand Concert scenario,3,0,0,,2,1,0,4 Attempts - 20 Races total,15,Day 2,,,,,,,,,,,,,,Re-use Day 1 - Team Comp 1 as Day 2 - Team Comp 1,,,,,,,,,,4 Attempts - 20 Races total,16,Day 3,,,,,,,,,,,,,,,Re-use Day 2 - Team Comp 1 as Day 3 - Team Comp 1,A Group,,,,,,,,,,4 Attempts - 20 Races total,15,Day 4,,,,,,,,,,,,,,,Re-use Day 3 - Team Comp 1 as Day 4 - Team Comp 1,A Group,,,,,,,,,,4 Attempts - 20 Races total,12,Go to Submit page,,,,,,,,,,,,,,,A Finals,8315,Re-use Day 4 - Team Comp 1 as Finals Team Comp,,,,,,,,,,https://drive.google.com/open?id=1kPj1EOcP4vnZLjG9jUv-7XM7g1snYo3l,1st,,,,,,,,,,,Yes,Three-peat,https://drive.google.com/open?id=131EFcj8EyUSEPJgTPmtLaa-8u4Rcdp0L,https://drive.google.com/open?id=1BzZ73xsCjzA0Z0RAc-328Ooz1ipouvRA,,0,5,5,0,2,https://drive.google.com/open?id=1n70szGlybNWfXMOaa5YizFjXMQdpcFph
9/2/2026 15:22:56,autumnpeach,Graded (No Uma Restrictions),Win A finals,I accept these terms,Finals,"iOS - phone or tablet, Windows",$101-500,1275,46+ (more than 6 per day),Discord - MooMooCord - https://discord.gg/Hc7cP9GB,5,,,,,,,,,,,,,,,,,,,,,,,,,,,,,,,,,,,,,,,,,,,,,,,,,,,,,,,,,,,,,,,,,,,,,,,,,,,,,,,,,,,,,,,,,,,,,,,,,,,,,,,,,,,,,,,,,,,,,,,,,,,,,,,,,,,A Finals,10658,Add new Team Comp as Finals Team Comp,Rice Shower,Pace Chaser,Ace built for this CM before CM start in Grand Concert scenario,Vodka,Pace Chaser,Ace built for this CM before CM start in Grand Concert scenario,Air Groove (Wedding),Pace Chaser,Ace built for this CM before CM start in Grand Concert scenario,https://drive.google.com/open?id=1lCxTqOfnooJgI6psT25W61EyJM2hJ8Gj,1st,,,,,,,,,,,No,,https://drive.google.com/open?id=1mpXK8jCkmi32X0EGeRcI_qiaP7qpb7XF,https://drive.google.com/open?id=1_LuBAKMnV3uim8CNjyVE4p3rY1wjelxo,,,6,8,,,https://drive.google.com/open?id=1Hq6cXz-5FwOV5_Wsm_jNQF2cZJ_eoVaS
9/2/2026 15:26:34,TheVP,Graded (No Uma Restrictions),Get into A finals,I accept these terms,Finals,Android - phone or tablet,$101-500,1266,31-45 (roughly 5-6 per day),Discord - MooMooCord - https://discord.gg/Hc7cP9GB,,,,,,,,,,,,,,,,,,,,,,,,,,,,,,,,,,,,,,,,,,,,,,,,,,,,,,,,,,,,,,,,,,,,,,,,,,,,,,,,,,,,,,,,,,,,,,,,,,,,,,,,,,,,,,,,,,,,,,,,,,,,,,,,,,,,A Finals,8102,Add new Team Comp as Finals Team Comp,Sweep Tosho,End Closer,Ace built for this CM before CM start in Grand Concert scenario,Gold Ship,End Closer,Mid-CM Ace build in Grand Concert scenario,Narita Taishin,End Closer,Mid-CM Ace build in Grand Concert scenario,https://drive.google.com/open?id=1aW_WEhKj0nhURpB4M9aTQ14SiOzms5LP,1st,,,,,,,,,,,Yes,"You may have taken pity, but time to earn my carats back with your Magic Sweepy. ",https://drive.google.com/open?id=1Oq8cPpyZ_NCzEJEAPOJaK4H1JQdPLUCr,https://drive.google.com/open?id=1jBs8Ykhx0tnFEtmdYQgqKZoXyXwxKSHW,,0,8,8,0,0,https://drive.google.com/open?id=1LJ0Foy969AqDYATRTIZWmcEOdQgDYgbv
9/2/2026 15:33:10,R4tt,Graded (No Uma Restrictions),Win A finals,I accept these terms,Finals,Windows,$1-100,464,11-20 (roughly 2-3 per day),Friend sent me the link,4,,,,,,,,,,,,,,,,,,,,,,,,,,,,,,,,,,,,,,,,,,,,,,,,,,,,,,,,,,,,,,,,,,,,,,,,,,,,,,,,,,,,,,,,,,,,,,,,,,,,,,,,,,,,,,,,,,,,,,,,,,,,,,,,,,,A Finals,8034,Add new Team Comp as Finals Team Comp,Kitasan Black,Front Runner,Ace built for this CM before CM start in Grand Concert scenario,Mihono Bourbon (Valentine),Front Runner,Ace built for this CM before CM start in Grand Concert scenario,Sakura Chiyono O,Pace Chaser,Ace built for this CM before CM start in Grand Concert scenario,https://drive.google.com/open?id=13FxwIQGt7vasZQBzE__S4AM37zbCfJVP,1st,,,,,,,,,,,Yes,start.gg/defense-square,https://drive.google.com/open?id=1mzjuPUeJMTxbKTXoQu0evRY8Z2ht1Qxa,https://drive.google.com/open?id=1ihKv6hWNbvDiEzbWqXhtwMs15H3q1l4v,,3,3,10,0,0,https://drive.google.com/open?id=105Xa6GrFw3kdGDg-UN9FiFSrD9eOW6y4
9/2/2026 17:28:26,ParadoxSolutions,Graded (No Uma Restrictions),Get into A finals,I accept these terms,Day 1,"iOS - phone or tablet, Windows",Rather not say,1719,46+ (more than 6 per day),Discord - MooMooCord - https://discord.gg/Hc7cP9GB,5,,Admire Vega,Late Surger,Ace built for this CM before CM start in Grand Concert scenario,3,,,,2,1,,Grass Wonder,Front Runner,Debuffer,,,,,,,,Nice Nature (Cheerleader),Late Surger,Debuffer,,,,,,,,4 Attempts - 20 Races total,16,Day 2,,,,,,,,,,,,,,Re-use Day 1 - Team Comp 1 as Day 2 - Team Comp 1,,,,,,,,,,4 Attempts - 20 Races total,15,Day 3,,,,,,,,,,,,,,,Re-use Day 2 - Team Comp 1 as Day 3 - Team Comp 1,A Group,,,,,,,,,,4 Attempts - 20 Races total,12,Day 4,,,,,,,,,,,,,,,Re-use Day 3 - Team Comp 1 as Day 4 - Team Comp 1,A Group,,,,,,,,,,4 Attempts - 20 Races total,13,Finals,,,,,,,,,,,,,,,A Finals,10340,Re-use Day 4 - Team Comp 1 as Finals Team Comp,,,,,,,,,,https://drive.google.com/open?id=1Q2lsofRfR78JQm1QI_cLursQM8lYCFbH,1st,,,,,,,,,,,Yes,"""I plan to go stargazing. I want to commune with the stars at my leisure...""",https://drive.google.com/open?id=1Pt9OWtzC37Zb_SSD2pI7_gOjclV3mLWG,,,,9,5,,,https://drive.google.com/open?id=1tj8y7Y4VzDHxUqf26jccxi_y0Nve-0mX
9/2/2026 15:36:48,Mookeh,Graded (No Uma Restrictions),Win A finals,I accept these terms,Finals,Windows,$0,,,,5,,,,,,,,,,,,,,,,,,,,,,,,,,,,,,,,,,,,,,,,,,,,,,,,,,,,,,,,,,,,,,,,,,,,,,,,,,,,,,,,,,,,,,,,,,,,,,,,,,,,,,,,,,,,,,,,,,,,,,,,,,,,,,,,,,,A Finals,9251,Add new Team Comp as Finals Team Comp,Curren Chan,Pace Chaser,Ace built for this CM before CM start in Grand Concert scenario,Agnes Tachyon,Late Surger,Debuffer,Symboli Rudolf,Late Surger,Debuffer,https://drive.google.com/open?id=1PL7ZWn98tngc3ysdU1uLLFQPeHWPlrw5,1st,,,,,,,,,,,Yes,#TransGirlsForCurren,https://drive.google.com/open?id=1ytsQ3poVrX3KTegv_kc75fq4X6ecQLyA,https://drive.google.com/open?id=1F_5d_cbv-oSyn_LlwFgs0WHr7fQXToGo,,,,,,,https://drive.google.com/open?id=1PCiMgv1n4nEFbRcYuvGIbLGAksqX57GU
9/2/2026 15:37:29,Naichi,Graded (No Uma Restrictions),Win A finals,I accept these terms,Day 1,,$1-100,1655,11-20 (roughly 2-3 per day),,,,Mejiro Dober (Camping),Late Surger,Ace built for this CM before CM start in Grand Concert scenario,3,0,1,0,1,1,0,Nishino Flower,Pace Chaser,Ace built for this CM before CM start in Grand Concert scenario,3,0,0,0,2,1,0,Grass Wonder,Late Surger,Debuffer,1,0,1,0,4,0,0,4 Attempts - 20 Races total,15,Day 2,,,,,,,,,,,,,,Re-use Day 1 - Team Comp 1 as Day 2 - Team Comp 1,,,,,,,,,,4 Attempts - 20 Races total,14,Day 3,,,,,,,,,,,,,,,Re-use Day 2 - Team Comp 1 as Day 3 - Team Comp 1,A Group,,,,,,,,,,4 Attempts - 20 Races total,10,Day 4,,,,,,,,,,,,,,,Re-use Day 3 - Team Comp 1 as Day 4 - Team Comp 1,A Group,,,,,,,,,,4 Attempts - 20 Races total,14,Finals,,,,,,,,,,,,,,,A Finals,10012,Re-use Day 4 - Team Comp 1 as Finals Team Comp,,,,,,,,,,https://drive.google.com/open?id=1JrDgcMVmbjQWZbdKswXs8aTMKPD9gL1F,1st,,,,,,,,,,,Yes,She's the cutest,https://drive.google.com/open?id=1qDjwUpC2qF0mnGzKH6CwMCmQJVjeadL7,https://drive.google.com/open?id=1AYra0eW-EeC-Ea5Oo4sWuIj35NefVvyM,,4,2,3,2,0,https://drive.google.com/open?id=1qJUCKAR7WxzxeB1IJQlPEBK0fimz-t0x
9/2/2026 15:45:17,Dezu,Graded (No Uma Restrictions),Win A finals,I accept these terms,Day 1,,$1-100,,6-10 (roughly 1 per day),,,,Narita Taishin,End Closer,Ace built for this CM before CM start in Grand Concert scenario,,,,,,,,Mayano Top Gun,End Closer,Ace built for this CM before CM start in Grand Concert scenario,,,,,,,,Sweep Tosho,End Closer,Hybrid (ace + debuffer),,,,,,,,4 Attempts - 20 Races total,18,Day 2,,,,,,,,,,,,,,Re-use Day 1 - Team Comp 1 as Day 2 - Team Comp 1,,,,,,,,,,4 Attempts - 20 Races total,17,Day 3,,,,,,,,,,,,,,,Re-use Day 2 - Team Comp 1 as Day 3 - Team Comp 1,A Group,,,,,,,,,,4 Attempts - 20 Races total,11,Day 4,,,,,,,,,,,,,,,Re-use Day 3 - Team Comp 1 as Day 4 - Team Comp 1,A Group,,,,,,,,,,4 Attempts - 20 Races total,9,Finals,,,,,,,,,,,,,,,A Finals,8518,Re-use Day 4 - Team Comp 1 as Finals Team Comp,,,,,,,,,,https://drive.google.com/open?id=1e2TS4gqzBR6oQDGTB0911Xk50tgaPa5D,1st,,,,,,,,,,,No,,https://drive.google.com/open?id=1rDbVu_iNQUXSxZmZ8LFdo-P9MKz6UXZ7,,,,,14,,2,https://drive.google.com/open?id=1nO7eXiF19ZC9t0wxYAFDUlC9JgNtD05q
9/2/2026 15:46:23,AAAAAAAAAAAAAAA,Graded (No Uma Restrictions),Win A finals,I accept these terms,Finals,"Android - phone or tablet, Windows",$5000+,3942,46+ (more than 6 per day),Discord - MooMooCord - https://discord.gg/Hc7cP9GB,5,,,,,,,,,,,,,,,,,,,,,,,,,,,,,,,,,,,,,,,,,,,,,,,,,,,,,,,,,,,,,,,,,,,,,,,,,,,,,,,,,,,,,,,,,,,,,,,,,,,,,,,,,,,,,,,,,,,,,,,,,,,,,,,,,,,A Finals,8913,Re-use Day 4 - Team Comp 1 as Finals Team Comp,,,,,,,,,,https://drive.google.com/open?id=15HBCQ6_CQ3p7kELcT9sLhaM4dk2tVy4m,1st,,,,,,,,,,,Yes,A?,https://drive.google.com/open?id=1jIRHNZc15OuId6GEZaIASHmuGGqzFYJE,https://drive.google.com/open?id=1LbOnodzaME83Po4vQevh80vG648F8YwB,,0,8,7,0,0,https://drive.google.com/open?id=1fEQzmQX8BfSbH1HFtg4ThUwnZ4qibfvk
9/2/2026 15:48:37,Jonesy,Graded (No Uma Restrictions),Win A finals,I accept these terms,Finals,Windows,$1-100,595,11-20 (roughly 2-3 per day),YouTube - MooMooCows - https://www.youtube.com/@MooMooCows,5,,,,,,,,,,,,,,,,,,,,,,,,,,,,,,,,,,,,,,,,,,,,,,,,,,,,,,,,,,,,,,,,,,,,,,,,,,,,,,,,,,,,,,,,,,,,,,,,,,,,,,,,,,,,,,,,,,,,,,,,,,,,,,,,,,,A Finals,6917,Re-use Day 4 - Team Comp 2 as Finals Team Comp,,,,,,,,,,https://drive.google.com/open?id=1vYnHwqFlL7-TX204iDTGcI0zpg83B9FL,1st,,,,,,,,,,,No,,https://drive.google.com/open?id=1YY1HmVEO0YCtpZ2UDFWAAMCTjErFYq15,https://drive.google.com/open?id=1kLwiuBxtKUf_B5VcVxFhLzoYfQD9fiBP,,,,15,,,https://drive.google.com/open?id=1it0drpsWNqxl-FVA1WlZ_aUd-0GJI2mF
9/2/2026 15:48:47,Arkhan,Graded (No Uma Restrictions),Win A finals,I accept these terms,Day 1,"Android - phone or tablet, Windows",$501-1000,1114,31-45 (roughly 5-6 per day),"Discord - MooMooCord - https://discord.gg/Hc7cP9GB, Twitch - MooMooCows - https://www.twitch.tv/moomoomoocows, YouTube - MooMooCows - https://www.youtube.com/@MooMooCows",5,,Nishino Flower,Pace Chaser,Ace built for this CM before CM start in Grand Concert scenario,3,,,,2,1,,Mihono Bourbon (Valentine),Front Runner,Ace built for this CM before CM start in Grand Concert scenario,3,,,,2,1,,Seiun Sky,Front Runner,Ace built for this CM before CM start in Grand Concert scenario,3,,,,2,1,,4 Attempts - 20 Races total,13,Day 2,,,,,,,,,,,,,,Re-use Day 1 - Team Comp 1 as Day 2 - Team Comp 1,,,,,,,,,,4 Attempts - 20 Races total,13,Day 3,,,,,,,,,,,,,,,Re-use Day 2 - Team Comp 1 as Day 3 - Team Comp 1,A Group,,,,,,,,,,4 Attempts - 20 Races total,9,Day 4,,,,,,,,,,,,,,,Re-use Day 3 - Team Comp 1 as Day 4 - Team Comp 1,A Group,,,,,,,,,,4 Attempts - 20 Races total,8,Finals,,,,,,,,,,,,,,,A Finals,6810,Re-use Day 4 - Team Comp 1 as Finals Team Comp,,,,,,,,,,https://drive.google.com/open?id=1gBdT4VmfBOuey3F5wkPHa4hyP93lspg-,1st,,,,,,,,,,,No,,https://drive.google.com/open?id=12ongmIydAhPIv-gnFGh3gb2jwKteb8og,https://drive.google.com/open?id=1oop8qkSe8Oa_prKSTys3Ek2Py3ySDaPY,,3,9,5,,,https://drive.google.com/open?id=1l9gzFBALvIepUOdRXwwTsZIfI07TBWiq
9/2/2026 15:50:43,Kogata39,Graded (No Uma Restrictions),Win A finals,I accept these terms,Finals,Linux,,,11-20 (roughly 2-3 per day),Discord - MooMooCord - https://discord.gg/Hc7cP9GB,4,,,,,,,,,,,,,,,,,,,,,,,,,,,,,,,,,,,,,,,,,,,,,,,,,,,,,,,,,,,,,,,,,,,,,,,,,,,,,,,,,,,,,,,,,,,,,,,,,,,,,,,,,,,,,,,,,,,,,,,,,,,,,,,,,,,A Finals,8502,Re-use Day 4 - Team Comp 1 as Finals Team Comp,,,,,,,,,,https://drive.google.com/open?id=1WNMU_4hWGeF4hNPzcEvuH73iKUcTPsni,1st,,,,,,,,,,,Yes,I don't need a reason to run. I just need a road.,https://drive.google.com/open?id=1-iRNV3vvwzK4LoaBBUUs_0stkibfVZdJ,https://drive.google.com/open?id=1KWCvypcLoMNE6-_rtWCswmBAwvryoh4Q,,,7,9,,,https://drive.google.com/open?id=1JuCmVgBiD_UYWp86n8buAUhqjw4U0W2n
9/2/2026 16:00:18,FrustratedGrunt,Graded (No Uma Restrictions),Get into A finals,I accept these terms,Day 1,Android - phone or tablet,$101-500,1106,11-20 (roughly 2-3 per day),,,,El Condor Pasa (Fantasy),Late Surger,Ace built for this CM before CM start in Grand Concert scenario,2,,1,,2,0,,Gold City,Late Surger,Ace built for this CM before CM start in Grand Concert scenario,3,,,,2,0,,Grass Wonder,Late Surger,Ace built for this CM before CM start in Grand Concert scenario,3,,,,2,0,,4 Attempts - 20 Races total,10,Day 2,,,,,,,,,,,,,,Re-use Day 1 - Team Comp 1 as Day 2 - Team Comp 1,,,,,,,,,,4 Attempts - 20 Races total,14,Day 3,,,,,,,,,,,,,,,Re-use Day 2 - Team Comp 1 as Day 3 - Team Comp 1,A Group,,,,,,,,,,4 Attempts - 20 Races total,3,Day 4,,,,,,,,,,,,,,,Re-use Day 3 - Team Comp 1 as Day 4 - Team Comp 1,A Group,,,,,,,,,,4 Attempts - 20 Races total,7,Finals,,,,,,,,,,,,,,,A Finals,8218,Re-use Day 4 - Team Comp 1 as Finals Team Comp,,,,,,,,,,https://drive.google.com/open?id=1uEbLq6NXY1klp6WL1LiqS2MMMZtNkN0R,1st,,,,,,,,,,,Yes,"She had the worst win rate of my team this CM, but she pulled through against all odds.",https://drive.google.com/open?id=1L4JG3_pZluBoH5oDnEFKdlxi7pmAcYgL,https://drive.google.com/open?id=13Mn4Rn3Pswfe2M2v-q0CcGcXlNZ2voB0,,6,,,,0,https://drive.google.com/open?id=1SQaYwH4TBmrtcSbN6Sb_co3YigYnQi9_
9/2/2026 16:00:26,adof,Graded (No Uma Restrictions),Collect participation rewards,I accept these terms,Day 1,Windows,$0,,6-10 (roughly 1 per day),"Reddit - /r/umamusumeGame, YouTube - MooMooCows - https://www.youtube.com/@MooMooCows",5,,Taiki Shuttle (Camping),Pace Chaser,Ace built for this CM before CM start in Grand Concert scenario,3,0,0,0,2,1,0,Special Week,Pace Chaser,Ace built for this CM before CM start in Grand Concert scenario,3,0,0,0,2,1,0,Grass Wonder,Late Surger,Ace built for this CM before CM start in Grand Concert scenario,3,0,0,0,2,1,0,2 Attempts - 10 Races total,8,Day 2,,,,,,,,,,,,,,Re-use Day 1 - Team Comp 1 as Day 2 - Team Comp 1,,,,,,,,,,2 Attempts - 10 Races total,6,Day 3,,,,,,,,,,,,,,,Re-use Day 2 - Team Comp 1 as Day 3 - Team Comp 1,A Group,,,,,,,,,,4 Attempts - 20 Races total,10,Day 4,,,,,,,,,,,,,,,Re-use Day 3 - Team Comp 1 as Day 4 - Team Comp 1,A Group,,,,,,,,,,4 Attempts - 20 Races total,12,Finals,,,,,,,,,,,,,,,A Finals,9326,Re-use Day 4 - Team Comp 1 as Finals Team Comp,,,,,,,,,,https://drive.google.com/open?id=1wjURXYAseRXyRcBo0dbHoQB7vQVfAPWq,2nd,No (goes to Submit page),,,,,,,,,,,,,,,,,,,,
9/2/2026 16:02:21,Izuru,Graded (No Uma Restrictions),Win A finals,I accept these terms,Finals,Windows,$1-100,,11-20 (roughly 2-3 per day),Discord - MooMooCord - https://discord.gg/Hc7cP9GB,5,,,,,,,,,,,,,,,,,,,,,,,,,,,,,,,,,,,,,,,,,,,,,,,,,,,,,,,,,,,,,,,,,,,,,,,,,,,,,,,,,,,,,,,,,,,,,,,,,,,,,,,,,,,,,,,,,,,,,,,,,,,,,,,,,,,A Finals,,Add new Team Comp as Finals Team Comp,Rice Shower,Pace Chaser,Ace built for this CM before CM start in Grand Concert scenario,Agnes Tachyon,Late Surger,Debuffer,Nice Nature (Cheerleader),Late Surger,Debuffer,https://drive.google.com/open?id=1PE2el8_bw5zXT0dNR1oniS89jJHXv3G2,1st,,,,,,,,,,,Yes,moom,https://drive.google.com/open?id=1VpX28R1dn-nM5XteI8PKu3gMZIoISfbg,https://drive.google.com/open?id=108fraDqHAqsKOKeHQmBTPjF7tYaoXI7D,,5,3,9,,,https://drive.google.com/open?id=1tzj6XchGeYylaYQjxZpA78Lau5aM4a1t
9/2/2026 16:31:41,Key,Graded (No Uma Restrictions),Strongest Doto,I accept these terms,Finals,"iOS - phone or tablet, Windows",$1-100,1451,21-30 (roughly 3-4 per day),Friend sent me the link,5,Seems fine to me.,,,,,,,,,,,,,,,,,,,,,,,,,,,,,,,,,,,,,,,,,,,,,,,,,,,,,,,,,,,,,,,,,,,,,,,,,,,,,,,,,,,,,,,,,,,,,,,,,,,,,,,,,,,,,,,,,,,,,,,,,,,,,,,,,,A Finals,11094,Add new Team Comp as Finals Team Comp,Meisho Doto (Halloween),Pace Chaser,Ace built for this CM before CM start in Grand Concert scenario,Silence Suzuka,Runaway,Blocker/Overtake target/Throwaway/Niche role,Grass Wonder,End Closer,Debuffer,https://drive.google.com/open?id=1k_41s0buw12jzeCFbWLX7bJLWWp_hB-Z,1st,,,,,,,,,,,Yes,Goofed all over the competition :3,https://drive.google.com/open?id=1FmMOSknviYvgp73fjdPJ9m_am0E6RRcn,https://drive.google.com/open?id=1OM5T3pcYt8ufYDdSP5BVV-4ywLYycWu-,,,,3,,1,https://drive.google.com/open?id=1W2TUDlF1aXXCfn_jDY2vKhy0k-YN-Hof
9/2/2026 16:14:19,Skai,Graded (No Uma Restrictions),Win A finals,I accept these terms,Day 1,Windows,$1-100,1084,31-45 (roughly 5-6 per day),Discord - MooMooCord - https://discord.gg/Hc7cP9GB,5,,El Condor Pasa,Pace Chaser,Ace built for this CM before CM start in Grand Concert scenario,3,,,,2,1,,Mejiro Dober (Camping),Late Surger,Ace built for this CM before CM start in Grand Concert scenario,2,,1,,2,1,,King Halo,Late Surger,Ace built for this CM before CM start in Grand Concert scenario,3,,,,2,1,,4 Attempts - 20 Races total,12,Day 2,,,,,,,,,,,,,,Re-use Day 1 - Team Comp 1 as Day 2 - Team Comp 1,,,,,,,,,,4 Attempts - 20 Races total,14,Day 3,,,,,,,,,,,,,,,Re-use Day 2 - Team Comp 1 as Day 3 - Team Comp 1,A Group,,,,,,,,,,4 Attempts - 20 Races total,8,Day 4,,,,,,,,,,,,,,,Re-use Day 3 - Team Comp 1 as Day 4 - Team Comp 1,A Group,,,,,,,,,,4 Attempts - 20 Races total,10,Finals,,,,,,,,,,,,,,,A Finals,7030,Re-use Day 4 - Team Comp 1 as Finals Team Comp,,,,,,,,,,https://drive.google.com/open?id=1TN_aFWAFFG5S-1QHwGC2CfuyG_UTe6Sy,1st,,,,,,,,,,,No,,https://drive.google.com/open?id=1U4hb1NYpMpoW2iBggwXk3OX6SU7bOqrR,https://drive.google.com/open?id=186MebEwuJgO7HDdaZ_GWxzVLAe5vMO67,,,8,8,,,https://drive.google.com/open?id=1gP-nN5W1UT9khKLMVcxFNTkrmU1Dispo
9/2/2026 16:17:32,Alequis,Graded (No Uma Restrictions),Win A finals,I accept these terms,Finals,iOS - phone or tablet,$1-100,594,6-10 (roughly 1 per day),"Discord - MooMooCord - https://discord.gg/Hc7cP9GB, YouTube - MooMooCows - https://www.youtube.com/@MooMooCows",5,,,,,,,,,,,,,,,,,,,,,,,,,,,,,,,,,,,,,,,,,,,,,,,,,,,,,,,,,,,,,,,,,,,,,,,,,,,,,,,,,,,,,,,,,,,,,,,,,,,,,,,,,,,,,,,,,,,,,,,,,,,,,,,,,,,A Finals,6885,Add new Team Comp as Finals Team Comp,Narita Taishin,End Closer,Ace built for this CM before CM start in Grand Concert scenario,Maruzensky (Summer),Front Runner,Ace built for this CM before CM start in Grand Concert scenario,Oguri Cap (Christmas),End Closer,Ace built for this CM before CM start in Grand Concert scenario,https://drive.google.com/open?id=1P7Ls-DQq2HBK_djjGchJjXVLdrY4-zZ8,1st,,,,,,,,,,,Yes,Taishin always catch up!,https://drive.google.com/open?id=1B0KxAJDi3jw95-uvy-m18dY9BmNzGddv,https://drive.google.com/open?id=1z6UnfGEL9dm_ftKJcRnlum6MyWWeyvl_,,8,8,,,,https://drive.google.com/open?id=1nC1KaoNCsU5w1Lh0TY_fGUe6VHODiPlc
9/2/2026 16:18:58,Clouded,Graded (No Uma Restrictions),Group A final with Hishi Amazon,I accept these terms,Day 1,Windows,$101-500,1468,21-30 (roughly 3-4 per day),Discord - MooMooCord - https://discord.gg/Hc7cP9GB,4,Fastest time per day for Uma or finals race,Hishi Amazon,End Closer,Ace built for this CM before CM start in Grand Concert scenario,2,,1,,2,1,,Symboli Rudolf (Festival),Pace Chaser,Ace built for this CM before CM start in Grand Concert scenario,2,,1,,2,1,,Copano Rickey,Pace Chaser,Ace built for this CM before CM start in Grand Concert scenario,3,,,,2,1,,4 Attempts - 20 Races total,13,Day 2,,,,,,,,,,,,,,Re-use Day 1 - Team Comp 1 as Day 2 - Team Comp 1,,,,,,,,,,4 Attempts - 20 Races total,12,Day 3,,,,,,,,,,,,,,,Re-use Day 2 - Team Comp 2 as Day 3 - Team Comp 1,A Group,,,,,,,,,,4 Attempts - 20 Races total,5,Day 4,,,,,,,,,,,,,,,Re-use Day 3 - Team Comp 1 as Day 4 - Team Comp 1,A Group,,,,,,,,,,4 Attempts - 20 Races total,12,Finals,,,,,,,,,,,,,,,A Finals,7283,Re-use Day 4 - Team Comp 1 as Finals Team Comp,,,,,,,,,,https://drive.google.com/open?id=1kXfuuzmPS44MePF0s2DR1WJeSbw3V6nV,1st,,,,,,,,,,,Yes,Power of fast learner and mile s.,https://drive.google.com/open?id=1lnGZGqHLQnWLz61Tf6VDrzk9L8YXFTw4,https://drive.google.com/open?id=1FiptnXPzgJqTclg9MQG97P-oHMAlhqjs,,8,,4,,,https://drive.google.com/open?id=1OqvKIPQ5xnZJB4nMEX9lHbjsKhDPXN3X
9/2/2026 16:19:05,TomatoFi,Graded (No Uma Restrictions),Win A finals,I accept these terms,Finals,"Android - phone or tablet, Windows",$1001-5000,1277,11-20 (roughly 2-3 per day),"Discord - MooMooCord - https://discord.gg/Hc7cP9GB, Twitch - MooMooCows - https://www.twitch.tv/moomoomoocows",5,,,,,,,,,,,,,,,,,,,,,,,,,,,,,,,,,,,,,,,,,,,,,,,,,,,,,,,,,,,,,,,,,,,,,,,,,,,,,,,,,,,,,,,,,,,,,,,,,,,,,,,,,,,,,,,,,,,,,,,,,,,,,,,,,,,A Finals,10379,Add new Team Comp as Finals Team Comp,Sweep Tosho,Late Surger,Ace built for this CM before CM start in Grand Concert scenario,Taiki Shuttle (Camping),Pace Chaser,Ace built for this CM before CM start in Grand Concert scenario,Gold City,Late Surger,Ace built for this CM before CM start in Grand Concert scenario,https://drive.google.com/open?id=1WT_iOsxowL4jOe5En-n6MhhIe4xofbRt,1st,,,,,,,,,,,Yes,Sweepy UOOOOOGH 😭,https://drive.google.com/open?id=1l3Ja7DJfXXXG2-MO4GkeExRE3GfF1eso,https://drive.google.com/open?id=1qxNg1UXRkKYqYfI8bWmFB7KfYSgsSWUB,,4,4,2,0,2,https://drive.google.com/open?id=1zdX0bnVl4g1WRcwDq13R_gHxKRH2-ZGl
9/2/2026 16:33:01,Caprielle,Graded (No Uma Restrictions),Get into A finals,I accept these terms,Day 1,"iOS - phone or tablet, Windows",Rather not say,1165,46+ (more than 6 per day),Discord - MooMooCord - https://discord.gg/Hc7cP9GB,5,,Oguri Cap (Christmas),End Closer,Ace built for this CM before CM start in Grand Concert scenario,2,0,1,0,2,1,0,Vodka,Late Surger,Ace built for this CM before CM start in Grand Concert scenario,3,0,0,0,2,1,0,Mejiro Dober (Camping),Late Surger,Ace built for this CM before CM start in Grand Concert scenario,3,0,0,0,2,1,0,3 Attempts - 15 Races total,9,Day 2,,,,,,,,,,,,,,Re-use Day 1 - Team Comp 1 as Day 2 - Team Comp 1,,,,,,,,,,3 Attempts - 15 Races total,8,Day 3,,,,,,,,,,,,,,,Re-use Day 2 - Team Comp 1 as Day 3 - Team Comp 1,A Group,,,,,,,,,,3 Attempts - 15 Races total,7,Day 4,,,,,,,,,,,,,,,Re-use Day 3 - Team Comp 1 as Day 4 - Team Comp 1,A Group,,,,,,,,,,3 Attempts - 15 Races total,8,Finals,,,,,,,,,,,,,,,A Finals,11203,Re-use Day 4 - Team Comp 1 as Finals Team Comp,,,,,,,,,,https://drive.google.com/open?id=1fwQd1muHYWPSQ6OHPCSiLFcZHK49RSQd,1st,,,,,,,,,,,No,,https://drive.google.com/open?id=1QoitIxEA0aziNSjPta9CmePyh96Hdzux,https://drive.google.com/open?id=1xnAuU6frEIfxE8AHK4UMFqq99vXM4BgJ,,0,8,0,0,7,https://drive.google.com/open?id=1CLbUI2d4mKFWIR6dEfJasQKtpBU1kEQJ
9/2/2026 16:33:56,Hyacia,Graded (No Uma Restrictions),Get into A finals,I accept these terms,Day 1,,$1-100,,0-5 (less than 1 per day),Friend sent me the link,,,King Halo,Late Surger,Ace built for this CM before CM start in Grand Concert scenario,3,,1,,1,1,,Mejiro Dober (Camping),Late Surger,Ace built for this CM before CM start in Grand Concert scenario,3,,1,,1,1,,Grass Wonder,End Closer,Debuffer,2,1,,,2,1,,4 Attempts - 20 Races total,10,Day 2,,,,,,,,,,,,,,Re-use Day 1 - Team Comp 1 as Day 2 - Team Comp 1,,,,,,,,,,4 Attempts - 20 Races total,12,Day 3,,,,,,,,,,,,,,,Re-use Day 2 - Team Comp 1 as Day 3 - Team Comp 1,A Group,,,,,,,,,,4 Attempts - 20 Races total,8,Day 4,,,,,,,,,,,,,,,Re-use Day 3 - Team Comp 1 as Day 4 - Team Comp 1,A Group,,,,,,,,,,4 Attempts - 20 Races total,6,Finals,,,,,,,,,,,,,,,A Finals,7824,Re-use Day 4 - Team Comp 1 as Finals Team Comp,,,,,,,,,,https://drive.google.com/open?id=18Kxr1cYtAaB6KixMDrUs723uoHa3vvsA,1st,,,,,,,,,,,Yes,First Rate Trainers do not blame their Umas,https://drive.google.com/open?id=1KDqG_7r6PtEHFj6TDtunLq4dcNgIr4uv,https://drive.google.com/open?id=143bFHdVSjefL1JwMVrQyZtjE73xOICPL,,,8,6,,2,https://drive.google.com/open?id=1pkvtEfv0OlGggsmCkrDMojTXUrHbsh7n
9/2/2026 16:40:14,stan_cupcakke,Graded (No Uma Restrictions),Get into A finals,I accept these terms,Finals,iOS - phone or tablet,$0,,,Discord - MooMooCord - https://discord.gg/Hc7cP9GB,2,,,,,,,,,,,,,,,,,,,,,,,,,,,,,,,,,,,,,,,,,,,,,,,,,,,,,,,,,,,,,,,,,,,,,,,,,,,,,,,,,,,,,,,,,,,,,,,,,,,,,,,,,,,,,,,,,,,,,,,,,,,,,,,,,,,A Finals,6324,Re-use Day 4 - Team Comp 1 as Finals Team Comp,,,,,,,,,,https://drive.google.com/open?id=1oLeM-oPVccBsAKD7LhLkaRuiHXYPmqEN,3rd,No (goes to Submit page),,,,,,,,,,,,,,,,,,,,
9/2/2026 16:40:16,LariatSs,Graded (No Uma Restrictions),Win A finals,I accept these terms,Day 1,Windows,$101-500,3936,46+ (more than 6 per day),Discord - MooMooCord - https://discord.gg/Hc7cP9GB,,,Nice Nature (Cheerleader),Late Surger,Ace built for this CM before CM start in Grand Concert scenario,2,,1,,2,1,,Admire Vega,End Closer,Ace built for this CM before CM start in Grand Concert scenario,2,,1,,2,1,,Sweep Tosho,End Closer,Ace built for this CM before CM start in Grand Concert scenario,2,,1,,2,1,,4 Attempts - 20 Races total,12,Day 2,,,,,,,,,,,,,,Re-use Day 1 - Team Comp 1 as Day 2 - Team Comp 1,,,,,,,,,,4 Attempts - 20 Races total,13,Day 3,,,,,,,,,,,,,,,Re-use Day 2 - Team Comp 1 as Day 3 - Team Comp 1,A Group,,,,,,,,,,4 Attempts - 20 Races total,13,Day 4,,,,,,,,,,,,,,,Re-use Day 3 - Team Comp 1 as Day 4 - Team Comp 1,A Group,,,,,,,,,,4 Attempts - 20 Races total,10,Finals,,,,,,,,,,,,,,,A Finals,11107,Re-use Day 4 - Team Comp 1 as Finals Team Comp,,,,,,,,,,https://drive.google.com/open?id=11Gw3rNln8Lip3Q_0RnkoQ7zi8vTHvy3Y,1st,,,,,,,,,,,Yes,lol,https://drive.google.com/open?id=1G5eCd5D3ehEWdxp0l3TStVDyOhGKnyNI,https://drive.google.com/open?id=1TNvb2QcLpZAMBtYwYlhqdd2YYewrE09z,,6,3,2,,6,https://drive.google.com/open?id=1-4-3tOne9u6ExPGXtpkNN5d0Gfv1E_Bi
9/2/2026 16:59:50,Koldune,Graded (No Uma Restrictions),Win A finals,I accept these terms,Finals,Android - phone or tablet,Rather not say,,,,,,,,,,,,,,,,,,,,,,,,,,,,,,,,,,,,,,,,,,,,,,,,,,,,,,,,,,,,,,,,,,,,,,,,,,,,,,,,,,,,,,,,,,,,,,,,,,,,,,,,,,,,,,,,,,,,,,,,,,,,,,,,,,,,,,,A Finals,10603,Add new Team Comp as Finals Team Comp,Aston Machan,Pace Chaser,Mid-CM Ace build in Grand Concert scenario,Daiwa Scarlet,Pace Chaser,Mid-CM Ace build in Grand Concert scenario,Vodka,Late Surger,Ace built for this CM before CM start in Grand Concert scenario,https://drive.google.com/open?id=1QQ44bERg9jZAPBup6yiVXC4bdLGk7Aph,1st,,,,,,,,,,,Yes,TRIPLE BAKA MUST LIVE,https://drive.google.com/open?id=1AtgFlhSLlP5sxMtg5zeeg8wM3Gt_fxFH,https://drive.google.com/open?id=1l1SBAjDxltO8fXr65Ub922WmGDHgg7SO,,,12,6,,,https://drive.google.com/open?id=1eucVlM2DViIZA9a4FW45weehbk118cOh
9/2/2026 17:01:45,Desdomenna,Graded (No Uma Restrictions),Win A finals,I accept these terms,Day 1,"Android - phone or tablet, Windows",$101-500,1613,11-20 (roughly 2-3 per day),"Discord - MooMooCord - https://discord.gg/Hc7cP9GB, YouTube - MooMooCows - https://www.youtube.com/@MooMooCows",4,,Fuji Kiseki,Pace Chaser,Ace built for this CM before CM start in Grand Concert scenario,3,0,0,0,2,1,0,Narita Brian,Late Surger,Ace built for this CM before CM start in Grand Concert scenario,3,0,0,0,2,1,0,Oguri Cap,Late Surger,Ace built for this CM before CM start in Grand Concert scenario,2,0,1,0,2,1,0,4 Attempts - 20 Races total,18,Day 2,,,,,,,,,,,,,,Re-use Day 1 - Team Comp 1 as Day 2 - Team Comp 1,,,,,,,,,,4 Attempts - 20 Races total,17,Day 3,,,,,,,,,,,,,,,Re-use Day 2 - Team Comp 1 as Day 3 - Team Comp 1,A Group,,,,,,,,,,4 Attempts - 20 Races total,13,Day 4,,,,,,,,,,,,,,,Re-use Day 3 - Team Comp 1 as Day 4 - Team Comp 1,A Group,,,,,,,,,,4 Attempts - 20 Races total,14,Finals,,,,,,,,,,,,,,,A Finals,9471,Re-use Day 4 - Team Comp 1 as Finals Team Comp,,,,,,,,,,https://drive.google.com/open?id=1qCkk4iSqHV7JiTGAiaIg8m6QfHQBKwTl,1st,,,,,,,,,,,Yes,Narita Brian my GOAT,https://drive.google.com/open?id=1odLcdfRKW7ZmDLRtwKjxd0sx_Ha9HgxF,https://drive.google.com/open?id=1sg2RqkFYK1wrnof1pFRqueK0_H2Gu2fq,,2,7,5,0,0,https://drive.google.com/open?id=11dl4nzruQQruFwDDGndDfoFVYi9djlpX
9/2/2026 17:07:37,Nicoti,Graded (No Uma Restrictions),Get into A finals,I accept these terms,Day 1,,,,11-20 (roughly 2-3 per day),,,,Seiun Sky,Front Runner,Ace built for this CM before CM start in Grand Concert scenario,3,,,,2,1,,Silence Suzuka,Runaway,Ace built for this CM before CM start in Grand Concert scenario,3,,,,2,1,,Grass Wonder,End Closer,Debuffer,,,,,,,,4 Attempts - 20 Races total,6,Day 2,,,,,,,,,,,,,,Re-use Day 1 - Team Comp 1 as Day 2 - Team Comp 1,,,,,,,,,,2 Attempts - 10 Races total,3,Day 3,,,,,,,,,,,,,,,Add new Team Comp as Day 3 - Team Comp 1,A Group,Seiun Sky,Front Runner,Ace built for this CM before CM start in Grand Concert scenario,Silence Suzuka,Runaway,Ace built for this CM before CM start in Grand Concert scenario,Grass Wonder,End Closer,Debuffer,3 Attempts - 15 Races total,4,Day 3 - Add 2nd Team,Add new Team Comp as Day 3 - Team Comp 2,Seiun Sky,Front Runner,Mid-CM Ace build in Grand Concert scenario,Mayano Top Gun (Wedding),Front Runner,Debuffer,Grass Wonder,End Closer,Debuffer,1 Attempt - 5 Races total,4,2 teams,Day 4,Re-use Day 3 - Team Comp 2 as Day 4 - Team Comp 1,A Group,,,,,,,,,,4 Attempts - 20 Races total,10,Finals,,,,,,,,,,,,,,,A Finals,,Re-use Day 4 - Team Comp 2 as Finals Team Comp,,,,,,,,,,,1st,,,,,,,,,,,Yes,im running seiun lol not winning,,,,,,,,,
9/2/2026 17:12:35,UfMiguel,Graded (No Uma Restrictions),Get into A finals,I accept these terms,Day 1,Windows,$0,1037,11-20 (roughly 2-3 per day),"Discord - MooMooCord - https://discord.gg/Hc7cP9GB, Twitch - MooMooCows - https://www.twitch.tv/moomoomoocows",5,,Aston Machan,Front Runner,Ace built for this CM before CM start in Grand Concert scenario,3,,,,2,1,,Taiki Shuttle,Pace Chaser,Ace built for this CM before CM start in Grand Concert scenario,3,,,,2,1,,Grass Wonder,Late Surger,Debuffer,,,,,,,,4 Attempts - 20 Races total,10,Go to Submit page,,,,,,,,,,,,,,Re-use Day 1 - Team Comp 1 as Day 2 - Team Comp 1,,,,,,,,,,4 Attempts - 20 Races total,12,Day 3,,,,,,,,,,,,,,,Re-use Day 2 - Team Comp 1 as Day 3 - Team Comp 1,A Group,,,,,,,,,,4 Attempts - 20 Races total,9,Day 4,,,,,,,,,,,,,,,Re-use Day 3 - Team Comp 1 as Day 4 - Team Comp 1,A Group,,,,,,,,,,4 Attempts - 20 Races total,5,Finals,,,,,,,,,,,,,,,A Finals,10795,Re-use Day 4 - Team Comp 1 as Finals Team Comp,,,,,,,,,,https://drive.google.com/open?id=1IFbdv306SfKncTJMzi89iE6g4iBP8j-x,1st,,,,,,,,,,,No,,,,,3,,,,2,https://drive.google.com/open?id=1R_A1GEu7g1El2txdQN40eBekrGslKfi4
9/2/2026 17:22:52,DHOROT,Graded (No Uma Restrictions),Get into A finals,I accept these terms,Finals,"Android - phone or tablet, Windows",$1-100,1771,21-30 (roughly 3-4 per day),"Discord - MooMooCord - https://discord.gg/Hc7cP9GB, YouTube - MooMooCows - https://www.youtube.com/@MooMooCows",4,,Oguri Cap (Christmas),End Closer,Ace built for this CM before CM start in Grand Concert scenario,2,0,0,0,3,1,0,Tamamo Cross,Late Surger,Ace built for this CM before CM start in Grand Concert scenario,3,0,0,0,2,1,0,Inari One,Late Surger,Ace built for this CM before CM start in Grand Concert scenario,3,0,0,0,2,1,0,4 Attempts - 20 Races total,15,Day 2,,,,,,,,,,,,,,Re-use Day 1 - Team Comp 1 as Day 2 - Team Comp 1,,,,,,,,,,4 Attempts - 20 Races total,16,Day 3,,,,,,,,,,,,,,,Re-use Day 2 - Team Comp 1 as Day 3 - Team Comp 1,A Group,,,,,,,,,,4 Attempts - 20 Races total,12,Day 4,,,,,,,,,,,,,,,Re-use Day 3 - Team Comp 1 as Day 4 - Team Comp 1,A Group,,,,,,,,,,4 Attempts - 20 Races total,14,Go to Submit page,,,,,,,,,,,,,,,A Finals,10609,Re-use Day 4 - Team Comp 1 as Finals Team Comp,,,,,,,,,,https://drive.google.com/open?id=1w8_wZ-EC1GWpuIM6sL5dqu7IHhn6e_hM,1st,,,,,,,,,,,Yes,Make way for the great Inari!,https://drive.google.com/open?id=1MOd-4yr-5y6BFtAAtPudUtspFL-ICrzb,https://drive.google.com/open?id=1Ji3i5tfw7A7jO-CfI71qM96dagkxSxzD,,0,10,5,0,0,https://drive.google.com/open?id=1TRxFkzl_KUQrdCTr_PMtv8TIjGNZ_WqE
9/2/2026 17:26:37,Isildun,Graded (No Uma Restrictions),Win A finals,I accept these terms,Day 1,"iOS - phone or tablet, Windows",$1-100,425,6-10 (roughly 1 per day),Reddit - /r/umamusumeGame,5,,Oguri Cap,Pace Chaser,Ace built for this CM before CM start in Grand Concert scenario,3,0,0,0,2,1,0,Taiki Shuttle,Pace Chaser,Ace built for this CM before CM start in Grand Concert scenario,3,0,0,0,2,1,0,Nishino Flower,Pace Chaser,Ace built for this CM before CM start in Grand Concert scenario,3,0,0,0,2,1,0,4 Attempts - 20 Races total,8,Day 2,,,,,,,,,,,,,,Re-use Day 1 - Team Comp 1 as Day 2 - Team Comp 1,,,,,,,,,,4 Attempts - 20 Races total,15,Day 3,,,,,,,,,,,,,,,Re-use Day 2 - Team Comp 1 as Day 3 - Team Comp 1,A Group,,,,,,,,,,4 Attempts - 20 Races total,8,Day 4,,,,,,,,,,,,,,,Re-use Day 3 - Team Comp 1 as Day 4 - Team Comp 1,A Group,,,,,,,,,,4 Attempts - 20 Races total,10,Finals,,,,,,,,,,,,,,,A Finals,7354,Re-use Day 4 - Team Comp 1 as Finals Team Comp,,,,,,,,,,https://drive.google.com/open?id=16tk9lglLUqnF736UIysusLLHFP2GbgHf,1st,,,,,,,,,,,No,,https://drive.google.com/open?id=173UpBCykjwGw84XL96I5gpOmHlDSsaVU,https://drive.google.com/open?id=1Y4Lv4NChoMTKdUzCRszXqXjyQy2poVNa,,,10,6,,,https://drive.google.com/open?id=1Zn67rlwiKo5bNgRAsIP-bmc57obZnTHD
9/2/2026 17:31:52,Tep,Graded (No Uma Restrictions),Win A finals,I accept these terms,Day 1,Windows,$1001-5000,1874,21-30 (roughly 3-4 per day),Discord - MooMooCord - https://discord.gg/Hc7cP9GB,5,,Manhattan Cafe,Late Surger,Ace built for this CM before CM start in Grand Concert scenario,3,0,0,0,2,1,0,Grass Wonder,Late Surger,Debuffer,,,,,,,,Nice Nature,Late Surger,Debuffer,,,,,,,,4 Attempts - 20 Races total,14,Day 2,,,,,,,,,,,,,,Re-use Day 1 - Team Comp 1 as Day 2 - Team Comp 1,,,,,,,,,,4 Attempts - 20 Races total,16,Day 3,,,,,,,,,,,,,,,Re-use Day 2 - Team Comp 1 as Day 3 - Team Comp 1,A Group,,,,,,,,,,4 Attempts - 20 Races total,9,Day 4,,,,,,,,,,,,,,,Re-use Day 3 - Team Comp 1 as Day 4 - Team Comp 1,A Group,,,,,,,,,,2 Attempts - 10 Races total,4,Day 4 - Add 2nd team,Add new Team Comp as Day 4 - Team Comp 2,Manhattan Cafe,Late Surger,Mid-CM Ace build in Grand Concert scenario,Grass Wonder,Late Surger,Debuffer,Nice Nature,Late Surger,Debuffer,2 Attempts - 10 Races total,6,2 teams,Finals,A Finals,13125,Re-use Day 4 - Team Comp 2 as Finals Team Comp,,,,,,,,,,https://drive.google.com/open?id=18gx9etdoLtFkFPQBkDQ9ZTmzV4C4xG2x,1st,,,,,,,,,,,Yes,Cafe winning on robo's birthday. Truly blessed <3,https://drive.google.com/open?id=1jLe2RgS5n6Yp0LqEWyLCuLnqexsRgMVO,https://drive.google.com/open?id=1A4kII5D_jGk1D7PL4CwCtAUr_IqwVCNK,,2,5,8,0,0,https://drive.google.com/open?id=1GxNgqxJtwhfrZlbi6v56FgH7Tcn5xwKn
9/2/2026 17:37:50,DBWeltmeister,Graded (No Uma Restrictions),Win A finals,I accept these terms,Finals,iOS - phone or tablet,$501-1000,,31-45 (roughly 5-6 per day),"Discord - MooMooCord - https://discord.gg/Hc7cP9GB, YouTube - MooMooCows - https://www.youtube.com/@MooMooCows",5,,,,,,,,,,,,,,,,,,,,,,,,,,,,,,,,,,,,,,,,,,,,,,,,,,,,,,,,,,,,,,,,,,,,,,,,,,,,,,,,,,,,,,,,,,,,,,,,,,,,,,,,,,,,,,,,,,,,,,,,,,,,,,,,,,,A Finals,6746,Add new Team Comp as Finals Team Comp,Oguri Cap (Christmas),End Closer,Mid-CM Ace build in Grand Concert scenario,Grass Wonder,Late Surger,Debuffer,Agnes Tachyon,Pace Chaser,Debuffer,https://drive.google.com/open?id=1c4EWY3pqhDc55I-FqzaIC6aH65X8GD2t,1st,,,,,,,,,,,No,,https://drive.google.com/open?id=1iS7eTVJMpgfyUcgWnethE8NJJkYBwf6_,https://drive.google.com/open?id=1sxeqom4DHQg-C-Ib8WQ58w7MtCj1bP0f,,2,5,7,,,https://drive.google.com/open?id=16eUOy835YRVPTG_RcY3mzZ0cKwVz5lhh
9/2/2026 17:49:04,RamaD'arc,Graded (No Uma Restrictions),Win A finals,I accept these terms,Finals,"Android - phone or tablet, Windows",$0,1682,31-45 (roughly 5-6 per day),Discord - MooMooCord - https://discord.gg/Hc7cP9GB,5,,,,,,,,,,,,,,,,,,,,,,,,,,,,,,,,,,,,,,,,,,,,,,,,,,,,,,,,,,,,,,,,,,,,,,,,,,,,,,,,,,,,,,,,,,,,,,,,,,,,,,,,,,,,,,,,,,,,,,,,,,,,,,,,,,,A Finals,10831,Re-use Day 4 - Team Comp 2 as Finals Team Comp,,,,,,,,,,https://drive.google.com/open?id=17Mk0dX27N-Mm-JSSX2XDyW2NwOd3cJF0,1st,,,,,,,,,,,Yes,"When you're aiming for a big goal, it's important to take your time",https://drive.google.com/open?id=1yH9s6XYUtYb8tpkgXFcPOhtnqXyyDfTA,https://drive.google.com/open?id=1qTOxpxzPlPfRYsylz0o5YN7xZG9rl5oV,,,8,7,,,https://drive.google.com/open?id=1HLzVOd22ZZXV5pylmFd-eDnoBmDlBLzm
9/2/2026 17:44:37,Junkyself,Graded (No Uma Restrictions),Get into A finals,I accept these terms,Finals,"Android - phone or tablet, Windows",$1-100,956,11-20 (roughly 2-3 per day),"Discord - MooMooCord - https://discord.gg/Hc7cP9GB, YouTube - MooMooCows - https://www.youtube.com/@MooMooCows",5,,,,,,,,,,,,,,,,,,,,,,,,,,,,,,,,,,,,,,,,,,,,,,,,,,,,,,,,,,,,,,,,,,,,,,,,,,,,,,,,,,,,,,,,,,,,,,,,,,,,,,,,,,,,,,,,,,,,,,,,,,,,,,,,,,,A Finals,9091,Re-use Day 4 - Team Comp 1 as Finals Team Comp,,,,,,,,,,https://drive.google.com/open?id=12bEaZbh0E3Wxvb5PbY_CyEL2Koqex9W7,1st,,,,,,,,,,,Yes,TEN THOUSANDS BANANAS TO BIWA (Diamond I still love you),https://drive.google.com/open?id=1rDs7OASvSCaxpaemrJs0Kaw7sfWH-b62,https://drive.google.com/open?id=1IqNDRZr0O_Ob4K3VZqBL22dpO2F0VH-O,,8,2,4,,,https://drive.google.com/open?id=1-Gt6p9bcUD01kdpXemDSepVUI5ApCIu5
9/2/2026 17:46:52,RuseMaster,Graded (No Uma Restrictions),Get into A finals,I accept these terms,Finals,Windows,$101-500,1006,31-45 (roughly 5-6 per day),Discord - MooMooCord - https://discord.gg/Hc7cP9GB,5,,,,,,,,,,,,,,,,,,,,,,,,,,,,,,,,,,,,,,,,,,,,,,,,,,,,,,,,,,,,,,,,,,,,,,,,,,,,,,,,,,,,,,,,,,,,,,,,,,,,,,,,,,,,,,,,,,,,,,,,,,,,,,,,,,,A Finals,12218,Add new Team Comp as Finals Team Comp,Nice Nature,Late Surger,Ace built for this CM before CM start in Grand Concert scenario,Grass Wonder,Late Surger,Ace built for this CM before CM start in Grand Concert scenario,Agnes Tachyon,Late Surger,Debuffer,https://drive.google.com/open?id=1vqeZz9ENcy0aprRZEc0Ow9YzzFRrn_UI,1st,,,,,,,,,,,Yes,Umamusume is a Nice Nature game,https://drive.google.com/open?id=1O4EzILHuT7lc5tfgGoCF749lsyHwjJjj,https://drive.google.com/open?id=1RJ73mms-Tuu0syLDYGw5weCk6Dva6kMD,,8,7,,,,https://drive.google.com/open?id=1URQ6gfO-MwmVQC2v6I2uACHGKLQpX38c
9/2/2026 17:48:40,Flowy,Graded (No Uma Restrictions),Win A finals,I accept these terms,Finals,"Android - phone or tablet, Windows",$1-100,1603,21-30 (roughly 3-4 per day),Discord - MooMooCord - https://discord.gg/Hc7cP9GB,3,,,,,,,,,,,,,,,,,,,,,,,,,,,,,,,,,,,,,,,,,,,,,,,,,,,,,,,,,,,,,,,,,,,,,,,,,,,,,,,,,,,,,,,,,,,,,,,,,,,,,,,,,,,,,,,,,,,,,,,,,,,,,,,,,,,A Finals,10434,Add new Team Comp as Finals Team Comp,Oguri Cap,Pace Chaser,Ace built for this CM before CM start in Grand Concert scenario,Taiki Shuttle (Camping),Pace Chaser,Ace built for this CM before CM start in Grand Concert scenario,Grass Wonder,Late Surger,Mid-CM Ace build in Grand Concert scenario,https://drive.google.com/open?id=1Zc5fW4JcqJUJ95qNtQdj7tRuxA2OFhYC,1st,,,,,,,,,,,No,,https://drive.google.com/open?id=1mh2Yp1qUVrnc-Og3_BaXRV9wSyPGv518,,,,9,9,,,https://drive.google.com/open?id=1dNN5JKyiLWUbeu15wy6lCeD426LHQ844
9/2/2026 17:49:55,Evhe,Graded (No Uma Restrictions),Get into A finals,I accept these terms,Finals,Android - phone or tablet,$101-500,519,6-10 (roughly 1 per day),Discord - MooMooCord - https://discord.gg/Hc7cP9GB,5,,,,,,,,,,,,,,,,,,,,,,,,,,,,,,,,,,,,,,,,,,,,,,,,,,,,,,,,,,,,,,,,,,,,,,,,,,,,,,,,,,,,,,,,,,,,,,,,,,,,,,,,,,,,,,,,,,,,,,,,,,,,,,,,,,,A Finals,8954,Add new Team Comp as Finals Team Comp,Air Groove,Pace Chaser,Ace built for this CM before CM start in Grand Concert scenario,Taiki Shuttle,Pace Chaser,Mid-CM Ace build in Grand Concert scenario,Grass Wonder,Late Surger,Debuffer,https://drive.google.com/open?id=13ndUWcnKU1s_Epf3AD9IDg96bCtqwbdp,2nd,No (goes to Submit page),,,,,,,,,,,,,,,,,,,,
9/2/2026 17:55:11,koi,Graded (No Uma Restrictions),Collect participation rewards,I accept these terms,Day 1,iOS - phone or tablet,$101-500,,31-45 (roughly 5-6 per day),"Discord - MooMooCord - https://discord.gg/Hc7cP9GB, Reddit - /r/umamusumeGame, YouTube - MooMooCows - https://www.youtube.com/@MooMooCows",,,Taiki Shuttle,Pace Chaser,Ace built for this CM before CM start in Grand Concert scenario,2,0,1,0,2,1,0,Eishin Flash (Valentine),End Closer,Debuffer,1,1,0,0,4,0,0,Sweep Tosho,End Closer,Debuffer,3,0,0,0,3,0,0,4 Attempts - 20 Races total,7,Finals,,,,,,,,,,,,,,Re-use Day 1 - Team Comp 1 as Day 2 - Team Comp 1,,,,,,,,,,1 Attempt - 5 Races total,3,Day 3,,,,,,,,,,,,,,,Re-use Day 2 - Team Comp 1 as Day 3 - Team Comp 1,A Group,,,,,,,,,,4 Attempts - 20 Races total,6,Day 4,,,,,,,,,,,,,,,Re-use Day 3 - Team Comp 1 as Day 4 - Team Comp 1,A Group,,,,,,,,,,4 Attempts - 20 Races total,7,Finals,,,,,,,,,,,,,,,A Finals,4189,Add new Team Comp as Finals Team Comp,Taiki Shuttle,Pace Chaser,Mid-CM Ace build in Grand Concert scenario,Nice Nature (Cheerleader),Late Surger,Hybrid (ace + debuffer),Sweep Tosho,End Closer,Hybrid (ace + debuffer),https://drive.google.com/open?id=1_dVldsm_qjoAXoRksm_P1zQ0cmXcjPJM,1st,,,,,,,,,,,Yes,4189 lol,https://drive.google.com/open?id=1eLFxrLpFs89KKFNHqoNzXMYHPiIVu_Vv,https://drive.google.com/open?id=1U_OgA792iaj7uOHc2PJQFXyQMAJxhXA4,,2,10,2,0,0,https://drive.google.com/open?id=1LEt4d0Cwnxrpt-xVRyNbVqUdcJPxcpYy
9/2/2026 17:55:23,ScottPL,Graded (No Uma Restrictions),Win A finals,I accept these terms,Finals,"Android - phone or tablet, Windows",$101-500,1268,31-45 (roughly 5-6 per day),Discord - MooMooCord - https://discord.gg/Hc7cP9GB,4,,,,,,,,,,,,,,,,,,,,,,,,,,,,,,,,,,,,,,,,,,,,,,,,,,,,,,,,,,,,,,,,,,,,,,,,,,,,,,,,,,,,,,,,,,,,,,,,,,,,,,,,,,,,,,,,,,,,,,,,,,,,,,,,,,,A Finals,11760,Add new Team Comp as Finals Team Comp,Air Groove (Wedding),Pace Chaser,Ace built for this CM before CM start in Grand Concert scenario,Mejiro Dober (Camping),Late Surger,Ace built for this CM before CM start in Grand Concert scenario,Symboli Rudolf,Late Surger,Ace built for this CM before CM start in Grand Concert scenario,https://drive.google.com/open?id=1Jn99Q7ju02tjJu_PYk75EwS12-EpUV8M,1st,,,,,,,,,,,Yes,I PLAY FOR OSHIS,https://drive.google.com/open?id=1X2d0XJ5TQRtfSk2SXWX85aQxEQrvOZUa,https://drive.google.com/open?id=1GhyU5Lgs99eK1IJLN22KTuwx8i7eZC4G,,3,5,7,,,https://drive.google.com/open?id=1SbgSr-MGXRcSNyv8dKMcYdkDT-DXplqY
9/2/2026 17:59:29,Nachemo,Graded (No Uma Restrictions),Win A finals,I accept these terms,Day 1,"Android - phone or tablet, Windows",$1-100,1629,46+ (more than 6 per day),YouTube - MooMooCows - https://www.youtube.com/@MooMooCows,5,,Seiun Sky,Front Runner,Ace built for this CM before CM start in Grand Concert scenario,3,0,0,0,2,1,,Oguri Cap (Christmas),End Closer,Ace built for this CM before CM start in Grand Concert scenario,2,0,1,0,2,1,0,Mihono Bourbon (Valentine),Front Runner,Ace built for this CM before CM start in Grand Concert scenario,3,0,0,0,2,1,0,3 Attempts - 15 Races total,14,Day 1 - Add 2nd Team,Seiun Sky,Front Runner,Ace built for this CM before CM start in Grand Concert scenario,Oguri Cap (Christmas),End Closer,Ace built for this CM before CM start in Grand Concert scenario,Eishin Flash (Valentine),Late Surger,Debuffer,1 Attempt - 5 Races total,4,2 teams,Day 2,Re-use Day 1 - Team Comp 1 as Day 2 - Team Comp 1,,,,,,,,,,4 Attempts - 20 Races total,17,Day 3,,,,,,,,,,,,,,,Re-use Day 2 - Team Comp 1 as Day 3 - Team Comp 1,A Group,,,,,,,,,,3 Attempts - 15 Races total,9,Day 3 - Add 2nd Team,Re-use Day 2 - Team Comp 2 as Day 3 - Team Comp 2,,,,,,,,,,1 Attempt - 5 Races total,5,2 teams,Day 4,Re-use Day 3 - Team Comp 2 as Day 4 - Team Comp 1,A Group,,,,,,,,,,4 Attempts - 20 Races total,12,Finals,,,,,,,,,,,,,,,A Finals,14941,Re-use Day 4 - Team Comp 2 as Finals Team Comp,,,,,,,,,,https://drive.google.com/open?id=1DI1cxBw9R0MrWF_2DKoM3lhC0wjuGZxk,1st,,,,,,,,,,,No,,,https://drive.google.com/open?id=1DB4_4ehIh0-PvWHb1F9rSRmqqXQbZ7VA,https://drive.google.com/open?id=15ojv6AG9PGqSeHi7OPrsIYlsnRRC2Bv2,0,6,5,0,5,https://drive.google.com/open?id=1D1icVGAS0iVWcksz6J7algoTNnrUHnZG
9/2/2026 18:01:53,DrifterDane,Graded (No Uma Restrictions),Get into A finals,I accept these terms,Day 1,"Android - phone or tablet, Windows",$1-100,,46+ (more than 6 per day),"Friend sent me the link, Discord - MooMooCord - https://discord.gg/Hc7cP9GB, YouTube - MooMooCows - https://www.youtube.com/@MooMooCows",5,,Narita Taishin,End Closer,Ace built for this CM before CM start in Grand Concert scenario,3,0,0,0,2,1,0,Oguri Cap,Late Surger,Ace built for this CM before CM start in Grand Concert scenario,3,0,0,0,2,1,0,Special Week,Late Surger,Ace built for this CM before CM start in Grand Concert scenario,3,0,0,0,2,1,0,4 Attempts - 20 Races total,16,Day 2,,,,,,,,,,,,,,Re-use Day 1 - Team Comp 1 as Day 2 - Team Comp 1,,,,,,,,,,4 Attempts - 20 Races total,17,Day 3,,,,,,,,,,,,,,,Re-use Day 2 - Team Comp 1 as Day 3 - Team Comp 1,A Group,,,,,,,,,,4 Attempts - 20 Races total,15,Day 4,,,,,,,,,,,,,,,Re-use Day 3 - Team Comp 1 as Day 4 - Team Comp 1,A Group,,,,,,,,,,4 Attempts - 20 Races total,11,Finals,,,,,,,,,,,,,,,A Finals,12813,Re-use Day 4 - Team Comp 1 as Finals Team Comp,,,,,,,,,,https://drive.google.com/open?id=1lZuS4KU0Cpe3Z5WRlq1pvy7Kz69PC9r4,2nd,No (goes to Submit page),,,,,,,,,,,,,,,,,,,,
9/2/2026 18:06:28,Jossuno,Graded (No Uma Restrictions),Get into A finals,I accept these terms,Day 1,Windows,$1001-5000,1527,11-20 (roughly 2-3 per day),Discord - MooMooCord - https://discord.gg/Hc7cP9GB,,,Mejiro Palmer,Runaway,Ace built for this CM before CM start in Grand Concert scenario,3,,,,2,1,,Taiki Shuttle (Camping),Pace Chaser,Ace built for this CM before CM start in Grand Concert scenario,3,,,,2,1,,Mejiro Dober (Camping),Late Surger,Ace built for this CM before CM start in Grand Concert scenario,2,,1,,2,1,,4 Attempts - 20 Races total,16,Day 2,,,,,,,,,,,,,,Re-use Day 1 - Team Comp 1 as Day 2 - Team Comp 1,,,,,,,,,,4 Attempts - 20 Races total,13,Day 3,,,,,,,,,,,,,,,Re-use Day 2 - Team Comp 1 as Day 3 - Team Comp 1,A Group,,,,,,,,,,4 Attempts - 20 Races total,13,Day 4,,,,,,,,,,,,,,,Re-use Day 3 - Team Comp 1 as Day 4 - Team Comp 1,A Group,,,,,,,,,,4 Attempts - 20 Races total,14,Finals,,,,,,,,,,,,,,,A Finals,12455,Re-use Day 4 - Team Comp 1 as Finals Team Comp,,,,,,,,,,,2nd,No (goes to Submit page),,,,,,,,,,,,,,,,,,,,
9/2/2026 18:12:37,Dandi,Graded (No Uma Restrictions),Win A finals,I accept these terms,Day 1,,,,,,,,Seiun Sky,Front Runner,Ace built for this CM before CM start in Grand Concert scenario,3,0,0,0,2,1,0,Oguri Cap (Christmas),End Closer,Ace built for this CM before CM start in Grand Concert scenario,3,0,0,0,2,1,0,Taiki Shuttle,Pace Chaser,Ace built for this CM before CM start in Grand Concert scenario,3,0,0,0,2,1,0,4 Attempts - 20 Races total,15,Day 2,,,,,,,,,,,,,,Re-use Day 1 - Team Comp 1 as Day 2 - Team Comp 1,,,,,,,,,,4 Attempts - 20 Races total,15,Day 3,,,,,,,,,,,,,,,Re-use Day 2 - Team Comp 1 as Day 3 - Team Comp 1,A Group,,,,,,,,,,4 Attempts - 20 Races total,13,Day 4,,,,,,,,,,,,,,,Re-use Day 3 - Team Comp 1 as Day 4 - Team Comp 1,A Group,,,,,,,,,,4 Attempts - 20 Races total,14,Finals,,,,,,,,,,,,,,,A Finals,11307,Re-use Day 4 - Team Comp 1 as Finals Team Comp,,,,,,,,,,https://drive.google.com/open?id=1vtBckGM0ambUmuJ-UxR1qdFqPIJEX2JR,1st,,,,,,,,,,,No,,,,,,,,,,
9/2/2026 20:11:30,Freesia,Graded (No Uma Restrictions),Win A finals,I accept these terms,Finals,Android - phone or tablet,$0,1176,11-20 (roughly 2-3 per day),Discord - MooMooCord - https://discord.gg/Hc7cP9GB,5,,,,,,,,,,,,,,,,,,,,,,,,,,,,,,,,,,,,,,,,,,,,,,,,,,,,,,,,,,,,,,,,,,,,,,,,,,,,,,,,,,,,,,,,,,,,,,,,,,,,,,,,,,,,,,,,,,,,,,,,,,,,,,,,,,,A Finals,8554,Add new Team Comp as Finals Team Comp,Smart Falcon,Front Runner,Ace built for this CM before CM start in Grand Concert scenario,Mihono Bourbon (Valentine),Front Runner,Ace built for this CM before CM start in Grand Concert scenario,Eishin Flash (Valentine),End Closer,Debuffer,https://drive.google.com/open?id=1Xrj2lAVtAbuWGoiRjJMfIGTxTEyTiJBK,1st,,,,,,,,,,,Yes,Best Idol Won!,https://drive.google.com/open?id=1PWGcZhkmYhSFAjrbqBJ45JjCXkt54ImE,https://drive.google.com/open?id=1YViu_S9ki0NBY1zm7DClZOVfIyMhqx8t,,2,10,2,,,https://drive.google.com/open?id=1Jm2rAFIqWd4rLvENWdxvGsmekVLR7lAp
9/2/2026 18:40:49,Shimmering,Open (A+ Grade and Lower Umas Only),Win A finals,I accept these terms,Finals,Windows,$1-100,983,11-20 (roughly 2-3 per day),Discord - MooMooCord - https://discord.gg/Hc7cP9GB,5,,Rice Shower,Pace Chaser,Ace built for this CM before CM start in Grand Concert scenario,3,,1,,1,1,,Agnes Tachyon,End Closer,Debuffer,1,,1,,3,1,,Grass Wonder,End Closer,Debuffer,1,,1,,3,1,,4 Attempts - 20 Races total,12,Day 2,,,,,,,,,,,,,,Re-use Day 1 - Team Comp 1 as Day 2 - Team Comp 1,,,,,,,,,,4 Attempts - 20 Races total,9,Day 3,,,,,,,,,,,,,,,Re-use Day 2 - Team Comp 1 as Day 3 - Team Comp 1,A Group,,,,,,,,,,4 Attempts - 20 Races total,5,Day 4,,,,,,,,,,,,,,,Re-use Day 3 - Team Comp 1 as Day 4 - Team Comp 1,A Group,,,,,,,,,,4 Attempts - 20 Races total,2,Go to Submit page,,,,,,,,,,,,,,,A Finals,13350,Re-use Day 4 - Team Comp 1 as Finals Team Comp,,,,,,,,,,https://drive.google.com/open?id=1NUogxVCM3OIlNYQ6P4eUe7qoaQGR2Qhy,1st,,,,,,,,,,,Yes,"I'm still in the dark, I cannot see ahead but just because I cannot see the way ahead, does not mean that a way doesn't exist",https://drive.google.com/open?id=1R4nYF-Spvyf2pp3IkfyZrNKRcChkx67r,https://drive.google.com/open?id=11xpgxqDHwHNe2sZQ2PRjFfHX7q8ZNICd,,,5,8,,,https://drive.google.com/open?id=1dK3En1QvUVmpYWznB4rcXxu_g9Cnk1D1
9/2/2026 18:23:05,Hopeless Donkey,Graded (No Uma Restrictions),Get into A finals,I accept these terms,Day 1,"iOS - phone or tablet, Android - phone or tablet, Windows",$1-100,1400,31-45 (roughly 5-6 per day),Reddit - /r/umamusumeGame,5,,Taiki Shuttle,Pace Chaser,Ace built for this CM before CM start in Grand Concert scenario,2,,3,,3,1,,Oguri Cap (Christmas),End Closer,Ace built for this CM before CM start in Grand Concert scenario,2,,,,3,1,,Grass Wonder,Late Surger,Debuffer,1,,,,4,1,,4 Attempts - 20 Races total,19,Day 2,,,,,,,,,,,,,,Re-use Day 1 - Team Comp 1 as Day 2 - Team Comp 1,,,,,,,,,,4 Attempts - 20 Races total,18,Day 3,,,,,,,,,,,,,,,Re-use Day 2 - Team Comp 1 as Day 3 - Team Comp 1,A Group,,,,,,,,,,4 Attempts - 20 Races total,15,Day 4,,,,,,,,,,,,,,,Re-use Day 3 - Team Comp 1 as Day 4 - Team Comp 1,A Group,,,,,,,,,,4 Attempts - 20 Races total,15,Finals,,,,,,,,,,,,,,,A Finals,15217,Re-use Day 4 - Team Comp 1 as Finals Team Comp,,,,,,,,,,https://drive.google.com/open?id=1ew9DNUEeWkysV6O5_8GF1OO1HCkmZnh3,1st,,,,,,,,,,,No,,https://drive.google.com/open?id=1C3N0eTEO6F89kjNjQ9WoSvI7I2L0WGYK,https://drive.google.com/open?id=18t9zamhATseBhr_xUON6xC-ZNgT25Cvt,,2,6,8,,,https://drive.google.com/open?id=1Uu5So_m12-EwywNLM25ReK-Gp5svd3WF
9/2/2026 18:23:09,Gord,Graded (No Uma Restrictions),Get into A finals,I accept these terms,Day 1,"Android - phone or tablet, Windows",$101-500,1198,,Discord - MooMooCord - https://discord.gg/Hc7cP9GB,,,Yaeno Muteki,Late Surger,Ace built for this CM before CM start in Grand Concert scenario,2,0,1,0,2,1,0,Taiki Shuttle (Camping),Pace Chaser,Ace built for this CM before CM start in Grand Concert scenario,3,0,0,0,2,1,0,Grass Wonder,Late Surger,Ace built for this CM before CM start in Grand Concert scenario,2,0,1,0,2,1,0,4 Attempts - 20 Races total,16,Day 2,,,,,,,,,,,,,,Re-use Day 1 - Team Comp 1 as Day 2 - Team Comp 1,,,,,,,,,,4 Attempts - 20 Races total,14,Day 3,,,,,,,,,,,,,,,Re-use Day 2 - Team Comp 1 as Day 3 - Team Comp 1,A Group,,,,,,,,,,4 Attempts - 20 Races total,10,Day 4,,,,,,,,,,,,,,,Re-use Day 3 - Team Comp 1 as Day 4 - Team Comp 1,A Group,,,,,,,,,,4 Attempts - 20 Races total,12,Finals,,,,,,,,,,,,,,,A Finals,9493,Add new Team Comp as Finals Team Comp,Yaeno Muteki,Late Surger,Ace built for this CM before CM start in Grand Concert scenario,Taiki Shuttle (Camping),Pace Chaser,Ace built for this CM before CM start in Grand Concert scenario,Grass Wonder,Late Surger,Debuffer,https://drive.google.com/open?id=1DErYH8FyrlGacZ33-wWEESGbe6NeUiHp,1st,,,,,,,,,,,Yes,EFF CROSSFIRE,https://drive.google.com/open?id=1vY6awFwTBgig9mr3iQum8vHSGfrk12Sn,https://drive.google.com/open?id=1mr8rvVzheUMPmrV-OI-ZoRIoUnQbbC9N,,0,13,0,2,0,https://drive.google.com/open?id=19G_2naiVU3eoJt1-4FgsdX3UMtBY_XMF
9/2/2026 23:55:39,Happybeam,Graded (No Uma Restrictions),Get into A finals,I accept these terms,Day 1,Android - phone or tablet,$1-100,,21-30 (roughly 3-4 per day),Discord - MooMooCord - https://discord.gg/Hc7cP9GB,5,,Nishino Flower,Pace Chaser,Ace built for this CM before CM start in Grand Concert scenario,3,0,0,0,2,1,0,Taiki Shuttle,Pace Chaser,Ace built for this CM before CM start in Grand Concert scenario,3,0,0,0,2,1,0,Oguri Cap (Christmas),End Closer,Ace built for this CM before CM start in Grand Concert scenario,2,0,1,0,2,1,0,2 Attempts - 10 Races total,9,Day 2,,,,,,,,,,,,,,Re-use Day 1 - Team Comp 1 as Day 2 - Team Comp 1,,,,,,,,,,2 Attempts - 10 Races total,8,Go to Submit page,,,,,,,,,,,,,,,Re-use Day 2 - Team Comp 1 as Day 3 - Team Comp 1,A Group,,,,,,,,,,4 Attempts - 20 Races total,17,Day 4,,,,,,,,,,,,,,,Re-use Day 3 - Team Comp 1 as Day 4 - Team Comp 1,A Group,,,,,,,,,,4 Attempts - 20 Races total,17,Finals,,,,,,,,,,,,,,,A Finals,,Re-use Day 4 - Team Comp 1 as Finals Team Comp,,,,,,,,,,,1st,,,,,,,,,,,No,,,,,,,,,,
9/2/2026 18:24:26,Kalinyan,Graded (No Uma Restrictions),Get into B finals,I accept these terms,Finals,Android - phone or tablet,$1-100,795,0-5 (less than 1 per day),Discord - MooMooCord - https://discord.gg/Hc7cP9GB,,,,,,,,,,,,,,,,,,,,,,,,,,,,,,,,,,,,,,,,,,,,,,,,,,,,,,,,,,,,,,,,,,,,,,,,,,,,,,,,,,,,,,,,,,,,,,,,,,,,,,,,,,,,,,,,,,,,,,,,,,,,,,,,,,,,B Finals,1841,Add new Team Comp as Finals Team Comp,Silence Suzuka,Runaway,Ace built for Team Trials,Air Groove,Pace Chaser,Ace built for Team Trials,Taiki Shuttle (Camping),Pace Chaser,Ace built for this CM before CM start in Grand Concert scenario,https://drive.google.com/open?id=1kppJn5mINPZNoMbn_VPf8co6PfP7fYzn,1st,,,,,,,,,,,Yes,Not eligible,https://drive.google.com/open?id=1c-QOaT9Si3OEDGTNRnygI911iU1214Hn,https://drive.google.com/open?id=1AFdEHP_OlBIVRJ0GVnfyJsmcF0mBbruK,,2,3,8,,3,https://drive.google.com/open?id=1VNjexvtjtJihAejx6KAMkP_CoXrvLQfH
9/2/2026 18:28:51,Adop <3 Curren,Graded (No Uma Restrictions),Win A finals,I accept these terms,Day 1,,,,,,,,Mejiro Palmer,Runaway,Blocker/Overtake target/Throwaway/Niche role,,,,,,,,Ines Fujin,Front Runner,Ace built for this CM before CM start in Grand Concert scenario,,,,,,,,Grass Wonder,End Closer,Debuffer,,,,,,,,4 Attempts - 20 Races total,17,Day 2,,,,,,,,,,,,,,Re-use Day 1 - Team Comp 1 as Day 2 - Team Comp 1,,,,,,,,,,4 Attempts - 20 Races total,12,Day 3,,,,,,,,,,,,,,,Re-use Day 2 - Team Comp 1 as Day 3 - Team Comp 1,A Group,,,,,,,,,,4 Attempts - 20 Races total,12,Day 4,,,,,,,,,,,,,,,Re-use Day 3 - Team Comp 1 as Day 4 - Team Comp 1,A Group,,,,,,,,,,4 Attempts - 20 Races total,10,Finals,,,,,,,,,,,,,,,A Finals,11331,Re-use Day 4 - Team Comp 1 as Finals Team Comp,,,,,,,,,,,2nd,No (goes to Submit page),,,,,,,,,,,,,,,,,,,,
9/2/2026 18:30:13,Leo,Graded (No Uma Restrictions),Win A finals,I accept these terms,Finals,"Android - phone or tablet, Windows",$0,664,21-30 (roughly 3-4 per day),"Discord - MooMooCord - https://discord.gg/Hc7cP9GB, Discord - Pakacord! - https://discord.gg/6mwHqhBm, Twitch - MooMooCows - https://www.twitch.tv/moomoomoocows, YouTube - MooMooCows - https://www.youtube.com/@MooMooCows",4,"Even if you don't win, you can still put your umas, stat decks, and sparks.",,,,,,,,,,,,,,,,,,,,,,,,,,,,,,,,,,,,,,,,,,,,,,,,,,,,,,,,,,,,,,,,,,,,,,,,,,,,,,,,,,,,,,,,,,,,,,,,,,,,,,,,,,,,,,,,,,,,,,,,,,,,,,,,,,A Finals,7606,Re-use Day 4 - Team Comp 1 as Finals Team Comp,,,,,,,,,,https://drive.google.com/open?id=1Sv4DmLKJJUAtZg-U_sbUrU-0ntdck7Mi,2nd,Yes,https://drive.google.com/open?id=1LDr-D-jWySmD5NT0q6nnNvQzmKPg84LD,https://drive.google.com/open?id=1vEsnaKocqZAdmBlEnJ56zd-EesZAjzYY,,,3,12,,,https://drive.google.com/open?id=1KYIA2Eytjb0BypiXWCtWGBFZq_6yvO6V,,,,,,,,,,,
9/3/2026 7:47:28,Blizzard,Graded (No Uma Restrictions),Get into A finals,I accept these terms,Finals,"Android - phone or tablet, Windows",$1-100,1213,11-20 (roughly 2-3 per day),Discord - MooMooCord - https://discord.gg/Hc7cP9GB,4,,,,,,,,,,,,,,,,,,,,,,,,,,,,,,,,,,,,,,,,,,,,,,,,,,,,,,,,,,,,,,,,,,,,,,,,,,,,,,,,,,,,,,,,,,,,,,,,,,,,,,,,,,,,,,,,,,,,,,,,,,,,,,,,,,,A Finals,5841,Add new Team Comp as Finals Team Comp,Mejiro Palmer,Front Runner,Mid-CM Ace build in Grand Concert scenario,Satono Diamond,Late Surger,Ace built for this CM before CM start in Grand Concert scenario,Manhattan Cafe,Late Surger,Mid-CM Ace build in Grand Concert scenario,https://drive.google.com/open?id=1i4gsrclTQFUFNMqYAE-d_v7A43llZSIW,1st,,,,,,,,,,,Yes,My jinx breaker.,https://drive.google.com/open?id=1eGQFxoOJSegHgB6-jYm1LSmVBVwFQpsU,https://drive.google.com/open?id=1G9d2I4cUdROzkwuVA1YsMofGPNm5uO7W,,9,6,3,,,https://drive.google.com/open?id=12BJgbaSUp5FpShnLmXDd7KVjd3r9QufD
9/2/2026 18:37:14,Oliiii,Graded (No Uma Restrictions),Win A finals,I accept these terms,Day 1,iOS - phone or tablet,Rather not say,2298,31-45 (roughly 5-6 per day),"Discord - MooMooCord - https://discord.gg/Hc7cP9GB, Twitch - MooMooCows - https://www.twitch.tv/moomoomoocows, YouTube - MooMooCows - https://www.youtube.com/@MooMooCows",5,,Nishino Flower,Pace Chaser,Ace built for this CM before CM start in Grand Concert scenario,3,0,0,0,2,1,0,Taiki Shuttle (Camping),Pace Chaser,Ace built for this CM before CM start in Grand Concert scenario,3,0,0,0,2,1,0,Tamamo Cross,Late Surger,Ace built for this CM before CM start in Grand Concert scenario,2,0,1,0,2,1,0,4 Attempts - 20 Races total,15,Day 2,,,,,,,,,,,,,,Add new Team Comp as Day 2 - Team Comp 1,Oguri Cap,Pace Chaser,Ace built for this CM before CM start in Grand Concert scenario,Taiki Shuttle (Camping),Pace Chaser,Ace built for this CM before CM start in Grand Concert scenario,Tamamo Cross,Late Surger,Ace built for this CM before CM start in Grand Concert scenario,4 Attempts - 20 Races total,15,Day 3,,,,,,,,,,,,,,,Re-use Day 2 - Team Comp 1 as Day 3 - Team Comp 1,A Group,,,,,,,,,,4 Attempts - 20 Races total,10,Day 4,,,,,,,,,,,,,,,Re-use Day 3 - Team Comp 1 as Day 4 - Team Comp 1,A Group,,,,,,,,,,4 Attempts - 20 Races total,15,Finals,,,,,,,,,,,,,,,A Finals,11455,Re-use Day 4 - Team Comp 1 as Finals Team Comp,,,,,,,,,,https://drive.google.com/open?id=1EjLtFFSEHQNSJjRYWvjNYkjlAAlVMTLJ,1st,,,,,,,,,,,Yes,Here comes the lightning,https://drive.google.com/open?id=1I_M01MtsferjuSFxft05k4d__k2DEO85,https://drive.google.com/open?id=10vyOPNYhfY8KMT1CG40w_qWkdwqZ3NX0,,3,9,6,0,0,https://drive.google.com/open?id=1zY-zi4UE_AP5bZEna04tWbsNLyYxus_A
9/2/2026 18:39:44,#1 Neichan Fan,Graded (No Uma Restrictions),Get into A finals,I accept these terms,Day 1,Windows,$1-100,1006,21-30 (roughly 3-4 per day),YouTube - MooMooCows - https://www.youtube.com/@MooMooCows,,,Special Week,End Closer,Ace built for this CM before CM start in Grand Concert scenario,3,,,,2,1,,Narita Taishin,End Closer,Ace built for this CM before CM start in Grand Concert scenario,3,,,,2,1,,Oguri Cap (Christmas),End Closer,Ace built for this CM before CM start in Grand Concert scenario,3,,,,2,1,,4 Attempts - 20 Races total,14,Day 2,,,,,,,,,,,,,,Re-use Day 1 - Team Comp 1 as Day 2 - Team Comp 1,,,,,,,,,,4 Attempts - 20 Races total,16,Day 3,,,,,,,,,,,,,,,Re-use Day 2 - Team Comp 1 as Day 3 - Team Comp 1,A Group,,,,,,,,,,4 Attempts - 20 Races total,7,Day 4,,,,,,,,,,,,,,,Re-use Day 3 - Team Comp 1 as Day 4 - Team Comp 1,A Group,,,,,,,,,,4 Attempts - 20 Races total,10,Finals,,,,,,,,,,,,,,,A Finals,7385,Re-use Day 4 - Team Comp 1 as Finals Team Comp,,,,,,,,,,https://drive.google.com/open?id=17MI468tDeGqhakiJeJFi1Sdyr3s-WZ81,1st,,,,,,,,,,,No,,https://drive.google.com/open?id=1EWBH9lFkxiWt4hJ90emrnWntvThNWGHc,https://drive.google.com/open?id=1TW0_FM6WxmCN8LUn4NNmpl7IxM3c6q0y,,2,6,8,0,0,https://drive.google.com/open?id=1mzY9PhsX_P7HafoOW1evLF8x5hEFkXgw
9/3/2026 6:39:53,jijin,Graded (No Uma Restrictions),Win A finals,I accept these terms,Finals,iOS - phone or tablet,$101-500,1395,31-45 (roughly 5-6 per day),"Discord - MooMooCord - https://discord.gg/Hc7cP9GB, YouTube - MooMooCows - https://www.youtube.com/@MooMooCows",5,,Fuji Kiseki,Pace Chaser,Ace built for this CM before CM start in Grand Concert scenario,3,,,,2,1,,Agnes Tachyon,Late Surger,Debuffer,1,,1,,2,2,,Grass Wonder,Late Surger,Debuffer,1,1,1,,1,2,,3 Attempts - 15 Races total,12,Day 2,,,,,,,,,,,,,,Re-use Day 1 - Team Comp 1 as Day 2 - Team Comp 1,,,,,,,,,,3 Attempts - 15 Races total,12,Day 3,,,,,,,,,,,,,,,Re-use Day 2 - Team Comp 1 as Day 3 - Team Comp 1,A Group,,,,,,,,,,3 Attempts - 15 Races total,9,Day 4,,,,,,,,,,,,,,,Re-use Day 3 - Team Comp 1 as Day 4 - Team Comp 1,A Group,,,,,,,,,,3 Attempts - 15 Races total,10,Go to Submit page,,,,,,,,,,,,,,,A Finals,12586,Re-use Day 4 - Team Comp 1 as Finals Team Comp,,,,,,,,,,https://drive.google.com/open?id=1EnYLAR8bnsdtmki-93TF-SBWYH8dK80P,1st,,,,,,,,,,,Yes,mascs + women in suits>>>>>>,https://drive.google.com/open?id=1PzbpQNpToBCzD287UtA69ibqm6mp3QpT,https://drive.google.com/open?id=17d5Wr_Ai57s1ArKxTUMrH9RpmJ0y5bW9,,4,12,,,,https://drive.google.com/open?id=1O5MqO4s2lDA4DJdt7zZUxit0ZnCRj3em
9/2/2026 18:43:56,Slay|MogeTee,Graded (No Uma Restrictions),Get into A finals,I accept these terms,Finals,iOS - phone or tablet,$1-100,475,11-20 (roughly 2-3 per day),Discord - MooMooCord - https://discord.gg/Hc7cP9GB,,,,,,,,,,,,,,,,,,,,,,,,,,,,,,,,,,,,,,,,,,,,,,,,,,,,,,,,,,,,,,,,,,,,,,,,,,,,,,,,,,,,,,,,,,,,,,,,,,,,,,,,,,,,,,,,,,,,,,,,,,,,,,,,,,,,A Finals,7147,Add new Team Comp as Finals Team Comp,Smart Falcon,Front Runner,Ace built for this CM before CM start in Grand Concert scenario,Seiun Sky,Front Runner,Ace built for this CM before CM start in Grand Concert scenario,Eishin Flash (Valentine),Late Surger,Debuffer,https://drive.google.com/open?id=1tLkO960b3BZ3kugPaPE6_zM5Q7fZ3UCp,1st,,,,,,,,,,,Yes,Umadol power?,https://drive.google.com/open?id=1sKGk0rZbPWqFPwB3hMBDXDI4r3Iv-mTe,https://drive.google.com/open?id=1YYe5aY5TJQGoRX5fsSwZud_nQkYRfBr3,,,,,,,https://drive.google.com/open?id=1MgQJQWRs2LbZ0dJ5qeWgUnH9shirRCxP
9/2/2026 18:56:27,Breezy,Graded (No Uma Restrictions),Get into A finals,I accept these terms,Finals,"Android - phone or tablet, Windows",$0,1445,21-30 (roughly 3-4 per day),Discord - MooMooCord - https://discord.gg/Hc7cP9GB,4,,,,,,,,,,,,,,,,,,,,,,,,,,,,,,,,,,,,,,,,,,,,,,,,,,,,,,,,,,,,,,,,,,,,,,,,,,,,,,,,,,,,,,,,,,,,,,,,,,,,,,,,,,,,,,,,,,,,,,,,,,,,,,,,,,,A Finals,7416,Add new Team Comp as Finals Team Comp,Winning Ticket (Steampunk),Late Surger,Ace built for this CM before CM start in Grand Concert scenario,Yamanin Zephyr,Pace Chaser,Mid-CM Ace build in Grand Concert scenario,Satono Diamond,Late Surger,Ace built for this CM before CM start in Grand Concert scenario,https://drive.google.com/open?id=137hAoOyg7TRqOMy-KJ_CIPMSeWvLBCqC,1st,,,,,,,,,,,Yes,"""Special delivery! Here's your sparkling dreams!""",https://drive.google.com/open?id=19qQJiKUApV59Tj4ZRWCsSl43Gg1jVt_r,https://drive.google.com/open?id=1Ey4uW4SORJrWkg-UFmjb1bEVaK8MEZPy,,2,2,,2,,https://drive.google.com/open?id=1x3qTq0yowtT6uHQdI3aKAWOAV4omKwrf
9/2/2026 19:04:34,Leftar,Graded (No Uma Restrictions),Win A finals,I accept these terms,Day 1,Windows,$101-500,813,31-45 (roughly 5-6 per day),"Discord - MooMooCord - https://discord.gg/Hc7cP9GB, Reddit - /r/umamusumeGame, YouTube - MooMooCows - https://www.youtube.com/@MooMooCows",5,,Mihono Bourbon (Valentine),Front Runner,Ace built for this CM before CM start in Grand Concert scenario,3,,,,2,1,,Seiun Sky,Front Runner,Ace built for this CM before CM start in Grand Concert scenario,3,,,,2,1,,Oguri Cap (Christmas),End Closer,Ace built for this CM before CM start in Grand Concert scenario,3,,,,2,1,,4 Attempts - 20 Races total,18,Day 2,,,,,,,,,,,,,,Re-use Day 1 - Team Comp 1 as Day 2 - Team Comp 1,,,,,,,,,,0 Attempts - 0 Races total,0,Day 3,,,,,,,,,,,,,,,Re-use Day 2 - Team Comp 1 as Day 3 - Team Comp 1,A Group,,,,,,,,,,4 Attempts - 20 Races total,16,Day 4,,,,,,,,,,,,,,,Re-use Day 3 - Team Comp 1 as Day 4 - Team Comp 1,A Group,,,,,,,,,,4 Attempts - 20 Races total,13,Finals,,,,,,,,,,,,,,,A Finals,10346,Re-use Day 4 - Team Comp 1 as Finals Team Comp,,,,,,,,,,https://drive.google.com/open?id=11rvwokjILRvVMQOK5P2dwi_BwJyOnPW9,1st,,,,,,,,,,,Yes,Debuffers are cringe,https://drive.google.com/open?id=1X7l829YO8W4YWkMg97RYAHwnR4Mra3aZ,https://drive.google.com/open?id=1X57vgvP2GnfvL_OMrphtkSjr7KD5d-yM,,,6,10,,,https://drive.google.com/open?id=1tiG4FQJLJs29f2NGcdbnF-qa-uQB-O-3
9/2/2026 19:04:56,Reflet,Graded (No Uma Restrictions),Win A finals,I accept these terms,Day 1,"Android - phone or tablet, Windows",$101-500,1570,31-45 (roughly 5-6 per day),"Discord - MooMooCord - https://discord.gg/Hc7cP9GB, YouTube - MooMooCows - https://www.youtube.com/@MooMooCows",4,,Tokai Teio (Anime Collab),Pace Chaser,Ace built for this CM before CM start in Grand Concert scenario,3,0,0,0,2,1,0,Curren Chan,Pace Chaser,Ace built for this CM before CM start in Grand Concert scenario,3,0,0,0,2,1,0,Silence Suzuka,Runaway,Ace built for this CM before CM start in Grand Concert scenario,3,0,0,0,2,1,0,4 Attempts - 20 Races total,15,Day 2,,,,,,,,,,,,,,Re-use Day 1 - Team Comp 1 as Day 2 - Team Comp 1,,,,,,,,,,4 Attempts - 20 Races total,14,Day 3,,,,,,,,,,,,,,,Re-use Day 2 - Team Comp 1 as Day 3 - Team Comp 1,A Group,,,,,,,,,,4 Attempts - 20 Races total,13,Day 4,,,,,,,,,,,,,,,Re-use Day 3 - Team Comp 1 as Day 4 - Team Comp 1,A Group,,,,,,,,,,4 Attempts - 20 Races total,13,Finals,,,,,,,,,,,,,,,A Finals,11349,Re-use Day 4 - Team Comp 1 as Finals Team Comp,,,,,,,,,,https://drive.google.com/open?id=1MdXfH21ESOWJKlERm9gKacCU6sVQuTRZ,1st,,,,,,,,,,,Yes,HACHIMI,https://drive.google.com/open?id=1_UDC1ABjbjx7txjtuQN4bFYdV3hBEyAE,https://drive.google.com/open?id=1RT2d8kCQr7oBjPGoICnQ2vjAt3lzVNrE,,0,6,8,0,0,https://drive.google.com/open?id=1xGAJ-IxNyjM8mYjjgokpa68LqtiBLgyp
9/2/2026 19:05:36,Thesaber7000,Graded (No Uma Restrictions),Get into A finals,I accept these terms,Day 1,Android - phone or tablet,$0,712,11-20 (roughly 2-3 per day),Discord - MooMooCord - https://discord.gg/Hc7cP9GB,,,King Halo (Cheerleader),Late Surger,Ace built for this CM before CM start in Grand Concert scenario,2,0,1,,2,1,0,Grass Wonder,Late Surger,Ace built for older CM,2,,0,0,3,1,0,Maruzensky,Front Runner,Ace built for older CM,2,0,0,0,3,0,1,3 Attempts - 15 Races total,10,Day 2,,,,,,,,,,,,,,Re-use Day 1 - Team Comp 1 as Day 2 - Team Comp 1,,,,,,,,,,0 Attempts - 0 Races total,0,Day 3,,,,,,,,,,,,,,,Add new Team Comp as Day 3 - Team Comp 1,A Group,King Halo (Cheerleader),Late Surger,Ace built for this CM before CM start in Grand Concert scenario,T.M. Opera O,Pace Chaser,Mid-CM Ace build in Grand Concert scenario,Narita Taishin,End Closer,Mid-CM Ace build in Grand Concert scenario,4 Attempts - 20 Races total,12,Day 4,,,,,,,,,,,,,,,Re-use Day 3 - Team Comp 1 as Day 4 - Team Comp 1,A Group,,,,,,,,,,4 Attempts - 20 Races total,9,Finals,,,,,,,,,,,,,,,A Finals,5025,Re-use Day 4 - Team Comp 1 as Finals Team Comp,,,,,,,,,,https://drive.google.com/open?id=1Xg4moDt4aFM-liYmzNrh2lJE3J5XMD5j,1st,,,,,,,,,,,No,,https://drive.google.com/open?id=1m3opkICSE5_yaN4RpoBnbdOgj_AUaXfn,https://drive.google.com/open?id=1H4W49aNV2liGLywbt_k3Lo0lcO_YU6CK,,3,3,6,,5,https://drive.google.com/open?id=1Rj-ulgXvEOslj9aqlQzDRCAyZNCaRhSg
9/2/2026 19:13:03,Tiphxodia,Graded (No Uma Restrictions),Win A finals,I accept these terms,Day 1,"Android - phone or tablet, Windows",$1-100,2190,46+ (more than 6 per day),Discord - MooMooCord - https://discord.gg/Hc7cP9GB,5,,El Condor Pasa,Pace Chaser,Ace built for this CM before CM start in Grand Concert scenario,3,0,0,0,2,1,0,Silence Suzuka,Runaway,Debuffer,1,0,1,0,3,1,0,Grass Wonder,End Closer,Debuffer,2,0,1,0,2,1,,4 Attempts - 20 Races total,16,Day 2,,,,,,,,,,,,,,Re-use Day 1 - Team Comp 1 as Day 2 - Team Comp 1,,,,,,,,,,4 Attempts - 20 Races total,16,Day 3,,,,,,,,,,,,,,,Re-use Day 2 - Team Comp 1 as Day 3 - Team Comp 1,A Group,,,,,,,,,,4 Attempts - 20 Races total,12,Day 4,,,,,,,,,,,,,,,Re-use Day 3 - Team Comp 1 as Day 4 - Team Comp 1,A Group,,,,,,,,,,4 Attempts - 20 Races total,15,Finals,,,,,,,,,,,,,,,A Finals,7948,Re-use Day 4 - Team Comp 1 as Finals Team Comp,,,,,,,,,,https://drive.google.com/open?id=1QPWISo9TAN862Zr8ZP1R2y8tNSJVcDWE,1st,,,,,,,,,,,Yes,lock in,https://drive.google.com/open?id=1XqHXd5Dal8frnhgggrMM1_MirWcAroF9,https://drive.google.com/open?id=108-belYLY8_IElI9u7tPPrenker9bqWc,,0,5,4,3,0,https://drive.google.com/open?id=1nbBzmTFP9k3aSB8K4WGxwPiS0WftvwgL
9/2/2026 19:15:41,ShadPrince,Graded (No Uma Restrictions),Get into A finals,I accept these terms,Day 1,"Android - phone or tablet, Windows",$501-1000,2087,31-45 (roughly 5-6 per day),,,,Air Groove (Wedding),Pace Chaser,Ace built for this CM before CM start in Grand Concert scenario,3,,,,2,1,,Silence Suzuka,Runaway,Blocker/Overtake target/Throwaway/Niche role,1,,2,,3,,,Daiwa Scarlet,Front Runner,Ace built for Team Trials,2,,,,3,1,,4 Attempts - 20 Races total,12,Day 2,,,,,,,,,,,,,,Re-use Day 1 - Team Comp 1 as Day 2 - Team Comp 1,,,,,,,,,,4 Attempts - 20 Races total,12,Day 3,,,,,,,,,,,,,,,Re-use Day 2 - Team Comp 1 as Day 3 - Team Comp 1,A Group,,,,,,,,,,4 Attempts - 20 Races total,10,Day 4,,,,,,,,,,,,,,,Re-use Day 3 - Team Comp 1 as Day 4 - Team Comp 1,A Group,,,,,,,,,,4 Attempts - 20 Races total,9,Finals,,,,,,,,,,,,,,,A Finals,9593,Re-use Day 4 - Team Comp 1 as Finals Team Comp,,,,,,,,,,,2nd,No (goes to Submit page),,,,,,,,,,,,,,,,,,,,
9/2/2026 19:27:36,Sashimi Lover,Graded (No Uma Restrictions),Get into A finals,I accept these terms,Day 1,Android - phone or tablet,$101-500,1348,21-30 (roughly 3-4 per day),Discord - MooMooCord - https://discord.gg/Hc7cP9GB,4,,Silence Suzuka,Runaway,Ace built for this CM before CM start in Grand Concert scenario,3,,,,2,1,,Mihono Bourbon (Valentine),Front Runner,Ace built for this CM before CM start in Grand Concert scenario,3,,,,2,1,,Smart Falcon,Front Runner,Ace built for this CM before CM start in Grand Concert scenario,3,,,,2,1,,4 Attempts - 20 Races total,14,Day 2,,,,,,,,,,,,,,Re-use Day 1 - Team Comp 1 as Day 2 - Team Comp 1,,,,,,,,,,4 Attempts - 20 Races total,16,Day 3,,,,,,,,,,,,,,,Re-use Day 2 - Team Comp 1 as Day 3 - Team Comp 1,A Group,,,,,,,,,,4 Attempts - 20 Races total,16,Day 4,,,,,,,,,,,,,,,Re-use Day 3 - Team Comp 1 as Day 4 - Team Comp 1,A Group,,,,,,,,,,4 Attempts - 20 Races total,13,Finals,,,,,,,,,,,,,,,A Finals,8025,Re-use Day 4 - Team Comp 1 as Finals Team Comp,,,,,,,,,,https://drive.google.com/open?id=1mJlJb5R3ujAT-V_zbCWl5DDta-D_2xsl,1st,,,,,,,,,,,No,,https://drive.google.com/open?id=1xMDQLxOEerdFdLasryjcI1gGGSg6ccqw,https://drive.google.com/open?id=1xeh-oZzVZJU_JbA2bq72S6x3n24EdKFi,,2,7,3,,3,https://drive.google.com/open?id=1D-yr4wf4bo5Z_riRSfDa4sEqeQ4SlNyK
9/2/2026 19:19:25,Poyo,Graded (No Uma Restrictions),Win A finals,I accept these terms,Finals,"Android - phone or tablet, Windows",$1-100,,6-10 (roughly 1 per day),YouTube - MooMooCows - https://www.youtube.com/@MooMooCows,5,,,,,,,,,,,,,,,,,,,,,,,,,,,,,,,,,,,,,,,,,,,,,,,,,,,,,,,,,,,,,,,,,,,,,,,,,,,,,,,,,,,,,,,,,,,,,,,,,,,,,,,,,,,,,,,,,,,,,,,,,,,,,,,,,,,A Finals,8852,Re-use Day 4 - Team Comp 1 as Finals Team Comp,,,,,,,,,,https://drive.google.com/open?id=1FXaZYUJbuBhZXUJE8Yydpeblim_Te9Pk,1st,,,,,,,,,,,Yes,Spring prevails!,https://drive.google.com/open?id=197A8DHCgZ02wmhsDs8ovfrAs1OsgSzGy,https://drive.google.com/open?id=1jZ1Ujcs5cl0Do8UNXu6IkmCN32ZN_SfL,,,6,8,,1,https://drive.google.com/open?id=1T7SRpcjy3uqjjsv7QuKL_wnNifiuZN3s
9/2/2026 19:30:15,Adqm,Graded (No Uma Restrictions),Win A finals,I accept these terms,Day 1,Android - phone or tablet,$101-500,474,11-20 (roughly 2-3 per day),"Discord - MooMooCord - https://discord.gg/Hc7cP9GB, YouTube - MooMooCows - https://www.youtube.com/@MooMooCows",4,,Oguri Cap (Christmas),End Closer,Ace built for this CM before CM start in Grand Concert scenario,3,0,0,0,2,1,0,Agnes Tachyon,Pace Chaser,Debuffer,2,0,1,0,2,1,0,Grass Wonder,Late Surger,Debuffer,2,0,1,0,2,1,0,1 Attempt - 5 Races total,2,Day 2,,,,,,,,,,,,,,Re-use Day 1 - Team Comp 1 as Day 2 - Team Comp 1,,,,,,,,,,4 Attempts - 20 Races total,15,Day 3,,,,,,,,,,,,,,,Re-use Day 2 - Team Comp 1 as Day 3 - Team Comp 1,A Group,,,,,,,,,,1 Attempt - 5 Races total,2,Day 4,,,,,,,,,,,,,,,Re-use Day 3 - Team Comp 1 as Day 4 - Team Comp 1,A Group,,,,,,,,,,2 Attempts - 10 Races total,4,Go to Submit page,,,,,,,,,,,,,,,,,,,,,,,,,,,,,,,,,,,,,,,,,,,,,,,,,
9/2/2026 21:55:47,Anri,Graded (No Uma Restrictions),Get into A finals,I accept these terms,Finals,Windows,$101-500,1094,21-30 (roughly 3-4 per day),Discord - MooMooCord - https://discord.gg/Hc7cP9GB,4,,,,,,,,,,,,,,,,,,,,,,,,,,,,,,,,,,,,,,,,,,,,,,,,,,,,,,,,,,,,,,,,,,,,,,,,,,,,,,,,,,,,,,,,,,,,,,,,,,,,,,,,,,,,,,,,,,,,,,,,,,,,,,,,,,,A Finals,6042,Add new Team Comp as Finals Team Comp,Rice Shower,Pace Chaser,Mid-CM Ace build in Grand Concert scenario,Agnes Tachyon,Late Surger,Debuffer,Grass Wonder,Late Surger,Debuffer,https://drive.google.com/open?id=10gi5G-CFNHgCzrMkxzQwpqxEPzuTvW57,1st,,,,,,,,,,,Yes,The stars aligned☆,https://drive.google.com/open?id=1T5_ZlTpbHoSX4HH9BQDSr_gFG-v7c1pT,https://drive.google.com/open?id=15279eY7IugfTIwr6WyHpu1EBLA7xZxy0,,,12,6,,,https://drive.google.com/open?id=1iyZbZAqq8uvQ-UbIl0Gr0QW_IP0hgIIZ
9/2/2026 19:38:34,Bertrand,Graded (No Uma Restrictions),Get into A finals,I accept these terms,Day 1,iOS - phone or tablet,$0,1131,11-20 (roughly 2-3 per day),YouTube - MooMooCows - https://www.youtube.com/@MooMooCows,,,T.M. Opera O,Pace Chaser,Ace built for this CM before CM start in Grand Concert scenario,3,0,0,0,2,1,0,Special Week,Pace Chaser,Ace built for this CM before CM start in Grand Concert scenario,3,0,0,0,2,1,0,Agnes Tachyon,End Closer,Debuffer,1,0,1,0,3,1,0,4 Attempts - 20 Races total,13,Day 2,,,,,,,,,,,,,,Re-use Day 1 - Team Comp 1 as Day 2 - Team Comp 1,,,,,,,,,,4 Attempts - 20 Races total,13,Day 3,,,,,,,,,,,,,,,Re-use Day 2 - Team Comp 1 as Day 3 - Team Comp 1,A Group,,,,,,,,,,4 Attempts - 20 Races total,12,Day 4,,,,,,,,,,,,,,,Re-use Day 3 - Team Comp 1 as Day 4 - Team Comp 1,A Group,,,,,,,,,,4 Attempts - 20 Races total,9,Finals,,,,,,,,,,,,,,,A Finals,12430,Re-use Day 4 - Team Comp 1 as Finals Team Comp,,,,,,,,,,https://drive.google.com/open?id=1D1G7-Jw7dxHvfM13vV0k7L4YcnyJofgN,1st,,,,,,,,,,,Yes,Rejoice oshi players,https://drive.google.com/open?id=1GHqh06Z_UyB6MNZFEJu0vs6wOKtJdXoT,https://drive.google.com/open?id=1xxsM616ZnNLOipHqSZilsUXyFHxmJwhe,,0,9,5,0,2,https://drive.google.com/open?id=1xi5hMHfNpMOq-NDL1tqtwB5QWwgDgT8k
9/2/2026 19:38:58,Xias,Graded (No Uma Restrictions),Get into A finals,I accept these terms,Finals,Android - phone or tablet,$1-100,2231,21-30 (roughly 3-4 per day),Discord - MooMooCord - https://discord.gg/Hc7cP9GB,5,,,,,,,,,,,,,,,,,,,,,,,,,,,,,,,,,,,,,,,,,,,,,,,,,,,,,,,,,,,,,,,,,,,,,,,,,,,,,,,,,,,,,,,,,,,,,,,,,,,,,,,,,,,,,,,,,,,,,,,,,,,,,,,,,,,A Finals,12856,Re-use Day 4 - Team Comp 2 as Finals Team Comp,,,,,,,,,,https://drive.google.com/open?id=1lQTNRCatQD_wdsRpAQN8HZkPEfvPmqxp,1st,,,,,,,,,,,Yes,Endcloser Xguri (missed perfect ulti),https://drive.google.com/open?id=1Iksz30rZkMTXC4UJarNTT3Oa4hqhizA8,https://drive.google.com/open?id=1-UPOYbalIpKj23b7o1qF7FbkgvEpFbl_,,,2,5,1,4,https://drive.google.com/open?id=1xuwm-e9XolCSgprf-McEBQ2lk9uMjQ3b
9/2/2026 19:49:03,Karate Pawn,Graded (No Uma Restrictions),Win A finals,I accept these terms,Day 1,Windows,$0,605,6-10 (roughly 1 per day),"Twitch - MooMooCows - https://www.twitch.tv/moomoomoocows, YouTube - MooMooCows - https://www.youtube.com/@MooMooCows",5,,Agnes Digital (Halloween),Late Surger,Ace built for this CM before CM start in Grand Concert scenario,2,0,1,0,2,1,0,Sweep Tosho,End Closer,Ace built for this CM before CM start in Grand Concert scenario,2,0,1,0,2,1,0,Satono Diamond,Late Surger,Ace built for this CM before CM start in Grand Concert scenario,3,0,0,0,2,1,0,4 Attempts - 20 Races total,13,Day 2,,,,,,,,,,,,,,Re-use Day 1 - Team Comp 1 as Day 2 - Team Comp 1,,,,,,,,,,4 Attempts - 20 Races total,14,Day 3,,,,,,,,,,,,,,,Re-use Day 2 - Team Comp 1 as Day 3 - Team Comp 1,A Group,,,,,,,,,,4 Attempts - 20 Races total,9,Day 4,,,,,,,,,,,,,,,Re-use Day 3 - Team Comp 1 as Day 4 - Team Comp 1,A Group,,,,,,,,,,4 Attempts - 20 Races total,14,Finals,,,,,,,,,,,,,,,A Finals,7572,Re-use Day 4 - Team Comp 1 as Finals Team Comp,,,,,,,,,,https://drive.google.com/open?id=1EZwf05sFFMsbUoY9Oh6P4zqAXvuzfwKt,1st,,,,,,,,,,,Yes,NGHAJFHAGAJNVD!,https://drive.google.com/open?id=1m4L4Mr3ejZfVFZsmj4nFP2mozTAoZNTM,https://drive.google.com/open?id=1Ft0QZHpXNaL0A0BEzj8-RezzNyVaoC1t,,0,3,1,3,5,https://drive.google.com/open?id=18CrJpC5SXbgTvL_f5NkEf9cB3iDs7q-X
9/2/2026 19:51:45,Cadney,Graded (No Uma Restrictions),Win A finals,I accept these terms,Finals,iOS - phone or tablet,$1-100,,31-45 (roughly 5-6 per day),,,,,,,,,,,,,,,,,,,,,,,,,,,,,,,,,,,,,,,,,,,,,,,,,,,,,,,,,,,,,,,,,,,,,,,,,,,,,,,,,,,,,,,,,,,,,,,,,,,,,,,,,,,,,,,,,,,,,,,,,,,,,,,,,,,,,A Finals,12232,Re-use Day 4 - Team Comp 1 as Finals Team Comp,,,,,,,,,,,1st,,,,,,,,,,,No,,,,,,,,,,
9/2/2026 20:07:56,zae,Graded (No Uma Restrictions),Win A finals,I accept these terms,Day 1,"Android - phone or tablet, Windows",$101-500,1773,21-30 (roughly 3-4 per day),Discord - MooMooCord - https://discord.gg/Hc7cP9GB,5,,Gold Ship,Late Surger,Ace built for this CM before CM start in Grand Concert scenario,3,0,0,0,2,1,0,Silence Suzuka,Runaway,Blocker/Overtake target/Throwaway/Niche role,2,0,0,0,4,0,0,Grass Wonder,Pace Chaser,Debuffer,1,1,1,0,2,1,0,4 Attempts - 20 Races total,9,Day 2,,,,,,,,,,,,,,Re-use Day 1 - Team Comp 1 as Day 2 - Team Comp 1,,,,,,,,,,4 Attempts - 20 Races total,15,Day 3,,,,,,,,,,,,,,,Re-use Day 2 - Team Comp 1 as Day 3 - Team Comp 1,A Group,,,,,,,,,,4 Attempts - 20 Races total,14,Day 4,,,,,,,,,,,,,,,Re-use Day 3 - Team Comp 1 as Day 4 - Team Comp 1,A Group,,,,,,,,,,4 Attempts - 20 Races total,8,Finals,,,,,,,,,,,,,,,A Finals,10619,Re-use Day 4 - Team Comp 1 as Finals Team Comp,,,,,,,,,,https://drive.google.com/open?id=1lEwws-1nMOS1A_33pB4uCYkIsO_RuE_N,1st,,,,,,,,,,,Yes,late ship is a tech ,https://drive.google.com/open?id=1ueXsIzW5y65ntpSFvHWhRet3jAvEY-4v,https://drive.google.com/open?id=10ztJOlOWBWJ2BEaiOn_flH4geaB7to5E,,4,5,3,0,0,https://drive.google.com/open?id=16AQsNDmvI5NPpwzz_lyJJBveSfz6cLJK
9/2/2026 20:11:06,Kons,Graded (No Uma Restrictions),Collect participation rewards,I accept these terms,Finals,"iOS - phone or tablet, Windows",$1-100,1463,11-20 (roughly 2-3 per day),Discord - MooMooCord - https://discord.gg/Hc7cP9GB,5,,,,,,,,,,,,,,,,,,,,,,,,,,,,,,,,,,,,,,,,,,,,,,,,,,,,,,,,,,,,,,,,,,,,,,,,,,,,,,,,,,,,,,,,,,,,,,,,,,,,,,,,,,,,,,,,,,,,,,,,,,,,,,,,,,,A Finals,,Re-use Day 4 - Team Comp 2 as Finals Team Comp,,,,,,,,,,https://drive.google.com/open?id=10TYQh7tIgieWUaEXWeAobA1ZWyoZo14g,1st,,,,,,,,,,,No,,https://drive.google.com/open?id=1N9JF7NeLvXGqvr6RyZX6FGPIfMV_9hJS,https://drive.google.com/open?id=1k6vDiQ3U9Qk7wdXWT7wUqhouuahlVVIB,,,8,9,,,https://drive.google.com/open?id=13tlZTgLf43PQnPI3BetsOqFK9uXgvXuc
9/2/2026 20:14:48,rsnation,Graded (No Uma Restrictions),Get into A finals,I accept these terms,Day 1,"Android - phone or tablet, Windows",$1001-5000,1094,46+ (more than 6 per day),Discord - MooMooCord - https://discord.gg/Hc7cP9GB,4,,Mejiro Dober (Camping),Late Surger,Ace built for this CM before CM start in Grand Concert scenario,2,0,1,0,2,1,0,Oguri Cap (Christmas),End Closer,Ace built for this CM before CM start in Grand Concert scenario,2,0,1,0,2,1,0,Taiki Shuttle (Camping),Pace Chaser,Ace built for this CM before CM start in Grand Concert scenario,3,0,0,0,2,1,0,4 Attempts - 20 Races total,17,Day 2,,,,,,,,,,,,,,Re-use Day 1 - Team Comp 1 as Day 2 - Team Comp 1,,,,,,,,,,4 Attempts - 20 Races total,18,Day 3,,,,,,,,,,,,,,,Re-use Day 2 - Team Comp 1 as Day 3 - Team Comp 1,A Group,,,,,,,,,,4 Attempts - 20 Races total,14,Day 4,,,,,,,,,,,,,,,Re-use Day 3 - Team Comp 1 as Day 4 - Team Comp 1,A Group,,,,,,,,,,4 Attempts - 20 Races total,18,Finals,,,,,,,,,,,,,,,A Finals,13307,Re-use Day 4 - Team Comp 1 as Finals Team Comp,,,,,,,,,,https://drive.google.com/open?id=1bqSmtyrmnQNluBiknwtbKqyE3KuGYbkg,1st,,,,,,,,,,,No,,https://drive.google.com/open?id=1dgDHlKdxc28nAqzPyHUFBtnteseMr4fD,https://drive.google.com/open?id=1UCWJu379gFSJhsYcb5SfxsTZ5BOViIUP,,0,5,0,4,4,https://drive.google.com/open?id=1we_YGFzqmYouYN_Xbv__vvpbUq0SIMRH
9/2/2026 20:19:09,alwaysfool,Graded (No Uma Restrictions),Win A finals,I accept these terms,Finals,"iOS - phone or tablet, Windows",$101-500,,21-30 (roughly 3-4 per day),Discord - MooMooCord - https://discord.gg/Hc7cP9GB,5,,Admire Vega,End Closer,Ace built for this CM before CM start in Grand Concert scenario,2,0,1,0,2,1,0,Grass Wonder,Late Surger,Debuffer,,,,,,,,Nice Nature (Cheerleader),Late Surger,Debuffer,,,,,,,,4 Attempts - 20 Races total,16,Day 2,,,,,,,,,,,,,,Add new Team Comp as Day 2 - Team Comp 1,Admire Vega,End Closer,Ace built for this CM before CM start in Grand Concert scenario,Manhattan Cafe,Late Surger,Mid-CM Ace build in Grand Concert scenario,Grass Wonder,Late Surger,Debuffer,4 Attempts - 20 Races total,12,Day 3,,,,,,,,,,,,,,,Re-use Day 2 - Team Comp 1 as Day 3 - Team Comp 1,A Group,,,,,,,,,,4 Attempts - 20 Races total,8,Day 4,,,,,,,,,,,,,,,Re-use Day 3 - Team Comp 1 as Day 4 - Team Comp 1,A Group,,,,,,,,,,4 Attempts - 20 Races total,11,Finals,,,,,,,,,,,,,,,A Finals,7505,Re-use Day 4 - Team Comp 1 as Finals Team Comp,,,,,,,,,,https://drive.google.com/open?id=18CYEhx1i6POt2fOXEc2oW-60CBbHVJnv,1st,,,,,,,,,,,Yes,She deserves to be the brightest star,https://drive.google.com/open?id=1xLTkEmwUXB4sisDLrmBi4QVL4lFzuROT,https://drive.google.com/open?id=1Kbd1MoYyIHNUuoGxZMe-Fuvqkn_215Oo,,3,9,,,3,https://drive.google.com/open?id=13FModKxCRnVU-7aAt9-ZtTYNluwWH2-4
9/2/2026 20:24:32,FaiGor,Graded (No Uma Restrictions),Win A finals,I accept these terms,Day 1,"Android - phone or tablet, Windows",$501-1000,2865,46+ (more than 6 per day),YouTube - MooMooCows - https://www.youtube.com/@MooMooCows,3,,Seiun Sky,Front Runner,Ace built for this CM before CM start in Grand Concert scenario,3,,,,2,1,,Taiki Shuttle (Camping),Pace Chaser,Ace built for this CM before CM start in Grand Concert scenario,3,,,,2,1,,Oguri Cap (Christmas),End Closer,Ace built for this CM before CM start in Grand Concert scenario,2,,1,,2,1,,4 Attempts - 20 Races total,20,Day 2,,,,,,,,,,,,,,Re-use Day 1 - Team Comp 1 as Day 2 - Team Comp 1,,,,,,,,,,4 Attempts - 20 Races total,18,Day 3,,,,,,,,,,,,,,,Re-use Day 2 - Team Comp 1 as Day 3 - Team Comp 1,A Group,,,,,,,,,,4 Attempts - 20 Races total,16,Day 4,,,,,,,,,,,,,,,Re-use Day 3 - Team Comp 1 as Day 4 - Team Comp 1,A Group,,,,,,,,,,4 Attempts - 20 Races total,19,Go to Submit page,,,,,,,,,,,,,,,,,,,,,,,,,,,,,,,,,,,,,,,,,,,,,,,,,
9/2/2026 20:32:10,mob,Graded (No Uma Restrictions),Win A finals,I accept these terms,Day 1,Windows,$1-100,1913,31-45 (roughly 5-6 per day),YouTube - MooMooCows - https://www.youtube.com/@MooMooCows,5,,Rice Shower,Pace Chaser,Ace built for this CM before CM start in Grand Concert scenario,3,0,0,0,2,1,0,Grass Wonder,End Closer,Debuffer,,,,,,,,Agnes Tachyon,End Closer,Debuffer,,,,,,,,4 Attempts - 20 Races total,11,Day 2,,,,,,,,,,,,,,Re-use Day 1 - Team Comp 1 as Day 2 - Team Comp 1,,,,,,,,,,4 Attempts - 20 Races total,8,Day 3,,,,,,,,,,,,,,,Re-use Day 2 - Team Comp 1 as Day 3 - Team Comp 1,A Group,,,,,,,,,,4 Attempts - 20 Races total,11,Day 4,,,,,,,,,,,,,,,Re-use Day 3 - Team Comp 1 as Day 4 - Team Comp 1,A Group,,,,,,,,,,4 Attempts - 20 Races total,9,Finals,,,,,,,,,,,,,,,A Finals,7319,Re-use Day 4 - Team Comp 1 as Finals Team Comp,,,,,,,,,,https://drive.google.com/open?id=1WV2fR9sTwhQ6UtAMeqybWSrh-Xw6m6CS,1st,,,,,,,,,,,Yes,rice shower is pretty cool,https://drive.google.com/open?id=1pzcGFUde_IWX_Sm6q07F7HOvNf2LlwDS,https://drive.google.com/open?id=13cbv2RVzZd76LU6Ev_bnZI440sITs0td,,,6,5,,2,https://drive.google.com/open?id=1GwREi_jVpaWxI-0smWmgP9JvXSyokSmE
9/2/2026 20:30:20,SpenArch,Graded (No Uma Restrictions),Win A finals,I accept these terms,Day 1,,,750,,,,,Taiki Shuttle,Pace Chaser,Ace built for this CM before CM start in Grand Concert scenario,2,0,1,0,2,1,0,Rice Shower (Halloween),Pace Chaser,Ace built for this CM before CM start in Grand Concert scenario,3,0,0,0,2,1,0,Oguri Cap (Christmas),End Closer,Ace built for this CM before CM start in Grand Concert scenario,2,0,1,0,2,1,0,4 Attempts - 20 Races total,16,Day 2,,,,,,,,,,,,,,Re-use Day 1 - Team Comp 1 as Day 2 - Team Comp 1,,,,,,,,,,4 Attempts - 20 Races total,14,Day 3,,,,,,,,,,,,,,,Re-use Day 2 - Team Comp 1 as Day 3 - Team Comp 1,A Group,,,,,,,,,,4 Attempts - 20 Races total,8,Day 4,,,,,,,,,,,,,,,Re-use Day 3 - Team Comp 1 as Day 4 - Team Comp 1,A Group,,,,,,,,,,4 Attempts - 20 Races total,14,Finals,,,,,,,,,,,,,,,A Finals,,Re-use Day 4 - Team Comp 1 as Finals Team Comp,,,,,,,,,,,1st,,,,,,,,,,,No,,,,,,,,,,
9/2/2026 21:04:19,ThatPhaste,Graded (No Uma Restrictions),Get into A finals,I accept these terms,Day 1,"Android - phone or tablet, Windows",$1-100,595,6-10 (roughly 1 per day),"Discord - MooMooCord - https://discord.gg/Hc7cP9GB, Twitch - MooMooCows - https://www.twitch.tv/moomoomoocows, YouTube - MooMooCows - https://www.youtube.com/@MooMooCows",4,,Special Week,Late Surger,Ace built for this CM before CM start in Grand Concert scenario,2,,1,,2,1,,Agnes Tachyon,End Closer,Debuffer,2,,,,4,,,Grass Wonder,End Closer,Debuffer,2,,,,4,,,4 Attempts - 20 Races total,4,Day 2,,,,,,,,,,,,,,Add new Team Comp as Day 2 - Team Comp 1,Special Week,Late Surger,Mid-CM Ace build in Grand Concert scenario,Agnes Tachyon,End Closer,Debuffer,Grass Wonder,End Closer,Debuffer,3 Attempts - 15 Races total,9,Day 3,,,,,,,,,,,,,,,Add new Team Comp as Day 3 - Team Comp 1,A Group,Special Week,Late Surger,Mid-CM Ace build in Grand Concert scenario,Agnes Tachyon,End Closer,Debuffer,Grass Wonder,End Closer,Debuffer,3 Attempts - 15 Races total,8,Day 4,,,,,,,,,,,,,,,Re-use Day 3 - Team Comp 1 as Day 4 - Team Comp 1,A Group,,,,,,,,,,0 Attempts - 0 Races total,0,Finals,,,,,,,,,,,,,,,A Finals,10422,Re-use Day 4 - Team Comp 1 as Finals Team Comp,,,,,,,,,,https://drive.google.com/open?id=1VYotj8SMelXiPhgAHbioR57AsNuz5DVa,3rd,Yes,https://drive.google.com/open?id=1lvqhepdf1Xk-CRYNnsEYPIQwLG6X43t1,https://drive.google.com/open?id=1fK75JoEi9qqErw66OQnsX3dCoEkLZGaS,https://drive.google.com/open?id=1J0vd0GrZIUYm10weCUQawvjHnf2bU2tw,,8,7,,,https://drive.google.com/open?id=1vhPTfgkJa7aOxR5JCzsmtNOdQJh7C53D,,,,,,,,,,,
9/2/2026 20:43:14,fluttering_sunspot,Graded (No Uma Restrictions),Win A finals,I accept these terms,Day 1,iOS - phone or tablet,$0,1952,31-45 (roughly 5-6 per day),,,,Seiun Sky,Front Runner,Ace built for this CM before CM start in Grand Concert scenario,3,0,0,0,2,1,0,Mihono Bourbon (Valentine),Front Runner,Ace built for this CM before CM start in Grand Concert scenario,3,0,0,0,2,1,0,Grass Wonder,End Closer,Debuffer,,,,,,,,3 Attempts - 15 Races total,13,Day 1 - Add 2nd Team,Seiun Sky,Front Runner,Ace built for this CM before CM start in Grand Concert scenario,Mihono Bourbon (Valentine),Front Runner,Ace built for this CM before CM start in Grand Concert scenario,Grass Wonder,End Closer,Debuffer,1 Attempt - 5 Races total,4,2 teams,Day 2,Re-use Day 1 - Team Comp 1 as Day 2 - Team Comp 1,,,,,,,,,,4 Attempts - 20 Races total,16,Day 3,,,,,,,,,,,,,,,Add new Team Comp as Day 3 - Team Comp 1,A Group,Seiun Sky,Front Runner,Mid-CM Ace build in Grand Concert scenario,Mihono Bourbon (Valentine),Front Runner,Ace built for this CM before CM start in Grand Concert scenario,Grass Wonder,End Closer,Debuffer,1 Attempt - 5 Races total,4,Day 3 - Add 2nd Team,Add new Team Comp as Day 3 - Team Comp 2,Seiun Sky,Front Runner,Mid-CM Ace build in Grand Concert scenario,Mihono Bourbon (Valentine),Front Runner,Ace built for this CM before CM start in Grand Concert scenario,Grass Wonder,End Closer,Debuffer,3 Attempts - 15 Races total,14,2 teams,Day 4,Re-use Day 3 - Team Comp 2 as Day 4 - Team Comp 1,A Group,,,,,,,,,,4 Attempts - 20 Races total,10,Finals,,,,,,,,,,,,,,,A Finals,10535,Re-use Day 4 - Team Comp 1 as Finals Team Comp,,,,,,,,,,https://drive.google.com/open?id=1MDE0eHKnzLieONsKy_MHIcDsTWQVCfnx,1st,,,,,,,,,,,Yes,Not an oshi but if I’m somehow the only one I want to know,https://drive.google.com/open?id=13PFEtyjVJHVLe9BeukYncVNcsfhzUxCr,https://drive.google.com/open?id=1TJk_EDSShXdiYc7hhqevim7YwPywekWK,,0,9,2,2,0,https://drive.google.com/open?id=1L2YA3T_9mnKMFO7EI1PpBqxIF4PUcM8w
9/2/2026 20:45:42,ssamachi,Open (A+ Grade and Lower Umas Only),Win A finals,I accept these terms,Day 1,"Android - phone or tablet, Windows",$1-100,489,0-5 (less than 1 per day),"Discord - MooMooCord - https://discord.gg/Hc7cP9GB, YouTube - MooMooCows - https://www.youtube.com/@MooMooCows",5,,Oguri Cap,Late Surger,Ace built for this CM before CM start in Grand Concert scenario,3,,1,,2,,,Taiki Shuttle,Pace Chaser,Ace built for this CM before CM start in Unity Cup scenario,2,1,1,,2,,,Narita Brian,Pace Chaser,Ace built for this CM using another scenario (URA or Trackblazer),3,1,1,,3,,,4 Attempts - 20 Races total,18,Day 2,,,,,,,,,,,,,,Re-use Day 1 - Team Comp 1 as Day 2 - Team Comp 1,,,,,,,,,,4 Attempts - 20 Races total,17,Day 3,,,,,,,,,,,,,,,Re-use Day 2 - Team Comp 1 as Day 3 - Team Comp 1,A Group,,,,,,,,,,4 Attempts - 20 Races total,16,Day 4,,,,,,,,,,,,,,,Re-use Day 3 - Team Comp 1 as Day 4 - Team Comp 1,A Group,,,,,,,,,,4 Attempts - 20 Races total,16,Finals,,,,,,,,,,,,,,,A Finals,6948,Re-use Day 4 - Team Comp 1 as Finals Team Comp,,,,,,,,,,https://drive.google.com/open?id=1J0xr0secVbMcN9VGhELpCFBzyn7sVuxw,1st,,,,,,,,,,,No,,,,,,,,,,
9/2/2026 20:48:23,altf4ninja,Graded (No Uma Restrictions),Win A finals,I accept these terms,Finals,"Android - phone or tablet, Windows",$1001-5000,3170,46+ (more than 6 per day),Friend sent me the link,5,,,,,,,,,,,,,,,,,,,,,,,,,,,,,,,,,,,,,,,,,,,,,,,,,,,,,,,,,,,,,,,,,,,,,,,,,,,,,,,,,,,,,,,,,,,,,,,,,,,,,,,,,,,,,,,,,,,,,,,,,,,,,,,,,,,A Finals,8302,Add new Team Comp as Finals Team Comp,Haru Urara (New Year),Late Surger,Ace built for this CM before CM start in Grand Concert scenario,Mejiro McQueen,Front Runner,Ace built for this CM before CM start in Grand Concert scenario,Fuji Kiseki,Front Runner,Ace built for this CM before CM start in Grand Concert scenario,https://drive.google.com/open?id=1MdgpR8kHbs45dADQHtk2X-1y7Q6C-ChF,1st,,,,,,,,,,,Yes,Type shit desuwa~,https://drive.google.com/open?id=1Mp8iAvo9p2NybZjE_xyUXtupZHc3dFOX,https://drive.google.com/open?id=10hH2ziLG7aDbb1hXVB8wRZn6zy273Y4A,,,2,9,,2,https://drive.google.com/open?id=1aN5zzIumfPmRgGZAQfMtNOL7-MPKyqv0
9/2/2026 20:51:52,NA,Graded (No Uma Restrictions),Get into A finals,I accept these terms,Day 1,iOS - phone or tablet,Rather not say,,21-30 (roughly 3-4 per day),YouTube - MooMooCows - https://www.youtube.com/@MooMooCows,5,,Seiun Sky,Front Runner,Ace built for this CM before CM start in Grand Concert scenario,3,0,0,0,2,1,0,Maruzensky,Front Runner,Ace built for this CM before CM start in Grand Concert scenario,3,0,0,0,2,1,0,Seeking the Pearl,Pace Chaser,Ace built for this CM before CM start in Grand Concert scenario,2,0,0,0,2,1,0,2 Attempts - 10 Races total,7,Day 1 - Add 2nd Team,Seiun Sky,Front Runner,Ace built for this CM before CM start in Grand Concert scenario,Maruzensky (Summer),Front Runner,Ace built for this CM before CM start in Grand Concert scenario,Agnes Tachyon,Late Surger,Debuffer,2 Attempts - 10 Races total,8,2 teams,Day 2,Re-use Day 1 - Team Comp 1 as Day 2 - Team Comp 1,,,,,,,,,,2 Attempts - 10 Races total,8,Day 2 - Add 2nd Team,Re-use Day 1 - Team Comp 2 as Day 2 - Team Comp 2,,,,,,,,,,2 Attempts - 10 Races total,7,2 teams,Day 3,Re-use Day 2 - Team Comp 1 as Day 3 - Team Comp 1,A Group,,,,,,,,,,4 Attempts - 20 Races total,13,Day 4,,,,,,,,,,,,,,,Re-use Day 3 - Team Comp 1 as Day 4 - Team Comp 1,A Group,,,,,,,,,,4 Attempts - 20 Races total,13,Finals,,,,,,,,,,,,,,,A Finals,8635,Re-use Day 4 - Team Comp 1 as Finals Team Comp,,,,,,,,,,https://drive.google.com/open?id=1T1NrNfFHH61QjbLDh8SZ5dYHpQQdPkO7,1st,,,,,,,,,,,No,,https://drive.google.com/open?id=1I3nsdQwlI3BrsCFWmjvloXNUZv0I-CR-,https://drive.google.com/open?id=1ZAikl30XdE0YRQTNdQqd6xm0fvB6efyr,,0,6,11,0,0,https://drive.google.com/open?id=1qSXU42HXcJDb3vvSTMDJJbx7KtveueP0
9/2/2026 21:11:44,yuu,Graded (No Uma Restrictions),Get into A finals,I accept these terms,Day 1,Android - phone or tablet,$1-100,1500,11-20 (roughly 2-3 per day),Discord - MooMooCord - https://discord.gg/Hc7cP9GB,4,,Smart Falcon,Front Runner,Ace built for this CM before CM start in Grand Concert scenario,3,0,0,0,2,1,,Fine Motion (Wedding),Pace Chaser,Ace built for this CM before CM start in Grand Concert scenario,3,0,0,0,2,1,,Silence Suzuka,Runaway,Blocker/Overtake target/Throwaway/Niche role,,,,,,,,4 Attempts - 20 Races total,15,Day 2,,,,,,,,,,,,,,Re-use Day 1 - Team Comp 1 as Day 2 - Team Comp 1,,,,,,,,,,4 Attempts - 20 Races total,13,Day 3,,,,,,,,,,,,,,,Re-use Day 2 - Team Comp 1 as Day 3 - Team Comp 1,A Group,,,,,,,,,,4 Attempts - 20 Races total,11,Day 4,,,,,,,,,,,,,,,Re-use Day 3 - Team Comp 1 as Day 4 - Team Comp 1,A Group,,,,,,,,,,4 Attempts - 20 Races total,11,Finals,,,,,,,,,,,,,,,A Finals,9210,Re-use Day 4 - Team Comp 1 as Finals Team Comp,,,,,,,,,,https://drive.google.com/open?id=1P3P9jUyCzh5lDjCDoKTid_sdJwEffCu3,1st,,,,,,,,,,,Yes,2 trillions fans to Falco!,https://drive.google.com/open?id=1q5U8QYFsjjdbimqgxNk713su9qotztTc,https://drive.google.com/open?id=103CmWov-_1_O0LDnkYjHs6ia-mJSDaoW,,0,4,2,4,1,https://drive.google.com/open?id=1dftl93WHjy8I68Sdefx4jrcthMf3Hx_Y
9/2/2026 21:14:49,FiatLuxray,Graded (No Uma Restrictions),Win A finals,I accept these terms,Day 1,Windows,$1-100,1109,21-30 (roughly 3-4 per day),Discord - MooMooCord - https://discord.gg/Hc7cP9GB,5,,Nice Nature,Late Surger,Ace built for this CM before CM start in Grand Concert scenario,2,0,1,0,2,1,0,Grass Wonder,End Closer,Debuffer,,,,,,,,Agnes Tachyon,End Closer,Debuffer,,,,,,,,4 Attempts - 20 Races total,16,Day 2,,,,,,,,,,,,,,Re-use Day 1 - Team Comp 1 as Day 2 - Team Comp 1,,,,,,,,,,4 Attempts - 20 Races total,14,Day 3,,,,,,,,,,,,,,,Re-use Day 2 - Team Comp 1 as Day 3 - Team Comp 1,A Group,,,,,,,,,,4 Attempts - 20 Races total,12,Day 4,,,,,,,,,,,,,,,Re-use Day 3 - Team Comp 1 as Day 4 - Team Comp 1,A Group,,,,,,,,,,4 Attempts - 20 Races total,14,Finals,,,,,,,,,,,,,,,A Finals,9362,Re-use Day 4 - Team Comp 1 as Finals Team Comp,,,,,,,,,,https://drive.google.com/open?id=1cZjmk0ChFbF-v9wHQfzQ2yowkp0Olb9K,1st,,,,,,,,,,,Yes,mogged every end xoguri btw,https://drive.google.com/open?id=112RmQNiVBro6AOSSkrG_XA7LmR152f50,https://drive.google.com/open?id=1puETY0Gu_0Eb8XLIpmuMbfW8mbPmQi3U,,,5,5,2,2,https://drive.google.com/open?id=17D4Bk760QgfAfE4DoBi6Mb6jYfUn5S4l
9/2/2026 21:30:38,Shykin,Graded (No Uma Restrictions),Get into A finals,I accept these terms,Day 1,Windows,$1-100,,46+ (more than 6 per day),,,,Silence Suzuka,Runaway,Ace built for this CM before CM start in Grand Concert scenario,3,,,,2,1,,Taiki Shuttle (Camping),Pace Chaser,Ace built for this CM before CM start in Grand Concert scenario,3,,,,2,1,,T.M. Opera O,Pace Chaser,Ace built for this CM before CM start in Grand Concert scenario,3,,,,2,1,,4 Attempts - 20 Races total,14,Day 2,,,,,,,,,,,,,,Re-use Day 1 - Team Comp 1 as Day 2 - Team Comp 1,,,,,,,,,,4 Attempts - 20 Races total,14,Day 3,,,,,,,,,,,,,,,Re-use Day 2 - Team Comp 1 as Day 3 - Team Comp 1,A Group,,,,,,,,,,4 Attempts - 20 Races total,11,Day 4,,,,,,,,,,,,,,,Re-use Day 3 - Team Comp 1 as Day 4 - Team Comp 1,A Group,,,,,,,,,,4 Attempts - 20 Races total,10,Finals,,,,,,,,,,,,,,,A Finals,7495,Re-use Day 4 - Team Comp 1 as Finals Team Comp,,,,,,,,,,https://drive.google.com/open?id=1tBaaxU8qq7ePXesY8CXyLg0Tk84RzdBl,1st,,,,,,,,,,,No,,https://drive.google.com/open?id=18EVVoXLiGhfH8UAf4DGti7SBcM0aFb2t,https://drive.google.com/open?id=10JKk9xVxoT7emjnBica2pwkdtqF3xcgb,,,15,,,,https://drive.google.com/open?id=1tMlZ59LnDPM046Zh3JKf_36gRD8ohZol
9/2/2026 21:39:56,Irrulevant,Graded (No Uma Restrictions),Get into A finals,I accept these terms,Day 1,"Android - phone or tablet, Windows",$1-100,971,6-10 (roughly 1 per day),"Discord - MooMooCord - https://discord.gg/Hc7cP9GB, YouTube - MooMooCows - https://www.youtube.com/@MooMooCows",5,,Gold City,Late Surger,Ace built for this CM before CM start in Grand Concert scenario,3,,1,,1,1,,Special Week,Late Surger,Ace built for this CM before CM start in Grand Concert scenario,3,,,,2,1,,Taiki Shuttle,Pace Chaser,Ace built for this CM before CM start in Grand Concert scenario,3,,,,2,1,,4 Attempts - 20 Races total,12,Day 2,,,,,,,,,,,,,,Re-use Day 1 - Team Comp 1 as Day 2 - Team Comp 1,,,,,,,,,,3 Attempts - 15 Races total,9,Day 2 - Add 2nd Team,Add new Team Comp as Day 2 - Team Comp 2,Gold City,Late Surger,Ace built for this CM before CM start in Grand Concert scenario,Special Week,Late Surger,Ace built for this CM before CM start in Grand Concert scenario,Grass Wonder,End Closer,Debuffer,1 Attempt - 5 Races total,4,2 teams,Day 3,Re-use Day 2 - Team Comp 2 as Day 3 - Team Comp 1,A Group,,,,,,,,,,4 Attempts - 20 Races total,13,Day 4,,,,,,,,,,,,,,,Re-use Day 3 - Team Comp 1 as Day 4 - Team Comp 1,A Group,,,,,,,,,,4 Attempts - 20 Races total,12,Finals,,,,,,,,,,,,,,,A Finals,10129,Re-use Day 4 - Team Comp 1 as Finals Team Comp,,,,,,,,,,https://drive.google.com/open?id=1Dmu86_1hxNBE9ZhrE9T8qqPL9xHoWk_g,1st,,,,,,,,,,,Yes,OYL is the real unique skill,https://drive.google.com/open?id=1LAL6KfD935f6h0nuWB3OW4xlv-zHHoOc,https://drive.google.com/open?id=1YNLYuRLLK3rl3rYhcFi-d80nUoDKiLij,,3,5,3,,3,https://drive.google.com/open?id=1Qxra64auuJ7IdbtBiHLKrSwkKo5xYE5k
9/2/2026 21:50:24,Sagito,Graded (No Uma Restrictions),Get into A finals,I accept these terms,Finals,"Android - phone or tablet, Windows",$1-100,763,6-10 (roughly 1 per day),"Discord - MooMooCord - https://discord.gg/Hc7cP9GB, YouTube - MooMooCows - https://www.youtube.com/@MooMooCows",5,,,,,,,,,,,,,,,,,,,,,,,,,,,,,,,,,,,,,,,,,,,,,,,,,,,,,,,,,,,,,,,,,,,,,,,,,,,,,,,,,,,,,,,,,,,,,,,,,,,,,,,,,,,,,,,,,,,,,,,,,,,,,,,,,,,A Finals,8154,Add new Team Comp as Finals Team Comp,Oguri Cap,Pace Chaser,Mid-CM Ace build in Grand Concert scenario,Taiki Shuttle,Pace Chaser,Ace built for this CM before CM start in Grand Concert scenario,Gold City (Festival),Late Surger,Hybrid (ace + debuffer),https://drive.google.com/open?id=1pC1AIzHW3DKwvG7eBla1Kz2wVx4pbZ1I,1st,,,,,,,,,,,No,,https://drive.google.com/open?id=1rBhrqkGMp48lQGYXgd_1vhfyMMP3mmV7,https://drive.google.com/open?id=182sIMxFBShBO87xUt7EmPVPvbLQOAXep,,3,3,0,1,0,https://drive.google.com/open?id=19-vh53Of3l7TzfTozJLGfPlkieikRbPK
9/2/2026 22:08:31,Reinhart,Graded (No Uma Restrictions),Give Super Creek the best chance to win the A finals.,I accept these terms,Finals,"iOS - phone or tablet, Windows",$101-500,,,,,,,,,,,,,,,,,,,,,,,,,,,,,,,,,,,,,,,,,,,,,,,,,,,,,,,,,,,,,,,,,,,,,,,,,,,,,,,,,,,,,,,,,,,,,,,,,,,,,,,,,,,,,,,,,,,,,,,,,,,,,,,,,,,,,,,A Finals,,Re-use Day 4 - Team Comp 1 as Finals Team Comp,,,,,,,,,,https://drive.google.com/open?id=1yUXQeWNIdd0UWMBv6h0FMCsbOXElZMGF,3rd,No (goes to Submit page),,,,,,,,,,,,,,,,,,,,
9/2/2026 22:23:05,Sawako,Graded (No Uma Restrictions),Run Ayabe as a jobber,I accept these terms,Finals,Android - phone or tablet,$101-500,1732,31-45 (roughly 5-6 per day),Discord - MooMooCord - https://discord.gg/Hc7cP9GB,5,give karhumies a raise,,,,,,,,,,,,,,,,,,,,,,,,,,,,,,,,,,,,,,,,,,,,,,,,,,,,,,,,,,,,,,,,,,,,,,,,,,,,,,,,,,,,,,,,,,,,,,,,,,,,,,,,,,,,,,,,,,,,,,,,,,,,,,,,,,A Finals,11697,Add new Team Comp as Finals Team Comp,Admire Vega,End Closer,Ace built for this CM before CM start in Grand Concert scenario,Grass Wonder,Pace Chaser,Debuffer,Agnes Tachyon,Pace Chaser,Debuffer,https://drive.google.com/open?id=1gSzBLO_xDzs79jw6J5acGtCG9orCLkik,1st,,,,,,,,,,,Yes,"26 light-years away from greatness, and we're slowly getting there.",https://drive.google.com/open?id=1NPv0LO4KBeqczyRF-QffinoIfVprGn8q,https://drive.google.com/open?id=17nS2xtSKMycMAIVhZneHEf1DaontTjkn,,1,2,2,1,1,https://drive.google.com/open?id=16ZVOD0ZLPqJUMLEnkTyEtML6M7QOjMhg
9/2/2026 22:25:45,hansumkorean,Graded (No Uma Restrictions),Get into A finals,I accept these terms,Day 1,Android - phone or tablet,$101-500,1663,31-45 (roughly 5-6 per day),"Discord - MooMooCord - https://discord.gg/Hc7cP9GB, Twitch - MooMooCows - https://www.twitch.tv/moomoomoocows, YouTube - MooMooCows - https://www.youtube.com/@MooMooCows",,Maybe distinguish weekly career count playing manually vs independent careers? Could be an interesting metric to know how many people are burning carats for tp refresh,Seiun Sky,Front Runner,Ace built for this CM before CM start in Grand Concert scenario,3,0,0,,2,1,,Silence Suzuka,Runaway,Blocker/Overtake target/Throwaway/Niche role,1,,1,,3,1,,Grass Wonder,Late Surger,Debuffer,2,,1,,3,,,4 Attempts - 20 Races total,14,Day 2,,,,,,,,,,,,,,Re-use Day 1 - Team Comp 1 as Day 2 - Team Comp 1,,,,,,,,,,4 Attempts - 20 Races total,15,Day 3,,,,,,,,,,,,,,,Re-use Day 2 - Team Comp 1 as Day 3 - Team Comp 1,A Group,,,,,,,,,,4 Attempts - 20 Races total,10,Day 4,,,,,,,,,,,,,,,Re-use Day 3 - Team Comp 1 as Day 4 - Team Comp 1,A Group,,,,,,,,,,4 Attempts - 20 Races total,11,Finals,,,,,,,,,,,,,,,A Finals,7672,Re-use Day 4 - Team Comp 1 as Finals Team Comp,,,,,,,,,,https://drive.google.com/open?id=11Yk_10X64IiOV2NVhsGRVkuRrZulZ_Wy,1st,,,,,,,,,,,No,,https://drive.google.com/open?id=1-K94o4IJz0QQLZon2jDriZNAF4nCajE2,https://drive.google.com/open?id=178IG0y7KEFtw9LOuOkKhNy9acdxZva0U,,2,9,4,,,https://drive.google.com/open?id=1lQNlUoJWl1iXxpDQb4rfKdYvo_ATyY5q
9/2/2026 22:58:27,chernobyl liquidator,Graded (No Uma Restrictions),Get into A finals,I accept these terms,Finals,"iOS - phone or tablet, MacOS",$5000+,,11-20 (roughly 2-3 per day),"Discord - MooMooCord - https://discord.gg/Hc7cP9GB, YouTube - MooMooCows - https://www.youtube.com/@MooMooCows",,,,,,,,,,,,,,,,,,,,,,,,,,,,,,,,,,,,,,,,,,,,,,,,,,,,,,,,,,,,,,,,,,,,,,,,,,,,,,,,,,,,,,,,,,,,,,,,,,,,,,,,,,,,,,,,,,,,,,,,,,,,,,,,,,,,A Finals,6134,Add new Team Comp as Finals Team Comp,Taiki Shuttle (Camping),Pace Chaser,Mid-CM Ace build in Grand Concert scenario,Fine Motion (Wedding),Pace Chaser,Mid-CM Ace build in Grand Concert scenario,Bamboo memory,Late Surger,Mid-CM Ace build in Grand Concert scenario,https://drive.google.com/open?id=1pobkuyMh6qxH8WDGk6jDsh1MthzYptUf,1st,,,,,,,,,,,Yes,Victoly!,https://drive.google.com/open?id=1ZzX723ZdZTBnzVt6e13Ij5EQZ0kEOuAY,https://drive.google.com/open?id=1jelV_Zm9_sW2tNIKmLOXV3s__zh2VwJu,,,,,,,https://drive.google.com/open?id=1oYo4g-g0MFuvf6gg64jKPNlGGe0wzWF0
9/2/2026 22:52:37,ark,Graded (No Uma Restrictions),Win A finals,I accept these terms,Day 1,"Android - phone or tablet, Windows",$1001-5000,2975,46+ (more than 6 per day),"Discord - MooMooCord - https://discord.gg/Hc7cP9GB, Twitch - MooMooCows - https://www.twitch.tv/moomoomoocows, YouTube - MooMooCows - https://www.youtube.com/@MooMooCows",5,,Nice Nature (Cheerleader),End Closer,Debuffer,1,1,2,,2,,,Oguri Cap (Christmas),End Closer,Ace built for this CM before CM start in Grand Concert scenario,2,,1,,2,1,,Eishin Flash (Valentine),End Closer,Debuffer,,,,,,,,4 Attempts - 20 Races total,17,Day 2,,,,,,,,,,,,,,Re-use Day 1 - Team Comp 1 as Day 2 - Team Comp 1,,,,,,,,,,4 Attempts - 20 Races total,15,Day 3,,,,,,,,,,,,,,,Re-use Day 2 - Team Comp 1 as Day 3 - Team Comp 1,A Group,,,,,,,,,,4 Attempts - 20 Races total,16,Day 4,,,,,,,,,,,,,,,Re-use Day 3 - Team Comp 1 as Day 4 - Team Comp 1,A Group,,,,,,,,,,4 Attempts - 20 Races total,14,Finals,,,,,,,,,,,,,,,A Finals,13799,Re-use Day 4 - Team Comp 1 as Finals Team Comp,,,,,,,,,,https://drive.google.com/open?id=1hbEEQBM50-kBh0psYAexRzZvHLUhTOKq,1st,,,,,,,,,,,No,,https://drive.google.com/open?id=1VKOA4QaTBYfDRri8d17VikKAZoTzJXFC,,,3,2,8,,1,https://drive.google.com/open?id=13AXxWKXoUkYyJheJKATBns7EAHcm9hgf
9/2/2026 23:12:02,曼曼曼波,Graded (No Uma Restrictions),Win A finals,I accept these terms,Finals,iOS - phone or tablet,$501-1000,783,31-45 (roughly 5-6 per day),YouTube - MooMooCows - https://www.youtube.com/@MooMooCows,4,,,,,,,,,,,,,,,,,,,,,,,,,,,,,,,,,,,,,,,,,,,,,,,,,,,,,,,,,,,,,,,,,,,,,,,,,,,,,,,,,,,,,,,,,,,,,,,,,,,,,,,,,,,,,,,,,,,,,,,,,,,,,,,,,,,A Finals,9862,Add new Team Comp as Finals Team Comp,Yaeno Muteki,Late Surger,Ace built for this CM before CM start in Grand Concert scenario,Mejiro Dober (Camping),Late Surger,Ace built for this CM before CM start in Grand Concert scenario,Seeking the Pearl,Pace Chaser,Ace built for this CM before CM start in Grand Concert scenario,https://drive.google.com/open?id=1EzA2s7hu-eSLMSBfKXQPPGL1wMcjXszx,1st,,,,,,,,,,,Yes,Beating XOguri hits different,https://drive.google.com/open?id=1vUY3tlVzG9qHEoKG3AKSELVLFvU2NOfB,https://drive.google.com/open?id=1MYDD8EmTb43phfdbFrvpx8JI7oe_l660,,,,,,,https://drive.google.com/open?id=1120Knc7KxyMBlw9OTY44DYfE4mCTnVeg
9/2/2026 23:21:38,Sugarcose,Graded (No Uma Restrictions),Win A finals,I accept these terms,Finals,"Android - phone or tablet, Windows",$1-100,1226,,Discord - MooMooCord - https://discord.gg/Hc7cP9GB,4,None,,,,,,,,,,,,,,,,,,,,,,,,,,,,,,,,,,,,,,,,,,,,,,,,,,,,,,,,,,,,,,,,,,,,,,,,,,,,,,,,,,,,,,,,,,,,,,,,,,,,,,,,,,,,,,,,,,,,,,,,,,,,,,,,,,A Finals,10695,Re-use Day 4 - Team Comp 1 as Finals Team Comp,,,,,,,,,,https://drive.google.com/open?id=1Rzm3CivO3u2ZwBnfHMHZ8VaFfYH8-zPd,1st,,,,,,,,,,,Yes,"""I am the UNRESTRAINED merchant""",https://drive.google.com/open?id=1yIAWXJ2L6ClgvZPlbqAKUfkm-0W9wLuk,https://drive.google.com/open?id=1Mf-2j43xImzN_szxJa33OxEt2foVTwv5,,0,3,11,3,0,https://drive.google.com/open?id=1vhFrnKeXc573VL9KsziBFTIOWl5Pvw87
9/2/2026 23:28:47,yeppy@YEPPERS,Graded (No Uma Restrictions),Win A finals,I accept these terms,Day 1,Windows,$101-500,1091,21-30 (roughly 3-4 per day),Discord - MooMooCord - https://discord.gg/Hc7cP9GB,5,,Mayano Top Gun (Wedding),Pace Chaser,Ace built for this CM before CM start in Grand Concert scenario,3,,,,1,0,,Nishino Flower,Pace Chaser,Ace built for this CM before CM start in Grand Concert scenario,3,,,,2,0,,Sweep Tosho,Late Surger,Ace built for this CM before CM start in Grand Concert scenario,2,,1,,2,0,,4 Attempts - 20 Races total,17,Day 2,,,,,,,,,,,,,,Re-use Day 1 - Team Comp 1 as Day 2 - Team Comp 1,,,,,,,,,,4 Attempts - 20 Races total,16,Day 3,,,,,,,,,,,,,,,Re-use Day 2 - Team Comp 1 as Day 3 - Team Comp 1,A Group,,,,,,,,,,4 Attempts - 20 Races total,14,Day 4,,,,,,,,,,,,,,,Re-use Day 3 - Team Comp 1 as Day 4 - Team Comp 1,A Group,,,,,,,,,,4 Attempts - 20 Races total,9,Finals,,,,,,,,,,,,,,,A Finals,8706,Re-use Day 4 - Team Comp 1 as Finals Team Comp,,,,,,,,,,https://drive.google.com/open?id=1e3iqffMc3AHG1rZirc8zQ3lFd0VsqS8W,1st,,,,,,,,,,,Yes,YOSH IKUYOOOOOOOO,https://drive.google.com/open?id=1wrs2uS-tfdKwZQRj09TXcS-otjakMbbb,https://drive.google.com/open?id=1YcImV7hLHY2ILaf1xCimGxae-hVTr0P0,,3,9,2,,,https://drive.google.com/open?id=116fdibwWOqr6rxamyoVmuXwt08b01Z_C
9/2/2026 23:31:11,Ski,Graded (No Uma Restrictions),Win A finals,I accept these terms,Day 1,,,,,,,,Mihono Bourbon (Valentine),Front Runner,Ace built for this CM before CM start in Grand Concert scenario,3,0,0,0,2,1,0,Daiwa Scarlet,Front Runner,Ace built for this CM before CM start in Grand Concert scenario,3,0,0,0,2,1,0,Taiki Shuttle (Camping),Pace Chaser,Ace built for this CM before CM start in Grand Concert scenario,3,0,0,0,2,1,0,3 Attempts - 15 Races total,11,Day 2,,,,,,,,,,,,,,Re-use Day 1 - Team Comp 1 as Day 2 - Team Comp 1,,,,,,,,,,3 Attempts - 15 Races total,10,Day 3,,,,,,,,,,,,,,,Add new Team Comp as Day 3 - Team Comp 1,A Group,Silence Suzuka,Runaway,Ace built for this CM before CM start in Grand Concert scenario,Taiki Shuttle (Camping),Pace Chaser,Ace built for this CM before CM start in Grand Concert scenario,Oguri Cap,Pace Chaser,Mid-CM Ace build in Grand Concert scenario,4 Attempts - 20 Races total,11,Day 4,,,,,,,,,,,,,,,Re-use Day 3 - Team Comp 1 as Day 4 - Team Comp 1,A Group,,,,,,,,,,4 Attempts - 20 Races total,15,Finals,,,,,,,,,,,,,,,A Finals,12284,Re-use Day 4 - Team Comp 1 as Finals Team Comp,,,,,,,,,,https://drive.google.com/open?id=1_CiCKXoBWBRHorAnyg_n4cW1_f_GAvQ5,1st,,,,,,,,,,,No,,,,,,,,,,
9/2/2026 23:55:10,Bad Luck Poppy,Graded (No Uma Restrictions),Get into A finals,I accept these terms,Finals,"Android - phone or tablet, Linux",$1-100,,31-45 (roughly 5-6 per day),Discord - MooMooCord - https://discord.gg/Hc7cP9GB,,,,,,,,,,,,,,,,,,,,,,,,,,,,,,,,,,,,,,,,,,,,,,,,,,,,,,,,,,,,,,,,,,,,,,,,,,,,,,,,,,,,,,,,,,,,,,,,,,,,,,,,,,,,,,,,,,,,,,,,,,,,,,,,,,,,A Finals,6544,Re-use Day 4 - Team Comp 1 as Finals Team Comp,,,,,,,,,,https://drive.google.com/open?id=1dJb43zFkMfwzao_BHxgQTpjjKxRGDike,3rd,No (goes to Submit page),,,,,,,,,,,,,,,,,,,,
9/3/2026 0:05:37,Fodderru,Graded (No Uma Restrictions),Get into A finals,I accept these terms,Day 1,"Android - phone or tablet, Windows",$0,1175,31-45 (roughly 5-6 per day),Discord - MooMooCord - https://discord.gg/Hc7cP9GB,5,,Rice Shower (Halloween),Pace Chaser,Ace built for this CM before CM start in Grand Concert scenario,3,0,0,0,2,1,0,Agnes Tachyon,Late Surger,Debuffer,2,0,0,0,3,1,0,Grass Wonder,Late Surger,Debuffer,2,0,0,0,3,1,0,4 Attempts - 20 Races total,16,Day 2,,,,,,,,,,,,,,Re-use Day 1 - Team Comp 1 as Day 2 - Team Comp 1,,,,,,,,,,4 Attempts - 20 Races total,15,Day 3,,,,,,,,,,,,,,,Re-use Day 2 - Team Comp 1 as Day 3 - Team Comp 1,A Group,,,,,,,,,,4 Attempts - 20 Races total,14,Day 4,,,,,,,,,,,,,,,Re-use Day 3 - Team Comp 1 as Day 4 - Team Comp 1,A Group,,,,,,,,,,4 Attempts - 20 Races total,14,Finals,,,,,,,,,,,,,,,A Finals,13163,Re-use Day 4 - Team Comp 1 as Finals Team Comp,,,,,,,,,,https://drive.google.com/open?id=1OgyhzAr623RUK3jgBKo3UTsjLr1IXZW0,1st,,,,,,,,,,,Yes,"I Rice, I Wok Hard, I See Success, I Sleep",https://drive.google.com/open?id=1dmAtiActjkDBD2LHNRprSCIhraXHPPpI,https://drive.google.com/open?id=1-hpl7vQYqVf-BOudAp_szSIFeDLsJFFW,,4,5,5,0,0,https://drive.google.com/open?id=1vNJAlgwWIcOqqTOPqLaBmelY84ufwL1V
9/3/2026 0:15:52,PrinceRazor,Graded (No Uma Restrictions),Win A finals,I accept these terms,Day 1,iOS - phone or tablet,$1001-5000,,31-45 (roughly 5-6 per day),"Discord - MooMooCord - https://discord.gg/Hc7cP9GB, YouTube - MooMooCows - https://www.youtube.com/@MooMooCows",5,,Agnes Digital (Halloween),End Closer,Ace built for this CM before CM start in Grand Concert scenario,3,0,1,0,1,,0,Aston Machan,Front Runner,Ace built for this CM before CM start in Grand Concert scenario,3,0,0,0,2,1,0,Manhattan Cafe,End Closer,Ace built for this CM before CM start in Grand Concert scenario,3,0,1,0,1,1,0,3 Attempts - 15 Races total,8,Day 2,,,,,,,,,,,,,,Re-use Day 1 - Team Comp 1 as Day 2 - Team Comp 1,,,,,,,,,,4 Attempts - 20 Races total,10,Day 3,,,,,,,,,,,,,,,Re-use Day 2 - Team Comp 1 as Day 3 - Team Comp 1,A Group,,,,,,,,,,4 Attempts - 20 Races total,5,Day 4,,,,,,,,,,,,,,,Re-use Day 3 - Team Comp 1 as Day 4 - Team Comp 1,A Group,,,,,,,,,,4 Attempts - 20 Races total,9,Finals,,,,,,,,,,,,,,,A Finals,10341,Re-use Day 4 - Team Comp 1 as Finals Team Comp,,,,,,,,,,https://drive.google.com/open?id=1E3bPcDRwHRIUQOt-Vdd207b325y1jyDs,1st,,,,,,,,,,,Yes,The Shadow Approaches,https://drive.google.com/open?id=1Muej__fgFan8znpGCoWGH8H1pi0TT000,https://drive.google.com/open?id=1b1ZK2hT7w15-ur0-93WFl6DPiayET-Ch,,6,6,6,0,0,https://drive.google.com/open?id=16oUI-O0j4imdiv0m8EWzs_-OC2X9z31g
9/3/2026 0:25:11,Nofi,Graded (No Uma Restrictions),Get into A finals,I accept these terms,Day 1,"Android - phone or tablet, Windows",$101-500,1973,31-45 (roughly 5-6 per day),YouTube - MooMooCows - https://www.youtube.com/@MooMooCows,5,,Mihono Bourbon (Valentine),Front Runner,Ace built for this CM before CM start in Grand Concert scenario,3,,,,2,1,,Haru Urara (New Year),End Closer,Ace built for this CM before CM start in Grand Concert scenario,3,,1,,1,1,,Seiun Sky,Front Runner,Ace built for this CM before CM start in Grand Concert scenario,3,,,,2,1,,4 Attempts - 20 Races total,17,Day 2,,,,,,,,,,,,,,Re-use Day 1 - Team Comp 1 as Day 2 - Team Comp 1,,,,,,,,,,4 Attempts - 20 Races total,16,Day 3,,,,,,,,,,,,,,,Re-use Day 2 - Team Comp 1 as Day 3 - Team Comp 1,A Group,,,,,,,,,,4 Attempts - 20 Races total,11,Day 4,,,,,,,,,,,,,,,Re-use Day 3 - Team Comp 1 as Day 4 - Team Comp 1,A Group,,,,,,,,,,4 Attempts - 20 Races total,11,Finals,,,,,,,,,,,,,,,A Finals,10490,Re-use Day 4 - Team Comp 1 as Finals Team Comp,,,,,,,,,,https://drive.google.com/open?id=1Vpu5JSQ3ChljSqFCzxgLypuGYcRwn-nD,3rd,Yes,https://drive.google.com/open?id=11L3NvxAQfxzYrfFcAPQLrd3utuSDORgf,https://drive.google.com/open?id=1fNRlhC7l7WUciI7F7ZEK8HhyTKHsivdb,,,9,6,,3,https://drive.google.com/open?id=1lhYPKnZJilZvwAzl3FZIbKV1FWE6DH7o,,,,,,,,,,,
9/3/2026 1:10:46,MattWin,Graded (No Uma Restrictions),Get into A finals,I accept these terms,Finals,Windows,$101-500,1147,21-30 (roughly 3-4 per day),Discord - MooMooCord - https://discord.gg/Hc7cP9GB,,,Daiwa Scarlet,Front Runner,Ace built for this CM before CM start in Grand Concert scenario,3,,,,2,1,,Tamamo Cross,Late Surger,Ace built for this CM before CM start in Grand Concert scenario,3,,,,2,1,,Silence Suzuka,Runaway,Ace built for this CM before CM start in Grand Concert scenario,3,,,,2,1,,4 Attempts - 20 Races total,13,Day 2,,,,,,,,,,,,,,Re-use Day 1 - Team Comp 1 as Day 2 - Team Comp 1,,,,,,,,,,4 Attempts - 20 Races total,15,Day 3,,,,,,,,,,,,,,,Re-use Day 2 - Team Comp 1 as Day 3 - Team Comp 1,A Group,,,,,,,,,,4 Attempts - 20 Races total,9,Day 4,,,,,,,,,,,,,,,Re-use Day 3 - Team Comp 1 as Day 4 - Team Comp 1,A Group,,,,,,,,,,4 Attempts - 20 Races total,9,Finals,,,,,,,,,,,,,,,A Finals,6469,Re-use Day 4 - Team Comp 1 as Finals Team Comp,,,,,,,,,,https://drive.google.com/open?id=1XiaVojpOhVh6er8VQXhgsNFPF0YY4sic,1st,,,,,,,,,,,Yes,Just hit,https://drive.google.com/open?id=1cF61yr7OBGL03AqGN7qtuoUYdBIErElt,https://drive.google.com/open?id=1P9dBZ1Vk2lpwSWixY9l9RHPk7J4Y6QKn,,3,3,9,,,https://drive.google.com/open?id=1R2wp2wOhjRE98G5oPCAbIsBWpYWgbyk8
9/3/2026 2:37:25,Ryafalt,Graded (No Uma Restrictions),Win A finals,I accept these terms,Finals,Windows,$1-100,747,31-45 (roughly 5-6 per day),Discord - MooMooCord - https://discord.gg/Hc7cP9GB,5,,,,,,,,,,,,,,,,,,,,,,,,,,,,,,,,,,,,,,,,,,,,,,,,,,,,,,,,,,,,,,,,,,,,,,,,,,,,,,,,,,,,,,,,,,,,,,,,,,,,,,,,,,,,,,,,,,,,,,,,,,,,,,,,,,,A Finals,6561,Re-use Day 4 - Team Comp 1 as Finals Team Comp,,,,,,,,,,https://drive.google.com/open?id=1fcOHZA8QtwKSGvw4QgMkqQhH0RlCo_bj,1st,,,,,,,,,,,Yes,"For Matikanetannhauser, it was just another Tuesday",https://drive.google.com/open?id=1MuDVBJJVuFDboB_zEeEW1uKSPaPnYrHj,https://drive.google.com/open?id=1ECNsVfHowjYUnhIgglyif2BdWZv9K8gQ,,4,2,,,,https://drive.google.com/open?id=18azRzccknMatfle7ivqB1g7b1SCs9uVS
9/3/2026 3:05:54,Gaoler,Graded (No Uma Restrictions),Get into A finals,I accept these terms,Day 1,iOS - phone or tablet,$1001-5000,1926,21-30 (roughly 3-4 per day),YouTube - MooMooCows - https://www.youtube.com/@MooMooCows,5,,Tamamo Cross,Late Surger,Ace built for this CM before CM start in Grand Concert scenario,3,,1,,1,1,,Grass Wonder,End Closer,Debuffer,,,,,,,,Agnes Tachyon,End Closer,Debuffer,,,,,,,,4 Attempts - 20 Races total,17,Day 2,,,,,,,,,,,,,,Re-use Day 1 - Team Comp 1 as Day 2 - Team Comp 1,,,,,,,,,,4 Attempts - 20 Races total,11,Day 3,,,,,,,,,,,,,,,Re-use Day 2 - Team Comp 1 as Day 3 - Team Comp 1,A Group,,,,,,,,,,4 Attempts - 20 Races total,8,Day 4,,,,,,,,,,,,,,,Add a new Team Comp as Day 4 - Team Comp 1,A Group,Tamamo Cross,Late Surger,Mid-CM Ace build in Grand Concert scenario,Grass Wonder,End Closer,Debuffer,Agnes Tachyon,End Closer,Debuffer,4 Attempts - 20 Races total,11,Finals,,,,,,,,,,,,,,,A Finals,11303,Re-use Day 4 - Team Comp 2 as Finals Team Comp,,,,,,,,,,https://drive.google.com/open?id=1U7hvhIk-yMeCsZLOGwGEsmiJywpGJBDq,1st,,,,,,,,,,,Yes,Thanks unc,https://drive.google.com/open?id=1a0b2QB8YcCwrKTKLUYtpe18R0YJF4eJU,https://drive.google.com/open?id=1PLFa97L0jnA-Rpog90_yWpe0ddoVBueT,,0,7,8,0,0,https://drive.google.com/open?id=1IXNBt4rzj-PQWwFNfJE3qMFFGuxjrKb9
9/3/2026 3:10:25,Raivop,Graded (No Uma Restrictions),Win A finals,I accept these terms,Day 1,Windows,$101-500,2149,31-45 (roughly 5-6 per day),Reddit - /r/umamusumeGame,4,,Oguri Cap (Christmas),End Closer,Ace built for this CM before CM start in Grand Concert scenario,3,0,0,0,2,1,0,Narita Taishin,End Closer,Ace built for this CM before CM start in Grand Concert scenario,3,0,0,,2,1,0,Fine Motion (Wedding),Pace Chaser,Ace built for this CM before CM start in Grand Concert scenario,3,0,0,0,2,1,0,4 Attempts - 20 Races total,15,Day 2,,,,,,,,,,,,,,Re-use Day 1 - Team Comp 1 as Day 2 - Team Comp 1,,,,,,,,,,4 Attempts - 20 Races total,17,Day 3,,,,,,,,,,,,,,,Re-use Day 2 - Team Comp 1 as Day 3 - Team Comp 1,A Group,,,,,,,,,,4 Attempts - 20 Races total,15,Day 4,,,,,,,,,,,,,,,Re-use Day 3 - Team Comp 1 as Day 4 - Team Comp 1,A Group,,,,,,,,,,4 Attempts - 20 Races total,17,Finals,,,,,,,,,,,,,,,A Finals,14516,Re-use Day 4 - Team Comp 1 as Finals Team Comp,,,,,,,,,,https://drive.google.com/open?id=1bQJx-fs6j8Der2XFokXPiOw-s3WFkYxb,1st,,,,,,,,,,,No,,https://drive.google.com/open?id=1BBIKADiYcTBazLtAY-HmVveH8go1dNQH,https://drive.google.com/open?id=1mKI-rO6yWVYzXfgFrZ1NUtfAdheXO-MU,,3,3,2,0,0,https://drive.google.com/open?id=1bYUcqs6Kg1lePLW1VkZP1WGpaZWxOkWx
9/3/2026 4:12:37,keion__,Graded (No Uma Restrictions),Win A finals,I accept these terms,Finals,Android - phone or tablet,$1-100,1445,31-45 (roughly 5-6 per day),Friend sent me the link,5,,Silence Suzuka,Runaway,Ace built for this CM before CM start in Grand Concert scenario,3,,,,2,1,,Nishino Flower,Front Runner,Ace built for this CM before CM start in Grand Concert scenario,3,,,,2,1,,Nice Nature (Cheerleader),End Closer,Debuffer,,,,,,,,2 Attempts - 10 Races total,5,Day 1 - Add 2nd Team,Silence Suzuka,Runaway,Ace built for this CM before CM start in Grand Concert scenario,Taiki Shuttle,Front Runner,Mid-CM Ace build in Grand Concert scenario,Nice Nature (Cheerleader),End Closer,Debuffer,2 Attempts - 10 Races total,9,2 teams,Day 2,Re-use Day 1 - Team Comp 2 as Day 2 - Team Comp 1,,,,,,,,,,4 Attempts - 20 Races total,17,Day 3,,,,,,,,,,,,,,,Re-use Day 2 - Team Comp 1 as Day 3 - Team Comp 1,A Group,,,,,,,,,,4 Attempts - 20 Races total,12,Day 4,,,,,,,,,,,,,,,Re-use Day 3 - Team Comp 1 as Day 4 - Team Comp 1,A Group,,,,,,,,,,4 Attempts - 20 Races total,16,Finals,,,,,,,,,,,,,,,A Finals,12462,Re-use Day 4 - Team Comp 1 as Finals Team Comp,,,,,,,,,,https://drive.google.com/open?id=10qoSSXm5UdXthIffwg3t0mz8oKuD2ii5,1st,,,,,,,,,,,Yes,"""You win the race by being in the front""",https://drive.google.com/open?id=1YUCFIHzzQi1HUihaNoYbmsGLMa_Vv5KN,https://drive.google.com/open?id=1q96NvRcmZmeVRxZb54Q4d89GtT5_gvbQ,https://drive.google.com/open?id=1Tg4of7lwDsVsNJKrDqVRuKft_kr36Y06,,5,8,,,https://drive.google.com/open?id=1JnMrpuIYAIU0dGbz-p41S5-HIKu2fhJv
9/3/2026 3:29:05,CaptainRJ031,Graded (No Uma Restrictions),Collect participation rewards,I accept these terms,Finals,Windows,$0,1022,31-45 (roughly 5-6 per day),Reddit - /r/umamusumeGame,4,,,,,,,,,,,,,,,,,,,,,,,,,,,,,,,,,,,,,,,,,,,,,,,,,,,,,,,,,,,,,,,,,,,,,,,,,,,,,,,,,,,,,,,,,,,,,,,,,,,,,,,,,,,,,,,,,,,,,,,,,,,,,,,,,,,A Finals,7410,Re-use Day 4 - Team Comp 1 as Finals Team Comp,,,,,,,,,,https://drive.google.com/open?id=18Beojo7GPu0V0mqu0D8ECewNMEgoWKOb,1st,,,,,,,,,,,Yes,"""We all proved the extent of our resolve during the race, and that speaks louder than any words.""",https://drive.google.com/open?id=15wSzAoZn6aLraDvAeTAsn-y8wQTAeSgC,https://drive.google.com/open?id=15o9XkvxM2lU9r2i6DPlpeI_JdJuxH5Km,,,,,,,https://drive.google.com/open?id=1q-rCQySTmjRlLLMoeCtLYfcFwGhiXjOs
9/3/2026 3:30:17,twh,Graded (No Uma Restrictions),Win A finals,I accept these terms,Finals,"iOS - phone or tablet, Windows",$0,1004,46+ (more than 6 per day),"Reddit - /r/umamusumeGame, YouTube - MooMooCows - https://www.youtube.com/@MooMooCows",,,,,,,,,,,,,,,,,,,,,,,,,,,,,,,,,,,,,,,,,,,,,,,,,,,,,,,,,,,,,,,,,,,,,,,,,,,,,,,,,,,,,,,,,,,,,,,,,,,,,,,,,,,,,,,,,,,,,,,,,,,,,,,,,,,,A Finals,13104,Re-use Day 4 - Team Comp 1 as Finals Team Comp,,,,,,,,,,https://drive.google.com/open?id=1cA6RI5OJhinvz9wqA-JYpOoithuQfGf7,1st,,,,,,,,,,,Yes,I wanna go fishing with sei-chan,,,,,,,,,
9/3/2026 3:32:26,Kurt,Graded (No Uma Restrictions),Win A finals,I accept these terms,Finals,Android - phone or tablet,$0,1157,21-30 (roughly 3-4 per day),Reddit - /r/umamusumeGame,5,,,,,,,,,,,,,,,,,,,,,,,,,,,,,,,,,,,,,,,,,,,,,,,,,,,,,,,,,,,,,,,,,,,,,,,,,,,,,,,,,,,,,,,,,,,,,,,,,,,,,,,,,,,,,,,,,,,,,,,,,,,,,,,,,,,A Finals,10300,Re-use Day 4 - Team Comp 1 as Finals Team Comp,,,,,,,,,,https://drive.google.com/open?id=1Hx4YXIvf_aqwUPsADpd0g_ALmvYktn3B,1st,,,,,,,,,,,Yes,I went full pity on camp taiki because she's oshi. I didn't know she have her meta CM 🤷 ,https://drive.google.com/open?id=1JEWrwcrPsr24ulZ72qtW_xgwuOUSapAL,https://drive.google.com/open?id=1LNUnFO9P4gUHBxLsFRZNuC4-9GjEiQWv,,,12,2,,2,https://drive.google.com/open?id=18Y0efQW1SWTQrkV7_F2NQQTSX-3d0fDB
9/3/2026 3:32:30,Panzet,Graded (No Uma Restrictions),Get into B finals,I accept these terms,Finals,"iOS - phone or tablet, Windows",$1-100,1415,6-10 (roughly 1 per day),Reddit - /r/umamusumeGame,4,,,,,,,,,,,,,,,,,,,,,,,,,,,,,,,,,,,,,,,,,,,,,,,,,,,,,,,,,,,,,,,,,,,,,,,,,,,,,,,,,,,,,,,,,,,,,,,,,,,,,,,,,,,,,,,,,,,,,,,,,,,,,,,,,,,B Finals,1568,Re-use Day 4 - Team Comp 1 as Finals Team Comp,,,,,,,,,,https://drive.google.com/open?id=1GZEolNcHU__JNidSu6TYjEq-tLnLWz7m,1st,,,,,,,,,,,No,,https://drive.google.com/open?id=1L5iN1ThdsQx845pwfMls0YmtdQlI5mTs,https://drive.google.com/open?id=1bQzytKXGVeoiOq0mpgmCqI5P4ksiWaQ8,,2,,,,,https://drive.google.com/open?id=1AHdYQfv-r-eM_uGDSnuIEEev0Tee5K5g
9/3/2026 3:35:00,Smkmtu,Graded (No Uma Restrictions),Win A finals,I accept these terms,Finals,iOS - phone or tablet,$101-500,,21-30 (roughly 3-4 per day),Reddit - /r/umamusumeGame,5,,,,,,,,,,,,,,,,,,,,,,,,,,,,,,,,,,,,,,,,,,,,,,,,,,,,,,,,,,,,,,,,,,,,,,,,,,,,,,,,,,,,,,,,,,,,,,,,,,,,,,,,,,,,,,,,,,,,,,,,,,,,,,,,,,,A Finals,,Re-use Day 4 - Team Comp 1 as Finals Team Comp,,,,,,,,,,,2nd,No (goes to Submit page),,,,,,,,,,,,,,,,,,,,
9/3/2026 3:59:19,Rayray,Graded (No Uma Restrictions),Get into A finals,I accept these terms,Day 3,,,,,,,,,,,,,,,,,,,,,,,,,,,,,,,,,,,,,,,,,,,,,,,,,,,,,,,,,,,,,,,,,,,,,,,,,,,,,,,,,Re-use Day 2 - Team Comp 1 as Day 3 - Team Comp 1,A Group,,,,,,,,,,4 Attempts - 20 Races total,13,Day 4,,,,,,,,,,,,,,,Re-use Day 3 - Team Comp 1 as Day 4 - Team Comp 1,A Group,,,,,,,,,,4 Attempts - 20 Races total,11,Finals,,,,,,,,,,,,,,,A Finals,11585,Re-use Day 4 - Team Comp 1 as Finals Team Comp,,,,,,,,,,https://drive.google.com/open?id=1j1NS3nBDFAoJ3Fk_Se6czLXl9HjPf30z,1st,,,,,,,,,,,No,,,,,,,,,,
9/3/2026 4:18:36,Guedes,Graded (No Uma Restrictions),Win A finals,I accept these terms,Day 1,"Android - phone or tablet, Windows",$101-500,,21-30 (roughly 3-4 per day),Discord - MooMooCord - https://discord.gg/Hc7cP9GB,5,,Mihono Bourbon (Valentine),Front Runner,Ace built for this CM before CM start in Grand Concert scenario,3,,,,2,1,,Seiun Sky,Front Runner,Ace built for this CM before CM start in Grand Concert scenario,3,,,,2,1,,Seeking the Pearl,Late Surger,Ace built for this CM before CM start in Grand Concert scenario,3,,,,2,1,,4 Attempts - 20 Races total,18,Day 2,,,,,,,,,,,,,,Re-use Day 1 - Team Comp 1 as Day 2 - Team Comp 1,,,,,,,,,,4 Attempts - 20 Races total,16,Day 3,,,,,,,,,,,,,,,Re-use Day 2 - Team Comp 1 as Day 3 - Team Comp 1,A Group,,,,,,,,,,4 Attempts - 20 Races total,13,Day 4,,,,,,,,,,,,,,,Re-use Day 3 - Team Comp 1 as Day 4 - Team Comp 1,A Group,,,,,,,,,,4 Attempts - 20 Races total,14,Finals,,,,,,,,,,,,,,,A Finals,10243,Re-use Day 4 - Team Comp 1 as Finals Team Comp,,,,,,,,,,,1st,,,,,,,,,,,No,,,,,,,,,,
9/3/2026 4:20:30,Agemasen67,Graded (No Uma Restrictions),Win A finals,I accept these terms,Day 1,Android - phone or tablet,$0,346,31-45 (roughly 5-6 per day),Reddit - /r/umamusumeGame,5,,Nishino Flower,Pace Chaser,Ace built for this CM before CM start in Grand Concert scenario,3,,,,1,0,,Oguri Cap,Pace Chaser,Ace built for this CM before CM start in Grand Concert scenario,3,,,,1,0,,Seeking the Pearl,Pace Chaser,Ace built for this CM before CM start in Grand Concert scenario,3,,,,1,0,,4 Attempts - 20 Races total,16,Day 2,,,,,,,,,,,,,,Re-use Day 1 - Team Comp 1 as Day 2 - Team Comp 1,,,,,,,,,,4 Attempts - 20 Races total,12,Day 3,,,,,,,,,,,,,,,Re-use Day 2 - Team Comp 1 as Day 3 - Team Comp 1,A Group,,,,,,,,,,1 Attempt - 5 Races total,0,Day 3 - Add 2nd Team,Add new Team Comp as Day 3 - Team Comp 2,Nishino Flower,Pace Chaser,Ace built for this CM before CM start in Grand Concert scenario,Oguri Cap,Pace Chaser,Ace built for this CM before CM start in Grand Concert scenario,Grass Wonder,Late Surger,Debuffer,3 Attempts - 15 Races total,9,2 teams,Day 4,Re-use Day 3 - Team Comp 2 as Day 4 - Team Comp 1,A Group,,,,,,,,,,4 Attempts - 20 Races total,11,Finals,,,,,,,,,,,,,,,A Finals,8644,Re-use Day 4 - Team Comp 1 as Finals Team Comp,,,,,,,,,,https://drive.google.com/open?id=1S0KxUAl8luwloOvID0Nz0j-vJE2VoxlG,1st,,,,,,,,,,,Yes,My daughter is so strong,https://drive.google.com/open?id=1ONW_BdGz2qxQkgkjx435_4A3RyyiufpL,,,,5,8,,2,https://drive.google.com/open?id=1OKsUmZLZlzWjMpdhr6bI7m2PwIgGtjY_
9/3/2026 4:21:08,malstrum,Graded (No Uma Restrictions),Get into A finals,I accept these terms,Finals,Windows,$1001-5000,632,21-30 (roughly 3-4 per day),Reddit - /r/umamusumeGame,5,,,,,,,,,,,,,,,,,,,,,,,,,,,,,,,,,,,,,,,,,,,,,,,,,,,,,,,,,,,,,,,,,,,,,,,,,,,,,,,,,,,,,,,,,,,,,,,,,,,,,,,,,,,,,,,,,,,,,,,,,,,,,,,,,,,B Finals,1558,Add new Team Comp as Finals Team Comp,Matikanefukukitaru,Late Surger,Ace built for this CM before CM start in Grand Concert scenario,Nice Nature,Late Surger,Ace built for this CM before CM start in Grand Concert scenario,Sakura Bakushin O,Front Runner,Mid-CM Ace build in Grand Concert scenario,https://drive.google.com/open?id=1MqznaMTgBJJIaYuS5RPjyMPlRNNeDliy,1st,,,,,,,,,,,No,,https://drive.google.com/open?id=1D_3I1fPoK1WNs8TNeh2HCISnMnVFq1wk,https://drive.google.com/open?id=1JB-n4WkVVALB1Y8nr7x_AeAOzXjnzlG7,,6,6,5,,,https://drive.google.com/open?id=1F0mRFzUyDBTFoGqsqWnyNwps0EgeOphe
9/3/2026 4:28:22,FalooslessFukuFan,Graded (No Uma Restrictions),Win A finals,I accept these terms,Finals,iOS - phone or tablet,$0,750,11-20 (roughly 2-3 per day),Discord - MooMooCord - https://discord.gg/Hc7cP9GB,4,,,,,,,,,,,,,,,,,,,,,,,,,,,,,,,,,,,,,,,,,,,,,,,,,,,,,,,,,,,,,,,,,,,,,,,,,,,,,,,,,,,,,,,,,,,,,,,,,,,,,,,,,,,,,,,,,,,,,,,,,,,,,,,,,,,A Finals,,Add new Team Comp as Finals Team Comp,Matikanefukukitaru,Late Surger,Ace built for this CM before CM start in Grand Concert scenario,Grass Wonder,Late Surger,Debuffer,Symboli Rudolf,End Closer,Debuffer,https://drive.google.com/open?id=1dJBYaylF5OnEnpsTUsqwbYCi4DgftrLD,1st,,,,,,,,,,,Yes,"Kit? Unique? Fortune? Nah, I'd win 🏇 (bday gift from fuku!!!)  ",https://drive.google.com/open?id=1W98I9CKTisnNHrkTO_peiqB8zAMqfk3a,https://drive.google.com/open?id=14RrRceF-mqj3LTz9esu9zcq8XBqjSq3e,,4,5,5,0,0,https://drive.google.com/open?id=1CV4zTFb4WxVQTrWtgOj_yz6B0G6hOTEZ
9/3/2026 4:28:31,Kunnoko,Graded (No Uma Restrictions),Get into A finals,I accept these terms,Day 1,Android - phone or tablet,$0,1504,21-30 (roughly 3-4 per day),Discord - MooMooCord - https://discord.gg/Hc7cP9GB,5,,Air Groove (Wedding),Pace Chaser,Ace built for this CM before CM start in Grand Concert scenario,3,,,,2,1,,Oguri Cap,Pace Chaser,Ace built for this CM before CM start in Grand Concert scenario,3,,,,2,1,,Taiki Shuttle,Pace Chaser,Ace built for this CM before CM start in Grand Concert scenario,3,,,,2,1,,4 Attempts - 20 Races total,8,Day 2,,,,,,,,,,,,,,Re-use Day 1 - Team Comp 1 as Day 2 - Team Comp 1,,,,,,,,,,4 Attempts - 20 Races total,13,Day 3,,,,,,,,,,,,,,,Re-use Day 2 - Team Comp 1 as Day 3 - Team Comp 1,A Group,,,,,,,,,,4 Attempts - 20 Races total,10,Day 4,,,,,,,,,,,,,,,Re-use Day 3 - Team Comp 1 as Day 4 - Team Comp 1,A Group,,,,,,,,,,4 Attempts - 20 Races total,8,Finals,,,,,,,,,,,,,,,A Finals,10544,Re-use Day 4 - Team Comp 1 as Finals Team Comp,,,,,,,,,,https://drive.google.com/open?id=1pAQh51pkw-iKuPOwyL4Rbe9BPywfVPcW,1st,,,,,,,,,,,No,,https://drive.google.com/open?id=1DddRuGKgcezloVSD1As3xjDKY_pP8UuN,https://drive.google.com/open?id=1Tg-deGpSehkJLjLISWeLCtYAbBNcbhoU,,,8,4,,3,https://drive.google.com/open?id=1aWygGpQ0Ve380Yb90T-iUL4Eo1xLbFhW
9/3/2026 4:31:43,Wfi,Graded (No Uma Restrictions),Get into A finals,I accept these terms,Finals,"Android - phone or tablet, Linux",$501-1000,1661,31-45 (roughly 5-6 per day),Reddit - /r/umamusumeGame,4,,,,,,,,,,,,,,,,,,,,,,,,,,,,,,,,,,,,,,,,,,,,,,,,,,,,,,,,,,,,,,,,,,,,,,,,,,,,,,,,,,,,,,,,,,,,,,,,,,,,,,,,,,,,,,,,,,,,,,,,,,,,,,,,,,,A Finals,11504,Add new Team Comp as Finals Team Comp,Agnes Digital (Halloween),Late Surger,Mid-CM Ace build in Grand Concert scenario,Oguri Cap,Late Surger,Ace built for this CM before CM start in Grand Concert scenario,Nice Nature (Cheerleader),Late Surger,Debuffer,https://drive.google.com/open?id=1A6iw2cfXgfFNL_OQNdUchw4RusedN01v,1st,,,,,,,,,,,No,,https://drive.google.com/open?id=1BfRRWJ7DPCMIUSegNyrKnhCmmP30zUMY,https://drive.google.com/open?id=1t-6kKE14e5ll6mElHsTVkznKCzoHiEFC,,3,5,3,,3,https://drive.google.com/open?id=1zlC2VD8PRleun9VP-ajtY4kVg9_NWCfl
9/3/2026 5:24:48,sheikhpickle,Graded (No Uma Restrictions),Win A finals,I accept these terms,Finals,"iOS - phone or tablet, Windows",$1-100,,,Discord - MooMooCord - https://discord.gg/Hc7cP9GB,,,,,,,,,,,,,,,,,,,,,,,,,,,,,,,,,,,,,,,,,,,,,,,,,,,,,,,,,,,,,,,,,,,,,,,,,,,,,,,,,,,,,,,,,,,,,,,,,,,,,,,,,,,,,,,,,,,,,,,,,,,,,,,,,,,,A Finals,,Re-use Day 4 - Team Comp 1 as Finals Team Comp,,,,,,,,,,https://drive.google.com/open?id=1Z6ieLjWo4Qz00ErSy9en2gZEOWJC3Rzm,1st,,,,,,,,,,,Yes,The sea is calling.,https://drive.google.com/open?id=11LOGrfmd5JPWAGHHoVJE3kg5e2k9UIYU,https://drive.google.com/open?id=1MLbAKYhx0VAHDFnyJ4hR64tp0gy6nirh,,,,,,,https://drive.google.com/open?id=1Ql73dIHuD5AVg8hTFHAR4i-BFvTSh5Cg
9/3/2026 5:33:49,coolboy98,Graded (No Uma Restrictions),Win A finals,I accept these terms,Day 1,,,,,,,,Oguri Cap,Pace Chaser,Ace built for this CM before CM start in Grand Concert scenario,2,0,0,0,3,1,0,Special Week,Pace Chaser,Ace built for this CM before CM start in Grand Concert scenario,3,0,0,0,2,1,0,Taiki Shuttle,Pace Chaser,Ace built for this CM before CM start in Grand Concert scenario,2,0,1,0,2,1,0,1 Attempt - 5 Races total,3,Day 2,,,,,,,,,,,,,,Re-use Day 1 - Team Comp 1 as Day 2 - Team Comp 1,,,,,,,,,,4 Attempts - 20 Races total,17,Day 3,,,,,,,,,,,,,,,Re-use Day 2 - Team Comp 1 as Day 3 - Team Comp 1,A Group,,,,,,,,,,4 Attempts - 20 Races total,16,Day 4,,,,,,,,,,,,,,,Re-use Day 3 - Team Comp 1 as Day 4 - Team Comp 1,A Group,,,,,,,,,,4 Attempts - 20 Races total,10,Go to Submit page,,,,,,,,,,,,,,,A Finals,10728,Re-use Day 4 - Team Comp 1 as Finals Team Comp,,,,,,,,,,https://drive.google.com/open?id=19yJkIbrW_dbGs1XEQKHOB2VYw1yRO6nl,2nd,No (goes to Submit page),,,,,,,,,,,,,,,,,,,,
9/3/2026 6:44:15,Aurokon,Graded (No Uma Restrictions),Win A finals,I accept these terms,Day 1,"Android - phone or tablet, Windows",$501-1000,2433,46+ (more than 6 per day),"Friend sent me the link, Discord - MooMooCord - https://discord.gg/Hc7cP9GB",3,,Daiwa Scarlet,Front Runner,Ace built for this CM before CM start in Grand Concert scenario,3,0,0,0,2,1,0,Agnes Tachyon,End Closer,Debuffer,1,1,1,0,3,0,0,Grass Wonder,End Closer,Debuffer,1,1,1,0,3,0,0,4 Attempts - 20 Races total,14,Day 2,,,,,,,,,,,,,,Re-use Day 1 - Team Comp 1 as Day 2 - Team Comp 1,,,,,,,,,,4 Attempts - 20 Races total,17,Day 3,,,,,,,,,,,,,,,Re-use Day 2 - Team Comp 1 as Day 3 - Team Comp 1,A Group,,,,,,,,,,4 Attempts - 20 Races total,15,Day 4,,,,,,,,,,,,,,,Re-use Day 3 - Team Comp 1 as Day 4 - Team Comp 1,A Group,,,,,,,,,,4 Attempts - 20 Races total,19,Finals,,,,,,,,,,,,,,,A Finals,13223,Re-use Day 4 - Team Comp 1 as Finals Team Comp,,,,,,,,,,https://drive.google.com/open?id=1tt_1FQSuDhlsr-m9PWhd7a5zzbMRKXko,1st,,,,,,,,,,,Yes,"Do it for her, win it for her.",https://drive.google.com/open?id=15WCeFnbfTydy1XDhFYc5-DEAisyFxUkL,https://drive.google.com/open?id=11SAUD6iZKZ8DudLlZTWIhYv3nAl9eH9v,,0,11,5,0,0,https://drive.google.com/open?id=1sl0HxjDktxuu0OwbxZSpJdhUSJJO4de9
9/3/2026 6:30:08,Vali,Graded (No Uma Restrictions),Get into A finals,I accept these terms,Finals,"Android - phone or tablet, Windows",$1-100,931,6-10 (roughly 1 per day),it me vali,5,,,,,,,,,,,,,,,,,,,,,,,,,,,,,,,,,,,,,,,,,,,,,,,,,,,,,,,,,,,,,,,,,,,,,,,,,,,,,,,,,,,,,,,,,,,,,,,,,,,,,,,,,,,,,,,,,,,,,,,,,,,,,,,,,,,A Finals,8874,Add new Team Comp as Finals Team Comp,Fuji Kiseki (Ballroom),Pace Chaser,Ace built for this CM before CM start in Grand Concert scenario,Taiki Shuttle,Pace Chaser,Ace built for this CM before CM start in Grand Concert scenario,Nishino Flower,Pace Chaser,Ace built for this CM before CM start in Grand Concert scenario,https://drive.google.com/open?id=1yLGkdBcLhGLcEQGaaupXplGDBungYz7m,1st,,,,,,,,,,,Yes,Care for a dance?,https://drive.google.com/open?id=1_pLZU7rsAn2duwnQKr0u6QxuC_30LFo9,https://drive.google.com/open?id=1h28XmLLoFWHXI6wzsyCJqoBbNcBAc_et,,5,8,0,0,3,https://drive.google.com/open?id=1EMJQJFyHoxE4l4VzIZRJXzXkTwblSN0a
9/3/2026 7:01:46,ABG,Graded (No Uma Restrictions),Win A finals,I accept these terms,Day 1,"Android - phone or tablet, Windows",$101-500,1629,21-30 (roughly 3-4 per day),Reddit - /r/umamusumeGame,4,,Gold City,Late Surger,Ace built for this CM before CM start in Grand Concert scenario,3,0,0,0,2,1,0,Symboli Rudolf,Pace Chaser,Ace built for this CM before CM start in Grand Concert scenario,3,0,0,0,2,1,0,Nice Nature (Cheerleader),Late Surger,Debuffer,1,0,1,0,4,0,0,4 Attempts - 20 Races total,14,Day 2,,,,,,,,,,,,,,Re-use Day 1 - Team Comp 1 as Day 2 - Team Comp 1,,,,,,,,,,4 Attempts - 20 Races total,13,Day 3,,,,,,,,,,,,,,,Re-use Day 2 - Team Comp 1 as Day 3 - Team Comp 1,A Group,,,,,,,,,,4 Attempts - 20 Races total,19,Day 4,,,,,,,,,,,,,,,Re-use Day 3 - Team Comp 1 as Day 4 - Team Comp 1,A Group,,,,,,,,,,4 Attempts - 20 Races total,14,Finals,,,,,,,,,,,,,,,A Finals,9377,Re-use Day 4 - Team Comp 1 as Finals Team Comp,,,,,,,,,,https://drive.google.com/open?id=1RfP8lBH-d4EZd2EM2aWiKSpS0vOF_ogO,1st,,,,,,,,,,,Yes,The real me. The one who runs.,https://drive.google.com/open?id=1VC8yGc88EyWJJ4GCEWV36yU8GLGhex2g,https://drive.google.com/open?id=1aaCWZ1Lu-pMZ8u3x0YgZas1_ImVrD1Bb,,5,8,2,0,0,https://drive.google.com/open?id=1MbTpmNvv6a9V6N0JGZv4kC9Y5OJVDw3V
9/3/2026 7:13:19,Awmillix,Graded (No Uma Restrictions),Win A finals,I accept these terms,Finals,"Android - phone or tablet, Windows",$1-100,619,11-20 (roughly 2-3 per day),Discord - MooMooCord - https://discord.gg/Hc7cP9GB,4,,,,,,,,,,,,,,,,,,,,,,,,,,,,,,,,,,,,,,,,,,,,,,,,,,,,,,,,,,,,,,,,,,,,,,,,,,,,,,,,,,,,,,,,,,,,,,,,,,,,,,,,,,,,,,,,,,,,,,,,,,,,,,,,,,,A Finals,7160,Re-use Day 4 - Team Comp 1 as Finals Team Comp,,,,,,,,,,https://drive.google.com/open?id=1KPaPuhfxPpQC0Z6FIMbUx_7N1cgrA_2W,1st,,,,,,,,,,,Yes,Motion so Fine it took me back to Ireland,https://drive.google.com/open?id=18fozgeXA9QhdM3gd3RtYLYhLM3VyzFnv,https://drive.google.com/open?id=1JVtjKAjqyrq6RiCZT5O4A6PtgpesFEDw,,1,2,0,0,2,https://drive.google.com/open?id=18sZamecvA-IDU-uk4G__LRDA32D5RExK
9/3/2026 7:44:44,Pompoi,Graded (No Uma Restrictions),Win A finals,I accept these terms,Finals,Android - phone or tablet,$1001-5000,1579,31-45 (roughly 5-6 per day),Reddit - /r/umamusumeGame,,,,,,,,,,,,,,,,,,,,,,,,,,,,,,,,,,,,,,,,,,,,,,,,,,,,,,,,,,,,,,,,,,,,,,,,,,,,,,,,,,,,,,,,,,,,,,,,,,,,,,,,,,,,,,,,,,,,,,,,,,,,,,,,,,,,A Finals,12543,Add new Team Comp as Finals Team Comp,Taiki Shuttle (Camping),Pace Chaser,Ace built for this CM before CM start in Grand Concert scenario,Fine Motion,Pace Chaser,Ace built for this CM before CM start in Grand Concert scenario,Narita Taishin,End Closer,Ace built for this CM before CM start in Grand Concert scenario,https://drive.google.com/open?id=17eLKeIsvvwIRdKFL1FKNX6qsnw_8xJIw,1st,,,,,,,,,,,No,,https://drive.google.com/open?id=1R4dZsDk1W5F_6hx-fhlcAwMZ7rRzCyA8,https://drive.google.com/open?id=1C4ohT7qb4GDEv4WRm2d3F3yuwfCPZjI2,,,8,9,,,https://drive.google.com/open?id=1myZUYd5W-0py2dHL9sO98H2WLmAm1ktj
9/3/2026 7:45:55,Cakewalking,Graded (No Uma Restrictions),Win A finals,I accept these terms,Day 1,Android - phone or tablet,$0,621,11-20 (roughly 2-3 per day),Discord - MooMooCord - https://discord.gg/Hc7cP9GB,5,,Tamamo Cross,End Closer,Ace built for this CM before CM start in Grand Concert scenario,3,,1,,1,1,,Admire Vega,End Closer,Ace built for this CM before CM start in Grand Concert scenario,3,,1,,1,1,,Narita Taishin,End Closer,Ace built for this CM before CM start in Grand Concert scenario,3,,1,,1,1,,4 Attempts - 20 Races total,15,Day 2,,,,,,,,,,,,,,Re-use Day 1 - Team Comp 1 as Day 2 - Team Comp 1,,,,,,,,,,4 Attempts - 20 Races total,15,Day 3,,,,,,,,,,,,,,,Re-use Day 2 - Team Comp 1 as Day 3 - Team Comp 1,A Group,,,,,,,,,,4 Attempts - 20 Races total,12,Day 4,,,,,,,,,,,,,,,Re-use Day 3 - Team Comp 1 as Day 4 - Team Comp 1,A Group,,,,,,,,,,4 Attempts - 20 Races total,16,Finals,,,,,,,,,,,,,,,A Finals,11139,Re-use Day 4 - Team Comp 1 as Finals Team Comp,,,,,,,,,,,1st,,,,,,,,,,,No,,,,,,,,,,
9/3/2026 7:50:19,Hirohito,Graded (No Uma Restrictions),Get into A finals,I accept these terms,Finals,Android - phone or tablet,$0,357,31-45 (roughly 5-6 per day),Reddit - /r/umamusumeGame,4,,,,,,,,,,,,,,,,,,,,,,,,,,,,,,,,,,,,,,,,,,,,,,,,,,,,,,,,,,,,,,,,,,,,,,,,,,,,,,,,,,,,,,,,,,,,,,,,,,,,,,,,,,,,,,,,,,,,,,,,,,,,,,,,,,,A Finals,4209,Re-use Day 4 - Team Comp 2 as Finals Team Comp,,,,,,,,,,https://drive.google.com/open?id=1DA_69af1-GrymSBsuHFz8nQPnmK2_VQJ,1st,,,,,,,,,,,No,,https://drive.google.com/open?id=1QTG8TFyGrlYaDzAO5CXgt6pQREpLfsYx,https://drive.google.com/open?id=1hL5NEs1RPCvZ1CesbuQqsl6_mDjeQ5Da,,0,0,0,0,0,https://drive.google.com/open?id=1GK5EUyyRBe1fJbmkcZngOxpKjIVRH5D9
9/3/2026 7:58:10,Tofu2,Graded (No Uma Restrictions),Win A finals,I accept these terms,Day 1,Android - phone or tablet,$0,1718,31-45 (roughly 5-6 per day),"Discord - MooMooCord - https://discord.gg/Hc7cP9GB, YouTube - MooMooCows - https://www.youtube.com/@MooMooCows",5,,Oguri Cap (Christmas),End Closer,Ace built for this CM before CM start in Grand Concert scenario,2,,,,3,1,,Bamboo memory,Late Surger,Ace built for this CM before CM start in Grand Concert scenario,2,,1,,2,1,,Tamamo Cross,Late Surger,Ace built for this CM before CM start in Grand Concert scenario,3,,,,2,1,,4 Attempts - 20 Races total,14,Day 2,,,,,,,,,,,,,,Re-use Day 1 - Team Comp 1 as Day 2 - Team Comp 1,,,,,,,,,,4 Attempts - 20 Races total,16,Day 3,,,,,,,,,,,,,,,Re-use Day 2 - Team Comp 1 as Day 3 - Team Comp 1,A Group,,,,,,,,,,4 Attempts - 20 Races total,10,Day 4,,,,,,,,,,,,,,,Re-use Day 3 - Team Comp 1 as Day 4 - Team Comp 1,A Group,,,,,,,,,,4 Attempts - 20 Races total,16,Finals,,,,,,,,,,,,,,,A Finals,7938,Re-use Day 4 - Team Comp 1 as Finals Team Comp,,,,,,,,,,https://drive.google.com/open?id=1PTvTSUZMZN_CWwv8n7rjClRqu7GsYYZy,1st,,,,,,,,,,,Yes,Tamamo Peak!! Cinderella Gray Season 2 announcement next week,https://drive.google.com/open?id=1bf0pUGW4NvkTqi1stlZVVNiuTSutxGGz,https://drive.google.com/open?id=1nxoY4b6EV3C3RDk7rFJwguUhmgU_CbbK,,3,4,7,,,https://drive.google.com/open?id=1BSGKQjxepWmSCIwRGvKmIgI0ZhCBQf9p
9/3/2026 8:03:55,bilencebuzuka,Graded (No Uma Restrictions),Get into A finals,I accept these terms,Day 1,"Android - phone or tablet, Windows",$1-100,,,Reddit - /r/umamusumeGame,,,Daiwa Scarlet,Front Runner,Ace built for this CM before CM start in Grand Concert scenario,3,0,0,0,2,1,0,Aston Machan,Front Runner,Ace built for this CM before CM start in Grand Concert scenario,3,0,0,0,2,1,0,Vodka,Front Runner,Ace built for this CM before CM start in Grand Concert scenario,3,0,0,0,2,1,0,4 Attempts - 20 Races total,11,Day 2,,,,,,,,,,,,,,Re-use Day 1 - Team Comp 1 as Day 2 - Team Comp 1,,,,,,,,,,4 Attempts - 20 Races total,14,Day 3,,,,,,,,,,,,,,,Re-use Day 2 - Team Comp 1 as Day 3 - Team Comp 1,A Group,,,,,,,,,,4 Attempts - 20 Races total,12,Day 4,,,,,,,,,,,,,,,Re-use Day 3 - Team Comp 1 as Day 4 - Team Comp 1,A Group,,,,,,,,,,4 Attempts - 20 Races total,11,Finals,,,,,,,,,,,,,,,A Finals,7412,Re-use Day 4 - Team Comp 1 as Finals Team Comp,,,,,,,,,,https://drive.google.com/open?id=1loBmV3DZyyS60DMJwiEgUbFRZwGZ4_ZN,1st,,,,,,,,,,,No,,,,,,,,,,
9/3/2026 8:07:18,JW,Graded (No Uma Restrictions),Win A finals,I accept these terms,Day 1,Android - phone or tablet,$0,1192,31-45 (roughly 5-6 per day),"Discord - MooMooCord - https://discord.gg/Hc7cP9GB, YouTube - MooMooCows - https://www.youtube.com/@MooMooCows",5,,Matikanetannhauser,Late Surger,Ace built for this CM before CM start in Grand Concert scenario,3,0,0,0,2,1,0,Oguri Cap (Christmas),End Closer,Ace built for this CM before CM start in Grand Concert scenario,2,0,0,0,3,1,0,Tamamo Cross,Late Surger,Ace built for this CM before CM start in Grand Concert scenario,3,0,0,0,2,1,0,4 Attempts - 20 Races total,13,Day 2,,,,,,,,,,,,,,Re-use Day 1 - Team Comp 1 as Day 2 - Team Comp 1,,,,,,,,,,4 Attempts - 20 Races total,14,Day 3,,,,,,,,,,,,,,,Re-use Day 2 - Team Comp 1 as Day 3 - Team Comp 1,A Group,,,,,,,,,,4 Attempts - 20 Races total,13,Day 4,,,,,,,,,,,,,,,Add a new Team Comp as Day 4 - Team Comp 1,A Group,Matikanetannhauser,Late Surger,Ace built for this CM before CM start in Grand Concert scenario,Oguri Cap (Christmas),End Closer,Ace built for this CM before CM start in Grand Concert scenario,Grass Wonder,End Closer,Debuffer,4 Attempts - 20 Races total,13,Finals,,,,,,,,,,,,,,,A Finals,8948,Re-use Day 4 - Team Comp 1 as Finals Team Comp,,,,,,,,,,https://drive.google.com/open?id=1eSPoyf9a5qYPlhqDTShJ7YxFlk36dLZ-,1st,,,,,,,,,,,Yes,"Ei, Ei, Mun!",https://drive.google.com/open?id=1nuQ958_PJYZOYIq7EE4-Hr8F1WClDwzB,https://drive.google.com/open?id=1FgAG7hM2Nk_La56k_eQyJZHWfTtg-cnZ,,2,3,11,0,0,https://drive.google.com/open?id=1FjFnCWlEYqroPDMszkeQ1e9y-oH3DJGP
9/3/2026 8:10:31,Monodromy,Graded (No Uma Restrictions),Win A finals,I accept these terms,Finals,iOS - phone or tablet,$0,1175,,Reddit - /r/umamusumeGame,5,,,,,,,,,,,,,,,,,,,,,,,,,,,,,,,,,,,,,,,,,,,,,,,,,,,,,,,,,,,,,,,,,,,,,,,,,,,,,,,,,,,,,,,,,,,,,,,,,,,,,,,,,,,,,,,,,,,,,,,,,,,,,,,,,,,A Finals,12715,Re-use Day 4 - Team Comp 1 as Finals Team Comp,,,,,,,,,,https://drive.google.com/open?id=1r-JhISQdsS__eNLZnR6ax6NaEhpfZiI2,1st,,,,,,,,,,,Yes,be-leaf in yourself.,https://drive.google.com/open?id=1zHd-xnjOTytXGUThb5uPFK6UJl1eSXfe,https://drive.google.com/open?id=1V9oMBH48_IUliQAmK4o1VakZx4zoWpGQ,,,,,,,https://drive.google.com/open?id=1O7a0ZlyvSh_NpvKcSQCBSAmorP1K4FSb
9/3/2026 8:31:53,Nych@tama,Graded (No Uma Restrictions),Win A finals,I accept these terms,Day 1,"Android - phone or tablet, Windows",$1-100,2667,46+ (more than 6 per day),Reddit - /r/umamusumeGame,5,"Cant be sure if its just because i have two debuffers and you automatically figure it out that way, but i'd assume individual uma win rate is interesting (ignore this if you already do it, i just couldnt see it)",Tamamo Cross,End Closer,Ace built for this CM before CM start in Grand Concert scenario,2,,1,,2,1,,Agnes Tachyon,End Closer,Debuffer,,,,,,,,Grass Wonder,End Closer,Debuffer,,,,,,,,4 Attempts - 20 Races total,17,Day 2,,,,,,,,,,,,,,Re-use Day 1 - Team Comp 1 as Day 2 - Team Comp 1,,,,,,,,,,4 Attempts - 20 Races total,17,Day 3,,,,,,,,,,,,,,,Re-use Day 2 - Team Comp 1 as Day 3 - Team Comp 1,A Group,,,,,,,,,,4 Attempts - 20 Races total,17,Day 4,,,,,,,,,,,,,,,Re-use Day 3 - Team Comp 1 as Day 4 - Team Comp 1,A Group,,,,,,,,,,4 Attempts - 20 Races total,14,Finals,,,,,,,,,,,,,,,A Finals,14200,Re-use Day 4 - Team Comp 1 as Finals Team Comp,,,,,,,,,,https://drive.google.com/open?id=1wxlAsSNz4ck9APHqMGf4yUkXMVaB7x8H,1st,,,,,,,,,,,Yes,The lightning ALWAYS descends onto the racetracks,https://drive.google.com/open?id=1bkkV6khfuB-mpR2pqB0hsqgqVbOj_ec8,,,1,5,2,,2,https://drive.google.com/open?id=1TBM67-WRB54cDegVM5ppiXYNP8ln_BIg
9/3/2026 8:43:06,Kronen,Graded (No Uma Restrictions),Get into A finals,I accept these terms,Day 1,iOS - phone or tablet,$0,1045,6-10 (roughly 1 per day),Discord - MooMooCord - https://discord.gg/Hc7cP9GB,5,,Oguri Cap,Pace Chaser,Ace built for this CM before CM start in Grand Concert scenario,3,,,,2,1,,Grass Wonder,Late Surger,Ace built for this CM before CM start in Grand Concert scenario,2,,1,,2,1,,Taiki Shuttle,Pace Chaser,Ace built for this CM before CM start in Grand Concert scenario,3,,,,2,1,,4 Attempts - 20 Races total,14,Day 2,,,,,,,,,,,,,,Re-use Day 1 - Team Comp 1 as Day 2 - Team Comp 1,,,,,,,,,,4 Attempts - 20 Races total,14,Day 3,,,,,,,,,,,,,,,Re-use Day 2 - Team Comp 1 as Day 3 - Team Comp 1,A Group,,,,,,,,,,4 Attempts - 20 Races total,8,Day 4,,,,,,,,,,,,,,,Re-use Day 3 - Team Comp 1 as Day 4 - Team Comp 1,A Group,,,,,,,,,,4 Attempts - 20 Races total,11,Finals,,,,,,,,,,,,,,,A Finals,8168,Re-use Day 4 - Team Comp 1 as Finals Team Comp,,,,,,,,,,,1st,,,,,,,,,,,No,,,,,,,,,,
9/3/2026 8:39:38,SirOutis,Graded (No Uma Restrictions),Get into B finals,I accept these terms,Day 1,"Android - phone or tablet, Windows",$1-100,1879,31-45 (roughly 5-6 per day),Reddit - /r/umamusumeGame,4,,Maruzensky (Summer),Front Runner,Ace built for this CM before CM start in Grand Concert scenario,,,,,,,,Taiki Shuttle,Pace Chaser,Ace built for this CM before CM start in Grand Concert scenario,,,,,,,,Fine Motion,Pace Chaser,Ace built for this CM before CM start in Grand Concert scenario,,,,,,,,4 Attempts - 20 Races total,8,Day 2,,,,,,,,,,,,,,Add new Team Comp as Day 2 - Team Comp 1,Silence Suzuka,Runaway,Ace built for this CM before CM start in Grand Concert scenario,Taiki Shuttle,Pace Chaser,Ace built for this CM before CM start in Grand Concert scenario,Fine Motion,Pace Chaser,Mid-CM Ace build in Grand Concert scenario,4 Attempts - 20 Races total,12,Day 3,,,,,,,,,,,,,,,Re-use Day 2 - Team Comp 2 as Day 3 - Team Comp 1,B Group,,,,,,,,,,4 Attempts - 20 Races total,8,Day 4,,,,,,,,,,,,,,,Re-use Day 3 - Team Comp 2 as Day 4 - Team Comp 1,A Group,,,,,,,,,,4 Attempts - 20 Races total,12,Finals,,,,,,,,,,,,,,,A Finals,,Re-use Day 4 - Team Comp 2 as Finals Team Comp,,,,,,,,,,https://drive.google.com/open?id=1fmyBIFeKHe4zeDJ7mLpODiRD4yn1MUyc,2nd,Yes,https://drive.google.com/open?id=1Kixur4sDZD3TassHboPdl0w57gK16hOk,https://drive.google.com/open?id=170VDlATB5P6K3rbEUH4UXD50Gs0OkkfC,,,9,6,1,,https://drive.google.com/open?id=1aCDttN6-ztGOODjzEqufipmC4mJrhWMm,,,,,,,,,,,
9/3/2026 8:45:55,Hoooooorse,Graded (No Uma Restrictions),Get into A finals,I accept these terms,Finals,"iOS - phone or tablet, Windows",$1-100,,11-20 (roughly 2-3 per day),Reddit - /r/umamusumeGame,4,,,,,,,,,,,,,,,,,,,,,,,,,,,,,,,,,,,,,,,,,,,,,,,,,,,,,,,,,,,,,,,,,,,,,,,,,,,,,,,,,,,,,,,,,,,,,,,,,,,,,,,,,,,,,,,,,,,,,,,,,,,,,,,,,,,A Finals,7875,Re-use Day 4 - Team Comp 1 as Finals Team Comp,,,,,,,,,,https://drive.google.com/open?id=1ZunxMPOgp1mRD9umWGmzpoPclQ8W8tT2,1st,,,,,,,,,,,No,,https://drive.google.com/open?id=1NMuv8xJ8_4XPGRPhX_SLMCypmSZaNYOP,https://drive.google.com/open?id=1xcqZ_9Dc5E9zzjZKZtmW4pxcKrcDSeW8,,,9,8,,,https://drive.google.com/open?id=1YYUGzVDWNrqtxLDeJTNfabLxQ9L0aQnd
9/3/2026 8:46:27,Jupiter,Graded (No Uma Restrictions),Get into A finals,I accept these terms,Day 1,"Android - phone or tablet, Windows",$101-500,1547,21-30 (roughly 3-4 per day),YouTube - MooMooCows - https://www.youtube.com/@MooMooCows,5,,Seiun Sky,Front Runner,Ace built for this CM before CM start in Grand Concert scenario,3,0,0,0,2,1,0,Taiki Shuttle,Pace Chaser,Ace built for this CM before CM start in Grand Concert scenario,3,0,0,0,2,1,0,Mayano Top Gun,Pace Chaser,Ace built for this CM before CM start in Grand Concert scenario,3,0,0,0,2,1,0,4 Attempts - 20 Races total,13,Day 2,,,,,,,,,,,,,,Add new Team Comp as Day 2 - Team Comp 1,Seiun Sky,Front Runner,Ace built for this CM before CM start in Grand Concert scenario,Taiki Shuttle,Pace Chaser,Ace built for this CM before CM start in Grand Concert scenario,Agnes Tachyon,End Closer,Debuffer,4 Attempts - 20 Races total,13,Day 3,,,,,,,,,,,,,,,Re-use Day 2 - Team Comp 1 as Day 3 - Team Comp 1,A Group,,,,,,,,,,4 Attempts - 20 Races total,9,Day 4,,,,,,,,,,,,,,,Re-use Day 3 - Team Comp 1 as Day 4 - Team Comp 1,A Group,,,,,,,,,,4 Attempts - 20 Races total,13,Finals,,,,,,,,,,,,,,,A Finals,7658,Re-use Day 4 - Team Comp 1 as Finals Team Comp,,,,,,,,,,https://drive.google.com/open?id=16_bUBmVWzYoaGCxaow3IbRuCssVeQF0P,1st,,,,,,,,,,,No,,https://drive.google.com/open?id=1BrmYO2tFiF-Z23LOAjdHypv85igUsJgk,https://drive.google.com/open?id=1a1SQH-wGaEM-D3J4z0bUSSzqsBtS1lJP,,8,6,3,0,0,https://drive.google.com/open?id=17_UGEfGR6LqFUzySc6skKB7Hi0ufTWp7
9/3/2026 8:51:00,Naena,Graded (No Uma Restrictions),Get into A finals,I accept these terms,Day 1,Windows,$1-100,1526,31-45 (roughly 5-6 per day),"Discord - MooMooCord - https://discord.gg/Hc7cP9GB, YouTube - MooMooCows - https://www.youtube.com/@MooMooCows",,,Seiun Sky,Front Runner,Ace built for this CM before CM start in Grand Concert scenario,3,,,,2,1,,Taiki Shuttle (Camping),Pace Chaser,Ace built for this CM before CM start in Grand Concert scenario,3,,,,2,1,,Symboli Rudolf,End Closer,Debuffer,,,,,,,,4 Attempts - 20 Races total,16,Day 2,,,,,,,,,,,,,,Re-use Day 1 - Team Comp 1 as Day 2 - Team Comp 1,,,,,,,,,,4 Attempts - 20 Races total,17,Day 3,,,,,,,,,,,,,,,Re-use Day 2 - Team Comp 1 as Day 3 - Team Comp 1,A Group,,,,,,,,,,4 Attempts - 20 Races total,13,Day 4,,,,,,,,,,,,,,,Re-use Day 3 - Team Comp 1 as Day 4 - Team Comp 1,A Group,,,,,,,,,,4 Attempts - 20 Races total,15,Finals,,,,,,,,,,,,,,,A Finals,13509,Re-use Day 4 - Team Comp 1 as Finals Team Comp,,,,,,,,,,https://drive.google.com/open?id=1sKptjNMgM3gydSKsMAOVc0T-VokVFlaE,2nd,No (goes to Submit page),,,,,,,,,,,,,,,,,,,,
9/3/2026 9:10:47,xMysterio,Graded (No Uma Restrictions),Get into A finals,I accept these terms,Finals,Windows,$1-100,1852,21-30 (roughly 3-4 per day),Reddit - /r/umamusumeGame,4,,,,,,,,,,,,,,,,,,,,,,,,,,,,,,,,,,,,,,,,,,,,,,,,,,,,,,,,,,,,,,,,,,,,,,,,,,,,,,,,,,,,,,,,,,,,,,,,,,,,,,,,,,,,,,,,,,,,,,,,,,,,,,,,,,,A Finals,11273,Add new Team Comp as Finals Team Comp,Grass Wonder,Late Surger,Ace built for this CM before CM start in Grand Concert scenario,Oguri Cap,Late Surger,Ace built for this CM before CM start in Grand Concert scenario,Symboli Rudolf,End Closer,Debuffer,https://drive.google.com/open?id=11ZuEUoi26jeGiIP2ws24BXHorvt0i-sR,1st,,,,,,,,,,,No,,https://drive.google.com/open?id=15tINHTMGdscbZJqU32w0sZbVDYbUULMP,https://drive.google.com/open?id=1olg5GSi3el0j5kiWG-ixyVTe9mFIgwrJ,,0,6,4,2,2,https://drive.google.com/open?id=1l5HP2zmb0VmJv4IwIalelQHpRRriV7-9
9/3/2026 9:11:39,Way,Graded (No Uma Restrictions),Win A finals,I accept these terms,Day 1,Windows,$0,1410,31-45 (roughly 5-6 per day),Discord - MooMooCord - https://discord.gg/Hc7cP9GB,4,,Agnes Tachyon,Pace Chaser,Ace built for this CM before CM start in Grand Concert scenario,3,,,,2,1,,Nishino Flower,Pace Chaser,Ace built for this CM before CM start in Grand Concert scenario,3,,,,2,1,,Silence Suzuka,Runaway,Ace built for this CM before CM start in Grand Concert scenario,3,,,,2,1,,4 Attempts - 20 Races total,11,Day 2,,,,,,,,,,,,,,Re-use Day 1 - Team Comp 1 as Day 2 - Team Comp 1,,,,,,,,,,4 Attempts - 20 Races total,12,Day 3,,,,,,,,,,,,,,,Re-use Day 2 - Team Comp 1 as Day 3 - Team Comp 1,A Group,,,,,,,,,,4 Attempts - 20 Races total,9,Day 4,,,,,,,,,,,,,,,Re-use Day 3 - Team Comp 1 as Day 4 - Team Comp 1,A Group,,,,,,,,,,4 Attempts - 20 Races total,14,Finals,,,,,,,,,,,,,,,A Finals,7331,Re-use Day 4 - Team Comp 1 as Finals Team Comp,,,,,,,,,,https://drive.google.com/open?id=1xuA7mbp5dWdEm7Y58RoS9qCVq0oqGrYB,1st,,,,,,,,,,,Yes,No Tachyon spd card? No problem,https://drive.google.com/open?id=1FDKcjpBEnQckBJxMij42FGBDUYY3FW3W,https://drive.google.com/open?id=1mwA63JM_lJIxpNn8ywpOybH4MNGO4aVg,,5,5,6,,,https://drive.google.com/open?id=1XBZTo-ib-CF0QiwnmlVvaTtvwn34SoFM
9/3/2026 9:12:19,Legalll,Graded (No Uma Restrictions),Win A finals,I accept these terms,Day 1,iOS - phone or tablet,$0,,,Discord - MooMooCord - https://discord.gg/Hc7cP9GB,5,,Nice Nature (Cheerleader),Late Surger,Ace built for this CM before CM start in Grand Concert scenario,3,,,,2,1,,Agnes Digital,Late Surger,Ace built for this CM before CM start in Grand Concert scenario,3,,,,2,1,,Agnes Tachyon,End Closer,Debuffer,,,,,,,,4 Attempts - 20 Races total,19,Day 2,,,,,,,,,,,,,,Re-use Day 1 - Team Comp 1 as Day 2 - Team Comp 1,,,,,,,,,,4 Attempts - 20 Races total,14,Day 3,,,,,,,,,,,,,,,Add new Team Comp as Day 3 - Team Comp 1,A Group,Nice Nature (Cheerleader),Late Surger,Mid-CM Ace build in Grand Concert scenario,Agnes Digital,Late Surger,Ace built for this CM before CM start in Grand Concert scenario,Agnes Tachyon,End Closer,Debuffer,4 Attempts - 20 Races total,13,Day 4,,,,,,,,,,,,,,,Re-use Day 3 - Team Comp 1 as Day 4 - Team Comp 1,A Group,,,,,,,,,,4 Attempts - 20 Races total,14,Finals,,,,,,,,,,,,,,,A Finals,10924,Re-use Day 4 - Team Comp 1 as Finals Team Comp,,,,,,,,,,https://drive.google.com/open?id=12pJqH99s0QpscALBazZxoSKVypRvh3Oo,1st,,,,,,,,,,,Yes,secret chinese BNW guts technique,https://drive.google.com/open?id=1T8aot2nl9wZ3fZFk2o1ctjJP4u9FuJOI,https://drive.google.com/open?id=1qfMFLYmcEz1pDjsQtHh0OvuYWuo7KMm5,,2,10,2,,,https://drive.google.com/open?id=1-WS5UlPKRAjHUiTNr013Q3Sc4_8JBwdI
9/3/2026 9:17:20,ItsAFruitParfait,Graded (No Uma Restrictions),Get into A finals,I accept these terms,Finals,"Android - phone or tablet, Windows",$1-100,908,6-10 (roughly 1 per day),Discord - MooMooCord - https://discord.gg/Hc7cP9GB,5,,,,,,,,,,,,,,,,,,,,,,,,,,,,,,,,,,,,,,,,,,,,,,,,,,,,,,,,,,,,,,,,,,,,,,,,,,,,,,,,,,,,,,,,,,,,,,,,,,,,,,,,,,,,,,,,,,,,,,,,,,,,,,,,,,,A Finals,7726,Re-use Day 4 - Team Comp 1 as Finals Team Comp,,,,,,,,,,https://drive.google.com/open?id=1umvdEsYywLo_oshemnmoLctw1PpXAOUU,1st,,,,,,,,,,,Yes,Umamusume waa~ SAIKOOOOO!,https://drive.google.com/open?id=1uM8FT5ka9-o54vXNQe2adI9oIkQ-3gHx,https://drive.google.com/open?id=1LD0bJzKJ9amZTcAGahXyCEGa-ZWarht5,,1,7,,1,,https://drive.google.com/open?id=1CLWaIS3YdWKUpAA8XXejMp35LU3oAUrf
9/3/2026 9:23:31,Kushy,Graded (No Uma Restrictions),Win A finals,I accept these terms,Day 1,Android - phone or tablet,$0,1118,21-30 (roughly 3-4 per day),Reddit - /r/umamusumeGame,5,,Admire Vega,End Closer,Ace built for this CM before CM start in Grand Concert scenario,3,0,0,0,2,1,0,Mejiro Dober (Camping),Late Surger,Ace built for this CM before CM start in Grand Concert scenario,3,0,0,0,2,1,0,Gold City,Late Surger,Ace built for this CM before CM start in Grand Concert scenario,3,0,0,0,2,1,0,4 Attempts - 20 Races total,15,Day 2,,,,,,,,,,,,,,Re-use Day 1 - Team Comp 1 as Day 2 - Team Comp 1,,,,,,,,,,4 Attempts - 20 Races total,15,Day 3,,,,,,,,,,,,,,,Re-use Day 2 - Team Comp 1 as Day 3 - Team Comp 1,A Group,,,,,,,,,,4 Attempts - 20 Races total,9,Day 4,,,,,,,,,,,,,,,Re-use Day 3 - Team Comp 1 as Day 4 - Team Comp 1,A Group,,,,,,,,,,4 Attempts - 20 Races total,9,Finals,,,,,,,,,,,,,,,A Finals,7002,Re-use Day 4 - Team Comp 1 as Finals Team Comp,,,,,,,,,,https://drive.google.com/open?id=1QCnW0U9UywY12sh1jS95YO2akyOnpGFS,1st,,,,,,,,,,,No,,https://drive.google.com/open?id=1O91bc0aNcI4vfIBdODIKFMAV43080x_j,https://drive.google.com/open?id=1Qpox-Dm2WfJeeC3uivJ-AARtzE9wAkPb,,0,9,5,0,0,https://drive.google.com/open?id=1IElqsvzU1LLZxTt7j90Fs5ev7ZtM0noD
9/3/2026 9:31:15,FlanGG,Graded (No Uma Restrictions),Win A finals,I accept these terms,Day 1,Windows,$0,1113,11-20 (roughly 2-3 per day),YouTube - MooMooCows - https://www.youtube.com/@MooMooCows,5,,Mejiro Ryan,Late Surger,Hybrid (ace + debuffer),3,0,0,0,2,1,0,Nishino Flower,Pace Chaser,Ace built for this CM before CM start in Grand Concert scenario,2,0,0,0,3,1,0,Vodka,Late Surger,Ace built for this CM before CM start in Grand Concert scenario,3,0,0,0,2,1,0,4 Attempts - 20 Races total,11,Day 3,,,,,,,,,,,,,,,,,,,,,,,,,,,,,,,,,,,,,,,,,Add new Team Comp as Day 3 - Team Comp 1,A Group,Mejiro Ryan,Late Surger,Mid-CM Ace build in Grand Concert scenario,Nishino Flower,Pace Chaser,Ace built for this CM before CM start in Grand Concert scenario,Seiun Sky,Front Runner,Mid-CM Ace build in Grand Concert scenario,4 Attempts - 20 Races total,5,Day 4,,,,,,,,,,,,,,,Re-use Day 3 - Team Comp 1 as Day 4 - Team Comp 1,A Group,,,,,,,,,,4 Attempts - 20 Races total,8,Finals,,,,,,,,,,,,,,,A Finals,8936,Re-use Day 4 - Team Comp 1 as Finals Team Comp,,,,,,,,,,https://drive.google.com/open?id=1tOvfd71noB2jUFi1przdzGswOdulFoFa,3rd,Yes,https://drive.google.com/open?id=1FvaLiJ0GMg9LMsiRSQILYK6yZ34kTtxZ,https://drive.google.com/open?id=1zmioOpLSsiMhOrUG-0_QYkeWP5oGyk-u,,0,3,12,0,2,https://drive.google.com/open?id=1ZLNmYNvTwnhZPK2wZI2NArJIGoqKhmP6,,,,,,,,,,,
9/3/2026 9:40:55,Shadow,Graded (No Uma Restrictions),Get into A finals,I accept these terms,Day 1,Windows,$1-100,,6-10 (roughly 1 per day),Twitch - MooMooCows - https://www.twitch.tv/moomoomoocows,5,,Silence Suzuka,Front Runner,Ace built for this CM before CM start in Grand Concert scenario,,,,,,,,Symboli Rudolf,Front Runner,Debuffer,,,,,,,,Grass Wonder,End Closer,Debuffer,,,,,,,,3 Attempts - 15 Races total,9,Day 1 - Add 2nd Team,Silence Suzuka,Runaway,Ace built for this CM before CM start in Grand Concert scenario,Symboli Rudolf,Front Runner,Debuffer,Grass Wonder,End Closer,Debuffer,1 Attempt - 5 Races total,4,2 teams,Day 2,Re-use Day 1 - Team Comp 1 as Day 2 - Team Comp 1,,,,,,,,,,4 Attempts - 20 Races total,13,Day 3,,,,,,,,,,,,,,,Re-use Day 2 - Team Comp 2 as Day 3 - Team Comp 1,A Group,,,,,,,,,,4 Attempts - 20 Races total,7,Day 4,,,,,,,,,,,,,,,Re-use Day 3 - Team Comp 1 as Day 4 - Team Comp 1,A Group,,,,,,,,,,3 Attempts - 15 Races total,5,Finals,,,,,,,,,,,,,,,A Finals,,Re-use Day 4 - Team Comp 1 as Finals Team Comp,,,,,,,,,,https://drive.google.com/open?id=1DV0vKqYEuUioAZafOHdrivxWb04CcSsT,1st,,,,,,,,,,,Yes,Weakest Suzuka enjoyer,https://drive.google.com/open?id=1PmrOkuczO4dEIXUSR-GlwKzPqf6IGF9J,https://drive.google.com/open?id=1sJGwAygYB2hxH95pGwADGKmVRLVpTbZ2,,2,6,0,2,1,https://drive.google.com/open?id=1ghg3WeXdFN4pPHBc05G9UyzH5agyL3bg
9/3/2026 9:53:15,OnlyUmaMusume’s,Graded (No Uma Restrictions),Get into A finals,I accept these terms,Day 1,Linux,$0,931,11-20 (roughly 2-3 per day),YouTube - MooMooCows - https://www.youtube.com/@MooMooCows,,,Oguri Cap,Pace Chaser,Ace built for this CM before CM start in Grand Concert scenario,2,,,,3,1,,Silence Suzuka,Runaway,Ace built for this CM before CM start in Grand Concert scenario,2,,,,3,1,,Taiki Shuttle,Pace Chaser,Ace built for this CM before CM start in Grand Concert scenario,2,,,,3,1,,2 Attempts - 10 Races total,1,Day 1 - Add 2nd Team,Oguri Cap,Pace Chaser,Ace built for this CM before CM start in Grand Concert scenario,Silence Suzuka,Runaway,Ace built for this CM before CM start in Grand Concert scenario,Grass Wonder,Late Surger,Debuffer,2 Attempts - 10 Races total,6,2 teams,Day 2,Add new Team Comp as Day 2 - Team Comp 1,Oguri Cap,Pace Chaser,Mid-CM Ace build in Grand Concert scenario,Silence Suzuka,Runaway,Ace built for this CM before CM start in Grand Concert scenario,Grass Wonder,Late Surger,Debuffer,4 Attempts - 20 Races total,12,Day 3,,,,,,,,,,,,,,,Re-use Day 2 - Team Comp 1 as Day 3 - Team Comp 1,A Group,,,,,,,,,,4 Attempts - 20 Races total,7,Day 4,,,,,,,,,,,,,,,Add a new Team Comp as Day 4 - Team Comp 1,A Group,Taiki Shuttle,Pace Chaser,Mid-CM Ace build in Grand Concert scenario,Silence Suzuka,Runaway,Ace built for this CM before CM start in Grand Concert scenario,Grass Wonder,Late Surger,Debuffer,1 Attempt - 5 Races total,0,Day 4 - Add 2nd team,Add new Team Comp as Day 4 - Team Comp 2,Taiki Shuttle,Pace Chaser,Mid-CM Ace build in Grand Concert scenario,Oguri Cap,Pace Chaser,Mid-CM Ace build in Grand Concert scenario,Grass Wonder,Late Surger,Debuffer,3 Attempts - 15 Races total,8,2 teams,Finals,A Finals,9303,Re-use Day 4 - Team Comp 2 as Finals Team Comp,,,,,,,,,,https://drive.google.com/open?id=1J1SqBdpq9nowqfQJi9QmolTR2NwXZIbF,1st,,,,,,,,,,,Yes,Last Minute Built for CM,https://drive.google.com/open?id=1r55bk4nnwspoSuhWp7ZZ8vOUidgQFLG-,https://drive.google.com/open?id=1w9Ri8MJVFLYGhDIyiSBTf6W8IySyHRim,,,8,8,,,
9/3/2026 10:05:27,Flymm,Graded (No Uma Restrictions),Win A finals,I accept these terms,Finals,"Android - phone or tablet, Windows",$101-500,600,11-20 (roughly 2-3 per day),Reddit - /r/umamusumeGame,5,,,,,,,,,,,,,,,,,,,,,,,,,,,,,,,,,,,,,,,,,,,,,,,,,,,,,,,,,,,,,,,,,,,,,,,,,,,,,,,,,,,,,,,,,,,,,,,,,,,,,,,,,,,,,,,,,,,,,,,,,,,,,,,,,,,A Finals,6972,Re-use Day 4 - Team Comp 1 as Finals Team Comp,,,,,,,,,,https://drive.google.com/open?id=1DpqmuL1F9ZsXWRQtZoFAkGY9nM75xEpk,1st,,,,,,,,,,,Yes,YEPPERS! ,https://drive.google.com/open?id=1kvZcDHr0vCI06DyKxf3rAX9A55d2dtfm,https://drive.google.com/open?id=13MQwLuVTaGS5R-aGO8sSNSiUAMExzdCL,,,5,11,,,https://drive.google.com/open?id=1wVO6-0tEwiNXzV9WJMbpu_u1J8AQF6eq
9/3/2026 10:16:47,Gurintea@Ayabe,Graded (No Uma Restrictions),Win A finals,I accept these terms,Day 1,"Android - phone or tablet, Windows",$1-100,,31-45 (roughly 5-6 per day),"Discord - MooMooCord - https://discord.gg/Hc7cP9GB, YouTube - MooMooCows - https://www.youtube.com/@MooMooCows",4,,Admire Vega,End Closer,Ace built for this CM before CM start in Grand Concert scenario,2,,1,,2,1,,Grass Wonder,End Closer,Debuffer,,,,,,,,Eishin Flash (Valentine),End Closer,Debuffer,,,,,,,,4 Attempts - 20 Races total,16,Go to Submit page,,,,,,,,,,,,,,Re-use Day 1 - Team Comp 1 as Day 2 - Team Comp 1,,,,,,,,,,4 Attempts - 20 Races total,16,Day 1,,,,,,,,,,,,,,,Re-use Day 2 - Team Comp 1 as Day 3 - Team Comp 1,A Group,,,,,,,,,,4 Attempts - 20 Races total,15,Day 4,,,,,,,,,,,,,,,Re-use Day 3 - Team Comp 1 as Day 4 - Team Comp 1,A Group,,,,,,,,,,4 Attempts - 20 Races total,7,Day 2,,,,,,,,,,,,,,,A Finals,7917,Re-use Day 4 - Team Comp 1 as Finals Team Comp,,,,,,,,,,https://drive.google.com/open?id=1dHjs3vFXjG1YEzanUfvTRDslUsOE4XVJ,1st,,,,,,,,,,,Yes,I will pierce through the darkest abyss to reach the one star waiting for me.,https://drive.google.com/open?id=1H5Xf_-PRbv-pEVhrqnFI5NZ2uprpJHHA,https://drive.google.com/open?id=1J8_4gx1dvclq8LuPKqvHjMmyTa02OCfi,,,7,6,,,https://drive.google.com/open?id=17fmVBatIrFSN4ez6_ueBAOvKFqYqtjkg
9/3/2026 10:20:02,kelpie,Open (A+ Grade and Lower Umas Only),Win A finals,I accept these terms,Finals,Android - phone or tablet,$0,,,Reddit - /r/umamusumeGame,5,,,,,,,,,,,,,,,,,,,,,,,,,,,,,,,,,,,,,,,,,,,,,,,,,,,,,,,,,,,,,,,,,,,,,,,,,,,,,,,,,,,,,,,,,,,,,,,,,,,,,,,,,,,,,,,,,,,,,,,,,,,,,,,,,,,A Finals,3023,Re-use Day 4 - Team Comp 1 as Finals Team Comp,,,,,,,,,,https://drive.google.com/open?id=1MjhfU3ZFJFEIHAzrh_nvZueMDfAwTN2z,1st,,,,,,,,,,,Yes,):,https://drive.google.com/open?id=1B87sAVihqGAe7CSSErMllp4VF-D0tHQY,,,2,,,,3,https://drive.google.com/open?id=1xiPlSTQQPlFZBzjeaL-1Fze1GKpgdUxB
9/3/2026 10:26:20,SeleneBean,Graded (No Uma Restrictions),Get into A finals,I accept these terms,Finals,iOS - phone or tablet,$0,900,11-20 (roughly 2-3 per day),Discord - MooMooCord - https://discord.gg/Hc7cP9GB,4,Change weekly career count to being MANUAL weekly career count (non-independent training),,,,,,,,,,,,,,,,,,,,,,,,,,,,,,,,,,,,,,,,,,,,,,,,,,,,,,,,,,,,,,,,,,,,,,,,,,,,,,,,,,,,,,,,,,,,,,,,,,,,,,,,,,,,,,,,,,,,,,,,,,,,,,,,,,A Finals,9296,Add new Team Comp as Finals Team Comp,Taiki Shuttle,Pace Chaser,Ace built for this CM before CM start in Grand Concert scenario,Mejiro Dober (Camping),Late Surger,Ace built for this CM before CM start in Grand Concert scenario,Vodka,Late Surger,Ace built for this CM before CM start in Grand Concert scenario,https://drive.google.com/open?id=1nDeaSA8FU7qIOhNqOow2avpxYR_hLp2Y,2nd,Yes,https://drive.google.com/open?id=13Cp25k9fqy-yRIW-m10TCQXbaVsud6V3,https://drive.google.com/open?id=18VqbSOxBc_9djIIj9USK3xbkOYL0bNNK,,,,,,,https://drive.google.com/open?id=1h9duGZp9jD8IC0O_macQnTtP09zBtqCt,,,,,,,,,,,
9/3/2026 11:03:33,Cnouki,Graded (No Uma Restrictions),Win A finals,I accept these terms,Day 1,Android - phone or tablet,$0,2814,46+ (more than 6 per day),Discord - MooMooCord - https://discord.gg/Hc7cP9GB,4,,Seiun Sky,Front Runner,Ace built for this CM before CM start in Grand Concert scenario,3,0,0,0,2,1,0,Eishin Flash (Valentine),End Closer,Debuffer,,,,,,,,Symboli Rudolf,End Closer,Debuffer,,,,,,,,4 Attempts - 20 Races total,17,Day 2,,,,,,,,,,,,,,Re-use Day 1 - Team Comp 1 as Day 2 - Team Comp 1,,,,,,,,,,4 Attempts - 20 Races total,18,Day 3,,,,,,,,,,,,,,,Re-use Day 2 - Team Comp 1 as Day 3 - Team Comp 1,A Group,,,,,,,,,,4 Attempts - 20 Races total,13,Day 4,,,,,,,,,,,,,,,Re-use Day 3 - Team Comp 1 as Day 4 - Team Comp 1,A Group,,,,,,,,,,4 Attempts - 20 Races total,15,Finals,,,,,,,,,,,,,,,A Finals,13198,Re-use Day 4 - Team Comp 1 as Finals Team Comp,,,,,,,,,,https://drive.google.com/open?id=18TrxmxTc4c4XtW1Jf8gy_ifnuH1Kwj_K,1st,,,,,,,,,,,No,,https://drive.google.com/open?id=1TmNqFn3gALmUceOmVa992_SSsFOQp9M8,https://drive.google.com/open?id=1guBQPcGo01whQkdLK2aZCjlOxtIyNAtm,,3,5,7,0,3,https://drive.google.com/open?id=1VMSlz1PIiLDPtKe3oq-JH7x02HSFBMET
9/3/2026 11:10:07,stinky,Graded (No Uma Restrictions),Get into A finals,I accept these terms,Finals,Android - phone or tablet,$1-100,730,6-10 (roughly 1 per day),YouTube - MooMooCows - https://www.youtube.com/@MooMooCows,4,,,,,,,,,,,,,,,,,,,,,,,,,,,,,,,,,,,,,,,,,,,,,,,,,,,,,,,,,,,,,,,,,,,,,,,,,,,,,,,,,,,,,,,,,,,,,,,,,,,,,,,,,,,,,,,,,,,,,,,,,,,,,,,,,,,A Finals,12164,Re-use Day 4 - Team Comp 1 as Finals Team Comp,,,,,,,,,,https://drive.google.com/open?id=1zVsVogOrQWpWtMAu5dgj7Sikjv-1Rkeh,3rd,No (goes to Submit page),,,,,,,,,,,,,,,,,,,,
9/3/2026 11:22:30,limitbroken,Graded (No Uma Restrictions),Win A finals,I accept these terms,Day 1,"Android - phone or tablet, Windows",$501-1000,,21-30 (roughly 3-4 per day),Reddit - /r/umamusumeGame,5,,Taiki Shuttle (Camping),Pace Chaser,Ace built for this CM before CM start in Grand Concert scenario,3,,,,2,1,,Mejiro Dober (Camping),Late Surger,Ace built for this CM before CM start in Grand Concert scenario,2,,1,,2,1,,Nice Nature,Late Surger,Debuffer,2,,1,,2,1,,1 Attempt - 5 Races total,4,Day 2,,,,,,,,,,,,,,Re-use Day 1 - Team Comp 1 as Day 2 - Team Comp 1,,,,,,,,,,1 Attempt - 5 Races total,3,Day 3,,,,,,,,,,,,,,,Re-use Day 2 - Team Comp 1 as Day 3 - Team Comp 1,A Group,,,,,,,,,,1 Attempt - 5 Races total,3,Finals,,,,,,,,,,,,,,,,,,,,,,,,,,,,,,,,,,,,,,,,,,,A Finals,,Re-use Day 4 - Team Comp 1 as Finals Team Comp,,,,,,,,,,,2nd,No (goes to Submit page),,,,,,,,,,,,,,,,,,,,
9/3/2026 11:53:14,Rihito_21,Graded (No Uma Restrictions),Win A finals,I accept these terms,Day 1,Windows,$1-100,1064,21-30 (roughly 3-4 per day),,,,Taiki Shuttle,Pace Chaser,Ace built for this CM before CM start in Grand Concert scenario,3,0,0,0,2,1,0,Seiun Sky,Front Runner,Ace built for Team Trials,3,0,0,0,2,1,0,Silence Suzuka,Runaway,Ace built for this CM before CM start in Grand Concert scenario,2,0,1,0,2,1,,4 Attempts - 20 Races total,15,Day 2,,,,,,,,,,,,,,Re-use Day 1 - Team Comp 1 as Day 2 - Team Comp 1,,,,,,,,,,4 Attempts - 20 Races total,16,Day 3,,,,,,,,,,,,,,,Re-use Day 2 - Team Comp 1 as Day 3 - Team Comp 1,A Group,,,,,,,,,,4 Attempts - 20 Races total,12,Day 4,,,,,,,,,,,,,,,Re-use Day 3 - Team Comp 1 as Day 4 - Team Comp 1,A Group,,,,,,,,,,4 Attempts - 20 Races total,15,Finals,,,,,,,,,,,,,,,A Finals,11825,Re-use Day 4 - Team Comp 1 as Finals Team Comp,,,,,,,,,,https://drive.google.com/open?id=1hFWTtTED6MXcC7WfISSlcyZFl00nnEnS,1st,,,,,,,,,,,No,,,,,,,,,,
9/3/2026 11:54:35,darthbobcat,Graded (No Uma Restrictions),Win A finals,I accept these terms,Finals,Android - phone or tablet,Rather not say,,11-20 (roughly 2-3 per day),Friend sent me the link,3,,,,,,,,,,,,,,,,,,,,,,,,,,,,,,,,,,,,,,,,,,,,,,,,,,,,,,,,,,,,,,,,,,,,,,,,,,,,,,,,,,,,,,,,,,,,,,,,,,,,,,,,,,,,,,,,,,,,,,,,,,,,,,,,,,,A Finals,13737,Re-use Day 4 - Team Comp 1 as Finals Team Comp,,,,,,,,,,https://drive.google.com/open?id=1TcvGKmS5uh0V4D-zaKizxkJxzgizu3z6,1st,,,,,,,,,,,Yes,Did not do the advance parts. ,,,,,,,,,
9/3/2026 12:33:58,Holo1,Graded (No Uma Restrictions),Win A finals,I accept these terms,Finals,Android - phone or tablet,$101-500,657,6-10 (roughly 1 per day),Discord - MooMooCord - https://discord.gg/Hc7cP9GB,5,,,,,,,,,,,,,,,,,,,,,,,,,,,,,,,,,,,,,,,,,,,,,,,,,,,,,,,,,,,,,,,,,,,,,,,,,,,,,,,,,,,,,,,,,,,,,,,,,,,,,,,,,,,,,,,,,,,,,,,,,,,,,,,,,,,A Finals,9823,Add new Team Comp as Finals Team Comp,Fine Motion,Pace Chaser,Ace built for this CM before CM start in Grand Concert scenario,Taiki Shuttle,Pace Chaser,Ace built for this CM before CM start in Grand Concert scenario,Nishino Flower,Pace Chaser,Ace built for this CM before CM start in Grand Concert scenario,https://drive.google.com/open?id=1gVBQ-1XoCXbivlH5cTiVbkCY8ESnPHjH,1st,,,,,,,,,,,Yes,"Woke up feeling Fine, got Motion on my mind",https://drive.google.com/open?id=1gI68zEP-XGMiEFQCmXs645N9juPaG3-f,https://drive.google.com/open?id=1ziYQxDZkOAdhThQkV-FiX0JbTmFRwYWR,,,9,4,2,,https://drive.google.com/open?id=1_7wUd4kIyEpoBThXR5efMQFIE7_RturP
9/3/2026 12:34:14,Zuli,Graded (No Uma Restrictions),Win A finals,I accept these terms,Finals,Windows,$1001-5000,,31-45 (roughly 5-6 per day),Discord - MooMooCord - https://discord.gg/Hc7cP9GB,5,,,,,,,,,,,,,,,,,,,,,,,,,,,,,,,,,,,,,,,,,,,,,,,,,,,,,,,,,,,,,,,,,,,,,,,,,,,,,,,,,,,,,,,,,,,,,,,,,,,,,,,,,,,,,,,,,,,,,,,,,,,,,,,,,,,A Finals,7931,Add new Team Comp as Finals Team Comp,Seiun Sky,Front Runner,Mid-CM Ace build in Grand Concert scenario,Sakura Chiyono O,Front Runner,Mid-CM Ace build in Grand Concert scenario,Agnes Tachyon,Late Surger,Debuffer,https://drive.google.com/open?id=1Y3Yn3S5w-MjpdemG0v8iFR7HxrDZM1KB,1st,,,,,,,,,,,Yes,I love this little airhead,,,,,,,,,
9/3/2026 12:49:16,wHookie,Graded (No Uma Restrictions),Get into A finals,I accept these terms,Finals,Windows,$101-500,,6-10 (roughly 1 per day),Reddit - /r/umamusumeGame,4,,,,,,,,,,,,,,,,,,,,,,,,,,,,,,,,,,,,,,,,,,,,,,,,,,,,,,,,,,,,,,,,,,,,,,,,,,,,,,,,,,,,,,,,,,,,,,,,,,,,,,,,,,,,,,,,,,,,,,,,,,,,,,,,,,,A Finals,7525,Add new Team Comp as Finals Team Comp,Narita Taishin,End Closer,Mid-CM Ace build in Grand Concert scenario,Hishi Amazon,End Closer,Ace built for this CM before CM start in Grand Concert scenario,Tamamo Cross,End Closer,Ace built for this CM before CM start in Grand Concert scenario,https://drive.google.com/open?id=14J_36nMKJuFRaFfJ4hLXo9PBOUtwBRAH,1st,,,,,,,,,,,Yes,Who had the stupid idea to make us sing a concert after every race?,https://drive.google.com/open?id=19aAha4Oh4OrhlDApaclEaV0eI_YgMBAA,https://drive.google.com/open?id=1mPA3j9dtzNXkqvI1oPdmcqNvX_IBhCPb,,2,8,5,0,0,https://drive.google.com/open?id=1tkzQTaAOCqlD9W-R-qFDSsi3-OD_p9oF
9/3/2026 12:50:42,Thomas,Graded (No Uma Restrictions),Win A finals,I accept these terms,Go to Submit page,Linux,$0,775,6-10 (roughly 1 per day),Discord - MooMooCord - https://discord.gg/Hc7cP9GB,5,,Nice Nature (Cheerleader),Late Surger,Ace built for this CM before CM start in Grand Concert scenario,3,0,0,0,2,1,0,Grass Wonder,Late Surger,Ace built for this CM before CM start in Grand Concert scenario,3,0,0,0,2,1,0,Agnes Tachyon,Late Surger,Debuffer,1,1,2,0,1,1,0,4 Attempts - 20 Races total,8,Day 2,,,,,,,,,,,,,,Re-use Day 1 - Team Comp 1 as Day 2 - Team Comp 1,,,,,,,,,,4 Attempts - 20 Races total,9,Day 3,,,,,,,,,,,,,,,Re-use Day 2 - Team Comp 1 as Day 3 - Team Comp 1,A Group,,,,,,,,,,4 Attempts - 20 Races total,9,Day 4,,,,,,,,,,,,,,,Re-use Day 3 - Team Comp 1 as Day 4 - Team Comp 1,A Group,,,,,,,,,,4 Attempts - 20 Races total,4,Finals,,,,,,,,,,,,,,,A Finals,7436,Re-use Day 4 - Team Comp 1 as Finals Team Comp,,,,,,,,,,https://drive.google.com/open?id=1nMEqw9rfddVX04GNTcxpSvS4a4UhMIP6,2nd,Yes,https://drive.google.com/open?id=1zXM9LPUy5wosAWcaUe5HhtgLhtG-Y_6C,https://drive.google.com/open?id=1RVuECWzG8FaTPoNloUDNmGBqUTbH9EKm,,3,5,9,0,0,https://drive.google.com/open?id=1KmiuP1CAMLMgJ2d3DBm-Xhn_XHUADCJ7,,,,,,,,,,,
9/3/2026 13:03:30,Coldster,Graded (No Uma Restrictions),Win A finals,I accept these terms,Day 1,Windows,$501-1000,1855,31-45 (roughly 5-6 per day),Discord - MooMooCord - https://discord.gg/Hc7cP9GB,5,,Mihono Bourbon (Valentine),Front Runner,Ace built for this CM before CM start in Grand Concert scenario,3,0,0,0,2,1,,Seiun Sky,Front Runner,Ace built for this CM before CM start in Grand Concert scenario,3,0,0,0,2,1,,Taiki Shuttle,Pace Chaser,Ace built for this CM before CM start in Grand Concert scenario,3,0,0,0,2,1,,4 Attempts - 20 Races total,17,Day 2,,,,,,,,,,,,,,Re-use Day 1 - Team Comp 1 as Day 2 - Team Comp 1,,,,,,,,,,4 Attempts - 20 Races total,19,Day 3,,,,,,,,,,,,,,,Re-use Day 2 - Team Comp 1 as Day 3 - Team Comp 1,A Group,,,,,,,,,,4 Attempts - 20 Races total,14,Day 4,,,,,,,,,,,,,,,Re-use Day 3 - Team Comp 1 as Day 4 - Team Comp 1,A Group,,,,,,,,,,4 Attempts - 20 Races total,14,Finals,,,,,,,,,,,,,,,A Finals,9957,Add new Team Comp as Finals Team Comp,Mihono Bourbon (Valentine),Front Runner,Ace built for this CM before CM start in Grand Concert scenario,Seiun Sky,Front Runner,Ace built for this CM before CM start in Grand Concert scenario,Special Week,Late Surger,Mid-CM Ace build in Grand Concert scenario,https://drive.google.com/open?id=1w5_0t43_lUviX1GqP0r8q_LpH9FHWbVr,2nd,No (goes to Submit page),,,,,,,,,,,,,,,,,,,,
9/3/2026 13:04:27,Cing,Graded (No Uma Restrictions),Get into A finals,I accept these terms,Finals,,$5000+,,,,,,,,,,,,,,,,,,,,,,,,,,,,,,,,,,,,,,,,,,,,,,,,,,,,,,,,,,,,,,,,,,,,,,,,,,,,,,,,,,,,,,,,,,,,,,,,,,,,,,,,,,,,,,,,,,,,,,,,,,,,,,,,,,,,,,,A Finals,8336,Add new Team Comp as Finals Team Comp,Silence Suzuka,Runaway,Mid-CM Ace build in Grand Concert scenario,Fine Motion (Wedding),Pace Chaser,Mid-CM Ace build in Grand Concert scenario,Mejiro Dober (Camping),Late Surger,Ace built for this CM before CM start in Grand Concert scenario,,3rd,Yes,,,,,,,,,,,,,,,,,,,,
9/3/2026 13:28:56,Sir Richard,Graded (No Uma Restrictions),Get into A finals,I accept these terms,Day 1,Windows,$1001-5000,1333,21-30 (roughly 3-4 per day),YouTube - MooMooCows - https://www.youtube.com/@MooMooCows,4,,Seiun Sky,Front Runner,Ace built for this CM before CM start in Grand Concert scenario,3,0,0,0,2,1,0,Mihono Bourbon (Valentine),Front Runner,Ace built for this CM before CM start in Grand Concert scenario,3,0,0,0,2,1,0,Silence Suzuka,Front Runner,Ace built for this CM before CM start in Grand Concert scenario,3,0,0,0,2,1,0,4 Attempts - 20 Races total,15,Day 2,,,,,,,,,,,,,,Re-use Day 1 - Team Comp 1 as Day 2 - Team Comp 1,,,,,,,,,,4 Attempts - 20 Races total,12,Day 3,,,,,,,,,,,,,,,Re-use Day 2 - Team Comp 1 as Day 3 - Team Comp 1,A Group,,,,,,,,,,4 Attempts - 20 Races total,9,Day 4,,,,,,,,,,,,,,,Re-use Day 3 - Team Comp 1 as Day 4 - Team Comp 1,A Group,,,,,,,,,,4 Attempts - 20 Races total,11,Finals,,,,,,,,,,,,,,,A Finals,9465,Re-use Day 4 - Team Comp 1 as Finals Team Comp,,,,,,,,,,https://drive.google.com/open?id=1r6P7Dum7Qy_UNQceUBAd8G1WYCCIy5m5,3rd,Yes,https://drive.google.com/open?id=17lCtqvQAgkncAtglJW6Iu_xyxRX389WQ,,,,4,7,,2,https://drive.google.com/open?id=1CkXfQ255zshNH-xZvqes_R72fK1imEaI,,,,,,,,,,,
9/3/2026 13:34:16,Alu,Graded (No Uma Restrictions),Win A finals,I accept these terms,Day 1,Windows,$1-100,1398,31-45 (roughly 5-6 per day),Discord - MooMooCord - https://discord.gg/Hc7cP9GB,,,Silence Suzuka,Runaway,Ace built for this CM before CM start in Grand Concert scenario,3,,,,2,1,,Mejiro McQueen,Front Runner,Ace built for this CM before CM start in Grand Concert scenario,3,,,,2,1,,El Condor Pasa,Front Runner,Ace - made in bourbon mode (auto),3,,,,2,1,,4 Attempts - 20 Races total,11,Day 2,,,,,,,,,,,,,,Add new Team Comp as Day 2 - Team Comp 1,Silence Suzuka,Runaway,Ace built for this CM before CM start in Grand Concert scenario,Mejiro McQueen,Front Runner,Ace built for this CM before CM start in Grand Concert scenario,El Condor Pasa,Front Runner,Mid-CM Ace build in Grand Concert scenario,4 Attempts - 20 Races total,12,Day 3,,,,,,,,,,,,,,,Re-use Day 2 - Team Comp 1 as Day 3 - Team Comp 1,A Group,,,,,,,,,,4 Attempts - 20 Races total,11,Day 4,,,,,,,,,,,,,,,Re-use Day 3 - Team Comp 1 as Day 4 - Team Comp 1,A Group,,,,,,,,,,4 Attempts - 20 Races total,10,Finals,,,,,,,,,,,,,,,A Finals,8032,Re-use Day 4 - Team Comp 1 as Finals Team Comp,,,,,,,,,,https://drive.google.com/open?id=1LY6SHh5dluYVuELf4ZJPOoniXASqOYzw,1st,,,,,,,,,,,No,,https://drive.google.com/open?id=1wsmOoyc3-xqInbhWTrdZKHP1wt5Fp_xI,https://drive.google.com/open?id=1Ar4B7XvpBJpyaJvhIghKryrE9dZBtKdm,,,8,6,,,https://drive.google.com/open?id=1nWpNGyPdX5VtHDXDSE2CXUMHJz_2xmYn
9/3/2026 13:42:46,Ayzu,Graded (No Uma Restrictions),Get into A finals,I accept these terms,Day 1,"Android - phone or tablet, Windows",$501-1000,805,11-20 (roughly 2-3 per day),"Discord - MooMooCord - https://discord.gg/Hc7cP9GB, Twitch - MooMooCows - https://www.twitch.tv/moomoomoocows, YouTube - MooMooCows - https://www.youtube.com/@MooMooCows",5,,Oguri Cap,Late Surger,Ace built for Team Trials,1,0,0,0,5,0,0,Taiki Shuttle,Pace Chaser,Ace built for Team Trials,3,0,0,,2,1,0,Sakura Chiyono O,Pace Chaser,Ace built for Team Trials,2,0,0,0,3,1,0,3 Attempts - 15 Races total,8,Day 2,,,,,,,,,,,,,,Add new Team Comp as Day 2 - Team Comp 1,Oguri Cap,Late Surger,Ace built for Team Trials,Taiki Shuttle,Pace Chaser,Ace built for Team Trials,Fine Motion (Wedding),Pace Chaser,Mid-CM Ace build in Grand Concert scenario,3 Attempts - 15 Races total,5,Day 3,,,,,,,,,,,,,,,Re-use Day 2 - Team Comp 1 as Day 3 - Team Comp 1,A Group,,,,,,,,,,4 Attempts - 20 Races total,5,Day 4,,,,,,,,,,,,,,,Re-use Day 3 - Team Comp 1 as Day 4 - Team Comp 1,A Group,,,,,,,,,,4 Attempts - 20 Races total,8,Finals,,,,,,,,,,,,,,,A Finals,11027,Re-use Day 4 - Team Comp 1 as Finals Team Comp,,,,,,,,,,https://drive.google.com/open?id=1W6oLeoa_3BkPGHVd57GlGUuzmTwHRips,2nd,No (goes to Submit page),,,,,,,,,,,,,,,,,,,,
9/3/2026 14:03:19,QuackersLeQuack,Graded (No Uma Restrictions),Get into A finals,I accept these terms,Finals,Windows,$0,916,11-20 (roughly 2-3 per day),Reddit - /r/umamusumeGame,4,Marketing - 'twas hard to find,,,,,,,,,,,,,,,,,,,,,,,,,,,,,,,,,,,,,,,,,,,,,,,,,,,,,,,,,,,,,,,,,,,,,,,,,,,,,,,,,,,,,,,,,,,,,,,,,,,,,,,,,,,,,,,,,,,,,,,,,,,,,,,,,,A Finals,9088,Add new Team Comp as Finals Team Comp,Sakura Bakushin O,Pace Chaser,Ace built for this CM before CM start in Grand Concert scenario,Silence Suzuka,Runaway,Blocker/Overtake target/Throwaway/Niche role,Taiki Shuttle,Pace Chaser,Ace built for this CM before CM start in Grand Concert scenario,https://drive.google.com/open?id=1K3NTPxvsi_c0NocsomceiYOoTMfSkeLe,1st,,,,,,,,,,,Yes,In Bakushin we trust,https://drive.google.com/open?id=1R79JbonVJuAA2fmTUmRYR7D0MSbmUpk4,https://drive.google.com/open?id=1V58ch0s1NAjX8rCAwnqUnyMS9ef_dzog,,2,11,2,0,0,https://drive.google.com/open?id=104ojmQTAwuc3BFfAbAG0FR7noYbiryTx
9/3/2026 14:29:19,Grom,Graded (No Uma Restrictions),Get into A finals,I accept these terms,Day 1,Android - phone or tablet,$1-100,1121,31-45 (roughly 5-6 per day),"Discord - MooMooCord - https://discord.gg/Hc7cP9GB, YouTube - MooMooCows - https://www.youtube.com/@MooMooCows",4,,Seiun Sky,Front Runner,Ace built for this CM before CM start in Grand Concert scenario,,,,,,,,Air Groove (Wedding),Pace Chaser,Ace built for this CM before CM start in Grand Concert scenario,,,,,,,,Agnes Tachyon,Late Surger,Debuffer,,,,,,,,4 Attempts - 20 Races total,14,Day 2,,,,,,,,,,,,,,Re-use Day 1 - Team Comp 1 as Day 2 - Team Comp 1,,,,,,,,,,4 Attempts - 20 Races total,17,Day 3,,,,,,,,,,,,,,,Re-use Day 2 - Team Comp 1 as Day 3 - Team Comp 1,A Group,,,,,,,,,,4 Attempts - 20 Races total,10,Day 4,,,,,,,,,,,,,,,Add a new Team Comp as Day 4 - Team Comp 1,A Group,Seiun Sky,Front Runner,Ace built for this CM before CM start in Grand Concert scenario,El Condor Pasa (Fantasy),Late Surger,Mid-CM Ace build in Grand Concert scenario,Agnes Tachyon,Late Surger,Debuffer,4 Attempts - 20 Races total,14,Finals,,,,,,,,,,,,,,,A Finals,11645,Re-use Day 4 - Team Comp 1 as Finals Team Comp,,,,,,,,,,https://drive.google.com/open?id=1qh0TePHzCtNAcgnD1ev2dN4U3MQFHgcQ,1st,,,,,,,,,,,Yes,Sekai saikyou wa... sou! El Condor Pasa!,https://drive.google.com/open?id=1ETHVu13MiW8JB5h_8fDQGoFUXI3VktxQ,https://drive.google.com/open?id=1nR3w6_llkkALRAn1T0jEmRDlrY9TxxTp,,,,,,,https://drive.google.com/open?id=11489X6Fn7A_GKYmBKr_spZ2ZbqisjoQ2
9/3/2026 14:33:40,Gilbert,Graded (No Uma Restrictions),Get into A finals,I accept these terms,Day 1,iOS - phone or tablet,$0,1385,6-10 (roughly 1 per day),Discord - MooMooCord - https://discord.gg/Hc7cP9GB,,,Nishino Flower,Pace Chaser,Ace built for this CM before CM start in Grand Concert scenario,3,,,,2,1,,Symboli Rudolf,Late Surger,Ace built for this CM before CM start in Grand Concert scenario,2,,1,,2,1,,Tamamo Cross,End Closer,Ace built for this CM before CM start in Grand Concert scenario,2,,1,,2,1,,4 Attempts - 20 Races total,12,Day 2,,,,,,,,,,,,,,Re-use Day 1 - Team Comp 1 as Day 2 - Team Comp 1,,,,,,,,,,4 Attempts - 20 Races total,9,Day 3,,,,,,,,,,,,,,,Re-use Day 2 - Team Comp 1 as Day 3 - Team Comp 1,A Group,,,,,,,,,,4 Attempts - 20 Races total,9,Day 4,,,,,,,,,,,,,,,Re-use Day 3 - Team Comp 1 as Day 4 - Team Comp 1,A Group,,,,,,,,,,4 Attempts - 20 Races total,9,Finals,,,,,,,,,,,,,,,A Finals,9965,Re-use Day 4 - Team Comp 1 as Finals Team Comp,,,,,,,,,,https://drive.google.com/open?id=1i4hdchcttRqrL5wiGvjYzM2y0hxVeFTz,1st,,,,,,,,,,,No,,https://drive.google.com/open?id=1RvKsjaDqFeJ6IU0qGdIGYbx5cRX1vAFU,https://drive.google.com/open?id=1mYBH8i5z1zQLasnfb8UiG2MCuPTi2G2D,,3,6,5,,3,https://drive.google.com/open?id=1lGqzVK1JHk5VPUFYxLJLggPFCH9CYNMG
9/3/2026 14:36:21,Danhoc,Graded (No Uma Restrictions),Get into A finals,I accept these terms,Finals,Windows,$101-500,633,11-20 (roughly 2-3 per day),Discord - MooMooCord - https://discord.gg/Hc7cP9GB,5,,,,,,,,,,,,,,,,,,,,,,,,,,,,,,,,,,,,,,,,,,,,,,,,,,,,,,,,,,,,,,,,,,,,,,,,,,,,,,,,,,,,,,,,,,,,,,,,,,,,,,,,,,,,,,,,,,,,,,,,,,,,,,,,,,,A Finals,,Add new Team Comp as Finals Team Comp,Copano Rickey,Pace Chaser,Ace built for this CM before CM start in Grand Concert scenario,Gold City,Late Surger,Ace built for this CM before CM start in Grand Concert scenario,Grass Wonder,Late Surger,Mid-CM Ace build in Grand Concert scenario,https://drive.google.com/open?id=197wMf0W5R03AsnnVZzTgjyh-C6lmQ6T-,1st,,,,,,,,,,,No,,https://drive.google.com/open?id=1eISWlTrZ7BU5fDINZ11ejHGI-qlSNtdg,https://drive.google.com/open?id=1KkPYC4JWym3R-juCEISQwOpHLAUjqDas,,0,15,0,0,0,https://drive.google.com/open?id=1W5lOM_iivENmV4klx0fJhW8r5If-Y5RJ
9/3/2026 14:56:51,Rogier Silmuna,Graded (No Uma Restrictions),Win A finals,I accept these terms,Day 1,Windows,$101-500,873,21-30 (roughly 3-4 per day),Discord - MooMooCord - https://discord.gg/Hc7cP9GB,,,Oguri Cap (Christmas),End Closer,Ace built for this CM before CM start in Grand Concert scenario,2,,1,,2,1,,Narita Taishin,End Closer,Ace built for this CM before CM start in Grand Concert scenario,2,,1,,2,1,,Mejiro Dober (Camping),Late Surger,Ace built for this CM before CM start in Grand Concert scenario,2,,,,3,1,,4 Attempts - 20 Races total,19,Day 2,,,,,,,,,,,,,,Re-use Day 1 - Team Comp 1 as Day 2 - Team Comp 1,,,,,,,,,,4 Attempts - 20 Races total,17,Day 3,,,,,,,,,,,,,,,Re-use Day 2 - Team Comp 1 as Day 3 - Team Comp 1,A Group,,,,,,,,,,4 Attempts - 20 Races total,14,Day 4,,,,,,,,,,,,,,,Re-use Day 3 - Team Comp 1 as Day 4 - Team Comp 1,A Group,,,,,,,,,,4 Attempts - 20 Races total,19,Go to Submit page,,,,,,,,,,,,,,,A Finals,9724,Re-use Day 4 - Team Comp 1 as Finals Team Comp,,,,,,,,,,https://drive.google.com/open?id=15HzzmtBj9Y_xrJa1KispJ0YtEreN-Y1s,3rd,Yes,https://drive.google.com/open?id=16DhOhcCl8OnGkTbc-Evnv8l1LJjmW9xt,https://drive.google.com/open?id=14OW5JaKUqosLtKcYjNf1oAoXX8LX_WXc,,,5,8,,2,https://drive.google.com/open?id=1YxzDkVKgxHYWRyStsfnO8fhfLHu23l17,,,,,,,,,,,
9/3/2026 15:53:08,Sosios,Graded (No Uma Restrictions),Get into A finals,I accept these terms,Day 1,Android - phone or tablet,$0,631,11-20 (roughly 2-3 per day),"Reddit - /r/umamusumeGame, YouTube - MooMooCows - https://www.youtube.com/@MooMooCows",4,,Grass Wonder,Late Surger,Ace built for this CM before CM start in Grand Concert scenario,2,0,1,0,2,1,0,Narita Taishin,End Closer,Ace built for this CM before CM start in Grand Concert scenario,3,0,1,,1,1,,Rice Shower,Pace Chaser,Ace built for this CM before CM start in Grand Concert scenario,3,0,0,,2,1,,4 Attempts - 20 Races total,11,Day 2,,,,,,,,,,,,,,Re-use Day 1 - Team Comp 1 as Day 2 - Team Comp 1,,,,,,,,,,4 Attempts - 20 Races total,11,Day 3,,,,,,,,,,,,,,,Add new Team Comp as Day 3 - Team Comp 1,A Group,Grass Wonder,Late Surger,Ace built for this CM before CM start in Grand Concert scenario,Narita Taishin,End Closer,Ace built for this CM before CM start in Grand Concert scenario,Taiki Shuttle,Pace Chaser,Mid-CM Ace build in Grand Concert scenario,4 Attempts - 20 Races total,6,Day 4,,,,,,,,,,,,,,,Add a new Team Comp as Day 4 - Team Comp 1,A Group,Grass Wonder,Late Surger,Mid-CM Ace build in Grand Concert scenario,Narita Taishin,End Closer,Ace built for this CM before CM start in Grand Concert scenario,Taiki Shuttle,Pace Chaser,Mid-CM Ace build in Grand Concert scenario,4 Attempts - 20 Races total,12,Finals,,,,,,,,,,,,,,,A Finals,7555,Re-use Day 4 - Team Comp 1 as Finals Team Comp,,,,,,,,,,,1st,,,,,,,,,,,No,,,,,,,,,,
9/3/2026 17:00:37,Lumi,Graded (No Uma Restrictions),Rather not say,I accept these terms,Finals,"Android - phone or tablet, Windows",$1-100,,,,,,,,,,,,,,,,,,,,,,,,,,,,,,,,,,,,,,,,,,,,,,,,,,,,,,,,,,,,,,,,,,,,,,,,,,,,,,,,,,,,,,,,,,,,,,,,,,,,,,,,,,,,,,,,,,,,,,,,,,,,,,,,,,,,,,,B Finals,,Add new Team Comp as Finals Team Comp,Agnes Digital,Late Surger,Ace built for older CM,Hishi Amazon,End Closer,Ace built for this CM before CM start in Grand Concert scenario,Mejiro McQueen,Pace Chaser,Ace built for this CM before CM start in Grand Concert scenario,,1st,,,,,,,,,,,No,,,,,,,,,,
