Unique display name,League Selection,What is your goal this CM?,Consent,Select day,OPTIONAL - Operating system(s) most frequently used to play Umamusume: Pretty Derby?,OPTIONAL - Roughly how much have you spent on the game so far? (EUR/USD),OPTIONAL - Careers Completed on the Account,OPTIONAL - Weekly Career Count,OPTIONAL - How did you find out about this survey?,"OPTIONAL - Star rating for filling this form (1=lowest, 5=highest)",OPTIONAL - Suggestions how to improve this form for future Champions Meeting data collection,Day 1 - Team Comp 1 - Uma 1 - Name,Day 1 - Team Comp 1 - Uma 1 - Running Style,Day 1 - Team Comp 1 - Uma 1 - Role,Day 1 - Team Comp 1 - Uma 1 - Grade,OPTIONAL - Day 1 - Team Comp 1 - Uma 1 - Cards Used to Build [Speed],OPTIONAL - Day 1 - Team Comp 1 - Uma 1 - Cards Used to Build [Stamina],OPTIONAL - Day 1 - Team Comp 1 - Uma 1 - Cards Used to Build [Power],OPTIONAL - Day 1 - Team Comp 1 - Uma 1 - Cards Used to Build [Guts],OPTIONAL - Day 1 - Team Comp 1 - Uma 1 - Cards Used to Build [Wit],OPTIONAL - Day 1 - Team Comp 1 - Uma 1 - Cards Used to Build [Pal],OPTIONAL - Day 1 - Team Comp 1 - Uma 1 - Cards Used to Build [Group],OPTIONAL - Day 1 - Team Comp 1 - Uma 1 - Cards Total Race Bonus,OPTIONAL - Day 1 - Team Comp 1 - Uma 1 - Number of Career Races,Day 1 - Team Comp 1 - Uma 2 - Name,Day 1 - Team Comp 1 - Uma 2 - Running Style,Day 1 - Team Comp 1 - Uma 2 - Role,Day 1 - Team Comp 1 - Uma 2 - Grade,OPTIONAL - Day 1 - Team Comp 1 - Uma 2 - Cards Used to Build [Speed],OPTIONAL - Day 1 - Team Comp 1 - Uma 2 - Cards Used to Build [Stamina],OPTIONAL - Day 1 - Team Comp 1 - Uma 2 - Cards Used to Build [Power],OPTIONAL - Day 1 - Team Comp 1 - Uma 2 - Cards Used to Build [Guts],OPTIONAL - Day 1 - Team Comp 1 - Uma 2 - Cards Used to Build [Wit],OPTIONAL - Day 1 - Team Comp 1 - Uma 2 - Cards Used to Build [Pal],OPTIONAL - Day 1 - Team Comp 1 - Uma 2 - Cards Used to Build [Group],OPTIONAL - Day 1 - Team Comp 1 - Uma 2 - Cards Total Race Bonus,OPTIONAL - Day 1 - Team Comp 1 - Uma 2 - Number of Career Races,Day 1 - Team Comp 1 - Uma 3 - Name,Day 1 - Team Comp 1 - Uma 3 - Running Style,Day 1 - Team Comp 1 - Uma 3 - Role,Day 1 - Team Comp 1 - Uma 3 - Grade,OPTIONAL - Day 1 - Team Comp 1 - Uma 3 - Cards Used to Build [Speed],OPTIONAL - Day 1 - Team Comp 1 - Uma 3 - Cards Used to Build [Stamina],OPTIONAL - Day 1 - Team Comp 1 - Uma 3 - Cards Used to Build [Power],OPTIONAL - Day 1 - Team Comp 1 - Uma 3 - Cards Used to Build [Guts],OPTIONAL - Day 1 - Team Comp 1 - Uma 3 - Cards Used to Build [Wit],OPTIONAL - Day 1 - Team Comp 1 - Uma 3 - Cards Used to Build [Pal],OPTIONAL - Day 1 - Team Comp 1 - Uma 3 - Cards Used to Build [Group],OPTIONAL - Day 1 - Team Comp 1 - Uma 3 - Cards Total Race Bonus,OPTIONAL - Day 1 - Team Comp 1 - Uma 3 - Number of Career Races,Day 1 - Team Comp 1 - Number of attempts/races,Day 1 - Team Comp 1 - Number of wins,"Go to Submit page, add 2nd Day 1 team, or fill in another day?",Day 1 - Team Comp 2 - Uma 1 - Name,Day 1 - Team Comp 2 - Uma 1 - Running Style,Day 1 - Team Comp 2 - Uma 1 - Role,Day 1 - Team Comp 2 - Uma 1 - Grade,OPTIONAL - Day 1 - Team Comp 2 - Uma 1 - Cards Total Race Bonus,Day 1 - Team Comp 2 - Uma 2 - Name,Day 1 - Team Comp 2 - Uma 2 - Running Style,Day 1 - Team Comp 2 - Uma 2 - Role,Day 1 - Team Comp 2 - Uma 2 - Grade,OPTIONAL - Day 1 - Team Comp 2 - Uma 2 - Cards Total Race Bonus,Day 1 - Team Comp 2 - Uma 3 - Name,Day 1 - Team Comp 2 - Uma 3 - Running Style,Day 1 - Team Comp 2 - Uma 3 - Role,Day 1 - Team Comp 2 - Uma 3 - Grade,OPTIONAL - Day 1 - Team Comp 2 - Uma 3 - Cards Total Race Bonus,Day 1 - Team Comp 2 - Number of attempts/races,Day 1 - Team Comp 2 - Number of wins,Day 1 - How many team comps total?,Go to Submit page or fill in another day?,Re-use a Team Comp from Day 1 as your Day 2 - Team Comp 1?,Day 2 - Team Comp 1 - Uma 1 - Name,Day 2 - Team Comp 1 - Uma 1 - Running Style,Day 2 - Team Comp 1 - Uma 1 - Role,Day 2 - Team Comp 1 - Uma 1 - Grade,Day 2 - Team Comp 1 - Uma 2 - Name,Day 2 - Team Comp 1 - Uma 2 - Running Style,Day 2 - Team Comp 1 - Uma 2 - Role,Day 2 - Team Comp 1 - Uma 2 - Grade,Day 2 - Team Comp 1 - Uma 3 - Name,Day 2 - Team Comp 1 - Uma 3 - Running Style,Day 2 - Team Comp 1 - Uma 3 - Role,Day 2 - Team Comp 1 - Uma 3 - Grade,Day 2 - Team Comp 1 - Number of attempts/races played,Day 2 - Team Comp 1 - Number of wins,"Go to Submit page, add 2nd Day 2 team, or fill in another day?",Re-use a Team Comp from Day 1 as your Day 2 - Team Comp 2?,Day 2 - Team Comp 2 - Uma 1 - Name,Day 2 - Team Comp 2 - Uma 1 - Running Style,Day 2 - Team Comp 2 - Uma 1 - Role,Day 2 - Team Comp 2 - Uma 1 - Grade,Day 2 - Team Comp 2 - Uma 2 - Name,Day 2 - Team Comp 2 - Uma 2 - Running Style,Day 2 - Team Comp 2 - Uma 2 - Role,Day 2 - Team Comp 2 - Uma 2 - Grade,Day 2 - Team Comp 2 - Uma 3 - Name,Day 2 - Team Comp 2 - Uma 3 - Running Style,Day 2 - Team Comp 2 - Uma 3 - Role,Day 2 - Team Comp 2 - Uma 3 - Grade,Day 2 - Team Comp 2 - Number of attempts/races,Day 2 - Team Comp 2 - Number of wins,Day 2 - How many team comps total?,Go to Submit page or fill in another day?,Re-use a Team Comp from Day 2 as your Day 3 - Team Comp 1?,A Group or B Group?,Day 3 - Team Comp 1 - Uma 1 - Name,Day 3 - Team Comp 1 - Uma 1 - Running Style,Day 3 - Team Comp 1 - Uma 1 - Role,Day 3 - Team Comp 1 - Uma 1 - Grade,Day 3 - Team Comp 1 - Uma 2 - Name,Day 3 - Team Comp 1 - Uma 2 - Running Style,Day 3 - Team Comp 1 - Uma 2 - Role,Day 3 - Team Comp 1 - Uma 2 - Grade,Day 3 - Team Comp 1 - Uma 3 - Name,Day 3 - Team Comp 1 - Uma 3 - Running Style,Day 3 - Team Comp 1 - Uma 3 - Role,Day 3 - Team Comp 1 - Uma 3 - Grade,Day 3 - Team Comp 1 - Number of attempts/races played,Day 3 - Team Comp 1 - Number of wins,"Go to Submit page, add 2nd Day 3 team, or fill in another day?",Re-use your Day 2 - Team Comp 2 as your Day 3 - Team Comp 2?,Day 3 - Team Comp 2 - Uma 1 - Name,Day 3 - Team Comp 2 - Uma 1 - Running Style,Day 3 - Team Comp 2 - Uma 1 - Role,Day 3 - Team Comp 2 - Uma 1 - Grade,Day 3 - Team Comp 2 - Uma 2 - Name,Day 3 - Team Comp 2 - Uma 2 - Running Style,Day 3 - Team Comp 2 - Uma 2 - Role,Day 3 - Team Comp 2 - Uma 2 - Grade,Day 3 - Team Comp 2 - Uma 3 - Name,Day 3 - Team Comp 2 - Uma 3 - Running Style,Day 3 - Team Comp 2 - Uma 3 - Role,Day 3 - Team Comp 2 - Uma 3 - Grade,Day 3 - Team Comp 2 - No. of attempts/races played,Day 3 - Team Comp 2 - Number of wins,Day 3 - How many team comps total?,Go to Submit page or fill in another day?,Re-use a Team Comp from Day 3 as your Day 4 - Team Comp 1?,A Group or B Group?,Day 4 - Team Comp 1 - Uma 1 - Name,Day 4 - Team Comp 1 - Uma 1 - Running Style,Day 4 - Team Comp 1 - Uma 1 - Role,Day 4 - Team Comp 1 - Uma 1 - Grade,Day 4 - Team Comp 1 - Uma 2 - Name,Day 4 - Team Comp 1 - Uma 2 - Running Style,Day 4 - Team Comp 1 - Uma 2 - Role,Day 4 - Team Comp 1 - Uma 2 - Grade,Day 4 - Team Comp 1 - Uma 3 - Name,Day 4 - Team Comp 1 - Uma 3 - Running Style,Day 4 - Team Comp 1 - Uma 3 - Role,Day 4 - Team Comp 1 - Uma 3 - Grade,Day 4 - Team Comp 1 - Number of attempts/races played,Day 4 - Team Comp 1 - Number of wins,"Go to Submit page, add 2nd Day 4 team, or fill in another day?",Re-use your Day 3 - Team Comp 2 as your Day 4 - Team Comp 2?,Day 4 - Team Comp 2 - Uma 1 - Name,Day 4 - Team Comp 2 - Uma 1 - Running Style,Day 4 - Team Comp 2 - Uma 1 - Role,Day 4 - Team Comp 2 - Uma 1 - Grade,Day 4 - Team Comp 2 - Uma 2 - Name,Day 4 - Team Comp 2 - Uma 2 - Running Style,Day 4 - Team Comp 2 - Uma 2 - Role,Day 4 - Team Comp 2 - Uma 2 - Grade,Day 4 - Team Comp 2 - Uma 3 - Name,Day 4 - Team Comp 2 - Uma 3 - Running Style,Day 4 - Team Comp 2 - Uma 3 - Role,Day 4 - Team Comp 2 - Uma 3 - Grade,Day 4 - Team Comp 2 - No. of attempts/races played,Day 4 - Team Comp 2 - Number of wins,Day 4 - How many team comps total?,Go to Submit page or fill in another day?,A or B Finals?,OPTIONAL - Lobby Denominator,Re-use a Team Comp from Day 4 as your Finals Team Comp?,Finals - Team Comp - Uma 1 - Name,Finals - Team Comp - Uma 1 - Running Style,Finals - Team Comp - Uma 1 - Role,Finals - Team Comp - Uma 2 - Name,Finals - Team Comp - Uma 2 - Running Style,Finals - Team Comp - Uma 2 - Role,Finals - Team Comp - Uma 3 - Name,Finals - Team Comp - Uma 3 - Running Style,Finals - Team Comp - Uma 3 - Role,Finals - Results List - Upload Screenshot,Finals result?,Would like to submit opponent winner uma screenshots?,Optional - Finals - Opponent Winner - Screenshot - Stat Screen (First Image),Optional - Finals - Opponent Winner - Screenshot - Stat Screen (Second Image),Optional - Finals - Opponent Winner - Screenshot - Stat Screen (Third Image),Optional - Finals - Opponent Winner - Blue Sparks Total [Speed],Optional - Finals - Opponent Winner - Blue Sparks Total [Stamina],Optional - Finals - Opponent Winner - Blue Sparks Total [Power],Optional - Finals - Opponent Winner - Blue Sparks Total [Guts],Optional - Finals - Opponent Winner - Blue Sparks Total [Wit],Optional - Finals - Opponent Winner - Screenshot - Deck,Optional - Finals - Own Winner - Oshi Award Quote (in case you end up winning one),Optional - Finals - Own Winner - Screenshot - Stat Screen (First Image),Optional - Finals - Own Winner - Screenshot - Stat Screen (Second Image),Optional - Finals - Own Winner - Screenshot - Stat Screen (Third Image),Optional - Finals - Own Winner - Blue Sparks Total [Speed],Optional - Finals - Own Winner - Blue Sparks Total [Stamina],Optional - Finals - Own Winner - Blue Sparks Total [Power],Optional - Finals - Own Winner - Blue Sparks Total [Guts],Optional - Finals - Own Winner - Blue Sparks Total [Wit],Optional - Finals - Own Winner - Screenshot - Deck
Clister,Graded (No Uma Restrictions),Win A finals with any uma,I accept these terms,Finals,"iOS - phone or tablet, Windows",$101-500,800,6-10 (roughly 1 per day),Discord - MooMooCord - https://discord.gg/Hc7cP9GB,5,,Oguri Cap,Pace Chaser,Ace built for this CM before CM start in Unity Cup scenario,SS+,,,,,,,,,,Curren Chan,Pace Chaser,Ace built for this CM before CM start in Unity Cup scenario,SS,,,,,,,,,,Taiki Shuttle,Pace Chaser,Ace built for this CM before CM start in Unity Cup scenario,UG (or higher),,,,,,,,,,4 Attempts - 20 Races total,13,Go to Submit page,,,,,,,,,,,,,,,,,,,,Re-use Day 1 - Team Comp 1 as Day 2 - Team Comp 1,,,,,,,,,,,,,4 Attempts - 20 Races total,9,Go to Submit page,,,,,,,,,,,,,,,,,,Re-use Day 2 - Team Comp 1 as Day 3 - Team Comp 1,A Group,,,,,,,,,,,,,4 Attempts - 20 Races total,11,Go to Submit page,,,,,,,,,,,,,,,,,,Re-use Day 3 - Team Comp 1 as Day 4 - Team Comp 1,A Group,,,,,,,,,,,,,4 Attempts - 20 Races total,8,Go to Submit page,,,,,,,,,,,,,,,,,,A Finals,8903,Re-use Day 4 - Team Comp 1 as Finals Team Comp,,,,,,,,,,https://drive.google.com/open?id=1leNZ-4XP5Pipuug3A3pNxM2NrcovKKkk,2nd,Yes,https://drive.google.com/open?id=1dfITRiFpFV-_o5p5kaf7tjWO7x9vKuoC,https://drive.google.com/open?id=1SPMd5C2m_1G69PXmSRCQL-dUZ3T6TKXH,,,,,,,https://drive.google.com/open?id=14hwvmGsYxH4FOoHxFeLJRbCCggtXjb6x,,,,,,,,,,
Senk0,Graded (No Uma Restrictions),Get into A finals,I accept these terms,Finals,Windows,$101-500,1200,11-20 (roughly 2-3 per day),,,,Kitasan Black,Front Runner,Ace built for this CM before CM start in Trackblazer scenario,SS,1,0,0,3,2,0,0,52,38,Silence Suzuka,Front Runner,Ace built for this CM before CM start in Unity Cup scenario,SS,2,0,0,1,3,0,0,,,Daiwa Scarlet,Front Runner,Ace built for this CM before CM start in Unity Cup scenario,SS,2,0,0,1,2,0,1,,,4 Attempts - 20 Races total,12,Go to Submit page,,,,,,,,,,,,,,,,,,,,Re-use Day 1 - Team Comp 1 as Day 2 - Team Comp 1,,,,,,,,,,,,,4 Attempts - 20 Races total,10,Go to Submit page,,,,,,,,,,,,,,,,,,Re-use Day 2 - Team Comp 1 as Day 3 - Team Comp 1,A Group,,,,,,,,,,,,,4 Attempts - 20 Races total,6,Go to Submit page,,,,,,,,,,,,,,,,,,Re-use Day 3 - Team Comp 1 as Day 4 - Team Comp 1,A Group,,,,,,,,,,,,,4 Attempts - 20 Races total,6,Go to Submit page,,,,,,,,,,,,,,,,,,A Finals,5515,Re-use Day 4 - Team Comp 1 as Finals Team Comp,,,,,,,,,,https://drive.google.com/open?id=1S2jnu3v6RAjNYKMunu4u7mDcguhUfyzO,2nd,No (goes to Submit page),,,,,,,,,,,,,,,,,,,
veee,Graded (No Uma Restrictions),Win A finals with any uma,I accept these terms,Finals,Windows,$101-500,877,21-30 (roughly 3-4 per day),Discord - MooMooCord - https://discord.gg/Hc7cP9GB,5,no notes gj :),Taiki Shuttle (Camping),Pace Chaser,Ace built for this CM before CM start in Unity Cup scenario,UG (or higher),3,0,0,0,2,0,1,45,17,Air Groove,Late Surger,Ace built for this CM before CM start in Unity Cup scenario,UG (or higher),2,0,1,0,3,0,0,45,17,Mejiro Ryan,Late Surger,Ace built for this CM before CM start in Unity Cup scenario,UG (or higher),2,1,0,0,3,0,0,30,18,4 Attempts - 20 Races total,12,Go to Submit page,,,,,,,,,,,,,,,,,,,,Add new Team Comp as Day 2 - Team Comp 1,Taiki Shuttle (Camping),Pace Chaser,Ace built for this CM before CM start in Unity Cup scenario,UG (or higher),Air Groove,Late Surger,Mid-CM Ace build in Unity Cup scenario,UG (or higher),Agnes Tachyon,Late Surger,Debuffer,SS,4 Attempts - 20 Races total,12,Go to Submit page,,,,,,,,,,,,,,,,,,Add new Team Comp as Day 3 - Team Comp 1,A Group,Taiki Shuttle (Camping),Pace Chaser,Ace built for this CM before CM start in Unity Cup scenario,UG (or higher),Air Groove,Late Surger,Ace built for this CM before CM start in Unity Cup scenario,UG (or higher),Mejiro Ryan,Late Surger,Ace built for this CM before CM start in Unity Cup scenario,UG (or higher),4 Attempts - 20 Races total,14,Go to Submit page,,,,,,,,,,,,,,,,,,Re-use Day 3 - Team Comp 1 as Day 4 - Team Comp 1,A Group,,,,,,,,,,,,,4 Attempts - 20 Races total,13,Go to Submit page,,,,,,,,,,,,,,,,,,A Finals,,Re-use Day 4 - Team Comp 1 as Finals Team Comp,,,,,,,,,,,3rd,No (goes to Submit page),,,,,,,,,,,,,,,,,,,
Princeofjupiter,Graded (No Uma Restrictions),"Win A finals with ""oshi"" uma",I accept these terms,Finals,,$101-500,1200,11-20 (roughly 2-3 per day),"Discord - MooMooCord - https://discord.gg/Hc7cP9GB, Discord - Pakacord! - https://discord.gg/6mwHqhBm, Twitch - MooMooCows - https://www.twitch.tv/moomoomoocows",,,Gold City (Festival),Late Surger,Ace built for this CM before CM start in Unity Cup scenario,SS+,2,,1,,3,,,50,21,Symboli Rudolf,End Closer,Debuffer,A+,,,,,,,,,,Grass Wonder,End Closer,Debuffer,S,,,,,,,,,,4 Attempts - 20 Races total,16,Go to Submit page,,,,,,,,,,,,,,,,,,,,Re-use Day 1 - Team Comp 1 as Day 2 - Team Comp 1,,,,,,,,,,,,,4 Attempts - 20 Races total,14,Go to Submit page,,,,,,,,,,,,,,,,,,Re-use Day 2 - Team Comp 1 as Day 3 - Team Comp 1,A Group,,,,,,,,,,,,,4 Attempts - 20 Races total,8,Go to Submit page,,,,,,,,,,,,,,,,,,Re-use Day 3 - Team Comp 1 as Day 4 - Team Comp 1,A Group,,,,,,,,,,,,,4 Attempts - 20 Races total,14,Go to Submit page,,,,,,,,,,,,,,,,,,A Finals,10493,Re-use Day 4 - Team Comp 1 as Finals Team Comp,,,,,,,,,,https://drive.google.com/open?id=1ZqgEQvL9meoTYPoeuxIxYCc-2l3KiiZT,3rd,Yes,https://drive.google.com/open?id=1VjMsGT6UCVhwa9XwbQVF_spIeodHfzrG,https://drive.google.com/open?id=1LxnXzgquXH_ScIyRixDAvH7dWtwwHcYS,,2,3,9,,2,https://drive.google.com/open?id=135_JcgeUz1MAQVaIsjGJlwgxWumhU61G,,,,,,,,,,
Mattipus,Graded (No Uma Restrictions),Get into A finals,I accept these terms,Finals,Android - phone or tablet,$1001-5000,1941,21-30 (roughly 3-4 per day),"Discord - MooMooCord - https://discord.gg/Hc7cP9GB, Twitch - MooMooCows - https://www.twitch.tv/moomoomoocows, YouTube - MooMooCows - https://www.youtube.com/@MooMooCows",4,,Curren Chan,Pace Chaser,Ace built for this CM before CM start in Unity Cup scenario,UG (or higher),2,,1,,3,,,50,22,Fuji Kiseki,Pace Chaser,Ace built for this CM before CM start in Unity Cup scenario,UG (or higher),2,,1,,3,,,50,21,Smart Falcon,Front Runner,Ace built for this CM before CM start in Unity Cup scenario,UG (or higher),2,,,,4,,,35,22,4 Attempts - 20 Races total,12,Go to Submit page,,,,,,,,,,,,,,,,,,,,Re-use Day 1 - Team Comp 1 as Day 2 - Team Comp 1,,,,,,,,,,,,,4 Attempts - 20 Races total,10,Go to Submit page,,,,,,,,,,,,,,,,,,Re-use Day 2 - Team Comp 1 as Day 3 - Team Comp 1,A Group,,,,,,,,,,,,,4 Attempts - 20 Races total,12,Go to Submit page,,,,,,,,,,,,,,,,,,Re-use Day 3 - Team Comp 1 as Day 4 - Team Comp 1,A Group,,,,,,,,,,,,,4 Attempts - 20 Races total,13,Go to Submit page,,,,,,,,,,,,,,,,,,A Finals,10843,Re-use Day 4 - Team Comp 1 as Finals Team Comp,,,,,,,,,,https://drive.google.com/open?id=1CtxDyRc00gRb_FR7ds-skm62aDqUcOtv,3rd,Yes,https://drive.google.com/open?id=153FjkQMQC_0Jc_moKvt0gXVAzz5ABcAg,https://drive.google.com/open?id=1CBdJ-u9Bsn0KBUDgnHyui-aZuccvVJeC,,,,13,,2,https://drive.google.com/open?id=1mTpO6kzO4kfCQMW_llg8X2fv3AosSq7O,,,,,,,,,,
mylightningrocks,Graded (No Uma Restrictions),"Win A finals with ""oshi"" uma",I accept these terms,Finals,"Android - phone or tablet, Windows",$1001-5000,2300,31-45 (roughly 5-6 per day),Discord - MooMooCord - https://discord.gg/Hc7cP9GB,5,,Taiki Shuttle,Pace Chaser,Ace built for this CM before CM start in Unity Cup scenario,UG (or higher),2,0,0,1,3,0,0,60,23,Oguri Cap,Pace Chaser,Ace built for this CM before CM start in Unity Cup scenario,UG (or higher),2,0,1,0,3,0,0,60,20,Fine Motion (Wedding),Pace Chaser,Ace built for this CM before CM start in Unity Cup scenario,UG (or higher),2,0,0,1,3,,,55,22,4 Attempts - 20 Races total,16,Go to Submit page,,,,,,,,,,,,,,,,,,,,Add new Team Comp as Day 2 - Team Comp 1,Admire Vega,Late Surger,Ace built for this CM before CM start in Unity Cup scenario,UG (or higher),Oguri Cap,Pace Chaser,Ace built for this CM before CM start in Unity Cup scenario,UG (or higher),Taiki Shuttle,Pace Chaser,Ace built for this CM before CM start in Unity Cup scenario,UG (or higher),4 Attempts - 20 Races total,17,Go to Submit page,,,,,,,,,,,,,,,,,,Add new Team Comp as Day 3 - Team Comp 1,A Group,Agnes Digital,Late Surger,Ace built for this CM before CM start in Unity Cup scenario,UG (or higher),Oguri Cap,Pace Chaser,Ace built for this CM before CM start in Unity Cup scenario,UG (or higher),Taiki Shuttle,Pace Chaser,Ace built for this CM before CM start in Unity Cup scenario,UG (or higher),2 Attempts - 10 Races total,6,Day 3 - Add 2nd Team,Add new Team Comp as Day 3 - Team Comp 2,Air Groove,Late Surger,Ace built for this CM before CM start in Unity Cup scenario,UG (or higher),Oguri Cap,Pace Chaser,Ace built for this CM before CM start in Unity Cup scenario,UG (or higher),Taiki Shuttle,Pace Chaser,Ace built for this CM before CM start in Unity Cup scenario,UG (or higher),2 Attempts - 10 Races total,7,2 teams,Go to Submit page,Add a new Team Comp as Day 4 - Team Comp 1,A Group,Admire Vega,Late Surger,Ace built for this CM before CM start in Unity Cup scenario,UG (or higher),Oguri Cap,Pace Chaser,Ace built for this CM before CM start in Unity Cup scenario,UG (or higher),Taiki Shuttle,Pace Chaser,Ace built for this CM before CM start in Unity Cup scenario,UG (or higher),4 Attempts - 20 Races total,17,Go to Submit page,,,,,,,,,,,,,,,,,,A Finals,9888,Re-use Day 4 - Team Comp 1 as Finals Team Comp,,,,,,,,,,https://drive.google.com/open?id=1QGrLyMEDkTV5E1hTpWiYLdQpjqKSrEv9,1st,,,,,,,,,,,,https://drive.google.com/open?id=18atjrXuxjyrUXRz0-rNHh_3cD61NbIWc,https://drive.google.com/open?id=1bTifwBAojV5P1MktQfu61iDEBDhoEc94,,0,3,15,0,0,https://drive.google.com/open?id=1i9fnYIy_LGt3D-GepE_Dw_2w6gwzBqzM
Compilingjay,Graded (No Uma Restrictions),Get into A finals,I accept these terms,Finals,"iOS - phone or tablet, Linux",$0,690,11-20 (roughly 2-3 per day),Discord - MooMooCord - https://discord.gg/Hc7cP9GB,,,Mejiro Ryan,Late Surger,Ace built for this CM before CM start in Trackblazer scenario,SS,2,0,1,1,1,0,1,60,39,Oguri Cap,Late Surger,Ace built for this CM before CM start in Trackblazer scenario,SS,2,0,1,1,2,0,0,65,41,Tokai Teio (Anime Collab),Late Surger,Ace built for this CM before CM start in Unity Cup scenario,SS,2,0,1,0,3,0,0,60,17,4 Attempts - 20 Races total,13,Go to Submit page,,,,,,,,,,,,,,,,,,,,Re-use Day 1 - Team Comp 1 as Day 2 - Team Comp 1,,,,,,,,,,,,,4 Attempts - 20 Races total,16,Go to Submit page,,,,,,,,,,,,,,,,,,Re-use Day 2 - Team Comp 1 as Day 3 - Team Comp 1,A Group,,,,,,,,,,,,,4 Attempts - 20 Races total,14,Go to Submit page,,,,,,,,,,,,,,,,,,Re-use Day 3 - Team Comp 1 as Day 4 - Team Comp 1,A Group,,,,,,,,,,,,,4 Attempts - 20 Races total,11,Go to Submit page,,,,,,,,,,,,,,,,,,A Finals,8145,Re-use Day 4 - Team Comp 1 as Finals Team Comp,,,,,,,,,,https://drive.google.com/open?id=1r9PtVIh83GWX9ryyGBBuZdQIy7mRcjpj,1st,,,,,,,,,,,FAH,https://drive.google.com/open?id=1lBFDZDuHcqwBVa0vPe4qlC46tJaMeWgb,https://drive.google.com/open?id=1FUjiZkS2viD-jqlydVInu6XLbbYhx7Nx,,4,3,3,0,2,https://drive.google.com/open?id=1IlIyC_Yyqp2hL05gSy6ez7o2LK1XzuFs
Kukubara,Graded (No Uma Restrictions),Win A finals with any uma,I accept these terms,Finals,Windows,$501-1000,3000,46+ (more than 6 per day),Discord - MooMooCord - https://discord.gg/Hc7cP9GB,5,,Curren Chan (Wedding),Pace Chaser,Ace built for this CM before CM start in Unity Cup scenario,UG (or higher),2,0,1,0,3,0,0,,,Taiki Shuttle,Pace Chaser,Ace built for this CM before CM start in Unity Cup scenario,UG (or higher),2,0,1,0,3,0,0,,,Oguri Cap,Pace Chaser,Ace built for this CM before CM start in Unity Cup scenario,UG (or higher),2,0,1,0,3,0,0,,,4 Attempts - 20 Races total,17,Go to Submit page,,,,,,,,,,,,,,,,,,,,Re-use Day 1 - Team Comp 1 as Day 2 - Team Comp 1,,,,,,,,,,,,,4 Attempts - 20 Races total,18,Go to Submit page,,,,,,,,,,,,,,,,,,Re-use Day 2 - Team Comp 1 as Day 3 - Team Comp 1,A Group,,,,,,,,,,,,,4 Attempts - 20 Races total,12,Go to Submit page,,,,,,,,,,,,,,,,,,Re-use Day 3 - Team Comp 1 as Day 4 - Team Comp 1,A Group,,,,,,,,,,,,,4 Attempts - 20 Races total,17,Go to Submit page,,,,,,,,,,,,,,,,,,A Finals,12265,Re-use Day 4 - Team Comp 1 as Finals Team Comp,,,,,,,,,,https://drive.google.com/open?id=1tXrT54Px7a-GJgsMmlF195FuNngdTKQ-,1st,,,,,,,,,,,,https://drive.google.com/open?id=1auUtYxDWJVdEy-FKjQ-K9_tlEChK9wkR,https://drive.google.com/open?id=1h8DxC9t9C6mcI-cO80GPwoYUR_Ia6ZC3,,0,2,12,0,0,https://drive.google.com/open?id=1s2Kpuba6N6BWI6_gTft9Nm9dhXl-a8l1
RavenCorp,Graded (No Uma Restrictions),Get into A finals,I accept these terms,Finals,Windows,$1-100,914,6-10 (roughly 1 per day),Discord - MooMooCord - https://discord.gg/Hc7cP9GB,5,,King Halo,Pace Chaser,Ace built for this CM before CM start in Unity Cup scenario,SS,2,,,1,3,,,,,Taiki Shuttle,Pace Chaser,Ace built for this CM before CM start in Unity Cup scenario,SS,2,,,1,3,,,,,Special Week,Late Surger,Ace built for this CM before CM start in Trackblazer scenario,SS,3,,1,,2,,,61,36,4 Attempts - 20 Races total,12,Go to Submit page,,,,,,,,,,,,,,,,,,,,Re-use Day 1 - Team Comp 1 as Day 2 - Team Comp 1,,,,,,,,,,,,,4 Attempts - 20 Races total,11,Day 3,,,,,,,,,,,,,,,,,,Re-use Day 2 - Team Comp 1 as Day 3 - Team Comp 1,A Group,,,,,,,,,,,,,4 Attempts - 20 Races total,7,Go to Submit page,,,,,,,,,,,,,,,,,,Re-use Day 3 - Team Comp 1 as Day 4 - Team Comp 1,A Group,,,,,,,,,,,,,4 Attempts - 20 Races total,12,Go to Submit page,,,,,,,,,,,,,,,,,,A Finals,12541,Re-use Day 4 - Team Comp 1 as Finals Team Comp,,,,,,,,,,https://drive.google.com/open?id=19LVrMS2KTXpRv4u6J3jrT5RHBORjYq0p,1st,,,,,,,,,,,Current speed is pretty good,https://drive.google.com/open?id=1xeX_7Kx1_hEc-_Gs9IQcubL4tVL6ylu0,https://drive.google.com/open?id=1HRGm40Kx1-7cHVVXxqWc1ZHKy37rlrCF,,,2,10,,3,https://drive.google.com/open?id=1KpiNMnb_LGKYnC5hfv0R0qFTis1IMU8w
Croix du Nord,Graded (No Uma Restrictions),Get into A finals,I accept these terms,Finals,,$0,1135,21-30 (roughly 3-4 per day),Rather not say,,,Air Groove (Wedding),Pace Chaser,Ace built for this CM before CM start in Unity Cup scenario,SS+,,,,,,,,,,Curren Chan,Pace Chaser,Ace built for this CM before CM start in Unity Cup scenario,SS,,,,,,,,,,Taiki Shuttle,Pace Chaser,Ace built for this CM before CM start in Unity Cup scenario,SS,,,,,,,,,,4 Attempts - 20 Races total,8,Go to Submit page,,,,,,,,,,,,,,,,,,,,Re-use Day 1 - Team Comp 1 as Day 2 - Team Comp 1,,,,,,,,,,,,,4 Attempts - 20 Races total,11,Go to Submit page,,,,,,,,,,,,,,,,,,Re-use Day 2 - Team Comp 1 as Day 3 - Team Comp 1,A Group,,,,,,,,,,,,,4 Attempts - 20 Races total,7,Go to Submit page,,,,,,,,,,,,,,,,,,Re-use Day 3 - Team Comp 1 as Day 4 - Team Comp 1,A Group,,,,,,,,,,,,,4 Attempts - 20 Races total,3,Go to Submit page,,,,,,,,,,,,,,,,,,A Finals,9928,Re-use Day 4 - Team Comp 1 as Finals Team Comp,,,,,,,,,,https://drive.google.com/open?id=1v136ouUF5KXg1OdaepOMTebwUWPzXwYX,1st,,,,,,,,,,,,https://drive.google.com/open?id=1_mCFkJGYD9Tw76bKFPns9FzSy_nYtsMT,https://drive.google.com/open?id=1UKaBTym3ypMbo8AJLt0g_IW82cl3udW0,,6,,8,,,
Wasobi,Graded (No Uma Restrictions),Get into A finals,I accept these terms,Finals,"Android - phone or tablet, Windows",$101-500,617,11-20 (roughly 2-3 per day),Discord - MooMooCord - https://discord.gg/Hc7cP9GB,4,,Mihono Bourbon (Valentine),Front Runner,Ace built for this CM before CM start in Unity Cup scenario,SS+,2,0,0,0,2,0,1,,,Taiki Shuttle (Camping),Pace Chaser,Ace built for this CM before CM start in Unity Cup scenario,UG (or higher),3,0,0,1,2,0,0,,,Mayano Top Gun (Wedding),Late Surger,Ace built for this CM before CM start in Unity Cup scenario,SS,2,0,1,0,3,0,0,,,3 Attempts - 15 Races total,7,Go to Submit page,,,,,,,,,,,,,,,,,,,,Re-use Day 1 - Team Comp 1 as Day 2 - Team Comp 1,,,,,,,,,,,,,3 Attempts - 15 Races total,11,Go to Submit page,,,,,,,,,,,,,,,,,,Re-use Day 2 - Team Comp 1 as Day 3 - Team Comp 1,A Group,,,,,,,,,,,,,3 Attempts - 15 Races total,7,Go to Submit page,,,,,,,,,,,,,,,,,,Re-use Day 3 - Team Comp 1 as Day 4 - Team Comp 1,A Group,,,,,,,,,,,,,3 Attempts - 15 Races total,6,Go to Submit page,,,,,,,,,,,,,,,,,,A Finals,7224,Re-use Day 4 - Team Comp 1 as Finals Team Comp,,,,,,,,,,https://drive.google.com/open?id=132sm1cdANaeoOQ5s2S1HID1grA-oYJU-,1st,,,,,,,,,,,,https://drive.google.com/open?id=12E-VYa3J46xCW_BOiG4q5q3UtgPKpotY,https://drive.google.com/open?id=1A3U0g5KyewrEPp4st65R8eWrT8PLWRyk,,4,0,11,0,0,https://drive.google.com/open?id=1PE5BZEd49eYMiRggSZYeGfcyx9e_BYxJ
Rho,Graded (No Uma Restrictions),Get into A finals,I accept these terms,Finals,"Android - phone or tablet, Windows",$1001-5000,1913,31-45 (roughly 5-6 per day),"Discord - MooMooCord - https://discord.gg/Hc7cP9GB, Twitch - MooMooCows - https://www.twitch.tv/moomoomoocows",,,Satono Diamond,Pace Chaser,Ace built for this CM before CM start in Unity Cup scenario,SS,2,0,1,0,3,0,0,,,Taiki Shuttle,Pace Chaser,Ace built for this CM before CM start in Unity Cup scenario,UG (or higher),2,0,0,1,3,0,0,,,Nishino Flower,Pace Chaser,Ace built for this CM before CM start in Unity Cup scenario,SS,2,0,0,1,3,0,0,,,4 Attempts - 20 Races total,15,Go to Submit page,,,,,,,,,,,,,,,,,,,,Re-use Day 1 - Team Comp 1 as Day 2 - Team Comp 1,,,,,,,,,,,,,4 Attempts - 20 Races total,13,Go to Submit page,,,,,,,,,,,,,,,,,,Re-use Day 2 - Team Comp 1 as Day 3 - Team Comp 1,A Group,,,,,,,,,,,,,4 Attempts - 20 Races total,13,Go to Submit page,,,,,,,,,,,,,,,,,,Re-use Day 3 - Team Comp 1 as Day 4 - Team Comp 1,A Group,,,,,,,,,,,,,4 Attempts - 20 Races total,15,Go to Submit page,,,,,,,,,,,,,,,,,,A Finals,9749,Re-use Day 4 - Team Comp 1 as Finals Team Comp,,,,,,,,,,https://drive.google.com/open?id=1Kw0qLe89-5l3vsqKiC5iRe8gcqlhk2oE,1st,,,,,,,,,,,,,,,,,,,,
Clarobollo,Graded (No Uma Restrictions),Win A finals with any uma,I accept these terms,Finals,"Android - phone or tablet, Windows, Linux",$0,337,6-10 (roughly 1 per day),Friend sent me the link,5,,Hishi Amazon,End Closer,Ace built for this CM before CM start in Unity Cup scenario,UG (or higher),2,,,,4,,,,,Curren Chan (Wedding),Pace Chaser,Ace built for this CM before CM start in Unity Cup scenario,UG (or higher),2,,,,4,,,,,Air Groove,Late Surger,Ace built for this CM before CM start in Unity Cup scenario,SS+,2,,1,,3,,,,,4 Attempts - 20 Races total,9,Go to Submit page,,,,,,,,,,,,,,,,,,,,Re-use Day 1 - Team Comp 1 as Day 2 - Team Comp 1,,,,,,,,,,,,,4 Attempts - 20 Races total,11,Go to Submit page,,,,,,,,,,,,,,,,,,Re-use Day 2 - Team Comp 1 as Day 3 - Team Comp 1,A Group,,,,,,,,,,,,,4 Attempts - 20 Races total,14,Go to Submit page,,,,,,,,,,,,,,,,,,Re-use Day 3 - Team Comp 1 as Day 4 - Team Comp 1,A Group,,,,,,,,,,,,,4 Attempts - 20 Races total,10,Go to Submit page,,,,,,,,,,,,,,,,,,A Finals,12636,Re-use Day 4 - Team Comp 1 as Finals Team Comp,,,,,,,,,,,3rd,No (goes to Submit page),,,,,,,,,,,,,,,,,,,
JoSE_205,Graded (No Uma Restrictions),Collect participation rewards,I accept these terms,Finals,"Android - phone or tablet, Windows",$101-500,1288,21-30 (roughly 3-4 per day),Discord - MooMooCord - https://discord.gg/Hc7cP9GB,5,,Taiki Shuttle,Pace Chaser,Hybrid (ace + debuffer),UG (or higher),1,0,0,2,3,0,0,,,Nishino Flower,Pace Chaser,Ace built for this CM before CM start in Unity Cup scenario,SS+,1,0,0,2,3,0,0,,,Air Groove,Late Surger,Ace built for this CM before CM start in Unity Cup scenario,SS+,2,0,1,0,3,0,0,,,4 Attempts - 20 Races total,14,Go to Submit page,,,,,,,,,,,,,,,,,,,,Re-use Day 1 - Team Comp 1 as Day 2 - Team Comp 1,,,,,,,,,,,,,4 Attempts - 20 Races total,14,Go to Submit page,,,,,,,,,,,,,,,,,,Re-use Day 2 - Team Comp 1 as Day 3 - Team Comp 1,A Group,,,,,,,,,,,,,4 Attempts - 20 Races total,11,Go to Submit page,,,,,,,,,,,,,,,,,,Re-use Day 3 - Team Comp 1 as Day 4 - Team Comp 1,A Group,,,,,,,,,,,,,4 Attempts - 20 Races total,12,Go to Submit page,,,,,,,,,,,,,,,,,,A Finals,7915,Re-use Day 4 - Team Comp 1 as Finals Team Comp,,,,,,,,,,https://drive.google.com/open?id=1etozpymc5AdIytIuis2jWuuvr5ebZicB,1st,,,,,,,,,,,,https://drive.google.com/open?id=1S_e2WS8eods1facpXzMcINX8wmaoHIre,https://drive.google.com/open?id=1QbWjOcXSDxbzxFrvUYOZggzspMxe7dDP,,2,0,11,0,3,https://drive.google.com/open?id=1quE7SfjfmngngwSWOpUSsrHs9i6Q5PKd
Dexil,Graded (No Uma Restrictions),Get into A finals,I accept these terms,Go to Submit page,"iOS - phone or tablet, Windows",$1-100,336,6-10 (roughly 1 per day),Discord - MooMooCord - https://discord.gg/Hc7cP9GB,,,Air Groove,Pace Chaser,Ace built for this CM before CM start in Unity Cup scenario,UG (or higher),2,,,,4,,,,,Sakura Bakushin O,Pace Chaser,Ace built for this CM before CM start in Unity Cup scenario,UG (or higher),2,,,,4,,,,,Oguri Cap,Pace Chaser,Ace built for this CM before CM start in Unity Cup scenario,UG (or higher),2,,,,4,,,,,4 Attempts - 20 Races total,9,Go to Submit page,,,,,,,,,,,,,,,,,,,,Re-use Day 1 - Team Comp 1 as Day 2 - Team Comp 1,,,,,,,,,,,,,4 Attempts - 20 Races total,16,Go to Submit page,,,,,,,,,,,,,,,,,,Re-use Day 2 - Team Comp 1 as Day 3 - Team Comp 1,A Group,,,,,,,,,,,,,4 Attempts - 20 Races total,9,Go to Submit page,,,,,,,,,,,,,,,,,,Re-use Day 3 - Team Comp 1 as Day 4 - Team Comp 1,A Group,,,,,,,,,,,,,4 Attempts - 20 Races total,9,Go to Submit page,,,,,,,,,,,,,,,,,,A Finals,9220,Re-use Day 4 - Team Comp 1 as Finals Team Comp,,,,,,,,,,https://drive.google.com/open?id=1KX2-ucIDTXkS1jnqMJok98lvMWhWZaH_,1st,,,,,,,,,,,The Empress btw,https://drive.google.com/open?id=1RZGc1TVnkUJ0aqzc4mZ8nX_Z5u5BNwgc,,,4,,3,,,https://drive.google.com/open?id=1hFMKyG03TRupGqdpJ6fNucfjv_KMVxyZ
SiX,Graded (No Uma Restrictions),Get into A finals,I accept these terms,Finals,Linux,$101-500,941,,"Discord - MooMooCord - https://discord.gg/Hc7cP9GB, Twitch - MooMooCows - https://www.twitch.tv/moomoomoocows, YouTube - MooMooCows - https://www.youtube.com/@MooMooCows",5,,Taiki Shuttle,Pace Chaser,Ace built for this CM before CM start in Unity Cup scenario,UG (or higher),1,,,3,2,,,,,Oguri Cap,Pace Chaser,Ace built for this CM before CM start in Unity Cup scenario,UG (or higher),1,,,3,2,,,,,Sakura Bakushin O,Pace Chaser,Ace built for this CM before CM start in Unity Cup scenario,UG (or higher),1,,,3,2,,,,,4 Attempts - 20 Races total,10,Go to Submit page,,,,,,,,,,,,,,,,,,,,Re-use Day 1 - Team Comp 1 as Day 2 - Team Comp 1,,,,,,,,,,,,,4 Attempts - 20 Races total,15,Go to Submit page,,,,,,,,,,,,,,,,,,Re-use Day 2 - Team Comp 1 as Day 3 - Team Comp 1,A Group,,,,,,,,,,,,,4 Attempts - 20 Races total,9,Go to Submit page,,,,,,,,,,,,,,,,,,Re-use Day 3 - Team Comp 1 as Day 4 - Team Comp 1,A Group,,,,,,,,,,,,,4 Attempts - 20 Races total,12,Go to Submit page,,,,,,,,,,,,,,,,,,A Finals,,Re-use Day 4 - Team Comp 1 as Finals Team Comp,,,,,,,,,,,3rd,No (goes to Submit page),,,,,,,,,,,,,,,,,,,
explorde,Graded (No Uma Restrictions),Get into A finals,I accept these terms,Finals,"iOS - phone or tablet, Windows",$1-100,1045,11-20 (roughly 2-3 per day),Discord - MooMooCord - https://discord.gg/Hc7cP9GB,4,,Oguri Cap,Pace Chaser,Ace built for this CM before CM start in Trackblazer scenario,SS,2,0,2,0,2,0,0,50,41,Air Groove,Pace Chaser,Ace built for this CM before CM start in Trackblazer scenario,S+,2,0,2,0,2,0,0,50,40,Taiki Shuttle,Pace Chaser,Ace built for this CM before CM start in Unity Cup scenario,UG (or higher),2,0,1,0,3,0,0,50,19,4 Attempts - 20 Races total,14,Go to Submit page,,,,,,,,,,,,,,,,,,,,Re-use Day 1 - Team Comp 1 as Day 2 - Team Comp 1,,,,,,,,,,,,,4 Attempts - 20 Races total,13,Go to Submit page,,,,,,,,,,,,,,,,,,Re-use Day 2 - Team Comp 1 as Day 3 - Team Comp 1,A Group,,,,,,,,,,,,,4 Attempts - 20 Races total,12,Go to Submit page,,,,,,,,,,,,,,,,,,Re-use Day 3 - Team Comp 1 as Day 4 - Team Comp 1,A Group,,,,,,,,,,,,,4 Attempts - 20 Races total,16,Go to Submit page,,,,,,,,,,,,,,,,,,A Finals,10673,Re-use Day 4 - Team Comp 1 as Finals Team Comp,,,,,,,,,,https://drive.google.com/open?id=1po3-dhGKgYE4sPZQ7Oad8FOETq0rLim_,1st,,,,,,,,,,,12.3% win rate oguri,https://drive.google.com/open?id=1ASdPUHhrvVBC1QDt3umpyfFeO3Cir7oa,https://drive.google.com/open?id=1omtBL4gvtfHMUFwjLi5qvyEJnYHTZDHN,,2,0,9,0,2,https://drive.google.com/open?id=1uZuybypY1EQ9KnxoBRuTXSgc7Kijuj34
Rierei,Graded (No Uma Restrictions),Win A finals with any uma,I accept these terms,Finals,"iOS - phone or tablet, Windows",$1-100,1175,11-20 (roughly 2-3 per day),"Discord - MooMooCord - https://discord.gg/Hc7cP9GB, YouTube - MooMooCows - https://www.youtube.com/@MooMooCows",5,,Taiki Shuttle,Pace Chaser,Ace built for this CM before CM start in Unity Cup scenario,UG (or higher),3,,,,3,,,,,Sakura Bakushin O,Pace Chaser,Ace built for this CM before CM start in Unity Cup scenario,UG (or higher),3,,,,3,,,,,King Halo,Late Surger,Ace built for this CM before CM start in Unity Cup scenario,UG (or higher),2,,1,,3,,,,,4 Attempts - 20 Races total,12,Go to Submit page,,,,,,,,,,,,,,,,,,,,Re-use Day 1 - Team Comp 1 as Day 2 - Team Comp 1,,,,,,,,,,,,,4 Attempts - 20 Races total,14,Go to Submit page,,,,,,,,,,,,,,,,,,Re-use Day 2 - Team Comp 1 as Day 3 - Team Comp 1,A Group,,,,,,,,,,,,,4 Attempts - 20 Races total,12,Go to Submit page,,,,,,,,,,,,,,,,,,Add a new Team Comp as Day 4 - Team Comp 1,A Group,Taiki Shuttle,Pace Chaser,Ace built for this CM before CM start in Unity Cup scenario,UG (or higher),Sakura Bakushin O,Pace Chaser,Ace built for this CM before CM start in Unity Cup scenario,UG (or higher),Nishino Flower,Pace Chaser,Mid-CM Ace build in Unity Cup scenario,SS,4 Attempts - 20 Races total,9,Go to Submit page,,,,,,,,,,,,,,,,,,A Finals,12387,Re-use Day 4 - Team Comp 2 as Finals Team Comp,,,,,,,,,,https://drive.google.com/open?id=14EnYDHAOmOgXrNdp2F0oeQN5GCpkQqco,3rd,No (goes to Submit page),,,,,,,,,,,,,,,,,,,
Ari Mochizuki,Graded (No Uma Restrictions),Win A finals with any uma,I accept these terms,Finals,"Android - phone or tablet, Windows",$1-100,817,11-20 (roughly 2-3 per day),Discord - MooMooCord - https://discord.gg/Hc7cP9GB,5,,Daiwa Scarlet,Pace Chaser,Ace built for this CM before CM start in Unity Cup scenario,UG (or higher),2,,,1,3,,,45,15,Curren Chan (Wedding),Pace Chaser,Ace built for this CM before CM start in Unity Cup scenario,UG (or higher),2,,,1,3,,,45,15,Nishino Flower,Pace Chaser,Ace built for this CM before CM start in Unity Cup scenario,UG (or higher),2,,,,3,,1,40,16,4 Attempts - 20 Races total,17,Go to Submit page,,,,,,,,,,,,,,,,,,,,Re-use Day 1 - Team Comp 1 as Day 2 - Team Comp 1,,,,,,,,,,,,,4 Attempts - 20 Races total,14,Go to Submit page,,,,,,,,,,,,,,,,,,Re-use Day 2 - Team Comp 1 as Day 3 - Team Comp 1,A Group,,,,,,,,,,,,,4 Attempts - 20 Races total,9,Go to Submit page,,,,,,,,,,,,,,,,,,Add a new Team Comp as Day 4 - Team Comp 1,A Group,Daiwa Scarlet,Pace Chaser,Ace built for this CM before CM start in Unity Cup scenario,UG (or higher),Curren Chan (Wedding),Pace Chaser,Ace built for this CM before CM start in Unity Cup scenario,UG (or higher),Nishino Flower,Pace Chaser,Mid-CM Ace build in Unity Cup scenario,UG (or higher),4 Attempts - 20 Races total,13,Go to Submit page,,,,,,,,,,,,,,,,,,A Finals,6727,Re-use Day 4 - Team Comp 2 as Finals Team Comp,,,,,,,,,,https://drive.google.com/open?id=1iqhv7BlHI0XhQFopHBaM6DdBOgjvPqSF,1st,,,,,,,,,,,The Greatest and Number One Ms. Victoria,https://drive.google.com/open?id=14U-rEd3a2C6hoWr5vr9evi6Ph83Yt0ce,https://drive.google.com/open?id=1EdBr_IbUqNcBklOy_dpEvPlUfVXWGyfU,,2,,12,2,,https://drive.google.com/open?id=1VTVEMGUTrhZCDimTPkDxRSvdx6cbq-S1
pppp,Graded (No Uma Restrictions),Get into A finals,I accept these terms,Finals,Windows,$101-500,1141,21-30 (roughly 3-4 per day),Discord - MooMooCord - https://discord.gg/Hc7cP9GB,5,,Curren Chan (Wedding),Pace Chaser,Ace built for this CM before CM start in Unity Cup scenario,UG (or higher),2,0,1,0,3,0,0,,,Fuji Kiseki (Ballroom),Pace Chaser,Ace built for this CM before CM start in Unity Cup scenario,UG (or higher),2,0,0,1,3,0,0,,,Taiki Shuttle,Pace Chaser,Ace built for this CM before CM start in Unity Cup scenario,UG (or higher),2,0,0,1,3,0,0,,,4 Attempts - 20 Races total,12,Go to Submit page,,,,,,,,,,,,,,,,,,,,Re-use Day 1 - Team Comp 1 as Day 2 - Team Comp 1,,,,,,,,,,,,,4 Attempts - 20 Races total,17,Go to Submit page,,,,,,,,,,,,,,,,,,Re-use Day 2 - Team Comp 1 as Day 3 - Team Comp 1,A Group,,,,,,,,,,,,,4 Attempts - 20 Races total,14,Go to Submit page,,,,,,,,,,,,,,,,,,Re-use Day 3 - Team Comp 1 as Day 4 - Team Comp 1,A Group,,,,,,,,,,,,,4 Attempts - 20 Races total,14,Go to Submit page,,,,,,,,,,,,,,,,,,A Finals,11249,Re-use Day 4 - Team Comp 1 as Finals Team Comp,,,,,,,,,,https://drive.google.com/open?id=1f3xR7tQqjQ77_u6JqBEL_JlU993uO73G,2nd,No (goes to Submit page),,,,,,,,,,,,,,,,,,,
blipblip/shauce,Graded (No Uma Restrictions),Get into A finals,I accept these terms,Finals,"Android - phone or tablet, Windows",$101-500,1390,6-10 (roughly 1 per day),Discord - MooMooCord - https://discord.gg/Hc7cP9GB,,,Mejiro Ryan,Late Surger,Ace built for this CM before CM start in Unity Cup scenario,UG (or higher),2,,1,,3,,,,,Haru Urara (New Year),Late Surger,Ace built for this CM before CM start in Unity Cup scenario,UG (or higher),3,,,,3,,,,,Oguri Cap,Late Surger,Ace built for this CM before CM start in Unity Cup scenario,UG (or higher),2,,1,,3,,,,,4 Attempts - 20 Races total,13,Go to Submit page,,,,,,,,,,,,,,,,,,,,Re-use Day 1 - Team Comp 1 as Day 2 - Team Comp 1,,,,,,,,,,,,,4 Attempts - 20 Races total,13,Go to Submit page,,,,,,,,,,,,,,,,,,Re-use Day 2 - Team Comp 1 as Day 3 - Team Comp 1,A Group,,,,,,,,,,,,,4 Attempts - 20 Races total,13,Go to Submit page,,,,,,,,,,,,,,,,,,Re-use Day 3 - Team Comp 1 as Day 4 - Team Comp 1,A Group,,,,,,,,,,,,,4 Attempts - 20 Races total,17,Go to Submit page,,,,,,,,,,,,,,,,,,A Finals,10186,Re-use Day 4 - Team Comp 1 as Finals Team Comp,,,,,,,,,,https://drive.google.com/open?id=15Af2hebEbBQYO49RrRiFgy0mxm-7zmc6,1st,,,,,,,,,,,,https://drive.google.com/open?id=1JNksxSxHO1L_gw2hh2XGQxRugFKgQs5Z,https://drive.google.com/open?id=1jTm2f38dNjBtGyAIJgkTOQ4Ya-ZbvD9e,,4,,5,,5,https://drive.google.com/open?id=1zMt0Q203G_YC0IcjqLQNoXmQXxtyY3ib
Panacea612,Open (A+ Grade and Lower Umas Only),"Win A finals with ""oshi"" uma",I accept these terms,Day 1,iOS - phone or tablet,$0,124,11-20 (roughly 2-3 per day),Discord - MooMooCord - https://discord.gg/Hc7cP9GB,4,,Oguri Cap (Christmas),Late Surger,Ace built for this CM before CM start in Trackblazer scenario,A+,3,,3,,,,,,30,Sakura Bakushin O,Front Runner,Ace built for this CM before CM start in URA scenario,A+,4,,2,,,,,,,King Halo,Late Surger,Ace built for this CM before CM start in Unity Cup scenario,A+,3,1,2,,,,,,,1 Attempt - 5 Races total,4,Go to Submit page,,,,,,,,,,,,,,,,,,,,,,,,,,,,,,,,,,,,,,,,,,,,,,,,,,,,,,,,,,,,,,,,,,,,,,,,,,,,,,,,,,,,,,,,,,,,,,,,,,,,,,,,,,,,,,,,,,,,,,,,,,,,,,,,,,,,,,,,,,,,,,,,,,,,,,,,,,
M,Graded (No Uma Restrictions),Win A finals with any uma,I accept these terms,Finals,iOS - phone or tablet,$0,1175,6-10 (roughly 1 per day),YouTube - MooMooCows - https://www.youtube.com/@MooMooCows,5,Maybe more alternative questions like <=35 50 >=65 race bonus,Nishino Flower,Pace Chaser,Ace built for this CM before CM start in Unity Cup scenario,UG (or higher),1,,,2,3,,,40,18,Taiki Shuttle,Pace Chaser,Ace built for this CM before CM start in Unity Cup scenario,UG (or higher),1,,,2,3,,,40,23,Oguri Cap,Pace Chaser,Ace built for this CM before CM start in Unity Cup scenario,UG (or higher),1,,,2,3,,,40,19,3 Attempts - 15 Races total,13,Go to Submit page,,,,,,,,,,,,,,,,,,,,Re-use Day 1 - Team Comp 1 as Day 2 - Team Comp 1,,,,,,,,,,,,,3 Attempts - 15 Races total,13,Go to Submit page,,,,,,,,,,,,,,,,,,Re-use Day 2 - Team Comp 1 as Day 3 - Team Comp 1,A Group,,,,,,,,,,,,,3 Attempts - 15 Races total,8,Go to Submit page,,,,,,,,,,,,,,,,,,Re-use Day 3 - Team Comp 1 as Day 4 - Team Comp 1,A Group,,,,,,,,,,,,,3 Attempts - 15 Races total,6,Go to Submit page,,,,,,,,,,,,,,,,,,A Finals,,Re-use Day 4 - Team Comp 1 as Finals Team Comp,,,,,,,,,,,2nd,No (goes to Submit page),,,,,,,,,,,,,,,,,,,
Rime,Graded (No Uma Restrictions),Win A finals with any uma,I accept these terms,Finals,"Android - phone or tablet, Windows",$1001-5000,1184,21-30 (roughly 3-4 per day),Discord - MooMooCord - https://discord.gg/Hc7cP9GB,4,,Nishino Flower,Pace Chaser,Ace built for this CM before CM start in Unity Cup scenario,UG (or higher),2,0,0,1,3,0,0,,,Taiki Shuttle,Pace Chaser,Ace built for this CM before CM start in Unity Cup scenario,UG (or higher),2,0,0,1,3,0,0,,,Curren Chan (Wedding),Pace Chaser,Ace built for this CM before CM start in Unity Cup scenario,UG (or higher),2,0,0,1,3,0,0,,,4 Attempts - 20 Races total,18,Go to Submit page,,,,,,,,,,,,,,,,,,,,Re-use Day 1 - Team Comp 1 as Day 2 - Team Comp 1,,,,,,,,,,,,,4 Attempts - 20 Races total,15,Go to Submit page,,,,,,,,,,,,,,,,,,Re-use Day 2 - Team Comp 1 as Day 3 - Team Comp 1,A Group,,,,,,,,,,,,,4 Attempts - 20 Races total,12,Go to Submit page,,,,,,,,,,,,,,,,,,Re-use Day 3 - Team Comp 1 as Day 4 - Team Comp 1,A Group,,,,,,,,,,,,,4 Attempts - 20 Races total,11,Go to Submit page,,,,,,,,,,,,,,,,,,A Finals,14036,Re-use Day 4 - Team Comp 1 as Finals Team Comp,,,,,,,,,,,2nd,No (goes to Submit page),,,,,,,,,,,,,,,,,,,
DillFlavored,Graded (No Uma Restrictions),Get into A finals,I accept these terms,Finals,Linux,$1001-5000,1647,21-30 (roughly 3-4 per day),Discord - MooMooCord - https://discord.gg/Hc7cP9GB,,,Tamamo Cross,Late Surger,Ace built for this CM before CM start in Unity Cup scenario,UG (or higher),3,,1,,2,,,55,18,Oguri Cap,Pace Chaser,Ace built for this CM before CM start in Unity Cup scenario,UG (or higher),3,,0,,2,,,60,20,Bamboo memory,Late Surger,Ace built for this CM before CM start in Unity Cup scenario,UG (or higher),3,,0,,2,,,60,20,4 Attempts - 20 Races total,13,Go to Submit page,,,,,,,,,,,,,,,,,,,,Re-use Day 1 - Team Comp 1 as Day 2 - Team Comp 1,,,,,,,,,,,,,4 Attempts - 20 Races total,18,Go to Submit page,,,,,,,,,,,,,,,,,,Add new Team Comp as Day 3 - Team Comp 1,A Group,Tamamo Cross,Late Surger,Mid-CM Ace build in Unity Cup scenario,SS+,Bamboo memory,Late Surger,Ace built for this CM before CM start in Unity Cup scenario,UG (or higher),Taiki Shuttle (Camping),Pace Chaser,Ace built for this CM before CM start in Unity Cup scenario,UG (or higher),4 Attempts - 20 Races total,14,Go to Submit page,,,,,,,,,,,,,,,,,,Re-use Day 3 - Team Comp 1 as Day 4 - Team Comp 1,A Group,,,,,,,,,,,,,4 Attempts - 20 Races total,11,Go to Submit page,,,,,,,,,,,,,,,,,,A Finals,10338,Add new Team Comp as Finals Team Comp,Tamamo Cross,Late Surger,Mid-CM Ace build in Unity Cup scenario,Bamboo memory,Late Surger,Ace built for this CM before CM start in Unity Cup scenario,Sakura Bakushin O,Pace Chaser,Mid-CM Ace build in Unity Cup scenario,https://drive.google.com/open?id=1nlgbGuCi57pw5TTdkxbZtc4qNNSdGQCX,3rd,No (goes to Submit page),,,,,,,,,,,,,,,,,,,
HangmanAdamPage,Graded (No Uma Restrictions),Win A finals with any uma,I accept these terms,Day 4,Android - phone or tablet,$501-1000,1630,31-45 (roughly 5-6 per day),Discord - MooMooCord - https://discord.gg/Hc7cP9GB,5,,Curren Chan (Wedding),Pace Chaser,Ace built for this CM before CM start in Unity Cup scenario,UG (or higher),2,0,1,0,3,,,55%,,Oguri Cap,Pace Chaser,Ace built for this CM before CM start in Unity Cup scenario,UG (or higher),2,0,1,0,3,0,0,,,Taiki Shuttle (Camping),Pace Chaser,Ace built for this CM before CM start in Unity Cup scenario,UG (or higher),2,0,0,1,3,0,0,,,4 Attempts - 20 Races total,18,Day 2,,,,,,,,,,,,,,,,,,,,Re-use Day 1 - Team Comp 1 as Day 2 - Team Comp 1,,,,,,,,,,,,,4 Attempts - 20 Races total,19,Go to Submit page,,,,,,,,,,,,,,,,,,Re-use Day 2 - Team Comp 1 as Day 3 - Team Comp 1,A Group,,,,,,,,,,,,,4 Attempts - 20 Races total,16,Go to Submit page,,,,,,,,,,,,,,,,,,Re-use Day 3 - Team Comp 1 as Day 4 - Team Comp 1,A Group,,,,,,,,,,,,,4 Attempts - 20 Races total,15,Go to Submit page,,,,,,,,,,,,,,,,,,,,,,,,,,,,,,,,,,,,,,,,,,,,,,,,,,,
umai,Graded (No Uma Restrictions),win sprint with front,I accept these terms,Finals,iOS - phone or tablet,$101-500,1190,31-45 (roughly 5-6 per day),"Discord - MooMooCord - https://discord.gg/Hc7cP9GB, YouTube - MooMooCows - https://www.youtube.com/@MooMooCows",5,,Silence Suzuka,Runaway,Ace built for this CM before CM start in Unity Cup scenario,UG (or higher),2,0,0,1,3,0,0,50,15,Taiki Shuttle,Front Runner,Ace built for this CM before CM start in Unity Cup scenario,UG (or higher),2,0,1,1,2,0,0,50,15,Curren Chan,Front Runner,Ace built for this CM before CM start in Unity Cup scenario,UG (or higher),2,0,1,1,2,0,0,50,19,4 Attempts - 20 Races total,11,Go to Submit page,,,,,,,,,,,,,,,,,,,,Re-use Day 1 - Team Comp 1 as Day 2 - Team Comp 1,,,,,,,,,,,,,4 Attempts - 20 Races total,12,Go to Submit page,,,,,,,,,,,,,,,,,,Re-use Day 2 - Team Comp 1 as Day 3 - Team Comp 1,A Group,,,,,,,,,,,,,4 Attempts - 20 Races total,4,Go to Submit page,,,,,,,,,,,,,,,,,,Re-use Day 3 - Team Comp 1 as Day 4 - Team Comp 1,A Group,,,,,,,,,,,,,4 Attempts - 20 Races total,10,Go to Submit page,,,,,,,,,,,,,,,,,,A Finals,14432,Re-use Day 4 - Team Comp 1 as Finals Team Comp,,,,,,,,,,https://drive.google.com/open?id=1944BwVifkJ80zDSTJGe9X2R0A2NAMAO3,3rd,Yes,https://drive.google.com/open?id=1YdEDspeqNxkE60qf7nOYlh9Yr5wSi9Pe,https://drive.google.com/open?id=1zv-xgkdae1BBAFvM3Fapb8mXryFXIsR6,,4,0,11,0,0,https://drive.google.com/open?id=16sgGOgdue24v-jSsnY3LIAFFkU2qumzp,,,,,,,,,,
Hines,Graded (No Uma Restrictions),Win A finals with any uma,I accept these terms,Finals,Windows,$1-100,1242,11-20 (roughly 2-3 per day),Discord - MooMooCord - https://discord.gg/Hc7cP9GB,5,"keep posting ayabe at bottom of slander wall, I smile every time",Nishino Flower,Pace Chaser,Ace built for this CM before CM start in Unity Cup scenario,UG (or higher),1,,,2,3,,,50,20,Taiki Shuttle,Pace Chaser,Ace built for this CM before CM start in Unity Cup scenario,UG (or higher),1,,,2,3,,,45,19,Oguri Cap,Pace Chaser,Ace built for this CM before CM start in Unity Cup scenario,UG (or higher),2,,1,,3,,,37,20,4 Attempts - 20 Races total,16,Go to Submit page,,,,,,,,,,,,,,,,,,,,Re-use Day 1 - Team Comp 1 as Day 2 - Team Comp 1,,,,,,,,,,,,,4 Attempts - 20 Races total,13,Go to Submit page,,,,,,,,,,,,,,,,,,Re-use Day 2 - Team Comp 1 as Day 3 - Team Comp 1,A Group,,,,,,,,,,,,,4 Attempts - 20 Races total,17,Go to Submit page,,,,,,,,,,,,,,,,,,Re-use Day 3 - Team Comp 1 as Day 4 - Team Comp 1,A Group,,,,,,,,,,,,,4 Attempts - 20 Races total,13,Go to Submit page,,,,,,,,,,,,,,,,,,A Finals,11287,Re-use Day 4 - Team Comp 1 as Finals Team Comp,,,,,,,,,,https://drive.google.com/open?id=1MR4BqzAVA8nLRVYyfYloeDdL75ZyeCer,1st,,,,,,,,,,,cygames add helios NOW,https://drive.google.com/open?id=1h-OdPzWaAoMlCyQ2_lkPT51Qnu9BOE49,https://drive.google.com/open?id=1EpRInrymMLuLKK597Ef-_DoIg-j4fIN0,,,2,12,,,https://drive.google.com/open?id=1CRZ3BVTAwgzUkr6EqqpHlpPFY_JxvkhS
Soren,Graded (No Uma Restrictions),"Win A finals with ""oshi"" uma",I accept these terms,Finals,"iOS - phone or tablet, Windows",$101-500,1082,6-10 (roughly 1 per day),Discord - MooMooCord - https://discord.gg/Hc7cP9GB,5,,Rice Shower,Pace Chaser,Ace built for this CM before CM start in Unity Cup scenario,UG (or higher),2,0,1,0,3,0,0,,12,Taiki Shuttle,Pace Chaser,Ace built for this CM before CM start in Unity Cup scenario,UG (or higher),2,0,1,0,3,0,0,,12,Oguri Cap,Pace Chaser,Ace built for this CM before CM start in Unity Cup scenario,SS+,2,0,1,0,3,0,0,,14,4 Attempts - 20 Races total,12,Go to Submit page,,,,,,,,,,,,,,,,,,,,Re-use Day 1 - Team Comp 1 as Day 2 - Team Comp 1,,,,,,,,,,,,,4 Attempts - 20 Races total,15,Go to Submit page,,,,,,,,,,,,,,,,,,Re-use Day 2 - Team Comp 1 as Day 3 - Team Comp 1,A Group,,,,,,,,,,,,,4 Attempts - 20 Races total,13,Go to Submit page,,,,,,,,,,,,,,,,,,Re-use Day 3 - Team Comp 1 as Day 4 - Team Comp 1,A Group,,,,,,,,,,,,,4 Attempts - 20 Races total,9,Go to Submit page,,,,,,,,,,,,,,,,,,A Finals,10557,Re-use Day 4 - Team Comp 1 as Finals Team Comp,,,,,,,,,,https://drive.google.com/open?id=1agSgzF12trX74nqiXwNoNzJlY4kw3Wqc,2nd,Yes,https://drive.google.com/open?id=130wP8ZPwMv2DAbm2DCdoJyaVsFASqcP3,https://drive.google.com/open?id=1jIicjIg3pLzj6urU6KjI3hx63uvo7-ig,,5,,12,,,https://drive.google.com/open?id=1onWKn5Mr6RxL3303v8UBOSJ34VBt_xXo,,,,,,,,,,
LeToucan,Graded (No Uma Restrictions),"Win A finals with ""oshi"" uma",I accept these terms,Finals,Windows,$0,1721,21-30 (roughly 3-4 per day),Discord - MooMooCord - https://discord.gg/Hc7cP9GB,,,Sweep Tosho,Late Surger,Ace built for this CM before CM start in Unity Cup scenario,UG (or higher),2,,,,4,,,,,Curren Chan,Pace Chaser,Ace built for this CM before CM start in Unity Cup scenario,UG (or higher),2,,1,,3,,,,,Taiki Shuttle,Pace Chaser,Ace built for this CM before CM start in Unity Cup scenario,UG (or higher),2,,,1,3,,,,,4 Attempts - 20 Races total,18,Go to Submit page,,,,,,,,,,,,,,,,,,,,Re-use Day 1 - Team Comp 1 as Day 2 - Team Comp 1,,,,,,,,,,,,,4 Attempts - 20 Races total,16,Go to Submit page,,,,,,,,,,,,,,,,,,Re-use Day 2 - Team Comp 1 as Day 3 - Team Comp 1,A Group,,,,,,,,,,,,,4 Attempts - 20 Races total,11,Go to Submit page,,,,,,,,,,,,,,,,,,Re-use Day 3 - Team Comp 1 as Day 4 - Team Comp 1,A Group,,,,,,,,,,,,,4 Attempts - 20 Races total,15,Go to Submit page,,,,,,,,,,,,,,,,,,A Finals,12935,Re-use Day 4 - Team Comp 1 as Finals Team Comp,,,,,,,,,,,2nd,No (goes to Submit page),,,,,,,,,,,,,,,,,,,
mellow,Graded (No Uma Restrictions),"Win A finals with ""oshi"" uma",I accept these terms,Finals,iOS - phone or tablet,$101-500,,31-45 (roughly 5-6 per day),"Discord - MooMooCord - https://discord.gg/Hc7cP9GB, YouTube - MooMooCows - https://www.youtube.com/@MooMooCows",,,Narita Taishin,End Closer,Ace built for this CM before CM start in Unity Cup scenario,UG (or higher),,,,,,,,,,Air Groove,Late Surger,Ace built for this CM before CM start in Unity Cup scenario,SS+,,,,,,,,,,Gold City (Festival),End Closer,Debuffer,UG (or higher),,,,,,,,,,4 Attempts - 20 Races total,13,Go to Submit page,,,,,,,,,,,,,,,,,,,,Re-use Day 1 - Team Comp 1 as Day 2 - Team Comp 1,,,,,,,,,,,,,4 Attempts - 20 Races total,13,Day 3,,,,,,,,,,,,,,,,,,Re-use Day 2 - Team Comp 1 as Day 3 - Team Comp 1,A Group,,,,,,,,,,,,,4 Attempts - 20 Races total,13,Go to Submit page,,,,,,,,,,,,,,,,,,Re-use Day 3 - Team Comp 1 as Day 4 - Team Comp 1,A Group,,,,,,,,,,,,,4 Attempts - 20 Races total,13,Go to Submit page,,,,,,,,,,,,,,,,,,A Finals,10573,Re-use Day 4 - Team Comp 1 as Finals Team Comp,,,,,,,,,,https://drive.google.com/open?id=11llPBUeVS1BL0UQawh9kS7mBF2GeOpOv,1st,,,,,,,,,,,potential horse? yeah potentially the goat,https://drive.google.com/open?id=1oZqxGqysW9cSedf1jFsPMqc-sYlUc58d,https://drive.google.com/open?id=1D67w_EWoMqj2RwHmdDO_kCJy7s6rNyBn,,3,,9,,,https://drive.google.com/open?id=1tuiYATMTe7mvMEO4E-B5uIr-Oq7F89Ev
Sky2high,Graded (No Uma Restrictions),Get into A finals,I accept these terms,Finals,"iOS - phone or tablet, Windows",$501-1000,1166,11-20 (roughly 2-3 per day),Discord - MooMooCord - https://discord.gg/Hc7cP9GB,5,,Sakura Bakushin O,Pace Chaser,Ace built for this CM before CM start in Unity Cup scenario,UG (or higher),2,0,1,0,3,0,0,,,Oguri Cap,Pace Chaser,Ace built for this CM before CM start in Unity Cup scenario,UG (or higher),2,0,1,0,3,0,0,,,Fuji Kiseki,Pace Chaser,Ace built for this CM before CM start in Unity Cup scenario,UG (or higher),2,0,0,1,3,0,0,,,4 Attempts - 20 Races total,17,Go to Submit page,,,,,,,,,,,,,,,,,,,,Re-use Day 1 - Team Comp 1 as Day 2 - Team Comp 1,,,,,,,,,,,,,4 Attempts - 20 Races total,18,Go to Submit page,,,,,,,,,,,,,,,,,,Re-use Day 2 - Team Comp 1 as Day 3 - Team Comp 1,A Group,,,,,,,,,,,,,4 Attempts - 20 Races total,9,Go to Submit page,,,,,,,,,,,,,,,,,,Add a new Team Comp as Day 4 - Team Comp 1,A Group,Fuji Kiseki,Pace Chaser,Ace built for this CM before CM start in Unity Cup scenario,UG (or higher),Oguri Cap,Pace Chaser,Ace built for this CM before CM start in Unity Cup scenario,UG (or higher),Sweep Tosho,End Closer,Debuffer,UG (or higher),4 Attempts - 20 Races total,11,Go to Submit page,,,,,,,,,,,,,,,,,,A Finals,10105,Re-use Day 4 - Team Comp 1 as Finals Team Comp,,,,,,,,,,https://drive.google.com/open?id=1C2rC4ivptDOOtdD3glWt_Ov70_fS9o6_,3rd,No (goes to Submit page),,,,,,,,,,,,,,,,,,,
LePetouche,Graded (No Uma Restrictions),Win A finals with any uma,I accept these terms,Finals,"Android - phone or tablet, Windows",Rather not say,1630,21-30 (roughly 3-4 per day),Discord - MooMooCord - https://discord.gg/Hc7cP9GB,,,King Halo,Late Surger,Ace built for this CM before CM start in Unity Cup scenario,UG (or higher),,,,,,,,,21,Air Groove,Late Surger,Ace built for this CM before CM start in Unity Cup scenario,UG (or higher),,,,,,,,,20,Taiki Shuttle,Pace Chaser,Ace built for this CM before CM start in Unity Cup scenario,UG (or higher),,,,,,,,,20,4 Attempts - 20 Races total,14,Go to Submit page,,,,,,,,,,,,,,,,,,,,Re-use Day 1 - Team Comp 1 as Day 2 - Team Comp 1,,,,,,,,,,,,,4 Attempts - 20 Races total,14,Go to Submit page,,,,,,,,,,,,,,,,,,Re-use Day 2 - Team Comp 1 as Day 3 - Team Comp 1,A Group,,,,,,,,,,,,,4 Attempts - 20 Races total,12,Go to Submit page,,,,,,,,,,,,,,,,,,Re-use Day 3 - Team Comp 1 as Day 4 - Team Comp 1,A Group,,,,,,,,,,,,,4 Attempts - 20 Races total,16,Go to Submit page,,,,,,,,,,,,,,,,,,A Finals,9535,Re-use Day 4 - Team Comp 1 as Finals Team Comp,,,,,,,,,,https://drive.google.com/open?id=1PciE9lTzzM3nlpWVcgADP03M0ggNOMxQ,2nd,No (goes to Submit page),,,,,,,,,,,,,,,,,,,
jet4sale,Graded (No Uma Restrictions),Get into A finals,I accept these terms,Finals,"Android - phone or tablet, Windows",$501-1000,1581,11-20 (roughly 2-3 per day),Discord - MooMooCord - https://discord.gg/Hc7cP9GB,5,,Taiki Shuttle (Camping),Pace Chaser,Ace built for this CM before CM start in Unity Cup scenario,UG (or higher),3,,,,3,,,,19,Curren Chan (Wedding),Pace Chaser,Ace built for this CM before CM start in Unity Cup scenario,UG (or higher),3,,,,3,,,,12,Nishino Flower,Pace Chaser,Ace built for this CM before CM start in Unity Cup scenario,UG (or higher),3,,,,3,,,,20,4 Attempts - 20 Races total,17,Go to Submit page,,,,,,,,,,,,,,,,,,,,Re-use Day 1 - Team Comp 1 as Day 2 - Team Comp 1,,,,,,,,,,,,,4 Attempts - 20 Races total,11,Go to Submit page,,,,,,,,,,,,,,,,,,Re-use Day 2 - Team Comp 1 as Day 3 - Team Comp 1,A Group,,,,,,,,,,,,,4 Attempts - 20 Races total,11,Go to Submit page,,,,,,,,,,,,,,,,,,Re-use Day 3 - Team Comp 1 as Day 4 - Team Comp 1,A Group,,,,,,,,,,,,,4 Attempts - 20 Races total,14,Go to Submit page,,,,,,,,,,,,,,,,,,A Finals,12181,Re-use Day 4 - Team Comp 1 as Finals Team Comp,,,,,,,,,,https://drive.google.com/open?id=1rpu2wOtdXpm-WADAF83KZ7S6H2HgCz10,1st,,,,,,,,,,,,https://drive.google.com/open?id=1ZZjlS-0k5xO3yYBISkBTH9Z7PRT9RhYt,https://drive.google.com/open?id=1t3IA8ZBX_m2UJwlAmjdQsig8l4vY8JK7,,,2,13,,,https://drive.google.com/open?id=1P9Cf--s370GRbCiT2RkT6_jazASO4niM
hayashi,Graded (No Uma Restrictions),"Win A finals with ""oshi"" uma",I accept these terms,Finals,"Android - phone or tablet, Windows",$1001-5000,1640,21-30 (roughly 3-4 per day),"Discord - MooMooCord - https://discord.gg/Hc7cP9GB, Twitch - MooMooCows - https://www.twitch.tv/moomoomoocows, YouTube - MooMooCows - https://www.youtube.com/@MooMooCows",,,Daiwa Scarlet,Pace Chaser,Ace built for this CM before CM start in Unity Cup scenario,UG (or higher),2,,1,,3,,,,,Vodka,Late Surger,Ace built for this CM before CM start in Unity Cup scenario,SS+,2,,1,,3,,,,,Silence Suzuka,Front Runner,Ace built for this CM before CM start in Unity Cup scenario,UG (or higher),2,,1,,4,,,,,4 Attempts - 20 Races total,14,Go to Submit page,,,,,,,,,,,,,,,,,,,,Re-use Day 1 - Team Comp 1 as Day 2 - Team Comp 1,,,,,,,,,,,,,4 Attempts - 20 Races total,13,Go to Submit page,,,,,,,,,,,,,,,,,,Re-use Day 2 - Team Comp 1 as Day 3 - Team Comp 1,A Group,,,,,,,,,,,,,4 Attempts - 20 Races total,10,Go to Submit page,,,,,,,,,,,,,,,,,,Re-use Day 3 - Team Comp 1 as Day 4 - Team Comp 1,A Group,,,,,,,,,,,,,4 Attempts - 20 Races total,10,Go to Submit page,,,,,,,,,,,,,,,,,,A Finals,11838,Re-use Day 4 - Team Comp 1 as Finals Team Comp,,,,,,,,,,,2nd,No (goes to Submit page),,,,,,,,,,,,,,,,,,,
enzo1029,Graded (No Uma Restrictions),Win A finals with any uma,I accept these terms,Finals,"Android - phone or tablet, Windows",$101-500,933,6-10 (roughly 1 per day),Discord - MooMooCord - https://discord.gg/Hc7cP9GB,,,Mejiro Dober,Late Surger,Ace built for this CM before CM start in Unity Cup scenario,UG (or higher),2,0,1,0,3,0,0,50,20,Curren Chan (Wedding),Pace Chaser,Ace built for this CM before CM start in Unity Cup scenario,UG (or higher),2,0,1,0,3,0,0,40,17,Silence Suzuka,Runaway,Ace built for this CM before CM start in Unity Cup scenario,UG (or higher),2,0,0,1,3,0,0,45,16,4 Attempts - 20 Races total,15,Go to Submit page,,,,,,,,,,,,,,,,,,,,Re-use Day 1 - Team Comp 1 as Day 2 - Team Comp 1,,,,,,,,,,,,,4 Attempts - 20 Races total,11,Go to Submit page,,,,,,,,,,,,,,,,,,Re-use Day 2 - Team Comp 1 as Day 3 - Team Comp 1,A Group,,,,,,,,,,,,,4 Attempts - 20 Races total,9,Go to Submit page,,,,,,,,,,,,,,,,,,Re-use Day 3 - Team Comp 1 as Day 4 - Team Comp 1,A Group,,,,,,,,,,,,,4 Attempts - 20 Races total,11,Go to Submit page,,,,,,,,,,,,,,,,,,A Finals,8273,Re-use Day 4 - Team Comp 1 as Finals Team Comp,,,,,,,,,,,3rd,No (goes to Submit page),,,,,,,,,,,,,,,,,,,
AntWolf,Graded (No Uma Restrictions),"Win A finals with ""oshi"" uma",I accept these terms,Finals,"iOS - phone or tablet, Windows",$101-500,1827,21-30 (roughly 3-4 per day),"Discord - MooMooCord - https://discord.gg/Hc7cP9GB, YouTube - MooMooCows - https://www.youtube.com/@MooMooCows",5,,Rice Shower,Pace Chaser,Ace built for this CM before CM start in Trackblazer scenario,UG (or higher),1,,,3,2,,,65,38,Curren Chan (Wedding),Pace Chaser,Ace built for this CM before CM start in Unity Cup scenario,UG (or higher),1,,,3,2,,,60,15,Grass Wonder,End Closer,Debuffer,A+,,,,,,,,,,4 Attempts - 20 Races total,15,Go to Submit page,,,,,,,,,,,,,,,,,,,,Re-use Day 1 - Team Comp 1 as Day 2 - Team Comp 1,,,,,,,,,,,,,4 Attempts - 20 Races total,18,Go to Submit page,,,,,,,,,,,,,,,,,,Re-use Day 2 - Team Comp 1 as Day 3 - Team Comp 1,A Group,,,,,,,,,,,,,4 Attempts - 20 Races total,11,Go to Submit page,,,,,,,,,,,,,,,,,,Re-use Day 3 - Team Comp 1 as Day 4 - Team Comp 1,A Group,,,,,,,,,,,,,4 Attempts - 20 Races total,14,Go to Submit page,,,,,,,,,,,,,,,,,,A Finals,10994,Re-use Day 4 - Team Comp 1 as Finals Team Comp,,,,,,,,,,https://drive.google.com/open?id=1Ad9UGmJ9Te_SQsDY_9ipF8g9MYvjoamM,1st,,,,,,,,,,,The Most Controversial Rice On Reddit. OSHI GAMING!!!,https://drive.google.com/open?id=1TrxIjUCxn596spfJgB5xlV77z4EE1pr3,https://drive.google.com/open?id=10U2Lcdyzu32wwnuzWgMrO2qa6b-jaV0q,,3,,9,2,2,https://drive.google.com/open?id=1RXnXkupMvOF0xpqqOJJBuWNbm10RhoSP
hash2,Open (A+ Grade and Lower Umas Only),Win A finals with any uma,I accept these terms,Finals,"Android - phone or tablet, Windows",$1-100,1135,6-10 (roughly 1 per day),Discord - MooMooCord - https://discord.gg/Hc7cP9GB,,,Nishino Flower,Pace Chaser,Ace built for this CM before CM start in Trackblazer scenario,A+,1,0,0,,2,0,0,,32,Oguri Cap,Pace Chaser,Ace built for this CM before CM start in Trackblazer scenario,A+,1,0,0,3,2,0,0,,36,Curren Chan,Pace Chaser,Ace built for this CM before CM start in Trackblazer scenario,A+,1,,,2,3,,,,37,3 Attempts - 15 Races total,15,Go to Submit page,,,,,,,,,,,,,,,,,,,,Re-use Day 1 - Team Comp 1 as Day 2 - Team Comp 1,,,,,,,,,,,,,3 Attempts - 15 Races total,15,Go to Submit page,,,,,,,,,,,,,,,,,,Re-use Day 2 - Team Comp 1 as Day 3 - Team Comp 1,A Group,,,,,,,,,,,,,3 Attempts - 15 Races total,15,Go to Submit page,,,,,,,,,,,,,,,,,,Re-use Day 3 - Team Comp 1 as Day 4 - Team Comp 1,A Group,,,,,,,,,,,,,3 Attempts - 15 Races total,14,Go to Submit page,,,,,,,,,,,,,,,,,,A Finals,4986,Re-use Day 4 - Team Comp 1 as Finals Team Comp,,,,,,,,,,https://drive.google.com/open?id=1MJwkVb-XGNtCHLMeshs1E6MQwDmNyFmP,1st,,,,,,,,,,,,,,,,,,,,
PrinzRohan,Graded (No Uma Restrictions),Win A finals with any uma,I accept these terms,Finals,"Android - phone or tablet, Windows",$1001-5000,488,11-20 (roughly 2-3 per day),"Discord - MooMooCord - https://discord.gg/Hc7cP9GB, Twitch - MooMooCows - https://www.twitch.tv/moomoomoocows, YouTube - MooMooCows - https://www.youtube.com/@MooMooCows",5,,Nishino Flower,Pace Chaser,Ace built for this CM before CM start in Unity Cup scenario,UG (or higher),,,,,,,,,,Taiki Shuttle,Pace Chaser,Ace built for this CM before CM start in Unity Cup scenario,UG (or higher),,,,,,,,,,Fuji Kiseki (Ballroom),Pace Chaser,Ace built for this CM before CM start in Unity Cup scenario,UG (or higher),,,,,,,,,,4 Attempts - 20 Races total,16,Go to Submit page,,,,,,,,,,,,,,,,,,,,Re-use Day 1 - Team Comp 1 as Day 2 - Team Comp 1,,,,,,,,,,,,,4 Attempts - 20 Races total,12,Go to Submit page,,,,,,,,,,,,,,,,,,Re-use Day 2 - Team Comp 1 as Day 3 - Team Comp 1,A Group,,,,,,,,,,,,,4 Attempts - 20 Races total,10,Go to Submit page,,,,,,,,,,,,,,,,,,Re-use Day 3 - Team Comp 1 as Day 4 - Team Comp 1,A Group,,,,,,,,,,,,,4 Attempts - 20 Races total,6,Go to Submit page,,,,,,,,,,,,,,,,,,A Finals,10663,Re-use Day 4 - Team Comp 1 as Finals Team Comp,,,,,,,,,,,1st,,,,,,,,,,,,,,,,,,,,
Ceobe,Graded (No Uma Restrictions),"Win A finals with ""oshi"" uma",I accept these terms,Day 2,iOS - phone or tablet,$101-500,1469,21-30 (roughly 3-4 per day),YouTube - MooMooCows - https://www.youtube.com/@MooMooCows,,,Manhattan Cafe,Late Surger,Ace built for this CM before CM start in Unity Cup scenario,UG (or higher),2,0,0,0,4,0,0,50,14,Agnes Tachyon,End Closer,Debuffer,UG (or higher),2,0,0,0,4,0,0,50,13,Symboli Rudolf,End Closer,Debuffer,S+,0,0,0,1,5,0,0,50,13,4 Attempts - 20 Races total,12,Go to Submit page,,,,,,,,,,,,,,,,,,,,Re-use Day 1 - Team Comp 1 as Day 2 - Team Comp 1,,,,,,,,,,,,,4 Attempts - 20 Races total,14,Go to Submit page,,,,,,,,,,,,,,,,,,,,,,,,,,,,,,,,,,,,,,,,,,,,,,,,,,,,,,,,,,,,,,,,,,,,,,,,,,,,,,,,,,,,,,,,,,,,,,,,,,,,,,,,,,,,,,,,,,,,,,,
DanFPS,Graded (No Uma Restrictions),Win A finals with any uma,I accept these terms,Finals,Windows,Rather not say,1872,31-45 (roughly 5-6 per day),Discord - MooMooCord - https://discord.gg/Hc7cP9GB,5,,Oguri Cap,Pace Chaser,Ace built for this CM before CM start in Trackblazer scenario,SS+,2,,2,,2,,,70,39,Taiki Shuttle,Pace Chaser,Ace built for this CM before CM start in Trackblazer scenario,SS+,2,,2,,2,,,70,39,Nishino Flower,Pace Chaser,Ace built for this CM before CM start in Trackblazer scenario,SS,2,,2,,2,,,70,37,4 Attempts - 20 Races total,13,Go to Submit page,,,,,,,,,,,,,,,,,,,,Re-use Day 1 - Team Comp 1 as Day 2 - Team Comp 1,,,,,,,,,,,,,4 Attempts - 20 Races total,13,Go to Submit page,,,,,,,,,,,,,,,,,,Re-use Day 2 - Team Comp 1 as Day 3 - Team Comp 1,A Group,,,,,,,,,,,,,4 Attempts - 20 Races total,10,Go to Submit page,,,,,,,,,,,,,,,,,,Re-use Day 3 - Team Comp 1 as Day 4 - Team Comp 1,A Group,,,,,,,,,,,,,4 Attempts - 20 Races total,12,Go to Submit page,,,,,,,,,,,,,,,,,,A Finals,10787,Re-use Day 4 - Team Comp 1 as Finals Team Comp,,,,,,,,,,https://drive.google.com/open?id=1ma2MjDviL7hi0pPACQRsPxNv9Ww7vsOt,1st,,,,,,,,,,,,https://drive.google.com/open?id=1pv5dw5VuJiPGxvR_-VgxbHzuUSVSXnaL,https://drive.google.com/open?id=1Bg6_xZtuQJtt1LMKwWaJ5RJ2E9BuD_rG,,2,3,12,,,https://drive.google.com/open?id=14xp499q6LpPN9PdJ2Zc1ATMgWdoBUPD8
FalKs,Graded (No Uma Restrictions),"Win A finals with ""oshi"" uma",I accept these terms,Finals,"Android - phone or tablet, Windows",$101-500,1263,21-30 (roughly 3-4 per day),Discord - MooMooCord - https://discord.gg/Hc7cP9GB,5,,Oguri Cap,Pace Chaser,Ace built for this CM before CM start in Unity Cup scenario,UG (or higher),1,,,2,3,,,40,19,Taiki Shuttle,Pace Chaser,Ace built for this CM before CM start in Unity Cup scenario,UG (or higher),1,,,2,3,,,40,19,King Halo,Late Surger,Ace built for this CM before CM start in Unity Cup scenario,SS,2,,,,4,,,35,19,4 Attempts - 20 Races total,16,Go to Submit page,,,,,,,,,,,,,,,,,,,,Re-use Day 1 - Team Comp 1 as Day 2 - Team Comp 1,,,,,,,,,,,,,4 Attempts - 20 Races total,15,Go to Submit page,,,,,,,,,,,,,,,,,,Re-use Day 2 - Team Comp 1 as Day 3 - Team Comp 1,A Group,,,,,,,,,,,,,4 Attempts - 20 Races total,13,Go to Submit page,,,,,,,,,,,,,,,,,,Re-use Day 3 - Team Comp 1 as Day 4 - Team Comp 1,A Group,,,,,,,,,,,,,4 Attempts - 20 Races total,14,Go to Submit page,,,,,,,,,,,,,,,,,,A Finals,13287,Re-use Day 4 - Team Comp 1 as Finals Team Comp,,,,,,,,,,,3rd,No (goes to Submit page),,,,,,,,,,,,,,,,,,,
PeachBleach,Graded (No Uma Restrictions),"Win A finals with ""oshi"" uma",I accept these terms,Finals,"iOS - phone or tablet, Windows",$1-100,1086,6-10 (roughly 1 per day),Discord - MooMooCord - https://discord.gg/Hc7cP9GB,,,Silence Suzuka,Front Runner,Ace built for this CM before CM start in Unity Cup scenario,SS,1,0,1,1,3,0,0,53,21,Taiki Shuttle,Pace Chaser,Ace built for this CM before CM start in Unity Cup scenario,UG (or higher),2,0,1,0,3,0,0,,20,Sakura Bakushin O,Pace Chaser,Ace built for Team Trials,SS,1,0,1,0,3,0,0,,17,4 Attempts - 20 Races total,12,Go to Submit page,,,,,,,,,,,,,,,,,,,,Re-use Day 1 - Team Comp 1 as Day 2 - Team Comp 1,,,,,,,,,,,,,4 Attempts - 20 Races total,10,Go to Submit page,,,,,,,,,,,,,,,,,,Re-use Day 2 - Team Comp 1 as Day 3 - Team Comp 1,A Group,,,,,,,,,,,,,4 Attempts - 20 Races total,14,Go to Submit page,,,,,,,,,,,,,,,,,,Re-use Day 3 - Team Comp 1 as Day 4 - Team Comp 1,A Group,,,,,,,,,,,,,4 Attempts - 20 Races total,13,Go to Submit page,,,,,,,,,,,,,,,,,,A Finals,11559,Re-use Day 4 - Team Comp 1 as Finals Team Comp,,,,,,,,,,https://drive.google.com/open?id=1Uv9IeNX480_IEQOwtrnjjvxvuysqTO0T,2nd,Yes,https://drive.google.com/open?id=17OhWgEzckqnED43b_0VedwOgfdt_l7jz,https://drive.google.com/open?id=1Nnt4u-iYUWsSg4VqkwKoHj0NJeytIYhL,,5,,1,,6,https://drive.google.com/open?id=14PRa5IGX1n-5_9-_hBtuBI2n80_ZmNRb,,,,,,,,,,
C_Salty,Graded (No Uma Restrictions),"Win A finals with ""oshi"" uma",I accept these terms,Finals,Windows,$101-500,1083,6-10 (roughly 1 per day),Discord - MooMooCord - https://discord.gg/Hc7cP9GB,5,,Manhattan Cafe,Late Surger,Ace built for this CM before CM start in Unity Cup scenario,SS,2,0,1,0,3,0,0,58,17,Symboli Rudolf,Late Surger,Ace built for this CM before CM start in Unity Cup scenario,SS+,2,0,1,0,3,0,0,58,18,Mejiro Ardan,Pace Chaser,Ace built for this CM before CM start in Unity Cup scenario,UG (or higher),2,0,1,0,2,0,1,53,16,4 Attempts - 20 Races total,10,Go to Submit page,,,,,,,,,,,,,,,,,,,,Re-use Day 1 - Team Comp 1 as Day 2 - Team Comp 1,,,,,,,,,,,,,4 Attempts - 20 Races total,14,Go to Submit page,,,,,,,,,,,,,,,,,,Re-use Day 2 - Team Comp 1 as Day 3 - Team Comp 1,A Group,,,,,,,,,,,,,4 Attempts - 20 Races total,9,Go to Submit page,,,,,,,,,,,,,,,,,,Re-use Day 3 - Team Comp 1 as Day 4 - Team Comp 1,A Group,,,,,,,,,,,,,4 Attempts - 20 Races total,6,Go to Submit page,,,,,,,,,,,,,,,,,,A Finals,5453,Re-use Day 4 - Team Comp 1 as Finals Team Comp,,,,,,,,,,https://drive.google.com/open?id=1p85hI_pPjD6eBrx0DCIBTUqAB2FWlIyM,2nd,Yes,https://drive.google.com/open?id=1Pi_LbiFkFcesc7NPh54--JAUdsxSvqsb,https://drive.google.com/open?id=1GZnY42fBcfxEAmHtfj3UilIXomXtyUE1,,0,0,18,0,0,https://drive.google.com/open?id=1L6oZsCjshVkPL-8fW2fSMs6uM7pDy67Q,,,,,,,,,,
Lefebvre,Graded (No Uma Restrictions),"Win A finals with ""oshi"" uma",I accept these terms,Finals,Windows,$1-100,757,21-30 (roughly 3-4 per day),Discord - MooMooCord - https://discord.gg/Hc7cP9GB,,,Haru Urara (New Year),Late Surger,Ace built for this CM before CM start in Unity Cup scenario,SS,3,,1,,2,,,,,Agnes Tachyon,Late Surger,Debuffer,A+,,,,,,,,,,Symboli Rudolf,Late Surger,Debuffer,A+,,,,,,,,,,3 Attempts - 15 Races total,8,Go to Submit page,,,,,,,,,,,,,,,,,,,,Re-use Day 1 - Team Comp 1 as Day 2 - Team Comp 1,,,,,,,,,,,,,3 Attempts - 15 Races total,6,Go to Submit page,,,,,,,,,,,,,,,,,,Re-use Day 2 - Team Comp 1 as Day 3 - Team Comp 1,A Group,,,,,,,,,,,,,3 Attempts - 15 Races total,4,Go to Submit page,,,,,,,,,,,,,,,,,,Re-use Day 3 - Team Comp 1 as Day 4 - Team Comp 1,A Group,,,,,,,,,,,,,3 Attempts - 15 Races total,6,Go to Submit page,,,,,,,,,,,,,,,,,,A Finals,9761,Re-use Day 4 - Team Comp 1 as Finals Team Comp,,,,,,,,,,https://drive.google.com/open?id=17AgxiVltkQiSw4ZS0zCBAOWsQjL7GkiJ,3rd,Yes,https://drive.google.com/open?id=1iX8j-SSdx4Pn3XQ5n4PscM32X60IA6od,https://drive.google.com/open?id=1V1TG3QvSOqh5QISH1-Ed_HPQO5nb5d7_,,,,,2,3,https://drive.google.com/open?id=1LuHAeODtGOBTZFIgdOVCW_L-n4UmAYDM,,,,,,,,,,
Uniqai,Graded (No Uma Restrictions),"Win A finals with ""oshi"" uma",I accept these terms,Finals,Windows,$5000+,2074,21-30 (roughly 3-4 per day),Discord - MooMooCord - https://discord.gg/Hc7cP9GB,5,,Meisho Doto,Pace Chaser,Ace built for this CM before CM start in Unity Cup scenario,SS,2,0,1,0,3,0,0,,,Gold City (Festival),Pace Chaser,Ace built for this CM before CM start in Unity Cup scenario,UG (or higher),2,0,1,0,3,0,0,,,Mejiro Ardan,Pace Chaser,Ace built for this CM before CM start in Unity Cup scenario,UG (or higher),2,0,1,0,3,0,0,,,4 Attempts - 20 Races total,14,Go to Submit page,,,,,,,,,,,,,,,,,,,,Re-use Day 1 - Team Comp 1 as Day 2 - Team Comp 1,,,,,,,,,,,,,4 Attempts - 20 Races total,12,Go to Submit page,,,,,,,,,,,,,,,,,,Re-use Day 2 - Team Comp 1 as Day 3 - Team Comp 1,A Group,,,,,,,,,,,,,4 Attempts - 20 Races total,12,Go to Submit page,,,,,,,,,,,,,,,,,,Re-use Day 3 - Team Comp 1 as Day 4 - Team Comp 1,A Group,,,,,,,,,,,,,4 Attempts - 20 Races total,10,Go to Submit page,,,,,,,,,,,,,,,,,,A Finals,8037,Re-use Day 4 - Team Comp 1 as Finals Team Comp,,,,,,,,,,https://drive.google.com/open?id=1b8NEoPvGHLzVHz4DYjQvPOFr_UePxJc2,1st,,,,,,,,,,,Everything I do is so I can shine in this moment.,https://drive.google.com/open?id=1KuGMrioPwXZQt8o4qGz6CtWocloNCrFw,https://drive.google.com/open?id=1KxC6cnw3dJBK2k9cTAIOiW-_4RyS-Q3f,,2,6,7,0,0,https://drive.google.com/open?id=1sELHoCpFS2JNdvqlAYOjgHnjQkpH_O3G
Excelt,Graded (No Uma Restrictions),Rather not say,I accept these terms,Day 4,,$0,847,31-45 (roughly 5-6 per day),,,,T.M. Opera O,Pace Chaser,Ace built for this CM before CM start in Unity Cup scenario,SS,2,,,1,3,,,,,Curren Chan,Pace Chaser,Ace built for this CM before CM start in Unity Cup scenario,SS+,2,,,1,3,,,,,Kawakami Princess,Late Surger,Ace built for this CM before CM start in Trackblazer scenario,SS,3,,1,,2,,,60,40,4 Attempts - 20 Races total,11,Go to Submit page,,,,,,,,,,,,,,,,,,,,Re-use Day 1 - Team Comp 1 as Day 2 - Team Comp 1,,,,,,,,,,,,,4 Attempts - 20 Races total,12,Go to Submit page,,,,,,,,,,,,,,,,,,Re-use Day 2 - Team Comp 1 as Day 3 - Team Comp 1,A Group,,,,,,,,,,,,,4 Attempts - 20 Races total,14,Go to Submit page,,,,,,,,,,,,,,,,,,Re-use Day 3 - Team Comp 1 as Day 4 - Team Comp 1,A Group,,,,,,,,,,,,,4 Attempts - 20 Races total,11,Go to Submit page,,,,,,,,,,,,,,,,,,,,,,,,,,,,,,,,,,,,,,,,,,,,,,,,,,,
Bresh,Graded (No Uma Restrictions),"Win A finals with ""oshi"" uma",I accept these terms,Finals,iOS - phone or tablet,$501-1000,1526,21-30 (roughly 3-4 per day),"Discord - MooMooCord - https://discord.gg/Hc7cP9GB, Twitch - MooMooCows - https://www.twitch.tv/moomoomoocows, YouTube - MooMooCows - https://www.youtube.com/@MooMooCows",5,,Hishi Amazon,End Closer,Ace built for this CM before CM start in Trackblazer scenario,UG (or higher),2,,,2,2,,,60,40,Curren Chan (Wedding),Pace Chaser,Ace built for this CM before CM start in Unity Cup scenario,SS+,1,,,3,1,,1,70,18,Taiki Shuttle,Pace Chaser,Ace built for this CM before CM start in Unity Cup scenario,UG (or higher),1,,,3,1,,1,70,20,4 Attempts - 20 Races total,14,Go to Submit page,,,,,,,,,,,,,,,,,,,,Re-use Day 1 - Team Comp 1 as Day 2 - Team Comp 1,,,,,,,,,,,,,4 Attempts - 20 Races total,16,Go to Submit page,,,,,,,,,,,,,,,,,,Re-use Day 2 - Team Comp 1 as Day 3 - Team Comp 1,A Group,,,,,,,,,,,,,4 Attempts - 20 Races total,13,Go to Submit page,,,,,,,,,,,,,,,,,,Re-use Day 3 - Team Comp 1 as Day 4 - Team Comp 1,A Group,,,,,,,,,,,,,4 Attempts - 20 Races total,12,Go to Submit page,,,,,,,,,,,,,,,,,,A Finals,11499,Re-use Day 4 - Team Comp 1 as Finals Team Comp,,,,,,,,,,https://drive.google.com/open?id=1aT4UdrJKkMJ46HYyy58rCFGR7c-fyisZ,1st,,,,,,,,,,,,https://drive.google.com/open?id=1N-e8z3WpNUtu5etLz1KzU1Li4w01OdUW,https://drive.google.com/open?id=1G_YhxtxS4ilEDOXklyh3huSQQyzsdnGV,,2,,11,,,https://drive.google.com/open?id=1ncBd2VNaKDtHt9_ZxgT3GOLXjWmG95Bh
Wully,Graded (No Uma Restrictions),Win A finals with any uma,I accept these terms,Finals,Windows,$1001-5000,,11-20 (roughly 2-3 per day),,,,Oguri Cap,Pace Chaser,Ace built for this CM before CM start in Unity Cup scenario,SS,,,,,,,,,,Taiki Shuttle,Pace Chaser,Ace built for this CM before CM start in Unity Cup scenario,SS,,,,,,,,,,Nishino Flower,Pace Chaser,Ace built for this CM before CM start in Unity Cup scenario,SS,,,,,,,,,,4 Attempts - 20 Races total,12,Go to Submit page,,,,,,,,,,,,,,,,,,,,Re-use Day 1 - Team Comp 1 as Day 2 - Team Comp 1,,,,,,,,,,,,,4 Attempts - 20 Races total,11,Go to Submit page,,,,,,,,,,,,,,,,,,Re-use Day 2 - Team Comp 1 as Day 3 - Team Comp 1,A Group,,,,,,,,,,,,,4 Attempts - 20 Races total,11,Go to Submit page,,,,,,,,,,,,,,,,,,Re-use Day 3 - Team Comp 1 as Day 4 - Team Comp 1,A Group,,,,,,,,,,,,,4 Attempts - 20 Races total,9,Go to Submit page,,,,,,,,,,,,,,,,,,A Finals,8085,Re-use Day 4 - Team Comp 1 as Finals Team Comp,,,,,,,,,,https://drive.google.com/open?id=1a7_QP9VHn9KzmHS1Mjs3u3THf1vd4iFF,1st,,,,,,,,,,,,https://drive.google.com/open?id=1Nkb8xTUUgWhK1ohxeDOsjGe-zXssL1ym,https://drive.google.com/open?id=1_ywvA6V0C3cpW3FtaTd-mAXECABnffKj,,,,,,,https://drive.google.com/open?id=1cqZmkaBZIgqAUJoPmnfP5relXoGHS99G
Kagetsuwaru,Graded (No Uma Restrictions),"Win A finals with ""oshi"" uma",I accept these terms,Finals,Windows,$1-100,1065,11-20 (roughly 2-3 per day),Discord - MooMooCord - https://discord.gg/Hc7cP9GB,4,,Tamamo Cross,End Closer,Ace built for this CM before CM start in Unity Cup scenario,SS,2,,2,,2,,,,18,Taiki Shuttle,Pace Chaser,Ace built for this CM before CM start in Unity Cup scenario,SS,2,,1,,2,1,,,16,Oguri Cap,Pace Chaser,Ace built for this CM before CM start in Unity Cup scenario,UG (or higher),2,,1,1,3,,,,19,4 Attempts - 20 Races total,13,Go to Submit page,,,,,,,,,,,,,,,,,,,,Re-use Day 1 - Team Comp 1 as Day 2 - Team Comp 1,,,,,,,,,,,,,4 Attempts - 20 Races total,9,Go to Submit page,,,,,,,,,,,,,,,,,,Re-use Day 2 - Team Comp 1 as Day 3 - Team Comp 1,A Group,,,,,,,,,,,,,4 Attempts - 20 Races total,9,Go to Submit page,,,,,,,,,,,,,,,,,,Re-use Day 3 - Team Comp 1 as Day 4 - Team Comp 1,A Group,,,,,,,,,,,,,4 Attempts - 20 Races total,8,Go to Submit page,,,,,,,,,,,,,,,,,,A Finals,6581,Add new Team Comp as Finals Team Comp,Tamamo Cross,End Closer,Ace built for this CM before CM start in Unity Cup scenario,Grass Wonder,Late Surger,Debuffer,Agnes Tachyon,Late Surger,Debuffer,https://drive.google.com/open?id=1EgTvebn81mivqe5F7pYAFBMgkpP7qOkI,3rd,No (goes to Submit page),,,,,,,,,,,,,,,,,,,
Carakuza,Graded (No Uma Restrictions),Win A finals with any uma,I accept these terms,Finals,,,,21-30 (roughly 3-4 per day),,,,Taiki Shuttle,Pace Chaser,Ace built for this CM before CM start in Unity Cup scenario,UG (or higher),2,0,1,1,2,,,,,Oguri Cap,Pace Chaser,Ace built for this CM before CM start in Unity Cup scenario,UG (or higher),1,0,0,3,2,,,,,Air Groove,Late Surger,Ace built for this CM before CM start in Unity Cup scenario,UG (or higher),2,,1,,3,,,,,4 Attempts - 20 Races total,16,Go to Submit page,,,,,,,,,,,,,,,,,,,,Re-use Day 1 - Team Comp 1 as Day 2 - Team Comp 1,,,,,,,,,,,,,4 Attempts - 20 Races total,18,Go to Submit page,,,,,,,,,,,,,,,,,,Re-use Day 2 - Team Comp 1 as Day 3 - Team Comp 1,A Group,,,,,,,,,,,,,4 Attempts - 20 Races total,15,Go to Submit page,,,,,,,,,,,,,,,,,,Re-use Day 3 - Team Comp 1 as Day 4 - Team Comp 1,A Group,,,,,,,,,,,,,4 Attempts - 20 Races total,17,Go to Submit page,,,,,,,,,,,,,,,,,,A Finals,,Re-use Day 4 - Team Comp 1 as Finals Team Comp,,,,,,,,,,,1st,,,,,,,,,,,,,,,,,,,,
Plati,Graded (No Uma Restrictions),Get into A finals,I accept these terms,Finals,"Android - phone or tablet, Windows",$101-500,1700,11-20 (roughly 2-3 per day),Discord - MooMooCord - https://discord.gg/Hc7cP9GB,5,Redshift,Taiki Shuttle (Camping),Pace Chaser,Ace built for this CM before CM start in Unity Cup scenario,SS+,,,,,,,,60,20,Oguri Cap,Pace Chaser,Ace built for this CM before CM start in Unity Cup scenario,UG (or higher),,,,,,,,60,18,Curren Chan,Pace Chaser,Ace built for this CM before CM start in Unity Cup scenario,UG (or higher),,,,,,,,60,16,4 Attempts - 20 Races total,15,Go to Submit page,,,,,,,,,,,,,,,,,,,,Add new Team Comp as Day 2 - Team Comp 1,Taiki Shuttle (Camping),Pace Chaser,Ace built for this CM before CM start in Unity Cup scenario,SS+,Vodka,Late Surger,Ace built for this CM before CM start in Unity Cup scenario,SS+,Oguri Cap,Pace Chaser,Ace built for this CM before CM start in Unity Cup scenario,UG (or higher),4 Attempts - 20 Races total,14,Go to Submit page,,,,,,,,,,,,,,,,,,Re-use Day 2 - Team Comp 2 as Day 3 - Team Comp 1,A Group,,,,,,,,,,,,,4 Attempts - 20 Races total,10,Day 4,,,,,,,,,,,,,,,,,,Re-use Day 3 - Team Comp 1 as Day 4 - Team Comp 1,A Group,,,,,,,,,,,,,4 Attempts - 20 Races total,14,Go to Submit page,,,,,,,,,,,,,,,,,,A Finals,10015,Re-use Day 4 - Team Comp 1 as Finals Team Comp,,,,,,,,,,https://drive.google.com/open?id=12TPbMLG8xPHbQE9joq0Todd9uiI7Luo2,1st,,,,,,,,,,,Not even close,https://drive.google.com/open?id=13BNtwWGM0IC_J_F_Hpq9DVqvD8fHSIUS,https://drive.google.com/open?id=1A_44rv6NiaBk_y-ZrNxQ8hMCdr1Q7oJO,,2,3,5,2,0,https://drive.google.com/open?id=1RP5mrsYI0_cuOiHvmcK1jVip3q7hv7q_
Excellyon,Graded (No Uma Restrictions),Win A finals with any uma,I accept these terms,Day 2,Windows,$1001-5000,,11-20 (roughly 2-3 per day),Discord - MooMooCord - https://discord.gg/Hc7cP9GB,,,Seiun Sky,Front Runner,Ace built for this CM before CM start in Unity Cup scenario,UG (or higher),2,0,0,1,3,0,0,,,Taiki Shuttle,Pace Chaser,Ace built for this CM before CM start in Unity Cup scenario,UG (or higher),2,0,1,0,3,0,0,,,Mayano Top Gun (Wedding),Late Surger,Ace built for this CM before CM start in Unity Cup scenario,UG (or higher),1,0,1,0,3,0,1,,,4 Attempts - 20 Races total,16,Day 2,,,,,,,,,,,,,,,,,,,,Re-use Day 1 - Team Comp 1 as Day 2 - Team Comp 1,,,,,,,,,,,,,4 Attempts - 20 Races total,15,Day 3,,,,,,,,,,,,,,,,,,Re-use Day 2 - Team Comp 1 as Day 3 - Team Comp 1,A Group,,,,,,,,,,,,,4 Attempts - 20 Races total,11,Day 4,,,,,,,,,,,,,,,,,,Re-use Day 3 - Team Comp 1 as Day 4 - Team Comp 1,A Group,,,,,,,,,,,,,4 Attempts - 20 Races total,10,Finals,,,,,,,,,,,,,,,,,,A Finals,8432,Re-use Day 4 - Team Comp 1 as Finals Team Comp,,,,,,,,,,https://drive.google.com/open?id=1qgaGXbUUtOVm9tZxfy1Wckg_z6Op-oFq,2nd,No (goes to Submit page),,,,,,,,,,,,,,,,,,,
Asiano_pies,Graded (No Uma Restrictions),Get into A finals,I accept these terms,Finals,"iOS - phone or tablet, Windows",$0,383,6-10 (roughly 1 per day),Discord - MooMooCord - https://discord.gg/Hc7cP9GB,5,,Air Groove,Late Surger,Ace built for this CM before CM start in Unity Cup scenario,SS+,2,,,,4,,,55,23,Oguri Cap,Pace Chaser,Ace built for this CM before CM start in Unity Cup scenario,UG (or higher),2,,,1,3,,,50,20,Nishino Flower,Pace Chaser,Ace built for this CM before CM start in Unity Cup scenario,UG (or higher),2,,,1,3,,,50,21,4 Attempts - 20 Races total,13,Go to Submit page,,,,,,,,,,,,,,,,,,,,Re-use Day 1 - Team Comp 1 as Day 2 - Team Comp 1,,,,,,,,,,,,,4 Attempts - 20 Races total,14,Go to Submit page,,,,,,,,,,,,,,,,,,Re-use Day 2 - Team Comp 1 as Day 3 - Team Comp 1,A Group,,,,,,,,,,,,,4 Attempts - 20 Races total,10,Go to Submit page,,,,,,,,,,,,,,,,,,Re-use Day 3 - Team Comp 1 as Day 4 - Team Comp 1,A Group,,,,,,,,,,,,,4 Attempts - 20 Races total,12,Go to Submit page,,,,,,,,,,,,,,,,,,A Finals,8643,Re-use Day 4 - Team Comp 1 as Finals Team Comp,,,,,,,,,,https://drive.google.com/open?id=1qp805BahAKWiLYZRX4hHFWx1SCelMaiv,2nd,Yes,https://drive.google.com/open?id=1tICVbsTTrze7YzjYqZtKpn9cKRw_GD7s,https://drive.google.com/open?id=1m1jghSrcr31nW03_gnUGW0F9S42hNfm4,,3,,12,3,,https://drive.google.com/open?id=1xytCkx-jpO6onGSiRcKmR8wpSfaghRjC,,,,,,,,,,
Kyee,Graded (No Uma Restrictions),Win A finals with any uma,I accept these terms,Finals,"Android - phone or tablet, Linux",$101-500,861,11-20 (roughly 2-3 per day),Discord - MooMooCord - https://discord.gg/Hc7cP9GB,,,Curren Chan,Pace Chaser,Ace built for this CM before CM start in Unity Cup scenario,UG (or higher),1,0,1,0,3,1,0,,,Air Groove (Wedding),Pace Chaser,Ace built for this CM before CM start in Unity Cup scenario,SS,1,0,1,0,3,1,0,,,Sakura Chiyono O,Pace Chaser,Ace built for this CM before CM start in Unity Cup scenario,SS,2,0,0,1,2,1,0,,,4 Attempts - 20 Races total,13,Go to Submit page,,,,,,,,,,,,,,,,,,,,Re-use Day 1 - Team Comp 1 as Day 2 - Team Comp 1,,,,,,,,,,,,,4 Attempts - 20 Races total,9,Go to Submit page,,,,,,,,,,,,,,,,,,Re-use Day 2 - Team Comp 1 as Day 3 - Team Comp 1,A Group,,,,,,,,,,,,,4 Attempts - 20 Races total,10,Go to Submit page,,,,,,,,,,,,,,,,,,Re-use Day 3 - Team Comp 1 as Day 4 - Team Comp 1,A Group,,,,,,,,,,,,,4 Attempts - 20 Races total,8,Go to Submit page,,,,,,,,,,,,,,,,,,A Finals,9261,Re-use Day 4 - Team Comp 1 as Finals Team Comp,,,,,,,,,,https://drive.google.com/open?id=1SDRfbuGF2Af2470fKszUFVY6JUCLMJyG,2nd,No (goes to Submit page),,,,,,,,,,,,,,,,,,,
Wraith,Graded (No Uma Restrictions),Win A finals with any uma,I accept these terms,Finals,"Android - phone or tablet, Windows",$501-1000,2448,31-45 (roughly 5-6 per day),Discord - MooMooCord - https://discord.gg/Hc7cP9GB,,,Nishino Flower,Pace Chaser,Ace built for this CM before CM start in Unity Cup scenario,UG (or higher),2,0,0,1,3,0,0,45,22,Taiki Shuttle,Pace Chaser,Ace built for this CM before CM start in Unity Cup scenario,UG (or higher),2,0,0,1,3,0,0,45,20,Oguri Cap,Pace Chaser,Ace built for this CM before CM start in Unity Cup scenario,UG (or higher),2,0,0,1,3,0,0,45,19,4 Attempts - 20 Races total,16,Go to Submit page,,,,,,,,,,,,,,,,,,,,Re-use Day 1 - Team Comp 1 as Day 2 - Team Comp 1,,,,,,,,,,,,,4 Attempts - 20 Races total,17,Go to Submit page,,,,,,,,,,,,,,,,,,Re-use Day 2 - Team Comp 1 as Day 3 - Team Comp 1,A Group,,,,,,,,,,,,,4 Attempts - 20 Races total,15,Go to Submit page,,,,,,,,,,,,,,,,,,Re-use Day 3 - Team Comp 1 as Day 4 - Team Comp 1,A Group,,,,,,,,,,,,,4 Attempts - 20 Races total,16,Go to Submit page,,,,,,,,,,,,,,,,,,A Finals,13395,Re-use Day 4 - Team Comp 1 as Finals Team Comp,,,,,,,,,,https://drive.google.com/open?id=19jmBA9ttMKW7-M-qfvNscgsvdiTeWqKC,1st,,,,,,,,,,,,https://drive.google.com/open?id=1kDCbs63H2Bgg6vw8tPefD7z2hDf-6G9V,https://drive.google.com/open?id=15qwmuiHw5XMLVIZ0BlbhbGdjFhV8vpN_,,,,,,,https://drive.google.com/open?id=19UElOuVKQ2TpSP7_SYAOpxeIO1NG47SA
Kekginger,Graded (No Uma Restrictions),"Win A finals with ""oshi"" uma",I accept these terms,Finals,"iOS - phone or tablet, Windows",Rather not say,900,11-20 (roughly 2-3 per day),Discord - MooMooCord - https://discord.gg/Hc7cP9GB,5,,Silence Suzuka,Front Runner,Ace built for this CM before CM start in Unity Cup scenario,UG (or higher),1,0,0,2,3,0,0,40,12,Taiki Shuttle,Pace Chaser,Ace built for this CM before CM start in Unity Cup scenario,UG (or higher),2,0,0,1,3,0,0,40,18,Curren Chan (Wedding),Pace Chaser,Ace built for this CM before CM start in Unity Cup scenario,SS,2,0,0,1,3,0,0,45,17,4 Attempts - 20 Races total,14,Go to Submit page,,,,,,,,,,,,,,,,,,,,Re-use Day 1 - Team Comp 1 as Day 2 - Team Comp 1,,,,,,,,,,,,,4 Attempts - 20 Races total,14,Go to Submit page,,,,,,,,,,,,,,,,,,Re-use Day 2 - Team Comp 1 as Day 3 - Team Comp 1,A Group,,,,,,,,,,,,,4 Attempts - 20 Races total,8,Go to Submit page,,,,,,,,,,,,,,,,,,Re-use Day 3 - Team Comp 1 as Day 4 - Team Comp 1,A Group,,,,,,,,,,,,,4 Attempts - 20 Races total,11,Go to Submit page,,,,,,,,,,,,,,,,,,A Finals,10400,Re-use Day 4 - Team Comp 1 as Finals Team Comp,,,,,,,,,,https://drive.google.com/open?id=1vB1Qssv6vrbUQqEy-9CD8gU7brs22oet,2nd,Yes,https://drive.google.com/open?id=1_vg3s-z5by5WTNLrGmK9fZLmdaBt7WLP,https://drive.google.com/open?id=1W3m-yKwzqk2xn7NAPjV70gJlITzLcJRW,,3,,11,,1,https://drive.google.com/open?id=1UmYYd20yGfGqR9Ot7QuXfJe8Oo4eEYEo,,,,,,,,,,
PeaceOut,Graded (No Uma Restrictions),Win A finals with any uma,I accept these terms,Finals,iOS - phone or tablet,$1-100,1968,21-30 (roughly 3-4 per day),"Reddit - /r/umamusumeGame, YouTube - MooMooCows - https://www.youtube.com/@MooMooCows",,,Taiki Shuttle,Pace Chaser,Ace built for this CM before CM start in Unity Cup scenario,UG (or higher),2,,,1,3,,,50,19,Oguri Cap,Pace Chaser,Ace built for this CM before CM start in Trackblazer scenario,SS+,1,,,3,2,,,50,37,Sakura Bakushin O,Pace Chaser,Ace built for this CM before CM start in Unity Cup scenario,UG (or higher),2,,1,,3,,,40,18,4 Attempts - 20 Races total,18,Go to Submit page,,,,,,,,,,,,,,,,,,,,Re-use Day 1 - Team Comp 1 as Day 2 - Team Comp 1,,,,,,,,,,,,,4 Attempts - 20 Races total,18,Go to Submit page,,,,,,,,,,,,,,,,,,Re-use Day 2 - Team Comp 1 as Day 3 - Team Comp 1,A Group,,,,,,,,,,,,,4 Attempts - 20 Races total,11,Go to Submit page,,,,,,,,,,,,,,,,,,Re-use Day 3 - Team Comp 1 as Day 4 - Team Comp 1,A Group,,,,,,,,,,,,,4 Attempts - 20 Races total,15,Go to Submit page,,,,,,,,,,,,,,,,,,A Finals,11816,Re-use Day 4 - Team Comp 1 as Finals Team Comp,,,,,,,,,,https://drive.google.com/open?id=1DhcmtrBm9NSdsUh9dp0H8ckrkYbhHyY_,2nd,Yes,https://drive.google.com/open?id=1_dxcVGcBzqPHPD-21hjnqcsqylQkpeZJ,https://drive.google.com/open?id=11ImRfONKxxcmGLn7nIAB4t0GBzUKG-Fi,,2,,14,,,https://drive.google.com/open?id=1LifVSVFU-RmVkS0F0wD_SaUM8pV9Yq-G,,,,,,,,,,
Anoxic,Graded (No Uma Restrictions),Get into A finals,I accept these terms,Finals,Android - phone or tablet,$0,900,11-20 (roughly 2-3 per day),Discord - MooMooCord - https://discord.gg/Hc7cP9GB,5,,Oguri Cap,Late Surger,Ace built for this CM before CM start in Unity Cup scenario,SS+,2,,1,,1,,1,,,King Halo (Cheerleader),Late Surger,Ace built for this CM before CM start in Unity Cup scenario,SS,2,,2,,2,,1,,,Taiki Shuttle,Pace Chaser,Ace built for this CM before CM start in Unity Cup scenario,SS,2,,,,4,,,,,4 Attempts - 20 Races total,15,Go to Submit page,,,,,,,,,,,,,,,,,,,,Add new Team Comp as Day 2 - Team Comp 1,King Halo,Late Surger,Mid-CM Ace build in Unity Cup scenario,SS,Oguri Cap,Late Surger,Ace built for this CM before CM start in Unity Cup scenario,SS+,Taiki Shuttle,Pace Chaser,Ace built for this CM before CM start in Unity Cup scenario,S+,4 Attempts - 20 Races total,13,Go to Submit page,,,,,,,,,,,,,,,,,,Re-use Day 2 - Team Comp 2 as Day 3 - Team Comp 1,A Group,,,,,,,,,,,,,4 Attempts - 20 Races total,6,Go to Submit page,,,,,,,,,,,,,,,,,,,,,,,,,,,,,,,,,,,,,,,,,,,,,,,,,,,,A Finals,,Re-use Day 4 - Team Comp 2 as Finals Team Comp,,,,,,,,,,,2nd,No (goes to Submit page),,,,,,,,,,,,,,,,,,,
Nehireta,Graded (No Uma Restrictions),Win A finals with any uma,I accept these terms,Finals,Windows,$0,1812,31-45 (roughly 5-6 per day),Discord - MooMooCord - https://discord.gg/Hc7cP9GB,4,,Nishino Flower,Pace Chaser,Ace built for this CM before CM start in Unity Cup scenario,UG (or higher),2,0,0,0,4,0,0,50,16,Oguri Cap,Pace Chaser,Ace built for this CM before CM start in Unity Cup scenario,UG (or higher),2,0,0,0,4,0,0,50,15,Sakura Bakushin O,Pace Chaser,Ace built for this CM before CM start in Unity Cup scenario,UG (or higher),3,0,0,0,3,0,0,55,15,4 Attempts - 20 Races total,19,Go to Submit page,,,,,,,,,,,,,,,,,,,,Add new Team Comp as Day 2 - Team Comp 1,Nishino Flower,Pace Chaser,Ace built for this CM before CM start in Unity Cup scenario,UG (or higher),Oguri Cap,Pace Chaser,Ace built for this CM before CM start in Unity Cup scenario,UG (or higher),Taiki Shuttle,Pace Chaser,Ace built for this CM before CM start in Unity Cup scenario,UG (or higher),4 Attempts - 20 Races total,18,Go to Submit page,,,,,,,,,,,,,,,,,,Re-use Day 2 - Team Comp 1 as Day 3 - Team Comp 1,A Group,,,,,,,,,,,,,4 Attempts - 20 Races total,15,Go to Submit page,,,,,,,,,,,,,,,,,,Re-use Day 3 - Team Comp 1 as Day 4 - Team Comp 1,A Group,,,,,,,,,,,,,4 Attempts - 20 Races total,15,Go to Submit page,,,,,,,,,,,,,,,,,,A Finals,11739,Re-use Day 4 - Team Comp 1 as Finals Team Comp,,,,,,,,,,https://drive.google.com/open?id=1n82XRdkNaIphwmf3Q_CjiiJjcYLcOSJx,1st,,,,,,,,,,,,https://drive.google.com/open?id=1ITJbkNVnMTa0SXEucv2O8891CcgSu7pH,https://drive.google.com/open?id=1OMaWiOMb-eaNAbks3AvR88SCnKGMj8u0,,2,,12,1,,https://drive.google.com/open?id=1kKRdr85tqyGWnyCXIH6sAFunD9HpqTRa
TheHeavenlyRice,Graded (No Uma Restrictions),"Win A finals with ""oshi"" uma",I accept these terms,Finals,Windows,$501-1000,669,11-20 (roughly 2-3 per day),"Discord - MooMooCord - https://discord.gg/Hc7cP9GB, YouTube - MooMooCows - https://www.youtube.com/@MooMooCows",,,Hishi Amazon,Late Surger,Ace built for this CM before CM start in Unity Cup scenario,SS+,2,,1,,3,,,,,Grass Wonder,End Closer,Debuffer,SS,1,,1,,3,1,,,,Symboli Rudolf,End Closer,Debuffer,S+,1,,1,,3,1,,,,4 Attempts - 20 Races total,14,Go to Submit page,,,,,,,,,,,,,,,,,,,,Add new Team Comp as Day 2 - Team Comp 1,Hishi Amazon,Late Surger,Ace built for this CM before CM start in Unity Cup scenario,SS+,Mayano Top Gun (Wedding),Late Surger,Mid-CM Ace build in Unity Cup scenario,UG (or higher),Symboli Rudolf,End Closer,Debuffer,S+,4 Attempts - 20 Races total,15,Go to Submit page,,,,,,,,,,,,,,,,,,Re-use Day 2 - Team Comp 1 as Day 3 - Team Comp 1,A Group,,,,,,,,,,,,,4 Attempts - 20 Races total,10,Day 4,,,,,,,,,,,,,,,,,,Re-use Day 3 - Team Comp 1 as Day 4 - Team Comp 1,A Group,,,,,,,,,,,,,3 Attempts - 15 Races total,9,Day 4 - Add 2nd team,Add new Team Comp as Day 4 - Team Comp 2,Hishi Amazon,Late Surger,Ace built for this CM before CM start in Unity Cup scenario,SS+,Mayano Top Gun (Wedding),Late Surger,Mid-CM Ace build in Unity Cup scenario,UG (or higher),Oguri Cap,Pace Chaser,Ace built for this CM before CM start in Unity Cup scenario,UG (or higher),1 Attempt - 5 Races total,5,2 teams,Go to Submit page,A Finals,9966,Add new Team Comp as Finals Team Comp,Hishi Amazon,Late Surger,Ace built for this CM before CM start in Unity Cup scenario,Grass Wonder,Late Surger,Debuffer,Symboli Rudolf,End Closer,Debuffer,https://drive.google.com/open?id=11tHAyU91BhaYjFNOlPfh6KGOeIAGZdou,1st,,,,,,,,,,,This oshi win was sponsored by Amazon Prime.,https://drive.google.com/open?id=1pMU0_zZXNGPuJxZBRpkBg2PvSSKDBlp7,https://drive.google.com/open?id=1M6ixlQc5AtI-Pk09bsZaBRGPerlUPlpC,,2,14,,,,https://drive.google.com/open?id=1qESzhrhgNv5J1niiAd0x3L3gH91bl936
Lim,Graded (No Uma Restrictions),"Win A finals with ""oshi"" uma",I accept these terms,Day 4,Windows,$501-1000,1435,31-45 (roughly 5-6 per day),"Discord - MooMooCord - https://discord.gg/Hc7cP9GB, YouTube - MooMooCows - https://www.youtube.com/@MooMooCows",5,,Mihono Bourbon (Valentine),Front Runner,Ace built for this CM before CM start in Unity Cup scenario,UG (or higher),2,,1,,3,,,,,Oguri Cap,Pace Chaser,Ace built for this CM before CM start in Unity Cup scenario,UG (or higher),2,,,1,3,,,,,Taiki Shuttle,Pace Chaser,Ace built for this CM before CM start in Unity Cup scenario,UG (or higher),2,,,1,3,,,,,4 Attempts - 20 Races total,12,Go to Submit page,,,,,,,,,,,,,,,,,,,,Re-use Day 1 - Team Comp 1 as Day 2 - Team Comp 1,,,,,,,,,,,,,4 Attempts - 20 Races total,16,Go to Submit page,,,,,,,,,,,,,,,,,,Re-use Day 2 - Team Comp 1 as Day 3 - Team Comp 1,A Group,,,,,,,,,,,,,4 Attempts - 20 Races total,17,Go to Submit page,,,,,,,,,,,,,,,,,,Re-use Day 3 - Team Comp 1 as Day 4 - Team Comp 1,A Group,,,,,,,,,,,,,4 Attempts - 20 Races total,5,Go to Submit page,,,,,,,,,,,,,,,,,,,,,,,,,,,,,,,,,,,,,,,,,,,,,,,,,,,
Sable@JOBBER,Graded (No Uma Restrictions),Rather not say,I accept these terms,Finals,Windows,$1-100,926,11-20 (roughly 2-3 per day),Discord - MooMooCord - https://discord.gg/Hc7cP9GB,5,,Fuji Kiseki,Pace Chaser,Ace built for this CM before CM start in Unity Cup scenario,UG (or higher),3,,,,3,,,,,Sakura Bakushin O,Pace Chaser,Ace built for this CM before CM start in Unity Cup scenario,UG (or higher),3,,,,3,,,,,Taiki Shuttle,Pace Chaser,Ace built for this CM before CM start in Unity Cup scenario,UG (or higher),3,,,,3,,,,,4 Attempts - 20 Races total,12,Go to Submit page,,,,,,,,,,,,,,,,,,,,Re-use Day 1 - Team Comp 1 as Day 2 - Team Comp 1,,,,,,,,,,,,,4 Attempts - 20 Races total,10,Go to Submit page,,,,,,,,,,,,,,,,,,Re-use Day 2 - Team Comp 1 as Day 3 - Team Comp 1,A Group,,,,,,,,,,,,,4 Attempts - 20 Races total,6,Go to Submit page,,,,,,,,,,,,,,,,,,Re-use Day 3 - Team Comp 1 as Day 4 - Team Comp 1,A Group,,,,,,,,,,,,,4 Attempts - 20 Races total,10,Go to Submit page,,,,,,,,,,,,,,,,,,A Finals,,Re-use Day 4 - Team Comp 1 as Finals Team Comp,,,,,,,,,,https://drive.google.com/open?id=13st__POi9Cyo6-ayMil0vs8Nyg-OhCyZ,2nd,No (goes to Submit page),,,,,,,,,,,,,,,,,,,
a_kun97,Graded (No Uma Restrictions),Get into A finals,I accept these terms,Finals,Windows,$101-500,767,6-10 (roughly 1 per day),Discord - MooMooCord - https://discord.gg/Hc7cP9GB,5,,Smart Falcon,Front Runner,Ace built for this CM before CM start in Unity Cup scenario,SS,3,0,0,0,3,0,0,,,Hishi Akebono,Pace Chaser,Ace built for this CM before CM start in Unity Cup scenario,SS+,2,0,0,2,2,0,0,,,Curren Chan,Pace Chaser,Ace built for this CM before CM start in Unity Cup scenario,SS,2,0,0,2,2,0,0,,,4 Attempts - 20 Races total,7,Go to Submit page,,,,,,,,,,,,,,,,,,,,Re-use Day 1 - Team Comp 1 as Day 2 - Team Comp 1,,,,,,,,,,,,,4 Attempts - 20 Races total,10,Go to Submit page,,,,,,,,,,,,,,,,,,Add new Team Comp as Day 3 - Team Comp 1,A Group,Smart Falcon,Front Runner,Ace built for this CM before CM start in Unity Cup scenario,SS,Copano Rickey,Pace Chaser,Mid-CM Ace build in Unity Cup scenario,S+,Hishi Akebono,Pace Chaser,Ace built for this CM before CM start in Unity Cup scenario,SS,4 Attempts - 20 Races total,4,Go to Submit page,,,,,,,,,,,,,,,,,,Re-use Day 3 - Team Comp 1 as Day 4 - Team Comp 1,A Group,,,,,,,,,,,,,4 Attempts - 20 Races total,4,Go to Submit page,,,,,,,,,,,,,,,,,,B Finals,3701,Re-use Day 4 - Team Comp 1 as Finals Team Comp,,,,,,,,,,https://drive.google.com/open?id=1gsPAqxWKHuMUNwnTugOknNv29mTiAUi8,1st,,,,,,,,,,,,https://drive.google.com/open?id=11vY5z_JUIuGMYsnjZK2S2NWJtfV7qSo5,https://drive.google.com/open?id=1PqqAm3cfX9hKb8NR8RTDXo9fgY537Q1A,,0,0,9,4,3,https://drive.google.com/open?id=1dINkh0Xyd0GVYDMo59F-UsMVjE01gCzh
Dojyaan,Graded (No Uma Restrictions),Get into A finals,I accept these terms,Finals,"Android - phone or tablet, Windows",$1-100,1173,21-30 (roughly 3-4 per day),Discord - MooMooCord - https://discord.gg/Hc7cP9GB,4,Bakushin looks weird when flipped.,Bamboo memory,Late Surger,Ace built for this CM before CM start in Unity Cup scenario,SS+,2,,1,,3,,,,,King Halo,Late Surger,Ace built for this CM before CM start in Unity Cup scenario,SS+,2,,1,,3,,,,,Taiki Shuttle,Pace Chaser,Ace built for this CM before CM start in Unity Cup scenario,UG (or higher),2,,1,,2,1,1,,,4 Attempts - 20 Races total,12,Go to Submit page,,,,,,,,,,,,,,,,,,,,Re-use Day 1 - Team Comp 1 as Day 2 - Team Comp 1,,,,,,,,,,,,,4 Attempts - 20 Races total,12,Go to Submit page,,,,,,,,,,,,,,,,,,Re-use Day 2 - Team Comp 1 as Day 3 - Team Comp 1,A Group,,,,,,,,,,,,,4 Attempts - 20 Races total,8,Go to Submit page,,,,,,,,,,,,,,,,,,Re-use Day 3 - Team Comp 1 as Day 4 - Team Comp 1,A Group,,,,,,,,,,,,,4 Attempts - 20 Races total,12,Go to Submit page,,,,,,,,,,,,,,,,,,A Finals,8686,Re-use Day 4 - Team Comp 1 as Finals Team Comp,,,,,,,,,,https://drive.google.com/open?id=16fuBtoIJ2OX7be07gW-U0jyIuvaqoOfs,1st,,,,,,,,,,,Overtaking 3 umas feels like hitting a Jackpot ,https://drive.google.com/open?id=1S9xhGMDALEBG5Bab9EBKRx-7CeIVMXQa,https://drive.google.com/open?id=1-Ixf8FytBB9jVYUY4jGA6G5RPkd_XrOI,,,,13,,1,https://drive.google.com/open?id=1E-4SQM7VllQ5gevwr1-tOeCjthy4oly8
Explain,Graded (No Uma Restrictions),Get into A finals,I accept these terms,Finals,"Android - phone or tablet, Windows",$1-100,1141,11-20 (roughly 2-3 per day),"Discord - MooMooCord - https://discord.gg/Hc7cP9GB, Twitch - MooMooCows - https://www.twitch.tv/moomoomoocows, YouTube - MooMooCows - https://www.youtube.com/@MooMooCows",,,Taiki Shuttle,Pace Chaser,Ace built for this CM before CM start in Unity Cup scenario,SS,2,,,2,2,,,40,21,Oguri Cap,Pace Chaser,Ace built for this CM before CM start in Unity Cup scenario,SS,2,,,2,2,,,40,20,Sakura Bakushin O,Pace Chaser,Ace built for this CM before CM start in Unity Cup scenario,SS,2,,1,1,2,,,30,22,4 Attempts - 20 Races total,15,Go to Submit page,,,,,,,,,,,,,,,,,,,,Re-use Day 1 - Team Comp 1 as Day 2 - Team Comp 1,,,,,,,,,,,,,4 Attempts - 20 Races total,11,Go to Submit page,,,,,,,,,,,,,,,,,,Re-use Day 2 - Team Comp 1 as Day 3 - Team Comp 1,A Group,,,,,,,,,,,,,4 Attempts - 20 Races total,8,Go to Submit page,,,,,,,,,,,,,,,,,,Re-use Day 3 - Team Comp 1 as Day 4 - Team Comp 1,A Group,,,,,,,,,,,,,4 Attempts - 20 Races total,12,Go to Submit page,,,,,,,,,,,,,,,,,,A Finals,10306,Re-use Day 4 - Team Comp 1 as Finals Team Comp,,,,,,,,,,,3rd,No (goes to Submit page),,,,,,,,,,,,,,,,,,,
Golden,Graded (No Uma Restrictions),"Win A finals with ""oshi"" uma",I accept these terms,Finals,"Android - phone or tablet, Windows",$0,,6-10 (roughly 1 per day),"Rather not say, Friend sent me the link",5,,Inari One,End Closer,Ace built for this CM before CM start in Unity Cup scenario,UG (or higher),2,0,1,,3,0,0,,,Hishi Amazon,End Closer,Ace built for this CM before CM start in Unity Cup scenario,UG (or higher),2,,0,1,3,,,,,Mejiro Ardan,Pace Chaser,Ace built for this CM before CM start in Unity Cup scenario,UG (or higher),2,0,1,0,3,0,0,,,4 Attempts - 20 Races total,13,Go to Submit page,,,,,,,,,,,,,,,,,,,,Re-use Day 1 - Team Comp 1 as Day 2 - Team Comp 1,,,,,,,,,,,,,4 Attempts - 20 Races total,14,Day 3,,,,,,,,,,,,,,,,,,Re-use Day 2 - Team Comp 1 as Day 3 - Team Comp 1,A Group,,,,,,,,,,,,,4 Attempts - 20 Races total,13,Go to Submit page,,,,,,,,,,,,,,,,,,Re-use Day 3 - Team Comp 1 as Day 4 - Team Comp 1,A Group,,,,,,,,,,,,,4 Attempts - 20 Races total,14,Go to Submit page,,,,,,,,,,,,,,,,,,A Finals,11117,Re-use Day 4 - Team Comp 1 as Finals Team Comp,,,,,,,,,,https://drive.google.com/open?id=1vBnNJb6HkIyZt_zqGwmUXgaL70SRGWOv,1st,,,,,,,,,,,"Ms Victoria!!! No Stopping Ardan, i always believed",https://drive.google.com/open?id=1EEaNtQGVdXVbFZ3Ys0G10wK844FeBzMw,https://drive.google.com/open?id=19_QI3x3JkAfvCyhR73HJpIUqqrWf4mXr,,0,0,11,0,5,https://drive.google.com/open?id=1UJ72ABb4WoYJcAsiY8hvfK-EAydaQ1Cj
Alexa,Graded (No Uma Restrictions),Get into A finals,I accept these terms,Finals,,,,,,,,Curren Chan (Wedding),Pace Chaser,Ace built for this CM before CM start in Unity Cup scenario,UG (or higher),2,0,0,1,2,0,1,,,Mihono Bourbon (Valentine),Front Runner,Ace built for this CM before CM start in Unity Cup scenario,UG (or higher),2,0,0,0,3,1,0,,,Taiki Shuttle,Pace Chaser,Ace built for this CM before CM start in Unity Cup scenario,UG (or higher),2,0,0,1,2,0,1,,,4 Attempts - 20 Races total,11,Go to Submit page,,,,,,,,,,,,,,,,,,,,Re-use Day 1 - Team Comp 1 as Day 2 - Team Comp 1,,,,,,,,,,,,,4 Attempts - 20 Races total,14,Go to Submit page,,,,,,,,,,,,,,,,,,Re-use Day 2 - Team Comp 1 as Day 3 - Team Comp 1,A Group,,,,,,,,,,,,,4 Attempts - 20 Races total,13,Go to Submit page,,,,,,,,,,,,,,,,,,Re-use Day 3 - Team Comp 1 as Day 4 - Team Comp 1,A Group,,,,,,,,,,,,,4 Attempts - 20 Races total,8,Go to Submit page,,,,,,,,,,,,,,,,,,A Finals,9529,Re-use Day 4 - Team Comp 1 as Finals Team Comp,,,,,,,,,,https://drive.google.com/open?id=1gaLW0RbedLNFU0AqKcgmlka_E8qAyuKF,1st,,,,,,,,,,,Run as fast as you can,https://drive.google.com/open?id=1l8QlCkV2lp5xmQEShk0UJhJrKSzzZQBJ,https://drive.google.com/open?id=1553nm_GGlt46Ep7vLPcDHX7_ccqUIaq-,,3,3,12,0,0,https://drive.google.com/open?id=1o-XCnCnnNnIs8HJGRcZCimUs2mzXJpI3
Syphon,Graded (No Uma Restrictions),Get into A finals,I accept these terms,Finals,Android - phone or tablet,$0,850,6-10 (roughly 1 per day),Discord - MooMooCord - https://discord.gg/Hc7cP9GB,5,,Manhattan Cafe,Late Surger,Ace built for this CM before CM start in Unity Cup scenario,SS,2,0,1,0,3,0,0,40,17,Taiki Shuttle,Pace Chaser,Ace built for this CM before CM start in Unity Cup scenario,SS,2,0,0,1,3,0,0,30,17,Sakura Bakushin O,Pace Chaser,Ace built for this CM before CM start in Unity Cup scenario,SS,2,0,0,0,3,0,1,30,18,4 Attempts - 20 Races total,11,Go to Submit page,,,,,,,,,,,,,,,,,,,,Re-use Day 1 - Team Comp 1 as Day 2 - Team Comp 1,,,,,,,,,,,,,4 Attempts - 20 Races total,13,Go to Submit page,,,,,,,,,,,,,,,,,,Re-use Day 2 - Team Comp 1 as Day 3 - Team Comp 1,A Group,,,,,,,,,,,,,4 Attempts - 20 Races total,9,Go to Submit page,,,,,,,,,,,,,,,,,,Re-use Day 3 - Team Comp 1 as Day 4 - Team Comp 1,A Group,,,,,,,,,,,,,4 Attempts - 20 Races total,13,Go to Submit page,,,,,,,,,,,,,,,,,,A Finals,7252,Re-use Day 4 - Team Comp 1 as Finals Team Comp,,,,,,,,,,https://drive.google.com/open?id=1fsDjLl1xBAGfsW2aNuE3SNqtnYULRexj,2nd,Yes,https://drive.google.com/open?id=165jhDrXzgg4SDkv8Is2n7DVKOXpZDnMv,https://drive.google.com/open?id=1TCt9cRUESrNA_IpSPd0bfTbrckS00Gto,,3,0,12,0,3,https://drive.google.com/open?id=1HylIcPeYcC6jomP7grPxyLI9CuY_HuF8,,,,,,,,,,
FzyBny,Graded (No Uma Restrictions),Get into A finals,I accept these terms,Finals,"Android - phone or tablet, SteamOS - Steam Deck",$501-1000,1515,11-20 (roughly 2-3 per day),Discord - MooMooCord - https://discord.gg/Hc7cP9GB,5,,Sakura Bakushin O,Pace Chaser,Ace built for this CM before CM start in Unity Cup scenario,S+,3,,,,3,,,58,21,Fuji Kiseki,Pace Chaser,Ace built for this CM before CM start in Unity Cup scenario,SS,2,,,1,3,,,43,23,Oguri Cap,Pace Chaser,Ace built for this CM before CM start in Unity Cup scenario,SS,2,,,0,3,,,43,21,4 Attempts - 20 Races total,15,Go to Submit page,,,,,,,,,,,,,,,,,,,,Re-use Day 1 - Team Comp 1 as Day 2 - Team Comp 1,,,,,,,,,,,,,4 Attempts - 20 Races total,9,Go to Submit page,,,,,,,,,,,,,,,,,,Re-use Day 2 - Team Comp 1 as Day 3 - Team Comp 1,A Group,,,,,,,,,,,,,4 Attempts - 20 Races total,7,Go to Submit page,,,,,,,,,,,,,,,,,,Re-use Day 3 - Team Comp 1 as Day 4 - Team Comp 1,A Group,,,,,,,,,,,,,4 Attempts - 20 Races total,8,Go to Submit page,,,,,,,,,,,,,,,,,,A Finals,7264,Re-use Day 4 - Team Comp 1 as Finals Team Comp,,,,,,,,,,,1st,,,,,,,,,,,,,,,5,1,0,2,8,
SolemnLament,Graded (No Uma Restrictions),"Win A finals with ""oshi"" uma",I accept these terms,Finals,iOS - phone or tablet,$1001-5000,,31-45 (roughly 5-6 per day),,,,Seiun Sky,Front Runner,Ace built for this CM before CM start in Unity Cup scenario,UG (or higher),3,,,,3,,,,,Oguri Cap,Late Surger,Ace built for this CM before CM start in Unity Cup scenario,UG (or higher),2,,1,,2,,1,,,Mejiro Ryan,Late Surger,Ace built for this CM before CM start in Unity Cup scenario,SS,2,,1,,2,,1,,,4 Attempts - 20 Races total,19,Go to Submit page,,,,,,,,,,,,,,,,,,,,Re-use Day 1 - Team Comp 1 as Day 2 - Team Comp 1,,,,,,,,,,,,,4 Attempts - 20 Races total,15,Go to Submit page,,,,,,,,,,,,,,,,,,Re-use Day 2 - Team Comp 1 as Day 3 - Team Comp 1,A Group,,,,,,,,,,,,,4 Attempts - 20 Races total,13,Go to Submit page,,,,,,,,,,,,,,,,,,Re-use Day 3 - Team Comp 1 as Day 4 - Team Comp 1,A Group,,,,,,,,,,,,,4 Attempts - 20 Races total,16,Go to Submit page,,,,,,,,,,,,,,,,,,A Finals,13659,Re-use Day 4 - Team Comp 1 as Finals Team Comp,,,,,,,,,,https://drive.google.com/open?id=1lkUGlfdH23NZ33Hl4ljMtTKQcANtEeiE,1st,,,,,,,,,,,Didn’t even need Let’s Pump of Iron!,https://drive.google.com/open?id=1vretdDIYwclaw8mZMXZ43yl7o0e7nkGL,https://drive.google.com/open?id=1LxP807mzadXG7AuZ2jgmOpk_25QBaSG9,,3,0,3,1,2,https://drive.google.com/open?id=1W8gDDoHcZT1wZD0crD41Flgjok1Adgxe
someone325,Graded (No Uma Restrictions),Get into A finals,I accept these terms,Finals,Android - phone or tablet,$1-100,658,6-10 (roughly 1 per day),"Discord - MooMooCord - https://discord.gg/Hc7cP9GB, Twitch - MooMooCows - https://www.twitch.tv/moomoomoocows, YouTube - MooMooCows - https://www.youtube.com/@MooMooCows",5,,Curren Chan (Wedding),Pace Chaser,Ace built for this CM before CM start in Unity Cup scenario,UG (or higher),2,0,0,0,3,0,1,,17,Oguri Cap,Pace Chaser,Ace built for this CM before CM start in Unity Cup scenario,SS+,2,0,1,0,3,0,0,,23,Taiki Shuttle,Pace Chaser,Ace built for this CM before CM start in Unity Cup scenario,UG (or higher),2,0,0,1,3,0,0,,20,4 Attempts - 20 Races total,15,Go to Submit page,,,,,,,,,,,,,,,,,,,,Re-use Day 1 - Team Comp 1 as Day 2 - Team Comp 1,,,,,,,,,,,,,4 Attempts - 20 Races total,15,Go to Submit page,,,,,,,,,,,,,,,,,,Re-use Day 2 - Team Comp 1 as Day 3 - Team Comp 1,A Group,,,,,,,,,,,,,4 Attempts - 20 Races total,13,Go to Submit page,,,,,,,,,,,,,,,,,,Re-use Day 3 - Team Comp 1 as Day 4 - Team Comp 1,A Group,,,,,,,,,,,,,4 Attempts - 20 Races total,14,Go to Submit page,,,,,,,,,,,,,,,,,,A Finals,9993,Re-use Day 4 - Team Comp 1 as Finals Team Comp,,,,,,,,,,https://drive.google.com/open?id=1-NkOdXYpKLPHgWZGO2UAPRW3EZaxUBzD,1st,,,,,,,,,,,Cute,https://drive.google.com/open?id=1AVez0-IEwjnnkV8Me2cuVPAkvzJN4bRo,https://drive.google.com/open?id=1MBDGNgr3FKWLtzKLM8nDA8dEXk215JrQ,,,,,,,https://drive.google.com/open?id=1CMEAQuonwIgT0xDhkMYAfOFbeVbq-1jM
Z3RO111,Graded (No Uma Restrictions),Collect participation rewards,I accept these terms,Finals,Windows,$101-500,1265,21-30 (roughly 3-4 per day),"Discord - MooMooCord - https://discord.gg/Hc7cP9GB, YouTube - MooMooCows - https://www.youtube.com/@MooMooCows",5,,Mihono Bourbon (Valentine),Front Runner,Ace built for this CM before CM start in Unity Cup scenario,UG (or higher),2,0,0,0,4,0,0,,,Oguri Cap,Pace Chaser,Ace built for this CM before CM start in Unity Cup scenario,UG (or higher),2,0,1,0,3,0,0,,,Silence Suzuka,Front Runner,Ace built for this CM before CM start in Unity Cup scenario,SS+,2,0,0,1,3,0,0,,,4 Attempts - 20 Races total,7,Go to Submit page,,,,,,,,,,,,,,,,,,,,Re-use Day 1 - Team Comp 1 as Day 2 - Team Comp 1,,,,,,,,,,,,,4 Attempts - 20 Races total,14,Go to Submit page,,,,,,,,,,,,,,,,,,Re-use Day 2 - Team Comp 1 as Day 3 - Team Comp 1,A Group,,,,,,,,,,,,,4 Attempts - 20 Races total,6,Go to Submit page,,,,,,,,,,,,,,,,,,Re-use Day 3 - Team Comp 1 as Day 4 - Team Comp 1,A Group,,,,,,,,,,,,,4 Attempts - 20 Races total,13,Go to Submit page,,,,,,,,,,,,,,,,,,A Finals,6237,Re-use Day 4 - Team Comp 1 as Finals Team Comp,,,,,,,,,,https://drive.google.com/open?id=1v6S1oS9fpGK_TvFS3b33ux5oHODfsANV,1st,,,,,,,,,,,,https://drive.google.com/open?id=1XqS9C4zQOABKtY1H_Do3e2yAKlqaFbuY,https://drive.google.com/open?id=18d1K-6gGaUolbvQNW7GJfE_5RFjdvggw,,1,0,2,0,3,https://drive.google.com/open?id=1G29-WIIAOxax53CkgjXwddaQq4SUFpfd
Ethreall,Graded (No Uma Restrictions),"Win A finals with ""oshi"" uma",I accept these terms,Finals,Windows,,666,21-30 (roughly 3-4 per day),Discord - MooMooCord - https://discord.gg/Hc7cP9GB,,,Oguri Cap (Christmas),Late Surger,Ace built for this CM before CM start in Unity Cup scenario,UG (or higher),2,0,1,0,3,,,,,Sweep Tosho,End Closer,Debuffer,SS,2,1,,,3,,,,,Curren Chan,Front Runner,Debuffer,S+,3,,,,3,,,,,4 Attempts - 20 Races total,11,Go to Submit page,,,,,,,,,,,,,,,,,,,,Re-use Day 1 - Team Comp 1 as Day 2 - Team Comp 1,,,,,,,,,,,,,4 Attempts - 20 Races total,12,Day 4,,,,,,,,,,,,,,,,,,Re-use Day 2 - Team Comp 1 as Day 3 - Team Comp 1,A Group,,,,,,,,,,,,,4 Attempts - 20 Races total,5,Day 2,,,,,,,,,,,,,,,,,,Re-use Day 3 - Team Comp 1 as Day 4 - Team Comp 1,A Group,,,,,,,,,,,,,4 Attempts - 20 Races total,9,Go to Submit page,,,,,,,,,,,,,,,,,,A Finals,8316,Re-use Day 4 - Team Comp 1 as Finals Team Comp,,,,,,,,,,https://drive.google.com/open?id=15oIyC0HVPpwc8hsUBn2Jag9hBzaBq-fS,1st,,,,,,,,,,,"All these fake XOguri ""enjoyers"" around me smh",https://drive.google.com/open?id=1a_glKV3ED_xWC8cN_PkIITFjzHpxGpq3,https://drive.google.com/open?id=14gM9URObcjNxNnXBeQPn_O0CEXD3EGRJ,,2,,14,,,https://drive.google.com/open?id=1TIO0P0RDhNZ5nOdbobGHzFsS-1G5kt93
Shizurucia,Graded (No Uma Restrictions),Win A finals with any uma,I accept these terms,Finals,,$5000+,1014,46+ (more than 6 per day),Discord - MooMooCord - https://discord.gg/Hc7cP9GB,5,,Taiki Shuttle (Camping),Pace Chaser,Ace built for this CM before CM start in Unity Cup scenario,UG (or higher),2,0,0,2,2,0,0,60,17,Oguri Cap,Pace Chaser,Ace built for this CM before CM start in Trackblazer scenario,UG (or higher),1,0,0,3,2,0,0,65,41,Nishino Flower,Pace Chaser,Ace built for this CM before CM start in Unity Cup scenario,UG (or higher),2,0,0,2,2,0,0,50,18,4 Attempts - 20 Races total,17,Go to Submit page,,,,,,,,,,,,,,,,,,,,Re-use Day 1 - Team Comp 1 as Day 2 - Team Comp 1,,,,,,,,,,,,,4 Attempts - 20 Races total,15,Go to Submit page,,,,,,,,,,,,,,,,,,Re-use Day 2 - Team Comp 1 as Day 3 - Team Comp 1,A Group,,,,,,,,,,,,,4 Attempts - 20 Races total,11,Go to Submit page,,,,,,,,,,,,,,,,,,Re-use Day 3 - Team Comp 1 as Day 4 - Team Comp 1,A Group,,,,,,,,,,,,,4 Attempts - 20 Races total,16,Go to Submit page,,,,,,,,,,,,,,,,,,A Finals,9600,Re-use Day 4 - Team Comp 1 as Finals Team Comp,,,,,,,,,,https://drive.google.com/open?id=1CD4bJlg2QGgzuKsTNpIVHXYAKFWZL7lQ,1st,,,,,,,,,,,Fuck Sprint,,,,,,,,,
Katsu,Graded (No Uma Restrictions),Win A finals with any uma,I accept these terms,Day 1,,$1-100,2108,31-45 (roughly 5-6 per day),Discord - MooMooCord - https://discord.gg/Hc7cP9GB,5,,Oguri Cap,Pace Chaser,Ace built for this CM before CM start in Unity Cup scenario,UG (or higher),,,,,,,,,,Nishino Flower,Pace Chaser,Ace built for this CM before CM start in Unity Cup scenario,UG (or higher),,,,,,,,,,Taiki Shuttle,Pace Chaser,Ace built for this CM before CM start in Unity Cup scenario,UG (or higher),,,,,,,,,,4 Attempts - 20 Races total,11,Go to Submit page,,,,,,,,,,,,,,,,,,,,,,,,,,,,,,,,,,,,,,,,,,,,,,,,,,,,,,,,,,,,,,,,,,,,,,,,,,,,,,,,,,,,,,,,,,,,,,,,,,,,,,,,,,,,,,,,,,,,,,,,,,,,,,,,,,,,,,,,,,,,,,,,,,,,,,,,,,
Maya,Graded (No Uma Restrictions),Get into A finals,I accept these terms,Finals,Android - phone or tablet,$1-100,945,11-20 (roughly 2-3 per day),"Discord - MooMooCord - https://discord.gg/Hc7cP9GB, YouTube - MooMooCows - https://www.youtube.com/@MooMooCows",4,,Nishino Flower,Pace Chaser,Ace built for this CM before CM start in Unity Cup scenario,SS,2,,1,1,2,,,43,20,Taiki Shuttle (Camping),Pace Chaser,Ace built for this CM before CM start in Unity Cup scenario,SS,2,,,1,2,,1,38,18,Gold City,Late Surger,Ace built for this CM before CM start in Unity Cup scenario,SS+,2,,2,,2,,0,38,24,4 Attempts - 20 Races total,16,Go to Submit page,,,,,,,,,,,,,,,,,,,,Re-use Day 1 - Team Comp 1 as Day 2 - Team Comp 1,,,,,,,,,,,,,4 Attempts - 20 Races total,13,Go to Submit page,,,,,,,,,,,,,,,,,,Re-use Day 2 - Team Comp 1 as Day 3 - Team Comp 1,A Group,,,,,,,,,,,,,4 Attempts - 20 Races total,13,Day 4,,,,,,,,,,,,,,,,,,Re-use Day 3 - Team Comp 1 as Day 4 - Team Comp 1,A Group,,,,,,,,,,,,,4 Attempts - 20 Races total,14,Go to Submit page,,,,,,,,,,,,,,,,,,A Finals,11908,Re-use Day 4 - Team Comp 1 as Finals Team Comp,,,,,,,,,,https://drive.google.com/open?id=1BFq9PAyhnfRBqFre6SWqQG6h8uyk2Dsq,1st,,,,,,,,,,,there must have been so many camping taiki winners lol,https://drive.google.com/open?id=12A0z2k6uwQkbyqFZS2fZ9wPvDHVlAZ8y,https://drive.google.com/open?id=1FoqgkeHYIDJXDsFo7MiJRaw1NZ1XD6xJ,,3,,14,,,https://drive.google.com/open?id=1tbRWGuIIfNM0nga8k0sZGDpWaOQjMUmj
_Alex_,Graded (No Uma Restrictions),Get into A finals,I accept these terms,Finals,"Android - phone or tablet, Linux",$1-100,458,6-10 (roughly 1 per day),"Discord - MooMooCord - https://discord.gg/Hc7cP9GB, Discord - Pakacord! - https://discord.gg/6mwHqhBm, Reddit - /r/umamusumeGame, Twitch - MooMooCows - https://www.twitch.tv/moomoomoocows, YouTube - MooMooCows - https://www.youtube.com/@MooMooCows",5,,Oguri Cap,Pace Chaser,Ace built for this CM before CM start in Unity Cup scenario,SS,2,,,,3,1,,,,Sakura Bakushin O,Pace Chaser,Ace built for this CM before CM start in Unity Cup scenario,SS,2,,,,4,,,,,Taiki Shuttle,Pace Chaser,Ace built for this CM before CM start in Unity Cup scenario,SS,2,,,1,3,,,,,4 Attempts - 20 Races total,7,Go to Submit page,,,,,,,,,,,,,,,,,,,,Re-use Day 1 - Team Comp 1 as Day 2 - Team Comp 1,,,,,,,,,,,,,4 Attempts - 20 Races total,6,Go to Submit page,,,,,,,,,,,,,,,,,,Re-use Day 2 - Team Comp 1 as Day 3 - Team Comp 1,A Group,,,,,,,,,,,,,4 Attempts - 20 Races total,6,Go to Submit page,,,,,,,,,,,,,,,,,,Add a new Team Comp as Day 4 - Team Comp 1,A Group,Taiki Shuttle,Pace Chaser,Ace built for this CM before CM start in Unity Cup scenario,SS,Oguri Cap,Pace Chaser,Ace built for this CM before CM start in Unity Cup scenario,SS,Grass Wonder,End Closer,Debuffer,S,4 Attempts - 20 Races total,8,Go to Submit page,,,,,,,,,,,,,,,,,,A Finals,8193,Re-use Day 4 - Team Comp 1 as Finals Team Comp,,,,,,,,,,,2nd,No (goes to Submit page),,,,,,,,,,,,,,,,,,,
Ojom,Graded (No Uma Restrictions),Win A finals with any uma,I accept these terms,Day 2,Android - phone or tablet,$101-500,,11-20 (roughly 2-3 per day),Discord - MooMooCord - https://discord.gg/Hc7cP9GB,5,None atm,Oguri Cap,Pace Chaser,Ace built for this CM before CM start in Unity Cup scenario,UG (or higher),2,,,1,3,,,,,Taiki Shuttle,Pace Chaser,Ace built for this CM before CM start in Unity Cup scenario,UG (or higher),2,,,1,3,,,,,Curren Chan (Wedding),Pace Chaser,Ace built for this CM before CM start in Unity Cup scenario,SS,2,,,1,3,,,,,4 Attempts - 20 Races total,14,Go to Submit page,,,,,,,,,,,,,,,,,,,,Re-use Day 1 - Team Comp 1 as Day 2 - Team Comp 1,,,,,,,,,,,,,4 Attempts - 20 Races total,14,Go to Submit page,,,,,,,,,,,,,,,,,,,,,,,,,,,,,,,,,,,,,,,,,,,,,,,,,,,,,,,,,,,,,,,,,,,,,,,,,,,,,,,,,,,,,,,,,,,,,,,,,,,,,,,,,,,,,,,,,,,,,,,
13deltas,Graded (No Uma Restrictions),Get into A finals,I accept these terms,Finals,iOS - phone or tablet,$0,1151,31-45 (roughly 5-6 per day),Discord - MooMooCord - https://discord.gg/Hc7cP9GB,5,:),Special Week,Pace Chaser,Ace built for this CM before CM start in Unity Cup scenario,SS,2,,1,,3,,,45,15,Oguri Cap,Pace Chaser,Ace built for this CM before CM start in Unity Cup scenario,UG (or higher),2,0,0,1,3,0,0,50,15,Taiki Shuttle,Pace Chaser,Ace built for this CM before CM start in Unity Cup scenario,UG (or higher),2,,,1,3,,,50,19,4 Attempts - 20 Races total,16,Go to Submit page,,,,,,,,,,,,,,,,,,,,Re-use Day 1 - Team Comp 1 as Day 2 - Team Comp 1,,,,,,,,,,,,,4 Attempts - 20 Races total,16,Go to Submit page,,,,,,,,,,,,,,,,,,Re-use Day 2 - Team Comp 1 as Day 3 - Team Comp 1,A Group,,,,,,,,,,,,,4 Attempts - 20 Races total,12,Go to Submit page,,,,,,,,,,,,,,,,,,Re-use Day 3 - Team Comp 1 as Day 4 - Team Comp 1,A Group,,,,,,,,,,,,,4 Attempts - 20 Races total,14,Go to Submit page,,,,,,,,,,,,,,,,,,A Finals,11539,Re-use Day 4 - Team Comp 1 as Finals Team Comp,,,,,,,,,,https://drive.google.com/open?id=1e_SV3WIcyD_-T7OZjRv8iGLhR-9Aime-,3rd,Yes,https://drive.google.com/open?id=1MKRsCrDNceUgSPvOtVXuRzWOwxXoD-Ti,https://drive.google.com/open?id=1yrtDCiSLeqmkq04X1tisKe0rUA2VpzII,https://drive.google.com/open?id=1xJkkNDXzYwf37mq9fjDMdxa6rarTxMI0,3,,12,,3,https://drive.google.com/open?id=138ghW-D8fe_3tljRWZv_OX3-jRBEw8By,,,,,,,,,,
Corn,Graded (No Uma Restrictions),Win A finals with any uma,I accept these terms,Day 1,"iOS - phone or tablet, Windows",$1-100,597 (i promise i checked and didnt just enter the number in the screenshot what an insane coincidence),6-10 (roughly 1 per day),YouTube - MooMooCows - https://www.youtube.com/@MooMooCows,5,,Fuji Kiseki (Ballroom),Pace Chaser,Ace built for this CM before CM start in Unity Cup scenario,UG (or higher),2,0,0,1,3,0,0,,20,Taiki Shuttle,Pace Chaser,Ace built for this CM before CM start in Unity Cup scenario,UG (or higher),2,0,0,1,3,0,0,,23,Oguri Cap,Pace Chaser,Ace built for this CM before CM start in Unity Cup scenario,UG (or higher),2,0,0,1,3,0,0,,18,4 Attempts - 20 Races total,17,Go to Submit page,,,,,,,,,,,,,,,,,,,,,,,,,,,,,,,,,,,,,,,,,,,,,,,,,,,,,,,,,,,,,,,,,,,,,,,,,,,,,,,,,,,,,,,,,,,,,,,,,,,,,,,,,,,,,,,,,,,,,,,,,,,,,,,,,,,,,,,,,,,,,,,,,,,,,,,,,,
Dolphtato,Graded (No Uma Restrictions),Get into A finals,I accept these terms,Finals,"Android - phone or tablet, Windows",$1001-5000,,6-10 (roughly 1 per day),Discord - MooMooCord - https://discord.gg/Hc7cP9GB,,,King Halo,Late Surger,Ace built for this CM before CM start in Trackblazer scenario,SS,3,0,1,,2,,,70,,Air Groove,Late Surger,Ace built for this CM before CM start in Unity Cup scenario,UG (or higher),2,,,,4,,,,,Grass Wonder,Late Surger,Debuffer,S+,,,,,,,,,,4 Attempts - 20 Races total,15,Go to Submit page,,,,,,,,,,,,,,,,,,,,Re-use Day 1 - Team Comp 1 as Day 2 - Team Comp 1,,,,,,,,,,,,,4 Attempts - 20 Races total,8,Go to Submit page,,,,,,,,,,,,,,,,,,Re-use Day 2 - Team Comp 1 as Day 3 - Team Comp 1,A Group,,,,,,,,,,,,,4 Attempts - 20 Races total,8,Day 4,,,,,,,,,,,,,,,,,,Re-use Day 3 - Team Comp 1 as Day 4 - Team Comp 1,A Group,,,,,,,,,,,,,4 Attempts - 20 Races total,8,Go to Submit page,,,,,,,,,,,,,,,,,,A Finals,9872,Re-use Day 4 - Team Comp 1 as Finals Team Comp,,,,,,,,,,https://drive.google.com/open?id=1cUPfhTLZmqHj51AHNoNMHC10sEYNjkVB,1st,,,,,,,,,,,NEVER. STOP. GAMBLING,https://drive.google.com/open?id=1qDpiFc_pHf1Gka6P6ckMCzYd0ezbsGCt,https://drive.google.com/open?id=1Ua8ZivEF-5DUaYLUQIYM_Z_CphalluvH,,0,2,11,0,2,https://drive.google.com/open?id=1h1yaJ95nYzCIPW7y2GqjS--v9vAK3deE
Victoria Secret,Graded (No Uma Restrictions),"Win A finals with ""oshi"" uma",I accept these terms,Finals,"Android - phone or tablet, Windows",$1-100,1861,31-45 (roughly 5-6 per day),Discord - MooMooCord - https://discord.gg/Hc7cP9GB,5,,Mayano Top Gun,Pace Chaser,Ace built for this CM before CM start in Unity Cup scenario,UG (or higher),3,,,,3,,,,20,Maruzensky (Summer),Front Runner,Ace built for this CM before CM start in Unity Cup scenario,UG (or higher),2,,,1,3,,,,21,Taiki Shuttle,Pace Chaser,Ace built for this CM before CM start in Unity Cup scenario,SS+,2,,,1,3,,,,19,4 Attempts - 20 Races total,11,Go to Submit page,,,,,,,,,,,,,,,,,,,,Re-use Day 1 - Team Comp 1 as Day 2 - Team Comp 1,,,,,,,,,,,,,4 Attempts - 20 Races total,17,Go to Submit page,,,,,,,,,,,,,,,,,,Re-use Day 2 - Team Comp 1 as Day 3 - Team Comp 1,A Group,,,,,,,,,,,,,4 Attempts - 20 Races total,13,Go to Submit page,,,,,,,,,,,,,,,,,,Re-use Day 3 - Team Comp 1 as Day 4 - Team Comp 1,A Group,,,,,,,,,,,,,4 Attempts - 20 Races total,12,Go to Submit page,,,,,,,,,,,,,,,,,,A Finals,13217,Re-use Day 4 - Team Comp 1 as Finals Team Comp,,,,,,,,,,https://drive.google.com/open?id=1sLv68V356JesLOdvLYdxFT9itKFZHlus,1st,,,,,,,,,,,Oshi is the best META,https://drive.google.com/open?id=1jr-nzrlP_LFct0nDpdiiXR0kn7Bj-zTq,https://drive.google.com/open?id=1yXP1vo_-ZHbOn9rEhcNwcnzAd2AFcDWx,,2,,,1,3,https://drive.google.com/open?id=1-ws_1kJzScdEXoBRLUwsK4wl9_GdUev2
Ipex,Graded (No Uma Restrictions),Collect participation rewards,I accept these terms,Finals,Windows,$1001-5000,1595,6-10 (roughly 1 per day),Discord - MooMooCord - https://discord.gg/Hc7cP9GB,5,,Curren Chan,Pace Chaser,Ace built for this CM before CM start in Unity Cup scenario,UG (or higher),2,,,1,3,,,,,Oguri Cap,Pace Chaser,Ace built for this CM before CM start in Unity Cup scenario,UG (or higher),2,,1,,3,,,,,Taiki Shuttle,Pace Chaser,Ace built for this CM before CM start in Unity Cup scenario,UG (or higher),2,,0,,3,,,,,4 Attempts - 20 Races total,16,Go to Submit page,,,,,,,,,,,,,,,,,,,,Re-use Day 1 - Team Comp 1 as Day 2 - Team Comp 1,,,,,,,,,,,,,4 Attempts - 20 Races total,14,Go to Submit page,,,,,,,,,,,,,,,,,,Re-use Day 2 - Team Comp 1 as Day 3 - Team Comp 1,A Group,,,,,,,,,,,,,4 Attempts - 20 Races total,11,Go to Submit page,,,,,,,,,,,,,,,,,,Re-use Day 3 - Team Comp 1 as Day 4 - Team Comp 1,A Group,,,,,,,,,,,,,4 Attempts - 20 Races total,11,Go to Submit page,,,,,,,,,,,,,,,,,,A Finals,10657,Re-use Day 4 - Team Comp 1 as Finals Team Comp,,,,,,,,,,https://drive.google.com/open?id=1lvTsE6iczvr3KZxiZT3syXwyjJu3A8ML,1st,,,,,,,,,,,,https://drive.google.com/open?id=1alVDt-i7t4gzQoCE5QRfI1Ub1nzpm_sa,https://drive.google.com/open?id=1OBORSdq62hjxcnm54oE8SBIIGiogO3zV,,,,3,2,,https://drive.google.com/open?id=1N8KLE6XJTuAYBZLts_7fJ2wQegFTj0k0
Kithric,Graded (No Uma Restrictions),Win A finals with any uma,I accept these terms,Finals,"iOS - phone or tablet, Windows",$1001-5000,1006,11-20 (roughly 2-3 per day),Discord - MooMooCord - https://discord.gg/Hc7cP9GB,,,Oguri Cap,Late Surger,Ace built for this CM before CM start in Unity Cup scenario,SS,2,0,1,0,2,0,1,63,19,Special Week,Late Surger,Ace built for this CM before CM start in Unity Cup scenario,SS+,2,0,1,0,2,0,1,63,18,Symboli Rudolf,End Closer,Debuffer,S+,1,0,1,0,3,1,0,30,20,4 Attempts - 20 Races total,18,Go to Submit page,,,,,,,,,,,,,,,,,,,,Re-use Day 1 - Team Comp 1 as Day 2 - Team Comp 1,,,,,,,,,,,,,4 Attempts - 20 Races total,16,Go to Submit page,,,,,,,,,,,,,,,,,,Re-use Day 2 - Team Comp 1 as Day 3 - Team Comp 1,A Group,,,,,,,,,,,,,4 Attempts - 20 Races total,16,Go to Submit page,,,,,,,,,,,,,,,,,,Re-use Day 3 - Team Comp 1 as Day 4 - Team Comp 1,A Group,,,,,,,,,,,,,4 Attempts - 20 Races total,16,Go to Submit page,,,,,,,,,,,,,,,,,,A Finals,11314,Re-use Day 4 - Team Comp 1 as Finals Team Comp,,,,,,,,,,https://drive.google.com/open?id=1ApFU_wz4B3X45dHL0f_N7k3quH8a3qcA,1st,,,,,,,,,,,,https://drive.google.com/open?id=1TrikP2at1MJGaQCd-1Tn4Yrhb9A3dauT,https://drive.google.com/open?id=1K7rWDWYS1cHyLQfCeG1fZoJzUwFfLlsG,,2,0,5,2,3,https://drive.google.com/open?id=1Iq8TMD8dwU1RhP_rJaiPrWzvbY6QejE9
Confound,Graded (No Uma Restrictions),"Win A finals with ""oshi"" uma",I accept these terms,Day 4,Windows,$1-100,1095,11-20 (roughly 2-3 per day),Discord - MooMooCord - https://discord.gg/Hc7cP9GB,5,,Rice Shower,Pace Chaser,Ace built for this CM before CM start in Unity Cup scenario,SS,2,,,1,3,,,,17,Mihono Bourbon (Valentine),Front Runner,Ace built for this CM before CM start in Unity Cup scenario,SS,2,,,,4,,,,13,Curren Chan (Wedding),Pace Chaser,Ace built for this CM before CM start in Unity Cup scenario,UG (or higher),1,,,,5,,,,13,4 Attempts - 20 Races total,10,Go to Submit page,,,,,,,,,,,,,,,,,,,,Re-use Day 1 - Team Comp 1 as Day 2 - Team Comp 1,,,,,,,,,,,,,4 Attempts - 20 Races total,10,Go to Submit page,,,,,,,,,,,,,,,,,,Re-use Day 2 - Team Comp 1 as Day 3 - Team Comp 1,A Group,,,,,,,,,,,,,4 Attempts - 20 Races total,7,Go to Submit page,,,,,,,,,,,,,,,,,,Re-use Day 3 - Team Comp 1 as Day 4 - Team Comp 1,A Group,,,,,,,,,,,,,4 Attempts - 20 Races total,9,Go to Submit page,,,,,,,,,,,,,,,,,,,,,,,,,,,,,,,,,,,,,,,,,,,,,,,,,,,
Ika,Graded (No Uma Restrictions),Win A finals with any uma,I accept these terms,Finals,Android - phone or tablet,$101-500,1939,21-30 (roughly 3-4 per day),YouTube - MooMooCows - https://www.youtube.com/@MooMooCows,5,,Curren Chan (Wedding),Pace Chaser,Ace built for this CM before CM start in Unity Cup scenario,UG (or higher),2,,1,,2,,1,55,19,Nishino Flower,Pace Chaser,Ace built for this CM before CM start in Unity Cup scenario,UG (or higher),2,,,1,3,,,40,20,Taiki Shuttle,Pace Chaser,Ace built for this CM before CM start in Unity Cup scenario,SS,2,,,1,3,,,50,17,4 Attempts - 20 Races total,19,Go to Submit page,,,,,,,,,,,,,,,,,,,,Re-use Day 1 - Team Comp 1 as Day 2 - Team Comp 1,,,,,,,,,,,,,4 Attempts - 20 Races total,15,Go to Submit page,,,,,,,,,,,,,,,,,,Re-use Day 2 - Team Comp 1 as Day 3 - Team Comp 1,A Group,,,,,,,,,,,,,4 Attempts - 20 Races total,18,Go to Submit page,,,,,,,,,,,,,,,,,,Re-use Day 3 - Team Comp 1 as Day 4 - Team Comp 1,A Group,,,,,,,,,,,,,4 Attempts - 20 Races total,19,Go to Submit page,,,,,,,,,,,,,,,,,,A Finals,12876,Re-use Day 4 - Team Comp 1 as Finals Team Comp,,,,,,,,,,https://drive.google.com/open?id=1faGVYsOexxwVibnDrnmD7sTQU2jWof6r,1st,,,,,,,,,,,,https://drive.google.com/open?id=1KTosTV64xXlaPxf8Ro0_hAiF6VV97EEc,https://drive.google.com/open?id=1kXv9_MOwqYGqtA7lfQ_zp04B6Dkgtvzn,,,,11,1,2,https://drive.google.com/open?id=11ahaNEaIyyetLRzPYTcv7mN4in2Amu6e
Aero,Graded (No Uma Restrictions),Get into A finals,I accept these terms,Day 4,iOS - phone or tablet,$1-100,1378,6-10 (roughly 1 per day),Discord - MooMooCord - https://discord.gg/Hc7cP9GB,5,,Mejiro Ryan,Late Surger,Ace built for this CM before CM start in Unity Cup scenario,UG (or higher),1,,2,1,2,,,45,13,Sakura Bakushin O,Pace Chaser,Ace built for this CM before CM start in Unity Cup scenario,SS,1,,1,1,3,,,40,17,Mayano Top Gun (Wedding),Pace Chaser,Ace built for this CM before CM start in Unity Cup scenario,UG (or higher),2,,,1,3,,,45,16,4 Attempts - 20 Races total,11,Go to Submit page,,,,,,,,,,,,,,,,,,,,Re-use Day 1 - Team Comp 1 as Day 2 - Team Comp 1,,,,,,,,,,,,,4 Attempts - 20 Races total,13,Go to Submit page,,,,,,,,,,,,,,,,,,Re-use Day 2 - Team Comp 1 as Day 3 - Team Comp 1,A Group,,,,,,,,,,,,,4 Attempts - 20 Races total,8,Go to Submit page,,,,,,,,,,,,,,,,,,Re-use Day 3 - Team Comp 1 as Day 4 - Team Comp 1,A Group,,,,,,,,,,,,,4 Attempts - 20 Races total,8,Go to Submit page,,,,,,,,,,,,,,,,,,,,,,,,,,,,,,,,,,,,,,,,,,,,,,,,,,,
Jyuubey,Graded (No Uma Restrictions),Win A finals with any uma,I accept these terms,Finals,Android - phone or tablet,$501-1000,,11-20 (roughly 2-3 per day),Discord - MooMooCord - https://discord.gg/Hc7cP9GB,5,,Oguri Cap,Pace Chaser,Ace built for this CM before CM start in Unity Cup scenario,SS+,1,0,0,1,4,0,0,,,Nishino Flower,Pace Chaser,Ace built for this CM before CM start in Unity Cup scenario,UG (or higher),1,,0,1,4,0,0,,,Taiki Shuttle,Pace Chaser,Ace built for this CM before CM start in Unity Cup scenario,UG (or higher),1,,,0,4,,,,,4 Attempts - 20 Races total,16,Day 2,,,,,,,,,,,,,,,,,,,,Re-use Day 1 - Team Comp 1 as Day 2 - Team Comp 1,,,,,,,,,,,,,4 Attempts - 20 Races total,17,Go to Submit page,,,,,,,,,,,,,,,,,,Add new Team Comp as Day 3 - Team Comp 1,A Group,Oguri Cap,Pace Chaser,Ace built for this CM before CM start in Unity Cup scenario,SS+,Nishino Flower,Pace Chaser,Ace built for this CM before CM start in Unity Cup scenario,UG (or higher),Grass Wonder,End Closer,Debuffer,A+,4 Attempts - 20 Races total,15,Go to Submit page,,,,,,,,,,,,,,,,,,Re-use Day 3 - Team Comp 1 as Day 4 - Team Comp 1,A Group,,,,,,,,,,,,,4 Attempts - 20 Races total,17,Go to Submit page,,,,,,,,,,,,,,,,,,A Finals,11722,Re-use Day 4 - Team Comp 1 as Finals Team Comp,,,,,,,,,,https://drive.google.com/open?id=1gpGzQOlAfcJ8jmhcpcE2GCSrQ8luNyXx,2nd,No (goes to Submit page),,,,,,,,,,,,,,,,,,,
SkepticalFool,Graded (No Uma Restrictions),"Win A finals with ""oshi"" uma",I accept these terms,Day 4,Android - phone or tablet,$0,1092,21-30 (roughly 3-4 per day),Discord - MooMooCord - https://discord.gg/Hc7cP9GB,5,,Sakura Bakushin O,Pace Chaser,Ace built for this CM before CM start in Unity Cup scenario,UG (or higher),1,0,0,0,5,0,0,50,18,Taiki Shuttle,Pace Chaser,Ace built for this CM before CM start in Unity Cup scenario,UG (or higher),1,0,0,0,5,0,0,50,16,King Halo,Late Surger,Ace built for this CM before CM start in Unity Cup scenario,UG (or higher),1,0,0,0,5,0,0,50,13,4 Attempts - 20 Races total,12,Go to Submit page,,,,,,,,,,,,,,,,,,,,Re-use Day 1 - Team Comp 1 as Day 2 - Team Comp 1,,,,,,,,,,,,,4 Attempts - 20 Races total,9,Go to Submit page,,,,,,,,,,,,,,,,,,Re-use Day 2 - Team Comp 1 as Day 3 - Team Comp 1,A Group,,,,,,,,,,,,,4 Attempts - 20 Races total,11,Go to Submit page,,,,,,,,,,,,,,,,,,Re-use Day 3 - Team Comp 1 as Day 4 - Team Comp 1,A Group,,,,,,,,,,,,,4 Attempts - 20 Races total,9,Go to Submit page,,,,,,,,,,,,,,,,,,,,,,,,,,,,,,,,,,,,,,,,,,,,,,,,,,,
Adop <3 Curren,Graded (No Uma Restrictions),"Win A finals with ""oshi"" uma",I accept these terms,Day 3,,$101-500,688,21-30 (roughly 3-4 per day),,,,Mejiro Dober,Late Surger,Ace built for this CM before CM start in Unity Cup scenario,UG (or higher),2,,1,,3,,,60,,Mejiro Ryan,Late Surger,Ace built for this CM before CM start in Unity Cup scenario,UG (or higher),2,,1,,3,,,60,,Gold City (Festival),Late Surger,Ace built for this CM before CM start in Unity Cup scenario,UG (or higher),2,,1,,3,,,55,,4 Attempts - 20 Races total,15,Go to Submit page,,,,,,,,,,,,,,,,,,,,Re-use Day 1 - Team Comp 1 as Day 2 - Team Comp 1,,,,,,,,,,,,,4 Attempts - 20 Races total,15,Go to Submit page,,,,,,,,,,,,,,,,,,Re-use Day 2 - Team Comp 1 as Day 3 - Team Comp 1,A Group,,,,,,,,,,,,,4 Attempts - 20 Races total,9,Day 4,,,,,,,,,,,,,,,,,,Re-use Day 3 - Team Comp 1 as Day 4 - Team Comp 1,A Group,,,,,,,,,,,,,4 Attempts - 20 Races total,10,Finals,,,,,,,,,,,,,,,,,,A Finals,7167,Add new Team Comp as Finals Team Comp,Mejiro Dober,Late Surger,Ace built for this CM before CM start in Unity Cup scenario,Mejiro Ryan,Late Surger,Ace built for this CM before CM start in Unity Cup scenario,Gold City (Festival),Late Surger,Ace built for this CM before CM start in Unity Cup scenario,https://drive.google.com/open?id=1ZCAsjJ84rx8Agys0GUEGUS7x39955T3O,1st,,,,,,,,,,,My Curren Chan looks kinda strange...,https://drive.google.com/open?id=1BehsaQ06C1gfeS5WEQkI4qtSIcp8WqFf,https://drive.google.com/open?id=1rMz5mQKosM6YyhkDf2yP5ZA8b9oWFBrd,,2,,7,,5,https://drive.google.com/open?id=1NY1d-L9SlOUpuM62T30DIyeQKeoP8QUf
Gibgab,Graded (No Uma Restrictions),"Win A finals with ""oshi"" uma",I accept these terms,Finals,"Android - phone or tablet, Windows",$101-500,453,11-20 (roughly 2-3 per day),Discord - MooMooCord - https://discord.gg/Hc7cP9GB,5,,Taiki Shuttle,Pace Chaser,Ace built for this CM before CM start in Unity Cup scenario,SS,1,0,0,1,3,0,0,,,Fuji Kiseki,Pace Chaser,Ace built for this CM before CM start in Unity Cup scenario,S+,1,0,0,2,3,0,0,,,Air Groove (Wedding),Pace Chaser,Ace built for this CM before CM start in Unity Cup scenario,SS+,1,0,0,2,3,0,0,,,3 Attempts - 15 Races total,4,Go to Submit page,,,,,,,,,,,,,,,,,,,,Re-use Day 1 - Team Comp 1 as Day 2 - Team Comp 1,,,,,,,,,,,,,3 Attempts - 15 Races total,7,Go to Submit page,,,,,,,,,,,,,,,,,,Re-use Day 2 - Team Comp 1 as Day 3 - Team Comp 1,A Group,,,,,,,,,,,,,3 Attempts - 15 Races total,2,Go to Submit page,,,,,,,,,,,,,,,,,,Re-use Day 3 - Team Comp 1 as Day 4 - Team Comp 1,A Group,,,,,,,,,,,,,3 Attempts - 15 Races total,6,Go to Submit page,,,,,,,,,,,,,,,,,,A Finals,10399,Re-use Day 4 - Team Comp 1 as Finals Team Comp,,,,,,,,,,https://drive.google.com/open?id=1Y__62yN9-Rj9i8byIjXVHXPw3legL-Gm,2nd,Yes,https://drive.google.com/open?id=1r8r9CmND5YWzUiCdIb8_K2NTVUdr9t1X,https://drive.google.com/open?id=1TMphOmE4kA6b99nIR2ECcvDAo42OtPK9,https://drive.google.com/open?id=1nUtOwQ0NBJAwtyoxJhZ-Ue-SuAaQzSax,,,,,,https://drive.google.com/open?id=17eUn_iE7cbgvst51RDgi3q5Wpdc1qB-D,,,,,,,,,,
Cascade,Graded (No Uma Restrictions),"Win A finals with ""oshi"" uma",I accept these terms,Day 2,Windows,$1001-5000,,11-20 (roughly 2-3 per day),,,,Hishi Amazon,End Closer,Ace built for this CM before CM start in Unity Cup scenario,SS,3,,1,,2,,,,,Kawakami Princess,Late Surger,Ace built for this CM before CM start in Unity Cup scenario,SS+,3,,1,,2,,,,,Taiki Shuttle,Pace Chaser,Ace built for this CM before CM start in Unity Cup scenario,UG (or higher),3,,,,3,,,,,4 Attempts - 20 Races total,8,Go to Submit page,,,,,,,,,,,,,,,,,,,,Re-use Day 1 - Team Comp 1 as Day 2 - Team Comp 1,,,,,,,,,,,,,4 Attempts - 20 Races total,8,Go to Submit page,,,,,,,,,,,,,,,,,,,,,,,,,,,,,,,,,,,,,,,,,,,,,,,,,,,,,,,,,,,,,,,,,,,,,,,,,,,,,,,,,,,,,,,,,,,,,,,,,,,,,,,,,,,,,,,,,,,,,,,
Ski,Graded (No Uma Restrictions),Get into A finals,I accept these terms,Day 2,Android - phone or tablet,$101-500,`603,21-30 (roughly 3-4 per day),Discord - MooMooCord - https://discord.gg/Hc7cP9GB,,,Taiki Shuttle (Camping),Pace Chaser,Ace built for this CM before CM start in Unity Cup scenario,UG (or higher),2,0,0,1,3,0,0,,,Curren Chan,Pace Chaser,Ace built for this CM before CM start in Unity Cup scenario,UG (or higher),2,0,0,1,3,0,0,,,Silence Suzuka,Front Runner,Ace built for this CM before CM start in Unity Cup scenario,UG (or higher),2,0,0,1,3,0,0,,,3 Attempts - 15 Races total,11,Go to Submit page,,,,,,,,,,,,,,,,,,,,Re-use Day 1 - Team Comp 1 as Day 2 - Team Comp 1,,,,,,,,,,,,,3 Attempts - 15 Races total,13,Day 3,,,,,,,,,,,,,,,,,,Re-use Day 2 - Team Comp 1 as Day 3 - Team Comp 1,A Group,,,,,,,,,,,,,4 Attempts - 20 Races total,12,Day 4,,,,,,,,,,,,,,,,,,Re-use Day 3 - Team Comp 1 as Day 4 - Team Comp 1,A Group,,,,,,,,,,,,,4 Attempts - 20 Races total,14,Go to Submit page,,,,,,,,,,,,,,,,,,,,,,,,,,,,,,,,,,,,,,,,,,,,,,,,,,,
Lem0nteaGG,Graded (No Uma Restrictions),Get into A finals,I accept these terms,Finals,"Android - phone or tablet, Windows",$101-500,,,,5,,Fuji Kiseki,Pace Chaser,Ace built for this CM before CM start in Unity Cup scenario,SS+,2,0,0,0,3,1,0,,,Oguri Cap,Pace Chaser,Ace built for this CM before CM start in Unity Cup scenario,UG (or higher),2,0,0,0,3,1,0,,,Taiki Shuttle,Pace Chaser,Ace built for this CM before CM start in Unity Cup scenario,UG (or higher),2,0,0,0,3,1,0,,,4 Attempts - 20 Races total,15,Go to Submit page,,,,,,,,,,,,,,,,,,,,Re-use Day 1 - Team Comp 1 as Day 2 - Team Comp 1,,,,,,,,,,,,,4 Attempts - 20 Races total,13,Go to Submit page,,,,,,,,,,,,,,,,,,Re-use Day 2 - Team Comp 1 as Day 3 - Team Comp 1,A Group,,,,,,,,,,,,,4 Attempts - 20 Races total,7,Go to Submit page,,,,,,,,,,,,,,,,,,Re-use Day 3 - Team Comp 1 as Day 4 - Team Comp 1,A Group,,,,,,,,,,,,,4 Attempts - 20 Races total,12,Go to Submit page,,,,,,,,,,,,,,,,,,A Finals,12805,Re-use Day 4 - Team Comp 1 as Finals Team Comp,,,,,,,,,,https://drive.google.com/open?id=1fADJsY9-uvuSNwYx7-jH7L1-OXZfiAOL,1st,,,,,,,,,,,,,,,,,,,,
OurBoiiNyx,Graded (No Uma Restrictions),Get into A finals,I accept these terms,Finals,"Android - phone or tablet, Windows",$1-100,,6-10 (roughly 1 per day),Discord - MooMooCord - https://discord.gg/Hc7cP9GB,5,,Oguri Cap,Pace Chaser,Ace built for this CM before CM start in Unity Cup scenario,UG (or higher),2,,,,3,,0,,,Taiki Shuttle,Pace Chaser,Ace built for this CM before CM start in Unity Cup scenario,SS+,2,,,,3,,0,,,Fuji Kiseki,Pace Chaser,Ace built for this CM before CM start in Unity Cup scenario,SS+,2,,,,3,,0,,,2 Attempts - 10 Races total,3,Day 1 - Add 2nd Team,Silence Suzuka,Runaway,Ace built for this CM before CM start in Unity Cup scenario,SS+,,Taiki Shuttle,Pace Chaser,Ace built for this CM before CM start in Unity Cup scenario,SS+,,Oguri Cap,Pace Chaser,Ace built for this CM before CM start in Unity Cup scenario,UG (or higher),,2 Attempts - 10 Races total,4,2 teams,Go to Submit page,Re-use Day 1 - Team Comp 1 as Day 2 - Team Comp 1,,,,,,,,,,,,,3 Attempts - 15 Races total,7,Go to Submit page,,,,,,,,,,,,,,,,,,Re-use Day 2 - Team Comp 1 as Day 3 - Team Comp 1,A Group,,,,,,,,,,,,,3 Attempts - 15 Races total,6,Go to Submit page,,,,,,,,,,,,,,,,,,Re-use Day 3 - Team Comp 1 as Day 4 - Team Comp 1,A Group,,,,,,,,,,,,,3 Attempts - 15 Races total,7,Go to Submit page,,,,,,,,,,,,,,,,,,A Finals,,Re-use Day 4 - Team Comp 1 as Finals Team Comp,,,,,,,,,,,3rd,No (goes to Submit page),,,,,,,,,,,,,,,,,,,
ran5z,Graded (No Uma Restrictions),"Win A finals with ""oshi"" uma",I accept these terms,Finals,"Android - phone or tablet, Windows",$501-1000,1174,21-30 (roughly 3-4 per day),"Discord - MooMooCord - https://discord.gg/Hc7cP9GB, YouTube - MooMooCows - https://www.youtube.com/@MooMooCows",5,,Special Week,Late Surger,Ace built for this CM before CM start in Trackblazer scenario,UG (or higher),2,,1,1,2,,,65,39,Agnes Tachyon,Pace Chaser,Debuffer,S,,,,,,,,,,Grass Wonder,Pace Chaser,Debuffer,A+,,,,,,,,,,4 Attempts - 20 Races total,16,Go to Submit page,,,,,,,,,,,,,,,,,,,,Re-use Day 1 - Team Comp 1 as Day 2 - Team Comp 1,,,,,,,,,,,,,4 Attempts - 20 Races total,15,Go to Submit page,,,,,,,,,,,,,,,,,,Re-use Day 2 - Team Comp 1 as Day 3 - Team Comp 1,A Group,,,,,,,,,,,,,4 Attempts - 20 Races total,12,Go to Submit page,,,,,,,,,,,,,,,,,,Re-use Day 3 - Team Comp 1 as Day 4 - Team Comp 1,A Group,,,,,,,,,,,,,4 Attempts - 20 Races total,14,Go to Submit page,,,,,,,,,,,,,,,,,,A Finals,10822,Re-use Day 4 - Team Comp 1 as Finals Team Comp,,,,,,,,,,https://drive.google.com/open?id=1Jar4L3rwZ7Wx15SiNKJIWhQYrG61pJYD,1st,,,,,,,,,,,they said trackblazer was dead,https://drive.google.com/open?id=1HW2-jL_JAE54sjiQC-SeMEVWsSnpEMV9,https://drive.google.com/open?id=1iSzb8rVBXfZBywSV29-kuiq1SPlwd_0d,,0,0,14,0,2,https://drive.google.com/open?id=1wETtqxAZDJ7DULd4NNiRF3zi341mipB5
Lumi,Graded (No Uma Restrictions),Get into A finals,I accept these terms,Finals,Windows,$101-500,,11-20 (roughly 2-3 per day),YouTube - MooMooCows - https://www.youtube.com/@MooMooCows,,,Curren Chan (Wedding),Pace Chaser,Ace built for this CM before CM start in Unity Cup scenario,UG (or higher),2,0,0,0,3,1,0,,,Taiki Shuttle,Pace Chaser,Ace built for this CM before CM start in Unity Cup scenario,UG (or higher),2,0,0,0,3,1,0,,,Nishino Flower,Pace Chaser,Ace built for this CM before CM start in Unity Cup scenario,SS+,2,0,0,0,3,1,0,,,4 Attempts - 20 Races total,15,Go to Submit page,,,,,,,,,,,,,,,,,,,,Re-use Day 1 - Team Comp 1 as Day 2 - Team Comp 1,,,,,,,,,,,,,4 Attempts - 20 Races total,19,Go to Submit page,,,,,,,,,,,,,,,,,,Re-use Day 2 - Team Comp 1 as Day 3 - Team Comp 1,A Group,,,,,,,,,,,,,4 Attempts - 20 Races total,15,Go to Submit page,,,,,,,,,,,,,,,,,,Re-use Day 3 - Team Comp 1 as Day 4 - Team Comp 1,A Group,,,,,,,,,,,,,4 Attempts - 20 Races total,14,Go to Submit page,,,,,,,,,,,,,,,,,,A Finals,,Re-use Day 4 - Team Comp 1 as Finals Team Comp,,,,,,,,,,,2nd,No (goes to Submit page),,,,,,,,,,,,,,,,,,,
ShogunShin,Graded (No Uma Restrictions),Win A finals with any uma,I accept these terms,Finals,"iOS - phone or tablet, Windows",$101-500,,21-30 (roughly 3-4 per day),Discord - MooMooCord - https://discord.gg/Hc7cP9GB,,,Sakura Bakushin O,Pace Chaser,Ace built for this CM before CM start in Unity Cup scenario,UG (or higher),,,,,,,,,,Air Groove (Wedding),Pace Chaser,Ace built for this CM before CM start in Unity Cup scenario,UG (or higher),,,,,,,,,,Taiki Shuttle,Pace Chaser,Ace built for this CM before CM start in Unity Cup scenario,UG (or higher),,,,,,,,,,4 Attempts - 20 Races total,15,Go to Submit page,,,,,,,,,,,,,,,,,,,,Re-use Day 1 - Team Comp 1 as Day 2 - Team Comp 1,,,,,,,,,,,,,4 Attempts - 20 Races total,17,Go to Submit page,,,,,,,,,,,,,,,,,,Re-use Day 2 - Team Comp 1 as Day 3 - Team Comp 1,A Group,,,,,,,,,,,,,4 Attempts - 20 Races total,15,Go to Submit page,,,,,,,,,,,,,,,,,,Re-use Day 3 - Team Comp 1 as Day 4 - Team Comp 1,A Group,,,,,,,,,,,,,4 Attempts - 20 Races total,12,Go to Submit page,,,,,,,,,,,,,,,,,,A Finals,11132,Re-use Day 4 - Team Comp 1 as Finals Team Comp,,,,,,,,,,https://drive.google.com/open?id=1_RffPxU5nx6mCXRR2LHMq2vfCjxOKtCN,2nd,No (goes to Submit page),,,,,,,,,,,,,,,,,,,
Ein,Graded (No Uma Restrictions),Get into A finals,I accept these terms,Finals,Android - phone or tablet,$0,709,6-10 (roughly 1 per day),YouTube - MooMooCows - https://www.youtube.com/@MooMooCows,5,,Taiki Shuttle (Camping),Pace Chaser,Ace built for this CM before CM start in Unity Cup scenario,SS+,1,,,1,4,,,,20,Oguri Cap,Pace Chaser,Ace built for this CM before CM start in Unity Cup scenario,SS,1,,,2,3,,,,17,Nishino Flower,Pace Chaser,Ace built for this CM before CM start in Unity Cup scenario,SS+,3,,,,2,1,,,13,4 Attempts - 20 Races total,13,Go to Submit page,,,,,,,,,,,,,,,,,,,,Re-use Day 1 - Team Comp 1 as Day 2 - Team Comp 1,,,,,,,,,,,,,4 Attempts - 20 Races total,14,Go to Submit page,,,,,,,,,,,,,,,,,,Re-use Day 2 - Team Comp 1 as Day 3 - Team Comp 1,A Group,,,,,,,,,,,,,4 Attempts - 20 Races total,10,Go to Submit page,,,,,,,,,,,,,,,,,,Re-use Day 3 - Team Comp 1 as Day 4 - Team Comp 1,A Group,,,,,,,,,,,,,4 Attempts - 20 Races total,13,Go to Submit page,,,,,,,,,,,,,,,,,,A Finals,9512,Re-use Day 4 - Team Comp 1 as Finals Team Comp,,,,,,,,,,https://drive.google.com/open?id=1lfg4c-eZSqTzpffnWs6JLuoNqfkvweG7,1st,,,,,,,,,,,,https://drive.google.com/open?id=1w0ivlxIUnzKRddqvwPNPmlf6xTDg5Xci,https://drive.google.com/open?id=1UieeiGd3KpdqKkGk-MP-Dbvw2p0cFPlY,,,,,,,
really_californian,Graded (No Uma Restrictions),Get into A finals,I accept these terms,Finals,Linux,$1-100,1852,21-30 (roughly 3-4 per day),,5,,Hishi Akebono,Pace Chaser,Ace built for this CM before CM start in Unity Cup scenario,UG (or higher),2,,,,4,,,,,Taiki Shuttle,Pace Chaser,Ace built for this CM before CM start in Unity Cup scenario,SS+,1,,,1,3,,,,,Smart Falcon,Front Runner,Ace built for this CM before CM start in Unity Cup scenario,UG (or higher),1,,,2,3,,,,,4 Attempts - 20 Races total,16,Go to Submit page,,,,,,,,,,,,,,,,,,,,Re-use Day 1 - Team Comp 1 as Day 2 - Team Comp 1,,,,,,,,,,,,,4 Attempts - 20 Races total,13,Go to Submit page,,,,,,,,,,,,,,,,,,Re-use Day 2 - Team Comp 1 as Day 3 - Team Comp 1,A Group,,,,,,,,,,,,,4 Attempts - 20 Races total,12,Go to Submit page,,,,,,,,,,,,,,,,,,Re-use Day 3 - Team Comp 1 as Day 4 - Team Comp 1,A Group,,,,,,,,,,,,,4 Attempts - 20 Races total,11,Go to Submit page,,,,,,,,,,,,,,,,,,A Finals,6553,Re-use Day 4 - Team Comp 1 as Finals Team Comp,,,,,,,,,,https://drive.google.com/open?id=1H06C5I67WbOCbXodltSP_Sznf8P6Wzn6,2nd,Yes,https://drive.google.com/open?id=1-X1Z2RXdBSHcqwIwW_4fpqmkbODGPIVm,https://drive.google.com/open?id=1zcRdmoL0KESKIkJOriGROq0OIpVpaZ8k,,,2,14,,,https://drive.google.com/open?id=11lOz_PVIIBOjrc7-d-wchogfDQxczXIw,,,,,,,,,,
Gandelphox,Graded (No Uma Restrictions),Get into A finals,I accept these terms,Finals,"Android - phone or tablet, Windows",$101-500,636,6-10 (roughly 1 per day),Discord - MooMooCord - https://discord.gg/Hc7cP9GB,,,Sakura Bakushin O,Pace Chaser,Ace built for this CM before CM start in Unity Cup scenario,SS,3,0,0,0,3,0,0,,,Taiki Shuttle,Pace Chaser,Ace built for this CM before CM start in Unity Cup scenario,SS,2,0,0,1,3,0,0,,,Maruzensky (Summer),Front Runner,Ace built for this CM before CM start in Unity Cup scenario,SS,2,0,0,1,3,0,0,,,3 Attempts - 15 Races total,7,Go to Submit page,,,,,,,,,,,,,,,,,,,,Re-use Day 1 - Team Comp 1 as Day 2 - Team Comp 1,,,,,,,,,,,,,3 Attempts - 15 Races total,7,Go to Submit page,,,,,,,,,,,,,,,,,,Re-use Day 2 - Team Comp 1 as Day 3 - Team Comp 1,A Group,,,,,,,,,,,,,3 Attempts - 15 Races total,7,Go to Submit page,,,,,,,,,,,,,,,,,,Re-use Day 3 - Team Comp 1 as Day 4 - Team Comp 1,A Group,,,,,,,,,,,,,3 Attempts - 15 Races total,3,Go to Submit page,,,,,,,,,,,,,,,,,,A Finals,9454,Re-use Day 4 - Team Comp 1 as Finals Team Comp,,,,,,,,,,https://drive.google.com/open?id=1Jrt9XNouos7iOSHV_2eVMyUGKmcW1-MO,2nd,No (goes to Submit page),,,,,,,,,,,,,,,,,,,
Shen,Graded (No Uma Restrictions),Get into A finals,I accept these terms,Finals,"Android - phone or tablet, SteamOS - Steam Deck",$101-500,1869,31-45 (roughly 5-6 per day),Twitch - MooMooCows - https://www.twitch.tv/moomoomoocows,5,,Grass Wonder,Late Surger,Ace built for this CM before CM start in Unity Cup scenario,UG (or higher),2,,1,,2,,1,45,17,El Condor Pasa,Pace Chaser,Ace built for this CM before CM start in Unity Cup scenario,UG (or higher),2,,1,,2,,1,55,17,Air Groove,Late Surger,Ace built for this CM before CM start in Unity Cup scenario,UG (or higher),2,,,1,2,,1,40,17,4 Attempts - 20 Races total,11,Go to Submit page,,,,,,,,,,,,,,,,,,,,Add new Team Comp as Day 2 - Team Comp 1,Grass Wonder,Late Surger,Ace built for this CM before CM start in Unity Cup scenario,UG (or higher),El Condor Pasa,Pace Chaser,Mid-CM Ace build in Unity Cup scenario,UG (or higher),Air Groove,Late Surger,Ace built for this CM before CM start in Unity Cup scenario,UG (or higher),4 Attempts - 20 Races total,14,Go to Submit page,,,,,,,,,,,,,,,,,,Re-use Day 2 - Team Comp 2 as Day 3 - Team Comp 1,A Group,,,,,,,,,,,,,4 Attempts - 20 Races total,13,Go to Submit page,,,,,,,,,,,,,,,,,,Re-use Day 3 - Team Comp 2 as Day 4 - Team Comp 1,A Group,,,,,,,,,,,,,4 Attempts - 20 Races total,10,Go to Submit page,,,,,,,,,,,,,,,,,,A Finals,9231,Re-use Day 4 - Team Comp 2 as Finals Team Comp,,,,,,,,,,https://drive.google.com/open?id=1p71I3a8Em82ciINgjvlgvN0SzSZc4XkD,2nd,Yes,https://drive.google.com/open?id=1FPR2lVNh8ARfYMYRsZd8rxh7TbGS6Bp-,https://drive.google.com/open?id=1_jwKEVvzNnV1_UChNN9Rol5Bc22uzxF8,,,,,,,https://drive.google.com/open?id=1rfugCxhqDN7Vz883qWGMr38705jO-nRE,,,,,,,,,,
MousePotato,Graded (No Uma Restrictions),"Win A finals with ""oshi"" uma",I accept these terms,Finals,Windows,$101-500,900,21-30 (roughly 3-4 per day),Discord - MooMooCord - https://discord.gg/Hc7cP9GB,5,,Super Creek (Halloween),Pace Chaser,Ace built for this CM before CM start in Unity Cup scenario,SS,2,0,1,0,3,0,0,,,Curren Chan (Wedding),Pace Chaser,Ace built for this CM before CM start in Unity Cup scenario,SS,2,0,1,0,3,0,0,,,Taiki Shuttle,Pace Chaser,Ace built for this CM before CM start in Unity Cup scenario,SS,2,0,1,0,3,0,0,,,4 Attempts - 20 Races total,10,Go to Submit page,,,,,,,,,,,,,,,,,,,,Re-use Day 1 - Team Comp 1 as Day 2 - Team Comp 1,,,,,,,,,,,,,4 Attempts - 20 Races total,15,Go to Submit page,,,,,,,,,,,,,,,,,,Add new Team Comp as Day 3 - Team Comp 1,A Group,Super Creek (Halloween),Pace Chaser,Ace built for this CM before CM start in Unity Cup scenario,SS,Taiki Shuttle,Pace Chaser,Ace built for this CM before CM start in Unity Cup scenario,SS,Symboli Rudolf,Late Surger,Debuffer,SS+,4 Attempts - 20 Races total,16,Go to Submit page,,,,,,,,,,,,,,,,,,Re-use Day 3 - Team Comp 1 as Day 4 - Team Comp 1,A Group,,,,,,,,,,,,,4 Attempts - 20 Races total,11,Go to Submit page,,,,,,,,,,,,,,,,,,A Finals,7375,Re-use Day 4 - Team Comp 1 as Finals Team Comp,,,,,,,,,,https://drive.google.com/open?id=1aqqDERXsv3TYgiYKhUvVFxkdxneM-YFo,2nd,No (goes to Submit page),,,,,,,,,,,,,,,,,,,
th1rte3n,Graded (No Uma Restrictions),Win A finals with any uma,I accept these terms,Finals,"Android - phone or tablet, Windows",$1001-5000,2395,31-45 (roughly 5-6 per day),"Discord - MooMooCord - https://discord.gg/Hc7cP9GB, Twitch - MooMooCows - https://www.twitch.tv/moomoomoocows",5,,Nishino Flower,Pace Chaser,Ace built for this CM before CM start in Unity Cup scenario,UG (or higher),2,0,0,1,3,0,0,50,14,Oguri Cap,Pace Chaser,Ace built for this CM before CM start in Unity Cup scenario,UG (or higher),2,0,0,1,3,0,0,50,15,Smart Falcon,Front Runner,Ace built for this CM before CM start in Unity Cup scenario,UG (or higher),2,0,0,1,3,0,0,50,22,4 Attempts - 20 Races total,16,Go to Submit page,,,,,,,,,,,,,,,,,,,,Re-use Day 1 - Team Comp 1 as Day 2 - Team Comp 1,,,,,,,,,,,,,4 Attempts - 20 Races total,13,Day 3,,,,,,,,,,,,,,,,,,Re-use Day 2 - Team Comp 1 as Day 3 - Team Comp 1,A Group,,,,,,,,,,,,,4 Attempts - 20 Races total,12,Day 4,,,,,,,,,,,,,,,,,,Add a new Team Comp as Day 4 - Team Comp 1,A Group,Oguri Cap,Pace Chaser,Ace built for this CM before CM start in Unity Cup scenario,UG (or higher),Nishino Flower,Pace Chaser,Ace built for this CM before CM start in Unity Cup scenario,UG (or higher),Taiki Shuttle,Pace Chaser,Mid-CM Ace build in Unity Cup scenario,UG (or higher),4 Attempts - 20 Races total,17,Go to Submit page,,,,,,,,,,,,,,,,,,A Finals,12244,Re-use Day 4 - Team Comp 2 as Finals Team Comp,,,,,,,,,,https://drive.google.com/open?id=1dBdqR_9x5XRdwT5liVtFiapAZgQ57b1G,1st,,,,,,,,,,,,https://drive.google.com/open?id=1doh7Rcq9zXHpWQ2JJVApyeUlDPChJznu,https://drive.google.com/open?id=1kniLfUe7sJzXr7fzcvXO7IHIu9o6XrZQ,,2,0,0,1,3,https://drive.google.com/open?id=15FwTsV_ZC-xffeIknt1falWbvEqt5liY
Mayoi,Graded (No Uma Restrictions),"Win A finals with ""oshi"" uma",I accept these terms,Day 4,"iOS - phone or tablet, Windows",$101-500,1565,21-30 (roughly 3-4 per day),YouTube - MooMooCows - https://www.youtube.com/@MooMooCows,,,Tokai Teio,Pace Chaser,Ace built for this CM before CM start in Unity Cup scenario,SS,1,,,3,2,,,,,El Condor Pasa,Pace Chaser,Ace built for this CM before CM start in Unity Cup scenario,UG (or higher),1,,,3,2,,,,,Nishino Flower,Pace Chaser,Ace built for this CM before CM start in Unity Cup scenario,UG (or higher),1,,,3,2,,,,,4 Attempts - 20 Races total,14,Go to Submit page,,,,,,,,,,,,,,,,,,,,Re-use Day 1 - Team Comp 1 as Day 2 - Team Comp 1,,,,,,,,,,,,,4 Attempts - 20 Races total,13,Go to Submit page,,,,,,,,,,,,,,,,,,Re-use Day 2 - Team Comp 1 as Day 3 - Team Comp 1,A Group,,,,,,,,,,,,,4 Attempts - 20 Races total,5,Day 4,,,,,,,,,,,,,,,,,,Re-use Day 3 - Team Comp 1 as Day 4 - Team Comp 1,A Group,,,,,,,,,,,,,4 Attempts - 20 Races total,12,Finals,,,,,,,,,,,,,,,,,,A Finals,12193,Re-use Day 4 - Team Comp 1 as Finals Team Comp,,,,,,,,,,,2nd,No (goes to Submit page),,,,,,,,,,,,,,,,,,,
Yuuni,Graded (No Uma Restrictions),"Win A finals with ""oshi"" uma",I accept these terms,Day 2,"Android - phone or tablet, Windows",$1-100,875,6-10 (roughly 1 per day),Discord - MooMooCord - https://discord.gg/Hc7cP9GB,5,,Haru Urara (New Year),Late Surger,Ace built for this CM before CM start in Unity Cup scenario,UG (or higher),2,0,1,0,3,0,0,,,Oguri Cap,Late Surger,Ace built for this CM before CM start in Unity Cup scenario,UG (or higher),1,0,1,0,4,0,0,,,Mejiro Ryan,Late Surger,Ace built for this CM before CM start in Unity Cup scenario,UG (or higher),2,0,1,0,3,0,0,,,4 Attempts - 20 Races total,16,Go to Submit page,,,,,,,,,,,,,,,,,,,,Re-use Day 1 - Team Comp 1 as Day 2 - Team Comp 1,,,,,,,,,,,,,4 Attempts - 20 Races total,14,Day 3,,,,,,,,,,,,,,,,,,Re-use Day 2 - Team Comp 1 as Day 3 - Team Comp 1,A Group,,,,,,,,,,,,,4 Attempts - 20 Races total,13,Day 4,,,,,,,,,,,,,,,,,,Re-use Day 3 - Team Comp 1 as Day 4 - Team Comp 1,A Group,,,,,,,,,,,,,4 Attempts - 20 Races total,10,Go to Submit page,,,,,,,,,,,,,,,,,,,,,,,,,,,,,,,,,,,,,,,,,,,,,,,,,,,
SusPyro,Graded (No Uma Restrictions),Win A finals with any uma,I accept these terms,Finals,"Android - phone or tablet, Windows",$0,1246,21-30 (roughly 3-4 per day),Discord - MooMooCord - https://discord.gg/Hc7cP9GB,4,,Curren Chan (Wedding),Pace Chaser,Ace built for this CM before CM start in Unity Cup scenario,UG (or higher),1,,,,5,,,45,19,Fuji Kiseki (Ballroom),Pace Chaser,Ace built for this CM before CM start in Unity Cup scenario,UG (or higher),2,,,,4,,,50,20,Mejiro Ryan,Late Surger,Ace built for this CM before CM start in Unity Cup scenario,UG (or higher),1,,1,,4,,,50,19,4 Attempts - 20 Races total,13,Go to Submit page,,,,,,,,,,,,,,,,,,,,Re-use Day 1 - Team Comp 1 as Day 2 - Team Comp 1,,,,,,,,,,,,,4 Attempts - 20 Races total,15,Go to Submit page,,,,,,,,,,,,,,,,,,Re-use Day 2 - Team Comp 1 as Day 3 - Team Comp 1,A Group,,,,,,,,,,,,,4 Attempts - 20 Races total,10,Go to Submit page,,,,,,,,,,,,,,,,,,Re-use Day 3 - Team Comp 1 as Day 4 - Team Comp 1,A Group,,,,,,,,,,,,,4 Attempts - 20 Races total,9,Go to Submit page,,,,,,,,,,,,,,,,,,A Finals,9575,Re-use Day 4 - Team Comp 1 as Finals Team Comp,,,,,,,,,,https://drive.google.com/open?id=1fpv74P0sPPt5f2TBAuQjZcEwd77il_0v,1st,,,,,,,,,,,my first dual CM winner uma!,https://drive.google.com/open?id=1mBEB0NXIpJLvJTMJEAmHLrAqwME-kYbz,,,1,,1,,4,https://drive.google.com/open?id=19lQ9_1LfAwx1BFKyms9FB7NAObnmLhTW
acornsmasher,Graded (No Uma Restrictions),Win A finals with any uma,I accept these terms,Finals,"Android - phone or tablet, Windows",$1001-5000,499,6-10 (roughly 1 per day),Discord - MooMooCord - https://discord.gg/Hc7cP9GB,5,,Silence Suzuka,Runaway,Ace built for this CM before CM start in Unity Cup scenario,SS,1,,1,1,3,,,,,Fuji Kiseki,Front Runner,Ace built for this CM before CM start in Unity Cup scenario,SS,2,,,1,3,,,,,Mayano Top Gun,Front Runner,Ace built for this CM before CM start in Unity Cup scenario,SS,1,,1,1,3,,,,,2 Attempts - 10 Races total,5,Go to Submit page,,,,,,,,,,,,,,,,,,,,Re-use Day 1 - Team Comp 1 as Day 2 - Team Comp 1,,,,,,,,,,,,,4 Attempts - 20 Races total,8,Go to Submit page,,,,,,,,,,,,,,,,,,Re-use Day 2 - Team Comp 1 as Day 3 - Team Comp 1,A Group,,,,,,,,,,,,,4 Attempts - 20 Races total,4,Go to Submit page,,,,,,,,,,,,,,,,,,Re-use Day 3 - Team Comp 1 as Day 4 - Team Comp 1,A Group,,,,,,,,,,,,,4 Attempts - 20 Races total,5,Go to Submit page,,,,,,,,,,,,,,,,,,A Finals,3525,Re-use Day 4 - Team Comp 1 as Finals Team Comp,,,,,,,,,,https://drive.google.com/open?id=1s7xezGM_zX7k5HDJyxHlssZj60UeLn_o,3rd,Yes,https://drive.google.com/open?id=1VMaLVbi9ILCaA6ZfPsxIG0o1rRKW6xcs,https://drive.google.com/open?id=1fdR60lrEThm33Udx1SFoeVssna_75887,,,,14,,3,https://drive.google.com/open?id=1IuHngOYT47iMJxED9L__N38k-C9TIwxs,,,,,,,,,,
Zorem,Graded (No Uma Restrictions),Get into A finals,I accept these terms,Finals,Windows,$501-1000,1183,11-20 (roughly 2-3 per day),Discord - MooMooCord - https://discord.gg/Hc7cP9GB,,,Oguri Cap,Pace Chaser,Ace built for this CM before CM start in Unity Cup scenario,UG (or higher),2,,1,,3,,,50,20,Nishino Flower,Pace Chaser,Ace built for this CM before CM start in Unity Cup scenario,UG (or higher),2,,,1,3,,,50,20,Taiki Shuttle (Camping),Pace Chaser,Ace built for this CM before CM start in Unity Cup scenario,UG (or higher),2,,,1,3,,,55,16,4 Attempts - 20 Races total,18,Go to Submit page,,,,,,,,,,,,,,,,,,,,Re-use Day 1 - Team Comp 1 as Day 2 - Team Comp 1,,,,,,,,,,,,,4 Attempts - 20 Races total,15,Go to Submit page,,,,,,,,,,,,,,,,,,Re-use Day 2 - Team Comp 1 as Day 3 - Team Comp 1,A Group,,,,,,,,,,,,,4 Attempts - 20 Races total,16,Go to Submit page,,,,,,,,,,,,,,,,,,Re-use Day 3 - Team Comp 1 as Day 4 - Team Comp 1,A Group,,,,,,,,,,,,,4 Attempts - 20 Races total,12,Go to Submit page,,,,,,,,,,,,,,,,,,A Finals,12930,Re-use Day 4 - Team Comp 1 as Finals Team Comp,,,,,,,,,,https://drive.google.com/open?id=1xRRV_wr4gXy2E-xqaCgvCKTDfXpJLbGx,3rd,Yes,https://drive.google.com/open?id=1-5fcPa_26ZLMQUH-V1xQ5VxYeWE8WZYS,https://drive.google.com/open?id=1kRLf1J5LvRBLE8FjR7U9S5gyweWEso4F,,3,1,10,,0,https://drive.google.com/open?id=1Z_8gHSUmUh9me0TP2t-JHBH_2f9RvX55,,,,,,,,,,
Naomikho,Graded (No Uma Restrictions),Collect participation rewards,I accept these terms,Finals,"Android - phone or tablet, Windows",$101-500,,11-20 (roughly 2-3 per day),Discord - MooMooCord - https://discord.gg/Hc7cP9GB,,,Oguri Cap,Pace Chaser,Ace built for this CM before CM start in Unity Cup scenario,SS,2,0,1,0,3,0,0,,,Taiki Shuttle,Pace Chaser,Ace built for this CM before CM start in Unity Cup scenario,SS+,2,0,1,0,3,0,0,,,Nishino Flower,Pace Chaser,Ace built for this CM before CM start in Trackblazer scenario,UG (or higher),2,0,1,0,3,0,0,50,38,4 Attempts - 20 Races total,12,Go to Submit page,,,,,,,,,,,,,,,,,,,,Re-use Day 1 - Team Comp 1 as Day 2 - Team Comp 1,,,,,,,,,,,,,4 Attempts - 20 Races total,10,Go to Submit page,,,,,,,,,,,,,,,,,,Re-use Day 2 - Team Comp 1 as Day 3 - Team Comp 1,A Group,,,,,,,,,,,,,4 Attempts - 20 Races total,8,Go to Submit page,,,,,,,,,,,,,,,,,,Re-use Day 3 - Team Comp 1 as Day 4 - Team Comp 1,A Group,,,,,,,,,,,,,4 Attempts - 20 Races total,6,Go to Submit page,,,,,,,,,,,,,,,,,,A Finals,,Re-use Day 4 - Team Comp 1 as Finals Team Comp,,,,,,,,,,,3rd,No (goes to Submit page),,,,,,,,,,,,,,,,,,,
Dexokami,Graded (No Uma Restrictions),Get into A finals,I accept these terms,Finals,Windows,$0,856,11-20 (roughly 2-3 per day),Discord - MooMooCord - https://discord.gg/Hc7cP9GB,,,Taiki Shuttle,Pace Chaser,Ace built for this CM before CM start in Unity Cup scenario,UG (or higher),2,,1,,3,,,50,18,King Halo,Late Surger,Ace built for this CM before CM start in Unity Cup scenario,UG (or higher),2,,1,,3,,,55,16,Special Week,Late Surger,Ace built for this CM before CM start in Unity Cup scenario,SS+,2,,1,,3,,,55,15,4 Attempts - 20 Races total,14,Go to Submit page,,,,,,,,,,,,,,,,,,,,Re-use Day 1 - Team Comp 1 as Day 2 - Team Comp 1,,,,,,,,,,,,,4 Attempts - 20 Races total,10,Go to Submit page,,,,,,,,,,,,,,,,,,Re-use Day 2 - Team Comp 1 as Day 3 - Team Comp 1,A Group,,,,,,,,,,,,,4 Attempts - 20 Races total,11,Go to Submit page,,,,,,,,,,,,,,,,,,Add a new Team Comp as Day 4 - Team Comp 1,A Group,Taiki Shuttle,Pace Chaser,Ace built for this CM before CM start in Unity Cup scenario,UG (or higher),King Halo,Late Surger,Ace built for this CM before CM start in Unity Cup scenario,UG (or higher),Special Week,Late Surger,Ace built for this CM before CM start in Unity Cup scenario,SS+,4 Attempts - 20 Races total,12,Go to Submit page,,,,,,,,,,,,,,,,,,A Finals,15542,Re-use Day 4 - Team Comp 1 as Finals Team Comp,,,,,,,,,,https://drive.google.com/open?id=1-RrTXD2SIgxVA2sGSHpbqpSuep6p3R1j,2nd,Yes,https://drive.google.com/open?id=1QQ6ytcipaTjgLwqJqGFznZJ0m3S7jrIv,https://drive.google.com/open?id=1PJmgQTGAkwkGhVAaw2-SkL0EI8AQZ3Ol,,,,,,,https://drive.google.com/open?id=1NHMQSSzTEWGcKYP26Xd4u_Q5_5Ks-lw5,,,,,,,,,,
Axl,Graded (No Uma Restrictions),Get into A finals,I accept these terms,Finals,Android - phone or tablet,$0,925,11-20 (roughly 2-3 per day),Discord - MooMooCord - https://discord.gg/Hc7cP9GB,,,Taiki Shuttle,Pace Chaser,Ace built for this CM before CM start in Unity Cup scenario,SS+,2,,1,,3,,,,17,Oguri Cap,Pace Chaser,Ace built for this CM before CM start in Unity Cup scenario,UG (or higher),2,,,1,3,,,,16,King Halo,Late Surger,Ace built for this CM before CM start in Unity Cup scenario,SS+,2,,1,,3,,,,15,4 Attempts - 20 Races total,14,Go to Submit page,,,,,,,,,,,,,,,,,,,,Re-use Day 1 - Team Comp 1 as Day 2 - Team Comp 1,,,,,,,,,,,,,4 Attempts - 20 Races total,15,Go to Submit page,,,,,,,,,,,,,,,,,,Re-use Day 2 - Team Comp 1 as Day 3 - Team Comp 1,A Group,,,,,,,,,,,,,4 Attempts - 20 Races total,11,Go to Submit page,,,,,,,,,,,,,,,,,,Re-use Day 3 - Team Comp 1 as Day 4 - Team Comp 1,A Group,,,,,,,,,,,,,4 Attempts - 20 Races total,8,Go to Submit page,,,,,,,,,,,,,,,,,,A Finals,14668,Re-use Day 4 - Team Comp 1 as Finals Team Comp,,,,,,,,,,https://drive.google.com/open?id=1TIqypuhCRwkMIMJEZmdC-Y4zlb6JNEeu,2nd,Yes,https://drive.google.com/open?id=1Z90eI97mlRnWS-4NE2kdIrDu3vFdZLgd,https://drive.google.com/open?id=1bVLuj_R1GA37YGdQezkvFu9HPtRru-Ej,,,,,,,https://drive.google.com/open?id=1aoC8EHu0p3XNwX6b_Q46NjMYIRefr-vO,,,,,,,,,,
Psssking,Graded (No Uma Restrictions),Get into A finals,I accept these terms,Finals,Windows,$501-1000,,21-30 (roughly 3-4 per day),,5,,Oguri Cap,Late Surger,Ace built for this CM before CM start in Unity Cup scenario,UG (or higher),2,0,1,0,3,0,0,,15,Nishino Flower,Pace Chaser,Ace built for this CM before CM start in Unity Cup scenario,SS,2,0,1,0,3,0,0,,17,Taiki Shuttle (Camping),Pace Chaser,Ace built for this CM before CM start in Unity Cup scenario,SS,2,0,0,1,3,0,0,,17,4 Attempts - 20 Races total,14,Go to Submit page,,,,,,,,,,,,,,,,,,,,Re-use Day 1 - Team Comp 1 as Day 2 - Team Comp 1,,,,,,,,,,,,,4 Attempts - 20 Races total,12,Go to Submit page,,,,,,,,,,,,,,,,,,Re-use Day 2 - Team Comp 1 as Day 3 - Team Comp 1,A Group,,,,,,,,,,,,,4 Attempts - 20 Races total,13,Go to Submit page,,,,,,,,,,,,,,,,,,Re-use Day 3 - Team Comp 1 as Day 4 - Team Comp 1,A Group,,,,,,,,,,,,,4 Attempts - 20 Races total,9,Go to Submit page,,,,,,,,,,,,,,,,,,A Finals,12430,Re-use Day 4 - Team Comp 1 as Finals Team Comp,,,,,,,,,,https://drive.google.com/open?id=1HB4GwFRH1KE62leVcHFB15kYWstEW7DZ,1st,,,,,,,,,,,,https://drive.google.com/open?id=1aB9W05FjMfDoTCDIpkkgGJe5uxoRTh1z,,,,,,,,https://drive.google.com/open?id=1T5_xCmI1K-OrnMixRaDAfZgrXRtYUWXK
Fake Life,Graded (No Uma Restrictions),"Win A finals with ""oshi"" uma",I accept these terms,Finals,Windows,$1-100,2450,21-30 (roughly 3-4 per day),"Discord - MooMooCord - https://discord.gg/Hc7cP9GB, Reddit - /r/umamusumeGame",4,,Mayano Top Gun (Wedding),Late Surger,Ace built for this CM before CM start in Unity Cup scenario,UG (or higher),3,0,1,0,1,0,0,65,13,Grass Wonder,End Closer,Debuffer,UG (or higher),0,0,2,0,3,1,0,,,Eishin Flash (Valentine),End Closer,Debuffer,SS,0,0,2,0,3,1,0,,,4 Attempts - 20 Races total,15,Go to Submit page,,,,,,,,,,,,,,,,,,,,Re-use Day 1 - Team Comp 1 as Day 2 - Team Comp 1,,,,,,,,,,,,,4 Attempts - 20 Races total,20,Go to Submit page,,,,,,,,,,,,,,,,,,Re-use Day 2 - Team Comp 1 as Day 3 - Team Comp 1,A Group,,,,,,,,,,,,,4 Attempts - 20 Races total,14,Go to Submit page,,,,,,,,,,,,,,,,,,Re-use Day 3 - Team Comp 1 as Day 4 - Team Comp 1,A Group,,,,,,,,,,,,,4 Attempts - 20 Races total,11,Go to Submit page,,,,,,,,,,,,,,,,,,A Finals,12419,Re-use Day 4 - Team Comp 1 as Finals Team Comp,,,,,,,,,,https://drive.google.com/open?id=1BOAcBRuw7y2aA3Kf3V7M3Ie2ekomKFQR,1st,,,,,,,,,,,"Jack of all trade, master of everything, the one and only Mayano Top Wife",https://drive.google.com/open?id=11uZe_TyCnaA0MhqNHDIm7Ki4iq7Gvg5b,https://drive.google.com/open?id=1zHUdCdb4bNrgqew5jgMVNKARyfFOdDGQ,,0,3,10,1,0,https://drive.google.com/open?id=1bppefECRsndUZ9lHLolv0zsDQ1laymwc
Kaskaen,Graded (No Uma Restrictions),Get into A finals,I accept these terms,Finals,Windows,$501-1000,980,6-10 (roughly 1 per day),Discord - MooMooCord - https://discord.gg/Hc7cP9GB,5,,Oguri Cap,Pace Chaser,Ace built for this CM before CM start in Unity Cup scenario,SS,2,0,0,0,3,1,0,,,Taiki Shuttle,Pace Chaser,Ace built for this CM before CM start in Unity Cup scenario,UG (or higher),2,0,1,0,3,0,0,,,Admire Vega,Late Surger,Ace built for this CM before CM start in Unity Cup scenario,SS,2,0,1,0,3,0,0,,,4 Attempts - 20 Races total,12,Go to Submit page,,,,,,,,,,,,,,,,,,,,Re-use Day 1 - Team Comp 1 as Day 2 - Team Comp 1,,,,,,,,,,,,,4 Attempts - 20 Races total,13,Go to Submit page,,,,,,,,,,,,,,,,,,Re-use Day 2 - Team Comp 1 as Day 3 - Team Comp 1,A Group,,,,,,,,,,,,,4 Attempts - 20 Races total,10,Go to Submit page,,,,,,,,,,,,,,,,,,Re-use Day 3 - Team Comp 1 as Day 4 - Team Comp 1,A Group,,,,,,,,,,,,,4 Attempts - 20 Races total,10,Go to Submit page,,,,,,,,,,,,,,,,,,A Finals,8468,Re-use Day 4 - Team Comp 1 as Finals Team Comp,,,,,,,,,,https://drive.google.com/open?id=1wdZtaMopkw7vBA6CflK0ZG8KCd07NUe6,2nd,Yes,https://drive.google.com/open?id=1cgJzFFUPoFomoVZNBJ32YuNpbkWdQyTi,https://drive.google.com/open?id=1_iKMryFYmc5hQgkTU6gsZ4ek6B15mjDe,,0,0,9,0,5,https://drive.google.com/open?id=1-MzGtQcbZq_qGEycM4vXc5zQV-iOJBDB,,,,,,,,,,
Omega,Graded (No Uma Restrictions),Win A finals with any uma,I accept these terms,Finals,"Android - phone or tablet, Windows",$101-500,1885,31-45 (roughly 5-6 per day),Discord - MooMooCord - https://discord.gg/Hc7cP9GB,4,,Oguri Cap,Pace Chaser,Ace built for this CM before CM start in Unity Cup scenario,UG (or higher),1,0,1,0,4,0,0,,17,Taiki Shuttle,Pace Chaser,Ace built for this CM before CM start in Unity Cup scenario,SS+,1,0,1,0,4,0,0,,17,Sakura Bakushin O,Pace Chaser,Ace built for this CM before CM start in Unity Cup scenario,UG (or higher),1,0,1,0,4,0,0,,18,4 Attempts - 20 Races total,19,Go to Submit page,,,,,,,,,,,,,,,,,,,,Re-use Day 1 - Team Comp 1 as Day 2 - Team Comp 1,,,,,,,,,,,,,4 Attempts - 20 Races total,14,Go to Submit page,,,,,,,,,,,,,,,,,,Re-use Day 2 - Team Comp 1 as Day 3 - Team Comp 1,A Group,,,,,,,,,,,,,4 Attempts - 20 Races total,12,Day 4,,,,,,,,,,,,,,,,,,Re-use Day 3 - Team Comp 1 as Day 4 - Team Comp 1,A Group,,,,,,,,,,,,,4 Attempts - 20 Races total,8,Go to Submit page,,,,,,,,,,,,,,,,,,A Finals,6959,Re-use Day 4 - Team Comp 1 as Finals Team Comp,,,,,,,,,,https://drive.google.com/open?id=1WwfXEUmsuyQ-Ar5uVbI88fe2iKmUydG9,3rd,No (goes to Submit page),,,,,,,,,,,,,,,,,,,
Robzerino,Graded (No Uma Restrictions),Get into A finals,I accept these terms,Finals,iOS - phone or tablet,$1-100,1205,11-20 (roughly 2-3 per day),Discord - MooMooCord - https://discord.gg/Hc7cP9GB,5,,Maruzensky (Summer),Pace Chaser,Ace built for this CM before CM start in Unity Cup scenario,UG (or higher),2,,1,,3,,,,,Taiki Shuttle,Pace Chaser,Ace built for this CM before CM start in Unity Cup scenario,UG (or higher),2,,1,,3,,,,,Gold City (Festival),Pace Chaser,Ace built for this CM before CM start in Unity Cup scenario,SS,2,,1,,3,,,,,4 Attempts - 20 Races total,14,Go to Submit page,,,,,,,,,,,,,,,,,,,,Re-use Day 1 - Team Comp 1 as Day 2 - Team Comp 1,,,,,,,,,,,,,4 Attempts - 20 Races total,13,Go to Submit page,,,,,,,,,,,,,,,,,,Add new Team Comp as Day 3 - Team Comp 1,A Group,Maruzensky (Summer),Pace Chaser,Ace built for this CM before CM start in Unity Cup scenario,UG (or higher),Taiki Shuttle,Pace Chaser,Mid-CM Ace build in Unity Cup scenario,UG (or higher),Gold City (Festival),Pace Chaser,Ace built for this CM before CM start in Unity Cup scenario,SS,4 Attempts - 20 Races total,5,Go to Submit page,,,,,,,,,,,,,,,,,,Re-use Day 3 - Team Comp 1 as Day 4 - Team Comp 1,A Group,,,,,,,,,,,,,4 Attempts - 20 Races total,17,Go to Submit page,,,,,,,,,,,,,,,,,,A Finals,7836,Re-use Day 4 - Team Comp 1 as Finals Team Comp,,,,,,,,,,https://drive.google.com/open?id=1Nc9gUlL4g8-8rg-SP0C2ySSHiemKlgC9,2nd,No (goes to Submit page),,,,,,,,,,,,,,,,,,,
VHLAN,Graded (No Uma Restrictions),Win A finals with any uma,I accept these terms,Day 2,"Android - phone or tablet, Windows",$101-500,,21-30 (roughly 3-4 per day),Discord - MooMooCord - https://discord.gg/Hc7cP9GB,5,,Nishino Flower,Pace Chaser,Ace built for this CM before CM start in Unity Cup scenario,UG (or higher),1,,,2,2,,1,,,Taiki Shuttle,Pace Chaser,Ace built for this CM before CM start in Unity Cup scenario,UG (or higher),1,,1,1,3,,,,,Oguri Cap,Late Surger,Ace built for this CM before CM start in Trackblazer scenario,UG (or higher),2,,1,0,2,,1,60,37,4 Attempts - 20 Races total,15,Go to Submit page,,,,,,,,,,,,,,,,,,,,Re-use Day 1 - Team Comp 1 as Day 2 - Team Comp 1,,,,,,,,,,,,,2 Attempts - 10 Races total,7,Day 2 - Add 2nd Team,Add new Team Comp as Day 2 - Team Comp 2,Taiki Shuttle,Pace Chaser,Ace built for this CM before CM start in Unity Cup scenario,UG (or higher),Oguri Cap,Late Surger,Ace built for this CM before CM start in Trackblazer scenario,UG (or higher),Silence Suzuka,Runaway,Ace built for this CM before CM start in Unity Cup scenario,UG (or higher),2 Attempts - 10 Races total,8,2 teams,Go to Submit page,,,,,,,,,,,,,,,,,,,,,,,,,,,,,,,,,,,,,,,,,,,,,,,,,,,,,,,,,,,,,,,,,,,,,,,,,,,,,,,,,,,,,,,,,,,,,,,,,,,,,,
giantsoybean,Graded (No Uma Restrictions),Win A finals with any uma,I accept these terms,Finals,Windows,$1-100,1342,21-30 (roughly 3-4 per day),Discord - MooMooCord - https://discord.gg/Hc7cP9GB,5,,Gold City (Festival),Pace Chaser,Ace built for this CM before CM start in Unity Cup scenario,UG (or higher),2,0,1,0,3,0,0,,21,Nishino Flower,Pace Chaser,Ace built for this CM before CM start in Unity Cup scenario,SS,2,0,1,0,3,0,0,,22,Taiki Shuttle,Pace Chaser,Ace built for this CM before CM start in Unity Cup scenario,UG (or higher),2,0,0,1,3,0,0,,18,4 Attempts - 20 Races total,17,Go to Submit page,,,,,,,,,,,,,,,,,,,,Re-use Day 1 - Team Comp 1 as Day 2 - Team Comp 1,,,,,,,,,,,,,4 Attempts - 20 Races total,12,Go to Submit page,,,,,,,,,,,,,,,,,,Re-use Day 2 - Team Comp 1 as Day 3 - Team Comp 1,A Group,,,,,,,,,,,,,4 Attempts - 20 Races total,13,Go to Submit page,,,,,,,,,,,,,,,,,,Re-use Day 3 - Team Comp 1 as Day 4 - Team Comp 1,A Group,,,,,,,,,,,,,4 Attempts - 20 Races total,13,Go to Submit page,,,,,,,,,,,,,,,,,,A Finals,8321,Re-use Day 4 - Team Comp 1 as Finals Team Comp,,,,,,,,,,,2nd,No (goes to Submit page),,,,,,,,,,,,,,,,,,,
BonkChoy,Graded (No Uma Restrictions),"Win A finals with ""oshi"" uma",I accept these terms,Finals,"Android - phone or tablet, Windows",$501-1000,1420,11-20 (roughly 2-3 per day),"Twitch - MooMooCows - https://www.twitch.tv/moomoomoocows, YouTube - MooMooCows - https://www.youtube.com/@MooMooCows",,,Mejiro Ardan,Pace Chaser,Ace built for this CM before CM start in Unity Cup scenario,UG (or higher),2,0,0,1,3,0,0,,15,Hishi Akebono,Pace Chaser,Ace built for this CM before CM start in Unity Cup scenario,UG (or higher),2,0,0,1,3,0,0,,18,Oguri Cap,Pace Chaser,Ace built for this CM before CM start in Unity Cup scenario,SS,2,0,1,0,3,0,0,,19,4 Attempts - 20 Races total,9,Go to Submit page,,,,,,,,,,,,,,,,,,,,Re-use Day 1 - Team Comp 1 as Day 2 - Team Comp 1,,,,,,,,,,,,,4 Attempts - 20 Races total,16,Go to Submit page,,,,,,,,,,,,,,,,,,Re-use Day 2 - Team Comp 1 as Day 3 - Team Comp 1,A Group,,,,,,,,,,,,,4 Attempts - 20 Races total,14,Go to Submit page,,,,,,,,,,,,,,,,,,Re-use Day 3 - Team Comp 1 as Day 4 - Team Comp 1,A Group,,,,,,,,,,,,,4 Attempts - 20 Races total,12,Go to Submit page,,,,,,,,,,,,,,,,,,A Finals,11079,Re-use Day 4 - Team Comp 1 as Finals Team Comp,,,,,,,,,,https://drive.google.com/open?id=1Qs20urYX4JgU-SXbKRPcbcByK-Mj8XTj,1st,,,,,,,,,,,,,,,,,,,,https://drive.google.com/open?id=1X2Ls7IowsPXyEl0B_QZT9dDuQUmVD0xA
Drey,Graded (No Uma Restrictions),Get into A finals,I accept these terms,Finals,,$101-500,,6-10 (roughly 1 per day),Discord - MooMooCord - https://discord.gg/Hc7cP9GB,,,Mejiro Dober (Camping),Late Surger,Ace built for this CM before CM start in Unity Cup scenario,UG (or higher),,,,,,,,,,Mayano Top Gun (Wedding),Late Surger,Ace built for this CM before CM start in Unity Cup scenario,UG (or higher),,,,,,,,,,Kawakami Princess,Late Surger,Ace built for this CM before CM start in Unity Cup scenario,UG (or higher),,,,,,,,,,4 Attempts - 20 Races total,16,Go to Submit page,,,,,,,,,,,,,,,,,,,,Re-use Day 1 - Team Comp 1 as Day 2 - Team Comp 1,,,,,,,,,,,,,4 Attempts - 20 Races total,12,Go to Submit page,,,,,,,,,,,,,,,,,,Re-use Day 2 - Team Comp 1 as Day 3 - Team Comp 1,A Group,,,,,,,,,,,,,4 Attempts - 20 Races total,14,Go to Submit page,,,,,,,,,,,,,,,,,,Re-use Day 3 - Team Comp 1 as Day 4 - Team Comp 1,A Group,,,,,,,,,,,,,4 Attempts - 20 Races total,15,Go to Submit page,,,,,,,,,,,,,,,,,,A Finals,9848,Re-use Day 4 - Team Comp 1 as Finals Team Comp,,,,,,,,,,https://drive.google.com/open?id=1IcD4R15jZ6mLhNWQpEfwm14GyZB7zj5_,1st,,,,,,,,,,,Victory!!!,https://drive.google.com/open?id=1ok5dG5T6J9KQB7XZZLSIyDGsryErpTp4,https://drive.google.com/open?id=1fdIHPauZjWBfKXJWf6VKTzTCYGeXUOXa,,6,0,3,2,2,https://drive.google.com/open?id=1Cxil2LB6RgIeJaPRKF5nK-Agd4-H_0Oq
JaydeSun,Graded (No Uma Restrictions),Win A finals with any uma,I accept these terms,Finals,Windows,$1-100,850,6-10 (roughly 1 per day),Discord - MooMooCord - https://discord.gg/Hc7cP9GB,5,,Oguri Cap,Pace Chaser,Ace built for this CM before CM start in Unity Cup scenario,UG (or higher),2,0,1,0,3,0,0,50,22,Taiki Shuttle,Pace Chaser,Ace built for this CM before CM start in Unity Cup scenario,UG (or higher),2,0,0,1,3,0,0,50,21,Nishino Flower,Pace Chaser,Ace built for this CM before CM start in Unity Cup scenario,UG (or higher),2,0,0,1,3,0,0,50,23,4 Attempts - 20 Races total,13,Go to Submit page,,,,,,,,,,,,,,,,,,,,Re-use Day 1 - Team Comp 1 as Day 2 - Team Comp 1,,,,,,,,,,,,,4 Attempts - 20 Races total,16,Go to Submit page,,,,,,,,,,,,,,,,,,Re-use Day 2 - Team Comp 1 as Day 3 - Team Comp 1,A Group,,,,,,,,,,,,,4 Attempts - 20 Races total,17,Go to Submit page,,,,,,,,,,,,,,,,,,Re-use Day 3 - Team Comp 1 as Day 4 - Team Comp 1,A Group,,,,,,,,,,,,,4 Attempts - 20 Races total,17,Go to Submit page,,,,,,,,,,,,,,,,,,A Finals,9017,Re-use Day 4 - Team Comp 1 as Finals Team Comp,,,,,,,,,,https://drive.google.com/open?id=13gSNAxahCc2Dzy3yjyfS1xsGKYJ5Sw7r,1st,,,,,,,,,,,,,,,0,0,13,0,1,
Phantom,Graded (No Uma Restrictions),Get into A finals,I accept these terms,Finals,,$1-100,1212,21-30 (roughly 3-4 per day),,,,Taiki Shuttle,Pace Chaser,Ace built for this CM before CM start in Unity Cup scenario,SS+,2,,,1,3,,,,,Oguri Cap,Pace Chaser,Ace built for this CM before CM start in Unity Cup scenario,UG (or higher),2,,1,,3,,,,,Nishino Flower,Pace Chaser,Ace built for this CM before CM start in Unity Cup scenario,UG (or higher),2,,,1,3,,,,,4 Attempts - 20 Races total,14,Go to Submit page,,,,,,,,,,,,,,,,,,,,Re-use Day 1 - Team Comp 1 as Day 2 - Team Comp 1,,,,,,,,,,,,,4 Attempts - 20 Races total,13,Go to Submit page,,,,,,,,,,,,,,,,,,Re-use Day 2 - Team Comp 1 as Day 3 - Team Comp 1,A Group,,,,,,,,,,,,,4 Attempts - 20 Races total,16,Go to Submit page,,,,,,,,,,,,,,,,,,Re-use Day 3 - Team Comp 1 as Day 4 - Team Comp 1,A Group,,,,,,,,,,,,,4 Attempts - 20 Races total,15,Go to Submit page,,,,,,,,,,,,,,,,,,A Finals,11550,Re-use Day 4 - Team Comp 1 as Finals Team Comp,,,,,,,,,,https://drive.google.com/open?id=1bWwtyMioQN9vaycmWB6tbRz7_QXQ6WLt,1st,,,,,,,,,,,,,,,,,,,,
C#,Graded (No Uma Restrictions),Get into A finals,I accept these terms,Finals,Android - phone or tablet,$1-100,678,11-20 (roughly 2-3 per day),"Twitch - MooMooCows - https://www.twitch.tv/moomoomoocows, YouTube - MooMooCows - https://www.youtube.com/@MooMooCows",,,Silence Suzuka,Runaway,Ace built for this CM before CM start in Unity Cup scenario,SS,2,0,1,0,2,1,0,,,Oguri Cap,Pace Chaser,Ace built for this CM before CM start in Unity Cup scenario,SS,2,0,0,1,3,0,0,,,Taiki Shuttle,Pace Chaser,Ace built for this CM before CM start in Unity Cup scenario,UG (or higher),2,0,0,1,3,0,0,,,4 Attempts - 20 Races total,14,Go to Submit page,,,,,,,,,,,,,,,,,,,,Re-use Day 1 - Team Comp 1 as Day 2 - Team Comp 1,,,,,,,,,,,,,4 Attempts - 20 Races total,19,Go to Submit page,,,,,,,,,,,,,,,,,,Re-use Day 2 - Team Comp 1 as Day 3 - Team Comp 1,A Group,,,,,,,,,,,,,4 Attempts - 20 Races total,11,Go to Submit page,,,,,,,,,,,,,,,,,,Re-use Day 3 - Team Comp 1 as Day 4 - Team Comp 1,A Group,,,,,,,,,,,,,4 Attempts - 20 Races total,13,Go to Submit page,,,,,,,,,,,,,,,,,,A Finals,12271,Re-use Day 4 - Team Comp 1 as Finals Team Comp,,,,,,,,,,https://drive.google.com/open?id=1HGEBU9-hYEKmFoIfC5NDZo9QaOWww0mz,1st,,,,,,,,,,,,https://drive.google.com/open?id=1l80DnrK6QoWtR0WyWqr_FpEvPrQjZYcH,https://drive.google.com/open?id=1_pnskp45yI4ZUcZX5Wyy-854Ht2iC2Ow,,,,,,,https://drive.google.com/open?id=1HVntIi3lP68ObNBG4YAQhDFcmBWFQ-dS
Lorli,Graded (No Uma Restrictions),Win A finals with any uma,I accept these terms,Finals,Android - phone or tablet,$0,2114,31-45 (roughly 5-6 per day),Discord - MooMooCord - https://discord.gg/Hc7cP9GB,5,Always include race bonus and number of races since a lot of aces are losing because of lack of skill points,Nishino Flower,Pace Chaser,Ace built for this CM before CM start in Unity Cup scenario,UG (or higher),2,0,0,1,3,0,0,38,20,Taiki Shuttle,Pace Chaser,Ace built for this CM before CM start in Unity Cup scenario,UG (or higher),2,0,0,1,3,0,0,38,20,Oguri Cap,Pace Chaser,Ace built for this CM before CM start in Unity Cup scenario,UG (or higher),2,0,0,1,3,0,0,38,24,4 Attempts - 20 Races total,18,Go to Submit page,,,,,,,,,,,,,,,,,,,,Re-use Day 1 - Team Comp 1 as Day 2 - Team Comp 1,,,,,,,,,,,,,4 Attempts - 20 Races total,15,Go to Submit page,,,,,,,,,,,,,,,,,,Re-use Day 2 - Team Comp 1 as Day 3 - Team Comp 1,A Group,,,,,,,,,,,,,4 Attempts - 20 Races total,11,Go to Submit page,,,,,,,,,,,,,,,,,,Re-use Day 3 - Team Comp 1 as Day 4 - Team Comp 1,A Group,,,,,,,,,,,,,4 Attempts - 20 Races total,12,Go to Submit page,,,,,,,,,,,,,,,,,,A Finals,9553,Re-use Day 4 - Team Comp 1 as Finals Team Comp,,,,,,,,,,https://drive.google.com/open?id=1GW3qqlPOPzX9FTao755PDv1Soufhp_1P,1st,,,,,,,,,,,,https://drive.google.com/open?id=15rKzlNsev1vWXlzdVlLlAmhv4AU7jeOB,https://drive.google.com/open?id=1N9WDS87gjdyE_8mg6Em-EDTedd7eaAiq,,0,0,13,2,0,https://drive.google.com/open?id=1BerbaysA6AIbaMoePiTgc4hjdb3ED6NT
FriedNomeler,Graded (No Uma Restrictions),"Win A finals with ""oshi"" uma",I accept these terms,Finals,iOS - phone or tablet,$0,401,11-20 (roughly 2-3 per day),Discord - MooMooCord - https://discord.gg/Hc7cP9GB,5,,Rice Shower (Halloween),Pace Chaser,Ace built for this CM before CM start in Unity Cup scenario,UG (or higher),2,0,1,0,3,0,0,,,Oguri Cap,Pace Chaser,Ace built for this CM before CM start in Unity Cup scenario,SS+,2,0,0,1,3,0,0,,,King Halo,Late Surger,Ace built for this CM before CM start in Unity Cup scenario,SS,3,0,0,0,3,0,0,,,4 Attempts - 20 Races total,14,Go to Submit page,,,,,,,,,,,,,,,,,,,,Re-use Day 1 - Team Comp 1 as Day 2 - Team Comp 1,,,,,,,,,,,,,4 Attempts - 20 Races total,9,Go to Submit page,,,,,,,,,,,,,,,,,,Re-use Day 2 - Team Comp 1 as Day 3 - Team Comp 1,A Group,,,,,,,,,,,,,4 Attempts - 20 Races total,15,Go to Submit page,,,,,,,,,,,,,,,,,,Re-use Day 3 - Team Comp 1 as Day 4 - Team Comp 1,A Group,,,,,,,,,,,,,4 Attempts - 20 Races total,6,Go to Submit page,,,,,,,,,,,,,,,,,,A Finals,8220,Re-use Day 4 - Team Comp 1 as Finals Team Comp,,,,,,,,,,https://drive.google.com/open?id=1sltSkDbHWPwMN1oTFxEJSHeUcuhALWRw,2nd,No (goes to Submit page),,,,,,,,,,,,,,,,,,,
Muu,Graded (No Uma Restrictions),Get into A finals,I accept these terms,Finals,Windows,$1001-5000,1058,11-20 (roughly 2-3 per day),Discord - MooMooCord - https://discord.gg/Hc7cP9GB,5,,Oguri Cap,Pace Chaser,Ace built for this CM before CM start in Unity Cup scenario,UG (or higher),2,0,1,0,3,0,0,,,Taiki Shuttle,Pace Chaser,Ace built for this CM before CM start in Unity Cup scenario,UG (or higher),2,,,1,3,,,,,Maruzensky (Summer),Front Runner,Ace built for this CM before CM start in Unity Cup scenario,UG (or higher),2,,,1,3,,,,,4 Attempts - 20 Races total,12,Go to Submit page,,,,,,,,,,,,,,,,,,,,Re-use Day 1 - Team Comp 1 as Day 2 - Team Comp 1,,,,,,,,,,,,,4 Attempts - 20 Races total,12,Day 3,,,,,,,,,,,,,,,,,,Re-use Day 2 - Team Comp 1 as Day 3 - Team Comp 1,A Group,,,,,,,,,,,,,4 Attempts - 20 Races total,13,Day 4,,,,,,,,,,,,,,,,,,Re-use Day 3 - Team Comp 1 as Day 4 - Team Comp 1,A Group,,,,,,,,,,,,,4 Attempts - 20 Races total,16,Go to Submit page,,,,,,,,,,,,,,,,,,A Finals,7298,Re-use Day 4 - Team Comp 1 as Finals Team Comp,,,,,,,,,,,1st,,,,,,,,,,,,,,,,,,,,
Rayna,Graded (No Uma Restrictions),Get into A finals,I accept these terms,Finals,Android - phone or tablet,$1-100,1458,21-30 (roughly 3-4 per day),Discord - MooMooCord - https://discord.gg/Hc7cP9GB,,,Oguri Cap,Pace Chaser,Ace built for this CM before CM start in Unity Cup scenario,UG (or higher),2,0,1,0,3,0,0,,,Nishino Flower,Pace Chaser,Ace built for this CM before CM start in Unity Cup scenario,SS,2,0,0,1,3,0,0,,,Taiki Shuttle,Pace Chaser,Ace built for this CM before CM start in Unity Cup scenario,SS+,2,0,0,1,3,0,0,,,3 Attempts - 15 Races total,12,Go to Submit page,,,,,,,,,,,,,,,,,,,,Re-use Day 1 - Team Comp 1 as Day 2 - Team Comp 1,,,,,,,,,,,,,1 Attempt - 5 Races total,3,Go to Submit page,,,,,,,,,,,,,,,,,,Re-use Day 2 - Team Comp 1 as Day 3 - Team Comp 1,A Group,,,,,,,,,,,,,4 Attempts - 20 Races total,11,Go to Submit page,,,,,,,,,,,,,,,,,,Re-use Day 3 - Team Comp 1 as Day 4 - Team Comp 1,A Group,,,,,,,,,,,,,4 Attempts - 20 Races total,14,Go to Submit page,,,,,,,,,,,,,,,,,,A Finals,13706,Re-use Day 4 - Team Comp 1 as Finals Team Comp,,,,,,,,,,https://drive.google.com/open?id=1f1souNAoCVYpsipI1xZppsAB4NcLxrTj,3rd,Yes,https://drive.google.com/open?id=1hPnKbMm0uIymTG2czhhHVz-fzBbyhdal,https://drive.google.com/open?id=1jN3-G0fgfqV6fIsluGcHJ8cGdq0lf3go,,5,2,8,0,0,https://drive.google.com/open?id=12JuauOzzglDmJ_hpQl4ySBjZP1EOfpZN,,,,,,,,,,
Chrll,Graded (No Uma Restrictions),Get into A finals,I accept these terms,Finals,"Android - phone or tablet, Windows",$1001-5000,2641,46+ (more than 6 per day),Discord - MooMooCord - https://discord.gg/Hc7cP9GB,5,,Mejiro McQueen,Pace Chaser,Ace built for this CM before CM start in Unity Cup scenario,UG (or higher),2,0,0,1,3,0,0,50,15,Nishino Flower,Pace Chaser,Ace built for this CM before CM start in Unity Cup scenario,UG (or higher),2,0,0,1,3,0,0,50,19,Taiki Shuttle,Pace Chaser,Ace built for this CM before CM start in Unity Cup scenario,UG (or higher),2,0,1,0,3,0,0,40,17,4 Attempts - 20 Races total,13,Go to Submit page,,,,,,,,,,,,,,,,,,,,Add new Team Comp as Day 2 - Team Comp 1,Mejiro McQueen,Pace Chaser,Ace built for this CM before CM start in Unity Cup scenario,UG (or higher),Nishino Flower,Pace Chaser,Ace built for this CM before CM start in Unity Cup scenario,UG (or higher),Copano Rickey,Pace Chaser,Mid-CM Ace build in Unity Cup scenario,SS+,4 Attempts - 20 Races total,16,Go to Submit page,,,,,,,,,,,,,,,,,,Re-use Day 2 - Team Comp 1 as Day 3 - Team Comp 1,A Group,,,,,,,,,,,,,4 Attempts - 20 Races total,14,Day 4,,,,,,,,,,,,,,,,,,Re-use Day 3 - Team Comp 1 as Day 4 - Team Comp 1,A Group,,,,,,,,,,,,,4 Attempts - 20 Races total,13,Go to Submit page,,,,,,,,,,,,,,,,,,A Finals,10128,Re-use Day 4 - Team Comp 1 as Finals Team Comp,,,,,,,,,,https://drive.google.com/open?id=1AS1hE6P0mSPU8dooDouF7AZgJjZzE6bk,2nd,Yes,https://drive.google.com/open?id=13u3cpyRRLd2GR2umXH2s-mdKyhJpn0Tp,https://drive.google.com/open?id=1yeiBBUqhdzPGbdpTn9DzeMEKTqyr-VDR,,11,0,6,0,0,https://drive.google.com/open?id=1WnOnL7LVrbhFJQXSauQE5FLlwi1oKNi-,,,,,,,,,,
Cadney,Graded (No Uma Restrictions),Win A finals with any uma,I accept these terms,Day 1,iOS - phone or tablet,$101-500,1846,31-45 (roughly 5-6 per day),Discord - MooMooCord - https://discord.gg/Hc7cP9GB,5,,Taiki Shuttle (Camping),Pace Chaser,Ace built for this CM before CM start in Unity Cup scenario,UG (or higher),2,0,0,1,3,0,0,,,Oguri Cap,Pace Chaser,Ace built for this CM before CM start in Unity Cup scenario,UG (or higher),2,,,1,3,,,,,Nishino Flower,Pace Chaser,Ace built for this CM before CM start in Unity Cup scenario,SS+,2,,,1,3,,,,,4 Attempts - 20 Races total,15,Go to Submit page,,,,,,,,,,,,,,,,,,,,Re-use Day 1 - Team Comp 1 as Day 2 - Team Comp 1,,,,,,,,,,,,,4 Attempts - 20 Races total,15,Day 3,,,,,,,,,,,,,,,,,,Re-use Day 2 - Team Comp 1 as Day 3 - Team Comp 1,A Group,,,,,,,,,,,,,4 Attempts - 20 Races total,15,Day 4,,,,,,,,,,,,,,,,,,Re-use Day 3 - Team Comp 1 as Day 4 - Team Comp 1,A Group,,,,,,,,,,,,,4 Attempts - 20 Races total,18,Finals,,,,,,,,,,,,,,,,,,A Finals,10491,Re-use Day 4 - Team Comp 1 as Finals Team Comp,,,,,,,,,,,1st,,,,,,,,,,,,,,,,,,,,
Haunt,Graded (No Uma Restrictions),Get into A finals,I accept these terms,Finals,Android - phone or tablet,$0,1017,21-30 (roughly 3-4 per day),YouTube - MooMooCows - https://www.youtube.com/@MooMooCows,4,,Oguri Cap,Pace Chaser,Ace built for this CM before CM start in Unity Cup scenario,UG (or higher),1,,,1,4,,,,,Nishino Flower,Pace Chaser,Ace built for this CM before CM start in Unity Cup scenario,UG (or higher),1,,,1,4,,,,,Taiki Shuttle,Pace Chaser,Ace built for this CM before CM start in Unity Cup scenario,UG (or higher),1,,,2,3,,,,,4 Attempts - 20 Races total,13,Go to Submit page,,,,,,,,,,,,,,,,,,,,Re-use Day 1 - Team Comp 1 as Day 2 - Team Comp 1,,,,,,,,,,,,,4 Attempts - 20 Races total,18,Go to Submit page,,,,,,,,,,,,,,,,,,Re-use Day 2 - Team Comp 1 as Day 3 - Team Comp 1,A Group,,,,,,,,,,,,,4 Attempts - 20 Races total,10,Day 4,,,,,,,,,,,,,,,,,,Re-use Day 3 - Team Comp 1 as Day 4 - Team Comp 1,A Group,,,,,,,,,,,,,4 Attempts - 20 Races total,12,Go to Submit page,,,,,,,,,,,,,,,,,,A Finals,7090,Re-use Day 4 - Team Comp 1 as Finals Team Comp,,,,,,,,,,https://drive.google.com/open?id=1NnRs1iZsjMTa323Q9oQU4Jf6AB1SGlvV,1st,,,,,,,,,,,,https://drive.google.com/open?id=1KXIJ9JY8GU8zwZ745oENZwC4U5ajRwlu,https://drive.google.com/open?id=1mRprYpQuAP2A-T4LKaLwY3YhGzFC81zZ,,6,,12,,,https://drive.google.com/open?id=150pQrHggl9iUfbDmkIoeP5INFNh12oHz
Deetdee,Graded (No Uma Restrictions),"Win A finals with ""oshi"" uma",I accept these terms,Finals,"Android - phone or tablet, Windows",$1-100,976,6-10 (roughly 1 per day),Discord - MooMooCord - https://discord.gg/Hc7cP9GB,,,Rice Shower,Pace Chaser,Ace built for this CM before CM start in Unity Cup scenario,SS+,2,,,,3,1,,,,Air Groove (Wedding),Pace Chaser,Ace built for this CM before CM start in Unity Cup scenario,UG (or higher),2,,1,,3,,,,,Sakura Chiyono O,Pace Chaser,Ace built for this CM before CM start in Unity Cup scenario,SS,2,,1,,3,,,,,4 Attempts - 20 Races total,11,Go to Submit page,,,,,,,,,,,,,,,,,,,,Re-use Day 1 - Team Comp 1 as Day 2 - Team Comp 1,,,,,,,,,,,,,4 Attempts - 20 Races total,12,Go to Submit page,,,,,,,,,,,,,,,,,,Re-use Day 2 - Team Comp 1 as Day 3 - Team Comp 1,A Group,,,,,,,,,,,,,4 Attempts - 20 Races total,9,Go to Submit page,,,,,,,,,,,,,,,,,,Re-use Day 3 - Team Comp 1 as Day 4 - Team Comp 1,A Group,,,,,,,,,,,,,4 Attempts - 20 Races total,12,Go to Submit page,,,,,,,,,,,,,,,,,,A Finals,11080,Re-use Day 4 - Team Comp 1 as Finals Team Comp,,,,,,,,,,https://drive.google.com/open?id=1dijLOkC8zR4GQDW97o5x2RtZp8cmMvv5,2nd,No (goes to Submit page),,,,,,,,,,,,,,,,,,,
Cave,Graded (No Uma Restrictions),Win A finals with any uma,I accept these terms,Finals,,$1-100,739,11-20 (roughly 2-3 per day),,,,Curren Chan,Pace Chaser,Ace built for this CM before CM start in Unity Cup scenario,UG (or higher),,,,,,,,,,Taiki Shuttle,Pace Chaser,Ace built for this CM before CM start in Unity Cup scenario,UG (or higher),,,,,,,,,,Oguri Cap,Pace Chaser,Ace built for this CM before CM start in Unity Cup scenario,UG (or higher),,,,,,,,,,4 Attempts - 20 Races total,11,Go to Submit page,,,,,,,,,,,,,,,,,,,,Re-use Day 1 - Team Comp 1 as Day 2 - Team Comp 1,,,,,,,,,,,,,4 Attempts - 20 Races total,16,Go to Submit page,,,,,,,,,,,,,,,,,,Re-use Day 2 - Team Comp 1 as Day 3 - Team Comp 1,A Group,,,,,,,,,,,,,4 Attempts - 20 Races total,11,Go to Submit page,,,,,,,,,,,,,,,,,,Re-use Day 3 - Team Comp 1 as Day 4 - Team Comp 1,A Group,,,,,,,,,,,,,4 Attempts - 20 Races total,8,Go to Submit page,,,,,,,,,,,,,,,,,,A Finals,8846,Re-use Day 4 - Team Comp 1 as Finals Team Comp,,,,,,,,,,,3rd,No (goes to Submit page),,,,,,,,,,,,,,,,,,,
✿･ﾟ bouquetd'or,Graded (No Uma Restrictions),Win A finals with any uma,I accept these terms,Finals,Android - phone or tablet,$1-100,1087,11-20 (roughly 2-3 per day),"Discord - MooMooCord - https://discord.gg/Hc7cP9GB, Reddit - /r/umamusumeGame",5,,Oguri Cap,Pace Chaser,Ace built for this CM before CM start in Unity Cup scenario,UG (or higher),2,0,0,1,3,0,0,,,Taiki Shuttle (Camping),Pace Chaser,Ace built for this CM before CM start in Unity Cup scenario,UG (or higher),2,0,0,1,3,0,0,,,Silence Suzuka,Runaway,Ace built for this CM before CM start in Unity Cup scenario,UG (or higher),2,0,0,,3,1,0,,,4 Attempts - 20 Races total,15,Go to Submit page,,,,,,,,,,,,,,,,,,,,Re-use Day 1 - Team Comp 1 as Day 2 - Team Comp 1,,,,,,,,,,,,,4 Attempts - 20 Races total,17,Go to Submit page,,,,,,,,,,,,,,,,,,Re-use Day 2 - Team Comp 1 as Day 3 - Team Comp 1,A Group,,,,,,,,,,,,,4 Attempts - 20 Races total,11,Go to Submit page,,,,,,,,,,,,,,,,,,Re-use Day 3 - Team Comp 1 as Day 4 - Team Comp 1,A Group,,,,,,,,,,,,,4 Attempts - 20 Races total,11,Go to Submit page,,,,,,,,,,,,,,,,,,A Finals,9014,Re-use Day 4 - Team Comp 1 as Finals Team Comp,,,,,,,,,,https://drive.google.com/open?id=1C0ymDEi9bDZcMoyKRS4tcvRCWvzE_K3Y,1st,,,,,,,,,,,brought a gun to a horse fight,https://drive.google.com/open?id=1uJpo5GZU0bVcdf3inn3JexsSWnf2IG0U,https://drive.google.com/open?id=1NDIAeGNbooGhedx4KuUVwC9l286hztsv,,3,2,9,1,0,https://drive.google.com/open?id=166bslK1ZlkgbsRfcOVjd5_Abdwk_rLr7
Aurus,Graded (No Uma Restrictions),Get into A finals,I accept these terms,Finals,iOS - phone or tablet,$101-500,1269,21-30 (roughly 3-4 per day),Discord - MooMooCord - https://discord.gg/Hc7cP9GB,,,Narita Taishin,End Closer,Ace built for this CM before CM start in Unity Cup scenario,UG (or higher),3,,,,3,,,,,Oguri Cap,Late Surger,Ace built for this CM before CM start in Trackblazer scenario,UG (or higher),2,,1,,3,,,60,39,Taiki Shuttle,Pace Chaser,Ace built for this CM before CM start in Trackblazer scenario,SS+,2,,1,,3,,,55,40,4 Attempts - 20 Races total,16,Go to Submit page,,,,,,,,,,,,,,,,,,,,Add new Team Comp as Day 2 - Team Comp 1,Narita Taishin,End Closer,Ace built for this CM before CM start in Unity Cup scenario,UG (or higher),Oguri Cap,Late Surger,Ace built for this CM before CM start in Trackblazer scenario,UG (or higher),Grass Wonder,End Closer,Debuffer,UG (or higher),4 Attempts - 20 Races total,14,Go to Submit page,,,,,,,,,,,,,,,,,,Re-use Day 2 - Team Comp 2 as Day 3 - Team Comp 1,A Group,,,,,,,,,,,,,4 Attempts - 20 Races total,14,Go to Submit page,,,,,,,,,,,,,,,,,,Re-use Day 3 - Team Comp 1 as Day 4 - Team Comp 1,A Group,,,,,,,,,,,,,4 Attempts - 20 Races total,13,Go to Submit page,,,,,,,,,,,,,,,,,,A Finals,8770,Re-use Day 4 - Team Comp 1 as Finals Team Comp,,,,,,,,,,,2nd,No (goes to Submit page),,,,,,,,,,,,,,,,,,,
kinjoleef,Graded (No Uma Restrictions),Win A finals with any uma,I accept these terms,Finals,"Android - phone or tablet, Windows",$0,1256,11-20 (roughly 2-3 per day),Discord - MooMooCord - https://discord.gg/Hc7cP9GB,5,,Taiki Shuttle,Pace Chaser,Ace built for this CM before CM start in Trackblazer scenario,SS,2,0,1,0,3,0,0,65,38,Oguri Cap,Pace Chaser,Ace built for this CM before CM start in Trackblazer scenario,SS,2,0,1,0,3,0,0,65,41,Mihono Bourbon (Valentine),Front Runner,Ace built for this CM before CM start in Trackblazer scenario,SS,2,0,1,0,3,0,0,60,40,3 Attempts - 15 Races total,7,Go to Submit page,,,,,,,,,,,,,,,,,,,,Re-use Day 1 - Team Comp 1 as Day 2 - Team Comp 1,,,,,,,,,,,,,3 Attempts - 15 Races total,8,Go to Submit page,,,,,,,,,,,,,,,,,,Re-use Day 2 - Team Comp 1 as Day 3 - Team Comp 1,A Group,,,,,,,,,,,,,4 Attempts - 20 Races total,11,Go to Submit page,,,,,,,,,,,,,,,,,,Re-use Day 3 - Team Comp 1 as Day 4 - Team Comp 1,A Group,,,,,,,,,,,,,0 Attempts - 0 Races total,0,Go to Submit page,,,,,,,,,,,,,,,,,,A Finals,4826,Re-use Day 4 - Team Comp 1 as Finals Team Comp,,,,,,,,,,https://drive.google.com/open?id=1Vw1UC1-6p8x_GS--BLxSoptBzRTIdD86,1st,,,,,,,,,,,,https://drive.google.com/open?id=1boYgXPQI_5VCNvrhSSCtE8rNTSCwCKr-,https://drive.google.com/open?id=1BT77tP2rLNaFAzBFFyrviohjbbvTmswG,,2,0,1,0,3,https://drive.google.com/open?id=164Hqcnv7HS9mRony8oC_Tubxlc9RHruY
Nekky,Graded (No Uma Restrictions),"Win A finals with ""oshi"" uma",I accept these terms,Finals,"iOS - phone or tablet, Windows",Rather not say,1290,21-30 (roughly 3-4 per day),"Discord - MooMooCord - https://discord.gg/Hc7cP9GB, Twitch - MooMooCows - https://www.twitch.tv/moomoomoocows, YouTube - MooMooCows - https://www.youtube.com/@MooMooCows",5,,Curren Chan (Wedding),Pace Chaser,Ace built for this CM before CM start in Unity Cup scenario,UG (or higher),2,,,0,3,,,55,24,Oguri Cap,Pace Chaser,Ace built for this CM before CM start in Unity Cup scenario,UG (or higher),2,,,0,3,,,60,16,Grass Wonder,End Closer,Debuffer,A+,,,,,,,,,,4 Attempts - 20 Races total,19,Go to Submit page,,,,,,,,,,,,,,,,,,,,Re-use Day 1 - Team Comp 1 as Day 2 - Team Comp 1,,,,,,,,,,,,,4 Attempts - 20 Races total,18,Go to Submit page,,,,,,,,,,,,,,,,,,Re-use Day 2 - Team Comp 1 as Day 3 - Team Comp 1,A Group,,,,,,,,,,,,,4 Attempts - 20 Races total,15,Go to Submit page,,,,,,,,,,,,,,,,,,Re-use Day 3 - Team Comp 1 as Day 4 - Team Comp 1,A Group,,,,,,,,,,,,,4 Attempts - 20 Races total,10,Go to Submit page,,,,,,,,,,,,,,,,,,A Finals,11039,Re-use Day 4 - Team Comp 1 as Finals Team Comp,,,,,,,,,,https://drive.google.com/open?id=1i7swSZ76r_eNtEm7aaw4ZkQDX2cqsC8j,1st,,,,,,,,,,,☆My Curren is cuter than yours ☆,https://drive.google.com/open?id=1qWdqn_ZN-RDJE4IjMSX775impguZ4gK2,https://drive.google.com/open?id=1_EVuqoczieXb0lqSr59vUAFnsYW1T8sL,,2,,15,,,https://drive.google.com/open?id=1nGAY4ak_1Kv8lNPXGsiMNiAJi3KnGaIB
Teracyte,Graded (No Uma Restrictions),Win A finals with any uma,I accept these terms,Finals,"Android - phone or tablet, Windows",$101-500,632,6-10 (roughly 1 per day),Discord - MooMooCord - https://discord.gg/Hc7cP9GB,,,Taiki Shuttle,Pace Chaser,Ace built for this CM before CM start in Unity Cup scenario,SS,1,0,0,2,3,0,0,,,Nishino Flower,Pace Chaser,Ace built for this CM before CM start in Unity Cup scenario,S+,1,0,0,2,3,0,0,,,Air Groove (Wedding),Pace Chaser,Ace built for this CM before CM start in Unity Cup scenario,SS+,2,0,1,0,3,0,0,,,4 Attempts - 20 Races total,14,Go to Submit page,,,,,,,,,,,,,,,,,,,,Re-use Day 1 - Team Comp 1 as Day 2 - Team Comp 1,,,,,,,,,,,,,4 Attempts - 20 Races total,13,Go to Submit page,,,,,,,,,,,,,,,,,,Re-use Day 2 - Team Comp 1 as Day 3 - Team Comp 1,A Group,,,,,,,,,,,,,4 Attempts - 20 Races total,11,Go to Submit page,,,,,,,,,,,,,,,,,,Re-use Day 3 - Team Comp 1 as Day 4 - Team Comp 1,A Group,,,,,,,,,,,,,4 Attempts - 20 Races total,7,Go to Submit page,,,,,,,,,,,,,,,,,,A Finals,10241,Re-use Day 4 - Team Comp 1 as Finals Team Comp,,,,,,,,,,https://drive.google.com/open?id=1suSRYOhH9jb-EjKFvL9cN5uQaBksD_ZW,3rd,Yes,https://drive.google.com/open?id=1mzebaxcl_4ckwLVms7UFEx5ejxV3q3hW,https://drive.google.com/open?id=1KLQQ-x204yz1muiZtGszYqkLrRyVBp-1,,6,,5,,5,https://drive.google.com/open?id=1dWhpclrHET11Rs1IY3E4P8XUxNk9zIaH,,,,,,,,,,
Cedric,Graded (No Uma Restrictions),Win A finals with any uma,I accept these terms,Finals,"Android - phone or tablet, Windows",$0,1215,11-20 (roughly 2-3 per day),Discord - MooMooCord - https://discord.gg/Hc7cP9GB,,,Taiki Shuttle,Pace Chaser,Ace built for this CM before CM start in Trackblazer scenario,UG (or higher),1,0,0,3,1,0,1,60,38,Air Groove,Pace Chaser,Ace built for this CM before CM start in Trackblazer scenario,UG (or higher),2,0,0,2,1,0,1,60,39,King Halo,Late Surger,Ace built for this CM before CM start in Trackblazer scenario,SS,2,0,0,2,1,0,1,60,37,4 Attempts - 20 Races total,14,Go to Submit page,,,,,,,,,,,,,,,,,,,,Re-use Day 1 - Team Comp 1 as Day 2 - Team Comp 1,,,,,,,,,,,,,4 Attempts - 20 Races total,10,Go to Submit page,,,,,,,,,,,,,,,,,,Re-use Day 2 - Team Comp 1 as Day 3 - Team Comp 1,A Group,,,,,,,,,,,,,4 Attempts - 20 Races total,10,Go to Submit page,,,,,,,,,,,,,,,,,,Re-use Day 3 - Team Comp 1 as Day 4 - Team Comp 1,A Group,,,,,,,,,,,,,4 Attempts - 20 Races total,13,Go to Submit page,,,,,,,,,,,,,,,,,,A Finals,10411,Re-use Day 4 - Team Comp 1 as Finals Team Comp,,,,,,,,,,https://drive.google.com/open?id=1pUraIm3h0KFcYYPn24SXxEC0HDghbqkp,2nd,Yes,https://drive.google.com/open?id=1HXccnrRLCizM20X-T8tDI8yrkVMbd833,https://drive.google.com/open?id=1ELOBeY-aLOTdVdrogtMivNXbnLSJWEIO,,0,0,14,1,0,https://drive.google.com/open?id=1JCfL1Z2H-erj55CVc-8lft0KC06G-mPP,,,,,,,,,,
MercuryEpsilon,Graded (No Uma Restrictions),Win A finals with any uma,I accept these terms,Finals,iOS - phone or tablet,$0,364,6-10 (roughly 1 per day),Discord - MooMooCord - https://discord.gg/Hc7cP9GB,5,,Oguri Cap,Pace Chaser,Ace built for this CM before CM start in Trackblazer scenario,SS,2,,2,,1,,1,65,44,Taiki Shuttle,Pace Chaser,Ace built for this CM before CM start in Trackblazer scenario,SS,2,,2,,1,,1,65,41,Air Groove,Pace Chaser,Hybrid (ace + debuffer),SS,2,,1,,2,1,,56,12,1 Attempt - 5 Races total,2,Day 1 - Add 2nd Team,Oguri Cap,Pace Chaser,Ace built for this CM before CM start in Trackblazer scenario,SS,65,Air Groove,Pace Chaser,Hybrid (ace + debuffer),SS,56,King Halo,Late Surger,Ace built for this CM before CM start in Trackblazer scenario,SS,65,3 Attempts - 15 Races total,8,3 teams,Go to Submit page,Re-use Day 1 - Team Comp 2 as Day 2 - Team Comp 1,,,,,,,,,,,,,1 Attempt - 5 Races total,1,Day 2 - Add 2nd Team,Add new Team Comp as Day 2 - Team Comp 2,Oguri Cap,Pace Chaser,Ace built for this CM before CM start in Trackblazer scenario,SS,Air Groove,Pace Chaser,Hybrid (ace + debuffer),SS,Taiki Shuttle,Pace Chaser,Ace built for this CM before CM start in Trackblazer scenario,SS,3 Attempts - 15 Races total,5,3 teams,Go to Submit page,Add new Team Comp as Day 3 - Team Comp 1,A Group,Oguri Cap,Pace Chaser,Ace built for this CM before CM start in Trackblazer scenario,SS,Sakura Bakushin O,Pace Chaser,Mid-CM Ace build in Unity Cup scenario,SS,Air Groove,Pace Chaser,Hybrid (ace + debuffer),SS,1 Attempt - 5 Races total,1,Day 3 - Add 2nd Team,Add new Team Comp as Day 3 - Team Comp 2,Oguri Cap,Pace Chaser,Ace built for this CM before CM start in Trackblazer scenario,SS,Air Groove,Pace Chaser,Hybrid (ace + debuffer),SS,Taiki Shuttle,Pace Chaser,Ace built for this CM before CM start in Trackblazer scenario,SS,3 Attempts - 15 Races total,6,3 teams,Go to Submit page,Re-use Day 3 - Team Comp 2 as Day 4 - Team Comp 1,A Group,,,,,,,,,,,,,2 Attempts - 10 Races total,2,Day 4 - Add 2nd team,Add new Team Comp as Day 4 - Team Comp 2,Oguri Cap,Pace Chaser,Ace built for this CM before CM start in Trackblazer scenario,SS,Sakura Bakushin O,Pace Chaser,Mid-CM Ace build in Unity Cup scenario,SS,Taiki Shuttle,Pace Chaser,Ace built for this CM before CM start in Trackblazer scenario,SS,2 Attempts - 10 Races total,4,2 teams,Go to Submit page,A Finals,8675,Re-use Day 4 - Team Comp 2 as Finals Team Comp,,,,,,,,,,https://drive.google.com/open?id=1-YJkcyCLauxzwh8N8UD2SYaz6OXgndG0,2nd,Yes,https://drive.google.com/open?id=1TBVBiRk6xgrmXO3pFrY8FUkzoMevToid,https://drive.google.com/open?id=13-5cvmADf_KfyGf1s7CSYl0_8Lcp5TTz,,,,12,1,,https://drive.google.com/open?id=1_Q8Ix_vrNYdHggEo6Wfj2Klds5ovI_Gu,,,,,,,,,,
Ace VX,Graded (No Uma Restrictions),"Win A finals with ""oshi"" uma",I accept these terms,Go to Submit page,"Android - phone or tablet, Windows",$1-100,1005,11-20 (roughly 2-3 per day),"Discord - MooMooCord - https://discord.gg/Hc7cP9GB, Reddit - /r/umamusumeGame, Twitch - MooMooCows - https://www.twitch.tv/moomoomoocows, YouTube - MooMooCows - https://www.youtube.com/@MooMooCows",5,,Oguri Cap,Pace Chaser,Ace built for this CM before CM start in Unity Cup scenario,UG (or higher),1,0,0,1,4,0,0,,,Rice Shower,Pace Chaser,Ace built for this CM before CM start in Unity Cup scenario,UG (or higher),2,0,1,0,3,0,0,,,King Halo,Pace Chaser,Ace built for this CM before CM start in Unity Cup scenario,UG (or higher),1,0,0,2,3,0,0,,,4 Attempts - 20 Races total,15,Go to Submit page,,,,,,,,,,,,,,,,,,,,Re-use Day 1 - Team Comp 1 as Day 2 - Team Comp 1,,,,,,,,,,,,,4 Attempts - 20 Races total,19,Go to Submit page,,,,,,,,,,,,,,,,,,Re-use Day 2 - Team Comp 1 as Day 3 - Team Comp 1,A Group,,,,,,,,,,,,,4 Attempts - 20 Races total,10,Go to Submit page,,,,,,,,,,,,,,,,,,Re-use Day 3 - Team Comp 1 as Day 4 - Team Comp 1,A Group,,,,,,,,,,,,,4 Attempts - 20 Races total,15,Go to Submit page,,,,,,,,,,,,,,,,,,A Finals,9706,Re-use Day 4 - Team Comp 1 as Finals Team Comp,,,,,,,,,,https://drive.google.com/open?id=1lCya_n-WsMrYQ0oa10YdQb7w20P0Iq4x,2nd,No (goes to Submit page),,,,,,,,,,,,,,,,,,,
Robert,Graded (No Uma Restrictions),Get into A finals,I accept these terms,Finals,Windows,$0,1427,31-45 (roughly 5-6 per day),Discord - MooMooCord - https://discord.gg/Hc7cP9GB,,,Taiki Shuttle,Pace Chaser,Ace built for this CM before CM start in Unity Cup scenario,UG (or higher),2,0,1,0,3,0,0,,,Curren Chan,Pace Chaser,Ace built for this CM before CM start in Unity Cup scenario,UG (or higher),2,0,1,0,3,0,0,,,Sakura Bakushin O,Pace Chaser,Ace built for this CM before CM start in Unity Cup scenario,SS+,2,0,1,0,3,0,0,,,4 Attempts - 20 Races total,11,Go to Submit page,,,,,,,,,,,,,,,,,,,,Re-use Day 1 - Team Comp 1 as Day 2 - Team Comp 1,,,,,,,,,,,,,4 Attempts - 20 Races total,11,Go to Submit page,,,,,,,,,,,,,,,,,,Re-use Day 2 - Team Comp 1 as Day 3 - Team Comp 1,A Group,,,,,,,,,,,,,4 Attempts - 20 Races total,5,Go to Submit page,,,,,,,,,,,,,,,,,,Re-use Day 3 - Team Comp 1 as Day 4 - Team Comp 1,A Group,,,,,,,,,,,,,4 Attempts - 20 Races total,9,Go to Submit page,,,,,,,,,,,,,,,,,,A Finals,11912,Re-use Day 4 - Team Comp 1 as Finals Team Comp,,,,,,,,,,,3rd,No (goes to Submit page),,,,,,,,,,,,,,,,,,,
th33beat,Graded (No Uma Restrictions),Win A finals with any uma,I accept these terms,Finals,Android - phone or tablet,$501-1000,1430,21-30 (roughly 3-4 per day),Discord - MooMooCord - https://discord.gg/Hc7cP9GB,,,Oguri Cap,Pace Chaser,Ace built for this CM before CM start in Unity Cup scenario,UG (or higher),2,,,1,3,,,,,Curren Chan,Pace Chaser,Ace built for this CM before CM start in Unity Cup scenario,UG (or higher),2,,,1,3,,,,,Taiki Shuttle,Pace Chaser,Ace built for this CM before CM start in Unity Cup scenario,UG (or higher),2,,,1,3,,,,,4 Attempts - 20 Races total,16,Go to Submit page,,,,,,,,,,,,,,,,,,,,Re-use Day 1 - Team Comp 1 as Day 2 - Team Comp 1,,,,,,,,,,,,,4 Attempts - 20 Races total,13,Go to Submit page,,,,,,,,,,,,,,,,,,Re-use Day 2 - Team Comp 1 as Day 3 - Team Comp 1,A Group,,,,,,,,,,,,,4 Attempts - 20 Races total,15,Go to Submit page,,,,,,,,,,,,,,,,,,Re-use Day 3 - Team Comp 1 as Day 4 - Team Comp 1,A Group,,,,,,,,,,,,,4 Attempts - 20 Races total,13,Go to Submit page,,,,,,,,,,,,,,,,,,A Finals,10007,Re-use Day 4 - Team Comp 1 as Finals Team Comp,,,,,,,,,,https://drive.google.com/open?id=1uug1swNYrn6MICJIX5M2H8GrXueRpSfh,1st,,,,,,,,,,,,https://drive.google.com/open?id=1tS2Yr_H6WIWnddse0ppcIH2L_p3oo2g2,https://drive.google.com/open?id=1Q63xn_Ceiz7lnJz5FL9qTw9ZsFJZ0gvw,,3,0,13,0,0,https://drive.google.com/open?id=1xen8VQW94mDrLZXctW5RMwGyUoWm-t6d
Thama,Graded (No Uma Restrictions),"Win A finals with ""oshi"" uma",I accept these terms,Finals,"iOS - phone or tablet, Android - phone or tablet, Windows",$101-500,1124,21-30 (roughly 3-4 per day),"Discord - MooMooCord - https://discord.gg/Hc7cP9GB, Discord - Pakacord! - https://discord.gg/6mwHqhBm, YouTube - MooMooCows - https://www.youtube.com/@MooMooCows",4,,Silence Suzuka,Front Runner,Ace built for this CM before CM start in Unity Cup scenario,UG (or higher),2,0,0,0,3,0,0,43,18,Mihono Bourbon (Valentine),Front Runner,Ace built for this CM before CM start in Unity Cup scenario,UG (or higher),2,0,0,1,3,0,0,38,16,Taiki Shuttle,Front Runner,Ace built for this CM before CM start in Unity Cup scenario,SS+,2,0,0,1,3,0,0,43,15,4 Attempts - 20 Races total,14,Go to Submit page,,,,,,,,,,,,,,,,,,,,Re-use Day 1 - Team Comp 1 as Day 2 - Team Comp 1,,,,,,,,,,,,,4 Attempts - 20 Races total,11,Go to Submit page,,,,,,,,,,,,,,,,,,Re-use Day 2 - Team Comp 1 as Day 3 - Team Comp 1,A Group,,,,,,,,,,,,,4 Attempts - 20 Races total,10,Go to Submit page,,,,,,,,,,,,,,,,,,Re-use Day 3 - Team Comp 1 as Day 4 - Team Comp 1,A Group,,,,,,,,,,,,,4 Attempts - 20 Races total,10,Go to Submit page,,,,,,,,,,,,,,,,,,A Finals,13540,Re-use Day 4 - Team Comp 1 as Finals Team Comp,,,,,,,,,,https://drive.google.com/open?id=1bfmiZIvpmEq_uGzZzyyHFG9YDmrlSWsa,3rd,No (goes to Submit page),,,,,,,,,,,,,,,,,,,
indigo,Graded (No Uma Restrictions),"Win A finals with ""oshi"" uma",I accept these terms,Finals,,$1-100,,21-30 (roughly 3-4 per day),,,,Curren Chan (Wedding),Pace Chaser,Ace built for this CM before CM start in Unity Cup scenario,UG (or higher),,,,,,,,,,Fine Motion (Wedding),Pace Chaser,Ace built for this CM before CM start in Unity Cup scenario,SS,,,,,,,,,,Taiki Shuttle,Pace Chaser,Ace built for this CM before CM start in Unity Cup scenario,UG (or higher),,,,,,,,,,4 Attempts - 20 Races total,8,Go to Submit page,,,,,,,,,,,,,,,,,,,,Re-use Day 1 - Team Comp 1 as Day 2 - Team Comp 1,,,,,,,,,,,,,4 Attempts - 20 Races total,10,Go to Submit page,,,,,,,,,,,,,,,,,,Re-use Day 2 - Team Comp 1 as Day 3 - Team Comp 1,A Group,,,,,,,,,,,,,4 Attempts - 20 Races total,9,Go to Submit page,,,,,,,,,,,,,,,,,,Re-use Day 3 - Team Comp 1 as Day 4 - Team Comp 1,A Group,,,,,,,,,,,,,4 Attempts - 20 Races total,9,Go to Submit page,,,,,,,,,,,,,,,,,,A Finals,7497,Re-use Day 4 - Team Comp 1 as Finals Team Comp,,,,,,,,,,,2nd,No (goes to Submit page),,,,,,,,,,,,,,,,,,,
Zaza,Graded (No Uma Restrictions),"Win A finals with ""oshi"" uma",I accept these terms,Finals,"Android - phone or tablet, Windows",$101-500,1507,31-45 (roughly 5-6 per day),"Discord - MooMooCord - https://discord.gg/Hc7cP9GB, YouTube - MooMooCows - https://www.youtube.com/@MooMooCows",5,,Super Creek (Halloween),Pace Chaser,Ace built for this CM before CM start in Unity Cup scenario,SS,1,,,3,2,,,55,14,Taiki Shuttle,Pace Chaser,Ace built for this CM before CM start in Unity Cup scenario,UG (or higher),2,,,1,3,,,35,14,Oguri Cap,Pace Chaser,Ace built for this CM before CM start in Unity Cup scenario,UG (or higher),2,,,1,3,,,35,14,4 Attempts - 20 Races total,16,Go to Submit page,,,,,,,,,,,,,,,,,,,,Re-use Day 1 - Team Comp 1 as Day 2 - Team Comp 1,,,,,,,,,,,,,4 Attempts - 20 Races total,15,Go to Submit page,,,,,,,,,,,,,,,,,,Re-use Day 2 - Team Comp 1 as Day 3 - Team Comp 1,A Group,,,,,,,,,,,,,4 Attempts - 20 Races total,15,Go to Submit page,,,,,,,,,,,,,,,,,,Re-use Day 3 - Team Comp 1 as Day 4 - Team Comp 1,A Group,,,,,,,,,,,,,4 Attempts - 20 Races total,12,Go to Submit page,,,,,,,,,,,,,,,,,,A Finals,11460,Re-use Day 4 - Team Comp 1 as Finals Team Comp,,,,,,,,,,https://drive.google.com/open?id=1wnebGVrzOz7wm8YPXGuo9wySA03mWcyU,2nd,Yes,https://drive.google.com/open?id=1xaFTNUCfLXDeytvkKNyhAWqlauvBoMx3,https://drive.google.com/open?id=1jjRQSB_GBn-nE2HRqsj8H8FIJcijAGYN,,,,9,,5,https://drive.google.com/open?id=1mOHfS8QVQnQZxu_SGeAblWQoNDo6hFIK,,,,,,,,,,
bettycrockerUS,Graded (No Uma Restrictions),Win A finals with any uma,I accept these terms,Finals,"Android - phone or tablet, Windows",$1-100,910,21-30 (roughly 3-4 per day),YouTube - MooMooCows - https://www.youtube.com/@MooMooCows,,,Agnes Digital,Late Surger,Ace built for this CM before CM start in Trackblazer scenario,SS,2,,2,,2,,,70,39,Oguri Cap,Pace Chaser,Ace built for this CM before CM start in Unity Cup scenario,UG (or higher),2,,0,1,3,,,,,Taiki Shuttle,Pace Chaser,Ace built for this CM before CM start in Unity Cup scenario,UG (or higher),2,,,1,3,,,,,4 Attempts - 20 Races total,14,Go to Submit page,,,,,,,,,,,,,,,,,,,,Re-use Day 1 - Team Comp 1 as Day 2 - Team Comp 1,,,,,,,,,,,,,4 Attempts - 20 Races total,18,Go to Submit page,,,,,,,,,,,,,,,,,,Re-use Day 2 - Team Comp 1 as Day 3 - Team Comp 1,A Group,,,,,,,,,,,,,4 Attempts - 20 Races total,9,Go to Submit page,,,,,,,,,,,,,,,,,,Re-use Day 3 - Team Comp 1 as Day 4 - Team Comp 1,A Group,,,,,,,,,,,,,4 Attempts - 20 Races total,13,Go to Submit page,,,,,,,,,,,,,,,,,,A Finals,10500,Re-use Day 4 - Team Comp 1 as Finals Team Comp,,,,,,,,,,https://drive.google.com/open?id=11fCdbkyHke0k8-tbk9dpcBCQYS0SJr0Q,1st,,,,,,,,,,,,https://drive.google.com/open?id=15CjBPv3vReL6FJ2i_33-tdXp_LR3aOEF,https://drive.google.com/open?id=1NZZop4swznXf8rUsg63LCFf_fqv1hcCJ,,2,,11,,3,https://drive.google.com/open?id=1Nwg3_0WW_PsieUdHWbVZB7KB7TR9fhHm
Rei,Graded (No Uma Restrictions),Win A finals with any uma,I accept these terms,Finals,iOS - phone or tablet,$1001-5000,1225,11-20 (roughly 2-3 per day),Discord - MooMooCord - https://discord.gg/Hc7cP9GB,5,,Oguri Cap,Late Surger,Ace built for this CM before CM start in Unity Cup scenario,UG (or higher),2,0,0,0,4,0,0,,12,Nishino Flower,Pace Chaser,Ace built for this CM before CM start in Unity Cup scenario,SS,1,0,0,1,4,0,0,,12,Taiki Shuttle (Camping),Pace Chaser,Ace built for this CM before CM start in Unity Cup scenario,UG (or higher),2,0,0,1,3,0,0,,14,4 Attempts - 20 Races total,18,Go to Submit page,,,,,,,,,,,,,,,,,,,,Re-use Day 1 - Team Comp 1 as Day 2 - Team Comp 1,,,,,,,,,,,,,4 Attempts - 20 Races total,14,Day 3,,,,,,,,,,,,,,,,,,Re-use Day 2 - Team Comp 1 as Day 3 - Team Comp 1,A Group,,,,,,,,,,,,,4 Attempts - 20 Races total,16,Day 4,,,,,,,,,,,,,,,,,,Re-use Day 3 - Team Comp 1 as Day 4 - Team Comp 1,A Group,,,,,,,,,,,,,4 Attempts - 20 Races total,12,Go to Submit page,,,,,,,,,,,,,,,,,,A Finals,10989,Add new Team Comp as Finals Team Comp,Nishino Flower,Pace Chaser,Mid-CM Ace build in Unity Cup scenario,Oguri Cap,Late Surger,Ace built for this CM before CM start in Unity Cup scenario,Taiki Shuttle (Camping),Pace Chaser,Ace built for this CM before CM start in Unity Cup scenario,https://drive.google.com/open?id=1YOpIFpubVtckWMZyf4oeW_NhBcoYCNo6,1st,,,,,,,,,,,,https://drive.google.com/open?id=1AJdYiSV7cLJsggogWi1kX6lvgkGc8B50,https://drive.google.com/open?id=18vM6TgtOCSJ0o3YtIJtJLbi5r9-tIbGD,,1,,7,,4,https://drive.google.com/open?id=1rO07XOloMIuJnYMGIg7NKbChSWyz8c4y
Rengshu,Graded (No Uma Restrictions),Get into A finals,I accept these terms,Day 4,Windows,$1-100,909,21-30 (roughly 3-4 per day),Discord - MooMooCord - https://discord.gg/Hc7cP9GB,5,,Sakura Bakushin O,Front Runner,Ace built for this CM before CM start in Unity Cup scenario,SS,3,,,,3,,,,,Taiki Shuttle,Pace Chaser,Ace built for this CM before CM start in Unity Cup scenario,UG (or higher),2,,1,,3,,,,,Fuji Kiseki,Front Runner,Ace built for this CM before CM start in Unity Cup scenario,SS+,3,,,,3,,,,,2 Attempts - 10 Races total,1,Day 1 - Add 2nd Team,Fuji Kiseki,Front Runner,Ace built for this CM before CM start in Unity Cup scenario,SS+,,Oguri Cap,Late Surger,Mid-CM Ace build in Unity Cup scenario,UG (or higher),,Taiki Shuttle,Pace Chaser,Ace built for this CM before CM start in Unity Cup scenario,UG (or higher),,2 Attempts - 10 Races total,8,2 teams,Go to Submit page,Re-use Day 1 - Team Comp 2 as Day 2 - Team Comp 1,,,,,,,,,,,,,4 Attempts - 20 Races total,10,Go to Submit page,,,,,,,,,,,,,,,,,,Re-use Day 2 - Team Comp 2 as Day 3 - Team Comp 1,A Group,,,,,,,,,,,,,2 Attempts - 10 Races total,2,Day 3 - Add 2nd Team,Add new Team Comp as Day 3 - Team Comp 2,Oguri Cap,Late Surger,Mid-CM Ace build in Unity Cup scenario,UG (or higher),Taiki Shuttle,Pace Chaser,Ace built for this CM before CM start in Unity Cup scenario,UG (or higher),King Halo,End Closer,Mid-CM Ace build in Unity Cup scenario,UG (or higher),2 Attempts - 10 Races total,2,2 teams,Go to Submit page,Re-use Day 3 - Team Comp 2 as Day 4 - Team Comp 1,A Group,,,,,,,,,,,,,3 Attempts - 15 Races total,7,Day 4 - Add 2nd team,Add new Team Comp as Day 4 - Team Comp 2,Fuji Kiseki,Front Runner,Mid-CM Ace build in Unity Cup scenario,SS+,Oguri Cap,Late Surger,Mid-CM Ace build in Unity Cup scenario,UG (or higher),Taiki Shuttle,Pace Chaser,Ace built for this CM before CM start in Unity Cup scenario,UG (or higher),1 Attempt - 5 Races total,3,2 teams,Finals,A Finals,10557,Re-use Day 4 - Team Comp 1 as Finals Team Comp,,,,,,,,,,https://drive.google.com/open?id=1dAAPpEDk_eZKQlIrdWvxM8Ya-yf0Anw-,3rd,Yes,https://drive.google.com/open?id=16sAL7_yfLQ71sBYNwKeNwJVfWIjEgWtN,https://drive.google.com/open?id=1034E0tN-kEqQG0o0PAy3VqA8Mz893UWS,,1,,1,,4,https://drive.google.com/open?id=1IGgdqfVuZpuIB8lcYz4B2_e4vRtLtnM8,,,,,,,,,,
Trux,Graded (No Uma Restrictions),Get into A finals,I accept these terms,Day 1,iOS - phone or tablet,Rather not say,,11-20 (roughly 2-3 per day),,,,Curren Chan (Wedding),Pace Chaser,Ace built for this CM before CM start in Unity Cup scenario,UG (or higher),2,,1,1,2,,,,,Oguri Cap,Pace Chaser,Ace built for this CM before CM start in Trackblazer scenario,S+,3,,1,,2,,,,,Taiki Shuttle,Pace Chaser,Ace built for this CM before CM start in Unity Cup scenario,SS,3,,1,,2,,,,,3 Attempts - 15 Races total,10,Day 1 - Add 2nd Team,Curren Chan (Wedding),Pace Chaser,Ace built for this CM before CM start in Unity Cup scenario,UG (or higher),,Nishino Flower,Pace Chaser,Ace built for this CM before CM start in Unity Cup scenario,UG (or higher),,Taiki Shuttle (Camping),Pace Chaser,Ace built for this CM before CM start in Unity Cup scenario,UG (or higher),,1 Attempt - 5 Races total,3,2 teams,Go to Submit page,,,,,,,,,,,,,,,,,,,,,,,,,,,,,,,,,,,,,,,,,,,,,,,,,,,,,,,,,,,,,,,,,,,,,,,,,,,,,,,,,,,,,,,,,,,,,,,,,,,,,,,,,,,,,,,,,,,,,,,,,,,,,,,,,,,,,,,
OSoverspike,Graded (No Uma Restrictions),"Win A finals with ""oshi"" uma",I accept these terms,Finals,Android - phone or tablet,$0,,11-20 (roughly 2-3 per day),Discord - MooMooCord - https://discord.gg/Hc7cP9GB,4,,Curren Chan (Wedding),Pace Chaser,Ace built for this CM before CM start in Unity Cup scenario,UG (or higher),2,0,1,0,3,0,0,,,Sakura Bakushin O,Pace Chaser,Ace built for this CM before CM start in Unity Cup scenario,UG (or higher),1,0,1,0,4,0,0,,,Mejiro Ardan,Pace Chaser,Ace built for this CM before CM start in Unity Cup scenario,UG (or higher),2,0,1,0,3,0,0,,,4 Attempts - 20 Races total,14,Go to Submit page,,,,,,,,,,,,,,,,,,,,Re-use Day 1 - Team Comp 1 as Day 2 - Team Comp 1,,,,,,,,,,,,,4 Attempts - 20 Races total,16,Go to Submit page,,,,,,,,,,,,,,,,,,Re-use Day 2 - Team Comp 1 as Day 3 - Team Comp 1,A Group,,,,,,,,,,,,,4 Attempts - 20 Races total,11,Go to Submit page,,,,,,,,,,,,,,,,,,Re-use Day 3 - Team Comp 1 as Day 4 - Team Comp 1,A Group,,,,,,,,,,,,,4 Attempts - 20 Races total,9,Go to Submit page,,,,,,,,,,,,,,,,,,A Finals,9537,Re-use Day 4 - Team Comp 1 as Finals Team Comp,,,,,,,,,,https://drive.google.com/open?id=1aADdjtkHX_SH2YWDT9-LFHev_4nq8DfY,1st,,,,,,,,,,,"It was all over in a flash, but it was so brilliant... I'll never forget your radiance. Thank you, Mejiro Ardan...!",https://drive.google.com/open?id=1fjG8JP4z05W4-MljBn0Wd2jLZedDUoo6,https://drive.google.com/open?id=1ItACizT03J7PCqZq0YCYtBtDwE7_Ge7-,,2,0,9,0,3,https://drive.google.com/open?id=1DCPd0bu8lvspJYcSH7ajyr4-pzULd30d
PiggyMcbacon,Graded (No Uma Restrictions),"Win A finals with ""oshi"" uma",I accept these terms,Finals,Windows,$101-500,1243,21-30 (roughly 3-4 per day),Discord - MooMooCord - https://discord.gg/Hc7cP9GB,,,Taiki Shuttle,Pace Chaser,Ace built for this CM before CM start in Unity Cup scenario,SS,2,0,1,0,3,0,0,,,Silence Suzuka,Front Runner,Ace built for this CM before CM start in Unity Cup scenario,SS,2,0,0,0,4,0,0,,,Narita Taishin,Late Surger,Ace built for this CM before CM start in Unity Cup scenario,SS,2,0,1,0,3,0,0,,,4 Attempts - 20 Races total,13,Go to Submit page,,,,,,,,,,,,,,,,,,,,Re-use Day 1 - Team Comp 1 as Day 2 - Team Comp 1,,,,,,,,,,,,,4 Attempts - 20 Races total,9,Go to Submit page,,,,,,,,,,,,,,,,,,Re-use Day 2 - Team Comp 1 as Day 3 - Team Comp 1,A Group,,,,,,,,,,,,,4 Attempts - 20 Races total,7,Go to Submit page,,,,,,,,,,,,,,,,,,Add a new Team Comp as Day 4 - Team Comp 1,A Group,Narita Taishin,End Closer,Mid-CM Ace build in Unity Cup scenario,UG (or higher),Taiki Shuttle,Pace Chaser,Ace built for this CM before CM start in Unity Cup scenario,SS,Silence Suzuka,Front Runner,Ace built for this CM before CM start in Unity Cup scenario,SS,4 Attempts - 20 Races total,12,Go to Submit page,,,,,,,,,,,,,,,,,,A Finals,7942,Re-use Day 4 - Team Comp 1 as Finals Team Comp,,,,,,,,,,https://drive.google.com/open?id=1u0C9CjoeFTZPawwwvciH5yBrW6KEszIr,3rd,Yes,https://drive.google.com/open?id=1qq1XqobgQIPNWWfcf9usYQlF-Po3Bldq,https://drive.google.com/open?id=1Z7pRSOP04b4c7A0wikCW6ShikHpMJS0P,https://drive.google.com/open?id=1P3mHH6wkw0b46SZCY8xuAvatcuqEZ1jU,2,0,15,0,0,https://drive.google.com/open?id=1VjCkCJcS4UjTNlK2qokp0QeCWUP27RPe,,,,,,,,,,
Spectre,Graded (No Uma Restrictions),Win A finals with any uma,I accept these terms,Finals,"Android - phone or tablet, Windows",$1001-5000,1500,11-20 (roughly 2-3 per day),Discord - MooMooCord - https://discord.gg/Hc7cP9GB,5,,Bamboo memory,Late Surger,Ace built for this CM before CM start in Unity Cup scenario,SS,2,,2,,2,,,,,King Halo,Late Surger,Ace built for this CM before CM start in Unity Cup scenario,SS,2,,2,,2,,,,,Oguri Cap,Pace Chaser,Ace built for this CM before CM start in Unity Cup scenario,SS,2,,2,,2,,,,,1 Attempt - 5 Races total,4,Go to Submit page,,,,,,,,,,,,,,,,,,,,Re-use Day 1 - Team Comp 1 as Day 2 - Team Comp 1,,,,,,,,,,,,,4 Attempts - 20 Races total,15,Go to Submit page,,,,,,,,,,,,,,,,,,Re-use Day 2 - Team Comp 1 as Day 3 - Team Comp 1,A Group,,,,,,,,,,,,,4 Attempts - 20 Races total,11,Go to Submit page,,,,,,,,,,,,,,,,,,Re-use Day 3 - Team Comp 1 as Day 4 - Team Comp 1,A Group,,,,,,,,,,,,,4 Attempts - 20 Races total,5,Go to Submit page,,,,,,,,,,,,,,,,,,A Finals,9320,Re-use Day 4 - Team Comp 1 as Finals Team Comp,,,,,,,,,,https://drive.google.com/open?id=1UTc4k-QYipxlHaoA7vodNmYduEZyDkOp,1st,,,,,,,,,,,Eat all the pancakes,https://drive.google.com/open?id=1AiT-r31i_TcPnv8Vtg48JJP_c98OVdLo,https://drive.google.com/open?id=1I8tjO1pr24arxLxrciu4jWyZcEAT7AD9,,,,,,,https://drive.google.com/open?id=1JWV32CcZHpPZHtB4qHYIuikpg9viKrbV
Luxter,Graded (No Uma Restrictions),Win A finals with any uma,I accept these terms,Finals,Windows,$101-500,1516,11-20 (roughly 2-3 per day),Discord - MooMooCord - https://discord.gg/Hc7cP9GB,5,,Oguri Cap,Pace Chaser,Ace built for this CM before CM start in Trackblazer scenario,SS,2,0,0,2,2,0,0,60,40,Taiki Shuttle,Pace Chaser,Ace built for this CM before CM start in Unity Cup scenario,UG (or higher),2,0,1,0,3,0,0,,21,Fuji Kiseki,Pace Chaser,Ace built for this CM before CM start in Trackblazer scenario,SS,2,0,0,2,2,0,0,60,40,4 Attempts - 20 Races total,13,Go to Submit page,,,,,,,,,,,,,,,,,,,,Re-use Day 1 - Team Comp 1 as Day 2 - Team Comp 1,,,,,,,,,,,,,4 Attempts - 20 Races total,16,Go to Submit page,,,,,,,,,,,,,,,,,,Re-use Day 2 - Team Comp 1 as Day 3 - Team Comp 1,A Group,,,,,,,,,,,,,4 Attempts - 20 Races total,11,Go to Submit page,,,,,,,,,,,,,,,,,,Re-use Day 3 - Team Comp 1 as Day 4 - Team Comp 1,A Group,,,,,,,,,,,,,4 Attempts - 20 Races total,8,Go to Submit page,,,,,,,,,,,,,,,,,,A Finals,9028,Re-use Day 4 - Team Comp 1 as Finals Team Comp,,,,,,,,,,https://drive.google.com/open?id=1ulO7v_dYc3K3sO4T-x-snwLvReiWEkXx,1st,,,,,,,,,,,,https://drive.google.com/open?id=1pejKmeXJexJ5fVj8ga2LtanNOaMz5ZG0,https://drive.google.com/open?id=1_vZSqfchLWi7b47th6tUqSKi5KwNKr6y,,,,14,,1,https://drive.google.com/open?id=1iUQCea8AOOgUl4S3HxDNscesnp6WpZ_5
Caffeine,Graded (No Uma Restrictions),Get into A finals,I accept these terms,Finals,Windows,$1-100,1002,11-20 (roughly 2-3 per day),Discord - MooMooCord - https://discord.gg/Hc7cP9GB,4,,Oguri Cap,Pace Chaser,Ace built for this CM before CM start in Trackblazer scenario,SS,1,0,0,3,1,0,1,55,37,Taiki Shuttle (Camping),Pace Chaser,Ace built for this CM before CM start in Trackblazer scenario,SS,1,0,0,3,1,0,1,55,38,Mihono Bourbon (Valentine),Front Runner,Ace built for this CM before CM start in Trackblazer scenario,SS,2,0,2,0,1,0,1,57,38,4 Attempts - 20 Races total,14,Go to Submit page,,,,,,,,,,,,,,,,,,,,Re-use Day 1 - Team Comp 1 as Day 2 - Team Comp 1,,,,,,,,,,,,,4 Attempts - 20 Races total,12,Day 3,,,,,,,,,,,,,,,,,,Re-use Day 2 - Team Comp 1 as Day 3 - Team Comp 1,A Group,,,,,,,,,,,,,4 Attempts - 20 Races total,8,Day 4,,,,,,,,,,,,,,,,,,Re-use Day 3 - Team Comp 1 as Day 4 - Team Comp 1,A Group,,,,,,,,,,,,,4 Attempts - 20 Races total,5,Go to Submit page,,,,,,,,,,,,,,,,,,A Finals,5975,Re-use Day 4 - Team Comp 1 as Finals Team Comp,,,,,,,,,,https://drive.google.com/open?id=1V1FiiiEsSrGDbhg-IdUkkcrv_JzWx7L0,2nd,No (goes to Submit page),,,,,,,,,,,,,,,,,,,
ThanhMinh,Graded (No Uma Restrictions),Win A finals with any uma,I accept these terms,Day 4,"Android - phone or tablet, Windows",$0,,,,,,Oguri Cap,Pace Chaser,Ace built for this CM before CM start in Unity Cup scenario,UG (or higher),1,0,0,2,3,0,0,,,Nishino Flower,Pace Chaser,Ace built for this CM before CM start in Unity Cup scenario,UG (or higher),1,0,0,2,3,0,0,,,Taiki Shuttle,Pace Chaser,Ace built for this CM before CM start in Unity Cup scenario,UG (or higher),1,0,0,2,3,0,0,,,4 Attempts - 20 Races total,16,Go to Submit page,,,,,,,,,,,,,,,,,,,,Re-use Day 1 - Team Comp 1 as Day 2 - Team Comp 1,,,,,,,,,,,,,4 Attempts - 20 Races total,17,Go to Submit page,,,,,,,,,,,,,,,,,,Re-use Day 2 - Team Comp 1 as Day 3 - Team Comp 1,A Group,,,,,,,,,,,,,4 Attempts - 20 Races total,13,Go to Submit page,,,,,,,,,,,,,,,,,,Re-use Day 3 - Team Comp 1 as Day 4 - Team Comp 1,A Group,,,,,,,,,,,,,4 Attempts - 20 Races total,14,Go to Submit page,,,,,,,,,,,,,,,,,,,,,,,,,,,,,,,,,,,,,,,,,,,,,,,,,,,
Skwagely,Graded (No Uma Restrictions),Get into A finals,I accept these terms,Finals,Windows,$1-100,,11-20 (roughly 2-3 per day),Discord - MooMooCord - https://discord.gg/Hc7cP9GB,5,,Oguri Cap,Late Surger,Ace built for this CM before CM start in Unity Cup scenario,SS,2,,1,,3,,,,,Silence Suzuka,Runaway,Ace built for this CM before CM start in Unity Cup scenario,SS,2,,,,4,,,,,King Halo,Late Surger,Ace built for Team Trials,SS,3,,2,,1,,,50,31,4 Attempts - 20 Races total,6,Go to Submit page,,,,,,,,,,,,,,,,,,,,Re-use Day 1 - Team Comp 1 as Day 2 - Team Comp 1,,,,,,,,,,,,,3 Attempts - 15 Races total,4,Go to Submit page,,,,,,,,,,,,,,,,,,Re-use Day 2 - Team Comp 1 as Day 3 - Team Comp 1,A Group,,,,,,,,,,,,,4 Attempts - 20 Races total,4,Go to Submit page,,,,,,,,,,,,,,,,,,Re-use Day 3 - Team Comp 1 as Day 4 - Team Comp 1,A Group,,,,,,,,,,,,,4 Attempts - 20 Races total,2,Go to Submit page,,,,,,,,,,,,,,,,,,A Finals,8173,Re-use Day 4 - Team Comp 1 as Finals Team Comp,,,,,,,,,,https://drive.google.com/open?id=1qgO624jxQdN0otHN4Bton2pqKM8cUIlw,3rd,Yes,https://drive.google.com/open?id=1kBonNq8YUsebEe8eIZElYV_q1dy7z9_3,,https://drive.google.com/open?id=1YussVlB-zAaJw8_ghScRr-fDlZ5k6mOU,3,,5,,5,https://drive.google.com/open?id=1S5fNnI4mb_JwV0s1OTQGf8YribrHtIIH,,,,,,,,,,
P3 Renegade,Graded (No Uma Restrictions),Win A finals with any uma,I accept these terms,Finals,,$101-500,1045,11-20 (roughly 2-3 per day),,,,Oguri Cap,Pace Chaser,Ace built for this CM before CM start in Unity Cup scenario,UG (or higher),2,,1,,3,,,43,18,Taiki Shuttle,Pace Chaser,Ace built for this CM before CM start in Unity Cup scenario,UG (or higher),2,,1,,3,,,43,17,Fuji Kiseki,Pace Chaser,Ace built for this CM before CM start in Unity Cup scenario,UG (or higher),3,,1,,2,,,53,15,4 Attempts - 20 Races total,13,Go to Submit page,,,,,,,,,,,,,,,,,,,,Re-use Day 1 - Team Comp 1 as Day 2 - Team Comp 1,,,,,,,,,,,,,4 Attempts - 20 Races total,12,Go to Submit page,,,,,,,,,,,,,,,,,,Re-use Day 2 - Team Comp 1 as Day 3 - Team Comp 1,A Group,,,,,,,,,,,,,4 Attempts - 20 Races total,11,Go to Submit page,,,,,,,,,,,,,,,,,,Re-use Day 3 - Team Comp 1 as Day 4 - Team Comp 1,A Group,,,,,,,,,,,,,4 Attempts - 20 Races total,8,Go to Submit page,,,,,,,,,,,,,,,,,,A Finals,10604,Re-use Day 4 - Team Comp 1 as Finals Team Comp,,,,,,,,,,https://drive.google.com/open?id=1cLR0Ukk9RIadzcI01jlHJbe4R4UnkxPb,2nd,No (goes to Submit page),,,,,,,,,,,,,,,,,,,
Azshre,Graded (No Uma Restrictions),Win A finals with any uma,I accept these terms,Finals,Android - phone or tablet,$1001-5000,,21-30 (roughly 3-4 per day),,5,,Curren Chan (Wedding),Pace Chaser,Ace built for this CM before CM start in Unity Cup scenario,UG (or higher),2,,,1,3,,,,16,Nishino Flower,Pace Chaser,Ace built for this CM before CM start in Unity Cup scenario,SS+,2,,,1,3,,,,16,Oguri Cap,Pace Chaser,Ace built for this CM before CM start in Unity Cup scenario,SS,2,,1,,3,,,,16,4 Attempts - 20 Races total,13,Go to Submit page,,,,,,,,,,,,,,,,,,,,Re-use Day 1 - Team Comp 1 as Day 2 - Team Comp 1,,,,,,,,,,,,,4 Attempts - 20 Races total,14,Go to Submit page,,,,,,,,,,,,,,,,,,Re-use Day 2 - Team Comp 1 as Day 3 - Team Comp 1,A Group,,,,,,,,,,,,,4 Attempts - 20 Races total,11,Go to Submit page,,,,,,,,,,,,,,,,,,Re-use Day 3 - Team Comp 1 as Day 4 - Team Comp 1,A Group,,,,,,,,,,,,,4 Attempts - 20 Races total,15,Go to Submit page,,,,,,,,,,,,,,,,,,A Finals,9051,Add new Team Comp as Finals Team Comp,Taiki Shuttle,Pace Chaser,Mid-CM Ace build in Unity Cup scenario,Nishino Flower,Pace Chaser,Mid-CM Ace build in Unity Cup scenario,Curren Chan (Wedding),Pace Chaser,Ace built for this CM before CM start in Unity Cup scenario,https://drive.google.com/open?id=1fmU6oPGEByukQ2QS7qIggXvLfFUlzy_k,1st,,,,,,,,,,,,https://drive.google.com/open?id=1PfI-EvS0wq640i7LD4dqIvaViEwnp1FK,https://drive.google.com/open?id=1ERpLwuowG45wnea7-dsc8dXib6pycaK0,,,,,,,https://drive.google.com/open?id=1y236Pr5PCstNh-AP6RCD8bTjKbRF1VBT
Frasl,Graded (No Uma Restrictions),"Win A finals with ""oshi"" uma",I accept these terms,Finals,Windows,$0,905,11-20 (roughly 2-3 per day),"Twitch - MooMooCows - https://www.twitch.tv/moomoomoocows, YouTube - MooMooCows - https://www.youtube.com/@MooMooCows",4,,Haru Urara (New Year),Late Surger,Ace built for this CM before CM start in Unity Cup scenario,SS+,2,0,0,0,3,1,0,41,14,Oguri Cap,Pace Chaser,Ace built for this CM before CM start in Unity Cup scenario,UG (or higher),2,0,0,1,3,0,0,35,19,Taiki Shuttle,Pace Chaser,Ace built for this CM before CM start in Unity Cup scenario,UG (or higher),2,0,1,0,3,0,0,35,17,4 Attempts - 20 Races total,12,Go to Submit page,,,,,,,,,,,,,,,,,,,,Add new Team Comp as Day 2 - Team Comp 1,Haru Urara (New Year),Late Surger,Ace built for this CM before CM start in Unity Cup scenario,SS+,King Halo,Late Surger,Ace built for this CM before CM start in Unity Cup scenario,UG (or higher),Oguri Cap,Pace Chaser,Ace built for this CM before CM start in Unity Cup scenario,UG (or higher),2 Attempts - 10 Races total,4,Day 2 - Add 2nd Team,Re-use Day 1 - Team Comp 1 as Day 2 - Team Comp 2,,,,,,,,,,,,,2 Attempts - 10 Races total,6,2 teams,Go to Submit page,Re-use Day 2 - Team Comp 2 as Day 3 - Team Comp 1,A Group,,,,,,,,,,,,,4 Attempts - 20 Races total,9,Go to Submit page,,,,,,,,,,,,,,,,,,Re-use Day 3 - Team Comp 2 as Day 4 - Team Comp 1,A Group,,,,,,,,,,,,,4 Attempts - 20 Races total,10,Go to Submit page,,,,,,,,,,,,,,,,,,A Finals,10294,Re-use Day 4 - Team Comp 1 as Finals Team Comp,,,,,,,,,,https://drive.google.com/open?id=15Ud4i41Xze4CgooYtlHWJZxxW4HjIrb6,1st,,,,,,,,,,,"The wrong honse daughter won, even though she was the better honse daughter she wasn't the bestest one :(",https://drive.google.com/open?id=1ti01L6R_ZKsreFioKburkdBiPXheHyXn,https://drive.google.com/open?id=1K9Q69zNjS9H7fBWorWm3IZGUfoFVDKvF,,0,0,13,0,2,https://drive.google.com/open?id=1sna1E4N3QbqiFflNT9vadRZfQcNKwUQT
Honey030,Graded (No Uma Restrictions),Get into A finals,I accept these terms,Day 2,Android - phone or tablet,$101-500,708,6-10 (roughly 1 per day),"Discord - MooMooCord - https://discord.gg/Hc7cP9GB, YouTube - MooMooCows - https://www.youtube.com/@MooMooCows",5,,Satono Diamond,Late Surger,Ace built for this CM before CM start in Unity Cup scenario,SS,3,0,0,0,3,0,0,,,Curren Chan (Wedding),Pace Chaser,Ace built for this CM before CM start in Unity Cup scenario,UG (or higher),2,0,0,0,4,0,0,,,Taiki Shuttle (Camping),Pace Chaser,Ace built for this CM before CM start in Unity Cup scenario,UG (or higher),2,,,,4,,,,,3 Attempts - 15 Races total,9,Go to Submit page,,,,,,,,,,,,,,,,,,,,Re-use Day 1 - Team Comp 1 as Day 2 - Team Comp 1,,,,,,,,,,,,,1 Attempt - 5 Races total,2,Go to Submit page,,,,,,,,,,,,,,,,,,,,,,,,,,,,,,,,,,,,,,,,,,,,,,,,,,,,,,,,,,,,,,,,,,,,,,,,,,,,,,,,,,,,,,,,,,,,,,,,,,,,,,,,,,,,,,,,,,,,,,,
Aruko,Graded (No Uma Restrictions),Win A finals with any uma,I accept these terms,Day 4,SteamOS - Steam Deck,$0,544,6-10 (roughly 1 per day),"Discord - MooMooCord - https://discord.gg/Hc7cP9GB, YouTube - MooMooCows - https://www.youtube.com/@MooMooCows",5,,Admire Vega,Late Surger,Ace built for this CM before CM start in Unity Cup scenario,SS,1,0,0,2,2,0,1,50,11,Curren Chan (Wedding),Pace Chaser,Ace built for this CM before CM start in Unity Cup scenario,UG (or higher),1,0,0,2,3,0,0,40,12,Air Groove (Wedding),Pace Chaser,Ace built for this CM before CM start in Unity Cup scenario,SS,1,0,0,2,3,0,0,30,12,4 Attempts - 20 Races total,14,Go to Submit page,,,,,,,,,,,,,,,,,,,,Re-use Day 1 - Team Comp 1 as Day 2 - Team Comp 1,,,,,,,,,,,,,4 Attempts - 20 Races total,8,Go to Submit page,,,,,,,,,,,,,,,,,,Re-use Day 2 - Team Comp 1 as Day 3 - Team Comp 1,A Group,,,,,,,,,,,,,4 Attempts - 20 Races total,10,Go to Submit page,,,,,,,,,,,,,,,,,,Re-use Day 3 - Team Comp 1 as Day 4 - Team Comp 1,A Group,,,,,,,,,,,,,4 Attempts - 20 Races total,9,Finals,,,,,,,,,,,,,,,,,,A Finals,7988,Re-use Day 4 - Team Comp 1 as Finals Team Comp,,,,,,,,,,,3rd,No (goes to Submit page),,,,,,,,,,,,,,,,,,,
ChunkyNutButter,Graded (No Uma Restrictions),Win A finals with any uma,I accept these terms,Day 4,"Android - phone or tablet, Windows",$1001-5000,773,11-20 (roughly 2-3 per day),"Discord - MooMooCord - https://discord.gg/Hc7cP9GB, Twitch - MooMooCows - https://www.twitch.tv/moomoomoocows, YouTube - MooMooCows - https://www.youtube.com/@MooMooCows",,,Oguri Cap,Late Surger,Ace built for this CM before CM start in Unity Cup scenario,UG (or higher),2,0,1,0,1,0,1,65,22,Taiki Shuttle,Pace Chaser,Ace built for this CM before CM start in Unity Cup scenario,UG (or higher),3,0,1,0,2,0,0,55,23,Bamboo memory,Late Surger,Ace built for this CM before CM start in Unity Cup scenario,UG (or higher),2,0,1,0,2,0,1,65,19,3 Attempts - 15 Races total,10,Go to Submit page,,,,,,,,,,,,,,,,,,,,Re-use Day 1 - Team Comp 1 as Day 2 - Team Comp 1,,,,,,,,,,,,,4 Attempts - 20 Races total,14,Go to Submit page,,,,,,,,,,,,,,,,,,Re-use Day 2 - Team Comp 1 as Day 3 - Team Comp 1,A Group,,,,,,,,,,,,,3 Attempts - 15 Races total,6,Go to Submit page,,,,,,,,,,,,,,,,,,Re-use Day 3 - Team Comp 1 as Day 4 - Team Comp 1,A Group,,,,,,,,,,,,,3 Attempts - 15 Races total,7,Finals,,,,,,,,,,,,,,,,,,A Finals,6904,Re-use Day 4 - Team Comp 1 as Finals Team Comp,,,,,,,,,,https://drive.google.com/open?id=1m8EFKsk9nayIQGrPrBYNnZSY16fimZGY,1st,,,,,,,,,,,,https://drive.google.com/open?id=1VOII6YQMHc5YQLV3SGN3LOlNZgeYOZjG,https://drive.google.com/open?id=1mOwzcSEwm0U8qylHwVwtn8Kf8ZX5XeBc,,0,1,11,0,0,https://drive.google.com/open?id=1796o3upp-OA3Bo82dxcI-IX4aOi85ilZ
Zetdivx,Graded (No Uma Restrictions),Win A finals with any uma,I accept these terms,Finals,"Android - phone or tablet, Windows",$1001-5000,1110,31-45 (roughly 5-6 per day),"Discord - MooMooCord - https://discord.gg/Hc7cP9GB, YouTube - MooMooCows - https://www.youtube.com/@MooMooCows",5,,Nishino Flower,Pace Chaser,Ace built for this CM before CM start in Unity Cup scenario,UG (or higher),1,0,0,1,4,0,0,,,Curren Chan (Wedding),Pace Chaser,Ace built for this CM before CM start in Unity Cup scenario,UG (or higher),1,0,1,0,4,0,0,,,Taiki Shuttle,Pace Chaser,Ace built for this CM before CM start in Unity Cup scenario,UG (or higher),1,0,1,0,4,0,0,,,3 Attempts - 15 Races total,12,Day 1 - Add 2nd Team,Taiki Shuttle (Camping),Pace Chaser,Ace built for this CM before CM start in Unity Cup scenario,UG (or higher),,Nishino Flower,Pace Chaser,Ace built for this CM before CM start in Unity Cup scenario,UG (or higher),,Curren Chan (Wedding),Pace Chaser,Ace built for this CM before CM start in Unity Cup scenario,UG (or higher),,1 Attempt - 5 Races total,5,2 teams,Go to Submit page,Re-use Day 1 - Team Comp 2 as Day 2 - Team Comp 1,,,,,,,,,,,,,4 Attempts - 20 Races total,11,Day 3,,,,,,,,,,,,,,,,,,Re-use Day 2 - Team Comp 2 as Day 3 - Team Comp 1,A Group,,,,,,,,,,,,,4 Attempts - 20 Races total,13,Day 4,,,,,,,,,,,,,,,,,,Add a new Team Comp as Day 4 - Team Comp 1,A Group,Taiki Shuttle,Pace Chaser,Mid-CM Ace build in Unity Cup scenario,UG (or higher),Nishino Flower,Pace Chaser,Ace built for this CM before CM start in Unity Cup scenario,UG (or higher),Curren Chan (Wedding),Pace Chaser,Mid-CM Ace build in Unity Cup scenario,UG (or higher),4 Attempts - 20 Races total,9,Go to Submit page,,,,,,,,,,,,,,,,,,A Finals,11401,Add new Team Comp as Finals Team Comp,Taiki Shuttle,Pace Chaser,Mid-CM Ace build in Unity Cup scenario,Nishino Flower,Pace Chaser,Ace built for this CM before CM start in Unity Cup scenario,Curren Chan (Wedding),Pace Chaser,Ace built for this CM before CM start in Unity Cup scenario,https://drive.google.com/open?id=1CGI5QUdUgrVfH2Z3m9glsA6kBFRbUHoR,1st,,,,,,,,,,,Shot me to victory,https://drive.google.com/open?id=1iFjezZ5mm48i3LWKmxEI0RmPWj6b0i3T,https://drive.google.com/open?id=1KYrKDF1sDFXWWSbM1dyXcutSNmY0HS5f,,0,0,14,2,0,https://drive.google.com/open?id=1AQjZ_vycc746ypauO406SNhwRYkmx070
Mindory,Graded (No Uma Restrictions),Get into A finals,I accept these terms,Day 4,"Android - phone or tablet, Windows",$1-100,528,21-30 (roughly 3-4 per day),Discord - MooMooCord - https://discord.gg/Hc7cP9GB,,,Mihono Bourbon (Valentine),Front Runner,Ace built for this CM before CM start in Unity Cup scenario,SS,2,0,1,0,3,0,0,43,15,Oguri Cap,Pace Chaser,Ace built for this CM before CM start in Unity Cup scenario,SS,2,0,1,0,3,0,0,40,21,Air Groove (Wedding),Pace Chaser,Ace built for this CM before CM start in Unity Cup scenario,S,2,0,1,0,3,0,0,50,22,4 Attempts - 20 Races total,12,Go to Submit page,,,,,,,,,,,,,,,,,,,,Re-use Day 1 - Team Comp 1 as Day 2 - Team Comp 1,,,,,,,,,,,,,4 Attempts - 20 Races total,11,Go to Submit page,,,,,,,,,,,,,,,,,,Re-use Day 2 - Team Comp 1 as Day 3 - Team Comp 1,A Group,,,,,,,,,,,,,4 Attempts - 20 Races total,11,Go to Submit page,,,,,,,,,,,,,,,,,,Re-use Day 3 - Team Comp 1 as Day 4 - Team Comp 1,A Group,,,,,,,,,,,,,4 Attempts - 20 Races total,7,Go to Submit page,,,,,,,,,,,,,,,,,,,,,,,,,,,,,,,,,,,,,,,,,,,,,,,,,,,
Zeoxys,Graded (No Uma Restrictions),Win A finals with any uma,I accept these terms,Finals,Android - phone or tablet,$101-500,1506,31-45 (roughly 5-6 per day),"Twitch - MooMooCows - https://www.twitch.tv/moomoomoocows, YouTube - MooMooCows - https://www.youtube.com/@MooMooCows",5,,Oguri Cap,Pace Chaser,Ace built for this CM before CM start in Unity Cup scenario,UG (or higher),2,,,1,3,,,,,Nishino Flower,Pace Chaser,Ace built for this CM before CM start in Unity Cup scenario,UG (or higher),2,,,1,3,,,,,Taiki Shuttle (Camping),Pace Chaser,Ace built for this CM before CM start in Unity Cup scenario,UG (or higher),2,,,1,3,,,,,4 Attempts - 20 Races total,9,Go to Submit page,,,,,,,,,,,,,,,,,,,,Re-use Day 1 - Team Comp 1 as Day 2 - Team Comp 1,,,,,,,,,,,,,4 Attempts - 20 Races total,10,Go to Submit page,,,,,,,,,,,,,,,,,,Re-use Day 2 - Team Comp 1 as Day 3 - Team Comp 1,A Group,,,,,,,,,,,,,4 Attempts - 20 Races total,10,Go to Submit page,,,,,,,,,,,,,,,,,,Re-use Day 3 - Team Comp 1 as Day 4 - Team Comp 1,A Group,,,,,,,,,,,,,4 Attempts - 20 Races total,11,Go to Submit page,,,,,,,,,,,,,,,,,,A Finals,12270,Re-use Day 4 - Team Comp 1 as Finals Team Comp,,,,,,,,,,,3rd,No (goes to Submit page),,,,,,,,,,,,,,,,,,,
Ch | en ◎,Graded (No Uma Restrictions),Win A finals with any uma,I accept these terms,Finals,,$101-500,2439,31-45 (roughly 5-6 per day),,,,Nishino Flower,Pace Chaser,Ace built for this CM before CM start in Unity Cup scenario,UG (or higher),1,,,2,3,,,,,Oguri Cap,Pace Chaser,Ace built for this CM before CM start in Unity Cup scenario,UG (or higher),2,,1,,3,,,,,Taiki Shuttle,Pace Chaser,Ace built for this CM before CM start in Unity Cup scenario,UG (or higher),1,,,2,3,,,,,4 Attempts - 20 Races total,14,Go to Submit page,,,,,,,,,,,,,,,,,,,,Re-use Day 1 - Team Comp 1 as Day 2 - Team Comp 1,,,,,,,,,,,,,4 Attempts - 20 Races total,14,Day 3,,,,,,,,,,,,,,,,,,Re-use Day 2 - Team Comp 1 as Day 3 - Team Comp 1,A Group,,,,,,,,,,,,,4 Attempts - 20 Races total,9,Go to Submit page,,,,,,,,,,,,,,,,,,Re-use Day 3 - Team Comp 1 as Day 4 - Team Comp 1,A Group,,,,,,,,,,,,,4 Attempts - 20 Races total,15,Go to Submit page,,,,,,,,,,,,,,,,,,A Finals,,Re-use Day 4 - Team Comp 1 as Finals Team Comp,,,,,,,,,,,2nd,No (goes to Submit page),,,,,,,,,,,,,,,,,,,
hagspam,Graded (No Uma Restrictions),Win A finals with any uma,I accept these terms,Finals,Windows,$501-1000,640,0-5 (less than 1 per day),,,,Taiki Shuttle (Camping),Pace Chaser,Ace built for this CM before CM start in Unity Cup scenario,UG (or higher),,,,,,,,,,Curren Chan (Wedding),Pace Chaser,Ace built for this CM before CM start in Unity Cup scenario,SS+,,,,,,,,,,Sakura Bakushin O,Pace Chaser,Ace built for this CM before CM start in Unity Cup scenario,UG (or higher),,,,,,,,,,4 Attempts - 20 Races total,11,Go to Submit page,,,,,,,,,,,,,,,,,,,,Add new Team Comp as Day 2 - Team Comp 1,Taiki Shuttle (Camping),Pace Chaser,Ace built for this CM before CM start in Unity Cup scenario,UG (or higher),Curren Chan (Wedding),Pace Chaser,Ace built for this CM before CM start in Unity Cup scenario,SS,Bamboo memory,Late Surger,Mid-CM Ace build in Unity Cup scenario,SS,4 Attempts - 20 Races total,17,Go to Submit page,,,,,,,,,,,,,,,,,,Re-use Day 2 - Team Comp 1 as Day 3 - Team Comp 1,A Group,,,,,,,,,,,,,4 Attempts - 20 Races total,11,Go to Submit page,,,,,,,,,,,,,,,,,,Re-use Day 3 - Team Comp 1 as Day 4 - Team Comp 1,A Group,,,,,,,,,,,,,4 Attempts - 20 Races total,13,Go to Submit page,,,,,,,,,,,,,,,,,,A Finals,11118,Re-use Day 4 - Team Comp 1 as Finals Team Comp,,,,,,,,,,https://drive.google.com/open?id=12SOOTVrWmD-wa-E0daPpIqmKIrP-mzd-,3rd,No (goes to Submit page),,,,,,,,,,,,,,,,,,,
Mintylicious,Graded (No Uma Restrictions),Get into A finals,I accept these terms,Finals,"Android - phone or tablet, Windows",$1-100,,31-45 (roughly 5-6 per day),Discord - MooMooCord - https://discord.gg/Hc7cP9GB,5,,Oguri Cap,Pace Chaser,Ace built for this CM before CM start in Unity Cup scenario,UG (or higher),,,,,,,,,,Taiki Shuttle,Pace Chaser,Ace built for this CM before CM start in Unity Cup scenario,UG (or higher),,,,,,,,,,Sakura Bakushin O,Pace Chaser,Ace built for this CM before CM start in Unity Cup scenario,SS+,,,,,,,,,,4 Attempts - 20 Races total,11,Go to Submit page,,,,,,,,,,,,,,,,,,,,Re-use Day 1 - Team Comp 1 as Day 2 - Team Comp 1,,,,,,,,,,,,,4 Attempts - 20 Races total,17,Go to Submit page,,,,,,,,,,,,,,,,,,Re-use Day 2 - Team Comp 1 as Day 3 - Team Comp 1,A Group,,,,,,,,,,,,,2 Attempts - 10 Races total,3,Day 3 - Add 2nd Team,Add new Team Comp as Day 3 - Team Comp 2,Oguri Cap,Pace Chaser,Ace built for this CM before CM start in Unity Cup scenario,UG (or higher),Sakura Bakushin O,Pace Chaser,Ace built for this CM before CM start in Unity Cup scenario,SS+,Eishin Flash (Valentine),End Closer,Debuffer,S+,2 Attempts - 10 Races total,7,2 teams,Go to Submit page,Re-use Day 3 - Team Comp 2 as Day 4 - Team Comp 1,A Group,,,,,,,,,,,,,4 Attempts - 20 Races total,12,Go to Submit page,,,,,,,,,,,,,,,,,,A Finals,9951,Re-use Day 4 - Team Comp 1 as Finals Team Comp,,,,,,,,,,https://drive.google.com/open?id=12zhNHXkGWQzs7M6At9UEzROCl17rBesq,1st,,,,,,,,,,,,,,,,,,,,
Cing,Graded (No Uma Restrictions),Get into A finals,I accept these terms,Finals,Windows,$5000+,idk like a few,6-10 (roughly 1 per day),,,,Curren Chan (Wedding),Pace Chaser,Ace built for this CM before CM start in Unity Cup scenario,UG (or higher),,,,,,,,,,Taiki Shuttle (Camping),Pace Chaser,Ace built for this CM before CM start in Unity Cup scenario,UG (or higher),,,,,,,,,,Oguri Cap,Late Surger,Ace built for this CM before CM start in Unity Cup scenario,UG (or higher),,,,,,,,,,4 Attempts - 20 Races total,14,Go to Submit page,,,,,,,,,,,,,,,,,,,,Re-use Day 1 - Team Comp 1 as Day 2 - Team Comp 1,,,,,,,,,,,,,4 Attempts - 20 Races total,18,Day 3,,,,,,,,,,,,,,,,,,Re-use Day 2 - Team Comp 1 as Day 3 - Team Comp 1,A Group,,,,,,,,,,,,,4 Attempts - 20 Races total,11,Day 4,,,,,,,,,,,,,,,,,,Re-use Day 3 - Team Comp 1 as Day 4 - Team Comp 1,A Group,,,,,,,,,,,,,4 Attempts - 20 Races total,14,Go to Submit page,,,,,,,,,,,,,,,,,,A Finals,,Add new Team Comp as Finals Team Comp,Gold City (Festival),Pace Chaser,Mid-CM Ace build in Unity Cup scenario,Taiki Shuttle (Camping),Pace Chaser,Ace built for this CM before CM start in Unity Cup scenario,Oguri Cap,Late Surger,Ace built for this CM before CM start in Unity Cup scenario,,3rd,No (goes to Submit page),,,,,,,,,,,,,,,,,,,
Nunuchu42,Graded (No Uma Restrictions),Get into A finals,I accept these terms,Finals,Android - phone or tablet,$0,710,21-30 (roughly 3-4 per day),Discord - MooMooCord - https://discord.gg/Hc7cP9GB,5,,Special Week,Late Surger,Ace built for this CM before CM start in Unity Cup scenario,UG (or higher),2,,1,,2,,1,45,,Mayano Top Gun (Wedding),Late Surger,Ace built for this CM before CM start in Unity Cup scenario,SS,2,,1,,2,,1,45,,Air Groove,Late Surger,Ace built for this CM before CM start in Unity Cup scenario,SS,1,,1,2,2,,,60,,2 Attempts - 10 Races total,7,Go to Submit page,,,,,,,,,,,,,,,,,,,,Re-use Day 1 - Team Comp 1 as Day 2 - Team Comp 1,,,,,,,,,,,,,2 Attempts - 10 Races total,8,Day 2 - Add 2nd Team,Add new Team Comp as Day 2 - Team Comp 2,Special Week,Late Surger,Ace built for this CM before CM start in Unity Cup scenario,UG (or higher),Mayano Top Gun (Wedding),Late Surger,Ace built for this CM before CM start in Unity Cup scenario,SS,Air Groove,Late Surger,Mid-CM Ace build in Unity Cup scenario,UG (or higher),1 Attempt - 5 Races total,4,2 teams,Day 3,Re-use Day 2 - Team Comp 2 as Day 3 - Team Comp 1,A Group,,,,,,,,,,,,,4 Attempts - 20 Races total,9,Day 4,,,,,,,,,,,,,,,,,,Re-use Day 3 - Team Comp 1 as Day 4 - Team Comp 1,A Group,,,,,,,,,,,,,4 Attempts - 20 Races total,11,Go to Submit page,,,,,,,,,,,,,,,,,,A Finals,7033,Re-use Day 4 - Team Comp 1 as Finals Team Comp,,,,,,,,,,https://drive.google.com/open?id=1bfbs1JVx8b98WWVr5sdNxmJiRfGDp_w8,2nd,No (goes to Submit page),,,,,,,,,,,,,,,,,,,
Artica,Graded (No Uma Restrictions),Win A finals with any uma,I accept these terms,Finals,Windows,$501-1000,938,6-10 (roughly 1 per day),Discord - MooMooCord - https://discord.gg/Hc7cP9GB,,,Taiki Shuttle,Pace Chaser,Ace built for this CM before CM start in Unity Cup scenario,SS,,,,,,,,,,Oguri Cap,Pace Chaser,Ace built for this CM before CM start in Unity Cup scenario,UG (or higher),,,,,,,,,,Curren Chan,Pace Chaser,Ace built for this CM before CM start in Unity Cup scenario,UG (or higher),,,,,,,,,,4 Attempts - 20 Races total,15,Go to Submit page,,,,,,,,,,,,,,,,,,,,Re-use Day 1 - Team Comp 1 as Day 2 - Team Comp 1,,,,,,,,,,,,,4 Attempts - 20 Races total,15,Day 3,,,,,,,,,,,,,,,,,,Re-use Day 2 - Team Comp 1 as Day 3 - Team Comp 1,A Group,,,,,,,,,,,,,4 Attempts - 20 Races total,14,Go to Submit page,,,,,,,,,,,,,,,,,,Re-use Day 3 - Team Comp 1 as Day 4 - Team Comp 1,A Group,,,,,,,,,,,,,4 Attempts - 20 Races total,13,Go to Submit page,,,,,,,,,,,,,,,,,,A Finals,9647,Re-use Day 4 - Team Comp 1 as Finals Team Comp,,,,,,,,,,https://drive.google.com/open?id=1lawMJpsaQxX3A-KLniPkVIz09PA8uVll,1st,,,,,,,,,,,,https://drive.google.com/open?id=1hpniN0Jp8PvW8_8MyfkQliV_zy4pFz7h,https://drive.google.com/open?id=1NJQ0c4aWEJLB5bsUM5MyjTsV3flQSoNP,,3,0,9,0,3,https://drive.google.com/open?id=1reQnIjaq3ABQn0eB21RsVjoE8W_hAIr-
wandering_pleb,Graded (No Uma Restrictions),Win A finals with any uma,I accept these terms,Finals,"Android - phone or tablet, Windows",$101-500,1310,21-30 (roughly 3-4 per day),Discord - MooMooCord - https://discord.gg/Hc7cP9GB,4,,Oguri Cap,Pace Chaser,Ace built for this CM before CM start in Unity Cup scenario,UG (or higher),2,0,,1,3,0,0,43,16,Taiki Shuttle,Pace Chaser,Ace built for this CM before CM start in Unity Cup scenario,UG (or higher),2,0,0,1,3,0,0,43,21,Air Groove,Pace Chaser,Ace built for this CM before CM start in Unity Cup scenario,UG (or higher),2,0,0,1,3,0,0,40,20,4 Attempts - 20 Races total,14,Go to Submit page,,,,,,,,,,,,,,,,,,,,Re-use Day 1 - Team Comp 1 as Day 2 - Team Comp 1,,,,,,,,,,,,,4 Attempts - 20 Races total,17,Go to Submit page,,,,,,,,,,,,,,,,,,Re-use Day 2 - Team Comp 1 as Day 3 - Team Comp 1,A Group,,,,,,,,,,,,,4 Attempts - 20 Races total,12,Go to Submit page,,,,,,,,,,,,,,,,,,Re-use Day 3 - Team Comp 1 as Day 4 - Team Comp 1,A Group,,,,,,,,,,,,,4 Attempts - 20 Races total,12,Go to Submit page,,,,,,,,,,,,,,,,,,A Finals,11600,Re-use Day 4 - Team Comp 1 as Finals Team Comp,,,,,,,,,,https://drive.google.com/open?id=1OUqAZAORl33kkIzuFNNF2_D6SwejVZhq,2nd,No (goes to Submit page),,,,,,,,,,,,,,,,,,,
Malevian,Graded (No Uma Restrictions),Get into A finals,I accept these terms,Finals,,$1-100,865,11-20 (roughly 2-3 per day),Discord - MooMooCord - https://discord.gg/Hc7cP9GB,,,Oguri Cap,Pace Chaser,Ace built for this CM before CM start in Unity Cup scenario,UG (or higher),2,,,,3,1,,,,Mihono Bourbon (Valentine),Front Runner,Ace built for this CM before CM start in Unity Cup scenario,UG (or higher),2,,,,3,1,,,,Taiki Shuttle (Camping),Pace Chaser,Ace built for this CM before CM start in Unity Cup scenario,SS,2,,,,3,1,,,,4 Attempts - 20 Races total,10,Go to Submit page,,,,,,,,,,,,,,,,,,,,Re-use Day 1 - Team Comp 1 as Day 2 - Team Comp 1,,,,,,,,,,,,,4 Attempts - 20 Races total,6,Go to Submit page,,,,,,,,,,,,,,,,,,Re-use Day 2 - Team Comp 1 as Day 3 - Team Comp 1,A Group,,,,,,,,,,,,,4 Attempts - 20 Races total,5,Go to Submit page,,,,,,,,,,,,,,,,,,Re-use Day 3 - Team Comp 1 as Day 4 - Team Comp 1,B Group,,,,,,,,,,,,,4 Attempts - 20 Races total,3,Go to Submit page,,,,,,,,,,,,,,,,,,B Finals,2397,Add new Team Comp as Finals Team Comp,Oguri Cap,Pace Chaser,Ace built for this CM before CM start in Unity Cup scenario,Taiki Shuttle (Camping),Pace Chaser,Ace built for this CM before CM start in Unity Cup scenario,Sakura Bakushin O,Pace Chaser,Ace built for Team Trials,,1st,,,,,,,,,,,,,,,,,,,,
Tatatweet,Graded (No Uma Restrictions),Win A finals with any uma,I accept these terms,Finals,"Android - phone or tablet, Windows",$0,489,6-10 (roughly 1 per day),"Discord - MooMooCord - https://discord.gg/Hc7cP9GB, YouTube - MooMooCows - https://www.youtube.com/@MooMooCows",5,,Oguri Cap,Pace Chaser,Ace built for this CM before CM start in Trackblazer scenario,SS,2,,,2,2,,,60,38,Air Groove (Wedding),Pace Chaser,Ace built for this CM before CM start in Trackblazer scenario,SS,2,,,2,2,,,60,36,Sakura Bakushin O,Pace Chaser,Ace built for this CM before CM start in Unity Cup scenario,SS,2,,,1,2,,1,,,2 Attempts - 10 Races total,5,Day 1 - Add 2nd Team,Oguri Cap,Pace Chaser,Ace built for this CM before CM start in Trackblazer scenario,SS,60,Air Groove (Wedding),Pace Chaser,Ace built for this CM before CM start in Trackblazer scenario,SS,60,Silence Suzuka,Front Runner,Ace built for this CM before CM start in Unity Cup scenario,SS+,,2 Attempts - 10 Races total,7,2 teams,Go to Submit page,Re-use Day 1 - Team Comp 1 as Day 2 - Team Comp 1,,,,,,,,,,,,,2 Attempts - 10 Races total,5,Day 2 - Add 2nd Team,Re-use Day 1 - Team Comp 2 as Day 2 - Team Comp 2,,,,,,,,,,,,,2 Attempts - 10 Races total,6,2 teams,Go to Submit page,Re-use Day 2 - Team Comp 1 as Day 3 - Team Comp 1,A Group,,,,,,,,,,,,,1 Attempt - 5 Races total,1,Day 3 - Add 2nd Team,Re-use Day 2 - Team Comp 2 as Day 3 - Team Comp 2,,,,,,,,,,,,,3 Attempts - 15 Races total,8,2 teams,Go to Submit page,Re-use Day 3 - Team Comp 2 as Day 4 - Team Comp 1,A Group,,,,,,,,,,,,,4 Attempts - 20 Races total,10,Go to Submit page,,,,,,,,,,,,,,,,,,A Finals,7325,Re-use Day 4 - Team Comp 2 as Finals Team Comp,,,,,,,,,,https://drive.google.com/open?id=1our4HAHQHecZ2D6zIeCLKX2P-0Z--ZXs,2nd,No (goes to Submit page),,,,,,,,,,,,,,,,,,,
MahoneyOs,Graded (No Uma Restrictions),Win A finals with any uma,I accept these terms,Finals,"Windows, SteamOS - Steam Deck",$101-500,769,6-10 (roughly 1 per day),"Discord - MooMooCord - https://discord.gg/Hc7cP9GB, YouTube - MooMooCows - https://www.youtube.com/@MooMooCows",5,,El Condor Pasa (Fantasy),Late Surger,Ace built for this CM before CM start in Unity Cup scenario,UG (or higher),3,0,1,0,2,0,0,55,16,Bamboo memory,Late Surger,Ace built for this CM before CM start in Unity Cup scenario,UG (or higher),3,,,,3,,,50,14,Special Week,Pace Chaser,Ace built for this CM before CM start in Unity Cup scenario,UG (or higher),3,,1,,2,,,50,14,4 Attempts - 20 Races total,16,Go to Submit page,,,,,,,,,,,,,,,,,,,,Re-use Day 1 - Team Comp 1 as Day 2 - Team Comp 1,,,,,,,,,,,,,4 Attempts - 20 Races total,15,Go to Submit page,,,,,,,,,,,,,,,,,,Re-use Day 2 - Team Comp 1 as Day 3 - Team Comp 1,A Group,,,,,,,,,,,,,4 Attempts - 20 Races total,9,Go to Submit page,,,,,,,,,,,,,,,,,,Re-use Day 3 - Team Comp 1 as Day 4 - Team Comp 1,A Group,,,,,,,,,,,,,4 Attempts - 20 Races total,6,Go to Submit page,,,,,,,,,,,,,,,,,,A Finals,9297,Re-use Day 4 - Team Comp 1 as Finals Team Comp,,,,,,,,,,,2nd,No (goes to Submit page),,,,,,,,,,,,,,,,,,,
Dyath,Graded (No Uma Restrictions),"Win A finals with ""oshi"" uma",I accept these terms,Finals,Windows,$101-500,1519,11-20 (roughly 2-3 per day),Twitch - MooMooCows - https://www.twitch.tv/moomoomoocows,5,,Mejiro Ryan,Late Surger,Ace built for this CM before CM start in Trackblazer scenario,SS,2,0,1,0,2,0,1,65,40,Air Groove,Late Surger,Ace built for this CM before CM start in Trackblazer scenario,SS,2,0,1,0,2,0,1,65,38,Mejiro Dober (Camping),Late Surger,Ace built for this CM before CM start in Trackblazer scenario,SS,2,0,1,0,2,0,1,65,40,4 Attempts - 20 Races total,11,Go to Submit page,,,,,,,,,,,,,,,,,,,,Re-use Day 1 - Team Comp 1 as Day 2 - Team Comp 1,,,,,,,,,,,,,4 Attempts - 20 Races total,6,Go to Submit page,,,,,,,,,,,,,,,,,,Re-use Day 2 - Team Comp 1 as Day 3 - Team Comp 1,A Group,,,,,,,,,,,,,4 Attempts - 20 Races total,10,Go to Submit page,,,,,,,,,,,,,,,,,,Re-use Day 3 - Team Comp 1 as Day 4 - Team Comp 1,A Group,,,,,,,,,,,,,4 Attempts - 20 Races total,6,Go to Submit page,,,,,,,,,,,,,,,,,,A Finals,9361,Re-use Day 4 - Team Comp 1 as Finals Team Comp,,,,,,,,,,,3rd,No (goes to Submit page),,,,,,,,,,,,,,,,,,,
VicTimOfDEaTH,Graded (No Uma Restrictions),Win A finals with any uma,I accept these terms,Day 4,Windows,$1-100,704,6-10 (roughly 1 per day),"Discord - MooMooCord - https://discord.gg/Hc7cP9GB, YouTube - MooMooCows - https://www.youtube.com/@MooMooCows",4,,Hishi Amazon,End Closer,Ace built for this CM before CM start in Trackblazer scenario,SS,2,,,2,2,,,60,36,Oguri Cap,Pace Chaser,Ace built for this CM before CM start in Unity Cup scenario,UG (or higher),2,,,2,2,,,45,,Mihono Bourbon (Valentine),Front Runner,Ace built for this CM before CM start in Unity Cup scenario,SS,2,,,2,2,,,,,4 Attempts - 20 Races total,12,Go to Submit page,,,,,,,,,,,,,,,,,,,,Re-use Day 1 - Team Comp 1 as Day 2 - Team Comp 1,,,,,,,,,,,,,4 Attempts - 20 Races total,10,Go to Submit page,,,,,,,,,,,,,,,,,,Re-use Day 2 - Team Comp 1 as Day 3 - Team Comp 1,A Group,,,,,,,,,,,,,4 Attempts - 20 Races total,11,Go to Submit page,,,,,,,,,,,,,,,,,,Re-use Day 3 - Team Comp 1 as Day 4 - Team Comp 1,A Group,,,,,,,,,,,,,4 Attempts - 20 Races total,5,Go to Submit page,,,,,,,,,,,,,,,,,,,,,,,,,,,,,,,,,,,,,,,,,,,,,,,,,,,
Derren,Graded (No Uma Restrictions),Collect participation rewards,I accept these terms,Finals,iOS - phone or tablet,$1001-5000,1927,21-30 (roughly 3-4 per day),"Discord - MooMooCord - https://discord.gg/Hc7cP9GB, YouTube - MooMooCows - https://www.youtube.com/@MooMooCows",,,Yaeno Muteki,Pace Chaser,Ace built for this CM before CM start in Unity Cup scenario,SS+,3,,1,,2,,,50,19,Fuji Kiseki,Pace Chaser,Ace built for this CM before CM start in Unity Cup scenario,UG (or higher),3,,1,,2,,,50,18,Taiki Shuttle,Pace Chaser,Ace built for this CM before CM start in Unity Cup scenario,UG (or higher),2,,1,,3,,,46,20,4 Attempts - 20 Races total,14,Go to Submit page,,,,,,,,,,,,,,,,,,,,Re-use Day 1 - Team Comp 1 as Day 2 - Team Comp 1,,,,,,,,,,,,,4 Attempts - 20 Races total,16,Go to Submit page,,,,,,,,,,,,,,,,,,Re-use Day 2 - Team Comp 1 as Day 3 - Team Comp 1,A Group,,,,,,,,,,,,,4 Attempts - 20 Races total,13,Go to Submit page,,,,,,,,,,,,,,,,,,Re-use Day 3 - Team Comp 1 as Day 4 - Team Comp 1,A Group,,,,,,,,,,,,,4 Attempts - 20 Races total,12,Go to Submit page,,,,,,,,,,,,,,,,,,A Finals,,Re-use Day 4 - Team Comp 1 as Finals Team Comp,,,,,,,,,,,2nd,No (goes to Submit page),,,,,,,,,,,,,,,,,,,
iSushi,Graded (No Uma Restrictions),Collect participation rewards,I accept these terms,Finals,"iOS - phone or tablet, Windows",$1001-5000,,6-10 (roughly 1 per day),Discord - MooMooCord - https://discord.gg/Hc7cP9GB,3,,King Halo,Late Surger,Ace built for this CM before CM start in Unity Cup scenario,UG (or higher),,,,,,,,,,Curren Chan,Pace Chaser,Ace built for this CM before CM start in Unity Cup scenario,UG (or higher),,,,,,,,,,Taiki Shuttle,Pace Chaser,Ace built for this CM before CM start in Unity Cup scenario,SS+,,,,,,,,,,4 Attempts - 20 Races total,10,Go to Submit page,,,,,,,,,,,,,,,,,,,,Re-use Day 1 - Team Comp 1 as Day 2 - Team Comp 1,,,,,,,,,,,,,4 Attempts - 20 Races total,10,Go to Submit page,,,,,,,,,,,,,,,,,,Re-use Day 2 - Team Comp 1 as Day 3 - Team Comp 1,A Group,,,,,,,,,,,,,4 Attempts - 20 Races total,5,Go to Submit page,,,,,,,,,,,,,,,,,,Add a new Team Comp as Day 4 - Team Comp 1,A Group,King Halo,Late Surger,Ace built for this CM before CM start in Unity Cup scenario,UG (or higher),Curren Chan,Pace Chaser,Ace built for this CM before CM start in Unity Cup scenario,UG (or higher),Taiki Shuttle (Camping),Pace Chaser,Mid-CM Ace build in Unity Cup scenario,SS+,4 Attempts - 20 Races total,8,Go to Submit page,,,,,,,,,,,,,,,,,,A Finals,,Re-use Day 4 - Team Comp 1 as Finals Team Comp,,,,,,,,,,,3rd,No (goes to Submit page),,,,,,,,,,,,,,,,,,,
Lily,Graded (No Uma Restrictions),Get into A finals,I accept these terms,Finals,,$101-500,842,6-10 (roughly 1 per day),,,,Mihono Bourbon (Valentine),Front Runner,Ace built for this CM before CM start in Unity Cup scenario,UG (or higher),3,0,0,0,2,1,,,,Taiki Shuttle,Pace Chaser,Ace built for this CM before CM start in Unity Cup scenario,SS,2,0,0,1,3,0,0,,,Sakura Bakushin O,Pace Chaser,Ace built for this CM before CM start in Unity Cup scenario,SS+,2,0,0,0,3,0,1,,,4 Attempts - 20 Races total,13,Go to Submit page,,,,,,,,,,,,,,,,,,,,Re-use Day 1 - Team Comp 1 as Day 2 - Team Comp 1,,,,,,,,,,,,,4 Attempts - 20 Races total,8,Day 3,,,,,,,,,,,,,,,,,,Re-use Day 2 - Team Comp 1 as Day 3 - Team Comp 1,A Group,,,,,,,,,,,,,4 Attempts - 20 Races total,9,Go to Submit page,,,,,,,,,,,,,,,,,,Re-use Day 3 - Team Comp 1 as Day 4 - Team Comp 1,A Group,,,,,,,,,,,,,4 Attempts - 20 Races total,8,Go to Submit page,,,,,,,,,,,,,,,,,,A Finals,10326,Re-use Day 4 - Team Comp 1 as Finals Team Comp,,,,,,,,,,,2nd,Yes,https://drive.google.com/open?id=182Vn-5C3-RIGjAxyf-hlohnYCotH0IHu,https://drive.google.com/open?id=1axDnVYf-2Q18CyAtZ3dmOcdkT4XK2VN1,,0,0,18,0,0,,,,,,,,,,,
lp,Graded (No Uma Restrictions),Get into A finals,I accept these terms,Finals,"iOS - phone or tablet, Windows",$0,935,6-10 (roughly 1 per day),Twitch - MooMooCows - https://www.twitch.tv/moomoomoocows,5,,Taiki Shuttle,Pace Chaser,Ace built for this CM before CM start in Unity Cup scenario,UG (or higher),2,0,0,1,3,0,0,,15,Hishi Amazon,End Closer,Ace built for this CM before CM start in Unity Cup scenario,UG (or higher),2,0,0,0,4,0,0,,17,Curren Chan,Pace Chaser,Ace built for this CM before CM start in Unity Cup scenario,SS,2,0,1,0,3,0,0,,15,4 Attempts - 20 Races total,13,Go to Submit page,,,,,,,,,,,,,,,,,,,,Add new Team Comp as Day 2 - Team Comp 1,Taiki Shuttle,Pace Chaser,Ace built for this CM before CM start in Unity Cup scenario,UG (or higher),Hishi Amazon,End Closer,Ace built for this CM before CM start in Unity Cup scenario,UG (or higher),Curren Chan,Pace Chaser,Hybrid (ace + debuffer),UG (or higher),4 Attempts - 20 Races total,18,Go to Submit page,,,,,,,,,,,,,,,,,,Re-use Day 2 - Team Comp 1 as Day 3 - Team Comp 1,A Group,,,,,,,,,,,,,4 Attempts - 20 Races total,8,Go to Submit page,,,,,,,,,,,,,,,,,,Re-use Day 3 - Team Comp 1 as Day 4 - Team Comp 1,A Group,,,,,,,,,,,,,4 Attempts - 20 Races total,15,Go to Submit page,,,,,,,,,,,,,,,,,,A Finals,12636,Re-use Day 4 - Team Comp 1 as Finals Team Comp,,,,,,,,,,,1st,,,,,,,,,,,,,,,,,,,,
Mochatwo,Graded (No Uma Restrictions),"Win A finals with ""oshi"" uma",I accept these terms,Finals,"iOS - phone or tablet, Windows",$101-500,1290,31-45 (roughly 5-6 per day),Discord - MooMooCord - https://discord.gg/Hc7cP9GB,5,,Symboli Rudolf (Festival),Pace Chaser,Ace built for this CM before CM start in Unity Cup scenario,UG (or higher),2,,1,,3,,,,17,Kitasan Black,Pace Chaser,Ace built for this CM before CM start in Unity Cup scenario,UG (or higher),2,,1,,3,,,,18,Taiki Shuttle,Pace Chaser,Ace built for this CM before CM start in Unity Cup scenario,UG (or higher),2,,,1,3,,,,20,4 Attempts - 20 Races total,17,Go to Submit page,,,,,,,,,,,,,,,,,,,,Re-use Day 1 - Team Comp 1 as Day 2 - Team Comp 1,,,,,,,,,,,,,4 Attempts - 20 Races total,15,Go to Submit page,,,,,,,,,,,,,,,,,,Re-use Day 2 - Team Comp 1 as Day 3 - Team Comp 1,A Group,,,,,,,,,,,,,4 Attempts - 20 Races total,15,Go to Submit page,,,,,,,,,,,,,,,,,,Re-use Day 3 - Team Comp 1 as Day 4 - Team Comp 1,A Group,,,,,,,,,,,,,4 Attempts - 20 Races total,18,Go to Submit page,,,,,,,,,,,,,,,,,,A Finals,8660,Re-use Day 4 - Team Comp 1 as Finals Team Comp,,,,,,,,,,https://drive.google.com/open?id=1aQ_vW4i2vbvFGsTQwpFNWZQuo6LWQD-D,1st,,,,,,,,,,,I love Rudolf so much bros,https://drive.google.com/open?id=1lrZIvrkMNHtNj67Vv5_wLlpybQd0WVj2,https://drive.google.com/open?id=1ACahWdO46eRLvHee9zJyzqrDkZMBwgiO,,4,,10,,,https://drive.google.com/open?id=1QZRJK3uFHxS5ERM7_el8udDy_6ZaXPte
just me 503,Graded (No Uma Restrictions),Win A finals with any uma,I accept these terms,Finals,"iOS - phone or tablet, Windows",$1-100,488,11-20 (roughly 2-3 per day),"Discord - MooMooCord - https://discord.gg/Hc7cP9GB, Twitch - MooMooCows - https://www.twitch.tv/moomoomoocows, YouTube - MooMooCows - https://www.youtube.com/@MooMooCows",4,,Sakura Bakushin O,Front Runner,Ace built for this CM before CM start in Unity Cup scenario,SS,2,,,,4,,,,19,Mihono Bourbon (Valentine),Front Runner,Ace built for this CM before CM start in Unity Cup scenario,SS,3,,,,2,1,,,20,Taiki Shuttle,Pace Chaser,Ace built for this CM before CM start in Unity Cup scenario,UG (or higher),3,,1,,2,,,,20,4 Attempts - 20 Races total,10,Go to Submit page,,,,,,,,,,,,,,,,,,,,Re-use Day 1 - Team Comp 1 as Day 2 - Team Comp 1,,,,,,,,,,,,,4 Attempts - 20 Races total,13,Go to Submit page,,,,,,,,,,,,,,,,,,Re-use Day 2 - Team Comp 1 as Day 3 - Team Comp 1,A Group,,,,,,,,,,,,,4 Attempts - 20 Races total,7,Go to Submit page,,,,,,,,,,,,,,,,,,Re-use Day 3 - Team Comp 1 as Day 4 - Team Comp 1,A Group,,,,,,,,,,,,,4 Attempts - 20 Races total,4,Go to Submit page,,,,,,,,,,,,,,,,,,A Finals,8562,Re-use Day 4 - Team Comp 1 as Finals Team Comp,,,,,,,,,,,1st,,,,,,,,,,,,https://drive.google.com/open?id=1NpFI8gCK-yIGxb5n63YUjJbN0jv6hdkX,https://drive.google.com/open?id=1S7BFlnM_xL8eS2sXto9tPLEa4yTT_aB_,,,,16,,,https://drive.google.com/open?id=14BKwhhGZVHUU46zh7_yjrt7Gj72JPRDx
shiblu,Graded (No Uma Restrictions),Win A finals with any uma,I accept these terms,Finals,Windows,$0,1368,11-20 (roughly 2-3 per day),Discord - MooMooCord - https://discord.gg/Hc7cP9GB,5,,Taiki Shuttle (Camping),Pace Chaser,Ace built for this CM before CM start in Unity Cup scenario,UG (or higher),2,,,1,3,,,,17,Curren Chan (Wedding),Pace Chaser,Ace built for this CM before CM start in Unity Cup scenario,SS+,2,,1,,3,,,,14,Nishino Flower,Pace Chaser,Ace built for this CM before CM start in Unity Cup scenario,SS+,2,,1,,3,,,,15,4 Attempts - 20 Races total,16,Go to Submit page,,,,,,,,,,,,,,,,,,,,Re-use Day 1 - Team Comp 1 as Day 2 - Team Comp 1,,,,,,,,,,,,,4 Attempts - 20 Races total,14,Go to Submit page,,,,,,,,,,,,,,,,,,Re-use Day 2 - Team Comp 1 as Day 3 - Team Comp 1,A Group,,,,,,,,,,,,,4 Attempts - 20 Races total,9,Go to Submit page,,,,,,,,,,,,,,,,,,Re-use Day 3 - Team Comp 1 as Day 4 - Team Comp 1,A Group,,,,,,,,,,,,,4 Attempts - 20 Races total,10,Go to Submit page,,,,,,,,,,,,,,,,,,A Finals,9656,Re-use Day 4 - Team Comp 1 as Finals Team Comp,,,,,,,,,,https://drive.google.com/open?id=1ppSaSeVXhtpYhU1jUDGJGfgI6OpIgF_8,1st,,,,,,,,,,,,https://drive.google.com/open?id=1UhLsXbd8CdqGyocZwx38RmrAb1izvu_J,https://drive.google.com/open?id=1-PerXOBpRIosGEL8wkWDABaVVVmooSSv,,,,14,,3,https://drive.google.com/open?id=13Ac0JdXb47BBkZUYWGlX7e6eXhARhdR7
Toffee,Graded (No Uma Restrictions),Win A finals with any uma,I accept these terms,Finals,"Android - phone or tablet, Windows",$101-500,1039,21-30 (roughly 3-4 per day),Discord - MooMooCord - https://discord.gg/Hc7cP9GB,5,,Manhattan Cafe,Late Surger,Ace built for this CM before CM start in Unity Cup scenario,SS,2,0,2,0,2,0,0,50,18,Taiki Shuttle,Pace Chaser,Ace built for this CM before CM start in Unity Cup scenario,UG (or higher),2,0,1,0,3,0,0,45,14,Curren Chan (Wedding),Pace Chaser,Ace built for this CM before CM start in Unity Cup scenario,UG (or higher),3,0,0,0,3,0,0,45,15,4 Attempts - 20 Races total,12,Go to Submit page,,,,,,,,,,,,,,,,,,,,Re-use Day 1 - Team Comp 1 as Day 2 - Team Comp 1,,,,,,,,,,,,,4 Attempts - 20 Races total,16,Go to Submit page,,,,,,,,,,,,,,,,,,Re-use Day 2 - Team Comp 1 as Day 3 - Team Comp 1,A Group,,,,,,,,,,,,,1 Attempt - 5 Races total,2,Day 3 - Add 2nd Team,Add new Team Comp as Day 3 - Team Comp 2,Manhattan Cafe,Late Surger,Ace built for this CM before CM start in Unity Cup scenario,SS,Taiki Shuttle,Pace Chaser,Ace built for this CM before CM start in Unity Cup scenario,UG (or higher),Grass Wonder,End Closer,Debuffer,UG (or higher),3 Attempts - 15 Races total,5,2 teams,Go to Submit page,Re-use Day 3 - Team Comp 2 as Day 4 - Team Comp 1,A Group,,,,,,,,,,,,,4 Attempts - 20 Races total,12,Go to Submit page,,,,,,,,,,,,,,,,,,A Finals,9678,Re-use Day 4 - Team Comp 1 as Finals Team Comp,,,,,,,,,,https://drive.google.com/open?id=1NwfPIJfTRYbmOemOic9LLD1gy_nIxn94,1st,,,,,,,,,,,,,,,,,,,,
Kasteai,Graded (No Uma Restrictions),"Win A finals with ""oshi"" uma",I accept these terms,Finals,,$1-100,604,21-30 (roughly 3-4 per day),,,,Bamboo memory,Late Surger,Ace built for this CM before CM start in Unity Cup scenario,SS+,,,,,,,,,,Oguri Cap,Pace Chaser,Ace built for this CM before CM start in Unity Cup scenario,SS,,,,,,,,,,Grass Wonder,End Closer,Debuffer,SS,,,,,,,,,,4 Attempts - 20 Races total,11,Go to Submit page,,,,,,,,,,,,,,,,,,,,Re-use Day 1 - Team Comp 1 as Day 2 - Team Comp 1,,,,,,,,,,,,,4 Attempts - 20 Races total,11,Go to Submit page,,,,,,,,,,,,,,,,,,Re-use Day 2 - Team Comp 1 as Day 3 - Team Comp 1,A Group,,,,,,,,,,,,,4 Attempts - 20 Races total,7,Go to Submit page,,,,,,,,,,,,,,,,,,Re-use Day 3 - Team Comp 1 as Day 4 - Team Comp 1,A Group,,,,,,,,,,,,,4 Attempts - 20 Races total,8,Go to Submit page,,,,,,,,,,,,,,,,,,A Finals,6522,Re-use Day 4 - Team Comp 1 as Finals Team Comp,,,,,,,,,,https://drive.google.com/open?id=1YH_TG4hh9i8hrQ6L54AR-ZTDmPUYf3My,1st,,,,,,,,,,,Oguri Cap will return in Avengers Doomsday,https://drive.google.com/open?id=1mjYF1K08Yt8E21MbukrINHoESUu927gF,https://drive.google.com/open?id=1zm3AGYkHi4wGh_aGoWJioak6ixFj6F3u,,,,,,,
llamatar,Graded (No Uma Restrictions),Get into A finals,I accept these terms,Finals,Linux,$0,1263,11-20 (roughly 2-3 per day),Discord - MooMooCord - https://discord.gg/Hc7cP9GB,4,,Rice Shower,Pace Chaser,Ace built for this CM before CM start in Unity Cup scenario,UG (or higher),2,0,0,1,3,0,0,40,19,Nishino Flower,Pace Chaser,Ace built for this CM before CM start in Unity Cup scenario,UG (or higher),2,0,0,1,3,0,0,40,16,Sweep Tosho,End Closer,Debuffer,SS,2,0,0,1,2,1,0,,,4 Attempts - 20 Races total,16,Go to Submit page,,,,,,,,,,,,,,,,,,,,Re-use Day 1 - Team Comp 1 as Day 2 - Team Comp 1,,,,,,,,,,,,,4 Attempts - 20 Races total,14,Go to Submit page,,,,,,,,,,,,,,,,,,Re-use Day 2 - Team Comp 1 as Day 3 - Team Comp 1,A Group,,,,,,,,,,,,,4 Attempts - 20 Races total,12,Go to Submit page,,,,,,,,,,,,,,,,,,Re-use Day 3 - Team Comp 1 as Day 4 - Team Comp 1,A Group,,,,,,,,,,,,,4 Attempts - 20 Races total,15,Go to Submit page,,,,,,,,,,,,,,,,,,A Finals,11323,Re-use Day 4 - Team Comp 1 as Finals Team Comp,,,,,,,,,,https://drive.google.com/open?id=1rMDrkXCQVpCGp8OSZU3_mEi8n4OvVbNT,1st,,,,,,,,,,,,https://drive.google.com/open?id=11JKdijBc-XYgJQEo35rniwzYAUcd5EVl,https://drive.google.com/open?id=17qicMeu2FgyypV8B3SE-iP0p4J4A4eEJ,,3,,11,,3,https://drive.google.com/open?id=1SQxkDeFDiOx1-l0BDdDFvHkbbpXbOiPo
chia,Graded (No Uma Restrictions),"Win A finals with ""oshi"" uma",I accept these terms,Finals,,$501-1000,,46+ (more than 6 per day),Discord - MooMooCord - https://discord.gg/Hc7cP9GB,5,,Mejiro Dober,Late Surger,Ace built for this CM before CM start in Unity Cup scenario,UG (or higher),2,,1,,3,,,62,19,Mejiro Ryan,Late Surger,Ace built for this CM before CM start in Unity Cup scenario,SS+,2,,1,,3,,,52,15,Mayano Top Gun (Wedding),Late Surger,Ace built for this CM before CM start in Unity Cup scenario,UG (or higher),2,,1,,3,,,52,15,4 Attempts - 20 Races total,15,Go to Submit page,,,,,,,,,,,,,,,,,,,,Re-use Day 1 - Team Comp 1 as Day 2 - Team Comp 1,,,,,,,,,,,,,4 Attempts - 20 Races total,14,Go to Submit page,,,,,,,,,,,,,,,,,,Add new Team Comp as Day 3 - Team Comp 1,A Group,Mejiro McQueen (Anime Collab),Pace Chaser,Mid-CM Ace build in Unity Cup scenario,UG (or higher),Mejiro Dober,Late Surger,Mid-CM Ace build in Unity Cup scenario,UG (or higher),Mejiro Ryan,Late Surger,Ace built for this CM before CM start in Unity Cup scenario,SS+,4 Attempts - 20 Races total,14,Go to Submit page,,,,,,,,,,,,,,,,,,Re-use Day 3 - Team Comp 1 as Day 4 - Team Comp 1,A Group,,,,,,,,,,,,,4 Attempts - 20 Races total,16,Go to Submit page,,,,,,,,,,,,,,,,,,A Finals,12275,Re-use Day 4 - Team Comp 2 as Finals Team Comp,,,,,,,,,,https://drive.google.com/open?id=1_3jj0LpvrDQ2Q1Ls8JUI2l1hMwqrikhO,1st,,,,,,,,,,,Team Mejiro does it again,https://drive.google.com/open?id=1RE5GraJmwGeA5qxioiFGe7N1bcccVnI6,https://drive.google.com/open?id=1BZITXmOb2HqkZY2UK-S9zV8_uqwQPHi6,,2,,5,5,2,https://drive.google.com/open?id=1uljyorv-CJoiDLcfCotW6GU1GYymg2RT
J,Graded (No Uma Restrictions),Get into A finals,I accept these terms,Finals,"Android - phone or tablet, Windows",$1001-5000,,21-30 (roughly 3-4 per day),Discord - MooMooCord - https://discord.gg/Hc7cP9GB,5,,Curren Chan (Wedding),Pace Chaser,Ace built for this CM before CM start in Unity Cup scenario,UG (or higher),2,,,1,2,,1,,,Taiki Shuttle,Pace Chaser,Ace built for this CM before CM start in Unity Cup scenario,UG (or higher),2,,,1,2,,1,,,Nishino Flower,Pace Chaser,Ace built for this CM before CM start in Unity Cup scenario,UG (or higher),2,,,1,2,,1,,,4 Attempts - 20 Races total,16,Go to Submit page,,,,,,,,,,,,,,,,,,,,Re-use Day 1 - Team Comp 1 as Day 2 - Team Comp 1,,,,,,,,,,,,,4 Attempts - 20 Races total,16,Go to Submit page,,,,,,,,,,,,,,,,,,Re-use Day 2 - Team Comp 1 as Day 3 - Team Comp 1,A Group,,,,,,,,,,,,,4 Attempts - 20 Races total,13,Go to Submit page,,,,,,,,,,,,,,,,,,Re-use Day 3 - Team Comp 1 as Day 4 - Team Comp 1,A Group,,,,,,,,,,,,,4 Attempts - 20 Races total,13,Go to Submit page,,,,,,,,,,,,,,,,,,A Finals,15142,Re-use Day 4 - Team Comp 1 as Finals Team Comp,,,,,,,,,,https://drive.google.com/open?id=1j9CGNeukNIjyLdfq6j_RWOy-fvaRyBQ0,1st,,,,,,,,,,,,https://drive.google.com/open?id=12C-IHaScGmHFf21cAkLfBEHKvoZ_t8T6,https://drive.google.com/open?id=1Xvds-EnRkvesxM6aHDz46SvA35cCTzrQ,,2,,12,,,https://drive.google.com/open?id=1xllakZPJ-N30s5a9UkakBXAewGSK4TLL
Instru,Graded (No Uma Restrictions),Win A finals with any uma,I accept these terms,Finals,"Android - phone or tablet, Windows",Rather not say,,21-30 (roughly 3-4 per day),Twitch - MooMooCows - https://www.twitch.tv/moomoomoocows,,,Taiki Shuttle (Camping),Pace Chaser,Ace built for this CM before CM start in Unity Cup scenario,UG (or higher),,,,,,,,,,Oguri Cap,Pace Chaser,Ace built for this CM before CM start in Unity Cup scenario,UG (or higher),,,,,,,,,,Nishino Flower,Pace Chaser,Ace built for this CM before CM start in Unity Cup scenario,UG (or higher),,,,,,,,,,4 Attempts - 20 Races total,15,Go to Submit page,,,,,,,,,,,,,,,,,,,,Re-use Day 1 - Team Comp 1 as Day 2 - Team Comp 1,,,,,,,,,,,,,4 Attempts - 20 Races total,19,Go to Submit page,,,,,,,,,,,,,,,,,,Re-use Day 2 - Team Comp 1 as Day 3 - Team Comp 1,A Group,,,,,,,,,,,,,4 Attempts - 20 Races total,16,Go to Submit page,,,,,,,,,,,,,,,,,,Re-use Day 3 - Team Comp 1 as Day 4 - Team Comp 1,A Group,,,,,,,,,,,,,4 Attempts - 20 Races total,15,Go to Submit page,,,,,,,,,,,,,,,,,,A Finals,13398,Re-use Day 4 - Team Comp 1 as Finals Team Comp,,,,,,,,,,https://drive.google.com/open?id=1FCk3LIZDq-M2uZ6B5XgyAmja4PJ4KEcW,1st,,,,,,,,,,,,,,,,,,,,
qqey,Graded (No Uma Restrictions),"Win A finals with ""oshi"" uma",I accept these terms,Finals,iOS - phone or tablet,$101-500,1158,11-20 (roughly 2-3 per day),"Discord - MooMooCord - https://discord.gg/Hc7cP9GB, Reddit - /r/umamusumeGame, Twitch - MooMooCows - https://www.twitch.tv/moomoomoocows, YouTube - MooMooCows - https://www.youtube.com/@MooMooCows",,,Haru Urara (New Year),Late Surger,Ace built for this CM before CM start in Unity Cup scenario,UG (or higher),3,0,0,0,3,0,0,,,Taiki Shuttle,Pace Chaser,Ace built for this CM before CM start in Unity Cup scenario,UG (or higher),2,0,1,0,3,0,0,,,Silence Suzuka,Runaway,Ace built for this CM before CM start in Unity Cup scenario,UG (or higher),2,0,0,0,3,1,0,,,4 Attempts - 20 Races total,13,Go to Submit page,,,,,,,,,,,,,,,,,,,,Re-use Day 1 - Team Comp 1 as Day 2 - Team Comp 1,,,,,,,,,,,,,4 Attempts - 20 Races total,12,Go to Submit page,,,,,,,,,,,,,,,,,,Re-use Day 2 - Team Comp 1 as Day 3 - Team Comp 1,A Group,,,,,,,,,,,,,4 Attempts - 20 Races total,11,Go to Submit page,,,,,,,,,,,,,,,,,,Re-use Day 3 - Team Comp 1 as Day 4 - Team Comp 1,A Group,,,,,,,,,,,,,4 Attempts - 20 Races total,7,Go to Submit page,,,,,,,,,,,,,,,,,,A Finals,9706,Re-use Day 4 - Team Comp 1 as Finals Team Comp,,,,,,,,,,https://drive.google.com/open?id=1l_0ADoIrCZHGdIrPlfu2wK5GYx2sBWuZ,3rd,No (goes to Submit page),,,,,,,,,,,,,,,,,,,
firekirin,Graded (No Uma Restrictions),Get into A finals,I accept these terms,Finals,Windows,$0,981,21-30 (roughly 3-4 per day),Discord - MooMooCord - https://discord.gg/Hc7cP9GB,,,Oguri Cap,Pace Chaser,Ace built for this CM before CM start in Unity Cup scenario,UG (or higher),2,0,0,1,3,0,0,,,Taiki Shuttle,Pace Chaser,Ace built for this CM before CM start in Unity Cup scenario,SS,2,0,0,1,3,0,0,,,Nishino Flower,Pace Chaser,Ace built for this CM before CM start in Unity Cup scenario,SS+,2,0,0,1,3,0,0,,,4 Attempts - 20 Races total,12,Go to Submit page,,,,,,,,,,,,,,,,,,,,Re-use Day 1 - Team Comp 1 as Day 2 - Team Comp 1,,,,,,,,,,,,,4 Attempts - 20 Races total,15,Go to Submit page,,,,,,,,,,,,,,,,,,Re-use Day 2 - Team Comp 1 as Day 3 - Team Comp 1,A Group,,,,,,,,,,,,,4 Attempts - 20 Races total,10,Go to Submit page,,,,,,,,,,,,,,,,,,Re-use Day 3 - Team Comp 1 as Day 4 - Team Comp 1,A Group,,,,,,,,,,,,,4 Attempts - 20 Races total,15,Go to Submit page,,,,,,,,,,,,,,,,,,A Finals,,Re-use Day 4 - Team Comp 1 as Finals Team Comp,,,,,,,,,,,2nd,No (goes to Submit page),,,,,,,,,,,,,,,,,,,
Iota,Graded (No Uma Restrictions),Win A finals with any uma,I accept these terms,Finals,Windows,$101-500,823,6-10 (roughly 1 per day),Discord - MooMooCord - https://discord.gg/Hc7cP9GB,5,,Air Groove (Wedding),Pace Chaser,Ace built for this CM before CM start in Unity Cup scenario,UG (or higher),2,,1,,3,,,,,Taiki Shuttle,Pace Chaser,Ace built for this CM before CM start in Unity Cup scenario,UG (or higher),2,,1,,3,,,,,Curren Chan,Pace Chaser,Ace built for this CM before CM start in Unity Cup scenario,UG (or higher),2,,,,3,,1,,,3 Attempts - 15 Races total,9,Go to Submit page,,,,,,,,,,,,,,,,,,,,Re-use Day 1 - Team Comp 1 as Day 2 - Team Comp 1,,,,,,,,,,,,,3 Attempts - 15 Races total,9,Go to Submit page,,,,,,,,,,,,,,,,,,Re-use Day 2 - Team Comp 1 as Day 3 - Team Comp 1,A Group,,,,,,,,,,,,,3 Attempts - 15 Races total,4,Go to Submit page,,,,,,,,,,,,,,,,,,Add a new Team Comp as Day 4 - Team Comp 1,A Group,Taiki Shuttle,Pace Chaser,Ace built for this CM before CM start in Unity Cup scenario,UG (or higher),Curren Chan,Pace Chaser,Ace built for this CM before CM start in Unity Cup scenario,UG (or higher),King Halo,Late Surger,Mid-CM Ace build in Unity Cup scenario,UG (or higher),4 Attempts - 20 Races total,8,Go to Submit page,,,,,,,,,,,,,,,,,,A Finals,9056,Re-use Day 4 - Team Comp 1 as Finals Team Comp,,,,,,,,,,https://drive.google.com/open?id=1w_gsOiY0rq0c6BowdTwOER5-6f-pfQV5,2nd,Yes,https://drive.google.com/open?id=1tjf6aW8LYF9K0xutpmIDih9nSNY9SccX,https://drive.google.com/open?id=1DtZvCuQeKxUo1HuMQcL56AW-SGV2NoBd,,3,,13,,,https://drive.google.com/open?id=1FuWAwniYa8mngqj8a1y89P5ZTli-BJnV,,,,,,,,,,
weetdix,Graded (No Uma Restrictions),Collect participation rewards,I accept these terms,Day 1,Windows,$501-1000,1323,21-30 (roughly 3-4 per day),Discord - MooMooCord - https://discord.gg/Hc7cP9GB,5,,Mejiro Ryan,Late Surger,Ace built for this CM before CM start in Unity Cup scenario,UG (or higher),2,,1,,2,,,,,Oguri Cap,Pace Chaser,Ace built for this CM before CM start in Unity Cup scenario,UG (or higher),2,,1,,3,,,,,Curren Chan,Pace Chaser,Ace built for this CM before CM start in Unity Cup scenario,UG (or higher),2,0,1,1,3,0,0,,,4 Attempts - 20 Races total,16,Day 2,,,,,,,,,,,,,,,,,,,,Re-use Day 1 - Team Comp 1 as Day 2 - Team Comp 1,,,,,,,,,,,,,4 Attempts - 20 Races total,16,Day 3,,,,,,,,,,,,,,,,,,Re-use Day 2 - Team Comp 1 as Day 3 - Team Comp 1,A Group,,,,,,,,,,,,,4 Attempts - 20 Races total,14,Day 4,,,,,,,,,,,,,,,,,,Re-use Day 3 - Team Comp 1 as Day 4 - Team Comp 1,A Group,,,,,,,,,,,,,4 Attempts - 20 Races total,13,Finals,,,,,,,,,,,,,,,,,,A Finals,11240,Re-use Day 4 - Team Comp 1 as Finals Team Comp,,,,,,,,,,https://drive.google.com/open?id=1zHxWKM5neGpYva711ZqoIU-ZfHevzisn,1st,,,,,,,,,,,Mejiro Ryan,https://drive.google.com/open?id=1NUIQiuyN_d_hO40XIFe9MbKJLD6sJcMC,,,2,,,1,3,https://drive.google.com/open?id=1GniDDwHsFLq3qp-X_3U1KyejilbpKMXE
Deehydrated,Graded (No Uma Restrictions),"Win A finals with ""oshi"" uma",I accept these terms,Day 1,iOS - phone or tablet,$101-500,,11-20 (roughly 2-3 per day),Discord - MooMooCord - https://discord.gg/Hc7cP9GB,5,,Mejiro Ryan,Late Surger,Ace built for this CM before CM start in Unity Cup scenario,UG (or higher),1,,,,4,1,,,,Symboli Rudolf,End Closer,Debuffer,UG (or higher),,,,,5,1,,,,Agnes Tachyon,Front Runner,Debuffer,SS+,,,,,5,1,,,,4 Attempts - 20 Races total,17,Go to Submit page,,,,,,,,,,,,,,,,,,,,,,,,,,,,,,,,,,,,,,,,,,,,,,,,,,,,,,,,,,,,,,,,,,,,,,,,,,,,,,,,,,,,,,,,,,,,,,,,,,,,,,,,,,,,,,,,,,,,,,,,,,,,,,,,,,,,,,,,,,,,,,,,,,,,,,,,,,
kadobin79,Graded (No Uma Restrictions),Get into A finals,I accept these terms,Finals,Windows,$0,1308,11-20 (roughly 2-3 per day),"Twitch - MooMooCows - https://www.twitch.tv/moomoomoocows, YouTube - MooMooCows - https://www.youtube.com/@MooMooCows",5,,Oguri Cap,Pace Chaser,Ace built for this CM before CM start in Unity Cup scenario,SS,2,,1,1,2,,,,,Special Week,Pace Chaser,Ace built for this CM before CM start in Unity Cup scenario,S+,3,,1,,2,,,,,Matikanetannhauser,Pace Chaser,Ace built for this CM before CM start in Unity Cup scenario,SS,3,,1,,2,,,,,3 Attempts - 15 Races total,9,Go to Submit page,,,,,,,,,,,,,,,,,,,,Re-use Day 1 - Team Comp 1 as Day 2 - Team Comp 1,,,,,,,,,,,,,3 Attempts - 15 Races total,11,Go to Submit page,,,,,,,,,,,,,,,,,,Re-use Day 2 - Team Comp 1 as Day 3 - Team Comp 1,A Group,,,,,,,,,,,,,4 Attempts - 20 Races total,2,Go to Submit page,,,,,,,,,,,,,,,,,,Re-use Day 3 - Team Comp 1 as Day 4 - Team Comp 1,A Group,,,,,,,,,,,,,4 Attempts - 20 Races total,6,Go to Submit page,,,,,,,,,,,,,,,,,,A Finals,6848,Re-use Day 4 - Team Comp 1 as Finals Team Comp,,,,,,,,,,,3rd,No (goes to Submit page),,,,,,,,,,,,,,,,,,,
Umaskyl,Graded (No Uma Restrictions),Win A finals with any uma,I accept these terms,Finals,"Android - phone or tablet, Windows",$1-100,1300,21-30 (roughly 3-4 per day),Discord - MooMooCord - https://discord.gg/Hc7cP9GB,,,Mejiro Dober,Late Surger,Ace built for this CM before CM start in Trackblazer scenario,SS+,2,0,2,0,2,0,0,,,Oguri Cap,Pace Chaser,Ace built for this CM before CM start in Trackblazer scenario,UG (or higher),1,0,0,3,1,0,0,,,Taiki Shuttle (Camping),Pace Chaser,Ace built for this CM before CM start in Unity Cup scenario,UG (or higher),3,0,0,1,2,0,0,,,4 Attempts - 20 Races total,17,Go to Submit page,,,,,,,,,,,,,,,,,,,,Re-use Day 1 - Team Comp 1 as Day 2 - Team Comp 1,,,,,,,,,,,,,4 Attempts - 20 Races total,18,Go to Submit page,,,,,,,,,,,,,,,,,,Re-use Day 2 - Team Comp 1 as Day 3 - Team Comp 1,A Group,,,,,,,,,,,,,4 Attempts - 20 Races total,15,Go to Submit page,,,,,,,,,,,,,,,,,,Re-use Day 3 - Team Comp 1 as Day 4 - Team Comp 1,A Group,,,,,,,,,,,,,4 Attempts - 20 Races total,12,Go to Submit page,,,,,,,,,,,,,,,,,,A Finals,12235,Re-use Day 4 - Team Comp 1 as Finals Team Comp,,,,,,,,,,https://drive.google.com/open?id=1jEui4Bqz4OCwbXJN6NvPbqUaPp_PLfJn,2nd,No (goes to Submit page),,,,,,,,,,,,,,,,,,,
John Trainer ,Graded (No Uma Restrictions),Get into A finals,I accept these terms,Day 3,Android - phone or tablet,$101-500,,6-10 (roughly 1 per day),"Discord - MooMooCord - https://discord.gg/Hc7cP9GB, YouTube - MooMooCows - https://www.youtube.com/@MooMooCows",,,Silence Suzuka,Front Runner,Ace built for this CM before CM start in Unity Cup scenario,SS,2,,1,,2,,1,,19,Taiki Shuttle,Pace Chaser,Ace built for this CM before CM start in Unity Cup scenario,UG (or higher),2,,1,,2,,1,,19,Curren Chan,Pace Chaser,Ace built for this CM before CM start in Unity Cup scenario,S+,2,,1,,2,,1,,14,4 Attempts - 20 Races total,9,Go to Submit page,,,,,,,,,,,,,,,,,,,,Re-use Day 1 - Team Comp 1 as Day 2 - Team Comp 1,,,,,,,,,,,,,4 Attempts - 20 Races total,12,Go to Submit page,,,,,,,,,,,,,,,,,,Re-use Day 2 - Team Comp 1 as Day 3 - Team Comp 1,A Group,,,,,,,,,,,,,4 Attempts - 20 Races total,11,Go to Submit page,,,,,,,,,,,,,,,,,,,,,,,,,,,,,,,,,,,,,,,,,,,,,,,,,,,,,,,,,,,,,,,,,,,,,,,,,,,,,,,,,,,,,
Xyba,Graded (No Uma Restrictions),"Win A finals with ""oshi"" uma",I accept these terms,Finals,Windows,$1-100,1338,31-45 (roughly 5-6 per day),Discord - MooMooCord - https://discord.gg/Hc7cP9GB,,,Mayano Top Gun (Wedding),Pace Chaser,Ace built for this CM before CM start in Unity Cup scenario,UG (or higher),2,0,1,0,3,0,0,50,17,Curren Chan (Wedding),Pace Chaser,Ace built for this CM before CM start in Unity Cup scenario,UG (or higher),2,0,0,1,3,0,0,50,19,Oguri Cap,Pace Chaser,Ace built for this CM before CM start in Unity Cup scenario,UG (or higher),2,0,1,0,3,0,0,50,20,4 Attempts - 20 Races total,13,Go to Submit page,,,,,,,,,,,,,,,,,,,,Add new Team Comp as Day 2 - Team Comp 1,Mayano Top Gun (Wedding),Pace Chaser,Ace built for this CM before CM start in Unity Cup scenario,UG (or higher),Curren Chan (Wedding),Pace Chaser,Ace built for this CM before CM start in Unity Cup scenario,UG (or higher),Copano Rickey,Pace Chaser,Mid-CM Ace build in Unity Cup scenario,UG (or higher),4 Attempts - 20 Races total,14,Go to Submit page,,,,,,,,,,,,,,,,,,Re-use Day 2 - Team Comp 1 as Day 3 - Team Comp 1,A Group,,,,,,,,,,,,,4 Attempts - 20 Races total,17,Go to Submit page,,,,,,,,,,,,,,,,,,Re-use Day 3 - Team Comp 1 as Day 4 - Team Comp 1,A Group,,,,,,,,,,,,,4 Attempts - 20 Races total,15,Go to Submit page,,,,,,,,,,,,,,,,,,A Finals,10911,Re-use Day 4 - Team Comp 1 as Finals Team Comp,,,,,,,,,,https://drive.google.com/open?id=1qCWrWr-uFOPmlJpVidEjafOSPdxsH9fq,1st,,,,,,,,,,,So proud of my beloved airplane after 15 CMs of Tokimeki Scramble,https://drive.google.com/open?id=1bdfk7ITNqpg68xSp5pbA2KkvZyqljg9A,https://drive.google.com/open?id=1A48qQo24UxN269sDizhb3sV3oiFUWfP8,,2,0,10,0,3,https://drive.google.com/open?id=1iu9WrD3K32ChMS7H-b_OXlcrgBvMfoGa
Patch,Graded (No Uma Restrictions),"Win A finals with ""oshi"" uma",I accept these terms,Finals,,$1001-5000,1561,21-30 (roughly 3-4 per day),"Discord - MooMooCord - https://discord.gg/Hc7cP9GB, YouTube - MooMooCows - https://www.youtube.com/@MooMooCows",5,,Rice Shower,Pace Chaser,Ace built for this CM before CM start in Unity Cup scenario,UG (or higher),2,0,2,0,2,0,0,,,Silence Suzuka,Runaway,Ace built for this CM before CM start in Unity Cup scenario,SS+,2,0,1,1,2,0,0,,,Curren Chan,Pace Chaser,Ace built for this CM before CM start in Unity Cup scenario,UG (or higher),2,0,0,2,2,0,0,,,4 Attempts - 20 Races total,15,Go to Submit page,,,,,,,,,,,,,,,,,,,,Re-use Day 1 - Team Comp 1 as Day 2 - Team Comp 1,,,,,,,,,,,,,4 Attempts - 20 Races total,13,Go to Submit page,,,,,,,,,,,,,,,,,,Re-use Day 2 - Team Comp 1 as Day 3 - Team Comp 1,A Group,,,,,,,,,,,,,4 Attempts - 20 Races total,13,Go to Submit page,,,,,,,,,,,,,,,,,,Re-use Day 3 - Team Comp 1 as Day 4 - Team Comp 1,A Group,,,,,,,,,,,,,4 Attempts - 20 Races total,11,Go to Submit page,,,,,,,,,,,,,,,,,,A Finals,11778,Re-use Day 4 - Team Comp 1 as Finals Team Comp,,,,,,,,,,https://drive.google.com/open?id=10D-UwUsU0kXRF1lRO7fHC7OqMSvzJhOF,2nd,Yes,https://drive.google.com/open?id=172wisyNRVh9UzsbEAco8sKMz2wHQ2Yfl,https://drive.google.com/open?id=1_TyzzIRFJiTCGof1AnEqF0F21gRO2a8c,,,,,,,https://drive.google.com/open?id=1Xe97mdPT7x-ngL-zUhQ5n7s8Juj01vI9,,,,,,,,,,
Seenku,Graded (No Uma Restrictions),"Win A finals with ""oshi"" uma",I accept these terms,Day 3,iOS - phone or tablet,$0,1408,21-30 (roughly 3-4 per day),YouTube - MooMooCows - https://www.youtube.com/@MooMooCows,5,,Haru Urara (New Year),Late Surger,Ace built for this CM before CM start in Unity Cup scenario,UG (or higher),2,,,,4,,,,,Gold Ship,Late Surger,Ace built for this CM before CM start in Unity Cup scenario,UG (or higher),2,,1,,3,,,,,Sweep Tosho,End Closer,Hybrid (ace + debuffer),SS+,2,,,,4,,,,,4 Attempts - 20 Races total,12,Go to Submit page,,,,,,,,,,,,,,,,,,,,Re-use Day 1 - Team Comp 1 as Day 2 - Team Comp 1,,,,,,,,,,,,,4 Attempts - 20 Races total,9,Go to Submit page,,,,,,,,,,,,,,,,,,Re-use Day 2 - Team Comp 1 as Day 3 - Team Comp 1,A Group,,,,,,,,,,,,,4 Attempts - 20 Races total,3,Go to Submit page,,,,,,,,,,,,,,,,,,,,,,,,,,,,,,,,,,,,,,,,,,,,,,,,,,,,,,,,,,,,,,,,,,,,,,,,,,,,,,,,,,,,,
awdzzz,Graded (No Uma Restrictions),"Win A finals with ""oshi"" uma",I accept these terms,Finals,Windows,$0,1597,21-30 (roughly 3-4 per day),"Discord - MooMooCord - https://discord.gg/Hc7cP9GB, Twitch - MooMooCows - https://www.twitch.tv/moomoomoocows",4,,Haru Urara,Late Surger,Ace built for this CM before CM start in Unity Cup scenario,SS,2,0,1,0,3,0,0,,,Taiki Shuttle,Pace Chaser,Ace built for this CM before CM start in Trackblazer scenario,SS+,1,0,0,3,2,0,0,55,41,Oguri Cap,Pace Chaser,Ace built for this CM before CM start in Unity Cup scenario,UG (or higher),2,0,1,0,3,0,0,,,4 Attempts - 20 Races total,17,Go to Submit page,,,,,,,,,,,,,,,,,,,,Add new Team Comp as Day 2 - Team Comp 1,Haru Urara,Late Surger,Mid-CM Ace build in Unity Cup scenario,UG (or higher),Taiki Shuttle,Pace Chaser,Mid-CM Ace build in Unity Cup scenario,SS+,Oguri Cap,Pace Chaser,Ace built for this CM before CM start in Unity Cup scenario,UG (or higher),4 Attempts - 20 Races total,17,Go to Submit page,,,,,,,,,,,,,,,,,,Re-use Day 2 - Team Comp 2 as Day 3 - Team Comp 1,A Group,,,,,,,,,,,,,4 Attempts - 20 Races total,13,Go to Submit page,,,,,,,,,,,,,,,,,,Re-use Day 3 - Team Comp 2 as Day 4 - Team Comp 1,A Group,,,,,,,,,,,,,4 Attempts - 20 Races total,14,Go to Submit page,,,,,,,,,,,,,,,,,,A Finals,9631,Re-use Day 4 - Team Comp 2 as Finals Team Comp,,,,,,,,,,https://drive.google.com/open?id=1dd7ztOaNg0ED71O6iX3HDZLYN7cM7xHd,1st,,,,,,,,,,,,https://drive.google.com/open?id=18729NoEYK3GwrSAAlNd8NG1Y0T-yxrA6,https://drive.google.com/open?id=1DrtScpPH4l2ElqAdx6CGWzQkWjpjgMm5,,4,0,5,0,3,https://drive.google.com/open?id=1CY8r9H7kgL0Oj6ai4-KafYbBpnA1mJlT
Kirbymoto,Graded (No Uma Restrictions),Get into A finals,I accept these terms,Finals,"iOS - phone or tablet, Windows",$0,512,11-20 (roughly 2-3 per day),Discord - MooMooCord - https://discord.gg/Hc7cP9GB,,,Haru Urara (New Year),Late Surger,Ace built for this CM before CM start in Unity Cup scenario,SS,3,,,,3,,,,,Curren Chan,Pace Chaser,Ace built for this CM before CM start in Unity Cup scenario,SS,1,,,3,2,,,,,Taiki Shuttle,Pace Chaser,Ace built for this CM before CM start in Trackblazer scenario,UG (or higher),1,,1,3,1,,,69,41,4 Attempts - 20 Races total,13,Go to Submit page,,,,,,,,,,,,,,,,,,,,Re-use Day 1 - Team Comp 1 as Day 2 - Team Comp 1,,,,,,,,,,,,,4 Attempts - 20 Races total,16,Go to Submit page,,,,,,,,,,,,,,,,,,Re-use Day 2 - Team Comp 1 as Day 3 - Team Comp 1,A Group,,,,,,,,,,,,,4 Attempts - 20 Races total,14,Go to Submit page,,,,,,,,,,,,,,,,,,Re-use Day 3 - Team Comp 1 as Day 4 - Team Comp 1,A Group,,,,,,,,,,,,,4 Attempts - 20 Races total,10,Go to Submit page,,,,,,,,,,,,,,,,,,A Finals,7248,Re-use Day 4 - Team Comp 1 as Finals Team Comp,,,,,,,,,,https://drive.google.com/open?id=1bvhF5p8P3O8lVykmAVJ1oYF92QYJMfuZ,1st,,,,,,,,,,,"If you don't put your name in the hat, how do you expect to get picked?",https://drive.google.com/open?id=1SWXqrURfOpoUAUd4h24Ot2RFsZh5fAtq,,,,3,6,1,3,https://drive.google.com/open?id=11ScfFVJvM7XwrcpM8VcDjmNzPshhm8Yi
Holic,Graded (No Uma Restrictions),Win A finals with any uma,I accept these terms,Finals,Android - phone or tablet,$0,706,11-20 (roughly 2-3 per day),Discord - MooMooCord - https://discord.gg/Hc7cP9GB,5,Keep up the good work!,Curren Chan,Pace Chaser,Ace built for this CM before CM start in Unity Cup scenario,SS+,2,,,1,3,,,,,Taiki Shuttle,Pace Chaser,Ace built for this CM before CM start in Unity Cup scenario,SS,2,,,1,3,,,,,Kawakami Princess,Late Surger,Ace built for this CM before CM start in Unity Cup scenario,SS,2,,1,,3,,,,,4 Attempts - 20 Races total,12,Go to Submit page,,,,,,,,,,,,,,,,,,,,Re-use Day 1 - Team Comp 1 as Day 2 - Team Comp 1,,,,,,,,,,,,,4 Attempts - 20 Races total,11,Go to Submit page,,,,,,,,,,,,,,,,,,Re-use Day 2 - Team Comp 1 as Day 3 - Team Comp 1,A Group,,,,,,,,,,,,,4 Attempts - 20 Races total,5,Go to Submit page,,,,,,,,,,,,,,,,,,Re-use Day 3 - Team Comp 1 as Day 4 - Team Comp 1,A Group,,,,,,,,,,,,,4 Attempts - 20 Races total,4,Go to Submit page,,,,,,,,,,,,,,,,,,B Finals,3857,Re-use Day 4 - Team Comp 1 as Finals Team Comp,,,,,,,,,,,2nd,No (goes to Submit page),,,,,,,,,,,,,,,,,,,
Krillex@Tachy,Graded (No Uma Restrictions),"Win A finals with ""oshi"" uma",I accept these terms,Day 1,"Android - phone or tablet, Windows",$0,,11-20 (roughly 2-3 per day),"Discord - MooMooCord - https://discord.gg/Hc7cP9GB, Twitch - MooMooCows - https://www.twitch.tv/moomoomoocows",5,six seven,Agnes Tachyon,Pace Chaser,Ace built for this CM before CM start in Unity Cup scenario,UG (or higher),2,,1,1,2,,,40,17,Curren Chan,Pace Chaser,Ace built for this CM before CM start in Unity Cup scenario,UG (or higher),,,,,,,,,,Nishino Flower,Pace Chaser,Ace built for this CM before CM start in Unity Cup scenario,SS,,,,,,,,,,4 Attempts - 20 Races total,18,Go to Submit page,,,,,,,,,,,,,,,,,,,,,,,,,,,,,,,,,,,,,,,,,,,,,,,,,,,,,,,,,,,,,,,,,,,,,,,,,,,,,,,,,,,,,,,,,,,,,,,,,,,,,,,,,,,,,,,,,,,,,,,,,,,,,,,,,,,,,,,,,,,,,,,,,,,,,,,,,,
Typhoon Carter,Graded (No Uma Restrictions),Win A finals with any uma,I accept these terms,Finals,Windows,$1-100,1215,21-30 (roughly 3-4 per day),"Discord - MooMooCord - https://discord.gg/Hc7cP9GB, Reddit - /r/umamusumeGame",,,Oguri Cap,Pace Chaser,Ace built for this CM before CM start in Unity Cup scenario,UG (or higher),2,0,1,,3,,,,,Nishino Flower,Pace Chaser,Ace built for this CM before CM start in Unity Cup scenario,UG (or higher),2,,1,,3,,,,,Taiki Shuttle,Pace Chaser,Ace built for this CM before CM start in Unity Cup scenario,UG (or higher),2,0,1,,3,,,,,4 Attempts - 20 Races total,7,Go to Submit page,,,,,,,,,,,,,,,,,,,,Re-use Day 1 - Team Comp 1 as Day 2 - Team Comp 1,,,,,,,,,,,,,4 Attempts - 20 Races total,14,Day 3,,,,,,,,,,,,,,,,,,Re-use Day 2 - Team Comp 1 as Day 3 - Team Comp 1,A Group,,,,,,,,,,,,,4 Attempts - 20 Races total,17,Day 4,,,,,,,,,,,,,,,,,,Re-use Day 3 - Team Comp 1 as Day 4 - Team Comp 1,A Group,,,,,,,,,,,,,4 Attempts - 20 Races total,11,Go to Submit page,,,,,,,,,,,,,,,,,,A Finals,13007,Re-use Day 4 - Team Comp 1 as Finals Team Comp,,,,,,,,,,https://drive.google.com/open?id=1IW6CJPrRyOO3SVPBt0tdvmxmaTeSN8T3,1st,,,,,,,,,,,,https://drive.google.com/open?id=1sMZV3lei_dnc17byK42Z3vsVdQbaavNc,https://drive.google.com/open?id=1vCHaBZyttplm6x9R7YBPPfgk005MxSAI,,,,16,,,https://drive.google.com/open?id=1P3-mmptDdPMvR1jVfUIK5tnzNN-II2gm
KazLess,Graded (No Uma Restrictions),"Win A finals with ""oshi"" uma",I accept these terms,Finals,PC and Phone,$1-100,1750,6-10 (roughly 1 per day),Friend sent me the link,3,,Taiki Shuttle,Front Runner,Ace built for this CM before CM start in Unity Cup scenario,UG (or higher),,,,,,,,,,Nishino Flower,Pace Chaser,Ace built for this CM before CM start in Unity Cup scenario,UG (or higher),,,,,,,,,,Curren Chan (Wedding),Pace Chaser,Ace built for this CM before CM start in Trackblazer scenario,SS+,,,,,,,,,,4 Attempts - 20 Races total,13,Go to Submit page,,,,,,,,,,,,,,,,,,,,Re-use Day 1 - Team Comp 1 as Day 2 - Team Comp 1,,,,,,,,,,,,,4 Attempts - 20 Races total,15,Go to Submit page,,,,,,,,,,,,,,,,,,Re-use Day 2 - Team Comp 1 as Day 3 - Team Comp 1,A Group,,,,,,,,,,,,,4 Attempts - 20 Races total,12,Go to Submit page,,,,,,,,,,,,,,,,,,Re-use Day 3 - Team Comp 1 as Day 4 - Team Comp 1,A Group,,,,,,,,,,,,,4 Attempts - 20 Races total,6,Go to Submit page,,,,,,,,,,,,,,,,,,A Finals,9967,Re-use Day 4 - Team Comp 1 as Finals Team Comp,,,,,,,,,,https://drive.google.com/open?id=1_CY_1e0cR2hsuAZZBPZJzX8iTz8wnRV-,3rd,Yes,https://drive.google.com/open?id=1VwILZAx6QMr-0f3k5DgO7T5wUkKEYhf_,https://drive.google.com/open?id=1OmEhFIKji71d0Li2XETGYX9XPL5-o20G,,,,,,,https://drive.google.com/open?id=1lHJcjcZ1GBNnuKgzyN21ermA-gTwBjdn,,,,,,,,,,
kammie,Graded (No Uma Restrictions),"Win A finals with ""oshi"" uma",I accept these terms,Finals,Android - phone or tablet,$1001-5000,1238,21-30 (roughly 3-4 per day),Discord - MooMooCord - https://discord.gg/Hc7cP9GB,5,,Biwa Hayahide,Pace Chaser,Ace built for this CM before CM start in Unity Cup scenario,UG (or higher),2,,1,,3,,,,,Curren Chan (Wedding),Pace Chaser,Ace built for this CM before CM start in Unity Cup scenario,UG (or higher),3,,,,3,,,,,Nishino Flower,Pace Chaser,Ace built for this CM before CM start in Unity Cup scenario,UG (or higher),2,,1,,3,,,,,4 Attempts - 20 Races total,14,Go to Submit page,,,,,,,,,,,,,,,,,,,,Re-use Day 1 - Team Comp 1 as Day 2 - Team Comp 1,,,,,,,,,,,,,4 Attempts - 20 Races total,15,Go to Submit page,,,,,,,,,,,,,,,,,,Re-use Day 2 - Team Comp 1 as Day 3 - Team Comp 1,A Group,,,,,,,,,,,,,4 Attempts - 20 Races total,12,Go to Submit page,,,,,,,,,,,,,,,,,,Re-use Day 3 - Team Comp 1 as Day 4 - Team Comp 1,A Group,,,,,,,,,,,,,4 Attempts - 20 Races total,11,Go to Submit page,,,,,,,,,,,,,,,,,,A Finals,,Re-use Day 4 - Team Comp 1 as Finals Team Comp,,,,,,,,,,https://drive.google.com/open?id=1TSJgVymLp2FNGUry41KvEFRqycmzNaCe,1st,,,,,,,,,,,,,,,,,,,,
Barrel,Graded (No Uma Restrictions),Get into A finals,I accept these terms,Finals,"iOS - phone or tablet, Android - phone or tablet, Windows",$1-100,1785,31-45 (roughly 5-6 per day),Discord - MooMooCord - https://discord.gg/Hc7cP9GB,5,,Rice Shower,Pace Chaser,Ace built for this CM before CM start in Unity Cup scenario,SS,2,0,2,,2,,,,,Narita Taishin,Late Surger,Ace built for this CM before CM start in Unity Cup scenario,SS,1,0,,3,2,,,,,Sweep Tosho,End Closer,Hybrid (ace + debuffer),SS,2,,1,,3,,,,,3 Attempts - 15 Races total,7,Day 1 - Add 2nd Team,Rice Shower,Pace Chaser,Ace built for this CM before CM start in Unity Cup scenario,SS,,Narita Taishin,Late Surger,Mid-CM Ace build in Unity Cup scenario,UG (or higher),,Sweep Tosho,End Closer,Hybrid (ace + debuffer),SS,,1 Attempt - 5 Races total,5,2 teams,Go to Submit page,Re-use Day 1 - Team Comp 2 as Day 2 - Team Comp 1,,,,,,,,,,,,,4 Attempts - 20 Races total,11,Go to Submit page,,,,,,,,,,,,,,,,,,Re-use Day 2 - Team Comp 1 as Day 3 - Team Comp 1,A Group,,,,,,,,,,,,,4 Attempts - 20 Races total,9,Go to Submit page,,,,,,,,,,,,,,,,,,Re-use Day 3 - Team Comp 1 as Day 4 - Team Comp 1,A Group,,,,,,,,,,,,,4 Attempts - 20 Races total,9,Go to Submit page,,,,,,,,,,,,,,,,,,A Finals,10271,Re-use Day 4 - Team Comp 2 as Finals Team Comp,,,,,,,,,,https://drive.google.com/open?id=10y1RrrD4NASfI_zDWLfAhzlboT9NNUY4,3rd,No (goes to Submit page),,,,,,,,,,,,,,,,,,,
H8R,Graded (No Uma Restrictions),Win A finals with any uma,I accept these terms,Finals,"Android - phone or tablet, Windows",$101-500,2300,46+ (more than 6 per day),,5,,Gold City,Late Surger,Ace built for this CM before CM start in Unity Cup scenario,UG (or higher),0,,,3,3,,,40,17,Special Week,Late Surger,Ace built for this CM before CM start in Unity Cup scenario,UG (or higher),2,,1,,2,,,40,15,Sweep Tosho,End Closer,Ace built for this CM before CM start in Unity Cup scenario,UG (or higher),0,,,3,2,1,,,43,4 Attempts - 20 Races total,18,Go to Submit page,,,,,,,,,,,,,,,,,,,,Re-use Day 1 - Team Comp 1 as Day 2 - Team Comp 1,,,,,,,,,,,,,4 Attempts - 20 Races total,17,Go to Submit page,,,,,,,,,,,,,,,,,,Re-use Day 2 - Team Comp 1 as Day 3 - Team Comp 1,A Group,,,,,,,,,,,,,4 Attempts - 20 Races total,16,Go to Submit page,,,,,,,,,,,,,,,,,,Re-use Day 3 - Team Comp 1 as Day 4 - Team Comp 1,A Group,,,,,,,,,,,,,4 Attempts - 20 Races total,14,Go to Submit page,,,,,,,,,,,,,,,,,,A Finals,12720,Re-use Day 4 - Team Comp 1 as Finals Team Comp,,,,,,,,,,,3rd,No (goes to Submit page),,,,,,,,,,,,,,,,,,,
trillkun,Graded (No Uma Restrictions),Win A finals with any uma,I accept these terms,Finals,"iOS - phone or tablet, Windows",$1001-5000,1587,21-30 (roughly 3-4 per day),Discord - MooMooCord - https://discord.gg/Hc7cP9GB,5,,Oguri Cap,Pace Chaser,Ace built for this CM before CM start in Unity Cup scenario,UG (or higher),2,0,1,0,3,0,0,42,19,Taiki Shuttle,Pace Chaser,Ace built for this CM before CM start in Unity Cup scenario,UG (or higher),2,0,1,0,3,0,0,42,18,Air Groove (Wedding),Pace Chaser,Ace built for this CM before CM start in Unity Cup scenario,UG (or higher),2,0,1,0,3,0,0,42,17,4 Attempts - 20 Races total,13,Go to Submit page,,,,,,,,,,,,,,,,,,,,Re-use Day 1 - Team Comp 1 as Day 2 - Team Comp 1,,,,,,,,,,,,,4 Attempts - 20 Races total,11,Go to Submit page,,,,,,,,,,,,,,,,,,Re-use Day 2 - Team Comp 1 as Day 3 - Team Comp 1,A Group,,,,,,,,,,,,,4 Attempts - 20 Races total,9,Go to Submit page,,,,,,,,,,,,,,,,,,Add a new Team Comp as Day 4 - Team Comp 1,A Group,Oguri Cap,Pace Chaser,Ace built for this CM before CM start in Unity Cup scenario,UG (or higher),Air Groove (Wedding),Pace Chaser,Ace built for this CM before CM start in Unity Cup scenario,UG (or higher),Taiki Shuttle,Pace Chaser,Mid-CM Ace build in Unity Cup scenario,SS,4 Attempts - 20 Races total,13,Go to Submit page,,,,,,,,,,,,,,,,,,A Finals,9514,Re-use Day 4 - Team Comp 1 as Finals Team Comp,,,,,,,,,,https://drive.google.com/open?id=11xjWIMy4vA6_fB-X-lDhllhnza3-qB6M,3rd,No (goes to Submit page),,,,,,,,,,,,,,,,,,,
nonaddict,Graded (No Uma Restrictions),Get into A finals,I accept these terms,Finals,Windows,$101-500,786,6-10 (roughly 1 per day),Discord - MooMooCord - https://discord.gg/Hc7cP9GB,5,,Fuji Kiseki,Pace Chaser,Ace built for this CM before CM start in Unity Cup scenario,UG (or higher),2,,,1,3,,,,,Taiki Shuttle,Pace Chaser,Ace built for this CM before CM start in Unity Cup scenario,UG (or higher),2,,,1,3,,,,,Hishi Akebono,Pace Chaser,Ace built for this CM before CM start in Unity Cup scenario,UG (or higher),2,,,1,3,,,,,1 Attempt - 5 Races total,3,Go to Submit page,,,,,,,,,,,,,,,,,,,,Re-use Day 1 - Team Comp 1 as Day 2 - Team Comp 1,,,,,,,,,,,,,3 Attempts - 15 Races total,5,Go to Submit page,,,,,,,,,,,,,,,,,,Re-use Day 2 - Team Comp 1 as Day 3 - Team Comp 1,A Group,,,,,,,,,,,,,4 Attempts - 20 Races total,7,Go to Submit page,,,,,,,,,,,,,,,,,,Re-use Day 3 - Team Comp 1 as Day 4 - Team Comp 1,A Group,,,,,,,,,,,,,4 Attempts - 20 Races total,4,Go to Submit page,,,,,,,,,,,,,,,,,,B Finals,4067,Re-use Day 4 - Team Comp 1 as Finals Team Comp,,,,,,,,,,https://drive.google.com/open?id=13BpCg8H-SJ_L3W1XO16iX4fsmHbRbBXp,2nd,No (goes to Submit page),,,,,,,,,,,,,,,,,,,
Zap,Graded (No Uma Restrictions),"Win A finals with ""oshi"" uma",I accept these terms,Finals,Windows,$101-500,710,6-10 (roughly 1 per day),Discord - MooMooCord - https://discord.gg/Hc7cP9GB,4,,Narita Taishin,Late Surger,Ace built for this CM before CM start in Unity Cup scenario,UG (or higher),2,,1,,3,,,,,Gold City,Late Surger,Ace built for this CM before CM start in Unity Cup scenario,UG (or higher),2,,1,,3,,,,,Curren Chan,Front Runner,Debuffer,SS,1,,1,,4,,,,,4 Attempts - 20 Races total,12,Go to Submit page,,,,,,,,,,,,,,,,,,,,Re-use Day 1 - Team Comp 1 as Day 2 - Team Comp 1,,,,,,,,,,,,,4 Attempts - 20 Races total,16,Go to Submit page,,,,,,,,,,,,,,,,,,Re-use Day 2 - Team Comp 1 as Day 3 - Team Comp 1,A Group,,,,,,,,,,,,,4 Attempts - 20 Races total,11,Go to Submit page,,,,,,,,,,,,,,,,,,Re-use Day 3 - Team Comp 1 as Day 4 - Team Comp 1,A Group,,,,,,,,,,,,,4 Attempts - 20 Races total,11,Go to Submit page,,,,,,,,,,,,,,,,,,A Finals,9301,Re-use Day 4 - Team Comp 1 as Finals Team Comp,,,,,,,,,,,3rd,No (goes to Submit page),,,,,,,,,,,,,,,,,,,
Pokedude,Graded (No Uma Restrictions),Win A finals with any uma,I accept these terms,Finals,"Android - phone or tablet, Windows",$0,1661,21-30 (roughly 3-4 per day),Friend sent me the link,5,,Eishin Flash (Valentine),Late Surger,Ace built for this CM before CM start in Unity Cup scenario,UG (or higher),3,0,0,0,3,0,,,,Special Week,Pace Chaser,Ace built for this CM before CM start in Unity Cup scenario,UG (or higher),3,0,0,0,3,0,0,,,Taiki Shuttle,Pace Chaser,Ace built for this CM before CM start in Unity Cup scenario,UG (or higher),2,0,0,1,3,0,0,,,4 Attempts - 20 Races total,15,Go to Submit page,,,,,,,,,,,,,,,,,,,,Re-use Day 1 - Team Comp 1 as Day 2 - Team Comp 1,,,,,,,,,,,,,4 Attempts - 20 Races total,13,Go to Submit page,,,,,,,,,,,,,,,,,,Re-use Day 2 - Team Comp 1 as Day 3 - Team Comp 1,A Group,,,,,,,,,,,,,4 Attempts - 20 Races total,15,Go to Submit page,,,,,,,,,,,,,,,,,,Re-use Day 3 - Team Comp 1 as Day 4 - Team Comp 1,A Group,,,,,,,,,,,,,4 Attempts - 20 Races total,17,Go to Submit page,,,,,,,,,,,,,,,,,,A Finals,12187,Re-use Day 4 - Team Comp 1 as Finals Team Comp,,,,,,,,,,https://drive.google.com/open?id=1_Vgwrx2a2SFf5NlDdSGHghM8XgV5JGp4,3rd,Yes,https://drive.google.com/open?id=1QZl-ki4VQtQvn-EGVRfXpFUIEi4cGZNS,https://drive.google.com/open?id=1gfLAxuIAGClEpSxCx9SN8P-GFOsHBY0N,,2,4,6,,2,https://drive.google.com/open?id=1EouwRXJR70ZHzbd6B-eHZuOmwSoNbSor,,,,,,,,,,
QuantumS,Graded (No Uma Restrictions),Get into A finals,I accept these terms,Finals,"iOS - phone or tablet, Android - phone or tablet",$101-500,1783,31-45 (roughly 5-6 per day),"Discord - MooMooCord - https://discord.gg/Hc7cP9GB, YouTube - MooMooCows - https://www.youtube.com/@MooMooCows",5,,Hishi Akebono,Pace Chaser,Ace built for this CM before CM start in Unity Cup scenario,SS+,2,,1,,3,,,,,Nishino Flower,Pace Chaser,Ace built for this CM before CM start in Unity Cup scenario,SS,2,,,1,3,,,,,Taiki Shuttle,Pace Chaser,Ace built for this CM before CM start in Unity Cup scenario,UG (or higher),2,,,1,2,,1,,,2 Attempts - 10 Races total,8,Go to Submit page,,,,,,,,,,,,,,,,,,,,Re-use Day 1 - Team Comp 1 as Day 2 - Team Comp 1,,,,,,,,,,,,,2 Attempts - 10 Races total,8,Go to Submit page,,,,,,,,,,,,,,,,,,Re-use Day 2 - Team Comp 1 as Day 3 - Team Comp 1,A Group,,,,,,,,,,,,,4 Attempts - 20 Races total,15,Go to Submit page,,,,,,,,,,,,,,,,,,Re-use Day 3 - Team Comp 1 as Day 4 - Team Comp 1,A Group,,,,,,,,,,,,,4 Attempts - 20 Races total,7,Go to Submit page,,,,,,,,,,,,,,,,,,A Finals,10988,Re-use Day 4 - Team Comp 1 as Finals Team Comp,,,,,,,,,,https://drive.google.com/open?id=12aKX8-q8WZcdo9_5qw3cQwb7IRSz8KH5,2nd,Yes,https://drive.google.com/open?id=1_sp-SbZsT9uwOxNn2Lde2ICcQaOUKwBy,https://drive.google.com/open?id=1zoYwGv-JsYQhlin8uz_2J4jOHZ6Ep7lK,,,,8,2,2,https://drive.google.com/open?id=19lBO69If2tNsYbgQ8Gz0epdD3iD3Qb2G,,,,,,,,,,
Lmaximus,Graded (No Uma Restrictions),"Win A finals with ""oshi"" uma",I accept these terms,Finals,"Android - phone or tablet, Windows",$501-1000,,11-20 (roughly 2-3 per day),Discord - MooMooCord - https://discord.gg/Hc7cP9GB,4,,Special Week,Late Surger,Ace built for this CM before CM start in Trackblazer scenario,S+,,,,,,,,,,Nishino Flower,Pace Chaser,Ace built for this CM before CM start in Unity Cup scenario,SS,,,,,,,,,,Taiki Shuttle,Pace Chaser,Ace built for this CM before CM start in Unity Cup scenario,SS+,,,,,,,,,,4 Attempts - 20 Races total,8,Go to Submit page,,,,,,,,,,,,,,,,,,,,Re-use Day 1 - Team Comp 1 as Day 2 - Team Comp 1,,,,,,,,,,,,,4 Attempts - 20 Races total,10,Day 3,,,,,,,,,,,,,,,,,,Re-use Day 2 - Team Comp 1 as Day 3 - Team Comp 1,A Group,,,,,,,,,,,,,4 Attempts - 20 Races total,8,Day 4,,,,,,,,,,,,,,,,,,Re-use Day 3 - Team Comp 1 as Day 4 - Team Comp 1,A Group,,,,,,,,,,,,,4 Attempts - 20 Races total,5,Go to Submit page,,,,,,,,,,,,,,,,,,B Finals,4421,Re-use Day 4 - Team Comp 1 as Finals Team Comp,,,,,,,,,,https://drive.google.com/open?id=1rfsse_05Tw5yE1tXGtSN-zSPSnQN4fgR,2nd,Yes,https://drive.google.com/open?id=18bz145rX3Tqy8pFlSSqW8lbIQS71Gkvv,https://drive.google.com/open?id=10N_CcJ9cjQCQyWD8U_tTjyuLr_YB3gL3,,,,,,,https://drive.google.com/open?id=1nIWQQQVQ3POWN-VLn86-UT9dw_32OtXj,,,,,,,,,,
PikaT,Graded (No Uma Restrictions),"Win A finals with ""oshi"" uma",I accept these terms,Day 1,Windows,$0,835,11-20 (roughly 2-3 per day),Friend sent me the link,5,,Vodka,Late Surger,Ace built for this CM before CM start in Unity Cup scenario,SS,2,,0,,3,,,,,Haru Urara (New Year),Late Surger,Ace built for this CM before CM start in Unity Cup scenario,UG (or higher),3,,,,3,,,,,Tokai Teio,Pace Chaser,Ace built for this CM before CM start in Unity Cup scenario,SS,2,,0,,3,,,,,4 Attempts - 20 Races total,9,Go to Submit page,,,,,,,,,,,,,,,,,,,,,,,,,,,,,,,,,,,,,,,,,,,,,,,,,,,,,,,,,,,,,,,,,,,,,,,,,,,,,,,,,,,,,,,,,,,,,,,,,,,,,,,,,,,,,,,,,,,,,,,,,,,,,,,,,,,,,,,,,,,,,,,,,,,,,,,,,,
yuu,Graded (No Uma Restrictions),"Win A finals with ""oshi"" uma",I accept these terms,Day 4,Android - phone or tablet,$1-100,894,11-20 (roughly 2-3 per day),Discord - MooMooCord - https://discord.gg/Hc7cP9GB,4,,Mayano Top Gun (Wedding),Late Surger,Ace built for this CM before CM start in Unity Cup scenario,UG (or higher),2,,1,,3,,,,,Silence Suzuka,Runaway,Blocker/Overtake target/Throwaway/Niche role,A (or lower),,,,,,,,,,Fine Motion (Wedding),Pace Chaser,Ace built for this CM before CM start in Unity Cup scenario,SS,2,,,1,3,,,,,4 Attempts - 20 Races total,15,Go to Submit page,,,,,,,,,,,,,,,,,,,,Re-use Day 1 - Team Comp 1 as Day 2 - Team Comp 1,,,,,,,,,,,,,4 Attempts - 20 Races total,15,Go to Submit page,,,,,,,,,,,,,,,,,,Re-use Day 2 - Team Comp 1 as Day 3 - Team Comp 1,A Group,,,,,,,,,,,,,4 Attempts - 20 Races total,13,Go to Submit page,,,,,,,,,,,,,,,,,,Re-use Day 3 - Team Comp 1 as Day 4 - Team Comp 1,A Group,,,,,,,,,,,,,4 Attempts - 20 Races total,10,Go to Submit page,,,,,,,,,,,,,,,,,,,,,,,,,,,,,,,,,,,,,,,,,,,,,,,,,,,
zazor701,Graded (No Uma Restrictions),Get into A finals,I accept these terms,Finals,Android - phone or tablet,$1001-5000,602,6-10 (roughly 1 per day),Discord - MooMooCord - https://discord.gg/Hc7cP9GB,5,,Curren Chan (Wedding),Pace Chaser,Ace built for this CM before CM start in Unity Cup scenario,SS,2,0,2,0,2,0,0,,,Taiki Shuttle,Pace Chaser,Ace built for this CM before CM start in Unity Cup scenario,UG (or higher),2,0,2,0,2,0,0,,,King Halo,Late Surger,Ace built for this CM before CM start in Unity Cup scenario,SS,2,0,1,0,3,0,0,,,4 Attempts - 20 Races total,14,Go to Submit page,,,,,,,,,,,,,,,,,,,,Re-use Day 1 - Team Comp 1 as Day 2 - Team Comp 1,,,,,,,,,,,,,4 Attempts - 20 Races total,10,Go to Submit page,,,,,,,,,,,,,,,,,,Re-use Day 2 - Team Comp 1 as Day 3 - Team Comp 1,A Group,,,,,,,,,,,,,4 Attempts - 20 Races total,5,Go to Submit page,,,,,,,,,,,,,,,,,,Add a new Team Comp as Day 4 - Team Comp 1,A Group,Curren Chan (Wedding),Pace Chaser,Mid-CM Ace build in Unity Cup scenario,SS,Taiki Shuttle,Pace Chaser,Ace built for this CM before CM start in Unity Cup scenario,UG (or higher),King Halo,Late Surger,Ace built for this CM before CM start in Unity Cup scenario,SS,4 Attempts - 20 Races total,11,Go to Submit page,,,,,,,,,,,,,,,,,,A Finals,10192,Re-use Day 4 - Team Comp 1 as Finals Team Comp,,,,,,,,,,https://drive.google.com/open?id=1zygcWYdYjzt5NLLsXnrjAD1OKDm2rxFz,2nd,No (goes to Submit page),,,,,,,,,,,,,,,,,,,
Martinik,Graded (No Uma Restrictions),"Win A finals with ""oshi"" uma",I accept these terms,Finals,"Android - phone or tablet, Windows",$501-1000,1612,21-30 (roughly 3-4 per day),Discord - MooMooCord - https://discord.gg/Hc7cP9GB,5,,Sweep Tosho,End Closer,Ace built for this CM before CM start in Unity Cup scenario,UG (or higher),2,,1,,3,,,,,Curren Chan (Wedding),Pace Chaser,Ace built for this CM before CM start in Unity Cup scenario,UG (or higher),2,,1,,3,,,,,Hishi Akebono,Pace Chaser,Ace built for this CM before CM start in Unity Cup scenario,UG (or higher),2,,1,,3,,,,,2 Attempts - 10 Races total,5,Go to Submit page,,,,,,,,,,,,,,,,,,,,Re-use Day 1 - Team Comp 1 as Day 2 - Team Comp 1,,,,,,,,,,,,,1 Attempt - 5 Races total,1,Day 2 - Add 2nd Team,Add new Team Comp as Day 2 - Team Comp 2,Silence Suzuka,Runaway,Ace built for this CM before CM start in Unity Cup scenario,UG (or higher),Sweep Tosho,End Closer,Ace built for this CM before CM start in Unity Cup scenario,UG (or higher),Curren Chan (Wedding),Pace Chaser,Ace built for this CM before CM start in Unity Cup scenario,UG (or higher),2 Attempts - 10 Races total,4,2 teams,Go to Submit page,Re-use Day 2 - Team Comp 2 as Day 3 - Team Comp 1,A Group,,,,,,,,,,,,,4 Attempts - 20 Races total,9,Go to Submit page,,,,,,,,,,,,,,,,,,Re-use Day 3 - Team Comp 1 as Day 4 - Team Comp 1,A Group,,,,,,,,,,,,,4 Attempts - 20 Races total,10,Go to Submit page,,,,,,,,,,,,,,,,,,A Finals,9261,Re-use Day 4 - Team Comp 1 as Finals Team Comp,,,,,,,,,,https://drive.google.com/open?id=11ME49_YpOfGG8btErSjGDKODBiW6X_xE,3rd,Yes,https://drive.google.com/open?id=1xreJ56ueu4ii2dZvwQJJPuFOWTPPwp_n,https://drive.google.com/open?id=1VPr5zfvfmTdmpjrvKtyvcYytJmVh_rFh,,,,,,,https://drive.google.com/open?id=1t_8cmK6OEAqLV4oTrvv86fvGON20CV0M,,,,,,,,,,
lordsavor,Graded (No Uma Restrictions),Win A finals with any uma,I accept these terms,Finals,Android - phone or tablet,$1-100,878,6-10 (roughly 1 per day),Discord - MooMooCord - https://discord.gg/Hc7cP9GB,5,,Oguri Cap,Pace Chaser,Ace built for this CM before CM start in Unity Cup scenario,UG (or higher),2,,1,,3,,,55,20,Taiki Shuttle,Pace Chaser,Ace built for this CM before CM start in Unity Cup scenario,SS,2,,1,,3,,,55,17,Nishino Flower,Pace Chaser,Ace built for this CM before CM start in Unity Cup scenario,SS+,2,,1,,3,,,55,12,4 Attempts - 20 Races total,14,Go to Submit page,,,,,,,,,,,,,,,,,,,,Re-use Day 1 - Team Comp 1 as Day 2 - Team Comp 1,,,,,,,,,,,,,4 Attempts - 20 Races total,11,Go to Submit page,,,,,,,,,,,,,,,,,,Re-use Day 2 - Team Comp 1 as Day 3 - Team Comp 1,A Group,,,,,,,,,,,,,4 Attempts - 20 Races total,9,Go to Submit page,,,,,,,,,,,,,,,,,,Re-use Day 3 - Team Comp 1 as Day 4 - Team Comp 1,A Group,,,,,,,,,,,,,4 Attempts - 20 Races total,13,Go to Submit page,,,,,,,,,,,,,,,,,,A Finals,12431,Re-use Day 4 - Team Comp 1 as Finals Team Comp,,,,,,,,,,https://drive.google.com/open?id=1Uox20Fie81VaTZVprzdPd9vbkRa30wdi,2nd,No (goes to Submit page),,,,,,,,,,,,,,,,,,,
MINENEMA,Graded (No Uma Restrictions),"Win A finals with ""oshi"" uma",I accept these terms,Finals,"Android - phone or tablet, Windows",$1-100,1443,21-30 (roughly 3-4 per day),"Discord - MooMooCord - https://discord.gg/Hc7cP9GB, YouTube - MooMooCows - https://www.youtube.com/@MooMooCows",4,,Tosen Jordan,Pace Chaser,Ace built for this CM before CM start in Unity Cup scenario,SS,2,0,1,0,3,0,0,,12,Kawakami Princess,Late Surger,Ace built for this CM before CM start in Unity Cup scenario,SS+,2,0,1,1,2,0,0,,13,Taiki Shuttle,Pace Chaser,Ace built for this CM before CM start in Unity Cup scenario,UG (or higher),1,0,0,1,4,0,0,,13,4 Attempts - 20 Races total,14,Go to Submit page,,,,,,,,,,,,,,,,,,,,Re-use Day 1 - Team Comp 1 as Day 2 - Team Comp 1,,,,,,,,,,,,,4 Attempts - 20 Races total,15,Go to Submit page,,,,,,,,,,,,,,,,,,Re-use Day 2 - Team Comp 1 as Day 3 - Team Comp 1,A Group,,,,,,,,,,,,,4 Attempts - 20 Races total,9,Go to Submit page,,,,,,,,,,,,,,,,,,Re-use Day 3 - Team Comp 1 as Day 4 - Team Comp 1,A Group,,,,,,,,,,,,,4 Attempts - 20 Races total,11,Go to Submit page,,,,,,,,,,,,,,,,,,A Finals,10791,Re-use Day 4 - Team Comp 1 as Finals Team Comp,,,,,,,,,,https://drive.google.com/open?id=1RVbgjtbr8BUOXYqegkXjGNXwTmdKPZgk,2nd,No (goes to Submit page),,,,,,,,,,,,,,,,,,,
BottlesMan,Graded (No Uma Restrictions),Get into A finals,I accept these terms,Finals,"Android - phone or tablet, Windows",$101-500,972,6-10 (roughly 1 per day),"Discord - MooMooCord - https://discord.gg/Hc7cP9GB, Twitch - MooMooCows - https://www.twitch.tv/moomoomoocows, YouTube - MooMooCows - https://www.youtube.com/@MooMooCows",4,,Silence Suzuka,Runaway,Ace built for this CM before CM start in Unity Cup scenario,SS,2,0,0,1,3,0,0,35,15,Taiki Shuttle,Pace Chaser,Ace built for this CM before CM start in Unity Cup scenario,SS+,2,0,1,1,2,0,0,36,14,King Halo,Late Surger,Ace built for this CM before CM start in Unity Cup scenario,SS+,2,0,1,0,3,0,0,50,15,4 Attempts - 20 Races total,11,Go to Submit page,,,,,,,,,,,,,,,,,,,,Re-use Day 1 - Team Comp 1 as Day 2 - Team Comp 1,,,,,,,,,,,,,4 Attempts - 20 Races total,16,Go to Submit page,,,,,,,,,,,,,,,,,,Re-use Day 2 - Team Comp 1 as Day 3 - Team Comp 1,A Group,,,,,,,,,,,,,4 Attempts - 20 Races total,7,Go to Submit page,,,,,,,,,,,,,,,,,,Re-use Day 3 - Team Comp 1 as Day 4 - Team Comp 1,A Group,,,,,,,,,,,,,4 Attempts - 20 Races total,11,Go to Submit page,,,,,,,,,,,,,,,,,,A Finals,11597,Re-use Day 4 - Team Comp 1 as Finals Team Comp,,,,,,,,,,https://drive.google.com/open?id=116tgf1JoKH2BtmPsYrpNC3SNJlcNrR5r,2nd,No (goes to Submit page),,,,,,,,,,,,,,,,,,,
MisterGiggles,Graded (No Uma Restrictions),Win A finals with any uma,I accept these terms,Day 3,Windows,$101-500,1556,11-20 (roughly 2-3 per day),,5,,Agnes Tachyon,Late Surger,Ace built for this CM before CM start in Unity Cup scenario,UG (or higher),3,,,,3,,,,,Oguri Cap,Pace Chaser,Ace built for this CM before CM start in Trackblazer scenario,SS+,1,,,3,2,,,55,39,Tokai Teio,Pace Chaser,Ace built for this CM before CM start in Unity Cup scenario,UG (or higher),2,,1,,2,1,,,,4 Attempts - 20 Races total,14,Go to Submit page,,,,,,,,,,,,,,,,,,,,Re-use Day 1 - Team Comp 1 as Day 2 - Team Comp 1,,,,,,,,,,,,,4 Attempts - 20 Races total,16,Go to Submit page,,,,,,,,,,,,,,,,,,Re-use Day 2 - Team Comp 1 as Day 3 - Team Comp 1,A Group,,,,,,,,,,,,,4 Attempts - 20 Races total,12,Day 4,,,,,,,,,,,,,,,,,,Re-use Day 3 - Team Comp 1 as Day 4 - Team Comp 1,A Group,,,,,,,,,,,,,4 Attempts - 20 Races total,16,Finals,,,,,,,,,,,,,,,,,,A Finals,11080,Re-use Day 4 - Team Comp 1 as Finals Team Comp,,,,,,,,,,https://drive.google.com/open?id=17kTGYEJz0XJGjtAzYUdB3PiLJCfCXrEl,1st,,,,,,,,,,,tachyon could have won without oguri in the way,https://drive.google.com/open?id=1TK849CW9Ux0h3ff4_uDAMoTuXJj0-JhC,https://drive.google.com/open?id=1gVXk9gfvhYcjTJzvse1_3m2M0oICt2Dr,,,,13,,2,https://drive.google.com/open?id=1hBEOQR3kyr9as23B3GFzfi8pS6S_U_Ei
Viy,Graded (No Uma Restrictions),"Win A finals with ""oshi"" uma",I accept these terms,Finals,Windows,Rather not say,1655,31-45 (roughly 5-6 per day),Discord - MooMooCord - https://discord.gg/Hc7cP9GB,5,,Air Groove (Wedding),Pace Chaser,Ace built for this CM before CM start in Unity Cup scenario,SS+,2,0,1,,3,0,0,50,19,Nishino Flower,Pace Chaser,Ace built for this CM before CM start in Unity Cup scenario,UG (or higher),2,0,1,0,3,0,0,50,19,Oguri Cap,Pace Chaser,Ace built for this CM before CM start in Unity Cup scenario,UG (or higher),2,0,1,0,3,0,0,45,20,4 Attempts - 20 Races total,17,Go to Submit page,,,,,,,,,,,,,,,,,,,,Re-use Day 1 - Team Comp 1 as Day 2 - Team Comp 1,,,,,,,,,,,,,4 Attempts - 20 Races total,18,Go to Submit page,,,,,,,,,,,,,,,,,,Re-use Day 2 - Team Comp 1 as Day 3 - Team Comp 1,A Group,,,,,,,,,,,,,4 Attempts - 20 Races total,13,Go to Submit page,,,,,,,,,,,,,,,,,,Re-use Day 3 - Team Comp 1 as Day 4 - Team Comp 1,A Group,,,,,,,,,,,,,4 Attempts - 20 Races total,11,Go to Submit page,,,,,,,,,,,,,,,,,,A Finals,8952,Re-use Day 4 - Team Comp 1 as Finals Team Comp,,,,,,,,,,,2nd,No (goes to Submit page),,,,,,,,,,,,,,,,,,,
skuchi4,Graded (No Uma Restrictions),Get into A finals,I accept these terms,Finals,"Android - phone or tablet, Windows",$501-1000,1235,21-30 (roughly 3-4 per day),Discord - MooMooCord - https://discord.gg/Hc7cP9GB,5,,Curren Chan (Wedding),Pace Chaser,Ace built for this CM before CM start in Unity Cup scenario,UG (or higher),2,0,2,0,2,0,0,53,21,Taiki Shuttle,Pace Chaser,Ace built for this CM before CM start in Unity Cup scenario,UG (or higher),2,0,1,1,2,0,0,53,23,Oguri Cap,Pace Chaser,Ace built for this CM before CM start in Unity Cup scenario,UG (or higher),2,0,1,0,2,0,1,53,20,4 Attempts - 20 Races total,13,Go to Submit page,,,,,,,,,,,,,,,,,,,,Re-use Day 1 - Team Comp 1 as Day 2 - Team Comp 1,,,,,,,,,,,,,4 Attempts - 20 Races total,16,Go to Submit page,,,,,,,,,,,,,,,,,,Re-use Day 2 - Team Comp 1 as Day 3 - Team Comp 1,A Group,,,,,,,,,,,,,4 Attempts - 20 Races total,12,Go to Submit page,,,,,,,,,,,,,,,,,,Re-use Day 3 - Team Comp 1 as Day 4 - Team Comp 1,A Group,,,,,,,,,,,,,4 Attempts - 20 Races total,10,Go to Submit page,,,,,,,,,,,,,,,,,,A Finals,12963,Re-use Day 4 - Team Comp 1 as Finals Team Comp,,,,,,,,,,https://drive.google.com/open?id=16eNU3Hc4KLOZ88S7IIqG1qqvt4RDFNMr,1st,,,,,,,,,,,This is just like Cinderella Gray,https://drive.google.com/open?id=1p48H46GSPw0LFI9rSkw5BWtiPg2SwzwV,https://drive.google.com/open?id=1PaaqptnoeNlXEWwmbTQIG9Lr-1kOyrKv,,5,0,8,0,3,https://drive.google.com/open?id=1kbASrXXG9gk4fE7tTIRlXGdtgNcYtuTV
Wultan,Graded (No Uma Restrictions),Win A finals with any uma,I accept these terms,Day 2,,$1-100,500,11-20 (roughly 2-3 per day),,5,,Hishi Amazon,End Closer,Ace built for this CM before CM start in Unity Cup scenario,SS+,3,,,1,2,,,41,26,Taiki Shuttle,Pace Chaser,Ace built for this CM before CM start in Unity Cup scenario,SS,2,,1,1,2,,,41,25,Nishino Flower,Pace Chaser,Ace built for this CM before CM start in Unity Cup scenario,SS+,2,,,1,2,,1,41,23,4 Attempts - 20 Races total,18,Go to Submit page,,,,,,,,,,,,,,,,,,,,Re-use Day 1 - Team Comp 1 as Day 2 - Team Comp 1,,,,,,,,,,,,,4 Attempts - 20 Races total,14,Day 3,,,,,,,,,,,,,,,,,,Re-use Day 2 - Team Comp 1 as Day 3 - Team Comp 1,A Group,,,,,,,,,,,,,4 Attempts - 20 Races total,11,Day 4,,,,,,,,,,,,,,,,,,Re-use Day 3 - Team Comp 1 as Day 4 - Team Comp 1,A Group,,,,,,,,,,,,,4 Attempts - 20 Races total,14,Finals,,,,,,,,,,,,,,,,,,A Finals,,Re-use Day 4 - Team Comp 1 as Finals Team Comp,,,,,,,,,,https://drive.google.com/open?id=1hwiUDRON_2RBMw9_V2te-R1obcPDXfdv,1st,,,,,,,,,,,,https://drive.google.com/open?id=1hmNPl61bP5r2mOcNDVCV4CCTMzkUk78c,https://drive.google.com/open?id=1ImetChe8BLmke4YCX1aqvIJBLHHpZxLN,,3,,8,,6,https://drive.google.com/open?id=1ANeF_f8YDtsmGikHlZB4HExMr3NU-Dm8
bowotan,Graded (No Uma Restrictions),"Win A finals with ""oshi"" uma",I accept these terms,Finals,"Android - phone or tablet, Windows",$501-1000,1774,21-30 (roughly 3-4 per day),Discord - MooMooCord - https://discord.gg/Hc7cP9GB,,,Mejiro Ardan,Pace Chaser,Ace built for this CM before CM start in Unity Cup scenario,SS+,2,,1,,3,,,,,Rice Shower (Halloween),Pace Chaser,Ace built for this CM before CM start in Unity Cup scenario,UG (or higher),2,,1,,3,,,,,Agnes Digital,Pace Chaser,Ace built for this CM before CM start in Unity Cup scenario,UG (or higher),2,,1,,3,,,,,4 Attempts - 20 Races total,17,Go to Submit page,,,,,,,,,,,,,,,,,,,,Re-use Day 1 - Team Comp 1 as Day 2 - Team Comp 1,,,,,,,,,,,,,4 Attempts - 20 Races total,15,Go to Submit page,,,,,,,,,,,,,,,,,,Re-use Day 2 - Team Comp 1 as Day 3 - Team Comp 1,A Group,,,,,,,,,,,,,4 Attempts - 20 Races total,15,Go to Submit page,,,,,,,,,,,,,,,,,,Re-use Day 3 - Team Comp 1 as Day 4 - Team Comp 1,A Group,,,,,,,,,,,,,4 Attempts - 20 Races total,11,Go to Submit page,,,,,,,,,,,,,,,,,,A Finals,7735,Re-use Day 4 - Team Comp 1 as Finals Team Comp,,,,,,,,,,https://drive.google.com/open?id=1UYriL56-ouBjGJaoxDIvqR81TBpVwK2x,2nd,No (goes to Submit page),,,,,,,,,,,,,,,,,,,
Caesar_SPQR,Graded (No Uma Restrictions),Win A finals with any uma,I accept these terms,Finals,Windows,$101-500,960,21-30 (roughly 3-4 per day),Discord - MooMooCord - https://discord.gg/Hc7cP9GB,,,Special Week,Pace Chaser,Ace built for this CM before CM start in Unity Cup scenario,SS+,2,,,1,3,,,,,Oguri Cap,Pace Chaser,Ace built for this CM before CM start in Unity Cup scenario,SS,2,,,1,3,,,,,Taiki Shuttle,Pace Chaser,Ace built for this CM before CM start in Unity Cup scenario,SS,2,,,1,3,,,,,4 Attempts - 20 Races total,15,Go to Submit page,,,,,,,,,,,,,,,,,,,,Re-use Day 1 - Team Comp 1 as Day 2 - Team Comp 1,,,,,,,,,,,,,4 Attempts - 20 Races total,13,Go to Submit page,,,,,,,,,,,,,,,,,,Re-use Day 2 - Team Comp 1 as Day 3 - Team Comp 1,A Group,,,,,,,,,,,,,4 Attempts - 20 Races total,15,Go to Submit page,,,,,,,,,,,,,,,,,,Re-use Day 3 - Team Comp 1 as Day 4 - Team Comp 1,A Group,,,,,,,,,,,,,4 Attempts - 20 Races total,13,Go to Submit page,,,,,,,,,,,,,,,,,,A Finals,12306,Re-use Day 4 - Team Comp 1 as Finals Team Comp,,,,,,,,,,https://drive.google.com/open?id=12SBKifW7Sk453anzO7fuK5u2ukeZ1VmW,1st,,,,,,,,,,,,https://drive.google.com/open?id=1FD2eCMb1PZcfbG1chydLBB8r8z40dpXZ,https://drive.google.com/open?id=1OtSrhcNhOeM_HMKuCpkymBN6SDIr03Is,,2,,6,,6,https://drive.google.com/open?id=1EncOTqMNwiD6REnN0dKcgmHAmYv8CkLv
Kyosu,Graded (No Uma Restrictions),Get into A finals,I accept these terms,Finals,"Android - phone or tablet, Windows",$101-500,1141,11-20 (roughly 2-3 per day),"Discord - MooMooCord - https://discord.gg/Hc7cP9GB, Twitch - MooMooCows - https://www.twitch.tv/moomoomoocows, YouTube - MooMooCows - https://www.youtube.com/@MooMooCows",5,,Air Groove,Pace Chaser,Ace built for this CM before CM start in Unity Cup scenario,UG (or higher),2,,1,,3,,,,12,Oguri Cap,Pace Chaser,Ace built for this CM before CM start in Unity Cup scenario,UG (or higher),2,,1,,3,,,,15,Taiki Shuttle,Pace Chaser,Ace built for this CM before CM start in Unity Cup scenario,UG (or higher),1,,,3,2,,,,12,4 Attempts - 20 Races total,19,Go to Submit page,,,,,,,,,,,,,,,,,,,,Re-use Day 1 - Team Comp 1 as Day 2 - Team Comp 1,,,,,,,,,,,,,4 Attempts - 20 Races total,13,Go to Submit page,,,,,,,,,,,,,,,,,,Re-use Day 2 - Team Comp 1 as Day 3 - Team Comp 1,A Group,,,,,,,,,,,,,4 Attempts - 20 Races total,11,Go to Submit page,,,,,,,,,,,,,,,,,,Re-use Day 3 - Team Comp 1 as Day 4 - Team Comp 1,A Group,,,,,,,,,,,,,4 Attempts - 20 Races total,18,Go to Submit page,,,,,,,,,,,,,,,,,,A Finals,14070,Re-use Day 4 - Team Comp 1 as Finals Team Comp,,,,,,,,,,https://drive.google.com/open?id=1RT2mU3jbhogrguwA0dFsXlyVjWK5BjHn,1st,,,,,,,,,,,,https://drive.google.com/open?id=10SI6XE8kaIMJ0BBM3L5UdR1cTL5wBZln,https://drive.google.com/open?id=1wsxZIKNPtLzNlsNXuVZ_EsS89NOeW4kH,,,,16,,,https://drive.google.com/open?id=1wYOeVrQJViMucgmBui4yq7zKGsqh3w02
Linh124,Graded (No Uma Restrictions),Win A finals with any uma,I accept these terms,Finals,Windows,$1-100,,31-45 (roughly 5-6 per day),Discord - MooMooCord - https://discord.gg/Hc7cP9GB,,,Taiki Shuttle (Camping),Pace Chaser,Ace built for this CM before CM start in Unity Cup scenario,UG (or higher),2,0,0,0,3,1,0,,19,Nishino Flower,Pace Chaser,Ace built for this CM before CM start in Unity Cup scenario,UG (or higher),1,0,0,1,3,1,0,,18,Curren Chan,Pace Chaser,Ace built for this CM before CM start in Unity Cup scenario,UG (or higher),1,0,0,1,3,1,0,,16,4 Attempts - 20 Races total,16,Day 2,,,,,,,,,,,,,,,,,,,,Re-use Day 1 - Team Comp 1 as Day 2 - Team Comp 1,,,,,,,,,,,,,4 Attempts - 20 Races total,13,Go to Submit page,,,,,,,,,,,,,,,,,,Re-use Day 2 - Team Comp 1 as Day 3 - Team Comp 1,A Group,,,,,,,,,,,,,4 Attempts - 20 Races total,12,Go to Submit page,,,,,,,,,,,,,,,,,,Re-use Day 3 - Team Comp 1 as Day 4 - Team Comp 1,A Group,,,,,,,,,,,,,4 Attempts - 20 Races total,13,Go to Submit page,,,,,,,,,,,,,,,,,,A Finals,10695,Re-use Day 4 - Team Comp 1 as Finals Team Comp,,,,,,,,,,https://drive.google.com/open?id=1-ZMucey3ATAwJtbc9mFwTR-Df870PobG,1st,,,,,,,,,,,,https://drive.google.com/open?id=1rEpRor0fDQbs7eI4gQOCYXD7BDDmQjxm,https://drive.google.com/open?id=1a1x9UN-ANYIO5hVe-KGHKBE0jJeIPcmI,,0,0,11,3,0,https://drive.google.com/open?id=1py-HbEdudUuwLz-dJLiInN8zg5p4W8T-
wife＠ライスシャワー脚香香,Graded (No Uma Restrictions),"Win A finals with ""oshi"" uma",I accept these terms,Finals,"Android - phone or tablet, Windows",$1-100,1100,21-30 (roughly 3-4 per day),Discord - MooMooCord - https://discord.gg/Hc7cP9GB,5,,Rice Shower,Pace Chaser,Ace built for this CM before CM start in Trackblazer scenario,UG (or higher),1,,,3,2,,,65,39,Agnes Digital,Pace Chaser,Ace built for this CM before CM start in Trackblazer scenario,UG (or higher),1,,,3,2,,,65,43,Curren Chan (Wedding),Pace Chaser,Ace built for this CM before CM start in Unity Cup scenario,SS+,2,,,1,3,,,55,18,4 Attempts - 20 Races total,17,Go to Submit page,,,,,,,,,,,,,,,,,,,,Re-use Day 1 - Team Comp 1 as Day 2 - Team Comp 1,,,,,,,,,,,,,4 Attempts - 20 Races total,13,Go to Submit page,,,,,,,,,,,,,,,,,,Re-use Day 2 - Team Comp 1 as Day 3 - Team Comp 1,A Group,,,,,,,,,,,,,4 Attempts - 20 Races total,16,Go to Submit page,,,,,,,,,,,,,,,,,,Re-use Day 3 - Team Comp 1 as Day 4 - Team Comp 1,A Group,,,,,,,,,,,,,4 Attempts - 20 Races total,10,Go to Submit page,,,,,,,,,,,,,,,,,,A Finals,10187,Re-use Day 4 - Team Comp 1 as Finals Team Comp,,,,,,,,,,https://drive.google.com/open?id=1wA1j1hSsbLSeOp_HFpeA5eBt1x1Ei4sN,1st,,,,,,,,,,,I larp rice shower,https://drive.google.com/open?id=1ppXST1qvVWa6gDHXiqLwh-C8EZSE0RuV,https://drive.google.com/open?id=1-0XeZKNh7J8USiY6ktHNYlL8XysYY2cJ,,,,15,,,https://drive.google.com/open?id=1eClw4QZWlXCRhBN3NoQluQk-aIrZhod3
Lawlypop,Graded (No Uma Restrictions),Get into A finals,I accept these terms,Finals,,$101-500,1895,21-30 (roughly 3-4 per day),YouTube - MooMooCows - https://www.youtube.com/@MooMooCows,4,,Mayano Top Gun (Wedding),Pace Chaser,Ace built for this CM before CM start in Unity Cup scenario,UG (or higher),2,,1,,2,,1,60,15,Taiki Shuttle (Camping),Pace Chaser,Ace built for this CM before CM start in Unity Cup scenario,UG (or higher),3,,,,2,,1,55,16,Gold Ship (Summer),Pace Chaser,Ace built for this CM before CM start in Unity Cup scenario,SS+,2,,1,,2,1,,45,13,4 Attempts - 20 Races total,17,Go to Submit page,,,,,,,,,,,,,,,,,,,,Re-use Day 1 - Team Comp 1 as Day 2 - Team Comp 1,,,,,,,,,,,,,4 Attempts - 20 Races total,16,Go to Submit page,,,,,,,,,,,,,,,,,,Re-use Day 2 - Team Comp 1 as Day 3 - Team Comp 1,A Group,,,,,,,,,,,,,4 Attempts - 20 Races total,13,Go to Submit page,,,,,,,,,,,,,,,,,,Re-use Day 3 - Team Comp 1 as Day 4 - Team Comp 1,A Group,,,,,,,,,,,,,4 Attempts - 20 Races total,8,Go to Submit page,,,,,,,,,,,,,,,,,,A Finals,11724,Re-use Day 4 - Team Comp 1 as Finals Team Comp,,,,,,,,,,,2nd,No (goes to Submit page),,,,,,,,,,,,,,,,,,,
xAlse,Graded (No Uma Restrictions),Win A finals with any uma,I accept these terms,Day 4,Windows,$0,1026,6-10 (roughly 1 per day),Discord - MooMooCord - https://discord.gg/Hc7cP9GB,5,give freebies or carats for participants,Oguri Cap,Pace Chaser,Ace built for this CM before CM start in Unity Cup scenario,UG (or higher),2,0,1,0,3,0,0,50,,Taiki Shuttle,Pace Chaser,Ace built for this CM before CM start in Unity Cup scenario,UG (or higher),2,0,1,0,3,0,0,40,,Nishino Flower,Pace Chaser,Ace built for this CM before CM start in Unity Cup scenario,SS,2,0,1,0,3,0,0,40,,4 Attempts - 20 Races total,13,Go to Submit page,,,,,,,,,,,,,,,,,,,,Re-use Day 1 - Team Comp 1 as Day 2 - Team Comp 1,,,,,,,,,,,,,4 Attempts - 20 Races total,15,Go to Submit page,,,,,,,,,,,,,,,,,,Re-use Day 2 - Team Comp 1 as Day 3 - Team Comp 1,A Group,,,,,,,,,,,,,4 Attempts - 20 Races total,13,Go to Submit page,,,,,,,,,,,,,,,,,,Re-use Day 3 - Team Comp 1 as Day 4 - Team Comp 1,A Group,,,,,,,,,,,,,4 Attempts - 20 Races total,13,Finals,,,,,,,,,,,,,,,,,,A Finals,13036,Re-use Day 4 - Team Comp 1 as Finals Team Comp,,,,,,,,,,https://drive.google.com/open?id=1yq_3bV1bn54kIUt3ywpGA008PKt9tkBu,1st,,,,,,,,,,,,https://drive.google.com/open?id=1nyJA08gr_8h2VSk_XIXuVbo-hUT0SHa-,https://drive.google.com/open?id=1xAKuUVcRefYtN_FL3Ek4JtFbez1CXQHA,,15,,,1,,https://drive.google.com/open?id=1vwlAtqoFxKk4aee3tdchG3LwYSG8N9jJ
robo,Graded (No Uma Restrictions),"Win A finals with ""oshi"" uma",I accept these terms,Day 3,,$501-1000,2000,31-45 (roughly 5-6 per day),,,buh cing 7,Gold Ship (Summer),End Closer,Ace built for this CM before CM start in Unity Cup scenario,UG (or higher),,,,,,,,,,Oguri Cap,Pace Chaser,Ace built for this CM before CM start in Trackblazer scenario,UG (or higher),,,,,,,,,,Taiki Shuttle,Pace Chaser,Ace built for this CM before CM start in Unity Cup scenario,UG (or higher),,,,,,,,,,4 Attempts - 20 Races total,14,Go to Submit page,,,,,,,,,,,,,,,,,,,,Re-use Day 1 - Team Comp 1 as Day 2 - Team Comp 1,,,,,,,,,,,,,4 Attempts - 20 Races total,16,Go to Submit page,,,,,,,,,,,,,,,,,,Re-use Day 2 - Team Comp 1 as Day 3 - Team Comp 1,A Group,,,,,,,,,,,,,4 Attempts - 20 Races total,10,Day 4,,,,,,,,,,,,,,,,,,Add a new Team Comp as Day 4 - Team Comp 1,A Group,Gold Ship (Summer),End Closer,Ace built for this CM before CM start in Unity Cup scenario,UG (or higher),Eishin Flash (Valentine),End Closer,Debuffer,A+,Grass Wonder,End Closer,Debuffer,A+,4 Attempts - 20 Races total,12,Finals,,,,,,,,,,,,,,,,,,A Finals,7619,Re-use Day 4 - Team Comp 1 as Finals Team Comp,,,,,,,,,,https://drive.google.com/open?id=1TWjRM-EDEz6LErrQLGfKuQKxdTJuRcOi,1st,,,,,,,,,,,i feel it in my bones,https://drive.google.com/open?id=1f4xj4YKv92-hZqjgbuKPf2KmeD16ixlN,,,,,,,,https://drive.google.com/open?id=1TnKr8YJx8Ii50g-sVk_3EdCQACj9AQtV
OverzealouSloth,Graded (No Uma Restrictions),Win A finals with any uma,I accept these terms,Day 2,"Android - phone or tablet, Windows",$101-500,1221,6-10 (roughly 1 per day),"Twitch - MooMooCows - https://www.twitch.tv/moomoomoocows, YouTube - MooMooCows - https://www.youtube.com/@MooMooCows",5,,Mejiro Ryan,Late Surger,Ace built for this CM before CM start in Unity Cup scenario,UG (or higher),2,,1,,2,,1,,,Nishino Flower,Pace Chaser,Ace built for this CM before CM start in Unity Cup scenario,UG (or higher),3,,,,3,,,,,Taiki Shuttle,Pace Chaser,Ace built for this CM before CM start in Unity Cup scenario,UG (or higher),2,,1,,3,,,,,4 Attempts - 20 Races total,14,Go to Submit page,,,,,,,,,,,,,,,,,,,,Add new Team Comp as Day 2 - Team Comp 1,Curren Chan (Wedding),Pace Chaser,Mid-CM Ace build in Unity Cup scenario,UG (or higher),Nishino Flower,Pace Chaser,Ace built for this CM before CM start in Unity Cup scenario,UG (or higher),Taiki Shuttle,Pace Chaser,Ace built for this CM before CM start in Unity Cup scenario,UG (or higher),4 Attempts - 20 Races total,15,Go to Submit page,,,,,,,,,,,,,,,,,,,,,,,,,,,,,,,,,,,,,,,,,,,,,,,,,,,,,,,,,,,,,,,,,,,,,,,,,,,,,,,,,,,,,,,,,,,,,,,,,,,,,,,,,,,,,,,,,,,,,,,
Tiypo,Graded (No Uma Restrictions),Get into A finals,I accept these terms,Day 2,"Android - phone or tablet, Windows",$101-500,,11-20 (roughly 2-3 per day),Discord - MooMooCord - https://discord.gg/Hc7cP9GB,5,,Narita Taishin,End Closer,Ace built for this CM before CM start in Unity Cup scenario,UG (or higher),2,0,1,0,3,0,0,,,Mihono Bourbon (Valentine),Front Runner,Ace built for this CM before CM start in Unity Cup scenario,SS,2,0,1,0,2,1,0,,,Silence Suzuka,Runaway,Blocker/Overtake target/Throwaway/Niche role,SS,1,0,1,0,4,0,0,,,4 Attempts - 20 Races total,9,Go to Submit page,,,,,,,,,,,,,,,,,,,,Re-use Day 1 - Team Comp 1 as Day 2 - Team Comp 1,,,,,,,,,,,,,4 Attempts - 20 Races total,9,Day 3,,,,,,,,,,,,,,,,,,Re-use Day 2 - Team Comp 1 as Day 3 - Team Comp 1,A Group,,,,,,,,,,,,,4 Attempts - 20 Races total,7,Day 4,,,,,,,,,,,,,,,,,,Re-use Day 3 - Team Comp 1 as Day 4 - Team Comp 1,A Group,,,,,,,,,,,,,4 Attempts - 20 Races total,4,Go to Submit page,,,,,,,,,,,,,,,,,,,,,,,,,,,,,,,,,,,,,,,,,,,,,,,,,,,
megamelon999,Graded (No Uma Restrictions),Win A finals with any uma,I accept these terms,Finals,"Android - phone or tablet, Windows",$1-100,710,6-10 (roughly 1 per day),Discord - MooMooCord - https://discord.gg/Hc7cP9GB,,,Taiki Shuttle,Pace Chaser,Ace built for this CM before CM start in Unity Cup scenario,UG (or higher),1,0,0,2,3,0,0,,,Curren Chan,Pace Chaser,Ace built for this CM before CM start in Unity Cup scenario,SS+,2,0,0,2,2,0,0,,,Sakura Bakushin O,Pace Chaser,Ace built for this CM before CM start in Unity Cup scenario,UG (or higher),2,0,0,2,2,0,0,,,4 Attempts - 20 Races total,10,Go to Submit page,,,,,,,,,,,,,,,,,,,,Re-use Day 1 - Team Comp 1 as Day 2 - Team Comp 1,,,,,,,,,,,,,4 Attempts - 20 Races total,13,Go to Submit page,,,,,,,,,,,,,,,,,,,,,,,,,,,,,,,,,,,,,,,,,,,,,,,,,,,,Re-use Day 3 - Team Comp 1 as Day 4 - Team Comp 1,A Group,,,,,,,,,,,,,4 Attempts - 20 Races total,9,Go to Submit page,,,,,,,,,,,,,,,,,,A Finals,,Re-use Day 4 - Team Comp 1 as Finals Team Comp,,,,,,,,,,,2nd,No (goes to Submit page),,,,,,,,,,,,,,,,,,,
Sirrah,Graded (No Uma Restrictions),Get into A finals,I accept these terms,Finals,Windows,$1-100,895,11-20 (roughly 2-3 per day),Discord - MooMooCord - https://discord.gg/Hc7cP9GB,,,Nishino Flower,Pace Chaser,Ace built for this CM before CM start in Unity Cup scenario,SS,3,0,1,0,2,0,0,,12,Taiki Shuttle,Pace Chaser,Ace built for this CM before CM start in Trackblazer scenario,SS,2,0,2,0,2,0,0,55,37,Sakura Bakushin O,Pace Chaser,Ace built for this CM before CM start in Unity Cup scenario,SS+,3,0,0,0,3,0,0,,14,4 Attempts - 20 Races total,8,Go to Submit page,,,,,,,,,,,,,,,,,,,,Re-use Day 1 - Team Comp 1 as Day 2 - Team Comp 1,,,,,,,,,,,,,4 Attempts - 20 Races total,7,Go to Submit page,,,,,,,,,,,,,,,,,,Re-use Day 2 - Team Comp 1 as Day 3 - Team Comp 1,A Group,,,,,,,,,,,,,4 Attempts - 20 Races total,4,Go to Submit page,,,,,,,,,,,,,,,,,,Re-use Day 3 - Team Comp 1 as Day 4 - Team Comp 1,A Group,,,,,,,,,,,,,4 Attempts - 20 Races total,11,Go to Submit page,,,,,,,,,,,,,,,,,,A Finals,9160,Re-use Day 4 - Team Comp 1 as Finals Team Comp,,,,,,,,,,https://drive.google.com/open?id=1TmWRNP0jAqb1JXZWS-VKiunWqVT8jDSx,2nd,No (goes to Submit page),,,,,,,,,,,,,,,,,,,
TheToad,Graded (No Uma Restrictions),Win A finals with any uma,I accept these terms,Finals,Windows,$1-100,1225,11-20 (roughly 2-3 per day),Discord - MooMooCord - https://discord.gg/Hc7cP9GB,5,,Oguri Cap,Pace Chaser,Ace built for this CM before CM start in Trackblazer scenario,SS+,1,,3,,2,,,65,40,Taiki Shuttle,Pace Chaser,Ace built for this CM before CM start in Unity Cup scenario,UG (or higher),1,,,2,3,,,30,20,Nishino Flower,Pace Chaser,Ace built for this CM before CM start in Unity Cup scenario,UG (or higher),2,,,1,3,,,17,15,4 Attempts - 20 Races total,18,Go to Submit page,,,,,,,,,,,,,,,,,,,,Re-use Day 1 - Team Comp 1 as Day 2 - Team Comp 1,,,,,,,,,,,,,4 Attempts - 20 Races total,19,Go to Submit page,,,,,,,,,,,,,,,,,,Re-use Day 2 - Team Comp 1 as Day 3 - Team Comp 1,A Group,,,,,,,,,,,,,4 Attempts - 20 Races total,16,Go to Submit page,,,,,,,,,,,,,,,,,,Re-use Day 3 - Team Comp 1 as Day 4 - Team Comp 1,A Group,,,,,,,,,,,,,4 Attempts - 20 Races total,14,Go to Submit page,,,,,,,,,,,,,,,,,,A Finals,11120,Re-use Day 4 - Team Comp 1 as Finals Team Comp,,,,,,,,,,https://drive.google.com/open?id=19-CLhtIFEv_xtBB2NUtRtaxJUOjj_psQ,1st,,,,,,,,,,,"Oguri, everyone's oshi, ended my losing streak and finally got me a win after 3 lost finals in a row!",https://drive.google.com/open?id=11cosmUwi_gGjnnCF-b5rQmSiBiNS7Odb,https://drive.google.com/open?id=1XVgBEPO4kbwyEJzbE-fMCB8hV-hbHhUe,,3,,13,,,https://drive.google.com/open?id=1iqK0nFet5xo7c8Bd01X2825XkIG54Ae5
Zimpel,Graded (No Uma Restrictions),Win A finals with any uma,I accept these terms,Day 3,Windows,$1-100,1312,11-20 (roughly 2-3 per day),"Twitch - MooMooCows - https://www.twitch.tv/moomoomoocows, YouTube - MooMooCows - https://www.youtube.com/@MooMooCows",5,,Oguri Cap,Pace Chaser,Ace built for this CM before CM start in Unity Cup scenario,UG (or higher),2,0,0,0,4,0,0,,,Air Groove,Late Surger,Ace built for this CM before CM start in Unity Cup scenario,UG (or higher),2,0,0,0,4,0,0,,,Satono Diamond,Late Surger,Ace built for this CM before CM start in Unity Cup scenario,SS,2,0,2,0,2,0,0,,,4 Attempts - 20 Races total,13,Go to Submit page,,,,,,,,,,,,,,,,,,,,Re-use Day 1 - Team Comp 1 as Day 2 - Team Comp 1,,,,,,,,,,,,,4 Attempts - 20 Races total,9,Go to Submit page,,,,,,,,,,,,,,,,,,Re-use Day 2 - Team Comp 1 as Day 3 - Team Comp 1,A Group,,,,,,,,,,,,,4 Attempts - 20 Races total,10,Go to Submit page,,,,,,,,,,,,,,,,,,Re-use Day 3 - Team Comp 1 as Day 4 - Team Comp 1,A Group,,,,,,,,,,,,,4 Attempts - 20 Races total,8,Go to Submit page,,,,,,,,,,,,,,,,,,,,,,,,,,,,,,,,,,,,,,,,,,,,,,,,,,,
Herodotus,Graded (No Uma Restrictions),"Win A finals with ""oshi"" uma",I accept these terms,Finals,Android - phone or tablet,$101-500,1548,11-20 (roughly 2-3 per day),Discord - MooMooCord - https://discord.gg/Hc7cP9GB,,,Taiki Shuttle,Pace Chaser,Ace built for this CM before CM start in Unity Cup scenario,SS,2,0,0,2,2,0,0,,,Oguri Cap,Pace Chaser,Ace built for this CM before CM start in Unity Cup scenario,SS,2,0,1,0,3,0,0,,,Manhattan Cafe,Pace Chaser,Ace built for this CM before CM start in Unity Cup scenario,SS+,2,0,1,0,3,0,0,,,4 Attempts - 20 Races total,13,Go to Submit page,,,,,,,,,,,,,,,,,,,,Re-use Day 1 - Team Comp 1 as Day 2 - Team Comp 1,,,,,,,,,,,,,4 Attempts - 20 Races total,13,Go to Submit page,,,,,,,,,,,,,,,,,,Re-use Day 2 - Team Comp 1 as Day 3 - Team Comp 1,A Group,,,,,,,,,,,,,4 Attempts - 20 Races total,9,Go to Submit page,,,,,,,,,,,,,,,,,,Add a new Team Comp as Day 4 - Team Comp 1,A Group,Taiki Shuttle,Pace Chaser,Ace built for this CM before CM start in Unity Cup scenario,SS,Symboli Rudolf,Late Surger,Debuffer,SS,Manhattan Cafe,Pace Chaser,Ace built for this CM before CM start in Unity Cup scenario,SS+,4 Attempts - 20 Races total,5,Go to Submit page,,,,,,,,,,,,,,,,,,A Finals,6146,Add new Team Comp as Finals Team Comp,Symboli Rudolf,Late Surger,Debuffer,Eishin Flash (Valentine),Late Surger,Debuffer,Manhattan Cafe,Pace Chaser,Ace built for this CM before CM start in Unity Cup scenario,,2nd,No (goes to Submit page),,,,,,,,,,,,,,,,,,,
Tiger,Graded (No Uma Restrictions),Win A finals with any uma,I accept these terms,Finals,Android - phone or tablet,$101-500,1180,11-20 (roughly 2-3 per day),Discord - MooMooCord - https://discord.gg/Hc7cP9GB,5,,Gold City (Festival),Late Surger,Ace built for this CM before CM start in Unity Cup scenario,UG (or higher),2,0,1,0,3,0,0,57,20,Oguri Cap,Late Surger,Ace built for this CM before CM start in Unity Cup scenario,SS+,2,0,1,0,3,0,0,57,14,Curren Chan (Wedding),Pace Chaser,Ace built for this CM before CM start in Unity Cup scenario,UG (or higher),2,0,1,0,3,,,55,16,2 Attempts - 10 Races total,7,Day 1 - Add 2nd Team,Gold City,Late Surger,Ace built for this CM before CM start in Unity Cup scenario,UG (or higher),57,Symboli Rudolf,Late Surger,Ace built for this CM before CM start in Unity Cup scenario,SS+,57,Taiki Shuttle,Pace Chaser,Ace built for this CM before CM start in Unity Cup scenario,UG (or higher),57,2 Attempts - 10 Races total,8,2 teams,Go to Submit page,Add new Team Comp as Day 2 - Team Comp 1,Gold City,Late Surger,Ace built for this CM before CM start in Unity Cup scenario,UG (or higher),Taiki Shuttle,Pace Chaser,Ace built for this CM before CM start in Unity Cup scenario,UG (or higher),Oguri Cap,Late Surger,Ace built for this CM before CM start in Unity Cup scenario,SS+,2 Attempts - 10 Races total,8,Day 2 - Add 2nd Team,Add new Team Comp as Day 2 - Team Comp 2,Gold City,Late Surger,Ace built for this CM before CM start in Unity Cup scenario,UG (or higher),Curren Chan (Wedding),Pace Chaser,Ace built for this CM before CM start in Unity Cup scenario,UG (or higher),Oguri Cap,Late Surger,Ace built for this CM before CM start in Unity Cup scenario,SS+,2 Attempts - 10 Races total,7,2 teams,Go to Submit page,Re-use Day 2 - Team Comp 2 as Day 3 - Team Comp 1,A Group,,,,,,,,,,,,,4 Attempts - 20 Races total,13,Go to Submit page,,,,,,,,,,,,,,,,,,Re-use Day 3 - Team Comp 1 as Day 4 - Team Comp 1,A Group,,,,,,,,,,,,,2 Attempts - 10 Races total,5,Day 4 - Add 2nd team,Add new Team Comp as Day 4 - Team Comp 2,Gold City,Late Surger,Ace built for this CM before CM start in Unity Cup scenario,UG (or higher),Symboli Rudolf,Late Surger,Ace built for this CM before CM start in Unity Cup scenario,SS+,Oguri Cap,Late Surger,Ace built for this CM before CM start in Unity Cup scenario,SS+,2 Attempts - 10 Races total,5,2 teams,Go to Submit page,A Finals,8507,Re-use Day 4 - Team Comp 1 as Finals Team Comp,,,,,,,,,,https://drive.google.com/open?id=19McVtf6XAa-If6tbOA_9049aZO_z-9S7,1st,,,,,,,,,,,,https://drive.google.com/open?id=1c6DtpFerEnIW9xz5sletWKwqD1mb_gY9,https://drive.google.com/open?id=1L_tItlcXhzF37IBkGRcbsBlqXWaeFvax,,3,2,7,3,0,https://drive.google.com/open?id=1whqDOl7ktFk-vh7t5t1Awoz0cv5z5rRG
Mono,Graded (No Uma Restrictions),Get into A finals,I accept these terms,Finals,Windows,$1-100,1924,31-45 (roughly 5-6 per day),,3,,Taiki Shuttle,Pace Chaser,Ace built for this CM before CM start in Unity Cup scenario,UG (or higher),2,,,1,3,,,40,16,Nishino Flower,Pace Chaser,Ace built for this CM before CM start in Unity Cup scenario,SS,2,,,1,3,,,40,14,Oguri Cap,Pace Chaser,Ace built for this CM before CM start in Unity Cup scenario,UG (or higher),2,,,1,3,,,40,14,4 Attempts - 20 Races total,12,Go to Submit page,,,,,,,,,,,,,,,,,,,,Re-use Day 1 - Team Comp 1 as Day 2 - Team Comp 1,,,,,,,,,,,,,4 Attempts - 20 Races total,9,Day 3,,,,,,,,,,,,,,,,,,Re-use Day 2 - Team Comp 1 as Day 3 - Team Comp 1,A Group,,,,,,,,,,,,,4 Attempts - 20 Races total,4,Go to Submit page,,,,,,,,,,,,,,,,,,Re-use Day 3 - Team Comp 1 as Day 4 - Team Comp 1,A Group,,,,,,,,,,,,,4 Attempts - 20 Races total,8,Go to Submit page,,,,,,,,,,,,,,,,,,A Finals,7567,Re-use Day 4 - Team Comp 1 as Finals Team Comp,,,,,,,,,,https://drive.google.com/open?id=11Er-cAZLDo3mpNTKcLF8ASaMoYMlXWA-,2nd,No (goes to Submit page),,,,,,,,,,,,,,,,,,,
pete,Graded (No Uma Restrictions),Get into A finals,I accept these terms,Finals,"Android - phone or tablet, Windows",$101-500,483,21-30 (roughly 3-4 per day),Discord - MooMooCord - https://discord.gg/Hc7cP9GB,4,,Curren Chan (Wedding),Pace Chaser,Ace built for this CM before CM start in Unity Cup scenario,SS,2,0,1,0,3,0,0,28,17,Taiki Shuttle (Camping),Pace Chaser,Ace built for this CM before CM start in Unity Cup scenario,UG (or higher),3,0,0,0,3,0,0,38,13,Oguri Cap,Pace Chaser,Ace built for Team Trials,SS,2,0,1,,3,0,0,28,16,4 Attempts - 20 Races total,15,Go to Submit page,,,,,,,,,,,,,,,,,,,,Re-use Day 1 - Team Comp 1 as Day 2 - Team Comp 1,,,,,,,,,,,,,4 Attempts - 20 Races total,14,Go to Submit page,,,,,,,,,,,,,,,,,,Re-use Day 2 - Team Comp 1 as Day 3 - Team Comp 1,A Group,,,,,,,,,,,,,4 Attempts - 20 Races total,10,Go to Submit page,,,,,,,,,,,,,,,,,,Re-use Day 3 - Team Comp 1 as Day 4 - Team Comp 1,A Group,,,,,,,,,,,,,4 Attempts - 20 Races total,11,Go to Submit page,,,,,,,,,,,,,,,,,,A Finals,10039,Re-use Day 4 - Team Comp 1 as Finals Team Comp,,,,,,,,,,https://drive.google.com/open?id=1SiJQf37RjLUrcd8FUZl8wYJh6XASvbXO,1st,,,,,,,,,,,,https://drive.google.com/open?id=1sCOzOxAzazsmTzJZQxg79sjHTDNtOhQt,https://drive.google.com/open?id=1RcBYC4aFqqu-awmMPzbspYhRwShj-k7s,,1,5,5,,1,https://drive.google.com/open?id=1DV6_NAotB_IWnJJQg7Ho6e5iFbz_V8bx
ExtraTricky,Graded (No Uma Restrictions),Get into A finals,I accept these terms,Finals,Windows,$101-500,1779,21-30 (roughly 3-4 per day),Discord - MooMooCord - https://discord.gg/Hc7cP9GB,5,,Sweep Tosho,Late Surger,Ace built for this CM before CM start in Unity Cup scenario,UG (or higher),2,0,0,0,4,0,0,38,20,Taiki Shuttle,Pace Chaser,Ace built for this CM before CM start in Unity Cup scenario,UG (or higher),1,0,0,1,4,0,0,35,19,Fuji Kiseki,Pace Chaser,Ace built for this CM before CM start in Unity Cup scenario,UG (or higher),1,0,1,0,4,0,0,35,15,4 Attempts - 20 Races total,18,Go to Submit page,,,,,,,,,,,,,,,,,,,,Re-use Day 1 - Team Comp 1 as Day 2 - Team Comp 1,,,,,,,,,,,,,4 Attempts - 20 Races total,19,Go to Submit page,,,,,,,,,,,,,,,,,,Re-use Day 2 - Team Comp 1 as Day 3 - Team Comp 1,A Group,,,,,,,,,,,,,4 Attempts - 20 Races total,12,Go to Submit page,,,,,,,,,,,,,,,,,,Re-use Day 3 - Team Comp 1 as Day 4 - Team Comp 1,A Group,,,,,,,,,,,,,4 Attempts - 20 Races total,17,Go to Submit page,,,,,,,,,,,,,,,,,,A Finals,9497,Re-use Day 4 - Team Comp 1 as Finals Team Comp,,,,,,,,,,https://drive.google.com/open?id=1annp6rOADnosC7J9S1s30KhVz_jLjX9q,1st,,,,,,,,,,,,https://drive.google.com/open?id=1yKgi6OcFoGTLhTIVUnLZ1cR_zQbK4OkF,https://drive.google.com/open?id=1MwApqVBXtRRGO6bgj7B8yOHUoEhJRxk8,,1,0,11,0,2,https://drive.google.com/open?id=1_R2CQN8OR64_-6EQFpqte3YOx6zohtQm
Jau ZP,Graded (No Uma Restrictions),Collect participation rewards,I accept these terms,Finals,"Android - phone or tablet, Windows",$5000+,1411,11-20 (roughly 2-3 per day),Discord - MooMooCord - https://discord.gg/Hc7cP9GB,5,,Haru Urara (New Year),Late Surger,Ace built for this CM before CM start in Unity Cup scenario,UG (or higher),3,0,0,0,2,1,0,60,,Nishino Flower,Pace Chaser,Ace built for this CM before CM start in Unity Cup scenario,UG (or higher),2,0,1,0,3,0,0,50,,Rice Shower,Pace Chaser,Ace built for this CM before CM start in Unity Cup scenario,SS+,2,0,0,1,2,1,0,50,,4 Attempts - 20 Races total,11,Go to Submit page,,,,,,,,,,,,,,,,,,,,Add new Team Comp as Day 2 - Team Comp 1,King Halo,Late Surger,Ace built for Team Trials,UG (or higher),Haru Urara (New Year),Late Surger,Ace built for this CM before CM start in Unity Cup scenario,UG (or higher),Rice Shower,Pace Chaser,Ace built for this CM before CM start in Unity Cup scenario,SS+,4 Attempts - 20 Races total,13,Go to Submit page,,,,,,,,,,,,,,,,,,Re-use Day 2 - Team Comp 2 as Day 3 - Team Comp 1,A Group,,,,,,,,,,,,,4 Attempts - 20 Races total,7,Go to Submit page,,,,,,,,,,,,,,,,,,Re-use Day 3 - Team Comp 1 as Day 4 - Team Comp 1,A Group,,,,,,,,,,,,,4 Attempts - 20 Races total,8,Go to Submit page,,,,,,,,,,,,,,,,,,A Finals,7043,Re-use Day 4 - Team Comp 1 as Finals Team Comp,,,,,,,,,,https://drive.google.com/open?id=1brEnnKXxjtkqiQ5sd4pivdla4VaC422Z,3rd,No (goes to Submit page),,,,,,,,,,,,,,,,,,,
oaT,Graded (No Uma Restrictions),Win A finals with any uma,I accept these terms,Finals,,$101-500,1959,31-45 (roughly 5-6 per day),,5,,Air Groove,Late Surger,Ace built for this CM before CM start in Trackblazer scenario,UG (or higher),2,0,2,0,2,0,0,70,35,Fuji Kiseki (Ballroom),Pace Chaser,Ace built for this CM before CM start in Trackblazer scenario,UG (or higher),2,0,0,2,2,0,0,60,33,Nishino Flower,Pace Chaser,Ace built for this CM before CM start in Trackblazer scenario,SS,2,0,0,2,2,0,0,55,36,4 Attempts - 20 Races total,13,Go to Submit page,,,,,,,,,,,,,,,,,,,,Re-use Day 1 - Team Comp 1 as Day 2 - Team Comp 1,,,,,,,,,,,,,4 Attempts - 20 Races total,18,Go to Submit page,,,,,,,,,,,,,,,,,,Re-use Day 2 - Team Comp 1 as Day 3 - Team Comp 1,A Group,,,,,,,,,,,,,4 Attempts - 20 Races total,15,Go to Submit page,,,,,,,,,,,,,,,,,,Re-use Day 3 - Team Comp 1 as Day 4 - Team Comp 1,A Group,,,,,,,,,,,,,4 Attempts - 20 Races total,18,Go to Submit page,,,,,,,,,,,,,,,,,,A Finals,9782,Re-use Day 4 - Team Comp 1 as Finals Team Comp,,,,,,,,,,https://drive.google.com/open?id=1YfmkB_sGxbEcEnvdvjCYHLnolvt8A_3J,1st,,,,,,,,,,,,https://drive.google.com/open?id=1mNQ9ZU7dcAd2aXQlxoeCBzBwThVq1tii,https://drive.google.com/open?id=1JienuxS_2UVa0cXprea7FxAJJm9H5eNH,,0,0,11,0,6,https://drive.google.com/open?id=1hj3al7xJuMx72cTFUGMCmPWzx_WHlR6n
ForestArdan,Graded (No Uma Restrictions),"Win A finals with ""oshi"" uma",I accept these terms,Finals,"Android - phone or tablet, Windows",$0,807,11-20 (roughly 2-3 per day),Reddit - /r/umamusumeGame,5,,Curren Chan (Wedding),Pace Chaser,Ace built for this CM before CM start in Unity Cup scenario,SS,2,0,1,0,3,0,0,,,Nishino Flower,Pace Chaser,Ace built for this CM before CM start in Unity Cup scenario,SS,2,0,1,0,3,0,0,,,Sakura Bakushin O,Pace Chaser,Ace built for this CM before CM start in Unity Cup scenario,SS,2,0,1,0,3,0,0,,,4 Attempts - 20 Races total,16,Day 2,,,,,,,,,,,,,,,,,,,,Re-use Day 1 - Team Comp 1 as Day 2 - Team Comp 1,,,,,,,,,,,,,1 Attempt - 5 Races total,4,Go to Submit page,,,,,,,,,,,,,,,,,,Re-use Day 2 - Team Comp 1 as Day 3 - Team Comp 1,A Group,,,,,,,,,,,,,4 Attempts - 20 Races total,12,Go to Submit page,,,,,,,,,,,,,,,,,,Re-use Day 3 - Team Comp 1 as Day 4 - Team Comp 1,A Group,,,,,,,,,,,,,4 Attempts - 20 Races total,9,Go to Submit page,,,,,,,,,,,,,,,,,,A Finals,9116,Re-use Day 4 - Team Comp 1 as Finals Team Comp,,,,,,,,,,https://drive.google.com/open?id=1JqIgBbbut33aYg_wFGdAAvtgx9ea8Bps,1st,,,,,,,,,,,the devil of my heart ,https://drive.google.com/open?id=1XvmdUYQYXx1WPlOfeOniI2PscjmVK-Ds,https://drive.google.com/open?id=1AFDskQfQcc8klYm4xVGr8hae61_yEEfK,,,,,,,https://drive.google.com/open?id=1YDa5NZF-dTWN3WxC5o7va8t0E6nL3b3v
byup,Graded (No Uma Restrictions),"Win A finals with ""oshi"" uma",I accept these terms,Day 3,"Android - phone or tablet, Windows",$0,654,31-45 (roughly 5-6 per day),"Discord - MooMooCord - https://discord.gg/Hc7cP9GB, Twitch - MooMooCows - https://www.twitch.tv/moomoomoocows, YouTube - MooMooCows - https://www.youtube.com/@MooMooCows",5,,Daiwa Scarlet,Front Runner,Ace built for this CM before CM start in Unity Cup scenario,SS,2,0,0,1,3,0,0,50,23,Seiun Sky (Ballroom),Front Runner,Ace built for this CM before CM start in Unity Cup scenario,UG (or higher),2,0,0,1,3,,,50,20,Kitasan Black,Front Runner,Ace built for this CM before CM start in Unity Cup scenario,UG (or higher),2,0,0,1,3,0,0,50,22,4 Attempts - 20 Races total,7,Go to Submit page,,,,,,,,,,,,,,,,,,,,Re-use Day 1 - Team Comp 1 as Day 2 - Team Comp 1,,,,,,,,,,,,,4 Attempts - 20 Races total,13,Go to Submit page,,,,,,,,,,,,,,,,,,Re-use Day 2 - Team Comp 1 as Day 3 - Team Comp 1,A Group,,,,,,,,,,,,,4 Attempts - 20 Races total,7,Day 4,,,,,,,,,,,,,,,,,,Re-use Day 3 - Team Comp 1 as Day 4 - Team Comp 1,A Group,,,,,,,,,,,,,4 Attempts - 20 Races total,7,Finals,,,,,,,,,,,,,,,,,,A Finals,,Re-use Day 4 - Team Comp 1 as Finals Team Comp,,,,,,,,,,,3rd,No (goes to Submit page),,,,,,,,,,,,,,,,,,,
KazuSan,Graded (No Uma Restrictions),"Win A finals with ""oshi"" uma",I accept these terms,Day 1,"Android - phone or tablet, Windows",$101-500,677,11-20 (roughly 2-3 per day),Bakushin Discord,5,,Oguri Cap,Pace Chaser,Ace built for this CM before CM start in Unity Cup scenario,UG (or higher),2,0,0,0,4,0,0,,12,Taiki Shuttle,Pace Chaser,Ace built for this CM before CM start in Unity Cup scenario,SS,2,0,1,,3,0,0,,16,Air Groove (Wedding),Pace Chaser,Ace built for this CM before CM start in Unity Cup scenario,SS+,2,0,0,0,4,0,0,,13,4 Attempts - 20 Races total,17,Go to Submit page,,,,,,,,,,,,,,,,,,,,,,,,,,,,,,,,,,,,,,,,,,,,,,,,,,,,,,,,,,,,,,,,,,,,,,,,,,,,,,,,,,,,,,,,,,,,,,,,,,,,,,,,,,,,,,,,,,,,,,,,,,,,,,,,,,,,,,,,,,,,,,,,,,,,,,,,,,
Nicoti,Graded (No Uma Restrictions),Win A finals with any uma,I accept these terms,Day 4,,,,,,,,Mejiro Ardan,Pace Chaser,Ace built for this CM before CM start in Unity Cup scenario,UG (or higher),1,,,,4,,1,,,Sakura Bakushin O,Pace Chaser,Ace built for this CM before CM start in Unity Cup scenario,UG (or higher),1,,,,4,,1,,,Fuji Kiseki (Ballroom),Pace Chaser,Ace built for this CM before CM start in Unity Cup scenario,UG (or higher),1,,,,4,,1,,,4 Attempts - 20 Races total,9,Go to Submit page,,,,,,,,,,,,,,,,,,,,Re-use Day 1 - Team Comp 1 as Day 2 - Team Comp 1,,,,,,,,,,,,,4 Attempts - 20 Races total,11,Go to Submit page,,,,,,,,,,,,,,,,,,Add new Team Comp as Day 3 - Team Comp 1,A Group,Taiki Shuttle (Camping),Pace Chaser,Mid-CM Ace build in Unity Cup scenario,UG (or higher),Mejiro Ardan,Pace Chaser,Ace built for this CM before CM start in Unity Cup scenario,UG (or higher),Fuji Kiseki (Ballroom),Pace Chaser,Ace built for this CM before CM start in Unity Cup scenario,UG (or higher),4 Attempts - 20 Races total,10,Day 4,,,,,,,,,,,,,,,,,,Re-use Day 3 - Team Comp 2 as Day 4 - Team Comp 1,A Group,,,,,,,,,,,,,4 Attempts - 20 Races total,13,Finals,,,,,,,,,,,,,,,,,,A Finals,,Re-use Day 4 - Team Comp 2 as Finals Team Comp,,,,,,,,,,,2nd,No (goes to Submit page),,,,,,,,,,,,,,,,,,,
Nofi,Graded (No Uma Restrictions),Get into A finals,I accept these terms,Finals,"Android - phone or tablet, SteamOS - Steam Deck",$101-500,1748,21-30 (roughly 3-4 per day),YouTube - MooMooCows - https://www.youtube.com/@MooMooCows,5,,Oguri Cap,Pace Chaser,Ace built for this CM before CM start in Trackblazer scenario,SS,2,,2,,1,,1,65,41,Mihono Bourbon (Valentine),Front Runner,Ace built for this CM before CM start in Trackblazer scenario,SS,2,,2,,1,,1,57,37,Taiki Shuttle,Pace Chaser,Ace built for this CM before CM start in Unity Cup scenario,UG (or higher),2,,1,,3,,,40,14,4 Attempts - 20 Races total,11,Go to Submit page,,,,,,,,,,,,,,,,,,,,Re-use Day 1 - Team Comp 1 as Day 2 - Team Comp 1,,,,,,,,,,,,,4 Attempts - 20 Races total,14,Go to Submit page,,,,,,,,,,,,,,,,,,Re-use Day 2 - Team Comp 1 as Day 3 - Team Comp 1,A Group,,,,,,,,,,,,,4 Attempts - 20 Races total,8,Day 4,,,,,,,,,,,,,,,,,,Re-use Day 3 - Team Comp 1 as Day 4 - Team Comp 1,A Group,,,,,,,,,,,,,4 Attempts - 20 Races total,13,Go to Submit page,,,,,,,,,,,,,,,,,,A Finals,8901,Re-use Day 4 - Team Comp 1 as Finals Team Comp,,,,,,,,,,https://drive.google.com/open?id=1CMeLria38p7LMuZQp4Eo2LnYPfEjHvmO,3rd,Yes,https://drive.google.com/open?id=1TvN673QjUqoUvJXHUWLL19Ua-8KI-19b,https://drive.google.com/open?id=1yh6xKh_NLuv-F7UAvO5zvPWUSojfaX3O,,9,8,,,,https://drive.google.com/open?id=1c51of1Ymnwhq5XC2rSrX-0LhJjXpLqHg,,,,,,,,,,
Regulus,Graded (No Uma Restrictions),Get into B finals,I accept these terms,Day 3,Windows,$0,25,6-10 (roughly 1 per day),Discord - Bakushin server,4,Good work!,King Halo,Late Surger,Ace built for this CM before CM start in Unity Cup scenario,S+,2,,,,4,,,42,14,Air Groove,Pace Chaser,Ace built for this CM before CM start in Unity Cup scenario,SS,3,,,,3,,,27,13,Sakura Bakushin O,Pace Chaser,Ace built for this CM before CM start in Unity Cup scenario,S+,3,,,,3,,,27,17,2 Attempts - 10 Races total,2,Go to Submit page,,,,,,,,,,,,,,,,,,,,Add new Team Comp as Day 2 - Team Comp 1,Air Groove,Late Surger,Mid-CM Ace build in Unity Cup scenario,SS,Sakura Bakushin O,Pace Chaser,Mid-CM Ace build in Unity Cup scenario,S+,King Halo,Late Surger,Mid-CM Ace build in Unity Cup scenario,S+,2 Attempts - 10 Races total,4,Go to Submit page,,,,,,,,,,,,,,,,,,Add new Team Comp as Day 3 - Team Comp 1,B Group,Sakura Bakushin O,Late Surger,Mid-CM Ace build in Unity Cup scenario,S+,Air Groove,Late Surger,Mid-CM Ace build in Unity Cup scenario,S,King Halo,Late Surger,Mid-CM Ace build in Unity Cup scenario,S+,2 Attempts - 10 Races total,8,Go to Submit page,,,,,,,,,,,,,,,,,,,,,,,,,,,,,,,,,,,,,,,,,,,,,,,,,,,,,,,,,,,,,,,,,,,,,,,,,,,,,,,,,,,,,
xdash123,Graded (No Uma Restrictions),Win A finals with any uma,I accept these terms,Finals,Windows,$0,876,21-30 (roughly 3-4 per day),Discord - MooMooCord - https://discord.gg/Hc7cP9GB,5,,Oguri Cap,Pace Chaser,Ace built for this CM before CM start in Unity Cup scenario,SS,2,,,,2,2,,,,Nishino Flower,Pace Chaser,Ace built for this CM before CM start in Unity Cup scenario,SS,2,,1,,2,1,,,,Taiki Shuttle (Camping),Pace Chaser,Ace built for this CM before CM start in Unity Cup scenario,SS,2,,,,2,2,,,,4 Attempts - 20 Races total,8,Go to Submit page,,,,,,,,,,,,,,,,,,,,Re-use Day 1 - Team Comp 1 as Day 2 - Team Comp 1,,,,,,,,,,,,,4 Attempts - 20 Races total,11,Go to Submit page,,,,,,,,,,,,,,,,,,Re-use Day 2 - Team Comp 1 as Day 3 - Team Comp 1,A Group,,,,,,,,,,,,,4 Attempts - 20 Races total,10,Go to Submit page,,,,,,,,,,,,,,,,,,Re-use Day 3 - Team Comp 1 as Day 4 - Team Comp 1,A Group,,,,,,,,,,,,,4 Attempts - 20 Races total,9,Go to Submit page,,,,,,,,,,,,,,,,,,A Finals,5542,Re-use Day 4 - Team Comp 1 as Finals Team Comp,,,,,,,,,,https://drive.google.com/open?id=1mnjNZQhY3ajmQLDAd1GXBerDqz0SxMDH,3rd,Yes,https://drive.google.com/open?id=1JArny4FUx_pInXST9ikTvlsdL9xT7llM,https://drive.google.com/open?id=1z8KTZrl4tyz4Ytp69hVzMQrZspJIuXBn,,2,,,,4,https://drive.google.com/open?id=1zoGojNWv7wt2kF_MAna59Hb3I0Ey9wqg,,,,,,,,,,
Moisty,Graded (No Uma Restrictions),Win A finals with any uma,I accept these terms,Finals,"Android - phone or tablet, Windows",$0,1514,21-30 (roughly 3-4 per day),"Discord - MooMooCord - https://discord.gg/Hc7cP9GB, Twitch - MooMooCows - https://www.twitch.tv/moomoomoocows, YouTube - MooMooCows - https://www.youtube.com/@MooMooCows",4,,Sakura Bakushin O,Pace Chaser,Ace built for this CM before CM start in Unity Cup scenario,SS+,2,,1,,3,,,,,Taiki Shuttle,Pace Chaser,Ace built for this CM before CM start in Unity Cup scenario,UG (or higher),2,,,1,3,,,,,Silence Suzuka,Runaway,Ace built for this CM before CM start in Unity Cup scenario,SS+,2,,,1,3,,,,,4 Attempts - 20 Races total,17,Go to Submit page,,,,,,,,,,,,,,,,,,,,Re-use Day 1 - Team Comp 1 as Day 2 - Team Comp 1,,,,,,,,,,,,,4 Attempts - 20 Races total,15,Go to Submit page,,,,,,,,,,,,,,,,,,Re-use Day 2 - Team Comp 1 as Day 3 - Team Comp 1,A Group,,,,,,,,,,,,,4 Attempts - 20 Races total,13,Go to Submit page,,,,,,,,,,,,,,,,,,Re-use Day 3 - Team Comp 1 as Day 4 - Team Comp 1,A Group,,,,,,,,,,,,,4 Attempts - 20 Races total,11,Go to Submit page,,,,,,,,,,,,,,,,,,A Finals,12782,Re-use Day 4 - Team Comp 1 as Finals Team Comp,,,,,,,,,,https://drive.google.com/open?id=1aU3IGzzLI7_rYKGcDYXZRzU7e_ffk4i9,3rd,Yes,https://drive.google.com/open?id=1PH2gmvNViw9Zo90dEbf13Sxvx0y5sA4t,https://drive.google.com/open?id=1TtYnzRIbtDZ_PDrLReT6gLEvDx-lTuGp,,,,10,,4,https://drive.google.com/open?id=1Lcpn1jFFRWxPx-7lKnf5oWTa82TiqodY,,,,,,,,,,
Nazhaz@MMC,Graded (No Uma Restrictions),Get into A finals,I accept these terms,Finals,Windows,$101-500,1481,21-30 (roughly 3-4 per day),Discord - MooMooCord - https://discord.gg/Hc7cP9GB,5,,Seiun Sky,Front Runner,Ace built for this CM before CM start in Unity Cup scenario,UG (or higher),2,0,0,0,3,0,1,,,Silence Suzuka,Front Runner,Ace built for this CM before CM start in Unity Cup scenario,UG (or higher),2,0,0,1,3,0,0,,,Symboli Rudolf,Front Runner,Debuffer,S+,1,0,0,0,4,1,0,,,4 Attempts - 20 Races total,12,Go to Submit page,,,,,,,,,,,,,,,,,,,,Re-use Day 1 - Team Comp 1 as Day 2 - Team Comp 1,,,,,,,,,,,,,4 Attempts - 20 Races total,8,Day 3,,,,,,,,,,,,,,,,,,Re-use Day 2 - Team Comp 1 as Day 3 - Team Comp 1,A Group,,,,,,,,,,,,,4 Attempts - 20 Races total,6,Go to Submit page,,,,,,,,,,,,,,,,,,Re-use Day 3 - Team Comp 1 as Day 4 - Team Comp 1,A Group,,,,,,,,,,,,,4 Attempts - 20 Races total,6,Go to Submit page,,,,,,,,,,,,,,,,,,B Finals,3210,Re-use Day 4 - Team Comp 1 as Finals Team Comp,,,,,,,,,,https://drive.google.com/open?id=1jQQ9xhsN9aGfuPJS6SVptTWtUOK4rPvL,1st,,,,,,,,,,,,https://drive.google.com/open?id=1qAmsrlQSXulVFcfV19cAcdD93880CLhi,https://drive.google.com/open?id=1y9SXryrzjN2YMHUuUj0FOJfys63UJXme,,0,0,5,2,5,https://drive.google.com/open?id=1yqKi3415nBloMtNoIMWcZt02eVuaVLfU
Lasercar,Graded (No Uma Restrictions),Win A finals with any uma,I accept these terms,Finals,"iOS - phone or tablet, Windows",$1-100,1296,11-20 (roughly 2-3 per day),Discord - MooMooCord - https://discord.gg/Hc7cP9GB,5,Bakushin!   BAKUSHIIIN!,Silence Suzuka,Runaway,Ace built for this CM before CM start in Unity Cup scenario,UG (or higher),2,,,1,3,,,35,15,Oguri Cap,Pace Chaser,Ace built for this CM before CM start in Trackblazer scenario,UG (or higher),2,,1,,2,,1,55,41,Sakura Bakushin O,Pace Chaser,Ace built for this CM before CM start in Unity Cup scenario,UG (or higher),2,,1,,3,,,40,21,4 Attempts - 20 Races total,15,Go to Submit page,,,,,,,,,,,,,,,,,,,,Re-use Day 1 - Team Comp 1 as Day 2 - Team Comp 1,,,,,,,,,,,,,4 Attempts - 20 Races total,15,Go to Submit page,,,,,,,,,,,,,,,,,,Re-use Day 2 - Team Comp 1 as Day 3 - Team Comp 1,A Group,,,,,,,,,,,,,4 Attempts - 20 Races total,8,Go to Submit page,,,,,,,,,,,,,,,,,,Add a new Team Comp as Day 4 - Team Comp 1,A Group,Silence Suzuka,Runaway,Ace built for this CM before CM start in Unity Cup scenario,UG (or higher),Oguri Cap,Pace Chaser,Ace built for this CM before CM start in Trackblazer scenario,UG (or higher),Copano Rickey,Pace Chaser,Mid-CM Ace build in Unity Cup scenario,UG (or higher),4 Attempts - 20 Races total,9,Go to Submit page,,,,,,,,,,,,,,,,,,A Finals,11846,Re-use Day 4 - Team Comp 1 as Finals Team Comp,,,,,,,,,,https://drive.google.com/open?id=1iHeFfdgGwCrE5sGIaHI6Cyr5aD1IZhlZ,1st,,,,,,,,,,,,https://drive.google.com/open?id=1hS70351KWM8DNQ0K0xRp8KUsgVGBR7Af,https://drive.google.com/open?id=1kDw3zLJ8iumgUpsKPJWz7aE1U-4beFWv,,3,8,3,,,https://drive.google.com/open?id=18zBHXviXMZULvqlHH0uepC1OaSwgCWbg
MIHO,Graded (No Uma Restrictions),Win A finals with any uma,I accept these terms,Day 4,"Android - phone or tablet, Windows",$1-100,1028,11-20 (roughly 2-3 per day),Discord - MooMooCord - https://discord.gg/Hc7cP9GB,5,,Taiki Shuttle,Pace Chaser,Ace built for this CM before CM start in Unity Cup scenario,UG (or higher),2,,,1,3,,,50,15,King Halo,Late Surger,Ace built for this CM before CM start in Unity Cup scenario,UG (or higher),2,,,,4,,,55,14,Sakura Bakushin O,Pace Chaser,Ace built for this CM before CM start in Unity Cup scenario,UG (or higher),2,,,,4,,,40,16,4 Attempts - 20 Races total,14,Go to Submit page,,,,,,,,,,,,,,,,,,,,Add new Team Comp as Day 2 - Team Comp 1,Taiki Shuttle,Pace Chaser,Ace built for this CM before CM start in Unity Cup scenario,UG (or higher),Oguri Cap,Pace Chaser,Ace built for this CM before CM start in Unity Cup scenario,UG (or higher),King Halo,Late Surger,Ace built for this CM before CM start in Unity Cup scenario,UG (or higher),4 Attempts - 20 Races total,17,Go to Submit page,,,,,,,,,,,,,,,,,,Re-use Day 2 - Team Comp 1 as Day 3 - Team Comp 1,A Group,,,,,,,,,,,,,4 Attempts - 20 Races total,11,Go to Submit page,,,,,,,,,,,,,,,,,,Add a new Team Comp as Day 4 - Team Comp 1,A Group,Taiki Shuttle,Pace Chaser,Ace built for this CM before CM start in Unity Cup scenario,UG (or higher),Grass Wonder,Late Surger,Debuffer,UG (or higher),King Halo,Late Surger,Ace built for this CM before CM start in Unity Cup scenario,UG (or higher),4 Attempts - 20 Races total,15,Go to Submit page,,,,,,,,,,,,,,,,,,,,,,,,,,,,,,,,,,,,,,,,,,,,,,,,,,,
Nao Nao,Graded (No Uma Restrictions),"Win A finals with ""oshi"" uma",I accept these terms,Finals,"Android - phone or tablet, Windows",$501-1000,1741,21-30 (roughly 3-4 per day),Discord - MooMooCord - https://discord.gg/Hc7cP9GB,5,,Kitasan Black,Front Runner,Ace built for this CM before CM start in Trackblazer scenario,UG (or higher),1,0,0,3,2,0,0,55,38,Silence Suzuka,Front Runner,Ace built for Team Trials,SS,,,,,,,,,,Symboli Rudolf,Late Surger,Debuffer,S+,,,,,,,,,,4 Attempts - 20 Races total,9,Go to Submit page,,,,,,,,,,,,,,,,,,,,Re-use Day 1 - Team Comp 1 as Day 2 - Team Comp 1,,,,,,,,,,,,,4 Attempts - 20 Races total,8,Go to Submit page,,,,,,,,,,,,,,,,,,Re-use Day 2 - Team Comp 1 as Day 3 - Team Comp 1,A Group,,,,,,,,,,,,,4 Attempts - 20 Races total,9,Go to Submit page,,,,,,,,,,,,,,,,,,Re-use Day 3 - Team Comp 1 as Day 4 - Team Comp 1,A Group,,,,,,,,,,,,,4 Attempts - 20 Races total,8,Go to Submit page,,,,,,,,,,,,,,,,,,A Finals,5214,Re-use Day 4 - Team Comp 1 as Finals Team Comp,,,,,,,,,,https://drive.google.com/open?id=1h5MMhFlDOIoHmMBpNLVNuf4JeEEjdBMS,1st,,,,,,,,,,,Why train an ace when you can win with a TT uma instead.,https://drive.google.com/open?id=1WccmmcqKRK4oszUorhc5Y-ovq2GF_nFD,https://drive.google.com/open?id=1yrdmI4kUIXCcjTpuHqYYHIJYHYEBYo2p,,5,0,12,0,0,https://drive.google.com/open?id=1R6dRDbnuc2MEvdUM61-vh1kX0A7rxqbV
Solastra,Graded (No Uma Restrictions),Win A finals with any uma,I accept these terms,Finals,"Android - phone or tablet, Windows",$1-100,,11-20 (roughly 2-3 per day),"Friend sent me the link, Discord - MooMooCord - https://discord.gg/Hc7cP9GB",5,,Oguri Cap,Pace Chaser,Ace built for this CM before CM start in Unity Cup scenario,SS+,1,,1,,4,,,,,Taiki Shuttle,Pace Chaser,Ace built for this CM before CM start in Unity Cup scenario,UG (or higher),1,,1,,4,,,,,Sakura Bakushin O,Pace Chaser,Ace built for this CM before CM start in Unity Cup scenario,UG (or higher),1,,1,,4,,,,,2 Attempts - 10 Races total,10,Go to Submit page,,,,,,,,,,,,,,,,,,,,Re-use Day 1 - Team Comp 1 as Day 2 - Team Comp 1,,,,,,,,,,,,,2 Attempts - 10 Races total,8,Day 3,,,,,,,,,,,,,,,,,,Re-use Day 2 - Team Comp 1 as Day 3 - Team Comp 1,A Group,,,,,,,,,,,,,4 Attempts - 20 Races total,10,Day 4,,,,,,,,,,,,,,,,,,Re-use Day 3 - Team Comp 1 as Day 4 - Team Comp 1,A Group,,,,,,,,,,,,,4 Attempts - 20 Races total,11,Go to Submit page,,,,,,,,,,,,,,,,,,A Finals,9260,Re-use Day 4 - Team Comp 1 as Finals Team Comp,,,,,,,,,,,2nd,No (goes to Submit page),,,,,,,,,,,,,,,,,,,
neol,Graded (No Uma Restrictions),"Win A finals with ""oshi"" uma",I accept these terms,Day 2,Windows,$101-500,,11-20 (roughly 2-3 per day),,,,Tokai Teio,Pace Chaser,Ace built for this CM before CM start in Unity Cup scenario,UG (or higher),2,,,,4,,,,,Taiki Shuttle,Pace Chaser,Ace built for this CM before CM start in Unity Cup scenario,UG (or higher),2,,,,4,,,,,Curren Chan,Pace Chaser,Ace built for this CM before CM start in Unity Cup scenario,UG (or higher),2,,1,,3,,,,,4 Attempts - 20 Races total,9,Go to Submit page,,,,,,,,,,,,,,,,,,,,Re-use Day 1 - Team Comp 1 as Day 2 - Team Comp 1,,,,,,,,,,,,,4 Attempts - 20 Races total,14,Day 3,,,,,,,,,,,,,,,,,,Re-use Day 2 - Team Comp 1 as Day 3 - Team Comp 1,A Group,,,,,,,,,,,,,4 Attempts - 20 Races total,8,Day 4,,,,,,,,,,,,,,,,,,Add a new Team Comp as Day 4 - Team Comp 1,A Group,Tokai Teio,Pace Chaser,Ace built for this CM before CM start in Unity Cup scenario,UG (or higher),Agnes Tachyon,End Closer,Debuffer,SS,Grass Wonder,End Closer,Debuffer,S+,4 Attempts - 20 Races total,6,Go to Submit page,,,,,,,,,,,,,,,,,,,,,,,,,,,,,,,,,,,,,,,,,,,,,,,,,,,
Dementia,Graded (No Uma Restrictions),Win A finals with any uma,I accept these terms,Finals,Windows,$1-100,1541,31-45 (roughly 5-6 per day),"Reddit - /r/umamusumeGame, YouTube - MooMooCows - https://www.youtube.com/@MooMooCows",4,,Taiki Shuttle,Pace Chaser,Ace built for this CM before CM start in Unity Cup scenario,UG (or higher),,,,,,,,,,Oguri Cap,Pace Chaser,Ace built for this CM before CM start in Unity Cup scenario,SS,,,,,,,,,,Sakura Bakushin O,Pace Chaser,Ace built for this CM before CM start in Unity Cup scenario,UG (or higher),,,,,,,,,,4 Attempts - 20 Races total,14,Go to Submit page,,,,,,,,,,,,,,,,,,,,Re-use Day 1 - Team Comp 1 as Day 2 - Team Comp 1,,,,,,,,,,,,,4 Attempts - 20 Races total,14,Go to Submit page,,,,,,,,,,,,,,,,,,Re-use Day 2 - Team Comp 1 as Day 3 - Team Comp 1,A Group,,,,,,,,,,,,,4 Attempts - 20 Races total,9,Day 4,,,,,,,,,,,,,,,,,,Re-use Day 3 - Team Comp 1 as Day 4 - Team Comp 1,A Group,,,,,,,,,,,,,4 Attempts - 20 Races total,6,Go to Submit page,,,,,,,,,,,,,,,,,,A Finals,,Re-use Day 4 - Team Comp 1 as Finals Team Comp,,,,,,,,,,,2nd,No (goes to Submit page),,,,,,,,,,,,,,,,,,,
Nana,Graded (No Uma Restrictions),"Win A finals with ""oshi"" uma",I accept these terms,Finals,Windows,$101-500,1465,21-30 (roughly 3-4 per day),Discord - MooMooCord - https://discord.gg/Hc7cP9GB,5,,Oguri Cap,Pace Chaser,Ace built for this CM before CM start in Trackblazer scenario,UG (or higher),1,0,0,3,2,0,0,70,38,Special Week,Pace Chaser,Ace built for this CM before CM start in Unity Cup scenario,UG (or higher),3,0,0,0,2,0,1,,,Taiki Shuttle,Pace Chaser,Ace built for this CM before CM start in Unity Cup scenario,UG (or higher),3,0,0,0,2,0,1,,,4 Attempts - 20 Races total,18,Go to Submit page,,,,,,,,,,,,,,,,,,,,Re-use Day 1 - Team Comp 1 as Day 2 - Team Comp 1,,,,,,,,,,,,,4 Attempts - 20 Races total,15,Go to Submit page,,,,,,,,,,,,,,,,,,Re-use Day 2 - Team Comp 1 as Day 3 - Team Comp 1,A Group,,,,,,,,,,,,,4 Attempts - 20 Races total,9,Go to Submit page,,,,,,,,,,,,,,,,,,Add a new Team Comp as Day 4 - Team Comp 1,A Group,Oguri Cap,Pace Chaser,Ace built for this CM before CM start in Trackblazer scenario,UG (or higher),Special Week,Pace Chaser,Ace built for this CM before CM start in Unity Cup scenario,UG (or higher),King Halo,Late Surger,Mid-CM Ace build in Unity Cup scenario,UG (or higher),4 Attempts - 20 Races total,17,Go to Submit page,,,,,,,,,,,,,,,,,,A Finals,11978,Re-use Day 4 - Team Comp 1 as Finals Team Comp,,,,,,,,,,https://drive.google.com/open?id=1bwF9T_3kjQtVvToH6qpCX7CUO5qy5PXK,1st,,,,,,,,,,,AGEMASEN!,https://drive.google.com/open?id=17UfegCR6yTsRbXuo2u7jLZmEBpLPD_hh,https://drive.google.com/open?id=1ZWudhUT0n92vpEPF559GG1p_41D4wQBE,,2,3,9,2,0,https://drive.google.com/open?id=1Oh5fVIo3o4Z3Ac1VF80x26Yg3Ija5i5S
JaxomofRuatha,Graded (No Uma Restrictions),Win A finals with any uma,I accept these terms,Finals,Android - phone or tablet,$101-500,1552,21-30 (roughly 3-4 per day),Discord - MooMooCord - https://discord.gg/Hc7cP9GB,5,,Air Groove,Late Surger,Ace built for this CM before CM start in Unity Cup scenario,UG (or higher),2,0,1,0,3,0,0,51,20,Oguri Cap,Pace Chaser,Ace built for this CM before CM start in Unity Cup scenario,UG (or higher),1,0,0,3,2,0,0,50,19,Nishino Flower,Pace Chaser,Ace built for this CM before CM start in Unity Cup scenario,UG (or higher),1,0,0,3,2,0,0,45,16,4 Attempts - 20 Races total,14,Go to Submit page,,,,,,,,,,,,,,,,,,,,Re-use Day 1 - Team Comp 1 as Day 2 - Team Comp 1,,,,,,,,,,,,,4 Attempts - 20 Races total,18,Go to Submit page,,,,,,,,,,,,,,,,,,Re-use Day 2 - Team Comp 1 as Day 3 - Team Comp 1,A Group,,,,,,,,,,,,,4 Attempts - 20 Races total,17,Go to Submit page,,,,,,,,,,,,,,,,,,Re-use Day 3 - Team Comp 1 as Day 4 - Team Comp 1,A Group,,,,,,,,,,,,,4 Attempts - 20 Races total,17,Go to Submit page,,,,,,,,,,,,,,,,,,A Finals,9530,Re-use Day 4 - Team Comp 1 as Finals Team Comp,,,,,,,,,,https://drive.google.com/open?id=11kG4GSFr_CZY3-LfraPCnhT6pjVRwwjP,3rd,Yes,https://drive.google.com/open?id=1wrQ4AVajJrRPpEbd19x-Zmj0JR-8fuGU,https://drive.google.com/open?id=1IwTA3BMCCfVubZ3YExTYfyB6X13iHAjb,,0,0,17,0,0,https://drive.google.com/open?id=1jVzAFSFVs0c2vFuY7IuxJQ8EWE3LzQI6,,,,,,,,,,
QuietTsan,Graded (No Uma Restrictions),"Win A finals with ""oshi"" uma",I accept these terms,Day 1,"Android - phone or tablet, Linux",$0,322,6-10 (roughly 1 per day),"Discord - MooMooCord - https://discord.gg/Hc7cP9GB, YouTube - MooMooCows - https://www.youtube.com/@MooMooCows",5,,Haru Urara (New Year),Late Surger,Ace built for this CM before CM start in Unity Cup scenario,SS,2,0,0,0,4,0,0,,,Sakura Bakushin O,Pace Chaser,Ace built for this CM before CM start in Unity Cup scenario,SS,2,0,0,2,2,0,0,,,Hishi Akebono,Pace Chaser,Ace built for this CM before CM start in Unity Cup scenario,UG (or higher),1,0,0,2,3,0,0,,,4 Attempts - 20 Races total,13,Day 2,,,,,,,,,,,,,,,,,,,,Re-use Day 1 - Team Comp 1 as Day 2 - Team Comp 1,,,,,,,,,,,,,4 Attempts - 20 Races total,12,Day 3,,,,,,,,,,,,,,,,,,Re-use Day 2 - Team Comp 1 as Day 3 - Team Comp 1,A Group,,,,,,,,,,,,,4 Attempts - 20 Races total,12,Day 4,,,,,,,,,,,,,,,,,,Re-use Day 3 - Team Comp 1 as Day 4 - Team Comp 1,A Group,,,,,,,,,,,,,4 Attempts - 20 Races total,7,Go to Submit page,,,,,,,,,,,,,,,,,,,,,,,,,,,,,,,,,,,,,,,,,,,,,,,,,,,
Amasuro,Graded (No Uma Restrictions),"Win A finals with ""oshi"" uma",I accept these terms,Finals,"Android - phone or tablet, Windows",$1-100,1243,21-30 (roughly 3-4 per day),"Discord - MooMooCord - https://discord.gg/Hc7cP9GB, YouTube - MooMooCows - https://www.youtube.com/@MooMooCows",5,,Gold City,Late Surger,Ace built for this CM before CM start in Unity Cup scenario,UG (or higher),2,,1,1,2,,,50,20,Curren Chan (Wedding),Pace Chaser,Ace built for this CM before CM start in Unity Cup scenario,UG (or higher),2,,1,,3,,,55,17,King Halo,Late Surger,Ace built for this CM before CM start in Unity Cup scenario,UG (or higher),1,,,3,2,,,60,15,4 Attempts - 20 Races total,13,Go to Submit page,,,,,,,,,,,,,,,,,,,,Re-use Day 1 - Team Comp 1 as Day 2 - Team Comp 1,,,,,,,,,,,,,4 Attempts - 20 Races total,14,Go to Submit page,,,,,,,,,,,,,,,,,,Re-use Day 2 - Team Comp 1 as Day 3 - Team Comp 1,A Group,,,,,,,,,,,,,4 Attempts - 20 Races total,13,Go to Submit page,,,,,,,,,,,,,,,,,,Re-use Day 3 - Team Comp 1 as Day 4 - Team Comp 1,A Group,,,,,,,,,,,,,4 Attempts - 20 Races total,13,Go to Submit page,,,,,,,,,,,,,,,,,,A Finals,7015,Re-use Day 4 - Team Comp 1 as Finals Team Comp,,,,,,,,,,https://drive.google.com/open?id=17zZKXZvQGx4LvUH_YBfwcSnZ156xK2Ej,1st,,,,,,,,,,,,https://drive.google.com/open?id=1A-YgGcAZe0rK5KUyaQ3J14e7IwcNZjW9,https://drive.google.com/open?id=1OwE57UGIVjUrGUPxrvmnGLP6yX8_ofYR,,0,0,7,1,4,https://drive.google.com/open?id=1z_54ncGzkyZoRir2G5AZWDj9X_tNhcqO
JockeMS,Graded (No Uma Restrictions),"Win A finals with ""oshi"" uma",I accept these terms,Finals,Windows,$101-500,1259,21-30 (roughly 3-4 per day),"Discord - MooMooCord - https://discord.gg/Hc7cP9GB, Twitch - MooMooCows - https://www.twitch.tv/moomoomoocows, YouTube - MooMooCows - https://www.youtube.com/@MooMooCows",4,,Mayano Top Gun,Pace Chaser,Ace built for this CM before CM start in Unity Cup scenario,UG (or higher),3,0,0,0,2,1,0,39,19,Nishino Flower,Pace Chaser,Ace built for this CM before CM start in Unity Cup scenario,UG (or higher),2,0,1,0,3,0,0,45,19,Taiki Shuttle,Pace Chaser,Ace built for this CM before CM start in Unity Cup scenario,UG (or higher),2,0,1,0,3,0,0,45,22,4 Attempts - 20 Races total,11,Go to Submit page,,,,,,,,,,,,,,,,,,,,Re-use Day 1 - Team Comp 1 as Day 2 - Team Comp 1,,,,,,,,,,,,,4 Attempts - 20 Races total,14,Go to Submit page,,,,,,,,,,,,,,,,,,Re-use Day 2 - Team Comp 1 as Day 3 - Team Comp 1,A Group,,,,,,,,,,,,,4 Attempts - 20 Races total,10,Go to Submit page,,,,,,,,,,,,,,,,,,Re-use Day 3 - Team Comp 1 as Day 4 - Team Comp 1,A Group,,,,,,,,,,,,,4 Attempts - 20 Races total,10,Go to Submit page,,,,,,,,,,,,,,,,,,A Finals,11231,Re-use Day 4 - Team Comp 1 as Finals Team Comp,,,,,,,,,,https://drive.google.com/open?id=1rntSI_uJkuzd81wKwuamBBykRVrqrWBp,1st,,,,,,,,,,,,https://drive.google.com/open?id=1S5_k24g1ltjKfTci6sxEpx61j-e_gKcm,https://drive.google.com/open?id=1Mn2m7ueNMLHd4Q_OhBI_Qw4I2UBealqY,,1,,10,,2,https://drive.google.com/open?id=1VY4Hw6gZYA11Wu-PdyZMYI340YfqScAS
dracoraz,Graded (No Uma Restrictions),Win A finals with any uma,I accept these terms,Finals,Windows,$1-100,1022,6-10 (roughly 1 per day),"Discord - MooMooCord - https://discord.gg/Hc7cP9GB, Twitch - MooMooCows - https://www.twitch.tv/moomoomoocows, YouTube - MooMooCows - https://www.youtube.com/@MooMooCows",5,,Taiki Shuttle,Pace Chaser,Ace built for this CM before CM start in Unity Cup scenario,SS+,2,,1,1,2,,,,,Haru Urara (New Year),Late Surger,Ace built for this CM before CM start in Unity Cup scenario,UG (or higher),2,,2,,2,,,,,Air Groove,Pace Chaser,Ace built for this CM before CM start in Unity Cup scenario,UG (or higher),2,,2,,2,,,,,4 Attempts - 20 Races total,13,Go to Submit page,,,,,,,,,,,,,,,,,,,,Re-use Day 1 - Team Comp 1 as Day 2 - Team Comp 1,,,,,,,,,,,,,4 Attempts - 20 Races total,14,Go to Submit page,,,,,,,,,,,,,,,,,,Re-use Day 2 - Team Comp 1 as Day 3 - Team Comp 1,A Group,,,,,,,,,,,,,4 Attempts - 20 Races total,7,Go to Submit page,,,,,,,,,,,,,,,,,,Re-use Day 3 - Team Comp 1 as Day 4 - Team Comp 1,A Group,,,,,,,,,,,,,4 Attempts - 20 Races total,12,Go to Submit page,,,,,,,,,,,,,,,,,,A Finals,7097,Re-use Day 4 - Team Comp 1 as Finals Team Comp,,,,,,,,,,https://drive.google.com/open?id=1by2KdetDZd1JucUvcb_Ql3mzxFWqIG2u,2nd,No (goes to Submit page),,,,,,,,,,,,,,,,,,,
Splatman678,Graded (No Uma Restrictions),Get into A finals,I accept these terms,Finals,Windows,$0,1066,11-20 (roughly 2-3 per day),Discord - MooMooCord - https://discord.gg/Hc7cP9GB,,,Curren Chan,Pace Chaser,Ace built for this CM before CM start in Unity Cup scenario,SS,2,,1,,3,,,,,Oguri Cap,Pace Chaser,Ace built for this CM before CM start in Unity Cup scenario,SS,2,,1,,3,,,,,Mayano Top Gun (Wedding),Late Surger,Ace built for this CM before CM start in Unity Cup scenario,UG (or higher),2,,1,,3,,,,,4 Attempts - 20 Races total,6,Go to Submit page,,,,,,,,,,,,,,,,,,,,Add new Team Comp as Day 2 - Team Comp 1,Curren Chan,Pace Chaser,Ace built for this CM before CM start in Unity Cup scenario,UG (or higher),Oguri Cap,Pace Chaser,Ace built for this CM before CM start in Unity Cup scenario,SS,Mayano Top Gun (Wedding),Late Surger,Ace built for this CM before CM start in Unity Cup scenario,SS+,4 Attempts - 20 Races total,16,Day 3,,,,,,,,,,,,,,,,,,Re-use Day 2 - Team Comp 1 as Day 3 - Team Comp 1,A Group,,,,,,,,,,,,,4 Attempts - 20 Races total,12,Go to Submit page,,,,,,,,,,,,,,,,,,Re-use Day 3 - Team Comp 1 as Day 4 - Team Comp 1,A Group,,,,,,,,,,,,,4 Attempts - 20 Races total,8,Go to Submit page,,,,,,,,,,,,,,,,,,A Finals,8183,Re-use Day 4 - Team Comp 1 as Finals Team Comp,,,,,,,,,,https://drive.google.com/open?id=1mgtal9SoDHrhIQWGHgyqltxS7J31IKiR,1st,,,,,,,,,,,,https://drive.google.com/open?id=1ALPUb6dnCHrBLtmzYKBfpciWFpb6Hj2F,https://drive.google.com/open?id=1FV7TRLFusGDu70LpzGhBXDmELIjEro3k,,6,,6,2,,https://drive.google.com/open?id=1-zUU_umAAN8zXaG6r1jcFvPVTRo4p8Nr
norse,Graded (No Uma Restrictions),"Win A finals with ""oshi"" uma",I accept these terms,Finals,Windows,$101-500,1707,31-45 (roughly 5-6 per day),Discord - Pakacord! - https://discord.gg/6mwHqhBm,4,,Gold Ship,End Closer,Ace built for this CM before CM start in Trackblazer scenario,SS,2,0,1,0,2,0,1,55,39,Sakura Bakushin O,Pace Chaser,Ace built for this CM before CM start in Unity Cup scenario,SS+,2,0,0,0,4,0,0,40,16,Taiki Shuttle,Pace Chaser,Ace built for this CM before CM start in Unity Cup scenario,UG (or higher),2,0,0,0,4,0,0,40,16,4 Attempts - 20 Races total,13,Go to Submit page,,,,,,,,,,,,,,,,,,,,Re-use Day 1 - Team Comp 1 as Day 2 - Team Comp 1,,,,,,,,,,,,,4 Attempts - 20 Races total,14,Go to Submit page,,,,,,,,,,,,,,,,,,Re-use Day 2 - Team Comp 1 as Day 3 - Team Comp 1,A Group,,,,,,,,,,,,,4 Attempts - 20 Races total,10,Go to Submit page,,,,,,,,,,,,,,,,,,Re-use Day 3 - Team Comp 1 as Day 4 - Team Comp 1,A Group,,,,,,,,,,,,,4 Attempts - 20 Races total,7,Go to Submit page,,,,,,,,,,,,,,,,,,A Finals,7813,Re-use Day 4 - Team Comp 1 as Finals Team Comp,,,,,,,,,,https://drive.google.com/open?id=1MN4-aBFfy3koqnF-o1SGI6iEAelQxnYE,3rd,Yes,https://drive.google.com/open?id=19KSC8FfCcS4LUqS6mY-_gbulSeat-RlW,https://drive.google.com/open?id=1lEiqTmm_uO5gyh7nUB9hpaBuP5Rf7N4F,,3,0,15,0,0,https://drive.google.com/open?id=1QvZe3I3Xptd9rin0WBB07Ny5KG8TIufv,,,,,,,,,,
Whatsthis,Graded (No Uma Restrictions),Win A finals with any uma,I accept these terms,Finals,"Android - phone or tablet, Windows",$501-1000,1900,31-45 (roughly 5-6 per day),Twitch - MooMooCows - https://www.twitch.tv/moomoomoocows,,,Fuji Kiseki (Ballroom),Pace Chaser,Ace built for this CM before CM start in Unity Cup scenario,UG (or higher),,,,,,,,,,Taiki Shuttle,Pace Chaser,Ace built for this CM before CM start in Unity Cup scenario,UG (or higher),,,,,,,,,,Oguri Cap,Pace Chaser,Ace built for this CM before CM start in Unity Cup scenario,UG (or higher),,,,,,,,,,4 Attempts - 20 Races total,17,Go to Submit page,,,,,,,,,,,,,,,,,,,,Re-use Day 1 - Team Comp 1 as Day 2 - Team Comp 1,,,,,,,,,,,,,4 Attempts - 20 Races total,19,Go to Submit page,,,,,,,,,,,,,,,,,,Re-use Day 2 - Team Comp 1 as Day 3 - Team Comp 1,A Group,,,,,,,,,,,,,4 Attempts - 20 Races total,16,Go to Submit page,,,,,,,,,,,,,,,,,,Re-use Day 3 - Team Comp 1 as Day 4 - Team Comp 1,A Group,,,,,,,,,,,,,4 Attempts - 20 Races total,14,Go to Submit page,,,,,,,,,,,,,,,,,,A Finals,12677,Re-use Day 4 - Team Comp 1 as Finals Team Comp,,,,,,,,,,https://drive.google.com/open?id=14TOnAVNty1LsBmylfO63B8Imzcpo-9Uh,1st,,,,,,,,,,,,https://drive.google.com/open?id=1PCp7d9-4E9iaCd-ksoRezxN4EUXImtdC,https://drive.google.com/open?id=1Xnd0qszjlr0Qry_5Sxvpuqm-xB9JkHIc,,3,,12,,2,https://drive.google.com/open?id=1hwv4CP-yDUG7T7r3yd79dsQ0QM2GdqnW
Isaac,Graded (No Uma Restrictions),Win A finals with any uma,I accept these terms,Finals,Windows,$0,146,6-10 (roughly 1 per day),Discord - MooMooCord - https://discord.gg/Hc7cP9GB,5,,Oguri Cap,Pace Chaser,Ace built for this CM before CM start in Unity Cup scenario,SS,2,0,1,0,3,0,0,,,Sakura Bakushin O,Pace Chaser,Ace built for this CM before CM start in Unity Cup scenario,UG (or higher),2,0,1,0,2,0,0,,,King Halo,Late Surger,Ace built for this CM before CM start in Unity Cup scenario,S+,3,0,0,0,2,0,1,,,3 Attempts - 15 Races total,14,Go to Submit page,,,,,,,,,,,,,,,,,,,,Re-use Day 1 - Team Comp 1 as Day 2 - Team Comp 1,,,,,,,,,,,,,3 Attempts - 15 Races total,5,Go to Submit page,,,,,,,,,,,,,,,,,,Re-use Day 2 - Team Comp 1 as Day 3 - Team Comp 1,A Group,,,,,,,,,,,,,4 Attempts - 20 Races total,5,Go to Submit page,,,,,,,,,,,,,,,,,,Re-use Day 3 - Team Comp 1 as Day 4 - Team Comp 1,A Group,,,,,,,,,,,,,4 Attempts - 20 Races total,9,Go to Submit page,,,,,,,,,,,,,,,,,,A Finals,9567,Re-use Day 4 - Team Comp 1 as Finals Team Comp,,,,,,,,,,https://drive.google.com/open?id=1Se9rZh8GP7ZWgqu7zW85NBASzMk08tq5,1st,,,,,,,,,,,"Tēnā koutou, tēnā koutou, tēnā koutou katoa. Late start my ass, Triumphant Pulse goes brrrr. Greetings from New Zealand!",https://drive.google.com/open?id=1qx-Ri7eBbwg26XII1tfAxmLHtTtRrmY-,https://drive.google.com/open?id=16gX66JgEI9yVNkEIGdp0UvdRQPxc3heo,,3,1,6,,,https://drive.google.com/open?id=1sljpjW_6PSGUu3WmhiDtBnTP4QdZnFNk
Clan Ping,Graded (No Uma Restrictions),Win A finals with any uma,I accept these terms,Finals,"Android - phone or tablet, Windows",$0,924,21-30 (roughly 3-4 per day),Discord - MooMooCord - https://discord.gg/Hc7cP9GB,5,,Sakura Bakushin O,Pace Chaser,Ace built for this CM before CM start in Unity Cup scenario,UG (or higher),1,0,0,0,5,0,0,,15,Silence Suzuka,Front Runner,Ace built for this CM before CM start in Unity Cup scenario,UG (or higher),2,0,0,0,4,0,0,,16,Taiki Shuttle,Pace Chaser,Ace built for this CM before CM start in Unity Cup scenario,UG (or higher),1,0,0,2,3,0,0,,12,4 Attempts - 20 Races total,14,Go to Submit page,,,,,,,,,,,,,,,,,,,,Re-use Day 1 - Team Comp 1 as Day 2 - Team Comp 1,,,,,,,,,,,,,4 Attempts - 20 Races total,15,Go to Submit page,,,,,,,,,,,,,,,,,,Re-use Day 2 - Team Comp 1 as Day 3 - Team Comp 1,A Group,,,,,,,,,,,,,4 Attempts - 20 Races total,16,Go to Submit page,,,,,,,,,,,,,,,,,,Re-use Day 3 - Team Comp 1 as Day 4 - Team Comp 1,A Group,,,,,,,,,,,,,4 Attempts - 20 Races total,16,Go to Submit page,,,,,,,,,,,,,,,,,,A Finals,9771,Re-use Day 4 - Team Comp 1 as Finals Team Comp,,,,,,,,,,https://drive.google.com/open?id=10CQQq8HLol65WZTAl80lqiLRnwd11J_X,2nd,No (goes to Submit page),,,,,,,,,,,,,,,,,,,
LASAGNA,Graded (No Uma Restrictions),Get into A finals,I accept these terms,Day 3,"Android - phone or tablet, Windows",$0,,31-45 (roughly 5-6 per day),Reddit - /r/umamusumeGame,5,,El Condor Pasa,Pace Chaser,Ace built for this CM before CM start in Unity Cup scenario,S+,2,0,0,1,3,0,0,20,14,Curren Chan,Pace Chaser,Ace built for this CM before CM start in Unity Cup scenario,S+,3,0,1,0,2,0,0,25,17,Taiki Shuttle,Pace Chaser,Ace built for this CM before CM start in Unity Cup scenario,S,2,0,0,1,3,0,0,,16,4 Attempts - 20 Races total,11,Go to Submit page,,,,,,,,,,,,,,,,,,,,Re-use Day 1 - Team Comp 1 as Day 2 - Team Comp 1,,,,,,,,,,,,,4 Attempts - 20 Races total,12,Go to Submit page,,,,,,,,,,,,,,,,,,Add new Team Comp as Day 3 - Team Comp 1,A Group,El Condor Pasa,Pace Chaser,Ace built for this CM before CM start in Unity Cup scenario,S+,Curren Chan,Pace Chaser,Mid-CM Ace build in Unity Cup scenario,S,Taiki Shuttle,Pace Chaser,Ace built for this CM before CM start in Unity Cup scenario,S,4 Attempts - 20 Races total,10,Go to Submit page,,,,,,,,,,,,,,,,,,,,,,,,,,,,,,,,,,,,,,,,,,,,,,,,,,,,,,,,,,,,,,,,,,,,,,,,,,,,,,,,,,,,,
Zellak,Graded (No Uma Restrictions),Get into A finals,I accept these terms,Finals,"iOS - phone or tablet, Windows",$101-500,494,6-10 (roughly 1 per day),"Discord - MooMooCord - https://discord.gg/Hc7cP9GB, Twitch - MooMooCows - https://www.twitch.tv/moomoomoocows, YouTube - MooMooCows - https://www.youtube.com/@MooMooCows",5,,Taiki Shuttle,Pace Chaser,Ace built for this CM before CM start in Unity Cup scenario,UG (or higher),2,0,1,0,2,0,1,,,Oguri Cap,Pace Chaser,Ace built for this CM before CM start in Unity Cup scenario,UG (or higher),2,0,1,0,2,0,1,,,Sakura Bakushin O,Pace Chaser,Ace built for this CM before CM start in Unity Cup scenario,UG (or higher),2,0,1,0,2,0,1,,,4 Attempts - 20 Races total,11,Go to Submit page,,,,,,,,,,,,,,,,,,,,Re-use Day 1 - Team Comp 1 as Day 2 - Team Comp 1,,,,,,,,,,,,,4 Attempts - 20 Races total,13,Go to Submit page,,,,,,,,,,,,,,,,,,Re-use Day 2 - Team Comp 1 as Day 3 - Team Comp 1,A Group,,,,,,,,,,,,,4 Attempts - 20 Races total,12,Go to Submit page,,,,,,,,,,,,,,,,,,Re-use Day 3 - Team Comp 1 as Day 4 - Team Comp 1,A Group,,,,,,,,,,,,,4 Attempts - 20 Races total,9,Go to Submit page,,,,,,,,,,,,,,,,,,A Finals,9787,Re-use Day 4 - Team Comp 1 as Finals Team Comp,,,,,,,,,,https://drive.google.com/open?id=1ucvkPBB7vi6F0qK6FvokJ-SGVKq28a8h,3rd,Yes,https://drive.google.com/open?id=1K9TYme5te04qe2dG2g9LkGK4R3H4DhGs,https://drive.google.com/open?id=1DNZZYYMjwRFAXicAK2MZLBAxFtirGAzA,,9,0,8,0,0,https://drive.google.com/open?id=1mb-C3IH8oLEyq-pgGUXKuKU6pRGS2_N2,,,,,,,,,,
Akranite,Graded (No Uma Restrictions),Win A finals with any uma,I accept these terms,Finals,"Android - phone or tablet, Windows",$501-1000,1050,11-20 (roughly 2-3 per day),"Discord - MooMooCord - https://discord.gg/Hc7cP9GB, Twitch - MooMooCows - https://www.twitch.tv/moomoomoocows, YouTube - MooMooCows - https://www.youtube.com/@MooMooCows",,,Taiki Shuttle (Camping),Pace Chaser,Ace built for this CM before CM start in Unity Cup scenario,UG (or higher),2,0,1,0,3,0,0,55,17,Oguri Cap,Pace Chaser,Ace built for this CM before CM start in Unity Cup scenario,UG (or higher),2,0,2,0,2,0,0,55,17,Sakura Bakushin O,Pace Chaser,Ace built for this CM before CM start in Unity Cup scenario,SS+,2,0,2,0,2,0,0,58,21,4 Attempts - 20 Races total,12,Go to Submit page,,,,,,,,,,,,,,,,,,,,Re-use Day 1 - Team Comp 1 as Day 2 - Team Comp 1,,,,,,,,,,,,,4 Attempts - 20 Races total,14,Go to Submit page,,,,,,,,,,,,,,,,,,Re-use Day 2 - Team Comp 1 as Day 3 - Team Comp 1,A Group,,,,,,,,,,,,,4 Attempts - 20 Races total,13,Go to Submit page,,,,,,,,,,,,,,,,,,Re-use Day 3 - Team Comp 1 as Day 4 - Team Comp 1,A Group,,,,,,,,,,,,,4 Attempts - 20 Races total,11,Go to Submit page,,,,,,,,,,,,,,,,,,A Finals,10417,Re-use Day 4 - Team Comp 1 as Finals Team Comp,,,,,,,,,,https://drive.google.com/open?id=1PK7cmOa6byUYBv88Hd4vha9O75VcqN-s,3rd,Yes,https://drive.google.com/open?id=1paxocDERT6NerqHhxFZNAcwm1wnjO-ch,https://drive.google.com/open?id=1-EI8yIjICH1dfLpMg0vc51-sqFUSqkIB,,1,0,0,2,3,https://drive.google.com/open?id=1RTsY3uzwdnSRniGpWRWmtB2LJbaKY9Lt,,,,,,,,,,
Speedy,Graded (No Uma Restrictions),Get into A finals,I accept these terms,Day 1,Android - phone or tablet,$1-100,977,,Reddit - /r/umamusumeGame,,,Yaeno Muteki,Pace Chaser,Ace built for this CM before CM start in Trackblazer scenario,S+,2,0,0,2,2,0,0,60,38,Agnes Digital,Pace Chaser,Ace built for this CM before CM start in Trackblazer scenario,SS+,2,0,1,0,3,0,0,60,38,El Condor Pasa,Pace Chaser,Ace built for this CM before CM start in Unity Cup scenario,SS,1,0,0,2,3,0,0,,,3 Attempts - 15 Races total,7,Go to Submit page,,,,,,,,,,,,,,,,,,,,,,,,,,,,,,,,,,,,,,,,,,,,,,,,,,,,,,,,,,,,,,,,,,,,,,,,,,,,,,,,,,,,,,,,,,,,,,,,,,,,,,,,,,,,,,,,,,,,,,,,,,,,,,,,,,,,,,,,,,,,,,,,,,,,,,,,,,
Salt,Graded (No Uma Restrictions),"Win A finals with ""oshi"" uma",I accept these terms,Finals,Windows,$0,1661,11-20 (roughly 2-3 per day),YouTube - MooMooCows - https://www.youtube.com/@MooMooCows,5,,Manhattan Cafe,Late Surger,Ace built for this CM before CM start in Unity Cup scenario,UG (or higher),2,0,0,0,3,0,1,,16,Agnes Digital,Late Surger,Ace built for this CM before CM start in Unity Cup scenario,UG (or higher),2,0,0,0,3,0,1,,19,Taiki Shuttle,Pace Chaser,Ace built for this CM before CM start in Trackblazer scenario,UG (or higher),1,0,0,3,2,0,0,60,34,4 Attempts - 20 Races total,14,Go to Submit page,,,,,,,,,,,,,,,,,,,,Re-use Day 1 - Team Comp 1 as Day 2 - Team Comp 1,,,,,,,,,,,,,4 Attempts - 20 Races total,17,Go to Submit page,,,,,,,,,,,,,,,,,,Re-use Day 2 - Team Comp 1 as Day 3 - Team Comp 1,A Group,,,,,,,,,,,,,4 Attempts - 20 Races total,13,Go to Submit page,,,,,,,,,,,,,,,,,,Re-use Day 3 - Team Comp 1 as Day 4 - Team Comp 1,A Group,,,,,,,,,,,,,4 Attempts - 20 Races total,12,Go to Submit page,,,,,,,,,,,,,,,,,,A Finals,11152,Re-use Day 4 - Team Comp 1 as Finals Team Comp,,,,,,,,,,https://drive.google.com/open?id=1XHH4jjmrQSXrxRhK-5WJ7nThQFTk5QOO,1st,,,,,,,,,,,No way I got ohsi award with Taiki,https://drive.google.com/open?id=1j6LPXFNA1KCr4fMnSD88a1_hEqiBLgOL,https://drive.google.com/open?id=1Zk_-aM1_IXLCM2ige1Elu0WPCmqRjZuL,,0,0,15,3,0,https://drive.google.com/open?id=13g6Cx3z-lQK57MsLib1v6AlOo6bFYgUF
rly.,Graded (No Uma Restrictions),"Win A finals with ""oshi"" uma",I accept these terms,Finals,"Android - phone or tablet, Windows",$1-100,1618,31-45 (roughly 5-6 per day),Discord - MooMooCord - https://discord.gg/Hc7cP9GB,,,King Halo,Late Surger,Ace built for this CM before CM start in Unity Cup scenario,UG (or higher),2,,1,,2,,1,65,23,Mejiro Ryan,Late Surger,Ace built for this CM before CM start in Trackblazer scenario,SS,2,,1,,2,,1,65,37,Special Week,Late Surger,Ace built for this CM before CM start in Unity Cup scenario,SS+,2,,1,,2,,1,65,20,4 Attempts - 20 Races total,17,Go to Submit page,,,,,,,,,,,,,,,,,,,,Re-use Day 1 - Team Comp 1 as Day 2 - Team Comp 1,,,,,,,,,,,,,4 Attempts - 20 Races total,15,Go to Submit page,,,,,,,,,,,,,,,,,,Re-use Day 2 - Team Comp 1 as Day 3 - Team Comp 1,A Group,,,,,,,,,,,,,4 Attempts - 20 Races total,13,Go to Submit page,,,,,,,,,,,,,,,,,,Add a new Team Comp as Day 4 - Team Comp 1,A Group,King Halo,Late Surger,Ace built for this CM before CM start in Unity Cup scenario,UG (or higher),Mejiro Ryan,Late Surger,Ace built for this CM before CM start in Trackblazer scenario,SS,Grass Wonder,Late Surger,Debuffer,S,4 Attempts - 20 Races total,10,Go to Submit page,,,,,,,,,,,,,,,,,,A Finals,10857,Re-use Day 4 - Team Comp 1 as Finals Team Comp,,,,,,,,,,https://drive.google.com/open?id=1M9nFyzGv5U5NnsRi5aFSk0czLt2UBvq0,1st,,,,,,,,,,,skills still matter ,https://drive.google.com/open?id=1tn7_6VP1o_U2Nsmve7N6JkJNaLkhLo2_,https://drive.google.com/open?id=1fycGPsAaoEwVd5zpn_DtoCwxEtocS0kl,,4,,4,2,3,https://drive.google.com/open?id=1-Berlt-jn_oyJhKdn4RnUoUzn3nUDtCV
IanDakar,Graded (No Uma Restrictions),Get into B finals,I accept these terms,Finals,Android - phone or tablet,$1-100,1133,31-45 (roughly 5-6 per day),,,,Daiwa Scarlet,Front Runner,Ace built for this CM before CM start in Unity Cup scenario,SS+,3,0,0,0,2,0,1,,,Silence Suzuka,Front Runner,Ace built for this CM before CM start in Unity Cup scenario,SS,3,0,0,0,2,0,1,,,Taiki Shuttle,Pace Chaser,Ace built for this CM before CM start in Unity Cup scenario,SS,3,0,0,0,2,0,1,,,4 Attempts - 20 Races total,9,Go to Submit page,,,,,,,,,,,,,,,,,,,,Re-use Day 1 - Team Comp 1 as Day 2 - Team Comp 1,,,,,,,,,,,,,3 Attempts - 15 Races total,5,Go to Submit page,,,,,,,,,,,,,,,,,,Re-use Day 2 - Team Comp 1 as Day 3 - Team Comp 1,A Group,,,,,,,,,,,,,4 Attempts - 20 Races total,9,Go to Submit page,,,,,,,,,,,,,,,,,,Re-use Day 3 - Team Comp 1 as Day 4 - Team Comp 1,A Group,,,,,,,,,,,,,4 Attempts - 20 Races total,4,Go to Submit page,,,,,,,,,,,,,,,,,,A Finals,4708,Re-use Day 4 - Team Comp 1 as Finals Team Comp,,,,,,,,,,https://drive.google.com/open?id=1gjJkLM4U5ctv7GXHsu7t-Oaa0SVZKTjK,3rd,Yes,https://drive.google.com/open?id=1JCBFOf5gWnW1Q5832yhc2ZCI59iPu32C,https://drive.google.com/open?id=1DrcfKIa6XPvI_DSb0zZmn8iMM29kkU0a,,,,,,,https://drive.google.com/open?id=1xH97es2TZYpUkRW66TFqSkZgjCso8hD4,,,,,,,,,,
Svera,Graded (No Uma Restrictions),"Win A finals with ""oshi"" uma",I accept these terms,Day 4,"Android - phone or tablet, Windows",$101-500,1456,21-30 (roughly 3-4 per day),Discord - MooMooCord - https://discord.gg/Hc7cP9GB,5,,Kawakami Princess,Late Surger,Ace built for this CM before CM start in Unity Cup scenario,SS,2,0,1,0,2,0,1,45,15,Oguri Cap,Pace Chaser,Ace built for this CM before CM start in Unity Cup scenario,UG (or higher),2,0,1,0,3,0,0,50,12,Taiki Shuttle,Pace Chaser,Ace built for this CM before CM start in Unity Cup scenario,SS,2,0,1,0,2,0,1,55,13,2 Attempts - 10 Races total,7,Day 1 - Add 2nd Team,Sweep Tosho,End Closer,Ace built for this CM before CM start in Unity Cup scenario,SS,45,Kawakami Princess,Late Surger,Ace built for this CM before CM start in Unity Cup scenario,SS,45,Oguri Cap,Pace Chaser,Ace built for this CM before CM start in Unity Cup scenario,UG (or higher),50,2 Attempts - 10 Races total,7,2 teams,Go to Submit page,Re-use Day 1 - Team Comp 1 as Day 2 - Team Comp 1,,,,,,,,,,,,,4 Attempts - 20 Races total,15,Go to Submit page,,,,,,,,,,,,,,,,,,Re-use Day 2 - Team Comp 1 as Day 3 - Team Comp 1,A Group,,,,,,,,,,,,,4 Attempts - 20 Races total,7,Go to Submit page,,,,,,,,,,,,,,,,,,Re-use Day 3 - Team Comp 1 as Day 4 - Team Comp 1,A Group,,,,,,,,,,,,,4 Attempts - 20 Races total,8,Go to Submit page,,,,,,,,,,,,,,,,,,,,,,,,,,,,,,,,,,,,,,,,,,,,,,,,,,,
SoupEnergy,Graded (No Uma Restrictions),"Win A finals with ""oshi"" uma",I accept these terms,Finals,MacOS,$0,,,,,,Agnes Digital,Late Surger,Ace built for this CM before CM start in Unity Cup scenario,UG (or higher),,,,,,,,,,Oguri Cap,Late Surger,Ace built for this CM before CM start in Unity Cup scenario,UG (or higher),,,,,,,,,,Smart Falcon,Front Runner,Ace built for this CM before CM start in Unity Cup scenario,SS,,,,,,,,,,3 Attempts - 15 Races total,10,Go to Submit page,,,,,,,,,,,,,,,,,,,,Re-use Day 1 - Team Comp 1 as Day 2 - Team Comp 1,,,,,,,,,,,,,3 Attempts - 15 Races total,9,Go to Submit page,,,,,,,,,,,,,,,,,,Re-use Day 2 - Team Comp 1 as Day 3 - Team Comp 1,A Group,,,,,,,,,,,,,3 Attempts - 15 Races total,10,Go to Submit page,,,,,,,,,,,,,,,,,,Re-use Day 3 - Team Comp 1 as Day 4 - Team Comp 1,A Group,,,,,,,,,,,,,3 Attempts - 15 Races total,9,Go to Submit page,,,,,,,,,,,,,,,,,,A Finals,13120,Re-use Day 4 - Team Comp 1 as Finals Team Comp,,,,,,,,,,,3rd,No (goes to Submit page),,,,,,,,,,,,,,,,,,,
qwoot,Graded (No Uma Restrictions),Win A finals with any uma,I accept these terms,Finals,"iOS - phone or tablet, Windows",$0,817,11-20 (roughly 2-3 per day),"Discord - MooMooCord - https://discord.gg/Hc7cP9GB, Twitch - MooMooCows - https://www.twitch.tv/moomoomoocows",,,Sakura Bakushin O,Front Runner,Ace built for this CM before CM start in Unity Cup scenario,UG (or higher),2,,,,4,,,,,Silence Suzuka,Front Runner,Ace built for this CM before CM start in Unity Cup scenario,UG (or higher),2,,,1,3,,,,,Taiki Shuttle,Front Runner,Ace built for this CM before CM start in Unity Cup scenario,UG (or higher),2,,,1,3,,,,,1 Attempt - 5 Races total,0,Day 1 - Add 2nd Team,Oguri Cap,Pace Chaser,Mid-CM Ace build in Unity Cup scenario,UG (or higher),,Taiki Shuttle,Pace Chaser,Mid-CM Ace build in Unity Cup scenario,UG (or higher),,Sakura Bakushin O,Pace Chaser,Mid-CM Ace build in Unity Cup scenario,UG (or higher),,3 Attempts - 15 Races total,12,2 teams,Go to Submit page,Re-use Day 1 - Team Comp 2 as Day 2 - Team Comp 1,,,,,,,,,,,,,4 Attempts - 20 Races total,13,Go to Submit page,,,,,,,,,,,,,,,,,,Re-use Day 2 - Team Comp 1 as Day 3 - Team Comp 1,A Group,,,,,,,,,,,,,4 Attempts - 20 Races total,9,Go to Submit page,,,,,,,,,,,,,,,,,,Re-use Day 3 - Team Comp 1 as Day 4 - Team Comp 1,A Group,,,,,,,,,,,,,4 Attempts - 20 Races total,12,Go to Submit page,,,,,,,,,,,,,,,,,,A Finals,14205,Re-use Day 4 - Team Comp 1 as Finals Team Comp,,,,,,,,,,,2nd,No (goes to Submit page),,,,,,,,,,,,,,,,,,,
Aelmar,Graded (No Uma Restrictions),Get into A finals,I accept these terms,Finals,Windows,$101-500,1434,11-20 (roughly 2-3 per day),Discord - MooMooCord - https://discord.gg/Hc7cP9GB,4,,Taiki Shuttle,Pace Chaser,Ace built for this CM before CM start in Unity Cup scenario,UG (or higher),1,,,2,3,,,,,Nishino Flower,Pace Chaser,Ace built for this CM before CM start in Unity Cup scenario,UG (or higher),2,,,1,,,,,,Sakura Bakushin O,Pace Chaser,Ace built for this CM before CM start in Unity Cup scenario,UG (or higher),2,,,,4,,,,,4 Attempts - 20 Races total,12,Go to Submit page,,,,,,,,,,,,,,,,,,,,Re-use Day 1 - Team Comp 1 as Day 2 - Team Comp 1,,,,,,,,,,,,,4 Attempts - 20 Races total,11,Go to Submit page,,,,,,,,,,,,,,,,,,Re-use Day 2 - Team Comp 1 as Day 3 - Team Comp 1,A Group,,,,,,,,,,,,,4 Attempts - 20 Races total,10,Go to Submit page,,,,,,,,,,,,,,,,,,Re-use Day 3 - Team Comp 1 as Day 4 - Team Comp 1,A Group,,,,,,,,,,,,,4 Attempts - 20 Races total,9,Go to Submit page,,,,,,,,,,,,,,,,,,A Finals,8434,Re-use Day 4 - Team Comp 1 as Finals Team Comp,,,,,,,,,,,2nd,No (goes to Submit page),,,,,,,,,,,,,,,,,,,
Jikuto,Graded (No Uma Restrictions),Get into A finals,I accept these terms,Finals,"Android - phone or tablet, Windows",$1-100,1259,31-45 (roughly 5-6 per day),"Discord - MooMooCord - https://discord.gg/Hc7cP9GB, YouTube - MooMooCows - https://www.youtube.com/@MooMooCows",5,,Oguri Cap,Pace Chaser,Ace built for this CM before CM start in Unity Cup scenario,UG (or higher),2,0,1,0,3,0,0,43,18,Taiki Shuttle,Pace Chaser,Ace built for this CM before CM start in Unity Cup scenario,SS,2,0,1,0,3,0,0,43,18,Nishino Flower,Pace Chaser,Ace built for this CM before CM start in Unity Cup scenario,SS+,2,0,1,0,3,0,0,43,12,4 Attempts - 20 Races total,13,Go to Submit page,,,,,,,,,,,,,,,,,,,,Re-use Day 1 - Team Comp 1 as Day 2 - Team Comp 1,,,,,,,,,,,,,4 Attempts - 20 Races total,11,Day 1,,,,,,,,,,,,,,,,,,Re-use Day 2 - Team Comp 1 as Day 3 - Team Comp 1,A Group,,,,,,,,,,,,,4 Attempts - 20 Races total,11,Go to Submit page,,,,,,,,,,,,,,,,,,Re-use Day 3 - Team Comp 1 as Day 4 - Team Comp 1,A Group,,,,,,,,,,,,,4 Attempts - 20 Races total,7,Go to Submit page,,,,,,,,,,,,,,,,,,A Finals,,Re-use Day 4 - Team Comp 1 as Finals Team Comp,,,,,,,,,,,2nd,No (goes to Submit page),,,,,,,,,,,,,,,,,,,
LkRoxy,Graded (No Uma Restrictions),Win A finals with any uma,I accept these terms,Finals,"iOS - phone or tablet, Windows",$101-500,918,11-20 (roughly 2-3 per day),Discord - MooMooCord - https://discord.gg/Hc7cP9GB,5,,Nishino Flower,Pace Chaser,Ace built for this CM before CM start in Unity Cup scenario,UG (or higher),2,0,0,1,3,0,0,55,15,Taiki Shuttle,Pace Chaser,Ace built for this CM before CM start in Unity Cup scenario,UG (or higher),2,0,0,1,3,0,0,45,19,Oguri Cap,Pace Chaser,Ace built for this CM before CM start in Unity Cup scenario,UG (or higher),2,0,1,0,3,0,0,43,20,4 Attempts - 20 Races total,14,Go to Submit page,,,,,,,,,,,,,,,,,,,,Re-use Day 1 - Team Comp 1 as Day 2 - Team Comp 1,,,,,,,,,,,,,4 Attempts - 20 Races total,14,Go to Submit page,,,,,,,,,,,,,,,,,,Re-use Day 2 - Team Comp 1 as Day 3 - Team Comp 1,A Group,,,,,,,,,,,,,4 Attempts - 20 Races total,15,Go to Submit page,,,,,,,,,,,,,,,,,,Re-use Day 3 - Team Comp 1 as Day 4 - Team Comp 1,A Group,,,,,,,,,,,,,4 Attempts - 20 Races total,18,Go to Submit page,,,,,,,,,,,,,,,,,,A Finals,11080,Re-use Day 4 - Team Comp 1 as Finals Team Comp,,,,,,,,,,https://drive.google.com/open?id=16bupH9H2qjkf1KrRnzDqFj7woyIee8Wv,3rd,No (goes to Submit page),,,,,,,,,,,,,,,,,,,
Theodore,Graded (No Uma Restrictions),get to A final while waiting for oshis,I accept these terms,Finals,iOS - phone or tablet,$501-1000,1500,21-30 (roughly 3-4 per day),"Twitch - MooMooCows - https://www.twitch.tv/moomoomoocows, YouTube - MooMooCows - https://www.youtube.com/@MooMooCows",4,,Taiki Shuttle (Camping),Pace Chaser,Ace built for this CM before CM start in Unity Cup scenario,SS+,2,,,2,2,,,,,Sakura Bakushin O,Pace Chaser,Ace built for this CM before CM start in Unity Cup scenario,SS+,2,,1,,3,,,,,Eishin Flash (Valentine),End Closer,Debuffer,SS,1,,1,,3,1,,,,4 Attempts - 20 Races total,13,Go to Submit page,,,,,,,,,,,,,,,,,,,,Re-use Day 1 - Team Comp 1 as Day 2 - Team Comp 1,,,,,,,,,,,,,4 Attempts - 20 Races total,15,Go to Submit page,,,,,,,,,,,,,,,,,,Re-use Day 2 - Team Comp 1 as Day 3 - Team Comp 1,A Group,,,,,,,,,,,,,4 Attempts - 20 Races total,10,Go to Submit page,,,,,,,,,,,,,,,,,,Re-use Day 3 - Team Comp 1 as Day 4 - Team Comp 1,A Group,,,,,,,,,,,,,4 Attempts - 20 Races total,11,Go to Submit page,,,,,,,,,,,,,,,,,,A Finals,11420,Re-use Day 4 - Team Comp 1 as Finals Team Comp,,,,,,,,,,https://drive.google.com/open?id=16OzUdH53Ci4nhXbONQjPWtIhDUr6Ll5r,1st,,,,,,,,,,,,https://drive.google.com/open?id=1Z8R5KHibcLJ_dSmD8TfO0KBf53lZp3kd,https://drive.google.com/open?id=1R8AO6z8NeNQLoVNamWvjdRM_OKA7v0UP,,3,,13,,,https://drive.google.com/open?id=1L3O7Kt10KBLTrztqAbztEypXBlEkerra
procker,Graded (No Uma Restrictions),Get into A finals,I accept these terms,Finals,"iOS - phone or tablet, Windows",$1-100,516,11-20 (roughly 2-3 per day),"Discord - MooMooCord - https://discord.gg/Hc7cP9GB, Twitch - MooMooCows - https://www.twitch.tv/moomoomoocows",5,,Taiki Shuttle,Pace Chaser,Ace built for this CM before CM start in Unity Cup scenario,SS+,2,,1,,3,,,,,Fuji Kiseki,Pace Chaser,Ace built for this CM before CM start in Unity Cup scenario,SS,2,,1,,3,,,,,Air Groove (Wedding),Pace Chaser,Ace built for this CM before CM start in Unity Cup scenario,SS,2,,1,,3,,,,,4 Attempts - 20 Races total,13,Go to Submit page,,,,,,,,,,,,,,,,,,,,Re-use Day 1 - Team Comp 1 as Day 2 - Team Comp 1,,,,,,,,,,,,,4 Attempts - 20 Races total,11,Go to Submit page,,,,,,,,,,,,,,,,,,Re-use Day 2 - Team Comp 1 as Day 3 - Team Comp 1,A Group,,,,,,,,,,,,,4 Attempts - 20 Races total,6,Go to Submit page,,,,,,,,,,,,,,,,,,Re-use Day 3 - Team Comp 1 as Day 4 - Team Comp 1,A Group,,,,,,,,,,,,,4 Attempts - 20 Races total,8,Go to Submit page,,,,,,,,,,,,,,,,,,A Finals,9934,Re-use Day 4 - Team Comp 1 as Finals Team Comp,,,,,,,,,,https://drive.google.com/open?id=1N1nPFWw0kufRvDnSrTgl1wFP2M78YdQF,3rd,Yes,https://drive.google.com/open?id=1dO8e39liKCLYvui-Yp3zg2pe7s8Tg4kg,https://drive.google.com/open?id=1763zVFNurn0EVqsqkzFASKoOaZ_Ro1VB,https://drive.google.com/open?id=1t9O1rEEJswK4MCfdrHVQLpovw844Ve9Z,,,15,,2,https://drive.google.com/open?id=1n8dQZQ-7r02Z2brH1lnE3i2AcdVSbAY1,,,,,,,,,,
lulu ☆ミ,Graded (No Uma Restrictions),Get into A finals,I accept these terms,Day 4,iOS - phone or tablet,$1-100,1050,11-20 (roughly 2-3 per day),Discord - MooMooCord - https://discord.gg/Hc7cP9GB,,,Curren Chan (Wedding),Pace Chaser,Ace built for this CM before CM start in Unity Cup scenario,SS,,,,,,,,,,Oguri Cap,Pace Chaser,Ace built for this CM before CM start in Unity Cup scenario,SS,,,,,,,,,,Taiki Shuttle,Pace Chaser,Ace built for this CM before CM start in Unity Cup scenario,SS,,,,,,,,,,4 Attempts - 20 Races total,11,Go to Submit page,,,,,,,,,,,,,,,,,,,,Re-use Day 1 - Team Comp 1 as Day 2 - Team Comp 1,,,,,,,,,,,,,4 Attempts - 20 Races total,13,Go to Submit page,,,,,,,,,,,,,,,,,,Re-use Day 2 - Team Comp 1 as Day 3 - Team Comp 1,A Group,,,,,,,,,,,,,4 Attempts - 20 Races total,8,Go to Submit page,,,,,,,,,,,,,,,,,,Re-use Day 3 - Team Comp 1 as Day 4 - Team Comp 1,A Group,,,,,,,,,,,,,4 Attempts - 20 Races total,6,Go to Submit page,,,,,,,,,,,,,,,,,,,,,,,,,,,,,,,,,,,,,,,,,,,,,,,,,,,
PotatoPop28,Graded (No Uma Restrictions),Get into A finals,I accept these terms,Finals,"iOS - phone or tablet, Windows",$101-500,735,6-10 (roughly 1 per day),Discord - MooMooCord - https://discord.gg/Hc7cP9GB,5,,Taiki Shuttle,Pace Chaser,Ace built for this CM before CM start in Unity Cup scenario,SS+,3,,,,3,,,40,14,Nishino Flower,Pace Chaser,Ace built for this CM before CM start in Unity Cup scenario,SS,3,,,,3,,,40,14,Oguri Cap,Pace Chaser,Ace built for this CM before CM start in Unity Cup scenario,UG (or higher),2,,,,2,,,45,14,4 Attempts - 20 Races total,13,Go to Submit page,,,,,,,,,,,,,,,,,,,,Re-use Day 1 - Team Comp 1 as Day 2 - Team Comp 1,,,,,,,,,,,,,4 Attempts - 20 Races total,12,Day 3,,,,,,,,,,,,,,,,,,Re-use Day 2 - Team Comp 1 as Day 3 - Team Comp 1,A Group,,,,,,,,,,,,,4 Attempts - 20 Races total,5,Day 4,,,,,,,,,,,,,,,,,,Re-use Day 3 - Team Comp 1 as Day 4 - Team Comp 1,A Group,,,,,,,,,,,,,4 Attempts - 20 Races total,6,Go to Submit page,,,,,,,,,,,,,,,,,,A Finals,10170,Re-use Day 4 - Team Comp 1 as Finals Team Comp,,,,,,,,,,https://drive.google.com/open?id=1f_oVmjRuW15Fj5rWErszdOtvH_wsQndC,1st,,,,,,,,,,,,https://drive.google.com/open?id=1_UoFJDpQ_em55ZSBKI2QOtl0c2eSFVpi,https://drive.google.com/open?id=19RLoDtVXbwrpHqAO4SDVg5ZiIqKJRmbZ,,4,,6,,2,https://drive.google.com/open?id=1axOtwf_pXWVTFNpsBEjeXxLAo4iyVXtW
universerene,Graded (No Uma Restrictions),Get into A finals,I accept these terms,Day 1,Windows,$0,904,11-20 (roughly 2-3 per day),Discord - MooMooCord - https://discord.gg/Hc7cP9GB,5,,Oguri Cap,Pace Chaser,Ace built for this CM before CM start in Unity Cup scenario,SS,1,,,3,2,,,,,Fuji Kiseki,Pace Chaser,Ace built for this CM before CM start in Unity Cup scenario,SS,1,,,3,2,,,,,Sakura Bakushin O,Pace Chaser,Ace built for this CM before CM start in Unity Cup scenario,SS,1,,,3,2,,,,,2 Attempts - 10 Races total,8,Day 2,,,,,,,,,,,,,,,,,,,,Re-use Day 1 - Team Comp 1 as Day 2 - Team Comp 1,,,,,,,,,,,,,2 Attempts - 10 Races total,7,Day 3,,,,,,,,,,,,,,,,,,Re-use Day 2 - Team Comp 1 as Day 3 - Team Comp 1,A Group,,,,,,,,,,,,,4 Attempts - 20 Races total,11,Day 4,,,,,,,,,,,,,,,,,,Re-use Day 3 - Team Comp 1 as Day 4 - Team Comp 1,A Group,,,,,,,,,,,,,4 Attempts - 20 Races total,14,Finals,,,,,,,,,,,,,,,,,,A Finals,,Re-use Day 4 - Team Comp 1 as Finals Team Comp,,,,,,,,,,,2nd,No (goes to Submit page),,,,,,,,,,,,,,,,,,,
Yama,Graded (No Uma Restrictions),Rather not say,I accept these terms,Finals,Windows,$101-500,,21-30 (roughly 3-4 per day),Discord - MooMooCord - https://discord.gg/Hc7cP9GB,,,Taiki Shuttle,Pace Chaser,Ace built for this CM before CM start in Unity Cup scenario,UG (or higher),2,0,1,0,3,0,0,,,Nishino Flower,Pace Chaser,Ace built for this CM before CM start in Unity Cup scenario,UG (or higher),2,0,1,0,3,0,0,,,Oguri Cap,Pace Chaser,Ace built for this CM before CM start in Unity Cup scenario,UG (or higher),2,0,1,0,3,0,0,,,4 Attempts - 20 Races total,14,Go to Submit page,,,,,,,,,,,,,,,,,,,,Re-use Day 1 - Team Comp 1 as Day 2 - Team Comp 1,,,,,,,,,,,,,4 Attempts - 20 Races total,9,Go to Submit page,,,,,,,,,,,,,,,,,,Re-use Day 2 - Team Comp 1 as Day 3 - Team Comp 1,A Group,,,,,,,,,,,,,2 Attempts - 10 Races total,3,Day 3 - Add 2nd Team,Add new Team Comp as Day 3 - Team Comp 2,Taiki Shuttle,Pace Chaser,Mid-CM Ace build in Unity Cup scenario,UG (or higher),Oguri Cap,Pace Chaser,Mid-CM Ace build in Unity Cup scenario,UG (or higher),Nishino Flower,Pace Chaser,Mid-CM Ace build in Trackblazer scenario,UG (or higher),2 Attempts - 10 Races total,6,2 teams,Go to Submit page,Re-use Day 3 - Team Comp 2 as Day 4 - Team Comp 1,A Group,,,,,,,,,,,,,4 Attempts - 20 Races total,12,Go to Submit page,,,,,,,,,,,,,,,,,,A Finals,,Re-use Day 4 - Team Comp 1 as Finals Team Comp,,,,,,,,,,,1st,,,,,,,,,,,,,,,,,,,,
laugh_,Graded (No Uma Restrictions),need to win finals for ms. victoria concert,I accept these terms,Finals,iOS - phone or tablet,$101-500,506,6-10 (roughly 1 per day),Discord - MooMooCord - https://discord.gg/Hc7cP9GB,5,,Oguri Cap,Pace Chaser,Ace built for this CM before CM start in Unity Cup scenario,UG (or higher),2,,,1,3,,,,,Nishino Flower,Pace Chaser,Ace built for this CM before CM start in Unity Cup scenario,UG (or higher),2,,,1,3,,,,,Taiki Shuttle,Pace Chaser,Ace built for this CM before CM start in Unity Cup scenario,UG (or higher),2,,,1,3,,,,,4 Attempts - 20 Races total,19,Go to Submit page,,,,,,,,,,,,,,,,,,,,Re-use Day 1 - Team Comp 1 as Day 2 - Team Comp 1,,,,,,,,,,,,,4 Attempts - 20 Races total,16,Go to Submit page,,,,,,,,,,,,,,,,,,Re-use Day 2 - Team Comp 1 as Day 3 - Team Comp 1,A Group,,,,,,,,,,,,,4 Attempts - 20 Races total,14,Go to Submit page,,,,,,,,,,,,,,,,,,Re-use Day 3 - Team Comp 1 as Day 4 - Team Comp 1,A Group,,,,,,,,,,,,,4 Attempts - 20 Races total,8,Go to Submit page,,,,,,,,,,,,,,,,,,A Finals,7937,Re-use Day 4 - Team Comp 1 as Finals Team Comp,,,,,,,,,,https://drive.google.com/open?id=1rLvcHWsQ4UmGxX62hUwM1CSa95MZrRNb,1st,,,,,,,,,,,,https://drive.google.com/open?id=1Q2PKI_Go7naoKBt3WyTyeWDl90b_6nQx,https://drive.google.com/open?id=1idxojl1ixrW_TzENjxoJKcs2TedD8Xh6,,,2,11,,2,https://drive.google.com/open?id=15o5m8G_1LVDUXZ_BXKDoG1jj8XWenvVM
GohShiShi,Graded (No Uma Restrictions),Collect participation rewards,I accept these terms,Day 1,iOS - phone or tablet,$101-500,951,0-5 (less than 1 per day),Discord - MooMooCord - https://discord.gg/Hc7cP9GB,5,,Sakura Bakushin O,Front Runner,Ace built for this CM before CM start in Unity Cup scenario,UG (or higher),2,0,1,0,2,0,1,,,Taiki Shuttle,Pace Chaser,Ace built for this CM before CM start in Unity Cup scenario,SS+,2,0,1,0,2,0,1,,,Mihono Bourbon (Valentine),Front Runner,Ace built for this CM before CM start in Unity Cup scenario,SS,2,0,2,0,1,0,1,,,4 Attempts - 20 Races total,8,Go to Submit page,,,,,,,,,,,,,,,,,,,,,,,,,,,,,,,,,,,,,,,,,,,,,,,,,,,,,,,,,,,,,,,,,,,,,,,,,,,,,,,,,,,,,,,,,,,,,,,,,,,,,,,,,,,,,,,,,,,,,,,,,,,,,,,,,,,,,,,,,,,,,,,,,,,,,,,,,,
fnoot,Graded (No Uma Restrictions),Win A finals with any uma,I accept these terms,Finals,"Android - phone or tablet, Windows",$501-1000,861,6-10 (roughly 1 per day),Discord - MooMooCord - https://discord.gg/Hc7cP9GB,5,,Oguri Cap,Pace Chaser,Ace built for this CM before CM start in Unity Cup scenario,SS,2,,1,,2,,1,,,Curren Chan (Wedding),Pace Chaser,Ace built for this CM before CM start in Unity Cup scenario,UG (or higher),2,,,1,2,,1,,,Mejiro Ryan,Late Surger,Ace built for this CM before CM start in Unity Cup scenario,S+,2,,1,,2,,1,,,4 Attempts - 20 Races total,11,Go to Submit page,,,,,,,,,,,,,,,,,,,,Re-use Day 1 - Team Comp 1 as Day 2 - Team Comp 1,,,,,,,,,,,,,4 Attempts - 20 Races total,9,Go to Submit page,,,,,,,,,,,,,,,,,,Re-use Day 2 - Team Comp 1 as Day 3 - Team Comp 1,A Group,,,,,,,,,,,,,4 Attempts - 20 Races total,6,Go to Submit page,,,,,,,,,,,,,,,,,,Re-use Day 3 - Team Comp 1 as Day 4 - Team Comp 1,A Group,,,,,,,,,,,,,4 Attempts - 20 Races total,5,Go to Submit page,,,,,,,,,,,,,,,,,,A Finals,7905,Re-use Day 4 - Team Comp 1 as Finals Team Comp,,,,,,,,,,https://drive.google.com/open?id=11KvR0TE4EnCAaeqykuYW2ggDza4OvmBA,3rd,No (goes to Submit page),,,,,,,,,,,,,,,,,,,
MushroomBaracks,Graded (No Uma Restrictions),Get into A finals,I accept these terms,Finals,Windows,$0,624,31-45 (roughly 5-6 per day),"Discord - MooMooCord - https://discord.gg/Hc7cP9GB, YouTube - MooMooCows - https://www.youtube.com/@MooMooCows",5,,Hishi Akebono,Pace Chaser,Ace built for this CM before CM start in Unity Cup scenario,SS+,2,,1,,3,,,,,Taiki Shuttle,Pace Chaser,Ace built for this CM before CM start in Unity Cup scenario,UG (or higher),2,,1,,3,,,,,Air Groove (Wedding),Pace Chaser,Ace built for this CM before CM start in Unity Cup scenario,UG (or higher),2,,1,,3,,,,,4 Attempts - 20 Races total,12,Go to Submit page,,,,,,,,,,,,,,,,,,,,Re-use Day 1 - Team Comp 1 as Day 2 - Team Comp 1,,,,,,,,,,,,,4 Attempts - 20 Races total,13,Go to Submit page,,,,,,,,,,,,,,,,,,Re-use Day 2 - Team Comp 1 as Day 3 - Team Comp 1,A Group,,,,,,,,,,,,,4 Attempts - 20 Races total,6,Go to Submit page,,,,,,,,,,,,,,,,,,Re-use Day 3 - Team Comp 1 as Day 4 - Team Comp 1,A Group,,,,,,,,,,,,,4 Attempts - 20 Races total,8,Go to Submit page,,,,,,,,,,,,,,,,,,A Finals,7420,Re-use Day 4 - Team Comp 1 as Finals Team Comp,,,,,,,,,,https://drive.google.com/open?id=1tSut0v_4GatvEUEw36MThZA7tj_i5m4x,2nd,No (goes to Submit page),,,,,,,,,,,,,,,,,,,
Kai,Graded (No Uma Restrictions),Win A finals with any uma,I accept these terms,Finals,"iOS - phone or tablet, Windows",$101-500,1407,11-20 (roughly 2-3 per day),"Discord - MooMooCord - https://discord.gg/Hc7cP9GB, YouTube - MooMooCows - https://www.youtube.com/@MooMooCows",5,,Curren Chan (Wedding),Pace Chaser,Ace built for this CM before CM start in Unity Cup scenario,UG (or higher),2,0,1,0,3,0,0,,,Taiki Shuttle,Pace Chaser,Ace built for this CM before CM start in Unity Cup scenario,UG (or higher),2,0,1,0,3,0,0,,,King Halo,Late Surger,Ace built for this CM before CM start in Unity Cup scenario,UG (or higher),2,0,1,0,3,0,0,,,4 Attempts - 20 Races total,15,Go to Submit page,,,,,,,,,,,,,,,,,,,,Re-use Day 1 - Team Comp 1 as Day 2 - Team Comp 1,,,,,,,,,,,,,4 Attempts - 20 Races total,17,Go to Submit page,,,,,,,,,,,,,,,,,,Re-use Day 2 - Team Comp 1 as Day 3 - Team Comp 1,A Group,,,,,,,,,,,,,4 Attempts - 20 Races total,13,Go to Submit page,,,,,,,,,,,,,,,,,,Re-use Day 3 - Team Comp 1 as Day 4 - Team Comp 1,A Group,,,,,,,,,,,,,4 Attempts - 20 Races total,12,Go to Submit page,,,,,,,,,,,,,,,,,,A Finals,12021,Re-use Day 4 - Team Comp 1 as Finals Team Comp,,,,,,,,,,,1st,,,,,,,,,,,,,,,,,,,,
Triszari,Graded (No Uma Restrictions),Get into A finals,I accept these terms,Finals,"Android - phone or tablet, Windows",$101-500,1363,6-10 (roughly 1 per day),Reddit - /r/umamusumeGame,,,Sweep Tosho,Late Surger,Ace built for this CM before CM start in Unity Cup scenario,UG (or higher),2,,1,,3,,,,,Taiki Shuttle,Pace Chaser,Ace built for this CM before CM start in Unity Cup scenario,UG (or higher),1,,,2,3,,,,,Curren Chan,Pace Chaser,Ace built for this CM before CM start in Unity Cup scenario,UG (or higher),1,,,2,3,,,,,4 Attempts - 20 Races total,16,Go to Submit page,,,,,,,,,,,,,,,,,,,,Re-use Day 1 - Team Comp 1 as Day 2 - Team Comp 1,,,,,,,,,,,,,4 Attempts - 20 Races total,14,Go to Submit page,,,,,,,,,,,,,,,,,,Re-use Day 2 - Team Comp 1 as Day 3 - Team Comp 1,A Group,,,,,,,,,,,,,4 Attempts - 20 Races total,13,Go to Submit page,,,,,,,,,,,,,,,,,,Re-use Day 3 - Team Comp 1 as Day 4 - Team Comp 1,A Group,,,,,,,,,,,,,4 Attempts - 20 Races total,15,Go to Submit page,,,,,,,,,,,,,,,,,,A Finals,11554,Re-use Day 4 - Team Comp 1 as Finals Team Comp,,,,,,,,,,https://drive.google.com/open?id=1zebPcsUGeRm-BQOddpsdyC3qgC5A3JGy,1st,,,,,,,,,,,Magic is the most wonderful thing there is! ,https://drive.google.com/open?id=1xZoQpihxnsmEDPp8O6aPjPf27F3AcVrX,https://drive.google.com/open?id=1ewYLpg_HERa37YicNO9-NHjgwgmIbOwV,,,,15,,2,https://drive.google.com/open?id=1PRZ5tJ0sxbsdsp3oCM8Y5vs8yByqtH7t
HiryuXD,Graded (No Uma Restrictions),Win A finals with any uma,I accept these terms,Finals,"Android - phone or tablet, Windows",$5000+,974,11-20 (roughly 2-3 per day),Discord - MooMooCord - https://discord.gg/Hc7cP9GB,,,Curren Chan (Wedding),Pace Chaser,Ace built for this CM before CM start in Unity Cup scenario,UG (or higher),2,0,1,0,3,0,0,,,Taiki Shuttle (Camping),Pace Chaser,Ace built for this CM before CM start in Unity Cup scenario,SS+,2,0,0,0,4,0,0,,,Oguri Cap,Pace Chaser,Ace built for this CM before CM start in Unity Cup scenario,UG (or higher),2,0,1,0,3,0,0,,,4 Attempts - 20 Races total,11,Go to Submit page,,,,,,,,,,,,,,,,,,,,Re-use Day 1 - Team Comp 1 as Day 2 - Team Comp 1,,,,,,,,,,,,,4 Attempts - 20 Races total,11,Go to Submit page,,,,,,,,,,,,,,,,,,Re-use Day 2 - Team Comp 1 as Day 3 - Team Comp 1,A Group,,,,,,,,,,,,,4 Attempts - 20 Races total,9,Day 4,,,,,,,,,,,,,,,,,,Re-use Day 3 - Team Comp 1 as Day 4 - Team Comp 1,A Group,,,,,,,,,,,,,4 Attempts - 20 Races total,7,Go to Submit page,,,,,,,,,,,,,,,,,,A Finals,,Re-use Day 4 - Team Comp 1 as Finals Team Comp,,,,,,,,,,,3rd,No (goes to Submit page),,,,,,,,,,,,,,,,,,,
Doesnt_Matter,Graded (No Uma Restrictions),"Win A finals with ""oshi"" uma",I accept these terms,Finals,Windows,$1-100,1900,31-45 (roughly 5-6 per day),Discord - MooMooCord - https://discord.gg/Hc7cP9GB,,,Mejiro McQueen,Pace Chaser,Ace built for this CM before CM start in Unity Cup scenario,SS,2,,1,1,2,,,50,19,Air Groove,Pace Chaser,Ace built for this CM before CM start in Trackblazer scenario,SS,2,,1,1,2,,,50,40,Silence Suzuka,Runaway,Ace built for this CM before CM start in Unity Cup scenario,SS+,2,,,1,3,,,38,15,4 Attempts - 20 Races total,11,Go to Submit page,,,,,,,,,,,,,,,,,,,,Add new Team Comp as Day 2 - Team Comp 1,Mejiro McQueen,Pace Chaser,Ace built for this CM before CM start in Unity Cup scenario,SS,Air Groove,Pace Chaser,Ace built for this CM before CM start in Trackblazer scenario,SS,Gold City (Festival),End Closer,Debuffer,S+,4 Attempts - 20 Races total,11,Go to Submit page,,,,,,,,,,,,,,,,,,Re-use Day 2 - Team Comp 1 as Day 3 - Team Comp 1,A Group,,,,,,,,,,,,,4 Attempts - 20 Races total,12,Go to Submit page,,,,,,,,,,,,,,,,,,Re-use Day 3 - Team Comp 1 as Day 4 - Team Comp 1,A Group,,,,,,,,,,,,,4 Attempts - 20 Races total,11,Go to Submit page,,,,,,,,,,,,,,,,,,A Finals,10821,Re-use Day 4 - Team Comp 1 as Finals Team Comp,,,,,,,,,,https://drive.google.com/open?id=1HuRObUCz2vv_uo7QA9oByDZQleMGtnvW,2nd,No (goes to Submit page),,,,,,,,,,,,,,,,,,,
6>Suri,Graded (No Uma Restrictions),Get into A finals,I accept these terms,Finals,Android - phone or tablet,$0,833,6-10 (roughly 1 per day),"Discord - MooMooCord - https://discord.gg/Hc7cP9GB, Twitch - MooMooCows - https://www.twitch.tv/moomoomoocows, YouTube - MooMooCows - https://www.youtube.com/@MooMooCows",3,,Oguri Cap,Pace Chaser,Ace built for this CM before CM start in Unity Cup scenario,UG (or higher),,,,,,,,,,Symboli Rudolf,Late Surger,Debuffer,A+,,,,,,,,,,Grass Wonder,Late Surger,Debuffer,A+,,,,,,,,,,4 Attempts - 20 Races total,10,Go to Submit page,,,,,,,,,,,,,,,,,,,,Re-use Day 1 - Team Comp 1 as Day 2 - Team Comp 1,,,,,,,,,,,,,4 Attempts - 20 Races total,11,Go to Submit page,,,,,,,,,,,,,,,,,,Re-use Day 2 - Team Comp 1 as Day 3 - Team Comp 1,A Group,,,,,,,,,,,,,4 Attempts - 20 Races total,9,Go to Submit page,,,,,,,,,,,,,,,,,,Re-use Day 3 - Team Comp 1 as Day 4 - Team Comp 1,A Group,,,,,,,,,,,,,4 Attempts - 20 Races total,11,Go to Submit page,,,,,,,,,,,,,,,,,,A Finals,9665,Re-use Day 4 - Team Comp 1 as Finals Team Comp,,,,,,,,,,https://drive.google.com/open?id=1oSLITMlWn4Y-rsUpU68WAdzf2n7J7G5B,3rd,No (goes to Submit page),,,,,,,,,,,,,,,,,,,
4>EsJeruk,Graded (No Uma Restrictions),Get into A finals,I accept these terms,Finals,Android - phone or tablet,$0,357,6-10 (roughly 1 per day),"Discord - MooMooCord - https://discord.gg/Hc7cP9GB, Twitch - MooMooCows - https://www.twitch.tv/moomoomoocows, YouTube - MooMooCows - https://www.youtube.com/@MooMooCows",3,,Taiki Shuttle,Pace Chaser,Ace built for this CM before CM start in Unity Cup scenario,UG (or higher),,,,,,,,,,Eishin Flash (Valentine),Late Surger,Debuffer,A+,,,,,,,,,,Grass Wonder,Late Surger,Debuffer,A+,,,,,,,,,,4 Attempts - 20 Races total,9,Go to Submit page,,,,,,,,,,,,,,,,,,,,Re-use Day 1 - Team Comp 1 as Day 2 - Team Comp 1,,,,,,,,,,,,,4 Attempts - 20 Races total,7,Go to Submit page,,,,,,,,,,,,,,,,,,Re-use Day 2 - Team Comp 1 as Day 3 - Team Comp 1,A Group,,,,,,,,,,,,,4 Attempts - 20 Races total,6,Go to Submit page,,,,,,,,,,,,,,,,,,Re-use Day 3 - Team Comp 1 as Day 4 - Team Comp 1,A Group,,,,,,,,,,,,,4 Attempts - 20 Races total,7,Go to Submit page,,,,,,,,,,,,,,,,,,A Finals,8484,Re-use Day 4 - Team Comp 1 as Finals Team Comp,,,,,,,,,,https://drive.google.com/open?id=1-5HMT7GouoVHQveMS9ExbB-tCXxWsfrE,3rd,No (goes to Submit page),,,,,,,,,,,,,,,,,,,
1>EsJeruk,Graded (No Uma Restrictions),Get into A finals,I accept these terms,Finals,Android - phone or tablet,$0,440,6-10 (roughly 1 per day),"Discord - MooMooCord - https://discord.gg/Hc7cP9GB, Twitch - MooMooCows - https://www.twitch.tv/moomoomoocows, YouTube - MooMooCows - https://www.youtube.com/@MooMooCows",3,,Taiki Shuttle,Pace Chaser,Ace built for this CM before CM start in Unity Cup scenario,UG (or higher),,,,,,,,,,Agnes Tachyon,Pace Chaser,Debuffer,A+,,,,,,,,,,Grass Wonder,Late Surger,Debuffer,A+,,,,,,,,,,4 Attempts - 20 Races total,10,Go to Submit page,,,,,,,,,,,,,,,,,,,,Re-use Day 1 - Team Comp 1 as Day 2 - Team Comp 1,,,,,,,,,,,,,4 Attempts - 20 Races total,8,Go to Submit page,,,,,,,,,,,,,,,,,,Re-use Day 2 - Team Comp 1 as Day 3 - Team Comp 1,A Group,,,,,,,,,,,,,4 Attempts - 20 Races total,8,Go to Submit page,,,,,,,,,,,,,,,,,,Re-use Day 3 - Team Comp 1 as Day 4 - Team Comp 1,A Group,,,,,,,,,,,,,4 Attempts - 20 Races total,5,Go to Submit page,,,,,,,,,,,,,,,,,,A Finals,13373,Re-use Day 4 - Team Comp 1 as Finals Team Comp,,,,,,,,,,https://drive.google.com/open?id=1mGIZEIS5vjYlJ9YAYIaKabc1p8JEXH3y,3rd,No (goes to Submit page),,,,,,,,,,,,,,,,,,,
Malf,Graded (No Uma Restrictions),"Win A finals with ""oshi"" uma",I accept these terms,Finals,"Android - phone or tablet, Windows, SteamOS - Steam Deck",$101-500,1445,31-45 (roughly 5-6 per day),"Discord - MooMooCord - https://discord.gg/Hc7cP9GB, YouTube - MooMooCows - https://www.youtube.com/@MooMooCows",,,Seiun Sky,Pace Chaser,Ace built for this CM before CM start in Unity Cup scenario,SS+,2,0,0,1,2,1,0,42,21,Air Groove (Wedding),Pace Chaser,Ace built for this CM before CM start in Unity Cup scenario,SS,2,0,1,1,2,0,0,40,23,Nishino Flower,Pace Chaser,Ace built for this CM before CM start in Unity Cup scenario,UG (or higher),2,0,1,1,2,0,0,40,24,4 Attempts - 20 Races total,19,Go to Submit page,,,,,,,,,,,,,,,,,,,,Re-use Day 1 - Team Comp 1 as Day 2 - Team Comp 1,,,,,,,,,,,,,4 Attempts - 20 Races total,14,Go to Submit page,,,,,,,,,,,,,,,,,,Re-use Day 2 - Team Comp 1 as Day 3 - Team Comp 1,A Group,,,,,,,,,,,,,4 Attempts - 20 Races total,12,Go to Submit page,,,,,,,,,,,,,,,,,,Re-use Day 3 - Team Comp 1 as Day 4 - Team Comp 1,A Group,,,,,,,,,,,,,4 Attempts - 20 Races total,15,Go to Submit page,,,,,,,,,,,,,,,,,,A Finals,9137,Re-use Day 4 - Team Comp 1 as Finals Team Comp,,,,,,,,,,https://drive.google.com/open?id=1SBKHRR-tXDPOUJzUU8NCP-8TVSgLxQU3,1st,,,,,,,,,,,"Sprint G? Pace B? TSS in the career making me run Riko in a Sprint? Don't care, my first ever Ms. Victoria is my oshi, Lucky Pace Seiun brings it home.",https://drive.google.com/open?id=14cl6R6xikNoGt54Jv5S4rLcARschKWL7,https://drive.google.com/open?id=1w0APo9eR8zDAEE6NMsMFgL_nB27SD13h,,3,2,8,0,0,https://drive.google.com/open?id=164Mw3BrUxuqz0ldoV86ba0hh8rpHhCGi
nightsandwich,Graded (No Uma Restrictions),Win A finals with any uma,I accept these terms,Day 3,"Android - phone or tablet, Windows",$1-100,1613,11-20 (roughly 2-3 per day),Discord - MooMooCord - https://discord.gg/Hc7cP9GB,,,Taiki Shuttle,Pace Chaser,Ace built for this CM before CM start in Unity Cup scenario,UG (or higher),2,,,2,2,,,,,Fuji Kiseki,Pace Chaser,Ace built for this CM before CM start in Unity Cup scenario,SS+,2,,2,,2,,,,,Sakura Bakushin O,Pace Chaser,Ace built for this CM before CM start in Unity Cup scenario,UG (or higher),2,,2,,2,,,,,4 Attempts - 20 Races total,14,Go to Submit page,,,,,,,,,,,,,,,,,,,,Re-use Day 1 - Team Comp 1 as Day 2 - Team Comp 1,,,,,,,,,,,,,4 Attempts - 20 Races total,15,Go to Submit page,,,,,,,,,,,,,,,,,,Re-use Day 2 - Team Comp 1 as Day 3 - Team Comp 1,A Group,,,,,,,,,,,,,4 Attempts - 20 Races total,13,Day 4,,,,,,,,,,,,,,,,,,Re-use Day 3 - Team Comp 1 as Day 4 - Team Comp 1,A Group,,,,,,,,,,,,,4 Attempts - 20 Races total,11,Go to Submit page,,,,,,,,,,,,,,,,,,,,,,,,,,,,,,,,,,,,,,,,,,,,,,,,,,,
Raivop,Graded (No Uma Restrictions),Win A finals with any uma,I accept these terms,Finals,Windows,$101-500,1592,21-30 (roughly 3-4 per day),Reddit - /r/umamusumeGame,4,,Oguri Cap,Pace Chaser,Ace built for this CM before CM start in Unity Cup scenario,UG (or higher),2,0,0,1,2,1,0,40,15,Taiki Shuttle,Pace Chaser,Ace built for this CM before CM start in Unity Cup scenario,UG (or higher),2,0,0,1,2,1,0,40,17,Fuji Kiseki,Pace Chaser,Ace built for this CM before CM start in Unity Cup scenario,SS,2,0,0,1,3,0,0,35,15,4 Attempts - 20 Races total,16,Go to Submit page,,,,,,,,,,,,,,,,,,,,Re-use Day 1 - Team Comp 1 as Day 2 - Team Comp 1,,,,,,,,,,,,,4 Attempts - 20 Races total,16,Go to Submit page,,,,,,,,,,,,,,,,,,Re-use Day 2 - Team Comp 1 as Day 3 - Team Comp 1,A Group,,,,,,,,,,,,,4 Attempts - 20 Races total,14,Go to Submit page,,,,,,,,,,,,,,,,,,Re-use Day 3 - Team Comp 1 as Day 4 - Team Comp 1,A Group,,,,,,,,,,,,,4 Attempts - 20 Races total,15,Go to Submit page,,,,,,,,,,,,,,,,,,A Finals,12410,Re-use Day 4 - Team Comp 1 as Finals Team Comp,,,,,,,,,,,3rd,No (goes to Submit page),,,,,,,,,,,,,,,,,,,
RandomlyCasual,Graded (No Uma Restrictions),Win A finals with any uma,I accept these terms,Finals,"Android - phone or tablet, Windows",$101-500,981,11-20 (roughly 2-3 per day),,,,Oguri Cap,Pace Chaser,Ace built for this CM before CM start in Unity Cup scenario,SS+,2,0,0,1,3,0,0,37,17,Curren Chan,Pace Chaser,Ace built for this CM before CM start in Unity Cup scenario,SS,2,0,1,0,3,0,0,37,22,Nishino Flower,Pace Chaser,Ace built for this CM before CM start in Unity Cup scenario,SS+,2,0,0,1,3,0,0,37,17,4 Attempts - 20 Races total,12,Go to Submit page,,,,,,,,,,,,,,,,,,,,Re-use Day 1 - Team Comp 1 as Day 2 - Team Comp 1,,,,,,,,,,,,,4 Attempts - 20 Races total,15,Go to Submit page,,,,,,,,,,,,,,,,,,Re-use Day 2 - Team Comp 1 as Day 3 - Team Comp 1,A Group,,,,,,,,,,,,,4 Attempts - 20 Races total,10,Go to Submit page,,,,,,,,,,,,,,,,,,Re-use Day 3 - Team Comp 1 as Day 4 - Team Comp 1,A Group,,,,,,,,,,,,,2 Attempts - 10 Races total,8,Day 4 - Add 2nd team,Add new Team Comp as Day 4 - Team Comp 2,Oguri Cap,Pace Chaser,Ace built for this CM before CM start in Unity Cup scenario,SS+,Curren Chan,Pace Chaser,Ace built for this CM before CM start in Unity Cup scenario,SS,Taiki Shuttle,Pace Chaser,Ace built for this CM before CM start in Unity Cup scenario,SS,2 Attempts - 10 Races total,4,2 teams,Go to Submit page,A Finals,9673,Re-use Day 4 - Team Comp 1 as Finals Team Comp,,,,,,,,,,https://drive.google.com/open?id=1cSDLVEHWk5qITNJUditV-_z5GgAQRQet,2nd,Yes,https://drive.google.com/open?id=1duB3BSYJI8q4Or_-ZiJwGArxcrf6Rsdu,https://drive.google.com/open?id=1gBzHbbC4ueZpeqa9AzI7ni4AaF--97Ru,,1,0,0,3,2,https://drive.google.com/open?id=1kzgDm6uS_VX5f-DDenv9hPWH-PalXCyE,,,,,,,,,,
LumberjackDream,Graded (No Uma Restrictions),Get into A finals,I accept these terms,Finals,Windows,$101-500,1681,21-30 (roughly 3-4 per day),YouTube - MooMooCows - https://www.youtube.com/@MooMooCows,,,Mayano Top Gun,Front Runner,Ace built for this CM before CM start in Unity Cup scenario,SS,2,,,,3,,1,,,Mihono Bourbon (Valentine),Front Runner,Ace built for this CM before CM start in Unity Cup scenario,SS,2,,,,3,,1,,,Symboli Rudolf,Late Surger,Ace built for this CM before CM start in Unity Cup scenario,SS,2,,1,,3,,,,,4 Attempts - 20 Races total,6,Go to Submit page,,,,,,,,,,,,,,,,,,,,Re-use Day 1 - Team Comp 1 as Day 2 - Team Comp 1,,,,,,,,,,,,,4 Attempts - 20 Races total,12,Day 3,,,,,,,,,,,,,,,,,,Re-use Day 2 - Team Comp 1 as Day 3 - Team Comp 1,A Group,,,,,,,,,,,,,4 Attempts - 20 Races total,5,Go to Submit page,,,,,,,,,,,,,,,,,,Re-use Day 3 - Team Comp 1 as Day 4 - Team Comp 1,A Group,,,,,,,,,,,,,4 Attempts - 20 Races total,5,Go to Submit page,,,,,,,,,,,,,,,,,,B Finals,3992,Re-use Day 4 - Team Comp 1 as Finals Team Comp,,,,,,,,,,https://drive.google.com/open?id=1qVZzeq2B5oMbTwe7tzy6W1duIy7CQ8Ak,1st,,,,,,,,,,,,https://drive.google.com/open?id=1olQhuOsaNQOD614BVCn72-Kxb1ooTi7s,https://drive.google.com/open?id=1tlxeXzrTedEmaXbwSwrcvtEokNLe4vzh,,5,2,5,3,,https://drive.google.com/open?id=1-AAeOSvM1oWekBqDLY-VaZrEZaCZMEC9
Ginzuka,Graded (No Uma Restrictions),Win A finals with any uma,I accept these terms,Finals,,$101-500,1486,31-45 (roughly 5-6 per day),,,,Hishi Amazon,Pace Chaser,Ace built for this CM before CM start in Unity Cup scenario,UG (or higher),2,,1,,3,,,,,Taiki Shuttle,Pace Chaser,Ace built for this CM before CM start in Unity Cup scenario,UG (or higher),2,,,1,3,,,,,Curren Chan,Pace Chaser,Ace built for this CM before CM start in Unity Cup scenario,SS+,2,,,1,3,,,,,4 Attempts - 20 Races total,10,Go to Submit page,,,,,,,,,,,,,,,,,,,,Re-use Day 1 - Team Comp 1 as Day 2 - Team Comp 1,,,,,,,,,,,,,4 Attempts - 20 Races total,13,Go to Submit page,,,,,,,,,,,,,,,,,,Re-use Day 2 - Team Comp 1 as Day 3 - Team Comp 1,A Group,,,,,,,,,,,,,4 Attempts - 20 Races total,10,Go to Submit page,,,,,,,,,,,,,,,,,,Re-use Day 3 - Team Comp 1 as Day 4 - Team Comp 1,A Group,,,,,,,,,,,,,4 Attempts - 20 Races total,12,Go to Submit page,,,,,,,,,,,,,,,,,,A Finals,,Re-use Day 4 - Team Comp 1 as Finals Team Comp,,,,,,,,,,,2nd,No (goes to Submit page),,,,,,,,,,,,,,,,,,,
Nekoing,Graded (No Uma Restrictions),Win A finals with any uma,I accept these terms,Finals,"iOS - phone or tablet, Windows",$1-100,1420,21-30 (roughly 3-4 per day),YouTube - MooMooCows - https://www.youtube.com/@MooMooCows,,,Air Groove,Late Surger,Ace built for this CM before CM start in Unity Cup scenario,UG (or higher),2,,1,3,,1,,53,,Mayano Top Gun (Wedding),Late Surger,Ace built for this CM before CM start in Unity Cup scenario,SS+,2,,1,,3,1,,53,,King Halo,Late Surger,Ace built for this CM before CM start in Unity Cup scenario,SS,2,,1,,3,1,,53,,4 Attempts - 20 Races total,11,Go to Submit page,,,,,,,,,,,,,,,,,,,,Add new Team Comp as Day 2 - Team Comp 1,Air Groove,Late Surger,Mid-CM Ace build in Unity Cup scenario,UG (or higher),King Halo,Late Surger,Mid-CM Ace build in Unity Cup scenario,UG (or higher),Mayano Top Gun (Wedding),Late Surger,Mid-CM Ace build in Unity Cup scenario,SS+,4 Attempts - 20 Races total,14,Go to Submit page,,,,,,,,,,,,,,,,,,Re-use Day 2 - Team Comp 1 as Day 3 - Team Comp 1,A Group,,,,,,,,,,,,,4 Attempts - 20 Races total,14,Go to Submit page,,,,,,,,,,,,,,,,,,Re-use Day 3 - Team Comp 1 as Day 4 - Team Comp 1,A Group,,,,,,,,,,,,,4 Attempts - 20 Races total,18,Go to Submit page,,,,,,,,,,,,,,,,,,A Finals,10455,Re-use Day 4 - Team Comp 1 as Finals Team Comp,,,,,,,,,,https://drive.google.com/open?id=10KyHfD-lEJJbrhmpkcSLyV0rahtiqva8,1st,,,,,,,,,,,,https://drive.google.com/open?id=1PNmOyqxvei8VY1l9X5jXTJY8L6NWQEkG,https://drive.google.com/open?id=15VapFc4DdKzqE0To_rDfAxt1Pd8t071c,,3,,7,2,3,https://drive.google.com/open?id=1GrfLdqGNutP6Bau5KAiQlwXgjo85lArl
neo.,Graded (No Uma Restrictions),Win A finals with any uma,I accept these terms,Finals,Android - phone or tablet,$101-500,1141,21-30 (roughly 3-4 per day),"Discord - MooMooCord - https://discord.gg/Hc7cP9GB, YouTube - MooMooCows - https://www.youtube.com/@MooMooCows",5,Screenshot OCR submission for aces from Day 1?,Sakura Bakushin O,Pace Chaser,Ace built for this CM before CM start in Unity Cup scenario,SS+,2,0,0,0,6,0,0,35,21,Oguri Cap,Pace Chaser,Ace built for this CM before CM start in Unity Cup scenario,SS,2,0,0,1,3,0,0,35,18,Taiki Shuttle,Pace Chaser,Ace built for this CM before CM start in Unity Cup scenario,SS,2,0,0,0,4,0,0,40,17,2 Attempts - 10 Races total,6,Day 1 - Add 2nd Team,Sakura Bakushin O,Pace Chaser,Ace built for this CM before CM start in Unity Cup scenario,SS+,35,Oguri Cap,Pace Chaser,Ace built for this CM before CM start in Unity Cup scenario,SS,35,Taiki Shuttle,Pace Chaser,Mid-CM Ace build in Unity Cup scenario,SS+,40,2 Attempts - 10 Races total,7,2 teams,Go to Submit page,Re-use Day 1 - Team Comp 2 as Day 2 - Team Comp 1,,,,,,,,,,,,,4 Attempts - 20 Races total,9,Go to Submit page,,,,,,,,,,,,,,,,,,Re-use Day 2 - Team Comp 2 as Day 3 - Team Comp 1,A Group,,,,,,,,,,,,,4 Attempts - 20 Races total,14,Go to Submit page,,,,,,,,,,,,,,,,,,Re-use Day 3 - Team Comp 1 as Day 4 - Team Comp 1,A Group,,,,,,,,,,,,,1 Attempt - 5 Races total,2,Day 4 - Add 2nd team,Add new Team Comp as Day 4 - Team Comp 2,Sakura Bakushin O,Pace Chaser,Mid-CM Ace build in Unity Cup scenario,UG (or higher),Oguri Cap,Pace Chaser,Mid-CM Ace build in Unity Cup scenario,UG (or higher),Taiki Shuttle,Pace Chaser,Mid-CM Ace build in Unity Cup scenario,SS+,3 Attempts - 15 Races total,10,2 teams,Go to Submit page,A Finals,11676,Re-use Day 4 - Team Comp 2 as Finals Team Comp,,,,,,,,,,https://drive.google.com/open?id=1oVgZpkvAHjXymMSaIBhb61jjUymmzNol,2nd,Yes,https://drive.google.com/open?id=1gPp-HT49hmXV4wrqqck29WryFJpfyw-1,https://drive.google.com/open?id=1SdFa1TI3XBPtyO0eEJbany3T43Sfy2f5,,4,0,8,3,0,https://drive.google.com/open?id=1IBzFuiHdpV6Mo0gwbksIWLVSa-12gqb8,,,,,,,,,,
AdaptableZel,Graded (No Uma Restrictions),Win A finals with any uma,I accept these terms,Day 2,"Android - phone or tablet, Windows",Rather not say,848,11-20 (roughly 2-3 per day),Reddit - /r/umamusumeGame,,,Rice Shower,Pace Chaser,Ace built for this CM before CM start in Trackblazer scenario,S+,2,0,1,0,2,0,1,58%,36,Taiki Shuttle,Pace Chaser,Ace built for this CM before CM start in Unity Cup scenario,SS,2,0,0,1,3,0,0,43,15,Curren Chan,Pace Chaser,Ace built for this CM before CM start in Unity Cup scenario,UG (or higher),2,0,0,0,3,1,0,38,12,4 Attempts - 20 Races total,11,Go to Submit page,,,,,,,,,,,,,,,,,,,,Add new Team Comp as Day 2 - Team Comp 1,Rice Shower,Pace Chaser,Mid-CM Ace build in Unity Cup scenario,SS,Curren Chan,Pace Chaser,Ace built for this CM before CM start in Unity Cup scenario,UG (or higher),Taiki Shuttle,Pace Chaser,Ace built for this CM before CM start in Unity Cup scenario,SS,4 Attempts - 20 Races total,12,Go to Submit page,,,,,,,,,,,,,,,,,,,,,,,,,,,,,,,,,,,,,,,,,,,,,,,,,,,,,,,,,,,,,,,,,,,,,,,,,,,,,,,,,,,,,,,,,,,,,,,,,,,,,,,,,,,,,,,,,,,,,,,
Grafted Scion,Graded (No Uma Restrictions),Get into A finals,I accept these terms,Finals,"iOS - phone or tablet, Windows",$101-500,,11-20 (roughly 2-3 per day),"Discord - MooMooCord - https://discord.gg/Hc7cP9GB, Twitch - MooMooCows - https://www.twitch.tv/moomoomoocows",5,,Silence Suzuka,Front Runner,Ace built for this CM before CM start in Unity Cup scenario,SS,,,,,,,,,,Taiki Shuttle,Front Runner,Ace built for this CM before CM start in Unity Cup scenario,SS,,,,,,,,,,Oguri Cap,Pace Chaser,Ace built for this CM before CM start in Unity Cup scenario,SS+,2,,,1,3,,,47,23,2 Attempts - 10 Races total,2,Day 1 - Add 2nd Team,Air Groove,Late Surger,Ace built for this CM before CM start in Unity Cup scenario,SS+,47,Taiki Shuttle (Camping),Pace Chaser,Ace built for this CM before CM start in Unity Cup scenario,UG (or higher),47,Oguri Cap,Pace Chaser,Ace built for this CM before CM start in Unity Cup scenario,SS+,47,2 Attempts - 10 Races total,7,2 teams,Go to Submit page,Re-use Day 1 - Team Comp 2 as Day 2 - Team Comp 1,,,,,,,,,,,,,4 Attempts - 20 Races total,12,Go to Submit page,,,,,,,,,,,,,,,,,,Re-use Day 2 - Team Comp 2 as Day 3 - Team Comp 1,A Group,,,,,,,,,,,,,4 Attempts - 20 Races total,11,Day 4,,,,,,,,,,,,,,,,,,Re-use Day 3 - Team Comp 2 as Day 4 - Team Comp 1,A Group,,,,,,,,,,,,,4 Attempts - 20 Races total,10,Go to Submit page,,,,,,,,,,,,,,,,,,A Finals,10571,Re-use Day 4 - Team Comp 2 as Finals Team Comp,,,,,,,,,,https://drive.google.com/open?id=1CAgQiBMFwdWoCf5bFy1vLkx8pgJqmb6v,1st,,,,,,,,,,,,https://drive.google.com/open?id=1velA0y00_GnGAmKgaixR8WsZ0KTKhNf0,https://drive.google.com/open?id=1hoddbpPC-psVtDjHsR3eTCmnIcST30GF,,,,,,,https://drive.google.com/open?id=1M5-wQ4dS79vEbCdMT2nb1A3RtYHreTFg
Samur4i,Graded (No Uma Restrictions),Get into A finals,I accept these terms,Finals,"Android - phone or tablet, Windows",$1-100,1054,21-30 (roughly 3-4 per day),"Friend sent me the link, Discord - MooMooCord - https://discord.gg/Hc7cP9GB",5,,Haru Urara (New Year),Late Surger,Ace built for this CM before CM start in Unity Cup scenario,UG (or higher),3,0,0,0,3,0,0,,13,Oguri Cap,Pace Chaser,Ace built for this CM before CM start in Unity Cup scenario,UG (or higher),2,0,1,0,3,0,0,,15,Mihono Bourbon (Valentine),Front Runner,Ace built for this CM before CM start in Unity Cup scenario,UG (or higher),3,0,0,0,3,0,0,,12,4 Attempts - 20 Races total,12,Day 3,,,,,,,,,,,,,,,,,,,,Re-use Day 1 - Team Comp 1 as Day 2 - Team Comp 1,,,,,,,,,,,,,4 Attempts - 20 Races total,13,Day 1,,,,,,,,,,,,,,,,,,Re-use Day 2 - Team Comp 1 as Day 3 - Team Comp 1,A Group,,,,,,,,,,,,,4 Attempts - 20 Races total,5,Day 4,,,,,,,,,,,,,,,,,,Re-use Day 3 - Team Comp 1 as Day 4 - Team Comp 1,A Group,,,,,,,,,,,,,4 Attempts - 20 Races total,7,Go to Submit page,,,,,,,,,,,,,,,,,,A Finals,6909,Re-use Day 4 - Team Comp 1 as Finals Team Comp,,,,,,,,,,https://drive.google.com/open?id=1h-uKWp3c6DGNAsjTtey25brUggjC7dWs,2nd,No (goes to Submit page),,,,,,,,,,,,,,,,,,,
GotNames,Graded (No Uma Restrictions),Get into A finals,I accept these terms,Finals,,,,11-20 (roughly 2-3 per day),,,,Taiki Shuttle,Pace Chaser,Ace built for this CM before CM start in Unity Cup scenario,UG (or higher),2,0,0,0,4,0,0,,,Air Groove,Pace Chaser,Ace built for this CM before CM start in Unity Cup scenario,UG (or higher),2,0,0,0,4,0,0,,,Sakura Bakushin O,Pace Chaser,Ace built for this CM before CM start in Unity Cup scenario,SS,2,0,0,0,4,0,0,,,4 Attempts - 20 Races total,13,Go to Submit page,,,,,,,,,,,,,,,,,,,,Re-use Day 1 - Team Comp 1 as Day 2 - Team Comp 1,,,,,,,,,,,,,4 Attempts - 20 Races total,15,Go to Submit page,,,,,,,,,,,,,,,,,,Re-use Day 2 - Team Comp 1 as Day 3 - Team Comp 1,A Group,,,,,,,,,,,,,4 Attempts - 20 Races total,10,Go to Submit page,,,,,,,,,,,,,,,,,,Re-use Day 3 - Team Comp 1 as Day 4 - Team Comp 1,A Group,,,,,,,,,,,,,4 Attempts - 20 Races total,9,Go to Submit page,,,,,,,,,,,,,,,,,,A Finals,11045,Re-use Day 4 - Team Comp 1 as Finals Team Comp,,,,,,,,,,https://drive.google.com/open?id=1wOV5AqLFtIi8FPyHKjq5peIogsoqkqtf,2nd,No (goes to Submit page),,,,,,,,,,,,,,,,,,,
Lenya,Graded (No Uma Restrictions),Get into A finals,I accept these terms,Finals,Android - phone or tablet,$0,660,6-10 (roughly 1 per day),Discord - MooMooCord - https://discord.gg/Hc7cP9GB,5,,Curren Chan (Wedding),Pace Chaser,Ace built for this CM before CM start in Unity Cup scenario,UG (or higher),1,0,1,0,4,0,0,,,Taiki Shuttle,Pace Chaser,Ace built for this CM before CM start in Unity Cup scenario,SS+,2,0,2,0,2,0,0,,,Nishino Flower,Pace Chaser,Ace built for this CM before CM start in Unity Cup scenario,SS,1,0,1,0,4,0,0,,,4 Attempts - 20 Races total,10,Go to Submit page,,,,,,,,,,,,,,,,,,,,Re-use Day 1 - Team Comp 1 as Day 2 - Team Comp 1,,,,,,,,,,,,,4 Attempts - 20 Races total,13,Go to Submit page,,,,,,,,,,,,,,,,,,Re-use Day 2 - Team Comp 1 as Day 3 - Team Comp 1,A Group,,,,,,,,,,,,,4 Attempts - 20 Races total,9,Go to Submit page,,,,,,,,,,,,,,,,,,Re-use Day 3 - Team Comp 1 as Day 4 - Team Comp 1,A Group,,,,,,,,,,,,,4 Attempts - 20 Races total,11,Go to Submit page,,,,,,,,,,,,,,,,,,A Finals,6143,Re-use Day 4 - Team Comp 1 as Finals Team Comp,,,,,,,,,,https://drive.google.com/open?id=15NZi7LJ0PL7A0KQI8KeJ0xi7S1KdVkQY,1st,,,,,,,,,,,,https://drive.google.com/open?id=1IZUxyzHCxHt_vm1AFHBElJvVZNBcSe2X,https://drive.google.com/open?id=13TakJFeG7FqexB_VcZ4oOg5hY67_0G_s,,,,,,,https://drive.google.com/open?id=1GyfzSqy6Ss0cko-cEzA28LTNjvES5GgH
BlastHardcheese,Graded (No Uma Restrictions),"Win A finals with ""oshi"" uma",I accept these terms,Finals,Windows,$0,1066,11-20 (roughly 2-3 per day),Twitch - MooMooCows - https://www.twitch.tv/moomoomoocows,5,Having the form available on the website/youtube at CM start will probably increase participation since I had to wait for the link to appear in twitch chat when watching the vod.,Special Week,Pace Chaser,Ace built for this CM before CM start in Unity Cup scenario,SS,3,0,1,0,2,0,0,,,Hishi Akebono,Pace Chaser,Ace built for this CM before CM start in Unity Cup scenario,SS,3,0,1,0,2,0,0,,,Sakura Bakushin O,Pace Chaser,Ace built for this CM before CM start in Unity Cup scenario,SS,2,0,1,0,3,0,0,,,4 Attempts - 20 Races total,11,Go to Submit page,,,,,,,,,,,,,,,,,,,,Re-use Day 1 - Team Comp 1 as Day 2 - Team Comp 1,,,,,,,,,,,,,4 Attempts - 20 Races total,12,Go to Submit page,,,,,,,,,,,,,,,,,,Re-use Day 2 - Team Comp 1 as Day 3 - Team Comp 1,A Group,,,,,,,,,,,,,4 Attempts - 20 Races total,6,Go to Submit page,,,,,,,,,,,,,,,,,,Re-use Day 3 - Team Comp 1 as Day 4 - Team Comp 1,A Group,,,,,,,,,,,,,4 Attempts - 20 Races total,7,Go to Submit page,,,,,,,,,,,,,,,,,,A Finals,7896,Re-use Day 4 - Team Comp 1 as Finals Team Comp,,,,,,,,,,https://drive.google.com/open?id=1zNrMqggkrzEtBwgz0DbVjFX81wepj76Y,1st,,,,,,,,,,,There's always a bigger uma,https://drive.google.com/open?id=125blNwwEtguZy9ArpK_DyLEZmJ7WhheW,https://drive.google.com/open?id=1DA32mkWf3-nVXbU_Ii2fdbxmuUziJuS0,,3,3,5,0,2,https://drive.google.com/open?id=1ODDpP9oefPLbzPsKWyWkHxMVP_2WC_Xr
Deiri,Graded (No Uma Restrictions),Win A finals with any uma,I accept these terms,Day 1,"Android - phone or tablet, Windows",$0,,,Discord - MooMooCord - https://discord.gg/Hc7cP9GB,,,Maruzensky (Summer),Front Runner,Ace built for this CM before CM start in Unity Cup scenario,UG (or higher),,,,,,,,,,Sakura Bakushin O,Front Runner,Ace built for this CM before CM start in Unity Cup scenario,UG (or higher),,,,,,,,,,Oguri Cap,Pace Chaser,Ace built for this CM before CM start in Unity Cup scenario,UG (or higher),,,,,,,,,,3 Attempts - 15 Races total,7,Go to Submit page,,,,,,,,,,,,,,,,,,,,,,,,,,,,,,,,,,,,,,,,,,,,,,,,,,,,,,,,,,,,,,,,,,,,,,,,,,,,,,,,,,,,,,,,,,,,,,,,,,,,,,,,,,,,,,,,,,,,,,,,,,,,,,,,,,,,,,,,,,,,,,,,,,,,,,,,,,
Ruda,Graded (No Uma Restrictions),Get into A finals,I accept these terms,Day 4,Windows,$101-500,371,0-5 (less than 1 per day),Discord - MooMooCord - https://discord.gg/Hc7cP9GB,5,,Mihono Bourbon (Valentine),Front Runner,Ace built for this CM before CM start in Unity Cup scenario,UG (or higher),2,0,0,0,3,1,0,,,Smart Falcon,Front Runner,Ace built for this CM before CM start in Unity Cup scenario,UG (or higher),3,0,0,0,3,0,0,,,Symboli Rudolf,Pace Chaser,Ace built for this CM before CM start in Unity Cup scenario,SS,2,0,1,0,2,1,0,,,4 Attempts - 20 Races total,8,Go to Submit page,,,,,,,,,,,,,,,,,,,,Re-use Day 1 - Team Comp 1 as Day 2 - Team Comp 1,,,,,,,,,,,,,4 Attempts - 20 Races total,12,Go to Submit page,,,,,,,,,,,,,,,,,,Add new Team Comp as Day 3 - Team Comp 1,A Group,Mihono Bourbon (Valentine),Front Runner,Ace built for this CM before CM start in Unity Cup scenario,UG (or higher),Smart Falcon,Front Runner,Blocker/Overtake target/Throwaway/Niche role,UG (or higher),Symboli Rudolf,Late Surger,Mid-CM Ace build in Unity Cup scenario,UG (or higher),2 Attempts - 10 Races total,2,Day 3 - Add 2nd Team,Add new Team Comp as Day 3 - Team Comp 2,Mihono Bourbon (Valentine),Front Runner,Ace built for this CM before CM start in Unity Cup scenario,UG (or higher),Symboli Rudolf,Late Surger,Mid-CM Ace build in Unity Cup scenario,UG (or higher),Seiun Sky,Front Runner,Blocker/Overtake target/Throwaway/Niche role,UG (or higher),2 Attempts - 10 Races total,6,2 teams,Go to Submit page,Re-use Day 3 - Team Comp 2 as Day 4 - Team Comp 1,A Group,,,,,,,,,,,,,4 Attempts - 20 Races total,8,Go to Submit page,,,,,,,,,,,,,,,,,,,,,,,,,,,,,,,,,,,,,,,,,,,,,,,,,,,
BaronneDeFleur,Graded (No Uma Restrictions),Get into A finals,I accept these terms,Finals,Android - phone or tablet,$0,870,0-5 (less than 1 per day),Discord - MooMooCord - https://discord.gg/Hc7cP9GB,3,,Special Week,Late Surger,Ace built for this CM before CM start in Unity Cup scenario,SS,,,,1,,1,,,,Nishino Flower,Pace Chaser,Ace built for this CM before CM start in Trackblazer scenario,S+,,,,,,,,,,Curren Chan (Wedding),Pace Chaser,Ace built for this CM before CM start in Unity Cup scenario,S+,,,,,,,,,,4 Attempts - 20 Races total,7,Go to Submit page,,,,,,,,,,,,,,,,,,,,Re-use Day 1 - Team Comp 1 as Day 2 - Team Comp 1,,,,,,,,,,,,,4 Attempts - 20 Races total,9,Go to Submit page,,,,,,,,,,,,,,,,,,Re-use Day 2 - Team Comp 1 as Day 3 - Team Comp 1,A Group,,,,,,,,,,,,,4 Attempts - 20 Races total,7,Go to Submit page,,,,,,,,,,,,,,,,,,Re-use Day 3 - Team Comp 1 as Day 4 - Team Comp 1,A Group,,,,,,,,,,,,,4 Attempts - 20 Races total,6,Go to Submit page,,,,,,,,,,,,,,,,,,B Finals,,Re-use Day 4 - Team Comp 1 as Finals Team Comp,,,,,,,,,,,1st,,,,,,,,,,,Curren Chan Wedding,,,,,,,,,
Darkrosario,Graded (No Uma Restrictions),"Win A finals with ""oshi"" uma",I accept these terms,Finals,Android - phone or tablet,$1001-5000,942,21-30 (roughly 3-4 per day),YouTube - MooMooCows - https://www.youtube.com/@MooMooCows,5,,Haru Urara (New Year),Late Surger,Oshi,UG (or higher),2,0,1,0,1,1,1,70,,King Halo,Late Surger,Ace built for this CM before CM start in Unity Cup scenario,UG (or higher),3,0,0,1,2,0,0,65,,Rice Shower,Late Surger,Oshi,UG (or higher),2,0,1,1,2,0,0,70,,4 Attempts - 20 Races total,11,Go to Submit page,,,,,,,,,,,,,,,,,,,,Re-use Day 1 - Team Comp 1 as Day 2 - Team Comp 1,,,,,,,,,,,,,4 Attempts - 20 Races total,12,Go to Submit page,,,,,,,,,,,,,,,,,,Re-use Day 2 - Team Comp 1 as Day 3 - Team Comp 1,A Group,,,,,,,,,,,,,4 Attempts - 20 Races total,11,Go to Submit page,,,,,,,,,,,,,,,,,,Re-use Day 3 - Team Comp 1 as Day 4 - Team Comp 1,A Group,,,,,,,,,,,,,4 Attempts - 20 Races total,8,Go to Submit page,,,,,,,,,,,,,,,,,,A Finals,8796,Re-use Day 4 - Team Comp 1 as Finals Team Comp,,,,,,,,,,https://drive.google.com/open?id=1oZeQbp8T-FvF4k-VOgKOqAcBdenIHI5y,3rd,No (goes to Submit page),,,,,,,,,,,,,,,,,,,
Ritsuka,Graded (No Uma Restrictions),Win A finals with any uma,I accept these terms,Day 1,Android - phone or tablet,$501-1000,,31-45 (roughly 5-6 per day),Reddit - /r/umamusumeGame,5,,Taiki Shuttle,Pace Chaser,Ace built for this CM before CM start in Unity Cup scenario,UG (or higher),2,,,1,2,,1,,,Hishi Akebono,Pace Chaser,Ace built for this CM before CM start in Unity Cup scenario,UG (or higher),2,,,1,2,,1,,,Nishino Flower,Pace Chaser,Ace built for this CM before CM start in Unity Cup scenario,UG (or higher),2,,,1,2,,1,,,4 Attempts - 20 Races total,19,Go to Submit page,,,,,,,,,,,,,,,,,,,,,,,,,,,,,,,,,,,,,,,,,,,,,,,,,,,,,,,,,,,,,,,,,,,,,,,,,,,,,,,,,,,,,,,,,,,,,,,,,,,,,,,,,,,,,,,,,,,,,,,,,,,,,,,,,,,,,,,,,,,,,,,,,,,,,,,,,,
Sandrean,Graded (No Uma Restrictions),Win A finals with any uma,I accept these terms,Day 1,Windows,$0,1303,11-20 (roughly 2-3 per day),Discord - MooMooCord - https://discord.gg/Hc7cP9GB,5,,Satono Diamond,Pace Chaser,Ace built for this CM before CM start in Unity Cup scenario,UG (or higher),2,0,0,0,3,1,0,40,16,Taiki Shuttle,Pace Chaser,Ace built for this CM before CM start in Unity Cup scenario,UG (or higher),2,0,0,0,4,0,0,40,14,Air Groove,Pace Chaser,Ace built for this CM before CM start in Unity Cup scenario,SS,2,0,0,0,3,1,0,45,15,4 Attempts - 20 Races total,14,Day 2,,,,,,,,,,,,,,,,,,,,Add new Team Comp as Day 2 - Team Comp 1,Satono Diamond,Pace Chaser,Ace built for this CM before CM start in Unity Cup scenario,UG (or higher),Taiki Shuttle,Pace Chaser,Ace built for this CM before CM start in Unity Cup scenario,UG (or higher),Oguri Cap,Pace Chaser,Mid-CM Ace build in Unity Cup scenario,UG (or higher),4 Attempts - 20 Races total,13,Day 3,,,,,,,,,,,,,,,,,,Re-use Day 2 - Team Comp 2 as Day 3 - Team Comp 1,A Group,,,,,,,,,,,,,4 Attempts - 20 Races total,8,Day 4,,,,,,,,,,,,,,,,,,Re-use Day 3 - Team Comp 2 as Day 4 - Team Comp 1,A Group,,,,,,,,,,,,,4 Attempts - 20 Races total,10,Finals,,,,,,,,,,,,,,,,,,A Finals,6230,Re-use Day 4 - Team Comp 2 as Finals Team Comp,,,,,,,,,,https://drive.google.com/open?id=1jUT65Zg9vq4WbeTlQ7BPJ8bd4T74KUDp,1st,,,,,,,,,,,,https://drive.google.com/open?id=1KQ2AN6nxXmzvIWkTuMnWCm3RiS8C_SPD,https://drive.google.com/open?id=1K9EcZE0anmwUoJxFsiFzAkLa72VxAh7n,,2,0,13,0,0,https://drive.google.com/open?id=1337zanKztxbLQ01bRHa-Ds74qqeAdpsH
Sol,Graded (No Uma Restrictions),"Win A finals with ""oshi"" uma",I accept these terms,Finals,"Android - phone or tablet, Windows",$101-500,1851,31-45 (roughly 5-6 per day),"Twitch - MooMooCows - https://www.twitch.tv/moomoomoocows, YouTube - MooMooCows - https://www.youtube.com/@MooMooCows",,,Symboli Rudolf,Pace Chaser,Ace built for this CM before CM start in Unity Cup scenario,UG (or higher),3,0,0,1,1,1,0,,,Oguri Cap,Pace Chaser,Ace built for this CM before CM start in Unity Cup scenario,UG (or higher),2,0,0,1,2,1,0,,,Taiki Shuttle (Camping),Pace Chaser,Ace built for this CM before CM start in Unity Cup scenario,SS+,3,0,0,1,1,1,0,,,4 Attempts - 20 Races total,18,Go to Submit page,,,,,,,,,,,,,,,,,,,,Re-use Day 1 - Team Comp 1 as Day 2 - Team Comp 1,,,,,,,,,,,,,4 Attempts - 20 Races total,20,Go to Submit page,,,,,,,,,,,,,,,,,,Re-use Day 2 - Team Comp 1 as Day 3 - Team Comp 1,A Group,,,,,,,,,,,,,4 Attempts - 20 Races total,14,Day 4,,,,,,,,,,,,,,,,,,Re-use Day 3 - Team Comp 1 as Day 4 - Team Comp 1,A Group,,,,,,,,,,,,,4 Attempts - 20 Races total,14,Go to Submit page,,,,,,,,,,,,,,,,,,A Finals,9152,Re-use Day 4 - Team Comp 1 as Finals Team Comp,,,,,,,,,,https://drive.google.com/open?id=1kndM_N0cbp8I7GUGiO8ossXTU5_49nno,1st,,,,,,,,,,,Of course it was the beast,https://drive.google.com/open?id=1YP1DBOo_kXKv3IOeDztdxuMt0LqkpQ4q,https://drive.google.com/open?id=1thuFj8_n1iM5dBE9ylkn3dsuw2FtMdjV,,4,0,6,0,6,https://drive.google.com/open?id=1Max8gU3nOKcij4Wvg0MUQkEL9AO8C3MO
Eyefizz13,Graded (No Uma Restrictions),"Win A finals with ""oshi"" uma",I accept these terms,Finals,Windows,$101-500,980,11-20 (roughly 2-3 per day),Discord - MooMooCord - https://discord.gg/Hc7cP9GB,5,,Rice Shower,Pace Chaser,Ace built for this CM before CM start in Trackblazer scenario,SS,2,0,2,0,1,0,1,60,40,Taiki Shuttle (Camping),Pace Chaser,Ace built for this CM before CM start in Unity Cup scenario,UG (or higher),1,0,0,1,4,0,0,40,18,Nishino Flower,Pace Chaser,Ace built for this CM before CM start in Unity Cup scenario,UG (or higher),1,0,0,1,4,0,0,40,17,4 Attempts - 20 Races total,19,Go to Submit page,,,,,,,,,,,,,,,,,,,,Re-use Day 1 - Team Comp 1 as Day 2 - Team Comp 1,,,,,,,,,,,,,4 Attempts - 20 Races total,13,Go to Submit page,,,,,,,,,,,,,,,,,,Re-use Day 2 - Team Comp 1 as Day 3 - Team Comp 1,A Group,,,,,,,,,,,,,4 Attempts - 20 Races total,14,Go to Submit page,,,,,,,,,,,,,,,,,,Re-use Day 3 - Team Comp 1 as Day 4 - Team Comp 1,A Group,,,,,,,,,,,,,4 Attempts - 20 Races total,13,Go to Submit page,,,,,,,,,,,,,,,,,,A Finals,8334,Re-use Day 4 - Team Comp 1 as Finals Team Comp,,,,,,,,,,https://drive.google.com/open?id=1P7vdF3GkIM2Wz3qEcZAfX5b5OXVG2Ql0,3rd,No (goes to Submit page),,,,,,,,,,,,,,,,,,,
GreatBarrierReef,Graded (No Uma Restrictions),Get into A finals,I accept these terms,Day 2,iOS - phone or tablet,$501-1000,734,6-10 (roughly 1 per day),Discord - MooMooCord - https://discord.gg/Hc7cP9GB,4,,Taiki Shuttle,Pace Chaser,Ace built for this CM before CM start in Unity Cup scenario,SS,2,0,0,0,3,0,1,,13,Oguri Cap,Pace Chaser,Ace built for this CM before CM start in Unity Cup scenario,SS,2,0,0,0,4,0,0,,13,Fuji Kiseki (Ballroom),Pace Chaser,Ace built for this CM before CM start in Unity Cup scenario,UG (or higher),2,0,0,0,4,0,0,,14,2 Attempts - 10 Races total,6,Go to Submit page,,,,,,,,,,,,,,,,,,,,Re-use Day 1 - Team Comp 1 as Day 2 - Team Comp 1,,,,,,,,,,,,,3 Attempts - 15 Races total,9,Go to Submit page,,,,,,,,,,,,,,,,,,,,,,,,,,,,,,,,,,,,,,,,,,,,,,,,,,,,,,,,,,,,,,,,,,,,,,,,,,,,,,,,,,,,,,,,,,,,,,,,,,,,,,,,,,,,,,,,,,,,,,,
Bae,Graded (No Uma Restrictions),"Win A finals with ""oshi"" uma",I accept these terms,Finals,"Android - phone or tablet, Windows",$5000+,832,11-20 (roughly 2-3 per day),,,,Inari One,Late Surger,Ace built for this CM before CM start in Unity Cup scenario,UG (or higher),2,,,,3,1,,,,Air Groove,Late Surger,Ace built for this CM before CM start in Unity Cup scenario,UG (or higher),2,,1,,2,1,,,,Kawakami Princess,Late Surger,Ace built for this CM before CM start in Unity Cup scenario,UG (or higher),2,,,,3,1,,,,4 Attempts - 20 Races total,15,Go to Submit page,,,,,,,,,,,,,,,,,,,,Re-use Day 1 - Team Comp 1 as Day 2 - Team Comp 1,,,,,,,,,,,,,4 Attempts - 20 Races total,14,Go to Submit page,,,,,,,,,,,,,,,,,,Re-use Day 2 - Team Comp 1 as Day 3 - Team Comp 1,A Group,,,,,,,,,,,,,4 Attempts - 20 Races total,15,Go to Submit page,,,,,,,,,,,,,,,,,,Re-use Day 3 - Team Comp 1 as Day 4 - Team Comp 1,A Group,,,,,,,,,,,,,4 Attempts - 20 Races total,17,Go to Submit page,,,,,,,,,,,,,,,,,,A Finals,10527,Re-use Day 4 - Team Comp 1 as Finals Team Comp,,,,,,,,,,https://drive.google.com/open?id=1xMMGuxgPrV6MH8FKeeRkRZ_0zsH-yi_q,1st,,,,,,,,,,,Thank you Kawakami My Ms Victoria,https://drive.google.com/open?id=1HophPEEeyDL9ScGiGfDziWWW9bHWRLYM,https://drive.google.com/open?id=1N1TpPsFONlzL_0izwBIGipcMOxg_oyiP,,4,,11,,,https://drive.google.com/open?id=1emMzB5QVOGJi59lJRMOSiVpb0NYkj5S0
DenZX,Graded (No Uma Restrictions),Get into A finals,I accept these terms,Finals,Android - phone or tablet,$101-500,1312,11-20 (roughly 2-3 per day),Discord - MooMooCord - https://discord.gg/Hc7cP9GB,5,,Taiki Shuttle (Camping),Pace Chaser,Ace built for this CM before CM start in Unity Cup scenario,UG (or higher),2,0,0,1,3,0,0,,13,King Halo,Late Surger,Ace built for this CM before CM start in Unity Cup scenario,SS,2,0,0,0,4,,,,14,Grass Wonder,Late Surger,Debuffer,SS,1,0,0,0,5,0,0,,13,4 Attempts - 20 Races total,12,Go to Submit page,,,,,,,,,,,,,,,,,,,,Re-use Day 1 - Team Comp 1 as Day 2 - Team Comp 1,,,,,,,,,,,,,4 Attempts - 20 Races total,15,Go to Submit page,,,,,,,,,,,,,,,,,,Re-use Day 2 - Team Comp 1 as Day 3 - Team Comp 1,A Group,,,,,,,,,,,,,4 Attempts - 20 Races total,7,Go to Submit page,,,,,,,,,,,,,,,,,,Re-use Day 3 - Team Comp 1 as Day 4 - Team Comp 1,A Group,,,,,,,,,,,,,4 Attempts - 20 Races total,8,Go to Submit page,,,,,,,,,,,,,,,,,,A Finals,10760,Re-use Day 4 - Team Comp 1 as Finals Team Comp,,,,,,,,,,https://drive.google.com/open?id=1d_GTz5rwB4OjEW1m04D1izp_r0Kx4GKv,2nd,Yes,https://drive.google.com/open?id=1xmBZNL0eYgfb0VyZX3cJyxNEcFF7FEMu,https://drive.google.com/open?id=1_qEABersA5Emzw6PBsHWdrQ3uvS9a3_6,,8,2,0,0,5,https://drive.google.com/open?id=1WNRRkDBZazVL01tRUvkpLRZKaQ75-oPQ,,,,,,,,,,
Evir,Graded (No Uma Restrictions),Win A finals with any uma,I accept these terms,Finals,"Android - phone or tablet, Windows",$1-100,736,11-20 (roughly 2-3 per day),Discord - MooMooCord - https://discord.gg/Hc7cP9GB,5,,Bamboo memory,Late Surger,Ace built for this CM before CM start in Unity Cup scenario,UG (or higher),2,,,,3,,1,55,25,King Halo,Late Surger,Ace built for this CM before CM start in Unity Cup scenario,UG (or higher),3,,,,2,,1,50,21,Taiki Shuttle (Camping),Pace Chaser,Ace built for this CM before CM start in Unity Cup scenario,UG (or higher),2,,,1,3,,,55,26,4 Attempts - 20 Races total,18,Go to Submit page,,,,,,,,,,,,,,,,,,,,Re-use Day 1 - Team Comp 1 as Day 2 - Team Comp 1,,,,,,,,,,,,,4 Attempts - 20 Races total,12,Go to Submit page,,,,,,,,,,,,,,,,,,Re-use Day 2 - Team Comp 1 as Day 3 - Team Comp 1,A Group,,,,,,,,,,,,,4 Attempts - 20 Races total,14,Go to Submit page,,,,,,,,,,,,,,,,,,Re-use Day 3 - Team Comp 1 as Day 4 - Team Comp 1,A Group,,,,,,,,,,,,,4 Attempts - 20 Races total,14,Go to Submit page,,,,,,,,,,,,,,,,,,A Finals,9423,Re-use Day 4 - Team Comp 1 as Finals Team Comp,,,,,,,,,,https://drive.google.com/open?id=1PnTRPPpH2SRlrG5c90IZPEu4rDSD4MWd,1st,,,,,,,,,,,,https://drive.google.com/open?id=1pRevm50gvubhHxsF-Da8U4Y9rLot-Ezk,,,2,,7,1,2,https://drive.google.com/open?id=1U9CdlvNRxDU5Q2ji0yYqVj94eyFflVY2
Sc0undrel,Graded (No Uma Restrictions),Win A finals with any uma,I accept these terms,Finals,,$101-500,1299,11-20 (roughly 2-3 per day),Discord - MooMooCord - https://discord.gg/Hc7cP9GB,5,,Taiki Shuttle (Camping),Pace Chaser,Ace built for this CM before CM start in Trackblazer scenario,SS,2,0,0,2,2,0,0,60,39,Nishino Flower,Pace Chaser,Ace built for this CM before CM start in Unity Cup scenario,SS+,2,0,0,1,3,0,0,,,Oguri Cap,Pace Chaser,Ace built for this CM before CM start in Unity Cup scenario,UG (or higher),2,0,0,1,3,0,0,,,4 Attempts - 20 Races total,15,Go to Submit page,,,,,,,,,,,,,,,,,,,,Re-use Day 1 - Team Comp 1 as Day 2 - Team Comp 1,,,,,,,,,,,,,4 Attempts - 20 Races total,16,Go to Submit page,,,,,,,,,,,,,,,,,,Re-use Day 2 - Team Comp 1 as Day 3 - Team Comp 1,A Group,,,,,,,,,,,,,4 Attempts - 20 Races total,13,Go to Submit page,,,,,,,,,,,,,,,,,,Re-use Day 3 - Team Comp 1 as Day 4 - Team Comp 1,A Group,,,,,,,,,,,,,4 Attempts - 20 Races total,13,Go to Submit page,,,,,,,,,,,,,,,,,,A Finals,11824,Re-use Day 4 - Team Comp 1 as Finals Team Comp,,,,,,,,,,https://drive.google.com/open?id=1XlnKY3iFxWwBE5DSKRXhNJiKzjWxwUiI,1st,,,,,,,,,,,30% power growth OP,https://drive.google.com/open?id=1mgriwwQrRnoyPxoCstGpVl1Oac_ZR_9Y,https://drive.google.com/open?id=1DuF4AekJUfBQOv_HelJ0junyJpj42ZPa,,2,0,15,0,0,https://drive.google.com/open?id=1WYx9wHNsv1r-kZyN2rrr5a6KSQERtSh8
Origami,Graded (No Uma Restrictions),"Win A finals with ""oshi"" uma",I accept these terms,Finals,Windows,$0,944,6-10 (roughly 1 per day),YouTube - MooMooCows - https://www.youtube.com/@MooMooCows,5,,Air Groove,Late Surger,Ace built for this CM before CM start in Unity Cup scenario,UG (or higher),2,,2,,2,,,,,Curren Chan (Wedding),Pace Chaser,Ace built for this CM before CM start in Unity Cup scenario,UG (or higher),2,,1,1,2,,,,,Matikanefukukitaru,Late Surger,Ace built for this CM before CM start in Unity Cup scenario,UG (or higher),3,,1,,2,,,,,4 Attempts - 20 Races total,13,Go to Submit page,,,,,,,,,,,,,,,,,,,,Re-use Day 1 - Team Comp 1 as Day 2 - Team Comp 1,,,,,,,,,,,,,4 Attempts - 20 Races total,14,Go to Submit page,,,,,,,,,,,,,,,,,,Re-use Day 2 - Team Comp 1 as Day 3 - Team Comp 1,A Group,,,,,,,,,,,,,4 Attempts - 20 Races total,13,Go to Submit page,,,,,,,,,,,,,,,,,,Re-use Day 3 - Team Comp 1 as Day 4 - Team Comp 1,A Group,,,,,,,,,,,,,4 Attempts - 20 Races total,12,Go to Submit page,,,,,,,,,,,,,,,,,,A Finals,9215,Re-use Day 4 - Team Comp 1 as Finals Team Comp,,,,,,,,,,https://drive.google.com/open?id=1tGDyrUA7uc5Rw1j311uwrQ8X6ydvOUpc,3rd,No (goes to Submit page),,,,,,,,,,,,,,,,,,,
ThatPhaste,Graded (No Uma Restrictions),Get into A finals,I accept these terms,Finals,"Android - phone or tablet, Windows",$1-100,,6-10 (roughly 1 per day),"Discord - MooMooCord - https://discord.gg/Hc7cP9GB, Twitch - MooMooCows - https://www.twitch.tv/moomoomoocows, YouTube - MooMooCows - https://www.youtube.com/@MooMooCows",4,,Air Groove (Wedding),Pace Chaser,Ace built for this CM before CM start in Unity Cup scenario,SS,2,,1,,3,,,,,Sakura Bakushin O,Pace Chaser,Ace built for this CM before CM start in Unity Cup scenario,SS,2,,,,4,,,,,Silence Suzuka,Front Runner,Ace built for this CM before CM start in Unity Cup scenario,S+,2,,,2,2,,,,,3 Attempts - 15 Races total,8,Go to Submit page,,,,,,,,,,,,,,,,,,,,Re-use Day 1 - Team Comp 1 as Day 2 - Team Comp 1,,,,,,,,,,,,,0 Attempts - 0 Races total,0,Day 3,,,,,,,,,,,,,,,,,,Re-use Day 2 - Team Comp 1 as Day 3 - Team Comp 1,B Group,,,,,,,,,,,,,3 Attempts - 15 Races total,2,Go to Submit page,,,,,,,,,,,,,,,,,,Re-use Day 3 - Team Comp 1 as Day 4 - Team Comp 1,A Group,,,,,,,,,,,,,3 Attempts - 15 Races total,7,Go to Submit page,,,,,,,,,,,,,,,,,,A Finals,5313,Re-use Day 4 - Team Comp 1 as Finals Team Comp,,,,,,,,,,https://drive.google.com/open?id=16Ao2Q03i-W4JKI2tXufT610pqJIBOr45,3rd,Yes,https://drive.google.com/open?id=1iHwz4bPi0iJoZsUz17criWInfi1DldGK,https://drive.google.com/open?id=1MubjGDiQlAN0fOhrwRETugkcAhn3TGhg,,,,16,,,https://drive.google.com/open?id=1CsM1g1tVUxdmuBTyZOLlQFmCbw4pP5rp,,,,,,,,,,
SynBlaue ,Graded (No Uma Restrictions),Win A finals with any uma,I accept these terms,Finals,Android - phone or tablet,$1-100,583,6-10 (roughly 1 per day),,,,Super Creek (Halloween),Pace Chaser,Ace built for this CM before CM start in Unity Cup scenario,SS,2,,1,,3,,,,,Curren Chan,Pace Chaser,Ace built for this CM before CM start in Unity Cup scenario,UG (or higher),2,,1,,3,,,,,Taiki Shuttle,Pace Chaser,Ace built for this CM before CM start in Unity Cup scenario,UG (or higher),2,,1,,3,,,,,4 Attempts - 20 Races total,10,Go to Submit page,,,,,,,,,,,,,,,,,,,,Add new Team Comp as Day 2 - Team Comp 1,Super Creek (Halloween),Pace Chaser,Ace built for this CM before CM start in Unity Cup scenario,SS,Curren Chan,Pace Chaser,Mid-CM Ace build in Unity Cup scenario,SS,Taiki Shuttle,Pace Chaser,Mid-CM Ace build in Unity Cup scenario,UG (or higher),4 Attempts - 20 Races total,9,Go to Submit page,,,,,,,,,,,,,,,,,,Add new Team Comp as Day 3 - Team Comp 1,A Group,Super Creek (Halloween),Pace Chaser,Ace built for this CM before CM start in Unity Cup scenario,SS,Curren Chan,Pace Chaser,Mid-CM Ace build in Unity Cup scenario,SS,Gold City (Festival),Late Surger,Hybrid (ace + debuffer),SS,1 Attempt - 5 Races total,0,Day 3 - Add 2nd Team,Add new Team Comp as Day 3 - Team Comp 2,Super Creek (Halloween),Pace Chaser,Ace built for this CM before CM start in Unity Cup scenario,SS,Curren Chan,Pace Chaser,Mid-CM Ace build in Unity Cup scenario,SS,Grass Wonder,Late Surger,Debuffer,SS,3 Attempts - 15 Races total,6,3 teams,Go to Submit page,Add a new Team Comp as Day 4 - Team Comp 1,A Group,Super Creek (Halloween),Pace Chaser,Ace built for this CM before CM start in Unity Cup scenario,SS,Curren Chan,Pace Chaser,Mid-CM Ace build in Unity Cup scenario,UG (or higher),Grass Wonder,Late Surger,Debuffer,SS,4 Attempts - 20 Races total,8,Go to Submit page,,,,,,,,,,,,,,,,,,A Finals,8117,Re-use Day 4 - Team Comp 1 as Finals Team Comp,,,,,,,,,,https://drive.google.com/open?id=1MPbKAY-8tjNjG9nAmnoHf1LUiUl4bdpr,3rd,Yes,https://drive.google.com/open?id=1OHeX40Zgwsy2kf0rX8RSYMhTkUYFpfgK,https://drive.google.com/open?id=1O3OHPkfT_vtwFd7QUTPj4yvyjBjr0oMH,,7,,6,,2,https://drive.google.com/open?id=1VGZds6L-hhkwA7ldRrvUwEk8CPX3tXx0,,,,,,,,,,
kujostin,Graded (No Uma Restrictions),Win A finals with any uma,I accept these terms,Day 4,Android - phone or tablet,$0,541,6-10 (roughly 1 per day),YouTube - MooMooCows - https://www.youtube.com/@MooMooCows,,,Taiki Shuttle,Pace Chaser,Ace built for this CM before CM start in Unity Cup scenario,UG (or higher),2,,1,,3,,,55,,Sakura Bakushin O,Pace Chaser,Ace built for this CM before CM start in Unity Cup scenario,UG (or higher),3,,,,3,,,40,,Curren Chan,Pace Chaser,Ace built for this CM before CM start in Unity Cup scenario,SS+,2,,1,,3,,,50,,4 Attempts - 20 Races total,9,Go to Submit page,,,,,,,,,,,,,,,,,,,,Re-use Day 1 - Team Comp 1 as Day 2 - Team Comp 1,,,,,,,,,,,,,0 Attempts - 0 Races total,0,Day 3,,,,,,,,,,,,,,,,,,Re-use Day 2 - Team Comp 1 as Day 3 - Team Comp 1,A Group,,,,,,,,,,,,,4 Attempts - 20 Races total,5,Day 4,,,,,,,,,,,,,,,,,,Re-use Day 3 - Team Comp 1 as Day 4 - Team Comp 1,A Group,,,,,,,,,,,,,4 Attempts - 20 Races total,6,Finals,,,,,,,,,,,,,,,,,,B Finals,1445,Re-use Day 4 - Team Comp 1 as Finals Team Comp,,,,,,,,,,https://drive.google.com/open?id=1IjuZlbnd36fSn1R05iEsvJ5zfmlh0xKt,1st,,,,,,,,,,,,https://drive.google.com/open?id=1STAwnjQW2tOoXpwi35DecWV_lXlMfkXc,https://drive.google.com/open?id=17ETSJ6GCIJz6NSM6URvjdWCTKo-n4fSq,,,,17,,,https://drive.google.com/open?id=1I-YU9ohcHKHy_6YMsbU-WNNILaw4qkch
Cerax,Graded (No Uma Restrictions),Get into A finals,I accept these terms,Day 1,Android - phone or tablet,$1-100,781,11-20 (roughly 2-3 per day),Reddit - /r/umamusumeGame,5,,Oguri Cap,Pace Chaser,Ace built for this CM before CM start in Unity Cup scenario,UG (or higher),2,,,1,3,,,,,Silence Suzuka,Runaway,Blocker/Overtake target/Throwaway/Niche role,UG (or higher),2,,,1,3,,,,,Hishi Amazon,End Closer,Ace built for this CM before CM start in Trackblazer scenario,UG (or higher),2,,,1,3,,,,,3 Attempts - 15 Races total,11,Go to Submit page,,,,,,,,,,,,,,,,,,,,,,,,,,,,,,,,,,,,,,,,,,,,,,,,,,,,,,,,,,,,,,,,,,,,,,,,,,,,,,,,,,,,,,,,,,,,,,,,,,,,,,,,,,,,,,,,,,,,,,,,,,,,,,,,,,,,,,,,,,,,,,,,,,,,,,,,,,
Xearomis,Graded (No Uma Restrictions),Win A finals with any uma,I accept these terms,Finals,Android - phone or tablet,$1-100,1596,31-45 (roughly 5-6 per day),"Discord - MooMooCord - https://discord.gg/Hc7cP9GB, Twitch - MooMooCows - https://www.twitch.tv/moomoomoocows, YouTube - MooMooCows - https://www.youtube.com/@MooMooCows",,,Taiki Shuttle,Pace Chaser,Ace built for this CM before CM start in Unity Cup scenario,UG (or higher),,,,,,,,,,Hishi Akebono,Pace Chaser,Ace built for this CM before CM start in Unity Cup scenario,UG (or higher),,,,,,,,,,Sakura Bakushin O,Pace Chaser,Ace built for this CM before CM start in Unity Cup scenario,UG (or higher),,,,,,,,,,4 Attempts - 20 Races total,15,Go to Submit page,,,,,,,,,,,,,,,,,,,,Re-use Day 1 - Team Comp 1 as Day 2 - Team Comp 1,,,,,,,,,,,,,4 Attempts - 20 Races total,13,Go to Submit page,,,,,,,,,,,,,,,,,,Re-use Day 2 - Team Comp 1 as Day 3 - Team Comp 1,A Group,,,,,,,,,,,,,4 Attempts - 20 Races total,11,Go to Submit page,,,,,,,,,,,,,,,,,,Re-use Day 3 - Team Comp 1 as Day 4 - Team Comp 1,A Group,,,,,,,,,,,,,4 Attempts - 20 Races total,8,Go to Submit page,,,,,,,,,,,,,,,,,,A Finals,,Re-use Day 4 - Team Comp 1 as Finals Team Comp,,,,,,,,,,,3rd,No (goes to Submit page),,,,,,,,,,,,,,,,,,,
INeedC0ffee,Graded (No Uma Restrictions),Get into A finals,I accept these terms,Day 1,"iOS - phone or tablet, Windows",$101-500,488,6-10 (roughly 1 per day),,3,,Admire Vega,Late Surger,Ace built for this CM before CM start in Unity Cup scenario,SS,2,0,0,0,4,0,0,,,Oguri Cap,Pace Chaser,Ace built for this CM before CM start in Unity Cup scenario,SS+,2,0,1,0,3,0,0,,,Taiki Shuttle,Pace Chaser,Ace built for this CM before CM start in Unity Cup scenario,UG (or higher),2,0,1,0,3,0,0,,,3 Attempts - 15 Races total,7,Go to Submit page,,,,,,,,,,,,,,,,,,,,,,,,,,,,,,,,,,,,,,,,,,,,,,,,,,,,,,,,,,,,,,,,,,,,,,,,,,,,,,,,,,,,,,,,,,,,,,,,,,,,,,,,,,,,,,,,,,,,,,,,,,,,,,,,,,,,,,,,,,,,,,,,,,,,,,,,,,
Dingwer,Graded (No Uma Restrictions),Win A finals with any uma,I accept these terms,Day 4,,$0,631,11-20 (roughly 2-3 per day),Discord - MooMooCord - https://discord.gg/Hc7cP9GB,5,,Nishino Flower,Pace Chaser,Ace built for this CM before CM start in Unity Cup scenario,UG (or higher),2,,,1,3,,,45,20,Oguri Cap,Pace Chaser,Ace built for this CM before CM start in Trackblazer scenario,SS,2,,2,1,1,,,60,42,Taiki Shuttle,Pace Chaser,Ace built for this CM before CM start in Unity Cup scenario,UG (or higher),2,,,1,3,,,45,15,4 Attempts - 20 Races total,18,Go to Submit page,,,,,,,,,,,,,,,,,,,,Re-use Day 1 - Team Comp 1 as Day 2 - Team Comp 1,,,,,,,,,,,,,4 Attempts - 20 Races total,13,Day 3,,,,,,,,,,,,,,,,,,Re-use Day 2 - Team Comp 1 as Day 3 - Team Comp 1,A Group,,,,,,,,,,,,,4 Attempts - 20 Races total,17,Go to Submit page,,,,,,,,,,,,,,,,,,Re-use Day 3 - Team Comp 1 as Day 4 - Team Comp 1,A Group,,,,,,,,,,,,,4 Attempts - 20 Races total,16,Go to Submit page,,,,,,,,,,,,,,,,,,,,,,,,,,,,,,,,,,,,,,,,,,,,,,,,,,,
SuperFightRobot,Graded (No Uma Restrictions),Get into A finals,I accept these terms,Finals,Android - phone or tablet,$0,,31-45 (roughly 5-6 per day),Discord - MooMooCord - https://discord.gg/Hc7cP9GB,5,,Sakura Bakushin O,Pace Chaser,Ace built for this CM before CM start in Unity Cup scenario,UG (or higher),2,,1,,3,,,,,Taiki Shuttle,Pace Chaser,Ace built for this CM before CM start in Unity Cup scenario,UG (or higher),2,,1,,3,,,,,Nishino Flower,Pace Chaser,Ace built for this CM before CM start in Unity Cup scenario,SS+,2,,1,,3,,,,,4 Attempts - 20 Races total,14,Go to Submit page,,,,,,,,,,,,,,,,,,,,Re-use Day 1 - Team Comp 1 as Day 2 - Team Comp 1,,,,,,,,,,,,,4 Attempts - 20 Races total,12,Go to Submit page,,,,,,,,,,,,,,,,,,Re-use Day 2 - Team Comp 1 as Day 3 - Team Comp 1,A Group,,,,,,,,,,,,,4 Attempts - 20 Races total,11,Go to Submit page,,,,,,,,,,,,,,,,,,Re-use Day 3 - Team Comp 1 as Day 4 - Team Comp 1,A Group,,,,,,,,,,,,,4 Attempts - 20 Races total,10,Go to Submit page,,,,,,,,,,,,,,,,,,A Finals,10278,Re-use Day 4 - Team Comp 1 as Finals Team Comp,,,,,,,,,,https://drive.google.com/open?id=1GnqF88_AUAMh3NcnYgVv5koSVXvlG7FQ,1st,,,,,,,,,,,"""This is what it means to be the fastest"" - Sakura Bakushin O (Star Blossom)",https://drive.google.com/open?id=1lo98QcF9sQqWb4SDxHOA2ASOBRWsL2tp,https://drive.google.com/open?id=1KwNakNuBiIgkgrzz82GrQ2nspwRO46fS,,5,,,,,https://drive.google.com/open?id=1Wj_XEYa__tBuUq4zBIN7pSQrG0ssKQMp
SleekCarpet,Graded (No Uma Restrictions),Get into A finals,I accept these terms,Finals,"Android - phone or tablet, Windows",$1-100,867,11-20 (roughly 2-3 per day),Discord - MooMooCord - https://discord.gg/Hc7cP9GB,,,Nishino Flower,Pace Chaser,Ace built for this CM before CM start in Unity Cup scenario,SS,1,,,2,3,,,,,Taiki Shuttle,Pace Chaser,Ace built for this CM before CM start in Unity Cup scenario,SS,1,,,2,3,,,,,King Halo,Late Surger,Ace built for this CM before CM start in Unity Cup scenario,SS,2,,1,,3,,,,,4 Attempts - 20 Races total,15,Go to Submit page,,,,,,,,,,,,,,,,,,,,Re-use Day 1 - Team Comp 1 as Day 2 - Team Comp 1,,,,,,,,,,,,,4 Attempts - 20 Races total,11,Day 3,,,,,,,,,,,,,,,,,,Re-use Day 2 - Team Comp 1 as Day 3 - Team Comp 1,A Group,,,,,,,,,,,,,4 Attempts - 20 Races total,7,Go to Submit page,,,,,,,,,,,,,,,,,,Re-use Day 3 - Team Comp 1 as Day 4 - Team Comp 1,A Group,,,,,,,,,,,,,4 Attempts - 20 Races total,8,Go to Submit page,,,,,,,,,,,,,,,,,,A Finals,8489,Re-use Day 4 - Team Comp 1 as Finals Team Comp,,,,,,,,,,https://drive.google.com/open?id=1mmzRMLXrLCkBS5yDmneviYzKSZ1u-IV8,1st,,,,,,,,,,,,https://drive.google.com/open?id=1auUzv3psZfUsdYYz3KusUoXzpome_1-K,https://drive.google.com/open?id=1NewbQx4xgwNNJZLFJJ3XHFv4w9jdl-51,,8,1,3,,,https://drive.google.com/open?id=1g1Xb1lFBmnmOwQV9qnrvjvSn-jj2g5GK
GameFanBR,Graded (No Uma Restrictions),"Win A finals with ""oshi"" uma",I accept these terms,Day 3,"Android - phone or tablet, Windows",$1-100,1073,11-20 (roughly 2-3 per day),Discord - MooMooCord - https://discord.gg/Hc7cP9GB,5,,Silence Suzuka,Front Runner,Ace built for this CM before CM start in Unity Cup scenario,UG (or higher),2,0,0,1,3,0,0,35,13,Eishin Flash (Valentine),End Closer,Debuffer,S,,,,,,,,,,Symboli Rudolf,End Closer,Debuffer,S,,,,,,,,,,4 Attempts - 20 Races total,8,Go to Submit page,,,,,,,,,,,,,,,,,,,,Re-use Day 1 - Team Comp 1 as Day 2 - Team Comp 1,,,,,,,,,,,,,4 Attempts - 20 Races total,12,Go to Submit page,,,,,,,,,,,,,,,,,,Re-use Day 2 - Team Comp 1 as Day 3 - Team Comp 1,A Group,,,,,,,,,,,,,4 Attempts - 20 Races total,7,Day 4,,,,,,,,,,,,,,,,,,Re-use Day 3 - Team Comp 1 as Day 4 - Team Comp 1,A Group,,,,,,,,,,,,,4 Attempts - 20 Races total,6,Finals,,,,,,,,,,,,,,,,,,A Finals,11578,Re-use Day 4 - Team Comp 1 as Finals Team Comp,,,,,,,,,,https://drive.google.com/open?id=1TYkyoo9_2O2SCQ0DmyNwGCvTbuG5TLiC,3rd,Yes,https://drive.google.com/open?id=1KQnYP6PUIW9uRnn8ZPzCrw-TU4h3ZDS_,https://drive.google.com/open?id=1ExEWkKLZcgs7lurt33Ry3qkmFZscWmfm,,4,0,5,4,0,https://drive.google.com/open?id=10zYBJBxqjYePp_Dj8FwxJT7wvw2LR59t,,,,,,,,,,
Soff,Graded (No Uma Restrictions),Get into A finals,I accept these terms,Finals,SteamOS - Steam Deck,$0,1136,11-20 (roughly 2-3 per day),Rather not say,,,Sakura Bakushin O,Pace Chaser,Ace built for this CM before CM start in Unity Cup scenario,UG (or higher),2,,2,,2,,,,,Taiki Shuttle,Pace Chaser,Ace built for this CM before CM start in Unity Cup scenario,UG (or higher),2,,2,,2,,,,,Bamboo memory,Late Surger,Ace built for this CM before CM start in Unity Cup scenario,UG (or higher),2,,2,,2,,,,,4 Attempts - 20 Races total,12,Go to Submit page,,,,,,,,,,,,,,,,,,,,Re-use Day 1 - Team Comp 1 as Day 2 - Team Comp 1,,,,,,,,,,,,,4 Attempts - 20 Races total,9,Go to Submit page,,,,,,,,,,,,,,,,,,Re-use Day 2 - Team Comp 1 as Day 3 - Team Comp 1,A Group,,,,,,,,,,,,,4 Attempts - 20 Races total,5,Go to Submit page,,,,,,,,,,,,,,,,,,Re-use Day 3 - Team Comp 1 as Day 4 - Team Comp 1,A Group,,,,,,,,,,,,,4 Attempts - 20 Races total,10,Go to Submit page,,,,,,,,,,,,,,,,,,A Finals,7071,Re-use Day 4 - Team Comp 1 as Finals Team Comp,,,,,,,,,,,3rd,No (goes to Submit page),,,,,,,,,,,,,,,,,,,
Nokialol,Graded (No Uma Restrictions),"Win A finals with ""oshi"" uma",I accept these terms,Finals,,$1-100,1099,11-20 (roughly 2-3 per day),"Discord - MooMooCord - https://discord.gg/Hc7cP9GB, Twitch - MooMooCows - https://www.twitch.tv/moomoomoocows",5,,Mejiro McQueen,Front Runner,Ace built for this CM before CM start in Unity Cup scenario,UG (or higher),2,0,0,1,2,,1,37,16,Mihono Bourbon (Valentine),Front Runner,Ace built for this CM before CM start in Unity Cup scenario,UG (or higher),2,0,0,1,3,0,0,37,18,Silence Suzuka,Front Runner,Ace built for this CM before CM start in Unity Cup scenario,SS+,2,0,0,1,2,0,1,37,19,4 Attempts - 20 Races total,11,Go to Submit page,,,,,,,,,,,,,,,,,,,,Re-use Day 1 - Team Comp 1 as Day 2 - Team Comp 1,,,,,,,,,,,,,4 Attempts - 20 Races total,13,Go to Submit page,,,,,,,,,,,,,,,,,,Re-use Day 2 - Team Comp 1 as Day 3 - Team Comp 1,A Group,,,,,,,,,,,,,4 Attempts - 20 Races total,11,Go to Submit page,,,,,,,,,,,,,,,,,,Re-use Day 3 - Team Comp 1 as Day 4 - Team Comp 1,A Group,,,,,,,,,,,,,4 Attempts - 20 Races total,4,Go to Submit page,,,,,,,,,,,,,,,,,,A Finals,6137,Re-use Day 4 - Team Comp 1 as Finals Team Comp,,,,,,,,,,https://drive.google.com/open?id=1VKGAHIaq64tNwwk7d8I-YHT6HzNAZ2xk,2nd,Yes,https://drive.google.com/open?id=1hhddOcBksicw1FF41AQgCe_xV7vEQG3C,https://drive.google.com/open?id=1LQ31cauH1zIRbLVDUeUQ0TpatwlzyMQA,,0,1,14,0,0,https://drive.google.com/open?id=1tUvmPP77t_lbcCJZWkcF7GXZTnjW7wdf,,,,,,,,,,
Spinorange,Graded (No Uma Restrictions),"Win A finals with ""oshi"" uma",I accept these terms,Finals,Windows,$0,,11-20 (roughly 2-3 per day),"Discord - MooMooCord - https://discord.gg/Hc7cP9GB, YouTube - MooMooCows - https://www.youtube.com/@MooMooCows",5,,Vodka,Late Surger,Ace built for this CM before CM start in Unity Cup scenario,SS+,1,,1,,4,,,45,17,Daiwa Scarlet,Pace Chaser,Ace built for this CM before CM start in Unity Cup scenario,SS,2,,,2,2,,,40,19,Fuji Kiseki,Pace Chaser,Ace built for this CM before CM start in Unity Cup scenario,S+,2,,,2,2,,,40,18,4 Attempts - 20 Races total,16,Go to Submit page,,,,,,,,,,,,,,,,,,,,Re-use Day 1 - Team Comp 1 as Day 2 - Team Comp 1,,,,,,,,,,,,,4 Attempts - 20 Races total,13,Go to Submit page,,,,,,,,,,,,,,,,,,Re-use Day 2 - Team Comp 1 as Day 3 - Team Comp 1,A Group,,,,,,,,,,,,,4 Attempts - 20 Races total,7,Go to Submit page,,,,,,,,,,,,,,,,,,Re-use Day 3 - Team Comp 1 as Day 4 - Team Comp 1,A Group,,,,,,,,,,,,,4 Attempts - 20 Races total,12,Go to Submit page,,,,,,,,,,,,,,,,,,A Finals,8177,Re-use Day 4 - Team Comp 1 as Finals Team Comp,,,,,,,,,,https://drive.google.com/open?id=1R8WDTF43fNqiAh_r--MdpHcKEAGQOLvy,1st,,,,,,,,,,,Mare Power !,https://drive.google.com/open?id=1-8qY7Fz6_d9JeUkT6rqRqaPwyVW5wPUJ,https://drive.google.com/open?id=1252NlVx3H4gZ8v-xhbk-81W5srVvGzp0,,0,0,12,0,3,https://drive.google.com/open?id=1aGyNHttXu2QynDxtqwQv7g0hQj2jQcES
Bojack198,Graded (No Uma Restrictions),Win A finals with any uma,I accept these terms,Day 3,Windows,$101-500,1097,6-10 (roughly 1 per day),"Friend sent me the link, YouTube - MooMooCows - https://www.youtube.com/@MooMooCows",5,,Taiki Shuttle,Pace Chaser,Ace built for this CM before CM start in Unity Cup scenario,UG (or higher),2,,,1,3,,,,,Curren Chan (Wedding),Pace Chaser,Ace built for this CM before CM start in Unity Cup scenario,UG (or higher),2,,,1,3,,,,,Nishino Flower,Pace Chaser,Ace built for this CM before CM start in Unity Cup scenario,UG (or higher),2,,,1,3,,,,,4 Attempts - 20 Races total,18,Go to Submit page,,,,,,,,,,,,,,,,,,,,Re-use Day 1 - Team Comp 2 as Day 2 - Team Comp 1,,,,,,,,,,,,,4 Attempts - 20 Races total,11,Go to Submit page,,,,,,,,,,,,,,,,,,Re-use Day 2 - Team Comp 2 as Day 3 - Team Comp 1,A Group,,,,,,,,,,,,,4 Attempts - 20 Races total,15,Day 4,,,,,,,,,,,,,,,,,,Re-use Day 3 - Team Comp 1 as Day 4 - Team Comp 1,A Group,,,,,,,,,,,,,4 Attempts - 20 Races total,8,Go to Submit page,,,,,,,,,,,,,,,,,,,,,,,,,,,,,,,,,,,,,,,,,,,,,,,,,,,
janjan,Graded (No Uma Restrictions),"Win A finals with ""oshi"" uma",I accept these terms,Day 1,Android - phone or tablet,$1-100,883,0-5 (less than 1 per day),YouTube - MooMooCows - https://www.youtube.com/@MooMooCows,5,,Symboli Rudolf,Late Surger,Ace built for this CM before CM start in Unity Cup scenario,SS+,2,,1,,3,,,,,King Halo,Late Surger,Ace built for this CM before CM start in Unity Cup scenario,UG (or higher),2,,1,,2,,0,,,Taiki Shuttle,Pace Chaser,Ace built for this CM before CM start in Unity Cup scenario,UG (or higher),2,,1,,2,,0,,,4 Attempts - 20 Races total,14,Go to Submit page,,,,,,,,,,,,,,,,,,,,,,,,,,,,,,,,,,,,,,,,,,,,,,,,,,,,,,,,,,,,,,,,,,,,,,,,,,,,,,,,,,,,,,,,,,,,,,,,,,,,,,,,,,,,,,,,,,,,,,,,,,,,,,,,,,,,,,,,,,,,,,,,,,,,,,,,,,
happyh0rse,Graded (No Uma Restrictions),Win A finals with any uma,I accept these terms,Finals,,$501-1000,1634,11-20 (roughly 2-3 per day),,,,Taiki Shuttle,Pace Chaser,Ace built for this CM before CM start in Unity Cup scenario,UG (or higher),1,,,2,3,,,,17,Air Groove (Wedding),Pace Chaser,Ace built for this CM before CM start in Unity Cup scenario,UG (or higher),1,,,2,3,,,,13,Oguri Cap,Pace Chaser,Ace built for this CM before CM start in Unity Cup scenario,UG (or higher),1,,,2,3,,,,13,4 Attempts - 20 Races total,15,Go to Submit page,,,,,,,,,,,,,,,,,,,,Re-use Day 1 - Team Comp 1 as Day 2 - Team Comp 1,,,,,,,,,,,,,4 Attempts - 20 Races total,17,Go to Submit page,,,,,,,,,,,,,,,,,,Re-use Day 2 - Team Comp 1 as Day 3 - Team Comp 1,A Group,,,,,,,,,,,,,4 Attempts - 20 Races total,15,Go to Submit page,,,,,,,,,,,,,,,,,,Re-use Day 3 - Team Comp 1 as Day 4 - Team Comp 1,A Group,,,,,,,,,,,,,4 Attempts - 20 Races total,14,Go to Submit page,,,,,,,,,,,,,,,,,,A Finals,10369,Re-use Day 4 - Team Comp 1 as Finals Team Comp,,,,,,,,,,,2nd,No (goes to Submit page),,,,,,,,,,,,,,,,,,,
Smeric,Graded (No Uma Restrictions),Win A finals with any uma,I accept these terms,Finals,Windows,$0,594,6-10 (roughly 1 per day),"Friend sent me the link, Discord - MooMooCord - https://discord.gg/Hc7cP9GB",5,,Oguri Cap,Pace Chaser,Ace built for this CM before CM start in Unity Cup scenario,UG (or higher),1,0,0,0,5,0,0,40,17,Taiki Shuttle,Pace Chaser,Ace built for this CM before CM start in Unity Cup scenario,UG (or higher),1,0,0,0,5,0,0,40,14,Sakura Bakushin O,Pace Chaser,Ace built for this CM before CM start in Unity Cup scenario,UG (or higher),1,0,0,5,0,0,0,40,17,4 Attempts - 20 Races total,10,Go to Submit page,,,,,,,,,,,,,,,,,,,,Re-use Day 1 - Team Comp 1 as Day 2 - Team Comp 1,,,,,,,,,,,,,4 Attempts - 20 Races total,12,Go to Submit page,,,,,,,,,,,,,,,,,,Re-use Day 2 - Team Comp 1 as Day 3 - Team Comp 1,A Group,,,,,,,,,,,,,4 Attempts - 20 Races total,8,Go to Submit page,,,,,,,,,,,,,,,,,,Re-use Day 3 - Team Comp 1 as Day 4 - Team Comp 1,A Group,,,,,,,,,,,,,4 Attempts - 20 Races total,8,Go to Submit page,,,,,,,,,,,,,,,,,,A Finals,8747,Re-use Day 4 - Team Comp 1 as Finals Team Comp,,,,,,,,,,https://drive.google.com/open?id=1GkDgA0zTZ2N_ATsOTtPF0Pb3tF0KUfkG,1st,,,,,,,,,,,,https://drive.google.com/open?id=1Oqdgoj60D6o2LoRxOVO_CEf5lRs5KJMI,https://drive.google.com/open?id=1OYGnMD9PYX6zI7uICM62qBOGzEG7t6wr,,0,0,15,0,0,https://drive.google.com/open?id=1Ouur7KaT7ndyOjonP1Uegl92hJ4F4sIi
JoJoCheck,Graded (No Uma Restrictions),Win A finals with any uma,I accept these terms,Finals,Both phone and steam,$101-500,1006,11-20 (roughly 2-3 per day),Discord - MooMooCord - https://discord.gg/Hc7cP9GB,,,Taiki Shuttle,Pace Chaser,Ace built for this CM before CM start in Unity Cup scenario,SS+,1,0,0,1,4,0,0,41,21,Fuji Kiseki (Ballroom),Pace Chaser,Ace built for this CM before CM start in Unity Cup scenario,SS+,1,0,0,1,4,0,0,41,20,Sakura Bakushin O,Pace Chaser,Ace built for this CM before CM start in Unity Cup scenario,UG (or higher),1,0,0,0,5,0,0,41,19,4 Attempts - 20 Races total,15,Go to Submit page,,,,,,,,,,,,,,,,,,,,Add new Team Comp as Day 2 - Team Comp 1,Taiki Shuttle,Pace Chaser,Mid-CM Ace build in Unity Cup scenario,SS+,Fuji Kiseki (Ballroom),Pace Chaser,Mid-CM Ace build in Unity Cup scenario,SS+,Symboli Rudolf,Late Surger,Debuffer,UG (or higher),4 Attempts - 20 Races total,14,Go to Submit page,,,,,,,,,,,,,,,,,,Re-use Day 2 - Team Comp 1 as Day 3 - Team Comp 1,A Group,,,,,,,,,,,,,4 Attempts - 20 Races total,9,Go to Submit page,,,,,,,,,,,,,,,,,,Re-use Day 3 - Team Comp 1 as Day 4 - Team Comp 1,A Group,,,,,,,,,,,,,4 Attempts - 20 Races total,11,Go to Submit page,,,,,,,,,,,,,,,,,,A Finals,10603,Re-use Day 4 - Team Comp 1 as Finals Team Comp,,,,,,,,,,https://drive.google.com/open?id=11z8cNvIRJ0Egl4btJoS3KfAS0TargRxm,1st,,,,,,,,,,,Sprint CMs are purely deterministic,https://drive.google.com/open?id=1wDJWVKFSa_T9iWRfdBZuhDsqrS7ZDm9K,https://drive.google.com/open?id=19sWI8rLZAovNca7vCnrxyKK7gvPz6wlr,,0,2,14,0,0,https://drive.google.com/open?id=1x-94V5lZbdBd2FF-HlgNJctz5kHOZm-s
Desdomenna,Graded (No Uma Restrictions),Get into A finals,I accept these terms,Finals,"Android - phone or tablet, Windows",$101-500,1272,21-30 (roughly 3-4 per day),"Discord - MooMooCord - https://discord.gg/Hc7cP9GB, YouTube - MooMooCows - https://www.youtube.com/@MooMooCows",4,,Fuji Kiseki (Ballroom),Pace Chaser,Ace built for this CM before CM start in Unity Cup scenario,UG (or higher),2,0,1,0,3,0,0,45,23,Taiki Shuttle,Pace Chaser,Ace built for this CM before CM start in Unity Cup scenario,UG (or higher),1,0,0,2,3,0,0,45,26,Oguri Cap,Pace Chaser,Ace built for this CM before CM start in Unity Cup scenario,SS,2,0,1,0,3,0,0,45,22,4 Attempts - 20 Races total,19,Go to Submit page,,,,,,,,,,,,,,,,,,,,Re-use Day 1 - Team Comp 1 as Day 2 - Team Comp 1,,,,,,,,,,,,,4 Attempts - 20 Races total,16,Go to Submit page,,,,,,,,,,,,,,,,,,Re-use Day 2 - Team Comp 1 as Day 3 - Team Comp 1,A Group,,,,,,,,,,,,,4 Attempts - 20 Races total,14,Go to Submit page,,,,,,,,,,,,,,,,,,Re-use Day 3 - Team Comp 1 as Day 4 - Team Comp 1,A Group,,,,,,,,,,,,,4 Attempts - 20 Races total,12,Go to Submit page,,,,,,,,,,,,,,,,,,A Finals,9929,Re-use Day 4 - Team Comp 1 as Finals Team Comp,,,,,,,,,,,3rd,Yes,https://drive.google.com/open?id=1jTUX0k4j2qIV_dwgQz_jcZd0XLmVy0ph,https://drive.google.com/open?id=1o0nBCErPtX9jBOSMn60lcNCobBWQxd7l,,0,3,12,1,0,https://drive.google.com/open?id=1uUDebk71DHGRpKX7rUP-QifN2KN0FNPb,,,,,,,,,,
NumenX,Graded (No Uma Restrictions),Win A finals with any uma,I accept these terms,Finals,Windows,$501-1000,2100,21-30 (roughly 3-4 per day),Discord - MooMooCord - https://discord.gg/Hc7cP9GB,5,,King Halo,Late Surger,Ace built for this CM before CM start in Unity Cup scenario,UG (or higher),2,,1,,3,,,60,18,Taiki Shuttle (Camping),Pace Chaser,Ace built for this CM before CM start in Unity Cup scenario,UG (or higher),2,,,,4,,,55,22,Oguri Cap,Pace Chaser,Ace built for this CM before CM start in Unity Cup scenario,UG (or higher),2,,1,,3,,,60,17,4 Attempts - 20 Races total,18,Go to Submit page,,,,,,,,,,,,,,,,,,,,Re-use Day 1 - Team Comp 1 as Day 2 - Team Comp 1,,,,,,,,,,,,,4 Attempts - 20 Races total,18,Go to Submit page,,,,,,,,,,,,,,,,,,Re-use Day 2 - Team Comp 1 as Day 3 - Team Comp 1,A Group,,,,,,,,,,,,,4 Attempts - 20 Races total,15,Go to Submit page,,,,,,,,,,,,,,,,,,Re-use Day 3 - Team Comp 1 as Day 4 - Team Comp 1,A Group,,,,,,,,,,,,,4 Attempts - 20 Races total,13,Go to Submit page,,,,,,,,,,,,,,,,,,A Finals,13313,Re-use Day 4 - Team Comp 1 as Finals Team Comp,,,,,,,,,,https://drive.google.com/open?id=1kdvqqLS7dGPebVXmqJ27L-u-mZ6W7OvF,1st,,,,,,,,,,,Just Believe in your Last 200m Speed Skills,https://drive.google.com/open?id=1uT_Deuh-L9RJCb5vdhEiB4xvDdy0FX3L,https://drive.google.com/open?id=1PENdpv3TcXjHsEYDij5UOTT_Jga1b5LP,,2,,5,,8,https://drive.google.com/open?id=1PM8yhcOlY9bY7a-yM_rIbx9Yto3Yq2vp
Pandae,Graded (No Uma Restrictions),Win A finals with any uma,I accept these terms,Finals,Android - phone or tablet,$501-1000,333,11-20 (roughly 2-3 per day),Discord - MooMooCord - https://discord.gg/Hc7cP9GB,5,,Taiki Shuttle (Camping),Pace Chaser,Ace built for this CM before CM start in Unity Cup scenario,UG (or higher),2,0,0,1,3,0,0,,,Curren Chan (Wedding),Pace Chaser,Ace built for this CM before CM start in Unity Cup scenario,UG (or higher),2,0,0,1,3,0,0,,,Nishino Flower,Pace Chaser,Ace built for this CM before CM start in Unity Cup scenario,SS+,2,0,0,1,3,0,0,,,4 Attempts - 20 Races total,10,Go to Submit page,,,,,,,,,,,,,,,,,,,,Re-use Day 1 - Team Comp 1 as Day 2 - Team Comp 1,,,,,,,,,,,,,4 Attempts - 20 Races total,15,Go to Submit page,,,,,,,,,,,,,,,,,,Re-use Day 2 - Team Comp 1 as Day 3 - Team Comp 1,A Group,,,,,,,,,,,,,4 Attempts - 20 Races total,14,Go to Submit page,,,,,,,,,,,,,,,,,,Re-use Day 3 - Team Comp 1 as Day 4 - Team Comp 1,A Group,,,,,,,,,,,,,4 Attempts - 20 Races total,11,Go to Submit page,,,,,,,,,,,,,,,,,,A Finals,7948,Re-use Day 4 - Team Comp 1 as Finals Team Comp,,,,,,,,,,https://drive.google.com/open?id=1MCTnFbWI0Uib2mJTdY9wkK9oNH4Ms1Fp,1st,,,,,,,,,,,,https://drive.google.com/open?id=18X2bFWJhIhyoHut0oqSfgZYbbbIJQA9i,https://drive.google.com/open?id=1CXEhPk8A-grtPULqij5rTzaxrn_og-0d,,4,2,4,0,2,https://drive.google.com/open?id=1lcDbXkkJ1Zq1zr8ewVMAiRF0CL_trzRf
Koume,Graded (No Uma Restrictions),Collect participation rewards,I accept these terms,Finals,,,1093,,,,,Curren Chan,Pace Chaser,Ace built for this CM before CM start in Unity Cup scenario,UG (or higher),,,,,,,,,,Taiki Shuttle,Pace Chaser,Ace built for this CM before CM start in Unity Cup scenario,UG (or higher),,,,,,,,,,Oguri Cap,Pace Chaser,Ace built for this CM before CM start in Unity Cup scenario,UG (or higher),,,,,,,,,,4 Attempts - 20 Races total,12,Go to Submit page,,,,,,,,,,,,,,,,,,,,Re-use Day 1 - Team Comp 1 as Day 2 - Team Comp 1,,,,,,,,,,,,,4 Attempts - 20 Races total,14,Go to Submit page,,,,,,,,,,,,,,,,,,Re-use Day 2 - Team Comp 1 as Day 3 - Team Comp 1,A Group,,,,,,,,,,,,,4 Attempts - 20 Races total,13,Go to Submit page,,,,,,,,,,,,,,,,,,Re-use Day 3 - Team Comp 1 as Day 4 - Team Comp 1,A Group,,,,,,,,,,,,,4 Attempts - 20 Races total,14,Go to Submit page,,,,,,,,,,,,,,,,,,A Finals,12270,Re-use Day 4 - Team Comp 1 as Finals Team Comp,,,,,,,,,,,2nd,No (goes to Submit page),,,,,,,,,,,,,,,,,,,
Jurafalle,Graded (No Uma Restrictions),Get into B finals,I accept these terms,Finals,,Rather not say,1444,21-30 (roughly 3-4 per day),Discord - MooMooCord - https://discord.gg/Hc7cP9GB,5,,Curren Chan (Wedding),Pace Chaser,Ace built for this CM before CM start in Unity Cup scenario,SS+,2,0,1,0,2,1,0,,,Taiki Shuttle,Pace Chaser,Ace built for this CM before CM start in Unity Cup scenario,UG (or higher),2,0,1,0,2,1,0,,,Nishino Flower,Pace Chaser,Ace built for this CM before CM start in Unity Cup scenario,SS,2,0,2,0,1,1,0,,,4 Attempts - 20 Races total,13,Go to Submit page,,,,,,,,,,,,,,,,,,,,Re-use Day 1 - Team Comp 1 as Day 2 - Team Comp 1,,,,,,,,,,,,,4 Attempts - 20 Races total,10,Day 3,,,,,,,,,,,,,,,,,,Re-use Day 2 - Team Comp 1 as Day 3 - Team Comp 1,A Group,,,,,,,,,,,,,4 Attempts - 20 Races total,10,Go to Submit page,,,,,,,,,,,,,,,,,,Re-use Day 3 - Team Comp 1 as Day 4 - Team Comp 1,A Group,,,,,,,,,,,,,4 Attempts - 20 Races total,9,Go to Submit page,,,,,,,,,,,,,,,,,,A Finals,9530,Re-use Day 4 - Team Comp 1 as Finals Team Comp,,,,,,,,,,https://drive.google.com/open?id=1YRLyXjfjdpcGgVwn1rbAllbBqKJnIFYD,2nd,No (goes to Submit page),,,,,,,,,,,,,,,,,,,
Luck Is Skill,Graded (No Uma Restrictions),Win A finals with any uma,I accept these terms,Day 4,Android - phone or tablet,$101-500,1937,31-45 (roughly 5-6 per day),Discord - MooMooCord - https://discord.gg/Hc7cP9GB,,,Mihono Bourbon (Valentine),Front Runner,Ace built for this CM before CM start in Unity Cup scenario,UG (or higher),2,,,1,2,,1,,,Taiki Shuttle,Pace Chaser,Ace built for this CM before CM start in Unity Cup scenario,SS+,1,,2,,2,,1,,,Nishino Flower,Pace Chaser,Ace built for this CM before CM start in Unity Cup scenario,SS+,2,,1,,2,,1,,,4 Attempts - 20 Races total,14,Go to Submit page,,,,,,,,,,,,,,,,,,,,Re-use Day 1 - Team Comp 1 as Day 2 - Team Comp 1,,,,,,,,,,,,,4 Attempts - 20 Races total,15,Go to Submit page,,,,,,,,,,,,,,,,,,Re-use Day 2 - Team Comp 1 as Day 3 - Team Comp 1,A Group,,,,,,,,,,,,,1 Attempt - 5 Races total,2,Day 3 - Add 2nd Team,Add new Team Comp as Day 3 - Team Comp 2,Mihono Bourbon (Valentine),Front Runner,Ace built for this CM before CM start in Unity Cup scenario,UG (or higher),Taiki Shuttle,Pace Chaser,Ace built for this CM before CM start in Unity Cup scenario,SS+,Eishin Flash (Valentine),End Closer,Debuffer,UG (or higher),3 Attempts - 15 Races total,13,2 teams,Go to Submit page,Re-use Day 3 - Team Comp 2 as Day 4 - Team Comp 1,A Group,,,,,,,,,,,,,4 Attempts - 20 Races total,14,Go to Submit page,,,,,,,,,,,,,,,,,,,,,,,,,,,,,,,,,,,,,,,,,,,,,,,,,,,
Kyruto,Graded (No Uma Restrictions),Win A finals with any uma,I accept these terms,Finals,iOS - phone or tablet,$501-1000,1258,21-30 (roughly 3-4 per day),"Discord - MooMooCord - https://discord.gg/Hc7cP9GB, YouTube - MooMooCows - https://www.youtube.com/@MooMooCows",3,Allow us to optionally submit individual Uma win rates for each day as part of the form. Also allow later teams to be added in the same detail as the day 1 team 1 details.,Nishino Flower,Pace Chaser,Ace built for this CM before CM start in Unity Cup scenario,UG (or higher),1,,,2,2,,1,60,22,Taiki Shuttle,Pace Chaser,Ace built for this CM before CM start in Unity Cup scenario,UG (or higher),1,,,2,2,,1,60,20,Oguri Cap,Pace Chaser,Ace built for this CM before CM start in Unity Cup scenario,SS+,2,,1,1,2,,,50,22,4 Attempts - 20 Races total,18,Go to Submit page,,,,,,,,,,,,,,,,,,,,Re-use Day 1 - Team Comp 1 as Day 2 - Team Comp 1,,,,,,,,,,,,,4 Attempts - 20 Races total,15,Go to Submit page,,,,,,,,,,,,,,,,,,Re-use Day 2 - Team Comp 1 as Day 3 - Team Comp 1,A Group,,,,,,,,,,,,,4 Attempts - 20 Races total,17,Go to Submit page,,,,,,,,,,,,,,,,,,Re-use Day 3 - Team Comp 1 as Day 4 - Team Comp 1,A Group,,,,,,,,,,,,,4 Attempts - 20 Races total,15,Go to Submit page,,,,,,,,,,,,,,,,,,A Finals,9211,Re-use Day 4 - Team Comp 1 as Finals Team Comp,,,,,,,,,,https://drive.google.com/open?id=14Xk3TLKJUUfLKZdF-6t0P0vNr7convGs,2nd,Yes,https://drive.google.com/open?id=1bMl6l2nXSkYJeZlQmxMxZxcbenuYt1u_,https://drive.google.com/open?id=1IT407NFm3FLxLYCCEJ7jtTCzsl-9c4Al,,5,2,9,,,https://drive.google.com/open?id=1fF2f_MnR6U5IvOHJkvoLzj2fvyaiJLnh,,,,,,,,,,
Rin,Graded (No Uma Restrictions),Get into A finals,I accept these terms,Finals,Android - phone or tablet,$101-500,1400,11-20 (roughly 2-3 per day),Discord - MooMooCord - https://discord.gg/Hc7cP9GB,5,,Mihono Bourbon (Valentine),Front Runner,Ace built for this CM before CM start in Unity Cup scenario,SS,2,0,1,0,3,0,0,,,Silence Suzuka,Runaway,Ace built for this CM before CM start in Unity Cup scenario,SS,2,0,0,1,3,0,0,,,Taiki Shuttle,Front Runner,Ace built for this CM before CM start in Unity Cup scenario,UG (or higher),3,0,0,1,2,0,0,,,4 Attempts - 20 Races total,8,Go to Submit page,,,,,,,,,,,,,,,,,,,,Re-use Day 1 - Team Comp 1 as Day 2 - Team Comp 1,,,,,,,,,,,,,4 Attempts - 20 Races total,11,Go to Submit page,,,,,,,,,,,,,,,,,,Re-use Day 2 - Team Comp 1 as Day 3 - Team Comp 1,A Group,,,,,,,,,,,,,4 Attempts - 20 Races total,6,Go to Submit page,,,,,,,,,,,,,,,,,,Re-use Day 3 - Team Comp 1 as Day 4 - Team Comp 1,A Group,,,,,,,,,,,,,4 Attempts - 20 Races total,6,Go to Submit page,,,,,,,,,,,,,,,,,,A Finals,6920,Re-use Day 4 - Team Comp 1 as Finals Team Comp,,,,,,,,,,https://drive.google.com/open?id=1gbAmQQWa_MEERnbMA5a76f4Lrm108AHa,2nd,Yes,https://drive.google.com/open?id=1sObMgJopI-NJZwFzHxICbAl_6ffd_fdy,https://drive.google.com/open?id=1lZf9ow8APzgiElh6SkZJrNZwef0BWedZ,,2,0,2,0,9,https://drive.google.com/open?id=1L_F3O8Vl6pW-SEkFZCoEGSSORDy6PgTD,,,,,,,,,,
Kasai Seigyo,Graded (No Uma Restrictions),Get into A finals,I accept these terms,Finals,Android - phone or tablet,$0,1204,11-20 (roughly 2-3 per day),Discord - MooMooCord - https://discord.gg/Hc7cP9GB,5,,Oguri Cap,Pace Chaser,Ace built for this CM before CM start in Unity Cup scenario,SS,2,,,,4,,,32,19,Nishino Flower,Pace Chaser,Ace built for this CM before CM start in Unity Cup scenario,SS,1,,,2,3,,,40,17,Air Groove,Late Surger,Ace built for this CM before CM start in Unity Cup scenario,SS+,2,,,,4,,,31,17,1 Attempt - 5 Races total,5,Go to Submit page,,,,,,,,,,,,,,,,,,,,Re-use Day 1 - Team Comp 1 as Day 2 - Team Comp 1,,,,,,,,,,,,,3 Attempts - 15 Races total,10,Go to Submit page,,,,,,,,,,,,,,,,,,Re-use Day 2 - Team Comp 1 as Day 3 - Team Comp 1,A Group,,,,,,,,,,,,,4 Attempts - 20 Races total,11,Go to Submit page,,,,,,,,,,,,,,,,,,Re-use Day 3 - Team Comp 1 as Day 4 - Team Comp 1,A Group,,,,,,,,,,,,,4 Attempts - 20 Races total,13,Go to Submit page,,,,,,,,,,,,,,,,,,A Finals,6057,Re-use Day 4 - Team Comp 1 as Finals Team Comp,,,,,,,,,,https://drive.google.com/open?id=1Pn3E8I5yM6HZtbZ8uMNkVuu-AcWTHnbt,2nd,Yes,https://drive.google.com/open?id=1kMgF0hhlDV45woWBG-gNd6_PT7EmY8JL,https://drive.google.com/open?id=1sk_dg2Gey89FcZW0JlgBhxEu4IqLhUHo,,,3,8,,2,https://drive.google.com/open?id=1NJT0EfozE-9xgn0GwJV4OeVI-ryGd5Hu,,,,,,,,,,
Mayonez_kun,Graded (No Uma Restrictions),"Win A finals with ""oshi"" uma",I accept these terms,Day 1,Windows,$101-500,1100,11-20 (roughly 2-3 per day),YouTube - MooMooCows - https://www.youtube.com/@MooMooCows,5,,Silence Suzuka,Runaway,Ace built for this CM before CM start in Unity Cup scenario,UG (or higher),2,0,1,0,3,0,0,,16,Taiki Shuttle (Camping),Pace Chaser,Ace built for this CM before CM start in Unity Cup scenario,UG (or higher),2,0,1,0,3,0,0,,19,Curren Chan,Pace Chaser,Ace built for this CM before CM start in Unity Cup scenario,UG (or higher),2,,,,4,,,,18,4 Attempts - 20 Races total,16,Go to Submit page,,,,,,,,,,,,,,,,,,,,,,,,,,,,,,,,,,,,,,,,,,,,,,,,,,,,,,,,,,,,,,,,,,,,,,,,,,,,,,,,,,,,,,,,,,,,,,,,,,,,,,,,,,,,,,,,,,,,,,,,,,,,,,,,,,,,,,,,,,,,,,,,,,,,,,,,,,
evo,Graded (No Uma Restrictions),Get into A finals,I accept these terms,Finals,"Android - phone or tablet, Windows",$101-500,,31-45 (roughly 5-6 per day),Discord - MooMooCord - https://discord.gg/Hc7cP9GB,4,,Smart Falcon,Front Runner,Ace built for this CM before CM start in Unity Cup scenario,SS,2,0,0,1,3,0,0,,,Taiki Shuttle,Pace Chaser,Ace built for this CM before CM start in Unity Cup scenario,UG (or higher),2,0,0,1,2,0,0,,,Air Groove,Pace Chaser,Ace built for this CM before CM start in Unity Cup scenario,SS,2,0,0,1,3,0,0,,,4 Attempts - 20 Races total,15,Go to Submit page,,,,,,,,,,,,,,,,,,,,Re-use Day 1 - Team Comp 1 as Day 2 - Team Comp 1,,,,,,,,,,,,,4 Attempts - 20 Races total,12,Go to Submit page,,,,,,,,,,,,,,,,,,Add new Team Comp as Day 3 - Team Comp 1,A Group,Air Groove,Pace Chaser,Ace built for this CM before CM start in Unity Cup scenario,SS,Taiki Shuttle,Pace Chaser,Ace built for this CM before CM start in Unity Cup scenario,UG (or higher),Nice Nature (Cheerleader),Pace Chaser,Mid-CM Ace build in Unity Cup scenario,SS,4 Attempts - 20 Races total,9,Go to Submit page,,,,,,,,,,,,,,,,,,Re-use Day 3 - Team Comp 1 as Day 4 - Team Comp 1,A Group,,,,,,,,,,,,,4 Attempts - 20 Races total,11,Go to Submit page,,,,,,,,,,,,,,,,,,A Finals,,Re-use Day 4 - Team Comp 1 as Finals Team Comp,,,,,,,,,,,2nd,No (goes to Submit page),,,,,,,,,,,,,,,,,,,
Tenbirds,Graded (No Uma Restrictions),Win A finals with any uma,I accept these terms,Finals,"Android - phone or tablet, Windows",$101-500,735,6-10 (roughly 1 per day),"Discord - MooMooCord - https://discord.gg/Hc7cP9GB, YouTube - MooMooCows - https://www.youtube.com/@MooMooCows",5,,Air Groove (Wedding),Pace Chaser,Ace built for this CM before CM start in Unity Cup scenario,UG (or higher),2,0,1,0,3,0,0,40,15,Mayano Top Gun (Wedding),Pace Chaser,Ace built for this CM before CM start in Unity Cup scenario,UG (or higher),2,0,0,1,3,0,0,40,17,Taiki Shuttle,Pace Chaser,Ace built for this CM before CM start in Unity Cup scenario,UG (or higher),2,0,0,1,3,0,0,35,19,4 Attempts - 20 Races total,14,Go to Submit page,,,,,,,,,,,,,,,,,,,,Re-use Day 1 - Team Comp 1 as Day 2 - Team Comp 1,,,,,,,,,,,,,4 Attempts - 20 Races total,17,Go to Submit page,,,,,,,,,,,,,,,,,,Re-use Day 2 - Team Comp 1 as Day 3 - Team Comp 1,A Group,,,,,,,,,,,,,4 Attempts - 20 Races total,12,Go to Submit page,,,,,,,,,,,,,,,,,,Re-use Day 3 - Team Comp 1 as Day 4 - Team Comp 1,A Group,,,,,,,,,,,,,4 Attempts - 20 Races total,13,Go to Submit page,,,,,,,,,,,,,,,,,,A Finals,13776,Re-use Day 4 - Team Comp 1 as Finals Team Comp,,,,,,,,,,https://drive.google.com/open?id=1f9PnZh_QNcEcClfvzG9Rhg9oli2zLrwV,2nd,No (goes to Submit page),,,,,,,,,,,,,,,,,,,
L0Rem,Graded (No Uma Restrictions),"Win A finals with ""oshi"" uma",I accept these terms,Day 4,Windows,$501-1000,1013,11-20 (roughly 2-3 per day),Discord - MooMooCord - https://discord.gg/Hc7cP9GB,,,Silence Suzuka,Runaway,Ace built for this CM before CM start in Unity Cup scenario,SS,2,,,,4,,,,,Nishino Flower,Pace Chaser,Ace built for this CM before CM start in Unity Cup scenario,UG (or higher),2,,,,4,,,,,Sweep Tosho,Late Surger,Ace built for this CM before CM start in Unity Cup scenario,UG (or higher),2,,,,4,,,,,4 Attempts - 20 Races total,16,Go to Submit page,,,,,,,,,,,,,,,,,,,,Re-use Day 1 - Team Comp 1 as Day 2 - Team Comp 1,,,,,,,,,,,,,4 Attempts - 20 Races total,16,Go to Submit page,,,,,,,,,,,,,,,,,,Re-use Day 2 - Team Comp 1 as Day 3 - Team Comp 1,A Group,,,,,,,,,,,,,4 Attempts - 20 Races total,11,Go to Submit page,,,,,,,,,,,,,,,,,,Re-use Day 3 - Team Comp 1 as Day 4 - Team Comp 1,A Group,,,,,,,,,,,,,4 Attempts - 20 Races total,11,Go to Submit page,,,,,,,,,,,,,,,,,,,,,,,,,,,,,,,,,,,,,,,,,,,,,,,,,,,
Yuunako,Graded (No Uma Restrictions),"Win A finals with ""oshi"" uma",I accept these terms,Finals,Android - phone or tablet,$0,1548,31-45 (roughly 5-6 per day),Discord - MooMooCord - https://discord.gg/Hc7cP9GB,5,,Meisho Doto,Pace Chaser,Ace built for this CM before CM start in Unity Cup scenario,SS,2,0,1,0,3,0,0,,,Taiki Shuttle,Pace Chaser,Ace built for this CM before CM start in Unity Cup scenario,UG (or higher),2,0,1,0,3,0,0,,,Mayano Top Gun,Pace Chaser,Ace built for this CM before CM start in Unity Cup scenario,SS,2,0,1,0,3,0,0,,,4 Attempts - 20 Races total,13,Day 2,,,,,,,,,,,,,,,,,,,,Re-use Day 1 - Team Comp 1 as Day 2 - Team Comp 1,,,,,,,,,,,,,4 Attempts - 20 Races total,13,Go to Submit page,,,,,,,,,,,,,,,,,,Re-use Day 2 - Team Comp 1 as Day 3 - Team Comp 1,A Group,,,,,,,,,,,,,4 Attempts - 20 Races total,13,Go to Submit page,,,,,,,,,,,,,,,,,,Re-use Day 3 - Team Comp 1 as Day 4 - Team Comp 1,A Group,,,,,,,,,,,,,4 Attempts - 20 Races total,13,Go to Submit page,,,,,,,,,,,,,,,,,,A Finals,7518,Re-use Day 4 - Team Comp 1 as Finals Team Comp,,,,,,,,,,,2nd,No (goes to Submit page),,,,,,,,,,,,,,,,,,,
X-ite_SDF,Graded (No Uma Restrictions),Get into A finals,I accept these terms,Finals,,$101-500,,,,,,Taiki Shuttle (Camping),Pace Chaser,Ace built for this CM before CM start in Unity Cup scenario,UG (or higher),2,,,,4,,,45,15,Agnes Tachyon,Pace Chaser,Ace built for this CM before CM start in Unity Cup scenario,UG (or higher),2,,1,,3,,,45,16,Silence Suzuka,Runaway,Ace built for this CM before CM start in Unity Cup scenario,UG (or higher),2,0,,1,3,,,40,17,4 Attempts - 20 Races total,16,Go to Submit page,,,,,,,,,,,,,,,,,,,,Re-use Day 1 - Team Comp 1 as Day 2 - Team Comp 1,,,,,,,,,,,,,4 Attempts - 20 Races total,12,Go to Submit page,,,,,,,,,,,,,,,,,,Re-use Day 2 - Team Comp 1 as Day 3 - Team Comp 1,A Group,,,,,,,,,,,,,4 Attempts - 20 Races total,8,Go to Submit page,,,,,,,,,,,,,,,,,,Re-use Day 3 - Team Comp 1 as Day 4 - Team Comp 1,A Group,,,,,,,,,,,,,4 Attempts - 20 Races total,11,Go to Submit page,,,,,,,,,,,,,,,,,,A Finals,14498,Re-use Day 4 - Team Comp 1 as Finals Team Comp,,,,,,,,,,https://drive.google.com/open?id=1v5d2wxYBLozH7Xi0lz3GhE7A_GMEPU0c,2nd,No (goes to Submit page),,,,,,,,,,,,,,,,,,,
MarcelPXD,Graded (No Uma Restrictions),Win A finals with any uma,I accept these terms,Day 1,Windows,$0,1906,31-45 (roughly 5-6 per day),"Discord - MooMooCord - https://discord.gg/Hc7cP9GB, YouTube - MooMooCows - https://www.youtube.com/@MooMooCows",5,,Curren Chan (Wedding),Pace Chaser,Ace built for this CM before CM start in Unity Cup scenario,SS,1,0,0,3,2,0,0,,,Oguri Cap,Late Surger,Ace built for this CM before CM start in Unity Cup scenario,SS+,2,0,1,0,3,0,0,,,Silence Suzuka,Runaway,Ace built for this CM before CM start in Unity Cup scenario,SS+,2,0,0,0,4,0,0,,,4 Attempts - 20 Races total,18,Go to Submit page,,,,,,,,,,,,,,,,,,,,,,,,,,,,,,,,,,,,,,,,,,,,,,,,,,,,,,,,,,,,,,,,,,,,,,,,,,,,,,,,,,,,,,,,,,,,,,,,,,,,,,,,,,,,,,,,,,,,,,,,,,,,,,,,,,,,,,,,,,,,,,,,,,,,,,,,,,
DeltaMint,Graded (No Uma Restrictions),"Win A finals with ""oshi"" uma",I accept these terms,Finals,"iOS - phone or tablet, Windows",$0,943,11-20 (roughly 2-3 per day),Discord - MooMooCord - https://discord.gg/Hc7cP9GB,,,Daiwa Scarlet,Front Runner,Ace built for this CM before CM start in Unity Cup scenario,SS,3,0,0,0,3,0,0,,,Taiki Shuttle,Pace Chaser,Ace built for this CM before CM start in Unity Cup scenario,SS,2,0,0,1,3,0,0,,,Oguri Cap,Pace Chaser,Ace built for this CM before CM start in Unity Cup scenario,SS,2,0,0,1,3,0,0,,,4 Attempts - 20 Races total,14,Go to Submit page,,,,,,,,,,,,,,,,,,,,Re-use Day 1 - Team Comp 1 as Day 2 - Team Comp 1,,,,,,,,,,,,,4 Attempts - 20 Races total,9,Go to Submit page,,,,,,,,,,,,,,,,,,Re-use Day 2 - Team Comp 1 as Day 3 - Team Comp 1,A Group,,,,,,,,,,,,,4 Attempts - 20 Races total,11,Go to Submit page,,,,,,,,,,,,,,,,,,Re-use Day 3 - Team Comp 1 as Day 4 - Team Comp 1,A Group,,,,,,,,,,,,,4 Attempts - 20 Races total,6,Go to Submit page,,,,,,,,,,,,,,,,,,A Finals,,Re-use Day 4 - Team Comp 1 as Finals Team Comp,,,,,,,,,,,3rd,No (goes to Submit page),,,,,,,,,,,,,,,,,,,
Kanseru,Graded (No Uma Restrictions),Get into A finals,I accept these terms,Finals,"Android - phone or tablet, Windows",$101-500,1210,6-10 (roughly 1 per day),Discord - MooMooCord - https://discord.gg/Hc7cP9GB,4,,Silence Suzuka,Front Runner,Ace built for this CM before CM start in Unity Cup scenario,SS,2,,,1,2,1,,,,Taiki Shuttle,Front Runner,Ace built for this CM before CM start in Unity Cup scenario,SS,2,,,1,2,1,,,,Mihono Bourbon (Valentine),Front Runner,Ace built for this CM before CM start in Unity Cup scenario,S+,2,,,1,2,1,,,,4 Attempts - 20 Races total,7,Go to Submit page,,,,,,,,,,,,,,,,,,,,Re-use Day 1 - Team Comp 1 as Day 2 - Team Comp 1,,,,,,,,,,,,,4 Attempts - 20 Races total,9,Go to Submit page,,,,,,,,,,,,,,,,,,Re-use Day 2 - Team Comp 1 as Day 3 - Team Comp 1,A Group,,,,,,,,,,,,,4 Attempts - 20 Races total,0,Go to Submit page,,,,,,,,,,,,,,,,,,Re-use Day 3 - Team Comp 1 as Day 4 - Team Comp 1,B Group,,,,,,,,,,,,,4 Attempts - 20 Races total,6,Go to Submit page,,,,,,,,,,,,,,,,,,B Finals,2138,Re-use Day 4 - Team Comp 1 as Finals Team Comp,,,,,,,,,,https://drive.google.com/open?id=1iwa3VyDRYMR6gcM0cZ7tGlD2VcB-JJun,1st,,,,,,,,,,,,https://drive.google.com/open?id=1-Yn17KukiujOhF4GM-xgZY7oORKqn8j9,https://drive.google.com/open?id=12OVsvnFSi_jNdy6dTWt2sQUHnlqUJWul,,5,0,7,0,2,https://drive.google.com/open?id=12TgijWkqwRQRsR_dUMfNZEwWH49Pesmu
Cantveld,Graded (No Uma Restrictions),Get into A finals,I accept these terms,Day 1,Android - phone or tablet,$1-100,325,11-20 (roughly 2-3 per day),Reddit - /r/umamusumeGame,4,,Taiki Shuttle,Pace Chaser,Ace built for this CM before CM start in Unity Cup scenario,UG (or higher),2,0,1,0,3,0,0,,15,Air Groove (Wedding),Pace Chaser,Ace built for this CM before CM start in Unity Cup scenario,SS,2,0,1,0,3,0,0,,14,Oguri Cap,Pace Chaser,Ace built for this CM before CM start in Unity Cup scenario,SS+,2,0,1,0,3,0,0,,14,4 Attempts - 20 Races total,12,Go to Submit page,,,,,,,,,,,,,,,,,,,,,,,,,,,,,,,,,,,,,,,,,,,,,,,,,,,,,,,,,,,,,,,,,,,,,,,,,,,,,,,,,,,,,,,,,,,,,,,,,,,,,,,,,,,,,,,,,,,,,,,,,,,,,,,,,,,,,,,,,,,,,,,,,,,,,,,,,,
iZallen,Graded (No Uma Restrictions),Get into A finals,I accept these terms,Day 4,,$501-1000,,6-10 (roughly 1 per day),,,,Oguri Cap,Late Surger,Ace built for this CM before CM start in Unity Cup scenario,UG (or higher),3,0,0,0,3,0,0,,19,Hishi Akebono,Pace Chaser,Ace built for Team Trials,UG (or higher),2,0,0,1,3,0,0,,,Sakura Chiyono O,Front Runner,Ace built for Team Trials,UG (or higher),2,0,0,1,3,0,0,,,4 Attempts - 20 Races total,11,Go to Submit page,,,,,,,,,,,,,,,,,,,,Add new Team Comp as Day 2 - Team Comp 1,Oguri Cap,Late Surger,Ace built for this CM before CM start in Unity Cup scenario,UG (or higher),Hishi Akebono,Pace Chaser,Ace built for this CM before CM start in Unity Cup scenario,UG (or higher),Symboli Rudolf,Late Surger,Debuffer,SS,4 Attempts - 20 Races total,9,Go to Submit page,,,,,,,,,,,,,,,,,,Re-use Day 2 - Team Comp 2 as Day 3 - Team Comp 1,A Group,,,,,,,,,,,,,3 Attempts - 15 Races total,8,Go to Submit page,,,,,,,,,,,,,,,,,,Re-use Day 3 - Team Comp 2 as Day 4 - Team Comp 1,A Group,,,,,,,,,,,,,3 Attempts - 15 Races total,9,Go to Submit page,,,,,,,,,,,,,,,,,,A Finals,7193,Re-use Day 4 - Team Comp 1 as Finals Team Comp,,,,,,,,,,,3rd,No (goes to Submit page),,,,,,,,,,,,,,,,,,,
Midnight,Graded (No Uma Restrictions),"Win A finals with ""oshi"" uma",I accept these terms,Day 4,"Android - phone or tablet, Windows",$101-500,,31-45 (roughly 5-6 per day),Discord - MooMooCord - https://discord.gg/Hc7cP9GB,4,,Curren Chan,Pace Chaser,Ace built for this CM before CM start in Unity Cup scenario,SS+,3,,,,3,,,,,Taiki Shuttle (Camping),Pace Chaser,Ace built for this CM before CM start in Unity Cup scenario,UG (or higher),2,,,2,2,,,,,Hishi Amazon,End Closer,Ace built for this CM before CM start in Unity Cup scenario,SS,3,,,,3,,,,,4 Attempts - 20 Races total,13,Go to Submit page,,,,,,,,,,,,,,,,,,,,Re-use Day 1 - Team Comp 1 as Day 2 - Team Comp 1,,,,,,,,,,,,,4 Attempts - 20 Races total,18,Go to Submit page,,,,,,,,,,,,,,,,,,Re-use Day 2 - Team Comp 1 as Day 3 - Team Comp 1,A Group,,,,,,,,,,,,,4 Attempts - 20 Races total,10,Go to Submit page,,,,,,,,,,,,,,,,,,Re-use Day 3 - Team Comp 1 as Day 4 - Team Comp 1,A Group,,,,,,,,,,,,,4 Attempts - 20 Races total,11,Finals,,,,,,,,,,,,,,,,,,A Finals,9845,Re-use Day 4 - Team Comp 1 as Finals Team Comp,,,,,,,,,,https://drive.google.com/open?id=1_UCxb-cAIzahfJxnS85V7M4UzASALkY1,1st,,,,,,,,,,,There's something special about winning with the worst running style twice in Sprint and have the same Uma Win :),https://drive.google.com/open?id=1_lUMLQlAqIFidl7MiaLPrLCbDu34NrTG,https://drive.google.com/open?id=1FzSPLo3hFxo8HxH_4yTmrZepiLdbhTtx,,2,,5,,3,https://drive.google.com/open?id=1Fm-PZo7Mt4Jrvegjjy8UucLxFLGTBVEn
Kenny,Graded (No Uma Restrictions),Win A finals with any uma,I accept these terms,Finals,iOS - phone or tablet,$0,775,6-10 (roughly 1 per day),Discord - MooMooCord - https://discord.gg/Hc7cP9GB,5,,Nishino Flower,Pace Chaser,Ace built for this CM before CM start in Unity Cup scenario,SS,2,,,1,3,,,,17,Taiki Shuttle,Pace Chaser,Ace built for this CM before CM start in Unity Cup scenario,SS,2,,,1,3,,,,12,Oguri Cap,Pace Chaser,Ace built for this CM before CM start in Trackblazer scenario,S+,2,,1,,2,,1,52,37,4 Attempts - 20 Races total,17,Go to Submit page,,,,,,,,,,,,,,,,,,,,Re-use Day 1 - Team Comp 1 as Day 2 - Team Comp 1,,,,,,,,,,,,,4 Attempts - 20 Races total,13,Go to Submit page,,,,,,,,,,,,,,,,,,Re-use Day 2 - Team Comp 1 as Day 3 - Team Comp 1,A Group,,,,,,,,,,,,,4 Attempts - 20 Races total,7,Go to Submit page,,,,,,,,,,,,,,,,,,Re-use Day 3 - Team Comp 1 as Day 4 - Team Comp 1,A Group,,,,,,,,,,,,,4 Attempts - 20 Races total,9,Go to Submit page,,,,,,,,,,,,,,,,,,A Finals,7954,Re-use Day 4 - Team Comp 1 as Finals Team Comp,,,,,,,,,,https://drive.google.com/open?id=1WEyle576T8zdg3uZwBDGJjBhMIUCEAFg,1st,,,,,,,,,,,,https://drive.google.com/open?id=1VKY5g4YigfYxdUmsyCP_ysQIrPhtRLOE,https://drive.google.com/open?id=1PX7Pf05XgBCRVFJeFtFx1D8HfIULRdIM,,3,1,6,,3,https://drive.google.com/open?id=1E7KP9eBSnz9WS52y3a6-1lH_ArezX6J9
Red Star,Graded (No Uma Restrictions),"Win A finals with ""oshi"" uma",I accept these terms,Finals,"iOS - phone or tablet, Windows",$101-500,520,11-20 (roughly 2-3 per day),"Discord - MooMooCord - https://discord.gg/Hc7cP9GB, Twitch - MooMooCows - https://www.twitch.tv/moomoomoocows",5,,Haru Urara (New Year),Late Surger,Ace built for this CM before CM start in Unity Cup scenario,UG (or higher),2,0,1,0,3,0,0,,15,King Halo,Late Surger,Ace built for this CM before CM start in Trackblazer scenario,SS,2,0,,0,3,0,1,40,37,Nishino Flower,Pace Chaser,Ace built for this CM before CM start in Unity Cup scenario,SS,3,0,1,0,2,0,0,,14,4 Attempts - 20 Races total,17,Go to Submit page,,,,,,,,,,,,,,,,,,,,Re-use Day 1 - Team Comp 1 as Day 2 - Team Comp 1,,,,,,,,,,,,,4 Attempts - 20 Races total,9,Day 3,,,,,,,,,,,,,,,,,,Re-use Day 2 - Team Comp 1 as Day 3 - Team Comp 1,A Group,,,,,,,,,,,,,4 Attempts - 20 Races total,8,Day 4,,,,,,,,,,,,,,,,,,Add a new Team Comp as Day 4 - Team Comp 1,A Group,Haru Urara (New Year),Late Surger,Mid-CM Ace build in Unity Cup scenario,UG (or higher),Mayano Top Gun (Wedding),Late Surger,Mid-CM Ace build in Unity Cup scenario,SS+,King Halo,Late Surger,Ace built for this CM before CM start in Trackblazer scenario,SS,4 Attempts - 20 Races total,7,Go to Submit page,,,,,,,,,,,,,,,,,,A Finals,8363,Re-use Day 4 - Team Comp 2 as Finals Team Comp,,,,,,,,,,https://drive.google.com/open?id=1ioAoVnxEZ4Pj9SMDt_OoKQ9OKordZod5,1st,,,,,,,,,,,one day we'll all be grown up,,https://drive.google.com/open?id=1LdISYDDE-Bm2lfd5mErEMWYkP-zhMEMF,https://drive.google.com/open?id=1gUAUWt11-D0dKSHRP9d05QUnhCsgLfNO,2,3,2,2,5,https://drive.google.com/open?id=12heaa0gE45sJkwGAMWD9jlKg-0LnBc4_
Caphao,Graded (No Uma Restrictions),Win A finals with any uma,I accept these terms,Finals,"Android - phone or tablet, Windows",Rather not say,952,11-20 (roughly 2-3 per day),,5,,Oguri Cap,Late Surger,Ace built for this CM before CM start in Unity Cup scenario,SS,2,,1,,3,,,50,27,Air Groove,Late Surger,Ace built for this CM before CM start in Unity Cup scenario,SS+,2,,1,,3,,,50,24,King Halo,Late Surger,Ace built for this CM before CM start in Unity Cup scenario,SS+,2,,1,,3,,,50,25,4 Attempts - 20 Races total,15,Go to Submit page,,,,,,,,,,,,,,,,,,,,Re-use Day 1 - Team Comp 1 as Day 2 - Team Comp 1,,,,,,,,,,,,,4 Attempts - 20 Races total,13,Go to Submit page,,,,,,,,,,,,,,,,,,Add new Team Comp as Day 3 - Team Comp 1,A Group,Oguri Cap,Late Surger,Mid-CM Ace build in Unity Cup scenario,SS+,King Halo,Late Surger,Ace built for this CM before CM start in Unity Cup scenario,SS+,Air Groove,Late Surger,Ace built for this CM before CM start in Unity Cup scenario,SS+,4 Attempts - 20 Races total,13,Day 4,,,,,,,,,,,,,,,,,,Re-use Day 3 - Team Comp 1 as Day 4 - Team Comp 1,A Group,,,,,,,,,,,,,4 Attempts - 20 Races total,7,Go to Submit page,,,,,,,,,,,,,,,,,,A Finals,8187,Re-use Day 4 - Team Comp 1 as Finals Team Comp,,,,,,,,,,https://drive.google.com/open?id=1pgzrqr9o5fmQrHXl92_KhzHfyUhGDZOV,1st,,,,,,,,,,,Dream Achieved.,https://drive.google.com/open?id=1SP9mTz-l9q4YImWg7IXs7y9URwYnr-i3,https://drive.google.com/open?id=1dKs145s0t4kuO5d0tbNfwfKK7cKoBUHm,,4,,5,,4,https://drive.google.com/open?id=1SkhMSu4dmrA1dGiHRoXzRiEhiIXNiU-c
Kjkj,Graded (No Uma Restrictions),"Win A finals with ""oshi"" uma",I accept these terms,Day 4,iOS - phone or tablet,$0,,6-10 (roughly 1 per day),,,,Mejiro McQueen,Pace Chaser,Ace built for this CM before CM start in Unity Cup scenario,UG (or higher),2,0,0,1,3,0,0,,,Air Groove (Wedding),Pace Chaser,Ace built for this CM before CM start in Unity Cup scenario,UG (or higher),2,0,0,1,3,0,0,,,Taiki Shuttle,Pace Chaser,Ace built for this CM before CM start in Unity Cup scenario,UG (or higher),2,0,0,1,3,0,0,,,4 Attempts - 20 Races total,9,Go to Submit page,,,,,,,,,,,,,,,,,,,,Re-use Day 1 - Team Comp 1 as Day 2 - Team Comp 1,,,,,,,,,,,,,4 Attempts - 20 Races total,15,Go to Submit page,,,,,,,,,,,,,,,,,,Re-use Day 2 - Team Comp 1 as Day 3 - Team Comp 1,A Group,,,,,,,,,,,,,4 Attempts - 20 Races total,14,Go to Submit page,,,,,,,,,,,,,,,,,,Re-use Day 3 - Team Comp 1 as Day 4 - Team Comp 1,A Group,,,,,,,,,,,,,4 Attempts - 20 Races total,7,Go to Submit page,,,,,,,,,,,,,,,,,,,,,,,,,,,,,,,,,,,,,,,,,,,,,,,,,,,
Thomas,Graded (No Uma Restrictions),"Win A finals with ""oshi"" uma",I accept these terms,Day 3,"Windows, Linux",$0,660,6-10 (roughly 1 per day),Discord - MooMooCord - https://discord.gg/Hc7cP9GB,4,,Nice Nature (Cheerleader),Late Surger,Ace built for this CM before CM start in Unity Cup scenario,SS,2,0,1,0,3,0,0,,,Taiki Shuttle,Pace Chaser,Ace built for this CM before CM start in Unity Cup scenario,SS+,2,0,1,0,2,1,0,,,King Halo,Late Surger,Ace built for Team Trials,S+,2,0,1,0,3,0,0,53,37,4 Attempts - 20 Races total,8,Go to Submit page,,,,,,,,,,,,,,,,,,,,Re-use Day 1 - Team Comp 1 as Day 2 - Team Comp 1,,,,,,,,,,,,,4 Attempts - 20 Races total,6,Go to Submit page,,,,,,,,,,,,,,,,,,Re-use Day 2 - Team Comp 1 as Day 3 - Team Comp 1,A Group,,,,,,,,,,,,,4 Attempts - 20 Races total,2,Day 4,,,,,,,,,,,,,,,,,,Add a new Team Comp as Day 4 - Team Comp 1,A Group,Nice Nature (Cheerleader),Late Surger,Ace built for this CM before CM start in Unity Cup scenario,SS,Taiki Shuttle,Pace Chaser,Ace built for this CM before CM start in Unity Cup scenario,SS+,King Halo (Cheerleader),Late Surger,Mid-CM Ace build in Unity Cup scenario,UG (or higher),4 Attempts - 20 Races total,5,Finals,,,,,,,,,,,,,,,,,,B Finals,2523,Re-use Day 4 - Team Comp 1 as Finals Team Comp,,,,,,,,,,https://drive.google.com/open?id=1Ad9PKZsilGLz2ASkb0Vk5Y44MCoLBPS8,2nd,No (goes to Submit page),,,,,,,,,,,,,,,,,,,
CellistiaCat,Graded (No Uma Restrictions),I'd like A finals but I'm not expecting it to actually happen due to my low investment,I accept these terms,Finals,"iOS - phone or tablet, Windows",$1-100,792,31-45 (roughly 5-6 per day),YouTube - MooMooCows - https://www.youtube.com/@MooMooCows,5,,Kitasan Black,Front Runner,Ace built for this CM before CM start in Unity Cup scenario,S+,2,,1,,2,,1,28,16,Nice Nature,Late Surger,Ace built for this CM before CM start in Unity Cup scenario,S+,3,,,1,1,,1,39,21,Sakura Bakushin O,Front Runner,Ace built for this CM before CM start in Unity Cup scenario,S,2,,1,,2,,1,28,14,4 Attempts - 20 Races total,6,Day 2,,,,,,,,,,,,,,,,,,,,Add new Team Comp as Day 2 - Team Comp 1,Kitasan Black,Front Runner,Ace built for this CM before CM start in Unity Cup scenario,S+,Nice Nature,Late Surger,Ace built for this CM before CM start in Unity Cup scenario,S+,Mayano Top Gun,Front Runner,Mid-CM Ace build in Unity Cup scenario,SS,4 Attempts - 20 Races total,11,Go to Submit page,,,,,,,,,,,,,,,,,,Add new Team Comp as Day 3 - Team Comp 1,A Group,Seiun Sky,Front Runner,Mid-CM Ace build in Unity Cup scenario,SS,Kitasan Black,Front Runner,Ace built for this CM before CM start in Unity Cup scenario,S+,Nice Nature,Late Surger,Ace built for this CM before CM start in Unity Cup scenario,S+,2 Attempts - 10 Races total,1,Day 3 - Add 2nd Team,Add new Team Comp as Day 3 - Team Comp 2,Seiun Sky,Front Runner,Mid-CM Ace build in Unity Cup scenario,SS,Mayano Top Gun,Front Runner,Mid-CM Ace build in Unity Cup scenario,SS,Nice Nature,Late Surger,Ace built for this CM before CM start in Unity Cup scenario,S+,2 Attempts - 10 Races total,6,2 teams,Go to Submit page,Re-use Day 3 - Team Comp 2 as Day 4 - Team Comp 1,A Group,,,,,,,,,,,,,4 Attempts - 20 Races total,11,Go to Submit page,,,,,,,,,,,,,,,,,,A Finals,10836,Re-use Day 4 - Team Comp 1 as Finals Team Comp,,,,,,,,,,https://drive.google.com/open?id=1POEmNEjp4EFX61n8lqKzpwJMTqk6oCH2,2nd,Yes,https://drive.google.com/open?id=1c_2sOXTnvC9ewhDwy9Z9HkJ_9OCNcLuI,https://drive.google.com/open?id=1WX8fTLkVnWtuQrF765jNo6uTglWoDDuC,,3,,13,,,https://drive.google.com/open?id=10cypMKyNYPugsblcnN65IViiDoeTtD5o,,,,,,,,,,
Fokx,Graded (No Uma Restrictions),"Win A finals with ""oshi"" uma",I accept these terms,Finals,"iOS - phone or tablet, Windows",$501-1000,1823,21-30 (roughly 3-4 per day),Discord - MooMooCord - https://discord.gg/Hc7cP9GB,4,,Tamamo Cross,Late Surger,Ace built for this CM before CM start in Unity Cup scenario,SS,3,0,0,0,3,0,0,,,Curren Chan,Pace Chaser,Ace built for this CM before CM start in Unity Cup scenario,SS,2,0,1,0,3,0,0,,,Oguri Cap,Pace Chaser,Ace built for this CM before CM start in Unity Cup scenario,SS+,2,0,1,0,3,0,0,,,4 Attempts - 20 Races total,13,Go to Submit page,,,,,,,,,,,,,,,,,,,,Re-use Day 1 - Team Comp 1 as Day 2 - Team Comp 1,,,,,,,,,,,,,4 Attempts - 20 Races total,11,Go to Submit page,,,,,,,,,,,,,,,,,,Add new Team Comp as Day 3 - Team Comp 1,A Group,Tamamo Cross,Late Surger,Ace built for this CM before CM start in Unity Cup scenario,SS,Oguri Cap,Late Surger,Mid-CM Ace build in Unity Cup scenario,UG (or higher),Curren Chan,Pace Chaser,Mid-CM Ace build in Unity Cup scenario,UG (or higher),4 Attempts - 20 Races total,10,Go to Submit page,,,,,,,,,,,,,,,,,,Re-use Day 3 - Team Comp 2 as Day 4 - Team Comp 1,A Group,,,,,,,,,,,,,4 Attempts - 20 Races total,12,Go to Submit page,,,,,,,,,,,,,,,,,,A Finals,9967,Re-use Day 4 - Team Comp 2 as Finals Team Comp,,,,,,,,,,https://drive.google.com/open?id=1jebNX6_y1fLcMjiTUb801sCXpeEGipiE,2nd,No (goes to Submit page),,,,,,,,,,,,,,,,,,,
Tom,Graded (No Uma Restrictions),Win A finals with any uma,I accept these terms,Day 4,Windows,$101-500,738,6-10 (roughly 1 per day),Discord - MooMooCord - https://discord.gg/Hc7cP9GB,,,Air Groove (Wedding),Pace Chaser,Ace built for this CM before CM start in Unity Cup scenario,UG (or higher),2,,,0,3,,,,17,Curren Chan,Pace Chaser,Ace built for this CM before CM start in Unity Cup scenario,SS,2,,1,,3,,,38,17,Sakura Bakushin O,Pace Chaser,Ace built for this CM before CM start in Unity Cup scenario,SS,2,,1,,3,,,38,20,4 Attempts - 20 Races total,12,Go to Submit page,,,,,,,,,,,,,,,,,,,,Re-use Day 1 - Team Comp 1 as Day 2 - Team Comp 1,,,,,,,,,,,,,4 Attempts - 20 Races total,13,Day 3,,,,,,,,,,,,,,,,,,Re-use Day 2 - Team Comp 1 as Day 3 - Team Comp 1,A Group,,,,,,,,,,,,,4 Attempts - 20 Races total,6,Go to Submit page,,,,,,,,,,,,,,,,,,Re-use Day 3 - Team Comp 1 as Day 4 - Team Comp 1,A Group,,,,,,,,,,,,,4 Attempts - 20 Races total,11,Finals,,,,,,,,,,,,,,,,,,A Finals,8013,Re-use Day 4 - Team Comp 1 as Finals Team Comp,,,,,,,,,,,1st,,,,,,,,,,,,,,,3,,12,,3,
Kayuri,Graded (No Uma Restrictions),Get into B finals,I accept these terms,Day 1,"Android - phone or tablet, Windows",$0,522,6-10 (roughly 1 per day),Reddit - /r/umamusumeGame,,,Fuji Kiseki,Pace Chaser,Hybrid (ace + debuffer),SS,2,,,1,3,,,,13,Silence Suzuka,Front Runner,Ace built for this CM before CM start in Unity Cup scenario,SS,3,,,1,2,,,,11,Oguri Cap,Pace Chaser,Ace built for this CM before CM start in Unity Cup scenario,SS,2,,,1,3,,,,13,2 Attempts - 10 Races total,1,Go to Submit page,,,,,,,,,,,,,,,,,,,,,,,,,,,,,,,,,,,,,,,,,,,,,,,,,,,,,,,,,,,,,,,,,,,,,,,,,,,,,,,,,,,,,,,,,,,,,,,,,,,,,,,,,,,,,,,,,,,,,,,,,,,,,,,,,,,,,,,,,,,,,,,,,,,,,,,,,,
WizenWagon,Graded (No Uma Restrictions),Get into A finals,I accept these terms,Finals,Android - phone or tablet,$101-500,571,0-5 (less than 1 per day),Discord - MooMooCord - https://discord.gg/Hc7cP9GB,,,Nishino Flower,Pace Chaser,Ace built for this CM before CM start in Unity Cup scenario,UG (or higher),2,0,1,0,2,0,1,,16,Taiki Shuttle,Pace Chaser,Ace built for this CM before CM start in Unity Cup scenario,UG (or higher),2,0,1,0,2,0,1,,16,Air Groove (Wedding),Pace Chaser,Ace built for this CM before CM start in Unity Cup scenario,UG (or higher),2,0,1,0,2,0,1,,19,4 Attempts - 20 Races total,10,Go to Submit page,,,,,,,,,,,,,,,,,,,,,,,,,,,,,,,,,,,,,,,,,,,,,,,,,,,,,Add new Team Comp as Day 3 - Team Comp 1,A Group,Nishino Flower,Pace Chaser,Ace built for this CM before CM start in Unity Cup scenario,UG (or higher),Taiki Shuttle,Pace Chaser,Ace built for this CM before CM start in Unity Cup scenario,UG (or higher),Air Groove (Wedding),Pace Chaser,Ace built for this CM before CM start in Unity Cup scenario,UG (or higher),3 Attempts - 15 Races total,6,Go to Submit page,,,,,,,,,,,,,,,,,,Re-use Day 3 - Team Comp 1 as Day 4 - Team Comp 1,A Group,,,,,,,,,,,,,4 Attempts - 20 Races total,8,Go to Submit page,,,,,,,,,,,,,,,,,,A Finals,5798,Re-use Day 4 - Team Comp 1 as Finals Team Comp,,,,,,,,,,https://drive.google.com/open?id=1xkGdDCC524Qv9Y3k93wRli232SWhDc1O,2nd,Yes,https://drive.google.com/open?id=1nHmxwQLdVXqc4L4J0zm_6ToU_qgQVZJW,https://drive.google.com/open?id=125-5MlQomhnhEWCL_ZQk6lyEEekdBjwJ,,,,,,,https://drive.google.com/open?id=1gFkFG5Ez5uQ3o2QQ5VIIfqFLUYaoUKMV,,,,,,,,,,
Arice12180,Graded (No Uma Restrictions),"Win A finals with ""oshi"" uma",I accept these terms,Day 4,Windows,$101-500,1915,21-30 (roughly 3-4 per day),Discord - MooMooCord - https://discord.gg/Hc7cP9GB,5,,Smart Falcon,Front Runner,Ace built for this CM before CM start in Unity Cup scenario,UG (or higher),2,0,0,1,3,0,0,50,22,Silence Suzuka,Runaway,Debuffer,SS,,,,,,,,,,Symboli Rudolf,Front Runner,Debuffer,A+,,,,,,,,,,4 Attempts - 20 Races total,15,Go to Submit page,,,,,,,,,,,,,,,,,,,,Re-use Day 1 - Team Comp 1 as Day 2 - Team Comp 1,,,,,,,,,,,,,4 Attempts - 20 Races total,18,Go to Submit page,,,,,,,,,,,,,,,,,,Re-use Day 2 - Team Comp 1 as Day 3 - Team Comp 1,A Group,,,,,,,,,,,,,4 Attempts - 20 Races total,15,Go to Submit page,,,,,,,,,,,,,,,,,,Re-use Day 3 - Team Comp 1 as Day 4 - Team Comp 1,A Group,,,,,,,,,,,,,4 Attempts - 20 Races total,16,Go to Submit page,,,,,,,,,,,,,,,,,,,,,,,,,,,,,,,,,,,,,,,,,,,,,,,,,,,
Matayoh,Graded (No Uma Restrictions),"Win A finals with ""oshi"" uma",I accept these terms,Finals,"Android - phone or tablet, Windows",$1001-5000,1352,31-45 (roughly 5-6 per day),Discord - MooMooCord - https://discord.gg/Hc7cP9GB,5,,Gold City,Late Surger,Ace built for this CM before CM start in Unity Cup scenario,UG (or higher),1,,1,,3,0,1,,,Curren Chan (Wedding),Pace Chaser,Ace built for this CM before CM start in Unity Cup scenario,UG (or higher),2,,1,,3,,,,,Air Groove,Late Surger,Ace built for this CM before CM start in Unity Cup scenario,UG (or higher),2,,,,4,,,,,4 Attempts - 20 Races total,15,Go to Submit page,,,,,,,,,,,,,,,,,,,,Add new Team Comp as Day 2 - Team Comp 1,Gold City,Late Surger,Ace built for this CM before CM start in Unity Cup scenario,UG (or higher),Curren Chan (Wedding),Pace Chaser,Ace built for this CM before CM start in Unity Cup scenario,UG (or higher),Oguri Cap,Pace Chaser,Mid-CM Ace build in Unity Cup scenario,UG (or higher),4 Attempts - 20 Races total,16,Go to Submit page,,,,,,,,,,,,,,,,,,Add new Team Comp as Day 3 - Team Comp 1,A Group,Gold City,Late Surger,Ace built for this CM before CM start in Unity Cup scenario,UG (or higher),Curren Chan (Wedding),Pace Chaser,Ace built for this CM before CM start in Unity Cup scenario,UG (or higher),Fine Motion,Pace Chaser,Ace built for this CM before CM start in Unity Cup scenario,UG (or higher),4 Attempts - 20 Races total,11,Go to Submit page,,,,,,,,,,,,,,,,,,Add a new Team Comp as Day 4 - Team Comp 1,A Group,Gold City,Late Surger,Ace built for this CM before CM start in Unity Cup scenario,UG (or higher),Curren Chan (Wedding),Pace Chaser,Ace built for this CM before CM start in Unity Cup scenario,UG (or higher),Oguri Cap,Pace Chaser,Mid-CM Ace build in Unity Cup scenario,UG (or higher),4 Attempts - 20 Races total,16,Go to Submit page,,,,,,,,,,,,,,,,,,A Finals,,Re-use Day 4 - Team Comp 1 as Finals Team Comp,,,,,,,,,,https://drive.google.com/open?id=1OirxVx-XEGzH4u3CYMPf1rtVxkRz61ZB,2nd,No (goes to Submit page),,,,,,,,,,,,,,,,,,,
Fabianorar,Graded (No Uma Restrictions),"Win A finals with ""oshi"" uma",I accept these terms,Day 4,Android - phone or tablet,$0,615,6-10 (roughly 1 per day),"Discord - MooMooCord - https://discord.gg/Hc7cP9GB, YouTube - MooMooCows - https://www.youtube.com/@MooMooCows",,,Curren Chan (Wedding),Pace Chaser,Ace built for this CM before CM start in Unity Cup scenario,SS,2,,1,,3,,,,,Oguri Cap,Pace Chaser,Ace built for this CM before CM start in Unity Cup scenario,SS,2,,1,,2,1,,,,Taiki Shuttle,Pace Chaser,Ace built for this CM before CM start in Unity Cup scenario,SS,2,,1,,2,1,,,,4 Attempts - 20 Races total,11,Go to Submit page,,,,,,,,,,,,,,,,,,,,Re-use Day 1 - Team Comp 1 as Day 2 - Team Comp 1,,,,,,,,,,,,,4 Attempts - 20 Races total,14,Go to Submit page,,,,,,,,,,,,,,,,,,Re-use Day 2 - Team Comp 1 as Day 3 - Team Comp 1,A Group,,,,,,,,,,,,,4 Attempts - 20 Races total,7,Go to Submit page,,,,,,,,,,,,,,,,,,Re-use Day 3 - Team Comp 1 as Day 4 - Team Comp 1,A Group,,,,,,,,,,,,,4 Attempts - 20 Races total,11,Finals,,,,,,,,,,,,,,,,,,A Finals,13090,Re-use Day 4 - Team Comp 1 as Finals Team Comp,,,,,,,,,,https://drive.google.com/open?id=1oiMPKHArgqu7CcwOtKOUtm13lWzMXKJG,2nd,Yes,https://drive.google.com/open?id=10dkA0-EazAzpp4_VFELGcpIIYLR-C1Ac,https://drive.google.com/open?id=1gtz7QGtf9FGVBTZIK5-TK7OILDmqAvte,,,,,,,https://drive.google.com/open?id=1TvH9vZyANoymKrYasin-mHHP7wRJO5qL,,,,,,,,,,
Katsuji,Graded (No Uma Restrictions),"Win A finals with ""oshi"" uma",I accept these terms,Finals,"iOS - phone or tablet, Windows",$501-1000,1768,31-45 (roughly 5-6 per day),Discord - MooMooCord - https://discord.gg/Hc7cP9GB,4,,Admire Vega,End Closer,Ace built for this CM before CM start in Unity Cup scenario,UG (or higher),2,0,1,0,3,0,0,,,Curren Chan (Wedding),Pace Chaser,Ace built for this CM before CM start in Unity Cup scenario,UG (or higher),2,0,1,1,2,0,0,,,Taiki Shuttle,Pace Chaser,Ace built for this CM before CM start in Unity Cup scenario,UG (or higher),2,0,2,0,2,0,0,,,4 Attempts - 20 Races total,14,Day 2,,,,,,,,,,,,,,,,,,,,Re-use Day 1 - Team Comp 1 as Day 2 - Team Comp 1,,,,,,,,,,,,,4 Attempts - 20 Races total,16,Go to Submit page,,,,,,,,,,,,,,,,,,Re-use Day 2 - Team Comp 1 as Day 3 - Team Comp 1,A Group,,,,,,,,,,,,,4 Attempts - 20 Races total,13,Go to Submit page,,,,,,,,,,,,,,,,,,Re-use Day 3 - Team Comp 1 as Day 4 - Team Comp 1,A Group,,,,,,,,,,,,,4 Attempts - 20 Races total,14,Go to Submit page,,,,,,,,,,,,,,,,,,A Finals,12779,Re-use Day 4 - Team Comp 1 as Finals Team Comp,,,,,,,,,,https://drive.google.com/open?id=18r99kl3Ohlh3Qt_e8zfCwrRekSwf3iIH,2nd,No (goes to Submit page),,,,,,,,,,,,,,,,,,,
Zenith,Graded (No Uma Restrictions),Collect participation rewards,I accept these terms,Finals,"Android - phone or tablet, Windows",$0,866,6-10 (roughly 1 per day),Rather not say,4,,Seiun Sky,Front Runner,Ace built for this CM before CM start in Unity Cup scenario,UG (or higher),,,,,,,,,,Taiki Shuttle,Pace Chaser,Ace built for this CM before CM start in Unity Cup scenario,UG (or higher),,,,,,,,,,Sakura Bakushin O,Pace Chaser,Ace built for this CM before CM start in Unity Cup scenario,SS,,,,,,,,,,4 Attempts - 20 Races total,9,Go to Submit page,,,,,,,,,,,,,,,,,,,,Re-use Day 1 - Team Comp 1 as Day 2 - Team Comp 1,,,,,,,,,,,,,4 Attempts - 20 Races total,8,Go to Submit page,,,,,,,,,,,,,,,,,,Re-use Day 2 - Team Comp 1 as Day 3 - Team Comp 1,A Group,,,,,,,,,,,,,4 Attempts - 20 Races total,8,Go to Submit page,,,,,,,,,,,,,,,,,,Re-use Day 3 - Team Comp 1 as Day 4 - Team Comp 1,A Group,,,,,,,,,,,,,3 Attempts - 15 Races total,1,Go to Submit page,,,,,,,,,,,,,,,,,,A Finals,5388,Re-use Day 4 - Team Comp 1 as Finals Team Comp,,,,,,,,,,https://drive.google.com/open?id=1sAY0UFAPaFv_psv4IvM-4enfy1Yy6Ha1,1st,,,,,,,,,,,"seiun didn't win, perhaps next cm?",https://drive.google.com/open?id=1xV6EIerloKQFl46UkF9yGtPC9E08Jjid,https://drive.google.com/open?id=1BXOX_JWwT2WhvL_G97iAq-eXghNsDx_H,,7,,8,,,https://drive.google.com/open?id=1ZcVOmpViGvrk2Zj3W-tSefmom6BDw1lE
Meghanet,Graded (No Uma Restrictions),"Win A finals with ""oshi"" uma",I accept these terms,Day 4,"iOS - phone or tablet, Windows",$101-500,977,21-30 (roughly 3-4 per day),Discord - MooMooCord - https://discord.gg/Hc7cP9GB,5,,Rice Shower,Pace Chaser,Ace built for this CM before CM start in Unity Cup scenario,SS+,2,0,0,2,2,0,0,40,13,Nishino Flower,Pace Chaser,Ace built for this CM before CM start in Unity Cup scenario,UG (or higher),2,0,0,2,2,0,0,35,12,Curren Chan (Wedding),Pace Chaser,Ace built for this CM before CM start in Unity Cup scenario,UG (or higher),2,0,0,2,2,0,0,40,13,4 Attempts - 20 Races total,16,Go to Submit page,,,,,,,,,,,,,,,,,,,,Re-use Day 1 - Team Comp 1 as Day 2 - Team Comp 1,,,,,,,,,,,,,4 Attempts - 20 Races total,16,Go to Submit page,,,,,,,,,,,,,,,,,,Re-use Day 2 - Team Comp 1 as Day 3 - Team Comp 1,A Group,,,,,,,,,,,,,4 Attempts - 20 Races total,13,Go to Submit page,,,,,,,,,,,,,,,,,,Re-use Day 3 - Team Comp 1 as Day 4 - Team Comp 1,A Group,,,,,,,,,,,,,4 Attempts - 20 Races total,13,Finals,,,,,,,,,,,,,,,,,,A Finals,10000,Re-use Day 4 - Team Comp 1 as Finals Team Comp,,,,,,,,,,https://drive.google.com/open?id=1smwi56xpnJwztCbWArD0Hwzdv_M-Dtcm,2nd,No (goes to Submit page),,,,,,,,,,,,,,,,,,,
Reinigen,Graded (No Uma Restrictions),Win A finals with any uma,I accept these terms,Finals,"Android - phone or tablet, Windows",$1001-5000,1552,31-45 (roughly 5-6 per day),"Discord - MooMooCord - https://discord.gg/Hc7cP9GB, YouTube - MooMooCows - https://www.youtube.com/@MooMooCows",5,,Nishino Flower,Pace Chaser,Ace built for this CM before CM start in Unity Cup scenario,SS,2,0,0,1,3,0,0,,,Oguri Cap,Late Surger,Ace built for this CM before CM start in Unity Cup scenario,SS+,2,0,1,0,3,0,0,,,Taiki Shuttle,Pace Chaser,Ace built for this CM before CM start in Unity Cup scenario,SS+,2,0,0,1,3,0,0,,,4 Attempts - 20 Races total,17,Go to Submit page,,,,,,,,,,,,,,,,,,,,Re-use Day 1 - Team Comp 1 as Day 2 - Team Comp 1,,,,,,,,,,,,,4 Attempts - 20 Races total,13,Go to Submit page,,,,,,,,,,,,,,,,,,Re-use Day 2 - Team Comp 1 as Day 3 - Team Comp 1,A Group,,,,,,,,,,,,,4 Attempts - 20 Races total,14,Go to Submit page,,,,,,,,,,,,,,,,,,Re-use Day 3 - Team Comp 1 as Day 4 - Team Comp 1,A Group,,,,,,,,,,,,,4 Attempts - 20 Races total,12,Go to Submit page,,,,,,,,,,,,,,,,,,A Finals,10733,Re-use Day 4 - Team Comp 1 as Finals Team Comp,,,,,,,,,,https://drive.google.com/open?id=1dvER04FxJ6MPnDk2UZYC_6EV-EEu7veF,3rd,No (goes to Submit page),,,,,,,,,,,,,,,,,,,
Hyaz,Graded (No Uma Restrictions),Get into A finals,I accept these terms,Finals,"Android - phone or tablet, Windows",$1001-5000,776,6-10 (roughly 1 per day),"Discord - MooMooCord - https://discord.gg/Hc7cP9GB, Twitch - MooMooCows - https://www.twitch.tv/moomoomoocows, YouTube - MooMooCows - https://www.youtube.com/@MooMooCows",,,Sweep Tosho,End Closer,Ace built for this CM before CM start in Unity Cup scenario,UG (or higher),2,0,0,0,3,0,1,50,16,Curren Chan (Wedding),Pace Chaser,Ace built for this CM before CM start in Unity Cup scenario,UG (or higher),2,0,1,0,3,0,0,45,14,Mayano Top Gun (Wedding),Late Surger,Ace built for this CM before CM start in Unity Cup scenario,UG (or higher),2,0,1,0,3,0,0,65,14,4 Attempts - 20 Races total,14,Go to Submit page,,,,,,,,,,,,,,,,,,,,Re-use Day 1 - Team Comp 1 as Day 2 - Team Comp 1,,,,,,,,,,,,,4 Attempts - 20 Races total,17,Go to Submit page,,,,,,,,,,,,,,,,,,Re-use Day 2 - Team Comp 1 as Day 3 - Team Comp 1,A Group,,,,,,,,,,,,,4 Attempts - 20 Races total,17,Go to Submit page,,,,,,,,,,,,,,,,,,Re-use Day 3 - Team Comp 1 as Day 4 - Team Comp 1,A Group,,,,,,,,,,,,,4 Attempts - 20 Races total,13,Go to Submit page,,,,,,,,,,,,,,,,,,A Finals,13211,Re-use Day 4 - Team Comp 1 as Finals Team Comp,,,,,,,,,,https://drive.google.com/open?id=1IC_8ripnQd-YkfLZqd4B_0U8XWTxRr24,2nd,No (goes to Submit page),,,,,,,,,,,,,,,,,,,
theBobbles117,Graded (No Uma Restrictions),Get into A finals,I accept these terms,Finals,iOS - phone or tablet,$501-1000,926,11-20 (roughly 2-3 per day),Discord - MooMooCord - https://discord.gg/Hc7cP9GB,4,,Fuji Kiseki,Pace Chaser,Ace built for this CM before CM start in Unity Cup scenario,UG (or higher),2,1,,,3,,,,,Taiki Shuttle,Pace Chaser,Ace built for this CM before CM start in Unity Cup scenario,UG (or higher),2,,1,,3,,,,,Air Groove (Wedding),Pace Chaser,Ace built for this CM before CM start in Unity Cup scenario,SS,2,,1,,3,,,,,4 Attempts - 20 Races total,8,Go to Submit page,,,,,,,,,,,,,,,,,,,,Re-use Day 1 - Team Comp 1 as Day 2 - Team Comp 1,,,,,,,,,,,,,4 Attempts - 20 Races total,12,Go to Submit page,,,,,,,,,,,,,,,,,,Re-use Day 2 - Team Comp 1 as Day 3 - Team Comp 1,A Group,,,,,,,,,,,,,4 Attempts - 20 Races total,7,Go to Submit page,,,,,,,,,,,,,,,,,,Re-use Day 3 - Team Comp 1 as Day 4 - Team Comp 1,A Group,,,,,,,,,,,,,4 Attempts - 20 Races total,8,Go to Submit page,,,,,,,,,,,,,,,,,,A Finals,7203,Re-use Day 4 - Team Comp 1 as Finals Team Comp,,,,,,,,,,https://drive.google.com/open?id=107KMNfSsRrCFUWUBAEHB8JmgBO82Qas5,1st,,,,,,,,,,,,https://drive.google.com/open?id=19XIufFDRwxKzO0mOiv__wsEwkFwP9uGH,,,,,,1,,https://drive.google.com/open?id=1VUlcxvYvWj3ePkgHx9EQzusq-JEQuhmt
Naivora,Graded (No Uma Restrictions),"Win A finals with ""oshi"" uma",I accept these terms,Finals,Android - phone or tablet,$501-1000,842,6-10 (roughly 1 per day),"Discord - MooMooCord - https://discord.gg/Hc7cP9GB, YouTube - MooMooCows - https://www.youtube.com/@MooMooCows",,,Air Groove (Wedding),Pace Chaser,Ace built for this CM before CM start in Unity Cup scenario,SS+,2,,1,0,3,0,0,,,Kawakami Princess,Late Surger,Ace built for this CM before CM start in Unity Cup scenario,SS,2,0,1,,2,0,1,,,Manhattan Cafe,Late Surger,Ace built for this CM before CM start in Unity Cup scenario,SS,2,0,0,1,3,0,0,,,4 Attempts - 20 Races total,11,Day 2,,,,,,,,,,,,,,,,,,,,Re-use Day 1 - Team Comp 1 as Day 2 - Team Comp 1,,,,,,,,,,,,,4 Attempts - 20 Races total,14,Go to Submit page,,,,,,,,,,,,,,,,,,Re-use Day 2 - Team Comp 1 as Day 3 - Team Comp 1,A Group,,,,,,,,,,,,,4 Attempts - 20 Races total,8,Day 4,,,,,,,,,,,,,,,,,,Re-use Day 3 - Team Comp 1 as Day 4 - Team Comp 1,A Group,,,,,,,,,,,,,4 Attempts - 20 Races total,6,Go to Submit page,,,,,,,,,,,,,,,,,,A Finals,10350,Re-use Day 4 - Team Comp 1 as Finals Team Comp,,,,,,,,,,https://drive.google.com/open?id=18xm_mNa5P5fXLwv8tgB194Hgi1QMFKtR,3rd,Yes,https://drive.google.com/open?id=1J4xZeW0uK8vze2gEtSk8jEBO8rX0YWxA,https://drive.google.com/open?id=126NJcuIVMPo7Zbp9UryBhPbKFR_KHfKs,https://drive.google.com/open?id=1pioHDf2wcHlsb_qHMWq-a3XCTlOH55YK,0,2,12,0,0,https://drive.google.com/open?id=1moFDLcXjN9-zgxa4W_Ms7nV7kR5CRBrB,,,,,,,,,,
Bertrand,Graded (No Uma Restrictions),"Win A finals with ""oshi"" uma",I accept these terms,Finals,iOS - phone or tablet,$0,948,11-20 (roughly 2-3 per day),YouTube - MooMooCows - https://www.youtube.com/@MooMooCows,,,Special Week,Pace Chaser,Ace built for this CM before CM start in Unity Cup scenario,SS,2,0,1,0,2,1,0,,16,Taiki Shuttle,Pace Chaser,Ace built for this CM before CM start in Unity Cup scenario,UG (or higher),2,0,0,1,3,0,0,,20,Curren Chan,Pace Chaser,Ace built for this CM before CM start in Unity Cup scenario,UG (or higher),2,0,1,0,3,0,0,,17,4 Attempts - 20 Races total,11,Day 2,,,,,,,,,,,,,,,,,,,,Re-use Day 1 - Team Comp 1 as Day 2 - Team Comp 1,,,,,,,,,,,,,4 Attempts - 20 Races total,16,Go to Submit page,,,,,,,,,,,,,,,,,,Re-use Day 2 - Team Comp 1 as Day 3 - Team Comp 1,A Group,,,,,,,,,,,,,4 Attempts - 20 Races total,9,Go to Submit page,,,,,,,,,,,,,,,,,,Add a new Team Comp as Day 4 - Team Comp 1,A Group,Special Week,Pace Chaser,Ace built for this CM before CM start in Unity Cup scenario,SS,Taiki Shuttle,Pace Chaser,Ace built for this CM before CM start in Unity Cup scenario,UG (or higher),Fuji Kiseki,Pace Chaser,Ace built for this CM before CM start in Unity Cup scenario,SS,4 Attempts - 20 Races total,9,Go to Submit page,,,,,,,,,,,,,,,,,,A Finals,8645,Re-use Day 4 - Team Comp 1 as Finals Team Comp,,,,,,,,,,https://drive.google.com/open?id=1nBz8tTzUKoi_uZeX3kuE3SmwxOGcViTp,2nd,No (goes to Submit page),,,,,,,,,,,,,,,,,,,
Cata,Graded (No Uma Restrictions),"Win A finals with ""oshi"" uma",I accept these terms,Finals,Android - phone or tablet,$101-500,1842,31-45 (roughly 5-6 per day),Discord - MooMooCord - https://discord.gg/Hc7cP9GB,,,Symboli Rudolf (Festival),Pace Chaser,Ace built for this CM before CM start in Unity Cup scenario,UG (or higher),2,,,,3,1,,,15,Tamamo Cross,Pace Chaser,Ace built for this CM before CM start in Unity Cup scenario,UG (or higher),2,,,,3,1,,,17,Inari One,End Closer,Ace built for this CM before CM start in Unity Cup scenario,UG (or higher),2,,,,3,1,,,19,4 Attempts - 20 Races total,17,Day 2,,,,,,,,,,,,,,,,,,,,Re-use Day 1 - Team Comp 1 as Day 2 - Team Comp 1,,,,,,,,,,,,,4 Attempts - 20 Races total,11,Go to Submit page,,,,,,,,,,,,,,,,,,Re-use Day 2 - Team Comp 1 as Day 3 - Team Comp 1,A Group,,,,,,,,,,,,,4 Attempts - 20 Races total,8,Go to Submit page,,,,,,,,,,,,,,,,,,Re-use Day 3 - Team Comp 1 as Day 4 - Team Comp 1,A Group,,,,,,,,,,,,,4 Attempts - 20 Races total,13,Go to Submit page,,,,,,,,,,,,,,,,,,A Finals,9874,Re-use Day 4 - Team Comp 1 as Finals Team Comp,,,,,,,,,,https://drive.google.com/open?id=1ipktPQGkM1tVeB6OEzvQm6f3hetYfCVo,1st,,,,,,,,,,,Rudolf did it again!,https://drive.google.com/open?id=1e7iCfv1e41P2596_oY4I--CqCqkKg4bb,https://drive.google.com/open?id=1awKLSNRU4_5zJFLPgzfV5aZzGMt_t_Pp,,6,,6,3,3,https://drive.google.com/open?id=1hyO8rsF2oiptpJ-yc0yrk4hbsfbi3geh
Havoc,Graded (No Uma Restrictions),"Win A finals with ""oshi"" uma",I accept these terms,Finals,,$1-100,,21-30 (roughly 3-4 per day),,,,Nishino Flower,Pace Chaser,Ace built for this CM before CM start in Unity Cup scenario,UG (or higher),2,,,,3,,1,50,16,Oguri Cap,Pace Chaser,Ace built for this CM before CM start in Unity Cup scenario,SS+,2,,,,4,,,40,18,Taiki Shuttle,Pace Chaser,Ace built for this CM before CM start in Unity Cup scenario,UG (or higher),2,,,,4,,,40,22,4 Attempts - 20 Races total,12,Day 2,,,,,,,,,,,,,,,,,,,,Re-use Day 1 - Team Comp 1 as Day 2 - Team Comp 1,,,,,,,,,,,,,4 Attempts - 20 Races total,13,Go to Submit page,,,,,,,,,,,,,,,,,,Re-use Day 2 - Team Comp 1 as Day 3 - Team Comp 1,A Group,,,,,,,,,,,,,4 Attempts - 20 Races total,15,Go to Submit page,,,,,,,,,,,,,,,,,,Re-use Day 3 - Team Comp 1 as Day 4 - Team Comp 1,A Group,,,,,,,,,,,,,4 Attempts - 20 Races total,11,Go to Submit page,,,,,,,,,,,,,,,,,,A Finals,11941,Re-use Day 4 - Team Comp 1 as Finals Team Comp,,,,,,,,,,https://drive.google.com/open?id=10-wvbP4SUR8Rzm6vkVCBbk5ShaftFBMu,1st,,,,,,,,,,,,https://drive.google.com/open?id=1QcW_mFlYUU1R_dMkb3BTmHVHN-4588Af,https://drive.google.com/open?id=1T2Ph50SdBmrmMdh7GneUZ_ydJb8VrSMq,,,2,11,3,,https://drive.google.com/open?id=1Md5YrLA8VGO0gxHz8Hdd2v28U65nkZg2
DT46,Graded (No Uma Restrictions),Collect participation rewards,I accept these terms,Finals,"Android - phone or tablet, Windows",$101-500,748,11-20 (roughly 2-3 per day),Discord - MooMooCord - https://discord.gg/Hc7cP9GB,,,Narita Taishin,End Closer,Ace built for this CM before CM start in Unity Cup scenario,SS,2,,,,3,1,,,15,Gold City (Festival),Late Surger,Ace built for this CM before CM start in Unity Cup scenario,SS,2,,,,3,1,,,15,Taiki Shuttle,Pace Chaser,Ace built for this CM before CM start in Unity Cup scenario,SS,2,,,1,3,,,,12,4 Attempts - 20 Races total,8,Day 2,,,,,,,,,,,,,,,,,,,,Re-use Day 1 - Team Comp 1 as Day 2 - Team Comp 1,,,,,,,,,,,,,4 Attempts - 20 Races total,10,Go to Submit page,,,,,,,,,,,,,,,,,,Re-use Day 2 - Team Comp 1 as Day 3 - Team Comp 1,A Group,,,,,,,,,,,,,4 Attempts - 20 Races total,6,Go to Submit page,,,,,,,,,,,,,,,,,,Re-use Day 3 - Team Comp 1 as Day 4 - Team Comp 1,A Group,,,,,,,,,,,,,4 Attempts - 20 Races total,6,Go to Submit page,,,,,,,,,,,,,,,,,,A Finals,8482,Re-use Day 4 - Team Comp 1 as Finals Team Comp,,,,,,,,,,https://drive.google.com/open?id=1HysA8XD1I75ZrHhWVPoQo_XdEXlnak2K,2nd,No (goes to Submit page),,,,,,,,,,,,,,,,,,,
LolVilt,Graded (No Uma Restrictions),Get into A finals,I accept these terms,Day 3,"Android - phone or tablet, SteamOS - Steam Deck",$501-1000,776,6-10 (roughly 1 per day),"Discord - MooMooCord - https://discord.gg/Hc7cP9GB, Twitch - MooMooCows - https://www.twitch.tv/moomoomoocows, YouTube - MooMooCows - https://www.youtube.com/@MooMooCows",5,,Nishino Flower,Pace Chaser,Ace built for this CM before CM start in Unity Cup scenario,S+,1,,,3,2,,,,,Hishi Akebono,Pace Chaser,Ace built for this CM before CM start in Unity Cup scenario,SS,0,,,1,6,,,,,Sakura Bakushin O,Pace Chaser,Ace built for this CM before CM start in Unity Cup scenario,SS,1,,0,,6,,,,,4 Attempts - 20 Races total,12,Day 2,,,,,,,,,,,,,,,,,,,,Re-use Day 1 - Team Comp 1 as Day 2 - Team Comp 1,,,,,,,,,,,,,4 Attempts - 20 Races total,13,Go to Submit page,,,,,,,,,,,,,,,,,,Re-use Day 2 - Team Comp 1 as Day 3 - Team Comp 1,A Group,,,,,,,,,,,,,4 Attempts - 20 Races total,5,Day 4,,,,,,,,,,,,,,,,,,Re-use Day 3 - Team Comp 1 as Day 4 - Team Comp 1,A Group,,,,,,,,,,,,,4 Attempts - 20 Races total,8,Go to Submit page,,,,,,,,,,,,,,,,,,,,,,,,,,,,,,,,,,,,,,,,,,,,,,,,,,,
Big Slic3,Graded (No Uma Restrictions),Get into A finals,I accept these terms,Finals,iOS - phone or tablet,$101-500,,11-20 (roughly 2-3 per day),"Discord - MooMooCord - https://discord.gg/Hc7cP9GB, Twitch - MooMooCows - https://www.twitch.tv/moomoomoocows, YouTube - MooMooCows - https://www.youtube.com/@MooMooCows",5,,Mayano Top Gun,Pace Chaser,Ace built for this CM before CM start in Unity Cup scenario,SS,2,,,,3,1,,,,Taiki Shuttle,Pace Chaser,Ace built for this CM before CM start in Trackblazer scenario,UG (or higher),2,,,,4,,,,,Oguri Cap,Late Surger,Ace built for this CM before CM start in Trackblazer scenario,SS,2,,2,,2,,,70,43,4 Attempts - 20 Races total,9,Go to Submit page,,,,,,,,,,,,,,,,,,,,Re-use Day 1 - Team Comp 1 as Day 2 - Team Comp 1,,,,,,,,,,,,,4 Attempts - 20 Races total,15,Go to Submit page,,,,,,,,,,,,,,,,,,Re-use Day 2 - Team Comp 1 as Day 3 - Team Comp 1,A Group,,,,,,,,,,,,,4 Attempts - 20 Races total,10,Day 4,,,,,,,,,,,,,,,,,,Re-use Day 3 - Team Comp 1 as Day 4 - Team Comp 1,A Group,,,,,,,,,,,,,4 Attempts - 20 Races total,7,Go to Submit page,,,,,,,,,,,,,,,,,,A Finals,,Re-use Day 4 - Team Comp 1 as Finals Team Comp,,,,,,,,,,,3rd,No (goes to Submit page),,,,,,,,,,,,,,,,,,,
Wecondo,Graded (No Uma Restrictions),"Win A finals with ""oshi"" uma",I accept these terms,Day 1,Windows,Rather not say,,11-20 (roughly 2-3 per day),Friend sent me the link,,,Mejiro Ardan,Pace Chaser,Ace built for this CM before CM start in Unity Cup scenario,UG (or higher),3,,,1,2,,,,,Nishino Flower,Pace Chaser,Ace built for this CM before CM start in Unity Cup scenario,SS+,1,,,2,3,,,,,Curren Chan,Pace Chaser,Ace built for this CM before CM start in Trackblazer scenario,SS+,2,,1,,3,,,,,4 Attempts - 20 Races total,11,Day 2,,,,,,,,,,,,,,,,,,,,Add new Team Comp as Day 2 - Team Comp 1,Mejiro Ardan,Pace Chaser,Ace built for this CM before CM start in Unity Cup scenario,UG (or higher),Nishino Flower,Pace Chaser,Ace built for this CM before CM start in Unity Cup scenario,SS+,Curren Chan,Pace Chaser,Ace built for this CM before CM start in Unity Cup scenario,SS+,4 Attempts - 20 Races total,14,Go to Submit page,,,,,,,,,,,,,,,,,,,,,,,,,,,,,,,,,,,,,,,,,,,,,,,,,,,,,,,,,,,,,,,,,,,,,,,,,,,,,,,,,,,,,,,,,,,,,,,,,,,,,,,,,,,,,,,,,,,,,,,
Riri,Graded (No Uma Restrictions),Get into A finals,I accept these terms,Finals,Android - phone or tablet,$101-500,,11-20 (roughly 2-3 per day),Discord - MooMooCord - https://discord.gg/Hc7cP9GB,5,,El Condor Pasa (Fantasy),Late Surger,Ace built for this CM before CM start in Unity Cup scenario,SS,,,,,,,,,,Hishi Amazon,End Closer,Ace built for this CM before CM start in Unity Cup scenario,SS,,,,,,,,,,Taiki Shuttle (Camping),Pace Chaser,Ace built for this CM before CM start in Unity Cup scenario,UG (or higher),,,,,,,,,,4 Attempts - 20 Races total,11,Day 2,,,,,,,,,,,,,,,,,,,,Re-use Day 1 - Team Comp 1 as Day 2 - Team Comp 1,,,,,,,,,,,,,4 Attempts - 20 Races total,13,Go to Submit page,,,,,,,,,,,,,,,,,,Re-use Day 2 - Team Comp 1 as Day 3 - Team Comp 1,A Group,,,,,,,,,,,,,4 Attempts - 20 Races total,9,Go to Submit page,,,,,,,,,,,,,,,,,,Re-use Day 3 - Team Comp 2 as Day 4 - Team Comp 1,A Group,,,,,,,,,,,,,4 Attempts - 20 Races total,12,Go to Submit page,,,,,,,,,,,,,,,,,,A Finals,9229,Re-use Day 4 - Team Comp 1 as Finals Team Comp,,,,,,,,,,https://drive.google.com/open?id=1Ib-l6g2-T33Hyi5AIkT9ZPXYzIn7ptjS,1st,,,,,,,,,,,,https://drive.google.com/open?id=1wG9ITV1-jQbODVcPQ43SdwBuP32eOCUO,https://drive.google.com/open?id=1fbi4QtWa6sbHDhVCUvRfp-4YgetuxpqB,,1,4,1,1,1,https://drive.google.com/open?id=12qXYHHLOpn4fGyCuUsJiKMXimGwZOagl
FXFuSe,Graded (No Uma Restrictions),Win A finals with any uma,I accept these terms,Finals,"Android - phone or tablet, Windows",$1-100,,6-10 (roughly 1 per day),,,,Mayano Top Gun (Wedding),Late Surger,Ace built for this CM before CM start in Unity Cup scenario,UG (or higher),2,0,1,0,3,0,0,,,Oguri Cap,Pace Chaser,Ace built for this CM before CM start in Unity Cup scenario,UG (or higher),1,0,0,2,3,0,0,,,Taiki Shuttle,Pace Chaser,Ace built for this CM before CM start in Unity Cup scenario,SS,1,0,0,3,2,0,0,,,4 Attempts - 20 Races total,13,Go to Submit page,,,,,,,,,,,,,,,,,,,,Add new Team Comp as Day 2 - Team Comp 1,Mayano Top Gun (Wedding),Late Surger,Ace built for this CM before CM start in Unity Cup scenario,UG (or higher),Oguri Cap,Pace Chaser,Ace built for this CM before CM start in Unity Cup scenario,UG (or higher),Taiki Shuttle,Pace Chaser,Mid-CM Ace build in Unity Cup scenario,UG (or higher),4 Attempts - 20 Races total,16,Go to Submit page,,,,,,,,,,,,,,,,,,Re-use Day 2 - Team Comp 2 as Day 3 - Team Comp 1,A Group,,,,,,,,,,,,,4 Attempts - 20 Races total,10,Go to Submit page,,,,,,,,,,,,,,,,,,Re-use Day 3 - Team Comp 1 as Day 4 - Team Comp 1,A Group,,,,,,,,,,,,,4 Attempts - 20 Races total,11,Go to Submit page,,,,,,,,,,,,,,,,,,A Finals,11278,Re-use Day 4 - Team Comp 1 as Finals Team Comp,,,,,,,,,,,3rd,No (goes to Submit page),,,,,,,,,,,,,,,,,,,
KEKW,Graded (No Uma Restrictions),Win A finals with any uma,I accept these terms,Finals,Windows,$101-500,,11-20 (roughly 2-3 per day),,3,Not sure how to phrase this but less inputs or combine questions. Gets kinda repetitive after awhile and I just want to input my uma's quickly and be done with it. Maybe its the limitations with doc google forms but otherwise still good overall. ,Taiki Shuttle,Pace Chaser,Ace built for this CM before CM start in Unity Cup scenario,SS,1,0,1,0,3,0,1,,,Nishino Flower,Pace Chaser,Ace built for this CM before CM start in Unity Cup scenario,UG (or higher),2,0,1,0,3,0,1,,,Sakura Bakushin O,Pace Chaser,Ace built for this CM before CM start in Unity Cup scenario,UG (or higher),1,,1,,3,,0,,,4 Attempts - 20 Races total,11,Day 2,,,,,,,,,,,,,,,,,,,,Add new Team Comp as Day 2 - Team Comp 1,Oguri Cap,Late Surger,Mid-CM Ace build in Unity Cup scenario,UG (or higher),Sakura Bakushin O,Pace Chaser,Ace built for this CM before CM start in Unity Cup scenario,UG (or higher),Nishino Flower,Pace Chaser,Ace built for this CM before CM start in Unity Cup scenario,UG (or higher),4 Attempts - 20 Races total,11,Go to Submit page,,,,,,,,,,,,,,,,,,Re-use Day 2 - Team Comp 2 as Day 3 - Team Comp 1,A Group,,,,,,,,,,,,,4 Attempts - 20 Races total,12,Go to Submit page,,,,,,,,,,,,,,,,,,Re-use Day 3 - Team Comp 2 as Day 4 - Team Comp 1,A Group,,,,,,,,,,,,,4 Attempts - 20 Races total,13,Go to Submit page,,,,,,,,,,,,,,,,,,A Finals,7801,Add new Team Comp as Finals Team Comp,Taiki Shuttle,Pace Chaser,Mid-CM Ace build in Unity Cup scenario,Oguri Cap,Late Surger,Mid-CM Ace build in Unity Cup scenario,Nishino Flower,Pace Chaser,Ace built for this CM before CM start in Unity Cup scenario,https://drive.google.com/open?id=1gzW54WiF9m42fglcxXqEiA3DZF4V_M-Y,1st,,,,,,,,,,,,https://drive.google.com/open?id=1RV8K3m4HwWww6RlOhpRCh8Wnyq-FpEPM,,,0,1,6,0,4,https://drive.google.com/open?id=1YRdpoN_Wj82Bi0OK0RA0RM9msxNAV6D5
Lange,Graded (No Uma Restrictions),Try and get 1st for Ms. Victoria concert,I accept these terms,Day 1,Android - phone or tablet,$1-100,,21-30 (roughly 3-4 per day),Discord - MooMooCord - https://discord.gg/Hc7cP9GB,3,,Gold City (Festival),Late Surger,Debuffer,S+,2,,,,6,,,,,Taiki Shuttle (Camping),Pace Chaser,Ace built for this CM before CM start in Unity Cup scenario,SS,2,0,1,0,3,0,0,,,Nishino Flower,Pace Chaser,Ace built for this CM before CM start in Unity Cup scenario,SS,2,0,1,0,3,0,0,,,4 Attempts - 20 Races total,8,Day 2,,,,,,,,,,,,,,,,,,,,Add new Team Comp as Day 2 - Team Comp 1,Taiki Shuttle,Pace Chaser,Mid-CM Ace build in Unity Cup scenario,S+,Oguri Cap,Pace Chaser,Mid-CM Ace build in Unity Cup scenario,SS,Nishino Flower,Pace Chaser,Ace built for this CM before CM start in Unity Cup scenario,S+,4 Attempts - 20 Races total,16,Go to Submit page,,,,,,,,,,,,,,,,,,,,,,,,,,,,,,,,,,,,,,,,,,,,,,,,,,,,,,,,,,,,,,,,,,,,,,,,,,,,,,,,,,,,,,,,,,,,,,,,,,,,,,,,,,,,,,,,,,,,,,,
Naichi,Graded (No Uma Restrictions),Win A finals with any uma,I accept these terms,Finals,,$1-100,1462,11-20 (roughly 2-3 per day),,,,Oguri Cap,Pace Chaser,Ace built for this CM before CM start in Unity Cup scenario,UG (or higher),2,0,1,,3,0,0,40,,Nishino Flower,Pace Chaser,Ace built for this CM before CM start in Unity Cup scenario,SS,2,0,0,1,3,0,0,35,,Taiki Shuttle,Pace Chaser,Ace built for this CM before CM start in Unity Cup scenario,SS,2,0,0,1,3,0,0,35,,4 Attempts - 20 Races total,18,Day 2,,,,,,,,,,,,,,,,,,,,Re-use Day 1 - Team Comp 1 as Day 2 - Team Comp 1,,,,,,,,,,,,,4 Attempts - 20 Races total,15,Go to Submit page,,,,,,,,,,,,,,,,,,Re-use Day 2 - Team Comp 1 as Day 3 - Team Comp 1,A Group,,,,,,,,,,,,,4 Attempts - 20 Races total,13,Day 4,,,,,,,,,,,,,,,,,,Re-use Day 3 - Team Comp 1 as Day 4 - Team Comp 1,A Group,,,,,,,,,,,,,4 Attempts - 20 Races total,16,Go to Submit page,,,,,,,,,,,,,,,,,,A Finals,11013,Re-use Day 4 - Team Comp 1 as Finals Team Comp,,,,,,,,,,https://drive.google.com/open?id=1c4y4JMzQwXWE5-179fV_ekCOPn1_IKC6,1st,,,,,,,,,,,,https://drive.google.com/open?id=1osJiZTeFdFDjLkCi4bjM5Z85_Wk3kGzA,https://drive.google.com/open?id=1yR4qfWe1pj4fBKO_dUiQUkFIl2fo5B53,,3,0,10,0,2,https://drive.google.com/open?id=1-SkZ5a1S9dB-90Y047_gN4M_hzOgcvJ4
GiveYouTheSquid,Graded (No Uma Restrictions),Win A finals with any uma,I accept these terms,Finals,Windows,$0,585,6-10 (roughly 1 per day),YouTube - MooMooCows - https://www.youtube.com/@MooMooCows,5,,Taiki Shuttle,Pace Chaser,Ace built for this CM before CM start in Unity Cup scenario,UG (or higher),1,0,0,2,3,0,0,45,13,Oguri Cap,Late Surger,Ace built for this CM before CM start in Unity Cup scenario,UG (or higher),1,0,0,1,4,0,0,50,13,Nishino Flower,Pace Chaser,Ace built for this CM before CM start in Unity Cup scenario,SS,1,0,0,0,5,0,0,45,13,4 Attempts - 20 Races total,10,Day 2,,,,,,,,,,,,,,,,,,,,Re-use Day 1 - Team Comp 1 as Day 2 - Team Comp 1,,,,,,,,,,,,,4 Attempts - 20 Races total,9,Go to Submit page,,,,,,,,,,,,,,,,,,Re-use Day 2 - Team Comp 1 as Day 3 - Team Comp 1,A Group,,,,,,,,,,,,,4 Attempts - 20 Races total,7,Go to Submit page,,,,,,,,,,,,,,,,,,Re-use Day 3 - Team Comp 1 as Day 4 - Team Comp 1,A Group,,,,,,,,,,,,,4 Attempts - 20 Races total,10,Go to Submit page,,,,,,,,,,,,,,,,,,A Finals,6395,Re-use Day 4 - Team Comp 1 as Finals Team Comp,,,,,,,,,,https://drive.google.com/open?id=1uzodrGOsmu19yPzfNFdlUw0DN4TxqzcT,1st,,,,,,,,,,,,https://drive.google.com/open?id=1YvDBrPPEOb63Xcma2VUpMCTkf7OuQNht,https://drive.google.com/open?id=1m-4rbWJ_g7K_xJ7Kw_qtxNdVqg7_ZoKF,,4,1,0,0,0,https://drive.google.com/open?id=1OAbPLHPEUnw4JLO7r31hGU-MTLEJvgjd
BurntBread,Graded (No Uma Restrictions),"Win A finals with ""oshi"" uma",I accept these terms,Day 4,"iOS - phone or tablet, Windows",$1-100,945,11-20 (roughly 2-3 per day),Friend sent me the link,5,,Narita Taishin,End Closer,Ace built for this CM before CM start in Unity Cup scenario,UG (or higher),1,0,1,0,4,0,0,35,14,Taiki Shuttle,Pace Chaser,Ace built for this CM before CM start in Unity Cup scenario,UG (or higher),2,0,0,0,4,0,0,35,16,Air Groove (Wedding),Pace Chaser,Ace built for this CM before CM start in Unity Cup scenario,UG (or higher),2,0,0,0,4,0,0,35,15,2 Attempts - 10 Races total,7,Day 2,,,,,,,,,,,,,,,,,,,,Re-use Day 1 - Team Comp 1 as Day 2 - Team Comp 1,,,,,,,,,,,,,4 Attempts - 20 Races total,15,Go to Submit page,,,,,,,,,,,,,,,,,,Re-use Day 2 - Team Comp 1 as Day 3 - Team Comp 1,A Group,,,,,,,,,,,,,4 Attempts - 20 Races total,11,Day 4,,,,,,,,,,,,,,,,,,Add a new Team Comp as Day 4 - Team Comp 1,A Group,Narita Taishin,End Closer,Ace built for this CM before CM start in Unity Cup scenario,UG (or higher),Symboli Rudolf,End Closer,Debuffer,UG (or higher),Agnes Tachyon,End Closer,Debuffer,UG (or higher),3 Attempts - 15 Races total,11,Finals,,,,,,,,,,,,,,,,,,A Finals,7001,Re-use Day 4 - Team Comp 1 as Finals Team Comp,,,,,,,,,,https://drive.google.com/open?id=1AiCF3Mo6AJ6-PDkgYFjFaT8N0np8stoX,1st,,,,,,,,,,,Today is a beautiful day,https://drive.google.com/open?id=160bFxzw4W5Ph9ofoTiaMehOSeaY6dILk,https://drive.google.com/open?id=1dwEdC45cVY_FGZ378p8lhHWZ3sgJlwku,,0,0,13,0,3,https://drive.google.com/open?id=14Bva1TOHnyIQgMUKpk2k-H_SmX59IqLz
Pinch0Luck,Open (A+ Grade and Lower Umas Only),Win A finals with any uma,I accept these terms,Day 1,Android - phone or tablet,$1-100,472,6-10 (roughly 1 per day),YouTube - MooMooCows - https://www.youtube.com/@MooMooCows,5,,Kawakami Princess,Late Surger,Ace built for this CM before CM start in Unity Cup scenario,A+,,,,,,,,,,Sakura Bakushin O,Front Runner,Ace built for this CM before CM start in Unity Cup scenario,A+,,,,,,,,,,Oguri Cap,Pace Chaser,Ace built for this CM before CM start in Unity Cup scenario,A+,,,,,,,,,,3 Attempts - 15 Races total,6,Go to Submit page,,,,,,,,,,,,,,,,,,,,,,,,,,,,,,,,,,,,,,,,,,,,,,,,,,,,,,,,,,,,,,,,,,,,,,,,,,,,,,,,,,,,,,,,,,,,,,,,,,,,,,,,,,,,,,,,,,,,,,,,,,,,,,,,,,,,,,,,,,,,,,,,,,,,,,,,,,
Arkem,Graded (No Uma Restrictions),Get into A finals,I accept these terms,Day 4,,$101-500,770,6-10 (roughly 1 per day),Discord - MooMooCord - https://discord.gg/Hc7cP9GB,,,Nishino Flower,Pace Chaser,Ace built for this CM before CM start in Unity Cup scenario,SS,2,0,0,1,3,0,0,,,Taiki Shuttle,Pace Chaser,Ace built for this CM before CM start in Unity Cup scenario,UG (or higher),2,0,0,1,3,0,0,,,Air Groove,Pace Chaser,Ace built for this CM before CM start in Unity Cup scenario,UG (or higher),2,0,0,1,3,0,0,,,4 Attempts - 20 Races total,14,Go to Submit page,,,,,,,,,,,,,,,,,,,,Re-use Day 1 - Team Comp 1 as Day 2 - Team Comp 1,,,,,,,,,,,,,4 Attempts - 20 Races total,12,Go to Submit page,,,,,,,,,,,,,,,,,,Re-use Day 2 - Team Comp 1 as Day 3 - Team Comp 1,A Group,,,,,,,,,,,,,4 Attempts - 20 Races total,14,Day 4,,,,,,,,,,,,,,,,,,Re-use Day 3 - Team Comp 1 as Day 4 - Team Comp 1,A Group,,,,,,,,,,,,,4 Attempts - 20 Races total,10,Finals,,,,,,,,,,,,,,,,,,A Finals,9564,Re-use Day 4 - Team Comp 1 as Finals Team Comp,,,,,,,,,,https://drive.google.com/open?id=1NoxJ3CczCPFGNXC17j4Gp-kfrpoAE_Ur,1st,,,,,,,,,,,,https://drive.google.com/open?id=1s6eAvZsArRA9yqjlPhE61dAfdxDPC9hI,https://drive.google.com/open?id=127RIICkBF6b3shCrqg3NUuQwLtdKapzx,,2,0,0,1,3,https://drive.google.com/open?id=1iIqjnN-PKnr0MDagXwA-erRQrbtFKTXI
Dragonbee,Graded (No Uma Restrictions),Get into A finals,I accept these terms,Finals,iOS - phone or tablet,$101-500,1108,21-30 (roughly 3-4 per day),Discord - MooMooCord - https://discord.gg/Hc7cP9GB,5,,Silence Suzuka,Front Runner,Ace built for this CM before CM start in Unity Cup scenario,SS,2,,,,3,1,,,,Narita Brian,Pace Chaser,Ace built for this CM before CM start in Unity Cup scenario,SS,2,,1,,2,1,,,,Nishino Flower,Pace Chaser,Ace built for this CM before CM start in Unity Cup scenario,SS,2,,1,,2,1,,,,4 Attempts - 20 Races total,7,Day 2,,,,,,,,,,,,,,,,,,,,Re-use Day 1 - Team Comp 1 as Day 2 - Team Comp 1,,,,,,,,,,,,,4 Attempts - 20 Races total,7,Go to Submit page,,,,,,,,,,,,,,,,,,Re-use Day 2 - Team Comp 1 as Day 3 - Team Comp 1,B Group,,,,,,,,,,,,,4 Attempts - 20 Races total,5,Day 4,,,,,,,,,,,,,,,,,,Re-use Day 3 - Team Comp 1 as Day 4 - Team Comp 1,B Group,,,,,,,,,,,,,4 Attempts - 20 Races total,0,Go to Submit page,,,,,,,,,,,,,,,,,,B Finals,2696,Re-use Day 4 - Team Comp 1 as Finals Team Comp,,,,,,,,,,,1st,,,,,,,,,,,,,,,,,,,,
Machine,Graded (No Uma Restrictions),"Win A finals with ""oshi"" uma",I accept these terms,Finals,"Android - phone or tablet, Windows",$101-500,500,6-10 (roughly 1 per day),"Discord - MooMooCord - https://discord.gg/Hc7cP9GB, YouTube - MooMooCows - https://www.youtube.com/@MooMooCows",5,,Oguri Cap,Pace Chaser,Ace built for this CM before CM start in Unity Cup scenario,SS+,1,,,,4,1,,43,,Sakura Bakushin O,Pace Chaser,Ace built for this CM before CM start in Unity Cup scenario,UG (or higher),1,,,,4,1,,43,,Taiki Shuttle,Pace Chaser,Ace built for this CM before CM start in Unity Cup scenario,UG (or higher),1,,,,4,1,,43,,4 Attempts - 20 Races total,11,Go to Submit page,,,,,,,,,,,,,,,,,,,,Re-use Day 1 - Team Comp 1 as Day 2 - Team Comp 1,,,,,,,,,,,,,4 Attempts - 20 Races total,12,Day 3,,,,,,,,,,,,,,,,,,Re-use Day 2 - Team Comp 1 as Day 3 - Team Comp 1,A Group,,,,,,,,,,,,,4 Attempts - 20 Races total,8,Go to Submit page,,,,,,,,,,,,,,,,,,,,,,,,,,,,,,,,,,,,,,,,,,,,,,,,,,,,A Finals,11154,Re-use Day 4 - Team Comp 1 as Finals Team Comp,,,,,,,,,,,2nd,No (goes to Submit page),,,,,,,,,,,,,,,,,,,
matrydimn2,Graded (No Uma Restrictions),Get into A finals,I accept these terms,Finals,Windows,$101-500,355,11-20 (roughly 2-3 per day),YouTube - MooMooCows - https://www.youtube.com/@MooMooCows,5,,Mihono Bourbon (Valentine),Front Runner,Ace built for this CM before CM start in Unity Cup scenario,UG (or higher),2,,1,0,2,,1,,,Silence Suzuka,Front Runner,Ace built for this CM before CM start in Unity Cup scenario,SS,2,,1,1,2,,,,,Sakura Bakushin O,Front Runner,Ace built for this CM before CM start in Unity Cup scenario,SS,2,,,,4,,,,,4 Attempts - 20 Races total,7,Day 2,,,,,,,,,,,,,,,,,,,,Re-use Day 1 - Team Comp 1 as Day 2 - Team Comp 1,,,,,,,,,,,,,4 Attempts - 20 Races total,12,Go to Submit page,,,,,,,,,,,,,,,,,,Re-use Day 2 - Team Comp 1 as Day 3 - Team Comp 1,B Group,,,,,,,,,,,,,4 Attempts - 20 Races total,1,Go to Submit page,,,,,,,,,,,,,,,,,,Re-use Day 3 - Team Comp 1 as Day 4 - Team Comp 1,B Group,,,,,,,,,,,,,4 Attempts - 20 Races total,5,Go to Submit page,,,,,,,,,,,,,,,,,,B Finals,2844,Re-use Day 4 - Team Comp 1 as Finals Team Comp,,,,,,,,,,https://drive.google.com/open?id=1HIphKK0TIPQTTJ9udG260bzQm2w_45Ud,2nd,Yes,https://drive.google.com/open?id=12v_q8Iq8Pi0TwNQ_Fj6rigk2WVGpctYy,https://drive.google.com/open?id=1INkeVLdES1z9My1ZWa8l2qpFIzKLspLY,,,3,3,1,,https://drive.google.com/open?id=123L8dXRC8caGCqtbsMvM7Vd-SMHF4mRc,,,,,,,,,,
FallenSyndicate,Graded (No Uma Restrictions),"Win A finals with ""oshi"" uma",I accept these terms,Finals,Android - phone or tablet,$501-1000,1077,11-20 (roughly 2-3 per day),YouTube - MooMooCows - https://www.youtube.com/@MooMooCows,,,Curren Chan,Pace Chaser,Ace built for this CM before CM start in Unity Cup scenario,SS,2,,2,1,1,,,55,14,Silence Suzuka,Runaway,Ace built for this CM before CM start in Unity Cup scenario,UG (or higher),2,,1,,3,,,45,13,Taiki Shuttle (Camping),Pace Chaser,Ace built for this CM before CM start in Unity Cup scenario,UG (or higher),2,,,1,3,,,40,15,3 Attempts - 15 Races total,11,Day 2,,,,,,,,,,,,,,,,,,,,Add new Team Comp as Day 2 - Team Comp 1,Copano Rickey,Pace Chaser,Mid-CM Ace build in Unity Cup scenario,UG (or higher),Silence Suzuka,Runaway,Ace built for this CM before CM start in Unity Cup scenario,UG (or higher),Taiki Shuttle (Camping),Pace Chaser,Ace built for this CM before CM start in Unity Cup scenario,UG (or higher),3 Attempts - 15 Races total,10,Go to Submit page,,,,,,,,,,,,,,,,,,Re-use Day 2 - Team Comp 1 as Day 3 - Team Comp 1,A Group,,,,,,,,,,,,,3 Attempts - 15 Races total,8,Go to Submit page,,,,,,,,,,,,,,,,,,Re-use Day 3 - Team Comp 1 as Day 4 - Team Comp 1,A Group,,,,,,,,,,,,,4 Attempts - 20 Races total,13,Go to Submit page,,,,,,,,,,,,,,,,,,A Finals,,Re-use Day 4 - Team Comp 1 as Finals Team Comp,,,,,,,,,,,3rd,No (goes to Submit page),,,,,,,,,,,,,,,,,,,
abstractshrimp,Graded (No Uma Restrictions),Get into A finals,I accept these terms,Day 1,"iOS - phone or tablet, Windows",$1-100,,6-10 (roughly 1 per day),"Discord - MooMooCord - https://discord.gg/Hc7cP9GB, Twitch - MooMooCows - https://www.twitch.tv/moomoomoocows",,,Taiki Shuttle,Pace Chaser,Ace built for this CM before CM start in Unity Cup scenario,UG (or higher),2,,1,1,2,,,,,Symboli Rudolf,Late Surger,Debuffer,S+,,,,,,,,,,Grass Wonder,Late Surger,Debuffer,S,,,,,,,,,,2 Attempts - 10 Races total,5,Day 2,,,,,,,,,,,,,,,,,,,,Re-use Day 1 - Team Comp 1 as Day 2 - Team Comp 1,,,,,,,,,,,,,2 Attempts - 10 Races total,7,Day 3,,,,,,,,,,,,,,,,,,Re-use Day 2 - Team Comp 1 as Day 3 - Team Comp 1,A Group,,,,,,,,,,,,,4 Attempts - 20 Races total,9,Day 4,,,,,,,,,,,,,,,,,,Re-use Day 3 - Team Comp 1 as Day 4 - Team Comp 1,A Group,,,,,,,,,,,,,4 Attempts - 20 Races total,15,Finals,,,,,,,,,,,,,,,,,,A Finals,7011,Re-use Day 4 - Team Comp 1 as Finals Team Comp,,,,,,,,,,https://drive.google.com/open?id=1Ua1lvldXVZBBdenvnkG-DhZgqTOMlQq6,1st,,,,,,,,,,,,https://drive.google.com/open?id=1Ba1pomuEZ_RzTA7BGxtLNPA_wCOfa9X5,https://drive.google.com/open?id=1cEtkRK9SkfZd5yzjdWeqtXWaq0W2a_8q,,2,,1,1,2,https://drive.google.com/open?id=1e_UQauCRGLrpFnhgu1vWLEX5FHW9c1H9
Sakura ChiyonoO,Graded (No Uma Restrictions),"Win A finals with ""oshi"" uma",I accept these terms,Day 3,Windows,$0,,11-20 (roughly 2-3 per day),Twitch - MooMooCows - https://www.twitch.tv/moomoomoocows,5,,Sakura Chiyono O,Pace Chaser,Ace built for this CM before CM start in Unity Cup scenario,UG (or higher),2,,1,,3,,,,14,Taiki Shuttle,Pace Chaser,Ace built for this CM before CM start in Unity Cup scenario,UG (or higher),2,,1,,3,,,,20,Nishino Flower,Pace Chaser,Ace built for this CM before CM start in Unity Cup scenario,UG (or higher),2,,1,,3,,,,16,4 Attempts - 20 Races total,15,Day 2,,,,,,,,,,,,,,,,,,,,Re-use Day 1 - Team Comp 1 as Day 2 - Team Comp 1,,,,,,,,,,,,,4 Attempts - 20 Races total,17,Go to Submit page,,,,,,,,,,,,,,,,,,Re-use Day 2 - Team Comp 1 as Day 3 - Team Comp 1,A Group,,,,,,,,,,,,,4 Attempts - 20 Races total,12,Day 4,,,,,,,,,,,,,,,,,,Re-use Day 3 - Team Comp 1 as Day 4 - Team Comp 1,A Group,,,,,,,,,,,,,4 Attempts - 20 Races total,13,Finals,,,,,,,,,,,,,,,,,,A Finals,9947,Re-use Day 4 - Team Comp 1 as Finals Team Comp,,,,,,,,,,https://drive.google.com/open?id=17PDwNrLaAclxYo1c6HdPqcp0ssta4PFs,2nd,Yes,https://drive.google.com/open?id=18PK200Xv-Vjpm2LqF5BXWIeBsEN5uV3P,https://drive.google.com/open?id=171e_lB1o31p_f21S_qqmSswhuo_462Fk,,,,11,,2,https://drive.google.com/open?id=12lmLxrAQIOPArezra-kHWTXZij_L5LXB,,,,,,,,,,
Chrno,Graded (No Uma Restrictions),Get into A finals,I accept these terms,Finals,Windows,$0,1354,11-20 (roughly 2-3 per day),"Discord - MooMooCord - https://discord.gg/Hc7cP9GB, YouTube - MooMooCows - https://www.youtube.com/@MooMooCows",,,Taiki Shuttle,Pace Chaser,Ace built for this CM before CM start in Unity Cup scenario,UG (or higher),1,0,0,2,3,0,0,,,Sakura Bakushin O,Pace Chaser,Ace built for this CM before CM start in Unity Cup scenario,SS,2,0,1,0,3,0,0,,,King Halo,Late Surger,Ace built for Team Trials,SS+,2,0,1,0,2,0,0,,,3 Attempts - 15 Races total,6,Go to Submit page,,,,,,,,,,,,,,,,,,,,Re-use Day 1 - Team Comp 1 as Day 2 - Team Comp 1,,,,,,,,,,,,,3 Attempts - 15 Races total,11,Go to Submit page,,,,,,,,,,,,,,,,,,Add new Team Comp as Day 3 - Team Comp 1,A Group,Taiki Shuttle,Pace Chaser,Ace built for this CM before CM start in Unity Cup scenario,UG (or higher),Air Groove,Late Surger,Mid-CM Ace build in Unity Cup scenario,SS,King Halo,Late Surger,Ace built for Team Trials,SS+,4 Attempts - 20 Races total,12,Go to Submit page,,,,,,,,,,,,,,,,,,Re-use Day 3 - Team Comp 1 as Day 4 - Team Comp 1,A Group,,,,,,,,,,,,,4 Attempts - 20 Races total,9,Go to Submit page,,,,,,,,,,,,,,,,,,A Finals,8654,Re-use Day 4 - Team Comp 1 as Finals Team Comp,,,,,,,,,,https://drive.google.com/open?id=12lkSxXgv2sfPazxPLmVJTKCmxp6w9jOO,3rd,Yes,https://drive.google.com/open?id=1d5634pl1DFHO04s22HUXpjCGVw3tqhn1,https://drive.google.com/open?id=1NlbpN95lLgADVAzi_hr2A1TKxGmzoNYt,,,,,,,https://drive.google.com/open?id=1ouvdD53lDseYnaJpmblO31KfZIEVrRtu,,,,,,,,,,
ChatBox,Graded (No Uma Restrictions),Get into A finals,I accept these terms,Finals,Windows,$1-100,1409,21-30 (roughly 3-4 per day),Discord - MooMooCord - https://discord.gg/Hc7cP9GB,5,,Taiki Shuttle,Pace Chaser,Ace built for this CM before CM start in Unity Cup scenario,SS,,,,,,,,,,King Halo,Late Surger,Ace built for this CM before CM start in Unity Cup scenario,UG (or higher),,,,,,,,,,Oguri Cap,Pace Chaser,Ace built for this CM before CM start in Unity Cup scenario,UG (or higher),,,,,,,,,,4 Attempts - 20 Races total,14,Go to Submit page,,,,,,,,,,,,,,,,,,,,Re-use Day 1 - Team Comp 1 as Day 2 - Team Comp 1,,,,,,,,,,,,,4 Attempts - 20 Races total,10,Go to Submit page,,,,,,,,,,,,,,,,,,Re-use Day 2 - Team Comp 1 as Day 3 - Team Comp 1,A Group,,,,,,,,,,,,,4 Attempts - 20 Races total,5,Day 4,,,,,,,,,,,,,,,,,,Add a new Team Comp as Day 4 - Team Comp 1,A Group,King Halo,Late Surger,Ace built for this CM before CM start in Unity Cup scenario,UG (or higher),Air Groove,Late Surger,Mid-CM Ace build in Trackblazer scenario,SS,Grass Wonder,Late Surger,Debuffer,SS,4 Attempts - 20 Races total,7,Go to Submit page,,,,,,,,,,,,,,,,,,A Finals,10769,Re-use Day 4 - Team Comp 1 as Finals Team Comp,,,,,,,,,,https://drive.google.com/open?id=1pFwUyMSCsnvNR-e4SNHAo-RCWZiCAbvU,1st,,,,,,,,,,,The king reclaims her crown,https://drive.google.com/open?id=1oRXxeLTpSE2FM2d6XLePbXHG8DpIWl0_,https://drive.google.com/open?id=1rkXt8DquM6gP74dd9IPweLSc10s29Cq7,,3,0,3,0,0,https://drive.google.com/open?id=1H77ItFiETOMeVx5ybnbEw2bVcchAO57g
blackred,Graded (No Uma Restrictions),Get into A finals,I accept these terms,Finals,"Android - phone or tablet, Windows",$1-100,404,0-5 (less than 1 per day),Discord - MooMooCord - https://discord.gg/Hc7cP9GB,,,Narita Taishin,Late Surger,Ace built for this CM before CM start in Unity Cup scenario,SS,2,,1,,3,,,,,Agnes Tachyon,Late Surger,Debuffer,SS,,,2,,4,,,,,Grass Wonder,Late Surger,Debuffer,S+,1,,1,,4,,,,,4 Attempts - 20 Races total,6,Go to Submit page,,,,,,,,,,,,,,,,,,,,Add new Team Comp as Day 2 - Team Comp 1,Narita Taishin,End Closer,Mid-CM Ace build in Unity Cup scenario,UG (or higher),Agnes Tachyon,Late Surger,Debuffer,S+,Grass Wonder,Late Surger,Debuffer,S+,4 Attempts - 20 Races total,10,Go to Submit page,,,,,,,,,,,,,,,,,,Re-use Day 2 - Team Comp 1 as Day 3 - Team Comp 1,A Group,,,,,,,,,,,,,4 Attempts - 20 Races total,9,Go to Submit page,,,,,,,,,,,,,,,,,,Re-use Day 3 - Team Comp 1 as Day 4 - Team Comp 1,A Group,,,,,,,,,,,,,4 Attempts - 20 Races total,9,Go to Submit page,,,,,,,,,,,,,,,,,,A Finals,11613,Re-use Day 4 - Team Comp 1 as Finals Team Comp,,,,,,,,,,https://drive.google.com/open?id=1pKx5r_bZeTDpeRbZaGbtnj--jXh1dTNh,3rd,No (goes to Submit page),,,,,,,,,,,,,,,,,,,
tofu2,Graded (No Uma Restrictions),"Win A finals with ""oshi"" uma",I accept these terms,Day 3,,$0,1385,21-30 (roughly 3-4 per day),,,,Oguri Cap,Late Surger,Ace built for this CM before CM start in Unity Cup scenario,UG (or higher),2,,1,,3,,,,,Tamamo Cross,Late Surger,Ace built for this CM before CM start in Unity Cup scenario,UG (or higher),2,,,,3,1,,,,Bamboo memory,Late Surger,Ace built for this CM before CM start in Unity Cup scenario,UG (or higher),2,,1,,3,,,,,4 Attempts - 20 Races total,15,Day 2,,,,,,,,,,,,,,,,,,,,Re-use Day 1 - Team Comp 1 as Day 2 - Team Comp 1,,,,,,,,,,,,,4 Attempts - 20 Races total,16,Go to Submit page,,,,,,,,,,,,,,,,,,Re-use Day 2 - Team Comp 1 as Day 3 - Team Comp 1,A Group,,,,,,,,,,,,,4 Attempts - 20 Races total,12,Day 4,,,,,,,,,,,,,,,,,,Re-use Day 3 - Team Comp 1 as Day 4 - Team Comp 1,A Group,,,,,,,,,,,,,4 Attempts - 20 Races total,13,Go to Submit page,,,,,,,,,,,,,,,,,,,,,,,,,,,,,,,,,,,,,,,,,,,,,,,,,,,
Zalnw770,Graded (No Uma Restrictions),Get into A finals,I accept these terms,Finals,"iOS - phone or tablet, Windows",$101-500,1300,21-30 (roughly 3-4 per day),"Discord - MooMooCord - https://discord.gg/Hc7cP9GB, YouTube - MooMooCows - https://www.youtube.com/@MooMooCows",5,,Curren Chan (Wedding),Pace Chaser,Ace built for this CM before CM start in Unity Cup scenario,UG (or higher),2,0,1,0,3,0,0,45,17,Oguri Cap,Pace Chaser,Ace built for this CM before CM start in Unity Cup scenario,UG (or higher),2,0,1,0,3,0,0,50,19,Daiwa Scarlet,Pace Chaser,Ace built for this CM before CM start in Unity Cup scenario,UG (or higher),2,0,0,2,2,0,0,50,18,4 Attempts - 20 Races total,18,Go to Submit page,,,,,,,,,,,,,,,,,,,,Re-use Day 1 - Team Comp 1 as Day 2 - Team Comp 1,,,,,,,,,,,,,4 Attempts - 20 Races total,18,Go to Submit page,,,,,,,,,,,,,,,,,,Re-use Day 2 - Team Comp 1 as Day 3 - Team Comp 1,A Group,,,,,,,,,,,,,4 Attempts - 20 Races total,16,Go to Submit page,,,,,,,,,,,,,,,,,,Re-use Day 3 - Team Comp 1 as Day 4 - Team Comp 1,A Group,,,,,,,,,,,,,4 Attempts - 20 Races total,17,Go to Submit page,,,,,,,,,,,,,,,,,,A Finals,16101,Re-use Day 4 - Team Comp 1 as Finals Team Comp,,,,,,,,,,https://drive.google.com/open?id=1FOum3nRlwi73lC91-ujfAxUHmuv0I2jc,1st,,,,,,,,,,,Number one indeed,https://drive.google.com/open?id=141bnHKuH1inhf6gdGKKF_oiJz4rBJrkn,https://drive.google.com/open?id=1EHllzYbuBcFebSlO5KKsdZi5_sO0ypDJ,,,,14,3,,https://drive.google.com/open?id=1UYNCV8wQ0ZQMU0pEe8E_JmRSWhgV7oqx
Sui,Graded (No Uma Restrictions),Rather not say,I accept these terms,Day 4,Android - phone or tablet,Rather not say,,46+ (more than 6 per day),Rather not say,5,,Nishino Flower,Pace Chaser,Ace built for this CM before CM start in Unity Cup scenario,UG (or higher),,,,,,,,,,Oguri Cap,Pace Chaser,Ace built for this CM before CM start in Unity Cup scenario,SS+,,,,,,,,,,Taiki Shuttle,Pace Chaser,Ace built for this CM before CM start in Unity Cup scenario,UG (or higher),,,,,,,,,,4 Attempts - 20 Races total,13,Day 2,,,,,,,,,,,,,,,,,,,,Re-use Day 1 - Team Comp 1 as Day 2 - Team Comp 1,,,,,,,,,,,,,4 Attempts - 20 Races total,17,Go to Submit page,,,,,,,,,,,,,,,,,,Re-use Day 2 - Team Comp 1 as Day 3 - Team Comp 1,A Group,,,,,,,,,,,,,4 Attempts - 20 Races total,12,Go to Submit page,,,,,,,,,,,,,,,,,,Re-use Day 3 - Team Comp 1 as Day 4 - Team Comp 1,A Group,,,,,,,,,,,,,4 Attempts - 20 Races total,12,Go to Submit page,,,,,,,,,,,,,,,,,,,,,,,,,,,,,,,,,,,,,,,,,,,,,,,,,,,
HawkkVince,Graded (No Uma Restrictions),Get into A finals,I accept these terms,Day 4,,$5000+,,,,,,Oguri Cap,Pace Chaser,Ace built for this CM before CM start in Unity Cup scenario,UG (or higher),2,0,0,1,3,0,0,,,Taiki Shuttle (Camping),Pace Chaser,Ace built for this CM before CM start in Unity Cup scenario,UG (or higher),3,,,,3,,,,,Nishino Flower,Pace Chaser,Ace built for this CM before CM start in Unity Cup scenario,UG (or higher),2,,,,4,,,,,4 Attempts - 20 Races total,11,Day 2,,,,,,,,,,,,,,,,,,,,Re-use Day 1 - Team Comp 1 as Day 2 - Team Comp 1,,,,,,,,,,,,,4 Attempts - 20 Races total,13,Go to Submit page,,,,,,,,,,,,,,,,,,Re-use Day 2 - Team Comp 1 as Day 3 - Team Comp 1,A Group,,,,,,,,,,,,,4 Attempts - 20 Races total,9,Go to Submit page,,,,,,,,,,,,,,,,,,Re-use Day 3 - Team Comp 1 as Day 4 - Team Comp 1,A Group,,,,,,,,,,,,,4 Attempts - 20 Races total,7,Go to Submit page,,,,,,,,,,,,,,,,,,,,,,,,,,,,,,,,,,,,,,,,,,,,,,,,,,,
SeanyB,Graded (No Uma Restrictions),Win A finals with any uma,I accept these terms,Finals,iOS - phone or tablet,$1-100,1309,21-30 (roughly 3-4 per day),YouTube - MooMooCows - https://www.youtube.com/@MooMooCows,5,,Taiki Shuttle,Pace Chaser,Ace built for this CM before CM start in Unity Cup scenario,UG (or higher),2,0,1,0,3,0,0,,,Oguri Cap,Pace Chaser,Ace built for this CM before CM start in Unity Cup scenario,UG (or higher),2,0,1,0,3,0,0,,,Nishino Flower,Pace Chaser,Ace built for this CM before CM start in Unity Cup scenario,UG (or higher),2,0,1,0,3,0,0,,,4 Attempts - 20 Races total,11,Day 2,,,,,,,,,,,,,,,,,,,,Re-use Day 1 - Team Comp 1 as Day 2 - Team Comp 1,,,,,,,,,,,,,4 Attempts - 20 Races total,13,Go to Submit page,,,,,,,,,,,,,,,,,,Re-use Day 2 - Team Comp 1 as Day 3 - Team Comp 1,A Group,,,,,,,,,,,,,4 Attempts - 20 Races total,11,Go to Submit page,,,,,,,,,,,,,,,,,,Re-use Day 3 - Team Comp 1 as Day 4 - Team Comp 1,A Group,,,,,,,,,,,,,4 Attempts - 20 Races total,11,Go to Submit page,,,,,,,,,,,,,,,,,,A Finals,8986,Re-use Day 4 - Team Comp 1 as Finals Team Comp,,,,,,,,,,https://drive.google.com/open?id=1A-L-m9hx3GcQZAACD0kFDQ9Z5TEC1ryo,1st,,,,,,,,,,,,https://drive.google.com/open?id=1P4cZBFTFH6zT1a9EDpx-kk8ZPWBTRAbc,https://drive.google.com/open?id=1ahrTYI4JZGqkxDNWptS5YCjhtAJRxe4G,,2,,,,,https://drive.google.com/open?id=1hpOYRR5aVVMhURwK55pfRFaqnPTeT6-S
FragLemon,Graded (No Uma Restrictions),Win A finals with any uma,I accept these terms,Finals,Android - phone or tablet,$101-500,1143,21-30 (roughly 3-4 per day),Discord - MooMooCord - https://discord.gg/Hc7cP9GB,5,,Nishino Flower,Pace Chaser,Ace built for this CM before CM start in Unity Cup scenario,SS+,2,0,0,1,3,0,0,35,,Mayano Top Gun,Pace Chaser,Ace built for this CM before CM start in Unity Cup scenario,UG (or higher),3,0,0,1,2,0,0,40,,Curren Chan (Wedding),Pace Chaser,Ace built for this CM before CM start in Unity Cup scenario,UG (or higher),2,0,0,1,3,0,0,35,,1 Attempt - 5 Races total,2,Go to Submit page,Nishino Flower,Pace Chaser,Ace built for this CM before CM start in Unity Cup scenario,SS+,35,Mayano Top Gun,Pace Chaser,Ace built for this CM before CM start in Unity Cup scenario,SS+,40,Curren Chan (Wedding),Pace Chaser,Ace built for this CM before CM start in Unity Cup scenario,SS+,35,3 Attempts - 15 Races total,12,2 teams,Go to Submit page,,,,,,,,,,,,,,,,,,,,,,,,,,,,,,,,,,,,,,,,,,,,,,,,,,,,,,,,,,,,,,,,,,,,,,,,,,,,,,,,,,,,,,,,,,,,,,,,,,,,,,A Finals,9097,Re-use Day 4 - Team Comp 1 as Finals Team Comp,,,,,,,,,,https://drive.google.com/open?id=1Xm94_lqe1JzhsywAL03ccugTI8ntBYVe,1st,,,,,,,,,,,,https://drive.google.com/open?id=1OTY690-7GO6nK72FxdOHkNAVGZtzPYvv,https://drive.google.com/open?id=1L1dzaUMZ47bjknfUT46grqimiv1Fl239,,0,0,14,0,0,https://drive.google.com/open?id=1JH0VZhK_BhOTulCHS4r8T9q2g7GDwiDL
ska,Graded (No Uma Restrictions),Collect participation rewards,I accept these terms,Finals,Windows,$0,929,6-10 (roughly 1 per day),Discord - MooMooCord - https://discord.gg/Hc7cP9GB,4,not much but i just thought i could lie (i didnt and i wont),,,,,,,,,,,,,,,,,,,,,,,,,,,,,,,,,,,,,,,,,,,,,,,,,,,,,,,,,,,,,,Add new Team Comp as Day 2 - Team Comp 1,Taiki Shuttle,Pace Chaser,Mid-CM Ace build in Unity Cup scenario,SS,King Halo,Late Surger,Mid-CM Ace build in Unity Cup scenario,UG (or higher),Hishi Amazon,End Closer,Mid-CM Ace build in Unity Cup scenario,SS,4 Attempts - 20 Races total,9,Go to Submit page,,,,,,,,,,,,,,,,,,Re-use Day 2 - Team Comp 1 as Day 3 - Team Comp 1,A Group,,,,,,,,,,,,,4 Attempts - 20 Races total,5,Day 4,,,,,,,,,,,,,,,,,,Add a new Team Comp as Day 4 - Team Comp 1,A Group,Fuji Kiseki (Ballroom),Pace Chaser,Mid-CM Ace build in Unity Cup scenario,SS,Nishino Flower,Pace Chaser,Mid-CM Ace build in Unity Cup scenario,SS,Taiki Shuttle,Pace Chaser,Mid-CM Ace build in Unity Cup scenario,SS+,4 Attempts - 20 Races total,10,Go to Submit page,,,,,,,,,,,,,,,,,,A Finals,9966,Add new Team Comp as Finals Team Comp,Taiki Shuttle,Pace Chaser,Mid-CM Ace build in Unity Cup scenario,Hishi Amazon,End Closer,Mid-CM Ace build in Unity Cup scenario,Fuji Kiseki (Ballroom),Pace Chaser,Mid-CM Ace build in Unity Cup scenario,https://drive.google.com/open?id=1h5VIJSmHeKZrv1UWYjDH_Ifa01DEIs-Z,1st,,,,,,,,,,,,https://drive.google.com/open?id=1aB9bYL7lzDexwVEWb66UyA2IfCxqXBCp,,,5,,,3,,https://drive.google.com/open?id=1bWu7Er7b2BEj5lpM2B_NPpi2X-qi47Ou
Magicannon,Graded (No Uma Restrictions),Get into A finals,I accept these terms,Finals,"Android - phone or tablet, Windows",$101-500,605,6-10 (roughly 1 per day),Reddit - /r/umamusumeGame,5,,Mihono Bourbon (Valentine),Front Runner,Ace built for this CM before CM start in Unity Cup scenario,SS,3,,,1,2,,,,,Curren Chan,Pace Chaser,Ace built for this CM before CM start in Unity Cup scenario,SS,2,,1,,3,,,,,King Halo,Late Surger,Ace built for this CM before CM start in Unity Cup scenario,SS,2,,1,,3,,,,,3 Attempts - 15 Races total,6,Day 2,,,,,,,,,,,,,,,,,,,,Re-use Day 1 - Team Comp 1 as Day 2 - Team Comp 1,,,,,,,,,,,,,3 Attempts - 15 Races total,9,Go to Submit page,,,,,,,,,,,,,,,,,,Re-use Day 2 - Team Comp 1 as Day 3 - Team Comp 1,A Group,,,,,,,,,,,,,3 Attempts - 15 Races total,3,Go to Submit page,,,,,,,,,,,,,,,,,,Re-use Day 3 - Team Comp 1 as Day 4 - Team Comp 1,A Group,,,,,,,,,,,,,4 Attempts - 20 Races total,11,Day 3,,,,,,,,,,,,,,,,,,A Finals,7811,Re-use Day 4 - Team Comp 1 as Finals Team Comp,,,,,,,,,,https://drive.google.com/open?id=1675FAsVsgG7oCG1DRtub3xgn6yRXd9M2,2nd,Yes,https://drive.google.com/open?id=1KATIRvXHePTP6QdeUxb_YSnUuYAaL-Jf,https://drive.google.com/open?id=1AyMhFXwfbX3gdPJkB9Kz86SAsBpmKaam,,0,1,11,1,0,https://drive.google.com/open?id=1qna8haKiinOEZjpMPepDZBX9RAdXQ-ub,,,,,,,,,,
Browsing,Graded (No Uma Restrictions),Get into A finals,I accept these terms,Finals,"Android - phone or tablet, Windows",$101-500,1031,11-20 (roughly 2-3 per day),YouTube - MooMooCows - https://www.youtube.com/@MooMooCows,4,n/a,Taiki Shuttle,Pace Chaser,Ace built for this CM before CM start in Unity Cup scenario,UG (or higher),2,0,0,1,3,0,0,38,17,Oguri Cap,Pace Chaser,Ace built for this CM before CM start in Unity Cup scenario,SS+,2,0,0,1,2,0,0,40,18,Nishino Flower,Pace Chaser,Ace built for this CM before CM start in Unity Cup scenario,SS,2,0,0,1,3,0,0,40,18,4 Attempts - 20 Races total,17,Day 2,,,,,,,,,,,,,,,,,,,,Re-use Day 1 - Team Comp 1 as Day 2 - Team Comp 1,,,,,,,,,,,,,4 Attempts - 20 Races total,17,Go to Submit page,,,,,,,,,,,,,,,,,,Re-use Day 2 - Team Comp 1 as Day 3 - Team Comp 1,A Group,,,,,,,,,,,,,4 Attempts - 20 Races total,15,Day 4,,,,,,,,,,,,,,,,,,Re-use Day 3 - Team Comp 1 as Day 4 - Team Comp 1,A Group,,,,,,,,,,,,,4 Attempts - 20 Races total,14,Go to Submit page,,,,,,,,,,,,,,,,,,A Finals,14655,Re-use Day 4 - Team Comp 1 as Finals Team Comp,,,,,,,,,,https://drive.google.com/open?id=1DoWePMAD1lI9yFRp3AefPdsFUxu4xA_s,2nd,Yes,https://drive.google.com/open?id=18DFg012PIIXpFhqhlb1K6NjeWKDy18iI,https://drive.google.com/open?id=16DmkSysTGBkHsgT4jGgI986XXCdloKe1,,2,5,3,2,3,https://drive.google.com/open?id=1FlmLIh3KS-OVSiVdnPel6__leZzfLuan,,,,,,,,,,
Umi,Graded (No Uma Restrictions),Win A finals with any uma,I accept these terms,Finals,Android - phone or tablet,$501-1000,1593,21-30 (roughly 3-4 per day),Discord - MooMooCord - https://discord.gg/Hc7cP9GB,,,Taiki Shuttle,Pace Chaser,Ace built for this CM before CM start in Unity Cup scenario,UG (or higher),0,0,1,2,3,0,0,31,14,Oguri Cap,Pace Chaser,Ace built for this CM before CM start in Unity Cup scenario,SS,0,0,1,2,3,0,0,31,14,Nishino Flower,Pace Chaser,Ace built for this CM before CM start in Unity Cup scenario,SS,0,0,0,3,3,0,0,51,14,4 Attempts - 20 Races total,13,Day 2,,,,,,,,,,,,,,,,,,,,Re-use Day 1 - Team Comp 1 as Day 2 - Team Comp 1,,,,,,,,,,,,,4 Attempts - 20 Races total,20,Go to Submit page,,,,,,,,,,,,,,,,,,Re-use Day 2 - Team Comp 1 as Day 3 - Team Comp 1,A Group,,,,,,,,,,,,,4 Attempts - 20 Races total,9,Go to Submit page,,,,,,,,,,,,,,,,,,Re-use Day 3 - Team Comp 1 as Day 4 - Team Comp 1,A Group,,,,,,,,,,,,,4 Attempts - 20 Races total,13,Go to Submit page,,,,,,,,,,,,,,,,,,A Finals,10720,Re-use Day 4 - Team Comp 1 as Finals Team Comp,,,,,,,,,,https://drive.google.com/open?id=15d5UhaAm8vCOfJcuIK7GL85QWNLMg3_U,1st,,,,,,,,,,,Cinderella Gray is unstoppable,https://drive.google.com/open?id=11vHtPt38naJpWL8ZDddoWGHsvQ_8u3TP,https://drive.google.com/open?id=1WuqaTppJNEpGxcfZW80sITnLQsXilxXR,,5,0,9,0,0,https://drive.google.com/open?id=1RbSvoGSzVFGNtzoCKE9PpypbQw3jRwKx
Ikuyoru,Graded (No Uma Restrictions),Win A finals with any uma,I accept these terms,Finals,Windows,$0,558,6-10 (roughly 1 per day),Discord - MooMooCord - https://discord.gg/Hc7cP9GB,5,,Fuji Kiseki (Ballroom),Pace Chaser,Ace built for this CM before CM start in Unity Cup scenario,SS+,2,0,0,1,3,0,0,,,Nishino Flower,Pace Chaser,Ace built for this CM before CM start in Unity Cup scenario,SS,2,0,1,0,3,0,0,,,Taiki Shuttle,Pace Chaser,Ace built for this CM before CM start in Unity Cup scenario,UG (or higher),1,0,0,2,3,0,0,,,3 Attempts - 15 Races total,8,Day 2,,,,,,,,,,,,,,,,,,,,Re-use Day 1 - Team Comp 1 as Day 2 - Team Comp 1,,,,,,,,,,,,,3 Attempts - 15 Races total,9,Go to Submit page,,,,,,,,,,,,,,,,,,Re-use Day 2 - Team Comp 1 as Day 3 - Team Comp 1,A Group,,,,,,,,,,,,,3 Attempts - 15 Races total,7,Go to Submit page,,,,,,,,,,,,,,,,,,Re-use Day 3 - Team Comp 1 as Day 4 - Team Comp 1,A Group,,,,,,,,,,,,,3 Attempts - 15 Races total,7,Go to Submit page,,,,,,,,,,,,,,,,,,A Finals,5772,Re-use Day 4 - Team Comp 1 as Finals Team Comp,,,,,,,,,,https://drive.google.com/open?id=1ocxzbnHV_V3YCRVoBqg__RqInXojsLKR,1st,,,,,,,,,,,,https://drive.google.com/open?id=18SaVajttlpqN_4oUlFfqS0IJ-Rm-3uCD,https://drive.google.com/open?id=1s-qBSzC6mYKgcKW7apf5Bi_eqza-cvDq,,,,6,,,https://drive.google.com/open?id=1diFTux-0SCaGc5Z_H12fzE0I2pKmJIYZ
Kareka,Graded (No Uma Restrictions),Collect participation rewards,I accept these terms,Finals,Android - phone or tablet,$501-1000,,6-10 (roughly 1 per day),Discord - MooMooCord - https://discord.gg/Hc7cP9GB,5,,King Halo,Late Surger,Ace built for Team Trials,SS+,2,0,0,1,3,0,0,,,Sakura Bakushin O,Pace Chaser,Ace built for this CM before CM start in Unity Cup scenario,SS+,2,0,0,0,3,1,0,,,Taiki Shuttle,Pace Chaser,Ace built for this CM before CM start in Unity Cup scenario,UG (or higher),2,0,0,0,3,1,0,,,4 Attempts - 20 Races total,7,Day 2,,,,,,,,,,,,,,,,,,,,Re-use Day 1 - Team Comp 1 as Day 2 - Team Comp 1,,,,,,,,,,,,,4 Attempts - 20 Races total,7,Go to Submit page,,,,,,,,,,,,,,,,,,Re-use Day 2 - Team Comp 1 as Day 3 - Team Comp 1,A Group,,,,,,,,,,,,,4 Attempts - 20 Races total,9,Go to Submit page,,,,,,,,,,,,,,,,,,,,,,,,,,,,,,,,,,,,,,,,,,,,,,,,,,,,A Finals,12379,Re-use Day 4 - Team Comp 1 as Finals Team Comp,,,,,,,,,,https://drive.google.com/open?id=1TMzEltKp_3uOQiUxisu4hr8vtC2qPQoJ,3rd,No (goes to Submit page),,,,,,,,,,,,,,,,,,,
Wombat,Graded (No Uma Restrictions),Win A finals with any uma,I accept these terms,Go to Submit page,Windows,$501-1000,1444,11-20 (roughly 2-3 per day),Friend sent me the link,5,,Fine Motion,Pace Chaser,Ace built for this CM before CM start in Unity Cup scenario,UG (or higher),2,0,0,1,3,0,0,40,19,Mejiro Ardan,Front Runner,Ace built for this CM before CM start in Unity Cup scenario,UG (or higher),2,0,0,1,3,0,0,35,15,Mihono Bourbon (Valentine),Front Runner,Ace built for this CM before CM start in Unity Cup scenario,UG (or higher),2,0,0,1,3,0,0,50,17,4 Attempts - 20 Races total,12,Day 2,,,,,,,,,,,,,,,,,,,,Re-use Day 1 - Team Comp 1 as Day 2 - Team Comp 1,,,,,,,,,,,,,4 Attempts - 20 Races total,12,Go to Submit page,,,,,,,,,,,,,,,,,,Re-use Day 2 - Team Comp 1 as Day 3 - Team Comp 1,A Group,,,,,,,,,,,,,4 Attempts - 20 Races total,9,Go to Submit page,,,,,,,,,,,,,,,,,,Re-use Day 3 - Team Comp 1 as Day 4 - Team Comp 1,A Group,,,,,,,,,,,,,4 Attempts - 20 Races total,11,Go to Submit page,,,,,,,,,,,,,,,,,,,,,,,,,,,,,,,,,,,,,,,,,,,,,,,,,,,
Eden,Graded (No Uma Restrictions),Get into A finals,I accept these terms,Day 4,,,,,,,,Curren Chan,Pace Chaser,Ace built for this CM before CM start in Unity Cup scenario,UG (or higher),2,0,0,1,3,0,0,,,Oguri Cap,Pace Chaser,Ace built for this CM before CM start in Unity Cup scenario,UG (or higher),1,0,1,,4,0,0,,,Sakura Bakushin O,Pace Chaser,Ace built for this CM before CM start in Unity Cup scenario,UG (or higher),2,0,1,0,3,0,0,,,4 Attempts - 20 Races total,13,Day 2,,,,,,,,,,,,,,,,,,,,Add new Team Comp as Day 2 - Team Comp 1,Curren Chan,Pace Chaser,Ace built for this CM before CM start in Unity Cup scenario,UG (or higher),Oguri Cap,Pace Chaser,Ace built for this CM before CM start in Unity Cup scenario,UG (or higher),Bamboo memory,Late Surger,Mid-CM Ace build in Unity Cup scenario,UG (or higher),4 Attempts - 20 Races total,16,Go to Submit page,,,,,,,,,,,,,,,,,,Re-use Day 2 - Team Comp 1 as Day 3 - Team Comp 1,A Group,,,,,,,,,,,,,4 Attempts - 20 Races total,12,Go to Submit page,,,,,,,,,,,,,,,,,,Re-use Day 3 - Team Comp 1 as Day 4 - Team Comp 1,A Group,,,,,,,,,,,,,4 Attempts - 20 Races total,12,Go to Submit page,,,,,,,,,,,,,,,,,,,,,,,,,,,,,,,,,,,,,,,,,,,,,,,,,,,
bloo,Graded (No Uma Restrictions),Get into A finals,I accept these terms,Day 1,iOS - phone or tablet,$0,1101,11-20 (roughly 2-3 per day),"Discord - MooMooCord - https://discord.gg/Hc7cP9GB, Reddit - /r/umamusumeGame, YouTube - MooMooCows - https://www.youtube.com/@MooMooCows",5,,Taiki Shuttle,Pace Chaser,Ace built for this CM before CM start in Unity Cup scenario,SS+,2,,1,,3,,,,,Oguri Cap,Pace Chaser,Ace built for this CM before CM start in Unity Cup scenario,SS,2,,1,,3,,,,,Sakura Bakushin O,Pace Chaser,Ace built for this CM before CM start in Unity Cup scenario,SS,2,,1,,3,,,,,4 Attempts - 20 Races total,15,Day 2,,,,,,,,,,,,,,,,,,,,Re-use Day 1 - Team Comp 1 as Day 2 - Team Comp 1,,,,,,,,,,,,,4 Attempts - 20 Races total,17,Go to Submit page,,,,,,,,,,,,,,,,,,,,,,,,,,,,,,,,,,,,,,,,,,,,,,,,,,,,,,,,,,,,,,,,,,,,,,,,,,,,,,,,,,,,,,,,,,,,,,,,,,,,,,,,,,,,,,,,,,,,,,,
Zer0,Graded (No Uma Restrictions),Collect participation rewards,I accept these terms,Finals,Windows,$0,689,0-5 (less than 1 per day),Discord - MooMooCord - https://discord.gg/Hc7cP9GB,3,,Curren Chan (Wedding),Pace Chaser,Ace built for this CM before CM start in Unity Cup scenario,SS+,2,,1,,3,,,,,Taiki Shuttle (Camping),Pace Chaser,Ace built for this CM before CM start in Unity Cup scenario,SS,2,,,1,3,,,,,Hishi Akebono,Pace Chaser,Ace built for this CM before CM start in Unity Cup scenario,SS,2,,,1,3,,,,,3 Attempts - 15 Races total,7,Day 2,,,,,,,,,,,,,,,,,,,,Re-use Day 1 - Team Comp 1 as Day 2 - Team Comp 1,,,,,,,,,,,,,3 Attempts - 15 Races total,11,Go to Submit page,,,,,,,,,,,,,,,,,,Re-use Day 2 - Team Comp 1 as Day 3 - Team Comp 1,A Group,,,,,,,,,,,,,4 Attempts - 20 Races total,6,Day 4,,,,,,,,,,,,,,,,,,Re-use Day 3 - Team Comp 1 as Day 4 - Team Comp 1,A Group,,,,,,,,,,,,,3 Attempts - 15 Races total,6,Go to Submit page,,,,,,,,,,,,,,,,,,A Finals,9017,Re-use Day 4 - Team Comp 1 as Finals Team Comp,,,,,,,,,,https://drive.google.com/open?id=18RfvKYNKHC8I5FdqarbpejN-PccMXMzs,3rd,No (goes to Submit page),,,,,,,,,,,,,,,,,,,
TheJuri,Graded (No Uma Restrictions),"Win A finals with ""oshi"" uma",I accept these terms,Finals,"iOS - phone or tablet, Windows",$1-100,381,6-10 (roughly 1 per day),Discord - MooMooCord - https://discord.gg/Hc7cP9GB,5,,Gold City (Festival),Late Surger,Hybrid (ace + debuffer),UG (or higher),0,0,0,0,6,0,0,,,Taiki Shuttle,Pace Chaser,Ace built for this CM before CM start in Unity Cup scenario,SS,2,0,1,1,2,0,0,,,Curren Chan,Pace Chaser,Ace built for this CM before CM start in Unity Cup scenario,UG (or higher),2,0,0,0,3,0,1,,,4 Attempts - 20 Races total,10,Go to Submit page,,,,,,,,,,,,,,,,,,,,Add new Team Comp as Day 2 - Team Comp 1,Gold City (Festival),Late Surger,Hybrid (ace + debuffer),UG (or higher),Taiki Shuttle,Pace Chaser,Ace built for this CM before CM start in Unity Cup scenario,SS,Curren Chan,Pace Chaser,Ace built for this CM before CM start in Unity Cup scenario,UG (or higher),4 Attempts - 20 Races total,11,Day 1,,,,,,,,,,,,,,,,,,Re-use Day 2 - Team Comp 1 as Day 3 - Team Comp 1,A Group,,,,,,,,,,,,,4 Attempts - 20 Races total,6,Day 4,,,,,,,,,,,,,,,,,,Re-use Day 3 - Team Comp 1 as Day 4 - Team Comp 1,A Group,,,,,,,,,,,,,4 Attempts - 20 Races total,8,Go to Submit page,,,,,,,,,,,,,,,,,,A Finals,7236,Re-use Day 4 - Team Comp 1 as Finals Team Comp,,,,,,,,,,,3rd,No (goes to Submit page),,,,,,,,,,,,,,,,,,,
Izuru,Graded (No Uma Restrictions),"Win A finals with ""oshi"" uma",I accept these terms,Day 4,Windows,$1-100,,6-10 (roughly 1 per day),Discord - MooMooCord - https://discord.gg/Hc7cP9GB,5,,Rice Shower,Pace Chaser,Ace built for this CM before CM start in Unity Cup scenario,UG (or higher),2,,,,2,1,1,,,Agnes Tachyon,Pace Chaser,Debuffer,A+,,,,,,,,,,Eishin Flash (Valentine),End Closer,Debuffer,A (or lower),,,,,,,,,,4 Attempts - 20 Races total,10,Day 2,,,,,,,,,,,,,,,,,,,,Re-use Day 1 - Team Comp 1 as Day 2 - Team Comp 1,,,,,,,,,,,,,4 Attempts - 20 Races total,8,Go to Submit page,,,,,,,,,,,,,,,,,,Re-use Day 2 - Team Comp 1 as Day 3 - Team Comp 1,A Group,,,,,,,,,,,,,4 Attempts - 20 Races total,10,Go to Submit page,,,,,,,,,,,,,,,,,,Re-use Day 3 - Team Comp 1 as Day 4 - Team Comp 1,A Group,,,,,,,,,,,,,4 Attempts - 20 Races total,9,Go to Submit page,,,,,,,,,,,,,,,,,,,,,,,,,,,,,,,,,,,,,,,,,,,,,,,,,,,
ArkExeon,Graded (No Uma Restrictions),Get into A finals,I accept these terms,Day 4,Android - phone or tablet,$0,1368,21-30 (roughly 3-4 per day),"Discord - MooMooCord - https://discord.gg/Hc7cP9GB, Reddit - /r/umamusumeGame, YouTube - MooMooCows - https://www.youtube.com/@MooMooCows",,,Nishino Flower,Pace Chaser,Ace built for this CM before CM start in Trackblazer scenario,S+,2,,1,,3,,,50,37,Taiki Shuttle,Pace Chaser,Ace built for this CM before CM start in Trackblazer scenario,S+,2,,1,,3,,,50,37,Sakura Bakushin O,Pace Chaser,Ace built for this CM before CM start in Trackblazer scenario,S+,2,,1,,3,,,50,37,4 Attempts - 20 Races total,11,Day 2,,,,,,,,,,,,,,,,,,,,Re-use Day 1 - Team Comp 1 as Day 2 - Team Comp 1,,,,,,,,,,,,,4 Attempts - 20 Races total,10,Go to Submit page,,,,,,,,,,,,,,,,,,Re-use Day 2 - Team Comp 1 as Day 3 - Team Comp 1,A Group,,,,,,,,,,,,,4 Attempts - 20 Races total,6,Go to Submit page,,,,,,,,,,,,,,,,,,Re-use Day 3 - Team Comp 1 as Day 4 - Team Comp 1,A Group,,,,,,,,,,,,,4 Attempts - 20 Races total,2,Go to Submit page,,,,,,,,,,,,,,,,,,,,,,,,,,,,,,,,,,,,,,,,,,,,,,,,,,,
TokyoGabagool,Graded (No Uma Restrictions),Win A finals with any uma,I accept these terms,Finals,"iOS - phone or tablet, Windows",$101-500,1657,6-10 (roughly 1 per day),Discord - MooMooCord - https://discord.gg/Hc7cP9GB,5,,Taiki Shuttle (Camping),Pace Chaser,Ace built for this CM before CM start in Unity Cup scenario,UG (or higher),3,0,0,0,2,1,0,,,Oguri Cap,Pace Chaser,Ace built for this CM before CM start in Trackblazer scenario,SS+,2,0,2,0,1,0,1,58,34,Air Groove,Pace Chaser,Ace built for this CM before CM start in Unity Cup scenario,UG (or higher),1,,,2,3,,,,,4 Attempts - 20 Races total,17,Day 2,,,,,,,,,,,,,,,,,,,,Re-use Day 1 - Team Comp 1 as Day 2 - Team Comp 1,,,,,,,,,,,,,4 Attempts - 20 Races total,14,Go to Submit page,,,,,,,,,,,,,,,,,,Re-use Day 2 - Team Comp 1 as Day 3 - Team Comp 1,A Group,,,,,,,,,,,,,4 Attempts - 20 Races total,7,Go to Submit page,,,,,,,,,,,,,,,,,,Re-use Day 3 - Team Comp 1 as Day 4 - Team Comp 1,A Group,,,,,,,,,,,,,4 Attempts - 20 Races total,13,Go to Submit page,,,,,,,,,,,,,,,,,,A Finals,13327,Re-use Day 4 - Team Comp 1 as Finals Team Comp,,,,,,,,,,https://drive.google.com/open?id=1t0lE475AfA46LKcekUB6-8GImoXSGH7k,1st,,,,,,,,,,,,https://drive.google.com/open?id=1p434nR93pNhcIwG9SL19nP92Ensxe8ub,https://drive.google.com/open?id=1Ec5e_3HEfrNfyOhLszJaspnapEQ-Wvs5,,,,,,,https://drive.google.com/open?id=1BRtu8KrJlZ5HSaQtPW7mw13yDXq2o1_Z
kona,Graded (No Uma Restrictions),Get into A finals,I accept these terms,Day 3,Windows,$501-1000,1050,6-10 (roughly 1 per day),Discord - MooMooCord - https://discord.gg/Hc7cP9GB,4,,Curren Chan (Wedding),Front Runner,Ace built for this CM before CM start in Unity Cup scenario,UG (or higher),1,0,0,2,3,0,0,,,Mihono Bourbon (Valentine),Front Runner,Ace built for this CM before CM start in Unity Cup scenario,UG (or higher),1,0,0,2,3,0,0,,,Silence Suzuka,Front Runner,Ace built for this CM before CM start in Unity Cup scenario,UG (or higher),1,0,0,2,3,0,0,,,4 Attempts - 20 Races total,15,Go to Submit page,,,,,,,,,,,,,,,,,,,,Re-use Day 1 - Team Comp 1 as Day 2 - Team Comp 1,,,,,,,,,,,,,4 Attempts - 20 Races total,13,Go to Submit page,,,,,,,,,,,,,,,,,,Re-use Day 2 - Team Comp 1 as Day 3 - Team Comp 1,A Group,,,,,,,,,,,,,4 Attempts - 20 Races total,10,Day 4,,,,,,,,,,,,,,,,,,Re-use Day 3 - Team Comp 1 as Day 4 - Team Comp 1,A Group,,,,,,,,,,,,,4 Attempts - 20 Races total,10,Go to Submit page,,,,,,,,,,,,,,,,,,,,,,,,,,,,,,,,,,,,,,,,,,,,,,,,,,,
freereader,Graded (No Uma Restrictions),"Win A finals with ""oshi"" uma",I accept these terms,Day 1,"Android - phone or tablet, Windows",$1-100,727,11-20 (roughly 2-3 per day),YouTube - MooMooCows - https://www.youtube.com/@MooMooCows,,,Curren Chan,Pace Chaser,Ace built for this CM before CM start in Unity Cup scenario,UG (or higher),2,,1,,3,,,,,Hishi Akebono,Pace Chaser,Ace built for this CM before CM start in Unity Cup scenario,SS,2,,,2,2,,,,,Mayano Top Gun (Wedding),Late Surger,Ace built for this CM before CM start in Unity Cup scenario,SS,3,,1,,2,,,,,4 Attempts - 20 Races total,7,Day 2,,,,,,,,,,,,,,,,,,,,Add new Team Comp as Day 2 - Team Comp 1,Mejiro Dober,Late Surger,Mid-CM Ace build in Unity Cup scenario,UG (or higher),King Halo,Late Surger,Ace built for this CM before CM start in Unity Cup scenario,UG (or higher),Mayano Top Gun (Wedding),Late Surger,Ace built for this CM before CM start in Unity Cup scenario,SS,4 Attempts - 20 Races total,16,Go to Submit page,,,,,,,,,,,,,,,,,,,,,,,,,,,,,,,,,,,,,,,,,,,,,,,,,,,,,,,,,,,,,,,,,,,,,,,,,,,,,,,,,,,,,,,,,,,,,,,,,,,,,,,,,,,,,,,,,,,,,,,
MoNKirby,Graded (No Uma Restrictions),Get into A finals,I accept these terms,Day 4,Android - phone or tablet,$1-100,,11-20 (roughly 2-3 per day),Discord - MooMooCord - https://discord.gg/Hc7cP9GB,4,,Mayano Top Gun (Wedding),Late Surger,Ace built for this CM before CM start in Unity Cup scenario,UG (or higher),2,,1,,3,,,55,,Air Groove (Wedding),Late Surger,Ace built for this CM before CM start in Unity Cup scenario,UG (or higher),2,,1,,3,,,55,,Fuji Kiseki,Late Surger,Ace built for this CM before CM start in Unity Cup scenario,UG (or higher),2,,2,,2,,,41,,4 Attempts - 20 Races total,14,Day 2,,,,,,,,,,,,,,,,,,,,Re-use Day 1 - Team Comp 1 as Day 2 - Team Comp 1,,,,,,,,,,,,,4 Attempts - 20 Races total,14,Go to Submit page,,,,,,,,,,,,,,,,,,Re-use Day 2 - Team Comp 1 as Day 3 - Team Comp 1,A Group,,,,,,,,,,,,,4 Attempts - 20 Races total,12,Day 4,,,,,,,,,,,,,,,,,,Re-use Day 3 - Team Comp 1 as Day 4 - Team Comp 1,A Group,,,,,,,,,,,,,4 Attempts - 20 Races total,15,Finals,,,,,,,,,,,,,,,,,,A Finals,12117,Re-use Day 4 - Team Comp 1 as Finals Team Comp,,,,,,,,,,https://drive.google.com/open?id=1OibSRjLVwYWjgiO7LZs9RUx5p4_HMisW,1st,,,,,,,,,,,,https://drive.google.com/open?id=1cs4QRJRisLEj35kuG8DabIz54X1nTfEY,https://drive.google.com/open?id=1_sUFSqo2a-uQbfcfO0jwYLiA4lueE9_Q,,,,12,,6,https://drive.google.com/open?id=1jZ9-3j9suAxICXNW9OM7wxL37DcB_D5c
m4927,Graded (No Uma Restrictions),Get into A finals,I accept these terms,Day 3,Android - phone or tablet,$1-100,,11-20 (roughly 2-3 per day),YouTube - MooMooCows - https://www.youtube.com/@MooMooCows,,,Narita Taishin,End Closer,Ace built for this CM before CM start in Unity Cup scenario,UG (or higher),2,,1,,2,,1,50,21,Grass Wonder,End Closer,Debuffer,A+,,,,,,,,,,Gold City (Festival),End Closer,Debuffer,A+,,,,,,,,,,4 Attempts - 20 Races total,11,Day 2,,,,,,,,,,,,,,,,,,,,Re-use Day 1 - Team Comp 1 as Day 2 - Team Comp 1,,,,,,,,,,,,,4 Attempts - 20 Races total,17,Go to Submit page,,,,,,,,,,,,,,,,,,Re-use Day 2 - Team Comp 1 as Day 3 - Team Comp 1,A Group,,,,,,,,,,,,,4 Attempts - 20 Races total,17,Go to Submit page,,,,,,,,,,,,,,,,,,,,,,,,,,,,,,,,,,,,,,,,,,,,,,,,,,,,,,,,,,,,,,,,,,,,,,,,,,,,,,,,,,,,,
70kY,Graded (No Uma Restrictions),Get into A finals,I accept these terms,Day 3,Windows,$501-1000,1693,21-30 (roughly 3-4 per day),"Discord - MooMooCord - https://discord.gg/Hc7cP9GB, Twitch - MooMooCows - https://www.twitch.tv/moomoomoocows, YouTube - MooMooCows - https://www.youtube.com/@MooMooCows",5,How about integrating this into the moomamusume website now ?,Mihono Bourbon (Valentine),Front Runner,Ace built for this CM before CM start in Unity Cup scenario,UG (or higher),2,0,1,0,3,0,0,45,15,Sakura Bakushin O,Front Runner,Ace built for this CM before CM start in Unity Cup scenario,UG (or higher),1,0,0,0,5,0,0,40,17,Silence Suzuka,Front Runner,Ace built for this CM before CM start in Unity Cup scenario,UG (or higher),2,0,0,0,4,0,0,40,17,4 Attempts - 20 Races total,11,Day 2,,,,,,,,,,,,,,,,,,,,Add new Team Comp as Day 2 - Team Comp 1,Mihono Bourbon (Valentine),Front Runner,Ace built for this CM before CM start in Unity Cup scenario,UG (or higher),Sakura Bakushin O,Front Runner,Ace built for this CM before CM start in Unity Cup scenario,UG (or higher),Taiki Shuttle,Front Runner,Mid-CM Ace build in Unity Cup scenario,UG (or higher),4 Attempts - 20 Races total,10,Go to Submit page,,,,,,,,,,,,,,,,,,Re-use Day 2 - Team Comp 1 as Day 3 - Team Comp 1,A Group,,,,,,,,,,,,,4 Attempts - 20 Races total,3,Day 4,,,,,,,,,,,,,,,,,,Re-use Day 3 - Team Comp 1 as Day 4 - Team Comp 1,A Group,,,,,,,,,,,,,4 Attempts - 20 Races total,5,Finals,,,,,,,,,,,,,,,,,,B Finals,,Re-use Day 4 - Team Comp 1 as Finals Team Comp,,,,,,,,,,https://drive.google.com/open?id=1-4UCPf7THEGaP5o09jYwb6hU2toNEWy2,1st,,,,,,,,,,,,https://drive.google.com/open?id=1pmuxLpt8LTjGuCXsqVRTzwjmFKpoZ0z4,https://drive.google.com/open?id=1N6c6cSoYC4wMtzXeMGJoGq6O7hPY_W7E,,15,0,0,0,3,https://drive.google.com/open?id=1l88_VfL8s0ETBeq9-S7cZ_F8YtNGuDKf
Chokon,Graded (No Uma Restrictions),Get into A finals,I accept these terms,Finals,iOS - phone or tablet,$0,1080,6-10 (roughly 1 per day),YouTube - MooMooCows - https://www.youtube.com/@MooMooCows,3,"Scrolling thru the uma list for teams is quite painful, but that's just Forms",Taiki Shuttle,Pace Chaser,Ace built for this CM before CM start in Unity Cup scenario,UG (or higher),2,,1,,3,,,,,Nishino Flower,Pace Chaser,Ace built for this CM before CM start in Trackblazer scenario,S+,2,,,2,2,,,55,33,Oguri Cap,Pace Chaser,Ace built for this CM before CM start in Unity Cup scenario,SS,1,,,2,3,,,,,2 Attempts - 10 Races total,9,Go to Submit page,,,,,,,,,,,,,,,,,,,,Re-use Day 1 - Team Comp 1 as Day 2 - Team Comp 1,,,,,,,,,,,,,2 Attempts - 10 Races total,9,Day 1,,,,,,,,,,,,,,,,,,Re-use Day 2 - Team Comp 1 as Day 3 - Team Comp 1,A Group,,,,,,,,,,,,,4 Attempts - 20 Races total,11,Go to Submit page,,,,,,,,,,,,,,,,,,Re-use Day 3 - Team Comp 1 as Day 4 - Team Comp 1,A Group,,,,,,,,,,,,,4 Attempts - 20 Races total,11,Go to Submit page,,,,,,,,,,,,,,,,,,A Finals,10330,Re-use Day 4 - Team Comp 1 as Finals Team Comp,,,,,,,,,,https://drive.google.com/open?id=1_dBzERZWQdN0Op-3j7OIcuoa8RaoIs93,3rd,No (goes to Submit page),,,,,,,,,,,,,,,,,,,
Hyacia,Graded (No Uma Restrictions),Get into A finals,I accept these terms,Day 3,,$1-100,,6-10 (roughly 1 per day),,,,Air Groove,Pace Chaser,Ace built for this CM before CM start in Unity Cup scenario,SS+,2,,1,,3,,,,,King Halo,Late Surger,Ace built for this CM before CM start in Unity Cup scenario,UG (or higher),3,,1,,2,,,,,Daiwa Scarlet,Pace Chaser,Blocker/Overtake target/Throwaway/Niche role,UG (or higher),3,,1,,2,,,,,4 Attempts - 20 Races total,16,Day 2,,,,,,,,,,,,,,,,,,,,Re-use Day 1 - Team Comp 1 as Day 2 - Team Comp 1,,,,,,,,,,,,,2 Attempts - 10 Races total,8,Day 2 - Add 2nd Team,Add new Team Comp as Day 2 - Team Comp 2,Nice Nature,Late Surger,Hybrid (ace + debuffer),SS,Air Groove,Pace Chaser,Ace built for this CM before CM start in Unity Cup scenario,SS+,King Halo,Late Surger,Ace built for this CM before CM start in Unity Cup scenario,UG (or higher),2 Attempts - 10 Races total,2,3 teams,Go to Submit page,Re-use Day 2 - Team Comp 1 as Day 3 - Team Comp 1,A Group,,,,,,,,,,,,,4 Attempts - 20 Races total,7,Go to Submit page,,,,,,,,,,,,,,,,,,Re-use Day 3 - Team Comp 2 as Day 4 - Team Comp 1,A Group,,,,,,,,,,,,,4 Attempts - 20 Races total,9,Finals,,,,,,,,,,,,,,,,,,A Finals,13108,Add new Team Comp as Finals Team Comp,Air Groove,Pace Chaser,Ace built for this CM before CM start in Unity Cup scenario,King Halo,Late Surger,Ace built for this CM before CM start in Unity Cup scenario,Mayano Top Gun (Wedding),Late Surger,Hybrid (ace + debuffer),https://drive.google.com/open?id=13pk4ZBsjVPOk2sL_8OC5GCLlmAujWBBl,1st,,,,,,,,,,,Sometimes being lucky is the accel you actually need,https://drive.google.com/open?id=1MLBwnHmG8DWFyMTdZOEiDFA1z2XAJmoG,https://drive.google.com/open?id=1BB1f2_86vUD31sTphxEW9wdlKZCu4Bzh,,4,,5,,2,https://drive.google.com/open?id=18p5Fj_K8voX0rLEaRrRHVspJk1r4lbr8
Laxro,Graded (No Uma Restrictions),"Win A finals with ""oshi"" uma",I accept these terms,Finals,"iOS - phone or tablet, Windows",$0,483,6-10 (roughly 1 per day),"Discord - MooMooCord - https://discord.gg/Hc7cP9GB, Reddit - /r/umamusumeGame",3,,Oguri Cap,Late Surger,Ace built for this CM before CM start in Unity Cup scenario,UG (or higher),2,,1,,3,,,,,Hishi Amazon,End Closer,Ace built for this CM before CM start in Unity Cup scenario,UG (or higher),3,,,,3,,,,,Curren Chan (Wedding),Pace Chaser,Ace built for this CM before CM start in Unity Cup scenario,UG (or higher),2,,,,4,,,,,3 Attempts - 15 Races total,7,Day 2,,,,,,,,,,,,,,,,,,,,Re-use Day 1 - Team Comp 1 as Day 2 - Team Comp 1,,,,,,,,,,,,,4 Attempts - 20 Races total,11,Go to Submit page,,,,,,,,,,,,,,,,,,Add new Team Comp as Day 3 - Team Comp 1,A Group,Oguri Cap,Late Surger,Ace built for this CM before CM start in Unity Cup scenario,UG (or higher),Hishi Amazon,End Closer,Ace built for this CM before CM start in Unity Cup scenario,UG (or higher),Curren Chan (Wedding),Pace Chaser,Debuffer,SS,4 Attempts - 20 Races total,13,Go to Submit page,,,,,,,,,,,,,,,,,,Re-use Day 3 - Team Comp 1 as Day 4 - Team Comp 1,A Group,,,,,,,,,,,,,3 Attempts - 15 Races total,10,Go to Submit page,,,,,,,,,,,,,,,,,,A Finals,12524,Re-use Day 4 - Team Comp 1 as Finals Team Comp,,,,,,,,,,https://drive.google.com/open?id=1gtaB6Irgb_sTDWkvI2SLdl3paI7EBeBn,3rd,No (goes to Submit page),,,,,,,,,,,,,,,,,,,
Rkid,Graded (No Uma Restrictions),Win A finals with any uma,I accept these terms,Finals,"Android - phone or tablet, Windows",$101-500,1503,31-45 (roughly 5-6 per day),"Discord - MooMooCord - https://discord.gg/Hc7cP9GB, YouTube - MooMooCows - https://www.youtube.com/@MooMooCows",5,,Rice Shower,Pace Chaser,Ace built for this CM before CM start in Unity Cup scenario,UG (or higher),3,0,1,0,2,0,0,40,18,Taiki Shuttle,Pace Chaser,Ace built for this CM before CM start in Unity Cup scenario,UG (or higher),2,0,0,1,3,0,0,40,21,King Halo,Late Surger,Ace built for this CM before CM start in Unity Cup scenario,UG (or higher),2,0,1,0,3,0,0,50,18,4 Attempts - 20 Races total,18,Day 2,,,,,,,,,,,,,,,,,,,,Add new Team Comp as Day 2 - Team Comp 1,Rice Shower,Pace Chaser,Ace built for this CM before CM start in Unity Cup scenario,UG (or higher),Taiki Shuttle,Pace Chaser,Mid-CM Ace build in Unity Cup scenario,UG (or higher),King Halo,Late Surger,Ace built for this CM before CM start in Unity Cup scenario,UG (or higher),4 Attempts - 20 Races total,20,Go to Submit page,,,,,,,,,,,,,,,,,,Re-use Day 2 - Team Comp 1 as Day 3 - Team Comp 1,A Group,,,,,,,,,,,,,4 Attempts - 20 Races total,11,Go to Submit page,,,,,,,,,,,,,,,,,,Re-use Day 3 - Team Comp 1 as Day 4 - Team Comp 1,A Group,,,,,,,,,,,,,4 Attempts - 20 Races total,17,Go to Submit page,,,,,,,,,,,,,,,,,,A Finals,13187,Re-use Day 4 - Team Comp 1 as Finals Team Comp,,,,,,,,,,,2nd,No (goes to Submit page),,,,,,,,,,,,,,,,,,,
Krystalkitty,Graded (No Uma Restrictions),Win A finals with any uma,I accept these terms,Finals,Windows,$501-1000,1495,6-10 (roughly 1 per day),"Discord - MooMooCord - https://discord.gg/Hc7cP9GB, Twitch - MooMooCows - https://www.twitch.tv/moomoomoocows, YouTube - MooMooCows - https://www.youtube.com/@MooMooCows",5,,Taiki Shuttle,Pace Chaser,Ace built for this CM before CM start in Unity Cup scenario,UG (or higher),2,,1,,3,,,,,Sweep Tosho,Late Surger,Ace built for this CM before CM start in Unity Cup scenario,UG (or higher),2,,1,,3,,,,,Mejiro Ryan,Late Surger,Ace built for this CM before CM start in Unity Cup scenario,UG (or higher),2,,1,,3,,,,,4 Attempts - 20 Races total,15,Day 2,,,,,,,,,,,,,,,,,,,,Re-use Day 1 - Team Comp 1 as Day 2 - Team Comp 1,,,,,,,,,,,,,4 Attempts - 20 Races total,12,Go to Submit page,,,,,,,,,,,,,,,,,,Add new Team Comp as Day 3 - Team Comp 1,A Group,Taiki Shuttle,Pace Chaser,Ace built for this CM before CM start in Unity Cup scenario,UG (or higher),Sakura Chiyono O,Pace Chaser,Ace built for this CM before CM start in Unity Cup scenario,UG (or higher),Sweep Tosho,Late Surger,Ace built for this CM before CM start in Unity Cup scenario,UG (or higher),4 Attempts - 20 Races total,14,Go to Submit page,,,,,,,,,,,,,,,,,,Re-use Day 3 - Team Comp 1 as Day 4 - Team Comp 1,A Group,,,,,,,,,,,,,4 Attempts - 20 Races total,14,Go to Submit page,,,,,,,,,,,,,,,,,,A Finals,12465,Re-use Day 4 - Team Comp 1 as Finals Team Comp,,,,,,,,,,,2nd,No (goes to Submit page),,,,,,,,,,,,,,,,,,,
hootmf,Graded (No Uma Restrictions),Win A finals with any uma,I accept these terms,Day 3,Windows,$1-100,1465,11-20 (roughly 2-3 per day),Rather not say,,,Sweep Tosho,Late Surger,Ace built for this CM before CM start in Unity Cup scenario,SS+,2,0,1,0,3,0,0,57,18,Curren Chan (Wedding),Pace Chaser,Ace built for this CM before CM start in Unity Cup scenario,UG (or higher),2,0,0,0,4,0,0,43,19,Taiki Shuttle (Camping),Pace Chaser,Ace built for this CM before CM start in Unity Cup scenario,UG (or higher),2,0,0,0,4,0,0,43,22,4 Attempts - 20 Races total,14,Day 2,,,,,,,,,,,,,,,,,,,,Re-use Day 1 - Team Comp 1 as Day 2 - Team Comp 1,,,,,,,,,,,,,4 Attempts - 20 Races total,13,Go to Submit page,,,,,,,,,,,,,,,,,,Re-use Day 2 - Team Comp 1 as Day 3 - Team Comp 1,A Group,,,,,,,,,,,,,4 Attempts - 20 Races total,16,Go to Submit page,,,,,,,,,,,,,,,,,,,,,,,,,,,,,,,,,,,,,,,,,,,,,,,,,,,,,,,,,,,,,,,,,,,,,,,,,,,,,,,,,,,,,
BlazingTofu,Graded (No Uma Restrictions),Get into A finals,I accept these terms,Finals,"iOS - phone or tablet, Windows",$101-500,1135,6-10 (roughly 1 per day),,5,,Taiki Shuttle (Camping),Pace Chaser,Ace built for this CM before CM start in Unity Cup scenario,UG (or higher),2,,,1,3,,,,,Curren Chan (Wedding),Pace Chaser,Ace built for this CM before CM start in Unity Cup scenario,UG (or higher),2,,,1,3,,,,,Sakura Bakushin O,Pace Chaser,Ace built for this CM before CM start in Unity Cup scenario,UG (or higher),2,,1,,3,,,,,4 Attempts - 20 Races total,12,Day 2,,,,,,,,,,,,,,,,,,,,Re-use Day 1 - Team Comp 1 as Day 2 - Team Comp 1,,,,,,,,,,,,,4 Attempts - 20 Races total,15,Go to Submit page,,,,,,,,,,,,,,,,,,Re-use Day 2 - Team Comp 1 as Day 3 - Team Comp 1,A Group,,,,,,,,,,,,,4 Attempts - 20 Races total,14,Day 4,,,,,,,,,,,,,,,,,,Re-use Day 3 - Team Comp 1 as Day 4 - Team Comp 1,A Group,,,,,,,,,,,,,4 Attempts - 20 Races total,15,Go to Submit page,,,,,,,,,,,,,,,,,,A Finals,12818,Re-use Day 4 - Team Comp 1 as Finals Team Comp,,,,,,,,,,https://drive.google.com/open?id=1MCxivvvmYiNzH5yq830ycFM259m3CmUt,1st,,,,,,,,,,,bakushin!!!!! ,https://drive.google.com/open?id=1UH7f0q_urfxw3bgG8PTiv6hrqcPRMpnT,https://drive.google.com/open?id=1UKtJs0Sz8actaJX_rIJlNswwWV18fBDl,,2,,14,,,https://drive.google.com/open?id=1ti4kLAadIfE_IgoPLOWmU0WV4Qia0niS
Deextra,Graded (No Uma Restrictions),Win A finals with any uma,I accept these terms,Finals,iOS - phone or tablet,$1-100,1197,46+ (more than 6 per day),Discord - MooMooCord - https://discord.gg/Hc7cP9GB,5,,Mihono Bourbon (Valentine),Front Runner,Ace built for this CM before CM start in Unity Cup scenario,UG (or higher),3,0,0,0,3,0,0,45,20,Taiki Shuttle,Pace Chaser,Ace built for this CM before CM start in Unity Cup scenario,UG (or higher),2,0,0,1,3,0,0,50,21,Nishino Flower,Pace Chaser,Ace built for this CM before CM start in Unity Cup scenario,UG (or higher),2,0,0,1,3,0,0,50,21,4 Attempts - 20 Races total,18,Day 2,,,,,,,,,,,,,,,,,,,,Re-use Day 1 - Team Comp 1 as Day 2 - Team Comp 1,,,,,,,,,,,,,4 Attempts - 20 Races total,20,Go to Submit page,,,,,,,,,,,,,,,,,,Re-use Day 2 - Team Comp 1 as Day 3 - Team Comp 1,A Group,,,,,,,,,,,,,4 Attempts - 20 Races total,18,Go to Submit page,,,,,,,,,,,,,,,,,,Re-use Day 3 - Team Comp 1 as Day 4 - Team Comp 1,A Group,,,,,,,,,,,,,4 Attempts - 20 Races total,14,Go to Submit page,,,,,,,,,,,,,,,,,,A Finals,10864,Re-use Day 4 - Team Comp 1 as Finals Team Comp,,,,,,,,,,https://drive.google.com/open?id=1DdfLw4DOQyVoD6WDT79bWCemrIApV3k-,1st,,,,,,,,,,,,,,,,,,,,
Nem,Graded (No Uma Restrictions),Win A finals with any uma,I accept these terms,Go to Submit page,iOS - phone or tablet,$101-500,985,31-45 (roughly 5-6 per day),Twitch - MooMooCows - https://www.twitch.tv/moomoomoocows,4,,,,,,,,,,,,,,,,,,,,,,,,,,,,,,,,,,,,,,,,,,,,,,,,,,,,,,,,,,,,,,,,,,,,,,,,,,,,,,,,,,,,,,,,,,,,,,,,,,,,,,,,,,,,,,,,,,,,,,,,,,,,,,,,,,,,,,,,,,,,,,,,,,,,,,,,,,,,,,,,,,,,,,,,,,,,,,,,,,,,,,,,,,,,,,,,,,,,,
Kimono,Graded (No Uma Restrictions),"Win A finals with ""oshi"" uma",I accept these terms,Finals,"Android - phone or tablet, Windows",$101-500,934,11-20 (roughly 2-3 per day),"Discord - MooMooCord - https://discord.gg/Hc7cP9GB, Twitch - MooMooCows - https://www.twitch.tv/moomoomoocows",5,,Curren Chan,Pace Chaser,Ace built for this CM before CM start in Unity Cup scenario,SS,2,0,0,1,3,0,0,,18,Nishino Flower,Pace Chaser,Ace built for this CM before CM start in Unity Cup scenario,SS,1,0,1,0,3,0,1,,13,Hishi Akebono,Pace Chaser,Ace built for this CM before CM start in Unity Cup scenario,S+,2,0,0,1,3,0,0,,15,3 Attempts - 15 Races total,8,Day 2,,,,,,,,,,,,,,,,,,,,Add new Team Comp as Day 2 - Team Comp 1,Curren Chan,Pace Chaser,Mid-CM Ace build in Unity Cup scenario,SS+,Nishino Flower,Pace Chaser,Mid-CM Ace build in Unity Cup scenario,SS,Sweep Tosho,Late Surger,Mid-CM Ace build in Unity Cup scenario,SS,4 Attempts - 20 Races total,15,Go to Submit page,,,,,,,,,,,,,,,,,,Re-use Day 2 - Team Comp 1 as Day 3 - Team Comp 1,A Group,,,,,,,,,,,,,4 Attempts - 20 Races total,13,Go to Submit page,,,,,,,,,,,,,,,,,,Re-use Day 3 - Team Comp 1 as Day 4 - Team Comp 1,A Group,,,,,,,,,,,,,4 Attempts - 20 Races total,6,Go to Submit page,,,,,,,,,,,,,,,,,,A Finals,7386,Re-use Day 4 - Team Comp 1 as Finals Team Comp,,,,,,,,,,https://drive.google.com/open?id=1Jl-fMbF9mQRHHPe18rxnjh33WCWvdVFf,2nd,No (goes to Submit page),,,,,,,,,,,,,,,,,,,
Lucifyx,Graded (No Uma Restrictions),"Win A finals with ""oshi"" uma",I accept these terms,Finals,Windows,$501-1000,3030,31-45 (roughly 5-6 per day),,,,Silence Suzuka,Front Runner,Ace built for this CM before CM start in Unity Cup scenario,UG (or higher),2,,,1,3,,,45,21,Taiki Shuttle,Pace Chaser,Ace built for this CM before CM start in Unity Cup scenario,UG (or higher),2,,,1,3,,,50,21,Oguri Cap,Pace Chaser,Ace built for this CM before CM start in Unity Cup scenario,UG (or higher),2,,,0,3,,,50,18,4 Attempts - 20 Races total,12,Go to Submit page,,,,,,,,,,,,,,,,,,,,Re-use Day 1 - Team Comp 1 as Day 2 - Team Comp 1,,,,,,,,,,,,,4 Attempts - 20 Races total,17,Go to Submit page,,,,,,,,,,,,,,,,,,Re-use Day 2 - Team Comp 1 as Day 3 - Team Comp 1,A Group,,,,,,,,,,,,,4 Attempts - 20 Races total,16,Go to Submit page,,,,,,,,,,,,,,,,,,Re-use Day 3 - Team Comp 1 as Day 4 - Team Comp 1,A Group,,,,,,,,,,,,,4 Attempts - 20 Races total,15,Go to Submit page,,,,,,,,,,,,,,,,,,A Finals,11494,Add new Team Comp as Finals Team Comp,Silence Suzuka,Front Runner,Ace built for this CM before CM start in Unity Cup scenario,Eishin Flash (Valentine),Late Surger,Debuffer,Nice Nature (Cheerleader),Late Surger,Debuffer,https://drive.google.com/open?id=1f1Used7vv8aNKAtIhWy0jhIQ4Dupz4M2,1st,,,,,,,,,,,My Ms. Victoria,https://drive.google.com/open?id=1HNrXUmQcaH-AL2MnwBF8oFjTxtiSRfFM,https://drive.google.com/open?id=14TK1JCh6FvrKWqVZcWXfAmyv6vAqHJ0c,,3,,11,2,,https://drive.google.com/open?id=1U9GRojjum6mqX-jGfSSHOfFMtIANi6UE
Alexmaster,Graded (No Uma Restrictions),Collect participation rewards,I accept these terms,Finals,"Android - phone or tablet, Windows",$101-500,488,6-10 (roughly 1 per day),"Discord - MooMooCord - https://discord.gg/Hc7cP9GB, YouTube - MooMooCows - https://www.youtube.com/@MooMooCows",4,,Taiki Shuttle,Pace Chaser,Ace built for this CM before CM start in Unity Cup scenario,SS,2,,,1,3,,,32,12,Oguri Cap,Pace Chaser,Ace built for this CM before CM start in Unity Cup scenario,SS,2,,,1,3,,,32,13,Eishin Flash (Valentine),End Closer,Debuffer,S+,,,,,,,,,,4 Attempts - 20 Races total,12,Day 2,,,,,,,,,,,,,,,,,,,,Re-use Day 1 - Team Comp 1 as Day 2 - Team Comp 1,,,,,,,,,,,,,4 Attempts - 20 Races total,15,Go to Submit page,,,,,,,,,,,,,,,,,,Re-use Day 2 - Team Comp 1 as Day 3 - Team Comp 1,A Group,,,,,,,,,,,,,4 Attempts - 20 Races total,10,Go to Submit page,,,,,,,,,,,,,,,,,,Re-use Day 3 - Team Comp 1 as Day 4 - Team Comp 1,A Group,,,,,,,,,,,,,4 Attempts - 20 Races total,13,Go to Submit page,,,,,,,,,,,,,,,,,,A Finals,10236,Re-use Day 4 - Team Comp 1 as Finals Team Comp,,,,,,,,,,https://drive.google.com/open?id=1h0afx6WINCaMsS8n3HUOdWKvn5zqg58X,1st,,,,,,,,,,,,https://drive.google.com/open?id=1NiNLemm70WBnuBDZxOzmFdCQU495SqeE,https://drive.google.com/open?id=1_lucJzvpryXmgjUk4-UpFnjhirtoajKb,,3,,7,,4,https://drive.google.com/open?id=1poKkTVSWxkaPsFhJrXdJSksCbKrg-06t
lppfnlcst,Graded (No Uma Restrictions),Win A finals with any uma,I accept these terms,Finals,"Android - phone or tablet, Windows",$0,,11-20 (roughly 2-3 per day),Discord - MooMooCord - https://discord.gg/Hc7cP9GB,,,Taiki Shuttle,Pace Chaser,Ace built for this CM before CM start in Unity Cup scenario,UG (or higher),2,0,1,0,3,0,0,,,Nishino Flower,Pace Chaser,Ace built for this CM before CM start in Unity Cup scenario,UG (or higher),2,0,0,0,4,0,0,,,Oguri Cap,Pace Chaser,Ace built for this CM before CM start in Unity Cup scenario,UG (or higher),2,0,1,0,3,0,0,,,4 Attempts - 20 Races total,12,Go to Submit page,,,,,,,,,,,,,,,,,,,,Re-use Day 1 - Team Comp 1 as Day 2 - Team Comp 1,,,,,,,,,,,,,4 Attempts - 20 Races total,11,Go to Submit page,,,,,,,,,,,,,,,,,,Re-use Day 2 - Team Comp 1 as Day 3 - Team Comp 1,A Group,,,,,,,,,,,,,4 Attempts - 20 Races total,13,Go to Submit page,,,,,,,,,,,,,,,,,,Re-use Day 3 - Team Comp 1 as Day 4 - Team Comp 1,A Group,,,,,,,,,,,,,4 Attempts - 20 Races total,5,Go to Submit page,,,,,,,,,,,,,,,,,,A Finals,12273,Re-use Day 4 - Team Comp 1 as Finals Team Comp,,,,,,,,,,,2nd,No (goes to Submit page),,,,,,,,,,,,,,,,,,,
frozen_in_place,Graded (No Uma Restrictions),Get into A finals,I accept these terms,Finals,"Android - phone or tablet, Windows",$1-100,1280,11-20 (roughly 2-3 per day),"Twitch - MooMooCows - https://www.twitch.tv/moomoomoocows, YouTube - MooMooCows - https://www.youtube.com/@MooMooCows",4,,Oguri Cap,Pace Chaser,Ace built for this CM before CM start in Unity Cup scenario,UG (or higher),2,0,0,1,3,0,0,45,24,Nishino Flower,Pace Chaser,Ace built for this CM before CM start in Unity Cup scenario,SS,2,0,0,1,3,0,0,45,18,Taiki Shuttle,Pace Chaser,Ace built for this CM before CM start in Unity Cup scenario,SS,2,0,0,1,3,0,0,45,20,3 Attempts - 15 Races total,12,Day 2,,,,,,,,,,,,,,,,,,,,Re-use Day 1 - Team Comp 1 as Day 2 - Team Comp 1,,,,,,,,,,,,,3 Attempts - 15 Races total,14,Go to Submit page,,,,,,,,,,,,,,,,,,Re-use Day 2 - Team Comp 1 as Day 3 - Team Comp 1,A Group,,,,,,,,,,,,,4 Attempts - 20 Races total,13,Go to Submit page,,,,,,,,,,,,,,,,,,Re-use Day 3 - Team Comp 1 as Day 4 - Team Comp 1,A Group,,,,,,,,,,,,,4 Attempts - 20 Races total,12,Go to Submit page,,,,,,,,,,,,,,,,,,A Finals,11385,Re-use Day 4 - Team Comp 1 as Finals Team Comp,,,,,,,,,,https://drive.google.com/open?id=14OxH6QnsSYudqfFKjmDerEXftCASL4Mk,1st,,,,,,,,,,,uhhhhhh... Oguri! yay! :D,https://drive.google.com/open?id=1TJg5PNPeJpZ0SJJR59DBUmE8MJURmuHF,https://drive.google.com/open?id=1-WRnAoAmqHr1FPA_amPWrJTUih4AXgYF,,0,0,16,0,0,https://drive.google.com/open?id=1XCvEsyzbmv6U0CX8WWrOCkiwcxHskn1k
Rindis,Graded (No Uma Restrictions),Win A finals with any uma,I accept these terms,Day 2,"Android - phone or tablet, Windows",$101-500,672,11-20 (roughly 2-3 per day),YouTube - MooMooCows - https://www.youtube.com/@MooMooCows,5,,Taiki Shuttle,Pace Chaser,Ace built for this CM before CM start in Unity Cup scenario,SS,2,0,0,0,3,1,0,,,Sakura Bakushin O,Front Runner,Ace built for this CM before CM start in Unity Cup scenario,SS,1,0,0,2,2,1,0,,,Nishino Flower,Pace Chaser,Ace built for this CM before CM start in Unity Cup scenario,SS,2,0,0,0,2,2,0,,,4 Attempts - 20 Races total,9,Go to Submit page,,,,,,,,,,,,,,,,,,,,Add new Team Comp as Day 2 - Team Comp 1,Taiki Shuttle,Pace Chaser,Ace built for this CM before CM start in Unity Cup scenario,SS,Sakura Bakushin O,Front Runner,Mid-CM Ace build in Unity Cup scenario,UG (or higher),Oguri Cap,Late Surger,Mid-CM Ace build in Unity Cup scenario,SS,4 Attempts - 20 Races total,10,Go to Submit page,,,,,,,,,,,,,,,,,,,,,,,,,,,,,,,,,,,,,,,,,,,,,,,,,,,,,,,,,,,,,,,,,,,,,,,,,,,,,,,,,,,,,,,,,,,,,,,,,,,,,,,,,,,,,,,,,,,,,,,
DeRuyter,Graded (No Uma Restrictions),Get into A finals,I accept these terms,Finals,"Android - phone or tablet, Windows",$101-500,,11-20 (roughly 2-3 per day),Discord - MooMooCord - https://discord.gg/Hc7cP9GB,5,,Curren Chan (Wedding),Pace Chaser,Ace built for this CM before CM start in Unity Cup scenario,UG (or higher),2,0,1,0,3,0,0,,,Oguri Cap,Late Surger,Ace built for this CM before CM start in Unity Cup scenario,UG (or higher),2,0,1,0,3,0,0,,,Taiki Shuttle,Pace Chaser,Ace built for this CM before CM start in Unity Cup scenario,UG (or higher),1,0,0,2,3,0,0,,,4 Attempts - 20 Races total,15,Day 2,,,,,,,,,,,,,,,,,,,,Re-use Day 1 - Team Comp 1 as Day 2 - Team Comp 1,,,,,,,,,,,,,4 Attempts - 20 Races total,17,Go to Submit page,,,,,,,,,,,,,,,,,,Re-use Day 2 - Team Comp 1 as Day 3 - Team Comp 1,A Group,,,,,,,,,,,,,4 Attempts - 20 Races total,12,Day 4,,,,,,,,,,,,,,,,,,Re-use Day 3 - Team Comp 1 as Day 4 - Team Comp 1,A Group,,,,,,,,,,,,,4 Attempts - 20 Races total,12,Go to Submit page,,,,,,,,,,,,,,,,,,A Finals,9873,Re-use Day 4 - Team Comp 1 as Finals Team Comp,,,,,,,,,,,2nd,No (goes to Submit page),,,,,,,,,,,,,,,,,,,
Ess,Graded (No Uma Restrictions),Get into A finals,I accept these terms,Day 2,,,,,,,,Taiki Shuttle,Pace Chaser,Ace built for this CM before CM start in Unity Cup scenario,SS,,,,,,,,,,Mihono Bourbon (Valentine),Front Runner,Ace built for this CM before CM start in Unity Cup scenario,SS,,,,,,,,,,Silence Suzuka,Front Runner,Ace built for this CM before CM start in Unity Cup scenario,SS,,,,,,,,,,4 Attempts - 20 Races total,11,Day 2,,,,,,,,,,,,,,,,,,,,Re-use Day 1 - Team Comp 1 as Day 2 - Team Comp 1,,,,,,,,,,,,,4 Attempts - 20 Races total,9,Day 3,,,,,,,,,,,,,,,,,,Re-use Day 2 - Team Comp 1 as Day 3 - Team Comp 1,A Group,,,,,,,,,,,,,4 Attempts - 20 Races total,6,Day 4,,,,,,,,,,,,,,,,,,Re-use Day 3 - Team Comp 1 as Day 4 - Team Comp 1,A Group,,,,,,,,,,,,,4 Attempts - 20 Races total,10,Go to Submit page,,,,,,,,,,,,,,,,,,,,,,,,,,,,,,,,,,,,,,,,,,,,,,,,,,,
Pisai,Graded (No Uma Restrictions),To win with meme,I accept these terms,Day 4,,,,,,,,Gold Ship (Summer),Pace Chaser,Meme gamba,UG (or higher),,,,,,,,,,Mayano Top Gun (Wedding),Late Surger,Ace built for this CM before CM start in Unity Cup scenario,UG (or higher),,,,,,,,,,Curren Chan,Pace Chaser,Ace built for this CM before CM start in Unity Cup scenario,UG (or higher),,,,,,,,,,4 Attempts - 20 Races total,14,Day 2,,,,,,,,,,,,,,,,,,,,Re-use Day 1 - Team Comp 1 as Day 2 - Team Comp 1,,,,,,,,,,,,,4 Attempts - 20 Races total,13,Day 3,,,,,,,,,,,,,,,,,,Re-use Day 2 - Team Comp 1 as Day 3 - Team Comp 1,A Group,,,,,,,,,,,,,4 Attempts - 20 Races total,11,Go to Submit page,,,,,,,,,,,,,,,,,,Re-use Day 3 - Team Comp 1 as Day 4 - Team Comp 1,A Group,,,,,,,,,,,,,4 Attempts - 20 Races total,8,Go to Submit page,,,,,,,,,,,,,,,,,,,,,,,,,,,,,,,,,,,,,,,,,,,,,,,,,,,
Gary - Neicha husband,Graded (No Uma Restrictions),Get into A finals,I accept these terms,Finals,,$1001-5000,,11-20 (roughly 2-3 per day),Discord - MooMooCord - https://discord.gg/Hc7cP9GB,,,Air Groove,Late Surger,Ace built for this CM before CM start in Unity Cup scenario,UG (or higher),,,,,,,,,,Oguri Cap,Late Surger,Ace built for this CM before CM start in Unity Cup scenario,UG (or higher),,,,,,,,,,Special Week,Late Surger,Ace built for this CM before CM start in Unity Cup scenario,UG (or higher),,,,,,,,,,4 Attempts - 20 Races total,13,Go to Submit page,,,,,,,,,,,,,,,,,,,,Re-use Day 1 - Team Comp 1 as Day 2 - Team Comp 1,,,,,,,,,,,,,4 Attempts - 20 Races total,16,Go to Submit page,,,,,,,,,,,,,,,,,,Re-use Day 2 - Team Comp 1 as Day 3 - Team Comp 1,A Group,,,,,,,,,,,,,4 Attempts - 20 Races total,16,Go to Submit page,,,,,,,,,,,,,,,,,,Re-use Day 3 - Team Comp 1 as Day 4 - Team Comp 1,A Group,,,,,,,,,,,,,4 Attempts - 20 Races total,12,Go to Submit page,,,,,,,,,,,,,,,,,,A Finals,,Re-use Day 4 - Team Comp 1 as Finals Team Comp,,,,,,,,,,https://drive.google.com/open?id=1ESiAymOhp6tVP-pdAF2zmwnGcKRhWEWE,2nd,No (goes to Submit page),,,,,,,,,,,,,,,,,,,
hannahmuffins,Graded (No Uma Restrictions),"Win A finals with ""oshi"" uma",I accept these terms,Finals,"Android - phone or tablet, Linux",$501-1000,1391,31-45 (roughly 5-6 per day),"Discord - MooMooCord - https://discord.gg/Hc7cP9GB, YouTube - MooMooCows - https://www.youtube.com/@MooMooCows",,,Narita Taishin,Late Surger,Ace built for this CM before CM start in Unity Cup scenario,UG (or higher),2,0,1,0,3,0,0,,,Oguri Cap,Late Surger,Ace built for this CM before CM start in Unity Cup scenario,SS+,2,0,1,0,3,0,0,,,King Halo,Late Surger,Ace built for this CM before CM start in Unity Cup scenario,SS,2,0,1,0,2,0,1,,,4 Attempts - 20 Races total,12,Day 2,,,,,,,,,,,,,,,,,,,,Re-use Day 1 - Team Comp 1 as Day 2 - Team Comp 1,,,,,,,,,,,,,4 Attempts - 20 Races total,12,Go to Submit page,,,,,,,,,,,,,,,,,,Re-use Day 2 - Team Comp 1 as Day 3 - Team Comp 1,A Group,,,,,,,,,,,,,4 Attempts - 20 Races total,7,Go to Submit page,,,,,,,,,,,,,,,,,,Re-use Day 3 - Team Comp 1 as Day 4 - Team Comp 1,A Group,,,,,,,,,,,,,4 Attempts - 20 Races total,9,Go to Submit page,,,,,,,,,,,,,,,,,,A Finals,8836,Re-use Day 4 - Team Comp 1 as Finals Team Comp,,,,,,,,,,https://drive.google.com/open?id=1YRvd3LBxqTFmbXVLDO8_GSxzFjBfuzI8,1st,,,,,,,,,,,,https://drive.google.com/open?id=1INL-nB9Kg0n8kalPbZHqNwgcx4GXLzXa,https://drive.google.com/open?id=1iMhjPaOBc0_q1qJQVmbRKn3cvK5fq_fz,,,,11,,4,https://drive.google.com/open?id=1ElQ3hJCMridKAFFf4fZfBhHvv3sxEp8z
Ketsura,Graded (No Uma Restrictions),Get into A finals,I accept these terms,Finals,"Android - phone or tablet, Windows",$101-500,,31-45 (roughly 5-6 per day),Discord - MooMooCord - https://discord.gg/Hc7cP9GB,,,Oguri Cap,Pace Chaser,Ace built for this CM before CM start in Unity Cup scenario,UG (or higher),3,0,0,0,3,0,0,,,Taiki Shuttle,Pace Chaser,Ace built for this CM before CM start in Unity Cup scenario,UG (or higher),3,0,0,0,3,0,0,,,Nishino Flower,Pace Chaser,Ace built for this CM before CM start in Unity Cup scenario,UG (or higher),3,0,0,0,3,0,0,,,3 Attempts - 15 Races total,12,Day 2,,,,,,,,,,,,,,,,,,,,Re-use Day 1 - Team Comp 1 as Day 2 - Team Comp 1,,,,,,,,,,,,,3 Attempts - 15 Races total,9,Day 3,,,,,,,,,,,,,,,,,,Re-use Day 2 - Team Comp 1 as Day 3 - Team Comp 1,A Group,,,,,,,,,,,,,4 Attempts - 20 Races total,10,Day 4,,,,,,,,,,,,,,,,,,Re-use Day 3 - Team Comp 1 as Day 4 - Team Comp 1,A Group,,,,,,,,,,,,,4 Attempts - 20 Races total,12,Go to Submit page,,,,,,,,,,,,,,,,,,A Finals,10429,Re-use Day 4 - Team Comp 1 as Finals Team Comp,,,,,,,,,,https://drive.google.com/open?id=1HWxpD_SYF-m5Tgd1DzllNBKFgOznHXh4,1st,,,,,,,,,,,,,,,,,,,,
Soymanslacks,Graded (No Uma Restrictions),Get into A finals,I accept these terms,Finals,Windows,$1-100,700,11-20 (roughly 2-3 per day),YouTube - MooMooCows - https://www.youtube.com/@MooMooCows,5,,Taiki Shuttle,Pace Chaser,Ace built for this CM before CM start in Unity Cup scenario,UG (or higher),2,0,0,1,3,0,0,,,Nishino Flower,Pace Chaser,Ace built for this CM before CM start in Unity Cup scenario,SS,2,0,0,1,3,0,0,,,Oguri Cap,Pace Chaser,Ace built for this CM before CM start in Unity Cup scenario,UG (or higher),2,0,0,1,3,0,0,,,4 Attempts - 20 Races total,17,Day 2,,,,,,,,,,,,,,,,,,,,Re-use Day 1 - Team Comp 1 as Day 2 - Team Comp 1,,,,,,,,,,,,,4 Attempts - 20 Races total,13,Go to Submit page,,,,,,,,,,,,,,,,,,Re-use Day 2 - Team Comp 1 as Day 3 - Team Comp 1,A Group,,,,,,,,,,,,,4 Attempts - 20 Races total,10,Go to Submit page,,,,,,,,,,,,,,,,,,Re-use Day 3 - Team Comp 1 as Day 4 - Team Comp 1,A Group,,,,,,,,,,,,,4 Attempts - 20 Races total,9,Go to Submit page,,,,,,,,,,,,,,,,,,A Finals,7998,Re-use Day 4 - Team Comp 1 as Finals Team Comp,,,,,,,,,,https://drive.google.com/open?id=11sGU5dmwwDV7zpL45-r8xsjsOnyMPvfT,1st,,,,,,,,,,,,https://drive.google.com/open?id=1J5znLLIuqAzVHTr5bs1f9_c58OKYZqra,https://drive.google.com/open?id=1xCXrTu3tVeERjTsaeqCQdRUonIrmoZ6r,,3,0,3,0,0,https://drive.google.com/open?id=11KCFqyLk0eotWtYBPmRPfPOw40SGgeHO
Toruxas,Graded (No Uma Restrictions),Get into A finals,I accept these terms,Finals,Windows,$1-100,939,21-30 (roughly 3-4 per day),Discord - MooMooCord - https://discord.gg/Hc7cP9GB,5,,Oguri Cap,Late Surger,Ace built for this CM before CM start in Unity Cup scenario,SS,2,,,,3,,1,,,Bamboo memory,Late Surger,Ace built for this CM before CM start in Unity Cup scenario,SS,1,,,,4,,1,,,Agnes Tachyon,Late Surger,Debuffer,SS+,1,,,,5,,,,,4 Attempts - 20 Races total,10,Day 2,,,,,,,,,,,,,,,,,,,,Re-use Day 1 - Team Comp 1 as Day 2 - Team Comp 1,,,,,,,,,,,,,4 Attempts - 20 Races total,12,Go to Submit page,,,,,,,,,,,,,,,,,,Re-use Day 2 - Team Comp 1 as Day 3 - Team Comp 1,A Group,,,,,,,,,,,,,4 Attempts - 20 Races total,11,Day 4,,,,,,,,,,,,,,,,,,Re-use Day 3 - Team Comp 1 as Day 4 - Team Comp 1,A Group,,,,,,,,,,,,,4 Attempts - 20 Races total,9,Go to Submit page,,,,,,,,,,,,,,,,,,A Finals,8654,Re-use Day 4 - Team Comp 1 as Finals Team Comp,,,,,,,,,,https://drive.google.com/open?id=1-nq7dYkUcDtZPT7TPMgYkjgo-fboSV9h,1st,,,,,,,,,,,Fatty my beloved,https://drive.google.com/open?id=1PBxPFm1DcHWxYIE2sw8v5Q_pB5CCat-r,https://drive.google.com/open?id=1dO-m6GWJnEn6GHRnLh7im4lpHOPw8unx,,2,,10,1,,https://drive.google.com/open?id=1kXts3ZQJIkCJIbIb_6yQUoiniwQmETa9
Jamelephant ,Graded (No Uma Restrictions),Win A finals with any uma,I accept these terms,Finals,"iOS - phone or tablet, Android - phone or tablet, Windows",$1001-5000,1221,11-20 (roughly 2-3 per day),"Discord - MooMooCord - https://discord.gg/Hc7cP9GB, Twitch - MooMooCows - https://www.twitch.tv/moomoomoocows, YouTube - MooMooCows - https://www.youtube.com/@MooMooCows",5,,Mihono Bourbon (Valentine),Front Runner,Ace built for this CM before CM start in Trackblazer scenario,SS,3,,1,1,1,,,55,37,Taiki Shuttle,Pace Chaser,Ace built for this CM before CM start in Unity Cup scenario,UG (or higher),2,,1,,3,,,,20,Oguri Cap,Pace Chaser,Ace built for this CM before CM start in Unity Cup scenario,UG (or higher),2,,,1,3,,,,20,4 Attempts - 20 Races total,13,Go to Submit page,,,,,,,,,,,,,,,,,,,,Re-use Day 1 - Team Comp 1 as Day 2 - Team Comp 1,,,,,,,,,,,,,4 Attempts - 20 Races total,16,Day 1,,,,,,,,,,,,,,,,,,Re-use Day 2 - Team Comp 1 as Day 3 - Team Comp 1,A Group,,,,,,,,,,,,,4 Attempts - 20 Races total,9,Go to Submit page,,,,,,,,,,,,,,,,,,Re-use Day 3 - Team Comp 1 as Day 4 - Team Comp 1,A Group,,,,,,,,,,,,,4 Attempts - 20 Races total,11,Go to Submit page,,,,,,,,,,,,,,,,,,A Finals,9103,Re-use Day 4 - Team Comp 1 as Finals Team Comp,,,,,,,,,,,1st,,,,,,,,,,,,,,,,,,,,
globius,Graded (No Uma Restrictions),"Win A finals with ""oshi"" uma",I accept these terms,Finals,"iOS - phone or tablet, Windows",$1-100,885,6-10 (roughly 1 per day),YouTube - MooMooCows - https://www.youtube.com/@MooMooCows,5,,Seiun Sky,Front Runner,Ace built for this CM before CM start in Unity Cup scenario,SS,2,0,1,1,2,0,0,,,Smart Falcon,Front Runner,Ace built for this CM before CM start in Unity Cup scenario,SS,2,0,1,1,2,0,0,,,Taiki Shuttle,Pace Chaser,Ace built for this CM before CM start in Unity Cup scenario,SS,2,0,2,0,2,0,0,,,2 Attempts - 10 Races total,5,Day 2,,,,,,,,,,,,,,,,,,,,Re-use Day 1 - Team Comp 1 as Day 2 - Team Comp 1,,,,,,,,,,,,,2 Attempts - 10 Races total,6,Day 3,,,,,,,,,,,,,,,,,,Re-use Day 2 - Team Comp 1 as Day 3 - Team Comp 1,A Group,,,,,,,,,,,,,4 Attempts - 20 Races total,7,Go to Submit page,,,,,,,,,,,,,,,,,,Re-use Day 3 - Team Comp 1 as Day 4 - Team Comp 1,A Group,,,,,,,,,,,,,4 Attempts - 20 Races total,9,Go to Submit page,,,,,,,,,,,,,,,,,,A Finals,,Re-use Day 4 - Team Comp 1 as Finals Team Comp,,,,,,,,,,,2nd,No (goes to Submit page),,,,,,,,,,,,,,,,,,,
Crkva,Graded (No Uma Restrictions),"Win A finals with ""oshi"" uma",I accept these terms,Day 2,Windows,$0,1160,6-10 (roughly 1 per day),YouTube - MooMooCows - https://www.youtube.com/@MooMooCows,5,,El Condor Pasa (Fantasy),Late Surger,Ace built for this CM before CM start in Unity Cup scenario,SS+,2,0,1,,3,0,0,,,Taiki Shuttle,Pace Chaser,Ace built for this CM before CM start in Unity Cup scenario,SS,1,0,1,,3,1,0,,,King Halo,Late Surger,Ace built for this CM before CM start in Unity Cup scenario,SS+,2,0,0,0,3,1,0,,,4 Attempts - 20 Races total,10,Go to Submit page,,,,,,,,,,,,,,,,,,,,Add new Team Comp as Day 2 - Team Comp 1,El Condor Pasa,Pace Chaser,Ace built for this CM before CM start in Unity Cup scenario,SS,Fuji Kiseki,Pace Chaser,Ace built for this CM before CM start in Unity Cup scenario,SS,Taiki Shuttle (Camping),Pace Chaser,Mid-CM Ace build in Unity Cup scenario,UG (or higher),4 Attempts - 20 Races total,13,Go to Submit page,,,,,,,,,,,,,,,,,,,,,,,,,,,,,,,,,,,,,,,,,,,,,,,,,,,,,,,,,,,,,,,,,,,,,,,,,,,,,,,,,,,,,,,,,,,,,,,,,,,,,,,,,,,,,,,,,,,,,,,
Agaboo,Graded (No Uma Restrictions),Win A finals with any uma,I accept these terms,Day 1,Android - phone or tablet,$0,,31-45 (roughly 5-6 per day),"Discord - MooMooCord - https://discord.gg/Hc7cP9GB, YouTube - MooMooCows - https://www.youtube.com/@MooMooCows",4,,Taiki Shuttle (Camping),Pace Chaser,Ace built for this CM before CM start in Unity Cup scenario,UG (or higher),2,0,0,1,3,0,0,,,Curren Chan (Wedding),Pace Chaser,Ace built for this CM before CM start in Unity Cup scenario,UG (or higher),2,0,0,1,3,0,0,,,Sweep Tosho,End Closer,Ace built for this CM before CM start in Unity Cup scenario,UG (or higher),2,0,1,0,3,0,0,,,4 Attempts - 20 Races total,15,Day 4,,,,,,,,,,,,,,,,,,,,Re-use Day 1 - Team Comp 1 as Day 2 - Team Comp 1,,,,,,,,,,,,,4 Attempts - 20 Races total,17,Go to Submit page,,,,,,,,,,,,,,,,,,Re-use Day 2 - Team Comp 1 as Day 3 - Team Comp 1,A Group,,,,,,,,,,,,,4 Attempts - 20 Races total,15,Go to Submit page,,,,,,,,,,,,,,,,,,Re-use Day 3 - Team Comp 1 as Day 4 - Team Comp 1,A Group,,,,,,,,,,,,,4 Attempts - 20 Races total,14,Go to Submit page,,,,,,,,,,,,,,,,,,,,,,,,,,,,,,,,,,,,,,,,,,,,,,,,,,,
Xeneth,Graded (No Uma Restrictions),Win A finals with any uma,I accept these terms,Finals,"iOS - phone or tablet, Windows",$101-500,1108,11-20 (roughly 2-3 per day),YouTube - MooMooCows - https://www.youtube.com/@MooMooCows,5,,Mayano Top Gun (Wedding),Pace Chaser,Ace built for this CM before CM start in Unity Cup scenario,UG (or higher),2,,1,,3,,,40,21,Kitasan Black,Front Runner,Ace built for this CM before CM start in Unity Cup scenario,SS,1,,1,,4,,,40,23,Nishino Flower,Pace Chaser,Ace built for Team Trials,SS+,2,,,1,2,,1,50,16,4 Attempts - 20 Races total,11,Day 2,,,,,,,,,,,,,,,,,,,,Re-use Day 1 - Team Comp 1 as Day 2 - Team Comp 1,,,,,,,,,,,,,4 Attempts - 20 Races total,17,Go to Submit page,,,,,,,,,,,,,,,,,,Re-use Day 2 - Team Comp 1 as Day 3 - Team Comp 1,A Group,,,,,,,,,,,,,4 Attempts - 20 Races total,12,Go to Submit page,,,,,,,,,,,,,,,,,,Re-use Day 3 - Team Comp 1 as Day 4 - Team Comp 1,A Group,,,,,,,,,,,,,4 Attempts - 20 Races total,8,Go to Submit page,,,,,,,,,,,,,,,,,,A Finals,12640,Re-use Day 4 - Team Comp 1 as Finals Team Comp,,,,,,,,,,,2nd,Yes,https://drive.google.com/open?id=1BIMUjHE4XxbejsIzCoYZfme5P3DXxdCh,https://drive.google.com/open?id=1Gdk61lX6QgXBZREunp4kQwoqYfDb9Eq9,,2,,,,2,https://drive.google.com/open?id=1ZMgWsec9La4e-V9_LPe5Bei7WloEH9ew,,,,,,,,,,
Gaoler,Graded (No Uma Restrictions),Get into A finals,I accept these terms,Day 4,Windows,$1001-5000,1530,11-20 (roughly 2-3 per day),YouTube - MooMooCows - https://www.youtube.com/@MooMooCows,5,,Taiki Shuttle,Pace Chaser,Ace built for this CM before CM start in Trackblazer scenario,UG (or higher),1,0,0,3,2,0,0,70,37,Oguri Cap,Pace Chaser,Ace built for this CM before CM start in Trackblazer scenario,UG (or higher),1,0,0,3,2,0,0,70,38,Kawakami Princess,Late Surger,Ace built for this CM before CM start in Trackblazer scenario,S+,3,0,0,0,2,0,0,60,34,4 Attempts - 20 Races total,12,Day 2,,,,,,,,,,,,,,,,,,,,Re-use Day 1 - Team Comp 1 as Day 2 - Team Comp 1,,,,,,,,,,,,,4 Attempts - 20 Races total,14,Go to Submit page,,,,,,,,,,,,,,,,,,Re-use Day 2 - Team Comp 1 as Day 3 - Team Comp 1,A Group,,,,,,,,,,,,,4 Attempts - 20 Races total,14,Go to Submit page,,,,,,,,,,,,,,,,,,Re-use Day 3 - Team Comp 1 as Day 4 - Team Comp 1,A Group,,,,,,,,,,,,,4 Attempts - 20 Races total,12,Finals,,,,,,,,,,,,,,,,,,A Finals,,Re-use Day 4 - Team Comp 1 as Finals Team Comp,,,,,,,,,,,3rd,No (goes to Submit page),,,,,,,,,,,,,,,,,,,
Isgar,Graded (No Uma Restrictions),Win A finals with any uma,I accept these terms,Finals,Windows,$0,1840,31-45 (roughly 5-6 per day),"Discord - MooMooCord - https://discord.gg/Hc7cP9GB, Twitch - MooMooCows - https://www.twitch.tv/moomoomoocows, YouTube - MooMooCows - https://www.youtube.com/@MooMooCows",5,,Agnes Digital,Pace Chaser,Ace built for this CM before CM start in Unity Cup scenario,SS+,2,0,1,0,3,0,0,38,19,Taiki Shuttle,Pace Chaser,Ace built for this CM before CM start in Unity Cup scenario,UG (or higher),2,0,0,1,3,0,0,38,18,Air Groove (Wedding),Pace Chaser,Ace built for this CM before CM start in Unity Cup scenario,SS,2,0,1,0,3,0,0,38,16,4 Attempts - 20 Races total,14,Day 2,,,,,,,,,,,,,,,,,,,,Re-use Day 1 - Team Comp 1 as Day 2 - Team Comp 1,,,,,,,,,,,,,4 Attempts - 20 Races total,12,Go to Submit page,,,,,,,,,,,,,,,,,,Re-use Day 2 - Team Comp 1 as Day 3 - Team Comp 1,A Group,,,,,,,,,,,,,4 Attempts - 20 Races total,13,Go to Submit page,,,,,,,,,,,,,,,,,,Re-use Day 3 - Team Comp 1 as Day 4 - Team Comp 1,A Group,,,,,,,,,,,,,4 Attempts - 20 Races total,8,Go to Submit page,,,,,,,,,,,,,,,,,,A Finals,7487,Re-use Day 4 - Team Comp 1 as Finals Team Comp,,,,,,,,,,https://drive.google.com/open?id=1J-DNS1P7cUSXBTGfNB4I9pYTK14m-itZ,1st,,,,,,,,,,,petthedigitan,https://drive.google.com/open?id=15YdnpYS39m42l-WZWbGlH0YlGzYPSg2I,https://drive.google.com/open?id=1Dvmgkk2Akup6_PUQHWB_yKmWxBej7B-v,,0,0,11,0,4,https://drive.google.com/open?id=1ycsQMcVaDQjoMFiGrIGIdPTgbt8XT8rZ
Winter,Graded (No Uma Restrictions),Get into A finals,I accept these terms,Finals,Android - phone or tablet,$0,1690,21-30 (roughly 3-4 per day),"Discord - MooMooCord - https://discord.gg/Hc7cP9GB, Twitch - MooMooCows - https://www.twitch.tv/moomoomoocows, YouTube - MooMooCows - https://www.youtube.com/@MooMooCows",4,,Taiki Shuttle,Pace Chaser,Ace built for this CM before CM start in Unity Cup scenario,UG (or higher),2,,,,3,,1,45,18,Curren Chan,Pace Chaser,Ace built for this CM before CM start in Unity Cup scenario,SS+,3,,1,,2,,,50,12,King Halo,Late Surger,Ace built for this CM before CM start in Unity Cup scenario,SS+,3,,,,3,,,40,13,4 Attempts - 20 Races total,12,Day 2,,,,,,,,,,,,,,,,,,,,Re-use Day 1 - Team Comp 1 as Day 2 - Team Comp 1,,,,,,,,,,,,,4 Attempts - 20 Races total,14,Go to Submit page,,,,,,,,,,,,,,,,,,Re-use Day 2 - Team Comp 1 as Day 3 - Team Comp 1,A Group,,,,,,,,,,,,,4 Attempts - 20 Races total,11,Go to Submit page,,,,,,,,,,,,,,,,,,Re-use Day 3 - Team Comp 1 as Day 4 - Team Comp 1,A Group,,,,,,,,,,,,,4 Attempts - 20 Races total,11,Go to Submit page,,,,,,,,,,,,,,,,,,A Finals,10919,Re-use Day 4 - Team Comp 1 as Finals Team Comp,,,,,,,,,,,2nd,No (goes to Submit page),,,,,,,,,,,,,,,,,,,
yeppy@YEPPERS,Graded (No Uma Restrictions),"Win A finals with ""oshi"" uma",I accept these terms,Finals,Windows,$101-500,875,11-20 (roughly 2-3 per day),Discord - MooMooCord - https://discord.gg/Hc7cP9GB,5,,Mayano Top Gun (Wedding),Pace Chaser,Ace built for this CM before CM start in Unity Cup scenario,UG (or higher),2,,,1,3,,,,,Nishino Flower,Pace Chaser,Ace built for this CM before CM start in Unity Cup scenario,UG (or higher),2,,,1,3,,,,,Sweep Tosho,Late Surger,Ace built for this CM before CM start in Unity Cup scenario,UG (or higher),2,,,,4,,,,,4 Attempts - 20 Races total,17,Day 2,,,,,,,,,,,,,,,,,,,,Re-use Day 1 - Team Comp 1 as Day 2 - Team Comp 1,,,,,,,,,,,,,4 Attempts - 20 Races total,16,Go to Submit page,,,,,,,,,,,,,,,,,,Re-use Day 2 - Team Comp 1 as Day 3 - Team Comp 1,A Group,,,,,,,,,,,,,4 Attempts - 20 Races total,14,Go to Submit page,,,,,,,,,,,,,,,,,,Re-use Day 3 - Team Comp 1 as Day 4 - Team Comp 1,A Group,,,,,,,,,,,,,4 Attempts - 20 Races total,14,Go to Submit page,,,,,,,,,,,,,,,,,,A Finals,12047,Re-use Day 4 - Team Comp 1 as Finals Team Comp,,,,,,,,,,https://drive.google.com/open?id=15-fcY0ylClpWWCv9sKdFjqdKiMjHxept,1st,,,,,,,,,,,yada,https://drive.google.com/open?id=1J7CJDpOtCJo-JbL72OfilLfDUS4tDFWC,https://drive.google.com/open?id=1f5X-AmCx3WNdZUwXysJsesqAaXafbDoF,,3,,5,2,3,https://drive.google.com/open?id=1eysFr8wg5vygAbzRh0Qos7Kqzfw3RfEH
HohoHaha,Graded (No Uma Restrictions),Get into A finals,I accept these terms,Finals,"Android - phone or tablet, Windows",$501-1000,1161,11-20 (roughly 2-3 per day),Discord - MooMooCord - https://discord.gg/Hc7cP9GB,4,,Sweep Tosho,Late Surger,Ace built for this CM before CM start in Unity Cup scenario,SS,2,,1,,3,,,,18,Mayano Top Gun (Wedding),Late Surger,Ace built for this CM before CM start in Unity Cup scenario,UG (or higher),2,,1,,3,,,,18,Nishino Flower,Pace Chaser,Ace built for this CM before CM start in Unity Cup scenario,SS,1,,0,4,,0,,,15,4 Attempts - 20 Races total,10,Go to Submit page,,,,,,,,,,,,,,,,,,,,Add new Team Comp as Day 2 - Team Comp 1,Sweep Tosho,End Closer,Ace built for this CM before CM start in Unity Cup scenario,UG (or higher),Mayano Top Gun (Wedding),Late Surger,Ace built for this CM before CM start in Unity Cup scenario,UG (or higher),Gold City (Festival),End Closer,Debuffer,SS,4 Attempts - 20 Races total,12,Day 1,,,,,,,,,,,,,,,,,,Re-use Day 2 - Team Comp 1 as Day 3 - Team Comp 1,A Group,,,,,,,,,,,,,4 Attempts - 20 Races total,9,Day 4,,,,,,,,,,,,,,,,,,Re-use Day 3 - Team Comp 1 as Day 4 - Team Comp 1,A Group,,,,,,,,,,,,,4 Attempts - 20 Races total,11,Go to Submit page,,,,,,,,,,,,,,,,,,A Finals,9188,Re-use Day 4 - Team Comp 1 as Finals Team Comp,,,,,,,,,,https://drive.google.com/open?id=1w92wP7l2UFe8ihC_qEI2vDaxupe-BEQz,1st,,,,,,,,,,,Took 6 7 CMs but we got there.,https://drive.google.com/open?id=1TUv6Vu2V3BvdMOts4Ntdc47KVxYvA-9E,https://drive.google.com/open?id=1aNXikW7qzKeoQ3h6Api5EqAZjwrA7mz0,,2,0,1,0,3,https://drive.google.com/open?id=1RubZ7VOFDG1F_Yih-Zpm4jZcAYAUJzp1
Incinerize,Graded (No Uma Restrictions),Win A finals with any uma,I accept these terms,Finals,Android - phone or tablet,$1-100,1480,11-20 (roughly 2-3 per day),Discord - MooMooCord - https://discord.gg/Hc7cP9GB,,,Taiki Shuttle,Pace Chaser,Ace built for this CM before CM start in Unity Cup scenario,UG (or higher),1,,,2,3,,,,,Nishino Flower,Pace Chaser,Ace built for this CM before CM start in Unity Cup scenario,UG (or higher),1,,,2,3,,,,,Curren Chan,Pace Chaser,Ace built for this CM before CM start in Unity Cup scenario,UG (or higher),1,,,2,3,,,,,4 Attempts - 20 Races total,13,Day 2,,,,,,,,,,,,,,,,,,,,Add new Team Comp as Day 2 - Team Comp 1,Taiki Shuttle,Pace Chaser,Ace built for this CM before CM start in Unity Cup scenario,UG (or higher),Nishino Flower,Pace Chaser,Mid-CM Ace build in Unity Cup scenario,UG (or higher),Grass Wonder,Late Surger,Debuffer,UG (or higher),4 Attempts - 20 Races total,16,Go to Submit page,,,,,,,,,,,,,,,,,,Add new Team Comp as Day 3 - Team Comp 1,A Group,Taiki Shuttle,Pace Chaser,Ace built for this CM before CM start in Unity Cup scenario,UG (or higher),Nishino Flower,Pace Chaser,Mid-CM Ace build in Unity Cup scenario,UG (or higher),Symboli Rudolf,End Closer,Debuffer,SS,4 Attempts - 20 Races total,17,Go to Submit page,,,,,,,,,,,,,,,,,,Re-use Day 3 - Team Comp 1 as Day 4 - Team Comp 1,A Group,,,,,,,,,,,,,4 Attempts - 20 Races total,13,Go to Submit page,,,,,,,,,,,,,,,,,,A Finals,14153,Re-use Day 4 - Team Comp 1 as Finals Team Comp,,,,,,,,,,,3rd,No (goes to Submit page),,,,,,,,,,,,,,,,,,,
EvnSparks,Graded (No Uma Restrictions),Get into A finals,I accept these terms,Finals,"iOS - phone or tablet, Windows",$101-500,1019,6-10 (roughly 1 per day),Discord - MooMooCord - https://discord.gg/Hc7cP9GB,4,,Oguri Cap,Pace Chaser,Ace built for this CM before CM start in Unity Cup scenario,UG (or higher),,,,,,,,,,Taiki Shuttle,Pace Chaser,Ace built for this CM before CM start in Unity Cup scenario,UG (or higher),,,,,,,,,,Nishino Flower,Pace Chaser,Ace built for this CM before CM start in Unity Cup scenario,SS,,,,,,,,,,4 Attempts - 20 Races total,13,Day 2,,,,,,,,,,,,,,,,,,,,Re-use Day 1 - Team Comp 1 as Day 2 - Team Comp 1,,,,,,,,,,,,,4 Attempts - 20 Races total,13,Go to Submit page,,,,,,,,,,,,,,,,,,Re-use Day 2 - Team Comp 1 as Day 3 - Team Comp 1,A Group,,,,,,,,,,,,,4 Attempts - 20 Races total,8,Go to Submit page,,,,,,,,,,,,,,,,,,Re-use Day 3 - Team Comp 1 as Day 4 - Team Comp 1,A Group,,,,,,,,,,,,,4 Attempts - 20 Races total,17,Go to Submit page,,,,,,,,,,,,,,,,,,A Finals,7562,Re-use Day 4 - Team Comp 1 as Finals Team Comp,,,,,,,,,,https://drive.google.com/open?id=1iZr_Uql8vpzoak2NOewutklWKhyLMb7a,1st,,,,,,,,,,,THE GOAT DOES IT AGAIN!,https://drive.google.com/open?id=1cijAUOrz4T3Nx25jd0UquulS7YYw5fBx,https://drive.google.com/open?id=1M9rBE5-8uHfTiFaZJ-fEievzmRGZb2ot,,,,13,,2,https://drive.google.com/open?id=1HcpwekT4OS_KE-2PMbVQjej5PrPC0I9B
aid2fade,Graded (No Uma Restrictions),Get into A finals,I accept these terms,Day 2,Android - phone or tablet,$101-500,,6-10 (roughly 1 per day),Discord - MooMooCord - https://discord.gg/Hc7cP9GB,4,,Oguri Cap,Pace Chaser,Ace built for this CM before CM start in Unity Cup scenario,SS,2,,1,,3,,,,,Nishino Flower,Pace Chaser,Ace built for this CM before CM start in Unity Cup scenario,SS,2,,,2,2,,,,,Grass Wonder,End Closer,Debuffer,S,,,,,,,,,,4 Attempts - 20 Races total,13,Go to Submit page,,,,,,,,,,,,,,,,,,,,Re-use Day 1 - Team Comp 1 as Day 2 - Team Comp 1,,,,,,,,,,,,,4 Attempts - 20 Races total,17,Day 3,,,,,,,,,,,,,,,,,,Re-use Day 2 - Team Comp 1 as Day 3 - Team Comp 1,A Group,,,,,,,,,,,,,2 Attempts - 10 Races total,7,Day 4,,,,,,,,,,,,,,,,,,Re-use Day 3 - Team Comp 1 as Day 4 - Team Comp 1,A Group,,,,,,,,,,,,,4 Attempts - 20 Races total,10,Go to Submit page,,,,,,,,,,,,,,,,,,,,,,,,,,,,,,,,,,,,,,,,,,,,,,,,,,,
Frozencup,Graded (No Uma Restrictions),Win A finals with any uma,I accept these terms,Day 3,Windows,$0,436,21-30 (roughly 3-4 per day),"Twitch - MooMooCows - https://www.twitch.tv/moomoomoocows, YouTube - MooMooCows - https://www.youtube.com/@MooMooCows",4,,Taiki Shuttle,Pace Chaser,Ace built for this CM before CM start in Unity Cup scenario,UG (or higher),2,,,2,2,,,53,,Ines Fujin,Pace Chaser,Ace built for this CM before CM start in Unity Cup scenario,SS,3,,,1,2,,,53,,Fine Motion (Wedding),Pace Chaser,Ace built for this CM before CM start in Unity Cup scenario,SS,3,,,,3,,,48,,4 Attempts - 20 Races total,12,Day 2,,,,,,,,,,,,,,,,,,,,Add new Team Comp as Day 2 - Team Comp 1,Taiki Shuttle,Pace Chaser,Ace built for this CM before CM start in Unity Cup scenario,A+,Ines Fujin,Pace Chaser,Mid-CM Ace build in Unity Cup scenario,SS,Fine Motion (Wedding),Pace Chaser,Ace built for this CM before CM start in Unity Cup scenario,SS,4 Attempts - 20 Races total,13,Go to Submit page,,,,,,,,,,,,,,,,,,Re-use Day 2 - Team Comp 1 as Day 3 - Team Comp 1,A Group,,,,,,,,,,,,,4 Attempts - 20 Races total,7,Day 4,,,,,,,,,,,,,,,,,,Re-use Day 3 - Team Comp 1 as Day 4 - Team Comp 1,A Group,,,,,,,,,,,,,4 Attempts - 20 Races total,14,Go to Submit page,,,,,,,,,,,,,,,,,,,,,,,,,,,,,,,,,,,,,,,,,,,,,,,,,,,
SMaru's 25 TEs,Graded (No Uma Restrictions),Win A finals with any uma,I accept these terms,Finals,"Android - phone or tablet, Windows",$1001-5000,,31-45 (roughly 5-6 per day),,,,,,,,,,,,,,,,,,,,,,,,,,,,,,,,,,,,,,,,,,,,,,,,,,,,,,,,,,,,,,,,,Re-use Day 1 - Team Comp 1 as Day 2 - Team Comp 1,,,,,,,,,,,,,4 Attempts - 20 Races total,17,Go to Submit page,,,,,,,,,,,,,,,,,,Re-use Day 2 - Team Comp 1 as Day 3 - Team Comp 1,A Group,,,,,,,,,,,,,4 Attempts - 20 Races total,12,Go to Submit page,,,,,,,,,,,,,,,,,,Re-use Day 3 - Team Comp 1 as Day 4 - Team Comp 1,A Group,,,,,,,,,,,,,4 Attempts - 20 Races total,16,Go to Submit page,,,,,,,,,,,,,,,,,,A Finals,,Re-use Day 4 - Team Comp 1 as Finals Team Comp,,,,,,,,,,https://drive.google.com/open?id=1brRkNc33pydjxxIz9gNd-IurjwI-VvIu,1st,,,,,,,,,,,,,,,9,,8,,,
Bomragon,Graded (No Uma Restrictions),Win A finals with any uma,I accept these terms,Finals,Windows,$1-100,1207,11-20 (roughly 2-3 per day),"Discord - MooMooCord - https://discord.gg/Hc7cP9GB, Twitch - MooMooCows - https://www.twitch.tv/moomoomoocows, YouTube - MooMooCows - https://www.youtube.com/@MooMooCows",4,,Sakura Bakushin O,Pace Chaser,Ace built for this CM before CM start in Unity Cup scenario,UG (or higher),2,0,1,0,3,0,0,32,19,Taiki Shuttle,Pace Chaser,Ace built for this CM before CM start in Unity Cup scenario,UG (or higher),2,0,0,1,3,0,0,32,22,King Halo,Late Surger,Ace built for this CM before CM start in Unity Cup scenario,SS,2,0,1,0,2,0,1,47,15,4 Attempts - 20 Races total,14,Day 2,,,,,,,,,,,,,,,,,,,,Re-use Day 1 - Team Comp 1 as Day 2 - Team Comp 1,,,,,,,,,,,,,4 Attempts - 20 Races total,16,Go to Submit page,,,,,,,,,,,,,,,,,,Re-use Day 2 - Team Comp 1 as Day 3 - Team Comp 1,A Group,,,,,,,,,,,,,4 Attempts - 20 Races total,13,Go to Submit page,,,,,,,,,,,,,,,,,,Re-use Day 3 - Team Comp 1 as Day 4 - Team Comp 1,A Group,,,,,,,,,,,,,4 Attempts - 20 Races total,16,Go to Submit page,,,,,,,,,,,,,,,,,,A Finals,11397,Re-use Day 4 - Team Comp 1 as Finals Team Comp,,,,,,,,,,https://drive.google.com/open?id=1PWvLucNWZc1jZkKaoT9t9sXmKprpzxNO,1st,,,,,,,,,,,bakushin to victory,https://drive.google.com/open?id=1-y7pfZSDLPl8lgveQsYiOudMAqsfcRjS,https://drive.google.com/open?id=1Z8GBeTkIhxlcl7x7Es6DBDFicicLphal,,,1,8,2,3,https://drive.google.com/open?id=1IzrZUy7XPuvg_398M_s8udFxpYVZonhS
Kamefist,Graded (No Uma Restrictions),Win A finals with any uma,I accept these terms,Finals,"Android - phone or tablet, Windows",$1-100,863,21-30 (roughly 3-4 per day),"Discord - MooMooCord - https://discord.gg/Hc7cP9GB, Reddit - /r/umamusumeGame",5,,Taiki Shuttle,Pace Chaser,Ace built for this CM before CM start in Unity Cup scenario,UG (or higher),2,0,1,0,3,0,0,,,Oguri Cap,Pace Chaser,Ace built for this CM before CM start in Unity Cup scenario,UG (or higher),2,0,1,0,3,0,0,,,Nishino Flower,Pace Chaser,Ace built for this CM before CM start in Unity Cup scenario,UG (or higher),2,0,1,0,3,0,0,,,4 Attempts - 20 Races total,18,Go to Submit page,,,,,,,,,,,,,,,,,,,,Re-use Day 1 - Team Comp 1 as Day 2 - Team Comp 1,,,,,,,,,,,,,4 Attempts - 20 Races total,16,Day 1,,,,,,,,,,,,,,,,,,Re-use Day 2 - Team Comp 1 as Day 3 - Team Comp 1,A Group,,,,,,,,,,,,,4 Attempts - 20 Races total,10,Go to Submit page,,,,,,,,,,,,,,,,,,Re-use Day 3 - Team Comp 1 as Day 4 - Team Comp 1,A Group,,,,,,,,,,,,,4 Attempts - 20 Races total,11,Go to Submit page,,,,,,,,,,,,,,,,,,A Finals,11292,Re-use Day 4 - Team Comp 1 as Finals Team Comp,,,,,,,,,,https://drive.google.com/open?id=1Xrpq5W7Cxb-SeC8NhjHt-VOzfWDIKVC_,3rd,Yes,https://drive.google.com/open?id=1uA_WFWx5Bj_or3MWn_sm4TLhEqHSy3Aw,https://drive.google.com/open?id=1kdhDQjaec1jy7O8ErVUduole5JbxlM11,,3,2,2,2,5,https://drive.google.com/open?id=15x8opo6vRm92Im3xIpPeVHnuJmUt0Hrz,,,,,,,,,,
TBNL,Graded (No Uma Restrictions),Win A finals with any uma,I accept these terms,Day 3,Android - phone or tablet,$101-500,1368,31-45 (roughly 5-6 per day),Discord - MooMooCord - https://discord.gg/Hc7cP9GB,,,Mihono Bourbon (Valentine),Front Runner,Ace built for this CM before CM start in Unity Cup scenario,UG (or higher),3,0,0,0,2,0,1,50,18,Taiki Shuttle,Pace Chaser,Ace built for this CM before CM start in Unity Cup scenario,UG (or higher),1,0,0,3,2,0,0,45,17,Curren Chan (Wedding),Pace Chaser,Ace built for this CM before CM start in Unity Cup scenario,UG (or higher),2,0,1,0,3,0,0,,23,4 Attempts - 20 Races total,18,Day 2,,,,,,,,,,,,,,,,,,,,Re-use Day 1 - Team Comp 1 as Day 2 - Team Comp 1,,,,,,,,,,,,,4 Attempts - 20 Races total,14,Go to Submit page,,,,,,,,,,,,,,,,,,Re-use Day 2 - Team Comp 1 as Day 3 - Team Comp 1,A Group,,,,,,,,,,,,,4 Attempts - 20 Races total,10,Go to Submit page,,,,,,,,,,,,,,,,,,,,,,,,,,,,,,,,,,,,,,,,,,,,,,,,,,,,,,,,,,,,,,,,,,,,,,,,,,,,,,,,,,,,,
Tzerin,Graded (No Uma Restrictions),"Win A finals with ""oshi"" uma",I accept these terms,Finals,"Android - phone or tablet, Windows",$101-500,1794,21-30 (roughly 3-4 per day),Discord - MooMooCord - https://discord.gg/Hc7cP9GB,5,"To include some search feature to allow us to type in part or full UMA names instead of scrolling down to find them from the drop down list when inputting our team - the list will keep on expanding after all as more UMAs are added to the game. 

Unless I am dumb and this is already a feature.",Narita Taishin,Late Surger,Ace built for this CM before CM start in Unity Cup scenario,UG (or higher),2,,1,,3,,,65,17,Taiki Shuttle,Pace Chaser,Ace built for this CM before CM start in Unity Cup scenario,UG (or higher),3,,1,1,1,,,50,17,Special Week,Pace Chaser,Ace built for this CM before CM start in Unity Cup scenario,UG (or higher),3,,1,1,1,,,50,17,4 Attempts - 20 Races total,13,Day 2,,,,,,,,,,,,,,,,,,,,Re-use Day 1 - Team Comp 1 as Day 2 - Team Comp 1,,,,,,,,,,,,,4 Attempts - 20 Races total,17,Go to Submit page,,,,,,,,,,,,,,,,,,Re-use Day 2 - Team Comp 1 as Day 3 - Team Comp 1,A Group,,,,,,,,,,,,,4 Attempts - 20 Races total,14,Day 4,,,,,,,,,,,,,,,,,,Re-use Day 3 - Team Comp 1 as Day 4 - Team Comp 1,A Group,,,,,,,,,,,,,4 Attempts - 20 Races total,12,Go to Submit page,,,,,,,,,,,,,,,,,,A Finals,,Re-use Day 4 - Team Comp 1 as Finals Team Comp,,,,,,,,,,https://drive.google.com/open?id=1jeun5nqG9FmvpQHJBr2Aw79OxYwtKBWA,1st,,,,,,,,,,,,,,,2,,4,4,3,
thepotatocouch,Graded (No Uma Restrictions),"Win A finals with ""oshi"" uma",I accept these terms,Day 3,"Android - phone or tablet, Windows",$101-500,,21-30 (roughly 3-4 per day),Discord - MooMooCord - https://discord.gg/Hc7cP9GB,4,,Tamamo Cross,Late Surger,Ace built for this CM before CM start in Unity Cup scenario,UG (or higher),3,0,0,0,3,0,0,55,,Oguri Cap,Late Surger,Ace built for this CM before CM start in Unity Cup scenario,SS+,3,0,0,0,3,0,0,50,,Agnes Tachyon,End Closer,Debuffer,S,,,,,,,,,,4 Attempts - 20 Races total,16,Day 2,,,,,,,,,,,,,,,,,,,,Re-use Day 1 - Team Comp 1 as Day 2 - Team Comp 1,,,,,,,,,,,,,4 Attempts - 20 Races total,16,Go to Submit page,,,,,,,,,,,,,,,,,,Re-use Day 2 - Team Comp 1 as Day 3 - Team Comp 1,A Group,,,,,,,,,,,,,4 Attempts - 20 Races total,14,Day 4,,,,,,,,,,,,,,,,,,Re-use Day 3 - Team Comp 1 as Day 4 - Team Comp 1,A Group,,,,,,,,,,,,,4 Attempts - 20 Races total,13,Go to Submit page,,,,,,,,,,,,,,,,,,,,,,,,,,,,,,,,,,,,,,,,,,,,,,,,,,,
OnlyUmaMusume's,Graded (No Uma Restrictions),Get into A finals,I accept these terms,Finals,Linux,$0,829,11-20 (roughly 2-3 per day),Reddit - /r/umamusumeGame,4,,Oguri Cap,Pace Chaser,Ace built for this CM before CM start in Unity Cup scenario,UG (or higher),1,,,2,3,,,,,Taiki Shuttle,Pace Chaser,Ace built for this CM before CM start in Unity Cup scenario,SS,1,,,2,3,,,,,Curren Chan,Pace Chaser,Ace built for this CM before CM start in Unity Cup scenario,SS+,,,,,6,,,,,4 Attempts - 20 Races total,17,Day 2,,,,,,,,,,,,,,,,,,,,Add new Team Comp as Day 2 - Team Comp 1,Oguri Cap,Pace Chaser,Ace built for this CM before CM start in Unity Cup scenario,UG (or higher),Taiki Shuttle,Pace Chaser,Ace built for this CM before CM start in Unity Cup scenario,SS,Curren Chan,Pace Chaser,Mid-CM Ace build in Unity Cup scenario,SS,4 Attempts - 20 Races total,17,Go to Submit page,,,,,,,,,,,,,,,,,,Re-use Day 2 - Team Comp 1 as Day 3 - Team Comp 1,A Group,,,,,,,,,,,,,4 Attempts - 20 Races total,12,Go to Submit page,,,,,,,,,,,,,,,,,,Re-use Day 3 - Team Comp 1 as Day 4 - Team Comp 1,A Group,,,,,,,,,,,,,4 Attempts - 20 Races total,15,Go to Submit page,,,,,,,,,,,,,,,,,,A Finals,8283,Re-use Day 4 - Team Comp 1 as Finals Team Comp,,,,,,,,,,https://drive.google.com/open?id=1eBrDUnu1Qb4hb23sT2FeHr3YPxYueFBR,1st,,,,,,,,,,,,,,,,,,,,
Guoguo3,Graded (No Uma Restrictions),Get into A finals,I accept these terms,Day 4,"iOS - phone or tablet, MacOS",$0,304,6-10 (roughly 1 per day),Reddit - /r/umamusumeGame,5,,Taiki Shuttle,Pace Chaser,Ace built for this CM before CM start in Unity Cup scenario,UG (or higher),1,0,0,2,3,0,0,,,Oguri Cap,Pace Chaser,Ace built for this CM before CM start in Unity Cup scenario,UG (or higher),1,0,0,2,3,0,0,,,Curren Chan (Wedding),Pace Chaser,Ace built for this CM before CM start in Unity Cup scenario,UG (or higher),1,0,0,2,3,0,0,,,4 Attempts - 20 Races total,17,Day 2,,,,,,,,,,,,,,,,,,,,Re-use Day 1 - Team Comp 1 as Day 2 - Team Comp 1,,,,,,,,,,,,,4 Attempts - 20 Races total,17,Go to Submit page,,,,,,,,,,,,,,,,,,Re-use Day 2 - Team Comp 1 as Day 3 - Team Comp 1,A Group,,,,,,,,,,,,,4 Attempts - 20 Races total,16,Go to Submit page,,,,,,,,,,,,,,,,,,Re-use Day 3 - Team Comp 1 as Day 4 - Team Comp 1,A Group,,,,,,,,,,,,,4 Attempts - 20 Races total,17,Go to Submit page,,,,,,,,,,,,,,,,,,,,,,,,,,,,,,,,,,,,,,,,,,,,,,,,,,,
BrickyTen,Graded (No Uma Restrictions),"Win A finals with ""oshi"" uma",I accept these terms,Finals,Windows,$101-500,1750,31-45 (roughly 5-6 per day),"Discord - MooMooCord - https://discord.gg/Hc7cP9GB, Reddit - /r/umamusumeGame",,,Taiki Shuttle,Pace Chaser,Ace built for this CM before CM start in Unity Cup scenario,SS+,1,0,0,2,3,0,0,,,Curren Chan,Pace Chaser,Ace built for this CM before CM start in Unity Cup scenario,UG (or higher),1,0,0,1,4,0,0,,,Symboli Rudolf,Late Surger,Debuffer,SS,1,0,1,1,3,,,,,4 Attempts - 20 Races total,17,Day 2,,,,,,,,,,,,,,,,,,,,Add new Team Comp as Day 2 - Team Comp 1,Copano Rickey,Pace Chaser,Mid-CM Ace build in Unity Cup scenario,UG (or higher),Taiki Shuttle,Pace Chaser,Ace built for this CM before CM start in Unity Cup scenario,SS+,Symboli Rudolf,Late Surger,Debuffer,SS,4 Attempts - 20 Races total,14,Go to Submit page,,,,,,,,,,,,,,,,,,Re-use Day 2 - Team Comp 1 as Day 3 - Team Comp 1,A Group,,,,,,,,,,,,,4 Attempts - 20 Races total,12,Go to Submit page,,,,,,,,,,,,,,,,,,Re-use Day 3 - Team Comp 1 as Day 4 - Team Comp 1,A Group,,,,,,,,,,,,,4 Attempts - 20 Races total,14,Go to Submit page,,,,,,,,,,,,,,,,,,A Finals,9718,Re-use Day 4 - Team Comp 1 as Finals Team Comp,,,,,,,,,,https://drive.google.com/open?id=1xNYz18OmQLkRzPP-UGzy1nopYBNLRlz0,1st,,,,,,,,,,,"刻まれたんだ My history, my victory！",https://drive.google.com/open?id=1gB4bRajVD9xrf0tMoSncjw8pTQQxQ1Pc,https://drive.google.com/open?id=15o4tu92lX0lZeys8QhDRJrcVc0GVJunL,,0,3,9,0,2,https://drive.google.com/open?id=138jvP2i_jxWft-brpa4kHYS8udMWBGix
snowstorm,Graded (No Uma Restrictions),"Win A finals with ""oshi"" uma",I accept these terms,Day 3,,$0,1211,31-45 (roughly 5-6 per day),,5,,Special Week,Pace Chaser,Ace built for this CM before CM start in Unity Cup scenario,SS,2,,,,3,,,,,Nishino Flower,Pace Chaser,Ace built for this CM before CM start in Unity Cup scenario,SS,2,,,1,3,,,,,Taiki Shuttle,Pace Chaser,Ace built for this CM before CM start in Unity Cup scenario,SS,2,,1,,3,,,,,4 Attempts - 20 Races total,9,Go to Submit page,,,,,,,,,,,,,,,,,,,,Add new Team Comp as Day 2 - Team Comp 1,Special Week,Pace Chaser,Mid-CM Ace build in Unity Cup scenario,SS+,Nishino Flower,Pace Chaser,Mid-CM Ace build in Unity Cup scenario,UG (or higher),Taiki Shuttle,Pace Chaser,Ace built for this CM before CM start in Unity Cup scenario,SS,4 Attempts - 20 Races total,15,Go to Submit page,,,,,,,,,,,,,,,,,,Re-use Day 2 - Team Comp 2 as Day 3 - Team Comp 1,A Group,,,,,,,,,,,,,4 Attempts - 20 Races total,5,Day 4,,,,,,,,,,,,,,,,,,Add a new Team Comp as Day 4 - Team Comp 1,A Group,Special Week,Pace Chaser,Mid-CM Ace build in Unity Cup scenario,SS+,Nishino Flower,Pace Chaser,Mid-CM Ace build in Unity Cup scenario,UG (or higher),Agnes Tachyon,Late Surger,Debuffer,S+,4 Attempts - 20 Races total,9,Finals,,,,,,,,,,,,,,,,,,A Finals,,Re-use Day 4 - Team Comp 1 as Finals Team Comp,,,,,,,,,,,2nd,No (goes to Submit page),,,,,,,,,,,,,,,,,,,
Soupaman,Graded (No Uma Restrictions),Win A finals with any uma,I accept these terms,Finals,"Android - phone or tablet, Windows",$1001-5000,1050,6-10 (roughly 1 per day),Discord - MooMooCord - https://discord.gg/Hc7cP9GB,5,,Oguri Cap,Pace Chaser,Ace built for this CM before CM start in Unity Cup scenario,UG (or higher),1,0,0,2,3,0,0,,,Taiki Shuttle,Pace Chaser,Ace built for this CM before CM start in Unity Cup scenario,UG (or higher),2,0,0,1,3,0,0,,,Nishino Flower,Pace Chaser,Ace built for this CM before CM start in Unity Cup scenario,UG (or higher),1,0,0,2,3,0,0,,,4 Attempts - 20 Races total,16,Day 2,,,,,,,,,,,,,,,,,,,,Re-use Day 1 - Team Comp 1 as Day 2 - Team Comp 1,,,,,,,,,,,,,4 Attempts - 20 Races total,17,Day 3,,,,,,,,,,,,,,,,,,Re-use Day 2 - Team Comp 1 as Day 3 - Team Comp 1,A Group,,,,,,,,,,,,,4 Attempts - 20 Races total,12,Go to Submit page,,,,,,,,,,,,,,,,,,Re-use Day 3 - Team Comp 1 as Day 4 - Team Comp 1,A Group,,,,,,,,,,,,,4 Attempts - 20 Races total,13,Go to Submit page,,,,,,,,,,,,,,,,,,A Finals,11351,Re-use Day 4 - Team Comp 1 as Finals Team Comp,,,,,,,,,,https://drive.google.com/open?id=1JARA3H1eiWqRdgmHXymcif-JYZh71aTz,1st,,,,,,,,,,,,,,,,,,,,
Anaxagoras,Graded (No Uma Restrictions),"Win A finals with ""oshi"" uma",I accept these terms,Day 4,Windows,$501-1000,917,11-20 (roughly 2-3 per day),,,,Tosen Jordan,Late Surger,Ace built for this CM before CM start in Unity Cup scenario,UG (or higher),2,0,1,0,3,0,0,,,Gold City (Festival),Pace Chaser,Ace built for this CM before CM start in Unity Cup scenario,UG (or higher),2,0,2,0,2,0,0,,,Taiki Shuttle (Camping),Pace Chaser,Ace built for this CM before CM start in Trackblazer scenario,SS,1,0,0,3,1,0,1,70,35,4 Attempts - 20 Races total,16,Day 2,,,,,,,,,,,,,,,,,,,,Re-use Day 1 - Team Comp 1 as Day 2 - Team Comp 1,,,,,,,,,,,,,4 Attempts - 20 Races total,14,Day 3,,,,,,,,,,,,,,,,,,Add new Team Comp as Day 3 - Team Comp 1,A Group,Tosen Jordan,Late Surger,Mid-CM Ace build in Unity Cup scenario,SS+,Gold City (Festival),Pace Chaser,Ace built for this CM before CM start in Unity Cup scenario,UG (or higher),Taiki Shuttle (Camping),Pace Chaser,Ace built for this CM before CM start in Trackblazer scenario,SS,4 Attempts - 20 Races total,10,Go to Submit page,,,,,,,,,,,,,,,,,,Add a new Team Comp as Day 4 - Team Comp 1,A Group,Tosen Jordan,Pace Chaser,Ace built for this CM before CM start in Unity Cup scenario,UG (or higher),Taiki Shuttle (Camping),Pace Chaser,Ace built for this CM before CM start in Trackblazer scenario,SS,Gold City (Festival),Pace Chaser,Ace built for this CM before CM start in Unity Cup scenario,UG (or higher),4 Attempts - 20 Races total,12,Go to Submit page,,,,,,,,,,,,,,,,,,,,,,,,,,,,,,,,,,,,,,,,,,,,,,,,,,,
ToniiiN,Graded (No Uma Restrictions),Get into A finals,I accept these terms,Finals,"iOS - phone or tablet, Windows",$101-500,733,11-20 (roughly 2-3 per day),"Discord - MooMooCord - https://discord.gg/Hc7cP9GB, Twitch - MooMooCows - https://www.twitch.tv/moomoomoocows, YouTube - MooMooCows - https://www.youtube.com/@MooMooCows",5,,Oguri Cap,Pace Chaser,Ace built for this CM before CM start in Trackblazer scenario,SS,1,,,3,2,,,55,38,Hishi Akebono,Pace Chaser,Ace built for this CM before CM start in Unity Cup scenario,SS,2,,,2,2,,,38,14,Air Groove,Pace Chaser,Ace built for this CM before CM start in Unity Cup scenario,SS,2,,,,4,,,38,20,4 Attempts - 20 Races total,12,Day 2,,,,,,,,,,,,,,,,,,,,Re-use Day 1 - Team Comp 1 as Day 2 - Team Comp 1,,,,,,,,,,,,,4 Attempts - 20 Races total,15,Day 3,,,,,,,,,,,,,,,,,,Re-use Day 2 - Team Comp 1 as Day 3 - Team Comp 1,A Group,,,,,,,,,,,,,4 Attempts - 20 Races total,9,Go to Submit page,,,,,,,,,,,,,,,,,,Re-use Day 3 - Team Comp 1 as Day 4 - Team Comp 1,A Group,,,,,,,,,,,,,4 Attempts - 20 Races total,14,Go to Submit page,,,,,,,,,,,,,,,,,,A Finals,10957,Re-use Day 4 - Team Comp 1 as Finals Team Comp,,,,,,,,,,,2nd,No (goes to Submit page),,,,,,,,,,,,,,,,,,,
Razor,Graded (No Uma Restrictions),Get into A finals,I accept these terms,Day 4,"Android - phone or tablet, Windows",$0,1052,11-20 (roughly 2-3 per day),Discord - MooMooCord - https://discord.gg/Hc7cP9GB,5,,Nishino Flower,Pace Chaser,Ace built for this CM before CM start in Unity Cup scenario,SS,2,0,1,0,3,1,0,,,Fuji Kiseki,Pace Chaser,Ace built for this CM before CM start in Unity Cup scenario,SS,3,0,1,0,2,0,0,,,Taiki Shuttle,Pace Chaser,Ace built for this CM before CM start in Unity Cup scenario,SS,2,0,2,0,2,0,0,,,4 Attempts - 20 Races total,12,Day 2,,,,,,,,,,,,,,,,,,,,Re-use Day 1 - Team Comp 1 as Day 2 - Team Comp 1,,,,,,,,,,,,,4 Attempts - 20 Races total,10,Go to Submit page,,,,,,,,,,,,,,,,,,Re-use Day 2 - Team Comp 1 as Day 3 - Team Comp 1,A Group,,,,,,,,,,,,,4 Attempts - 20 Races total,8,Go to Submit page,,,,,,,,,,,,,,,,,,Re-use Day 3 - Team Comp 1 as Day 4 - Team Comp 1,A Group,,,,,,,,,,,,,4 Attempts - 20 Races total,3,Finals,,,,,,,,,,,,,,,,,,A Finals,7449,Re-use Day 4 - Team Comp 1 as Finals Team Comp,,,,,,,,,,https://drive.google.com/open?id=1qztzEm-swaSy2KLCZ4qoriFwsn3pl4GC,2nd,Yes,https://drive.google.com/open?id=1n0N-zRQJJyyINZ-jSHHkzq2IZqxZyKIU,https://drive.google.com/open?id=1OZuQf3L90fA01GOzM47hMIrUqBsuHVEQ,,2,0,0,1,3,https://drive.google.com/open?id=10a59wzXihEbRukyHOccZBzjt4rykolsR,,,,,,,,,,
Exz,Graded (No Uma Restrictions),Win A finals with any uma,I accept these terms,Day 1,Windows,$101-500,,31-45 (roughly 5-6 per day),,5,,Agnes Digital,Late Surger,Ace built for this CM before CM start in Unity Cup scenario,UG (or higher),2,0,1,0,2,0,1,60,17,Oguri Cap,Late Surger,Ace built for this CM before CM start in Unity Cup scenario,UG (or higher),2,0,1,0,2,0,1,60,18,Taiki Shuttle,Pace Chaser,Ace built for this CM before CM start in Unity Cup scenario,UG (or higher),1,0,0,2,3,0,0,40,17,4 Attempts - 20 Races total,16,Day 2,,,,,,,,,,,,,,,,,,,,Re-use Day 1 - Team Comp 1 as Day 2 - Team Comp 1,,,,,,,,,,,,,4 Attempts - 20 Races total,17,Day 3,,,,,,,,,,,,,,,,,,Re-use Day 2 - Team Comp 1 as Day 3 - Team Comp 1,A Group,,,,,,,,,,,,,4 Attempts - 20 Races total,17,Day 4,,,,,,,,,,,,,,,,,,Re-use Day 3 - Team Comp 1 as Day 4 - Team Comp 1,A Group,,,,,,,,,,,,,4 Attempts - 20 Races total,16,Finals,,,,,,,,,,,,,,,,,,A Finals,10940,Re-use Day 4 - Team Comp 1 as Finals Team Comp,,,,,,,,,,https://drive.google.com/open?id=1hljN1YhtyqBFUOuBraawdnYgPpEYhzeF,1st,,,,,,,,,,,,https://drive.google.com/open?id=1LzslVvU3VWesraPIOqjFZ7g972IsdW0B,https://drive.google.com/open?id=1yUILvZgdNMDgX79bKDMstKTwLRitaniA,,2,,12,,2,https://drive.google.com/open?id=14iYQJp7R56KGmjdNLbFR3BifrDw9RJj-
asdfhi0588,Graded (No Uma Restrictions),"Win A finals with ""oshi"" uma",I accept these terms,Finals,"Android - phone or tablet, Windows",$0,863,6-10 (roughly 1 per day),"Friend sent me the link, Reddit - /r/umamusumeGame, YouTube - MooMooCows - https://www.youtube.com/@MooMooCows",5,,Tokai Teio,Pace Chaser,Ace built for this CM before CM start in Unity Cup scenario,UG (or higher),2,,,,3,1,,,,Eishin Flash,Late Surger,Ace built for this CM before CM start in Unity Cup scenario,SS+,3,,1,,2,,,,,Curren Chan (Wedding),Front Runner,Blocker/Overtake target/Throwaway/Niche role,SS,3,,,,3,,,,,4 Attempts - 20 Races total,10,Day 2,,,,,,,,,,,,,,,,,,,,Re-use Day 1 - Team Comp 1 as Day 2 - Team Comp 1,,,,,,,,,,,,,4 Attempts - 20 Races total,8,Day 4,,,,,,,,,,,,,,,,,,Re-use Day 2 - Team Comp 1 as Day 3 - Team Comp 1,A Group,,,,,,,,,,,,,4 Attempts - 20 Races total,11,Go to Submit page,,,,,,,,,,,,,,,,,,Re-use Day 3 - Team Comp 1 as Day 4 - Team Comp 1,A Group,,,,,,,,,,,,,4 Attempts - 20 Races total,7,Go to Submit page,,,,,,,,,,,,,,,,,,A Finals,9179,Re-use Day 4 - Team Comp 1 as Finals Team Comp,,,,,,,,,,https://drive.google.com/open?id=1l42CozXvn_xobkKZ_k2wKLunqxHvblkx,1st,,,,,,,,,,,OG Teio supremacy :D ,https://drive.google.com/open?id=1A0Cq8-3q8DnJDjZMIovRpGxgh_EPsPlm,https://drive.google.com/open?id=10qG6hca2UeI_krpbvQWlHAP1VgRqi0gs,,,,10,,6,https://drive.google.com/open?id=10N0RgHZccnn9MtmA29sUtCz5cnAfZHpb
Jellyx,Graded (No Uma Restrictions),Collect participation rewards,I accept these terms,Finals,"Android - phone or tablet, Windows",$501-1000,1113,31-45 (roughly 5-6 per day),Discord - MooMooCord - https://discord.gg/Hc7cP9GB,,,Sakura Bakushin O,Pace Chaser,Ace built for Team Trials,SS,2,,2,,2,,,,,Air Groove,Pace Chaser,Ace built for Team Trials,SS,,,,,,,,,,King Halo (Cheerleader),Late Surger,Ace built for Team Trials,SS,,,,,,,,,,4 Attempts - 20 Races total,6,Day 2,,,,,,,,,,,,,,,,,,,,Re-use Day 1 - Team Comp 1 as Day 2 - Team Comp 1,,,,,,,,,,,,,4 Attempts - 20 Races total,5,Day 3,,,,,,,,,,,,,,,,,,Add new Team Comp as Day 3 - Team Comp 1,B Group,Silence Suzuka,Front Runner,Mid-CM Ace build in Unity Cup scenario,SS,Sakura Bakushin O,Pace Chaser,Mid-CM Ace build in Unity Cup scenario,SS,King Halo (Cheerleader),Late Surger,Ace built for Team Trials,SS,4 Attempts - 20 Races total,16,Go to Submit page,,,,,,,,,,,,,,,,,,Re-use Day 3 - Team Comp 1 as Day 4 - Team Comp 1,B Group,,,,,,,,,,,,,4 Attempts - 20 Races total,17,Go to Submit page,,,,,,,,,,,,,,,,,,B Finals,3011,Re-use Day 4 - Team Comp 1 as Finals Team Comp,,,,,,,,,,https://drive.google.com/open?id=1n5O-iDKGYnVwMPGK1_49fYQjLLD-RN-R,1st,,,,,,,,,,,,https://drive.google.com/open?id=17dbd--U26YlrD3LNpWxB1KCMxexxdKL1,https://drive.google.com/open?id=15B7fR0fyvQybIIpQ0jCSZgjYtaHjr0k0,,,,14,,,https://drive.google.com/open?id=1XXa3D22PzozKKZV1Zcpu3TuYIupwllG9
Lwynn,Graded (No Uma Restrictions),Get into A finals,I accept these terms,Finals,Android - phone or tablet,$1001-5000,,6-10 (roughly 1 per day),,,,Taiki Shuttle,Pace Chaser,Ace built for this CM before CM start in Unity Cup scenario,UG (or higher),3,,1,,2,,,45,22,Nishino Flower,Pace Chaser,Ace built for this CM before CM start in Unity Cup scenario,S+,2,,1,,3,,,40,23,Curren Chan,Pace Chaser,Ace built for this CM before CM start in Unity Cup scenario,UG (or higher),2,,1,,3,,,45,23,4 Attempts - 20 Races total,10,Day 2,,,,,,,,,,,,,,,,,,,,Re-use Day 1 - Team Comp 1 as Day 2 - Team Comp 1,,,,,,,,,,,,,4 Attempts - 20 Races total,11,Day 3,,,,,,,,,,,,,,,,,,Re-use Day 2 - Team Comp 1 as Day 3 - Team Comp 1,A Group,,,,,,,,,,,,,4 Attempts - 20 Races total,6,Go to Submit page,,,,,,,,,,,,,,,,,,Re-use Day 3 - Team Comp 1 as Day 4 - Team Comp 1,A Group,,,,,,,,,,,,,4 Attempts - 20 Races total,8,Go to Submit page,,,,,,,,,,,,,,,,,,A Finals,8662,Re-use Day 4 - Team Comp 1 as Finals Team Comp,,,,,,,,,,https://drive.google.com/open?id=1wEbNzujk0yXp5d08b3toNHoj2QgqgOVE,2nd,Yes,https://drive.google.com/open?id=1VR-feKy00WovCjpZ7qBqqGB1SuJdW1Tc,https://drive.google.com/open?id=1e4YPrBFcJNNmX2ZFLFUSeUDusfB0aUIe,,,,14,,,https://drive.google.com/open?id=1tgwgt-7T05eHjaZ-DiNcUxzCoAv3AYd7,,,,,,,,,,
estella_,Graded (No Uma Restrictions),"Win A finals with ""oshi"" uma",I accept these terms,Day 1,Windows,$1001-5000,,11-20 (roughly 2-3 per day),Discord - MooMooCord - https://discord.gg/Hc7cP9GB,4,,Curren Chan (Wedding),Pace Chaser,Ace built for this CM before CM start in Unity Cup scenario,UG (or higher),1,,,2,3,,,55,20,Taiki Shuttle,Pace Chaser,Ace built for this CM before CM start in Unity Cup scenario,UG (or higher),1,,,2,3,,,55,18,Silence Suzuka,Runaway,Ace built for this CM before CM start in Unity Cup scenario,UG (or higher),1,,1,,3,1,,52,20,4 Attempts - 20 Races total,16,Day 2,,,,,,,,,,,,,,,,,,,,Re-use Day 1 - Team Comp 1 as Day 2 - Team Comp 1,,,,,,,,,,,,,4 Attempts - 20 Races total,15,Day 3,,,,,,,,,,,,,,,,,,Re-use Day 2 - Team Comp 1 as Day 3 - Team Comp 1,A Group,,,,,,,,,,,,,4 Attempts - 20 Races total,10,Go to Submit page,,,,,,,,,,,,,,,,,,,,,,,,,,,,,,,,,,,,,,,,,,,,,,,,,,,,,,,,,,,,,,,,,,,,,,,,,,,,,,,,,,,,,
0key.,Graded (No Uma Restrictions),"Win A finals with ""oshi"" uma",I accept these terms,Finals,Android - phone or tablet,$1-100,667,6-10 (roughly 1 per day),Discord - MooMooCord - https://discord.gg/Hc7cP9GB,4,,,,,,,,,,,,,,,,,,,,,,,,,,,,,,,,,,,,,,,,,,,,,,,,,,,,,,,,,,,,,,,,,,,,,,,,,,,,,,,,,,,,,,,,,,,,,,,,Re-use Day 2 - Team Comp 1 as Day 3 - Team Comp 1,A Group,,,,,,,,,,,,,4 Attempts - 20 Races total,8,Go to Submit page,,,,,,,,,,,,,,,,,,Re-use Day 3 - Team Comp 1 as Day 4 - Team Comp 1,A Group,,,,,,,,,,,,,4 Attempts - 20 Races total,8,Go to Submit page,,,,,,,,,,,,,,,,,,A Finals,7790,Re-use Day 4 - Team Comp 1 as Finals Team Comp,,,,,,,,,,https://drive.google.com/open?id=1fDf-af564_aFcmE3v3-Io38RjLfjifKx,1st,,,,,,,,,,,I fucking love my daughter...,https://drive.google.com/open?id=1V4LFE1TlX0GW9SKPx5Y6EIVFb1z6Ff_U,https://drive.google.com/open?id=1lOhnqtgV_SV9dPiBGc7ZyJnGt8PnZ9Dn,,1,2,,,3,https://drive.google.com/open?id=1LupGQdbpetmwrbbf2XLiuDSuSo6_G0vf
Metaaaaa,Graded (No Uma Restrictions),Win A finals with any uma,I accept these terms,Finals,,$101-500,1305,11-20 (roughly 2-3 per day),,,,Nishino Flower,Pace Chaser,Ace built for this CM before CM start in Unity Cup scenario,UG (or higher),,,,,,,,,,Oguri Cap,Pace Chaser,Ace built for this CM before CM start in Unity Cup scenario,UG (or higher),,,,,,,,,,Narita Brian,Pace Chaser,Ace built for this CM before CM start in Unity Cup scenario,UG (or higher),,,,,,,,,,4 Attempts - 20 Races total,14,Day 2,,,,,,,,,,,,,,,,,,,,Re-use Day 1 - Team Comp 1 as Day 2 - Team Comp 1,,,,,,,,,,,,,4 Attempts - 20 Races total,12,Day 3,,,,,,,,,,,,,,,,,,Re-use Day 2 - Team Comp 1 as Day 3 - Team Comp 1,A Group,,,,,,,,,,,,,4 Attempts - 20 Races total,15,Go to Submit page,,,,,,,,,,,,,,,,,,Re-use Day 3 - Team Comp 1 as Day 4 - Team Comp 1,A Group,,,,,,,,,,,,,4 Attempts - 20 Races total,13,Go to Submit page,,,,,,,,,,,,,,,,,,A Finals,8478,Add new Team Comp as Finals Team Comp,Oguri Cap,Pace Chaser,Ace built for this CM before CM start in Unity Cup scenario,Nishino Flower,Pace Chaser,Ace built for this CM before CM start in Unity Cup scenario,Narita Brian,Late Surger,Gambler built only for finals,https://drive.google.com/open?id=1TMjDt2IfS_lwYMuesA0Go8vzt53NDRDP,1st,,,,,,,,,,,"Why is the starting straight not a ""straight""",https://drive.google.com/open?id=1tVai0Am0lJhWpj-7wXYCEQByNXsabjE4,https://drive.google.com/open?id=1BUwCxD7Izb9HBOG_Z0mTpLPFvzLmrgaC,,0,1,15,0,0,https://drive.google.com/open?id=1c90z_W4ka79VmCSYBIoVTIlb7v84lKf_
Tea,Graded (No Uma Restrictions),Collect participation rewards,I accept these terms,Day 4,"iOS - phone or tablet, Android - phone or tablet, Windows",$1-100,960,21-30 (roughly 3-4 per day),"Discord - MooMooCord - https://discord.gg/Hc7cP9GB, YouTube - MooMooCows - https://www.youtube.com/@MooMooCows",5,,Nishino Flower,Pace Chaser,Ace built for this CM before CM start in Trackblazer scenario,SS,2,0,2,0,2,0,0,60,38,Oguri Cap,Pace Chaser,Ace built for this CM before CM start in Trackblazer scenario,SS,2,0,2,0,2,0,0,65,39,Taiki Shuttle,Pace Chaser,Ace built for this CM before CM start in Unity Cup scenario,UG (or higher),2,0,1,0,3,0,0,40,,4 Attempts - 20 Races total,10,Day 2,,,,,,,,,,,,,,,,,,,,Re-use Day 1 - Team Comp 1 as Day 2 - Team Comp 1,,,,,,,,,,,,,4 Attempts - 20 Races total,13,Day 3,,,,,,,,,,,,,,,,,,Re-use Day 2 - Team Comp 1 as Day 3 - Team Comp 1,A Group,,,,,,,,,,,,,4 Attempts - 20 Races total,11,Go to Submit page,,,,,,,,,,,,,,,,,,Re-use Day 3 - Team Comp 1 as Day 4 - Team Comp 1,A Group,,,,,,,,,,,,,4 Attempts - 20 Races total,14,Go to Submit page,,,,,,,,,,,,,,,,,,,,,,,,,,,,,,,,,,,,,,,,,,,,,,,,,,,
soup,Graded (No Uma Restrictions),Get into A finals,I accept these terms,Day 3,"Android - phone or tablet, Windows",$1-100,874,11-20 (roughly 2-3 per day),Discord - MooMooCord - https://discord.gg/Hc7cP9GB,5,,,,,,,,,,,,,,,,,,,,,,,,,,,,,,,,,,,,,,,,,,,,,,,,,,,,,,,,,,,,,,,,,,,,,,,,,,,,,,,,,,,,,,,,,,,,,,,,Add new Team Comp as Day 3 - Team Comp 1,A Group,Curren Chan (Wedding),Pace Chaser,Ace built for this CM before CM start in Unity Cup scenario,SS+,Taiki Shuttle,Pace Chaser,Ace built for this CM before CM start in Unity Cup scenario,SS,Nice Nature,Late Surger,Debuffer,SS,4 Attempts - 20 Races total,9,Go to Submit page,,,,,,,,,,,,,,,,,,,,,,,,,,,,,,,,,,,,,,,,,,,,,,,,,,,,,,,,,,,,,,,,,,,,,,,,,,,,,,,,,,,,,
Deehydrated,Graded (No Uma Restrictions),"Win A finals with ""oshi"" uma",I accept these terms,Day 2,iOS - phone or tablet,$101-500,1700,11-20 (roughly 2-3 per day),Discord - MooMooCord - https://discord.gg/Hc7cP9GB,4,"Did not quite understand the difference between the ""Reuse Team"" options of a & b when submitting different days",,,,,,,,,,,,,,,,,,,,,,,,,,,,,,,,,,,,,,,,,,,,,,,,,,,,,,,,,,,,,,Re-use Day 1 - Team Comp 1 as Day 2 - Team Comp 1,,,,,,,,,,,,,4 Attempts - 20 Races total,16,Day 3,,,,,,,,,,,,,,,,,,Re-use Day 2 - Team Comp 1 as Day 3 - Team Comp 1,A Group,,,,,,,,,,,,,4 Attempts - 20 Races total,14,Go to Submit page,,,,,,,,,,,,,,,,,,,,,,,,,,,,,,,,,,,,,,,,,,,,,,,,,,,,,,,,,,,,,,,,,,,,,,,,,,,,,,,,,,,,,
StormieSkies,Graded (No Uma Restrictions),Win A finals with any uma,I accept these terms,Day 3,iOS - phone or tablet,$0,531,21-30 (roughly 3-4 per day),Reddit - /r/umamusumeGame,4,,Curren Chan (Wedding),Pace Chaser,Ace built for this CM before CM start in Unity Cup scenario,SS+,2,0,1,0,3,0,0,,,Fuji Kiseki (Ballroom),Pace Chaser,Ace built for this CM before CM start in Unity Cup scenario,SS,2,0,1,0,3,0,0,,,Sakura Bakushin O,Pace Chaser,Ace built for this CM before CM start in Unity Cup scenario,SS,2,0,1,0,3,0,0,,,3 Attempts - 15 Races total,6,Day 1 - Add 2nd Team,Curren Chan (Wedding),Pace Chaser,Ace built for this CM before CM start in Unity Cup scenario,SS+,,Fuji Kiseki (Ballroom),Pace Chaser,Ace built for this CM before CM start in Unity Cup scenario,SS,,King Halo,Late Surger,Mid-CM Ace build in Unity Cup scenario,SS,,1 Attempt - 5 Races total,5,2 teams,Day 2,Re-use Day 1 - Team Comp 1 as Day 2 - Team Comp 1,,,,,,,,,,,,,4 Attempts - 20 Races total,8,Day 3,,,,,,,,,,,,,,,,,,Re-use Day 2 - Team Comp 1 as Day 3 - Team Comp 1,A Group,,,,,,,,,,,,,4 Attempts - 20 Races total,9,Day 4,,,,,,,,,,,,,,,,,,Re-use Day 3 - Team Comp 1 as Day 4 - Team Comp 1,A Group,,,,,,,,,,,,,4 Attempts - 20 Races total,10,Finals,,,,,,,,,,,,,,,,,,A Finals,11151,Re-use Day 4 - Team Comp 1 as Finals Team Comp,,,,,,,,,,https://drive.google.com/open?id=1QNLNN0729R-1zkTK5b60F4O-p7C5LaFd,3rd,Yes,https://drive.google.com/open?id=1I2kiSzqgcKtQ3oeiv-A9-w7O30_zRjWV,https://drive.google.com/open?id=1-YwC0-3zi0xpitWKv_HNVZoIYY-M0IQk,,,,16,,,https://drive.google.com/open?id=1kU5Lyr8UDMAar9FBzTzLKQ-snfLM-6Mu,,,,,,,,,,
Irrulevant,Graded (No Uma Restrictions),"Win A finals with ""oshi"" uma",I accept these terms,Finals,"Android - phone or tablet, Windows",$1-100,604,6-10 (roughly 1 per day),"Discord - MooMooCord - https://discord.gg/Hc7cP9GB, YouTube - MooMooCows - https://www.youtube.com/@MooMooCows",5,,Gold City,Late Surger,Ace built for this CM before CM start in Unity Cup scenario,UG (or higher),2,0,,,3,,,45,26,Taiki Shuttle,Pace Chaser,Ace built for this CM before CM start in Unity Cup scenario,UG (or higher),2,,,0,3,,,45,18,Mejiro Ardan,Pace Chaser,Ace built for this CM before CM start in Unity Cup scenario,SS,2,,0,,3,,,45,17,4 Attempts - 20 Races total,16,Day 2,,,,,,,,,,,,,,,,,,,,Re-use Day 1 - Team Comp 1 as Day 2 - Team Comp 1,,,,,,,,,,,,,4 Attempts - 20 Races total,13,Day 3,,,,,,,,,,,,,,,,,,Re-use Day 2 - Team Comp 1 as Day 3 - Team Comp 1,A Group,,,,,,,,,,,,,4 Attempts - 20 Races total,14,Go to Submit page,,,,,,,,,,,,,,,,,,Re-use Day 3 - Team Comp 1 as Day 4 - Team Comp 1,A Group,,,,,,,,,,,,,4 Attempts - 20 Races total,9,Go to Submit page,,,,,,,,,,,,,,,,,,A Finals,10803,Re-use Day 4 - Team Comp 1 as Finals Team Comp,,,,,,,,,,https://drive.google.com/open?id=1SwqUOJ4wGjqCVE8rsQv_Ca49No8USIUQ,1st,,,,,,,,,,,Ardan's stride is the length of two Nishino Flowers,https://drive.google.com/open?id=1znmIXLLTXWnzOy0We2AoFHESUvhBi9Um,https://drive.google.com/open?id=1kb3rW8bw7IPonGQhuEwnJbWM0ZBMj58B,,4,3,5,2,,https://drive.google.com/open?id=1l3LRu3BDyXv2w-SpkbnRU6gZlHs1Fi42
Cinder,Graded (No Uma Restrictions),"Win A finals with ""oshi"" uma",I accept these terms,Finals,"iOS - phone or tablet, Windows",$501-1000,1040,21-30 (roughly 3-4 per day),Discord - MooMooCord - https://discord.gg/Hc7cP9GB,5,,,,,,,,,,,,,,,,,,,,,,,,,,,,,,,,,,,,,,,,,,,,,,,,,,,,,,,,,,,,,,,,,,,,,,,,,,,,,,,,,,,,,,,,,,,,,,,,Re-use Day 2 - Team Comp 1 as Day 3 - Team Comp 1,A Group,,,,,,,,,,,,,4 Attempts - 20 Races total,11,Go to Submit page,,,,,,,,,,,,,,,,,,Re-use Day 3 - Team Comp 1 as Day 4 - Team Comp 1,A Group,,,,,,,,,,,,,4 Attempts - 20 Races total,10,Go to Submit page,,,,,,,,,,,,,,,,,,A Finals,9292,Re-use Day 4 - Team Comp 1 as Finals Team Comp,,,,,,,,,,https://drive.google.com/open?id=1ga52jl33a64VdwYWe8A82mAKirX_OWM3,2nd,No (goes to Submit page),,,,,,,,,,,,,,,,,,,
UfMiguel,Graded (No Uma Restrictions),Get into A finals,I accept these terms,Day 4,Windows,$0,799,11-20 (roughly 2-3 per day),Discord - MooMooCord - https://discord.gg/Hc7cP9GB,5,,Symboli Rudolf,Late Surger,Ace built for this CM before CM start in Unity Cup scenario,SS,2,,,1,3,,,,,Curren Chan (Wedding),Pace Chaser,Ace built for this CM before CM start in Unity Cup scenario,SS,2,,,1,3,,,,,Taiki Shuttle,Pace Chaser,Ace built for this CM before CM start in Unity Cup scenario,SS+,2,,,1,3,,,,,4 Attempts - 20 Races total,16,Day 2,,,,,,,,,,,,,,,,,,,,Re-use Day 1 - Team Comp 1 as Day 2 - Team Comp 1,,,,,,,,,,,,,3 Attempts - 15 Races total,10,Day 3,,,,,,,,,,,,,,,,,,Re-use Day 2 - Team Comp 1 as Day 3 - Team Comp 1,A Group,,,,,,,,,,,,,4 Attempts - 20 Races total,17,Go to Submit page,,,,,,,,,,,,,,,,,,Re-use Day 3 - Team Comp 1 as Day 4 - Team Comp 1,A Group,,,,,,,,,,,,,4 Attempts - 20 Races total,14,Go to Submit page,,,,,,,,,,,,,,,,,,,,,,,,,,,,,,,,,,,,,,,,,,,,,,,,,,,
800920240059,Graded (No Uma Restrictions),Get into B finals,I accept these terms,Day 2,Android - phone or tablet,$0,438,0-5 (less than 1 per day),Discord - MooMooCord - https://discord.gg/Hc7cP9GB,4,,,,,,,,,,,,,,,,,,,,,,,,,,,,,,,,,,,,,,,,,,,,,,,,,,,,,,,,,,,,,,,Add new Team Comp as Day 2 - Team Comp 1,Air Groove,Pace Chaser,Mid-CM Ace build in Unity Cup scenario,S,Sakura Bakushin O,Front Runner,Mid-CM Ace build in Unity Cup scenario,S,Taiki Shuttle,Pace Chaser,Mid-CM Ace build in Unity Cup scenario,S,4 Attempts - 20 Races total,6,Go to Submit page,,,,,,,,,,,,,,,,,,,,,,,,,,,,,,,,,,,,,,,,,,,,,,,,,,,,,,,,,,,,,,,,,,,,,,,,,,,,,,,,,,,,,,,,,,,,,,,,,,,,,,,,,,,,,,,,,,,,,,,
Zeruul,Graded (No Uma Restrictions),Get into A finals,I accept these terms,Finals,iOS - phone or tablet,$101-500,,6-10 (roughly 1 per day),Discord - MooMooCord - https://discord.gg/Hc7cP9GB,,,Curren Chan,Pace Chaser,Ace built for this CM before CM start in Unity Cup scenario,UG (or higher),2,,,1,3,,,,,Taiki Shuttle,Pace Chaser,Ace built for this CM before CM start in Unity Cup scenario,SS+,2,,,1,3,,,,,Nishino Flower,Pace Chaser,Ace built for this CM before CM start in Unity Cup scenario,SS,2,,,1,3,,,,,4 Attempts - 20 Races total,15,Day 2,,,,,,,,,,,,,,,,,,,,Re-use Day 1 - Team Comp 1 as Day 2 - Team Comp 1,,,,,,,,,,,,,4 Attempts - 20 Races total,15,Day 3,,,,,,,,,,,,,,,,,,Re-use Day 2 - Team Comp 1 as Day 3 - Team Comp 1,A Group,,,,,,,,,,,,,4 Attempts - 20 Races total,11,Go to Submit page,,,,,,,,,,,,,,,,,,Re-use Day 3 - Team Comp 1 as Day 4 - Team Comp 1,A Group,,,,,,,,,,,,,4 Attempts - 20 Races total,16,Go to Submit page,,,,,,,,,,,,,,,,,,A Finals,8138,Re-use Day 4 - Team Comp 1 as Finals Team Comp,,,,,,,,,,https://drive.google.com/open?id=1JSSAAr912XvKqMtvac2TdR3N8F_66RUb,1st,,,,,,,,,,,,,,,,,,,,
Mao,Graded (No Uma Restrictions),"Win A finals with ""oshi"" uma",I accept these terms,Finals,Windows,$1001-5000,,11-20 (roughly 2-3 per day),,4,,Daiwa Scarlet,Pace Chaser,Ace built for this CM before CM start in Unity Cup scenario,UG (or higher),2,0,0,1,2,1,0,,,Eishin Flash (Valentine),End Closer,Debuffer,S+,,,,,,,,,,Symboli Rudolf,End Closer,Debuffer,S+,,,,,,,,,,4 Attempts - 20 Races total,11,Day 2,,,,,,,,,,,,,,,,,,,,Re-use Day 1 - Team Comp 1 as Day 2 - Team Comp 1,,,,,,,,,,,,,4 Attempts - 20 Races total,13,Day 3,,,,,,,,,,,,,,,,,,Re-use Day 2 - Team Comp 1 as Day 3 - Team Comp 1,A Group,,,,,,,,,,,,,4 Attempts - 20 Races total,9,Go to Submit page,,,,,,,,,,,,,,,,,,Re-use Day 3 - Team Comp 1 as Day 4 - Team Comp 1,A Group,,,,,,,,,,,,,4 Attempts - 20 Races total,12,Go to Submit page,,,,,,,,,,,,,,,,,,A Finals,,Re-use Day 4 - Team Comp 1 as Finals Team Comp,,,,,,,,,,,2nd,No (goes to Submit page),,,,,,,,,,,,,,,,,,,
Monterra,Graded (No Uma Restrictions),"Win A finals with ""oshi"" uma",I accept these terms,Finals,Linux,$0,628,11-20 (roughly 2-3 per day),Twitch - MooMooCows - https://www.twitch.tv/moomoomoocows,5,,Manhattan Cafe,Late Surger,Ace built for this CM before CM start in Unity Cup scenario,SS,2,0,1,0,3,0,0,40,20,El Condor Pasa,Pace Chaser,Ace built for this CM before CM start in Unity Cup scenario,SS,2,0,1,0,3,0,0,40,22,Oguri Cap,Pace Chaser,Ace built for this CM before CM start in Unity Cup scenario,UG (or higher),2,0,1,0,3,0,0,40,19,4 Attempts - 20 Races total,15,Day 2,,,,,,,,,,,,,,,,,,,,Re-use Day 1 - Team Comp 1 as Day 2 - Team Comp 1,,,,,,,,,,,,,4 Attempts - 20 Races total,15,Day 3,,,,,,,,,,,,,,,,,,Re-use Day 2 - Team Comp 1 as Day 3 - Team Comp 1,A Group,,,,,,,,,,,,,4 Attempts - 20 Races total,14,Go to Submit page,,,,,,,,,,,,,,,,,,Re-use Day 3 - Team Comp 1 as Day 4 - Team Comp 1,A Group,,,,,,,,,,,,,4 Attempts - 20 Races total,15,Go to Submit page,,,,,,,,,,,,,,,,,,A Finals,11606,Re-use Day 4 - Team Comp 1 as Finals Team Comp,,,,,,,,,,https://drive.google.com/open?id=1NInchXEpeB9N8QsCxwZrllBDJ0lOU5aY,2nd,Yes,https://drive.google.com/open?id=1UxvHFRUCspJ4_PMhs3bxDvOhJ8EtlG0G,https://drive.google.com/open?id=19D3sUhmd30m0zmAed_02GtWsYP13ZdIf,,3,0,8,0,6,https://drive.google.com/open?id=1ZJgDAFRavbPvb2P9ZyCPlXDDvvkZPPcS,,,,,,,,,,
rsnation,Graded (No Uma Restrictions),Get into A finals,I accept these terms,Day 4,"Android - phone or tablet, Windows",$1001-5000,532,11-20 (roughly 2-3 per day),"Discord - MooMooCord - https://discord.gg/Hc7cP9GB, YouTube - MooMooCows - https://www.youtube.com/@MooMooCows",4,,Taiki Shuttle (Camping),Pace Chaser,Ace built for this CM before CM start in Unity Cup scenario,UG (or higher),3,0,0,0,3,0,0,43,15,Oguri Cap,Pace Chaser,Ace built for this CM before CM start in Unity Cup scenario,UG (or higher),2,0,1,0,3,0,0,38,19,Fuji Kiseki (Ballroom),Pace Chaser,Ace built for this CM before CM start in Unity Cup scenario,UG (or higher),3,0,0,0,2,0,1,43,18,4 Attempts - 20 Races total,17,Day 2,,,,,,,,,,,,,,,,,,,,Re-use Day 1 - Team Comp 1 as Day 2 - Team Comp 1,,,,,,,,,,,,,4 Attempts - 20 Races total,17,Day 3,,,,,,,,,,,,,,,,,,Re-use Day 2 - Team Comp 1 as Day 3 - Team Comp 1,A Group,,,,,,,,,,,,,4 Attempts - 20 Races total,16,Go to Submit page,,,,,,,,,,,,,,,,,,Re-use Day 3 - Team Comp 1 as Day 4 - Team Comp 1,A Group,,,,,,,,,,,,,4 Attempts - 20 Races total,18,Go to Submit page,,,,,,,,,,,,,,,,,,,,,,,,,,,,,,,,,,,,,,,,,,,,,,,,,,,
lightchip,Graded (No Uma Restrictions),Win A finals with any uma,I accept these terms,Day 1,,$0,,,,,,Mihono Bourbon (Valentine),Front Runner,Ace built for this CM before CM start in Unity Cup scenario,UG (or higher),,,,,,,,,,Nishino Flower,Pace Chaser,Ace built for this CM before CM start in Unity Cup scenario,UG (or higher),,,,,,,,,,Silence Suzuka,Front Runner,Blocker/Overtake target/Throwaway/Niche role,SS,,,,,,,,,,4 Attempts - 20 Races total,9,Day 2,,,,,,,,,,,,,,,,,,,,Re-use Day 1 - Team Comp 1 as Day 2 - Team Comp 1,,,,,,,,,,,,,4 Attempts - 20 Races total,11,Day 3,,,,,,,,,,,,,,,,,,Re-use Day 2 - Team Comp 1 as Day 3 - Team Comp 1,A Group,,,,,,,,,,,,,4 Attempts - 20 Races total,8,Go to Submit page,,,,,,,,,,,,,,,,,,,,,,,,,,,,,,,,,,,,,,,,,,,,,,,,,,,,,,,,,,,,,,,,,,,,,,,,,,,,,,,,,,,,,
Faxiore,Graded (No Uma Restrictions),Rather not say,I accept these terms,Go to Submit page,"Android - phone or tablet, Windows",$101-500,230,0-5 (less than 1 per day),Friend sent me the link,5,,Maruzensky (Summer),Front Runner,Ace built for Team Trials,UG (or higher),3,0,0,0,3,0,0,53,12,Taiki Shuttle,Pace Chaser,Ace built for this CM before CM start in Unity Cup scenario,SS+,2,0,2,0,2,0,0,60,25,Agnes Tachyon,Late Surger,Debuffer,S+,,,,,,,,,,3 Attempts - 15 Races total,6,Day 2,,,,,,,,,,,,,,,,,,,,Re-use Day 1 - Team Comp 1 as Day 2 - Team Comp 1,,,,,,,,,,,,,4 Attempts - 20 Races total,10,Day 3,,,,,,,,,,,,,,,,,,Re-use Day 2 - Team Comp 1 as Day 3 - Team Comp 1,B Group,,,,,,,,,,,,,4 Attempts - 20 Races total,17,Go to Submit page,,,,,,,,,,,,,,,,,,,,,,,,,,,,,,,,,,,,,,,,,,,,,,,,,,,,,,,,,,,,,,,,,,,,,,,,,,,,,,,,,,,,,
Squid Eater,Graded (No Uma Restrictions),Get into A finals,I accept these terms,Finals,Android - phone or tablet,$101-500,1281,11-20 (roughly 2-3 per day),Twitch - MooMooCows - https://www.twitch.tv/moomoomoocows,,,Taiki Shuttle,Pace Chaser,Ace built for this CM before CM start in Unity Cup scenario,UG (or higher),2,0,0,1,3,0,0,,,Sakura Bakushin O,Pace Chaser,Ace built for this CM before CM start in Unity Cup scenario,SS,2,0,1,0,3,0,0,,,Oguri Cap,Pace Chaser,Ace built for this CM before CM start in Unity Cup scenario,UG (or higher),2,0,0,1,3,0,0,,,4 Attempts - 20 Races total,15,Day 2,,,,,,,,,,,,,,,,,,,,Add new Team Comp as Day 2 - Team Comp 1,Taiki Shuttle,Pace Chaser,Ace built for this CM before CM start in Unity Cup scenario,UG (or higher),Sakura Bakushin O,Pace Chaser,Ace built for this CM before CM start in Unity Cup scenario,SS,Copano Rickey,Pace Chaser,Mid-CM Ace build in Unity Cup scenario,UG (or higher),4 Attempts - 20 Races total,14,Go to Submit page,,,,,,,,,,,,,,,,,,Re-use Day 2 - Team Comp 2 as Day 3 - Team Comp 1,A Group,,,,,,,,,,,,,4 Attempts - 20 Races total,11,Go to Submit page,,,,,,,,,,,,,,,,,,Re-use Day 3 - Team Comp 2 as Day 4 - Team Comp 1,A Group,,,,,,,,,,,,,4 Attempts - 20 Races total,10,Go to Submit page,,,,,,,,,,,,,,,,,,A Finals,9545,Re-use Day 4 - Team Comp 2 as Finals Team Comp,,,,,,,,,,https://drive.google.com/open?id=1fNNo1XQdy-PZV7IOSVashjF6R_MQrpdU,1st,,,,,,,,,,,I don't even need 6 greens ,https://drive.google.com/open?id=1dzos2CjRpLztHm581OFSEv63ATfSX5Be,https://drive.google.com/open?id=1bxaYZiKXPir6SD1FA3PcFGmgjOW0id21,,2,0,0,1,3,https://drive.google.com/open?id=1exEuHgVq_K9GEJrIjrvQl5nP3mWlgGTq
Fishnet,Graded (No Uma Restrictions),Get into A finals,I accept these terms,Finals,Windows,$101-500,1663,21-30 (roughly 3-4 per day),"Discord - MooMooCord - https://discord.gg/Hc7cP9GB, Twitch - MooMooCows - https://www.twitch.tv/moomoomoocows, YouTube - MooMooCows - https://www.youtube.com/@MooMooCows",,,Oguri Cap,Pace Chaser,Ace built for this CM before CM start in Unity Cup scenario,UG (or higher),1,,1,,4,,,45,12,Curren Chan,Pace Chaser,Ace built for this CM before CM start in Unity Cup scenario,UG (or higher),2,,1,,3,,,35,12,Taiki Shuttle,Pace Chaser,Ace built for this CM before CM start in Unity Cup scenario,SS+,1,,1,,4,,,45,12,4 Attempts - 20 Races total,14,Go to Submit page,,,,,,,,,,,,,,,,,,,,Re-use Day 1 - Team Comp 1 as Day 2 - Team Comp 1,,,,,,,,,,,,,4 Attempts - 20 Races total,16,Day 3,,,,,,,,,,,,,,,,,,Re-use Day 2 - Team Comp 1 as Day 3 - Team Comp 1,A Group,,,,,,,,,,,,,4 Attempts - 20 Races total,13,Go to Submit page,,,,,,,,,,,,,,,,,,Re-use Day 3 - Team Comp 1 as Day 4 - Team Comp 1,A Group,,,,,,,,,,,,,4 Attempts - 20 Races total,15,Go to Submit page,,,,,,,,,,,,,,,,,,A Finals,10282,Re-use Day 4 - Team Comp 1 as Finals Team Comp,,,,,,,,,,https://drive.google.com/open?id=1R4dvdxTLsTyWPXdCyytJdRfHINM3ofMN,1st,,,,,,,,,,,,https://drive.google.com/open?id=1KR4n_I4MArQ99f_ZehwEZqAEDXZFTs4n,https://drive.google.com/open?id=18M1RYZjkpkbj7CGMxtCKpjMx-aVm03Xr,,,,13,2,,https://drive.google.com/open?id=1IAzfbHG_JLuxEcUe8E6bZS5ioH0YyM9J
Migory,Graded (No Uma Restrictions),Get into A finals,I accept these terms,Finals,Windows,$501-1000,986,11-20 (roughly 2-3 per day),YouTube - MooMooCows - https://www.youtube.com/@MooMooCows,,,Silence Suzuka,Front Runner,Ace built for this CM before CM start in Unity Cup scenario,SS,3,0,1,0,1,0,0,45,22,Air Groove (Wedding),Pace Chaser,Ace built for this CM before CM start in Unity Cup scenario,SS+,2,0,1,0,3,0,0,50,19,Sakura Bakushin O,Pace Chaser,Ace built for this CM before CM start in Unity Cup scenario,UG (or higher),2,0,1,0,3,0,0,50,23,3 Attempts - 15 Races total,12,Day 2,,,,,,,,,,,,,,,,,,,,Re-use Day 1 - Team Comp 1 as Day 2 - Team Comp 1,,,,,,,,,,,,,3 Attempts - 15 Races total,9,Day 3,,,,,,,,,,,,,,,,,,Re-use Day 2 - Team Comp 1 as Day 3 - Team Comp 1,A Group,,,,,,,,,,,,,3 Attempts - 15 Races total,7,Go to Submit page,,,,,,,,,,,,,,,,,,Re-use Day 3 - Team Comp 1 as Day 4 - Team Comp 1,A Group,,,,,,,,,,,,,3 Attempts - 15 Races total,10,Go to Submit page,,,,,,,,,,,,,,,,,,A Finals,12854,Re-use Day 4 - Team Comp 1 as Finals Team Comp,,,,,,,,,,https://drive.google.com/open?id=1pyBK1vcmQfoI5beHUeWmY-uHlRxB43v-,1st,,,,,,,,,,,,https://drive.google.com/open?id=1s1TEbu8E8iZNgc6JmJkd0ZdZ-FmjT5Gr,https://drive.google.com/open?id=1aKaqvEyf2vHTILnl_vltAU1X7O-Uc8UT,,2,0,1,0,3,https://drive.google.com/open?id=1_yJBkNpCr0YC2vHLlhY2HYA0KI2nx4u8
Awmillix,Graded (No Uma Restrictions),Win A finals with any uma,I accept these terms,Day 1,"Android - phone or tablet, Windows",$1-100,,6-10 (roughly 1 per day),,5,,Taiki Shuttle,Pace Chaser,Ace built for this CM before CM start in Unity Cup scenario,SS,1,,,3,2,,,,2,Nishino Flower,Pace Chaser,Ace built for this CM before CM start in Unity Cup scenario,S+,2,,1,1,2,,,,1,Sakura Bakushin O,Pace Chaser,Ace built for this CM before CM start in Trackblazer scenario,SS,1,,1,2,,,1,,1,4 Attempts - 20 Races total,20,Day 2,,,,,,,,,,,,,,,,,,,,Re-use Day 1 - Team Comp 1 as Day 2 - Team Comp 1,,,,,,,,,,,,,4 Attempts - 20 Races total,11,Day 3,,,,,,,,,,,,,,,,,,Re-use Day 2 - Team Comp 1 as Day 3 - Team Comp 1,A Group,,,,,,,,,,,,,4 Attempts - 20 Races total,7,Go to Submit page,,,,,,,,,,,,,,,,,,,,,,,,,,,,,,,,,,,,,,,,,,,,,,,,,,,,,,,,,,,,,,,,,,,,,,,,,,,,,,,,,,,,,
Sac,Graded (No Uma Restrictions),Win A finals with any uma,I accept these terms,Day 4,Android - phone or tablet,$0,1189,6-10 (roughly 1 per day),YouTube - MooMooCows - https://www.youtube.com/@MooMooCows,5,,Nishino Flower,Pace Chaser,Ace built for this CM before CM start in Unity Cup scenario,UG (or higher),2,0,0,1,3,0,0,,24,Taiki Shuttle,Pace Chaser,Ace built for this CM before CM start in Unity Cup scenario,UG (or higher),2,0,0,1,3,0,0,,26,Oguri Cap,Pace Chaser,Ace built for this CM before CM start in Unity Cup scenario,SS+,2,0,0,1,3,0,0,,23,4 Attempts - 20 Races total,9,Day 2,,,,,,,,,,,,,,,,,,,,Re-use Day 1 - Team Comp 1 as Day 2 - Team Comp 1,,,,,,,,,,,,,4 Attempts - 20 Races total,15,Day 3,,,,,,,,,,,,,,,,,,Re-use Day 2 - Team Comp 1 as Day 3 - Team Comp 1,A Group,,,,,,,,,,,,,4 Attempts - 20 Races total,12,Go to Submit page,,,,,,,,,,,,,,,,,,Re-use Day 3 - Team Comp 1 as Day 4 - Team Comp 1,A Group,,,,,,,,,,,,,4 Attempts - 20 Races total,11,Go to Submit page,,,,,,,,,,,,,,,,,,,,,,,,,,,,,,,,,,,,,,,,,,,,,,,,,,,
sun,Graded (No Uma Restrictions),Get into A finals,I accept these terms,Finals,iOS - phone or tablet,$1-100,1002,11-20 (roughly 2-3 per day),Discord - MooMooCord - https://discord.gg/Hc7cP9GB,,,Oguri Cap,Pace Chaser,Ace built for this CM before CM start in Unity Cup scenario,SS+,2,,0,,3,,,,,Curren Chan,Pace Chaser,Ace built for this CM before CM start in Unity Cup scenario,UG (or higher),2,,1,,3,,,,,Fuji Kiseki (Ballroom),Pace Chaser,Ace built for this CM before CM start in Unity Cup scenario,SS+,2,,,1,3,,,,,4 Attempts - 20 Races total,11,Day 2,,,,,,,,,,,,,,,,,,,,Re-use Day 1 - Team Comp 1 as Day 2 - Team Comp 1,,,,,,,,,,,,,4 Attempts - 20 Races total,11,Day 3,,,,,,,,,,,,,,,,,,Add new Team Comp as Day 3 - Team Comp 1,A Group,Oguri Cap,Pace Chaser,Ace built for this CM before CM start in Unity Cup scenario,UG (or higher),Curren Chan,Pace Chaser,Ace built for this CM before CM start in Unity Cup scenario,UG (or higher),Fuji Kiseki (Ballroom),Pace Chaser,Ace built for this CM before CM start in Unity Cup scenario,SS+,4 Attempts - 20 Races total,8,Go to Submit page,,,,,,,,,,,,,,,,,,Re-use Day 3 - Team Comp 1 as Day 4 - Team Comp 1,A Group,,,,,,,,,,,,,4 Attempts - 20 Races total,15,Go to Submit page,,,,,,,,,,,,,,,,,,A Finals,8952,Re-use Day 4 - Team Comp 1 as Finals Team Comp,,,,,,,,,,https://drive.google.com/open?id=1APw9EnB8I7mCPkq7HWmuzf3Up91wGszB,2nd,Yes,https://drive.google.com/open?id=1mbx_PpLN1Xviv-D3xy6hRjSoBNtZuOjH,https://drive.google.com/open?id=1RzdnDVFktUcBo6M9OJe5ueuweI018ozL,,4,5,,1,2,https://drive.google.com/open?id=14dhjXKh31-J4w8jmiQ7sc4bdMLMDtunQ,,,,,,,,,,
Gryfko,Graded (No Uma Restrictions),Win A finals with any uma,I accept these terms,Finals,,$1-100,1785,11-20 (roughly 2-3 per day),,,,Taiki Shuttle,Pace Chaser,Ace built for this CM before CM start in Unity Cup scenario,UG (or higher),2,0,0,1,3,0,0,38,19,Oguri Cap,Pace Chaser,Ace built for this CM before CM start in Unity Cup scenario,UG (or higher),2,0,1,0,3,0,0,38,20,Sakura Bakushin O,Pace Chaser,Ace built for this CM before CM start in Unity Cup scenario,SS+,3,0,0,0,3,0,0,38,22,4 Attempts - 20 Races total,13,Day 2,,,,,,,,,,,,,,,,,,,,Re-use Day 1 - Team Comp 1 as Day 2 - Team Comp 1,,,,,,,,,,,,,4 Attempts - 20 Races total,15,Day 3,,,,,,,,,,,,,,,,,,Re-use Day 2 - Team Comp 1 as Day 3 - Team Comp 1,A Group,,,,,,,,,,,,,4 Attempts - 20 Races total,12,Go to Submit page,,,,,,,,,,,,,,,,,,Re-use Day 3 - Team Comp 1 as Day 4 - Team Comp 1,A Group,,,,,,,,,,,,,4 Attempts - 20 Races total,12,Go to Submit page,,,,,,,,,,,,,,,,,,A Finals,,Re-use Day 4 - Team Comp 1 as Finals Team Comp,,,,,,,,,,,3rd,No (goes to Submit page),,,,,,,,,,,,,,,,,,,
scottie,Graded (No Uma Restrictions),"Win A finals with ""oshi"" uma",I accept these terms,Day 4,"Android - phone or tablet, Windows",$101-500,1500,,Discord - MooMooCord - https://discord.gg/Hc7cP9GB,,,Sweep Tosho,End Closer,Ace built for this CM before CM start in Unity Cup scenario,SS,3,,1,0,2,0,0,,,Agnes Tachyon,End Closer,Debuffer,SS,,,,,,,,,,Grass Wonder,End Closer,Debuffer,A+,,,,,,,,,,4 Attempts - 20 Races total,15,Day 2,,,,,,,,,,,,,,,,,,,,Re-use Day 1 - Team Comp 1 as Day 2 - Team Comp 1,,,,,,,,,,,,,4 Attempts - 20 Races total,12,Day 3,,,,,,,,,,,,,,,,,,Re-use Day 2 - Team Comp 1 as Day 3 - Team Comp 1,A Group,,,,,,,,,,,,,4 Attempts - 20 Races total,10,Go to Submit page,,,,,,,,,,,,,,,,,,Re-use Day 3 - Team Comp 1 as Day 4 - Team Comp 1,A Group,,,,,,,,,,,,,4 Attempts - 20 Races total,12,Go to Submit page,,,,,,,,,,,,,,,,,,,,,,,,,,,,,,,,,,,,,,,,,,,,,,,,,,,
Dan,Graded (No Uma Restrictions),Get into A finals,I accept these terms,Finals,"Android - phone or tablet, Windows",$1-100,1044,11-20 (roughly 2-3 per day),"Discord - MooMooCord - https://discord.gg/Hc7cP9GB, Reddit - /r/umamusumeGame",5,,Daiwa Scarlet,Pace Chaser,Ace built for this CM before CM start in Unity Cup scenario,UG (or higher),2,,,,3,,1,,,Inari One,Pace Chaser,Ace built for this CM before CM start in Unity Cup scenario,UG (or higher),2,,,,3,,1,,,Taiki Shuttle,Pace Chaser,Ace built for this CM before CM start in Unity Cup scenario,UG (or higher),2,,,,3,,1,,,3 Attempts - 15 Races total,7,Day 2,,,,,,,,,,,,,,,,,,,,Re-use Day 1 - Team Comp 1 as Day 2 - Team Comp 1,,,,,,,,,,,,,3 Attempts - 15 Races total,7,Go to Submit page,,,,,,,,,,,,,,,,,,Re-use Day 2 - Team Comp 1 as Day 3 - Team Comp 1,A Group,,,,,,,,,,,,,4 Attempts - 20 Races total,12,Go to Submit page,,,,,,,,,,,,,,,,,,Add a new Team Comp as Day 4 - Team Comp 1,A Group,Daiwa Scarlet,Pace Chaser,Ace built for this CM before CM start in Unity Cup scenario,UG (or higher),Inari One,Pace Chaser,Mid-CM Ace build in Unity Cup scenario,UG (or higher),Taiki Shuttle,Pace Chaser,Ace built for this CM before CM start in Unity Cup scenario,UG (or higher),4 Attempts - 20 Races total,10,Go to Submit page,,,,,,,,,,,,,,,,,,A Finals,5256,Re-use Day 4 - Team Comp 1 as Finals Team Comp,,,,,,,,,,https://drive.google.com/open?id=1QB44ET9quidqIKM32TW49aZyJyeBNlLe,1st,,,,,,,,,,,,https://drive.google.com/open?id=1H-v92hKssKxHV7Cf9wlsLtiXqJc1mmOp,https://drive.google.com/open?id=1Agubho5b68eBRaKX7yz3zLE0p8DztM8R,,,,15,,,https://drive.google.com/open?id=1pR1IxYjF2KU0vf5ALJYCWGJ1H3lagj45
Karhumies,Graded (No Uma Restrictions),Win A finals with any uma,I accept these terms,Day 4,Android - phone or tablet,$1-100,885,6-10 (roughly 1 per day),I made it,5,,Curren Chan (Wedding),Pace Chaser,Ace built for this CM before CM start in Unity Cup scenario,UG (or higher),2,0,0,1,3,0,0,55,13,Fuji Kiseki,Pace Chaser,Ace built for this CM before CM start in Unity Cup scenario,SS,2,0,0,0,3,1,0,47,15,Taiki Shuttle,Pace Chaser,Ace built for this CM before CM start in Unity Cup scenario,UG (or higher),2,0,0,0,3,0,1,43,22,4 Attempts - 20 Races total,16,Day 2,,,,,,,,,,,,,,,,,,,,Re-use Day 1 - Team Comp 1 as Day 2 - Team Comp 1,,,,,,,,,,,,,1 Attempt - 5 Races total,4,Go to Submit page,Add new Team Comp as Day 2 - Team Comp 2,Silence Suzuka,Runaway,Ace built for this CM before CM start in Unity Cup scenario,SS,Curren Chan (Wedding),Pace Chaser,Ace built for this CM before CM start in Unity Cup scenario,UG (or higher),Taiki Shuttle,Pace Chaser,Ace built for this CM before CM start in Unity Cup scenario,UG (or higher),3 Attempts - 15 Races total,7,2 teams,Day 3,Add new Team Comp as Day 3 - Team Comp 1,A Group,Curren Chan (Wedding),Pace Chaser,Mid-CM Ace build in Unity Cup scenario,SS+,Silence Suzuka,Pace Chaser,Mid-CM Ace build in Trackblazer scenario,S+,Taiki Shuttle,Pace Chaser,Ace built for this CM before CM start in Unity Cup scenario,UG (or higher),4 Attempts - 20 Races total,12,Go to Submit page,,,,,,,,,,,,,,,,,,Re-use Day 3 - Team Comp 1 as Day 4 - Team Comp 1,A Group,,,,,,,,,,,,,4 Attempts - 20 Races total,11,Go to Submit page,,,,,,,,,,,,,,,,,,,,,,,,,,,,,,,,,,,,,,,,,,,,,,,,,,,
Adqm,Graded (No Uma Restrictions),"Win A finals with ""oshi"" uma",I accept these terms,Day 4,Android - phone or tablet,$101-500,392,11-20 (roughly 2-3 per day),"Discord - MooMooCord - https://discord.gg/Hc7cP9GB, YouTube - MooMooCows - https://www.youtube.com/@MooMooCows",4,,Oguri Cap,Pace Chaser,Ace built for this CM before CM start in Unity Cup scenario,UG (or higher),2,0,1,0,2,0,1,,,Taiki Shuttle,Pace Chaser,Ace built for this CM before CM start in Unity Cup scenario,SS,2,0,1,0,2,0,1,,,Curren Chan (Wedding),Pace Chaser,Hybrid (ace + debuffer),UG (or higher),2,0,0,0,4,0,0,,,3 Attempts - 15 Races total,10,Day 2,,,,,,,,,,,,,,,,,,,,Re-use Day 1 - Team Comp 1 as Day 2 - Team Comp 1,,,,,,,,,,,,,3 Attempts - 15 Races total,8,Day 3,,,,,,,,,,,,,,,,,,Re-use Day 2 - Team Comp 1 as Day 3 - Team Comp 1,A Group,,,,,,,,,,,,,4 Attempts - 20 Races total,9,Go to Submit page,,,,,,,,,,,,,,,,,,Re-use Day 3 - Team Comp 1 as Day 4 - Team Comp 1,A Group,,,,,,,,,,,,,4 Attempts - 20 Races total,7,Finals,,,,,,,,,,,,,,,,,,A Finals,9716,Re-use Day 4 - Team Comp 1 as Finals Team Comp,,,,,,,,,,,3rd,No (goes to Submit page),,,,,,,,,,,,,,,,,,,
ItachiNight,Graded (No Uma Restrictions),Win A finals with any uma,I accept these terms,Day 1,"Android - phone or tablet, Windows, SteamOS - Steam Deck",$101-500,1510,21-30 (roughly 3-4 per day),Discord - MooMooCord - https://discord.gg/Hc7cP9GB,5,,Oguri Cap,Pace Chaser,Ace built for this CM before CM start in Unity Cup scenario,UG (or higher),2,,,1,3,,,45,19,Nishino Flower,Pace Chaser,Ace built for this CM before CM start in Unity Cup scenario,UG (or higher),2,,,1,3,,,50,18,Silence Suzuka,Runaway,Ace built for this CM before CM start in Unity Cup scenario,SS+,2,,,1,3,,,35,16,4 Attempts - 20 Races total,15,Day 2,,,,,,,,,,,,,,,,,,,,Add new Team Comp as Day 2 - Team Comp 1,Oguri Cap,Pace Chaser,Ace built for this CM before CM start in Unity Cup scenario,UG (or higher),Nishino Flower,Pace Chaser,Ace built for this CM before CM start in Unity Cup scenario,UG (or higher),Mihono Bourbon (Valentine),Front Runner,Mid-CM Ace build in Unity Cup scenario,UG (or higher),4 Attempts - 20 Races total,17,Day 3,,,,,,,,,,,,,,,,,,Re-use Day 2 - Team Comp 1 as Day 3 - Team Comp 1,A Group,,,,,,,,,,,,,4 Attempts - 20 Races total,14,Go to Submit page,,,,,,,,,,,,,,,,,,,,,,,,,,,,,,,,,,,,,,,,,,,,,,,,,,,,,,,,,,,,,,,,,,,,,,,,,,,,,,,,,,,,,
Hiarin,Graded (No Uma Restrictions),Win A finals with any uma,I accept these terms,Finals,Windows,$1-100,1185,21-30 (roughly 3-4 per day),YouTube - MooMooCows - https://www.youtube.com/@MooMooCows,5,,Oguri Cap,Pace Chaser,Ace built for this CM before CM start in Trackblazer scenario,UG (or higher),1,0,0,3,1,,1,,52,Taiki Shuttle,Pace Chaser,Ace built for this CM before CM start in Unity Cup scenario,SS,1,,,2,3,,,37,11,Nishino Flower,Pace Chaser,Ace built for this CM before CM start in Unity Cup scenario,SS+,2,,,,4,,,50,19,2 Attempts - 10 Races total,9,Day 1 - Add 2nd Team,Taiki Shuttle,Pace Chaser,Ace built for this CM before CM start in Unity Cup scenario,SS,37,Nishino Flower,Pace Chaser,Ace built for this CM before CM start in Unity Cup scenario,SS+,50,Oguri Cap,Pace Chaser,Ace built for this CM before CM start in Unity Cup scenario,UG (or higher),37,2 Attempts - 10 Races total,9,2 teams,Day 2,Re-use Day 1 - Team Comp 2 as Day 2 - Team Comp 1,,,,,,,,,,,,,2 Attempts - 10 Races total,6,Day 2 - Add 2nd Team,Add new Team Comp as Day 2 - Team Comp 2,Nishino Flower,Pace Chaser,Ace built for this CM before CM start in Unity Cup scenario,SS+,Oguri Cap,Pace Chaser,Ace built for this CM before CM start in Unity Cup scenario,UG (or higher),Taiki Shuttle,Pace Chaser,Ace built for this CM before CM start in Unity Cup scenario,UG (or higher),2 Attempts - 10 Races total,6,2 teams,Day 3,Re-use Day 2 - Team Comp 2 as Day 3 - Team Comp 1,A Group,,,,,,,,,,,,,4 Attempts - 20 Races total,10,Go to Submit page,,,,,,,,,,,,,,,,,,Re-use Day 3 - Team Comp 2 as Day 4 - Team Comp 1,A Group,,,,,,,,,,,,,2 Attempts - 10 Races total,3,Day 4 - Add 2nd team,Add new Team Comp as Day 4 - Team Comp 2,Nishino Flower,Pace Chaser,Ace built for this CM before CM start in Unity Cup scenario,SS+,Oguri Cap,Pace Chaser,Ace built for this CM before CM start in Unity Cup scenario,UG (or higher),Taiki Shuttle,Pace Chaser,Ace built for this CM before CM start in Unity Cup scenario,SS,2 Attempts - 10 Races total,3,2 teams,Go to Submit page,A Finals,8272,Re-use Day 4 - Team Comp 2 as Finals Team Comp,,,,,,,,,,https://drive.google.com/open?id=1nwfLed9ZqjP-jEuy7xx1Z0Lxu2p1MwzS,2nd,Yes,https://drive.google.com/open?id=10CDtqTUPaWn-pzarqvnAQ0Nf8D8TtYF5,https://drive.google.com/open?id=1aX0ss-7OL6q5nG2OlA22yuDruMtWM8xZ,,,,6,,2,https://drive.google.com/open?id=1EFoa7G7WZlDZHQC8qdkBYdvpWd9SrLLJ,,,,,,,,,,
Chrysene,Graded (No Uma Restrictions),"Win A finals with ""oshi"" uma",I accept these terms,Finals,iOS - phone or tablet,$0,1655,21-30 (roughly 3-4 per day),"Twitch - MooMooCows - https://www.twitch.tv/moomoomoocows, YouTube - MooMooCows - https://www.youtube.com/@MooMooCows",5,,Eishin Flash (Valentine),Late Surger,Ace built for this CM before CM start in Unity Cup scenario,UG (or higher),2,,1,,3,,,,,Narita Brian,Late Surger,Ace built for this CM before CM start in Unity Cup scenario,UG (or higher),2,,1,,3,,,,,Oguri Cap,Late Surger,Ace built for this CM before CM start in Unity Cup scenario,UG (or higher),2,,1,,4,,,,,4 Attempts - 20 Races total,13,Day 2,,,,,,,,,,,,,,,,,,,,Re-use Day 1 - Team Comp 1 as Day 2 - Team Comp 1,,,,,,,,,,,,,4 Attempts - 20 Races total,15,Day 3,,,,,,,,,,,,,,,,,,Re-use Day 2 - Team Comp 1 as Day 3 - Team Comp 1,A Group,,,,,,,,,,,,,4 Attempts - 20 Races total,14,Go to Submit page,,,,,,,,,,,,,,,,,,Re-use Day 3 - Team Comp 1 as Day 4 - Team Comp 1,A Group,,,,,,,,,,,,,4 Attempts - 20 Races total,14,Go to Submit page,,,,,,,,,,,,,,,,,,A Finals,7593,Re-use Day 4 - Team Comp 1 as Finals Team Comp,,,,,,,,,,https://drive.google.com/open?id=1NDkzYAwLschdZnLGuR6JQjVHo0fM8m-v,1st,,,,,,,,,,,,https://drive.google.com/open?id=17C-XyJ9uAMi_mpUe61yqSjtpir2RcNIT,https://drive.google.com/open?id=17-JvH8LCuVsivyi5q8tKp7WM9qfhLPzD,,4,2,2,2,,https://drive.google.com/open?id=1pjknDUkIQbQC-M9CQMUb0QL6MK_-LRNm
TBerries,Graded (No Uma Restrictions),Win A finals with any uma,I accept these terms,Day 1,"iOS - phone or tablet, Windows",$101-500,1183,21-30 (roughly 3-4 per day),Discord - MooMooCord - https://discord.gg/Hc7cP9GB,5,,Curren Chan,Pace Chaser,Ace built for this CM before CM start in Unity Cup scenario,SS+,2,,,1,3,,,45,18,Taiki Shuttle (Camping),Pace Chaser,Ace built for this CM before CM start in Unity Cup scenario,UG (or higher),3,,,,3,,,40,22,Oguri Cap,Pace Chaser,Ace built for this CM before CM start in Unity Cup scenario,SS+,2,,,1,3,,,45,20,4 Attempts - 20 Races total,16,Day 2,,,,,,,,,,,,,,,,,,,,Re-use Day 1 - Team Comp 1 as Day 2 - Team Comp 1,,,,,,,,,,,,,4 Attempts - 20 Races total,18,Day 3,,,,,,,,,,,,,,,,,,Re-use Day 2 - Team Comp 1 as Day 3 - Team Comp 1,A Group,,,,,,,,,,,,,4 Attempts - 20 Races total,14,Go to Submit page,,,,,,,,,,,,,,,,,,,,,,,,,,,,,,,,,,,,,,,,,,,,,,,,,,,,,,,,,,,,,,,,,,,,,,,,,,,,,,,,,,,,,
Treeglare,Graded (No Uma Restrictions),"Win A finals with ""oshi"" uma",I accept these terms,Finals,"Android - phone or tablet, Windows",$101-500,2190,31-45 (roughly 5-6 per day),Discord - MooMooCord - https://discord.gg/Hc7cP9GB,5,,T.M. Opera O,Pace Chaser,Ace built for this CM before CM start in Unity Cup scenario,UG (or higher),2,,1,,3,,,,,Mejiro Ardan,Pace Chaser,Ace built for this CM before CM start in Unity Cup scenario,UG (or higher),2,,,1,3,,,,,Sakura Chiyono O,Pace Chaser,Ace built for this CM before CM start in Trackblazer scenario,SS+,1,,,2,2,,0,60,37,4 Attempts - 20 Races total,17,Day 2,,,,,,,,,,,,,,,,,,,,Re-use Day 1 - Team Comp 1 as Day 2 - Team Comp 1,,,,,,,,,,,,,4 Attempts - 20 Races total,17,Day 3,,,,,,,,,,,,,,,,,,Re-use Day 2 - Team Comp 1 as Day 3 - Team Comp 1,A Group,,,,,,,,,,,,,4 Attempts - 20 Races total,15,Go to Submit page,,,,,,,,,,,,,,,,,,Re-use Day 3 - Team Comp 1 as Day 4 - Team Comp 1,A Group,,,,,,,,,,,,,4 Attempts - 20 Races total,16,Go to Submit page,,,,,,,,,,,,,,,,,,A Finals,11678,Re-use Day 4 - Team Comp 1 as Finals Team Comp,,,,,,,,,,,2nd,No (goes to Submit page),,,,,,,,,,,,,,,,,,,
rbg42,Graded (No Uma Restrictions),Win A finals with any uma,I accept these terms,Day 4,"Windows, SteamOS - Steam Deck",$101-500,,21-30 (roughly 3-4 per day),"Discord - MooMooCord - https://discord.gg/Hc7cP9GB, Twitch - MooMooCows - https://www.twitch.tv/moomoomoocows",4,,Narita Taishin,End Closer,Ace built for this CM before CM start in Unity Cup scenario,UG (or higher),2,0,1,0,3,0,0,60,17,Air Groove,Late Surger,Ace built for this CM before CM start in Unity Cup scenario,SS,2,0,1,0,3,0,0,60,18,Oguri Cap,Late Surger,Ace built for this CM before CM start in Unity Cup scenario,UG (or higher),2,0,1,0,3,0,0,60,18,4 Attempts - 20 Races total,13,Day 2,,,,,,,,,,,,,,,,,,,,Re-use Day 1 - Team Comp 1 as Day 2 - Team Comp 1,,,,,,,,,,,,,4 Attempts - 20 Races total,15,Day 3,,,,,,,,,,,,,,,,,,Add new Team Comp as Day 3 - Team Comp 1,A Group,Narita Taishin,End Closer,Mid-CM Ace build in Unity Cup scenario,UG (or higher),Air Groove,Late Surger,Mid-CM Ace build in Unity Cup scenario,UG (or higher),Oguri Cap,Late Surger,Mid-CM Ace build in Unity Cup scenario,UG (or higher),4 Attempts - 20 Races total,16,Go to Submit page,,,,,,,,,,,,,,,,,,Re-use Day 3 - Team Comp 1 as Day 4 - Team Comp 1,A Group,,,,,,,,,,,,,4 Attempts - 20 Races total,11,Finals,,,,,,,,,,,,,,,,,,A Finals,10345,Re-use Day 4 - Team Comp 1 as Finals Team Comp,,,,,,,,,,https://drive.google.com/open?id=1wqeqVbKg7Y7dSOWkWQcsrUXS3S8jKRvU,1st,,,,,,,,,,,,https://drive.google.com/open?id=16BNB3X8iQwLzJplOz3jy35RuDc-8gYA7,https://drive.google.com/open?id=1f6jUDLug0iGlKNXfHVIfYCuJwD6Lme8e,,6,0,5,1,0,https://drive.google.com/open?id=1iirUEtvSBFyU61l484rOHYYh9fCKRu1t
Czerwona Latarnia,Graded (No Uma Restrictions),Get into A finals,I accept these terms,Finals,"Android - phone or tablet, Windows",$101-500,633,21-30 (roughly 3-4 per day),Discord - MooMooCord - https://discord.gg/Hc7cP9GB,5,,Mihono Bourbon,Front Runner,Ace built for this CM before CM start in Unity Cup scenario,UG (or higher),3,0,1,0,2,0,0,37,18,Taiki Shuttle,Pace Chaser,Ace built for this CM before CM start in Unity Cup scenario,SS,2,0,1,0,3,0,0,40,17,Sakura Bakushin O,Pace Chaser,Ace built for this CM before CM start in Unity Cup scenario,SS+,2,0,1,0,3,0,0,40,18,2 Attempts - 10 Races total,7,Day 1 - Add 2nd Team,Mihono Bourbon (Valentine),Front Runner,Mid-CM Ace build in Unity Cup scenario,UG (or higher),42,Taiki Shuttle,Pace Chaser,Mid-CM Ace build in Unity Cup scenario,SS,40,Sakura Bakushin O,Pace Chaser,Mid-CM Ace build in Unity Cup scenario,SS+,40,2 Attempts - 10 Races total,4,2 teams,Day 2,Re-use Day 1 - Team Comp 1 as Day 2 - Team Comp 1,,,,,,,,,,,,,2 Attempts - 10 Races total,5,Day 2 - Add 2nd Team,Add new Team Comp as Day 2 - Team Comp 2,Mihono Bourbon,Front Runner,Mid-CM Ace build in Unity Cup scenario,UG (or higher),Taiki Shuttle,Pace Chaser,Ace built for this CM before CM start in Unity Cup scenario,SS,Sakura Bakushin O,Pace Chaser,Ace built for this CM before CM start in Unity Cup scenario,SS+,2 Attempts - 10 Races total,6,2 teams,Day 3,Re-use Day 2 - Team Comp 1 as Day 3 - Team Comp 1,A Group,,,,,,,,,,,,,1 Attempt - 5 Races total,2,Day 3 - Add 2nd Team,Re-use Day 2 - Team Comp 2 as Day 3 - Team Comp 2,,,,,,,,,,,,,3 Attempts - 15 Races total,6,2 teams,Go to Submit page,Re-use Day 3 - Team Comp 2 as Day 4 - Team Comp 1,A Group,,,,,,,,,,,,,4 Attempts - 20 Races total,9,Go to Submit page,,,,,,,,,,,,,,,,,,A Finals,9666,Re-use Day 4 - Team Comp 1 as Finals Team Comp,,,,,,,,,,https://drive.google.com/open?id=1pVrty8f1ER8HX0g2_UfYWHXG5qlr6VQc,2nd,Yes,https://drive.google.com/open?id=1F2Kh8CCKBIuZq7AL1_OKwRjlLTpfvj2D,https://drive.google.com/open?id=1TPO-ccd4UyfMWCrmzXQOvQKenGd-fdTl,https://drive.google.com/open?id=1QDmOibBK8vhWpLEG7Kxh_v-jUCZ3B65l,0,0,15,0,0,https://drive.google.com/open?id=11wgp035wzB3vILBGx-vXQ3QGUusw5-cs,,,,,,,,,,
Sluggsoda,Graded (No Uma Restrictions),Win A finals with any uma,I accept these terms,Day 4,iOS - phone or tablet,$101-500,907,11-20 (roughly 2-3 per day),"Discord - MooMooCord - https://discord.gg/Hc7cP9GB, Twitch - MooMooCows - https://www.twitch.tv/moomoomoocows, YouTube - MooMooCows - https://www.youtube.com/@MooMooCows",5,,Taiki Shuttle (Camping),Pace Chaser,Ace built for this CM before CM start in Unity Cup scenario,UG (or higher),2,,,,4,,,,,Mayano Top Gun,Pace Chaser,Ace built for this CM before CM start in Unity Cup scenario,SS,3,,1,,2,,,,,Kawakami Princess,Late Surger,Ace built for this CM before CM start in Unity Cup scenario,SS,2,,1,,3,,,,,4 Attempts - 20 Races total,10,Day 2,,,,,,,,,,,,,,,,,,,,Re-use Day 1 - Team Comp 1 as Day 2 - Team Comp 1,,,,,,,,,,,,,4 Attempts - 20 Races total,6,Day 3,,,,,,,,,,,,,,,,,,Re-use Day 2 - Team Comp 1 as Day 3 - Team Comp 1,A Group,,,,,,,,,,,,,4 Attempts - 20 Races total,8,Go to Submit page,,,,,,,,,,,,,,,,,,Re-use Day 3 - Team Comp 1 as Day 4 - Team Comp 1,A Group,,,,,,,,,,,,,4 Attempts - 20 Races total,4,Go to Submit page,,,,,,,,,,,,,,,,,,,,,,,,,,,,,,,,,,,,,,,,,,,,,,,,,,,
Snootbooping,Graded (No Uma Restrictions),Win A finals with any uma,I accept these terms,Finals,"Android - phone or tablet, Windows",$501-1000,1389,21-30 (roughly 3-4 per day),Discord - MooMooCord - https://discord.gg/Hc7cP9GB,,,Taiki Shuttle,Pace Chaser,Ace built for this CM before CM start in Unity Cup scenario,UG (or higher),2,0,1,0,2,0,1,60,,Curren Chan (Wedding),Pace Chaser,Ace built for this CM before CM start in Unity Cup scenario,UG (or higher),2,0,1,0,3,0,0,45,,Vodka,Late Surger,Ace built for this CM before CM start in Unity Cup scenario,SS,2,0,1,0,3,0,0,45,,4 Attempts - 20 Races total,13,Day 2,,,,,,,,,,,,,,,,,,,,Re-use Day 1 - Team Comp 1 as Day 2 - Team Comp 1,,,,,,,,,,,,,4 Attempts - 20 Races total,18,Day 3,,,,,,,,,,,,,,,,,,Re-use Day 2 - Team Comp 1 as Day 3 - Team Comp 1,A Group,,,,,,,,,,,,,4 Attempts - 20 Races total,12,Day 4,,,,,,,,,,,,,,,,,,Re-use Day 3 - Team Comp 1 as Day 4 - Team Comp 1,A Group,,,,,,,,,,,,,4 Attempts - 20 Races total,12,Go to Submit page,,,,,,,,,,,,,,,,,,A Finals,8328,Re-use Day 4 - Team Comp 1 as Finals Team Comp,,,,,,,,,,https://drive.google.com/open?id=1vzLTnpFpuF5tX7o-09rUXCnKhSmjSSYQ,1st,,,,,,,,,,,,https://drive.google.com/open?id=1jS8zhROKQchZn6Gf6gtTFg8GziIO82kL,https://drive.google.com/open?id=1pAyLYjE_uSgRdoyCehVsTmCgKW2rBCnY,,3,0,10,0,2,https://drive.google.com/open?id=1tcfNigKrudtzbCUJ2WcabMWNKTNMESii
limitbroken,Open (A+ Grade and Lower Umas Only),Win A finals with any uma,I accept these terms,Finals,Windows,$101-500,92,11-20 (roughly 2-3 per day),Reddit - /r/umamusumeGame,5,,Taiki Shuttle (Camping),Pace Chaser,Ace built for this CM before CM start in Unity Cup scenario,A+,1,,,2,3,,,,,Air Groove,Late Surger,Ace built for this CM before CM start in Unity Cup scenario,A+,3,,1,,2,,,,,Gold City (Festival),Late Surger,Debuffer,A+,1,,1,,4,,,,,4 Attempts - 20 Races total,19,Day 2,,,,,,,,,,,,,,,,,,,,Re-use Day 1 - Team Comp 1 as Day 2 - Team Comp 1,,,,,,,,,,,,,4 Attempts - 20 Races total,17,Day 3,,,,,,,,,,,,,,,,,,Re-use Day 2 - Team Comp 1 as Day 3 - Team Comp 1,A Group,,,,,,,,,,,,,4 Attempts - 20 Races total,17,Day 4,,,,,,,,,,,,,,,,,,Re-use Day 3 - Team Comp 1 as Day 4 - Team Comp 1,A Group,,,,,,,,,,,,,4 Attempts - 20 Races total,16,Go to Submit page,,,,,,,,,,,,,,,,,,A Finals,,Re-use Day 4 - Team Comp 1 as Finals Team Comp,,,,,,,,,,https://drive.google.com/open?id=11oETa2LD4pULKkTB-8appz8TnsSxVFz5,3rd,No (goes to Submit page),,,,,,,,,,,,,,,,,,,
CumiHitamHKrisS,Graded (No Uma Restrictions),"Win A finals with ""oshi"" uma",I accept these terms,Day 1,Windows,$0,1607,6-10 (roughly 1 per day),Discord - MooMooCord - https://discord.gg/Hc7cP9GB,4,,Air Groove,Late Surger,Ace built for this CM before CM start in Unity Cup scenario,UG (or higher),3,,,,3,,,,,Special Week,Late Surger,Ace built for this CM before CM start in Unity Cup scenario,UG (or higher),3,,,,3,,,,,Taiki Shuttle,Pace Chaser,Ace built for this CM before CM start in Unity Cup scenario,UG (or higher),2,,,1,3,,,,,4 Attempts - 20 Races total,13,Day 2,,,,,,,,,,,,,,,,,,,,Re-use Day 1 - Team Comp 1 as Day 2 - Team Comp 1,,,,,,,,,,,,,4 Attempts - 20 Races total,15,Day 3,,,,,,,,,,,,,,,,,,Re-use Day 2 - Team Comp 1 as Day 3 - Team Comp 1,A Group,,,,,,,,,,,,,4 Attempts - 20 Races total,12,Day 4,,,,,,,,,,,,,,,,,,Re-use Day 3 - Team Comp 1 as Day 4 - Team Comp 1,A Group,,,,,,,,,,,,,4 Attempts - 20 Races total,12,Go to Submit page,,,,,,,,,,,,,,,,,,,,,,,,,,,,,,,,,,,,,,,,,,,,,,,,,,,
FlameMaster,Graded (No Uma Restrictions),Win A finals with any uma,I accept these terms,Day 1,Android - phone or tablet,$101-500,730,6-10 (roughly 1 per day),Discord - MooMooCord - https://discord.gg/Hc7cP9GB,,,Air Groove,Late Surger,Ace built for this CM before CM start in Unity Cup scenario,S+,1,0,0,2,5,0,0,50,13,Oguri Cap,Pace Chaser,Ace built for this CM before CM start in Unity Cup scenario,SS,1,0,0,2,3,0,0,45,13,Taiki Shuttle,Pace Chaser,Ace built for this CM before CM start in Unity Cup scenario,SS+,1,0,0,2,3,0,0,45,11,4 Attempts - 20 Races total,10,Day 2,,,,,,,,,,,,,,,,,,,,Re-use Day 1 - Team Comp 1 as Day 2 - Team Comp 1,,,,,,,,,,,,,4 Attempts - 20 Races total,11,Day 3,,,,,,,,,,,,,,,,,,Re-use Day 2 - Team Comp 1 as Day 3 - Team Comp 1,A Group,,,,,,,,,,,,,4 Attempts - 20 Races total,8,Go to Submit page,,,,,,,,,,,,,,,,,,,,,,,,,,,,,,,,,,,,,,,,,,,,,,,,,,,,,,,,,,,,,,,,,,,,,,,,,,,,,,,,,,,,,
GabusCat,Graded (No Uma Restrictions),Win A finals with any uma,I accept these terms,Finals,"Android - phone or tablet, Windows",$0,494,11-20 (roughly 2-3 per day),"Discord - MooMooCord - https://discord.gg/Hc7cP9GB, Twitch - MooMooCows - https://www.twitch.tv/moomoomoocows, YouTube - MooMooCows - https://www.youtube.com/@MooMooCows",5,idk,Sakura Bakushin O,Front Runner,Ace built for this CM before CM start in Unity Cup scenario,UG (or higher),2,0,1,0,2,0,1,35,16,Taiki Shuttle,Pace Chaser,Ace built for this CM before CM start in Unity Cup scenario,UG (or higher),2,0,1,0,2,0,1,35,12,Air Groove,Pace Chaser,Ace built for this CM before CM start in Unity Cup scenario,UG (or higher),2,0,1,0,2,0,1,14,35,4 Attempts - 20 Races total,14,Day 2,,,,,,,,,,,,,,,,,,,,Re-use Day 1 - Team Comp 1 as Day 2 - Team Comp 1,,,,,,,,,,,,,3 Attempts - 15 Races total,5,Day 3,,,,,,,,,,,,,,,,,,Re-use Day 2 - Team Comp 1 as Day 3 - Team Comp 1,A Group,,,,,,,,,,,,,4 Attempts - 20 Races total,13,Day 4,,,,,,,,,,,,,,,,,,Re-use Day 3 - Team Comp 1 as Day 4 - Team Comp 1,A Group,,,,,,,,,,,,,4 Attempts - 20 Races total,9,Go to Submit page,,,,,,,,,,,,,,,,,,A Finals,8791,Re-use Day 4 - Team Comp 1 as Finals Team Comp,,,,,,,,,,https://drive.google.com/open?id=19i297LneuWNAuZmpy0RB7vOSXvnDtF86,1st,,,,,,,,,,,,,,,,,,,,
moxroxursox,Graded (No Uma Restrictions),"Win A finals with ""oshi"" uma",I accept these terms,Finals,"Android - phone or tablet, Windows",$501-1000,1011,21-30 (roughly 3-4 per day),YouTube - MooMooCows - https://www.youtube.com/@MooMooCows,4,,Admire Vega,End Closer,Ace built for this CM before CM start in Unity Cup scenario,UG (or higher),2,,,,3,0,,50,13,Sweep Tosho,End Closer,Ace built for this CM before CM start in Unity Cup scenario,UG (or higher),2,,,,3,0,,46,14,Bamboo memory,Late Surger,Ace built for this CM before CM start in Unity Cup scenario,UG (or higher),3,,,,3,,,55,20,4 Attempts - 20 Races total,14,Day 2,,,,,,,,,,,,,,,,,,,,Re-use Day 1 - Team Comp 1 as Day 2 - Team Comp 1,,,,,,,,,,,,,4 Attempts - 20 Races total,14,Day 3,,,,,,,,,,,,,,,,,,Re-use Day 2 - Team Comp 1 as Day 3 - Team Comp 1,A Group,,,,,,,,,,,,,4 Attempts - 20 Races total,10,Day 4,,,,,,,,,,,,,,,,,,Re-use Day 3 - Team Comp 1 as Day 4 - Team Comp 1,A Group,,,,,,,,,,,,,4 Attempts - 20 Races total,15,Go to Submit page,,,,,,,,,,,,,,,,,,A Finals,8192,Re-use Day 4 - Team Comp 1 as Finals Team Comp,,,,,,,,,,https://drive.google.com/open?id=1DAnLzTXjNedf3DKdjV7LfYs6CBh_njfA,1st,,,,,,,,,,,"and that's why gold city calls her ""daddy""!!!",https://drive.google.com/open?id=1Kf4u-F6SSCuspZCxbGVeUsP1dfwEdJ24,https://drive.google.com/open?id=1GsJNjYHy-0QjGe6M7qwyaUqUrqes6tgM,,,2,12,2,,https://drive.google.com/open?id=1DXJn3sLPIcAhSvE9HDcs3LK-Oi_n39tc
x2Sunday,Graded (No Uma Restrictions),"Win A finals with ""oshi"" uma",I accept these terms,Finals,Android - phone or tablet,$101-500,1140,11-20 (roughly 2-3 per day),Discord - MooMooCord - https://discord.gg/Hc7cP9GB,,,Hishi Amazon,Late Surger,Ace built for this CM before CM start in Unity Cup scenario,UG (or higher),2,,1,,3,,,,,Nishino Flower,Pace Chaser,Ace built for this CM before CM start in Trackblazer scenario,SS,1,,,3,2,,,60,38,Symboli Rudolf,End Closer,Debuffer,A+,,1,1,,3,1,,,,4 Attempts - 20 Races total,12,Day 2,,,,,,,,,,,,,,,,,,,,Re-use Day 1 - Team Comp 1 as Day 2 - Team Comp 1,,,,,,,,,,,,,4 Attempts - 20 Races total,15,Day 3,,,,,,,,,,,,,,,,,,Re-use Day 2 - Team Comp 1 as Day 3 - Team Comp 1,A Group,,,,,,,,,,,,,4 Attempts - 20 Races total,12,Day 4,,,,,,,,,,,,,,,,,,Re-use Day 3 - Team Comp 1 as Day 4 - Team Comp 1,A Group,,,,,,,,,,,,,4 Attempts - 20 Races total,14,Go to Submit page,,,,,,,,,,,,,,,,,,A Finals,8792,Re-use Day 4 - Team Comp 1 as Finals Team Comp,,,,,,,,,,https://drive.google.com/open?id=1oDBV3ugr85WhQODtItc76xbtG_echKZW,1st,,,,,,,,,,,2x LEO CUP WINNER HISHIAMA WILL BE COMING FOR THE DIRT NEXT,https://drive.google.com/open?id=1xsPyGtsXZw_5wJkhhD6aK1XMS7Y57rDb,https://drive.google.com/open?id=1exQa5_2ZXHIO5B3RWonBRIQro0YVvXIa,,0,0,6,1,5,https://drive.google.com/open?id=1nsNSlGBD_CDCprzTTC-G_wNF8TiILZsC
Vin,Graded (No Uma Restrictions),Get into A finals,I accept these terms,Finals,,$101-500,1850,31-45 (roughly 5-6 per day),Discord - MooMooCord - https://discord.gg/Hc7cP9GB,5,,Oguri Cap,Pace Chaser,Ace built for this CM before CM start in Unity Cup scenario,UG (or higher),2,,,,4,,,,,Sakura Bakushin O,Pace Chaser,Ace built for this CM before CM start in Unity Cup scenario,UG (or higher),2,,,,4,,,,,Taiki Shuttle,Pace Chaser,Ace built for this CM before CM start in Unity Cup scenario,UG (or higher),2,,,,4,,,,,4 Attempts - 20 Races total,13,Day 2,,,,,,,,,,,,,,,,,,,,Re-use Day 1 - Team Comp 1 as Day 2 - Team Comp 1,,,,,,,,,,,,,4 Attempts - 20 Races total,11,Day 3,,,,,,,,,,,,,,,,,,Re-use Day 2 - Team Comp 1 as Day 3 - Team Comp 1,A Group,,,,,,,,,,,,,4 Attempts - 20 Races total,3,Day 4,,,,,,,,,,,,,,,,,,Re-use Day 3 - Team Comp 1 as Day 4 - Team Comp 1,A Group,,,,,,,,,,,,,4 Attempts - 20 Races total,5,Go to Submit page,,,,,,,,,,,,,,,,,,B Finals,2820,Re-use Day 4 - Team Comp 1 as Finals Team Comp,,,,,,,,,,https://drive.google.com/open?id=1SpLhbjvsdIyJORk0DMXE83eHvWSvb9IQ,1st,,,,,,,,,,,,,,,,,,,,
Prearo,Graded (No Uma Restrictions),Win A finals with any uma,I accept these terms,Finals,Windows,$501-1000,1649,31-45 (roughly 5-6 per day),,,,Taiki Shuttle (Camping),Pace Chaser,Ace built for this CM before CM start in Unity Cup scenario,UG (or higher),2,0,0,1,3,0,0,40,22,Nishino Flower,Pace Chaser,Ace built for this CM before CM start in Unity Cup scenario,UG (or higher),2,,0,1,3,0,0,50,15,Oguri Cap,Late Surger,Ace built for this CM before CM start in Unity Cup scenario,UG (or higher),2,0,2,0,2,0,0,60,19,4 Attempts - 20 Races total,14,Day 2,,,,,,,,,,,,,,,,,,,,Re-use Day 1 - Team Comp 1 as Day 2 - Team Comp 1,,,,,,,,,,,,,4 Attempts - 20 Races total,16,Day 3,,,,,,,,,,,,,,,,,,Re-use Day 2 - Team Comp 1 as Day 3 - Team Comp 1,A Group,,,,,,,,,,,,,4 Attempts - 20 Races total,14,Go to Submit page,,,,,,,,,,,,,,,,,,Re-use Day 3 - Team Comp 1 as Day 4 - Team Comp 1,A Group,,,,,,,,,,,,,4 Attempts - 20 Races total,16,Go to Submit page,,,,,,,,,,,,,,,,,,A Finals,10554,Re-use Day 4 - Team Comp 1 as Finals Team Comp,,,,,,,,,,https://drive.google.com/open?id=12HXtjWHjjGRE_RVbL3E2EKSskeMxbKXA,3rd,No (goes to Submit page),,,,,,,,,,,,,,,,,,,
hamster,Graded (No Uma Restrictions),Get into A finals,I accept these terms,Day 1,Windows,$0,,11-20 (roughly 2-3 per day),Discord - MooMooCord - https://discord.gg/Hc7cP9GB,4,,Matikanefukukitaru (Full Armor),Late Surger,Ace built for this CM before CM start in Unity Cup scenario,SS+,,,,,,,,,,Oguri Cap,Late Surger,Ace built for this CM before CM start in Unity Cup scenario,UG (or higher),,,,,,,,,,Mayano Top Gun (Wedding),Late Surger,Ace built for this CM before CM start in Unity Cup scenario,UG (or higher),,,,,,,,,,4 Attempts - 20 Races total,13,Day 2,,,,,,,,,,,,,,,,,,,,Re-use Day 1 - Team Comp 1 as Day 2 - Team Comp 1,,,,,,,,,,,,,4 Attempts - 20 Races total,14,Day 3,,,,,,,,,,,,,,,,,,Re-use Day 2 - Team Comp 1 as Day 3 - Team Comp 1,A Group,,,,,,,,,,,,,4 Attempts - 20 Races total,12,Day 4,,,,,,,,,,,,,,,,,,Re-use Day 3 - Team Comp 1 as Day 4 - Team Comp 1,A Group,,,,,,,,,,,,,4 Attempts - 20 Races total,15,Go to Submit page,,,,,,,,,,,,,,,,,,,,,,,,,,,,,,,,,,,,,,,,,,,,,,,,,,,
BeeBee,Graded (No Uma Restrictions),Get into A finals,I accept these terms,Finals,"Android - phone or tablet, Windows",$501-1000,1559,11-20 (roughly 2-3 per day),Discord - MooMooCord - https://discord.gg/Hc7cP9GB,5,,Oguri Cap,Pace Chaser,Ace built for this CM before CM start in Unity Cup scenario,UG (or higher),2,,1,,3,,,,20,Curren Chan,Pace Chaser,Ace built for this CM before CM start in Unity Cup scenario,SS+,2,,1,,3,,,,20,Nishino Flower,Pace Chaser,Ace built for this CM before CM start in Unity Cup scenario,SS,1,,,2,3,,,,17,4 Attempts - 20 Races total,17,Day 2,,,,,,,,,,,,,,,,,,,,Re-use Day 1 - Team Comp 1 as Day 2 - Team Comp 1,,,,,,,,,,,,,4 Attempts - 20 Races total,16,Day 3,,,,,,,,,,,,,,,,,,Re-use Day 2 - Team Comp 1 as Day 3 - Team Comp 1,A Group,,,,,,,,,,,,,4 Attempts - 20 Races total,16,Day 4,,,,,,,,,,,,,,,,,,Re-use Day 3 - Team Comp 1 as Day 4 - Team Comp 1,A Group,,,,,,,,,,,,,4 Attempts - 20 Races total,16,Go to Submit page,,,,,,,,,,,,,,,,,,A Finals,11886,Re-use Day 4 - Team Comp 1 as Finals Team Comp,,,,,,,,,,https://drive.google.com/open?id=12KLD463TKzbVI3IL5bSseI2XClh8fWoq,1st,,,,,,,,,,,,https://drive.google.com/open?id=1RAtC3tIJGPXq4_CFYscCwa4--dN5exv6,https://drive.google.com/open?id=19_fimJAqDOnzhPgvnNPe00aAIwqqAuB2,,,,,,,https://drive.google.com/open?id=1VUYK3YQq7k9rbyMzgfS6l_C1P4mpTDXd
Nogamy,Graded (No Uma Restrictions),Get into A finals,I accept these terms,Finals,"Android - phone or tablet, Windows",$501-1000,1168,11-20 (roughly 2-3 per day),Discord - MooMooCord - https://discord.gg/Hc7cP9GB,,,Nishino Flower,Pace Chaser,Ace built for this CM before CM start in Unity Cup scenario,UG (or higher),2,0,1,0,3,0,0,45,20,Curren Chan (Wedding),Pace Chaser,Ace built for this CM before CM start in Unity Cup scenario,UG (or higher),2,0,1,0,3,0,0,50,16,Taiki Shuttle,Pace Chaser,Ace built for this CM before CM start in Unity Cup scenario,UG (or higher),2,0,1,0,3,0,0,45,22,4 Attempts - 20 Races total,11,Day 2,,,,,,,,,,,,,,,,,,,,Re-use Day 1 - Team Comp 1 as Day 2 - Team Comp 1,,,,,,,,,,,,,4 Attempts - 20 Races total,10,Day 3,,,,,,,,,,,,,,,,,,Re-use Day 2 - Team Comp 1 as Day 3 - Team Comp 1,A Group,,,,,,,,,,,,,4 Attempts - 20 Races total,14,Day 4,,,,,,,,,,,,,,,,,,Re-use Day 3 - Team Comp 1 as Day 4 - Team Comp 1,A Group,,,,,,,,,,,,,4 Attempts - 20 Races total,12,Go to Submit page,,,,,,,,,,,,,,,,,,A Finals,9178,Re-use Day 4 - Team Comp 1 as Finals Team Comp,,,,,,,,,,https://drive.google.com/open?id=1XIqbyTAoJE3T-f0G21kokT5tQmK4XXz-,1st,,,,,,,,,,,,https://drive.google.com/open?id=1QlEItQYDmlJbwLnj9jqvs8xFmDSSNg6h,https://drive.google.com/open?id=1LPyZwMjllNNLxQYtrJWM3Ho_CqvPFCy0,,2,0,11,1,0,https://drive.google.com/open?id=1t5PVWMvUX3nxf0QePBouB04edrYYkC54
Yedd,Graded (No Uma Restrictions),Get into A finals,I accept these terms,Day 1,iOS - phone or tablet,$1-100,973,6-10 (roughly 1 per day),"Discord - MooMooCord - https://discord.gg/Hc7cP9GB, Twitch - MooMooCows - https://www.twitch.tv/moomoomoocows, YouTube - MooMooCows - https://www.youtube.com/@MooMooCows",5,,Oguri Cap,Pace Chaser,Ace built for this CM before CM start in Unity Cup scenario,UG (or higher),2,,1,1,2,,,,,Fuji Kiseki (Ballroom),Pace Chaser,Ace built for this CM before CM start in Unity Cup scenario,UG (or higher),2,,1,1,2,,,,,Taiki Shuttle,Pace Chaser,Ace built for this CM before CM start in Unity Cup scenario,UG (or higher),2,,1,1,2,,,,,2 Attempts - 10 Races total,8,Finals,,,,,,,,,,,,,,,,,,,,Re-use Day 1 - Team Comp 1 as Day 2 - Team Comp 1,,,,,,,,,,,,,2 Attempts - 10 Races total,9,Day 3,,,,,,,,,,,,,,,,,,Re-use Day 2 - Team Comp 1 as Day 3 - Team Comp 1,A Group,,,,,,,,,,,,,4 Attempts - 20 Races total,16,Day 4,,,,,,,,,,,,,,,,,,Re-use Day 3 - Team Comp 1 as Day 4 - Team Comp 1,A Group,,,,,,,,,,,,,4 Attempts - 20 Races total,14,Go to Submit page,,,,,,,,,,,,,,,,,,A Finals,7801,Re-use Day 4 - Team Comp 1 as Finals Team Comp,,,,,,,,,,https://drive.google.com/open?id=1hkTPPOgIUvpo6QrEzrCQlnBxs43hUpDT,1st,,,,,,,,,,,Fuji Kiseki Ballroom,https://drive.google.com/open?id=1mS1jE9CBYwIJeDQ0NVsALDnGoYQZlrRz,https://drive.google.com/open?id=12fK_UZsbS4iA_BixTWXD3SjEuC3HxGHf,,5,,5,2,,https://drive.google.com/open?id=1MQSMuqPsAcq8Ke0VChPvAOhMhDi6J8ok
fakeryugu,Graded (No Uma Restrictions),"Win A finals with ""oshi"" uma",I accept these terms,Finals,iOS - phone or tablet,$1-100,,11-20 (roughly 2-3 per day),,5,,Gold City,Late Surger,Ace built for this CM before CM start in Unity Cup scenario,SS+,,,,,,,,,,Narita Taishin,End Closer,Ace built for this CM before CM start in Unity Cup scenario,SS,,,,,,,,,,Air Groove (Wedding),Pace Chaser,Ace built for this CM before CM start in Unity Cup scenario,SS,,,,,,,,,,4 Attempts - 20 Races total,12,Day 2,,,,,,,,,,,,,,,,,,,,Re-use Day 1 - Team Comp 1 as Day 2 - Team Comp 1,,,,,,,,,,,,,4 Attempts - 20 Races total,10,Day 3,,,,,,,,,,,,,,,,,,Re-use Day 2 - Team Comp 1 as Day 3 - Team Comp 1,A Group,,,,,,,,,,,,,4 Attempts - 20 Races total,14,Go to Submit page,,,,,,,,,,,,,,,,,,Add a new Team Comp as Day 4 - Team Comp 1,A Group,Gold City,Late Surger,Ace built for this CM before CM start in Unity Cup scenario,SS+,Narita Taishin,End Closer,Ace built for this CM before CM start in Unity Cup scenario,SS,Air Groove (Wedding),Pace Chaser,Ace built for this CM before CM start in Unity Cup scenario,SS,4 Attempts - 20 Races total,13,Day 1,,,,,,,,,,,,,,,,,,A Finals,,Re-use Day 4 - Team Comp 1 as Finals Team Comp,,,,,,,,,,https://drive.google.com/open?id=12jONO0NCY0vk8M6BxdK6D8jvSus858xv,2nd,No (goes to Submit page),,,,,,,,,,,,,,,,,,,
FaiGor,Graded (No Uma Restrictions),Win A finals with any uma,I accept these terms,Finals,Windows,$501-1000,2306,21-30 (roughly 3-4 per day),Rather not say,3,,Oguri Cap,Pace Chaser,Ace built for this CM before CM start in Unity Cup scenario,UG (or higher),1,,,2,3,,,50,18,Taiki Shuttle,Pace Chaser,Ace built for this CM before CM start in Unity Cup scenario,UG (or higher),1,,,2,3,,,50,18,Nishino Flower,Pace Chaser,Ace built for this CM before CM start in Unity Cup scenario,UG (or higher),1,,,2,3,,,50,18,4 Attempts - 20 Races total,17,Day 2,,,,,,,,,,,,,,,,,,,,Re-use Day 1 - Team Comp 1 as Day 2 - Team Comp 1,,,,,,,,,,,,,4 Attempts - 20 Races total,18,Day 3,,,,,,,,,,,,,,,,,,Re-use Day 2 - Team Comp 1 as Day 3 - Team Comp 1,A Group,,,,,,,,,,,,,4 Attempts - 20 Races total,18,Day 4,,,,,,,,,,,,,,,,,,Re-use Day 3 - Team Comp 1 as Day 4 - Team Comp 1,A Group,,,,,,,,,,,,,4 Attempts - 20 Races total,18,Go to Submit page,,,,,,,,,,,,,,,,,,A Finals,14802,Re-use Day 4 - Team Comp 1 as Finals Team Comp,,,,,,,,,,https://drive.google.com/open?id=10Ynd6yd0cRsa4Y1PZrQpCNYhZsmkUmfS,1st,,,,,,,,,,,,,,,,,,,,
Cyone,Graded (No Uma Restrictions),Get into A finals,I accept these terms,Finals,Android - phone or tablet,$1-100,1800,31-45 (roughly 5-6 per day),Discord - MooMooCord - https://discord.gg/Hc7cP9GB,5,,Nishino Flower,Pace Chaser,Ace built for this CM before CM start in Unity Cup scenario,UG (or higher),2,,1,,3,,,,,Oguri Cap,Pace Chaser,Ace built for this CM before CM start in Unity Cup scenario,UG (or higher),2,,1,,3,,,,,Taiki Shuttle,Pace Chaser,Ace built for this CM before CM start in Unity Cup scenario,UG (or higher),2,,1,,3,,,,,4 Attempts - 20 Races total,19,Day 2,,,,,,,,,,,,,,,,,,,,Re-use Day 1 - Team Comp 1 as Day 2 - Team Comp 1,,,,,,,,,,,,,4 Attempts - 20 Races total,15,Day 3,,,,,,,,,,,,,,,,,,Re-use Day 2 - Team Comp 1 as Day 3 - Team Comp 1,A Group,,,,,,,,,,,,,4 Attempts - 20 Races total,11,Day 4,,,,,,,,,,,,,,,,,,Re-use Day 3 - Team Comp 1 as Day 4 - Team Comp 1,A Group,,,,,,,,,,,,,4 Attempts - 20 Races total,16,Go to Submit page,,,,,,,,,,,,,,,,,,A Finals,12672,Re-use Day 4 - Team Comp 1 as Finals Team Comp,,,,,,,,,,https://drive.google.com/open?id=1jYMuJXEtkZADa6yrWQMMVubKU0sYJKjv,1st,,,,,,,,,,,Proud of my daughter,https://drive.google.com/open?id=1wbqwym36CQebTsbzUh1dm1J_dZa_fzFx,https://drive.google.com/open?id=1dgWp5He8amdWHN3wXwqqVlpcj23QEWsj,,2,,14,,,https://drive.google.com/open?id=1yatvDRFIWAZf7mzPPHg8BdbNtACqOEQ6
Moobie,Graded (No Uma Restrictions),Win A finals with any uma,I accept these terms,Finals,,,640,,Twitch - MooMooCows - https://www.twitch.tv/moomoomoocows,,,Oguri Cap,Pace Chaser,Ace built for this CM before CM start in Unity Cup scenario,SS,2,,,1,3,,,,,Sakura Chiyono O,Pace Chaser,Ace built for this CM before CM start in Unity Cup scenario,SS,2,,,1,3,,,,,Sakura Bakushin O,Pace Chaser,Ace built for this CM before CM start in Unity Cup scenario,UG (or higher),2,,,,4,,,,,4 Attempts - 20 Races total,18,Day 2,,,,,,,,,,,,,,,,,,,,Re-use Day 1 - Team Comp 1 as Day 2 - Team Comp 1,,,,,,,,,,,,,4 Attempts - 20 Races total,13,Day 3,,,,,,,,,,,,,,,,,,Re-use Day 2 - Team Comp 1 as Day 3 - Team Comp 1,A Group,,,,,,,,,,,,,4 Attempts - 20 Races total,11,Day 4,,,,,,,,,,,,,,,,,,Re-use Day 3 - Team Comp 1 as Day 4 - Team Comp 1,A Group,,,,,,,,,,,,,4 Attempts - 20 Races total,14,Go to Submit page,,,,,,,,,,,,,,,,,,A Finals,12233,Re-use Day 4 - Team Comp 1 as Finals Team Comp,,,,,,,,,,,2nd,No (goes to Submit page),,,,,,,,,,,,,,,,,,,
Kai Aiya,Graded (No Uma Restrictions),Win A finals with any uma,I accept these terms,Finals,,$0,,21-30 (roughly 3-4 per day),,,,Curren Chan (Wedding),Pace Chaser,Ace built for this CM before CM start in Unity Cup scenario,UG (or higher),1,,,3,2,,,,,Silence Suzuka,Runaway,Ace built for this CM before CM start in Unity Cup scenario,SS+,1,,,1,4,,,,,Nice Nature (Cheerleader),End Closer,Debuffer,A+,1,,,,3,0,,,,4 Attempts - 20 Races total,15,Day 2,,,,,,,,,,,,,,,,,,,,Re-use Day 1 - Team Comp 1 as Day 2 - Team Comp 1,,,,,,,,,,,,,4 Attempts - 20 Races total,17,Day 3,,,,,,,,,,,,,,,,,,Re-use Day 2 - Team Comp 1 as Day 3 - Team Comp 1,A Group,,,,,,,,,,,,,4 Attempts - 20 Races total,17,Day 4,,,,,,,,,,,,,,,,,,Re-use Day 3 - Team Comp 1 as Day 4 - Team Comp 1,A Group,,,,,,,,,,,,,4 Attempts - 20 Races total,17,Go to Submit page,,,,,,,,,,,,,,,,,,A Finals,10556,Re-use Day 4 - Team Comp 1 as Finals Team Comp,,,,,,,,,,https://drive.google.com/open?id=1uCCTngqLWsU_V9HpgKQfpgrJOURxbe0Q,1st,,,,,,,,,,,Gao~~~,https://drive.google.com/open?id=11CpIoNd9KiIR9_m70N-W25ZbVKOYKiDt,https://drive.google.com/open?id=1RFZRqm6c_9xLpC5-iOUwFkoDHIJpd3Cn,,,,12,3,,https://drive.google.com/open?id=1M7ME6uJk60TU59PV0Xm664dZBsdlk7xq
Rith,Graded (No Uma Restrictions),Get into A finals,I accept these terms,Finals,"Android - phone or tablet, Windows",$501-1000,,11-20 (roughly 2-3 per day),Discord - MooMooCord - https://discord.gg/Hc7cP9GB,5,,Oguri Cap,Pace Chaser,Ace built for this CM before CM start in Unity Cup scenario,UG (or higher),1,,1,,4,,,,,Nishino Flower,Pace Chaser,Ace built for this CM before CM start in Unity Cup scenario,UG (or higher),1,,,3,2,,,,,Taiki Shuttle,Pace Chaser,Ace built for this CM before CM start in Unity Cup scenario,UG (or higher),1,,,3,2,,,,,4 Attempts - 20 Races total,12,Day 2,,,,,,,,,,,,,,,,,,,,Re-use Day 1 - Team Comp 1 as Day 2 - Team Comp 1,,,,,,,,,,,,,4 Attempts - 20 Races total,12,Day 3,,,,,,,,,,,,,,,,,,Re-use Day 2 - Team Comp 1 as Day 3 - Team Comp 1,A Group,,,,,,,,,,,,,4 Attempts - 20 Races total,14,Day 4,,,,,,,,,,,,,,,,,,Re-use Day 3 - Team Comp 1 as Day 4 - Team Comp 1,A Group,,,,,,,,,,,,,4 Attempts - 20 Races total,17,Go to Submit page,,,,,,,,,,,,,,,,,,A Finals,12659,Re-use Day 4 - Team Comp 1 as Finals Team Comp,,,,,,,,,,https://drive.google.com/open?id=12qQkVbGCawHi9Gl6H6v2BSOgmUvve_2R,1st,,,,,,,,,,,,https://drive.google.com/open?id=1oSXhazsuv47_qtVF-jRWLLfcRIjfhWsS,https://drive.google.com/open?id=1um-2Xlx_EydD5iTMD41-sGaozZDc6K6s,,,,,,,https://drive.google.com/open?id=1NpIrEg7R4pEmlNT6Zqk570rY7wxC86s0
R0bin,Graded (No Uma Restrictions),"Win A finals with ""oshi"" uma",I accept these terms,Finals,Android - phone or tablet,$101-500,507,6-10 (roughly 1 per day),YouTube - MooMooCows - https://www.youtube.com/@MooMooCows,4,Still missing option to enter individual uma winrates -- something that I believe would highly contribute to the data analysis for the per-uma global CM stats ,Fuji Kiseki,Pace Chaser,Ace built for this CM before CM start in Unity Cup scenario,UG (or higher),2,,1,,3,,,,,Air Groove,Pace Chaser,Ace built for this CM before CM start in Unity Cup scenario,SS+,2,,1,,3,,,,,Narita Brian,Pace Chaser,Ace built for this CM before CM start in Unity Cup scenario,SS+,2,,,2,2,,,,,4 Attempts - 20 Races total,17,Day 2,,,,,,,,,,,,,,,,,,,,Re-use Day 1 - Team Comp 1 as Day 2 - Team Comp 1,,,,,,,,,,,,,4 Attempts - 20 Races total,14,Day 3,,,,,,,,,,,,,,,,,,Re-use Day 2 - Team Comp 1 as Day 3 - Team Comp 1,A Group,,,,,,,,,,,,,4 Attempts - 20 Races total,9,Day 4,,,,,,,,,,,,,,,,,,Re-use Day 3 - Team Comp 1 as Day 4 - Team Comp 1,A Group,,,,,,,,,,,,,4 Attempts - 20 Races total,4,Go to Submit page,,,,,,,,,,,,,,,,,,A Finals,7077,Re-use Day 4 - Team Comp 1 as Finals Team Comp,,,,,,,,,,,2nd,No (goes to Submit page),,,,,,,,,,,,,,,,,,,
Phanta,Graded (No Uma Restrictions),Win A finals with any uma,I accept these terms,Finals,,$1-100,858,6-10 (roughly 1 per day),,,,Curren Chan,Pace Chaser,Ace built for this CM before CM start in Unity Cup scenario,UG (or higher),2,0,1,0,3,0,0,,,Taiki Shuttle,Pace Chaser,Ace built for this CM before CM start in Unity Cup scenario,SS+,2,0,1,0,3,0,0,,,Fuji Kiseki (Ballroom),Pace Chaser,Ace built for this CM before CM start in Unity Cup scenario,UG (or higher),2,0,1,0,3,0,0,,,4 Attempts - 20 Races total,15,Day 2,,,,,,,,,,,,,,,,,,,,Re-use Day 1 - Team Comp 1 as Day 2 - Team Comp 1,,,,,,,,,,,,,4 Attempts - 20 Races total,17,Day 3,,,,,,,,,,,,,,,,,,Re-use Day 2 - Team Comp 1 as Day 3 - Team Comp 1,A Group,,,,,,,,,,,,,4 Attempts - 20 Races total,13,Day 4,,,,,,,,,,,,,,,,,,Re-use Day 3 - Team Comp 1 as Day 4 - Team Comp 1,A Group,,,,,,,,,,,,,4 Attempts - 20 Races total,11,Go to Submit page,,,,,,,,,,,,,,,,,,A Finals,10428,Re-use Day 4 - Team Comp 1 as Finals Team Comp,,,,,,,,,,,2nd,No (goes to Submit page),,,,,,,,,,,,,,,,,,,
Aoi,Graded (No Uma Restrictions),Get into A finals,I accept these terms,Finals,Android - phone or tablet,$101-500,928,6-10 (roughly 1 per day),Discord - MooMooCord - https://discord.gg/Hc7cP9GB,4,"Can there be an oshi tab? I want to know how to get the oshi mark, when time comes",Curren Chan,Pace Chaser,Ace built for this CM before CM start in Unity Cup scenario,UG (or higher),2,,1,,3,,,,,Taiki Shuttle,Pace Chaser,Ace built for this CM before CM start in Unity Cup scenario,SS,2,,1,,3,,,,,King Halo,Late Surger,Ace built for this CM before CM start in Unity Cup scenario,UG (or higher),2,,1,,3,,,,,3 Attempts - 15 Races total,7,Day 2,,,,,,,,,,,,,,,,,,,,Re-use Day 1 - Team Comp 1 as Day 2 - Team Comp 1,,,,,,,,,,,,,3 Attempts - 15 Races total,9,Day 3,,,,,,,,,,,,,,,,,,Re-use Day 2 - Team Comp 1 as Day 3 - Team Comp 1,A Group,,,,,,,,,,,,,3 Attempts - 15 Races total,9,Day 4,,,,,,,,,,,,,,,,,,Re-use Day 3 - Team Comp 1 as Day 4 - Team Comp 1,A Group,,,,,,,,,,,,,3 Attempts - 15 Races total,6,Go to Submit page,,,,,,,,,,,,,,,,,,A Finals,5513,Re-use Day 4 - Team Comp 1 as Finals Team Comp,,,,,,,,,,https://drive.google.com/open?id=1JpdVJjcEo2ylx77NGasI-lyoEP-O5utc,1st,,,,,,,,,,,,https://drive.google.com/open?id=1_taXKRag_HBgecSrgzuRAUXcoSmn4_CM,https://drive.google.com/open?id=1wEFZRQGdmZxVpr9EAYS8Bi8Vfm_RepXv,,2,,8,2,3,https://drive.google.com/open?id=1QF4-djbSC5YMdEsV8uyU_d5y6qwx6Ugn
dte,Graded (No Uma Restrictions),Get into A finals,I accept these terms,Finals,Windows,$0,1321,,YouTube - MooMooCows - https://www.youtube.com/@MooMooCows,4,,Oguri Cap,Pace Chaser,Ace built for this CM before CM start in Unity Cup scenario,SS,1,,,2,3,,,40,21,Taiki Shuttle,Pace Chaser,Ace built for this CM before CM start in Unity Cup scenario,UG (or higher),1,,,2,3,,,50,20,Nishino Flower,Pace Chaser,Ace built for this CM before CM start in Unity Cup scenario,UG (or higher),2,,,1,3,,,45,18,4 Attempts - 20 Races total,13,Day 2,,,,,,,,,,,,,,,,,,,,Re-use Day 1 - Team Comp 1 as Day 2 - Team Comp 1,,,,,,,,,,,,,4 Attempts - 20 Races total,16,Day 3,,,,,,,,,,,,,,,,,,Add new Team Comp as Day 3 - Team Comp 1,A Group,Oguri Cap,Pace Chaser,Ace built for this CM before CM start in Unity Cup scenario,SS,Taiki Shuttle,Pace Chaser,Ace built for this CM before CM start in Unity Cup scenario,SS+,Copano Rickey,Pace Chaser,Mid-CM Ace build in Unity Cup scenario,SS,4 Attempts - 20 Races total,12,Day 4,,,,,,,,,,,,,,,,,,Re-use Day 3 - Team Comp 1 as Day 4 - Team Comp 1,A Group,,,,,,,,,,,,,4 Attempts - 20 Races total,15,Go to Submit page,,,,,,,,,,,,,,,,,,A Finals,11513,Re-use Day 4 - Team Comp 1 as Finals Team Comp,,,,,,,,,,https://drive.google.com/open?id=1Uuak0eZaSI97ucCcVRh_5HN8oE5vhqQs,1st,,,,,,,,,,,,,,,,,,,,
Torra,Graded (No Uma Restrictions),Win A finals with any uma,I accept these terms,Day 1,iOS - phone or tablet,$1-100,1048,11-20 (roughly 2-3 per day),"Discord - MooMooCord - https://discord.gg/Hc7cP9GB, YouTube - MooMooCows - https://www.youtube.com/@MooMooCows",5,,Oguri Cap,Pace Chaser,Ace built for this CM before CM start in Unity Cup scenario,UG (or higher),2,0,1,0,3,0,0,,,Nishino Flower,Pace Chaser,Ace built for this CM before CM start in Unity Cup scenario,SS,2,0,1,0,3,0,0,,,Taiki Shuttle (Camping),Pace Chaser,Ace built for this CM before CM start in Unity Cup scenario,UG (or higher),2,0,0,1,3,0,0,,,4 Attempts - 20 Races total,17,Day 2,,,,,,,,,,,,,,,,,,,,Re-use Day 1 - Team Comp 1 as Day 2 - Team Comp 1,,,,,,,,,,,,,4 Attempts - 20 Races total,17,Day 3,,,,,,,,,,,,,,,,,,Re-use Day 2 - Team Comp 1 as Day 3 - Team Comp 1,A Group,,,,,,,,,,,,,4 Attempts - 20 Races total,14,Day 4,,,,,,,,,,,,,,,,,,Re-use Day 3 - Team Comp 1 as Day 4 - Team Comp 1,A Group,,,,,,,,,,,,,4 Attempts - 20 Races total,15,Finals,,,,,,,,,,,,,,,,,,A Finals,10782,Re-use Day 4 - Team Comp 1 as Finals Team Comp,,,,,,,,,,https://drive.google.com/open?id=1J9-OkkcSbykGnQNp4zL6B1nlMoNHEl-v,1st,,,,,,,,,,,She ate the competition.,https://drive.google.com/open?id=1drZJA2D4ClyJgc6cIb86rjRBNOE_TF1n,https://drive.google.com/open?id=105zVjg7p7NqmPhEXfYyylTkQKgYJjC5F,,0,0,3,0,3,https://drive.google.com/open?id=1fOBKAqRYbYWxtJNEEv1iq75iks2H92F3
Mememagicks,Graded (No Uma Restrictions),Get into A finals,I accept these terms,Day 2,"Android - phone or tablet, Windows",$1-100,794,11-20 (roughly 2-3 per day),Discord - MooMooCord - https://discord.gg/Hc7cP9GB,3,moo,Taiki Shuttle,Pace Chaser,Ace built for this CM before CM start in Unity Cup scenario,UG (or higher),2,0,0,1,3,0,0,,20,Oguri Cap,Late Surger,Ace built for this CM before CM start in Unity Cup scenario,UG (or higher),2,,1,,3,,,,20,King Halo,Late Surger,Ace built for this CM before CM start in Unity Cup scenario,UG (or higher),2,,1,,3,,,,18,4 Attempts - 20 Races total,20,Day 2,,,,,,,,,,,,,,,,,,,,Re-use Day 1 - Team Comp 1 as Day 2 - Team Comp 1,,,,,,,,,,,,,4 Attempts - 20 Races total,17,Go to Submit page,,,,,,,,,,,,,,,,,,Re-use Day 2 - Team Comp 1 as Day 3 - Team Comp 1,A Group,,,,,,,,,,,,,4 Attempts - 20 Races total,15,Go to Submit page,,,,,,,,,,,,,,,,,,Re-use Day 3 - Team Comp 1 as Day 4 - Team Comp 1,A Group,,,,,,,,,,,,,4 Attempts - 20 Races total,13,Go to Submit page,,,,,,,,,,,,,,,,,,,,,,,,,,,,,,,,,,,,,,,,,,,,,,,,,,,
Suary,Graded (No Uma Restrictions),Win A finals with any uma,I accept these terms,Day 1,Android - phone or tablet,$0,,21-30 (roughly 3-4 per day),"Discord - MooMooCord - https://discord.gg/Hc7cP9GB, YouTube - MooMooCows - https://www.youtube.com/@MooMooCows",4,,Curren Chan (Wedding),Pace Chaser,Ace built for this CM before CM start in Unity Cup scenario,UG (or higher),1,0,0,3,0,0,1,,,Air Groove (Wedding),Pace Chaser,Ace built for this CM before CM start in Unity Cup scenario,UG (or higher),1,0,0,3,0,0,1,,,Silence Suzuka,Runaway,"Debuffer, Pace maker, Overtake target",UG (or higher),1,0,0,1,4,,,,,4 Attempts - 20 Races total,18,Day 3,,,,,,,,,,,,,,,,,,,,Re-use Day 1 - Team Comp 1 as Day 2 - Team Comp 1,,,,,,,,,,,,,4 Attempts - 20 Races total,17,Day 1,,,,,,,,,,,,,,,,,,Re-use Day 2 - Team Comp 1 as Day 3 - Team Comp 1,A Group,,,,,,,,,,,,,4 Attempts - 20 Races total,16,Day 4,,,,,,,,,,,,,,,,,,Re-use Day 3 - Team Comp 1 as Day 4 - Team Comp 1,A Group,,,,,,,,,,,,,4 Attempts - 20 Races total,15,Go to Submit page,,,,,,,,,,,,,,,,,,,,,,,,,,,,,,,,,,,,,,,,,,,,,,,,,,,
Mike,Graded (No Uma Restrictions),"Win A finals with ""oshi"" uma",I accept these terms,Finals,Android - phone or tablet,$1-100,1322,11-20 (roughly 2-3 per day),YouTube - MooMooCows - https://www.youtube.com/@MooMooCows,1,,Mejiro Ardan,Pace Chaser,Ace built for this CM before CM start in Unity Cup scenario,SS,2,0,1,0,3,0,0,45,15,Taiki Shuttle,Pace Chaser,Ace built for this CM before CM start in Unity Cup scenario,SS,2,0,1,0,3,0,0,50,14,Sakura Bakushin O,Pace Chaser,Ace built for this CM before CM start in Unity Cup scenario,SS,1,0,1,1,3,0,0,45,20,4 Attempts - 20 Races total,16,Day 2,,,,,,,,,,,,,,,,,,,,Re-use Day 1 - Team Comp 1 as Day 2 - Team Comp 1,,,,,,,,,,,,,4 Attempts - 20 Races total,15,Day 3,,,,,,,,,,,,,,,,,,Re-use Day 2 - Team Comp 1 as Day 3 - Team Comp 1,A Group,,,,,,,,,,,,,4 Attempts - 20 Races total,8,Day 4,,,,,,,,,,,,,,,,,,Re-use Day 3 - Team Comp 1 as Day 4 - Team Comp 1,A Group,,,,,,,,,,,,,4 Attempts - 20 Races total,15,Go to Submit page,,,,,,,,,,,,,,,,,,A Finals,8184,Re-use Day 4 - Team Comp 1 as Finals Team Comp,,,,,,,,,,https://drive.google.com/open?id=1gfZjrR7v0kwriCdKdc02TZyMn_4tx_89,1st,,,,,,,,,,,Mejiro Ardan late- started. Dozens of runs down the drain for a 2-run Taiki to win instead.,https://drive.google.com/open?id=1XtnCXGs3FlJAsAYve8raD4mWdEYERs9l,https://drive.google.com/open?id=1mfI-4tQxb6Jeikz2LGNfmNHOx6Uex4Bo,,,,13,1,,https://drive.google.com/open?id=1eTvUEpTfo0AvCk2r_wbhenDqDz0K5zo0
Sturm,Graded (No Uma Restrictions),Win A finals with any uma,I accept these terms,Finals,SteamOS - Steam Deck,$101-500,952,11-20 (roughly 2-3 per day),YouTube - MooMooCows - https://www.youtube.com/@MooMooCows,4,,Curren Chan,Pace Chaser,Ace built for this CM before CM start in Unity Cup scenario,UG (or higher),1,,1,1,3,,,,19,Taiki Shuttle,Pace Chaser,Ace built for this CM before CM start in Unity Cup scenario,SS,1,,1,2,2,,,,20,Sakura Bakushin O,Pace Chaser,Ace built for this CM before CM start in Unity Cup scenario,UG (or higher),1,,1,1,3,,,,20,3 Attempts - 15 Races total,10,Day 2,,,,,,,,,,,,,,,,,,,,Re-use Day 1 - Team Comp 1 as Day 2 - Team Comp 1,,,,,,,,,,,,,3 Attempts - 15 Races total,9,Day 3,,,,,,,,,,,,,,,,,,Re-use Day 2 - Team Comp 1 as Day 3 - Team Comp 1,A Group,,,,,,,,,,,,,3 Attempts - 15 Races total,12,Day 4,,,,,,,,,,,,,,,,,,Re-use Day 3 - Team Comp 1 as Day 4 - Team Comp 1,A Group,,,,,,,,,,,,,3 Attempts - 15 Races total,5,Go to Submit page,,,,,,,,,,,,,,,,,,A Finals,8720,Re-use Day 4 - Team Comp 1 as Finals Team Comp,,,,,,,,,,https://drive.google.com/open?id=1o2HvIJrx28tB29NYB2bR2a5z5XaYaR9V,2nd,Yes,https://drive.google.com/open?id=1XuOT5ws0U9c6aejtEqBP_lcI0BczFS-O,https://drive.google.com/open?id=1Lw5KJD9a5DHMwlppz0iDb40lSXKAG5Pm,,11,,5,,,https://drive.google.com/open?id=1o7oGQ3wpwZmH4wuFoRO9rFVB5Qy1TcpU,,,,,,,,,,
Jupiter,Graded (No Uma Restrictions),Get into A finals,I accept these terms,Finals,"Android - phone or tablet, Windows",$101-500,1268,11-20 (roughly 2-3 per day),YouTube - MooMooCows - https://www.youtube.com/@MooMooCows,5,,Oguri Cap,Pace Chaser,Ace built for this CM before CM start in Unity Cup scenario,SS+,1,0,0,2,3,0,0,35,16,Taiki Shuttle (Camping),Pace Chaser,Ace built for this CM before CM start in Unity Cup scenario,UG (or higher),1,0,0,2,3,0,0,45,16,Special Week,Late Surger,Ace built for this CM before CM start in Unity Cup scenario,SS,3,0,0,0,3,0,0,37,19,4 Attempts - 20 Races total,16,Day 2,,,,,,,,,,,,,,,,,,,,Re-use Day 1 - Team Comp 1 as Day 2 - Team Comp 1,,,,,,,,,,,,,4 Attempts - 20 Races total,17,Day 3,,,,,,,,,,,,,,,,,,Re-use Day 2 - Team Comp 1 as Day 3 - Team Comp 1,A Group,,,,,,,,,,,,,4 Attempts - 20 Races total,14,Day 4,,,,,,,,,,,,,,,,,,Re-use Day 3 - Team Comp 1 as Day 4 - Team Comp 1,A Group,,,,,,,,,,,,,4 Attempts - 20 Races total,15,Go to Submit page,,,,,,,,,,,,,,,,,,A Finals,10685,Re-use Day 4 - Team Comp 1 as Finals Team Comp,,,,,,,,,,https://drive.google.com/open?id=1vEYKlE1BZvGM89cZZ5rZ7SVjycmcOG7y,1st,,,,,,,,,,,,https://drive.google.com/open?id=1Qc7pdyZUO2nbrfdtglk9vriMNl8zmtw8,https://drive.google.com/open?id=1OlMnrunvPqACnMpo3CSalLKS8U-l4NOr,,,,6,2,5,https://drive.google.com/open?id=1TyR5riY5AiFUFf_mf-SA88UlFIxoWzxe
Briar,Graded (No Uma Restrictions),"Win A finals with ""oshi"" uma",I accept these terms,Finals,Android - phone or tablet,$101-500,,0-5 (less than 1 per day),"Discord - MooMooCord - https://discord.gg/Hc7cP9GB, YouTube - MooMooCows - https://www.youtube.com/@MooMooCows",5,,Sakura Chiyono O,Pace Chaser,Ace built for this CM before CM start in Unity Cup scenario,SS,,,,,,,,,,Sakura Bakushin O,Pace Chaser,Ace built for this CM before CM start in Unity Cup scenario,SS+,,,,,,,,,,Curren Chan,Pace Chaser,Ace built for this CM before CM start in Unity Cup scenario,UG (or higher),,,,,,,,,,4 Attempts - 20 Races total,7,Day 2,,,,,,,,,,,,,,,,,,,,Re-use Day 1 - Team Comp 1 as Day 2 - Team Comp 1,,,,,,,,,,,,,4 Attempts - 20 Races total,13,Day 3,,,,,,,,,,,,,,,,,,Re-use Day 2 - Team Comp 1 as Day 3 - Team Comp 1,A Group,,,,,,,,,,,,,4 Attempts - 20 Races total,8,Day 4,,,,,,,,,,,,,,,,,,Re-use Day 3 - Team Comp 1 as Day 4 - Team Comp 1,A Group,,,,,,,,,,,,,4 Attempts - 20 Races total,5,Go to Submit page,,,,,,,,,,,,,,,,,,A Finals,11790,Re-use Day 4 - Team Comp 1 as Finals Team Comp,,,,,,,,,,https://drive.google.com/open?id=15CvUJI6HzANYoHWwxdONbGok3gqNDHzj,3rd,No (goes to Submit page),,,,,,,,,,,,,,,,,,,
Whims,Graded (No Uma Restrictions),Win A finals with any uma,I accept these terms,Finals,Windows,$101-500,1305,21-30 (roughly 3-4 per day),Discord - MooMooCord - https://discord.gg/Hc7cP9GB,,,Kitasan Black,Front Runner,Ace built for this CM before CM start in Unity Cup scenario,UG (or higher),2,0,1,0,3,0,0,52,21,Sakura Bakushin O,Front Runner,Ace built for this CM before CM start in Unity Cup scenario,UG (or higher),2,0,1,0,3,0,0,55,22,Curren Chan (Wedding),Pace Chaser,Ace built for this CM before CM start in Unity Cup scenario,SS+,2,0,1,0,3,0,0,35,19,4 Attempts - 20 Races total,11,Go to Submit page,,,,,,,,,,,,,,,,,,,,Re-use Day 1 - Team Comp 1 as Day 2 - Team Comp 1,,,,,,,,,,,,,4 Attempts - 20 Races total,12,Day 3,,,,,,,,,,,,,,,,,,Re-use Day 2 - Team Comp 1 as Day 3 - Team Comp 1,A Group,,,,,,,,,,,,,4 Attempts - 20 Races total,7,Day 4,,,,,,,,,,,,,,,,,,Re-use Day 3 - Team Comp 1 as Day 4 - Team Comp 1,A Group,,,,,,,,,,,,,4 Attempts - 20 Races total,8,Go to Submit page,,,,,,,,,,,,,,,,,,A Finals,10163,Re-use Day 4 - Team Comp 1 as Finals Team Comp,,,,,,,,,,,2nd,No (goes to Submit page),,,,,,,,,,,,,,,,,,,
Dawolfsam,Graded (No Uma Restrictions),"Win A finals with ""oshi"" uma",I accept these terms,Day 1,"Android - phone or tablet, Windows",$0,1192,21-30 (roughly 3-4 per day),Discord - MooMooCord - https://discord.gg/Hc7cP9GB,5,,Agnes Digital,End Closer,Ace built for this CM before CM start in Unity Cup scenario,SS+,2,0,1,0,3,0,0,,,Sweep Tosho,End Closer,Ace built for this CM before CM start in Unity Cup scenario,UG (or higher),2,0,1,0,3,0,0,,,Oguri Cap,Late Surger,Ace built for this CM before CM start in Unity Cup scenario,SS+,2,0,1,0,3,0,0,,,4 Attempts - 20 Races total,14,Day 2,,,,,,,,,,,,,,,,,,,,Re-use Day 1 - Team Comp 1 as Day 2 - Team Comp 1,,,,,,,,,,,,,4 Attempts - 20 Races total,11,Day 3,,,,,,,,,,,,,,,,,,Re-use Day 2 - Team Comp 1 as Day 3 - Team Comp 1,A Group,,,,,,,,,,,,,4 Attempts - 20 Races total,10,Day 4,,,,,,,,,,,,,,,,,,Re-use Day 3 - Team Comp 1 as Day 4 - Team Comp 1,A Group,,,,,,,,,,,,,4 Attempts - 20 Races total,9,Go to Submit page,,,,,,,,,,,,,,,,,,,,,,,,,,,,,,,,,,,,,,,,,,,,,,,,,,,
NA,Graded (No Uma Restrictions),Get into A finals,I accept these terms,Day 1,iOS - phone or tablet,$0,,11-20 (roughly 2-3 per day),YouTube - MooMooCows - https://www.youtube.com/@MooMooCows,5,,Taiki Shuttle,Pace Chaser,Ace built for this CM before CM start in Trackblazer scenario,UG (or higher),2,0,0,1,3,0,0,36,19,Fuji Kiseki (Ballroom),Pace Chaser,Ace built for this CM before CM start in Trackblazer scenario,UG (or higher),1,0,0,2,3,0,0,35,17,Air Groove (Wedding),Pace Chaser,Ace built for this CM before CM start in Trackblazer scenario,SS,2,0,1,0,3,0,0,41,20,4 Attempts - 20 Races total,15,Day 2,,,,,,,,,,,,,,,,,,,,Re-use Day 1 - Team Comp 1 as Day 2 - Team Comp 1,,,,,,,,,,,,,4 Attempts - 20 Races total,15,Day 3,,,,,,,,,,,,,,,,,,Re-use Day 2 - Team Comp 1 as Day 3 - Team Comp 1,A Group,,,,,,,,,,,,,4 Attempts - 20 Races total,15,Day 4,,,,,,,,,,,,,,,,,,Re-use Day 3 - Team Comp 1 as Day 4 - Team Comp 1,A Group,,,,,,,,,,,,,4 Attempts - 20 Races total,13,Finals,,,,,,,,,,,,,,,,,,A Finals,13752,Re-use Day 4 - Team Comp 1 as Finals Team Comp,,,,,,,,,,https://drive.google.com/open?id=1vP32DXbxIdBLMswDuiNrSpS6GsBLzHv1,1st,,,,,,,,,,,,https://drive.google.com/open?id=14Xplc7KOuV8671DBZfCDoMmorl0jnRkV,https://drive.google.com/open?id=1bazo5dHs0FBg06VnHLS0Nn4EFUxjtkH4,,2,0,10,0,2,https://drive.google.com/open?id=133reeJ5tyI8yYwq9TjTYCtjdY--z9LNu
Cater,Graded (No Uma Restrictions),Win A finals with any uma,I accept these terms,Day 3,Android - phone or tablet,$501-1000,1351,21-30 (roughly 3-4 per day),YouTube - MooMooCows - https://www.youtube.com/@MooMooCows,5,,Mihono Bourbon (Valentine),Pace Chaser,Ace built for this CM before CM start in Unity Cup scenario,UG (or higher),2,,1,,3,,,35,17,Taiki Shuttle,Pace Chaser,Ace built for this CM before CM start in Unity Cup scenario,UG (or higher),2,,1,,3,,,35,19,Oguri Cap,Pace Chaser,Ace built for this CM before CM start in Unity Cup scenario,UG (or higher),2,,1,,3,,,35,15,4 Attempts - 20 Races total,14,Day 2,,,,,,,,,,,,,,,,,,,,Re-use Day 1 - Team Comp 1 as Day 2 - Team Comp 1,,,,,,,,,,,,,4 Attempts - 20 Races total,11,Day 3,,,,,,,,,,,,,,,,,,Add new Team Comp as Day 3 - Team Comp 1,A Group,Mihono Bourbon (Valentine),Pace Chaser,Ace built for this CM before CM start in Unity Cup scenario,UG (or higher),Taiki Shuttle,Pace Chaser,Ace built for this CM before CM start in Unity Cup scenario,UG (or higher),Oguri Cap,Pace Chaser,Ace built for this CM before CM start in Unity Cup scenario,UG (or higher),2 Attempts - 10 Races total,4,Day 3 - Add 2nd Team,Add new Team Comp as Day 3 - Team Comp 2,Taiki Shuttle,Pace Chaser,Ace built for this CM before CM start in Unity Cup scenario,UG (or higher),Mayano Top Gun (Wedding),Late Surger,Mid-CM Ace build in Unity Cup scenario,UG (or higher),Oguri Cap,Late Surger,Mid-CM Ace build in Unity Cup scenario,UG (or higher),2 Attempts - 10 Races total,7,2 teams,Day 4,Re-use Day 3 - Team Comp 2 as Day 4 - Team Comp 1,A Group,,,,,,,,,,,,,2 Attempts - 10 Races total,8,Go to Submit page,Add new Team Comp as Day 4 - Team Comp 2,Mihono Bourbon (Valentine),Pace Chaser,Ace built for this CM before CM start in Unity Cup scenario,UG (or higher),Mayano Top Gun (Wedding),Late Surger,Mid-CM Ace build in Unity Cup scenario,UG (or higher),Oguri Cap,Late Surger,Mid-CM Ace build in Unity Cup scenario,UG (or higher),2 Attempts - 10 Races total,7,2 teams,Go to Submit page,,,,,,,,,,,,,,,,,,,,,,,,,,,,,,,,,,
Skyber,Graded (No Uma Restrictions),"Win A finals with ""oshi"" uma",I accept these terms,Finals,Android - phone or tablet,$0,772,6-10 (roughly 1 per day),YouTube - MooMooCows - https://www.youtube.com/@MooMooCows,,,,,,,,,,,,,,,,,,,,,,,,,,,,,,,,,,,,,,,,,,,,,,,,,,,,,,,,,,,,,,,,,,,,,,,,,,,,,,,,,,,,,,,,,,,,,,,,,,,,,,,,,,,,,,,,,,,,,,,,,,,,,,,,,,,Add a new Team Comp as Day 4 - Team Comp 1,A Group,Fine Motion,Pace Chaser,Ace built for this CM before CM start in Unity Cup scenario,UG (or higher),Taiki Shuttle,Pace Chaser,Ace built for this CM before CM start in Unity Cup scenario,UG (or higher),Hishi Akebono,Pace Chaser,Ace built for this CM before CM start in Unity Cup scenario,SS,4 Attempts - 20 Races total,10,Go to Submit page,,,,,,,,,,,,,,,,,,A Finals,,Re-use Day 4 - Team Comp 1 as Finals Team Comp,,,,,,,,,,https://drive.google.com/open?id=1BFDHzQgisxr_iEvvVeHMKPrBb5R4kq0L,2nd,No (goes to Submit page),,,,,,,,,,,,,,,,,,,
Kaina,Graded (No Uma Restrictions),i need to feel something in my life,I accept these terms,Finals,Windows,,,,,,"Can we make sure that the individual known as Cing is utterly devastated, crisped, burnt, smoked, charred, sent into the sun, and other manners of ways to atomize him by denaturing his composition to carbon and ash?",Haru Urara (New Year),Late Surger,Ace built for this CM before CM start in Unity Cup scenario,SS,2,,,,3,,1,,,Oguri Cap,Late Surger,Ace built for this CM before CM start in Unity Cup scenario,UG (or higher),2,,,,3,,1,,,Special Week,Late Surger,Ace built for this CM before CM start in Unity Cup scenario,UG (or higher),2,,,,3,1,,,,4 Attempts - 20 Races total,15,Day 2,,,,,,,,,,,,,,,,,,,,Re-use Day 1 - Team Comp 1 as Day 2 - Team Comp 1,,,,,,,,,,,,,4 Attempts - 20 Races total,14,Day 3,,,,,,,,,,,,,,,,,,Re-use Day 2 - Team Comp 1 as Day 3 - Team Comp 1,A Group,,,,,,,,,,,,,4 Attempts - 20 Races total,13,Day 4,,,,,,,,,,,,,,,,,,Re-use Day 3 - Team Comp 1 as Day 4 - Team Comp 1,A Group,,,,,,,,,,,,,4 Attempts - 20 Races total,11,Go to Submit page,,,,,,,,,,,,,,,,,,A Finals,,Add new Team Comp as Finals Team Comp,Haru Urara (New Year),Late Surger,Mid-CM Ace build in Unity Cup scenario,Agnes Tachyon,End Closer,Debuffer,Grass Wonder,End Closer,Debuffer,https://drive.google.com/open?id=1bUgvUFs3shJWq9filC2WHnGpSnziZDQB,1st,,,,,,,,,,,Next stop: Arima Kinen CM,https://drive.google.com/open?id=1nYh1zUU57vN3sUqAWv6v0AXnSoVd50Q_,https://drive.google.com/open?id=16rH-ryfHR-8drMVI6z8bTpKR92PnCip7,,1,3,6,,,https://drive.google.com/open?id=1LbfWd1IYqbzIRRsZebRF4K_JFf7d4BHD
Nepped Hazama,Graded (No Uma Restrictions),Win A finals with any uma,I accept these terms,Finals,"Android - phone or tablet, Windows",$101-500,608,6-10 (roughly 1 per day),Discord - MooMooCord - https://discord.gg/Hc7cP9GB,5,,Taiki Shuttle,Pace Chaser,Ace built for this CM before CM start in Unity Cup scenario,UG (or higher),2,,,,3,1,,,,Oguri Cap,Pace Chaser,Ace built for this CM before CM start in Unity Cup scenario,S+,2,,,2,2,,,,,Air Groove (Wedding),Pace Chaser,Ace built for this CM before CM start in Unity Cup scenario,SS,2,,,2,2,,,,,4 Attempts - 20 Races total,13,Day 2,,,,,,,,,,,,,,,,,,,,Re-use Day 1 - Team Comp 1 as Day 2 - Team Comp 1,,,,,,,,,,,,,4 Attempts - 20 Races total,13,Day 3,,,,,,,,,,,,,,,,,,Re-use Day 2 - Team Comp 1 as Day 3 - Team Comp 1,A Group,,,,,,,,,,,,,4 Attempts - 20 Races total,11,Day 4,,,,,,,,,,,,,,,,,,Re-use Day 3 - Team Comp 1 as Day 4 - Team Comp 1,A Group,,,,,,,,,,,,,4 Attempts - 20 Races total,5,Go to Submit page,,,,,,,,,,,,,,,,,,A Finals,6205,Re-use Day 4 - Team Comp 1 as Finals Team Comp,,,,,,,,,,https://drive.google.com/open?id=135JOwDhYWPbJGtMYxTMuPbojTPFMwobG,1st,,,,,,,,,,,"Rating is subjective, simply hit and win",https://drive.google.com/open?id=11Noa-Jf0qfI-DOS9Y32B5TroNC-vR-eh,https://drive.google.com/open?id=1cO3fo_qhfCZvVXt3eaNI5ELFeuCuZL8y,,3,,11,,,https://drive.google.com/open?id=1IgNe56sNMPGSQw2ugm_siINlLevSdaP4
Paslos,Graded (No Uma Restrictions),Get into A finals,I accept these terms,Finals,,,,,,,,Taiki Shuttle,Pace Chaser,Ace built for this CM before CM start in Unity Cup scenario,UG (or higher),,,,,,,,,,Fuji Kiseki,Pace Chaser,Ace built for this CM before CM start in Unity Cup scenario,SS,,,,,,,,,,Nishino Flower,Pace Chaser,Ace built for this CM before CM start in Unity Cup scenario,SS+,,,,,,,,,,4 Attempts - 20 Races total,13,Day 2,,,,,,,,,,,,,,,,,,,,Re-use Day 1 - Team Comp 1 as Day 2 - Team Comp 1,,,,,,,,,,,,,4 Attempts - 20 Races total,12,Day 3,,,,,,,,,,,,,,,,,,Re-use Day 2 - Team Comp 1 as Day 3 - Team Comp 1,A Group,,,,,,,,,,,,,4 Attempts - 20 Races total,11,Day 4,,,,,,,,,,,,,,,,,,Re-use Day 3 - Team Comp 1 as Day 4 - Team Comp 1,A Group,,,,,,,,,,,,,4 Attempts - 20 Races total,10,Go to Submit page,,,,,,,,,,,,,,,,,,A Finals,,Re-use Day 4 - Team Comp 1 as Finals Team Comp,,,,,,,,,,https://drive.google.com/open?id=1jgjKTqFyHq3i7dhGbpsNa1NLr7RDbjFA,1st,,,,,,,,,,,,,,,,,,,,
Horsing-san,Graded (No Uma Restrictions),Win A finals with any uma,I accept these terms,Day 4,iOS - phone or tablet,$501-1000,1919,21-30 (roughly 3-4 per day),YouTube - MooMooCows - https://www.youtube.com/@MooMooCows,5,,,,,,,,,,,,,,,,,,,,,,,,,,,,,,,,,,,,,,,,,,,,,,,,,,,,,,,,,,,,,,,,,,,,,,,,,,,,,,,,,,,,,,,,,,,,,,,,,,,,,,,,,,,,,,,,,,,,,,,,,,,,,,,,,,Add a new Team Comp as Day 4 - Team Comp 1,A Group,Taiki Shuttle (Camping),Pace Chaser,Ace built for this CM before CM start in Unity Cup scenario,UG (or higher),Oguri Cap,Pace Chaser,Ace built for this CM before CM start in Unity Cup scenario,UG (or higher),Grass Wonder,Late Surger,Hybrid (ace + debuffer),UG (or higher),4 Attempts - 20 Races total,15,Go to Submit page,,,,,,,,,,,,,,,,,,,,,,,,,,,,,,,,,,,,,,,,,,,,,,,,,,,
Arkhan,Graded (No Uma Restrictions),Win A finals with any uma,I accept these terms,Finals,"Android - phone or tablet, Windows, SteamOS - Steam Deck",$101-500,898,11-20 (roughly 2-3 per day),"Discord - MooMooCord - https://discord.gg/Hc7cP9GB, Twitch - MooMooCows - https://www.twitch.tv/moomoomoocows, YouTube - MooMooCows - https://www.youtube.com/@MooMooCows",5,,Nishino Flower,Pace Chaser,Ace built for this CM before CM start in Unity Cup scenario,UG (or higher),2,,,1,3,,,60,21,Fuji Kiseki (Ballroom),Pace Chaser,Ace built for this CM before CM start in Unity Cup scenario,UG (or higher),2,,,1,3,,,60,21,Air Groove (Wedding),Pace Chaser,Ace built for this CM before CM start in Unity Cup scenario,UG (or higher),2,,,1,3,,,60,21,4 Attempts - 20 Races total,16,Day 2,,,,,,,,,,,,,,,,,,,,Re-use Day 1 - Team Comp 1 as Day 2 - Team Comp 1,,,,,,,,,,,,,4 Attempts - 20 Races total,15,Day 3,,,,,,,,,,,,,,,,,,Re-use Day 2 - Team Comp 1 as Day 3 - Team Comp 1,A Group,,,,,,,,,,,,,4 Attempts - 20 Races total,13,Day 4,,,,,,,,,,,,,,,,,,Re-use Day 3 - Team Comp 1 as Day 4 - Team Comp 1,A Group,,,,,,,,,,,,,4 Attempts - 20 Races total,17,Go to Submit page,,,,,,,,,,,,,,,,,,A Finals,13271,Re-use Day 4 - Team Comp 1 as Finals Team Comp,,,,,,,,,,https://drive.google.com/open?id=1g8O2Ie_cQ_ZzbOKM3h84HJ0Hk06lXcTw,2nd,No (goes to Submit page),,,,,,,,,,,,,,,,,,,
Obsidian,Graded (No Uma Restrictions),Win A finals with any uma,I accept these terms,Finals,Android - phone or tablet,$0,526,0-5 (less than 1 per day),Discord - MooMooCord - https://discord.gg/Hc7cP9GB,5,,Taiki Shuttle,Pace Chaser,Ace built for this CM before CM start in Trackblazer scenario,SS,2,,2,,2,,,60,39,Oguri Cap,Pace Chaser,Ace built for this CM before CM start in Trackblazer scenario,SS,2,,2,,2,,,60,36,Mejiro Ardan,Pace Chaser,Ace built for this CM before CM start in Trackblazer scenario,SS+,2,,2,,2,,,60,40,4 Attempts - 20 Races total,15,Day 2,,,,,,,,,,,,,,,,,,,,Re-use Day 1 - Team Comp 1 as Day 2 - Team Comp 1,,,,,,,,,,,,,4 Attempts - 20 Races total,12,Day 3,,,,,,,,,,,,,,,,,,Re-use Day 2 - Team Comp 1 as Day 3 - Team Comp 1,A Group,,,,,,,,,,,,,4 Attempts - 20 Races total,12,Day 4,,,,,,,,,,,,,,,,,,Re-use Day 3 - Team Comp 1 as Day 4 - Team Comp 1,A Group,,,,,,,,,,,,,3 Attempts - 15 Races total,9,Go to Submit page,,,,,,,,,,,,,,,,,,A Finals,,Re-use Day 4 - Team Comp 1 as Finals Team Comp,,,,,,,,,,https://drive.google.com/open?id=1SKAeDLX-kjFPIWCquYAkHDw3ebDCATlk,2nd,No (goes to Submit page),,,,,,,,,,,,,,,,,,,
FrustratedGrunt,Graded (No Uma Restrictions),Win A finals with any uma,I accept these terms,Day 1,Android - phone or tablet,$101-500,,11-20 (roughly 2-3 per day),,,,El Condor Pasa,Pace Chaser,Ace built for this CM before CM start in Unity Cup scenario,SS,2,,1,1,2,,,,,Curren Chan,Pace Chaser,Ace built for this CM before CM start in Trackblazer scenario,SS,2,,1,1,2,,,,,Taiki Shuttle,Pace Chaser,Ace built for this CM before CM start in Unity Cup scenario,SS,2,,1,1,2,,,,,4 Attempts - 20 Races total,8,Day 2,,,,,,,,,,,,,,,,,,,,Re-use Day 1 - Team Comp 1 as Day 2 - Team Comp 1,,,,,,,,,,,,,4 Attempts - 20 Races total,10,Day 3,,,,,,,,,,,,,,,,,,Re-use Day 2 - Team Comp 1 as Day 3 - Team Comp 1,A Group,,,,,,,,,,,,,4 Attempts - 20 Races total,10,Day 4,,,,,,,,,,,,,,,,,,Re-use Day 3 - Team Comp 1 as Day 4 - Team Comp 1,A Group,,,,,,,,,,,,,4 Attempts - 20 Races total,6,Go to Submit page,,,,,,,,,,,,,,,,,,,,,,,,,,,,,,,,,,,,,,,,,,,,,,,,,,,
Kitty,Open (A+ Grade and Lower Umas Only),win any finals,I accept these terms,Day 1,iOS - phone or tablet,$1-100,349,,Reddit - /r/umamusumeGame,5,,Maruzensky,Front Runner,Ace built for this CM before CM start in Trackblazer scenario,A+,3,0,1,0,2,0,0,42%,28,Sakura Bakushin O,Front Runner,Ace built for this CM before CM start in Trackblazer scenario,A+,3,0,1,0,2,0,0,41,29,Silence Suzuka,Front Runner,Ace built for this CM before CM start in Trackblazer scenario,A+,3,0,0,0,3,0,0,37,28,3 Attempts - 15 Races total,5,Day 2,,,,,,,,,,,,,,,,,,,,Re-use Day 1 - Team Comp 1 as Day 2 - Team Comp 1,,,,,,,,,,,,,2 Attempts - 10 Races total,4,Day 3,,,,,,,,,,,,,,,,,,Re-use Day 2 - Team Comp 1 as Day 3 - Team Comp 1,A Group,,,,,,,,,,,,,3 Attempts - 15 Races total,6,Day 4,,,,,,,,,,,,,,,,,,Re-use Day 3 - Team Comp 1 as Day 4 - Team Comp 1,A Group,,,,,,,,,,,,,4 Attempts - 20 Races total,5,Finals,,,,,,,,,,,,,,,,,,B Finals,953,Re-use Day 4 - Team Comp 1 as Finals Team Comp,,,,,,,,,,,1st,,,,,,,,,,,Maruzensky,,,,1,2,1,0,0,
Fujiko,Graded (No Uma Restrictions),Collect participation rewards,I accept these terms,Finals,Android - phone or tablet,$0,,11-20 (roughly 2-3 per day),YouTube - MooMooCows - https://www.youtube.com/@MooMooCows,4,,,,,,,,,,,,,,,,,,,,,,,,,,,,,,,,,,,,,,,,,,,,,,,,,,,,,,,,,,,,,,,,,,,,,,,,,,,,,,,,,,,,,,,,,,,,,,,,,,,,,,,,,,,,,,,,,,,,,,,,,,,,,,,,,,,,,,,,,,,,,,,,,,,,,,,,,,,,,,,,,,,,A Finals,11352,Re-use Day 4 - Team Comp 1 as Finals Team Comp,,,,,,,,,,https://drive.google.com/open?id=1oBf-tbxmwVwWPJS0EpTTPTXtLot5zq1k,2nd,No (goes to Submit page),,,,,,,,,,,,,,,,,,,
Mayvin,Graded (No Uma Restrictions),Collect participation rewards,I accept these terms,Day 1,"iOS - phone or tablet, Windows",$0,384,0-5 (less than 1 per day),"Twitch - MooMooCows - https://www.twitch.tv/moomoomoocows, YouTube - MooMooCows - https://www.youtube.com/@MooMooCows",,,Nishino Flower,Pace Chaser,Ace built for Team Trials,SS,,,,,,,,,,Sakura Bakushin O,Front Runner,Ace built for Team Trials,S+,,,,,,,,,,Nice Nature,Late Surger,Ace built for Team Trials,S+,,,,,,,,,,4 Attempts - 20 Races total,5,Finals,,,,,,,,,,,,,,,,,,,,,,,,,,,,,,,,,,,,,,,,,,,,,,,,,,,,,,,,,,,,,,,,,,,,,,,,,,,,,,,,,,,,,,,,,,,,,,,,,,,,,,,,,,,,,,,,,,,,,,,,,B Finals,1944,Re-use Day 4 - Team Comp 1 as Finals Team Comp,,,,,,,,,,https://drive.google.com/open?id=1jBGc7G3yr5uxoij9EyAJEwb8MMovj3By,1st,,,,,,,,,,,,,,,,,,,,
koi,Graded (No Uma Restrictions),Get into A finals,I accept these terms,Day 1,iOS - phone or tablet,$101-500,,21-30 (roughly 3-4 per day),"Discord - MooMooCord - https://discord.gg/Hc7cP9GB, Reddit - /r/umamusumeGame",,,Taiki Shuttle,Pace Chaser,Ace built for this CM before CM start in Unity Cup scenario,UG (or higher),2,0,0,1,3,0,0,60,20,Nishino Flower,Pace Chaser,Ace built for this CM before CM start in Unity Cup scenario,UG (or higher),2,0,1,0,3,0,0,50,21,Sweep Tosho,End Closer,Debuffer,SS,2,0,,0,4,0,0,45,20,4 Attempts - 20 Races total,13,Day 2,,,,,,,,,,,,,,,,,,,,Re-use Day 1 - Team Comp 1 as Day 2 - Team Comp 1,,,,,,,,,,,,,4 Attempts - 20 Races total,14,Day 3,,,,,,,,,,,,,,,,,,Re-use Day 2 - Team Comp 1 as Day 3 - Team Comp 1,A Group,,,,,,,,,,,,,4 Attempts - 20 Races total,14,Day 4,,,,,,,,,,,,,,,,,,Re-use Day 3 - Team Comp 1 as Day 4 - Team Comp 1,A Group,,,,,,,,,,,,,4 Attempts - 20 Races total,14,Finals,,,,,,,,,,,,,,,,,,A Finals,10037,Re-use Day 4 - Team Comp 1 as Finals Team Comp,,,,,,,,,,https://drive.google.com/open?id=1VE0laEvbX-8X-fCUYMJSzNMnU5mNWeEL,1st,,,,,,,,,,,,https://drive.google.com/open?id=1GLIMzsNIELuTrHG2myl-_F4VO_c2LZn4,https://drive.google.com/open?id=1jeFW2fkHBFym1MQc0Hc3G5XdZq-SmOf8,,,3,13,,,https://drive.google.com/open?id=1Cti-74ePYsHBQKv_gVK-EjyErJ7inr9p
TJ4,Graded (No Uma Restrictions),Get into A finals,I accept these terms,Day 1,Windows,$1-100,628,11-20 (roughly 2-3 per day),Discord - MooMooCord - https://discord.gg/Hc7cP9GB,5,,Bamboo memory,Late Surger,Ace built for this CM before CM start in Unity Cup scenario,SS,2,,1,,3,,,,,Taiki Shuttle,Pace Chaser,Ace built for this CM before CM start in Unity Cup scenario,UG (or higher),2,,1,,3,,,,,Oguri Cap,Pace Chaser,Ace built for this CM before CM start in Unity Cup scenario,SS+,2,,1,,3,,,,,4 Attempts - 20 Races total,10,Day 2,,,,,,,,,,,,,,,,,,,,Re-use Day 1 - Team Comp 1 as Day 2 - Team Comp 1,,,,,,,,,,,,,4 Attempts - 20 Races total,14,Day 3,,,,,,,,,,,,,,,,,,Re-use Day 2 - Team Comp 1 as Day 3 - Team Comp 1,A Group,,,,,,,,,,,,,4 Attempts - 20 Races total,12,Day 4,,,,,,,,,,,,,,,,,,Re-use Day 3 - Team Comp 1 as Day 4 - Team Comp 1,A Group,,,,,,,,,,,,,4 Attempts - 20 Races total,14,Finals,,,,,,,,,,,,,,,,,,A Finals,9120,Re-use Day 4 - Team Comp 1 as Finals Team Comp,,,,,,,,,,https://drive.google.com/open?id=11tFdm5AEXAGy9ClIKtZr1MjxlhL6Hs0x,1st,,,,,,,,,,,,,,,,,,,,
Ashe~,Graded (No Uma Restrictions),Win A finals with any uma,I accept these terms,Day 1,Windows,$1-100,1166,11-20 (roughly 2-3 per day),"Discord - MooMooCord - https://discord.gg/Hc7cP9GB, YouTube - MooMooCows - https://www.youtube.com/@MooMooCows",5,,Oguri Cap,Pace Chaser,Ace built for this CM before CM start in Unity Cup scenario,SS,2,0,1,0,3,0,0,,,Nishino Flower,Pace Chaser,Ace built for this CM before CM start in Unity Cup scenario,SS,2,0,1,1,2,0,0,,,Rice Shower (Halloween),Pace Chaser,Ace built for this CM before CM start in Unity Cup scenario,SS+,3,0,0,1,2,0,0,,,4 Attempts - 20 Races total,10,Finals,,,,,,,,,,,,,,,,,,,,Re-use Day 1 - Team Comp 1 as Day 2 - Team Comp 1,,,,,,,,,,,,,4 Attempts - 20 Races total,9,Day 3,,,,,,,,,,,,,,,,,,Re-use Day 2 - Team Comp 1 as Day 3 - Team Comp 1,A Group,,,,,,,,,,,,,4 Attempts - 20 Races total,9,Day 4,,,,,,,,,,,,,,,,,,Re-use Day 3 - Team Comp 1 as Day 4 - Team Comp 1,A Group,,,,,,,,,,,,,4 Attempts - 20 Races total,7,Finals,,,,,,,,,,,,,,,,,,A Finals,8745,Re-use Day 4 - Team Comp 1 as Finals Team Comp,,,,,,,,,,https://drive.google.com/open?id=1RgDFDZmGYxt4YDB40_HTy-5OeF5r3JWC,1st,,,,,,,,,,,,https://drive.google.com/open?id=1-sqTSk-EizOE0t7_02MqEfmootrjDhnX,https://drive.google.com/open?id=1tMPvWZsh6ogTNkwHS4JVtU26EDJIxgDE,,2,3,7,2,0,https://drive.google.com/open?id=1HOZzHo7fuhxOlBIBo_lA-iWy8LPSwq_v
Mbreadman,Graded (No Uma Restrictions),Get into A finals,I accept these terms,Finals,"iOS - phone or tablet, Windows",$101-500,791,6-10 (roughly 1 per day),YouTube - MooMooCows - https://www.youtube.com/@MooMooCows,4,,,,,,,,,,,,,,,,,,,,,,,,,,,,,,,,,,,,,,,,,,,,,,,,,,,,,,,,,,,,,,,,,,,,,,,,,,,,,,,,,,,,,,,,,,,,,,,,,,,,,,,,,,,,,,,,,,,,,,,,,,,,,,,,,,,,,,,,,,,,,,,,,,,,,,,,,,,,,,,,,,,,A Finals,5799,Add new Team Comp as Finals Team Comp,Maruzensky (Summer),Front Runner,Ace built for this CM before CM start in Unity Cup scenario,Sakura Bakushin O,Pace Chaser,Ace built for Team Trials,Hishi Akebono,Pace Chaser,Ace built for this CM before CM start in Unity Cup scenario,https://drive.google.com/open?id=1J8LpVXk9GK75aRffzzBjMsjv6BJSCEhl,1st,,,,,,,,,,,,,,,,,,,,
Gord,Graded (No Uma Restrictions),Get into A finals,I accept these terms,Go to Submit page,"Android - phone or tablet, Windows",$101-500,979,11-20 (roughly 2-3 per day),Discord - MooMooCord - https://discord.gg/Hc7cP9GB,5,,Oguri Cap,Late Surger,Ace built for this CM before CM start in Unity Cup scenario,UG (or higher),2,0,1,0,3,0,0,,,Taiki Shuttle,Pace Chaser,Ace built for this CM before CM start in Unity Cup scenario,SS+,2,0,1,0,3,0,0,,,Air Groove,Late Surger,Ace built for this CM before CM start in Unity Cup scenario,UG (or higher),2,0,1,0,3,0,0,,,4 Attempts - 20 Races total,11,Day 2,,,,,,,,,,,,,,,,,,,,Re-use Day 1 - Team Comp 1 as Day 2 - Team Comp 1,,,,,,,,,,,,,4 Attempts - 20 Races total,12,Day 3,,,,,,,,,,,,,,,,,,Re-use Day 2 - Team Comp 1 as Day 3 - Team Comp 1,A Group,,,,,,,,,,,,,4 Attempts - 20 Races total,11,Day 4,,,,,,,,,,,,,,,,,,Re-use Day 3 - Team Comp 1 as Day 4 - Team Comp 1,A Group,,,,,,,,,,,,,4 Attempts - 20 Races total,12,Finals,,,,,,,,,,,,,,,,,,A Finals,9277,Re-use Day 4 - Team Comp 1 as Finals Team Comp,,,,,,,,,,https://drive.google.com/open?id=1yG3zQY5VAiZzXLQzOqXj5I2uILscBnJO,2nd,No (goes to Submit page),,,,,,,,,,,,,,,,,,,
Shykin,Graded (No Uma Restrictions),Get into A finals,I accept these terms,Day 1,Windows,$1-100,,11-20 (roughly 2-3 per day),,,,Taiki Shuttle (Camping),Pace Chaser,Ace built for this CM before CM start in Unity Cup scenario,UG (or higher),2,,1,,3,,,,,Oguri Cap,Pace Chaser,Ace built for this CM before CM start in Unity Cup scenario,UG (or higher),2,,1,,3,,,,,Nishino Flower,Pace Chaser,Ace built for this CM before CM start in Unity Cup scenario,UG (or higher),2,,1,,3,,,,,4 Attempts - 20 Races total,13,Day 2,,,,,,,,,,,,,,,,,,,,Re-use Day 1 - Team Comp 1 as Day 2 - Team Comp 1,,,,,,,,,,,,,4 Attempts - 20 Races total,11,Day 3,,,,,,,,,,,,,,,,,,Re-use Day 2 - Team Comp 1 as Day 3 - Team Comp 1,A Group,,,,,,,,,,,,,4 Attempts - 20 Races total,13,Day 4,,,,,,,,,,,,,,,,,,Re-use Day 3 - Team Comp 1 as Day 4 - Team Comp 1,A Group,,,,,,,,,,,,,4 Attempts - 20 Races total,17,Finals,,,,,,,,,,,,,,,,,,A Finals,9478,Re-use Day 4 - Team Comp 1 as Finals Team Comp,,,,,,,,,,https://drive.google.com/open?id=1Fp28rykLuG0emZJXjQJrCjTfrM9V3VAl,2nd,No (goes to Submit page),,,,,,,,,,,,,,,,,,,
Cheeseburger,Graded (No Uma Restrictions),"Win A finals with ""oshi"" uma",I accept these terms,Finals,Windows,$1-100,854,11-20 (roughly 2-3 per day),Discord - MooMooCord - https://discord.gg/Hc7cP9GB,5,I didn't see where I should write which uma won the finals,Meisho Doto,Pace Chaser,Ace built for this CM before CM start in Unity Cup scenario,SS,2,,1,,3,,,,,Taiki Shuttle,Pace Chaser,Ace built for this CM before CM start in Unity Cup scenario,SS,,,,,,,,,,Mejiro Ryan,Late Surger,Ace built for this CM before CM start in Unity Cup scenario,SS,,,,,,,,,,4 Attempts - 20 Races total,12,Finals,,,,,,,,,,,,,,,,,,,,,,,,,,,,,,,,,,,,,,,,,,,,,,,,,,,,,,,,,,,,,,,,,,,,,,,,,,,,,,,,,,,,,,,,,,,,,,,,,,,,,,,,,,,,,,,,,,,,,,,,,A Finals,10731,Re-use Day 4 - Team Comp 1 as Finals Team Comp,,,,,,,,,,https://drive.google.com/open?id=1I-8G0a_HdTqZ6xyNdIunighWK0L0aJuB,1st,,,,,,,,,,,Three cheers for the Centennial Tempest,https://drive.google.com/open?id=1oNKUE4S0G7XcGm3E3kU9aqx7voz-4nkV,https://drive.google.com/open?id=1eHe7JtbbF8yUPoMOQa8sUD7Z_DQcgxr7,,,,8,,,https://drive.google.com/open?id=1m6TpdzDTaNgyVJRXY5jQMFHufN4a4-l9
DrifterDane,Graded (No Uma Restrictions),Get into A finals,I accept these terms,Day 1,"Android - phone or tablet, Windows",$1-100,,21-30 (roughly 3-4 per day),Discord - MooMooCord - https://discord.gg/Hc7cP9GB,,,King Halo,Late Surger,Ace built for this CM before CM start in Unity Cup scenario,UG (or higher),2,,1,0,3,0,0,,,Fuji Kiseki,Pace Chaser,Ace built for this CM before CM start in Unity Cup scenario,UG (or higher),2,0,1,0,3,0,0,,,Air Groove,Late Surger,Ace built for this CM before CM start in Unity Cup scenario,SS+,2,0,1,0,3,0,0,,,4 Attempts - 20 Races total,16,Day 2,,,,,,,,,,,,,,,,,,,,Re-use Day 1 - Team Comp 1 as Day 2 - Team Comp 1,,,,,,,,,,,,,4 Attempts - 20 Races total,16,Day 3,,,,,,,,,,,,,,,,,,Re-use Day 2 - Team Comp 1 as Day 3 - Team Comp 1,A Group,,,,,,,,,,,,,4 Attempts - 20 Races total,10,Day 4,,,,,,,,,,,,,,,,,,Re-use Day 3 - Team Comp 1 as Day 4 - Team Comp 1,A Group,,,,,,,,,,,,,4 Attempts - 20 Races total,13,Finals,,,,,,,,,,,,,,,,,,A Finals,8383,Re-use Day 4 - Team Comp 1 as Finals Team Comp,,,,,,,,,,https://drive.google.com/open?id=10oH_gRLWiNzGlzaEiTBA6zGFePquocrO,1st,,,,,,,,,,,,https://drive.google.com/open?id=1va8oaixz2-NaZGk6eT1hpKNUnrEHkONM,https://drive.google.com/open?id=1Ng-fHiXa0lCBDtA5L0gRBVGfOlFtKGNk,,2,2,6,2,0,https://drive.google.com/open?id=15OIM7jtkse6qG1Y_PFnzf4TkwJmB-IhE
ByeBye,Graded (No Uma Restrictions),Try and make a backline uma win finals,I accept these terms,Finals,Android - phone or tablet,$101-500,1002,6-10 (roughly 1 per day),Discord - MooMooCord - https://discord.gg/Hc7cP9GB,5,Make an unc award for the most jobber lobby win in a finals,,,,,,,,,,,,,,,,,,,,,,,,,,,,,,,,,,,,,,,,,,,,,,,,,,,,,,,,,,,,,,,,,,,,,,,,,,,,,,,,,,,,,,,,,,,,,,,,,,,,,,,,,,,,,,,,,,,,,,,,,,,,,,,,,,,,,,,,,,,,,,,,,,,,,,,,,,,,,,,,,,,A Finals,13876,Re-use Day 4 - Team Comp 1 as Finals Team Comp,,,,,,,,,,https://drive.google.com/open?id=1gf-_oWSf1O21_-zzhoaoh9OM3qqyPF5M,1st,,,,,,,,,,,As long there is a bamboo stick in the corner no studying done is hard to remember,https://drive.google.com/open?id=1KDBNjeDKSE58-wKBrQEGKvVeP7Bxtu62,https://drive.google.com/open?id=1iRP3OhFxrne5ElldyHzBCwNZG4dj9GR-,,0,0,10,3,0,https://drive.google.com/open?id=1F8y4lg1AC38I27c93RusiYFurGBsR-j9
Guster,Graded (No Uma Restrictions),Get into A finals,I accept these terms,Day 1,iOS - phone or tablet,$0,,21-30 (roughly 3-4 per day),"Discord - MooMooCord - https://discord.gg/Hc7cP9GB, YouTube - MooMooCows - https://www.youtube.com/@MooMooCows",5,thank you for fixing the thing,King Halo,Late Surger,Ace built for this CM before CM start in Unity Cup scenario,SS,3,0,0,0,3,0,0,,,Air Groove (Wedding),Late Surger,Ace built for this CM before CM start in Unity Cup scenario,SS,3,0,0,0,3,0,0,,,Oguri Cap,Late Surger,Ace built for this CM before CM start in Unity Cup scenario,SS+,3,0,0,0,3,0,0,,,4 Attempts - 20 Races total,12,Day 2,,,,,,,,,,,,,,,,,,,,Re-use Day 1 - Team Comp 1 as Day 2 - Team Comp 1,,,,,,,,,,,,,4 Attempts - 20 Races total,14,Day 3,,,,,,,,,,,,,,,,,,Re-use Day 2 - Team Comp 1 as Day 3 - Team Comp 1,A Group,,,,,,,,,,,,,4 Attempts - 20 Races total,6,Day 4,,,,,,,,,,,,,,,,,,Re-use Day 3 - Team Comp 1 as Day 4 - Team Comp 1,A Group,,,,,,,,,,,,,4 Attempts - 20 Races total,10,Finals,,,,,,,,,,,,,,,,,,A Finals,7816,Re-use Day 4 - Team Comp 1 as Finals Team Comp,,,,,,,,,,https://drive.google.com/open?id=17F34TGGbA8HB7VGV9SIRSActQFaJXnsa,3rd,Yes,https://drive.google.com/open?id=1Zb9QYWf4pUVSXKzE3s0w9nc2R2n5xUFK,https://drive.google.com/open?id=1tdfwpZDG6mcP0fDHeW8pbriVlx_-80vE,,0,0,18,0,0,https://drive.google.com/open?id=1EtJSUFQBuH91CPKwockUthrhVv72Um7a,,,,,,,,,,
Th3Saint,Graded (No Uma Restrictions),Get into A finals,I accept these terms,Day 1,"Android - phone or tablet, Linux",$501-1000,,21-30 (roughly 3-4 per day),"Discord - MooMooCord - https://discord.gg/Hc7cP9GB, YouTube - MooMooCows - https://www.youtube.com/@MooMooCows",5,,Taiki Shuttle,Pace Chaser,Ace built for this CM before CM start in Unity Cup scenario,SS+,2,,2,,2,,,45,24,Mayano Top Gun (Wedding),Late Surger,Ace built for this CM before CM start in Unity Cup scenario,UG (or higher),3,,1,,2,,,60,19,Gold Ship,Late Surger,Ace built for this CM before CM start in Unity Cup scenario,SS,3,,1,,2,,,60,,3 Attempts - 15 Races total,14,Day 2,,,,,,,,,,,,,,,,,,,,Re-use Day 1 - Team Comp 1 as Day 2 - Team Comp 1,,,,,,,,,,,,,3 Attempts - 15 Races total,12,Day 3,,,,,,,,,,,,,,,,,,Re-use Day 2 - Team Comp 1 as Day 3 - Team Comp 1,A Group,,,,,,,,,,,,,4 Attempts - 20 Races total,14,Day 4,,,,,,,,,,,,,,,,,,Re-use Day 3 - Team Comp 1 as Day 4 - Team Comp 1,A Group,,,,,,,,,,,,,4 Attempts - 20 Races total,12,Finals,,,,,,,,,,,,,,,,,,A Finals,8273,Add new Team Comp as Finals Team Comp,Taiki Shuttle,Pace Chaser,Ace built for this CM before CM start in Unity Cup scenario,Mayano Top Gun (Wedding),Late Surger,Ace built for this CM before CM start in Unity Cup scenario,Gold Ship,Late Surger,Mid-CM Ace build in Unity Cup scenario,https://drive.google.com/open?id=1QC7yvT7jMkunIxAPkW6dq0hmOOUpGqsP,1st,,,,,,,,,,,Love is a force withou equal driving us to Victory,https://drive.google.com/open?id=17J6W-mY5Hh7Qb48mt_YaWLHRusaR1NLS,https://drive.google.com/open?id=18AlRTfm2PusrNc2u2bWh81oXSsW6a0qM,,2,,10,2,,https://drive.google.com/open?id=1cle2oFlreBRdCG3eh_afj_N_YipqIlZG
Yooni,Graded (No Uma Restrictions),Get into A finals,I accept these terms,Day 1,"Android - phone or tablet, Windows",$501-1000,1806,31-45 (roughly 5-6 per day),Discord - MooMooCord - https://discord.gg/Hc7cP9GB,,,Gold City (Festival),Pace Chaser,Ace built for this CM before CM start in Unity Cup scenario,SS+,2,,1,,3,,,40,20,Tokai Teio,Pace Chaser,Ace built for this CM before CM start in Unity Cup scenario,SS,2,,,1,3,,,40,21,Nishino Flower,Pace Chaser,Ace built for this CM before CM start in Unity Cup scenario,SS,2,,,1,3,,,40,21,4 Attempts - 20 Races total,12,Finals,,,,,,,,,,,,,,,,,,,,Re-use Day 1 - Team Comp 1 as Day 2 - Team Comp 1,,,,,,,,,,,,,4 Attempts - 20 Races total,12,Day 3,,,,,,,,,,,,,,,,,,Re-use Day 2 - Team Comp 1 as Day 3 - Team Comp 1,A Group,,,,,,,,,,,,,4 Attempts - 20 Races total,9,Day 4,,,,,,,,,,,,,,,,,,Re-use Day 3 - Team Comp 1 as Day 4 - Team Comp 1,A Group,,,,,,,,,,,,,4 Attempts - 20 Races total,13,Day 1,,,,,,,,,,,,,,,,,,A Finals,9258,Re-use Day 4 - Team Comp 1 as Finals Team Comp,,,,,,,,,,https://drive.google.com/open?id=1s35WBM0dA73iiR19CVsuWJLhIUyIxTgf,1st,,,,,,,,,,,TOKAI TEIO GA KITA,https://drive.google.com/open?id=1LMYOpoQ4DRm0IRm2XLarYv_MoZuwJuGg,https://drive.google.com/open?id=1CHOnYm2nPCjYH_Pc1FIOwaF6d4fUP4Pj,,,,6,,2,https://drive.google.com/open?id=1e_0phb2ZmLtcE8i5rste50UdocBWuuGx
Pwnbeard,Open (A+ Grade and Lower Umas Only),Collect participation rewards,I accept these terms,Finals,Windows,$101-500,906,6-10 (roughly 1 per day),YouTube - MooMooCows - https://www.youtube.com/@MooMooCows,3,,,,,,,,,,,,,,,,,,,,,,,,,,,,,,,,,,,,,,,,,,,,,,,,,,,,,,,,,,,,,,,,,,,,,,,,,,,,,,,,,,,,,,,,,,,,,,,,,,,,,,,,,,,,,,,,,,,,,,,,,,,,,,,,,,,,,,,,,,,,,,,,,,,,,,,,,,,,,,,,,,,,A Finals,12357,Add new Team Comp as Finals Team Comp,Hishi Amazon,End Closer,Ace built for this CM before CM start in Unity Cup scenario,Nishino Flower,Pace Chaser,Ace built for this CM before CM start in Unity Cup scenario,Hishi Akebono,Pace Chaser,Ace built for this CM before CM start in Unity Cup scenario,https://drive.google.com/open?id=1vMCdZkN7Y_r-TwOo0YhFk6Ys2zW4bbDz,1st,,,,,,,,,,,Victory for Hishiama nation!,https://drive.google.com/open?id=1PwRjHOW-uKixlMo7TVS-5ty0Mw9F08S_,https://drive.google.com/open?id=1sG_nGf2cvbNiOCYNBQ4t-LbIU8uR2HHF,,3,2,9,2,0,https://drive.google.com/open?id=16xGCcax8fHSSEiL7jvlxHIXZ4H9coQTt
Naena,Graded (No Uma Restrictions),Win A finals with any uma,I accept these terms,Day 1,Windows,$1-100,1286,21-30 (roughly 3-4 per day),"Discord - MooMooCord - https://discord.gg/Hc7cP9GB, YouTube - MooMooCows - https://www.youtube.com/@MooMooCows",,,Taiki Shuttle (Camping),Pace Chaser,Ace built for this CM before CM start in Unity Cup scenario,SS+,2,,,2,2,,,,,Mayano Top Gun (Wedding),Late Surger,Ace built for this CM before CM start in Unity Cup scenario,SS+,3,,,,3,,,,,Symboli Rudolf,End Closer,Debuffer,SS,,1,1,,3,1,,,,4 Attempts - 20 Races total,17,Day 2,,,,,,,,,,,,,,,,,,,,Re-use Day 1 - Team Comp 1 as Day 2 - Team Comp 1,,,,,,,,,,,,,4 Attempts - 20 Races total,18,Day 3,,,,,,,,,,,,,,,,,,Re-use Day 2 - Team Comp 1 as Day 3 - Team Comp 1,A Group,,,,,,,,,,,,,4 Attempts - 20 Races total,18,Day 4,,,,,,,,,,,,,,,,,,Re-use Day 3 - Team Comp 1 as Day 4 - Team Comp 1,A Group,,,,,,,,,,,,,4 Attempts - 20 Races total,20,Finals,,,,,,,,,,,,,,,,,,A Finals,13385,Re-use Day 4 - Team Comp 1 as Finals Team Comp,,,,,,,,,,https://drive.google.com/open?id=1GKdoSeLX30MovsAj8cpu66z7grb_opbk,1st,,,,,,,,,,,,https://drive.google.com/open?id=1BQSHMz1jsWU6PtQQRK-T49XqDyvDDGkI,https://drive.google.com/open?id=1kEJpm6SMcaTozi0D3bY9I7Jp3c0eyAg6,,,,9,2,3,https://drive.google.com/open?id=1_m-8R5HiPtiaud2LQlNhFN445Hw-fABa
Scheffe,Graded (No Uma Restrictions),Get into A finals,I accept these terms,Day 1,iOS - phone or tablet,$0,997,11-20 (roughly 2-3 per day),"Friend sent me the link, Discord - MooMooCord - https://discord.gg/Hc7cP9GB, YouTube - MooMooCows - https://www.youtube.com/@MooMooCows",4,have an option to manually fill out cards for winning uma,Mihono Bourbon (Valentine),Front Runner,Ace built for this CM before CM start in Unity Cup scenario,SS,2,0,0,1,3,0,0,36,18,Sakura Bakushin O,Front Runner,Ace built for this CM before CM start in Unity Cup scenario,UG (or higher),2,0,0,0,4,0,0,35,17,Curren Chan,Pace Chaser,Ace built for this CM before CM start in Unity Cup scenario,SS,2,0,0,0,2,0,1,36,16,4 Attempts - 20 Races total,9,Day 2,,,,,,,,,,,,,,,,,,,,Re-use Day 1 - Team Comp 1 as Day 2 - Team Comp 1,,,,,,,,,,,,,4 Attempts - 20 Races total,11,Day 3,,,,,,,,,,,,,,,,,,Re-use Day 2 - Team Comp 1 as Day 3 - Team Comp 1,A Group,,,,,,,,,,,,,4 Attempts - 20 Races total,5,Day 4,,,,,,,,,,,,,,,,,,Re-use Day 3 - Team Comp 1 as Day 4 - Team Comp 1,A Group,,,,,,,,,,,,,4 Attempts - 20 Races total,13,Finals,,,,,,,,,,,,,,,,,,A Finals,8942,Re-use Day 4 - Team Comp 1 as Finals Team Comp,,,,,,,,,,https://drive.google.com/open?id=1OcBqW1LLafuyBY_moB3amugSA9Typ26F,1st,,,,,,,,,,,,https://drive.google.com/open?id=1p_hzXkk3Q3e68YtUft_NJh_N0rPpOEvH,https://drive.google.com/open?id=166Ni5Vwn3ClWEtvAg4BJOnl_DyxBTTU-,,0,0,17,0,0,https://drive.google.com/open?id=11m_DVm9oYPogWXvQFGJ3BV29U1z1hK5r
Kogata39,Graded (No Uma Restrictions),"Win A finals with ""oshi"" uma",I accept these terms,Finals,Linux,,,,Discord - MooMooCord - https://discord.gg/Hc7cP9GB,4,,,,,,,,,,,,,,,,,,,,,,,,,,,,,,,,,,,,,,,,,,,,,,,,,,,,,,,,,,,,,,,,,,,,,,,,,,,,,,,,,,,,,,,,,,,,,,,,,,,,,,,,,,,,,,,,,,,,,,,,,,,,,,,,,,,,,,,,,,,,,,,,,,,,,,,,,,,,,,,,,,,,A Finals,10283,Add new Team Comp as Finals Team Comp,Tokai Teio,Pace Chaser,Ace built for this CM before CM start in Unity Cup scenario,Mayano Top Gun (Wedding),Pace Chaser,Mid-CM Ace build in Unity Cup scenario,Rice Shower,Pace Chaser,Mid-CM Ace build in Unity Cup scenario,https://drive.google.com/open?id=1MTFZkP5u2EtN05xssgp8L_qSVXK6tYZj,1st,,,,,,,,,,,Don't forget to take your daily honey dose,https://drive.google.com/open?id=1yb3i6Ock0pudjp8VJMEyUda9yAGTX_20,https://drive.google.com/open?id=1_tIV0-4qzQqjABY5_S21PtP1zuXmBno8,,7,,8,,,https://drive.google.com/open?id=1vg97ILt6OxgZ-z_fbycRd9rRzFEUttS2
Gwenwifar,Graded (No Uma Restrictions),Collect participation rewards,I accept these terms,Day 1,"Android - phone or tablet, Windows",$0,510,11-20 (roughly 2-3 per day),Discord - MooMooCord - https://discord.gg/Hc7cP9GB,4,"The reuse teams part is kinda confussing for my dumb brain, but that must be a me issue",Sweep Tosho,End Closer,Ace built for this CM before CM start in Unity Cup scenario,SS+,2,,1,0,3,0,0,,,Kawakami Princess,Late Surger,Ace built for this CM before CM start in Unity Cup scenario,SS,2,,0,,3,1,,,,Hishi Akebono,Pace Chaser,Ace built for this CM before CM start in Unity Cup scenario,SS,2,,,,4,,,,,4 Attempts - 20 Races total,9,Day 2,,,,,,,,,,,,,,,,,,,,Re-use Day 1 - Team Comp 1 as Day 2 - Team Comp 1,,,,,,,,,,,,,4 Attempts - 20 Races total,8,Day 3,,,,,,,,,,,,,,,,,,Add new Team Comp as Day 3 - Team Comp 1,A Group,Sweep Tosho,End Closer,Ace built for this CM before CM start in Unity Cup scenario,SS+,Kawakami Princess,Late Surger,Ace built for this CM before CM start in Unity Cup scenario,SS,Hishi Akebono,Pace Chaser,Mid-CM Ace build in Unity Cup scenario,SS+,4 Attempts - 20 Races total,4,Day 4,,,,,,,,,,,,,,,,,,Re-use Day 3 - Team Comp 1 as Day 4 - Team Comp 1,A Group,,,,,,,,,,,,,4 Attempts - 20 Races total,10,Finals,,,,,,,,,,,,,,,,,,A Finals,7926,Re-use Day 4 - Team Comp 1 as Finals Team Comp,,,,,,,,,,https://drive.google.com/open?id=1whz4jziV_8aYkrMl2biDIWKQGJGKF9x5,1st,,,,,,,,,,,My oshi is not out yet tho...,https://drive.google.com/open?id=1xg-7GJ3Jl_qL8Op3P8TkwqXnXsCaoNNU,,,2,,12,,1,https://drive.google.com/open?id=1q10kDXA8a6jJpKbJgap87DZ_81GOGu-m
adof,Graded (No Uma Restrictions),Collect participation rewards,I accept these terms,Day 1,Windows,$0,,6-10 (roughly 1 per day),"Reddit - /r/umamusumeGame, YouTube - MooMooCows - https://www.youtube.com/@MooMooCows",5,,Taiki Shuttle,Pace Chaser,Ace built for this CM before CM start in Unity Cup scenario,UG (or higher),1,,1,,4,,,30,16,Oguri Cap,Pace Chaser,Ace built for this CM before CM start in Unity Cup scenario,SS+,2,,,1,3,,,35,16,Hishi Akebono,Pace Chaser,Ace built for this CM before CM start in Unity Cup scenario,S+,1,,,2,3,,,30,16,2 Attempts - 10 Races total,5,Day 2,,,,,,,,,,,,,,,,,,,,Re-use Day 1 - Team Comp 1 as Day 2 - Team Comp 1,,,,,,,,,,,,,2 Attempts - 10 Races total,4,Day 3,,,,,,,,,,,,,,,,,,Re-use Day 2 - Team Comp 1 as Day 3 - Team Comp 1,A Group,,,,,,,,,,,,,4 Attempts - 20 Races total,7,Day 4,,,,,,,,,,,,,,,,,,Add a new Team Comp as Day 4 - Team Comp 1,A Group,Taiki Shuttle (Camping),Pace Chaser,Mid-CM Ace build in Unity Cup scenario,SS,Oguri Cap,Pace Chaser,Ace built for this CM before CM start in Unity Cup scenario,SS+,Hishi Akebono,Pace Chaser,Ace built for this CM before CM start in Unity Cup scenario,S+,4 Attempts - 20 Races total,16,Finals,,,,,,,,,,,,,,,,,,A Finals,9737,Re-use Day 4 - Team Comp 1 as Finals Team Comp,,,,,,,,,,https://drive.google.com/open?id=1_8muGHX6Hc7TrYGoeIRdwQFPkTsyfQpp,1st,,,,,,,,,,,,https://drive.google.com/open?id=1ZXXU2CxXMfnPVOa_RnG5d85QE0l3YvKg,https://drive.google.com/open?id=1_2xgWt0oKBSmY0mjZyv5d2jSwxWvpDNz,,0,0,13,0,0,https://drive.google.com/open?id=1mVfZ9O4LCmmenUC907BCp-M8Dvgzv5ZK
Fnaa27,Graded (No Uma Restrictions),"Win A finals with ""oshi"" uma",I accept these terms,Day 1,Windows,$0,791,,YouTube - MooMooCows - https://www.youtube.com/@MooMooCows,4,,Grass Wonder,Late Surger,Ace built for this CM before CM start in Unity Cup scenario,SS,,,,,,,,,,Agnes Tachyon,Late Surger,Debuffer,A (or lower),,,,,,,,,,Symboli Rudolf,Late Surger,Debuffer,A (or lower),,,,,,,,,,4 Attempts - 20 Races total,9,Day 2,,,,,,,,,,,,,,,,,,,,Re-use Day 1 - Team Comp 1 as Day 2 - Team Comp 1,,,,,,,,,,,,,3 Attempts - 15 Races total,9,Day 3,,,,,,,,,,,,,,,,,,Re-use Day 2 - Team Comp 1 as Day 3 - Team Comp 1,A Group,,,,,,,,,,,,,4 Attempts - 20 Races total,10,Day 4,,,,,,,,,,,,,,,,,,Re-use Day 3 - Team Comp 1 as Day 4 - Team Comp 1,A Group,,,,,,,,,,,,,4 Attempts - 20 Races total,9,Finals,,,,,,,,,,,,,,,,,,A Finals,10804,Re-use Day 4 - Team Comp 1 as Finals Team Comp,,,,,,,,,,https://drive.google.com/open?id=1MKTfhRaMrmxZm9wVGOriiNfP48XKkuwb,1st,,,,,,,,,,,G - S? my first MS. Victoria with Grass I have no regret.,https://drive.google.com/open?id=1kRyQvlIX9kr-MdWswMa2nhBSjXXoE6Lj,https://drive.google.com/open?id=1GWj4-6goLsTgqFDuH01wr_NBb3_YZbHX,,3,,,,3,https://drive.google.com/open?id=1Acv3N4re0m1FImWohNae7Aj8dfVsVKwR
Poyo,Graded (No Uma Restrictions),"Win A finals with ""oshi"" uma",I accept these terms,Finals,"Android - phone or tablet, Windows",$1-100,1020,0-5 (less than 1 per day),"Discord - MooMooCord - https://discord.gg/Hc7cP9GB, Twitch - MooMooCows - https://www.twitch.tv/moomoomoocows, YouTube - MooMooCows - https://www.youtube.com/@MooMooCows",5,,,,,,,,,,,,,,,,,,,,,,,,,,,,,,,,,,,,,,,,,,,,,,,,,,,,,,,,,,,,,,,,,,,,,,,,,,,,,,,,,,,,,,,,,,,,,,,,,,,,,,,,,,,,,,,,,,,,,,,,,,,,,,,,,,,,,,,,,,,,,,,,,,,,,,,,,,,,,,,,,,,,A Finals,10032,Re-use Day 4 - Team Comp 1 as Finals Team Comp,,,,,,,,,,https://drive.google.com/open?id=10i-SH9q-QmdxOvSM46fShuVzT5jYApuS,1st,,,,,,,,,,,We did it our way.,https://drive.google.com/open?id=1junPnwqt8Fz6XBY_Uvp--be3PMri5zLH,https://drive.google.com/open?id=1kh0FLHMMKCOmG5VjbpKIpGSS8bCfMnVM,,,,14,2,,https://drive.google.com/open?id=18e5FRWWm3S4MKL0FekwwGyENShPS-KjY
Fuzzle,Graded (No Uma Restrictions),"Win A finals with ""oshi"" uma",I accept these terms,Finals,iOS - phone or tablet,Rather not say,1328,21-30 (roughly 3-4 per day),"Discord - MooMooCord - https://discord.gg/Hc7cP9GB, YouTube - MooMooCows - https://www.youtube.com/@MooMooCows",5,The “Own Winner Blue Sparks Total” instructions are unclear,,,,,,,,,,,,,,,,,,,,,,,,,,,,,,,,,,,,,,,,,,,,,,,,,,,,,,,,,,,,,,,,,,,,,,,,,,,,,,,,,,,,,,,,,,,,,,,,,,,,,,,,,,,,,,,,,,,,,,,,,,,,,,,,,,,,,,,,,,,,,,,,,,,,,,,,,,,,,,,,,,,A Finals,7918,Re-use Day 4 - Team Comp 1 as Finals Team Comp,,,,,,,,,,https://drive.google.com/open?id=1M7DTXpFUcmdSRRQ_7kdw7Gkl6bPJKuuy,1st,,,,,,,,,,,A scenery of true jubilation,https://drive.google.com/open?id=1XAzg1JycruHb2cJprvskdMeF5e8oNcO7,https://drive.google.com/open?id=1vtjOW8hnyg7INGqHVRiwbBh8XuZb6gCB,,2,,4,,,https://drive.google.com/open?id=1PsfTlqkr7SmpDGjz2gdI6Szo2H_A0QNM
SNSPT,Graded (No Uma Restrictions),"Win A finals with ""oshi"" uma",I accept these terms,Finals,Android - phone or tablet,$1-100,1283,11-20 (roughly 2-3 per day),Discord - MooMooCord - https://discord.gg/Hc7cP9GB,5,,,,,,,,,,,,,,,,,,,,,,,,,,,,,,,,,,,,,,,,,,,,,,,,,,,,,,,,,,,,,,,,,,,,,,,,,,,,,,,,,,,,,,,,,,,,,,,,,,,,,,,,,,,,,,,,,,,,,,,,,,,,,,,,,,,,,,,,,,,,,,,,,,,,,,,,,,,,,,,,,,,,A Finals,7355,Add new Team Comp as Finals Team Comp,Gold Ship,Pace Chaser,Ace built for this CM before CM start in Unity Cup scenario,Taiki Shuttle,Pace Chaser,Mid-CM Ace build in Unity Cup scenario,Fuji Kiseki (Ballroom),Pace Chaser,Mid-CM Ace build in Unity Cup scenario,https://drive.google.com/open?id=1FDsjF_cVIQLT2CLTZmYTf9lQ0_wXtF7W,1st,,,,,,,,,,,She was in a good mood today,https://drive.google.com/open?id=1-m1GRPvH3JI3-r97vsDdFIx6AR34-tuX,https://drive.google.com/open?id=1HS8wdFsg8ehdAHlSdaYlutT2kN9aQmxG,,,,,,,https://drive.google.com/open?id=1CpIKQbyY7Hq_hF6hYGJb6f-WDL9JnHKh
Chair,Graded (No Uma Restrictions),Win A finals with any uma,I accept these terms,Finals,Windows,$501-1000,1754,11-20 (roughly 2-3 per day),Discord - MooMooCord - https://discord.gg/Hc7cP9GB,,,Mihono Bourbon (Valentine),Front Runner,Ace built for this CM before CM start in Unity Cup scenario,SS+,2,,1,1,2,,,,,Silence Suzuka,Front Runner,Ace built for this CM before CM start in Unity Cup scenario,SS,2,,1,1,2,,,,,Yaeno Muteki,Pace Chaser,Ace built for this CM before CM start in Unity Cup scenario,SS+,2,,,2,2,,,,,4 Attempts - 20 Races total,9,Day 2,,,,,,,,,,,,,,,,,,,,Re-use Day 1 - Team Comp 1 as Day 2 - Team Comp 1,,,,,,,,,,,,,4 Attempts - 20 Races total,10,Day 3,,,,,,,,,,,,,,,,,,Re-use Day 2 - Team Comp 1 as Day 3 - Team Comp 1,A Group,,,,,,,,,,,,,4 Attempts - 20 Races total,4,Day 4,,,,,,,,,,,,,,,,,,Re-use Day 3 - Team Comp 1 as Day 4 - Team Comp 1,A Group,,,,,,,,,,,,,4 Attempts - 20 Races total,4,Go to Submit page,,,,,,,,,,,,,,,,,,B Finals,2765,Re-use Day 4 - Team Comp 1 as Finals Team Comp,,,,,,,,,,https://drive.google.com/open?id=1qrNoV6bEPKgF96ZlJPAvLmNJr3p3UKPF,1st,,,,,,,,,,,Not A,https://drive.google.com/open?id=19MzoAOhj98zRyRWMfXIFFu-LtZ46tJBt,https://drive.google.com/open?id=1NUayb70jkXfgH_fB3jEN8CZSkjTX0vVC,,0,6,8,0,1,https://drive.google.com/open?id=1HvUYWzO1Zvz6Xk-pyYD_2ctL2aL20rgC
BlakKat,Graded (No Uma Restrictions),Win A finals with any uma,I accept these terms,Day 1,"iOS - phone or tablet, Windows",$1001-5000,1322,11-20 (roughly 2-3 per day),Discord - MooMooCord - https://discord.gg/Hc7cP9GB,4,Pls explain what Oshi Quote means :),Taiki Shuttle,Pace Chaser,Ace built for this CM before CM start in Unity Cup scenario,UG (or higher),,,,,,,,,,Curren Chan (Wedding),Pace Chaser,Ace built for this CM before CM start in Unity Cup scenario,UG (or higher),,,,,,,,,,Kawakami Princess,Late Surger,Ace built for this CM before CM start in Unity Cup scenario,UG (or higher),,,,,,,,,,4 Attempts - 20 Races total,10,Day 2,,,,,,,,,,,,,,,,,,,,Re-use Day 1 - Team Comp 1 as Day 2 - Team Comp 1,,,,,,,,,,,,,4 Attempts - 20 Races total,14,Day 3,,,,,,,,,,,,,,,,,,Re-use Day 2 - Team Comp 1 as Day 3 - Team Comp 1,A Group,,,,,,,,,,,,,4 Attempts - 20 Races total,8,Day 4,,,,,,,,,,,,,,,,,,Re-use Day 3 - Team Comp 1 as Day 4 - Team Comp 1,A Group,,,,,,,,,,,,,4 Attempts - 20 Races total,12,Go to Submit page,,,,,,,,,,,,,,,,,,A Finals,14790,Add new Team Comp as Finals Team Comp,Kawakami Princess,Late Surger,Ace built for this CM before CM start in Unity Cup scenario,Curren Chan (Wedding),Pace Chaser,Ace built for this CM before CM start in Unity Cup scenario,Taiki Shuttle,Pace Chaser,Ace built for this CM before CM start in Unity Cup scenario,https://drive.google.com/open?id=1Ayfgmah1OAZldlDT6BQ6tPOy_H-rhomv,1st,,,,,,,,,,,*Headbonk* Victory!,https://drive.google.com/open?id=164_ac6g72Jf2YLHlU7vTXzc8Qomq4RzV,https://drive.google.com/open?id=1lbRfFHv6i7RQJZVPQJqAHhVE1KbOafeF,,0,0,16,0,0,https://drive.google.com/open?id=1Mt61tHYhY7s8JwX7sJcr-Xf-hY2TxpZo
dr twiggy,Graded (No Uma Restrictions),Win A finals with any uma,I accept these terms,Day 4,iOS - phone or tablet,$1-100,603,6-10 (roughly 1 per day),Discord - MooMooCord - https://discord.gg/Hc7cP9GB,5,very helpful and organized!! thank you for making it simple to submit info,,,,,,,,,,,,,,,,,,,,,,,,,,,,,,,,,,,,,,,,,,,,,,,,,,,,,,,,,,,,,,,,,,,,,,,,,,,,,,,,,,,,,,,,,,,,,,,,,,,,,,,,,,,,,,,,,,,,,,,,,,,,,,,,,Re-use Day 3 - Team Comp 1 as Day 4 - Team Comp 1,A Group,,,,,,,,,,,,,4 Attempts - 20 Races total,13,Finals,,,,,,,,,,,,,,,,,,A Finals,9044,Re-use Day 4 - Team Comp 1 as Finals Team Comp,,,,,,,,,,https://drive.google.com/open?id=1kKD3WbRDCuTMrlM14AF9FQxynICakWij,2nd,No (goes to Submit page),,,,,,,,,,,,,,,,,,,
cynbryhn,Graded (No Uma Restrictions),"Win A finals with ""oshi"" uma",I accept these terms,Day 2,Windows,$501-1000,363,0-5 (less than 1 per day),"Discord - MooMooCord - https://discord.gg/Hc7cP9GB, Twitch - MooMooCows - https://www.twitch.tv/moomoomoocows",5,,,,,,,,,,,,,,,,,,,,,,,,,,,,,,,,,,,,,,,,,,,,,,,,,,,,,,,,,,,,,,,Add new Team Comp as Day 2 - Team Comp 1,Daiwa Scarlet,Pace Chaser,Ace built for this CM before CM start in Unity Cup scenario,SS,Taiki Shuttle,Pace Chaser,Ace built for this CM before CM start in Unity Cup scenario,UG (or higher),Curren Chan,Pace Chaser,Ace built for this CM before CM start in Unity Cup scenario,UG (or higher),4 Attempts - 20 Races total,16,Day 4,,,,,,,,,,,,,,,,,,,,,,,,,,,,,,,,,,,,,,,,,,,,,,,,,,,,Add a new Team Comp as Day 4 - Team Comp 1,A Group,Daiwa Scarlet,Pace Chaser,Ace built for this CM before CM start in Unity Cup scenario,SS,Taiki Shuttle,Pace Chaser,Ace built for this CM before CM start in Unity Cup scenario,UG (or higher),Curren Chan,Pace Chaser,Ace built for this CM before CM start in Unity Cup scenario,UG (or higher),4 Attempts - 20 Races total,9,Finals,,,,,,,,,,,,,,,,,,A Finals,7560,Re-use Day 4 - Team Comp 1 as Finals Team Comp,,,,,,,,,,https://drive.google.com/open?id=1jsN4Aq-6lYfu0uyp_ZAJWVziPA-QjeV8,1st,,,,,,,,,,,Daiwa Foreva!,https://drive.google.com/open?id=1gh4pTlthFcb87JdbiHjY6HY05mlGodMB,https://drive.google.com/open?id=1etyTbJ_wMDKr7HtGivxyERWo8YFZaUaq,,6,0,5,1,0,https://drive.google.com/open?id=1bxzdT7ZKMMzH52Q3S2mLWmtqr0F8PEse
Evhe,Graded (No Uma Restrictions),Get into A finals,I accept these terms,Finals,"Android - phone or tablet, Windows",$101-500,473,6-10 (roughly 1 per day),Discord - MooMooCord - https://discord.gg/Hc7cP9GB,,,,,,,,,,,,,,,,,,,,,,,,,,,,,,,,,,,,,,,,,,,,,,,,,,,,,,,,,,,,,,,,,,,,,,,,,,,,,,,,,,,,,,,,,,,,,,,,,,,,,,,,,,,,,,,,,,,,,,,,,,,,,,,,,,,,,,,,,,,,,,,,,,,,,,,,,,,,,,,,,,,,,A Finals,7624,Add new Team Comp as Finals Team Comp,Curren Chan,Pace Chaser,Ace built for this CM before CM start in Unity Cup scenario,Taiki Shuttle,Pace Chaser,Ace built for this CM before CM start in Unity Cup scenario,Sakura Bakushin O,Pace Chaser,Mid-CM Ace build in Unity Cup scenario,https://drive.google.com/open?id=1-PROaxiNqyR0ZgcT9Q9ZR1oVusAOaA6x,2nd,No (goes to Submit page),,,,,,,,,,,,,,,,,,,
SpenArch,Graded (No Uma Restrictions),Win A finals with any uma,I accept these terms,Day 1,,$1-100,,,,,,Air Groove,Pace Chaser,Ace built for this CM before CM start in Unity Cup scenario,UG (or higher),2,0,1,0,3,0,0,,17,Taiki Shuttle,Pace Chaser,Ace built for this CM before CM start in Unity Cup scenario,UG (or higher),2,0,1,0,3,0,0,,16,Sakura Bakushin O,Pace Chaser,Ace built for this CM before CM start in Unity Cup scenario,UG (or higher),2,0,1,0,3,0,0,,21,4 Attempts - 20 Races total,17,Day 2,,,,,,,,,,,,,,,,,,,,Re-use Day 1 - Team Comp 1 as Day 2 - Team Comp 1,,,,,,,,,,,,,4 Attempts - 20 Races total,15,Day 3,,,,,,,,,,,,,,,,,,Re-use Day 2 - Team Comp 1 as Day 3 - Team Comp 1,A Group,,,,,,,,,,,,,4 Attempts - 20 Races total,13,Day 4,,,,,,,,,,,,,,,,,,Re-use Day 3 - Team Comp 1 as Day 4 - Team Comp 1,A Group,,,,,,,,,,,,,4 Attempts - 20 Races total,14,Finals,,,,,,,,,,,,,,,,,,A Finals,,Re-use Day 4 - Team Comp 1 as Finals Team Comp,,,,,,,,,,,1st,,,,,,,,,,,,,,,,,,,,
razeo,Graded (No Uma Restrictions),Get into A finals,I accept these terms,Finals,Windows,$101-500,,6-10 (roughly 1 per day),Discord - MooMooCord - https://discord.gg/Hc7cP9GB,4,,,,,,,,,,,,,,,,,,,,,,,,,,,,,,,,,,,,,,,,,,,,,,,,,,,,,,,,,,,,,,,,,,,,,,,,,,,,,,,,,,,,,,,,,,,,,,,,,,,,,,,,,,,,,,,,,,,,,,,,,,,,,,,,,,,,,,,,,,,,,,,,,,,,,,,,,,,,,,,,,,,,A Finals,,Add new Team Comp as Finals Team Comp,Air Groove,Late Surger,Mid-CM Ace build in Unity Cup scenario,Mayano Top Gun (Wedding),Late Surger,Ace built for this CM before CM start in Unity Cup scenario,Oguri Cap,Late Surger,Ace built for this CM before CM start in Unity Cup scenario,https://drive.google.com/open?id=1UEyrojCQiW8BrFKvJy06fGSvIClQ-T_i,1st,,,,,,,,,,,most scuffed casino of my life,https://drive.google.com/open?id=14eKJG0TSj9I2Lh5lW34_c95AfkzfDEmS,https://drive.google.com/open?id=1GGueRNOpyrh1FdW2H_lGSNAVzowlBfj3,,,,,,,
luminousx_777,Graded (No Uma Restrictions),"Win A finals with ""oshi"" uma",I accept these terms,Finals,"iOS - phone or tablet, Windows",$501-1000,889,11-20 (roughly 2-3 per day),Club Discord,5,,,,,,,,,,,,,,,,,,,,,,,,,,,,,,,,,,,,,,,,,,,,,,,,,,,,,,,,,,,,,,,,,,,,,,,,,,,,,,,,,,,,,,,,,,,,,,,,,,,,,,,,,,,,,,,,,,,,,,,,,,,,,,,,,,,,,,,,,,,,,,,,,,,,,,,,,,,,,,,,,,,,A Finals,5471,Re-use Day 4 - Team Comp 1 as Finals Team Comp,,,,,,,,,,https://drive.google.com/open?id=1U1XJWof95rYXxXMjMllxyJ5MOkSUWIHc,1st,,,,,,,,,,,"""Dober is the best no matter the track, she is inevitable""",https://drive.google.com/open?id=1DcgdV-bJV6K-M35kPITh3VfaOWr66By0,https://drive.google.com/open?id=1fZTciawZR51ULuKouh9wUI5sIVB2Jwc2,,5,0,6,0,4,https://drive.google.com/open?id=1qq1y9_Ru8_H77Jb8e5w69NcPZQAOzIsG
Mr. J,Graded (No Uma Restrictions),"Win A finals with ""oshi"" uma",I accept these terms,Finals,"Android - phone or tablet, Windows",$0,1172,11-20 (roughly 2-3 per day),,,,,,,,,,,,,,,,,,,,,,,,,,,,,,,,,,,,,,,,,,,,,,,,,,,,,,,,,,,,,,,,,,,,,,,,,,,,,,,,,,,,,,,,,,,,,,,,,,,,,,,,,,,,,,,,,,,,,,,,,,,,,,,,,,,,,,,,,,,,,,,,,,,,,,,,,,,,,,,,,,,,,,A Finals,9736,Add new Team Comp as Finals Team Comp,Mayano Top Gun (Wedding),Late Surger,Ace built for this CM before CM start in Unity Cup scenario,Taiki Shuttle,Pace Chaser,Ace built for this CM before CM start in Unity Cup scenario,Nishino Flower,Pace Chaser,Ace built for this CM before CM start in Unity Cup scenario,https://drive.google.com/open?id=1hZDy0Mi1kLsViN-Pc70JpXv_5sVadFqG,1st,,,,,,,,,,,,,,,14,0,0,0,3,https://drive.google.com/open?id=128bUP2P0WDLkvgcHXb16US6LZTHsriJ8
Seanydesu,Graded (No Uma Restrictions),"Win A finals with ""oshi"" uma",I accept these terms,Day 1,iOS - phone or tablet,$1-100,,31-45 (roughly 5-6 per day),Rather not say,3,,Tokai Teio (Anime Collab),Pace Chaser,Ace built for this CM before CM start in Unity Cup scenario,UG (or higher),,,,,,,,,,Grass Wonder,Pace Chaser,Debuffer,A (or lower),,,,,,,,,,Agnes Tachyon,Pace Chaser,Debuffer,A (or lower),,,,,,,,,,4 Attempts - 20 Races total,13,Day 2,,,,,,,,,,,,,,,,,,,,Re-use Day 1 - Team Comp 1 as Day 2 - Team Comp 1,,,,,,,,,,,,,4 Attempts - 20 Races total,10,Day 3,,,,,,,,,,,,,,,,,,Re-use Day 2 - Team Comp 1 as Day 3 - Team Comp 1,A Group,,,,,,,,,,,,,4 Attempts - 20 Races total,15,Day 4,,,,,,,,,,,,,,,,,,Re-use Day 3 - Team Comp 1 as Day 4 - Team Comp 1,A Group,,,,,,,,,,,,,4 Attempts - 20 Races total,10,Finals,,,,,,,,,,,,,,,,,,A Finals,7330,Re-use Day 4 - Team Comp 1 as Finals Team Comp,,,,,,,,,,https://drive.google.com/open?id=1mmgw8_P_GejAzPylXnUa4ub-PlLVQQr1,1st,,,,,,,,,,,I won.,https://drive.google.com/open?id=16o5X6SkT01CYDjG7hnAVJ9moGrGWUPhW,,,,,,,,
Ashban,Graded (No Uma Restrictions),Get into A finals,I accept these terms,Finals,iOS - phone or tablet,$0,364,6-10 (roughly 1 per day),Discord - MooMooCord - https://discord.gg/Hc7cP9GB,,,,,,,,,,,,,,,,,,,,,,,,,,,,,,,,,,,,,,,,,,,,,,,,,,,,,,,,,,,,,,,,,,,,,,,,,,,,,,,,,,,,,,,,,,,,,,,,,,,,,,,,,,,,,,,,,,,,,,,,,,,,,,,,,,,,,,,,,,,,,,,,,,,,,,,,,,,,,,,,,,,,,A Finals,7182,Re-use Day 4 - Team Comp 1 as Finals Team Comp,,,,,,,,,,https://drive.google.com/open?id=1aBGRvV-wIKugqnnkwIyXwrvuar9W5V26,1st,,,,,,,,,,,,https://drive.google.com/open?id=16yvT7P6ptP80iWRB0gqL5eo061l6oAzG,https://drive.google.com/open?id=1AWLIbuWNKlVb7GePv1KLmT4w7faf3dZE,,,,16,,,https://drive.google.com/open?id=1aBEX17TX8cicp28e8W1rZgzmByKIswnU
Kashii,Graded (No Uma Restrictions),Win A finals with any uma,I accept these terms,Finals,Windows,$0,1165,21-30 (roughly 3-4 per day),YouTube - MooMooCows - https://www.youtube.com/@MooMooCows,5,,,,,,,,,,,,,,,,,,,,,,,,,,,,,,,,,,,,,,,,,,,,,,,,,,,,,,,,,,,,,,,,,,,,,,,,,,,,,,,,,,,,,,,,,,,,,,,,,,,,,,,,,,,,,,,,,,,,,,,,,,,,,,,,,,,,,,,,,,,,,,,,,,,,,,,,,,,,,,,,,,,,A Finals,7726,Add new Team Comp as Finals Team Comp,Taiki Shuttle,Pace Chaser,Ace built for this CM before CM start in Unity Cup scenario,Bamboo memory,Late Surger,Ace built for this CM before CM start in Unity Cup scenario,Nishino Flower,Pace Chaser,Ace built for this CM before CM start in Unity Cup scenario,https://drive.google.com/open?id=1ZXlUHtPOTHWfHH94LZB9v_osGtfuf-Sy,1st,,,,,,,,,,,,https://drive.google.com/open?id=1TAUMVEjg5W25XPDW92NvHXMAHt5Dbllj,https://drive.google.com/open?id=1wEWppmdCJF9BybF3QbIqXSGoakOc-kDA,,,2,4,3,5,https://drive.google.com/open?id=10_DICuvfDYFdha0UVzSEwRN-RL4YIZJK
Dakota,Graded (No Uma Restrictions),Win A finals with any uma,I accept these terms,Day 1,Windows,$1001-5000,809,21-30 (roughly 3-4 per day),,,,Nishino Flower,Pace Chaser,Ace built for this CM before CM start in Trackblazer scenario,SS,2,0,1,1,2,0,0,60,35,Taiki Shuttle,Pace Chaser,Ace built for this CM before CM start in Unity Cup scenario,UG (or higher),1,0,0,3,2,0,0,65,11,Oguri Cap,Pace Chaser,Ace built for this CM before CM start in Trackblazer scenario,SS,1,0,0,3,2,0,0,70,40,4 Attempts - 20 Races total,17,Day 2,,,,,,,,,,,,,,,,,,,,Re-use Day 1 - Team Comp 1 as Day 2 - Team Comp 1,,,,,,,,,,,,,4 Attempts - 20 Races total,15,Day 3,,,,,,,,,,,,,,,,,,Re-use Day 2 - Team Comp 1 as Day 3 - Team Comp 1,A Group,,,,,,,,,,,,,4 Attempts - 20 Races total,15,Day 4,,,,,,,,,,,,,,,,,,Re-use Day 3 - Team Comp 1 as Day 4 - Team Comp 1,A Group,,,,,,,,,,,,,4 Attempts - 20 Races total,14,Finals,,,,,,,,,,,,,,,,,,A Finals,12452,Re-use Day 4 - Team Comp 1 as Finals Team Comp,,,,,,,,,,https://drive.google.com/open?id=1-brwEPtTwPW6C7nXhw57QgMQ1DzKLIMg,1st,,,,,,,,,,,,https://drive.google.com/open?id=1CA0WJEZITuPhjxOWwuOW8UWJVPPNsXQX,https://drive.google.com/open?id=1G8pJm6HqjlCGkl3ORB583NgAfwqvf-tb,,9,,5,,1,https://drive.google.com/open?id=1YPRTAfF_cVFMJw8LnJKSmFky1qVGC04V
ViperAugus22,Graded (No Uma Restrictions),Get into A finals,I accept these terms,Finals,"Android - phone or tablet, SteamOS - Steam Deck",$1-100,532,6-10 (roughly 1 per day),"Discord - MooMooCord - https://discord.gg/Hc7cP9GB, YouTube - MooMooCows - https://www.youtube.com/@MooMooCows",5,,,,,,,,,,,,,,,,,,,,,,,,,,,,,,,,,,,,,,,,,,,,,,,,,,,,,,,,,,,,,,,,,,,,,,,,,,,,,,,,,,,,,,,,,,,,,,,,,,,,,,,,,,,,,,,,,,,,,,,,,,,,,,,,,,,,,,,,,,,,,,,,,,,,,,,,,,,,,,,,,,,,A Finals,10859,Add new Team Comp as Finals Team Comp,Oguri Cap,Pace Chaser,Ace built for this CM before CM start in Unity Cup scenario,Air Groove,Pace Chaser,Ace built for this CM before CM start in Unity Cup scenario,Fuji Kiseki,Pace Chaser,Ace built for this CM before CM start in Unity Cup scenario,https://drive.google.com/open?id=1tfiaVsL-QfzChbx8NhenngyKJSj6g-6E,1st,,,,,,,,,,,,https://drive.google.com/open?id=1GAruTPHAl_X_G0dh59-qfSGYMVnojEay,https://drive.google.com/open?id=1YyL8KM6uyaXV6lad0IReAR1n99IQWGBX,,12,1,3,0,0,https://drive.google.com/open?id=11-9QxCKTZJKal7v7Fku4Y2ycT5FhiUxv
Kronen,Graded (No Uma Restrictions),Get into A finals,I accept these terms,Day 1,iOS - phone or tablet,$0,941,6-10 (roughly 1 per day),Discord - MooMooCord - https://discord.gg/Hc7cP9GB,5,,Oguri Cap,Pace Chaser,Ace built for this CM before CM start in Unity Cup scenario,SS+,2,,,1,3,,,,,Fuji Kiseki,Pace Chaser,Ace built for this CM before CM start in Unity Cup scenario,SS,2,,,1,3,,,,,Taiki Shuttle,Pace Chaser,Ace built for this CM before CM start in Unity Cup scenario,SS+,2,,,1,3,,,,,4 Attempts - 20 Races total,11,Finals,,,,,,,,,,,,,,,,,,,,Re-use Day 1 - Team Comp 1 as Day 2 - Team Comp 1,,,,,,,,,,,,,0 Attempts - 0 Races total,0,Day 3,,,,,,,,,,,,,,,,,,Re-use Day 2 - Team Comp 1 as Day 3 - Team Comp 1,A Group,,,,,,,,,,,,,4 Attempts - 20 Races total,11,Day 4,,,,,,,,,,,,,,,,,,Re-use Day 3 - Team Comp 1 as Day 4 - Team Comp 1,A Group,,,,,,,,,,,,,4 Attempts - 20 Races total,12,Go to Submit page,,,,,,,,,,,,,,,,,,A Finals,9744,Re-use Day 4 - Team Comp 1 as Finals Team Comp,,,,,,,,,,,1st,,,,,,,,,,,,,,,,,,,,
Karate Pawn,Graded (No Uma Restrictions),"Win A finals with ""oshi"" uma",I accept these terms,Day 1,Windows,$0,535,6-10 (roughly 1 per day),"Twitch - MooMooCows - https://www.twitch.tv/moomoomoocows, YouTube - MooMooCows - https://www.youtube.com/@MooMooCows",5,,Agnes Digital,Pace Chaser,Ace built for this CM before CM start in Unity Cup scenario,SS+,2,0,1,0,3,0,0,32,22,Oguri Cap,Pace Chaser,Ace built for this CM before CM start in Unity Cup scenario,SS,2,0,1,0,3,0,0,32,22,Taiki Shuttle,Pace Chaser,Ace built for this CM before CM start in Unity Cup scenario,UG (or higher),2,0,0,0,3,0,0,32,23,4 Attempts - 20 Races total,12,Day 2,,,,,,,,,,,,,,,,,,,,Re-use Day 1 - Team Comp 1 as Day 2 - Team Comp 1,,,,,,,,,,,,,4 Attempts - 20 Races total,15,Day 3,,,,,,,,,,,,,,,,,,Re-use Day 2 - Team Comp 1 as Day 3 - Team Comp 1,A Group,,,,,,,,,,,,,4 Attempts - 20 Races total,13,Day 4,,,,,,,,,,,,,,,,,,Re-use Day 3 - Team Comp 1 as Day 4 - Team Comp 1,A Group,,,,,,,,,,,,,4 Attempts - 20 Races total,8,Finals,,,,,,,,,,,,,,,,,,A Finals,8948,Re-use Day 4 - Team Comp 1 as Finals Team Comp,,,,,,,,,,https://drive.google.com/open?id=1P3NAa0iUoaKR_eEx4oecVv_dw33vPHjd,2nd,No (goes to Submit page),,,,,,,,,,,,,,,,,,,
Zera,Graded (No Uma Restrictions),"Win A finals with ""oshi"" uma",I accept these terms,Finals,iOS - phone or tablet,$1-100,,,,5,,,,,,,,,,,,,,,,,,,,,,,,,,,,,,,,,,,,,,,,,,,,,,,,,,,,,,,,,,,,,,,,,,,,,,,,,,,,,,,,,,,,,,,,,,,,,,,,,,,,,,,,,,,,,,,,,,,,,,,,,,,,,,,,,,,,,,,,,,,,,,,,,,,,,,,,,,,,,,,,,,,,A Finals,7771,Re-use Day 4 - Team Comp 1 as Finals Team Comp,,,,,,,,,,https://drive.google.com/open?id=1F1A9bLuuWwYBZW5psdlSvOnYY-eKmopA,1st,,,,,,,,,,,"I wanted to run her as a front at first, but switched to pace. Maya didn’t get the memo, but it worked out anyways",https://drive.google.com/open?id=1vFnDHyoGSnZR6crF7VOmhX8qA--oDJ39,https://drive.google.com/open?id=1b8D0ZJWOFmlTtni8q29IZLF5FeO7ABkj,,,,,,,https://drive.google.com/open?id=1RAiNkBxYLjrdCU0F5r8aqujyJq_hRMQt
Faith,Graded (No Uma Restrictions),"Win A finals with ""oshi"" uma",I accept these terms,Go to Submit page,iOS - phone or tablet,$101-500,1015,6-10 (roughly 1 per day),Discord - MooMooCord - https://discord.gg/Hc7cP9GB,5,"Ask for specific win rates of team Umas, so you can see if changing the teams actually worked. Ex. I added Curren Chan for my last two attempts of day 4, and while I did get a few more wins than the first two attempts, or all the attempts on Day 3, Curren only got a single win, so I'm unsure if adding her actually made a difference.",Silence Suzuka,Front Runner,Ace built for this CM before CM start in Unity Cup scenario,SS,2,0,0,2,1,0,1,,,Smart Falcon,Front Runner,Ace built for this CM before CM start in Unity Cup scenario,UG (or higher),3,0,0,0,2,0,1,,,Maruzensky (Summer),Front Runner,Ace built for this CM before CM start in Trackblazer scenario,SS,2,0,1,1,1,0,1,60,37,4 Attempts - 20 Races total,8,Day 2,,,,,,,,,,,,,,,,,,,,Re-use Day 1 - Team Comp 1 as Day 2 - Team Comp 1,,,,,,,,,,,,,4 Attempts - 20 Races total,6,Day 3,,,,,,,,,,,,,,,,,,Re-use Day 2 - Team Comp 1 as Day 3 - Team Comp 1,A Group,,,,,,,,,,,,,4 Attempts - 20 Races total,2,Day 4,,,,,,,,,,,,,,,,,,Re-use Day 3 - Team Comp 1 as Day 4 - Team Comp 1,A Group,,,,,,,,,,,,,2 Attempts - 10 Races total,2,Day 4 - Add 2nd team,Add new Team Comp as Day 4 - Team Comp 2,Silence Suzuka,Front Runner,Ace built for this CM before CM start in Unity Cup scenario,SS,Smart Falcon,Front Runner,Ace built for this CM before CM start in Unity Cup scenario,UG (or higher),Curren Chan,Pace Chaser,Mid-CM Ace build in Unity Cup scenario,UG (or higher),2 Attempts - 10 Races total,5,2 teams,Finals,A Finals,5153,Re-use Day 4 - Team Comp 2 as Finals Team Comp,,,,,,,,,,https://drive.google.com/open?id=1jaiKDD_oIN1rKLm0N5sVLF-THglDoqZ4,1st,,,,,,,,,,,"Power. Torque. Perhaps even... some revolutions. Dare I say, multiple horsepower.",https://drive.google.com/open?id=1CZQP_Nl6ez2at4J2G0jIJYA9h1lvwQBV,https://drive.google.com/open?id=1PBBtzNHjG8tkywbwko-MzAhRxeulgUDJ,,4,1,11,1,1,https://drive.google.com/open?id=1MzLYm9NqGRHH7p1dqo-zHKEthic4rFvw
Smylee,Graded (No Uma Restrictions),Collect participation rewards,I accept these terms,Finals,"iOS - phone or tablet, Windows",$101-500,1378,6-10 (roughly 1 per day),Discord - MooMooCord - https://discord.gg/Hc7cP9GB,5,,Curren Chan,Pace Chaser,Ace built for this CM before CM start in Unity Cup scenario,UG (or higher),2,,,,4,,,,,Air Groove (Wedding),Pace Chaser,Ace built for this CM before CM start in Unity Cup scenario,SS+,2,,,,4,,,,,Gold City (Festival),Pace Chaser,Ace built for this CM before CM start in Unity Cup scenario,UG (or higher),1,,,3,2,,,,,4 Attempts - 20 Races total,12,Day 2,,,,,,,,,,,,,,,,,,,,Re-use Day 1 - Team Comp 1 as Day 2 - Team Comp 1,,,,,,,,,,,,,4 Attempts - 20 Races total,12,Day 3,,,,,,,,,,,,,,,,,,Re-use Day 2 - Team Comp 1 as Day 3 - Team Comp 1,A Group,,,,,,,,,,,,,4 Attempts - 20 Races total,8,Day 4,,,,,,,,,,,,,,,,,,Re-use Day 3 - Team Comp 1 as Day 4 - Team Comp 1,A Group,,,,,,,,,,,,,4 Attempts - 20 Races total,6,Go to Submit page,,,,,,,,,,,,,,,,,,A Finals,5277,Re-use Day 4 - Team Comp 1 as Finals Team Comp,Curren Chan,Pace Chaser,Ace built for this CM before CM start in Unity Cup scenario,Air Groove (Wedding),Pace Chaser,Ace built for this CM before CM start in Unity Cup scenario,Gold City (Festival),Pace Chaser,Ace built for this CM before CM start in Unity Cup scenario,https://drive.google.com/open?id=1-QKrrUUngpAcGziXg5slvn9kETIeJloN,1st,,,,,,,,,,,not sure how i ended up here,https://drive.google.com/open?id=1BjiPF_k_M47dhjjXvEC-wnf_dkbOQ85i,https://drive.google.com/open?id=1lmPMvlfWrnPLX9-5SOaNHjadN5rvHnBT,,2,,9,1,1,https://drive.google.com/open?id=1R8nxLpnTiVvxN5f8b0viOEVWX6XBHdHX
Brian,Graded (No Uma Restrictions),"Win A finals with ""oshi"" uma",I accept these terms,Day 4,Android - phone or tablet,$1-100,1881,21-30 (roughly 3-4 per day),Twitch - MooMooCows - https://www.twitch.tv/moomoomoocows,,CERN Bing,Gold Ship (Summer),End Closer,Ace built for this CM before CM start in Unity Cup scenario,UG (or higher),3,0,1,0,2,0,0,35,,King Halo (Cheerleader),Late Surger,Ace built for this CM before CM start in Unity Cup scenario,SS+,2,0,1,0,3,0,0,45,,Kawakami Princess,Late Surger,Ace built for this CM before CM start in Unity Cup scenario,SS,3,0,1,0,2,0,0,45,,4 Attempts - 20 Races total,14,Day 2,,,,,,,,,,,,,,,,,,,,Re-use Day 1 - Team Comp 1 as Day 2 - Team Comp 1,,,,,,,,,,,,,4 Attempts - 20 Races total,4,Day 3,,,,,,,,,,,,,,,,,,Re-use Day 2 - Team Comp 1 as Day 3 - Team Comp 1,A Group,,,,,,,,,,,,,4 Attempts - 20 Races total,17,Day 4,,,,,,,,,,,,,,,,,,Re-use Day 3 - Team Comp 1 as Day 4 - Team Comp 1,A Group,,,,,,,,,,,,,4 Attempts - 20 Races total,9,Finals,,,,,,,,,,,,,,,,,,A Finals,9448,Re-use Day 4 - Team Comp 1 as Finals Team Comp,,,,,,,,,,https://drive.google.com/open?id=1aBHZEl2uW4JQ9jCaKrTQyPqdq_o5-uZJ,1st,,,,,,,,,,,Team Princess mairimasuwayo!,https://drive.google.com/open?id=10PXFohSuUQL_z5019VnwiN-Dkl0Ox-rQ,,,1,2,3,0,4,https://drive.google.com/open?id=14qoSyAFuvK23qULY2Z4XN-UnHxltDIHw
Jossuno,Graded (No Uma Restrictions),Win A finals with any uma,I accept these terms,Day 1,Windows,$1001-5000,1338,11-20 (roughly 2-3 per day),Discord - MooMooCord - https://discord.gg/Hc7cP9GB,,,Taiki Shuttle (Camping),Pace Chaser,Ace built for this CM before CM start in Unity Cup scenario,SS,2,,,1,3,,,,,Symboli Rudolf,Pace Chaser,Ace built for this CM before CM start in Unity Cup scenario,SS,2,,1,,3,,,,,Oguri Cap,Pace Chaser,Ace built for this CM before CM start in Unity Cup scenario,SS,2,,1,,3,,,,,4 Attempts - 20 Races total,14,Day 2,,,,,,,,,,,,,,,,,,,,Re-use Day 1 - Team Comp 1 as Day 2 - Team Comp 1,,,,,,,,,,,,,4 Attempts - 20 Races total,14,Day 3,,,,,,,,,,,,,,,,,,Re-use Day 2 - Team Comp 1 as Day 3 - Team Comp 1,A Group,,,,,,,,,,,,,4 Attempts - 20 Races total,12,Day 4,,,,,,,,,,,,,,,,,,Re-use Day 3 - Team Comp 1 as Day 4 - Team Comp 1,A Group,,,,,,,,,,,,,4 Attempts - 20 Races total,15,Finals,,,,,,,,,,,,,,,,,,A Finals,10072,Re-use Day 4 - Team Comp 1 as Finals Team Comp,,,,,,,,,,,2nd,No (goes to Submit page),,,,,,,,,,,,,,,,,,,
PenguinNinja,Open (A+ Grade and Lower Umas Only),"Win A finals with ""oshi"" uma",I accept these terms,Day 1,"Android - phone or tablet, Windows",$101-500,585,0-5 (less than 1 per day),"Discord - MooMooCord - https://discord.gg/Hc7cP9GB, YouTube - MooMooCows - https://www.youtube.com/@MooMooCows",4,"Unclear what the Oshi quote is, submitted the one provided in the Newsletter if that is what you are referring to ^^",Taiki Shuttle,Pace Chaser,Ace built for this CM before CM start in Unity Cup scenario,SS,1,0,0,3,2,0,0,,,Curren Chan,Pace Chaser,Ace built for this CM before CM start in Unity Cup scenario,SS+,1,0,0,3,2,0,0,,,Oguri Cap,Pace Chaser,Ace built for this CM before CM start in Unity Cup scenario,UG (or higher),1,0,0,3,2,,,,,4 Attempts - 20 Races total,11,Finals,,,,,,,,,,,,,,,,,,,,Re-use Day 1 - Team Comp 1 as Day 2 - Team Comp 1,,,,,,,,,,,,,4 Attempts - 20 Races total,12,Day 1,,,,,,,,,,,,,,,,,,Re-use Day 2 - Team Comp 2 as Day 3 - Team Comp 1,A Group,,,,,,,,,,,,,4 Attempts - 20 Races total,10,Day 4,,,,,,,,,,,,,,,,,,Re-use Day 3 - Team Comp 1 as Day 4 - Team Comp 1,A Group,,,,,,,,,,,,,4 Attempts - 20 Races total,12,Day 2,,,,,,,,,,,,,,,,,,A Finals,7882,Re-use Day 4 - Team Comp 1 as Finals Team Comp,,,,,,,,,,https://drive.google.com/open?id=1fdPiV-Clu5ZFPaWlLBj9fGvnl6ElVfvW,1st,,,,,,,,,,,"""Pow!"" ""No thanks! They know to expect a smile and a victory pose when I cross that finish line!""",https://drive.google.com/open?id=1hyQXIPm9rAJEjwyF3z9jBpRGxk0LuUuX,https://drive.google.com/open?id=1xHTE9JmeGxJbY0CydK6VH4OH9-AGBVQs,,3,,10,,3,https://drive.google.com/open?id=14LUvKKnRsxMWqQVp8ZLd34jsFV6uo_6_
JBTheBootyHunter,Graded (No Uma Restrictions),"Win A finals with ""oshi"" uma",I accept these terms,Day 1,"Android - phone or tablet, Windows",$501-1000,1851,31-45 (roughly 5-6 per day),Discord - MooMooCord - https://discord.gg/Hc7cP9GB,5,,Hishi Amazon,End Closer,Ace built for this CM before CM start in Unity Cup scenario,UG (or higher),1,,,2,3,,,,,Hishi Akebono,Pace Chaser,Ace built for this CM before CM start in Unity Cup scenario,SS,1,,,2,3,,,,,Sweep Tosho,End Closer,Hybrid (ace + debuffer),SS,1,,,2,3,,,,,4 Attempts - 20 Races total,11,Day 2,,,,,,,,,,,,,,,,,,,,Re-use Day 1 - Team Comp 1 as Day 2 - Team Comp 1,,,,,,,,,,,,,4 Attempts - 20 Races total,12,Day 3,,,,,,,,,,,,,,,,,,Re-use Day 2 - Team Comp 1 as Day 3 - Team Comp 1,A Group,,,,,,,,,,,,,4 Attempts - 20 Races total,7,Day 4,,,,,,,,,,,,,,,,,,Re-use Day 3 - Team Comp 1 as Day 4 - Team Comp 1,A Group,,,,,,,,,,,,,4 Attempts - 20 Races total,10,Finals,,,,,,,,,,,,,,,,,,A Finals,7472,Re-use Day 4 - Team Comp 1 as Finals Team Comp,,,,,,,,,,https://drive.google.com/open?id=17I_6j3lnr1Jy0iB4_WH98Ig2vM8eFGrK,1st,,,,,,,,,,,JONATHAN BANE BOUNTY HUNTER LOVES HISHI AMAZON!!!!!,https://drive.google.com/open?id=1L9cvgLQlGpkYv5cQLxCz8O__qWqfggJV,,,2,3,5,0,1,https://drive.google.com/open?id=1FZUDwihHc9SDa0BdFfGr6TdJVnD8UbEM
Marine,Graded (No Uma Restrictions),Win A finals with any uma,I accept these terms,Day 1,Android - phone or tablet,$0,856,11-20 (roughly 2-3 per day),YouTube - MooMooCows - https://www.youtube.com/@MooMooCows,5,,Nishino Flower,Pace Chaser,Ace built for this CM before CM start in Unity Cup scenario,UG (or higher),1,0,0,2,3,0,0,,,Oguri Cap,Pace Chaser,Ace built for this CM before CM start in Unity Cup scenario,SS,1,0,0,2,3,0,0,,,Silence Suzuka,Runaway,Ace built for this CM before CM start in Unity Cup scenario,UG (or higher),2,0,0,1,3,0,0,,,4 Attempts - 20 Races total,15,Day 2,,,,,,,,,,,,,,,,,,,,Re-use Day 1 - Team Comp 1 as Day 2 - Team Comp 1,,,,,,,,,,,,,4 Attempts - 20 Races total,16,Day 3,,,,,,,,,,,,,,,,,,Re-use Day 2 - Team Comp 1 as Day 3 - Team Comp 1,A Group,,,,,,,,,,,,,4 Attempts - 20 Races total,10,Day 4,,,,,,,,,,,,,,,,,,Re-use Day 3 - Team Comp 1 as Day 4 - Team Comp 1,A Group,,,,,,,,,,,,,4 Attempts - 20 Races total,13,Finals,,,,,,,,,,,,,,,,,,A Finals,11319,Re-use Day 4 - Team Comp 1 as Finals Team Comp,,,,,,,,,,https://drive.google.com/open?id=1i0HIOjSDMYffV3hY_giGfQT-QUKTtxfc,1st,,,,,,,,,,,,https://drive.google.com/open?id=1Y_Bi_5QAmqcfMD-Zr9tA220tftVAiYa3,https://drive.google.com/open?id=1IuKALyNl7BrDI1CRmNWuy0MqOoli5fJU,,3,,15,,,https://drive.google.com/open?id=1HXnRlGqIWacmdlRg4vu6FDRlVaimFFYg
Daisho,Graded (No Uma Restrictions),"Win A finals with ""oshi"" uma",I accept these terms,Day 1,"Android - phone or tablet, Windows",$101-500,855,11-20 (roughly 2-3 per day),YouTube - MooMooCows - https://www.youtube.com/@MooMooCows,,,Sakura Chiyono O,Pace Chaser,Ace built for this CM before CM start in Unity Cup scenario,SS,2,,1,,3,,,,,Sakura Bakushin O,Pace Chaser,Ace built for this CM before CM start in Trackblazer scenario,UG (or higher),2,,1,,3,,,,,Oguri Cap,Pace Chaser,Ace built for this CM before CM start in Unity Cup scenario,SS,2,,1,,3,,,,,4 Attempts - 20 Races total,15,Day 2,,,,,,,,,,,,,,,,,,,,Add new Team Comp as Day 2 - Team Comp 1,Sakura Chiyono O,Pace Chaser,Ace built for this CM before CM start in Unity Cup scenario,SS,Sakura Bakushin O,Pace Chaser,Ace built for this CM before CM start in Unity Cup scenario,UG (or higher),Oguri Cap,Pace Chaser,Mid-CM Ace build in Unity Cup scenario,SS,4 Attempts - 20 Races total,14,Day 3,,,,,,,,,,,,,,,,,,Re-use Day 2 - Team Comp 1 as Day 3 - Team Comp 1,A Group,,,,,,,,,,,,,4 Attempts - 20 Races total,14,Day 4,,,,,,,,,,,,,,,,,,Re-use Day 3 - Team Comp 1 as Day 4 - Team Comp 1,A Group,,,,,,,,,,,,,4 Attempts - 20 Races total,13,Finals,,,,,,,,,,,,,,,,,,A Finals,8221,Re-use Day 4 - Team Comp 1 as Finals Team Comp,,,,,,,,,,https://drive.google.com/open?id=1H9d2QmFSZjvJZZ5K5cwH9S5GV5wzEnJ1,1st,,,,,,,,,,,,https://drive.google.com/open?id=1_AUG4AdG2kOaOEboHsLryxQ1jLrIeMjl,https://drive.google.com/open?id=1MheveyUZiVUsugaOwLt_l83P-cBwTOb-,,,,6,,5,https://drive.google.com/open?id=147jwY-_Q7sk2pZDM5Opbv_6iYOp_Q08X
Gummy,Graded (No Uma Restrictions),Get into A finals,I accept these terms,Finals,"Android - phone or tablet, Windows",,,,,,,,,,,,,,,,,,,,,,,,,,,,,,,,,,,,,,,,,,,,,,,,,,,,,,,,,,,,,,,,,,,,,,,,,,,,,,,,,,,,,,,,,,,,,,,,,,,,,,,,,,,,,,,,,,,,,,,,,,,,,,,,,,,,,,,,,,,,,,,,,,,,,,,,,,,,,,,,,,,,,,,,,A Finals,13293,Re-use Day 4 - Team Comp 2 as Finals Team Comp,,,,,,,,,,https://drive.google.com/open?id=1J1DptTgM7Bq7qWFznVeUSNw0VpAnbPkT,1st,,,,,,,,,,,,https://drive.google.com/open?id=1aWfSZ3KSgltlYquDPRa9ktUGBy92ROWv,https://drive.google.com/open?id=1KinlrpAGEjLvYm9w_Iuvai8tv2I-a8g_,,7,,7,,,https://drive.google.com/open?id=1iPnMJvL_l1G_qDIaNxANZWD0DYkgOUuw
Framex,Open (A+ Grade and Lower Umas Only),Collect participation rewards,I accept these terms,Finals,Android - phone or tablet,$1-100,471,21-30 (roughly 3-4 per day),Reddit - /r/umamusumeGame,5,,,,,,,,,,,,,,,,,,,,,,,,,,,,,,,,,,,,,,,,,,,,,,,,,,,,,,,,,,,,,,,,,,,,,,,,,,,,,,,,,,,,,,,,,,,,,,,,,,,,,,,,,,,,,,,,,,,,,,,,,,,,,,,,,,,,,,,,,,,,,,,,,,,,,,,,,,,,,,,,,,,,A Finals,3973,Re-use Day 4 - Team Comp 1 as Finals Team Comp,,,,,,,,,,https://drive.google.com/open?id=12cLDw6hUirHADthzrxPs8UVmo4iJm37p,1st,,,,,,,,,,,,https://drive.google.com/open?id=1dDiIUXMFvNmsYeVjyDIErTYPGX_xk85h,https://drive.google.com/open?id=1LEVsetWtauSYJv-KWNM1Wmmc2GhE1VmL,,0,0,2,0,0,https://drive.google.com/open?id=19dG0LSbp8GgZVYjnqSTRU4tVSz3x5ocM
Dragon,Graded (No Uma Restrictions),Get into A finals,I accept these terms,Day 1,Windows,$101-500,,21-30 (roughly 3-4 per day),,,,Narita Taishin,Late Surger,Ace built for this CM before CM start in Unity Cup scenario,UG (or higher),1,,2,,3,,,,,Hishi Amazon,End Closer,Ace built for this CM before CM start in Unity Cup scenario,SS,,,,,,,,,,Taiki Shuttle,Pace Chaser,Ace built for this CM before CM start in Unity Cup scenario,UG (or higher),,,,,,,,,,4 Attempts - 20 Races total,11,Day 2,,,,,,,,,,,,,,,,,,,,Re-use Day 1 - Team Comp 1 as Day 2 - Team Comp 1,,,,,,,,,,,,,4 Attempts - 20 Races total,11,Day 3,,,,,,,,,,,,,,,,,,Re-use Day 2 - Team Comp 1 as Day 3 - Team Comp 1,A Group,,,,,,,,,,,,,4 Attempts - 20 Races total,9,Day 4,,,,,,,,,,,,,,,,,,Re-use Day 3 - Team Comp 1 as Day 4 - Team Comp 1,A Group,,,,,,,,,,,,,4 Attempts - 20 Races total,9,Finals,,,,,,,,,,,,,,,,,,A Finals,6962,Re-use Day 4 - Team Comp 1 as Finals Team Comp,,,,,,,,,,https://drive.google.com/open?id=132O3rcPwsafAlu9EfvOfkZU0RYiZIUa2,1st,,,,,,,,,,,,,,,,,,,,
rikku,Graded (No Uma Restrictions),"Win A finals with ""oshi"" uma",I accept these terms,Day 1,"Android - phone or tablet, Windows",$1-100,,11-20 (roughly 2-3 per day),YouTube - MooMooCows - https://www.youtube.com/@MooMooCows,4,,Narita Brian,Late Surger,Ace built for this CM before CM start in Trackblazer scenario,UG (or higher),2,0,2,0,2,0,0,70,40,Oguri Cap,Late Surger,Ace built for this CM before CM start in Trackblazer scenario,SS,2,0,2,0,2,,,70,40,Symboli Rudolf,Late Surger,Debuffer,S+,,,,,,,,,,4 Attempts - 20 Races total,15,Day 2,,,,,,,,,,,,,,,,,,,,Re-use Day 1 - Team Comp 1 as Day 2 - Team Comp 1,,,,,,,,,,,,,4 Attempts - 20 Races total,15,Day 3,,,,,,,,,,,,,,,,,,Re-use Day 2 - Team Comp 1 as Day 3 - Team Comp 1,A Group,,,,,,,,,,,,,4 Attempts - 20 Races total,11,Day 4,,,,,,,,,,,,,,,,,,Re-use Day 3 - Team Comp 1 as Day 4 - Team Comp 1,A Group,,,,,,,,,,,,,4 Attempts - 20 Races total,12,Finals,,,,,,,,,,,,,,,,,,A Finals,8607,Re-use Day 4 - Team Comp 1 as Finals Team Comp,,,,,,,,,,https://drive.google.com/open?id=19SlMEboCC2PQ8LvpdsVLrpLLCpvV7fxD,1st,,,,,,,,,,,:),https://drive.google.com/open?id=1dXC8B6KS3rG7M9imod5kkrt9So5jwtoe,https://drive.google.com/open?id=1lnS-WBy5dqYA2CqnO8Tya7yinYGs6q7X,,2,0,12,0,0,https://drive.google.com/open?id=1gL3exfxb5kypmi-2bMWOr1cUjoG1eN5a
AAAAAAAAAAAAAAA,Graded (No Uma Restrictions),"Win A finals with ""oshi"" uma",I accept these terms,Finals,"Android - phone or tablet, Windows",$5000+,3273,46+ (more than 6 per day),"Discord - MooMooCord - https://discord.gg/Hc7cP9GB, Reddit - /r/umamusumeGame, Twitch - MooMooCows - https://www.twitch.tv/moomoomoocows",5,,,,,,,,,,,,,,,,,,,,,,,,,,,,,,,,,,,,,,,,,,,,,,,,,,,,,,,,,,,,,,,,,,,,,,,,,,,,,,,,,,,,,,,,,,,,,,,,,,,,,,,,,,,,,,,,,,,,,,,,,,,,,,,,,,,,,,,,,,,,,,,,,,,,,,,,,,,,,,,,,,,,A Finals,14046,Re-use Day 4 - Team Comp 1 as Finals Team Comp,,,,,,,,,,https://drive.google.com/open?id=1gupxG9wmIPclsyNkwGOFd7JV45RmwnlB,1st,,,,,,,,,,,lmao people got jebaited thinking spurt isnt good this CM,https://drive.google.com/open?id=1rwOw_Dw4uloHhJA5fpbIR0DYQ6eWDPZH,https://drive.google.com/open?id=122c-dTN2XPe1diIHTVxwBHyeHMGwZIMn,,6,0,3,0,5,https://drive.google.com/open?id=1RWqDSqxXwhYYLChnub7jcNRLAaMLV5b8
armedpandabear,Graded (No Uma Restrictions),"Win A finals with ""oshi"" uma",I accept these terms,Day 1,Android - phone or tablet,$1-100,,11-20 (roughly 2-3 per day),YouTube - MooMooCows - https://www.youtube.com/@MooMooCows,5,,El Condor Pasa (Fantasy),Late Surger,Ace built for this CM before CM start in Unity Cup scenario,UG (or higher),0,,2,,3,,,,,Taiki Shuttle,Pace Chaser,Ace built for this CM before CM start in Unity Cup scenario,SS+,1,,2,,3,,,,,Oguri Cap,Pace Chaser,Ace built for this CM before CM start in Unity Cup scenario,SS,1,,2,,3,,,,,4 Attempts - 20 Races total,10,Day 2,,,,,,,,,,,,,,,,,,,,Re-use Day 1 - Team Comp 1 as Day 2 - Team Comp 1,,,,,,,,,,,,,4 Attempts - 20 Races total,9,Day 3,,,,,,,,,,,,,,,,,,Re-use Day 2 - Team Comp 1 as Day 3 - Team Comp 1,A Group,,,,,,,,,,,,,4 Attempts - 20 Races total,8,Day 4,,,,,,,,,,,,,,,,,,Re-use Day 3 - Team Comp 1 as Day 4 - Team Comp 1,A Group,,,,,,,,,,,,,4 Attempts - 20 Races total,9,Finals,,,,,,,,,,,,,,,,,,A Finals,9848,Re-use Day 4 - Team Comp 1 as Finals Team Comp,,,,,,,,,,https://drive.google.com/open?id=11tJ35yh7h0FGwqeUgpPYFBn64hOHkipn,1st,,,,,,,,,,,,,,,,,18,,,https://drive.google.com/open?id=1W26-0WAkPsivgfaswEe7JmOow5rFQ8lr
ILabbyrinthI,Graded (No Uma Restrictions),"Win A finals with ""oshi"" uma",I accept these terms,Finals,"iOS - phone or tablet, Windows",$501-1000,,6-10 (roughly 1 per day),"Discord - MooMooCord - https://discord.gg/Hc7cP9GB, YouTube - MooMooCows - https://www.youtube.com/@MooMooCows",5,,,,,,,,,,,,,,,,,,,,,,,,,,,,,,,,,,,,,,,,,,,,,,,,,,,,,,,,,,,,,,,,,,,,,,,,,,,,,,,,,,,,,,,,,,,,,,,,,,,,,,,,,,,,,,,,,,,,,,,,,,,,,,,,,,,,,,,,,,,,,,,,,,,,,,,,,,,,,,,,,,,,A Finals,10571,Re-use Day 4 - Team Comp 2 as Finals Team Comp,,,,,,,,,,https://drive.google.com/open?id=1fFvkeLSTgdO07_G749szXlCZw9PmwDsT,1st,,,,,,,,,,,Good race made by Good Feng Shui,https://drive.google.com/open?id=1d13MBUy-OnSsGvK4VkTC-qogzGVd7hrV,https://drive.google.com/open?id=1Pe4CtM6aUaWX_RbqmExKp7_A58S4VnIH,,5,0,7,0,1,https://drive.google.com/open?id=1bgDMkH_5mKLXFv6EmgKPZsZtd-xFGted
Tyste,Graded (No Uma Restrictions),Win A finals with any uma,I accept these terms,Day 1,"iOS - phone or tablet, Windows",$501-1000,2497,0-5 (less than 1 per day),Discord - MooMooCord - https://discord.gg/Hc7cP9GB,4,,Taiki Shuttle,Pace Chaser,Ace built for this CM before CM start in Unity Cup scenario,UG (or higher),1,,,1,4,,,,,Oguri Cap,Pace Chaser,Ace built for this CM before CM start in Unity Cup scenario,SS,2,,,1,3,,,,,Sakura Bakushin O,Pace Chaser,Ace built for this CM before CM start in Unity Cup scenario,UG (or higher),2,,,,4,,,,,4 Attempts - 20 Races total,12,Day 2,,,,,,,,,,,,,,,,,,,,Re-use Day 1 - Team Comp 1 as Day 2 - Team Comp 1,,,,,,,,,,,,,4 Attempts - 20 Races total,14,Day 3,,,,,,,,,,,,,,,,,,Re-use Day 2 - Team Comp 1 as Day 3 - Team Comp 1,A Group,,,,,,,,,,,,,4 Attempts - 20 Races total,9,Day 4,,,,,,,,,,,,,,,,,,Re-use Day 3 - Team Comp 1 as Day 4 - Team Comp 1,A Group,,,,,,,,,,,,,4 Attempts - 20 Races total,12,Finals,,,,,,,,,,,,,,,,,,A Finals,10875,Re-use Day 4 - Team Comp 1 as Finals Team Comp,,,,,,,,,,https://drive.google.com/open?id=1Yj5zGsMyAtOSkpvbX4HGBfPcA1sAydGE,1st,,,,,,,,,,,Surely not,https://drive.google.com/open?id=13II4PWorYovKC11nzynuvtihq9enJ1nK,https://drive.google.com/open?id=1EiDy2Ee2N0SOLiz3NsFP9A-HrfOKxCgO,,,,17,,,https://drive.google.com/open?id=1a970E0C4NqtqfDtJczii5yhYN_EMYYE0
holo1,Graded (No Uma Restrictions),Win A finals with any uma,I accept these terms,Finals,Android - phone or tablet,$1-100,425,11-20 (roughly 2-3 per day),Discord - MooMooCord - https://discord.gg/Hc7cP9GB,5,,,,,,,,,,,,,,,,,,,,,,,,,,,,,,,,,,,,,,,,,,,,,,,,,,,,,,,,,,,,,,,,,,,,,,,,,,,,,,,,,,,,,,,,,,,,,,,,,,,,,,,,,,,,,,,,,,,,,,,,,,,,,,,,,,,,,,,,,,,,,,,,,,,,,,,,,,,,,,,,,,,,A Finals,10320,Add new Team Comp as Finals Team Comp,Oguri Cap,Pace Chaser,Ace built for this CM before CM start in Unity Cup scenario,Nishino Flower,Pace Chaser,Ace built for this CM before CM start in Unity Cup scenario,Taiki Shuttle,Pace Chaser,Mid-CM Ace build in Unity Cup scenario,https://drive.google.com/open?id=18Lf4RMHk3T6bHWr1dr4Dc2ypJWN4DWex,1st,,,,,,,,,,,,https://drive.google.com/open?id=1J169Lmdqjud34dgykhaYj4YV9oKmupme,https://drive.google.com/open?id=1QK4BHqfO9gpCvf_d0lIARGKzPGwrlZSg,,0,0,9,2,1,https://drive.google.com/open?id=1jw62SDIxXkTY9VPZbL6VNHR1S_y8FS5h
thefakeshadow,Graded (No Uma Restrictions),"Win A finals with ""oshi"" uma",I accept these terms,Day 1,"Android - phone or tablet, Windows",$0,1164,21-30 (roughly 3-4 per day),Discord - MooMooCord - https://discord.gg/Hc7cP9GB,4,,Oguri Cap,Pace Chaser,Ace built for this CM before CM start in Unity Cup scenario,UG (or higher),2,0,1,0,3,0,0,,,Sakura Bakushin O,Pace Chaser,Ace built for this CM before CM start in Unity Cup scenario,SS,2,0,2,0,2,0,0,,,Nishino Flower,Pace Chaser,Ace built for this CM before CM start in Unity Cup scenario,SS,2,0,1,0,3,0,0,,,4 Attempts - 20 Races total,13,Day 2,,,,,,,,,,,,,,,,,,,,Re-use Day 1 - Team Comp 1 as Day 2 - Team Comp 1,,,,,,,,,,,,,4 Attempts - 20 Races total,10,Day 3,,,,,,,,,,,,,,,,,,Re-use Day 2 - Team Comp 1 as Day 3 - Team Comp 1,A Group,,,,,,,,,,,,,4 Attempts - 20 Races total,10,Day 4,,,,,,,,,,,,,,,,,,Re-use Day 3 - Team Comp 1 as Day 4 - Team Comp 1,A Group,,,,,,,,,,,,,4 Attempts - 20 Races total,8,Go to Submit page,,,,,,,,,,,,,,,,,,A Finals,10156,Re-use Day 4 - Team Comp 1 as Finals Team Comp,,,,,,,,,,,2nd,No (goes to Submit page),,,,,,,,,,,,,,,,,,,
ssamachi,Open (A+ Grade and Lower Umas Only),Win A finals with any uma,I accept these terms,Day 1,Windows,$0,420,0-5 (less than 1 per day),"Discord - MooMooCord - https://discord.gg/Hc7cP9GB, YouTube - MooMooCows - https://www.youtube.com/@MooMooCows",5,,Fuji Kiseki,Pace Chaser,Ace built for this CM before CM start in Unity Cup scenario,A+,2,,2,,2,,,,,Oguri Cap,Pace Chaser,Ace built for this CM before CM start in Unity Cup scenario,A+,2,,2,,2,,,,,Taiki Shuttle,Pace Chaser,Ace built for this CM before CM start in Unity Cup scenario,A+,2,,2,,2,,,,,4 Attempts - 20 Races total,18,Day 2,,,,,,,,,,,,,,,,,,,,Re-use Day 1 - Team Comp 1 as Day 2 - Team Comp 1,,,,,,,,,,,,,4 Attempts - 20 Races total,19,Day 3,,,,,,,,,,,,,,,,,,Re-use Day 2 - Team Comp 1 as Day 3 - Team Comp 1,A Group,,,,,,,,,,,,,4 Attempts - 20 Races total,16,Day 4,,,,,,,,,,,,,,,,,,Re-use Day 3 - Team Comp 1 as Day 4 - Team Comp 1,A Group,,,,,,,,,,,,,4 Attempts - 20 Races total,17,Finals,,,,,,,,,,,,,,,,,,A Finals,6497,Re-use Day 4 - Team Comp 1 as Finals Team Comp,,,,,,,,,,https://drive.google.com/open?id=1ycOkdFnf10MDd3MR-tQJZH0iKwQ2t0m2,1st,,,,,,,,,,,,,,,,,,,,https://drive.google.com/open?id=10ydUWvaOrxucqwP2aWQgLB7OPjg3aVot
trollinater,Graded (No Uma Restrictions),Collect participation rewards,I accept these terms,Day 1,"Android - phone or tablet, Windows",$501-1000,1534,21-30 (roughly 3-4 per day),Discord - MooMooCord - https://discord.gg/Hc7cP9GB,5,,Taiki Shuttle,Pace Chaser,Ace built for this CM before CM start in Unity Cup scenario,UG (or higher),2,,,1,3,,,,,Oguri Cap,Pace Chaser,Ace built for this CM before CM start in Trackblazer scenario,SS,2,,2,,1,,1,65,42,Fuji Kiseki,Pace Chaser,Ace built for this CM before CM start in Unity Cup scenario,SS,2,,,1,3,,,,,4 Attempts - 20 Races total,13,Day 2,,,,,,,,,,,,,,,,,,,,Re-use Day 1 - Team Comp 1 as Day 2 - Team Comp 1,,,,,,,,,,,,,4 Attempts - 20 Races total,9,Day 3,,,,,,,,,,,,,,,,,,Re-use Day 2 - Team Comp 1 as Day 3 - Team Comp 1,A Group,,,,,,,,,,,,,4 Attempts - 20 Races total,7,Day 4,,,,,,,,,,,,,,,,,,Re-use Day 3 - Team Comp 1 as Day 4 - Team Comp 1,A Group,,,,,,,,,,,,,4 Attempts - 20 Races total,10,Finals,,,,,,,,,,,,,,,,,,A Finals,6560,Re-use Day 4 - Team Comp 1 as Finals Team Comp,,,,,,,,,,https://drive.google.com/open?id=1071KQZgqmerggqudlSxSVqJqAMMoXGQo,1st,,,,,,,,,,,Always Belieb,https://drive.google.com/open?id=1ciekpfMhucXGhMxtMjT1K4dgNzZSwqMt,https://drive.google.com/open?id=11kaMDZ4_yzkzV_Pj2mMJ6yRq2v4eG8Ht,,2,,9,3,,https://drive.google.com/open?id=1ihUtNfk1ZFUYSAcNA6AVFZ20fTc4K46a
Roman,Graded (No Uma Restrictions),Get into A finals,I accept these terms,Day 1,Windows,$101-500,2308,21-30 (roughly 3-4 per day),Twitch - MooMooCows - https://www.twitch.tv/moomoomoocows,4,,Nishino Flower,Pace Chaser,Ace built for this CM before CM start in Unity Cup scenario,UG (or higher),2,0,0,1,2,1,0,45,19,Taiki Shuttle (Camping),Pace Chaser,Ace built for this CM before CM start in Unity Cup scenario,UG (or higher),2,0,0,0,3,1,0,48,19,Bamboo memory,Late Surger,Ace built for this CM before CM start in Unity Cup scenario,UG (or higher),1,0,2,0,3,0,0,60,17,4 Attempts - 20 Races total,16,Day 2,,,,,,,,,,,,,,,,,,,,Re-use Day 1 - Team Comp 1 as Day 2 - Team Comp 1,,,,,,,,,,,,,4 Attempts - 20 Races total,19,Day 3,,,,,,,,,,,,,,,,,,Re-use Day 2 - Team Comp 1 as Day 3 - Team Comp 1,A Group,,,,,,,,,,,,,4 Attempts - 20 Races total,17,Day 4,,,,,,,,,,,,,,,,,,Re-use Day 3 - Team Comp 1 as Day 4 - Team Comp 1,A Group,,,,,,,,,,,,,4 Attempts - 20 Races total,16,Finals,,,,,,,,,,,,,,,,,,A Finals,11306,Re-use Day 4 - Team Comp 1 as Finals Team Comp,,,,,,,,,,https://drive.google.com/open?id=1dMfkwtCFOUNErf34rLMXiG8laftPUROT,1st,,,,,,,,,,,,,,,,,,,,
ErnyBerny,Graded (No Uma Restrictions),Win A finals with any uma,I accept these terms,Day 1,iOS - phone or tablet,$1-100,,21-30 (roughly 3-4 per day),Discord - MooMooCord - https://discord.gg/Hc7cP9GB,4,,Taiki Shuttle,Pace Chaser,Ace built for this CM before CM start in Unity Cup scenario,UG (or higher),2,,,,4,,,,,Sakura Bakushin O,Pace Chaser,Ace built for this CM before CM start in Unity Cup scenario,UG (or higher),1,,1,,3,,,,,Oguri Cap,Pace Chaser,Ace built for this CM before CM start in Unity Cup scenario,UG (or higher),1,,1,,4,,,,,4 Attempts - 20 Races total,18,Day 2,,,,,,,,,,,,,,,,,,,,Re-use Day 1 - Team Comp 1 as Day 2 - Team Comp 1,,,,,,,,,,,,,4 Attempts - 20 Races total,17,Day 3,,,,,,,,,,,,,,,,,,Re-use Day 2 - Team Comp 1 as Day 3 - Team Comp 1,A Group,,,,,,,,,,,,,4 Attempts - 20 Races total,14,Day 4,,,,,,,,,,,,,,,,,,Re-use Day 3 - Team Comp 1 as Day 4 - Team Comp 1,A Group,,,,,,,,,,,,,4 Attempts - 20 Races total,15,Finals,,,,,,,,,,,,,,,,,,A Finals,10893,Re-use Day 4 - Team Comp 1 as Finals Team Comp,,,,,,,,,,https://drive.google.com/open?id=1_S5x7BuwjMCeRO-J4NcUORbLz4DrdLY0,1st,,,,,,,,,,,,,,,,,,,,
M-AS,Graded (No Uma Restrictions),Get into A finals,I accept these terms,Day 1,"iOS - phone or tablet, Windows",$101-500,462,0-5 (less than 1 per day),YouTube - MooMooCows - https://www.youtube.com/@MooMooCows,4,same issue as last time with nonexistent 2nd team comp showing up when selecting for next day,Oguri Cap,Pace Chaser,Ace built for this CM before CM start in Unity Cup scenario,SS,2,0,0,1,3,0,0,,,Sakura Bakushin O,Pace Chaser,Ace built for this CM before CM start in Unity Cup scenario,SS,2,0,1,0,3,0,0,,,King Halo (Cheerleader),Late Surger,Ace built for this CM before CM start in Unity Cup scenario,SS,2,0,1,0,3,0,0,,,4 Attempts - 20 Races total,13,Day 2,,,,,,,,,,,,,,,,,,,,Re-use Day 1 - Team Comp 1 as Day 2 - Team Comp 1,,,,,,,,,,,,,4 Attempts - 20 Races total,6,Day 3,,,,,,,,,,,,,,,,,,Add new Team Comp as Day 3 - Team Comp 1,A Group,Mejiro Ryan,Late Surger,Mid-CM Ace build in Unity Cup scenario,SS,Gold City (Festival),End Closer,Debuffer,S+,Grass Wonder,End Closer,Debuffer,S+,2 Attempts - 10 Races total,3,Day 3 - Add 2nd Team,Add new Team Comp as Day 3 - Team Comp 2,Oguri Cap,Pace Chaser,Ace built for this CM before CM start in Unity Cup scenario,SS,Sakura Bakushin O,Pace Chaser,Ace built for this CM before CM start in Unity Cup scenario,SS,Mejiro Ryan,Late Surger,Mid-CM Ace build in Unity Cup scenario,SS,2 Attempts - 10 Races total,5,2 teams,Day 4,Add a new Team Comp as Day 4 - Team Comp 1,A Group,Oguri Cap,Pace Chaser,Ace built for this CM before CM start in Unity Cup scenario,SS,Sakura Bakushin O,Pace Chaser,Ace built for this CM before CM start in Unity Cup scenario,SS,Taiki Shuttle,Pace Chaser,Ace built for this CM before CM start in Unity Cup scenario,SS,4 Attempts - 20 Races total,13,Finals,,,,,,,,,,,,,,,,,,A Finals,7510,Re-use Day 4 - Team Comp 1 as Finals Team Comp,,,,,,,,,,https://drive.google.com/open?id=1X28rYMmAn1qne3kfkZyxGiFmhcG14oD2,1st,,,,,,,,,,,,,https://drive.google.com/open?id=1qHat2QA5ymlDfi9gCe1FyTzufvjnXLs3,https://drive.google.com/open?id=1rKYObIg08W_Mru3dhlr5MHnF2_EwI-Ta,0,1,9,0,3,https://drive.google.com/open?id=1ICXRPa6LONIPhvrEYup3lHi0ErfGYK0x
bilencebuzuka,Graded (No Uma Restrictions),Get into A finals,I accept these terms,Day 1,Windows,$1-100,,,Reddit - /r/umamusumeGame,,,Mejiro Palmer,Runaway,Blocker/Overtake target/Throwaway/Niche role,S+,,,,,,,,,,Taiki Shuttle (Camping),Pace Chaser,Ace built for this CM before CM start in Unity Cup scenario,UG (or higher),2,0,1,0,2,0,1,,,Fuji Kiseki,Pace Chaser,Ace built for this CM before CM start in Unity Cup scenario,UG (or higher),2,0,1,0,2,0,1,,,4 Attempts - 20 Races total,10,Day 2,,,,,,,,,,,,,,,,,,,,Re-use Day 1 - Team Comp 1 as Day 2 - Team Comp 1,,,,,,,,,,,,,4 Attempts - 20 Races total,13,Day 3,,,,,,,,,,,,,,,,,,Add new Team Comp as Day 3 - Team Comp 1,A Group,Rice Shower,Pace Chaser,Mid-CM Ace build in Unity Cup scenario,SS,Fuji Kiseki,Pace Chaser,Ace built for this CM before CM start in Unity Cup scenario,UG (or higher),Taiki Shuttle (Camping),Pace Chaser,Ace built for this CM before CM start in Unity Cup scenario,UG (or higher),4 Attempts - 20 Races total,13,Day 4,,,,,,,,,,,,,,,,,,Re-use Day 3 - Team Comp 1 as Day 4 - Team Comp 1,A Group,,,,,,,,,,,,,4 Attempts - 20 Races total,14,Finals,,,,,,,,,,,,,,,,,,A Finals,7921,Re-use Day 4 - Team Comp 1 as Finals Team Comp,,,,,,,,,,https://drive.google.com/open?id=1NmRSdzjn2688sn_bdcrfqLcXBEWyjhSf,1st,,,,,,,,,,,laisu is a good child,https://drive.google.com/open?id=13ra8g8jtAOPX61QH41Qpc7hFMkUmatbP,https://drive.google.com/open?id=1FJ-ZOvYtl6_qjlOcNaVtFkJkiAehhAro,,,,,,,https://drive.google.com/open?id=1bUWt5Jw4t8Sw7mSOqdUxYTs26qLy7kkF
FabulouZ,Graded (No Uma Restrictions),Get into A finals,I accept these terms,Day 2,"iOS - phone or tablet, Windows",$501-1000,,46+ (more than 6 per day),Discord - MooMooCord - https://discord.gg/Hc7cP9GB,5,,Taiki Shuttle (Camping),Pace Chaser,Ace built for this CM before CM start in Unity Cup scenario,SS+,2,0,0,0,3,1,0,,,Fuji Kiseki (Ballroom),Pace Chaser,Ace built for this CM before CM start in Unity Cup scenario,SS+,2,0,0,2,2,0,0,,,Mayano Top Gun (Wedding),Late Surger,Ace built for this CM before CM start in Unity Cup scenario,SS,2,0,1,0,2,0,1,,,4 Attempts - 20 Races total,14,Finals,,,,,,,,,,,,,,,,,,,,Re-use Day 1 - Team Comp 1 as Day 2 - Team Comp 1,,,,,,,,,,,,,4 Attempts - 20 Races total,16,Day 3,,,,,,,,,,,,,,,,,,Re-use Day 2 - Team Comp 1 as Day 3 - Team Comp 1,A Group,,,,,,,,,,,,,4 Attempts - 20 Races total,13,Day 4,,,,,,,,,,,,,,,,,,Re-use Day 3 - Team Comp 1 as Day 4 - Team Comp 1,A Group,,,,,,,,,,,,,4 Attempts - 20 Races total,14,Finals,,,,,,,,,,,,,,,,,,A Finals,10246,Re-use Day 4 - Team Comp 1 as Finals Team Comp,,,,,,,,,,https://drive.google.com/open?id=1mz1pgLvwFUzDeABDgh3Y212ysCfzZZ5i,1st,,,,,,,,,,,,https://drive.google.com/open?id=17enCmjAT-oH-4zN074cZBUlCLzSdZhF8,https://drive.google.com/open?id=1GOHVYviAJPW3-sZzaYnf4gG4JQ8PiFuV,,,4,10,,,https://drive.google.com/open?id=14Gb8U4fQ326iU8AodU2k8-eJ070JGqIE
fiannez,Graded (No Uma Restrictions),Get into A finals,I accept these terms,Day 1,"iOS - phone or tablet, Windows",$0,898,6-10 (roughly 1 per day),Discord - MooMooCord - https://discord.gg/Hc7cP9GB,5,,Silence Suzuka,Front Runner,Ace built for this CM before CM start in Unity Cup scenario,UG (or higher),1,0,0,2,3,0,0,,,Hishi Akebono,Pace Chaser,Ace built for this CM before CM start in Unity Cup scenario,UG (or higher),1,0,0,2,3,0,0,,,Sakura Bakushin O,Pace Chaser,Ace built for this CM before CM start in Unity Cup scenario,UG (or higher),2,0,0,1,2,1,0,,,4 Attempts - 20 Races total,13,Day 2,,,,,,,,,,,,,,,,,,,,Re-use Day 1 - Team Comp 1 as Day 2 - Team Comp 1,,,,,,,,,,,,,4 Attempts - 20 Races total,12,Day 3,,,,,,,,,,,,,,,,,,Re-use Day 2 - Team Comp 1 as Day 3 - Team Comp 1,A Group,,,,,,,,,,,,,4 Attempts - 20 Races total,12,Day 4,,,,,,,,,,,,,,,,,,Re-use Day 3 - Team Comp 1 as Day 4 - Team Comp 1,A Group,,,,,,,,,,,,,4 Attempts - 20 Races total,9,Finals,,,,,,,,,,,,,,,,,,A Finals,11042,Re-use Day 4 - Team Comp 1 as Finals Team Comp,,,,,,,,,,https://drive.google.com/open?id=1V7F9gIAFIMk-wlY8QEe8Kq6rafQn61Ax,1st,,,,,,,,,,,,https://drive.google.com/open?id=1pVO6U0FsOGK2lVLLa9kVS-7OZf2tSPNd,https://drive.google.com/open?id=1tM4blDwfG347HWHQRmD_oFNiTY9IoRE1,,0,0,18,0,0,https://drive.google.com/open?id=16rwLvecyB-NWCaRkEU5TMyoaQkaJTAr6
CJ,Graded (No Uma Restrictions),Win A finals with any uma,I accept these terms,Finals,Android - phone or tablet,$101-500,291,11-20 (roughly 2-3 per day),Discord - MooMooCord - https://discord.gg/Hc7cP9GB,4,,,,,,,,,,,,,,,,,,,,,,,,,,,,,,,,,,,,,,,,,,,,,,,,,,,,,,,,,,,,,,,,,,,,,,,,,,,,,,,,,,,,,,,,,,,,,,,,,,,,,,,,,,,,,,,,,,,,,,,,,,,,,,,,,,,,,,,,,,,,,,,,,,,,,,,,,,,,,,,,,,,,A Finals,10502,Re-use Day 4 - Team Comp 2 as Finals Team Comp,,,,,,,,,,https://drive.google.com/open?id=1GC7qYtD5f7WPTrPhGZ0UcZJhhEumlWIl,1st,,,,,,,,,,,White Lightning Extremely Cool,https://drive.google.com/open?id=1IZ--570HKXoWXbWUqxh_7DuGcA4ajMdW,https://drive.google.com/open?id=11iJ6LYlLJ9lw5UJ-3jmFkATH1ztAiagd,,6,1,4,,,https://drive.google.com/open?id=1gW6Mbrto1urJYoRMcV0LhxbaNhkJqaMC
Techo1000,Graded (No Uma Restrictions),Get into A finals,I accept these terms,Day 1,"Android - phone or tablet, Windows",$101-500,1695,31-45 (roughly 5-6 per day),"Discord - MooMooCord - https://discord.gg/Hc7cP9GB, YouTube - MooMooCows - https://www.youtube.com/@MooMooCows",5,,Air Groove (Wedding),Pace Chaser,Ace built for this CM before CM start in Unity Cup scenario,UG (or higher),3,,,,3,,,41,17,Taiki Shuttle,Pace Chaser,Ace built for this CM before CM start in Unity Cup scenario,UG (or higher),3,,,,3,,,41,21,Oguri Cap,Pace Chaser,Ace built for this CM before CM start in Unity Cup scenario,UG (or higher),3,,,,3,,,41,22,4 Attempts - 20 Races total,13,Day 2,,,,,,,,,,,,,,,,,,,,Add new Team Comp as Day 2 - Team Comp 1,Air Groove (Wedding),Pace Chaser,Mid-CM Ace build in Unity Cup scenario,UG (or higher),Taiki Shuttle,Pace Chaser,Ace built for this CM before CM start in Unity Cup scenario,UG (or higher),Oguri Cap,Pace Chaser,Ace built for this CM before CM start in Unity Cup scenario,UG (or higher),4 Attempts - 20 Races total,17,Day 3,,,,,,,,,,,,,,,,,,Re-use Day 2 - Team Comp 1 as Day 3 - Team Comp 1,A Group,,,,,,,,,,,,,4 Attempts - 20 Races total,15,Day 4,,,,,,,,,,,,,,,,,,Re-use Day 3 - Team Comp 1 as Day 4 - Team Comp 1,A Group,,,,,,,,,,,,,4 Attempts - 20 Races total,9,Finals,,,,,,,,,,,,,,,,,,A Finals,9546,Re-use Day 4 - Team Comp 1 as Finals Team Comp,,,,,,,,,,https://drive.google.com/open?id=1q2CEJhb4AhznmOvmu1cGbPNtE3SNnPcU,1st,,,,,,,,,,,"""Air Groove my GOAT""",https://drive.google.com/open?id=1sOPlEAI4ApXAslRWMdeaHKiqU2FpyDns,https://drive.google.com/open?id=1rUq5hR_-yiQmfpwxSDN9RUfq_Y7CvF17,,,,14,,4,https://drive.google.com/open?id=1SoxDh3PgIeOpXI4hFqJZUgp16z4w0CTj
RedGlorn,Graded (No Uma Restrictions),Get into A finals,I accept these terms,Day 1,Windows,$0,1614,11-20 (roughly 2-3 per day),Twitch - MooMooCows - https://www.twitch.tv/moomoomoocows,5,,Haru Urara,Late Surger,Ace built for this CM before CM start in Unity Cup scenario,UG (or higher),3,0,0,1,2,0,0,60,15,Maruzensky (Summer),Front Runner,Ace built for this CM before CM start in Unity Cup scenario,UG (or higher),2,0,0,1,3,0,0,35,17,Taiki Shuttle,Pace Chaser,Ace built for this CM before CM start in Unity Cup scenario,UG (or higher),2,0,1,0,3,0,0,50,17,2 Attempts - 10 Races total,8,Day 2,,,,,,,,,,,,,,,,,,,,Re-use Day 1 - Team Comp 1 as Day 2 - Team Comp 1,,,,,,,,,,,,,2 Attempts - 10 Races total,7,Day 3,,,,,,,,,,,,,,,,,,Re-use Day 2 - Team Comp 1 as Day 3 - Team Comp 1,A Group,,,,,,,,,,,,,4 Attempts - 20 Races total,7,Day 4,,,,,,,,,,,,,,,,,,Re-use Day 3 - Team Comp 1 as Day 4 - Team Comp 1,A Group,,,,,,,,,,,,,4 Attempts - 20 Races total,10,Finals,,,,,,,,,,,,,,,,,,A Finals,7487,Re-use Day 4 - Team Comp 1 as Finals Team Comp,,,,,,,,,,https://drive.google.com/open?id=1Y2tuwp7R9WZSFT8xdgMEAVgcIQPQfVGu,2nd,Yes,https://drive.google.com/open?id=1uvHW_pxLASEtcAVwZL3kzPHi6jlfNWWX,https://drive.google.com/open?id=1Y_5EEezqbdhqT62PAiLngY2xVE6o9zKr,,0,0,18,0,0,https://drive.google.com/open?id=1X83c9R0nz_k5VVcSYBdJhK-k8hyWyrPi,,,,,,,,,,
Edward,Graded (No Uma Restrictions),Win A finals with any uma,I accept these terms,Day 1,Android - phone or tablet,$0,1793,11-20 (roughly 2-3 per day),Twitch - MooMooCows - https://www.twitch.tv/moomoomoocows,3,,Taiki Shuttle,Pace Chaser,Ace built for this CM before CM start in Unity Cup scenario,UG (or higher),2,,1,,3,,,,20,Nishino Flower,Pace Chaser,Ace built for this CM before CM start in Unity Cup scenario,SS,2,,1,,3,,,,17,Oguri Cap,Pace Chaser,Ace built for this CM before CM start in Unity Cup scenario,UG (or higher),2,,,2,2,,,,17,4 Attempts - 20 Races total,14,Day 2,,,,,,,,,,,,,,,,,,,,Re-use Day 1 - Team Comp 1 as Day 2 - Team Comp 1,,,,,,,,,,,,,4 Attempts - 20 Races total,11,Day 3,,,,,,,,,,,,,,,,,,Re-use Day 2 - Team Comp 1 as Day 3 - Team Comp 1,A Group,,,,,,,,,,,,,4 Attempts - 20 Races total,9,Day 4,,,,,,,,,,,,,,,,,,Re-use Day 3 - Team Comp 1 as Day 4 - Team Comp 1,A Group,,,,,,,,,,,,,4 Attempts - 20 Races total,15,Finals,,,,,,,,,,,,,,,,,,A Finals,13193,Re-use Day 4 - Team Comp 1 as Finals Team Comp,,,,,,,,,,https://drive.google.com/open?id=1m9LZC10ho_-_HePoyS5K6j-R5twAd2Xr,1st,,,,,,,,,,,Ms victoria made me cry,,,,2,,13,,,
Yoxi,Graded (No Uma Restrictions),"Win A finals with ""oshi"" uma",I accept these terms,Day 1,iOS - phone or tablet,$101-500,780,0-5 (less than 1 per day),YouTube - MooMooCows - https://www.youtube.com/@MooMooCows,5,,Tamamo Cross,Late Surger,Ace built for this CM before CM start in Unity Cup scenario,UG (or higher),2,,1,,2,1,,,19,Inari One,Late Surger,Ace built for this CM before CM start in Unity Cup scenario,SS+,2,,1,,2,1,,,18,Oguri Cap,Pace Chaser,Ace built for this CM before CM start in Unity Cup scenario,UG (or higher),2,,1,,3,,,,19,4 Attempts - 20 Races total,17,Day 2,,,,,,,,,,,,,,,,,,,,Re-use Day 1 - Team Comp 1 as Day 2 - Team Comp 1,,,,,,,,,,,,,4 Attempts - 20 Races total,16,Day 3,,,,,,,,,,,,,,,,,,Re-use Day 2 - Team Comp 1 as Day 3 - Team Comp 1,A Group,,,,,,,,,,,,,4 Attempts - 20 Races total,14,Day 4,,,,,,,,,,,,,,,,,,Re-use Day 3 - Team Comp 1 as Day 4 - Team Comp 1,A Group,,,,,,,,,,,,,4 Attempts - 20 Races total,14,Finals,,,,,,,,,,,,,,,,,,A Finals,12238,Re-use Day 4 - Team Comp 1 as Finals Team Comp,,,,,,,,,,https://drive.google.com/open?id=1wkq9Aj1mDUGoo5-z2b9KNy2cNN3hGj1D,1st,,,,,,,,,,,,https://drive.google.com/open?id=1sKYusjqodkBBsH0Cr5edxj6b4Z17m_mR,https://drive.google.com/open?id=1-QwTjb54Aq3pHfYGYvzevP1xhBhkPzBY,,8,3,5,,,https://drive.google.com/open?id=1nBG7gRCPnY9kbcjXG0EfqILx0W_NggZy
PrinceRazor,Graded (No Uma Restrictions),Win A finals with any uma,I accept these terms,Finals,iOS - phone or tablet,$1001-5000,1012,6-10 (roughly 1 per day),Discord - MooMooCord - https://discord.gg/Hc7cP9GB,5,,Rice Shower,Pace Chaser,Ace built for this CM before CM start in Unity Cup scenario,UG (or higher),2,0,0,1,2,6,0,55,,Nishino Flower,Pace Chaser,Ace built for this CM before CM start in Trackblazer scenario,S+,2,0,0,3,1,0,0,55,33,Silence Suzuka,Front Runner,Ace built for this CM before CM start in Unity Cup scenario,SS+,2,0,0,1,2,6,0,45,,4 Attempts - 20 Races total,3,Day 2,,,,,,,,,,,,,,,,,,,,Re-use Day 1 - Team Comp 1 as Day 2 - Team Comp 1,,,,,,,,,,,,,4 Attempts - 20 Races total,6,Day 3,,,,,,,,,,,,,,,,,,Add new Team Comp as Day 3 - Team Comp 1,A Group,Rice Shower,Pace Chaser,Mid-CM Ace build in Unity Cup scenario,SS,Nishino Flower,Pace Chaser,Ace built for this CM before CM start in Trackblazer scenario,S+,Silence Suzuka,Front Runner,Mid-CM Ace build in Unity Cup scenario,SS,4 Attempts - 20 Races total,3,Day 4,,,,,,,,,,,,,,,,,,Re-use Day 3 - Team Comp 1 as Day 4 - Team Comp 1,A Group,,,,,,,,,,,,,4 Attempts - 20 Races total,7,Finals,,,,,,,,,,,,,,,,,,A Finals,8925,Re-use Day 4 - Team Comp 1 as Finals Team Comp,,,,,,,,,,https://drive.google.com/open?id=1WlfH8YdwAEFULVm69yvKUg_Y8PRgGrnZ,1st,,,,,,,,,,,I can't be the only Rice Shower Winner,https://drive.google.com/open?id=1Yjz3jmAuDLVYLM-vzs8y_KR-ThIFyvZD,https://drive.google.com/open?id=1OBOluIS4i0Gzp1bGp6bXr8cFnY8Vl74q,,9,0,9,0,0,https://drive.google.com/open?id=13wnU5vavWxFP2J-sQ-siVeZzSmt-CrPY
cos514,Graded (No Uma Restrictions),Win A finals with any uma,I accept these terms,Day 4,"Android - phone or tablet, Windows",$0,651,6-10 (roughly 1 per day),Discord - MooMooCord - https://discord.gg/Hc7cP9GB,5,,,,,,,,,,,,,,,,,,,,,,,,,,,,,,,,,,,,,,,,,,,,,,,,,,,,,,,,,,,,,,,,,,,,,,,,,,,,,,,,,,,,,,,,,,,,,,,,,,,,,,,,,,,,,,,,,,,,,,,,,,,,,,,,,,Re-use Day 3 - Team Comp 1 as Day 4 - Team Comp 1,A Group,,,,,,,,,,,,,4 Attempts - 20 Races total,15,Finals,,,,,,,,,,,,,,,,,,A Finals,10380,Re-use Day 4 - Team Comp 1 as Finals Team Comp,,,,,,,,,,https://drive.google.com/open?id=1XXsd2h-6XT6aSWH02KTqFRIeuslsdOY-,3rd,No (goes to Submit page),,,,,,,,,,,,,,,,,,,
Rogier Silmuna,Graded (No Uma Restrictions),Get into A finals,I accept these terms,Day 1,Windows,$101-500,648,6-10 (roughly 1 per day),Discord - MooMooCord - https://discord.gg/Hc7cP9GB,5,,Taiki Shuttle,Pace Chaser,Ace built for this CM before CM start in Unity Cup scenario,SS,2,0,1,0,3,0,0,30,20,Fuji Kiseki,Pace Chaser,Ace built for this CM before CM start in Unity Cup scenario,UG (or higher),2,0,0,1,3,0,0,30,18,Sakura Bakushin O,Pace Chaser,Ace built for this CM before CM start in Unity Cup scenario,SS,2,0,1,0,3,0,0,30,21,4 Attempts - 20 Races total,11,Day 2,,,,,,,,,,,,,,,,,,,,Re-use Day 1 - Team Comp 1 as Day 2 - Team Comp 1,,,,,,,,,,,,,4 Attempts - 20 Races total,8,Day 3,,,,,,,,,,,,,,,,,,Re-use Day 2 - Team Comp 1 as Day 3 - Team Comp 1,A Group,,,,,,,,,,,,,4 Attempts - 20 Races total,8,Day 4,,,,,,,,,,,,,,,,,,Add a new Team Comp as Day 4 - Team Comp 1,A Group,Taiki Shuttle,Pace Chaser,Ace built for this CM before CM start in Unity Cup scenario,SS,Fuji Kiseki,Pace Chaser,Ace built for this CM before CM start in Unity Cup scenario,UG (or higher),King Halo,Late Surger,Mid-CM Ace build in Unity Cup scenario,UG (or higher),4 Attempts - 20 Races total,10,Finals,,,,,,,,,,,,,,,,,,A Finals,9391,Re-use Day 4 - Team Comp 1 as Finals Team Comp,,,,,,,,,,https://drive.google.com/open?id=1BZ4VwzXQbCnTIDs_zC5yGMvM0AH44_r2,2nd,No (goes to Submit page),,,,,,,,,,,,,,,,,,,
Tri,Graded (No Uma Restrictions),"Win A finals with ""oshi"" uma",I accept these terms,Go to Submit page,Android - phone or tablet,$1001-5000,796,11-20 (roughly 2-3 per day),"Twitch - MooMooCows - https://www.twitch.tv/moomoomoocows, YouTube - MooMooCows - https://www.youtube.com/@MooMooCows",,,Gold City (Festival),Pace Chaser,Ace built for this CM before CM start in Unity Cup scenario,UG (or higher),2,0,0,2,2,0,0,,,Taiki Shuttle,Pace Chaser,Ace built for this CM before CM start in Unity Cup scenario,UG (or higher),2,0,1,1,2,0,0,,,Air Groove,Late Surger,Ace built for this CM before CM start in Unity Cup scenario,UG (or higher),2,0,2,0,2,0,0,,,4 Attempts - 20 Races total,16,Day 2,,,,,,,,,,,,,,,,,,,,Re-use Day 1 - Team Comp 1 as Day 2 - Team Comp 1,,,,,,,,,,,,,4 Attempts - 20 Races total,18,Day 3,,,,,,,,,,,,,,,,,,Re-use Day 2 - Team Comp 1 as Day 3 - Team Comp 1,A Group,,,,,,,,,,,,,4 Attempts - 20 Races total,14,Day 4,,,,,,,,,,,,,,,,,,Re-use Day 3 - Team Comp 1 as Day 4 - Team Comp 1,A Group,,,,,,,,,,,,,4 Attempts - 20 Races total,12,Finals,,,,,,,,,,,,,,,,,,A Finals,9049,Re-use Day 4 - Team Comp 1 as Finals Team Comp,,,,,,,,,,https://drive.google.com/open?id=134PTemrbY97PrqArCf3z_SmtQrh9BHG7,1st,,,,,,,,,,,Every track is a Gold City track,https://drive.google.com/open?id=1SyQ8oCW6kxfxz12vheSjLgZaIee_OZo7,https://drive.google.com/open?id=1y1Kidb-VB21TZN19aYeMkYj65X7t3LO1,,1,0,13,0,0,https://drive.google.com/open?id=1TTyBCaabhZVU2SivFQ9yr0NomquzhLb_
Diko,Graded (No Uma Restrictions),Collect participation rewards,I accept these terms,Finals,"iOS - phone or tablet, Windows",$0,577,6-10 (roughly 1 per day),Discord - MooMooCord - https://discord.gg/Hc7cP9GB,,,,,,,,,,,,,,,,,,,,,,,,,,,,,,,,,,,,,,,,,,,,,,,,,,,,,,,,,,,,,,,,,,,,,,,,,,,,,,,,,,,,,,,,,,,,,,,,,,,,,,,,,,,,,,,,,,,,,,,,,,,,,,,,,,,,,,,,,,,,,,,,,,,,,,,,,,,,,,,,,,,,,A Finals,7340,Add new Team Comp as Finals Team Comp,Taiki Shuttle,Pace Chaser,Ace built for this CM before CM start in Unity Cup scenario,Curren Chan (Wedding),Pace Chaser,Ace built for this CM before CM start in Unity Cup scenario,Nishino Flower,Pace Chaser,Ace built for this CM before CM start in Unity Cup scenario,https://drive.google.com/open?id=1HcO0f2s_rfb34oZxIaaTyRO7nt1ix_aj,1st,,,,,,,,,,,,https://drive.google.com/open?id=1z-3DUDmFrL-29KQ7gRT_-xy47f6e5mNL,https://drive.google.com/open?id=1ofxbV3lbX-7iAKK240xtYZjR5aZdZX5M,,,,,,,https://drive.google.com/open?id=11MByJ-Nqee3nYDJPQdae4OGAR9N9VfZd
Tomahawk,Graded (No Uma Restrictions),Get into A finals,I accept these terms,Finals,Android - phone or tablet,$0,1239,6-10 (roughly 1 per day),Discord - MooMooCord - https://discord.gg/Hc7cP9GB,4,,,,,,,,,,,,,,,,,,,,,,,,,,,,,,,,,,,,,,,,,,,,,,,,,,,,,,,,,,,,,,,,,,,,,,,,,,,,,,,,,,,,,,,,,,,,,,,,,,,,,,,,,,,,,,,,,,,,,,,,,,,,,,,,,,,,,,,,,,,,,,,,,,,,,,,,,,,,,,,,,,,,B Finals,2828,Re-use Day 4 - Team Comp 1 as Finals Team Comp,,,,,,,,,,https://drive.google.com/open?id=1jGsySiFkoU11s4Lch83i_Im-53NN_J4i,2nd,No (goes to Submit page),,,,,,,,,,,,,,,,,,,
Zenn,Graded (No Uma Restrictions),"Win A finals with ""oshi"" uma",I accept these terms,Day 1,"Android - phone or tablet, Windows",$0,1162,21-30 (roughly 3-4 per day),Twitch - MooMooCows - https://www.twitch.tv/moomoomoocows,4,,Silence Suzuka,Front Runner,Ace built for this CM before CM start in Unity Cup scenario,SS,2,0,0,1,3,0,0,,20,Curren Chan,Pace Chaser,Ace built for this CM before CM start in Unity Cup scenario,SS+,2,0,0,1,3,0,0,,19,Fine Motion,Pace Chaser,Ace built for this CM before CM start in Unity Cup scenario,SS,2,0,0,1,3,0,0,,23,4 Attempts - 20 Races total,14,Day 2,,,,,,,,,,,,,,,,,,,,Re-use Day 1 - Team Comp 1 as Day 2 - Team Comp 1,,,,,,,,,,,,,4 Attempts - 20 Races total,12,Day 3,,,,,,,,,,,,,,,,,,Add new Team Comp as Day 3 - Team Comp 1,A Group,Agnes Digital,Late Surger,Mid-CM Ace build in Unity Cup scenario,SS+,Curren Chan,Pace Chaser,Ace built for this CM before CM start in Unity Cup scenario,SS+,Fine Motion,Pace Chaser,Ace built for this CM before CM start in Unity Cup scenario,SS,4 Attempts - 20 Races total,11,Day 4,,,,,,,,,,,,,,,,,,Re-use Day 3 - Team Comp 2 as Day 4 - Team Comp 1,A Group,,,,,,,,,,,,,4 Attempts - 20 Races total,8,Finals,,,,,,,,,,,,,,,,,,A Finals,10305,Re-use Day 4 - Team Comp 2 as Finals Team Comp,,,,,,,,,,https://drive.google.com/open?id=1IAvX-j4DHwH15vCXTVxX-hhAiydONafP,1st,,,,,,,,,,,"The warrior doesn't choose her battlefield, including sprint!",https://drive.google.com/open?id=1Q4pgTTrHJnnZufxd1rkMI4YO-Do-SGZe,https://drive.google.com/open?id=1hkApCt0U8WN1gYp_4Evrmv286f5BXmqE,,2,0,5,0,8,https://drive.google.com/open?id=1t2FfnXAjNrNoHOb8oGt-K6i47Kg5UWpr
NelsG,Graded (No Uma Restrictions),"Win A finals with ""oshi"" uma",I accept these terms,Day 1,Windows,$0,1329,11-20 (roughly 2-3 per day),Discord - MooMooCord - https://discord.gg/Hc7cP9GB,5,"in the active members part of the form it still says CM12, just found it funny",Curren Chan (Wedding),Pace Chaser,Ace built for this CM before CM start in Unity Cup scenario,UG (or higher),2,0,1,0,3,0,0,50,17,Air Shakur,Late Surger,Ace built for this CM before CM start in Unity Cup scenario,UG (or higher),3,0,0,0,3,0,0,55,16,Agnes Tachyon,End Closer,Debuffer,A+,,,,,,,,,,4 Attempts - 20 Races total,13,Day 2,,,,,,,,,,,,,,,,,,,,Re-use Day 1 - Team Comp 1 as Day 2 - Team Comp 1,,,,,,,,,,,,,4 Attempts - 20 Races total,17,Day 3,,,,,,,,,,,,,,,,,,Re-use Day 2 - Team Comp 1 as Day 3 - Team Comp 1,A Group,,,,,,,,,,,,,4 Attempts - 20 Races total,14,Day 4,,,,,,,,,,,,,,,,,,Re-use Day 3 - Team Comp 1 as Day 4 - Team Comp 1,A Group,,,,,,,,,,,,,4 Attempts - 20 Races total,16,Finals,,,,,,,,,,,,,,,,,,A Finals,15041,Re-use Day 4 - Team Comp 1 as Finals Team Comp,,,,,,,,,,https://drive.google.com/open?id=1qO7uG42P5u1Mi2LlSBYhxqsPTKm_hfG3,1st,,,,,,,,,,,,https://drive.google.com/open?id=1UEkyqxEZ-jzZ3l1q6Wch10hCawKv6yOl,https://drive.google.com/open?id=10C19eQV4UXq_KISMNnUk2sOZ8BpoVA_p,,0,0,9,1,3,https://drive.google.com/open?id=1a9RWkHqrMqOgxn2niz1dvL054GDATvRt
Rihito_21,Graded (No Uma Restrictions),Win A finals with any uma,I accept these terms,Day 1,Windows,$1-100,819,11-20 (roughly 2-3 per day),,4,,Curren Chan (Wedding),Pace Chaser,Ace built for this CM before CM start in Unity Cup scenario,SS+,2,0,1,1,2,0,0,,22,Taiki Shuttle,Pace Chaser,Ace built for this CM before CM start in Unity Cup scenario,UG (or higher),2,0,1,0,3,0,0,,16,Oguri Cap,Pace Chaser,Ace built for this CM before CM start in Unity Cup scenario,SS,2,0,1,1,2,0,0,,19,4 Attempts - 20 Races total,13,Day 2,,,,,,,,,,,,,,,,,,,,Re-use Day 1 - Team Comp 1 as Day 2 - Team Comp 1,,,,,,,,,,,,,4 Attempts - 20 Races total,15,Day 3,,,,,,,,,,,,,,,,,,Re-use Day 2 - Team Comp 1 as Day 3 - Team Comp 1,A Group,,,,,,,,,,,,,4 Attempts - 20 Races total,10,Day 4,,,,,,,,,,,,,,,,,,Add a new Team Comp as Day 4 - Team Comp 1,A Group,Curren Chan (Wedding),Pace Chaser,Ace built for this CM before CM start in Unity Cup scenario,SS+,Oguri Cap,Pace Chaser,Ace built for this CM before CM start in Unity Cup scenario,SS,King Halo,Late Surger,Ace built for this CM before CM start in Unity Cup scenario,SS+,4 Attempts - 20 Races total,12,Finals,,,,,,,,,,,,,,,,,,A Finals,9736,Re-use Day 4 - Team Comp 1 as Finals Team Comp,,,,,,,,,,https://drive.google.com/open?id=1teafZq50gPmFxJvkZOHll4GYGSJw6c4Q,1st,,,,,,,,,,,,,,,,,,,,
Blue,Graded (No Uma Restrictions),Get into A finals,I accept these terms,Day 1,Windows,$101-500,1129,11-20 (roughly 2-3 per day),Discord - MooMooCord - https://discord.gg/Hc7cP9GB,,,Tamamo Cross,Late Surger,Ace built for this CM before CM start in Unity Cup scenario,SS+,2,0,1,0,3,0,0,,,Taiki Shuttle,Pace Chaser,Ace built for this CM before CM start in Unity Cup scenario,UG (or higher),2,0,1,0,3,0,0,,,Agnes Digital,Late Surger,Ace built for this CM before CM start in Unity Cup scenario,SS+,2,0,1,0,3,0,0,,,4 Attempts - 20 Races total,14,Day 2,,,,,,,,,,,,,,,,,,,,Re-use Day 1 - Team Comp 1 as Day 2 - Team Comp 1,,,,,,,,,,,,,4 Attempts - 20 Races total,14,Day 3,,,,,,,,,,,,,,,,,,Re-use Day 2 - Team Comp 1 as Day 3 - Team Comp 1,A Group,,,,,,,,,,,,,4 Attempts - 20 Races total,8,Day 4,,,,,,,,,,,,,,,,,,Re-use Day 3 - Team Comp 1 as Day 4 - Team Comp 1,A Group,,,,,,,,,,,,,4 Attempts - 20 Races total,9,Finals,,,,,,,,,,,,,,,,,,A Finals,11050,Re-use Day 4 - Team Comp 1 as Finals Team Comp,,,,,,,,,,https://drive.google.com/open?id=1yuEL7z5NLoRaLGWng2nsJlJQdFQZQKqu,1st,,,,,,,,,,,The shorties are always the strongest,https://drive.google.com/open?id=1Z8RH6HwefVK49GpcE1eqQJvCO4MZqF1z,https://drive.google.com/open?id=1nNW9mAIuIXOAQLvBVM467tcRBirvhNUp,,1,0,7,0,4,https://drive.google.com/open?id=1F6YZZiy3wd5jiws-jyTiDXd1wymCxA8f
［CMM］ Yume,Graded (No Uma Restrictions),Have fun,I accept these terms,Go to Submit page,Windows,$0,1154,6-10 (roughly 1 per day),Discord - MooMooCord - https://discord.gg/Hc7cP9GB,4,,,,,,,,,,,,,,,,,,,,,,,,,,,,,,,,,,,,,,,,,,,,,,,,,,,,,,,,,,,,,,,,,,,,,,,,,,,,,,,,,,,,,,,,,,,,,,,,,,,,,,,,,,,,,,,,,,,,,,,,,,,,,,,,,,,,,,,,,,,,,,,,,,,,,,,,,,,,,,,,,,,,,,,,,,,,,,,,,,,,,,,,,,,,,,,,,,,,,
littlefoot,Graded (No Uma Restrictions),Get into A finals,I accept these terms,Finals,Windows,$0,452,,Discord - MooMooCord - https://discord.gg/Hc7cP9GB,,,,,,,,,,,,,,,,,,,,,,,,,,,,,,,,,,,,,,,,,,,,,,,,,,,,,,,,,,,,,,,,,,,,,,,,,,,,,,,,,,,,,,,,,,,,,,,,,,,,,,,,,,,,,,,,,,,,,,,,,,,,,,,,,,,,,,,,,,,,,,,,,,,,,,,,,,,,,,,,,,,,,B Finals,3384,Add new Team Comp as Finals Team Comp,Fuji Kiseki (Ballroom),Pace Chaser,Mid-CM Ace build in Unity Cup scenario,Nishino Flower,Pace Chaser,Ace built for this CM before CM start in Unity Cup scenario,Taiki Shuttle,Pace Chaser,Ace built for this CM before CM start in Unity Cup scenario,https://drive.google.com/open?id=1k5N6GgsBTLdtigjW_WdpaboSbQfaClrd,1st,,,,,,,,,,,,https://drive.google.com/open?id=16pdSX1_OjxxoaXeGWOxboFF6kLmEMDxr,,,6,,12,,,https://drive.google.com/open?id=188zO-MBIaL7jla6KJndjNey9n2n24HkX
ohnoes,Graded (No Uma Restrictions),Win A finals with any uma,I accept these terms,Day 1,"Android - phone or tablet, Windows",$1-100,626,11-20 (roughly 2-3 per day),"Twitch - MooMooCows - https://www.twitch.tv/moomoomoocows, YouTube - MooMooCows - https://www.youtube.com/@MooMooCows",3,,Curren Chan (Wedding),Pace Chaser,Ace built for this CM before CM start in Unity Cup scenario,UG (or higher),0,0,0,4,2,0,0,60,17,Oguri Cap,Late Surger,Ace built for this CM before CM start in Unity Cup scenario,UG (or higher),0,0,0,4,1,0,0,60,20,Sakura Chiyono O,Pace Chaser,Ace built for this CM before CM start in Unity Cup scenario,UG (or higher),0,0,0,4,1,0,0,60,17,4 Attempts - 20 Races total,15,Day 2,,,,,,,,,,,,,,,,,,,,Re-use Day 1 - Team Comp 1 as Day 2 - Team Comp 1,,,,,,,,,,,,,2 Attempts - 10 Races total,8,Day 3,,,,,,,,,,,,,,,,,,Re-use Day 2 - Team Comp 1 as Day 3 - Team Comp 1,A Group,,,,,,,,,,,,,4 Attempts - 20 Races total,14,Day 4,,,,,,,,,,,,,,,,,,Add a new Team Comp as Day 4 - Team Comp 1,A Group,Curren Chan (Wedding),Pace Chaser,Ace built for this CM before CM start in Unity Cup scenario,UG (or higher),Oguri Cap,Late Surger,Ace built for this CM before CM start in Unity Cup scenario,UG (or higher),Nishino Flower,Pace Chaser,Mid-CM Ace build in Unity Cup scenario,UG (or higher),4 Attempts - 20 Races total,16,Finals,,,,,,,,,,,,,,,,,,A Finals,13416,Re-use Day 4 - Team Comp 1 as Finals Team Comp,,,,,,,,,,https://drive.google.com/open?id=1jBL8go2IfQ0VjW1TQjh4es1KoCvZhUSl,1st,,,,,,,,,,,,https://drive.google.com/open?id=1OZdWjwPOgOGvOxxNC05jPsnkpcPY6PWj,https://drive.google.com/open?id=1MQVEIvuKNNrFHgisMg4FW_hwEoebh-7h,,4,,10,,,https://drive.google.com/open?id=183fJaNoZhKlj34BhTTeiWiVHs8kUT46_
billy,Graded (No Uma Restrictions),Get into A finals,I accept these terms,Day 1,"Android - phone or tablet, Linux",$1-100,933,6-10 (roughly 1 per day),Reddit - /r/umamusumeGame,4,,Mayano Top Gun (Wedding),Pace Chaser,Ace built for this CM before CM start in Unity Cup scenario,UG (or higher),2,,1,,3,,,55,,Taiki Shuttle,Pace Chaser,Ace built for this CM before CM start in Unity Cup scenario,UG (or higher),2,,1,,3,,,40,,Sweep Tosho,End Closer,Ace built for this CM before CM start in Unity Cup scenario,UG (or higher),2,,,,4,,,40,,4 Attempts - 20 Races total,16,Go to Submit page,,,,,,,,,,,,,,,,,,,,Re-use Day 1 - Team Comp 1 as Day 2 - Team Comp 1,,,,,,,,,,,,,4 Attempts - 20 Races total,15,Day 3,,,,,,,,,,,,,,,,,,Re-use Day 2 - Team Comp 1 as Day 3 - Team Comp 1,A Group,,,,,,,,,,,,,4 Attempts - 20 Races total,10,Day 4,,,,,,,,,,,,,,,,,,Re-use Day 3 - Team Comp 1 as Day 4 - Team Comp 1,A Group,,,,,,,,,,,,,4 Attempts - 20 Races total,12,Finals,,,,,,,,,,,,,,,,,,A Finals,9065,Add new Team Comp as Finals Team Comp,Mayano Top Gun (Wedding),Pace Chaser,Ace built for this CM before CM start in Unity Cup scenario,Taiki Shuttle,Pace Chaser,Ace built for this CM before CM start in Unity Cup scenario,Sweep Tosho,End Closer,Ace built for this CM before CM start in Unity Cup scenario,https://drive.google.com/open?id=188ELCkjGL2MWtvpz0jJOxLWPJKwqJ_Fy,1st,,,,,,,,,,,lightning bolt,https://drive.google.com/open?id=1lNemsPqVr2mqA6_Tjzd40nni0M0ddWVg,https://drive.google.com/open?id=1zzNJtIuV-KP0X9HdODGROn7uwwqmbeqe,,2,,12,,,https://drive.google.com/open?id=1G-CXrCnIXWsVjahKmLOyyl-ScgkIOdP3
nkbg,Graded (No Uma Restrictions),Win A finals with any uma,I accept these terms,Finals,iOS - phone or tablet,$0,1522,31-45 (roughly 5-6 per day),Reddit - /r/umamusumeGame,5,,,,,,,,,,,,,,,,,,,,,,,,,,,,,,,,,,,,,,,,,,,,,,,,,,,,,,,,,,,,,,,,,,,,,,,,,,,,,,,,,,,,,,,,,,,,,,,,,,,,,,,,,,,,,,,,,,,,,,,,,,,,,,,,,,,,,,,,,,,,,,,,,,,,,,,,,,,,,,,,,,,,A Finals,15510,Re-use Day 4 - Team Comp 1 as Finals Team Comp,,,,,,,,,,https://drive.google.com/open?id=19ZW5s6wLz1CulD_tRJh5QqfSQMpp_Mj_,1st,,,,,,,,,,,,https://drive.google.com/open?id=1nHwEHdn6Y6XoBzFlcvBi7Bw913Whez8V,https://drive.google.com/open?id=1jVHPmfqVnZV0d4sLw9fg4Sgu6ktjLWrj,,,5,10,,,https://drive.google.com/open?id=1f_GJQ08JPtVtxts-anYW8mvcNOU31rwq
4Queen,Graded (No Uma Restrictions),Win A finals with any uma,I accept these terms,Finals,Windows,$1-100,678,6-10 (roughly 1 per day),Discord - MooMooCord - https://discord.gg/Hc7cP9GB,5,,,,,,,,,,,,,,,,,,,,,,,,,,,,,,,,,,,,,,,,,,,,,,,,,,,,,,,,,,,,,,,,,,,,,,,,,,,,,,,,,,,,,,,,,,,,,,,,,,,,,,,,,,,,,,,,,,,,,,,,,,,,,,,,,,,,,,,,,,,,,,,,,,,,,,,,,,,,,,,,,,,,A Finals,8731,Add new Team Comp as Finals Team Comp,Smart Falcon,Front Runner,Mid-CM Ace build in Unity Cup scenario,Sakura Bakushin O,Front Runner,Mid-CM Ace build in Unity Cup scenario,Curren Chan (Wedding),Front Runner,Mid-CM Ace build in Unity Cup scenario,https://drive.google.com/open?id=1LXisrb8Hfv-gcvT0bxcw91z0iqEtGI9p,1st,,,,,,,,,,,Strive to be the trainer that you oshi believes you are. Ikz!,https://drive.google.com/open?id=1sHRLVTObkJk9M1MY4DJn-vIP9nM-LR2P,https://drive.google.com/open?id=1S3ZAklQpRWfAZQJzY57LcVnXkf11fBUL,,4,,10,,,https://drive.google.com/open?id=15IgIuoy91yCeqLPBxF6LarB0qRYPEpIN
Bad Luck Poppy,Graded (No Uma Restrictions),Get into A finals,I accept these terms,Finals,"Android - phone or tablet, Linux",$1-100,837,11-20 (roughly 2-3 per day),Discord - MooMooCord - https://discord.gg/Hc7cP9GB,5,,,,,,,,,,,,,,,,,,,,,,,,,,,,,,,,,,,,,,,,,,,,,,,,,,,,,,,,,,,,,,,,,,,,,,,,,,,,,,,,,,,,,,,,,,,,,,,,,,,,,,,,,,,,,,,,,,,,,,,,,,,,,,,,,,,,,,,,,,,,,,,,,,,,,,,,,,,,,,,,,,,,A Finals,4227,Re-use Day 4 - Team Comp 1 as Finals Team Comp,,,,,,,,,,https://drive.google.com/open?id=1QHeldyP_1q7Gq9oHlg-ibjue8qv645iR,1st,,,,,,,,,,,,https://drive.google.com/open?id=1KYCz80QuzUlEz0PlgInCkBwZG9zDb5fk,https://drive.google.com/open?id=1CQinOX8ldZRIjmYFDLjyKOtU7VGt2Wdb,,,,16,,,https://drive.google.com/open?id=18yPLmLsdcPuyZjTfZ9bL3x9-AmzvmE8f
BuffFries,Graded (No Uma Restrictions),"Win A finals with ""oshi"" uma",I accept these terms,Day 1,"iOS - phone or tablet, Windows",$1-100,462,0-5 (less than 1 per day),"Discord - MooMooCord - https://discord.gg/Hc7cP9GB, YouTube - MooMooCows - https://www.youtube.com/@MooMooCows",4,,Curren Chan (Wedding),Pace Chaser,Ace built for this CM before CM start in Unity Cup scenario,UG (or higher),2,,1,,3,,,,,Hishi Akebono,Pace Chaser,Ace built for this CM before CM start in Unity Cup scenario,UG (or higher),2,,1,,3,,,,,Nishino Flower,Pace Chaser,Ace built for this CM before CM start in Unity Cup scenario,SS,2,,1,,3,,,,,2 Attempts - 10 Races total,6,Day 2,,,,,,,,,,,,,,,,,,,,Re-use Day 1 - Team Comp 1 as Day 2 - Team Comp 1,,,,,,,,,,,,,0 Attempts - 0 Races total,0,Day 3,,,,,,,,,,,,,,,,,,Re-use Day 2 - Team Comp 1 as Day 3 - Team Comp 1,A Group,,,,,,,,,,,,,3 Attempts - 15 Races total,12,Day 4,,,,,,,,,,,,,,,,,,Re-use Day 3 - Team Comp 1 as Day 4 - Team Comp 1,A Group,,,,,,,,,,,,,0 Attempts - 0 Races total,0,Finals,,,,,,,,,,,,,,,,,,A Finals,6604,Re-use Day 4 - Team Comp 1 as Finals Team Comp,,,,,,,,,,https://drive.google.com/open?id=1Ur9NUYBwVDtGAaETm7Xh-LQGxp0eomRp,1st,,,,,,,,,,,I used to pray for times like these,https://drive.google.com/open?id=1ONkrJ8nEVskvYj9QjUehTceoCXFzKPZD,https://drive.google.com/open?id=1yUR3dLIwRdsT7KfHGVipq6ECgLB7XqqD,,2,,6,,,https://drive.google.com/open?id=1uEJwTernsCguJZksbLRqhiy36m4FelFU
coolboy98,Graded (No Uma Restrictions),Get into A finals,I accept these terms,Day 1,"Android - phone or tablet, Windows",$1-100,,21-30 (roughly 3-4 per day),YouTube - MooMooCows - https://www.youtube.com/@MooMooCows,5,,Oguri Cap,Pace Chaser,Ace built for this CM before CM start in Unity Cup scenario,UG (or higher),2,0,0,1,3,0,0,45,18,Taiki Shuttle,Pace Chaser,Ace built for this CM before CM start in Unity Cup scenario,UG (or higher),2,0,0,1,3,0,0,45,18,Air Groove,Pace Chaser,Ace built for this CM before CM start in Unity Cup scenario,SS+,2,0,0,1,3,0,0,45,14,4 Attempts - 20 Races total,14,Day 2,,,,,,,,,,,,,,,,,,,,Re-use Day 1 - Team Comp 1 as Day 2 - Team Comp 1,,,,,,,,,,,,,4 Attempts - 20 Races total,16,Day 3,,,,,,,,,,,,,,,,,,Re-use Day 2 - Team Comp 1 as Day 3 - Team Comp 1,A Group,,,,,,,,,,,,,4 Attempts - 20 Races total,12,Day 4,,,,,,,,,,,,,,,,,,Re-use Day 3 - Team Comp 1 as Day 4 - Team Comp 1,A Group,,,,,,,,,,,,,4 Attempts - 20 Races total,14,Finals,,,,,,,,,,,,,,,,,,A Finals,11965,Re-use Day 4 - Team Comp 1 as Finals Team Comp,,,,,,,,,,https://drive.google.com/open?id=1LXFs1_nd6mGB6MBS4XWwpVs7MPtkzyuj,1st,,,,,,,,,,,Imagine,https://drive.google.com/open?id=1z9VsvtCLJCdgvK7RxALUIkaivB-ZCzwo,,,,4,3,,7,https://drive.google.com/open?id=1H1ZzuXa_V_Gc6o7SYPda_Az-fF3OT3BI
Kunnoko,Graded (No Uma Restrictions),Win A finals with any uma,I accept these terms,Day 1,Android - phone or tablet,$0,1077,11-20 (roughly 2-3 per day),Discord - MooMooCord - https://discord.gg/Hc7cP9GB,5,,Air Groove (Wedding),Pace Chaser,Ace built for this CM before CM start in Unity Cup scenario,UG (or higher),1,,,1,4,,,,,Taiki Shuttle,Pace Chaser,Ace built for this CM before CM start in Unity Cup scenario,UG (or higher),1,,,1,4,,,,,Oguri Cap,Pace Chaser,Ace built for this CM before CM start in Unity Cup scenario,SS+,1,,,1,4,,,,,4 Attempts - 20 Races total,13,Day 2,,,,,,,,,,,,,,,,,,,,Re-use Day 1 - Team Comp 1 as Day 2 - Team Comp 1,,,,,,,,,,,,,4 Attempts - 20 Races total,17,Day 3,,,,,,,,,,,,,,,,,,Re-use Day 2 - Team Comp 1 as Day 3 - Team Comp 1,A Group,,,,,,,,,,,,,4 Attempts - 20 Races total,11,Day 4,,,,,,,,,,,,,,,,,,Re-use Day 3 - Team Comp 1 as Day 4 - Team Comp 1,A Group,,,,,,,,,,,,,4 Attempts - 20 Races total,11,Finals,,,,,,,,,,,,,,,,,,A Finals,7995,Re-use Day 4 - Team Comp 1 as Finals Team Comp,,,,,,,,,,https://drive.google.com/open?id=1jeqqXeEZUGyYinrnfA8s-MoYNRl45Jq2,1st,,,,,,,,,,,,,,,,,,,,
Bober,Graded (No Uma Restrictions),Get into A finals,I accept these terms,Day 1,"Android - phone or tablet, Windows",$1-100,1476,11-20 (roughly 2-3 per day),Discord - MooMooCord - https://discord.gg/Hc7cP9GB,,,Curren Chan,Pace Chaser,Ace built for this CM before CM start in Unity Cup scenario,SS+,2,,1,,3,,,,,Taiki Shuttle,Pace Chaser,Ace built for this CM before CM start in Trackblazer scenario,SS+,1,,,3,2,,,55,36,Fine Motion (Wedding),Pace Chaser,Ace built for this CM before CM start in Unity Cup scenario,SS,2,,1,,3,,,,,4 Attempts - 20 Races total,7,Day 2,,,,,,,,,,,,,,,,,,,,Re-use Day 1 - Team Comp 1 as Day 2 - Team Comp 1,,,,,,,,,,,,,4 Attempts - 20 Races total,15,Day 3,,,,,,,,,,,,,,,,,,Re-use Day 2 - Team Comp 1 as Day 3 - Team Comp 1,A Group,,,,,,,,,,,,,4 Attempts - 20 Races total,8,Day 4,,,,,,,,,,,,,,,,,,Re-use Day 3 - Team Comp 1 as Day 4 - Team Comp 1,A Group,,,,,,,,,,,,,4 Attempts - 20 Races total,5,Finals,,,,,,,,,,,,,,,,,,A Finals,7684,Re-use Day 4 - Team Comp 1 as Finals Team Comp,,,,,,,,,,https://drive.google.com/open?id=1f3l-_eMP5lBZCa_au2cPWdW6YEQ8LQeH,2nd,No (goes to Submit page),,,,,,,,,,,,,,,,,,,
DHOROT,Graded (No Uma Restrictions),Win A finals with any uma,I accept these terms,Day 1,"Android - phone or tablet, Windows",$1-100,1517,21-30 (roughly 3-4 per day),"Discord - MooMooCord - https://discord.gg/Hc7cP9GB, YouTube - MooMooCows - https://www.youtube.com/@MooMooCows",4,,Oguri Cap,Pace Chaser,Ace built for this CM before CM start in Unity Cup scenario,UG (or higher),2,0,1,0,2,0,1,,,Taiki Shuttle,Pace Chaser,Ace built for this CM before CM start in Unity Cup scenario,UG (or higher),2,0,0,0,3,0,1,,,Nishino Flower,Pace Chaser,Ace built for this CM before CM start in Unity Cup scenario,UG (or higher),2,0,0,0,3,0,1,,,4 Attempts - 20 Races total,10,Day 2,,,,,,,,,,,,,,,,,,,,Re-use Day 1 - Team Comp 1 as Day 2 - Team Comp 1,,,,,,,,,,,,,4 Attempts - 20 Races total,12,Day 3,,,,,,,,,,,,,,,,,,Re-use Day 2 - Team Comp 1 as Day 3 - Team Comp 1,A Group,,,,,,,,,,,,,4 Attempts - 20 Races total,10,Day 4,,,,,,,,,,,,,,,,,,Re-use Day 3 - Team Comp 1 as Day 4 - Team Comp 1,A Group,,,,,,,,,,,,,4 Attempts - 20 Races total,11,Finals,,,,,,,,,,,,,,,,,,A Finals,8956,Re-use Day 4 - Team Comp 1 as Finals Team Comp,,,,,,,,,,https://drive.google.com/open?id=1Qua4jIav8_2uFkoXuXkpS5s7PqCmhCjk,1st,,,,,,,,,,,2Kb Uma coming in clutch,https://drive.google.com/open?id=1siH4igmzuxG_GVBVr__fSh598Tgu1hGU,https://drive.google.com/open?id=1fgnV9jj1kUbSZHOX4TEn8nHFgXYddRrm,,2,4,7,,,https://drive.google.com/open?id=1DvTxrzTfj8BSssQn5LGcqKcO_76z_mvS
NeoUniMCSR,Graded (No Uma Restrictions),"Win A finals with ""oshi"" uma",I accept these terms,Finals,"iOS - phone or tablet, Android - phone or tablet, Linux",$101-500,1100,21-30 (roughly 3-4 per day),Discord - MooMooCord - https://discord.gg/Hc7cP9GB,5,,,,,,,,,,,,,,,,,,,,,,,,,,,,,,,,,,,,,,,,,,,,,,,,,,,,,,,,,,,,,,,,,,,,,,,,,,,,,,,,,,,,,,,,,,,,,,,,,,,,,,,,,,,,,,,,,,,,,,,,,,,,,,,,,,,,,,,,,,,,,,,,,,,,,,,,,,,,,,,,,,,,A Finals,8645,Re-use Day 4 - Team Comp 1 as Finals Team Comp,,,,,,,,,,https://drive.google.com/open?id=1ReoR281ATSWXheZ5EAy3xlpFWfjHUFWk,1st,,,,,,,,,,,She really does have a menacing aura,https://drive.google.com/open?id=19p6fCD00sdYIN7tT8tqw-zpzVMDcDMxY,https://drive.google.com/open?id=1d1awb-Crjvz2nxJWwgwnia5wOro2Eu0o,,,,16,,,https://drive.google.com/open?id=1wjoZ265WAWxptKN9_CXxX5hnPnXKjXT6
Aaran,Graded (No Uma Restrictions),Get into A finals,I accept these terms,Day 1,Windows,$0,719,6-10 (roughly 1 per day),"Discord - MooMooCord - https://discord.gg/Hc7cP9GB, Twitch - MooMooCows - https://www.twitch.tv/moomoomoocows, YouTube - MooMooCows - https://www.youtube.com/@MooMooCows",5,,Sakura Bakushin O,Pace Chaser,Ace built for this CM before CM start in Unity Cup scenario,UG (or higher),2,,1,,3,,,50,,Taiki Shuttle,Pace Chaser,Ace built for this CM before CM start in Unity Cup scenario,SS+,2,,1,,3,,,50,,King Halo,Late Surger,Ace built for this CM before CM start in Unity Cup scenario,SS,2,,1,,3,,,51,,4 Attempts - 20 Races total,16,Day 2,,,,,,,,,,,,,,,,,,,,Re-use Day 1 - Team Comp 1 as Day 2 - Team Comp 1,,,,,,,,,,,,,4 Attempts - 20 Races total,16,Day 3,,,,,,,,,,,,,,,,,,Re-use Day 2 - Team Comp 1 as Day 3 - Team Comp 1,A Group,,,,,,,,,,,,,4 Attempts - 20 Races total,13,Day 4,,,,,,,,,,,,,,,,,,Re-use Day 3 - Team Comp 1 as Day 4 - Team Comp 1,A Group,,,,,,,,,,,,,4 Attempts - 20 Races total,14,Finals,,,,,,,,,,,,,,,,,,A Finals,9573,Re-use Day 4 - Team Comp 1 as Finals Team Comp,,,,,,,,,,https://drive.google.com/open?id=1_glnt8NVYypC7ezllAJdKbQWixp9O1L-,1st,,,,,,,,,,,Even late starts are not impervious to a gun,https://drive.google.com/open?id=1y14UOVw4wjITNcaejg8yT8e08mfjwfEi,https://drive.google.com/open?id=1EUzEx6XpFUw7630XzTSOx4H5WENPM8sk,,3,,8,1,2,https://drive.google.com/open?id=1wrxQ2_2o43ulNz8da_3Ce2m_oBUJNfQR
Jeans,Graded (No Uma Restrictions),Get into A finals,I accept these terms,Finals,"Android - phone or tablet, Windows",$101-500,999,11-20 (roughly 2-3 per day),"Discord - MooMooCord - https://discord.gg/Hc7cP9GB, YouTube - MooMooCows - https://www.youtube.com/@MooMooCows",5,,Oguri Cap,Pace Chaser,Ace built for this CM before CM start in Unity Cup scenario,UG (or higher),2,0,2,1,3,0,0,,,Taiki Shuttle,Pace Chaser,Ace built for this CM before CM start in Unity Cup scenario,UG (or higher),2,0,0,1,3,0,0,,,Nishino Flower,Pace Chaser,Ace built for this CM before CM start in Unity Cup scenario,UG (or higher),2,0,0,1,3,0,0,,,4 Attempts - 20 Races total,16,Finals,,,,,,,,,,,,,,,,,,,,Re-use Day 1 - Team Comp 1 as Day 2 - Team Comp 1,,,,,,,,,,,,,4 Attempts - 20 Races total,15,Day 3,,,,,,,,,,,,,,,,,,Re-use Day 2 - Team Comp 1 as Day 3 - Team Comp 1,A Group,,,,,,,,,,,,,4 Attempts - 20 Races total,17,Day 4,,,,,,,,,,,,,,,,,,Re-use Day 3 - Team Comp 1 as Day 4 - Team Comp 1,A Group,,,,,,,,,,,,,4 Attempts - 20 Races total,11,Finals,,,,,,,,,,,,,,,,,,A Finals,11622,Re-use Day 4 - Team Comp 1 as Finals Team Comp,,,,,,,,,,https://drive.google.com/open?id=1D0PK1jOWdQcQECDN_cq5fV-QCXBMQW0T,1st,,,,,,,,,,,Oguri Cap,https://drive.google.com/open?id=14iCA9oUw1A_lTA8IwPOxBQ0C0POmsHwH,https://drive.google.com/open?id=1Ecg7CgSb68qZEnBcX26G3OxnDHdCYyUV,,0,0,13,0,2,https://drive.google.com/open?id=1IWMeXLZJAMfsDZapXZhhCPdR95VBgRRm
Hez,Graded (No Uma Restrictions),"Get the on release, Ms. Victoria",I accept these terms,Finals,"Android - phone or tablet, Windows",Rather not say,545,0-5 (less than 1 per day),Discord - MooMooCord - https://discord.gg/Hc7cP9GB,4,,,,,,,,,,,,,,,,,,,,,,,,,,,,,,,,,,,,,,,,,,,,,,,,,,,,,,,,,,,,,,,,,,,,,,,,,,,,,,,,,,,,,,,,,,,,,,,,,,,,,,,,,,,,,,,,,,,,,,,,,,,,,,,,,,,,,,,,,,,,,,,,,,,,,,,,,,,,,,,,,,,,A Finals,10612,Add new Team Comp as Finals Team Comp,Bamboo memory,Late Surger,Ace built for this CM before CM start in Unity Cup scenario,King Halo (Cheerleader),Late Surger,Ace built for this CM before CM start in Unity Cup scenario,Nishino Flower,Late Surger,Ace built for this CM before CM start in Unity Cup scenario,https://drive.google.com/open?id=1kSLGwUYhLXctD63IyzaENndxELBSQ98Z,1st,,,,,,,,,,,,,,,,,,,,https://drive.google.com/open?id=1ut9xoWtU0S13P3zvrivtJB53YleTP-CN
Sir Richard,Graded (No Uma Restrictions),Get into A finals,I accept these terms,Day 1,Windows,$1001-5000,1158,6-10 (roughly 1 per day),YouTube - MooMooCows - https://www.youtube.com/@MooMooCows,4,"With the addition of the option of mid cm aces starting day 2, I almost missclicked. Having more than 1 Comp still sucks and I can only hope I picked the right options, in particular, the form would offer to reuse a comp 2 from a previous day, even when the day prior only used 1 day. Since you give the option for 4 total comps and only support 2 anyway, just give each comp a designation and use that designation instead of ""Day 2 Comp 2"" and the likes",Silence Suzuka,Front Runner,Ace built for this CM before CM start in Unity Cup scenario,SS,2,,,1,3,,,40,15,Curren Chan,Pace Chaser,Ace built for this CM before CM start in Unity Cup scenario,SS,2,,,1,2,1,,35,17,Taiki Shuttle,Pace Chaser,Ace built for this CM before CM start in Unity Cup scenario,UG (or higher),2,,,1,2,1,,35,22,4 Attempts - 20 Races total,13,Day 3,,,,,,,,,,,,,,,,,,,,Re-use Day 1 - Team Comp 1 as Day 2 - Team Comp 1,,,,,,,,,,,,,1 Attempt - 5 Races total,1,Day 2 - Add 2nd Team,Add new Team Comp as Day 2 - Team Comp 2,Silence Suzuka,Front Runner,Ace built for this CM before CM start in Unity Cup scenario,SS,Taiki Shuttle,Pace Chaser,Ace built for this CM before CM start in Unity Cup scenario,UG (or higher),Sakura Bakushin O,Pace Chaser,Ace built for this CM before CM start in Unity Cup scenario,UG (or higher),3 Attempts - 15 Races total,5,2 teams,Day 1,Re-use Day 2 - Team Comp 1 as Day 3 - Team Comp 1,A Group,,,,,,,,,,,,,2 Attempts - 10 Races total,3,Day 3 - Add 2nd Team,Re-use Day 2 - Team Comp 2 as Day 3 - Team Comp 2,,,,,,,,,,,,,2 Attempts - 10 Races total,3,2 teams,Day 4,Re-use Day 3 - Team Comp 2 as Day 4 - Team Comp 1,A Group,,,,,,,,,,,,,4 Attempts - 20 Races total,8,Finals,,,,,,,,,,,,,,,,,,A Finals,7903,Re-use Day 4 - Team Comp 1 as Finals Team Comp,,,,,,,,,,https://drive.google.com/open?id=1Tl8uGren8HcFmAtwFne-ajo7t-QzKzmB,1st,,,,,,,,,,,,https://drive.google.com/open?id=1q9EmRLeAq-INFamA1w3PCXG6ZRz3o_gX,https://drive.google.com/open?id=1cSfIOsJnaIArWfXQ3RUcKZ_2TPu1L1fT,,5,,10,,,https://drive.google.com/open?id=1J_eb5bRATsxub2qP_MJ1eK3n6sY3uxq5
Gilbert,Graded (No Uma Restrictions),Get into A finals,I accept these terms,Day 4,iOS - phone or tablet,$0,1195,6-10 (roughly 1 per day),Discord - MooMooCord - https://discord.gg/Hc7cP9GB,5,,,,,,,,,,,,,,,,,,,,,,,,,,,,,,,,,,,,,,,,,,,,,,,,,,,,,,,,,,,,,,,,,,,,,,,,,,,,,,,,,,,,,,,,,,,,,,,,,,,,,,,,,,,,,,,,,,,,,,,,,,,,,,,,,,Re-use Day 3 - Team Comp 1 as Day 4 - Team Comp 1,A Group,,,,,,,,,,,,,4 Attempts - 20 Races total,11,Finals,,,,,,,,,,,,,,,,,,A Finals,6245,Re-use Day 4 - Team Comp 1 as Finals Team Comp,,,,,,,,,,https://drive.google.com/open?id=1TmVOukejcFGP67evm2NzE0ckZyzpYS0E,2nd,Yes,https://drive.google.com/open?id=1pTpmkZz8b52BxsY4SU1rriHPvSXDgCKm,https://drive.google.com/open?id=1LKi-8ne0xS137Q8S6Ihkt-EYSh4pZlPV,,6,,12,,,https://drive.google.com/open?id=1qCzyS7Mw1NN18SWj0OqxRziwuU8o5sDE,,,,,,,,,,
SeleneBean,Graded (No Uma Restrictions),Get into A finals,I accept these terms,Finals,iOS - phone or tablet,$0,,6-10 (roughly 1 per day),"Discord - MooMooCord - https://discord.gg/Hc7cP9GB, YouTube - MooMooCows - https://www.youtube.com/@MooMooCows",3,,,,,,,,,,,,,,,,,,,,,,,,,,,,,,,,,,,,,,,,,,,,,,,,,,,,,,,,,,,,,,,,,,,,,,,,,,,,,,,,,,,,,,,,,,,,,,,,,,,,,,,,,,,,,,,,,,,,,,,,,,,,,,,,,,,,,,,,,,,,,,,,,,,,,,,,,,,,,,,,,,,,A Finals,9419,Re-use Day 4 - Team Comp 1 as Finals Team Comp,,,,,,,,,,https://drive.google.com/open?id=1fVQhhWIsxs-VUEEDsjd1nLKj7gu-zryl,1st,,,,,,,,,,,,https://drive.google.com/open?id=1wTERdZ38E-DieyRBMZNqlv3_7Tw3Wy_G,https://drive.google.com/open?id=1VTEQXWrpF_VdCbv2vJT0fAcEFB8U1e4H,,,,,,,https://drive.google.com/open?id=1riCcgHA5kGGI_zKXleKPBqeVrfH1xheh
Defaultw,Graded (No Uma Restrictions),Get into A finals,I accept these terms,Day 1,iOS - phone or tablet,$501-1000,1231,21-30 (roughly 3-4 per day),Discord - MooMooCord - https://discord.gg/Hc7cP9GB,4,,Sakura Bakushin O,Pace Chaser,Ace built for this CM before CM start in Unity Cup scenario,SS,2,0,0,0,3,1,0,,,Curren Chan,Pace Chaser,Ace built for this CM before CM start in Unity Cup scenario,SS,2,0,0,0,3,1,0,,,Taiki Shuttle,Pace Chaser,Ace built for this CM before CM start in Unity Cup scenario,SS,4,0,0,0,2,0,0,,,4 Attempts - 20 Races total,14,Day 2,,,,,,,,,,,,,,,,,,,,Re-use Day 1 - Team Comp 1 as Day 2 - Team Comp 1,,,,,,,,,,,,,3 Attempts - 15 Races total,10,Day 3,,,,,,,,,,,,,,,,,,Re-use Day 2 - Team Comp 1 as Day 3 - Team Comp 1,A Group,,,,,,,,,,,,,4 Attempts - 20 Races total,9,Day 4,,,,,,,,,,,,,,,,,,Re-use Day 3 - Team Comp 1 as Day 4 - Team Comp 1,A Group,,,,,,,,,,,,,4 Attempts - 20 Races total,12,Finals,,,,,,,,,,,,,,,,,,A Finals,9699,Re-use Day 4 - Team Comp 1 as Finals Team Comp,,,,,,,,,,https://drive.google.com/open?id=1Q-WW7-xbWYV2EP5H6NXJI5UjJcotiHRE,1st,,,,,,,,,,,,https://drive.google.com/open?id=1TWjxS0WDW8mZWpfHohwBJNFddxPG_MjR,https://drive.google.com/open?id=1WtsEmUma49nfQFsV11z0yDl2QGlMGpHR,,2,2,8,,3,https://drive.google.com/open?id=1ihYerX10EXDDzELKoBaeug27ieI6hwI1
